block_time_utc,block_height,tx_id,feed,value_usd,signed_burn_block,reference_usd,deviation_at_publish_pct
2026-07-01T00:02:52Z,8444821,0x890e79676c4060e269d5349f58683b0589a335b8a73c938f7695862923890c48,STX (token 1),0.1608,956140,0.1606,0.103
2026-07-01T00:02:52Z,8444821,0xc452ed029da70f6e39fe0a9e6c928055c90ab73e2fdeffaffe1fd212d40fc09f,BTC (token 2),58549.862638,956140,58548.0361,0.0031
2026-07-01T00:02:52Z,8444821,0x5541bb331089c8cc591e54a6bf49746d754a19f41b5808aba9461bb91be5d7d4,BTC (token 2),58580.03,956140,58548.0361,0.0546
2026-07-01T00:02:52Z,8444821,0x4e63565fd28c04ba9bed02f63380a0868709d21f2cf2f10d9cc04616d077692e,stSTX (token 8),0.189466,956140,0.1892,0.1489
2026-07-01T00:31:53Z,8444943,0xf18bf845f77a8d63b10e44654fda0571143dc2ba2139340a474aeffdc3efe3a4,STX (token 1),0.1604,956146,0.161,-0.3936
2026-07-01T00:32:05Z,8444944,0x5f1bd8bc1dc84c3f32bea97efe9ad4dcc6102690c2133a720902cb69d0c6961a,STX (token 1),0.160548,956146,0.1608,-0.1779
2026-07-01T00:33:02Z,8444949,0x3ee2ebe229269d12a209decee7798911a56100209d049137cbaf9e466faec5f6,stSTX (token 8),0.189084,956146,0.1895,-0.2392
2026-07-01T00:41:41Z,8444978,0x438d5c2cebca2dd036d25d780b7869ad8ee48c40a1efcd375e5c16e5377a965a,BTC (token 2),58347.22,956149,58343.8735,0.0057
2026-07-01T02:20:37Z,8445453,0xf58f0aab6e00c712a4ada4ad15b61f08d480baec0a11f5100c91af0b558c84b2,STX (token 1),0.161407,956153,0.1615,-0.088
2026-07-01T02:21:10Z,8445456,0x20427b0707cb9e467c3f82b01c9dea32b48bbbe9395af416e4b79e07d09792a8,stSTX (token 8),0.19044,956153,0.1907,-0.1539
2026-08-08T11:04:53Z,8721568,0x36283ee3446fdeb50ee7d83242f6c70f406a197a8abeb1c3607675ff558bdb3c,STX (token 1),0.1329,961568,0.1327,0.1344
2026-08-08T11:05:06Z,8721569,0xaf1920237ae44e6dc6786b8171338def9a712838f08b8ddec3c81d641f506bfe,BTC (token 2),64970.81,961568,64965.1479,0.0087
2026-08-08T11:43:22Z,8721723,0x7bf022ac25d9e7a367160b09627a56c916883f8aa6a63ecc705137b3e9350885,STX (token 1),0.1325,961575,0.1326,-0.0918
2026-08-08T11:43:34Z,8721724,0x9bebc3efb4caf0c3bb09723efa35eff399b9e3d44a77ef5eec56be7df525790f,BTC (token 2),64929.07,961575,64930.6683,-0.0025
2026-08-08T12:40:57Z,8721986,0x3c25afb99974cc95cc1b409ef6e72ed62bb4c5f0073e3714535e8b0cb42ef468,STX (token 1),0.132616,961582,0.1327,-0.027
2026-08-08T12:40:57Z,8721986,0xffe9f58d59a74440fc8410cc2071678f56de026e0f0fb41fecc9c484919c950d,BTC (token 2),64957.550891,961582,64971.4555,-0.0214
2026-08-08T12:41:18Z,8721987,0xcbae18206447c4ce29065a89aae051add06894e18e1e96f35612b408576cd101,BTC (token 2),64979,961582,64972.9944,0.0092
2026-08-08T13:31:08Z,8722186,0x72ef6f5fd16058b8485ffe2e936497737d58d10a1e17eb884e8a42b6fe0670d2,STX (token 1),0.1332,961590,0.1332,-0.016
2026-08-08T13:31:33Z,8722187,0x45b64b8308aa503b739cd2b23ba14b41f9e1a8a33f2915ade8858368af3c6432,STX (token 1),0.132994,961590,0.1332,-0.1707
2026-08-08T13:31:33Z,8722187,0x149a2b5d3907720b39a4b38cddb7f554cbfe4557319d996db282c6e1330d0b7d,BTC (token 2),64977.694647,961590,64968.16,0.0147
2026-08-08T14:47:36Z,8722509,0xa2e03e26cc2de6c96a10db64ae61372e4a891f5a62aba3b1858fbe469a032ec2,stSTX (token 8),0.157429,961595,0.1574,0.0018
2026-08-08T15:01:54Z,8722577,0x77b0797544a4778190249fb4b7e6fd7a7870527244e6f44458ce4af417e35e93,STX (token 1),0.1329,961598,0.1328,0.065
2026-08-08T15:01:54Z,8722577,0x6727ba311f91b18c69fd84b87f5d2ce75332709b432087818d80b423973e1517,BTC (token 2),65098.47,961598,65097.5091,0.0015
2026-08-08T16:10:46Z,8722896,0x63caa5980fe60267968b065baa0f019bc3c941b8d4ca13df344b8693e470c191,stSTX (token 8),0.157597,961601,0.1577,-0.0484
2026-08-08T16:10:46Z,8722896,0x506d244f8b1f89939cb4a41b685a05544eb13e422a31ac4708c27f2f4092c380,stSTX (token 8),0.157784,961601,0.1577,0.0702
2026-08-08T16:50:40Z,8723053,0x59990d92f78cab415889b5a412219366bb09abc0f7579dbd79fa61e183011818,STX (token 1),0.1334,961604,0.1333,0.1026
2026-08-08T16:50:40Z,8723053,0x5f0b99189f871dd48c5b74c9a847862a84b7898d70cbeebbe0a8882e0b7fc6d8,BTC (token 2),65015.24,961604,65018.51,-0.005
2026-08-08T17:10:52Z,8723132,0x73a491e5dcaf416f3c598407080657788e7d1c8b4e4cf388ebb91833bd656d40,stSTX (token 8),0.15802,961608,0.1579,0.0822
2026-08-08T17:31:01Z,8723202,0xaff0509019cd149913e16005f8780c2b19dcf2fd94444cc95cf22edae5b3540a,STX (token 1),0.1339,961614,0.1339,0.0034
2026-08-08T17:31:01Z,8723202,0x0cd315d8b88aa57a423922fa9dc323e3099015b4d2fc832f85d6077bdf12358a,BTC (token 2),65060.46,961614,65057.2158,0.005
2026-08-08T17:31:01Z,8723202,0x3265f2ce9a3db8ab53ae17cf16daec5e11bcb7369064285dc4d1ed1e41632bfa,stSTX (token 8),0.158282,961614,0.1585,-0.1261
2026-08-08T18:30:37Z,8723439,0xb476a703cfea53c00ec766254bc7344287a61c96d428a65bbaa285be023741b3,STX (token 1),0.133143,961620,0.133,0.0718
2026-08-08T18:30:37Z,8723439,0xd71889176f5299d147b05208cc60e10e19cca729a2c21ca713a05e68ada40b5e,BTC (token 2),65001.022246,961620,64988.1206,0.0199
2026-08-08T18:30:37Z,8723439,0x1aec92b11d640c2fb4ef13a1b288b7cc277c464e60f1710746c006d5bb1fe700,stSTX (token 8),0.157598,961620,0.1575,0.0756
2026-08-08T19:20:31Z,8723648,0x94753fb3868c49e23bdc3772c819d59f6a166b737ae83cdd0a085e219a7b5d77,STX (token 1),0.133063,961627,0.133,0.0758
2026-08-08T19:20:31Z,8723648,0x23d3d0ac8cbb5b215d654281626c23dbe7a2fc112d44e4a13325c6cc86e7fb70,BTC (token 2),64975.940291,961627,64977.2167,-0.002
2026-08-08T19:20:43Z,8723649,0x291e5cece426fa48419a8c94c9c97216dd3b042dbd7520ed9622b39772a161af,stSTX (token 8),0.157503,961627,0.1574,0.079
2026-08-08T20:40:55Z,8724007,0x6adf3794acc5f1173c378ce0706c107f741c54f4e75e7c6408522426d07280af,STX (token 1),0.132841,961633,0.1328,0.0643
2026-08-08T20:40:55Z,8724007,0x3b15344feb4f68c76dbe7a15728af4369743c07ad039c4a1cdd07cd22c422f31,BTC (token 2),65022.274377,961633,65016.7053,0.0086
2026-08-08T20:40:55Z,8724007,0x9d6213564b649c93009f81efefefdccafc6d25fe9b8a482e35f372c430687498,stSTX (token 8),0.15731,961633,0.1571,0.1112
2026-08-08T20:40:55Z,8724007,0xa4429216aece3201a6777a291d92cc2e5dec1dccd398ac2d1db1ac4748d01a29,stSTX (token 8),0.157356,961633,0.1571,0.1404
2026-08-08T22:20:41Z,8724397,0x03ccb268ca1dc7e8d008bfb9aa6ec4592a770e7ce49fd04f407e250f6e6b5558,STX (token 1),0.132659,961641,0.1326,0.0521
2026-08-08T22:20:41Z,8724397,0x6f541963fd5ba22bf5ad823899b01520e197ae37f32fdfa4c8a8fb7d9f1d6523,BTC (token 2),64946.946764,961641,64943.9318,0.0046
2026-08-08T22:20:53Z,8724398,0x5256ec11cdb58a0e8ce782b9c6cbc424b386144db7fbab87c473618aaae43833,stSTX (token 8),0.157025,961641,0.1569,0.0539
2026-08-08T23:10:30Z,8724601,0xe997d7bce3020e328513b6adc9297cca74bfea8b4c669132dc1be15b57ef6a92,STX (token 1),0.132533,961647,0.1324,0.105
2026-08-08T23:10:42Z,8724602,0x69c8e4a726d074952b67746e6d47fc51e1241291f0cdb79396677fe25832f70d,BTC (token 2),64890.867757,961647,64887.1487,0.0057
2026-08-08T23:10:42Z,8724602,0x2eab070de62d59d1d67ad0ea50293bc79950d956bd4e922783ce96a2b31ccf58,stSTX (token 8),0.156876,961647,0.1567,0.1064
2026-08-09T00:50:26Z,8725033,0xaa24d75e1d5553a886730e53b76b0e6314a9c27f3f14a8da5c7b113eacebfbbe,STX (token 1),0.132708,961653,,
2026-08-09T00:50:26Z,8725033,0xab2302cd1d58813ea8d45a888cfcb45b00ab363899b3cba6ade1e22dcfaaa9c5,BTC (token 2),64923.520608,961653,64909.76,0.0212
2026-08-09T00:50:40Z,8725034,0xd98383d7db22043cc3077384ed639cb996cc659778265d0d55363b6fa43efe5f,stSTX (token 8),0.157083,961653,,
2026-08-09T01:50:27Z,8725257,0xbbe937a3307c37cf73d134c02863b9e66459f19956dd45667445c069dc3b78ed,STX (token 1),0.132,961659,0.1318,0.1589
2026-08-09T01:50:42Z,8725258,0x865cc4d95ecae735620afe637eda2540d0e1fa52a690c3ff4ab3e9e866d38a4d,BTC (token 2),64831.797719,961659,64804.4676,0.0422
2026-08-09T01:50:42Z,8725258,0xa32f9931000ad2560f33cbbcf9a7849a4e72eac7bd33619a3520ab7d13b6995a,BTC (token 2),64832.37,961659,64804.4676,0.0431
2026-08-09T01:50:55Z,8725259,0x20892f6bb22e49b6f2163ef93854e785c0f95e1d5419155f38d0262edcd44f10,stSTX (token 8),0.156219,961659,0.156,0.1422
2026-08-09T03:01:31Z,8725568,0xccf7165289b751b1fbc4b9ae353114acbe937aa89d50288de9f973fe60cc8181,STX (token 1),0.132491,961665,0.1323,0.1539
2026-08-09T03:01:54Z,8725569,0x367d3ab07552a92ffef8ca1f1469288cd65f464a78d6ac043ab91661c1b808e9,BTC (token 2),64767.013399,961665,64758.19,0.0136
2026-08-09T03:10:43Z,8725599,0xd7bd3fc3c64e294f2f37594b29378fa4bfb2e884f204fb264d09ab9efed3cd4f,stSTX (token 8),0.15659,961667,0.1561,0.3433
2026-08-09T03:40:47Z,8725696,0x7969318d97d9f10545feb6efede697dc545571c3946d8f0198de9fb28fdb92e1,STX (token 1),0.131999,961673,,
2026-08-09T03:41:01Z,8725697,0xd93f1d9e1f4f71de354fd4a11904b467fcd0a1c6cdcdab6158366e00ded82225,BTC (token 2),64722.542016,961673,64743.66,-0.0326
2026-08-09T03:41:01Z,8725697,0x6f445f167c4c6a8bfa45637a5d126ff4f861aa4cd649540fa415f78d852a2fe1,stSTX (token 8),0.156253,961673,,
2026-08-09T04:31:02Z,8725884,0xb7643b2991dfe1d6a46ce611342c82d328b6467ca2ed21a77360d1caa3afae90,STX (token 1),0.132174,961679,0.1323,-0.0898
2026-08-09T04:31:02Z,8725884,0xd0c450339f694fd998894869b0610eabc8b4cc585d670d1871f62ad9ae13221a,BTC (token 2),64767.630854,961679,64766.62,0.0016
2026-08-09T04:31:19Z,8725885,0x8e3a5209fdf9b91a8c594aec3bf3c9310558510a14f9504ad31063accf1146f2,stSTX (token 8),0.156461,961679,0.1566,-0.0848
2026-08-09T05:30:31Z,8726142,0xf0151b36a4fee52cdc24dd9e04888c0691e648e6605b88fcd33212373458dc7d,STX (token 1),0.132009,961686,0.1319,0.0849
2026-08-09T05:30:31Z,8726142,0x34b40c3d1eb2cae867b6cbd68671859c94ed0e1e23510653fdedb8285cf00e49,BTC (token 2),64733.645833,961686,64734.8674,-0.0019
2026-08-09T05:30:31Z,8726142,0x72d8c1367b9fb62fc23b48322ef802184f9faf71dc6b7f68072fe55bf9d22dea,stSTX (token 8),0.156266,961686,0.1561,0.0896
2026-08-09T06:50:38Z,8726447,0x9eea7d953cdf6e167e8224d1b4b0685b3554da1ae9e90611ba5858a7560b1791,STX (token 1),0.132389,961692,0.1325,-0.0802
2026-08-09T06:51:07Z,8726448,0x538157269ffc8c3481ede3c9a5331bee5fd7c8e7e325461d6cdfcfcf758c3259,BTC (token 2),64801.64,961692,64802.91,-0.002
2026-08-09T06:51:07Z,8726448,0xa2142b8ef0d199174268f2f9ebbcbe4944184e214b09febf042655789913c820,stSTX (token 8),0.156715,961692,0.1568,-0.0767
2026-08-09T07:20:26Z,8726540,0xc41476d81fba303a83e2bdf0e36d5241c29a74627dbc1de4992bba6c87d6025b,STX (token 1),0.131388,961699,0.1313,0.101
2026-08-09T07:20:26Z,8726540,0x480d39eba2f7d48467b5f8b75e1d6f55533ec44a3442ae7334a7ab31890702b6,BTC (token 2),64803.709828,961699,64803.2281,0.0007
2026-08-09T07:20:41Z,8726541,0xa494a406dd813fac5d5b78a0d04e52e8bd3a1be85a27e1d05c5ed701138c8b60,stSTX (token 8),0.15553,961699,0.1554,0.1041
2026-08-09T07:50:35Z,8726664,0xd4f000fdc81d003b4c5d7d31c1e559e5dfc43317857e6c97c090648482c64c7e,STX (token 1),0.1313,961705,0.1313,0.034
2026-08-09T07:50:35Z,8726664,0x49a26f6bf0f1eab02c0497a5adbda8491759040a3930ce1bc6ee4fa1394ea1b1,BTC (token 2),64776.126702,961705,64783.3324,-0.0111
2026-08-09T07:50:49Z,8726665,0xab01dc9e22b8e7dda7ec665a9fbc077c563b2722b80855b3300f8db9743754ab,stSTX (token 8),0.155426,961705,0.1554,0.037
2026-08-09T09:01:38Z,8726952,0x25c5fad31b95bf21bb8e0475a5f9eb1139816be492b7ce68fb86da3b6a10e136,STX (token 1),0.131219,961713,0.1312,0.0273
2026-08-09T09:01:38Z,8726952,0xac3c251b64ff9f3204665269f81663861f664cbe85f5b69e529ee723fd3cba89,BTC (token 2),64770.888575,961713,64766.4665,0.0068
2026-08-09T09:01:48Z,8726953,0x899ab6d2e3ab1822313c289d63bc0665611e3d4627b55fbbedfa8ec66ea652e1,stSTX (token 8),0.15533,961713,0.1553,0.0296
2026-08-09T10:20:24Z,8727309,0x72324b4b770e1cf02ef1546a46009afd6b0e20b3401f9f01b806f3e101242068,STX (token 1),0.131445,961721,0.1315,-0.0358
2026-08-09T10:20:39Z,8727310,0xd10acb3832e926a71ce2c1909038ec5b6c05cbd80e2c88edc56041404e108c4c,BTC (token 2),64901.284768,961721,64915.42,-0.0218
2026-08-09T10:20:39Z,8727310,0x56310502c2a46df47b6ba5d42130b10ee49d24d37857e42f7fd0c63620e30ea8,stSTX (token 8),0.155598,961721,0.1557,-0.0339
2026-08-09T12:10:35Z,8727791,0xd3ecf75566e7b98062786ad80b3b771b23e242c2613076d491d4a38f584c145d,STX (token 1),0.1312,961727,0.1314,-0.1463
2026-08-09T12:10:45Z,8727792,0xaf570abfdfdd9227fd142f5586f1a278cded023e0a71e65cd04c04e6ae57e54f,BTC (token 2),64885.84,961727,64879.0555,0.0105
2026-08-09T12:10:45Z,8727792,0x6ac8843d3182e2a51d7692dd80de3f8e6d6c185d7f369c4a6ec543cacb0b6529,stSTX (token 8),0.15526,961727,0.1555,-0.1761
2026-08-09T13:40:40Z,8728163,0xfe7802526686e36ec50460ce397693ab7a4d5418c5c4eb712105b72dae899d60,STX (token 1),0.131444,961733,0.1315,-0.0416
2026-08-09T13:40:40Z,8728163,0xaa5c1843c8c1ffdce91aad742abde6fd5982150c2e9137afab0e14016ee3ba53,BTC (token 2),65078.912564,961733,65206.0526,-0.195
2026-08-09T13:40:58Z,8728164,0x49f26812f77e4b35e8eccf187ed2f2c658eb83a154237c935cf3d3d0718d6ef9,stSTX (token 8),0.155597,961733,0.1557,-0.0413
2026-08-09T14:40:50Z,8728390,0xe86cbc88e462b62f177b6f343a7763e878840852be2bc0a4649afefa5bfcd6da,STX (token 1),0.131645,961740,0.1317,-0.0366
2026-08-09T14:40:50Z,8728390,0xe75f0b42751268ae1770efe66537ddcb5f927d3850f4969c4e45f73920200a0b,STX (token 1),0.1317,961740,0.1317,0.0051
2026-08-09T14:41:03Z,8728391,0x7a496c35d1f9efa1a4706bcbb12248c1dab9fb66ca03673eca057253393e528f,BTC (token 2),65133.426497,961740,65101.3252,0.0493
2026-08-09T14:41:03Z,8728391,0x4450e596c66bb375d885d60f8e9c04e1396126aa8706caf07e6ccc23f28c9935,stSTX (token 8),0.155909,961740,0.1558,0.0866
2026-08-09T16:10:46Z,8728741,0x365d2126beac29d31510d3aa3e8fd10cbe31efb9cd6f9237075254d80fd01bd0,STX (token 1),0.132375,961748,0.1324,0.0164
2026-08-09T16:10:46Z,8728741,0xe054a025b24ce7c2c89be55172f40e423bc8fd3ab734ba3c92f3dea032250eb6,STX (token 1),0.1324,961748,0.1324,0.0353
2026-08-09T16:11:00Z,8728742,0xff0107a9f16e14fe9a17753bf11eebeb9869f855cb14bfce77927c92b81b0c3b,BTC (token 2),65209.66,961748,65211.0611,-0.0021
2026-08-09T16:11:00Z,8728742,0x32c953aaaadaa09689ddf4bfe1311543007cd6ddc7ecd897b3a86fcfe8ac40f3,stSTX (token 8),0.156738,961748,0.1566,0.078
2026-08-09T16:12:11Z,8728747,0xab103e7cd18e048446b726cf2aa11dcb509787b5dc2b1d8140d90bef5baa8851,stSTX (token 8),0.156708,961748,0.1565,0.1345
2026-08-09T17:10:38Z,8728984,0x97d8ded721e70346c316b940dd69a477482882619a7c7c1211b3b82cab2a0725,STX (token 1),0.132361,961754,,
2026-08-09T17:10:38Z,8728984,0x5e05251e97d8e7aaa294a419562df3f98878103dbcf8012f08702cf5c08bfca7,BTC (token 2),65174.695509,961754,65177.649,-0.0045
2026-08-09T17:10:38Z,8728984,0x5f007b7b22b89bba3be55d125e314ce7f39fd1165a3a6e5950ca604d8e10a2b0,stSTX (token 8),0.156692,961754,,
2026-08-09T17:10:51Z,8728985,0x9228908cfce54e5160842a73c1560146a41d78e8212a6c0b04f25c724debcf27,BTC (token 2),65170.86,961754,65177.649,-0.0104
2026-08-09T18:50:48Z,8729408,0xa75c133646fd82fb4b354a99ff523fa149687cadec88b53634fa8194abd905eb,STX (token 1),0.1324,961762,0.1324,0.0095
2026-08-09T18:50:48Z,8729408,0x12fc41a9fb25fd06a46e6b0a95e015132d73e10273874e1e480ad0e0a38053b6,BTC (token 2),65160.01,961762,65154.5715,0.0083
2026-08-09T18:51:05Z,8729409,0x11eed4e6fafdfee29d67510487404d74ee2c7e2240ff64c41c0991ad0d80823a,stSTX (token 8),0.156738,961762,0.1567,0.0509
2026-08-09T20:01:24Z,8729701,0x7e99d1f1291bc7058c360874d36f8223b0db7c38e51c6f7cd8a2310c66a2941c,STX (token 1),0.1324,961768,0.1323,0.069
2026-08-09T20:01:24Z,8729701,0xdfe366a8ae5d5cf32a39485b63ae1d9a26dc13559ee743abd49f5f95259882f4,BTC (token 2),65141.629056,961768,65135.6654,0.0092
2026-08-09T20:01:24Z,8729701,0xc0f543e00ed5f585778034e2965b3858ecfad98df9dfe2c02bedd1e5bd9be55a,stSTX (token 8),0.156737,961768,0.1566,0.0714
2026-08-09T21:10:49Z,8729977,0x45fbe6097504bb9a4ad655dcaac41134669c51863f48e73253f29e297f38f1f6,STX (token 1),0.132057,961774,0.1319,0.1123
2026-08-09T21:10:49Z,8729977,0xaf41bcd3bf85e97012290d26dec87d1e9a107acab11ea2254399190936a0d435,BTC (token 2),65094.75,961774,65092.9948,0.0027
2026-08-09T21:10:49Z,8729977,0x56c2db75d9b032b3b791fabdb220ae7d042ee302017f5ec013ef8cec940b841c,BTC (token 2),65084.098415,961774,65092.9948,-0.0137
2026-08-09T21:20:57Z,8730023,0x3c5d1be8455a5cb3da2e6d6c1f60fa6d4539692f3fc0ec449fc6490ce5b5ed49,stSTX (token 8),0.156383,961775,0.1565,-0.0798
2026-08-09T21:20:57Z,8730023,0x0956c9b9e0ee32269848ca140c380e241c0ff627b8c895f476d6be3f4dbc524f,stSTX (token 8),0.156434,961775,0.1565,-0.0473
2026-08-09T22:01:36Z,8730192,0x63d9723b8baa7d04026089b872b23d8f01385eb075ef58e74ff78fd5c1fc9222,STX (token 1),0.132347,961780,0.1322,0.1066
2026-08-09T22:02:08Z,8730193,0xff6d926fc1dada2a43f8bc875a7e25781d2d392b61fac92db3bdc8490f1d7f16,BTC (token 2),65151.937485,961780,65206.4705,-0.0836
2026-08-09T22:21:16Z,8730253,0x6e69acd1da566e9b374b8c671412540476df6cecddf5c03f009c96dc436e3829,stSTX (token 8),0.15733,961781,0.1575,-0.115
2026-08-09T22:50:52Z,8730339,0x39259f9ae9111b6e9663475c784ff407738c9a8b0e292e70d0af308dcc28dc37,STX (token 1),0.131951,961786,0.1316,0.2618
2026-08-09T22:51:15Z,8730340,0xfba3cdf8d31e152a9510047bdc28adedddef450a9aa09bb41866781e9c63c7df,BTC (token 2),64971.877168,961786,64931.94,0.0615
2026-08-09T23:01:12Z,8730373,0x19fcdf9912e1c4de5d1c833f69993e8ec290cf70ad63abc4264160361c07044b,stSTX (token 8),0.155682,961787,0.1556,0.0775
2026-08-09T23:20:53Z,8730451,0x52efa19bbc665b94b5c3d7e27523e202ef7fdd1a26838e9fc9ec122fef25c743,STX (token 1),0.131275,961792,0.1311,0.1273
2026-08-09T23:20:53Z,8730451,0xa5b960ef294ed76f4aeecbf5db53c24c341b39c2876d70d7ee79ef375edfecc5,BTC (token 2),64944,961792,64940.5498,0.0053
2026-08-09T23:20:53Z,8730451,0x64bcbacd9b470c54fe0bd034d65b089a4b5bcd15e3a845fee4c386992595a993,BTC (token 2),64993.348937,961792,64940.5498,0.0813
2026-08-10T00:02:32Z,8730616,0x11e56d9b4d178cc3190915a8b53ce99107034e8cd9250421cdd7a9f5319345ac,stSTX (token 8),0.153541,961795,0.1537,-0.0876
2026-08-10T00:20:55Z,8730672,0xd8e43686c30749137b76d99a90838be97d7405046a6a364647987524459b37f5,STX (token 1),0.1306,961801,0.1305,0.066
2026-08-10T00:20:55Z,8730672,0xf35cadb16012a77db2028e1f5e8de5a6044de28bf424986e9b0f511e417e03b3,STX (token 1),0.130761,961801,0.1305,0.1894
2026-08-10T00:20:55Z,8730672,0xfe272683ec632c20161302ef76d85018acbe0c9f28c375f6ce7bc506620bacc7,BTC (token 2),65022.44,961801,65023.43,-0.0015
2026-08-10T00:30:52Z,8730709,0xb7643d25a921a6fa368ca2d7981361c8a239ee1755bb9b4cb840a0399f890697,stSTX (token 8),0.154376,961802,0.154,0.2241
2026-08-10T01:10:48Z,8730838,0x0ae7bfbda7ba55f1c87d232a67533e45a62e097c1c9e0cf9aea203597522d9f7,STX (token 1),0.130655,961808,0.1306,0.0466
2026-08-10T01:10:48Z,8730838,0xa8471b3b6260817885d8983ad697ec05f713c3a563bc00a0cbc032258005b14d,BTC (token 2),64950.49571,961808,64972.9293,-0.0345
2026-08-10T01:11:02Z,8730839,0xf525b2008b624ce11e6c937f59b775c7b3acb98f3b65544ef9c9d0858246ba87,stSTX (token 8),0.154681,961808,0.1547,-0.0239
2026-08-10T02:01:51Z,8731013,0x8cf382b74d63b4a34c93824af027b4d4d363603f46a039b4823e2be8e02d6488,STX (token 1),0.1318,961814,0.1316,0.1621
2026-08-10T02:02:29Z,8731014,0xc87b4c97d3d3f2763615c4bd2a390becb68bf3351b9c0b677ad290585301d1ce,BTC (token 2),65139.858136,961814,65078.4843,0.0943
2026-08-10T02:02:29Z,8731014,0xbf696c14cad875cccc8959a6a79915bf538eaad8f656f6e56a7275aeb8ad769b,stSTX (token 8),0.155627,961814,0.1558,-0.0953
2026-08-10T03:10:34Z,8731241,0x135b5ec3bb0f1524db2ebe1f837c3f221764a03346c0b8480c5fe3611c2e385d,STX (token 1),0.131678,961821,0.1319,-0.1919
2026-08-10T03:11:03Z,8731242,0xa8b22f2ebe09053fc8c578147ae9fe9838c45bcc2be3e3fc60ee554a825e9550,BTC (token 2),64994.639068,961821,64965.2786,0.0452
2026-08-10T03:11:33Z,8731243,0x72623348e71ac125226d955553e85393749820f0e1ada306a97e467c1d998bf9,stSTX (token 8),0.155894,961821,0.156,-0.0722
2026-08-10T03:40:39Z,8731331,0x58d9b59b6c47d15c0475bb2fa0d6fec64849cf05bc3ee35736e1fd292a20dfdc,STX (token 1),0.132024,961830,0.1319,0.0704
2026-08-10T03:40:39Z,8731331,0x145af5c411b3b1411bb91a2af7e450a418adb09f843f63c1cceb4f160f50ae6a,BTC (token 2),65036.442644,961830,65018.3308,0.0279
2026-08-10T03:40:51Z,8731332,0x8a1448be376f6d7d342ce3a0e271e2a2b899c161a75abd2a86dcc8ea48fbea7c,stSTX (token 8),0.156303,961830,0.1562,0.0759
2026-08-10T05:20:39Z,8731723,0x27fb3eedc321927a696522119c4c51feaba81425fc6d23f5d5b13460a9b892c4,STX (token 1),0.1318,961838,0.1319,-0.0626
2026-08-10T05:20:54Z,8731724,0x4e92f8cccb76a2a6ecab3aabf20d1291750430b7fa9956a3e60d95f95169f9e7,BTC (token 2),64971.478344,961838,64956.6371,0.0228
2026-08-10T05:20:54Z,8731724,0x7cb36a8a7ccb4d79d290b3eb10d6736d5427c54a8ac9a82dbeefa7fbbfb831ff,stSTX (token 8),0.156048,961838,0.1561,-0.0514
2026-08-10T07:01:54Z,8732027,0x1a304f3c247dc57c65b2e5d7f4d2661127dd86b6e4ad5b88573ef42160b32dc6,STX (token 1),0.132731,961845,0.1327,-0.0046
2026-08-10T07:01:54Z,8732027,0x353392b1a3a7312bd814298167bffad2c0bf87e68399cb08a1698d853fdeaa54,STX (token 1),0.1327,961845,0.1327,-0.0279
2026-08-10T07:01:54Z,8732027,0xbcefe55204f7f655e516c405f76b6a74ad414407d01feef91dd76dae2f9fd30b,BTC (token 2),65239.867841,961845,65232.2254,0.0117
2026-08-10T07:02:06Z,8732028,0xa90925276d0857a3810d53528f0f40df74eae5f297b48f76d21c5ccfbb2427a4,stSTX (token 8),0.157103,961845,0.1571,-0.0244
2026-08-10T09:01:45Z,8732542,0xb8deec0de6d8a36948a76829a145630278dcd7eb67656de98f8a9867d9868700,STX (token 1),0.1329,961854,0.1329,0.0098
2026-08-10T09:01:59Z,8732543,0xa575f64abac76e27a568c24950b0c04943f9e002a282eec765e5c4166a9b08c4,BTC (token 2),65200.413434,961855,65156.5698,0.0673
2026-08-10T09:01:59Z,8732543,0x44e2e6c23e435f79ce68f1525f72c46b03afdc0a1a25223cc682981d72c32eb7,BTC (token 2),65164.47,961854,65156.5698,0.0121
2026-08-10T09:01:59Z,8732543,0x6daca6b2bed7f3e91682fe113eb20f589bffc86d31783ace60b1b1dac12ffae6,stSTX (token 8),0.15734,961854,0.1573,0.0125
2026-08-10T10:01:49Z,8732746,0x1376ea2ccd82ebad1bf60e054e8948b48613c0454f5d4417f6768dcf39dc1dd6,STX (token 1),0.1317,961863,0.1318,-0.0587
2026-08-10T10:01:49Z,8732746,0x0ab7f2618b9a71257b6c166aa64ae15c0a1a8803f7b6e89285f41d77942aaf0d,BTC (token 2),64930.89,961863,64947.5526,-0.0257
2026-08-10T10:02:01Z,8732747,0x94483ca33b8eab53574f7fb6c371711c12c44d6b25166a657a8f9061863848c7,BTC (token 2),64918.592471,961863,64962.91,-0.0682
2026-08-10T10:02:01Z,8732747,0x17d137c3e0cc6b8343bde0e1cea171a607f1778f45abfcce661458c80c0abcbd,stSTX (token 8),0.15607,961863,0.156,0.04
2026-08-10T11:40:40Z,8733080,0xa281568917fa424f13653b877d73c9048b0b4c155711a6db57a88acb073b28fa,STX (token 1),0.132469,961870,,
2026-08-10T11:40:57Z,8733081,0x855dd758a84d012006a45f5a1cd123368319a551617a5a96e4adc4a818327cc7,BTC (token 2),65025.22,961870,65023.56,0.0026
2026-08-10T11:40:57Z,8733081,0xf44be038e1e0094f14849f278561a3052dd3e9fc1be5826d5cb3df734b54f121,stSTX (token 8),0.156829,961870,,
2026-08-10T13:20:40Z,8733429,0x52bc3e2001af210a6847cdc5ecf2c1ccd9027eda8ae05552d5e0b5cec9965467,STX (token 1),0.1319,961877,0.1318,0.0991
2026-08-10T13:20:56Z,8733430,0x929e6a566627a8d53b4887251e03e7ec599bd51323f15c16b9079d3fc811f7af,BTC (token 2),64866.546881,961877,64853.7412,0.0197
2026-08-10T13:20:56Z,8733430,0xfd60b1671ab853af1ac9701db834f929c28f7eb8b8cba909f851a5be32d34bc9,BTC (token 2),64867.14,961877,64853.7412,0.0207
2026-08-10T13:20:56Z,8733430,0x3233132b4c63091b1a7658084dda3328d7afaa3203f7ab8567ca7df853daad18,stSTX (token 8),0.156332,961877,0.156,0.2123
2026-08-10T14:20:56Z,8733640,0x3f30fde215910f0f1612979440b2e537553f050697822cd0a2d777f6682e8453,STX (token 1),0.1322,961883,0.1322,0.0164
2026-08-10T14:20:56Z,8733640,0x470ae8e04d3da25e7a0693a7b4f66007e5c577f47ad92a44e7cd6233fd3c9e53,BTC (token 2),64667.605074,961883,64710.4116,-0.0662
2026-08-10T14:20:56Z,8733640,0xa9fc0b576c33c41d2470b221164e5a7a1e667acfbd7df1214c517dbe6b8ab723,stSTX (token 8),0.15652,961883,0.1565,0.0219
2026-08-10T15:20:37Z,8733848,0x4c4f2154aec9d44b3932750b92a9fa0b7b038f3e5274995e30d82a7e651e7980,STX (token 1),0.1312,961889,0.1311,0.0951
2026-08-10T15:20:50Z,8733849,0xc9fffbe2c78c2a128ceee675b7024d9ef7a072ffc452c2b38ad4377614c637b5,BTC (token 2),64494.19337,961889,64455.94,0.0593
2026-08-10T15:20:50Z,8733849,0x0b55bbd6e4263e395d8a70f70464248562812eed1095a4055ec54dff480aa84d,stSTX (token 8),0.155225,961889,0.1552,0.0285
2026-08-10T16:30:47Z,8734106,0x6549720a965ea5352b1750142802112682e242711589a755353eff0d0a8175c7,STX (token 1),0.130668,961896,0.1305,0.1592
2026-08-10T16:30:47Z,8734106,0xfca3372a6caa829c401e02ab3fa92b0977aad0abc8fd0b91b72e5e984e3b29d6,BTC (token 2),64057.903173,961896,64049.65,0.0129
2026-08-10T16:31:03Z,8734107,0xf2818a5f381efd31fe6512ab2ac038e1e172ed6bf4f64f5d23659952c47ab305,stSTX (token 8),0.154707,961896,0.1546,0.0875
2026-08-10T17:40:47Z,8734327,0x55e37d4bd921d38b02209e127c398114e3a1d220ba2b6d87f03e6a70f8bad22a,STX (token 1),0.131502,961903,0.1316,-0.0803
2026-08-10T17:40:47Z,8734327,0x88e932e10b8d02489385c254ef1a630ccbf3f2a96ec16f3830eaad7d515289ab,BTC (token 2),63897.617368,961903,63930.88,-0.052
2026-08-10T17:40:47Z,8734327,0xd51a048e0450691b9999ae99a53b9ec4e98320b7987c1a3dd95aa0ad8a5a9c04,stSTX (token 8),0.155694,961903,0.1558,-0.0763
2026-08-10T19:20:31Z,8734670,0xe7e8962da4e15f99a81d77ba34ed4f2362e60dc1419eaec5af87987c75c81805,STX (token 1),0.131496,961909,0.1316,-0.0419
2026-08-10T19:20:55Z,8734671,0x3b6ae1f1e744d49cd7165ee16fad4220cf1729fc241f5fd99dd326a02a8928af,BTC (token 2),63866.855612,961909,63883.77,-0.0265
2026-08-10T19:20:55Z,8734671,0xa1048c09fc77163a8cc1168c5e33d711325f8570ba7a276758efc9356dfbd5e4,stSTX (token 8),0.155687,961909,0.1557,-0.0387
2026-08-10T20:20:47Z,8734910,0x1d93891fc6fa3fe953b00ed5082e61f3d03a1c7b4cdea7a5df465fc07db3396e,STX (token 1),0.1316,961916,0.1317,-0.0508
2026-08-10T20:21:01Z,8734911,0x96022a2b4e3912633739bef938ae4dcc35288a342504296c4934eb42780f3148,BTC (token 2),64028.888804,961916,64018.04,0.0169
2026-08-10T20:21:01Z,8734911,0x2c88beeea640bd4c88c4eaf4fd83df26948de2e64c080d6a7e3ea6b3cbfe1494,stSTX (token 8),0.15587,961916,0.1559,-0.0097
2026-08-10T21:30:33Z,8735173,0x8a176b7a4004b1598e2947dc0155c97190a02c3f13cc4e3d3ba4d31b0b66bdec,STX (token 1),0.1307,961922,0.1307,-0.0167
2026-08-10T21:30:33Z,8735173,0x531b76e416a09006ac9c75940d607a29d56c976abeef30b174242305459685f1,BTC (token 2),64055.99,961922,64056.4631,-0.0007
2026-08-10T21:31:01Z,8735174,0xa91ba481e97d605674b75affd5dac2cb2d87af89b98c7ed23d967ec9af112abc,stSTX (token 8),0.154744,961922,0.1548,-0.0149
2026-08-10T22:40:51Z,8735423,0xba8bd3501a9f2083d25cf6acf946d30f8ab86327f2e314027de4373382330142,STX (token 1),0.130438,961928,0.1302,0.2041
2026-08-10T22:40:51Z,8735423,0x4c97e0bb5a3eabb1c3f07886b19e7f8fd0c66c769764ad4f9cc68b3d79502cfb,STX (token 1),0.1303,961928,0.1302,0.0981
2026-08-10T22:40:51Z,8735423,0x358eb1b23b3195e52d64a11dddaed1d0b2f0c36f8a69c139bb3ca1f67a961f76,BTC (token 2),63914.768375,961928,63902.2144,0.0196
2026-08-10T22:41:05Z,8735424,0x7b3dd88c3ce2b69c57407149ffe5d9d60ed03113c69d1a49fa6dbb7bc3a26831,stSTX (token 8),0.154271,961928,0.1541,0.0996
2026-08-11T00:20:40Z,8735810,0x872b8ca8a4daddb20c7003fea5ea6c1c80a046bf030ea4d7aef27a10df045993,STX (token 1),0.1303,961934,0.1302,0.1041
2026-08-11T00:20:40Z,8735810,0x86b96b60633cb28b534a33f6534b443dae37c55e582f38a4a428ec0796824be4,BTC (token 2),63861.2,961934,63860.74,0.0007
2026-08-11T00:20:52Z,8735811,0x6753859f1ddf8d3647478b3e5a80fef1bbc610508bd9195d38fd2a3c08c8801a,stSTX (token 8),0.154271,961934,0.1541,0.1048
2026-08-11T00:21:03Z,8735812,0x41533027b106514f9792d3e6b2c2103732f90e4c29ada53ee0bc6a7930307e3b,stSTX (token 8),0.1542,961934,0.1542,0.0203
2026-08-11T01:31:25Z,8736085,0xbf59e9b8f7bf956885a6a1ceac5c66ffe40a6bb5d526cbc29216f0b77741f44e,STX (token 1),0.130982,961942,0.1321,-0.8241
2026-08-11T01:31:25Z,8736085,0xd55fc070f89e57cebe6287ad21709109be588295ef8b8a5bcc326ba3f61c4e35,BTC (token 2),64003.796837,961942,63985.48,0.0286
2026-08-11T01:31:25Z,8736085,0xe6ae714fde344cc7971248cb6b3e1d74c057442905e898933b39457fd975b254,stSTX (token 8),0.155612,961942,0.1564,-0.4829
2026-08-11T03:31:13Z,8736534,0x74a00e1d4bed987fb82fdfce378193fc3740a0f08946ba18d27aa6f752e41754,STX (token 1),0.1313,961950,0.1312,0.066
2026-08-11T03:31:13Z,8736534,0x96f5f2c5cbec1450abb4d0ce5e447fe270684c4cfb025a92de5508766d783cdc,BTC (token 2),64069.94,961950,64067.6303,0.0036
2026-08-11T03:31:13Z,8736534,0x9adeedfc2f184a75b0559c2de71db5b5c7a057e885648db2a4d1607cd8c5a088,stSTX (token 8),0.155465,961950,0.1554,0.0715
2026-08-11T04:30:49Z,8736769,0x4edc141a01e8e059896c51832b94141e3205b076c5c5ceffdc31cea6c85fdcd4,STX (token 1),0.131278,961958,0.1312,0.0783
2026-08-11T04:30:49Z,8736769,0x8b187d2e4e50992af1b8ebe8c0da43a8de5c957bee361f58580ed8df9baa7706,BTC (token 2),64044.148981,961958,64047.6669,-0.0055
2026-08-11T04:30:49Z,8736769,0x850b7eb3a299c96137cbe5152348444059ab3dd03ee15a635829c7f9c7c5344d,stSTX (token 8),0.155439,961958,0.1553,0.0833
2026-08-11T05:40:42Z,8737055,0x2f2b32d8755ce2a1da5031c7a893f3ebfae29baae74c820eb25780463924ea89,STX (token 1),0.131233,961964,,
2026-08-11T05:40:55Z,8737056,0x4f2d43fc9be2e82806b18526d8315ce1deec129e1cdc5294f0ced5f2bdbba802,BTC (token 2),63974.686507,961964,63972.2276,0.0038
2026-08-11T05:40:55Z,8737056,0x43e6e5bd4d6a7d65e5cb81a70617ebcc4b5b62bf0b39339ae9a4afae49638962,stSTX (token 8),0.155386,961964,,
2026-08-11T07:01:59Z,8737337,0xfc4926308d44b91b7cf796418b382e41340b653c05d6402860080ddc4e2b6b2e,STX (token 1),0.13073,961970,0.1307,-0.0139
2026-08-11T07:01:59Z,8737337,0x5de3778f410139006e86a4a70ef0a308f10c6d1fe34ea3e5b2eea9e4a9d65f90,STX (token 1),0.1307,961970,0.1307,-0.0368
2026-08-11T07:01:59Z,8737337,0x1bebd78d90ad4f706c412e4dd81395ad91c9df4160353474355fa50cb53955f0,BTC (token 2),63884.676842,961970,63922.9632,-0.0599
2026-08-11T07:11:00Z,8737370,0x86ebb8fdeb62409811b334b3ac089ff996b27010c569fdd4923c33736c87f041,stSTX (token 8),0.154636,961971,0.1544,0.1579
2026-08-11T07:11:00Z,8737370,0x0b138be11f0e3125aa107502097e5559c9bbedd1c19b1fda9063d76a801d12ae,stSTX (token 8),0.154836,961971,0.1544,0.2875
2026-08-11T07:30:53Z,8737433,0x231636ba8066e73a3866dec03246a2bbb743ff53e55d572f61339c05ab8609e7,STX (token 1),0.130243,961976,0.1302,-0.0044
2026-08-11T07:30:53Z,8737433,0xdab07dda7593a293277aa368212270c3f99baec2c396d2c96598ab441ed90265,BTC (token 2),63863.196379,961976,63894.5962,-0.0491
2026-08-11T07:50:48Z,8737491,0x2825b8b1054d8a0c293aed5eccbe99ddc66cf54ffac1545af1cec1d73156453a,stSTX (token 8),0.154401,961979,0.1542,0.1204
2026-08-11T07:50:48Z,8737491,0x55e7afa5fe3143c036cfa751c0d191d5cdff5d2fc3cbff721ca17d70d01aa82b,stSTX (token 8),0.154399,961979,0.1542,0.1191
2026-08-11T08:20:39Z,8737601,0x75a85db0059381d49f468c016c70e6922003f80dd8a676f59c89977755a6d6f1,STX (token 1),0.130208,961982,0.1302,-0.0283
2026-08-11T08:20:39Z,8737601,0x8ee09c3877ddc06f7a7871a73ea321a84869e9a63175627827d2980db162072c,BTC (token 2),63988.271217,961982,63982.7698,0.0086
2026-08-11T08:50:30Z,8737730,0x1bd15e011287e2a9e81766084dbc9ca658dad695ccceb2b90088efe5124fdeda,stSTX (token 8),0.154398,961985,0.1542,0.121
2026-08-11T09:20:37Z,8737858,0xa02c7802681ddbf098d1f8c965ed30bd4a67118f21c72b3e8b6626af6d5dc25d,STX (token 1),0.13027,961988,,
2026-08-11T09:20:37Z,8737858,0xe6a4e749e06187011c7c0340f11955c81fb22187115e87494260edb6c7270224,BTC (token 2),64081.901894,961988,64108.1483,-0.0409
2026-08-11T09:50:29Z,8737962,0x7ac39196c4758a797ff4be0f073902ad7e54d99fd75611a4c7bd033c245881d1,stSTX (token 8),0.154492,961991,0.1545,0.017
2026-08-11T10:30:39Z,8738126,0x12746ca45225899858ab9a77ae105b7307538104cadd6c372e7951fb0b0165ea,STX (token 1),0.1303,961995,0.1301,0.167
2026-08-11T10:30:39Z,8738126,0x31673b25a47db8b9b47e099995bc92a66accd680d8fcbf162811e66d2e21df19,BTC (token 2),64244.27,961995,64242.9293,0.0021
2026-08-11T11:01:35Z,8738225,0x97745caad8c63b3ea38dea067c7f6f7f820f4c41da6ae590f55640fa124a2f53,stSTX (token 8),0.154738,961998,0.155,-0.1522
2026-08-11T11:20:47Z,8738290,0x2bcc00442dc4c430390c2c510ad34a475684eb17f50db4bcc5bab082d470bacf,STX (token 1),0.1309,962002,,
2026-08-11T11:20:59Z,8738291,0xf9443211cdac0aaa7eae029f941ae98e597ad84dbd4aa647a7fbd7318ff70f16,BTC (token 2),64280.92,962002,64280.92,0
2026-08-11T12:01:33Z,8738462,0x19eee131abe6b3584eb976b2b648a47337fb1195a0bd10ce023e142148c6f02c,stSTX (token 8),0.154448,962004,0.1544,0.0379
2026-08-11T13:10:36Z,8738703,0xc83c2d39a30927278e5462a03a6c6c1d67f4efb7aee574c17eaf77936f02dc4e,STX (token 1),0.1299,962008,0.13,-0.0588
2026-08-11T13:10:36Z,8738703,0xbf02e00484b0f6be15d048eb92f8ba52a22cd77ef34c0b1380087ed80c40d310,BTC (token 2),64307.94,962008,64313.6439,-0.0089
2026-08-11T13:50:29Z,8738851,0xbedbbed20dc94b7350b78d24077c609fd2f3803ea2888a0ddd4c7a1f7f3b2a05,stSTX (token 8),0.153706,962012,0.1537,0.0293
2026-08-11T14:50:56Z,8739073,0x26257312f44cbac51c78e9c2127153417e17e773138c5815471f1e645d6a1acd,STX (token 1),0.1276,962014,0.1275,0.0529
2026-08-11T14:51:17Z,8739074,0x6bb1c2688844022c6d4176264bf20c096c15931644b60dd10c0912102dbfd713,BTC (token 2),63800.3,962014,63798.7511,0.0024
2026-08-11T15:20:35Z,8739137,0x778d8c8cfac845cbabdeb9e98e58c5aa3a55e024b059a0ec40fa7cb4141c2d6c,stSTX (token 8),0.1495,962018,0.1497,-0.133
2026-08-11T15:30:51Z,8739163,0x7fa80e6669e3900b2005fb1f1d09e55d0b277e1396f7fce8613eb09e78311049,STX (token 1),0.1271,962020,0.1272,-0.0622
2026-08-11T15:31:19Z,8739164,0x943bcaf40fb00444f4bc4404252ab24a5b8ac94dbb787f91be203356e4e0b27a,BTC (token 2),63795.28,962020,63762.89,0.0508
2026-08-11T16:10:44Z,8739272,0xd62b209695447a0fb7384489c8e8b55fd918add07b779cc465a8897a397d0f83,stSTX (token 8),0.149671,962024,0.1496,0.0254
2026-08-11T16:21:08Z,8739311,0x16713535cf30adc67a0c992c6101e3808d3597d3f2dbb684b5f340c147014281,STX (token 1),0.1269,962027,0.1268,0.1001
2026-08-11T16:21:43Z,8739312,0xba2f82b92d18d4f6beac5d57d2d5ce7522202f6b96ac03b928bc0ea099be1b74,BTC (token 2),63577.04,962027,63580.9654,-0.0062
2026-08-11T16:22:32Z,8739314,0xfe26fdd30c115728398b7396617e6aca9b994ae9a7c9fd21a943b6f6cc87eca3,BTC (token 2),63552.242406,962027,63574.42,-0.0349
2026-08-11T16:30:44Z,8739336,0x3730a37f93325a35dffdd912746360f440aa7ac8bcf05e88094e108ddcc8a1b2,stSTX (token 8),0.150214,962030,0.15,0.1507
2026-08-11T17:01:55Z,8739432,0xfe67160fa983ed6fee212c917d76254bb54f6e22cbb5b5974543a6fb965668f9,STX (token 1),0.1261,962034,0.1263,-0.1435
2026-08-11T17:01:55Z,8739432,0x417dee730cab2221c540aefdfe8c428d95d54be396f9d684fbc281a45d55d145,STX (token 1),0.126463,962034,0.1263,0.144
2026-08-11T17:02:30Z,8739434,0xac4d4f71558cfd4771a3d20656df1604234e6d19096ca6aaa4c287f9c61eff22,BTC (token 2),63450.39,962034,63449.6013,0.0012
2026-08-11T17:31:02Z,8739532,0x926bed9b87e498e4a0ea69be8ef76aa4e6e36f5eec05d4fad7b0fc901474e298,stSTX (token 8),0.149353,962038,0.1493,0.0437
2026-08-11T18:30:43Z,8739749,0x09fcee06d91fcff10e67e7d10466dad8e9cb1c41a4fc1b5d999843535ab64e52,STX (token 1),0.126,962041,0.126,0.0307
2026-08-11T18:30:57Z,8739750,0xab8a03284fa5e7a1045c6e8c7906bfec7fa070d1edbb3e2406788ab2768cc0d7,BTC (token 2),63415.21,962041,63416.1654,-0.0015
2026-08-11T19:20:46Z,8739921,0x273e76c6ad2e727378c90f3159e9478b836e29dcfb9071f6c68ec770c81eeb37,stSTX (token 8),0.148581,962044,0.1489,-0.239
2026-08-11T20:10:24Z,8740098,0xc26096489db0e7510b257b21b6208a77dd4c3056f1cf42fdb9f5f5dc2f509327,STX (token 1),0.126907,962050,0.1269,0.0438
2026-08-11T20:10:44Z,8740099,0x70eae507d86c857202b4de6315e7b6e35630357da226d837a187ad251df81255,BTC (token 2),63651.213728,962050,63615.0832,0.0568
2026-08-11T20:10:44Z,8740099,0x7306e829c76465ba95a4ea270300e434dbc1f528f5875d28b27ae9a89b868a10,stSTX (token 8),0.150273,962050,0.1502,0.0478
2026-08-11T21:50:34Z,8740478,0x1a881f3f133e1f38cbaa20ee379eb618e27c48c11ac33848a333e0d01b019f82,STX (token 1),0.126409,962056,0.1262,0.1458
2026-08-11T21:50:34Z,8740478,0x7224b070e4fdb6c3ac39dddc7667844aa23a7749eef3bc63910d6020a5adecd2,STX (token 1),0.1262,962056,0.1262,-0.0197
2026-08-11T21:50:34Z,8740478,0xb63bb83efe066a4ff9690412720d5e25f087d35bdccef306a2afabb8c81d8859,BTC (token 2),63621.003653,962056,63586.9965,0.0535
2026-08-11T21:50:48Z,8740479,0x10915442038a5df58dd38ead981617df7a71168c6d06cfbfdc3dd583e1a5078f,stSTX (token 8),0.149435,962056,0.1495,-0.0169
2026-08-11T23:50:51Z,8740923,0xd77c503ef8148c6c265d19a54c69947076b726b9bf3c65f12a18da68df3f2f6e,STX (token 1),0.1274,962062,0.1274,0.0136
2026-08-11T23:51:07Z,8740924,0xb4a9824d736e432e1a148173a0ed811dc9133db789701e4da61c71d18c8fa565,BTC (token 2),63566.44,962062,63586.0669,-0.0309
2026-08-11T23:51:26Z,8740925,0x010480c1c37ecf1edaf26b43ae05330e1f6e77be45d49b335ee66219ad9f464e,stSTX (token 8),0.150856,962062,0.1508,0.0549
2026-08-12T01:10:46Z,8741205,0x99abb10e667f980b2a4d5ac0e75566721acc746e481a6909497e15365fb2c180,STX (token 1),0.1273,962068,0.1273,0.0085
2026-08-12T01:10:46Z,8741205,0xa72e72874b68806e276b9a4510add8e73411deb8ad43e206cc3ecc1abc2e2c8f,BTC (token 2),63690.919845,962068,63696.7356,-0.0091
2026-08-12T01:11:01Z,8741206,0x6a1d45ea72db8f5b74522004762c4cb944ebdb0e31a8744f1dd8d7cb1bd84e08,stSTX (token 8),0.150738,962068,0.1507,0.0103
2026-08-12T01:11:01Z,8741206,0x8c4a48784cd9b7cc8dd02f5c9fabe50efc11d2d072d5a3da234374b1eb5db477,stSTX (token 8),0.150874,962068,0.1507,0.1006
2026-08-12T02:10:36Z,8741418,0x8468d46fbf159dcf4bdac1f071ebfb029ef7433878f7c71c88384c96ca13c3bf,STX (token 1),0.126525,962074,0.1265,0.0023
2026-08-12T02:10:48Z,8741419,0x6db744334ce7bb2468fb04cb82db7c1de569065b58aceab229ef37b6367690c1,BTC (token 2),63817.977858,962074,63793.0039,0.0391
2026-08-12T02:10:48Z,8741419,0xae30c747131bd6c1666ffa1b8c23288365c4ab5181849bb0b5258454c8474a44,stSTX (token 8),0.14982,962074,0.1498,0.0035
2026-08-12T03:30:48Z,8741712,0x34dc96fd9a7bc266d77d9b2d1d6b412d128fb59b9dbaae2b9e5a9ae44f80e54d,STX (token 1),0.126356,962080,0.1264,-0.0189
2026-08-12T03:30:48Z,8741712,0xd7612816f3e66a8fdaaa53007c8c9bf972147b28ccbaa218a0d77fa601bf6ae9,BTC (token 2),63690.475383,962080,63696.8305,-0.01
2026-08-12T03:30:48Z,8741712,0x09e482c0ed3f102250af29c681567944c1f9ef03f024f045594ef141dc03bf85,stSTX (token 8),0.149619,962080,0.1496,-0.0188
2026-08-12T04:30:42Z,8741952,0x72e1c29102cf108f052e68483fc7a24b3e2a08579122d1928cd88a790991349c,STX (token 1),0.126578,962087,0.1265,0.0877
2026-08-12T04:30:42Z,8741952,0x62c9bd33c5a1abbceb863e0318735cf23f8988145d6052c3c605ca3e6ac40fec,BTC (token 2),63765.747825,962087,63691.4537,0.1166
2026-08-12T04:30:42Z,8741952,0x8e4a7328453b5e1c3bd1cffbee09f4093c998957480c6038ca11b3dc89f63a45,stSTX (token 8),0.149891,962087,0.1498,0.0935
2026-08-12T05:10:35Z,8742132,0xbacc6a55a488382b3b61e57308c16b0f828ff84eeddf3e60fbf8a9e22bf163ab,STX (token 1),0.1264,962094,0.1265,-0.054
2026-08-12T05:10:50Z,8742133,0xfabbbed9be34fa92025adffc3f423ca7a93a7d066d83de7c7cb00ac7e10e1c40,BTC (token 2),63724.95,962094,63733.7079,-0.0137
2026-08-12T05:10:50Z,8742133,0xf7039b6c02991a21ff6bfb2a0fd681edaa6b4528e5b9443721a10eac4ec54053,stSTX (token 8),0.149614,962094,0.1498,-0.0927
2026-08-12T05:50:47Z,8742291,0x23ad94e4902e46cc416750bb17268839bea306810159dc095d2c24fb61494a68,STX (token 1),0.1264,962100,0.1265,-0.054
2026-08-12T05:51:01Z,8742292,0x2f835d187e48a98b99b8f1baf805717c5b31a555282e798875a5a3dcd57f894d,BTC (token 2),63800.495271,962100,63775.1947,0.0397
2026-08-12T05:51:01Z,8742292,0x33d5da0307afb7eab7bcc9d77f704824c6e41c3b0bf09d22bc040edfe86b4079,stSTX (token 8),0.150036,962100,0.1498,0.1888
2026-08-12T05:51:41Z,8742293,0x385b0d994f4eeca049e3f64ddf62d8d659273fe0c269d90c759f94e9a12b45fd,stSTX (token 8),0.149681,962100,0.1498,-0.0482
2026-08-12T06:50:41Z,8742509,0x0dc53fdca5d5ddc5f0b1870ad50cb0e547c41c1b7f54f68764632fee5d4a422a,STX (token 1),0.126,962106,0.126,0.0187
2026-08-12T06:50:41Z,8742509,0xb6eb0c40cba99119fa42b8a746360c89e70aca4a08016e36897ec780b360d23b,BTC (token 2),63601.5,962106,63600.5104,0.0016
2026-08-12T06:50:58Z,8742510,0x76b8234a56d90197bde3a48d5d7b10fb05285ebbf0cc00df34c4b30a89d0d9be,stSTX (token 8),0.149326,962106,0.1492,0.1037
2026-08-12T06:50:58Z,8742510,0xe986177871d2062b5fceea26c0a0c05b14d24ca91fc9051c1f9735ae43999bb6,stSTX (token 8),0.149121,962106,0.1492,-0.0338
2026-08-12T08:40:50Z,8742964,0xf09fd56c072b9c2b72497a2d6fa1325b18dfb68b24687cac569cff1f039c2d1b,STX (token 1),0.125549,962112,0.1255,0.0705
2026-08-12T08:40:50Z,8742964,0x9ff57c4e917b8cc8a37e377791fc3435365a64c81fd5a376a7355eeb36a31cbb,BTC (token 2),63727.495426,962112,63721.58,0.0093
2026-08-12T08:40:50Z,8742964,0x43ac413f21ae622214c0637fdf6b5fa7f2c6342b66000c097bbc90dd4ad0aabc,stSTX (token 8),0.148673,962112,0.1486,0.075
2026-08-12T09:30:29Z,8743162,0xa92151fded3b248dd06d6d99a16fe632dfcc203c52212990d6558190e7a5bce8,STX (token 1),0.1259,962120,0.1258,0.1021
2026-08-12T09:30:41Z,8743163,0x28eca5e29086bdc397fcfb2c64ff864c78dcb5d78b1e45f6d198de56b966798a,BTC (token 2),63936.95,962120,63955.299,-0.0287
2026-08-12T09:30:41Z,8743163,0x1e2132f2d0e0487a38f0fb356675fe112a180c54bfcd0296f950fa1bdf2fb92d,stSTX (token 8),0.149089,962120,0.1489,0.1065
2026-08-12T10:10:44Z,8743287,0x2acc35e9f2b652b5e41ddb3ab25cdebdc04173c29757345b492bd98e539acb62,STX (token 1),0.125747,962129,,
2026-08-12T10:10:44Z,8743287,0x850c5c5f012df6f66339690d273070369cc991395e59fa7a0704a5c2e9aa743f,STX (token 1),0.1258,962129,,
2026-08-12T10:10:44Z,8743287,0x63ca2a556864574b8adb596ecd7382d7d412403052d927607b92858000f8532b,BTC (token 2),64072.702247,962129,64075.0767,-0.0037
2026-08-12T10:10:59Z,8743288,0xdf35d784f5fba111dd0c54f27f721c8bdefbfe721edd304cd50120555305103c,stSTX (token 8),0.148908,962129,,
2026-08-12T11:01:36Z,8743473,0x81f22b352ff5ed7558a9e9de6b941f110637c316c574924999d3065523214966,STX (token 1),0.124481,962135,0.1242,0.2489
2026-08-12T11:01:36Z,8743473,0xdb2d9d8e23354e5c751298ca27b0d29faba161359ec2d968d51fed57cabce54e,BTC (token 2),64079.16892,962135,64130.19,-0.0796
2026-08-12T11:01:47Z,8743474,0x6c4f8bbeeaa9d25db4439829ebdf4020571db577c8d2dcb6f6f775fa9f5c37d3,stSTX (token 8),0.147409,962135,0.147,0.253
2026-08-12T11:40:36Z,8743639,0xaec75ef2af52dfcdd082d9747a2a6e000a1c389aedabcb28860a68ab85968a4b,STX (token 1),0.124488,962141,0.1244,0.0935
2026-08-12T11:40:36Z,8743639,0x1dc9d34f7e8b20b20dccd34b25fea8eebe355decc298176e25f68e506b3647f2,BTC (token 2),64122.624271,962141,64140.4972,-0.0279
2026-08-12T11:40:54Z,8743640,0xfa8d86ae90d0e224061ff22734069b99b0e308aecdc1e4ffd6883906f5324cf1,stSTX (token 8),0.147417,962141,0.1473,0.0971
2026-08-12T13:01:45Z,8743958,0xef2c418d437a5acd812cfc88a28ac6dba00655245961f4aa4f16af4df6599d1b,STX (token 1),0.124842,962149,0.1246,0.2251
2026-08-12T13:01:45Z,8743958,0x4a8d683dd2745cab2f4748419ba85ac054eab4a5faae6dcaff0034087657ca9f,STX (token 1),0.1247,962149,0.1246,0.1111
2026-08-12T13:01:45Z,8743958,0x54dd2ff46d609183393f2d05cddce419e252288ef42b1d4c2060d75b9ce954bb,BTC (token 2),64067.348455,962149,64002.6581,0.1011
2026-08-12T13:01:57Z,8743959,0x23ef33484af2722a919a147c15bef51199c5e19b0366693f7b64253b1fe9168b,stSTX (token 8),0.147668,962149,0.1475,0.1142
2026-08-12T14:30:44Z,8744138,0x263d3de18966f1435e6596b33d4fd7b32b3bf53aa29a05843fcf2eafc4ea3fc4,STX (token 1),0.1237,962155,0.1237,-0.0151
2026-08-12T14:30:44Z,8744138,0x41e6e5987fae2b49edf248772d3f67be3a6a7549fa4d548cf4ca081f365eaef6,BTC (token 2),63604.24,962155,63596.5961,0.012
2026-08-12T14:30:53Z,8744139,0xe114c0d3f6e38705a57b1c94b7d32b5dc4afd72ba6b0a712a0f3193c460bf500,stSTX (token 8),0.146493,962155,0.1465,-0.0064
2026-08-12T15:40:28Z,8744529,0xc98a3ea40502eee0b4f7011d4c3a2e0925048c2015d51264298c3f7ccb945653,STX (token 1),0.123327,962161,0.1232,0.1005
2026-08-12T15:40:37Z,8744530,0x7c61ce506b3386ba6d7f07fd223873caec8439dd40f30e99295b6e3836f63966,stSTX (token 8),0.146052,962161,0.1459,0.1093
2026-08-12T15:50:39Z,8744587,0x4a18b79131c14f6b2c3b84cfe9d6638a708d6009818bd4e71e89175ffc0c6884,BTC (token 2),63405.911166,962164,63435.99,-0.0474
2026-08-12T17:40:36Z,8745259,0xcc16ebf3fd5ec434348280384c8fea2608f774ad199072a4a6b86e38620952fe,STX (token 1),0.122253,962169,0.1223,-0.0101
2026-08-12T17:40:44Z,8745260,0x0f4f47aed34faa79e7cb5b19fcfb8930b5bbbeedf476219087477887b83863cb,stSTX (token 8),0.144954,962169,0.1448,0.118
2026-08-12T17:40:44Z,8745260,0xec01cba8a5fefdf9b90c43564c9ba524b13e2bf50f5c20ef270e0cf9661a31ba,stSTX (token 8),0.14478,962169,0.1448,-0.0022
2026-08-12T18:01:07Z,8745419,0x204d69c74db6450cf7d1cac6f2168cf9850efa49397adceef99d5129a421fb2d,BTC (token 2),63415.346801,962172,63392.41,0.0362
2026-08-12T18:10:36Z,8745480,0x33f57660ba8afbaa8176d40085f39e3ad79b893b1e4ceff515d0f36c22472c3d,STX (token 1),0.1223,962175,0.1224,-0.0503
2026-08-12T18:10:43Z,8745481,0xeedca8d8e7cff9a4e416a36f4d919dfe566d84c5664049c1c35f836a4ca4c72b,stSTX (token 8),0.144805,962175,0.1449,-0.0637
2026-08-12T19:01:12Z,8745867,0x3f0c28e5e75c00ba23f258a274b3369b88e14a04266c413e549bf15a725a2046,BTC (token 2),63315.009881,962179,63328.8285,-0.0218
2026-08-12T19:20:44Z,8746011,0x71aa36e887059889775a04ff1b127cf510dfa96ed4617f1dd5471a37ea10f82d,STX (token 1),0.1218,962182,0.1218,0.035
2026-08-12T19:20:52Z,8746012,0x762deebbd6954c1cb93159620472561040c01dafd3d546e919405006fdbbf1d1,stSTX (token 8),0.144341,962182,0.1442,0.1099
2026-08-12T19:40:35Z,8746137,0x18091b68db9dc295f9c37fb0c3514e0ac215e9f165a630859ad6a598ce296c17,BTC (token 2),63306.836728,962187,63304.9465,0.003
2026-08-12T20:10:26Z,8746370,0x245c7e00105be4234a199dd166d90927cc48d1348f03c87241c54cfea311b57a,STX (token 1),0.1225,962189,0.1227,-0.1274
2026-08-12T20:10:35Z,8746371,0xe323d321758bc7df483e33a6c2f76ff5bc8923d1690775d28ff46a9511f8df76,stSTX (token 8),0.145072,962189,0.1452,-0.1209
2026-08-12T21:10:27Z,8746738,0x3de2ad0e400c09f0d07c2f371f13987039721fcb7a112bb682241d052a437494,STX (token 1),0.122935,962195,,
2026-08-12T21:10:38Z,8746739,0x146058f83312ac7bd6257e62aff4b7a3aee0e3081261219bd66b294762dee496,BTC (token 2),63517.62,962195,63513.5022,0.0065
2026-08-12T21:10:38Z,8746739,0x3c22c980170a218c271e55f5149e52fd3015c3addf7c5c0d02ae3371d37fdb38,stSTX (token 8),0.145588,962195,,
2026-08-12T23:30:28Z,8747613,0x1d50465d305904333e91cc9867a611de8437ccc59a58c8a608d119f8685a7028,STX (token 1),0.121973,962201,0.122,-0.004
2026-08-12T23:30:35Z,8747614,0x421f3ab7843b57a90bf691feb5554509d5010a65f9537d31584c1dc5002e1f1e,BTC (token 2),63333.670885,962201,63363.1734,-0.0466
2026-08-12T23:30:35Z,8747614,0x5e5514dc8a445a15c7de89a9c145b623f655d81591fc5bc0dde5004db9cecfbb,stSTX (token 8),0.144448,962201,0.1444,0.0014
2026-08-13T00:40:53Z,8748010,0x23f5fd97af80d8e174880cd383472cee0995e8f2ce27fa39f366e1b680ccf12d,STX (token 1),0.1229,962207,0.123,-0.0595
2026-08-13T00:41:03Z,8748011,0x16737b792493fdf45c844d964637c6fc4c6bc3e56a7854210f1345a9595a8fa1,BTC (token 2),63504.14,962207,63478,0.0412
2026-08-13T00:41:03Z,8748011,0xe3002a2a6b39ed63ac3b92d8fc23325512859c439661b36057f58f426fffe8a5,stSTX (token 8),0.145546,962207,0.1456,-0.0545
2026-08-13T01:30:45Z,8748320,0x5b7e6af9f847e0f599a83efe4156ead401e9c0f66c63abe12a1adefb2cd2019d,STX (token 1),0.122969,962213,0.123,-0.0064
2026-08-13T01:30:45Z,8748320,0xb58bc312c5d97d1a6f380a16061c6a67fa5ebdbb7ffa0886077416388f8463c4,BTC (token 2),63355.385572,962213,63374.562,-0.0303
2026-08-13T01:30:54Z,8748321,0x88b8df8f3632ef7ca43b8eafec0c9713361f30943733ecfc3fc1cdfc1066eb06,stSTX (token 8),0.145628,962213,0.1456,-0.0015
2026-08-13T02:40:33Z,8748861,0x0350dc8556f96eff1ce52b2355c06077913b4fadab60cb97255554d17fc8f7b8,STX (token 1),0.1226,962219,,
2026-08-13T02:40:33Z,8748861,0xac4e32ba3bf050055fafdbc1763f77eb7312e0ef567ef66a1530987a93b53d52,BTC (token 2),63345.61,962219,63351.0551,-0.0086
2026-08-13T02:40:40Z,8748862,0xfe5534be25bf6406f152dde655a57758d26e585b6a20a5b51f1bfe684183ee11,BTC (token 2),63347.448713,962219,63351.0551,-0.0057
2026-08-13T02:40:40Z,8748862,0x448e18e4e40ce65b5ed811721db2c7e5a76dc1f4577fc160c0160559a14125be,stSTX (token 8),0.145329,962219,,
2026-08-13T03:10:29Z,8749051,0x9476682e6c8daee55ae95197f451a447e2988b72e765a86dd714f069c830a2df,STX (token 1),0.123009,962226,,
2026-08-13T03:10:38Z,8749052,0xe0d602ebc4653aac2038da2b6058d3d66f62fb3ddf1dbf92bd9b60d14d1a3b46,stSTX (token 8),0.145675,962226,,
2026-08-13T03:20:27Z,8749118,0x34baca0e6ac3ad0327441ee0c2810165991ac4d89c1cf987b7c62a33ce250163,BTC (token 2),63523.652546,962228,63540.5958,-0.0267
2026-08-13T03:50:37Z,8749346,0x6dd5f67868fe06fd5730a1b99f04840516d49bcc96d0e4dedab5cdc9008224df,STX (token 1),0.1234,962232,0.1234,0.019
2026-08-13T03:50:46Z,8749347,0xa1942ff84ce9539561de8b0b8e0d88db1cf821ddc5d2b3bdfe1b832c2f4a69b0,stSTX (token 8),0.146168,962232,0.1461,0.0433
2026-08-13T03:50:46Z,8749347,0x44189dccebb95348969765036f437f04a25108f80bcd236a3cc3e5627f098c26,stSTX (token 8),0.146138,962232,0.1461,0.0228
2026-08-13T04:01:32Z,8749415,0x442c3d058f3abca10a072f5f5e0a4f5477178be2d2268af671c88e5cdb32ef6c,BTC (token 2),63581.361766,962235,63575.5071,0.0092
2026-08-13T05:10:34Z,8749869,0x9629799c07ebc5af3986aafe39236f5844605014d0c4afd822a5d4ad277ecb20,STX (token 1),0.123386,962239,0.1235,-0.0732
2026-08-13T05:10:34Z,8749869,0x42119ed6f435afbec20ff9459137f3d86b45ee6b5373e56bdd33ec1a4cb9f5d3,stSTX (token 8),0.146122,962239,0.1462,-0.0696
2026-08-13T05:50:35Z,8750102,0xdac50ad61dd4dbf8f4eb0f0929bc1c1a4426b41176af8b7d9aceb7926689fed7,BTC (token 2),63825.605443,962242,63824.6115,0.0016
2026-08-13T06:40:36Z,8750476,0xcadd1425addba0cd375ef5abc43b072f9947e75d9c368c989662262d418f5d05,STX (token 1),0.123382,962245,0.123,0.3395
2026-08-13T06:40:36Z,8750476,0x0589e72ebb9754466f93f3084320e2877a6a05d9faebbb54af58999b57cd88c3,stSTX (token 8),0.146117,962245,0.1456,0.3423
2026-08-13T07:01:36Z,8750604,0x63ba1d4fa084abc14501246ad6f1729a149689128b4dd8f499c29484b69fedbe,BTC (token 2),63869.737202,962249,63828.7301,0.0642
2026-08-13T07:10:45Z,8750672,0x5ca0c21513c4bd5948a8a34d83ca019947c4dc54679fcd563e07432e204feade,STX (token 1),0.123175,962251,0.1231,0.0462
2026-08-13T07:10:52Z,8750673,0x7a67d720c2207d20c91c3158de983c9cccf8b0600dcd178edb51dc8cd26e35dc,stSTX (token 8),0.14602,962251,0.1458,0.1504
2026-08-13T08:10:19Z,8751058,0x5f2da33bc3e930e1615f126d9e72a5a88ad87e50e1b0412c0ab0262eaca8fc1a,BTC (token 2),63840.064337,962256,63816.19,0.0374
2026-08-13T08:20:30Z,8751122,0x60b3e828bdfa72f1bc48ef18ae58fcb009759c57d11afbf4b4729780e56c31cc,STX (token 1),0.1228,962260,0.1227,0.0564
2026-08-13T08:20:47Z,8751123,0x16c6408ef1f1b4dc045492ddcf9d725a4bb0e9bb2b2c21436eb41fd4775bd4de,stSTX (token 8),0.145428,962260,0.1453,0.0587
2026-08-13T08:50:37Z,8751316,0xd1bb857a68eadcb17ea913440e8ff9aa243505019c126cfdac1dbc603cb2e672,BTC (token 2),63705.6,962265,63709.3319,-0.0059
2026-08-13T09:20:36Z,8751502,0x3f436595c547359d37302c0888cce5110f2c7477f38eeb51447a143e3531cf51,STX (token 1),0.1226,962268,0.1226,0.0135
2026-08-13T09:20:36Z,8751502,0x501223d64fe83dda562f7f71d11fcb1b64ac3193be76326825e1f5232ef94c22,stSTX (token 8),0.145191,962268,0.1452,0.0154
2026-08-13T10:40:52Z,8751949,0xa03947b00ed691c20f54049bdcfce738cbc08cfb288cc8e869483ca3df693316,STX (token 1),0.1231,962274,0.1232,-0.0503
2026-08-13T10:40:52Z,8751949,0x5509d2f18db1de6defe32dce5b43b74ec8b2f710a350cf621883acd55eb55db7,BTC (token 2),63545.847107,962274,63534.9611,0.0171
2026-08-13T10:40:52Z,8751949,0x275a62d95e1091a024ab134e5adf2043f6a41ecaf7ed729aefca67035d7a5c6b,stSTX (token 8),0.145878,962274,0.1459,0.0161
2026-08-13T11:30:31Z,8752211,0xfde3bb3d269011a350506831167a321ed8378771cc8a7fc22a2d72cbe3597139,STX (token 1),0.123373,962282,0.1235,-0.0707
2026-08-13T11:30:38Z,8752212,0xbaaffe7795752e64a195736e29550d244862b27b7c47c0af6bda7ed95d047f7c,STX (token 1),0.1235,962282,0.1235,0.0321
2026-08-13T11:30:38Z,8752212,0x81ce67ef6b57145d60237f125eeb0751f7558735dab0bc5d696434f6b71bc1ae,BTC (token 2),63345.66,962282,63380.2992,-0.0547
2026-08-13T11:42:08Z,8752293,0x947365c31262d060eee772d7282ce817ba1d7390571a46173f0fd46c61ab3dce,stSTX (token 8),0.146063,962283,0.1459,0.1029
2026-08-13T12:40:21Z,8752609,0xdf763db87ecbd4635821c8e3852c491ed0e03bf697299d042b5bf0f381f21a19,STX (token 1),0.1236,962289,,
2026-08-13T12:40:34Z,8752610,0xc9c8a29b69ef2129b3a31df0bf51109b30da625b673affcf5ee03263932f438d,BTC (token 2),63475.39,962289,63474.7388,0.001
2026-08-13T12:50:57Z,8752666,0x69213fdea4e9f02f5035b7a3c6fe16211ab6b2eb2f326d65a981a637da7d7fe5,stSTX (token 8),0.146312,962291,0.1461,0.1584
2026-08-13T14:10:46Z,8753210,0xfe430a2a9644e53b716ab77862823d9883105e6ed8c1d943bd7576ab6c8a4e25,STX (token 1),0.123925,962295,0.1239,0.0566
2026-08-13T14:10:46Z,8753210,0x38cf3bc8a8dd8b0bbc1bf0b9ca75c5e1e0e7b73fdf76fad1538b411828f8554b,BTC (token 2),63648.568476,962295,63665.2244,-0.0262
2026-08-13T14:41:41Z,8753365,0x4fef6d0e83c2c9c52511fa9decc4714a24606f308d87749012a2d6b9da63c1e4,stSTX (token 8),0.147042,962297,0.1472,-0.0734
2026-08-13T15:50:38Z,8753793,0xed511726d32ac7a97087b696a5217abb050e73cbf5157fd23560ca364173ac4e,STX (token 1),0.1239,962301,0.1238,0.1081
2026-08-13T15:50:53Z,8753794,0x9013ff10053b9618abfc8d7b701db7a069ca5c1cc474eba750475b9f2c67001d,BTC (token 2),63580.36,962301,63622.1138,-0.0656
2026-08-13T16:02:06Z,8753860,0x685481ed7fdb5d9c0c9e3c30b4e5ea29b71374f1458dc4c853c231a10a70deda,stSTX (token 8),0.146375,962303,0.1462,0.1386
2026-08-13T17:01:46Z,8754283,0xb8316cde29f3e935539557c6890759169727675b24dc51f906f4764b9273e7fc,STX (token 1),0.121991,962307,0.1218,0.1818
2026-08-13T17:02:27Z,8754287,0xc0287aa519ae0365da477c72e39ffe19ba233a4ee674970d86b9311083a89992,BTC (token 2),63060.84,962307,63010.107,0.0805
2026-08-13T17:20:35Z,8754398,0xda3f44725ea30612dab8fbf2baafca1d323f84cac8a5859b7bc356af7c147ed9,stSTX (token 8),0.144547,962310,0.1442,0.2356
2026-08-13T17:40:37Z,8754521,0xb0c273d09bc345dd4bf7e97ffdbfb3f6b3730ff7d5d0c2ecc079d3ce36e14830,STX (token 1),0.1219,962314,0.1218,0.1071
2026-08-13T17:40:43Z,8754522,0x960c549ccf9e64bfa4b257eddfda106cda0806e6b3231de4fae71738eabb719b,BTC (token 2),63140.57,962314,63125.5833,0.0237
2026-08-13T18:10:32Z,8754733,0xe0b8d1632feb3e13a730396350fdabf177cb3eefc797fa95c99a15b38d94746f,stSTX (token 8),0.145191,962317,0.145,0.1602
2026-08-13T18:40:42Z,8754883,0xe508bba64f9f66137f6d74a7edfcab2dcf68a70b975298d31eeef6829bf475b0,STX (token 1),0.122343,962320,0.1221,0.2363
2026-08-13T18:40:50Z,8754884,0xaea49f7b8da55eeca2d7bb8d80316006b0f7847ce5bf7054fa5bdb9a0eef3a2b,BTC (token 2),63078.17,962320,63071.875,0.01
2026-08-13T19:40:26Z,8755237,0x92148a03b1ad8aab5a126a1b7bebfdf861b5ba6616fe556e3a17f579a02ac0d1,stSTX (token 8),0.146202,962325,0.1463,-0.0801
2026-08-13T20:01:00Z,8755394,0xcec339586a4d7a3c470aad0dcc5666f3d26f5a100540193d49f891847f972b66,STX (token 1),0.1237,962326,0.1237,0.0293
2026-08-13T20:01:09Z,8755395,0xb31e23f507ec5691ea752b94168a675068976f0847c3ba88bcb0c62fdabe007a,BTC (token 2),63311.66,962326,63311.48,0.0003
2026-08-13T20:50:39Z,8755710,0xd9ab4369a5b042ecdf429061f1a6429127bd72dddc00c4f9f2e9d5cbf3ed640e,stSTX (token 8),0.147086,962331,0.1469,0.1507
2026-08-13T20:51:03Z,8755711,0x5db178d81a2648f3d3ed069a966e6e2c426af66bd38de9a811bbfb21fa0dbe05,stSTX (token 8),0.14678,962331,0.1469,-0.0576
2026-08-13T21:01:18Z,8755783,0x5c693379fb76d765be50885b57eb9ff6a61f41559ebf3ca3dea51bf6ec97576c,STX (token 1),0.124,962334,0.124,0.0285
2026-08-13T21:01:18Z,8755783,0x3240594592380d0194d58745f55a319c4063f421c6915212afb3a57f582bd44a,BTC (token 2),63335.04,962334,63330.894,0.0065
2026-08-13T21:50:51Z,8756053,0x60d59aec28a5edbe535cbefd7cf5d3f94ae2fbc0ac880cec560404c826cbb6bf,stSTX (token 8),0.14724,962339,0.1472,0.0531
2026-08-13T22:01:17Z,8756116,0x82bfa70c6789db7aebb5bf88f8b0c2660507750586e12afc9745672d685e8013,STX (token 1),0.1243,962340,0.1245,-0.1379
2026-08-13T22:01:25Z,8756117,0xa4dd98c2563b7df5df791f27e84c9c3a6408b3f05381f5283f2ebd5224001d1c,BTC (token 2),63439.49,962340,63475.17,-0.0562
2026-08-13T23:01:51Z,8756473,0xaaecfe805a34fb8af254703a9cdea4642fbeadf1fdc1371b71b077784026078f,stSTX (token 8),0.147233,962345,0.1472,0.0373
2026-08-13T23:30:42Z,8756681,0x2f328a296e51c5db5751686c34fa98bb972d8296054da3d9a4fb7296ae1619ca,STX (token 1),0.1244,962346,0.1244,0.0177
2026-08-13T23:31:11Z,8756683,0xbd6c38450c584b08a9855c0ef94025933da15e390f6d95536b5192e31f19783e,BTC (token 2),63411.493128,962346,63419.37,-0.0124
2026-08-13T23:31:11Z,8756683,0x08910b84547c069ecf931013c8ba0c5bafbb795682b316ad6e6bd0b6f8c25f11,BTC (token 2),63422.57,962346,63419.37,0.005
2026-08-14T00:31:52Z,8757048,0x9344a46bc8dbfdfcb8136cff5af80954764a09d931c11134c2e4bb6ee6955ddc,stSTX (token 8),0.146854,962351,0.1465,0.2544
2026-08-14T00:40:22Z,8757092,0x97ae85b756477a5f4aab7f91aa091c52c06050bf29e60b3f3b7ab7b0ce472e44,STX (token 1),0.124,962352,0.1235,0.3724
2026-08-14T01:01:48Z,8757226,0x035669ad3a5a35b19584a06debe1d15bc92007d2378cc1923eaa3c2b9a5cee84,BTC (token 2),63478.861516,962353,63479.8766,-0.0016
2026-08-14T01:50:28Z,8757543,0x863fc475e3898d7e55763deab96c9d7397981d4d90e7fee421916fba567c7175,stSTX (token 8),0.146122,962357,0.1461,0.0485
2026-08-14T02:10:40Z,8757661,0xec807c97675fb9f91770767ad5386bb95370e90555503a15cd74e8703864c4a6,STX (token 1),0.123491,962358,0.1235,0.0158
2026-08-14T02:20:28Z,8757710,0xa8d23b894da0bf794f20fa50eca95a9878ed0d9374eb48bc04975d722b922db7,BTC (token 2),63458.701615,962361,63456.6364,0.0033
2026-08-14T03:20:25Z,8758028,0x1102522a6142aa4fa2aa47f4344c8db4bd071495892e5d631a24e1606fa94c54,stSTX (token 8),0.145366,962363,0.1456,-0.1892
2026-08-14T03:40:34Z,8758145,0x6b70fa83aef83ee51f6ac8a24c814da01df2aa8987e2737224157bea8f058da7,STX (token 1),0.1227,962365,,
2026-08-14T04:01:44Z,8758279,0x403a6c4aa3fa195b1700757254dd9917fd34e5f9e8060e215ae95b0581e7f338,BTC (token 2),63213.13,962368,63234.7327,-0.0342
2026-08-14T04:10:28Z,8758347,0xeaa3bf15d2042df68dc6cd1af057954a11adb13ed263b68d1bb81f2dc307794f,stSTX (token 8),0.145664,962369,,
2026-08-14T04:20:45Z,8758417,0x8645537d910c46e9ab5754ba0fb9c5d6970f925fe9e001002f6b89089fa6266c,STX (token 1),0.1231,962371,0.1231,0.0269
2026-08-14T06:10:43Z,8759081,0xac464f83b305e8aa2b6318d81d13314587fd7074443653e3480433d29c8d6e73,BTC (token 2),63221.59,962376,63235.6683,-0.0223
2026-08-14T06:10:54Z,8759082,0xbdfa9b35ba081c7c66410fa2b9cc0877cdcc0c6b42bddb6044dac451e98a67a9,stSTX (token 8),0.145337,962376,,
2026-08-14T06:10:54Z,8759082,0x080eb36b1ad87ab1e3044437af4a7e605c3103cb5a2227e93a955bb395f50ac6,stSTX (token 8),0.145309,962376,,
2026-08-14T06:20:46Z,8759148,0xebf923a83197ee2eb322698a9508ba3137f8fed3756a0a4638b66e80b50a14d7,STX (token 1),0.122771,962377,0.1228,-0.007
2026-08-14T06:20:53Z,8759149,0x14ba7671394ceb7a764bb06403965e80803e3a37d635fa34414ce17e004a6db0,STX (token 1),0.1228,962377,0.1228,0.0166
2026-08-14T06:50:49Z,8759331,0x3d79a45cce76f5a513febe60fbfef5778044cf8d362e90288c59e959803d7bdb,BTC (token 2),63113.64167,962383,63130.5014,-0.0267
2026-08-14T06:50:49Z,8759331,0x413b978111006878a58bebb22b00c2fd71da2076cf357f4fae35e2d76563d703,stSTX (token 8),0.145527,962383,0.1455,0.0036
2026-08-14T07:20:33Z,8759518,0x1950d078666a5f56d89f506b0a3f843b2e936c4f9c7dc22623ab9fa4f69e240e,STX (token 1),0.1226,962387,0.1225,0.0563
2026-08-14T07:40:31Z,8759654,0xa5d87fd87aa7b5e5731f7cf8826192e422268c2163cbc0694c3bf1623e7e663d,BTC (token 2),62909.82,962390,62938.89,-0.0462
2026-08-14T07:40:45Z,8759655,0x9e4ce210a39eac12739ab91f85eca850606e192d4329fa4773d00576c13fa2a5,stSTX (token 8),0.144599,962390,0.1447,-0.0663
2026-08-14T08:01:46Z,8759793,0x79fbc0be2529a8e1bb4f5dcc5c54c5b956d7ff6a1834e1b17debee9e518dd7d8,STX (token 1),0.1221,962394,0.1223,-0.1402
2026-08-14T08:30:35Z,8759989,0x2490672fd5472f0e12c6ae72a4a3095290c9faac11c57e9c400bc8cb87d9cd9d,BTC (token 2),62713.97,962396,62690.54,0.0374
2026-08-14T08:30:46Z,8759990,0x68b36206210cde119621939d5fe4429e433656bccfaeee75bd19d925f80aef06,stSTX (token 8),0.144362,962396,0.1443,0.0232
2026-08-14T09:01:40Z,8760165,0x0f5bac5fdcb3bf459a379e6a5f57b76897691fdc60805b59860c2e7b8881bd7e,STX (token 1),0.1226,962401,0.1225,0.0803
2026-08-14T09:10:26Z,8760214,0x7b71e013996ec38c5b371d29371d580a71ece2de61b846d6e53d9103a7cabc92,BTC (token 2),62816.879218,962402,62780.3338,0.0582
2026-08-14T09:10:34Z,8760215,0xe876084bbe83a90d91002572abfa984c93b84f880b3b0abe9648beb50b3a9221,stSTX (token 8),0.144835,962402,,
2026-08-14T09:40:31Z,8760371,0x644881bec7f81bb21f951509cafd9b5b226039d21d43a1c33c9afe874ee0658d,STX (token 1),0.1221,962407,0.1218,0.2443
2026-08-14T10:01:35Z,8760494,0x9705da2e1506ae3ec54c3a2e0b3e28ef33542ca02e52c752d8390058d82deed4,BTC (token 2),62725.527079,962410,62713.1682,0.0197
2026-08-14T10:01:35Z,8760494,0xc67a99b7462f5fe2044d3d085822d1124b3122000ef53b8060c5f626fa8ff174,stSTX (token 8),0.143946,962410,0.1438,0.1152
2026-08-14T10:01:44Z,8760495,0xe45feecfec1419c235cc74d3308f4081e14b659138e97828596a97be24df1b8f,stSTX (token 8),0.143888,962410,0.1438,0.0749
2026-08-14T10:20:36Z,8760604,0x44f3bb16453dd44b6405d79a2524df31f74c0422925c34b36f75bbf41b708487,STX (token 1),0.121786,962413,0.1217,0.1046
2026-08-14T10:20:36Z,8760604,0x0f38bbee744e621df87ec4207ddc4cf648af848bb1a31deff9d408c8ee06442f,STX (token 1),0.1217,962413,0.1217,0.0339
2026-08-14T11:10:34Z,8760902,0x969673dbf6e5163e2f13ba5a10918e91f091eb5611c1b61613a89022500909cc,BTC (token 2),62775.68,962416,62773.2859,0.0038
2026-08-14T11:10:42Z,8760903,0x00d058c408e8c7318419835882c3aa0a4553d46ce69fc8a0d9fd6e35bfc854f6,stSTX (token 8),0.143341,962416,0.1435,-0.0901
2026-08-14T11:20:39Z,8760964,0x1453e8ffe9e467dc8bc153922aeb391a566b31b698c28ec229544b22db86faa7,STX (token 1),0.121012,962419,0.121,-0.0292
2026-08-14T11:20:39Z,8760964,0xf092ab105a1d881c9ab31e238f3b729d2ad726f02bc47f3c28541e7828667e11,STX (token 1),0.1211,962419,0.121,0.0435
2026-08-14T11:40:42Z,8761087,0x65524f53ceef80dc8ed3605f81d58383d68e8ce6ca4809963e0b652ed1dc9808,BTC (token 2),62784.31,962422,62763.4483,0.0332
2026-08-14T11:40:50Z,8761088,0x8e2389c5a30e2ce12df8a24fdfe61c85f6c43de87e36a2dbe6ad59feb154518b,stSTX (token 8),0.14315,962422,0.1431,0.0242
2026-08-14T12:20:24Z,8761307,0xa85d39bab4a7d583ae0225cf99f381fa362553a60667afa34652d55fa3abf277,STX (token 1),0.1203,962425,0.1203,-0.038
2026-08-14T13:01:32Z,8761550,0xd159ef58f90cecfe7eb084d904947e0a05741ade26c68439a07d0d48930fffa5,BTC (token 2),62671.465961,962431,62651.9951,0.0311
2026-08-14T13:01:40Z,8761551,0x1a4572eae7d2bdda3aa2a46ff0c99dd0b6818c342e99bc51b2962481460ae32b,stSTX (token 8),0.142744,962431,0.1429,-0.0964
2026-08-14T13:10:40Z,8761603,0xadfd6bcd8b8361e21b98515c88cb02cafb23739410ecc6e161a543d281140103,STX (token 1),0.120558,962434,,
2026-08-14T14:01:34Z,8761933,0x43083c7ca9deff375817e7040a682ad9569c29196141f0e4143db11cd56cff74,STX (token 1),0.121503,962441,0.1221,-0.4946
2026-08-14T14:01:41Z,8761934,0x2a5b09f76757dd2e1fe4213b254dce857c7591329bbabf5743f6ade2e658bffd,stSTX (token 8),0.143892,962441,0.1446,-0.4944
2026-08-14T14:10:36Z,8761989,0xb1f8f12b53a20377c1f78f694b41db40170a8fa8a694926ae9ba5c499297c212,BTC (token 2),62547.46,962442,62577.3987,-0.0478
2026-08-14T15:30:34Z,8762423,0x2dc400e4bdb50de7e99b4f8d7b090d12e6f69961605fabd9d7be33f61210e938,STX (token 1),0.121571,962448,0.122,-0.3156
2026-08-14T15:30:48Z,8762424,0x003551d727c1f218cb6f52f29a16b73ca0630baccfffd838ba0fd3f49bca980e,BTC (token 2),62684.913511,962448,62761.8635,-0.1226
2026-08-14T15:30:48Z,8762424,0xb33a800de3d7862d4a90f0b80e08991b3a37f90c284b5065106cd1bb5f851845,stSTX (token 8),0.143973,962448,0.1444,-0.315
2026-08-14T16:40:41Z,8762810,0xc64af00a975f61fb59c56abbe6eaaaa4215169ee39ab68a07c2c5154b2dd83d0,STX (token 1),0.1239,962454,0.1239,0.0284
2026-08-14T16:40:41Z,8762810,0x78fc0d1a56ff14ea7a099f1e9febdc66ff5bbd8ee1fabdd1cd79dbb9512aa7a2,BTC (token 2),63109.24015,962454,63146.665,-0.0593
2026-08-14T16:40:41Z,8762810,0x968d1f09ba57095dcb0a75fce7b2b9e323e74fa79c7b37722a049bfbcbc4bb64,BTC (token 2),63132.82,962454,63146.665,-0.0219
2026-08-14T16:40:54Z,8762811,0x8a5477fdacc7a90add8ddae415b87cc473c1b49c47cca3ba169800f2fd0b7756,stSTX (token 8),0.146633,962454,0.1467,-0.038
2026-08-14T17:40:50Z,8763206,0xd2db69013a1bddfbba9c9738f1d1b042fe51a5890d2774d4b86bf7a4d19b2815,STX (token 1),0.122994,962460,0.1229,0.1082
2026-08-14T17:41:06Z,8763207,0xf38d71d589992c62426da8521358920e05ed9fac6bc3be6bd76251fa76769e0c,BTC (token 2),63071.883474,962460,63068.6618,0.0051
2026-08-14T17:41:30Z,8763208,0xa2b0d3285270925a169d60590f4737ca4df2e2626ddd7b8fb4c7497b5718ff7b,stSTX (token 8),0.145658,962460,0.1454,0.1494
2026-08-14T19:40:42Z,8763971,0xae1577205b8edbd396d7668b5e138eaf527c1b28a79fb48efdd012a032bbd769,STX (token 1),0.121457,962467,0.1215,-0.0016
2026-08-14T19:40:51Z,8763972,0x58e96f133d87615436e0f8b443a35acce0125be923dd1553c00ca809db8484ac,stSTX (token 8),0.143838,962467,0.1438,-0.001
2026-08-14T19:41:00Z,8763973,0x34a54dba060e20558fe59623fa2be4265784d0e28ab906ab1dfd8650b67a86f9,BTC (token 2),62869.07,962467,62900,-0.0492
2026-08-14T20:40:45Z,8764325,0x5786c8a7bd8ba6d2a91a1f02687ad8412fc25c3cabb13e3a7bb89ee3cac5f7a2,STX (token 1),0.1216,962473,0.1216,-0.0092
2026-08-14T20:40:45Z,8764325,0x3ef1f285c182759ae9e1600dc16c18e73b095a9d417b083565ae3f138ec58d86,BTC (token 2),62843.953649,962473,62840.2903,0.0058
2026-08-14T20:40:55Z,8764326,0xd601e536560d8a2b01c75ee9ed9397be47c3cdb16391a46dbb18077dfe6c7aef,stSTX (token 8),0.143826,962473,0.144,-0.1345
2026-08-14T21:50:19Z,8764785,0x0b0d94a604b9cc0e8567c5ecaf8bbe9dab4841006d63377f89207de9b3f1b0d6,STX (token 1),0.121645,962480,0.1215,0.1432
2026-08-14T21:50:28Z,8764786,0x696fb67997e62fcb12f5e5a44324005b3aa2d1e3c9246dfe4fe2d2008f307e17,stSTX (token 8),0.144059,962480,0.1439,0.1426
2026-08-14T21:50:42Z,8764788,0x5cb846419cbf5ec8c67c67f718bad9fc2e4be5238cd43eae7029d27e98b4eb5c,BTC (token 2),62843.98,962480,62844.1146,-0.0002
2026-08-14T22:30:52Z,8765046,0x6e39cd8eeeb776171d398aaeaeda532bbe4913554f29ef9b98bc5d128d9ed3ae,STX (token 1),0.1215,962486,0.1214,0.1031
2026-08-14T22:30:52Z,8765046,0xa7e7a6e4915891d1ebb01012bdf4a6b8c4db8374674df049dda913f90a8bcb40,STX (token 1),0.121485,962486,0.1214,0.0907
2026-08-14T22:31:00Z,8765047,0xdd0d1c17460b54ff953ed816255e804c7c946d7b0c1dc91dcbec1687550f8213,stSTX (token 8),0.143871,962486,0.1437,0.0912
2026-08-14T22:40:37Z,8765115,0xec7b9be51a0ecd26d10cdb68de0e8f9f1535d0a7b8714e91a2c3177dbf292c32,BTC (token 2),62814.179218,962487,62810.26,0.0062
2026-08-14T23:20:51Z,8765400,0x4ad17056b926103a08e9151e0e0d1487b11d98a46ccd9cf0cbb8df25597129d1,STX (token 1),0.121602,962493,0.1215,0.0666
2026-08-14T23:20:58Z,8765401,0xb0644d30df845e42fe6c4be09a0c174cd46bc0592e1c5d1f8b696c311305964c,stSTX (token 8),0.144009,962493,0.1439,0.0667
2026-08-14T23:30:25Z,8765461,0x5dc3dca4bb8bd5bef502189a45237e13b43f8a1ca57b2da72407db5eb46d5863,BTC (token 2),62890.16,962494,62887.6084,0.0041
2026-08-15T00:20:30Z,8765767,0x2fc963643a8bd17db12ed3fe0715fa8aa526d8930070a93488bc623f2befa63d,STX (token 1),0.122403,962499,0.1223,0.0985
2026-08-15T00:20:37Z,8765768,0x81db5f6cf5d2999439d3dfbd13fb48dd028bb785081d1f50d56d6460eb173dd4,stSTX (token 8),0.144958,962499,0.1448,0.0989
2026-08-15T00:50:47Z,8765989,0x9ea1685d3c1e74b5a89ee562c77ad4614cf974bd060ef50c3a38f7ef4347f86b,BTC (token 2),62946.65,962500,62952.8572,-0.0099
2026-08-15T01:40:27Z,8766320,0x6f1a05df78895a75c0211898aa48a0c71a7da167e74fef4e24eb9504aea4e273,STX (token 1),0.1223,962505,,
2026-08-15T01:40:37Z,8766321,0x0b6cdb6542f4db6243045c926f66fee6efc9e9573c8e49cfbf7763bc11538858,stSTX (token 8),0.144835,962505,,
2026-08-15T02:01:32Z,8766463,0xe5c809feb33cd807ef4140d1d2ce725b24eebc97d2132e58a9e60d657e1b1d31,BTC (token 2),62975,962507,62975.3753,-0.0006
2026-08-15T02:50:27Z,8766662,0xabeeffdd1214781f3d49f0cb47fc6cce96c42b13a04afd6209d1d55fa111d0a6,STX (token 1),0.122543,962511,,
2026-08-15T02:50:27Z,8766662,0x7588cfc076909e28700d4f17018d4f72b740c7b005b781c45f293ff16577897a,stSTX (token 8),0.145123,962511,,
2026-08-15T03:10:59Z,8766791,0x67682981586a8d639cb4ef99e5bad6090cd0c87a1fa718b6c4931430319c9577,BTC (token 2),63070.82,962513,63071.875,-0.0017
2026-08-15T03:50:48Z,8767015,0x6aeb9d9afdf79bbc8a254214ec6937e0cf46756791ca4fd073a6e0dea393de26,STX (token 1),0.122328,962518,,
2026-08-15T03:50:48Z,8767015,0x333a042cbbe33e01fcb13e5b4da423207f55ebe7f95b54da6583cf45499a1eda,stSTX (token 8),0.144869,962518,,
2026-08-15T04:01:26Z,8767084,0xe3ae6e63d7674317a5e5fcbe14bb2bed81da9725ab537a052bc0c96c105945e7,BTC (token 2),62986.882276,962519,63005.07,-0.0289
2026-08-15T04:40:33Z,8767342,0x8e57967eaf692bf718c2ef23d417a1be4a3bbca27cd1aeb54c6808d30184bf09,STX (token 1),0.122709,962524,0.123,-0.2178
2026-08-15T04:40:33Z,8767342,0xbcb1f58174abf4dae14d83dbc0dc418622709bb66a94dfedc0f360139cfc2d39,stSTX (token 8),0.14532,962524,0.1456,-0.2177
2026-08-15T05:20:37Z,8767565,0xd717fb6221fb96a5e987fe2eb8df7c49523ba2c9df61ee4e4f3b34f20eaa7c64,BTC (token 2),63084.669486,962527,63085.2195,-0.0009
2026-08-15T05:50:40Z,8767756,0x58ca53307b23d83ca12243be1316b02e0955b2bf05f606a31050ff24aafaf589,STX (token 1),0.122652,962530,0.1225,0.1436
2026-08-15T05:50:40Z,8767756,0x9eed98741ab7780bef1ecebf1e6d46da5c2fe3063f9ca7429ccb67da005de5e8,stSTX (token 8),0.145252,962530,0.145,0.1433
2026-08-15T06:20:25Z,8767942,0x4fae5eb929af3a00ca6a6ccb758b3e784a61356979108df8831615f64a48215e,BTC (token 2),62984.972849,962533,62984.2216,0.0012
2026-08-15T07:11:24Z,8768312,0x7e5971f61734c59de598ee0c4f0c5b283400fcb73aefdceb6a01a6af21440a3c,STX (token 1),0.122479,962536,0.1223,0.1617
2026-08-15T07:11:24Z,8768312,0x771daf2fabf4afa2b94b94fdc8a505c2cbb86c9990d4bd056f42b7d279953ec8,stSTX (token 8),0.145048,962536,0.1448,0.1621
2026-08-15T07:40:40Z,8768489,0xec4d4322dce1e947ee06ed1d67b6b281043d9bd437f9fb779c2885800f25fb20,BTC (token 2),63017.1,962540,63023.4079,-0.01
2026-08-15T08:01:46Z,8768621,0x26b9f875ad590695a0c95be4cc1ae70b4878796285525c43451228384c7f699a,STX (token 1),0.121847,962542,0.1219,-0.0664
2026-08-15T08:01:46Z,8768621,0x8dc22dcdf4bd4561b30d86257dec21a0fbe9517e82063de9107bdd32bc177c41,stSTX (token 8),0.144299,962542,0.1444,-0.0664
2026-08-15T08:50:31Z,8768924,0xe9562d03938679e31e8c49e71b5559f3c9f2450679186c1f81d1730659002cf0,BTC (token 2),62989.080987,962546,62974.4625,0.0232
2026-08-15T09:32:50Z,8769169,0x30277a5d61c0da05a601d92154ea64dfedc82837844bde220ad5521049bd076c,STX (token 1),0.122216,962551,,
2026-08-15T09:32:50Z,8769169,0x7b81a2a636cbfa233baceaf9b2113af5738a22a393271f19026f7c70c585db52,stSTX (token 8),0.144735,962551,,
2026-08-15T10:01:40Z,8769362,0x979468d4b526a454597752c21932c75953e1db4dd3f77151403b3ff958915f2b,BTC (token 2),62963.455656,962554,62962.4054,0.0017
2026-08-15T10:20:42Z,8769481,0x7db034c44d85db2759b440d15e3cfb332c4ee1cc882e09f99aea746e37656dcf,STX (token 1),0.123513,962558,0.1234,0.1096
2026-08-15T10:20:42Z,8769481,0x2909292d38f7c6c6303a4a1989785cd77328151b1cd0789f9b947cdab1170331,stSTX (token 8),0.146272,962558,0.1461,0.1096
2026-08-15T10:50:35Z,8769645,0xe11fe064f9674ef0115a791814cd2e8decc0dc37e279e2466eb49bf1ce8eb03c,BTC (token 2),62977.933344,962560,62986.1819,-0.0131
2026-08-15T11:40:22Z,8769904,0x9c522e28d51bf46f9f0047a237a4546c80edf5f264812034a16ce51c95e298ad,STX (token 1),0.122919,962567,0.123,-0.0471
2026-08-15T11:40:34Z,8769905,0x26c800f716b74d1ad441c7e4c19f4e31a72cc0fe1077cbd84be7db8836200419,BTC (token 2),62965.196459,962567,62970.08,-0.0078
2026-08-15T11:40:34Z,8769905,0xe4f51ae67e66b6871edb7ec5e332322f260ccc57954b9984fdf71e43ab2f4b7b,stSTX (token 8),0.145569,962567,0.1456,-0.0468
2026-08-15T12:40:32Z,8770226,0x602e7cacbc52344c82d65c4575014a16b7f5c8bf5400cc2459411790cd395def,STX (token 1),0.123618,962574,0.1236,0.0418
2026-08-15T12:40:32Z,8770226,0xef6e2242b97dd70f249bc3cf0d4c6f037c9704d84215c8d8e80691f8ee5aa154,BTC (token 2),62918.02647,962574,62901.9924,0.0255
2026-08-15T12:40:32Z,8770226,0x60aa4bbbc68b2223d2c325bf86bea24ae94ef2aaaf9ea37e90a20b53de3923a1,stSTX (token 8),0.146397,962574,0.1463,0.0422
2026-08-15T14:01:44Z,8770707,0x131659cef35e1eb585d83ddec817b91224099bfbc0bd2ec443abf8a1ad4dc918,STX (token 1),0.1229,962580,,
2026-08-15T14:01:44Z,8770707,0x0d5bd31bf3e8f44503ed4f795c4f4cb9ea4780ccd8e54be2dcc53df2683ab983,BTC (token 2),62973.83,962580,62970.3208,0.0056
2026-08-15T14:01:53Z,8770708,0xf76be5db5639c9d8115b5d4052eb677fecb7ec02ea146a9c38504f74af5b66fd,stSTX (token 8),0.145645,962580,,
2026-08-15T14:01:53Z,8770708,0x8e583b46123247c9beb3fa585372ef0b5169c6e6c249836ac051a64b5556c83a,stSTX (token 8),0.145546,962580,,
2026-08-15T15:11:12Z,8771135,0x09943f9b4661087b49b330fe1a1badec407fdacb309f5f1f820160d8a567c0eb,STX (token 1),0.123245,962586,,
2026-08-15T15:11:12Z,8771135,0x8607eedebd6d782dae0472e222934910bd537c706e6d02c0f0e63f2d361646c9,BTC (token 2),62970.709372,962586,62970.666,0.0001
2026-08-15T15:11:22Z,8771136,0x25cede5f880062d08ad4431e85a53845960af1cf00e8970dfd09d5d23ec11a9c,stSTX (token 8),0.145932,962586,,
2026-08-15T16:01:38Z,8771424,0x0dcede268b992ee6656188f565dd08791bd1b3927bf7b92608c2cd4f4d4bd082,STX (token 1),0.1238,962593,0.1237,0.1161
2026-08-15T16:01:38Z,8771424,0xa947277eb38e3fb44b2c8aafeb28f92e20ad9654d7f17672d440220ec5b02b12,BTC (token 2),63030.87909,962593,63014.5183,0.026
2026-08-15T16:01:38Z,8771424,0xf37ca4b4fcad1e16f138e7f7ad5fb17ec478186d5e779ded6ea3b733a815d1bf,BTC (token 2),63022.75,962593,63014.5183,0.0131
2026-08-15T16:01:49Z,8771425,0xd9ca5e6d7428e63a84bdf0e9d6e2f2d0168531f078f6b7ed02fe05cc030897a3,stSTX (token 8),0.146462,962593,0.1464,0.0138
2026-08-15T16:50:29Z,8771687,0x5db7f10a9b308ed7014c9adfa0f8fc08e7f89f8e10463c76e2d9f41da394ac70,STX (token 1),0.123765,962602,0.1238,-0.0333
2026-08-15T16:50:37Z,8771688,0x1aa7780aa4f3c29e7cebe9bf5c05f5c5469116edbbee0677d31b0536c0995b4b,stSTX (token 8),0.146571,962602,0.1466,-0.0329
2026-08-15T17:01:35Z,8771751,0x4d99bf323a97b040aefc1ca39dced1161b0f08be02e27b9d011a47aa8502d683,BTC (token 2),63028.018906,962603,63022.71,0.0084
2026-08-15T18:10:41Z,8772066,0xfa1e02932c1a7d441298dd1569fe57c1de7b267aab1fc59ba74cbf841b5267e8,STX (token 1),0.1237,962608,0.1236,0.0647
2026-08-15T18:11:00Z,8772067,0xce934c88bb5c4500c9c479efc48c6b3b24b281a9c4616e36e9cf3e9daad66452,stSTX (token 8),0.146424,962608,0.1463,0.0981
2026-08-15T18:11:00Z,8772067,0x752ec231a273071de11d808c16df0086e99027bc6bf25516f2ca592e518783c0,stSTX (token 8),0.146493,962608,0.1463,0.1453
2026-08-15T18:20:30Z,8772118,0xfc5b0898fa1e3d5b703951aab029da1db7f020fa0f31f4bc79b8c58ca345ea1d,BTC (token 2),62976.72,962609,62979.1024,-0.0038
2026-08-15T18:50:53Z,8772302,0xe634f9f03ebdf35b3509ebc93a4795a9d6708d24b83429ae90860858efde64ac,STX (token 1),0.123154,962615,0.1231,0.0677
2026-08-15T18:50:53Z,8772302,0x42e3c422951c98e1bb61b6f7aec65b97c724773f8bd74affac4a46a628b95fb8,STX (token 1),0.123,962615,0.1231,-0.0574
2026-08-15T18:50:53Z,8772302,0x6e7177bc5ac61dd19d9a0995c1fa53675b4c472b13e0aaf90e8454dbce9593c1,stSTX (token 8),0.145847,962615,0.1457,0.0678
2026-08-15T19:10:48Z,8772409,0x213171a56ab9a35e3cbdc19d6b965fc89cc2fd85e2b956f358d00711762e06b9,BTC (token 2),63012,962617,63012,0
2026-08-15T20:01:10Z,8772661,0x7df064f42d6bd1cd727bd2d10a32326a549d0c7d08b6ce5ea15fb42b692074ff,STX (token 1),0.1231,962621,0.1231,0.0309
2026-08-15T20:01:17Z,8772662,0x93a69f29f0b06d33f6e5bd084e9edd7ed64292bdd7f68af8362a0810b22eeffd,stSTX (token 8),0.145783,962621,0.1457,0.0309
2026-08-15T21:01:29Z,8773072,0x54bd79707bf13bc340eddf64428433914d15304aaa0e96d8c4f8007f07290a07,BTC (token 2),63030.96,962625,63031.37,-0.0007
2026-08-15T21:40:30Z,8773260,0x91acb600bf930414200dd8f07ac46b02f186aca4eaf140d11cfc0dff851f3341,STX (token 1),0.12315,962628,0.1231,0.0289
2026-08-15T21:40:41Z,8773261,0x9d0a18baf0db33e740b61a2c7070ecf5c7d76f7d443480941441b5eac9d05072,stSTX (token 8),0.145842,962628,0.1458,0.0288
2026-08-15T22:01:29Z,8773336,0x076c8d50e988fe0faf4acc9b6e425e610b5bac21fff5a1f784b7ba0ad9291625,BTC (token 2),63087.861958,962631,63089.5551,-0.0027
2026-08-15T22:40:33Z,8773571,0xfb3e9cf51db22644d257508a83242a29fe0fbdbb029633de76527bcf4384ae61,STX (token 1),0.1234,962634,0.1234,-0.0114
2026-08-15T22:40:42Z,8773572,0x9697867fae2edc3d4e56754649d16f00f8b1e5041748b0a4d49422aaa8e81e75,stSTX (token 8),0.146138,962634,0.1462,-0.0115
2026-08-15T23:01:50Z,8773706,0x7b6b5377a0b068d19375ac7559e48f336de84e8fcf699fb3572ae3e8a356d0ca,BTC (token 2),63069.431681,962637,63060.3892,0.0143
2026-08-15T23:30:30Z,8773876,0xce1530f1de7ede5f74f62cb6693941a77862f638e492dbebd5833d18c6a6d54d,STX (token 1),0.122448,962640,0.1225,-0.015
2026-08-15T23:30:30Z,8773876,0x41d2951affcc698f1f9d637a6c5280b867ff162bc173410d19bc38ba7262d7d4,STX (token 1),0.1223,962640,0.1225,-0.1358
2026-08-15T23:30:48Z,8773877,0x892e9d0bb2c460009a02c0b379640ebd5ce433f3dce6d35d260b974c001b2807,stSTX (token 8),0.145011,962640,0.145,-0.0148
2026-08-16T00:02:09Z,8774064,0x465012ce55a53d81b3aafa8f9220beb52eec339c95f9a15da953c495d24fba6a,BTC (token 2),63019.915827,962643,63007.504,0.0197
2026-08-16T00:10:39Z,8774103,0x83c262cea48bf9cf4ac92480c49cca0d383e6c842940a149e9b8b2bcb9ef4b91,STX (token 1),0.1216,962646,0.1216,0.0219
2026-08-16T00:11:02Z,8774104,0x9ace9b3098a6efcfb440ab6c7048df1966eeb28c01b5d6248a0d65d99e057d2f,stSTX (token 8),0.144057,962646,0.144,0.0569
2026-08-16T00:11:02Z,8774104,0x9b7d3f6ad86bfcbd040922b7b8ee208daf873062df7a555724829fbff955c761,stSTX (token 8),0.144007,962646,0.144,0.0222
2026-08-16T00:50:47Z,8774335,0x3f83408770a01096bbd534107baebad23b5de6c80dceca5c1b4f210cd451d4b7,BTC (token 2),63000.03,962649,62999.5123,0.0008
2026-08-16T01:20:29Z,8774503,0xd3b5ed09a76eb686b578db7c562848c5559694080a2d14cf376980155ec94249,STX (token 1),0.121683,962653,,
2026-08-16T01:20:29Z,8774503,0x32790f0a0aa6ebbf950bb2e3e147e627a9811f38a1734559af719d3b1674f312,stSTX (token 8),0.144105,962653,,
2026-08-16T01:50:40Z,8774672,0x230e9b289b06c9ae909459cb205340a610ef0b7bc52b1469781202fc7bae2b16,BTC (token 2),62996.345525,962655,62998.8,-0.0039
2026-08-16T02:10:54Z,8774776,0x65c078ca07b305e1f4fb61b60a75f9cb8151f8c38de84993e8d44895dab18064,STX (token 1),0.122,962659,0.1219,0.0671
2026-08-16T02:10:54Z,8774776,0x88deca9d9de03fb1c574a6aa48ad2c58eca8e7ab580e2e1a0b5e0b413c8c21e9,stSTX (token 8),0.14448,962659,0.1444,0.067
2026-08-16T02:20:36Z,8774826,0xdd841ede1b8ff370c5a18e3a8e91f23ba1e228adaf02d7c68a4db37a85b5d891,BTC (token 2),62981.98,962661,63011.8836,-0.0475
2026-08-16T03:01:36Z,8775082,0x6244e36d2e74d23f3fdf1ee2397974afeb6b9455fba1642a5178ec467a6e0a55,STX (token 1),0.1222,962666,,
2026-08-16T03:01:45Z,8775083,0xaa5a940455cd2a06c31ebe0192e288936ce0442d623d001c76190b41f673d16d,stSTX (token 8),0.144717,962666,,
2026-08-16T03:01:53Z,8775084,0x5c9b785b23981ecc0350e2dc5ab8b2822aa682de0e18a13140f8db69f1be0a6d,stSTX (token 8),0.144679,962666,,
2026-08-16T03:50:39Z,8775413,0x893a500d13df9dc43c7fb59cb6840b2ff49c88bb35b13bc47ce87b33550d3e16,BTC (token 2),63059.279061,962669,63058.3829,0.0014
2026-08-16T04:10:27Z,8775536,0xafff321ccf46a7f2ab2182d5c2337111fb8bb5fb1387ca4adf6b5bd6fe511042,STX (token 1),0.1221,962672,,
2026-08-16T04:10:40Z,8775538,0xbb6677a5ab2d07e87d0349ae12c523c44588e0a6f9eb97fc1509c3d7454aafad,stSTX (token 8),0.144599,962672,,
2026-08-16T04:40:27Z,8775715,0x2c49f1b40178c57727380f55beba4cfb1413aa22920d1cd51d1ad836a7dac1d8,BTC (token 2),63053.446085,962676,63052.99,0.0007
2026-08-16T05:01:34Z,8775848,0xf0eefd078706894b189b3e3064f06d4b167422a6f828a40a4594edd9d5c0ab94,STX (token 1),0.122122,962678,0.1221,0.0492
2026-08-16T05:07:25Z,8775883,0x5048f393c4a03cd69696147a74d1cb7ac13d7d03925fe83213adf9281c9b411a,stSTX (token 8),0.144625,962678,0.1446,0.0085
2026-08-16T05:40:30Z,8776052,0x55f8ba4c2f4240ccb538f5acf359b0b283f1c9f2b011333924c3114c31ef5324,BTC (token 2),63006.953107,962682,63003.7153,0.0051
2026-08-16T05:50:28Z,8776113,0xe93e48f7fb458b1f6312b7c6148f00f1db3aec415409ca259a2c3db82b33e04b,STX (token 1),0.1217,962684,,
2026-08-16T06:01:54Z,8776194,0xd7eef4ff5da87e8dd4ed002194adf1ed941a97dbd08821a3b5908dcc410ad7f2,stSTX (token 8),0.144158,962685,0.1442,-0.0232
2026-08-16T06:01:54Z,8776194,0x4b9d2f84a5de8874a1f41239ca9f7c272d6889e3da590717f3770479ede8a346,stSTX (token 8),0.144125,962685,0.1442,-0.0461
2026-08-16T07:20:36Z,8776656,0x10ebc2e1c9dcb0a84dffa080b8637c60bb8ea490e4e7f2ebdbf5d9b520c15030,BTC (token 2),62985.032964,962689,62991.6329,-0.0105
2026-08-16T07:30:36Z,8776715,0x896e3d35dcc6aff708fe5043a74fa9477d5e924496a7155b6efffd513907ba1b,STX (token 1),0.1218,962691,,
2026-08-16T07:30:48Z,8776716,0xd16bd6e964ad18b62d399311601fb12db7152f580e9f9b04087ba60efb8e8f9d,stSTX (token 8),0.144243,962691,,
2026-08-16T07:30:58Z,8776717,0xa3050679e7f3d22d574b0898995c2533d1a711cf3e0eaa70e23e46dda5d89715,stSTX (token 8),0.144319,962691,,
2026-08-16T07:50:39Z,8776811,0xc91c27b393712a1cc46839e44e65cc1b3a27a9b2d99d661d7278dc6b1fb6bde4,BTC (token 2),62986.5,962695,62990.32,-0.0061
2026-08-16T08:20:47Z,8777004,0xfba629dfa3f8c1fd1fc9227096c2acd8b23752233551672646b023893898ebec,STX (token 1),0.122161,962697,0.1221,0.0513
2026-08-16T08:22:24Z,8777012,0xa895467f0b64f977904d8fb9054307ebc9ded13ca5a5403c87b02691156d90cb,stSTX (token 8),0.144671,962697,0.1447,0.0104
2026-08-16T08:40:38Z,8777132,0x850b73e60a6dfe415cc9afcf8445bb90407ebe87eaf44fb16e54e18314714399,BTC (token 2),63003.19,962702,62995.0891,0.0129
2026-08-16T09:20:29Z,8777371,0xa09ccedcd0c568e45e7c420ce3451073d1b57e856bff4e0beebaab64c4e4cbf0,STX (token 1),0.122227,962706,,
2026-08-16T09:20:29Z,8777371,0x1a51aa967cf22b43f448891e511911a87f7572af620535fd0ef0d3432067d85b,stSTX (token 8),0.144749,962706,,
2026-08-16T09:30:31Z,8777441,0xdda25ec5d43faf912604f790924e15288b44de5c14361a5b0b31c9cd840502af,BTC (token 2),62993.11,962709,62993.1,0
2026-08-16T10:01:45Z,8777634,0xdbd67c6050dbc19a900c61f40c88142fdd365c6763f10794ba175763c54b704f,STX (token 1),0.1223,962717,,
2026-08-16T10:01:53Z,8777635,0xa291d308e7e0ca654ec8adfe75d63297ec95f2723dc96654735739423b880085,BTC (token 2),62910.898613,962717,62910.231,0.0011
2026-08-16T10:01:53Z,8777635,0x517ddbaa20807e58a370c8d5e26f82aaf3e53ff8a2b252748e28caffb3d14e2d,stSTX (token 8),0.144668,962717,,
2026-08-16T11:20:36Z,8777947,0xc26d2431bbe64f64b5ff66e45f533af62867d2a6a71d4e2facec98944d4171a6,STX (token 1),0.122326,962727,,
2026-08-16T11:20:36Z,8777947,0xf84c834f7bbeb64d143b7c913beb3ab8f40f1998ad6848325c784465314b68e9,BTC (token 2),62933.491507,962727,62932.5672,0.0015
2026-08-16T11:20:46Z,8777948,0xe2b52f632c79764a9ce5ff59e890c422c56f17802f5134b86a8e88862ab5f91f,stSTX (token 8),0.144835,962727,,
2026-08-16T11:50:40Z,8778103,0xf9ec51ac6ba59ac739b20c2bd06940853648b5219627fdf2d0a30bc989ef4a7c,STX (token 1),0.1224,962733,0.1224,0.0294
2026-08-16T11:50:51Z,8778104,0x9e7dc5531b50fa27c7ce6572f1c841c1295d41dda5d7fbb134d18f5fd2340d14,BTC (token 2),62915.654895,962733,62910.22,0.0086
2026-08-16T11:50:51Z,8778104,0x269b1d2a5a6894c77f67f1f6ed0010a2a5d28737b31e19b387d6bc47c0f1a19f,BTC (token 2),62908.97,962733,62910.22,-0.002
2026-08-16T11:50:51Z,8778104,0x1db72e6920b9e13b8bab22048ce5c863e2c655167cc4d7e75cc56c681597b0da,stSTX (token 8),0.144898,962733,0.1449,-0.0092
2026-08-16T14:10:39Z,8778962,0xfff782d45e5b715673bb82d73b5e8efbd8e9ca1ac6ffbd71891e051bda7cd71f,STX (token 1),0.1223,962739,0.1223,-0.0165
2026-08-16T14:10:49Z,8778963,0x29273bfbb87798343e78235619022eeaa92f06df4f67191c96801a486b41e58f,stSTX (token 8),0.144835,962739,0.1449,-0.0169
2026-08-16T14:10:59Z,8778964,0x061ae1d7004ae9e0b240795b00511a784a56261c2d061937964b214a7eac8805,BTC (token 2),62997.367412,962739,62994.94,0.0039
2026-08-16T15:01:41Z,8779236,0xf3d54e2c4a70950bf7b00f405bc1863f9c4ebe1d2a7146c63ccfb3269f8e3e92,STX (token 1),0.122143,962746,0.1221,0.0694
2026-08-16T15:01:49Z,8779237,0xc48ca457088f6f8f33288f3e7b5f311434e1f3d7d11df2870ed29bd3323f603d,BTC (token 2),63035.184327,962746,63036.7824,-0.0025
2026-08-16T15:01:49Z,8779237,0x10453169f1ee98bb424434ae124e025ec19c075d4fd62659352b316a7ba7f5e2,stSTX (token 8),0.144654,962746,0.1445,0.0725
2026-08-16T16:10:48Z,8779594,0xe3a10c775567873518870febdfa9984b5633edfdcba76d88a989ddfaf3fb0ab5,STX (token 1),0.1225,962754,,
2026-08-16T16:10:48Z,8779594,0x1ba2ba8f3a87aa0ec8bca846ed8c8d4f69f81603d96b4c94ce31f161452883bd,BTC (token 2),63088.77,962754,63085.4712,0.0052
2026-08-16T16:11:01Z,8779595,0x6aaadf319705a183f6bc493d99b82f0658b25d3d3b4954b05866879fc65a5220,stSTX (token 8),0.144969,962754,0.145,-0.0348
2026-08-16T16:11:01Z,8779595,0x950ddbbb0e6d4041a7b110cb66cde203638d7771325c7218c4c3dfc0ce9d6045,stSTX (token 8),0.145072,962754,0.145,0.0362
2026-08-16T16:40:29Z,8779775,0xcb3e3cad66269892bd27ac1c5b83b7a0284110d6e375accebd284646dfbfee9b,STX (token 1),0.1227,962760,0.1227,-0.0041
2026-08-16T16:40:29Z,8779775,0x77e284d890dee21ef5249266c7f2426935fcb66ae37307ad3adf7e55e356f967,BTC (token 2),63233.32,962760,63225.316,0.0127
2026-08-16T16:40:39Z,8779776,0xb0bf6a681679f9795df99075832e01b70e47c922d0dabb567095a23df5ad1d7c,stSTX (token 8),0.145309,962760,0.1453,-0.0042
2026-08-16T16:40:56Z,8779777,0x93f633c5fe4317639c256c239cc5a751c13411e51f716b22dfede8c4c1e96122,stSTX (token 8),0.145483,962760,0.1453,0.1155
2026-08-16T17:40:30Z,8780148,0x6384c56f52e1f73996f9c81c5ee1a398292f559816f7a7d045f34bc15467aab2,STX (token 1),0.1229,962767,0.1228,0.1181
2026-08-16T17:40:38Z,8780149,0x5af7dd37f84d930c63aa4b98857faa6ef0fb2465bde2329d6b9b7d2c6d4a0f30,BTC (token 2),63121.49,962767,63115.4358,0.0096
2026-08-16T17:40:47Z,8780150,0x4246eff9cff2cb5b7326a8e05093185e3ce297e5907bdc6bba86606bac08ec76,stSTX (token 8),0.145546,962767,0.1454,0.1181
2026-08-16T17:40:55Z,8780151,0xca24b46bce12ab75511023eacb14566d9434670f36842a52a21b0742db80b831,stSTX (token 8),0.145293,962767,0.1454,-0.0559
2026-08-16T19:40:44Z,8780852,0xfc09110014e75cc4600d8ad3c95a9fa24821f75978fccb5708345fc7f77d4d61,STX (token 1),0.122372,962773,0.1224,-0.0453
2026-08-16T19:40:51Z,8780853,0x505adcb4e956d04ab99014495bfa20a4be0ef1e9ff31c334bdf1df9d3f32f254,stSTX (token 8),0.144921,962773,0.145,-0.0451
2026-08-16T19:40:59Z,8780854,0x87990079e29870b735e37f303926b8d09a0e415f29b695e1b73af04217c9835e,BTC (token 2),63149.05,962773,63145.0917,0.0063
2026-08-16T20:30:25Z,8781087,0x27f3c4b15c9632d9c422bbdede0ef655109fe7dacd0ee8af1b9fd32adac9a046,STX (token 1),0.122291,962779,0.1222,0.0548
2026-08-16T20:30:32Z,8781088,0xb46a5bad9bcf3ca7ef0d316a8b7a95dba8f6cff14ef2a7432cede67e8e7b5486,BTC (token 2),63026.275282,962779,63021.0214,0.0083
2026-08-16T20:30:32Z,8781088,0xefea6eaa9f5ebe75e3dac9a6850609bc77a3d92a5864aeae6c22eeb56714d873,stSTX (token 8),0.144824,962779,0.1447,0.0543
2026-08-16T21:50:24Z,8781494,0x3b989408987d703d93a55eab44c54424e53249524133a8d98dc57579454f8696,STX (token 1),0.119553,962785,0.1201,-0.4307
2026-08-16T21:50:37Z,8781495,0x261413588d76dcd5ad24a8cf2be2c0b8525f60fd9c0ddd8e70d7c715f9da390c,BTC (token 2),62893.793378,962785,62905.2788,-0.0183
2026-08-16T21:50:37Z,8781495,0x5923e576adc0f6e7e5620e29fbef1a99ff36c750f5573c0a3f9956fbe84e31f9,stSTX (token 8),0.141582,962785,0.1422,-0.431
2026-08-16T22:20:30Z,8781651,0x97c9bcfad824849919808fd7853891049ee4195ce7e5f189af99ec7611a217d1,STX (token 1),0.1198,962791,0.1199,-0.0587
2026-08-16T22:20:39Z,8781652,0x58b8b1a2ef67b3e80fe439e606d21653aaa59112616a7245945dcd3f09208f26,BTC (token 2),62843.96,962791,62830.17,0.0219
2026-08-16T22:20:52Z,8781653,0xafcdfa23581860595e6088ea6c4be437383645efc441e60701aac8a409e6b5da,stSTX (token 8),0.141875,962791,0.142,-0.0586
2026-08-16T23:30:41Z,8781990,0x446840a054bf7a3b827595c28c79134e7253b6450356ea67b0416fdb8478cf98,STX (token 1),0.120508,962800,,
2026-08-16T23:30:55Z,8781991,0xb33837f4c7da9f585f39d690b2281b05be400c66757337c507ba1e1bb360ae0c,BTC (token 2),62769.386257,962800,62773.2025,-0.0061
2026-08-16T23:30:55Z,8781991,0x4264dfae185c5261b8314e6a3af0044e995bb05d38f67979a3bdf0daf6b0324a,stSTX (token 8),0.142714,962800,,
2026-08-17T00:31:05Z,8782279,0xda13906e90d75b085d6f329de4582d44d36522230cfea0389df732b236843e9f,STX (token 1),0.121507,962809,0.1215,0.0326
2026-08-17T00:31:21Z,8782280,0x4bf59e70399a63602f5145a92a12d05a1f8fb6521c56b9bc6b6efa49cdf2fe8a,BTC (token 2),62795.844716,962809,62705.2,0.1446
2026-08-17T00:31:21Z,8782280,0xb937ca8da07188902a41e81692cb97420aef358043895194bff7dadbfe4e7e46,stSTX (token 8),0.143847,962809,0.1438,-0.0018
2026-08-17T02:10:42Z,8782861,0x308c200fee3202394299679e9e0226a1ca3d73f6b1b1293340046c1673041e2c,STX (token 1),0.1211,962816,0.1211,0.0255
2026-08-17T02:10:42Z,8782861,0x90b8463075934190be5f83009f71dad374ea6a0d5fac49ea576c9069a8d617d1,BTC (token 2),62993.56,962816,63003.1131,-0.0152
2026-08-17T02:10:52Z,8782862,0x015b473a29d963516db25d8d77c683679832d668921685cddc4662dc4c708eb7,stSTX (token 8),0.143659,962816,0.1434,0.1961
2026-08-17T02:10:52Z,8782862,0x835488b3794ba92d9eeb124f5d7e05f8ba369eb58ae4cf1295d184b8583ff9bc,stSTX (token 8),0.143414,962816,0.1434,0.0253
2026-08-17T03:20:35Z,8783255,0xea187df5d63c467bd1e7e5a58a585131e871aa90efd934b024075d89b3e04a97,STX (token 1),0.1214,962824,0.1213,0.1061
2026-08-17T03:20:46Z,8783256,0xbf4612e45afe722361d89efd7cc38b3dda9f7b63dc02e411ae2dca091269d105,BTC (token 2),63289.45,962824,63309.78,-0.0321
2026-08-17T03:20:46Z,8783256,0x6ce8574b7bcd53be8b82ce388eccf556bd245e08c12fa80ed8395cc72a300021,stSTX (token 8),0.143826,962824,0.1436,0.1453
2026-08-17T03:20:46Z,8783256,0x7c6eb327f904ab9daee929301907caaea60dfc96ea6b6c5f3969a3eaf89ec15b,stSTX (token 8),0.14377,962824,0.1436,0.1064
2026-08-17T04:01:53Z,8783502,0x20d84a93439aa678ff689a62ff4658308129a48f79940a504f05acf646ebc8d3,STX (token 1),0.1213,962830,0.1213,0.0186
2026-08-17T04:01:53Z,8783502,0xf937bd982c3330c04164f3bc8ae65c563ee0cb4fa8c260e7d54622180afdc288,BTC (token 2),63362.421688,962830,63423.1778,-0.0958
2026-08-17T04:01:53Z,8783502,0x614a237096ccea08808083a8d6e9649b0fe173ec7240e90ad96a9fea3004efed,stSTX (token 8),0.143671,962830,0.1436,0.0324
2026-08-17T04:50:47Z,8783824,0x745780219ebce9f9a9d9c52d7629d5c85bab5f23d456d4820be40e86012cc763,STX (token 1),0.121244,962836,0.1211,0.0961
2026-08-17T04:50:47Z,8783824,0x488a583c60462a2927ad6ba54eb702ae10e078f2cee4f7dea36016f20f7f1c05,BTC (token 2),63492.066741,962836,63490.25,0.0029
2026-08-17T04:50:56Z,8783825,0x90bf48377a8b9f66896a8265bbe4e4e80e5c50578ea3813d18deb94874c20d91,stSTX (token 8),0.143585,962836,0.1434,0.0962
2026-08-17T05:40:48Z,8784095,0x5783b7b88f4faadb2dc82b7e37a8b12b1affc2a99e8084dc5353335d523c60ee,STX (token 1),0.1211,962842,0.121,0.0618
2026-08-17T05:41:01Z,8784096,0x1a5422acb3f8da0d7842cd932d67e6336e579c9e702b494290eabe8d0d41618c,STX (token 1),0.121119,962842,0.1212,-0.0463
2026-08-17T05:41:01Z,8784096,0xb7eafea7b551af9781dd8d832816352e899135d6a2dd054136cedc73314a1a30,BTC (token 2),63386.550664,962842,63401.4292,-0.0235
2026-08-17T05:41:10Z,8784097,0x242cc3a7209883972237fd1281089e6b7d69f0255c99498c128fbabadbe5e0ed,stSTX (token 8),0.143414,962842,0.1435,-0.0622
2026-08-17T07:10:48Z,8784607,0xd90fc296a5794d1647b1e7ee7c8f12100511ded82009be9e8e066364dc8cea68,STX (token 1),0.1214,962851,0.1213,0.0679
2026-08-17T07:10:57Z,8784608,0x259ead3e34b65e8c802ab9821a2c321baae7b616d27347779dbbfe50e5f69669,BTC (token 2),63528.574225,962851,63536.17,-0.012
2026-08-17T07:10:57Z,8784608,0xdcd8cd3c3bd8f9347b496a89e258b788a4d5d3ce27cfb116c1599b4c8d8b303b,BTC (token 2),63537.8,962851,63536.17,0.0026
2026-08-17T07:10:57Z,8784608,0x543379c6f1fa7530e10f1f1e3769aa57957fdc53999bd3de15a87845296a5830,stSTX (token 8),0.14377,962851,0.1437,0.0681
2026-08-17T07:50:46Z,8784839,0xf07f545b699eadc48ea793deec1b6d383effc9791f8ee3a2a457470b028648a5,STX (token 1),0.120966,962857,0.121,-0.0017
2026-08-17T07:50:46Z,8784839,0xbfdf8ee8c4cb7db51dab6552dbe4e55b907836d041ab600018e8ccc910a37d87,stSTX (token 8),0.143256,962857,0.1433,-0.0014
2026-08-17T08:01:59Z,8784898,0xfd7e64989d0c3a7d0227d89a38a5f5fe2eb9bca8046fcef8a939decae4ba2ed4,BTC (token 2),63471.091715,962857,63434.5975,0.0575
2026-08-17T08:50:46Z,8785156,0xe54f3953268f8e4212b913b6fb39584f04c6035099b55e024c007202d86bce72,STX (token 1),0.120956,962863,0.1204,0.4624
2026-08-17T08:50:46Z,8785156,0x64b58184eabfd650074b67408e4944ce09c5a20651ded66d178a722702f7c08c,stSTX (token 8),0.143244,962863,0.1426,0.4625
2026-08-17T09:01:53Z,8785222,0x0e8fd815971730084279a71332a6c85b371479d3672fa4698d7314d15e5092ff,BTC (token 2),63317.449681,962865,63321.49,-0.0064
2026-08-17T10:10:45Z,8785540,0xaa5be8b8409f37e3cd341955eb33312337fcf2d3adef21b1c154272209e5af50,STX (token 1),0.1212,962872,0.121,0.2018
2026-08-17T10:10:57Z,8785541,0x5a55303cf4c51f2aaf3862466c55b2dc3424b50c0e21f7e865fb584d126a0e53,BTC (token 2),63229.48,962872,63239.59,-0.016
2026-08-17T10:11:08Z,8785542,0x8841b3c190d5ba6216bdacbcb19d2174b96a5e461b5bdf2af8f9f5015cb8a6cd,stSTX (token 8),0.143533,962872,,
2026-08-17T11:01:51Z,8785746,0xe2720c39d26693af5da56253dbfa4a94f2333443572911988dd27de6a5976dab,STX (token 1),0.121303,962878,0.1216,-0.2065
2026-08-17T11:01:59Z,8785747,0x1fdfe9964fd0345b69772e739ef1a6aab0f72969cf38506ee50cda372fd31f56,BTC (token 2),63613.829295,962878,63595.4937,0.0288
2026-08-17T11:01:59Z,8785747,0xa41cc2fb688afeee907f6466ec7cad10caf485635374ad32c761973675623740,stSTX (token 8),0.143654,962878,0.144,-0.207
2026-08-17T12:20:55Z,8786181,0x999b02e6d6f7825bfe8ff4e8ac2766ac2103ce0695695627837a98bf338da1f8,STX (token 1),0.121287,962888,,
2026-08-17T12:21:32Z,8786182,0x9a5e28427ca597cc98ac5876322191609587b998de0c5b8d0cba35015155ab0b,BTC (token 2),63532.115557,962888,63549.7487,-0.0277
2026-08-17T12:22:03Z,8786183,0x7c8c0f0d9e9a6c7866f3bf32914392532298093236d3b49cc1dee0099fdeeee9,stSTX (token 8),0.143636,962888,0.1435,0.0683
2026-08-17T13:12:50Z,8786468,0x0dd47c7e6924f57abc0a8def79abbb7e91747336afd37cce951f993d48b9f511,STX (token 1),0.121,962894,0.1209,0.0425
2026-08-17T13:20:39Z,8786504,0xf07d876f227b9277b6531dd064bde1040e52a4b23b751f6158ef7ef9c08c2314,BTC (token 2),63418.410765,962895,63408.65,0.0154
2026-08-17T13:20:49Z,8786505,0xa1da77a282093e692c973fbea2769bd31b4743da428bdb1ba92d932429a7c49a,stSTX (token 8),0.143221,962895,0.143,0.1556
2026-08-17T14:30:24Z,8786860,0x546d3c45189e09db965904ba2dafa3b54513685d8d1b72a387f15864f7f78abc,STX (token 1),0.121,962901,0.1207,0.2869
2026-08-17T14:30:38Z,8786861,0x5f5816ae7423065180834177e21137ff0e505d0094c1f811e0e8ea06ca76bcfb,BTC (token 2),63541.69,962901,63522.2949,0.0305
2026-08-17T14:40:36Z,8786913,0xea676dd3e49cf2f43805bc470f89937f6fddb733addf23b7a715da65ca43bf68,stSTX (token 8),0.143008,962902,0.1429,0.0854
2026-08-17T15:30:53Z,8787163,0xf1adfb7c9df5a638589b1c6439075e663ec622bc3486c5879e5ac89bee12d80f,STX (token 1),0.121197,962907,0.1215,-0.2217
2026-08-17T15:31:17Z,8787164,0xe959d9cf04bf63c4d33a060e8dca723eaf4a738e1402f6351bc54c32c904e81f,BTC (token 2),63985.591152,962907,63964.3917,0.0331
2026-08-17T16:01:58Z,8787357,0x9ecc6d0be7b25422f4225fc5dfd8b58acc48fb790101349b73cddf62ad039201,stSTX (token 8),0.144448,962908,0.1443,0.0788
2026-08-17T16:30:32Z,8787501,0x68c5e59ddcf5a22180ce9bf88699d3f689ae0581676b6a68fd89db80915328ac,STX (token 1),0.1215,962913,0.1211,0.3075
2026-08-17T16:30:40Z,8787502,0xf2955c11dcfc080ee050e33eff515d590d8deaf14219e3332f045b3b1567a252,STX (token 1),0.121434,962913,0.1211,0.253
2026-08-17T16:40:27Z,8787560,0xae55e2d0854bc5116662515958d7db1d57d33ba820f1cf79f494724ddfddfa15,BTC (token 2),64118,962913,64090.5231,0.0429
2026-08-17T17:01:25Z,8787679,0xdf70ff59825a61fd2c638a6e99438f21444d9aa00da07fd62864e5a6ee29c71f,stSTX (token 8),0.143414,962915,0.1434,0.0162
2026-08-17T17:30:53Z,8787841,0xdf30269303dc99121de0da450c2b7ca80ba49df9b67f53192e8aefad8dbba59a,STX (token 1),0.1216,962920,0.1214,0.1815
2026-08-17T17:30:53Z,8787841,0x655cdcad629c462c615034211b5c885b677663135522390d7f7efd2c0dc6b748,BTC (token 2),64152.07,962920,64148.6,0.0054
2026-08-17T17:40:41Z,8787899,0x3df0fde7ba4f6625bd01d080fc40af49be2499994383e146eb360c9dcea26b1b,stSTX (token 8),0.143533,962922,0.1435,0.0167
2026-08-17T18:30:31Z,8788164,0x0ce1947091af3ba3c228f09f4056125a8ae85fb60256ba710b833511ae89e463,STX (token 1),0.1213,962928,0.1213,0.0156
2026-08-17T18:30:46Z,8788165,0xf2f7956ad8b93d5bf65af711e86ca9f86204c3c30c432f45e460b578811e5772,BTC (token 2),64454.975628,962928,64420.3062,0.0538
2026-08-17T18:30:46Z,8788165,0x8cf2f32fb6f0c0978800c3a6c61500f2f28740a251482466417c424445a28b45,stSTX (token 8),0.143638,962928,0.1436,0.0064
2026-08-17T19:20:27Z,8788429,0x7261d20b2c57b0191680b79fc2b57e7d98e031de956a69e2ec79db69dc55252d,STX (token 1),0.120937,962936,,
2026-08-17T19:20:27Z,8788429,0xfdaddc3ac711d1fe39f728cff922e1dec731f44d11a31757240ef37681e86d65,BTC (token 2),64307.232614,962936,64298.7796,0.0131
2026-08-17T19:20:37Z,8788430,0x18de541a8dc46841e31fce18dfb3b387dd8c2a33cce284393bfabd46e1abd44a,stSTX (token 8),0.143221,962936,,
2026-08-17T20:20:37Z,8788744,0xc30ba22cfea9310fe5b29c17b5261caefe92dba213514b7286f891d148cf6583,STX (token 1),0.120745,962942,0.1207,0.0405
2026-08-17T20:20:37Z,8788744,0x5e25b5cef4df1f475537047440f5ad4763391809f4df7e79c9938aebed278a34,BTC (token 2),64249.081456,962942,64270.8795,-0.0339
2026-08-17T20:20:48Z,8788745,0xd07223bb72a3c3bff2d1d41d5c1ca584b6afa8885801a9d76dba576dd548ee8e,BTC (token 2),64273.13,962942,64270.8795,0.0035
2026-08-17T20:30:45Z,8788790,0x56fcefa99e449b4f5d0d8ca72578330848994405bc02848d2d360910bdf64291,stSTX (token 8),0.143035,962943,0.143,0.0278
2026-08-17T21:10:56Z,8789051,0xdd9e05f2b9c80797f79b410e8ca7fc8e0f1a07df3b0aab006c3120a3829c0b60,STX (token 1),0.1209,962948,,
2026-08-17T21:11:04Z,8789052,0xad758135b2be9e30e13173c83359a383db252c2636ba3e1bf7f3f3c24e5ad524,BTC (token 2),64383.82,962948,64361.6879,0.0344
2026-08-17T21:40:40Z,8789232,0x803e49e94edc39d3da816fb54b96998f50a1e3e5d661fe3e64b44a1af5c61ec7,stSTX (token 8),0.143717,962950,0.1437,0.0152
2026-08-17T23:01:21Z,8789647,0x7244bf606475940f710fa8a4cc6734afb69d8cf429dde929ddce75f35dbddd53,STX (token 1),0.1208,962954,0.1206,0.1355
2026-08-17T23:01:21Z,8789647,0x5ff183a3486bdc7842aaea521e0e57be0716b7f5cd90c9fd4c6107dd68e4a9e0,BTC (token 2),64235.16,962954,64228.968,0.0096
2026-08-17T23:10:45Z,8789703,0x7e144a3b2e11cf3710843e5eb0ff59575cf34d36df40fd33a46c5372e88f2d74,stSTX (token 8),0.143178,962957,0.1431,0.053
2026-08-18T00:02:24Z,8790009,0x9f48e0920509cf9e43d55ffac1ca5a8c44202ca994bbb8a893834cd3c4b031a8,STX (token 1),0.1205,962961,0.1206,-0.0678
2026-08-18T00:02:24Z,8790009,0xe6b9fdf8d614ce59c87a446757c1d3e7b082dc348b66a7e6ce6ee956423479ed,BTC (token 2),64449.01,962961,64443.0838,0.0092
2026-08-18T00:20:33Z,8790121,0xa8549a2845a4049d137b1157dbb779cc6b768d3f5d6cd616282fee7f7cd30bad,stSTX (token 8),0.142575,962964,0.1427,-0.0752
2026-08-18T01:50:41Z,8790643,0xc6b7455983cf2aad6e89b1a8656d0015beb3b0a58d23a57955cdcd48502f3359,STX (token 1),0.1209,962970,0.1207,0.1335
2026-08-18T01:50:49Z,8790644,0x6d4a3d18612bc08d885001ae2fa04122923c325b6914563675274c2693569687,BTC (token 2),64162.02,962970,64165.21,-0.005
2026-08-18T01:50:49Z,8790644,0x61dd12bbddf54e19acf035f4875acd78871c2d7a5b02b53431660f172b3ff33e,stSTX (token 8),0.143213,962970,0.143,0.1583
2026-08-18T03:10:55Z,8791109,0xe12ade8971ea216d418bc6a6721c47d45e898682f6e8a63e56ee9211f5851cec,STX (token 1),0.1179,962977,0.1178,0.0557
2026-08-18T03:10:55Z,8791109,0xfe1045640978a85b9c0ced28468c6c3fddbf94535229102eee3e3f7ca3e0e815,BTC (token 2),64033.21,962977,64034.52,-0.002
2026-08-18T03:10:55Z,8791109,0x93aa4c7b2ba640b83b40d9413a137fb56a817871b1b05fbb7913a0b6a2c7c777,stSTX (token 8),0.139625,962977,0.1395,0.0559
2026-08-18T04:01:59Z,8791391,0x4ef86c35de537f34da16e3a1ff09eb68795706fc5e5e04db858d402995240d65,STX (token 1),0.1182,962983,0.1182,0.0205
2026-08-18T04:01:59Z,8791391,0x44431561af2dc0d2c874781d09e72f3ff2ca6256833d6800606e4b5acc8afecb,BTC (token 2),64090.40024,962983,64049.7,0.0635
2026-08-18T04:02:07Z,8791392,0x40557fbe3b26f4eef1a3a89f2a07f03bc29bd18cd626648ea8f52eba2c0f7e06,stSTX (token 8),0.140215,962983,0.14,0.1884
2026-08-18T04:50:54Z,8791654,0xa583a38fefe5e60d1f612637b705c86cada07a420acc04b3a844fc9be3c2c834,STX (token 1),0.11903,962990,0.1191,-0.0796
2026-08-18T04:50:54Z,8791654,0xd9410fa2a54e5a58ff98ae8c48e965545f68635844b7e1b29f641629c3faa9f2,BTC (token 2),64147.66,962990,64139.5827,0.0126
2026-08-18T05:01:39Z,8791730,0xc810159d99cc4ce979e5c3d5a6bb22be873f432ffa67bbfa3829506a393dadc3,stSTX (token 8),0.140941,962990,0.141,-0.0592
2026-08-18T05:50:40Z,8792030,0x0b048a1da67a662cc575bbb1922224873e5ae2df4578ce4623dce64d246885f9,STX (token 1),0.119149,962996,0.1194,-0.1949
2026-08-18T05:51:01Z,8792031,0x19a4bbc9d4279a9fd70d5ce7a26c60a0041fbf3facb24c69bb3b90104c296e6b,stSTX (token 8),0.141104,962996,0.1414,-0.1948
2026-08-18T06:01:53Z,8792080,0x32532990a67740ab6db34a81cffd6e98d5cfdcc815297a21737c086c901237ed,BTC (token 2),64171.329285,962996,64133.6742,0.0587
2026-08-18T07:20:39Z,8792511,0xe36aee8673c3b74f1aef8d001a7c3335cbdf98e0ce1693f47cf3de86ee244404,STX (token 1),0.119624,963003,0.1195,0.1282
2026-08-18T07:20:39Z,8792511,0x8518db88fe38c4445f4f91f8a1bf7cb814a08396c4b93bf8297a58c0a9b618a8,BTC (token 2),64288.241435,963003,64252.5322,0.0556
2026-08-18T07:20:49Z,8792512,0x73d43343d07aec52928993354a1df86ea6a8a856570ca3cf182a6851f26dc9b1,stSTX (token 8),0.141666,963003,0.1415,0.1279
2026-08-18T08:01:42Z,8792751,0xa33609c71d46d6a8b494758b19994ee9cc98811de671dee78bb24bce1ac37fd0,STX (token 1),0.1177,963009,0.1178,-0.0657
2026-08-18T08:02:09Z,8792754,0x1f314e857e3e75a13aea022ec8eb6d4ece255899dd5be137edd2280fb3c05d59,BTC (token 2),64136.628688,963009,64139.39,-0.0043
2026-08-18T08:02:09Z,8792754,0x3f8bb4d6f640d0290ced8a0b9f45cb95dee6fc011be5cc042051ac9dd37c1b88,stSTX (token 8),0.13982,963009,0.1395,0.2441
2026-08-18T08:02:23Z,8792755,0xed7381cfa37fd1d3938a01358e72f6eaf016e3f13feedfcc1bac236043893b00,stSTX (token 8),0.139506,963009,0.1395,0.019
2026-08-18T09:30:26Z,8793214,0x1a0487c94b098b66c285f40d3163e7cc48f06682e9635f2c601138f450b0ccb3,STX (token 1),0.118538,963016,0.1186,-0.0335
2026-08-18T09:30:34Z,8793215,0x689b548233a8f42d81223e2af971877e9073503da347b02e63d1d6488631a950,BTC (token 2),64097.696642,963016,64083.06,0.0228
2026-08-18T09:30:34Z,8793215,0xf7e388ee4b6ec82a0c6c83d146cb778209886510556587310511f7e23fc2ddd5,stSTX (token 8),0.140381,963016,0.1404,-0.033
2026-08-18T09:30:42Z,8793216,0x0099fde3bede2848ffe175d4f4a37af7863dff05b54fd12a9a38772598408dd8,stSTX (token 8),0.140454,963016,0.1404,0.019
2026-08-18T10:40:27Z,8793604,0xd36dc31b1d582d54c5e3b311304e0422dfcca675de60b501c9c9281c433350b1,STX (token 1),0.119098,963024,0.1192,-0.0634
2026-08-18T10:40:39Z,8793605,0xc6cc9be317756021c8befd5f96abe1c0b069eecc4ef971f7eae26254df8288a1,BTC (token 2),64153.386496,963024,64125.5748,0.0434
2026-08-18T10:40:39Z,8793605,0x1227b9ee567a90c49686f72c2a760b23d8bc911ace8c2a37c7e7fdf7f84ceef3,stSTX (token 8),0.141044,963024,0.1411,-0.063
2026-08-18T11:30:59Z,8793877,0xf363a1e9d4cfa7d663f0457e74964548bd725cf201c38433540018dd31446f01,STX (token 1),0.119476,963030,,
2026-08-18T11:30:59Z,8793877,0xc7fce2257bc1e336a806b30cfc6cbd0bd1faaff6dfb796d15f0295a4c5e3c152,BTC (token 2),64303.013343,963030,64283.2658,0.0307
2026-08-18T11:31:07Z,8793878,0x46f873d93bbb65fcae9f740c3c66000061c5701559d203e6ac62fdfe09aed9a0,stSTX (token 8),0.141497,963030,,
2026-08-18T12:31:04Z,8794261,0xff26411697804ea0fd939dba724b7d9ccdcbb482f5c9ef1d4a2c6ac1a83ecc00,STX (token 1),0.119263,963036,0.1193,-0.0386
2026-08-18T12:31:04Z,8794261,0xa3b90d3e2cef5ddaf11b4a4bec00e52a3800c871e14f0ada0f2e8bee0b30ea72,STX (token 1),0.1193,963036,0.1193,-0.0076
2026-08-18T12:31:04Z,8794261,0xee73ffaefc5b6d04de037ac5cc0e01e06085fc5896253ad18309bcba99f6ffa3,BTC (token 2),64239.224869,963036,64205.1484,0.0531
2026-08-18T12:31:04Z,8794261,0x4c13aa7c5ee094ddc5253d8593fb13f47a4befa427c612c15b2ede9abcd1339e,stSTX (token 8),0.141283,963036,0.1413,-0.0074
2026-08-18T13:40:35Z,8794553,0x44e206fb72a279fd036dc665a3043b9b36f0bd022d1fc6643ea090633cc1a5b5,STX (token 1),0.118824,963045,0.1188,0.0401
2026-08-18T13:40:35Z,8794553,0xb113dab8edd0723b70ac9e265ea80f9a2a1027b9446ccb86fc65c227d50e8ba9,BTC (token 2),64103.357245,963045,64134.2709,-0.0482
2026-08-18T13:40:35Z,8794553,0xb376265b9b738fda823b8830d28d2c8e2d57bbfa4b435ff40f77a9986c6d0221,stSTX (token 8),0.140718,963045,0.1407,0.0394
2026-08-18T14:30:53Z,8794796,0xd7f601a5b1784468a2f2fb6bb662d68ab9f648515be2ffc6ca06e63ca5225831,BTC (token 2),64937.134675,963053,64956.8861,-0.0304
2026-08-18T14:31:04Z,8794797,0x7ff0ffc731a9cdf4691b9bd752026c0d5abc72a386bc85f8c4da4dffdac13d8a,stSTX (token 8),0.141242,963053,0.142,-0.5639
2026-08-18T14:40:35Z,8794843,0x67881356261342ad9737180347fca04926c025b3f6f142f7ad1b0e128e1c8ed2,STX (token 1),0.11943,963055,0.1194,0.0315
2026-08-18T14:50:50Z,8794890,0x6b19c60ffd781c10af64828da28271c0c66b6cc43d201ed0d9422836926a19b6,BTC (token 2),64773.47,963059,64769.435,0.0062
2026-08-18T14:50:50Z,8794890,0xdb0e0e900ea6ff0e6b9dae4b1d6b9548d3c341998a205e9b819f7950cb6affc2,stSTX (token 8),0.141283,963059,0.1412,0.0903
2026-08-18T15:30:28Z,8795146,0x463c164ba716a87938115294dc68385ea407b650908494559e6e44809b57ccac,STX (token 1),0.1194,963061,0.1193,0.0492
2026-08-18T16:10:48Z,8795361,0xeeda40dfd2151b2e451ccc1b1d17a92b185b57de1d686faaae0f3e73737c1171,BTC (token 2),64713.55,963066,64702.7963,0.0166
2026-08-18T16:10:56Z,8795362,0xf48441bfe195f161f301c17841adf2e12b12a1ccc1dd3ebdc7cd19aa8f276286,stSTX (token 8),0.142349,963066,0.142,0.2472
2026-08-18T16:30:51Z,8795479,0x04823e5d950967b7924b532ad9ee3fd041906e029985e936cb3354c950b50185,STX (token 1),0.119745,963070,0.1197,0.0341
2026-08-18T17:01:29Z,8795632,0x2aa833d89cee06d8d305ceb551513fabdc1d296b2b3519a45a6ed259d2fd6f19,BTC (token 2),64752.63,963074,64734.5676,0.0279
2026-08-18T17:01:38Z,8795633,0x3175bc10d08a25711b02064495aa9b9813a224b7025caeebe7e363231e86d7d9,stSTX (token 8),0.141818,963074,0.1415,0.2472
2026-08-18T18:01:35Z,8795954,0x242bf9eae82a741d374776286dc5f0af87d99b87302557df2e72ae5a76974282,STX (token 1),0.1193,963082,0.1192,0.0481
2026-08-18T18:01:44Z,8795955,0x568403118eae95c8a5cb2d8becb4ba0f131dde56ec81b6f934ccc070a26a9ca5,BTC (token 2),64628.74,963082,64615.8933,0.0199
2026-08-18T18:01:55Z,8795956,0x58a569c6bdfd5c48da1b904994b02636f08bc137be99702f01a11ea2034da468,stSTX (token 8),0.141283,963082,0.1412,0.0484
2026-08-18T19:40:54Z,8796547,0xd4c38418b1e07643e44a70723283bc8d73517fc03c03846eac82fd8de86c8c6e,STX (token 1),0.1195,963091,,
2026-08-18T19:40:54Z,8796547,0xa151854a71445be25269ac20f693ba738a7d3630bac13c42158d38bc1add463e,BTC (token 2),64689.278971,963091,64662.1572,0.0419
2026-08-18T19:41:02Z,8796548,0x57dd06d74f5f18e7ea88125d8789f7b1b14b946a687738cad569adc550ed1450,stSTX (token 8),0.14152,963091,,
2026-08-18T21:40:44Z,8797198,0xf1e8145c954f639441a71d5ac515d1935c7760cc51273c04fefc0047e672025e,STX (token 1),0.1186,963097,0.1184,0.1655
2026-08-18T21:40:44Z,8797198,0xa3f8cdce4d5c6f5d6b2759d4e4fa7a0ea3c7e1f6790b70e73d8178cf1e83a0fd,BTC (token 2),64536.34,963097,64535.1142,0.0019
2026-08-18T21:40:54Z,8797199,0x8a0daad0bd241ddca5d5521e5fbdb496501823f1e4712e399ad3860f4b5ef8b9,BTC (token 2),64546.57294,963097,64535.1142,0.0178
2026-08-18T21:40:54Z,8797199,0x03983039506bb62c3e58e84330a7cfe942879c17b52aff51465984acd4685268,stSTX (token 8),0.140399,963097,0.1402,0.1265
2026-08-18T22:30:32Z,8797445,0x5921b560bc2e714d0110c1f2d7433c1dee2408948fcacf1ce99117f445878382,STX (token 1),0.1194,963104,0.1193,0.0841
2026-08-18T22:30:43Z,8797446,0x0fbc14620ec6a3782db5bd13044c8c56bf634a4f439343148eafa6ecaa7e7521,BTC (token 2),64535.068355,963104,64542.8384,-0.012
2026-08-18T22:30:43Z,8797446,0x1db6b006d9594a9185f3d41118de2f8d91469667920c4837ae90cf4b3e9c6056,stSTX (token 8),0.141146,963104,0.1413,-0.0965
2026-08-18T22:31:01Z,8797447,0xd001b5a7a7abdfd3c6847c76c52b1e8d9dfa0dad498080679d3dc937dc7b18cf,stSTX (token 8),0.141401,963104,0.1412,0.1259
2026-08-19T00:02:28Z,8797867,0xb04176c5dddfa96647a9e907ae422610a4e433e324b7791790c0951f5cfc5689,STX (token 1),0.120026,963111,0.12,0.055
2026-08-19T00:02:28Z,8797867,0xf9e1e5d395beb538a05a4a63305f29c374a2578605d546623d5eeebc69d5b260,STX (token 1),0.1203,963111,0.12,0.2835
2026-08-19T00:02:28Z,8797867,0xd982500c905874de2561ee9afb8c632802f46289e99f34b814d99eb3cab0df6b,BTC (token 2),64691.087957,963111,64653.0738,0.0588
2026-08-19T00:02:28Z,8797867,0x1716cf3d78d85a7f5ad44aaa31d485c92bab8fdfb74b793113bd6f0c52e2ee8e,stSTX (token 8),0.142467,963111,0.1421,0.2835
2026-08-19T02:30:35Z,8798524,0x8e150de5253d6c9ead679d2604fe3420441656d03e240a07eab5c4ea793a3bb6,STX (token 1),0.1195,963117,0.1193,0.1639
2026-08-19T02:30:44Z,8798525,0xbe5fcd156625692594115380543155c9798b59f57ab601f4bcfb4b2e2b600126,BTC (token 2),64338.28,963117,64349.5791,-0.0176
2026-08-19T02:30:54Z,8798526,0x05de3a71cb7b43b05b9073ed1552fb918ed93b79424ba3678c476b038ef589e9,stSTX (token 8),0.14152,963117,0.1413,0.1642
2026-08-19T03:20:37Z,8798807,0xc720f4255a5e088a19a3c7366abcadbcf07463f1bd2b51aae9cb20c778b006e9,STX (token 1),0.1197,963123,0.12,-0.2473
2026-08-19T03:20:46Z,8798808,0x0776f4df268f8674298a6f96a31c303ed451a5c4ccca499c3b57331271a6e62f,BTC (token 2),64355.49,963123,64356.4658,-0.0015
2026-08-19T03:21:00Z,8798809,0xd32b0503c399de3fc9362342980e45f477eb84fdc5ea410d55064750a17bb238,stSTX (token 8),0.141456,963123,0.1422,-0.5001
2026-08-19T03:21:00Z,8798809,0x14f1643e804e6a2970d64f6de5041f29ef5e60ca1909ba4b6d730a13a860bea2,stSTX (token 8),0.141756,963123,0.1422,-0.2891
2026-08-19T04:31:07Z,8799209,0x41418ba6eca47c435239c47c02b9d8c713cc5a8b38db621a102e12bab266cf51,STX (token 1),0.119498,963129,0.1193,0.1313
2026-08-19T04:31:18Z,8799210,0xc36f6527a10fdbfe92c6f8afbbae426d47eddd4d931c75b1d6e320d5b585acb8,BTC (token 2),64319.089112,963129,64269.36,0.0774
2026-08-19T04:31:18Z,8799210,0x9c866ff933a78eefdb3940e104d141cb8f55921e4caa73d99b83a9b77fe70505,stSTX (token 8),0.141517,963129,0.1413,0.1312
2026-08-19T05:20:43Z,8799468,0x3ab440eb49334698a5c1af6810b2ef6b52359c5f5bf9a42dfb3928179e676b02,STX (token 1),0.119542,963136,0.1193,0.2061
2026-08-19T05:20:43Z,8799468,0xf4f3c7d04f30dd4398e69a93a88bf230fd0eef86e27d73b4130f91a047ea9aec,stSTX (token 8),0.141569,963136,0.1413,0.2059
2026-08-19T05:30:39Z,8799511,0x35a6a5fc68c678522410e28d5b05fc3e5c40e2be6d50e4f93bb16782391063c0,BTC (token 2),64313.257531,963136,64294.2,0.0296
2026-08-19T06:40:44Z,8799855,0x9153706c09b09592dc86f59dd5ec87f52902ed66be3983d2aa83f8354c5fcc70,STX (token 1),0.119224,963142,0.1184,0.7016
2026-08-19T06:40:44Z,8799855,0x296e792b4436748f37f31c0b38eabc9e3270de932f62f065e1d83251e7218a13,BTC (token 2),64227.557074,963142,64230.59,-0.0047
2026-08-19T06:40:55Z,8799856,0x0d047b102b0675189c1f59f17d92fdf0e72876f99bca02dd4367c469892a9f43,stSTX (token 8),0.141193,963142,0.1402,0.7018
2026-08-19T08:30:36Z,8800439,0x923b9816fe0181f3877015596aa967d5ffd2713b7b198436e2d3ab87e0fd7120,STX (token 1),0.11895,963149,,
2026-08-19T08:30:36Z,8800439,0xa00fc45be3f498f12c71ea98f4f98d58ed96a8616787613b8e9b1728ba28416f,stSTX (token 8),0.140868,963149,,
2026-08-19T08:40:30Z,8800483,0x8030b32a1eeb5b6a4a8a01268de2b7698c4e3f73114c33a85dab670cec3295d0,BTC (token 2),64392.82,963151,64401.3414,-0.0132
2026-08-19T09:01:43Z,8800593,0x5adef9ec4f3a6ceddb234bd271a930e678c3aa0981659775f0dbc97ce20ca889,STX (token 1),0.1191,963155,0.119,0.0951
2026-08-19T09:01:52Z,8800594,0x6443b26dd6793c1f391a8e1b9ef53eed0075aac68f6e49dbd39b77811709b7cb,stSTX (token 8),0.141046,963155,0.1409,0.0952
2026-08-19T10:10:58Z,8800942,0xbdc6a41d100d3720fd548ff9e412193dd4f619c3a5ec00d61072e17c4537c6cc,BTC (token 2),64345.72668,963158,64316.3614,0.0457
2026-08-19T11:40:36Z,8801390,0x0782f2beda6a992a88de71a3a8a0f56e74f5396778ef13c57a3a25a0037837e4,STX (token 1),0.11986,963166,0.1197,0.1054
2026-08-19T11:40:36Z,8801390,0x089e7d9c7c47d91c1a0743427c83c1554156f133797f27680f11a31c1ea36ffb,BTC (token 2),64463.042308,963166,64434.0683,0.045
2026-08-19T11:40:48Z,8801391,0x7c92a4ac9d894af209ed0eb27e50a515764e6ffb64db88a9961b5d39f46ff5d4,stSTX (token 8),0.141946,963166,0.1418,0.1055
2026-08-19T14:10:40Z,8802151,0x7dc0bd557509ad5a5e9856d355fbee4d39687c6b6742b32cb86ab19be62f57d0,STX (token 1),0.1205,963173,0.1206,-0.0858
2026-08-19T14:10:59Z,8802152,0x68db093590da751ca3ff9130978eeee5b9a3216622b6235518526786a7d4313c,BTC (token 2),65358.74,963173,65355.7735,0.0045
2026-08-19T14:11:15Z,8802153,0xc7cabc2a72e659542d01b1bb00188561b2f6af51c6e70698eea2d6133c50b18e,STX (token 1),0.120156,963173,0.1205,-0.2884
2026-08-19T14:11:15Z,8802153,0xfff3f50aff902ffcacbec3647aacd686108ebc508e11e7239f721273d8197abe,stSTX (token 8),0.142435,963173,0.1427,-0.1913
2026-08-19T14:50:49Z,8802349,0x2fd7ffaf195b278aeca2ee4030304bb692bfe1f740961c9f23159b2b15f21939,STX (token 1),0.120768,963183,0.1211,-0.2767
2026-08-19T14:50:49Z,8802349,0x795a5b889f178a293d30434b6b0132dec2315cf03c9777822692ad3e42ed0c33,BTC (token 2),65485.346915,963183,65548.0196,-0.0956
2026-08-19T14:51:00Z,8802350,0x2c1de1670715686f8386128dac3a3253d80067f7d57ab5fdab3522cd118fff0c,stSTX (token 8),0.143021,963183,0.1434,-0.2768
2026-08-19T15:50:47Z,8802579,0x0557dd229e2ee19f07acc8c7127a2c66d4661513ba1600079ef71f3e95eabea3,STX (token 1),0.125157,963190,0.1244,0.5871
2026-08-19T15:51:14Z,8802580,0xc8a485912f63eccec871fd49cd785c1817539259c67abb28fa18cf7f6362d24d,BTC (token 2),68434.330772,963190,68378.8627,0.0811
2026-08-19T15:51:14Z,8802580,0xd2798d37c2f33a2c7ae33efba43313d7415eda5b20df24b39b13a02359065be6,stSTX (token 8),0.148219,963190,0.1474,0.5871
2026-08-19T16:50:52Z,8802799,0x61a4a97f401ab1839e5a5bf0ddec8b8885e774a02811cdcebce66020a28ced7c,STX (token 1),0.125764,963196,0.1256,0.1408
2026-08-19T16:51:03Z,8802800,0xd7ea0168201475af1d2455a0c27e8fab516c239ebdc7f67adafeba03583ba544,BTC (token 2),68646.17,963196,68571.8869,0.1083
2026-08-19T16:51:03Z,8802800,0x646ec7c57b6ba2b81c2ba0bb81064adacc0640a301d44afc1044136821e137b4,BTC (token 2),68619.625621,963196,68571.8869,0.0696
2026-08-19T17:02:07Z,8802842,0x869c42b89e17f4e96484e5d25099c16e5af684607e72c67ecb0a33f40036024a,stSTX (token 8),0.149173,963197,0.1483,0.5771
2026-08-19T17:40:52Z,8802990,0xf4a37f824b81ef2b0cd04560d96c7894e625eb52130f90bd7d6241cfd7c60744,STX (token 1),0.1244,963202,0.1246,-0.1927
2026-08-19T17:41:15Z,8802991,0x86bb39713d0454e90fb68d7e600f3df2e863d959870ed0d18b5a8a6fc7efeb19,STX (token 1),0.124511,963202,0.1245,-0.0234
2026-08-19T17:41:15Z,8802991,0x78f8deb691f5d912547332704fdaccd32dbf7050b61ce0c1f903431c79c03c3b,BTC (token 2),67972.7501,963202,67981.953,-0.0135
2026-08-19T18:01:16Z,8803072,0xd7acb1521b4c22f91d1b197808eeab258d9150c093166f37bd2c7da6fd876b1f,stSTX (token 8),0.147796,963204,0.1477,0.0459
2026-08-19T18:50:34Z,8803324,0xc754d96c35fb39087ea6a9476e062da20eeaa80cbbf7f789dbebefab49711602,STX (token 1),0.124181,963209,0.1244,-0.1702
2026-08-19T18:50:34Z,8803324,0xf17f392a15492ca3aa9229da50095c29347fb6fb84e1df38e1f6f41157e3ed53,BTC (token 2),68395.771002,963209,68386.9275,0.0129
2026-08-19T19:01:33Z,8803380,0xd99b987da5992bcb6d4df01b1fef18c0b551b0e06b3ec7b8bd36a2d1fe2c2875,stSTX (token 8),0.147167,963210,,
2026-08-19T19:50:34Z,8803590,0x1bcb525d645031a7e2313eea89c6cf1a7fac85cacfe4e0c329e49fdde6ac766a,STX (token 1),0.124666,963216,0.125,-0.2602
2026-08-19T19:50:50Z,8803591,0xcec7890706fad186fcf58896ded8321a4c7a18aca9f39b4a9b5fe39d77a377c9,BTC (token 2),68379.136163,963216,68394.7394,-0.0228
2026-08-19T19:50:50Z,8803591,0x400e4b72fa4783ef128b670e776de860a75987957fbb3b0f70c87ab7fe4dfc2f,stSTX (token 8),0.147637,963216,0.148,-0.2605
2026-08-19T21:01:16Z,8803904,0xb46b5d17e4c4a85b7e6c502e9c79ebb696f55dd8c35c6e6648ee6e43cbcfd08a,STX (token 1),0.127,963222,0.1271,-0.0477
2026-08-19T21:01:30Z,8803905,0x1e4547554f9cc8c0483200ebda1b407635a29853656625635967d3039139aa51,BTC (token 2),69028.91,963222,69078.0792,-0.0712
2026-08-19T21:01:50Z,8803906,0x5e216b922dc117f2a1cb4a26616588aecb700db42b85fa5a9fff96211cb91da6,stSTX (token 8),0.15052,963222,0.1505,0.031
2026-08-19T22:31:06Z,8804255,0xcb27f38381c0ae0f6502d222d437d1f73729857380cb639349f5c245db19b79a,STX (token 1),0.128053,963231,0.1277,0.2541
2026-08-19T22:31:06Z,8804255,0xab55a539ab6be7eb00d4124da0e6e9161e8ad9367fffb3eec38b80e0c7aaab3d,BTC (token 2),69147.186795,963231,69115.3737,0.046
2026-08-19T22:31:06Z,8804255,0x36ec80ca4312cf494d74b2dcce88f39e53e26e449155fd115756bd22ecd0d7ec,stSTX (token 8),0.151648,963231,0.1513,0.2537
2026-08-20T01:10:49Z,8804919,0x632da783004183e92991072e4febfadc753ec9238db53b02ccd2a276ecfa752c,STX (token 1),0.1304,963238,0.1304,-0.0226
2026-08-20T01:10:49Z,8804919,0x23581811fc1663b2ab3992f328baeea8c78056b872be17213da5db2e6d30f026,BTC (token 2),69283.23,963238,69271.31,0.0172
2026-08-20T01:11:05Z,8804920,0xa8fb263ca5ceacd9437474f04dc738cae03e8892873bb74cf939255645ea007c,stSTX (token 8),0.154428,963238,0.1545,-0.0227
2026-08-20T03:01:33Z,8805385,0x48f563bfe7c9d51d3b97ed263e2859ed9dee2a67af69b99542021807fc0e99f2,STX (token 1),0.130519,963247,0.1302,0.2068
2026-08-20T03:01:45Z,8805386,0x7bd663a20b89dda542892db6fb46a7f1114806754f57a8692bfa73e08a7d4f3d,BTC (token 2),69265.80943,963247,69176.7029,0.1288
2026-08-20T03:01:45Z,8805386,0x4081d2a733dfefd6abbe300f8c0205e9ac8c94aac118bb5d84239c7acb99abbd,stSTX (token 8),0.154568,963247,0.1542,0.2062
2026-08-20T04:20:21Z,8805732,0x52351300ec2da8fcebed6c0b4232ff934cf0a0ddf5eacbb17d9327a31ecd2a9f,STX (token 1),0.131649,963254,0.131,0.4578
2026-08-20T04:20:43Z,8805733,0x20cd0e0485066021fcbc12a9f1d765cb9b2a4123c54ab5d7e554b8a46530babd,stSTX (token 8),0.155908,963254,0.1552,0.4584
2026-08-20T04:30:38Z,8805777,0x8f117f3526f3371ee57abe338fe15d2e146eab6f2a6af262a00ab036e22de129,BTC (token 2),69274.96,963255,69289.92,-0.0216
2026-08-20T05:40:44Z,8806049,0xe1bde419836de8a436fa938f63dc3965220aafb6bffa074fca0d95d46afbde9b,STX (token 1),0.133453,963260,0.1333,0.1128
2026-08-20T05:40:57Z,8806050,0x23bcea28a2dc62b7a4f6b33b211dfa0a4bec08aec95cba0b53cab67a40707297,stSTX (token 8),0.158099,963260,0.1579,0.1479
2026-08-20T05:40:57Z,8806050,0xa17f2ec20d6f797400152d731464cd97351970712fd863f8c6aca61531e24dbf,stSTX (token 8),0.158044,963260,0.1579,0.1131
2026-08-20T05:50:40Z,8806102,0x3b18079e29030b983c8c1ed2e83e753ac06f7e013656098830f1b3982f907095,BTC (token 2),69404.860369,963261,69394.23,0.0153
2026-08-20T06:31:00Z,8806278,0x939230213a2f691912c825219deda1da0cc1d62d8fc67f49fa453541516d4f69,STX (token 1),0.1339,963267,0.1337,0.1468
2026-08-20T06:31:12Z,8806279,0x61047fe912fdb4876d3845cd91f8782c1c3becdbc9bd1abded4c7f9c8af242c2,BTC (token 2),69571.32,963267,69603.5493,-0.0463
2026-08-20T06:31:12Z,8806279,0x3226f9618e35ded495b4c68353eaf87f2032570624d06881492b2209523cdf95,stSTX (token 8),0.15857,963267,0.1583,0.145
2026-08-20T06:31:12Z,8806279,0x33f5b595ced864efebe5bf86bcc86b862670f25e0086a440c975b4c073b7ddf4,stSTX (token 8),0.158573,963267,0.1583,0.1469
2026-08-20T08:30:40Z,8806813,0x32a76293321877c8b327989a99c9c02105a2b861e69867540dd96742967cf58b,STX (token 1),0.1359,963273,0.1358,0.0443
2026-08-20T08:30:40Z,8806813,0x1cf4d7913daad2d7c2d3e272f034879b825e7cff0237822303dc526e249597db,BTC (token 2),71253.01,963273,71221.7736,0.0439
2026-08-20T08:30:51Z,8806814,0xdbc128d25a625ff4f232802bd983a49f562f69eff0be2a674c7cb56ccdd62d50,stSTX (token 8),0.160941,963273,0.1609,0.044
2026-08-20T09:10:59Z,8806984,0xa097b91521459c0859045718862c712b5f4297c60b928a8ce9977642b91cb9a3,STX (token 1),0.136608,963279,0.1367,-0.0959
2026-08-20T09:11:10Z,8806985,0xced934ada8b82b2e76fa8212c429f8a9fa7aa1db5e543148b5afb2d56b94e83a,BTC (token 2),71634.982862,963279,71677.56,-0.0594
2026-08-20T09:11:20Z,8806986,0x32d409ad151634ccafce4c797ac2e7aebd99fa48611eac38d4078650114c730e,stSTX (token 8),0.16178,963279,0.1617,0.0503
2026-08-20T09:50:35Z,8807162,0x829098102a5a1151075e76d83daec81519b92a97a7dc66fb320f5ce88b65c983,STX (token 1),0.135922,963286,0.1355,0.3187
2026-08-20T09:50:45Z,8807163,0x57c5aa39f6571bf1503d77ec9aa47bd3b31cad5fdeeeb19ae7a7932e11f4625d,BTC (token 2),71908.582913,963286,71774.08,0.1874
2026-08-20T09:51:05Z,8807164,0x317a45cf5214b9342de66f3fef2d0fc741e4cc6fcbe5fec140adbd06724e1364,stSTX (token 8),0.160967,963286,0.1603,0.3924
2026-08-20T10:30:55Z,8807338,0xfa5e1ce449df935d1a18ad68b4302bd03f31447f5d6d1add69781ad3a4435852,STX (token 1),0.1357,963293,0.1356,0.0801
2026-08-20T10:31:04Z,8807339,0x529b572fe054d74e0e9734b5241d93f19ec00a56947aeffb56bee1c09dd93461,BTC (token 2),71882.88,963293,71871.07,0.0164
2026-08-20T10:31:13Z,8807340,0xf23e41c9b74da94a4c7263d9b809f9e0f8d566e895cb26ba758b2b1de38b33df,stSTX (token 8),0.160051,963293,0.1607,-0.4004
2026-08-20T11:31:22Z,8807612,0x5bee5ca141d53c0a70d384a0471f0792b437505f208f1fdaede04997c8cd7cbc,STX (token 1),0.137,963301,0.1369,0.0801
2026-08-20T11:31:22Z,8807612,0x8982e1f411866ceec8800d09ab06013614af5d6990103cd2e78a2994d84bb055,BTC (token 2),71856.211818,963301,72010.3456,-0.214
2026-08-20T11:31:22Z,8807612,0x3e3d3367134800969a6dff85d19af40b1b7e9b61d80eca25b416b1f987c005fa,stSTX (token 8),0.161357,963301,0.1621,-0.4672
2026-08-20T13:01:29Z,8808061,0xac3a2fee96b30f3defc98808804737aff357a123fde664d126d71a8b250a0e49,STX (token 1),0.1359,963311,0.136,-0.059
2026-08-20T13:02:20Z,8808063,0x19af5ebd5486277ee949b45c368e6bf6dd67e39b816ea96a98ff2dca990efa99,STX (token 1),0.136113,963311,0.136,0.0609
2026-08-20T13:02:20Z,8808063,0xc7c5e0fe4e9c990149e6243f00c17bf8e534010b3383b97f11e886fae35ce593,BTC (token 2),71892.949159,963311,71911.9418,-0.0264
2026-08-20T13:02:20Z,8808063,0x441c4ad6d6abc27b3c395f7b2434382d9633fb412077a5f9edd04fcfbb07c4e3,stSTX (token 8),0.160941,963311,0.1611,-0.096
2026-08-20T14:21:03Z,8808375,0xee0f9edb9fd9d7871f24b245c7a746f699c81b1ce18e1d53051d412c49f621a2,STX (token 1),0.138918,963318,0.1394,-0.3772
2026-08-20T14:21:03Z,8808375,0x11c2b9e9e4370f5fb4c56cdc3ed88676bae35f5309d400836e08f0ce84b4b6c2,BTC (token 2),71615.631668,963318,71559.3735,0.0786
2026-08-20T14:21:03Z,8808375,0x0c29f631bbbde5c1665f927f23adadb52401cad7f60407a0ea9f153927421921,stSTX (token 8),0.164515,963318,0.1651,-0.3775
2026-08-20T14:21:51Z,8808377,0xd6a7a7fd725fff229d2a1325c35deeb3a771ee06fc4e8e9e64fb07ff71bdf17b,stSTX (token 8),0.165205,963318,0.1651,0.0403
2026-08-20T15:41:07Z,8808701,0xa1bbb49498661ead76a6d7d11ed7f26f067a668233c0e1266e2398b72ef6ddd3,STX (token 1),0.140112,963325,0.1397,0.2884
2026-08-20T15:41:23Z,8808702,0xb3b28c20fb474d9102dbfccde611eca8b5d9ffea4007803ec6709365d0fc6182,STX (token 1),0.1401,963325,0.1397,0.2798
2026-08-20T15:41:23Z,8808702,0x1c5db850713ec476531dfdf5dbd887b0973f6544b1f00db1cc13e84288754cd3,BTC (token 2),72210.831027,963325,72221.0258,-0.0141
2026-08-20T15:42:17Z,8808705,0xb026adad4a4513472462374409d77b2a4f8c5952b8c17ce8c9de6990e23bd3a4,stSTX (token 8),0.165878,963325,0.1655,0.2572
2026-08-20T17:30:59Z,8809190,0x913209986e3eb9557259f00642c574251329aebfa8febe7845e7c13feff6ab95,STX (token 1),0.142323,963333,0.1422,0.0813
2026-08-20T17:31:10Z,8809191,0x405c9d4cc730f4dd89a3030823db2d233d7811b7769798c8fa52a8a4a73d9de8,BTC (token 2),72779.565697,963333,72819.7075,-0.0551
2026-08-20T17:31:19Z,8809192,0x32274c41b86362f0b5caf7a74cb82896e8b132031db6b90316def4ede70dd557,stSTX (token 8),0.168548,963333,0.1686,-0.0592
2026-08-20T19:30:42Z,8809831,0x5123e1cebb05ff220b910078e7090e619b607320a55ebeed4ae64c91950c490e,STX (token 1),0.1416,963339,0.1413,0.2414
2026-08-20T19:31:04Z,8809833,0xb830bae2fe545e69942125a2adfb7469e05808a4dde5049ea6eaee551d6dc226,BTC (token 2),72612.23,963339,72609.6371,0.0036
2026-08-20T19:31:13Z,8809834,0xa7a597d675cd982cb3d3bd0f452fce0a2790dd1a24c9486dbd95261a947a1e59,stSTX (token 8),0.167692,963339,0.1673,0.2061
2026-08-20T19:31:34Z,8809835,0xdfe121d01ac283aafa270c2d145c4acc2411666818fcb6eb1145164ce9754954,stSTX (token 8),0.16787,963339,0.1673,0.3124
2026-08-20T20:40:40Z,8810179,0x619f34b1e5103eb9c4c2f0e5c5701748c3a982d0cfe721e6a37991630458933b,STX (token 1),0.140725,963346,0.1405,0.13
2026-08-20T20:40:58Z,8810180,0x2f4ae4c1d15fa0767721d8900d523980624cc8337c4d0d6317da4da2b57db8b6,BTC (token 2),72960.111181,963346,72744.1627,0.2969
2026-08-20T20:41:09Z,8810181,0x542613887b5e4971531d509bc52d16da6a30bbcf8777e4509d5248a8a15e7b3b,stSTX (token 8),0.166656,963346,0.1664,0.1302
2026-08-20T21:50:50Z,8810481,0x711949930951170b17d361611a64d0ed14e2a25bca35407f90557cd955320eae,STX (token 1),0.142215,963353,0.1421,0.105
2026-08-20T21:50:50Z,8810481,0xa244712fd2cbfa63cf5b35794cc5bf4b36264e326c733f358fdc9a1b1571a6ae,BTC (token 2),72718.611987,963353,72707.8759,0.0148
2026-08-20T21:51:00Z,8810482,0xa9e3e109e503192bc522d612c7d869c218cb13f232dbc40c980cf4bcd780dedf,stSTX (token 8),0.168421,963353,0.1685,-0.0352
2026-08-20T23:21:33Z,8810844,0xbf7091af9e757e8b7f261870474ba81adb92195cf6fc36881a1773077a0567ee,STX (token 1),0.1436,963359,0.1437,-0.0446
2026-08-20T23:21:33Z,8810844,0x85caef77a8fa6c1093bd8984ac9422cca7f3877044981bda9ab3a214bbdbc4a4,BTC (token 2),72895.15,963359,72916.0664,-0.0287
2026-08-20T23:21:33Z,8810844,0x71fc1e180645729ec6374111c0c624fb540db3e6f7d64476730701f2db7a6d58,stSTX (token 8),0.17006,963359,0.1701,-0.0448
2026-08-21T00:40:58Z,8811146,0xcec6fadbe45f5c287642c37873ac817bc6997214c1046606088e2655a63e31a4,STX (token 1),0.1465,963365,0.1466,-0.0382
2026-08-21T00:41:16Z,8811147,0xea70616d5a115b1911080f331bd5c7441f1ac304162b8c4db0a13707affa5faf,STX (token 1),0.147053,963365,0.1461,0.6825
2026-08-21T00:41:16Z,8811147,0xaf61c99c1e6ffaca3644489aa0613ee7999a5c875b369827046a4c4e704c7445,BTC (token 2),73627.904878,963365,73545.9296,0.1115
2026-08-21T00:41:16Z,8811147,0xe99111e90b8121bca322966a53b8a7414d49e869965d1daca2ce1ddbc1147f19,stSTX (token 8),0.17415,963365,0.173,0.6827
2026-08-21T00:41:25Z,8811148,0x88e293b502c499872b6aff3df63b82469c792c2dc67c28aa038ef3f5ba184c7f,stSTX (token 8),0.173495,963365,0.173,0.3041
2026-08-21T02:10:56Z,8811548,0x9dafd486adb7d362a0acfa22502adea836c3ed5ce64b80fd65f0f12a8ba6c155,STX (token 1),0.1509,963373,0.151,-0.0573
2026-08-21T02:11:30Z,8811550,0xb30b6acd122c688e26027ab192cfb5964e43404d28baf091b52312715da1768c,BTC (token 2),74797.49,963373,74739.95,0.077
2026-08-21T02:11:48Z,8811551,0x12aa0876718874e832a1e65027cb96a020cc9503682c04e41ee78c258008c9c3,stSTX (token 8),0.178485,963373,0.1786,-0.0483
2026-08-21T02:11:48Z,8811551,0xf8b24160d04737f8bfba8e9176cbe2fc93cc12900bf660249e86ab58dfa73d28,stSTX (token 8),0.178705,963373,0.1786,0.0749
2026-08-21T03:02:23Z,8811772,0xe0f4bc863774f14d6e33c9d9d5a3caaf1ae1a34f8ae8b544ef8b5e93f65cb00f,STX (token 1),0.1531,963380,0.1526,0.345
2026-08-21T03:02:56Z,8811773,0x0e8dfc5f59e28ab958ec8b102368fc06c870926dcd6925dffa883ca8d1ebebd5,BTC (token 2),74396.872118,963380,74427.75,-0.0415
2026-08-21T03:03:06Z,8811774,0xcf214b7153509e965af710954353e9825a90702cfa154620be0e081650c9197a,stSTX (token 8),0.180489,963380,0.1807,-0.1426
2026-08-21T04:01:44Z,8812015,0xcdc335d83cdbbb967f59777c493889674f09de5820d1cebcdc26c4d443711a52,STX (token 1),0.154803,963390,0.154,0.5065
2026-08-21T04:01:56Z,8812016,0xb67b6fc55742261d0ea4c54cd7291a350057648a925ad492b28708721e4a801c,BTC (token 2),74545.176013,963390,74569.0868,-0.0321
2026-08-21T04:02:12Z,8812017,0x8302dcd1273c208c04bb35136436297c7d346a55956a7f7298cec8e6ac2aefa2,stSTX (token 8),0.183328,963390,0.1827,0.3439
2026-08-21T05:31:04Z,8812401,0xe68229c211143cd5c519de3d97ce1c71e42ac7318797ed7aec0c6758f6d3f579,STX (token 1),0.1547,963397,0.1549,-0.1044
2026-08-21T05:31:34Z,8812403,0xf5e276946df718fa13ddfb9b4096beeacc679ac066ff3077169c3a2b04c50928,BTC (token 2),75224.749407,963397,75141.6448,0.1106
2026-08-21T05:31:56Z,8812404,0xd9932a72acdf3090c96d2f9dd8aee3259c3bbb06c3bc06016552a07ad8f65018,stSTX (token 8),0.183264,963397,0.1834,-0.0726
2026-08-21T07:02:11Z,8812746,0xebaeed8f9372bbfc1d9652a5f39d60751b3b2dd7ac242139c4e488886942d6c1,STX (token 1),0.157227,963404,0.1575,-0.1551
2026-08-21T07:02:11Z,8812746,0xa8774cd10b29e54c8ff1a0cffad128974e300c95a238eab2649df8311f5ea505,STX (token 1),0.1574,963404,0.1575,-0.0452
2026-08-21T07:02:11Z,8812746,0x190d77c91f74fbd6b4d71cf308035f5a2b469709f4d6d7641d4fc479a1a1f74a,BTC (token 2),75601.420274,963404,75802.08,-0.2647
2026-08-21T07:02:21Z,8812747,0x27a14161951e302c1687ebb882f327876a37b398cf407f906be6c5df0af3c0a0,stSTX (token 8),0.186198,963404,0.1865,-0.1552
2026-08-21T09:02:10Z,8813275,0x536e441da95482d14c1e54b9919699b098fec5cb8d239d90197c7328b0dd85a3,STX (token 1),0.1613,963410,0.1601,0.7707
2026-08-21T09:02:43Z,8813276,0xdc35c3058568031a50213fa01547c0067216e95bcae39816e3f607889987d611,STX (token 1),0.163499,963410,0.1601,2.1445
2026-08-21T09:08:48Z,8813299,0x46c1268b74c64bbe244408ee71eac3d5dcea224b712b8273d62ceaa5f484d10c,BTC (token 2),79244.373036,963410,77660.7878,2.0391
2026-08-21T09:08:48Z,8813299,0x615bd3ff6a3326e27b22ec343ddaeb7cc8c4696b7956055b5672fdf37ca000a8,stSTX (token 8),0.193711,963410,0.188,3.0259
2026-08-21T09:30:50Z,8813398,0x355a1ac94d8058fa671aa319381545de6a6159f265b53f3bef3cb5db0d2d74e5,STX (token 1),0.1579,963416,0.1578,0.0527
2026-08-21T09:51:01Z,8813500,0x9bc2d535096238984b70106d060bb613cd6a95f0be60198b8525dea905cab2f6,BTC (token 2),78130.46,963419,78150.86,-0.0261
2026-08-21T09:51:01Z,8813500,0xae59336952140ce1c6110983cb8bac7ef4f847c67efd7c87cb7c444115c455ce,BTC (token 2),78278.730828,963419,78150.86,0.1636
2026-08-21T09:51:01Z,8813500,0x07530c5f1570eea6968f2a0a5360b489dbd8b286fdb79fe7586a81d28d63abf0,stSTX (token 8),0.19006,963419,0.1909,-0.4517
2026-08-21T10:10:34Z,8813593,0x1ed98ff57c76cc77d9c0aaecd425e2ef538b1a396bd4f1ae1fef90e601fafb49,STX (token 1),0.1599,963422,0.1596,0.1957
2026-08-21T10:40:50Z,8813709,0x90b37d2c1d12e11669c23308e9f07dd1b2645c16bf5892afe585c6731a50c2b9,BTC (token 2),77723.50466,963425,77785.152,-0.0793
2026-08-21T10:41:02Z,8813710,0x5a7706ffe53bed69d983a4afdbd13fd03fd6258d752ef84802867708eb55d753,stSTX (token 8),0.190619,963425,0.1908,-0.11
2026-08-21T11:20:31Z,8813883,0xd74ab11c30bcd2305ad399e09a26f06442424245f2ca2d97eaa98681144fc904,STX (token 1),0.1659,963428,0.1657,0.0933
2026-08-21T11:31:09Z,8813927,0x6edec24bc508c9a0c0330b3649b17f6fbd0186765d335a9eaf867544373cd4c0,BTC (token 2),77323.34,963431,77129.8388,0.2509
2026-08-21T11:31:34Z,8813928,0xd13c3c18d20ff1227cf7ba9e16d6848193c397cf67dfb01ffe841c8b03dd22f4,BTC (token 2),77365.779725,963431,77129.8388,0.3059
2026-08-21T11:32:04Z,8813929,0x47b02d937d34fe64f22b72e36f5c5cd18e4538276bdd804d0cbe518dba1956b0,stSTX (token 8),0.196992,963431,0.1948,1.122
2026-08-21T12:11:11Z,8814077,0xa670252a58321c2bc5a9909ba23d489ee90d1fd72642b6d9b768eac764efb1f5,STX (token 1),0.16411,963436,0.1639,0.1061
2026-08-21T12:11:11Z,8814077,0x49bdd537014202088984a29db4005f53b6dd12c159da4719f33370087259271c,STX (token 1),0.1641,963436,0.1639,0.1
2026-08-21T12:30:36Z,8814149,0x56b40d4db40d2905ea571e62620e983bfe8a0ad864690674d0f32eeeeb6e3569,BTC (token 2),76632.06,963438,76659.0913,-0.0353
2026-08-21T12:31:06Z,8814150,0xc6c98bdf387d3891da1bcd5f4aa8ef8428f0addc5d87623f9c5976265323cef0,stSTX (token 8),0.192798,963438,0.1925,0.1312
2026-08-21T12:50:39Z,8814230,0x6e887912a2c9a149be2b813e740eaac48feea71b1e57f5f4a6cc4357ac7302cb,STX (token 1),0.165422,963442,0.1652,0.1128
2026-08-21T13:31:03Z,8814399,0xbd8560eb8492846f00bc5ad2162298c2a231382d602c8be9370091536dbe6009,BTC (token 2),76922.3,963445,76704.6996,0.2837
2026-08-21T13:31:27Z,8814401,0x9874b8c679cedeb1b30b50a91ab9cec000584cad6b06e0c816b93bf7f204d350,stSTX (token 8),0.192964,963445,0.1933,-0.1745
2026-08-21T13:31:27Z,8814401,0xfc9f1c6e6094932165d1e38e9e07b81ab155a591988f984c3f31f4ca3a41e5fa,stSTX (token 8),0.193035,963445,0.1933,-0.1378
2026-08-21T13:50:42Z,8814473,0x426a92ad94b994c8ab7db70ac8bd2531f9ca9736aac57ba906f9360478302406,STX (token 1),0.16443,963448,0.1662,-1.079
2026-08-21T14:30:53Z,8814651,0x6e1eb4395a2dcd8585b3fea33de534724d8e6b08764cb1b0232590d540d64632,BTC (token 2),77121.97,963453,77100.9905,0.0272
2026-08-21T14:31:13Z,8814653,0xd46ff4024498cb0b18379e1ef8b6a02d3baf7745a7e080839be02bd7e9ec5d04,stSTX (token 8),0.196469,963453,0.1962,0.1586
2026-08-21T14:40:29Z,8814700,0x62cf8ec05b47a4106eb511abbdbc8f9ae5db9bdb9cb63473188bb31072ea830a,STX (token 1),0.166568,963455,0.1654,0.6836
2026-08-21T15:40:45Z,8814941,0x167a9564ed39df300567ce239b06611596b3367bfe12a384439a3566a342fe56,BTC (token 2),77515.533277,963459,77577.2803,-0.0796
2026-08-21T15:40:54Z,8814942,0x8c6e2d514eaaf1b80cfff83bcec07bc648cce47199012aadedfac1f0c3dfad53,stSTX (token 8),0.196124,963459,0.1966,-0.2551
2026-08-21T16:01:46Z,8815033,0x3de6e9ad3be3c9e3af49215bbbe516a64276dd972f79c227f1f82ab2f66fc81c,STX (token 1),0.1682,963461,0.168,0.1153
2026-08-21T16:30:51Z,8815153,0x7f261c8a0c8f2a2752aa206d7c9803af6fb756f3064fe1dca0d24879f51913a4,BTC (token 2),77332.41,963465,77308.6445,0.0307
2026-08-21T16:31:00Z,8815154,0x1bb30e68bed433561e9b51b10bda795f23ea32ba8c40cabdd124e8154a049072,stSTX (token 8),0.198602,963465,0.2004,-0.8896
2026-08-21T17:01:52Z,8815298,0x2fef1d8a3399e7224748b7a82437270cc0da637f993973bd3fa4b14706354fb4,STX (token 1),0.1689,963469,0.1687,0.1189
2026-08-21T17:20:37Z,8815361,0x16f8c3d0459ad072d116ac721034b91a73599961d77ef7ca3b787e8d5a5be579,BTC (token 2),77231.52,963471,77276.97,-0.0588
2026-08-21T17:20:55Z,8815362,0x295a6dbab2b21bf4053884249ffe00cc6fa353279e47680e808da24075b7d849,stSTX (token 8),0.202746,963471,0.2039,-0.5509
2026-08-21T17:20:55Z,8815362,0x4239d7e392bbf26c28a432c5853d2f02d993f2e40df9289adf7547f9c4987e3e,stSTX (token 8),0.203027,963471,0.2039,-0.4131
2026-08-21T19:01:46Z,8815695,0x2d5c7d2c82018b2215dfb77db7e7907336b8961851aed21f473059e3ac22f838,STX (token 1),0.1737,963477,0.1738,-0.0473
2026-08-21T19:02:20Z,8815696,0x5058cb3b334af75d929459d855e25d80f711121be2602866bd42a27106252d9a,STX (token 1),0.17461,963477,0.174,0.3321
2026-08-21T19:02:20Z,8815696,0x4a37fb690038be24584ffcc73a631428cfaf4d046ec2d078a2320ca6e6a2dd89,BTC (token 2),77100.907146,963477,77020.57,0.1043
2026-08-21T19:02:20Z,8815696,0x0b5cb8dc50d07dfb117fad2d165792260997fbc1fcc98d193064bef243a32ee9,stSTX (token 8),0.205707,963477,0.2061,-0.1907
2026-08-21T20:31:10Z,8816035,0x9d0d305d3b55bb52b78f739c44069d4d8ecb66637699acda3ab1e63d26230cc1,STX (token 1),0.1818,963484,0.1827,-0.496
2026-08-21T20:31:46Z,8816036,0xdfd94be5429dbefefa1f325caad5a334596a975a1816f6113d554aabf45fd1ad,BTC (token 2),77473.42,963484,77503.2048,-0.0384
2026-08-21T20:32:13Z,8816037,0xc26060d23eed015454fd511dfe2d099d13862fbde3c409d3042d2d9850de047c,stSTX (token 8),0.215062,963484,0.2155,-0.2234
2026-08-21T23:11:05Z,8816732,0xe7ce0ed2e67c0af124061c533eea8d074223b9444988a8178278354fe4b73fe0,STX (token 1),0.188002,963494,0.1871,0.4962
2026-08-21T23:11:05Z,8816732,0x4b28aaf58b5178a1ceb4fcf90571080edc0419b0cd485b1b7848a245570bbbce,BTC (token 2),78510.689522,963494,78570.43,-0.076
2026-08-21T23:11:24Z,8816733,0xdc9acd04448004b24be69954c4fd4e486bb2fb83e1f6851a34a9dff628bf528f,BTC (token 2),78490.34,963494,78570.43,-0.1019
2026-08-21T23:20:52Z,8816769,0x7805305a6b7e6fa59a126ed2d1333189a75b03fe1f779fb7ff66238aaf4c1ba5,stSTX (token 8),0.221931,963494,0.2207,0.5775
2026-08-22T00:11:34Z,8816964,0x9e5bf69387f59976132c9b55caa3fe161c367a6a8e0f31c404b593423f29f35c,STX (token 1),0.1888,963500,0.1886,0.1171
2026-08-22T00:12:59Z,8816966,0xf94e7fcb77daf966fc5fe5290004fe4b79728b750928681aeaf80cf0e7c3ed44,STX (token 1),0.188203,963500,0.189,-0.4107
2026-08-22T00:13:26Z,8816967,0x934aa18a318d986d45acf45cf0ac15725677aad77e401da76efa23e299da2d7b,BTC (token 2),77855.598971,963500,77819.7689,0.046
2026-08-22T00:13:56Z,8816968,0x710b6611ebcfd0f0c7bdda0183bfc044a1221844b1acf6e92bf8b7644f1fa4bc,stSTX (token 8),0.222883,963500,0.2243,-0.6206
2026-08-22T01:01:57Z,8817165,0xc34b7773f6ef1a9a06a50b3c1b5be6bd004918f046b1d28214a64c2f1ff4b3fd,STX (token 1),0.198214,963507,0.197,0.6008
2026-08-22T01:02:16Z,8817166,0x8ced68525f981f06d28dcdb674f0c51559300cb1ee3a094ef858fa9782488def,stSTX (token 8),0.234738,963507,0.233,0.7287
2026-08-22T01:10:58Z,8817211,0x99dc5a528bf719f5dc5bc0aba65011977ace547ae5baf3a0755f69972f300670,BTC (token 2),78094.414953,963508,78164.85,-0.0901
2026-08-22T01:11:12Z,8817212,0xbf903f50598fcc4aaada68cdfbedbeb6fec7c2cb317edd3855ddeb3057550a88,BTC (token 2),78159.84,963508,78129.8862,0.0383
2026-08-22T02:11:03Z,8817457,0xaff2ec2770780a85319a3114ab3e2bc62c63f836dd238ca83c392b89b323c0b6,STX (token 1),0.2002,963513,0.2003,-0.0299
2026-08-22T02:11:11Z,8817458,0x9821861b990d0b6d0981a0e85ca47f7739ce0bde72ee660e95669c55f7f038f6,stSTX (token 8),0.236537,963513,0.2372,-0.263
2026-08-22T02:20:42Z,8817508,0x40fdab013a6a34b16c860cb233fae9cd4b65065afdb83109fab11d2d5df3d775,BTC (token 2),78108.94,963514,78136.06,-0.0347
2026-08-22T03:11:14Z,8817729,0xffafca2a722327d2e03fc8312f5ef7cbe51b6e31e572e71b5929f27e6af12251,STX (token 1),0.2076,963519,0.2074,0.1104
2026-08-22T03:11:14Z,8817729,0x50956cd4501db225d6843020d4ed1e8128f5a499c2f04dbd6b079738b2fbd8e1,stSTX (token 8),0.245486,963519,0.2456,-0.0391
2026-08-22T03:20:30Z,8817760,0xf1b191684b9624d3aef6a692bbb200aba5fad9ba0979a9d83689f09285fb6da9,BTC (token 2),78516.980933,963520,78497.7088,0.0246
2026-08-22T04:02:14Z,8817896,0x62c75ab847a219ed4bf90b1fc8b4203aacfccc5f056d681ec4794d8a6e44716a,STX (token 1),0.208912,963526,0.2095,-0.2983
2026-08-22T04:02:49Z,8817897,0x84738454176cc4da9c44f68adf62c2840a1a5796f6c9818e8a7176c23dff4311,BTC (token 2),78425.633033,963526,78274.8105,0.1927
2026-08-22T04:03:26Z,8817899,0xab3a8c6e43b60197877c8c87fd9b4666ada703528fa46898711ee87a9c0757c6,stSTX (token 8),0.247407,963526,0.2492,-0.7246
2026-08-22T04:51:25Z,8818070,0xcbc4c78a52382525f927abe6619ba406b14e805366691bf45873ec39aa90447b,STX (token 1),0.2081,963535,0.2016,3.204
2026-08-22T04:51:51Z,8818071,0x1db347e7b9223fecc8350e847cb0fe2a4dab2ba0da9206e525dc530c941521c6,BTC (token 2),78617.088055,963535,78491.9454,0.1594
2026-08-22T04:52:21Z,8818072,0x5816aba81e525a1c471d6efa0a69d1cf034a9342fc839e977ba4e36655c0338d,stSTX (token 8),0.24761,963535,0.2367,4.6254
2026-08-22T05:20:35Z,8818172,0x141c6d96e134b268c77444570db627d94d53229f25054f21a38f750a12c1dac4,STX (token 1),0.19091,963537,0.1933,-1.2294
2026-08-22T05:20:44Z,8818173,0xb9cd4d42c625217d34ac33a93d99b204e7bac4c5ad3465857859ae0feefb1dc3,stSTX (token 8),0.226088,963537,0.2289,-1.2293
2026-08-22T06:20:47Z,8818388,0x7d5d7230a34ca15810c1512ae617390c6fcd38146bb9fb5bed8f25d419cd571b,BTC (token 2),77198.063046,963543,77301.0367,-0.1332
2026-08-22T06:30:52Z,8818425,0xe62c48219fa3d6040de993165730b4ba2dba1e09a9f336e5ca330cd66ef76f08,STX (token 1),0.1949,963545,0.1948,0.0457
2026-08-22T06:31:16Z,8818427,0x9d88430e3925208f1de6f350bbdf129fda6b21892c9fa293c202721984b84079,stSTX (token 8),0.23105,963545,0.2291,0.8471
2026-08-22T07:01:50Z,8818588,0x6f795ac0d5bf887b6069ec4ce22405a2fd461116933009be2c3907f72a4a2f3b,BTC (token 2),77477.783568,963549,77501.9904,-0.0312
2026-08-22T07:02:00Z,8818589,0xf5456f9d90d6cb11c9ee970fa7c5b11a33209617825b2dbeede4e1d485927b0f,BTC (token 2),77492.75,963549,77570.68,-0.1005
2026-08-22T07:40:46Z,8818750,0xe967e4930ea77e7d5284c7a776d118b13e2370c6fd42ac5ed6240c168eaae713,STX (token 1),0.194512,963552,0.1938,0.3905
2026-08-22T07:40:56Z,8818751,0xad7db6aaa3c5e56792824a7cbfe2e85a610a8a66d2377b05a89b45eda4abd0cb,stSTX (token 8),0.230354,963552,0.2295,0.3907
2026-08-22T07:50:33Z,8818792,0x45e63f274876db0ad129306a29eb911eb1f5ad6f837495d9c60158ba9ce72c00,BTC (token 2),77336.948056,963555,77343.55,-0.0085
2026-08-22T08:10:45Z,8818862,0xad6d2531df1d59f34a89f078735885005dfc6597f1ea7185a62b8f71fa9964f9,STX (token 1),0.1897,963560,0.1911,-0.7538
2026-08-22T08:11:08Z,8818864,0xd6af9281c2d3e912a727b9b037fc4685d0f387a214cf47753cc15676473f723b,stSTX (token 8),0.225247,963560,0.2263,-0.4661
2026-08-22T08:11:18Z,8818865,0xfe150d9f2e724010423995e5fffc972b555d7b85a1fc2ad3133107e037630197,stSTX (token 8),0.222867,963560,0.2263,-1.5178
2026-08-22T08:20:49Z,8818912,0x2fc341c4393fec27cc6afce22c0020afaa64199bdcb60a59c9751ff8c7becb4e,BTC (token 2),77350.05,963561,77290.3326,0.0773
2026-08-22T09:10:34Z,8819122,0x929cb31716188bcd5757f62b89b2d3364efba7ea428388b968ee556a52c6359b,STX (token 1),0.1931,963568,0.1929,0.1257
2026-08-22T09:10:50Z,8819123,0x3284367e04d62e3560254f6e272838f93909235c1fb9249ec7c1b0fd38e13324,BTC (token 2),77236.58,963568,77203.0116,0.0435
2026-08-22T09:11:09Z,8819124,0x0e4bab42c58bd59a48f89ff55daf3239e74ccfe0a8fc1a29973df81410cf0e83,stSTX (token 8),0.228326,963568,0.2287,-0.1851
2026-08-22T11:01:17Z,8819547,0x54c198cb00abcca5e90272172a816ac3dfc6a7ed63539a84f20943b14592c95b,STX (token 1),0.1918,963574,0.1921,-0.1362
2026-08-22T11:01:34Z,8819549,0x3ba870c00e3811e82fc8a5c887f6f87b6f15f66e28210ca7a8bc9f66a4b5a058,BTC (token 2),76893.97,963574,76886.22,0.0101
2026-08-22T11:01:57Z,8819551,0x305c628a495051964288e7d93938d2394fef0e999a1596c7bb664d0ae323bafa,stSTX (token 8),0.22426,963574,0.2275,-1.4032
2026-08-22T11:41:07Z,8819709,0xa5822e010ffce4d7fe0d8573949596e1c45e4a061cc7c888839b3b492c722e79,STX (token 1),0.1936,963580,0.1942,-0.289
2026-08-22T11:41:18Z,8819710,0xbc3bf3f603758f7be8d2e30194a994e01bc5a9366395fefe7e6abf0dbec46c14,BTC (token 2),77146.686675,963580,77132.5704,0.0183
2026-08-22T11:41:30Z,8819711,0x5ad389843d562e51dacec994371c63a3bb204de0d580742abbf0bb117778378b,stSTX (token 8),0.229945,963580,0.2299,0.003
2026-08-22T11:41:41Z,8819712,0x7a9b34cd363508295e9ccadf23e0c58dc632505877cec69e483988f4decb3452,stSTX (token 8),0.229274,963580,0.2299,-0.2888
2026-08-22T12:31:09Z,8819925,0x00c2d24ccb56b4c1ca231fa90b9211f3d1bf0e724c8e128ebafd2489944eb965,STX (token 1),0.200399,963586,0.1987,0.8702
2026-08-22T12:31:09Z,8819925,0x7d39a890d0545778503ebf327ac5ed622613620340da4162ee1f9ef1443959ab,STX (token 1),0.199,963586,0.1987,0.166
2026-08-22T12:31:35Z,8819927,0xaf871cb30b34a130d3f6615a4c2e7be814c595d217011699409de51eb311d3bb,BTC (token 2),77332.612072,963586,77251.7505,0.1047
2026-08-22T12:31:35Z,8819927,0xd2decf3c26a40f847108a2fe4fbe7b5aed77c5d7e3165324b0cf8f3e20e543d9,stSTX (token 8),0.237326,963586,0.2353,0.8705
2026-08-22T13:40:51Z,8820203,0x5303e52898ae6a21fe16bd28f0b3f28768a5bf1cd689e9382baa14243922f63e,STX (token 1),0.1985,963592,0.198,0.2372
2026-08-22T13:41:00Z,8820204,0x4c547ade5af81d3be070b38a6e3a05da2a6821bf7f43fbd168f792bfde61b785,STX (token 1),0.198223,963592,0.1979,0.1732
2026-08-22T13:51:19Z,8820252,0x4fdf97020d927fba8bbd38f39a300b7cfe544d643915c5418ace3a019416a340,BTC (token 2),77214.392832,963593,77333.1659,-0.1536
2026-08-22T13:51:19Z,8820252,0xdd73789d10bd434d58745bc72e02e60306ad00dc9eb1b3ace294c25741711387,BTC (token 2),77287.12,963593,77333.1659,-0.0595
2026-08-22T13:51:30Z,8820253,0xab4ef742cffc19a76adccf6fbce1e1d1c154d77e1d0b0bc18ac28e0d81122334,stSTX (token 8),0.234487,963593,0.2353,-0.3662
2026-08-22T14:50:56Z,8820515,0xb635a59f1ca0ba2b3975c049bc76a7df23e5513a099d53dbaf7144228fe14377,STX (token 1),0.1996,963599,0.1989,0.377
2026-08-22T15:51:27Z,8820779,0x888d29ee104c1f5d710905616421441f6468080b45abea8cb59b1bb60e3904b4,BTC (token 2),77049.4439,963602,76939.2696,0.1432
2026-08-22T15:51:27Z,8820779,0x404c941006d9ba7581d781f48286404fef9482f6a6acdfbffac04e491a7604c1,BTC (token 2),76975.74,963602,76939.2696,0.0474
2026-08-22T15:51:27Z,8820779,0x85572877607cfd7b5bce3334cd83edcc1621e6bd851fc994777f2cad8db0f5a7,stSTX (token 8),0.23268,963602,0.2322,0.1885
2026-08-22T16:21:02Z,8820912,0xa472f1a4e02c4187933b931df2ba8af55b519604b2c1d9ecf16dfbf295348eee,STX (token 1),0.199261,963605,0.2017,-1.1914
2026-08-22T16:51:33Z,8821022,0x758cdb97c43f0553b06eac2cfc3012ec05fd7a23f3f435fcc685f520e480dbe8,stSTX (token 8),0.247037,963607,0.2459,0.4754
2026-08-22T17:01:16Z,8821054,0xebf7f9964c6b04db50d2396d14b89d50dd664f1bc4a249748a353ef6d19cfde0,STX (token 1),0.2126,963608,0.2108,0.8471
2026-08-22T17:01:39Z,8821055,0x28a1157bace2688c84fa4f1d332611b3e0c414c5a181394c67d95a5eed8d250f,BTC (token 2),77297.69,963608,77315.0542,-0.0225
2026-08-22T17:40:47Z,8821216,0xc4383240fcee535a5222e2f65349270565de57a679bb2da72c194f87a103f072,STX (token 1),0.2075,963614,0.2072,0.1377
2026-08-22T17:41:05Z,8821217,0xaf47e2adac98a371f7ca9fd44319676c0aa23ee787e718f724c8fdb0953985ab,BTC (token 2),77175.37,963614,77190.3754,-0.0194
2026-08-22T17:41:16Z,8821218,0x110c67ac6d5210c50521d2a6dbf132eaa93e9b68c9c6d5ad3e79373332072642,stSTX (token 8),0.244754,963614,0.2445,0.1002
2026-08-22T18:01:27Z,8821292,0x5b9f2b2d6df240ab0d20e0944234f80468bf2308cbc3a55f8d1320a1362dcfba,STX (token 1),0.2207,963615,0.2182,1.1559
2026-08-22T18:01:58Z,8821295,0xdca7a416c7dfbb67c682cba7f6d9f86f05533cae4150f24aca033c6b46c6f921,stSTX (token 8),0.261367,963615,0.2584,1.1558
2026-08-22T18:02:11Z,8821296,0xf415c6624ee4db5957c3c0aa60435201f9bc9fa6e8097ef6d511599225579258,stSTX (token 8),0.258431,963615,0.258,0.1572
2026-08-22T18:31:25Z,8821405,0x15528091cc9ff1bb524868dc1c20485863f3d05f01c0d9fd55937175a54be363,BTC (token 2),77303.940495,963620,77278.1714,0.0333
2026-08-22T19:10:52Z,8821590,0x7a786d9b22f26a9353efe77428b3ae70ccf895e2e4a2a7b69d575dadd68a7e53,STX (token 1),0.2155,963623,0.2153,0.1029
2026-08-22T19:11:05Z,8821591,0xa606e2ac68cb897414f6fe0dec57402199469939fdc3759ed0cbb697043d3658,stSTX (token 8),0.257733,963623,0.2556,0.8354
2026-08-22T19:30:56Z,8821672,0x90f13b9166e26433ad134d9cbb8ade2f0e1a796b438b27211b02dfce224a95f0,BTC (token 2),77293.87,963627,77287.7705,0.0079
2026-08-22T20:31:04Z,8821951,0x10058a33212aa68a0f90f9cba85c61d909386476922d705456d83cf328f04797,STX (token 1),0.2269,963629,0.2253,0.7029
2026-08-22T20:40:55Z,8822000,0x455a154481b42f1664802de92ff02a69d023f8cb7c69059dc906a182c44c57cf,stSTX (token 8),0.271315,963632,0.271,0.1024
2026-08-22T21:01:59Z,8822079,0x1e2e434f0c1f536962f125f19abd0f64ba4441440221e15687f6ec153b9f711c,BTC (token 2),77230.31,963634,77188.72,0.0539
2026-08-22T21:51:05Z,8822281,0xfeb542374d571c2a6e782bea2315a08cf5c0d4a957389d36912e714a324b747c,stSTX (token 8),0.257222,963636,0.2565,0.2689
2026-08-22T22:01:17Z,8822327,0xe639e140173fac05c10ca5f653ac928ff7caf9030a38372bcc3dbcefed155ad6,STX (token 1),0.2173,963638,0.2173,-0.013
2026-08-22T23:11:05Z,8822638,0xabf8f79a6035b339d7fce0a34d06565d9a964aadf18184d5fd5f14256cf1afa9,BTC (token 2),77004.02,963640,76972.6013,0.0408
2026-08-22T23:30:56Z,8822709,0x2a699a566c4d9c643e28e6fb5eb3778effda5ad5f2d47b7c55f9a3effad38daa,STX (token 1),0.2224,963644,0.2227,-0.1496
2026-08-22T23:31:10Z,8822710,0xa12d846f46c12d5bdc05e4eaa66c763fabf6a968c1117deec789b2b99d6809d8,stSTX (token 8),0.263736,963644,0.2642,-0.1939
2026-08-23T00:10:56Z,8822897,0xe4678d62b8885140e893b848c9baf02ac7557a0a22cc7329e9b145855da2f500,BTC (token 2),77079,963647,77062.24,0.0217
2026-08-23T01:11:04Z,8823183,0x0ec95c5d8130355f800ce724d03be3c1d6dfc1c6f8b29d303cd3f9c53194a0a3,STX (token 1),0.222051,963652,0.2224,-0.1439
2026-08-23T01:11:04Z,8823183,0xea44d72b46d1d5a4048558c1cf33f19c592e2310675eb65ef372f185920f58ad,stSTX (token 8),0.263138,963652,0.2633,-0.079
2026-08-23T01:21:14Z,8823227,0x8ba9abb6d2bfb9bda7adc92b70ac6cb7f567fac11e986519dcf62cd6c9490fb2,BTC (token 2),77322.04,963654,77303.8692,0.0235
2026-08-23T01:50:40Z,8823382,0xa246a6b8faa4c4f3654a09d5563372c43a5a991ebd74b63dad9b2555f269feb2,STX (token 1),0.222,963658,0.2225,-0.2342
2026-08-23T01:50:50Z,8823383,0x6addd789cae7db022f4b29e444a155eae69c3fcc754106c13657606ced343be5,stSTX (token 8),0.26338,963658,0.2635,-0.0545
2026-08-23T02:01:53Z,8823422,0xf57dca473556787bd96879854b110c12b57819c0816b96d834bc3314b621b7eb,BTC (token 2),77183.1,963660,77177.2173,0.0076
2026-08-23T02:21:14Z,8823489,0x9fb8829c022eb57c31f95ca0598897b1ff83e9a10d76291e84875716bf121c68,STX (token 1),0.2096,963660,0.2103,-0.3109
2026-08-23T02:21:14Z,8823489,0x181e09db4f01dff4e91696dc3e1088f2615117f9ecbe28a206a6ab2eaeb818d8,stSTX (token 8),0.247748,963660,0.249,-0.5012
2026-08-23T03:30:40Z,8823773,0x7ae04eb3db17a3336a99cfc9abc286bceed9933706a406d6d480c3285d97b2c4,STX (token 1),0.2082,963668,0.2095,-0.5977
2026-08-23T03:31:06Z,8823774,0x05b3e5c049ed270893cc5f587da2823654f151a37fb97c9aa47c207dd01b431c,BTC (token 2),76976.82,963668,76918.7046,0.0756
2026-08-23T03:31:28Z,8823775,0x70bc2653f1764b4ab1a650a8ba410d0f126b304825037021d9cbe0515498b9d6,stSTX (token 8),0.246775,963668,0.2486,-0.7257
2026-08-23T03:31:28Z,8823775,0x952625f052c4154733ca61ac9bdc34775ae5143edbfe04bfe2d531b1a31476f4,stSTX (token 8),0.246919,963668,0.2486,-0.6678
2026-08-23T04:21:12Z,8823964,0xbdf3a8ffbe90c19d835b91ca8e9e7bf0b90bc1964afa9f2d899383e130581e90,STX (token 1),0.2094,963674,0.2096,-0.0734
2026-08-23T04:21:32Z,8823965,0xc0aafaca19f88662be907546c4a47fcd6a03a890000941ef3e20d77ee157836b,BTC (token 2),76797.29,963674,76816.18,-0.0246
2026-08-23T04:21:32Z,8823965,0xc7feb4db2c539fa4e36dbc042b753dd2e0f849621c6ec26ced2ea184acb48f87,stSTX (token 8),0.249588,963674,0.2482,0.5725
2026-08-23T05:01:45Z,8824137,0x6c2ad443d73329f694a3a431a0d09a1999bdf78371919590aad2c21a3cf4ff7f,STX (token 1),0.204797,963682,0.2055,-0.3251
2026-08-23T05:01:54Z,8824138,0x9f42b904148a6d6fcb032163cfb56f2f13016796c8a4bd21d382fccf98af1807,STX (token 1),0.2061,963682,0.2055,0.309
2026-08-23T05:01:54Z,8824138,0x3d0de363ee98d0c55339b73d7e6b2bfb1080f2079f244b53e522daf75658b929,BTC (token 2),76592.37317,963682,76630.53,-0.0498
2026-08-23T05:10:40Z,8824182,0x5ef2864f52473cc2d71ea765300a30a6fe153ce0d0654cf4476a8afd87554982,stSTX (token 8),0.241945,963683,0.2421,-0.0809
2026-08-23T06:10:57Z,8824452,0xc4cf00ee75d377081804266fa685c799753768077775e77a8bcf911e9fd6e148,STX (token 1),0.2094,963688,0.2097,-0.1301
2026-08-23T06:11:17Z,8824453,0x386b5439424b559532e58cf8283e192faefd3852cdd3336a6f1f17af7c3771c9,BTC (token 2),75928.5,963688,75912.2201,0.0214
2026-08-23T06:21:21Z,8824485,0x0ac05dd0445dc760fbe67ff9d7852ef59ca7d895e6c5ec6410f100b1d7a5f39f,stSTX (token 8),0.250092,963690,0.2545,-1.7186
2026-08-23T07:11:01Z,8824671,0x7ec7b372e01e7016b9d70f985bce8b80117cd732f211016b7b327fb394d9ded4,STX (token 1),0.2197,963694,0.2186,0.4973
2026-08-23T07:11:01Z,8824671,0x289be479bc1c18662746825e5477b59e4e7be6f5f757082cdd9176209ccb3b63,BTC (token 2),76230.12,963694,76246.57,-0.0216
2026-08-23T07:41:02Z,8824806,0xd75e600cbff88f47f67a831fd70e9467cc5228c0903cc677644d195f5e9216e4,stSTX (token 8),0.26113,963696,0.2608,0.1077
2026-08-23T08:41:03Z,8825034,0xa61d52a043c283eeb5a6b8eecfccde84b57a391058227c5343a067176cb7b569,STX (token 1),0.2215,963700,0.2216,-0.0547
2026-08-23T08:41:13Z,8825035,0x6e48d8b0f1d55acaa9a04e16477a03adef7e450eca0dcbcf9279ac8c387007a1,BTC (token 2),76463.61,963700,76517.85,-0.0709
2026-08-23T08:41:39Z,8825036,0x979f1610fe757c2141ddedc04059c0e59fcb5be4bd63125ca9fe3506818d2df2,BTC (token 2),76413.183018,963700,76517.85,-0.1368
2026-08-23T09:02:26Z,8825123,0xc2d9446acca61c98fbb31517c66de9c611cd5899556065d6363aba338eeb662b,stSTX (token 8),0.262196,963702,0.262,0.0562
2026-08-23T09:40:42Z,8825280,0xf630751e1f235469ee0823f56ad8da9bf3fb1b88862255a1ae3f8eb16e49c915,STX (token 1),0.2226,963706,0.2233,-0.3025
2026-08-23T09:40:56Z,8825281,0xaabf75146848adadbb9387a20e7ce03f58e265709b9d64a8f2b432d56f9e1b26,BTC (token 2),76526.07,963706,76539.5597,-0.0176
2026-08-23T09:41:14Z,8825282,0xfe32c17c111dff88db1b501a9f41499968616decbcd7276e87b1714ac121693b,BTC (token 2),76525.253585,963706,76545.3091,-0.0262
2026-08-23T10:20:57Z,8825429,0xc7551b6a09c49de0b48fcd2497d2ca6aa8e178f931f792afa4446ad65413e6b0,stSTX (token 8),0.261249,963710,0.2613,-0.0095
2026-08-23T11:01:43Z,8825605,0x6434ee1a30584e688d66b356a9e6a6eb317f579bf580e61d6a9a54df302b6ce6,STX (token 1),0.222,963712,0.2213,0.3127
2026-08-23T11:01:54Z,8825606,0xa3cc8a483e72e1fe790ef93bb83dc9210601b8bade7dc01b279e43d3b1943add,BTC (token 2),76834.57,963712,76811.42,0.0301
2026-08-23T11:31:00Z,8825727,0x28398c19fe7a5f2ec5853db860a03f04e9b19c534bd603f035ade19a492a3cae,stSTX (token 8),0.268117,963716,0.2686,-0.1795
2026-08-23T11:41:13Z,8825762,0x744993b77eb717ec3131bacb345c39a154ebaa720fd5a5d2c66adc2479ba9a0c,STX (token 1),0.2264,963718,0.2261,0.1517
2026-08-23T11:41:13Z,8825762,0x165f55dbeb0123b2705500b6d2b5dd242042992b3ea875260a8146f3ba3fc88e,BTC (token 2),77240.545649,963718,77298.6705,-0.0752
2026-08-23T12:51:03Z,8826064,0x2459840bdf9ad80314c5a32d4c267cead43a6b59bf17cc18a5772fde0b238a3a,STX (token 1),0.238594,963722,0.2362,1.0327
2026-08-23T12:51:14Z,8826065,0xfb4437718e34bc6a3553d8def0e08f67aeeb9f6a81e37b11d6a93bc37e648428,stSTX (token 8),0.282559,963722,0.2797,1.033
2026-08-23T13:01:27Z,8826114,0xf8b57e3820bff1c5e3f2dd3c7143b3ee38529290265f54d0cfa89e1607692d2e,BTC (token 2),77209.17,963725,77212.4164,-0.0042
2026-08-23T14:01:27Z,8826351,0x225721ebe748bdc6319d9c3bd0e88f90cbd12240ad6197b3d5a1ba5b78171f94,STX (token 1),0.2357,963731,0.2378,-0.8901
2026-08-23T14:01:36Z,8826352,0x842c3cae7916084a39382ad0627c69cdfda68d8f88019a008be90e9df8024109,STX (token 1),0.23717,963731,0.2378,-0.2719
2026-08-23T14:01:45Z,8826353,0xdbe066218358a6709a87b32cdf57db1d11b8133aaa73246919bf993d35fdebc9,BTC (token 2),77461.356957,963731,77559.1302,-0.1261
2026-08-23T14:03:00Z,8826360,0x601bf2d63072bcaa5811ad5039231c49709d23cbdce947b04dd44089b7d44b6d,stSTX (token 8),0.280872,963731,0.2839,-1.0829
2026-08-23T14:31:00Z,8826457,0x6890335679fd58d5655cb2b4deb936af80bd48aa2a61548c5b3da1d2ba8de5fa,STX (token 1),0.233,963737,0.2319,0.4667
2026-08-23T14:31:23Z,8826458,0xc367d8afb503df44b396e54619bcb382f5b7470ac96f9a5b8bf82495f56a4c28,BTC (token 2),77427.59,963737,77446.656,-0.0246
2026-08-23T14:31:23Z,8826458,0x0ee28e563eff85a295ba36eea5fb543e7ab1bc4d7a03d4c7aa5a9c22345912d5,stSTX (token 8),0.275578,963737,0.2747,0.3373
2026-08-23T15:41:06Z,8826718,0x9d60c9108ad5cad4eb93f52f400377b6ed030891d5da36906c0f39cf944ee0fe,STX (token 1),0.2297,963743,0.2292,0.2035
2026-08-23T15:41:06Z,8826718,0xac29b4941161fb110a379ea52059729272ac8b1b15b2fc1ab7be04893bc49ab5,BTC (token 2),77265.16,963743,77259.2883,0.0076
2026-08-23T15:41:16Z,8826719,0x1e726ed136c67b6da778efce3ea2706e6598b274f3d456d4c315268ede5ce7d1,BTC (token 2),77276.658537,963743,77259.2883,0.0225
2026-08-23T15:41:28Z,8826720,0xf3fb91fc2859ac498504ec8403c491e6e89a0dcb0487abeffc4bfd6e420883f4,stSTX (token 8),0.27167,963743,0.2715,0.0726
2026-08-23T16:50:47Z,8827024,0x0d455bc6a04137f6a830d5698039be358fd7ac6d4dc11210e58dbb9ad4a5becd,STX (token 1),0.2433,963748,0.243,0.1093
2026-08-23T16:51:13Z,8827026,0x838420ebac98b66952cbf9601d0a1ba40cd73e9bfe4ba249bb3e102dac2ccb03,stSTX (token 8),0.287776,963748,0.2872,0.2125
2026-08-23T17:11:02Z,8827097,0x7a3c9af98e18007be97ae49cc1f7907c8942336f64d16438a7c72ef1d874d0f2,BTC (token 2),77313.589936,963750,77284.6977,0.0374
2026-08-23T18:10:58Z,8827330,0xe76d842a84a598184778e2b7e7eb7f04a19b81107b40cccc14e3c0e3deded2f2,STX (token 1),0.2319,963756,0.2319,-0.0096
2026-08-23T18:11:22Z,8827332,0xc9a68986975b14afd1002462f215fece4faf171bfc2b0d541c11e6a2d969ddb5,stSTX (token 8),0.27609,963756,0.2745,0.5651
2026-08-23T18:21:32Z,8827371,0xe5abd1995c51c8ac400cdba0295ded15e63d96aa71532180d44bce7d9e4680ef,BTC (token 2),77358.488079,963758,77325,0.0433
2026-08-23T20:01:34Z,8827769,0x61a8ac5d56128babfc637562a1e3c3d74e61219c90796b1c3dd9798d92c36dba,STX (token 1),0.233,963762,0.233,-0.0025
2026-08-23T20:01:54Z,8827770,0x9a580b8994c2efaed0215f4e9357568be84c4340f6768b59c069011b230ae1ba,stSTX (token 8),0.276556,963762,0.2759,0.2231
2026-08-23T20:01:54Z,8827770,0x6585ca6e02ece44c7a671447af9987db97a00476b0d651d7cfa4bab8c9f01e92,stSTX (token 8),0.275815,963762,0.2759,-0.0454
2026-08-23T20:40:47Z,8827925,0x1c8b72a04d971527aa6a8326a13d64d6510e4ca7437f98bebf75994e77c821a9,BTC (token 2),77408.96,963764,77403.7005,0.0068
2026-08-23T21:20:46Z,8828084,0x98145dbd9c46da73d175dbba90aff461e784ac8367841bb81c27b0d4bf4ed3bc,STX (token 1),0.2356,963770,0.2356,-0.0102
2026-08-23T21:21:14Z,8828086,0xf736137e509aaa7a57a678b23e0328041dc3873a54b1221826cc403fa29435c0,BTC (token 2),77899.064244,963770,77974.3119,-0.0965
2026-08-23T21:21:14Z,8828086,0x06982806751442245a45b433aeeefb60673500ecd4ce06978399af7895f8ac53,BTC (token 2),77984.28,963770,77974.3119,0.0128
2026-08-23T21:21:26Z,8828087,0x5cd696d2f11a396ffca1b74c830261282f7aa769e53d61d4c78983d363b8ee19,stSTX (token 8),0.279723,963770,0.2798,-0.0102
2026-08-23T22:20:56Z,8828328,0xe6daf5f1e812792e49ae4b50068ac96b1515583720612400325d4c2a15159211,STX (token 1),0.2319,963776,0.2328,-0.3697
2026-08-23T22:21:17Z,8828329,0xc73857f538d395a814bf25bcad5b3649f52a9514531a5dac6c27a8329ea1754c,stSTX (token 8),0.273922,963776,0.2762,-0.8185
2026-08-23T22:21:17Z,8828329,0xde6fcf01603ab028b93dd116b4c533472a898afc731b5a8f06b288f532956ec2,stSTX (token 8),0.275578,963776,0.2762,-0.2189
2026-08-23T22:31:10Z,8828366,0x9f1d719e212823928ee2366c7d17dd6b1e075132527ac838d4fe19ac12fb61fe,BTC (token 2),77683.54,963776,77662.7951,0.0267
2026-08-23T23:50:45Z,8828658,0x0b568c555223a78173be26df353dfe802cae75272f570aaec0f5cebb98a8e1b9,STX (token 1),0.2338,963782,0.2337,0.0558
2026-08-23T23:51:29Z,8828661,0xc1ed79bfc2106bb4c544181cd505903199def6219c9fd9be95adc03cdf8e5897,BTC (token 2),77565.899258,963782,77576.57,-0.0138
2026-08-23T23:51:29Z,8828661,0xffcb6a8df3d9bc71ddece6dde4dec5290072a21f56673b5b95264b68f22f0ced,stSTX (token 8),0.276759,963782,0.2775,-0.2657
2026-08-24T01:01:44Z,8828944,0x8911bb5dfc28b662c20cf138008e06e4a5fc8d705d83e81742c90ebabc7f7996,STX (token 1),0.2245,963791,0.2241,0.1965
2026-08-24T01:01:56Z,8828945,0xcee5ddd6d8cf803ce185c5c13f8fd071f5606647208a0330a0cb678e21861659,BTC (token 2),77595.66,963791,77585.3121,0.0133
2026-08-24T01:02:08Z,8828946,0xd5c0f79d68fd586471fe3b74c652c580bfa76f3a78b8d2dd4632b3b20f55a8f0,stSTX (token 8),0.265749,963791,0.265,0.2862
2026-08-24T03:02:04Z,8829413,0x6def5a81bbe2580fc39ab375b7c0b3bb3c75f045e5b945347910da0033c082a4,STX (token 1),0.226006,963798,0.2264,-0.164
2026-08-24T03:02:28Z,8829414,0x95de2dcf5b7c579609f7ef38ac9f254413be0f3a92bae1aece8d62715d37e01b,BTC (token 2),77413.49895,963798,77362.51,0.0659
2026-08-24T03:02:28Z,8829414,0x10db5ca94f34a893610b9f2b339afa1ea714cb65e415ae031be0d1f8e5eaf517,stSTX (token 8),0.267812,963798,0.2681,-0.1039
2026-08-24T04:20:43Z,8829779,0x49de1773b01c903cdaa4dd5aea36bcbd6220a33954f328d83a3352c3f6e9de99,STX (token 1),0.2259,963807,0.226,-0.0604
2026-08-24T04:20:55Z,8829780,0x5f0b13a0b90da07de4ef1f9e664635ae957bb18ea124406aeb3073188d53101f,BTC (token 2),77206.91,963807,77210.7671,-0.005
2026-08-24T04:21:06Z,8829781,0x2a617b9d65dc932a7614a31a2c4d58defad371a1a09eb33ac65ce0611508b27c,stSTX (token 8),0.267649,963808,0.2681,-0.1687
2026-08-24T05:10:52Z,8830014,0x15d89761d7ad07c8fcaaceba5a2e9ffdd5b5904a761c7efe9f2331d2c845df89,STX (token 1),0.2312,963814,0.2313,-0.0382
2026-08-24T05:11:17Z,8830015,0xb25b64cb474938d3914d456ae941468e3b92b627fb793b032b581efcd86cd3ca,BTC (token 2),76933.797984,963814,77065.8465,-0.1713
2026-08-24T05:11:31Z,8830016,0x0a2ef89510061bdb564bb819d8274610f6a16d1073aa4544197d8580201707d8,stSTX (token 8),0.269719,963814,0.2736,-1.4223
2026-08-24T06:31:20Z,8830343,0x8fd88b31eb6b17dc463048e107c801f401f4105a813bd5f4c2332c60437cc9e0,STX (token 1),0.232919,963821,0.233,-0.0452
2026-08-24T06:31:53Z,8830344,0x09dad8a2e33b8f7def65fbcf1e57a60660ecce8190346538c8d8bc23a63a2193,BTC (token 2),77365.10225,963821,77304.3956,0.0785
2026-08-24T06:32:27Z,8830345,0x155539078ea892dc32cd1c55643c3a37806a73b5e70caa844fadd20293bae9d3,stSTX (token 8),0.275845,963821,0.2759,-0.0211
2026-08-24T06:51:14Z,8830409,0x6d5d0e58ff26efc1727f7a7379c0cd326b714b8fe2af82ff104dfa9984f78aa2,STX (token 1),0.2343,963827,0.2344,-0.0317
2026-08-24T06:51:44Z,8830410,0x524eaa8d71026ec6c881fd092e4e0925e3bffc669514b74d17c732bbd6d81891,BTC (token 2),77487.070462,963827,77410.2439,0.0992
2026-08-24T06:52:05Z,8830411,0xe363cfbcbaa70867bec0fa1803e53960210184f95dfb20a57fbc86220c6f64bb,stSTX (token 8),0.277947,963827,0.2778,0.0537
2026-08-24T06:52:05Z,8830411,0xf42de1e676fd42ea25b95b2f3dd59c8563094bfc3118af880343ddba83605c81,stSTX (token 8),0.275211,963827,0.2778,-0.9312
2026-08-24T08:30:59Z,8830806,0x05ab004d64aae6ed8fd39b03b92ea56d68ff4fa69f3d85885167e3a6a6ac53bf,STX (token 1),0.2317,963833,0.2316,0.0366
2026-08-24T08:31:17Z,8830808,0x60862d193ba6bc4b74c940a831d958613506b3c466f1c0c49e87943876a4e513,BTC (token 2),76932.45,963833,76956.7548,-0.0316
2026-08-24T08:31:26Z,8830809,0x576dc81968990b1beb15eb3a5c6cae23c2e686d7d2e92bee1acf00302273f869,stSTX (token 8),0.275139,963833,0.2732,0.7213
2026-08-24T09:20:59Z,8831000,0xc407ef99360bd79c0161650bd77a63d83a9568cab0d1a9a09fb3948b5ad19cc3,STX (token 1),0.2374,963839,0.2378,-0.1712
2026-08-24T09:20:59Z,8831000,0x6ae03386eb058f2589416b1e1ad5f00e29786dc43745d7147c0a5fe0395f2c2e,BTC (token 2),77291.063345,963839,77335.2771,-0.0572
2026-08-24T09:21:11Z,8831001,0x137993697e46c4b17a5d04ff8f9d0e1b23b2574c77bd9be252a19a8963fd5f2e,stSTX (token 8),0.281401,963839,0.2812,0.0672
2026-08-24T09:21:22Z,8831002,0xd45519f34371611106333de3afd88b8d8061dbddc6be8cde1d53d14f8808cd4d,stSTX (token 8),0.281973,963839,0.2812,0.2706
2026-08-24T10:21:03Z,8831246,0x5b4fd71a3a741594e04f89495ec10986b31028a4f763e00163c87037ea07b107,STX (token 1),0.2413,963846,0.2399,0.5718
2026-08-24T10:21:03Z,8831246,0xfeb04075e91d1b20ac7daa7341d848c0745cba93d44c0779db0854101c31a7d8,BTC (token 2),77859.644681,963846,77800.2529,0.0763
2026-08-24T10:21:16Z,8831247,0xeca9aa71a5df2c7c1b4820f6b1f652e99338b9e18742898355c3969c57f74294,stSTX (token 8),0.285366,963846,0.2841,0.4322
2026-08-24T10:21:30Z,8831248,0x406b836aa4a7f15049d152cf07316ab7af00e6407ee1025f8beef84f1dd2cf76,stSTX (token 8),0.284815,963846,0.2841,0.2382
2026-08-24T11:55:23Z,8831514,0xff0ccd986ba1b2dce5cd17462fac40542ac353d76f1674b919dcdc62cf5c5153,STX (token 1),0.239,963852,0.2402,-0.4904
2026-08-24T11:55:48Z,8831515,0x82b80a3887917943261008194617763250cf62bbdd3c98f1c7072f032d707cb6,BTC (token 2),77847.763555,963852,78172.3413,-0.4152
2026-08-24T11:56:04Z,8831516,0x2ba8c38a0666958511d6308c8aac18a9347c75c518b6aa90c3897fea8d8fff1f,stSTX (token 8),0.281937,963852,0.2869,-1.7165
2026-08-24T13:41:06Z,8831856,0xe8daae1dcfde9afd5378ec920f176b7e861353e720eb23a622bb7754c7c7f610,STX (token 1),0.239436,963861,0.2396,-0.083
2026-08-24T13:41:58Z,8831860,0xf630ac8c7605ee9809f56af0fc5f85478c2e90fe87e517d81f1fe7186fd991e2,stSTX (token 8),0.28375,963861,0.2838,-0.0145
2026-08-24T13:51:01Z,8831906,0x5f7d1092950481546f75e1ddc1ba26ebf6aecd51df56e63f93d44f5e4fd36b1b,BTC (token 2),78219.74,963861,78291.87,-0.0921
2026-08-24T14:51:25Z,8832163,0xa92ec638990745794262bd7a90ffe403e4fc06ab739c14ccd61323c800a9ca3b,BTC (token 2),79528.074273,963868,79380.65,0.1857
2026-08-24T14:51:25Z,8832163,0x7ab4db68f674ba63466f5d19ca3fb571246e02e5e2117d19b405a4f1f695b1da,BTC (token 2),79344.53,963868,79380.65,-0.0455
2026-08-24T14:51:25Z,8832163,0x0f49add1216579253c1fccf2cc41a3a19c45437af5413f1653b86bedc9b24053,stSTX (token 8),0.278889,963868,0.2789,0.0129
2026-08-24T14:51:25Z,8832163,0x39e8ce991f900716cea2410f303eef00f02c629d6dcc1f2769027c2fa032a963,stSTX (token 8),0.27771,963868,0.2789,-0.4099
2026-08-24T15:02:02Z,8832209,0x830691b03cb51947c32a074c4064c74c6b2dc5b99c5ff7933c1ca68e1529f513,STX (token 1),0.23765,963870,0.238,-0.1411
2026-08-24T16:01:38Z,8832435,0xc73054a4c871e3b0e1132ba5045552d97c2f47dff9280823f5c3c3bdf66f4cfb,BTC (token 2),79163.56,963874,79206.4,-0.0541
2026-08-24T16:01:38Z,8832435,0x6e548f3152960242f63d9c89802b8c62d18f1a66e5edada1de2309ee771927a1,stSTX (token 8),0.279392,963874,0.2792,0.0813
2026-08-24T16:31:00Z,8832573,0xdb70f0777c254dec187b8e226f10decb06f55e3c867554145905a382170b608a,STX (token 1),0.2365,963876,0.2361,0.1784
2026-08-24T16:31:09Z,8832574,0x6c833a50dbd7de429adbd662318ed5e843d6af3e85eaeaf173b24d89d0fcb7ec,STX (token 1),0.237178,963876,0.2361,0.4656
2026-08-24T17:11:07Z,8832752,0xc8effc24d37b90c31b4156e4fba0c4f0f84639a3a6adad6705085f4525b40bcc,BTC (token 2),79001.618313,963881,79165.5098,-0.207
2026-08-24T17:11:18Z,8832753,0x8de8a42d5c56b120bfc2d87beb8fd18be2cc72a685375f8adec3cf78ef944766,stSTX (token 8),0.272732,963881,0.2723,0.151
2026-08-24T17:50:57Z,8832923,0xbc162e40fec4651e4da80b6dbe0a948465ee2db4587185294357a6c3ab6d059d,STX (token 1),0.2257,963887,0.2256,0.0442
2026-08-24T17:51:10Z,8832924,0xd20142231cca341adbb0634573a59b1fa816c72939ec89a1613183acfbf206b0,BTC (token 2),78723.407618,963887,78698.3026,0.0319
2026-08-24T17:51:25Z,8832925,0xe6fb570dcbad988329f7208de239d83d0eb2a952e82dde8fe992320ff94e99f1,stSTX (token 8),0.266727,963887,0.2672,-0.1881
2026-08-24T17:51:37Z,8832926,0x42f572c518bc506afdc76a94faa3e06bf5a46340394f090608d66a421d6e6747,stSTX (token 8),0.267644,963887,0.2672,0.1551
2026-08-24T18:31:16Z,8833137,0x70afb76e1421681b0088b3a87db22a49db58fdac2314b722f89b15280e2290a4,STX (token 1),0.225933,963893,0.2257,0.1183
2026-08-24T18:31:28Z,8833138,0x0755411725dd120dc247ae9ea6edc258e2c8bf01325a07b6d83ce91c9addfe63,BTC (token 2),79040.369638,963893,79034.1931,0.0078
2026-08-24T18:31:28Z,8833138,0x54fe2d33a74310c4a49a5965ea3ad10dff96203ea1a9b1e2ed2132c286824ea4,stSTX (token 8),0.267564,963893,0.2672,0.1181
2026-08-24T20:12:06Z,8833555,0x09022a72a028d23dff86724c52c295a19f22d1b89832a215534846fa8d83199e,stSTX (token 8),0.266077,963899,0.2658,0.0969
2026-08-24T20:21:04Z,8833593,0xaa1fffdeeb2fa2ba22b9f40ace4812e3f3927d1a312cc068c0d8b221a31892e8,BTC (token 2),78670.383455,963902,78712.0593,-0.0529
2026-08-24T20:30:45Z,8833639,0x1cba23d22393c5f9737fdcababb27fe2af010b8bbf41c0529362663b6a05b20a,STX (token 1),0.2224,963902,0.2226,-0.0719
2026-08-24T21:31:04Z,8833906,0xaaa400f609bd817f3a600fcd91a29ea28881b5a96bb729b8c9db7233615a7972,stSTX (token 8),0.269302,963907,0.2692,0.0201
2026-08-24T21:31:16Z,8833907,0x41ad591ff3eb5925e64d4fbfc7ef693266e99ddd8b1d2dee7d07c30e220fc7e2,BTC (token 2),78895.66838,963908,78909.015,-0.0169
2026-08-24T21:40:52Z,8833948,0xda04f9a1415af21f2d330e174abe991192993ada080079dbc2917b1b7e222e8a,STX (token 1),0.227566,963910,0.2287,-0.4977
2026-08-24T21:40:52Z,8833948,0x83e1f0cfc45aba9a363273e0aea8b14eecd14b4fba85aa28c82cd054bc732544,STX (token 1),0.2287,963910,0.2287,-0.0019
2026-08-24T22:51:09Z,8834319,0x5fe462481c776298716ca18277c186e4b46d17c6957f859d5630340a697cb8be,stSTX (token 8),0.27159,963914,0.2712,0.1393
2026-08-24T23:01:14Z,8834368,0xf11bfd8f0e59a36942ccc24b942824ae6f109ed2b39f20f965d68e87e7217d1b,BTC (token 2),78757.18,963914,78666.5884,0.1152
2026-08-24T23:21:01Z,8834466,0x96e7c919c727bc6c24ec17c61b63d79e3f9ef1e0a6da8ce0532cbe8d0155379c,STX (token 1),0.2289,963918,0.2288,0.025
2026-08-24T23:40:45Z,8834556,0x8863913bfad9faa9ddbc164c2edeb65d3ee95f4fd3084c41ef8e158ec87086bd,BTC (token 2),78931.31,963920,78931.8621,-0.0007
2026-08-24T23:41:00Z,8834557,0x7b58279747fc80894ed3bf15dc66355b12701aa06043a92494d880eecd42a48d,stSTX (token 8),0.27153,963920,0.2717,-0.0702
2026-08-25T00:02:06Z,8834670,0xa7c98648dd618cc08a049d50086e8858278f8e1c63980855b63ae27eb9b3d234,STX (token 1),0.2312,963924,0.2309,0.1213
2026-08-25T00:41:11Z,8834853,0xd43f1cd0a2e9e36b38b19cd79fcc1377b71e155e8eb6d7bf8126c3ef98246e0e,STX (token 1),0.232079,963930,0.2325,-0.1896
2026-08-25T00:41:11Z,8834853,0x58b01b393ee96c91d7df7e876985daadfa4684c119e1479e7c2543afd3fcd7f3,STX (token 1),0.2327,963930,0.2325,0.0775
2026-08-25T00:41:11Z,8834853,0x1587bdd976c615be7994b195d49ec3838efd168ae52be4bb89b05fe21bcdda74,BTC (token 2),78882.357578,963930,78940.4364,-0.0736
2026-08-25T00:41:35Z,8834855,0xfad843976ad86ee31714db544d09ac9fa0d63f5761aaf2f40cde3b6031cc3f9e,stSTX (token 8),0.275578,963930,0.2754,0.0774
2026-08-25T01:50:33Z,8835158,0xdbed0751cce5d089f97c20b6b306d1e29281663cd538cfee9038d2d6cddcff28,STX (token 1),0.2355,963937,0.2354,0.0555
2026-08-25T01:50:33Z,8835158,0x227c03be79df6bf1e8c7859cbb09f20b9ef35efb4ce7aaf32491d95138f1d148,BTC (token 2),79662.73,963937,79676.3707,-0.0171
2026-08-25T01:50:54Z,8835160,0xd5548cb301fe0ed70cc1937fd6330e003e7d87bc48bf5bbb4f83eea1fec62e78,stSTX (token 8),0.279696,963937,0.2787,0.3432
2026-08-25T01:50:54Z,8835160,0x9bb39aaeca261b11fe62bfbdcc6191d37765cc90f896345d1dd34dfbaafe96ef,stSTX (token 8),0.278894,963937,0.2787,0.0554
2026-08-25T04:21:48Z,8835830,0xf64af7eb1fc3dd94411d377445ef7b5a55536317724b08997043a3dd89cd212d,STX (token 1),0.244396,963945,0.249,-1.8629
2026-08-25T04:21:48Z,8835830,0x9575fe2333bed0861a502d6603d8e1bdea3e18e57df7514354149da1c96e9b7b,STX (token 1),0.2455,963945,0.249,-1.4196
2026-08-25T04:21:48Z,8835830,0x5468eb99f3ffc9ff81852ced9a2248397f2117cda9993d3324452ec8ba42af7b,BTC (token 2),80310.71,963945,80301.2,0.0118
2026-08-25T04:21:48Z,8835830,0x5b19ba815b45195fedfbb076cfae79d84504afcbfcb55f0eb469e2629c215d4b,BTC (token 2),80353.605075,963945,80301.2,0.0653
2026-08-25T04:21:48Z,8835830,0x46057db730a37229d3d14e79a7babddc5df803949b9cc63104b838d077781fbb,stSTX (token 8),0.292987,963945,0.2949,-0.6566
2026-08-25T05:01:53Z,8835996,0x5e75eb00b48a1f9d3bff3405c51104baf6497104ca8fc6a4da98b0391fd97036,STX (token 1),0.258,963950,0.257,0.4057
2026-08-25T05:10:50Z,8836033,0xc550fd5b7df4d6f1924bc0b12f60064d13ea1bc9cd61e84cecd0640aa539e2ea,stSTX (token 8),0.308917,963951,0.3134,-1.4184
2026-08-25T05:11:25Z,8836035,0x6473fd1f1760df1b5fafa08f561279a9a8a5161623508c4ed5e85000a9073276,stSTX (token 8),0.313712,963951,0.316,-0.7135
2026-08-25T05:20:55Z,8836071,0xd8c161d06fecd568ceb6dd4e23ea821a214c11e3ccc96dfdba754cb753e9716d,BTC (token 2),80543.97,963953,80488.72,0.0686
2026-08-25T05:50:52Z,8836199,0x04e0f3c0a2596fcd89d2fc87dc31af921e048fdc3416dd15349225e0c6d9570e,STX (token 1),0.268836,963957,0.2698,-0.3399
2026-08-25T05:51:05Z,8836200,0x08da0dc30d5815e46de481428e62c9350676fa445a9f9798a6a3b7b384367aa2,stSTX (token 8),0.318372,963957,0.318,0.1237
2026-08-25T06:01:56Z,8836244,0x70ccebfa5a0854511de417d36c668451428044b6423f6bdf6c7d748df7e78580,BTC (token 2),80737.975304,963959,80658.21,0.0989
2026-08-25T06:20:51Z,8836349,0x946e6b52fa4bdaa3ed95b3daef82b675b045b84d9fe1a4d241d0ea4229332dd2,STX (token 1),0.2867,963959,0.286,0.2468
2026-08-25T06:21:01Z,8836350,0x405b70d2887e98e98e6f859179d3d5a82f781f5f587592d83566c0575c41642d,stSTX (token 8),0.341188,963959,0.3405,0.2114
2026-08-25T07:11:00Z,8836578,0x591e90d1f35dd23dfd8fcda7fca1c045760c286c7abea370dce970a4cec586aa,STX (token 1),0.2784,963967,0.2807,-0.8287
2026-08-25T07:11:15Z,8836579,0x8655b5bc71d4730402a32538f8ee85dd76f490715d5830622c23f77e71c517e9,BTC (token 2),80705.43,963967,80672.0387,0.0414
2026-08-25T07:11:15Z,8836579,0xcfe29b98cd5a229ca51c179ebc8b15a2cb2addfd6a2dc8786545ec5a5ee38bfd,stSTX (token 8),0.330454,963967,0.3325,-0.6016
2026-08-25T09:01:48Z,8837071,0xb467e24eb464961ef52ef68d7910f4ee1c50f884b109f347ea42f01113b64683,STX (token 1),0.271529,963975,0.2708,0.2683
2026-08-25T09:01:48Z,8837071,0x319974f1c94bfe972b4eb03c992ec1d64a9f328897a7bbf4d5f8aca28a5c89d0,STX (token 1),0.2713,963975,0.2708,0.1837
2026-08-25T09:01:58Z,8837072,0x58a82b48152e650682a737ea6f84b874c9a5581a136b63d85d6fb86a4557892a,BTC (token 2),79915.549822,963975,79822.9734,0.116
2026-08-25T09:02:18Z,8837074,0x38d7d56505c6625d3e606e5eff0438e9630d567c7e0f820024414e9aa53d4a2f,stSTX (token 8),0.321172,963975,0.3201,0.3319
2026-08-25T09:50:53Z,8837294,0xf5340e9bd2df4caddeda9aceb35099f11bb5b39e692bafa6e47c2789d2e2c252,STX (token 1),0.270495,963983,0.2699,0.238
2026-08-25T09:51:32Z,8837296,0x696b817373288ce87f32a96db736ecd5e6fbd658bd2af49053ef8bb90cd0541c,BTC (token 2),79452,963983,79239.4735,0.2682
2026-08-25T10:01:31Z,8837348,0xbc9821447964f539adfc7dd7ef3e7dd2e2b1ef96cd622b98bd0301d7b96e081e,stSTX (token 8),0.319682,963983,0.3187,0.3141
2026-08-25T10:50:31Z,8837591,0x699eeb33c854eb5b1c710d4c33ca2ca8a541b969a3191cdb71f697fe50cfc6df,STX (token 1),0.2663,963989,0.2667,-0.1674
2026-08-25T11:01:49Z,8837647,0x4e1a8cd822ae972aee3d2904b515a9fd59dd647249d0a478469fefd23c89333b,BTC (token 2),79333.955108,963991,79314.6844,0.0243
2026-08-25T11:01:49Z,8837647,0xcb2549f71a2ce72b300b12ada343d42fdf986394d08b1629eb98e1031890a325,stSTX (token 8),0.317721,963991,0.3162,0.4956
2026-08-25T11:31:07Z,8837798,0x6f2572fe599776a1524930bd75c138d330480bdd1bf26ab67f3c392242f89792,STX (token 1),0.26472,963997,0.2656,-0.3174
2026-08-25T11:31:07Z,8837798,0x177cecd5f725f258e6bdd86806093cdc2d164448d6d6527245abe814674b6042,BTC (token 2),79187.73999,963997,79308.94,-0.1528
2026-08-25T11:31:21Z,8837799,0xcb0a37896f0411b1ca41af454aef91ca064d5b61e94af7b1fd3dc82625fe2f26,stSTX (token 8),0.313499,963997,0.3145,-0.3172
2026-08-25T12:50:43Z,8838193,0x9feb3fc0bfd8839e3d4b8637081b438bc1f7536d66560ffc43d68bf1f79b9f1e,STX (token 1),0.260947,964003,0.2617,-0.2838
2026-08-25T12:51:03Z,8838195,0xced764c1609743aa476c46b8703ea36f1967df631586c4705da9b0c91442a395,BTC (token 2),79007.90541,964003,79062.58,-0.0692
2026-08-25T12:51:03Z,8838195,0xc6c2d3abb22bf1169aa57fc89630c02828d9a9b5289ba1b22539f357e6e2107e,stSTX (token 8),0.30903,964003,0.3101,-0.36
2026-08-25T14:01:33Z,8838531,0x3f5355f5d36925cbee5af57037bc1533e4ef07ce4c4688d5c4ce40216ad1583d,STX (token 1),0.2625,964009,0.2625,-0.006
2026-08-25T14:01:33Z,8838531,0x7805b22b3e0c69bb39a333cc436ac29fd0a563073af19319abc99c79332354a3,BTC (token 2),78577.38,964009,78679.2704,-0.1295
2026-08-25T14:01:47Z,8838532,0x1cdd3a27858cec63e63ee1dde63f61a1b3597d1dc96598379e8e29c48ed14c06,BTC (token 2),78565.380363,964009,78679.2704,-0.1448
2026-08-25T14:01:47Z,8838532,0x9346298a7cfbd9b467c3c1bba17ffaf60406a9cf7c36d2c520b4baba669d0fc9,stSTX (token 8),0.309819,964009,0.3109,-0.3439
2026-08-25T15:01:19Z,8838771,0xffdfb568907e22a6f6245c8021efc41cc8f2877cba08a9c0559c79c382438319,STX (token 1),0.257,964016,0.2557,0.5124
2026-08-25T15:01:30Z,8838772,0x2753720346c8f92a42cbeb37ec83f68e24c04a691736daa8cad67503f024b312,BTC (token 2),79204.12,964016,79168.1331,0.0455
2026-08-25T15:01:42Z,8838773,0x5c09b164b8ada38e4527dc0e58a2d62eb8892ff0768ae9caa68a81fde6b2b1e4,stSTX (token 8),0.304874,964016,0.3028,0.6835
2026-08-25T15:01:54Z,8838774,0x0f89d87792b8110181de0f710aacb95a301cbaf5cd8bf26cd001f3c3f9ec0e49,stSTX (token 8),0.303645,964016,0.3028,0.2777
2026-08-25T16:01:17Z,8839068,0xe9b8c5a683163658fa059212e29aeaa1ec75111879dfe22ec143679eba83b995,STX (token 1),0.256116,964022,0.2573,-0.4666
2026-08-25T16:01:32Z,8839069,0x06b1eb945a735f8da3a33f8c39fd7f791464e9221b5f5614357db6261815433f,BTC (token 2),79494.302652,964022,79513.5619,-0.0242
2026-08-25T16:03:36Z,8839071,0x1bfb66a728ed0d3bd7bb4f210c866550bc04170fbaf68b0471ee2f4ed4c5d35a,stSTX (token 8),0.304711,964022,0.3041,0.2077
2026-08-25T16:13:02Z,8839116,0x170ae031a8a783e8956cbbeab04556279d1fdcc406f143c38b836c966cc29cc3,stSTX (token 8),0.29545,964025,0.3027,-2.3818
2026-08-25T16:40:52Z,8839264,0x101492a85021783f9d48e8c29a31cab05b7c6ab88f1732e23f73d04ad5ee63d1,STX (token 1),0.258963,964029,0.2597,-0.2708
2026-08-25T16:41:03Z,8839265,0x87a1508e359b414d01dc8c3d7b05c480c27c7fd68015e3a6525e847fafee8c31,BTC (token 2),79232.185738,964029,79246.0367,-0.0175
2026-08-25T17:01:26Z,8839381,0x4f13a8136a5dd96ba57953459ff4f7a44d4e89bba1c203b9aa948b7fadb42b84,stSTX (token 8),0.308501,964031,0.3092,-0.2156
2026-08-25T18:01:19Z,8839693,0x69e21555f7397affc536ebd12dfc807f0595152f862dabbe07682b262d9bb07b,STX (token 1),0.2687,964035,0.2684,0.1158
2026-08-25T18:01:41Z,8839695,0x30e88070e34359658a35db946d6911d133af3726debc2255edc8e2c83e8c7e21,BTC (token 2),79244.35,964035,79242.02,0.0029
2026-08-25T18:11:17Z,8839746,0xf7e542dc739c6ef9008a31eb428839c3aeb6407fd9a07e9ef57198dfa34ee2d4,stSTX (token 8),0.31383,964037,0.3133,0.1741
2026-08-25T19:01:21Z,8839997,0x021e343250c04bdac3ac2de11f2f8a637c833ebd13d5a69842dafbca1ebf2efd,STX (token 1),0.262721,964042,0.2629,-0.0641
2026-08-25T19:01:35Z,8839998,0xa0233170d4ef5ad3adafba5f1e777cb3d214108f16fbd70a54915844c7d33174,BTC (token 2),79108.396561,964042,79165.39,-0.072
2026-08-25T19:01:52Z,8839999,0xdadd08a2b4226c6c36a141993cf4f25b17a21997a53167f2fe6086c48bb72197,BTC (token 2),79141.52,964042,79165.39,-0.0302
2026-08-25T19:11:00Z,8840042,0xa40e5607e04cd200941cc5ac20cd27e93c09b7385df57f96ec426b989db589bb,stSTX (token 8),0.311499,964044,0.3113,0.054
2026-08-25T19:11:00Z,8840042,0x4cf8e2e2d4b7443cb574855af36c0609895016df1dd38b295f5a9ff20187f46e,stSTX (token 8),0.311225,964044,0.3113,-0.034
2026-08-25T20:10:58Z,8840291,0x76bf537b6c88ff9ce798b8df8608359ee0e69b4a6d77f59a70643ba5384d2b75,STX (token 1),0.258707,964049,0.2583,0.1666
2026-08-25T20:11:07Z,8840292,0xfd24aa7b52d22557e21a26ac0dfb6f952128fc4efcf7a7a3fcce6f56f3bbb57d,BTC (token 2),78847.304508,964049,78800.9073,0.0589
2026-08-25T20:11:18Z,8840293,0xfefef667d3b66510ae993d687773a2009a78a1c31a100bb7a14a4739fa0370d6,BTC (token 2),78857.72,964049,78800.9073,0.0721
2026-08-25T20:26:59Z,8840382,0x039a14352da7acd8cb669aa703b00cabfa412090867d4b0d9a7a1503004b0c77,stSTX (token 8),0.306236,964050,0.3063,-0.0152
2026-08-25T20:32:14Z,8840411,0x1f19800867afd39c4996dcfca27b0e8c36c78c4e5d8c98234817927f0f86c5c2,stSTX (token 8),0.298586,964050,0.3053,-2.1915
2026-08-25T22:01:46Z,8840866,0x3f070f77c814d650fc44acd676e6620f116dcfa472b46b7f899137cc0252c8bd,STX (token 1),0.261144,964055,0.2623,-0.4497
2026-08-25T22:01:46Z,8840866,0x1cf0a240d89ed75a53f7a9029066cf1466ab65cf0f465738675bd43a62722200,STX (token 1),0.262,964055,0.2623,-0.1234
2026-08-25T22:01:46Z,8840866,0xc65bbdab3923890c6b0f15db366def1759d676c78bd37d2d378fef7a845fa08d,BTC (token 2),78583.094175,964055,78663.4529,-0.1022
2026-08-25T22:21:01Z,8840960,0x6aea4e21316e6c2de1c38aa1f3efca59bbc7981c1faf2b0d5382528a88b8d270,stSTX (token 8),0.310732,964057,0.3108,-0.0343
2026-08-25T23:30:44Z,8841319,0x2f84716b1f909135aea099b3fbd58c4a21e8d35297aaf5979159cb353720a3b2,STX (token 1),0.2619,964061,0.2611,0.3144
2026-08-25T23:31:06Z,8841321,0x8a619b37e1b0a49ae7b918010fa79ba62c75609837674da86eac3d15f4e58771,BTC (token 2),78693.674775,964061,78665.0763,0.0364
2026-08-25T23:31:06Z,8841321,0x4780b37ca62df53f836bdaa425ecf167fb3caa6c3fa1482501c8f69ecf67b1eb,BTC (token 2),78671.07,964061,78665.0763,0.0076
2026-08-25T23:41:09Z,8841366,0xbd8b5722fd3de6fca8ebf91ac371eecf7e38b5b370627f377c6e47fbacf10995,stSTX (token 8),0.31056,964065,0.3102,0.1182
2026-08-26T00:20:54Z,8841529,0xdf423f9ca639e187dab96d4277890fdad782ebab20e0ef3464922fbb9dd34195,STX (token 1),0.258559,964067,0.2593,-0.2798
2026-08-26T00:20:54Z,8841529,0x7bcdd4ea0d0af1654ddc020076491e64fdf00b750f52d92104452124ac674e27,BTC (token 2),78532.38,964067,78542.65,-0.0131
2026-08-26T00:50:56Z,8841650,0x65152fe0277161485c1d025e352e9adfbb417af9db7be8430936de5b012ed0dc,stSTX (token 8),0.318093,964071,0.318,0.043
2026-08-26T01:11:23Z,8841750,0xedb429cb7d7eca15e0ac70c0b563a83cd65531c9e26a807d026778ac78f767a6,STX (token 1),0.2694,964073,0.2692,0.0667
2026-08-26T01:11:23Z,8841750,0xfef6b89578fc6446a9f851a5d57e450c5805f3246f5addd103be2eeb4bd3b3b1,STX (token 1),0.268904,964073,0.2692,-0.1175
2026-08-26T01:11:23Z,8841750,0xfee2478af8d563efa5458fc0933b98abaee5d60fd2e74568758bea289126b9a4,BTC (token 2),78839.181517,964073,78795.3316,0.0557
2026-08-26T01:40:55Z,8841882,0x0c96474504e5c1957fd16e7014386ebac77d9224e90f9c7ff934350b4e79a770,stSTX (token 8),0.322888,964077,0.3257,-0.8623
2026-08-26T02:21:01Z,8842048,0x700acd072a073a474e3a352dfcb16d5fab11cf4f8d049b9d9759f2f4f63ce47c,STX (token 1),0.281537,964080,0.2798,0.6139
2026-08-26T02:21:01Z,8842048,0xb1221756c02c81fb59ef47dca6a44eb148e5cb3890083c4e9c12875e69293ff5,BTC (token 2),78928.11,964080,78893.3308,0.0441
2026-08-26T02:50:54Z,8842188,0x726ccf5c16678faf73c4a733d514e49eb9d401cd7104ade6cd5212058c798ad1,stSTX (token 8),0.333094,964083,0.3337,-0.1961
2026-08-26T04:20:47Z,8842664,0x12ecf37141b425a33d482a105540a96d21bba4902e460e336fbccbe2616f5fdd,STX (token 1),0.2804,964089,0.2794,0.371
2026-08-26T04:20:58Z,8842665,0xd8357ce5eac53a0b63620e21bfe8ec32e68d90f4cc5a9a911e994d63218f024e,BTC (token 2),79026.970009,964089,79030.26,-0.0042
2026-08-26T04:21:11Z,8842666,0xbb607e7fc5e3cc2bdc37b16d111f40b45a8ad48caa616509c49b62da26b5a782,stSTX (token 8),0.332986,964089,0.3317,0.3969
2026-08-26T05:31:13Z,8843047,0xa7afab31b1a9715030a9caf354a6b8ca60990131fb3fb9639f975c57f2d75d3d,STX (token 1),0.277406,964096,0.2778,-0.1448
2026-08-26T05:31:13Z,8843047,0x82efe75dc8e4a6fc468d035833cb9704e72411eae817be5f6905b28f3a10483c,BTC (token 2),78992.467456,964096,79087.66,-0.1204
2026-08-26T05:31:25Z,8843048,0x38f1350684b776f247b88e15c0413053a23a3e780cfe54935440dd6848b4480c,stSTX (token 8),0.328522,964096,0.329,-0.145
2026-08-26T06:21:00Z,8843275,0xaca76e12bb115d2a8b96386ccb66fb31b4580257ee1f9494e693b6fa4ca195ba,STX (token 1),0.2791,964103,0.279,0.0259
2026-08-26T06:21:13Z,8843276,0xe9adbfdef589ae66df3dbdd9525b8dcbaa014655289aae6781e4163741c43966,BTC (token 2),78998.878312,964103,78974.9015,0.0304
2026-08-26T06:21:23Z,8843277,0x7773637798eaa173f670572b913e2e480c0b079090c553a908c467a44cc2ce53,stSTX (token 8),0.331313,964103,0.3304,0.2633
2026-08-26T08:11:02Z,8843702,0x6661fc3c6d1f4b93e8531ba76cb6f7b6f8cf1d235ba27477dd36f432c0c266d9,STX (token 1),0.27344,964110,0.2742,-0.2602
2026-08-26T08:11:25Z,8843703,0xa019dc60ad69c7885fda321e777ac8aa9d09db9f00343057182086775df6784a,BTC (token 2),78947.979327,964110,79066.48,-0.1499
2026-08-26T08:11:25Z,8843703,0x8fec5b926f8e4c3a89e84158c603f0fa9e436a9c9bbea088cccc5c878ee0f7be,stSTX (token 8),0.323825,964110,0.3247,-0.2605
2026-08-26T09:31:08Z,8844025,0x1c18a0eaaf55f9225afb3446e591cd8dc0e66878259eac3307287ed1567da684,STX (token 1),0.2714,964119,0.2712,0.0663
2026-08-26T09:31:08Z,8844025,0x5ced4b02296937f65e3f6c54c10b120e5c84316fd550588e59a0b55a9e7eb14d,BTC (token 2),78471.516717,964119,78537.3599,-0.0838
2026-08-26T09:31:22Z,8844026,0x6ef2660633e68aa2accc697a7ba41e06a70bd39f92efadfe472a2b8e313fc7c9,stSTX (token 8),0.322962,964119,0.3212,0.5495
2026-08-26T09:45:51Z,8844095,0x7211d5782de2d5b1048cd3e6fe90b441c3356bd3c0cd27c8ce0800647690167d,stSTX (token 8),0.310122,964120,0.3178,-2.4046
2026-08-26T10:50:53Z,8844333,0x313f4719c826ee06a064d56380b2041298e38094bddacd8991884557edf3a222,STX (token 1),0.2687,964125,0.2689,-0.068
2026-08-26T10:51:10Z,8844334,0xc3ac4920ccde73f7c2ad6f3827a03672211415697ff98a5119939022fd856b6d,BTC (token 2),78738.999148,964125,78794.1965,-0.0701
2026-08-26T11:01:27Z,8844376,0x5f87378d658d0f2164a8bbbd6440f1bf73dc0f8bcd55820c1a332d6fc1b97f42,stSTX (token 8),0.317649,964128,0.316,0.5132
2026-08-26T12:01:34Z,8844644,0xa16ca82ea8ccef6a0b5a1a0045887849378798c65c01f3169548fd73b35fcd12,STX (token 1),0.270247,964131,0.2704,-0.0695
2026-08-26T12:01:34Z,8844644,0x173faad3067a246d5cbc926ad47bceb7701b250665249550ab3c2243394fc2f7,STX (token 1),0.27,964131,0.2704,-0.1609
2026-08-26T12:01:47Z,8844645,0xfbc0903e4e734b3b9c6d004c64e3d97218d546f69c8a9320669c34113364e6a2,BTC (token 2),78472.057023,964131,78531.41,-0.0756
2026-08-26T12:31:21Z,8844771,0x8fd71c97387149f7ade6dbbf3545a0f114bafe6b5870524c3e6f36b9a5baeda0,stSTX (token 8),0.319041,964134,0.3212,-0.6583
2026-08-26T13:30:59Z,8844973,0xed2596e624f7902106c58a2783efbce49df45b3689d00f1996299a981378a53b,STX (token 1),0.2676,964142,0.2667,0.3545
2026-08-26T13:31:23Z,8844974,0x76533c056d21d980471e7a93af11f93293a0aa173ef072600f1d9f2c2a759cbb,STX (token 1),0.265798,964142,0.2666,-0.2839
2026-08-26T13:31:23Z,8844974,0x9f8c30c0b1485310fea2869c9ca8498fb16f30f824cbfb9e442b7d13d15fcd81,BTC (token 2),78041.702853,964142,78117.1178,-0.0965
2026-08-26T13:31:23Z,8844974,0x947df78c5d6f84f08654a9c2db4c426e644365aaf08eae69d6c9790e4d076e02,stSTX (token 8),0.314775,964142,0.3157,-0.2841
2026-08-26T14:10:58Z,8845110,0x47eba633c22559c7fa23dcc72008e8d91de40fb5da5df1c67cafcda4749352a2,STX (token 1),0.271685,964148,0.272,-0.1098
2026-08-26T14:11:10Z,8845111,0x31ad435929dcb2d0979733870615f9ad3788eac6feb5e3a8a4ad0f27ca8a9ba9,BTC (token 2),78590.497402,964148,78594.474,-0.0051
2026-08-26T14:11:30Z,8845113,0x711e74b78522746e34dd0ae89f787e311cf34eb70a6d64651d299e7cdb4df984,stSTX (token 8),0.321552,964148,0.3223,-0.2256
2026-08-26T14:50:57Z,8845259,0xbfdff8e86feabcfbeac3e6b9e58645af2c0c4f3a9c7c2e2c43fa43d6499bf90f,STX (token 1),0.267815,964154,0.2681,-0.1189
2026-08-26T14:50:57Z,8845259,0xc3924e9cf5b00327872dafb6f5bf0529c103d38cbd42632a88c334778684c664,BTC (token 2),77924.633163,964154,77951.0927,-0.0339
2026-08-26T14:51:12Z,8845260,0xc0c8d448d401c2aa6d6fd36027714b00d14ec9ce2fd8830d8475adff24ec575e,stSTX (token 8),0.317164,964154,0.3174,-0.0818
2026-08-26T14:51:50Z,8845262,0x03eb528063efb9c088c8eae46a3bd98831f1d887a93e907a1318d25a0931808f,stSTX (token 8),0.318093,964154,0.3174,0.2108
2026-08-26T15:30:53Z,8845411,0xde748746e0ca58f3e2f63b9cde42f5a4d2f66bdc503cda96cd154eb4b394d812,STX (token 1),0.2738,964162,0.2728,0.3816
2026-08-26T15:31:12Z,8845413,0xe6fe0ccbd00cedc296b025789c005fa736b47e53ad68f0a84e67eb5348de6d16,BTC (token 2),78091.906499,964162,78066.6882,0.0323
2026-08-26T15:31:29Z,8845414,0x708b9e857514aa96b76ea1345a946498b19eef9ec9ef848ba5abae628b3f8707,stSTX (token 8),0.322063,964162,0.3244,-0.7147
2026-08-26T16:20:53Z,8845598,0x6d95aa1a08f7c7934432876e924bff7f4ac459b1269848f2ffd5b6fd90b8f100,STX (token 1),0.2752,964169,0.2755,-0.1109
2026-08-26T16:20:53Z,8845598,0x16e599a419c2cf7553c9e538217add357f0a6ed699c5bf28ce0674133b3d3880,BTC (token 2),78075.92,964169,78117.5623,-0.0533
2026-08-26T16:21:21Z,8845600,0xf3573c8f025573dfffd3753c53e0919e49966433982b292454899f936029d1c9,stSTX (token 8),0.325909,964169,0.3286,-0.8312
2026-08-26T17:11:10Z,8845830,0x0fd08a7106d0f3f88b2981fbbd0faff61ef9e9f932cc8ceeb60664fb02589855,STX (token 1),0.2749,964175,0.2756,-0.242
2026-08-26T17:11:10Z,8845830,0x2e00c19d2145334d8b95cb125e42ca70d8e210f8101c9ee098548d145b832fc9,STX (token 1),0.27401,964175,0.2756,-0.565
2026-08-26T17:11:32Z,8845832,0xe367ecb606d8f46fb9d6bca84dc316db177e4734ba1d8eda9bf1181de56efebd,stSTX (token 8),0.325079,964175,0.3263,-0.3879
2026-08-26T17:20:52Z,8845885,0x45aee98a66281a395ac2eff4d776e0c2976988a22ca9744ba186733ca78d2914,BTC (token 2),78261.81,964175,78252.1086,0.0124
2026-08-26T19:11:12Z,8846298,0xc0fc7d68b789da4653f5c02a7bd7e8598a8a67865179c3b042f8cbb4585ec601,STX (token 1),0.269545,964186,0.2666,1.0968
2026-08-26T19:11:41Z,8846300,0x2d820d47bee79ff4ac8e01517876a498cedcc98321c7a8a75dbace970c79367a,BTC (token 2),78400.910186,964186,78410.61,-0.0124
2026-08-26T19:12:09Z,8846302,0x1758539319e098b217c62b3d387e9f6fb261c47406e7fe26ac665279db6d75d4,stSTX (token 8),0.319124,964186,0.3147,1.3917
2026-08-26T20:30:58Z,8846633,0x1e17c18acc060866d244c695198e805b7e0749441684e87a88e13b092448c8c0,STX (token 1),0.2667,964194,0.2665,0.074
2026-08-26T20:31:08Z,8846634,0x8b601ad2ce67923682aaa263e8622a50b36f624bf8f9e105a5acdf80aa9118f5,BTC (token 2),78389.43,964194,78378.53,0.0139
2026-08-26T20:31:25Z,8846635,0x32b9644aa7a43a752811ecb489b0edb00594471ea4f44a9e109a6eb060c3269e,BTC (token 2),78393.723123,964194,78378.53,0.0194
2026-08-26T20:31:25Z,8846635,0x0c27cc20219bbd23155a0a7c5ef4217ed082b41f0ef36568c41a76ce87a796e6,stSTX (token 8),0.315812,964194,0.3154,0.139
2026-08-26T21:01:21Z,8846754,0x02ddc50ae5f431fa2b5f41a2e17f7180a2499948c854c602f3360c2ef4b25ee2,STX (token 1),0.266533,964201,0.2678,-0.4701
2026-08-26T21:01:37Z,8846755,0xd78370e402cfc9f8ff3e8e4a178c874abfd3790e867f98ea01b0314827469816,BTC (token 2),78448.159707,964201,78433.61,0.0186
2026-08-26T21:01:50Z,8846756,0xdd76ba8496371940fbd02050fba4cf8067a4300d02696f0214822f9f01a1bda3,stSTX (token 8),0.315645,964201,0.3171,-0.4706
2026-08-26T22:01:31Z,8847011,0xb61e290aa3411faff5df289ccb7d8f6b46d6d4b1397225456d2f82a8e5ecdaa3,STX (token 1),0.2669,964207,0.2673,-0.134
2026-08-26T22:01:39Z,8847012,0x470a23751400323245a72a8d402ab10a7c020f3f466e3fbd26dc63d10e59afcf,STX (token 1),0.267014,964207,0.2673,-0.0913
2026-08-26T22:01:50Z,8847013,0x4c24f5f1681b491fbd053eaf8e4122c9073749588f2e030ac0bcc5827ee68f25,BTC (token 2),78739.141886,964207,78799.8639,-0.0771
2026-08-26T22:02:13Z,8847015,0xa05a902194e6519445ecaa4b15055c056f713656d93d017e63d515ad01594afb,stSTX (token 8),0.31608,964207,0.3167,-0.1903
2026-08-26T23:11:00Z,8847288,0xb15aced60a4f2e7f9085d48e67541290bdcbd80fc886ca59021995c1f40f9d9e,STX (token 1),0.269025,964214,0.2698,-0.2902
2026-08-26T23:11:22Z,8847290,0xd4ba645df51adbc91daf856c039711e8955b6ea7b277361c0f1470481f782f2b,BTC (token 2),78699.085413,964214,78687.29,0.015
2026-08-26T23:11:43Z,8847292,0x042d54e93fdb803a932a95568bd41493b13219bbc6fa8a420d428f82597dbcbb,BTC (token 2),78713.14,964214,78687.29,0.0329
2026-08-26T23:11:52Z,8847293,0x76f9633ca21c3e6b397b1394081eb5233f2d4b0056a5b564057ba7fba58ae259,stSTX (token 8),0.318597,964214,0.3195,-0.2905
2026-08-26T23:12:05Z,8847294,0xb04ac173345df34ebfd20c7e97bc7bc1dd00338600fc1271509e4f38baa4c451,stSTX (token 8),0.319751,964214,0.3195,0.0892
2026-08-27T00:31:02Z,8847663,0x9cb2d33dff1b81bcb51c76c7035e632ad193f2967f15724d1e03c2b670fbdc18,STX (token 1),0.2625,964221,0.2641,-0.6128
2026-08-27T00:31:14Z,8847664,0x106ca209b282baed37d23ec9d873ffb4f7ba2eafefc10ea0a4e2b5c0ff876a2b,BTC (token 2),78902.783081,964221,78861.0199,0.053
2026-08-27T00:31:47Z,8847667,0x1028098ba3189ccb86b5d10bd38995feae6afdd6e62649af997a0957b5ad649e,stSTX (token 8),0.310869,964221,0.3128,-0.6133
2026-08-27T01:30:57Z,8847883,0x0bf076c4baf95ebbd0b9f9c712f57cbc603f187dab2b5af6f08aa8361b68b520,STX (token 1),0.263335,964228,0.2651,-0.647
2026-08-27T01:31:06Z,8847884,0xee415c03a8623b60571eb625493e781f778bead7c3f9647409d5bf228c497116,BTC (token 2),78925.905101,964228,78821.15,0.1329
2026-08-27T01:31:18Z,8847885,0xb1894f005bc0d466a72ac4fcc3f5e4211febc76a42c6851756e724e067c78c31,stSTX (token 8),0.311858,964228,0.3126,-0.2523
2026-08-27T02:50:43Z,8848196,0xaaf83ee417675e7d3280c6fb672c0903e442d15921765a858584a50d22018574,STX (token 1),0.2605,964234,0.2604,0.0242
2026-08-27T02:50:53Z,8848197,0x59bfebd5b227e4b0e3d45de3b40c90bb9924db4cda4e39acfdfa8097853416c6,BTC (token 2),78745.825023,964234,78757.4819,-0.0148
2026-08-27T02:50:53Z,8848197,0x07c17af26265facbc864517f1ca4998df079742aa315149c51b3bd805140554f,BTC (token 2),78743.63,964234,78757.4819,-0.0176
2026-08-27T02:51:04Z,8848198,0x5af2787f2991d32628597be78b823f0479a11cc0149d547c0dcbd3883e097b79,stSTX (token 8),0.309089,964234,0.3081,0.3108
2026-08-27T04:11:01Z,8848568,0x89c55d3296edf5b80589f367c0b09b9d49aad49733fabbc5d109741a88d27607,STX (token 1),0.2594,964240,0.2595,-0.0235
2026-08-27T04:11:11Z,8848569,0x0b014c45a06c5edeb36dba408ab47766630e971fd1ff6748ddd32ba4f48876a4,STX (token 1),0.259565,964240,0.2595,0.0401
2026-08-27T04:11:11Z,8848569,0xf83ffd9bc6f18f8cb703590f6e557a54ab7863f5872f7c5886a81a9595101ff2,BTC (token 2),78875.831598,964240,78841.642,0.0434
2026-08-27T04:11:23Z,8848570,0x927eca348d28bc521447dd39e496c1d6b2b4f04031e37c9b1bfc94e7842279f0,stSTX (token 8),0.307393,964240,0.3073,0.0395
2026-08-27T05:10:46Z,8848867,0x3b7a118d99cb030c74d2616e227a051d62cd70470750ceaaa2498ad398544b99,STX (token 1),0.255171,964247,0.2553,-0.0461
2026-08-27T05:10:58Z,8848868,0x9084efa62797424e690583386d9e66f38a597ea78cd9cb1ddaef55f196d701b2,BTC (token 2),78684.585859,964247,78676.913,0.0098
2026-08-27T05:10:58Z,8848868,0x63d7183d90496093f47da1411fa9de21ad9758fa49e391901e57c94404c5bb4b,stSTX (token 8),0.302256,964247,0.3023,-0.0246
2026-08-27T06:30:49Z,8849241,0xccb29f33edc211556ff84da9c9e08cc727d8766ab942f61858000add52fcd05f,STX (token 1),0.255421,964253,0.2551,0.1096
2026-08-27T06:30:49Z,8849241,0x848ec39165c389470f81a9c83b002d983df1a06caea5436d52b36e28fa59db5e,BTC (token 2),78653.503469,964253,78767.6793,-0.145
2026-08-27T06:31:02Z,8849243,0xb222fa4811bd12ac884f102ae49430ff9d2a3a54ce49fc792ff83c3e0d0435dd,stSTX (token 8),0.302486,964253,0.3025,0.0113
2026-08-27T07:40:29Z,8849665,0x39c29d98ae39d48304ceabaaf57842f86dedfbb7b0fa8de4e6227855d381bd3b,STX (token 1),0.2559,964263,0.2556,0.0982
2026-08-27T07:40:38Z,8849666,0x004445443df1ed05e360b7c8117a800ea00d4cbb52fb6ff4dc9d1cae04a1eca3,BTC (token 2),78825.54,964263,78824.032,0.0019
2026-08-27T07:40:53Z,8849668,0x374ba5e57be8e6138021611721d126217cbb925f5a80fc319c848f5b94133824,stSTX (token 8),0.302579,964263,0.3028,-0.0588
2026-08-27T09:10:52Z,8850289,0x53ad7a6adb4b7ce854ef98ad6b05520c5323d7530f98d153efceae2f18363f96,STX (token 1),0.259596,964269,0.2602,-0.2343
2026-08-27T09:10:52Z,8850289,0x257bbce0a645fb48956a75046e1481ee9d53388e415ccecf32eb2167a5add421,BTC (token 2),79835.819918,964269,79841.9246,-0.0076
2026-08-27T09:11:01Z,8850290,0xa51197b53a5ca3d54feae23bea2e70ed1d3f637fc94223ea8d9cb29287601b77,BTC (token 2),79835.27,964269,79857.5219,-0.0279
2026-08-27T09:20:56Z,8850350,0x4b5bbd3d0db4e781b0e3af2b964d038f2903a3b4408e0eebf8846a05dd4aa77b,stSTX (token 8),0.308424,964271,0.3102,-0.5808
2026-08-27T09:50:45Z,8850548,0x65577f141a0362400325d7b172c0551b0eeedc1cf545a81938308be9eaa23f5a,STX (token 1),0.260385,964275,0.2595,0.3581
2026-08-27T09:50:45Z,8850548,0xd7e751065e5c560d5874e97b52b808bb4cf69209f1a65d16938115f00feb3b8b,BTC (token 2),80234.905363,964275,80075.9848,0.1985
2026-08-27T09:50:52Z,8850549,0x055ead3efa98ff4414df798b9289edff11d4019902a5cae9c43abea9a1f056d8,BTC (token 2),80142.19,964275,80075.9848,0.0827
2026-08-27T10:10:57Z,8850698,0xd122fd111912e1c4c991a1201bd982e8a5d826c51cae2bcb8d28af09c96aeddb,STX (token 1),0.258908,964282,0.26,-0.41
2026-08-27T10:11:04Z,8850699,0xb25843cf36f359d3987fcced503de09a0aa529cd656d33eb86f663b21f8f3dba,BTC (token 2),80150.593048,964282,80086.53,0.08
2026-08-27T10:11:14Z,8850700,0xa7ff95f30e1171fb29924ae8e415ce4d862c9ad2dd3f492ab46e028f673639d0,stSTX (token 8),0.307095,964282,0.308,-0.2931
2026-08-27T10:50:37Z,8850949,0x3d151861eae8cc68a972bddbf90f1b64a1a2debb88a5931a34412ba75934edbb,STX (token 1),0.254971,964288,0.2549,0.0379
2026-08-27T10:50:44Z,8850950,0x9d6d8d72a0aea25c04aaaae987c8845214ffac9a2a54432b6e2fa2e11be3cfd4,BTC (token 2),79519.230269,964288,79539.0453,-0.0249
2026-08-27T10:50:52Z,8850951,0x523901d6bf213788b6747d67352157ea4cfa227b8b3d4748f988695c78400eba,stSTX (token 8),0.301953,964288,0.3018,0.0374
2026-08-27T12:01:15Z,8851377,0x080729d6e5d6c71880c5b28cc3355e6f349c8eba8895bb4d8e9f9433bd97bc40,STX (token 1),0.255766,964295,0.2587,-1.1233
2026-08-27T12:01:15Z,8851377,0xc22c6ad1be32db8abd166ddfe60f2af03bbef113804dd0d721edf84b527526ea,stSTX (token 8),0.302896,964295,0.3063,-1.1232
2026-08-27T12:01:32Z,8851379,0x7b6594d0673072b04076e3e7ddec473767ce69c90bd73dc4b40ff9d1ce919ff5,BTC (token 2),79514.73,964295,79499.4941,0.0192
2026-08-27T13:20:55Z,8851801,0xba9ecac5ed281408592f8f696daad244061f6286f8b733baf1f6dd7c549f60aa,STX (token 1),0.2587,964301,0.2592,-0.2022
2026-08-27T13:20:55Z,8851801,0xc0aede6040e67ad3036f035c4cc52581d1a773e10f67d7699346dbd9ea8165c1,BTC (token 2),79327.55,964301,79359.6932,-0.0405
2026-08-27T13:20:55Z,8851801,0xed2a289b78af502b2f8ab57658517ff8992569f4be40e6c5133664913533fecf,stSTX (token 8),0.30637,964301,0.307,-0.2024
2026-08-27T13:21:02Z,8851802,0x0e7ed76218a430554626b9528cf3f46e5eddcaad422c0840a445c341aa4c2ee5,stSTX (token 8),0.306555,964301,0.3084,-0.5831
2026-08-27T14:30:56Z,8852237,0xf2d20590053394fce9544ccf8a5746a85959b03999a7c086aa47266aefe70653,STX (token 1),0.2578,964309,0.2577,0.0244
2026-08-27T14:31:03Z,8852238,0xf70e1cb064e095a5e4d702e48107529dcf1377ac5098c898e897bc460140e09c,BTC (token 2),79823.276308,964309,79924.0036,-0.126
2026-08-27T14:31:03Z,8852238,0xc87cc74427a99ceb92edec07c703ab86b6f9591503a13b0c28a4eb2478e55abd,stSTX (token 8),0.305621,964309,0.3034,0.7337
2026-08-27T15:40:54Z,8852676,0x97af9b46bc3f5e7a18d99633a4992f8b9388e10a9abdce0ecb93fcadb86306da,STX (token 1),0.257819,964315,0.257,0.3076
2026-08-27T15:40:54Z,8852676,0x12cfe23ab29290dab4e2cebd0df3730c5d18742ebf035c3a609225b2661e8e0b,BTC (token 2),80476.891099,964315,80402.6433,0.0923
2026-08-27T15:41:10Z,8852678,0xf051328115cdf0c42c5c1b945b941372d4e92926485f2172db3c73e809ad9fb2,stSTX (token 8),0.305328,964315,0.3044,0.3077
2026-08-27T16:30:50Z,8853015,0x5b58bc036cea634166aa8bb05eeff34483f6deb17edd1c05b7f2a313c3d580a0,STX (token 1),0.2607,964321,0.2606,0.0496
2026-08-27T16:30:57Z,8853016,0x518bc25d050dfa682be227b0653d5bb1238532af7c8b969600253518ed5ef866,STX (token 1),0.260487,964321,0.2606,-0.0322
2026-08-27T16:30:57Z,8853016,0x2242d6fb8e398b8ba2c85a197164ad001f2d638299f42403733b359c650c7e17,BTC (token 2),80477.815448,964321,80352.3277,0.1562
2026-08-27T16:31:04Z,8853017,0x9849e754f839cd428cbb582c5fa55e8767775a1e1d7dd945262f9744320133b8,stSTX (token 8),0.308488,964321,0.3085,0.0063
2026-08-27T16:31:29Z,8853021,0x10552a52d79dc847d7aa6a83bfef202bdcc856ebe96be9747b64d4ba1cac1bb3,stSTX (token 8),0.30874,964321,0.3085,0.088
2026-08-27T17:40:52Z,8853399,0x84e37c67c6b2a57d2e11bf65315060218a30a28e900e6491c33933274b151278,STX (token 1),0.264196,964329,0.2635,0.2521
2026-08-27T17:41:00Z,8853400,0x774a2f8dc23be377cd6cadd192f8ddf8f4b981c0feb8d6f1fd1bc3f41e3ce26e,BTC (token 2),80665.722677,964329,80609.672,0.0695
2026-08-27T17:41:00Z,8853400,0x15ee73b76f1ccaf6e94ea553561329fdb9a9fc3b5d13e074cf74837f6c5aa20d,stSTX (token 8),0.31206,964329,0.3121,-0.0108
2026-08-27T19:20:32Z,8853914,0x8dfeaa68578fb6d2610cf5aac5c28b517320550cfafc9ab20d94bea5128084b8,STX (token 1),0.258,964335,0.258,0.0124
2026-08-27T19:20:43Z,8853915,0xffbed5443dcbf77871e7183d58e9d875b50a26c1fbdcae969928310999955e72,BTC (token 2),80190.491294,964335,80137.6192,0.066
2026-08-27T19:20:50Z,8853916,0xa828201b2e40e64ac76298f47289ee65c9e0730362fa849c4f88fd7ec9ab9392,stSTX (token 8),0.30543,964335,0.3055,-0.0247
2026-08-27T20:11:10Z,8854197,0x73be94f2110b62bddf3f600dc36b875a84fc060ffe8c8a06794b084bb3385b79,STX (token 1),0.255866,964345,0.2556,0.0901
2026-08-27T20:11:10Z,8854197,0xfa8f33e2b33c8afa2ec1e458946744e34c873167f2aa1f9e8a0123be8e6490cf,BTC (token 2),80029.156103,964345,79990.48,0.0484
2026-08-27T20:11:16Z,8854198,0xc57ad08a149f2a2584b22be6fd52056ca73e2200008d21b9e49b8efb71f45c15,stSTX (token 8),0.303174,964345,0.3027,0.1421
2026-08-27T21:01:05Z,8854523,0x7e3255dfa57e5c35e4ebb3ef08be8d04706d625ff2083f6414195290561ecc83,STX (token 1),0.2533,964354,0.2534,-0.0525
2026-08-27T21:01:05Z,8854523,0x9998fb82b7896a626ccece00b517d2eecb76554e9a6495180f58ec4826d56a6f,BTC (token 2),80056.77,964354,80053.1956,0.0045
2026-08-27T21:01:12Z,8854524,0x4c3ec63ea8dbd505f1e5af12515493762c5fa4fca58511aea008e13e621d300d,stSTX (token 8),0.299978,964354,0.3001,-0.0524
2026-08-27T23:10:54Z,8855297,0x86bd010f743b0a12a223c0c5aa51e301fad9c6212fcdc6b98599a5803fbbb886,STX (token 1),0.255953,964360,0.2557,0.0849
2026-08-27T23:11:01Z,8855298,0xa243d868eed42b2618bf8eab1700692a2af01e9322f7c0cded824eae65f9ebbb,BTC (token 2),80224.192475,964360,80239.2519,-0.0188
2026-08-27T23:11:22Z,8855300,0xca03616643b5e667d9fafba8fc79c3a2da29fc7617fccac6aab43a7d534fb016,BTC (token 2),80255.44,964360,80239.2519,0.0202
2026-08-27T23:11:36Z,8855302,0x18098aa92168297667f4ccb904e99e01552a52cad98aacbc8db06a07544cc599,stSTX (token 8),0.30282,964360,0.303,-0.0729
2026-08-28T00:40:42Z,8855681,0x7b718d6499b4bc176517251808a08002564ebed776ad9d769702a1724f0aed67,STX (token 1),0.2559,964366,0.2551,0.2955
2026-08-28T00:40:50Z,8855682,0x7a6fb7e58c7eeda84f97abb50e42f129f1879a7663f8643501478c9af2c09a29,BTC (token 2),80509.85,964366,80452.4888,0.0713
2026-08-28T00:41:08Z,8855684,0x27abcecbfd97271156503cdc6e46ba68a2b1e3c766a18da6278ef196ed257f55,stSTX (token 8),0.30282,964366,0.3019,0.2954
2026-08-28T02:20:55Z,8856255,0x321ce3eb4e48f34c9bc78a3664a1c5a3ebb6f542c5e42a95cad68ec4ba15d5df,STX (token 1),0.2646,964373,0.2639,0.2522
2026-08-28T02:21:02Z,8856256,0xce2527dcd13526db1613d1930e76c51ab4d07af1df179be95402502b52b5759c,STX (token 1),0.264324,964373,0.2637,0.2236
2026-08-28T02:21:08Z,8856257,0x02010de73b7a51f29201f47a9434fc24288a871ad368a8a4b49bd18b0f3ec7e7,BTC (token 2),80098.833624,964373,80057.8062,0.0512
2026-08-28T02:21:12Z,8856258,0x46defd1770f907fb9f76fe1397e3cb51ea9b83732f8ce34fe3dfdce71d5d7919,stSTX (token 8),0.312977,964373,0.3123,0.205
2026-08-28T02:21:19Z,8856259,0x5e2efbc034f5a4ef92eb31f38ffd91c31dfc45ff7efba43f42081ee2fb8e7c2f,BTC (token 2),80126.34,964373,80057.8062,0.0856
2026-08-28T02:50:35Z,8856442,0x0de28795d6134fefaa0b0192d992d865f8f8935b2cbfe2a8db3de9337cf779b8,STX (token 1),0.2566,964379,0.2555,0.4371
2026-08-28T02:50:48Z,8856444,0xc17e6a23e90dd7b605171c4f4660e9cecd47304b67d744a9f9a1484e2133302c,BTC (token 2),79867.9,964379,79826.9762,0.0513
2026-08-28T02:51:03Z,8856446,0x7e92465a03cde081a9e15b9d6e1ba48d472a3a233d270674fff7244371f02503,stSTX (token 8),0.303907,964379,0.3026,0.4435
2026-08-28T04:20:54Z,8857016,0x8341ea0d7245e4f3212a8ee4a50de6f34229f1552e6e0c5440725518bbeac6e3,STX (token 1),0.263962,964387,0.2632,0.2725
2026-08-28T04:20:54Z,8857016,0x44e9ea23f5481e9eb7f54c4ff53f0f15426a80ac328e9f9d04b7c042150efe02,STX (token 1),0.2635,964387,0.2632,0.097
2026-08-28T04:20:54Z,8857016,0x1c838940ec3622f6367ef1b9d89b0764cd318e054540ba1b6522f715ec263854,BTC (token 2),79971.980024,964387,79876.4024,0.1197
2026-08-28T04:21:11Z,8857018,0x56ad0fe7fa934203977dd267cc8564242fa19790b0f30ea68ac182a87b6651a0,stSTX (token 8),0.312059,964387,0.3119,0.0587
2026-08-28T06:20:45Z,8857734,0x081a17c77cb5a1c5be2ebe6d97d01e59521b63cad069a21e24582c82ea8f09ed,STX (token 1),0.2615,964394,0.2617,-0.0814
2026-08-28T06:20:55Z,8857735,0x6e6f84a81f7b2688bef8c670cf9221a25ea1daa512435ea676f05cb250410c90,STX (token 1),0.260611,964394,0.2617,-0.4211
2026-08-28T06:20:55Z,8857735,0x0487af73275e300c0c10eb5e4cdaba8e82ea9bc710e8ee162f7f890df3144593,BTC (token 2),79905.859168,964394,79832.3914,0.092
2026-08-28T06:20:55Z,8857735,0x51ff89412aaf0d01e718b44794521d1a039f3e4d69683d0481e6a36d451f92f8,stSTX (token 8),0.308639,964394,0.3099,-0.4211
2026-08-28T07:30:43Z,8858156,0x96a95a0efded3d4b53f30e848e01aa55af51654fc3a54d1593f7d84f2ea45d96,STX (token 1),0.2606,964400,0.2606,-0.01
2026-08-28T07:30:50Z,8858157,0xb34a1b92cff4554808ceafee67e7e124955efb3ac8508358ed866da81abf3d1d,BTC (token 2),79808.42,964400,79801.4493,0.0087
2026-08-28T07:31:06Z,8858159,0x5325d63de8ebbc97d186bccf873359a8a53236100564528c7369ec70ea55c742,stSTX (token 8),0.307669,964400,0.3081,-0.1285
2026-08-28T09:20:53Z,8858849,0xeae92ce569abfff21b09858e5e7642fa6ccb03441334ac55ce001522fbbecf5a,STX (token 1),0.2637,964408,0.2637,0.009
2026-08-28T09:21:00Z,8858850,0x68ff630846a9d3300779ef763be5d81e9c156b521d5d0ffeb10e0b71986101c1,BTC (token 2),79437.224914,964408,79430.0122,0.0091
2026-08-28T09:21:11Z,8858851,0xf72b4a9f99c1f6773af291d88235d84dc68106622853356dd1543c7bf510d9f3,stSTX (token 8),0.312613,964408,0.3132,-0.1742
2026-08-28T10:11:02Z,8859161,0x51c7f230949549e0415281840c91240bfb55ac2e3f4b3de49c69adf8bd702bda,STX (token 1),0.2688,964416,0.2693,-0.1801
2026-08-28T10:11:12Z,8859162,0x72c2209e86b29bd634fdb31481e3b93ca6c6b11bab51361158d747c5db79783f,BTC (token 2),79078.369502,964416,79186.6829,-0.1368
2026-08-28T10:11:29Z,8859164,0x19a66add0cfc940e6cd5beb8bafd47986807bbf0246a400b6f31a8260a7bc43a,stSTX (token 8),0.317746,964416,0.3189,-0.3658
2026-08-28T11:11:01Z,8859480,0x66dc185047178768a59b3f0126732ae36b5c11e80e57b72ed606f609dff34834,STX (token 1),0.269233,964422,0.2692,0.0023
2026-08-28T11:11:09Z,8859481,0xed9090870010cc1054e4db252c84d3b1a7b08a37b0a7445d4638a77f327abee4,BTC (token 2),79669.803826,964422,79653.0245,0.0211
2026-08-28T11:11:15Z,8859482,0x0c4e2295b9c4b42a5450fea3f9a2d654f52220c561cc628292e8390e9a51f7eb,stSTX (token 8),0.318851,964422,0.3188,0.0021
2026-08-28T11:40:54Z,8859640,0x710191a18301e2002521a5066e317e2947b0f0bbf14649aff1fe67b1eac2127b,STX (token 1),0.2716,964430,0.2718,-0.0652
2026-08-28T11:41:04Z,8859641,0x0d64e16ce49922023e2203eb34a37d79044ce08129747bbba8b57aa22821bc76,BTC (token 2),79600.535389,964430,79608.5601,-0.0101
2026-08-28T11:41:31Z,8859642,0xc056003348434e3ec1544f6d7598921b72c790eed965984125af02214b7379da,stSTX (token 8),0.321654,964430,0.3217,-0.0287
2026-08-28T11:41:31Z,8859642,0x47eba44bed49e0c9b3dfc1e537af65796016cb41dd13b92ef274bc0e1712ba40,stSTX (token 8),0.322569,964430,0.3217,0.2557
2026-08-28T12:40:44Z,8859961,0x4daee63db131f3de1362c51f21013ed505f6528cc05baa3e74f8b78211487cd6,STX (token 1),0.27101,964436,0.2702,0.2842
2026-08-28T12:40:50Z,8859962,0xe7d16605ac8da59ad691921ae81711d586f070998c72a183108adb8d4c8f76d4,BTC (token 2),79405.660956,964436,79346.5195,0.0745
2026-08-28T12:40:57Z,8859963,0x9e6a3ffdf9d88861e9c273b16fc06acb0ef21ec57206c1019a48ff207502857c,stSTX (token 8),0.320957,964436,0.32,0.2844
2026-08-28T14:01:16Z,8860376,0x831c5ac992b4621828c0e5d2df91fcd2efb1b83c6a3b2c8a686a409e875feab5,STX (token 1),0.27113,964444,0.2702,0.3457
2026-08-28T14:01:39Z,8860377,0x54317f69078f20377c0b0fe11133311e63ff3271a683957f06af7a0d8a5546bf,BTC (token 2),79270.46,964445,79115.1473,0.1963
2026-08-28T14:01:39Z,8860377,0xc2fabdae9569402756518d6803677032194123357e31d5efcf1c9dbb2f23dc66,BTC (token 2),79473.610095,964444,79115.1473,0.4531
2026-08-28T14:01:39Z,8860377,0xc6ee46333f03a2aafcd58493d409cc1b83213e47a16b8c08f65e235122cd4fa0,stSTX (token 8),0.321099,964444,0.32,0.3457
2026-08-28T15:01:32Z,8860708,0x0b7c1261e10f755e9840fa22f1d9470362ea987a79a7d0d805de7a914b095424,STX (token 1),0.265339,964451,0.2654,-0.026
2026-08-28T15:01:44Z,8860709,0xadf394d7840fbd75113bcfafb2c6bbd29c15a5435a53ae1c7d5b23ff86cdb1e9,BTC (token 2),79541.24466,964451,79606.2381,-0.0816
2026-08-28T15:01:44Z,8860709,0x596442602e8cffda66b79b31ff89b2720b68062edddc1a87ffc0f0e2619405cf,stSTX (token 8),0.314241,964451,0.3143,-0.026
2026-08-28T16:30:55Z,8861020,0x21c6998c20692700dc6f132fc8655ce03245bb81344267bf1d9291e8bd926874,stSTX (token 8),0.299154,964456,0.299,0.0572
2026-08-28T16:32:57Z,8861022,0xbfd91816c7f5e304a72ba871e7d69c756f8ac5476234a5453a6d86563648a976,STX (token 1),0.251566,964456,0.2532,-0.6473
2026-08-28T16:42:08Z,8861055,0xf0d953c68e5f382a7c697a570b8a78e7214f784487f870bea9d8171d4b32d65f,BTC (token 2),77901.76,964458,77865.3573,0.0468
2026-08-28T17:40:48Z,8861360,0xa769ec4836e184c5bf5b6321576e9071e1c71f1588daf766fa1a6900eb6f596f,STX (token 1),0.2535,964464,0.2537,-0.0638
2026-08-28T17:40:48Z,8861360,0x12c9739a5607035b313130fb8412508bc16cc878e0f0e4b07dcb06e649c63e4f,BTC (token 2),77744.482207,964464,77750.3257,-0.0075
2026-08-28T17:41:02Z,8861362,0xdc43e8ba172eb7cc8b2296cbbb98dd75da767cdd61a34b4c91b797ac4c3fd22b,stSTX (token 8),0.299896,964464,0.3006,-0.2506
2026-08-28T17:41:08Z,8861363,0x8ff1bad5790e1371c7e6b9e9f977b7ae4da9f218e95a617c3da7295a55e6cdf1,stSTX (token 8),0.300339,964464,0.3006,-0.1033
2026-08-28T19:40:43Z,8861960,0xea0acd27c12f06d63b7f44c7e557440070216abf32c79ee2909a3fd5941d9fcb,STX (token 1),0.259268,964472,0.2584,0.354
2026-08-28T19:40:52Z,8861961,0xc207c72865d9d6a91a427bd94ef361c5149be28243285e0d4c7266f76d965bf2,BTC (token 2),77659.063676,964472,77618.9761,0.0516
2026-08-28T19:40:59Z,8861962,0x7be285610b42fc849f515662072a25f1fa4aacd2e02042288ef9516149f45148,stSTX (token 8),0.307052,964472,0.306,0.3538
2026-08-28T19:41:08Z,8861963,0x25f9fd4624ff9d789e8951dbd1dc0d792eb313f5927950e58a35800b383336b0,BTC (token 2),77640.47,964472,77607.2282,0.0428
2026-08-28T20:21:08Z,8862222,0x757bf4b34d2b8cc15ecfe4a4bdf4933258859b101ec09b3fcf97ca637b76ff1e,STX (token 1),0.259371,964478,0.2596,-0.0742
2026-08-28T20:21:08Z,8862222,0xdf798d7e46fc31fe4ffa37cfdde4124560f5ca13a9eafaa32d6e72924c8be2d2,BTC (token 2),77425.028505,964478,77465.3533,-0.0521
2026-08-28T20:21:19Z,8862223,0x48a33850bdda6d430089f550dfa766e95dfae46386f182d4cc39c28603265a57,stSTX (token 8),0.307175,964478,0.3074,-0.0741
2026-08-28T22:30:51Z,8862864,0x42d71593bff141a47d7a40e5a0c10c45b6dcc6bbcadaea2e3f93c5e3c0eb1b4f,STX (token 1),0.257249,964484,0.2572,0.0026
2026-08-28T22:30:58Z,8862865,0x3fff2bfa1dcf48f3c4adf774f31117c5d854cd6aad84973a529b10171e5f8447,BTC (token 2),77579.655908,964484,77566.8629,0.0165
2026-08-28T22:30:58Z,8862865,0x204362f1d9ea04ecd91c9fc43876f908fee501a716390afa9eaa9e97b74106f4,stSTX (token 8),0.304662,964484,0.3047,0.0025
2026-08-28T23:10:56Z,8863109,0x0ddecbe4b5f842c7e631fee99bbf4fa4bd3d599bd6a7a29ee02f29a5bb79d929,STX (token 1),0.257979,964491,0.2585,-0.2005
2026-08-28T23:10:56Z,8863109,0xc80e395457e5ca90bfc2d93b31ae9d8a5d59205c2d6549e2c1d7445f07cc563a,BTC (token 2),77709.541772,964491,77716.4228,-0.0089
2026-08-28T23:10:56Z,8863109,0x37053bdad8491d4ebe4f280079630d60a15be582466e72f5d83d152aa76a4ecc,stSTX (token 8),0.305527,964491,0.3061,-0.2006
2026-08-28T23:11:17Z,8863111,0x388f7b965137b8dacd0dd7bef8e4679437c18fe81f1b254d22f990a390a3ae2e,stSTX (token 8),0.30567,964491,0.306,-0.0959
2026-08-29T00:10:52Z,8863485,0x6b9f503238a39c46f88af548a5f9dcef49a8550ba3b1dbddc8120d48d4fc60e3,STX (token 1),0.259972,964497,0.2594,0.2345
2026-08-29T00:10:52Z,8863485,0x428afcf69f81e6524111ad19ad70ebedfed928a604c5fd46bd7ac55d197a8402,BTC (token 2),77847.465649,964497,77828.4025,0.0245
2026-08-29T00:11:05Z,8863486,0x97325daa4a19dc1c748c1b7d7431fb10ded9d1abf00214e380d650c18dd4ea1a,stSTX (token 8),0.307888,964497,0.3068,0.3507
2026-08-29T00:50:44Z,8863746,0x27094d8f9aeded9a37b35b2cd7dcbf74a3a9b867a223f880854d69d34ae1c97b,STX (token 1),0.25551,964503,0.2552,0.1159
2026-08-29T00:50:59Z,8863747,0xeb59bd15c8673c0ba4dfea3b690f2be18a07c66c7e9d527172b332dd9db3d34b,stSTX (token 8),0.302603,964503,0.3023,0.1157
2026-08-29T01:01:33Z,8863810,0x3f8611d575c7523963ed2fec6878f580ba81f02b0cc0bfc3e261cef6646b1599,BTC (token 2),77723.65123,964504,77692.2769,0.0404
2026-08-29T01:01:57Z,8863812,0x324bd17ddac54e151e3781761ae62ca8f2c3d2dc3de03e6ef18f7701bad6143a,BTC (token 2),77720.24,964504,77692.2769,0.036
2026-08-29T01:21:01Z,8863902,0x11f35ec6df401e40a077c52dffdf958105ed070df1e33dd2cb8a47eb9c106c9b,stSTX (token 8),0.288025,964506,0.2888,-0.2675
2026-08-29T02:01:29Z,8864140,0x75caed1cad79bf9510e7602679da3845d679d85a6c7275bd0557ecac1f1bd682,STX (token 1),0.2489,964510,0.2488,0.0271
2026-08-29T02:01:37Z,8864141,0xbc9265ae621d3569f131f00bbed6a40de178ebd2791c16423741170b5a5004d1,BTC (token 2),77789.62,964510,77784.8547,0.0061
2026-08-29T02:01:48Z,8864142,0x4c12efd116523a082817e5870993587f2520ff733c3de2096a6e857c97ba99d7,BTC (token 2),77794.364501,964510,77784.8547,0.0122
2026-08-29T02:31:27Z,8864327,0xa292114b6f908753e4a304ba2a7ae2a7cb7c327f6d75856114336cf4b726230f,stSTX (token 8),0.293305,964514,0.2961,-0.9298
2026-08-29T02:40:47Z,8864382,0x84059c48fb3b3c8f1ee6c1c4187cea4d60c16c1522486520ea0bb3245829c643,STX (token 1),0.2515,964516,0.2511,0.1663
2026-08-29T02:41:13Z,8864383,0x01e04307dac8983caaddccb119a2359faba8a687f2f64a2c2e47295f0b77ac60,BTC (token 2),77668.3,964516,77657.6136,0.0138
2026-08-29T02:41:35Z,8864384,0xd9b3fae91d876fe9206a2f449fa082a8f5d478c85c5c54df0883237cb8cc7e3a,BTC (token 2),77662.030603,964516,77657.6136,0.0057
2026-08-29T03:51:05Z,8864839,0x2b52a3d1b14fe231bbc225a49f8cf2027679a8211591f4918c90ad6da5061700,stSTX (token 8),0.296406,964520,0.2956,0.2639
2026-08-29T03:51:05Z,8864839,0x46f966151ef51a9699f0facef894c373b5ed054bed3a15e835858debe2884588,stSTX (token 8),0.295723,964520,0.2956,0.0329
2026-08-29T04:01:49Z,8864900,0x29d07fb5515de9e63f0b18d21dee76b0f653a970d1a8f5f0a1b442957f8c8ef4,STX (token 1),0.2485,964522,0.2488,-0.1276
2026-08-29T04:01:49Z,8864900,0x5ae43ab8f4c7d6d811f2b84533a54f45f5fe0e74ffc419541c8c785641755b99,BTC (token 2),77508.940126,964522,77523.5263,-0.0188
2026-08-29T04:30:48Z,8865060,0xa5c1914b3d486b0584fd3abe50feec6607a4c8e9b2d37ac3daf075c63bdd3550,stSTX (token 8),0.296234,964527,0.2961,0.0453
2026-08-29T04:40:44Z,8865115,0x7ca8f7173e4df3114b31b66f6762c4208fa05ced97b96268c1e9272b6a4b6706,STX (token 1),0.2504,964530,0.2505,-0.0469
2026-08-29T04:40:53Z,8865116,0x362c22330a5d6eedfa612caad8f79df4aaef808214e681afaf9d5d78e0454f76,BTC (token 2),77627.23,964530,77628.1336,-0.0012
2026-08-29T05:31:01Z,8865393,0x94f8bef0322891004ec8c7d4fbdc2bb78986cabb121905d5f7cd48c766e7df67,stSTX (token 8),0.299388,964533,0.3019,-0.8342
2026-08-29T06:10:54Z,8865595,0xc99ea50ce1da15a5ad9d2ed6ba0c654cffb6982bc2539edcbdc38fd76f76e6c1,STX (token 1),0.25232,964536,0.2521,0.0971
2026-08-29T06:11:02Z,8865596,0xcb498122c6bd467bfa938e4d5da4eaf96e8c31942f80dbe5cb8cc346c0f7cfa0,BTC (token 2),77565.024966,964536,77560.6553,0.0056
2026-08-29T07:40:44Z,8866084,0x27f5eb394fb4f44b85833ec779da60e399e2d943d3110852a5e63d2314fa07c2,stSTX (token 8),0.298211,964540,0.2977,0.1877
2026-08-29T08:30:46Z,8866375,0xccfb628fbce9ebc087dce7ffb5f94a61ef2a81f66131ed1bf779535a28ccd15c,STX (token 1),0.249768,964545,0.2495,0.0904
2026-08-29T08:30:55Z,8866376,0x37699b4cc7cc3782b2d205ca5f64d5c17b85c3dce720016a9acef7721715b237,BTC (token 2),77570.1,964545,77587.6877,-0.0227
2026-08-29T09:01:27Z,8866596,0xf4273e77411428a7b7ce48f018a771aeb50a73e9e716977d0e7778490440fa44,stSTX (token 8),0.294059,964546,0.2943,-0.0932
2026-08-29T09:40:52Z,8866856,0xd3aef3ed992b34c92d300c20e441ff860a5f765c00b34e474497fe71d68d42d0,STX (token 1),0.2488,964551,0.2493,-0.2105
2026-08-29T09:40:59Z,8866857,0x313a72d40b8b0af974ee747fdf9d605c118671f6258a8b13874030ecc5c0502e,STX (token 1),0.248526,964551,0.2493,-0.3204
2026-08-29T09:40:59Z,8866857,0xb690bc124d9edb5b2bd89b316e7136c2515677b728a3c48f2dadddff30bf2116,BTC (token 2),77716.294073,964551,77749.0741,-0.0422
2026-08-29T09:51:05Z,8866920,0xdb7566ff6a3fd473f4a70471f4fafc572d707e26e9f53161a9bcdf89c920402f,stSTX (token 8),0.294366,964552,0.2933,0.3746
2026-08-29T09:51:05Z,8866920,0x967a64bda5d3ad555c9fbe020a92d4b6a23ff2dd89cb4d6c43f03f3c3bb88221,stSTX (token 8),0.294186,964552,0.2933,0.3132
2026-08-29T11:01:21Z,8867298,0xf84113dd3551b1776cf9f8fe031e3858a8639f394cca8634233d4d3426b8272f,STX (token 1),0.247067,964557,0.2463,0.2981
2026-08-29T11:01:21Z,8867298,0x25876b12aed846b4963306c4749db47e078eed7a1172c1fe1246a44442a0b9b0,BTC (token 2),77647.33456,964557,77621.4661,0.0333
2026-08-29T11:10:59Z,8867354,0x955ca21a531cb705c28ed0fa6e43ba133631f43d2d0e093b3da8c2973c67b0e4,stSTX (token 8),0.291323,964558,0.2906,0.2444
2026-08-29T12:10:54Z,8867694,0x9ea9bba67d8b975b18a301a2a2117fb4645e1ee3bcfec4c6593d5aac27988434,STX (token 1),0.2439,964564,0.2435,0.1573
2026-08-29T12:11:04Z,8867695,0x137af962a6841684bcfe88274c72ec2e896ddf3ce925c428221eb7afeb6a92c9,BTC (token 2),77582.26269,964564,77572.9997,0.0119
2026-08-29T12:11:04Z,8867695,0x25fcd1a06f5a277c83e3acd9f5b7c2148033490be037c2eec438cb706ffde9f2,stSTX (token 8),0.288298,964564,0.2889,-0.2005
2026-08-29T12:50:45Z,8867965,0x138e04b0e23f2c20d2050d63f1c628b9b9f74b0473b2df578cd6d18d7eea80dd,STX (token 1),0.2435,964570,0.2435,0.0135
2026-08-29T12:51:04Z,8867967,0xae3cfd95a25e45048e20b5a02550b9f4bf5c68a3f247238a7658bbe9b58a033d,BTC (token 2),77587.45,964570,77575.1299,0.0159
2026-08-29T12:51:40Z,8867968,0x1cf10511775e03c68a31ecdf70a506bef318a6fe18377965423a1f462fa74b89,stSTX (token 8),0.288957,964570,0.2888,0.0686
2026-08-29T14:01:24Z,8868290,0x06ac1c1987b3a7176d4030c6389d42aac5ac4900ea6eb7e8800b8d271d4fef44,STX (token 1),0.243896,964578,0.2439,-0.0171
2026-08-29T14:01:33Z,8868291,0x5d66ac9fa25e725c2e54d3ed759838cd325768a6a2b7d4f52d2dad6b2ce6f1c3,BTC (token 2),77697.572313,964578,77699.97,-0.0031
2026-08-29T14:01:33Z,8868291,0xada84c409a77c92428ea83b212d0f2d01671cdbad7f683c97e4a1041aaecd937,stSTX (token 8),0.288854,964578,0.2889,-0.0167
2026-08-29T14:40:30Z,8868509,0x320aa3721cb2eac5fa9496e3d2f13a2314885d8aa355eb22a1bbb2701f4cfaf6,STX (token 1),0.2456,964584,0.2453,0.1069
2026-08-29T14:40:49Z,8868511,0x4ecef4a69a615bf47b65a231a848bbed1c954481c3e1fac3ac25e21798f69b28,BTC (token 2),77762.33,964584,77812.42,-0.0644
2026-08-29T14:40:57Z,8868512,0xee23c055f7d2896e09d10d41e155cddd05ebb66e0e9ad8b3f80173adb89d16b6,stSTX (token 8),0.289716,964584,0.2906,-0.2906
2026-08-29T15:30:53Z,8868828,0x144d957aa6031e282382224bd6b834e093f67f7d13d03627c168830efca9d640,STX (token 1),0.246835,964590,0.2466,0.0973
2026-08-29T15:31:03Z,8868829,0x6ec54454100eeb9b8c38e5e1ca0a393bb748e15780c2ea8d7665bfb53710d9df,BTC (token 2),77916.412065,964590,77817.7436,0.1268
2026-08-29T15:31:03Z,8868829,0x0120c12eb9c6918b93082aa054111eca5ba71d2d4821199225f068f325eadbb2,stSTX (token 8),0.292334,964590,0.2919,0.1379
2026-08-29T16:20:48Z,8869076,0xf885f46934ddd5953e67b9833cb482a0445cfbd8318db2d6afa4eb85cdb5e04e,STX (token 1),0.2462,964596,0.2462,-0.002
2026-08-29T16:20:57Z,8869077,0x334d8d16c00b9ee0d26f0d5130682907bf021a01f88576057ec30779359329a1,BTC (token 2),78021.85,964596,78021.5604,0.0004
2026-08-29T16:21:05Z,8869078,0xbedef29705e384567e5dbf5bb9c77513fb7d8c1052ebce6ba033ba2b48f926ab,stSTX (token 8),0.291947,964597,0.2909,0.3678
2026-08-29T18:21:03Z,8869795,0x8ae43bbcced84548f85ea7a24c61257b18f295f9a8a7cbb50d84829726b605be,STX (token 1),0.2438,964605,0.2437,0.042
2026-08-29T18:21:03Z,8869795,0xf5072a1cae4454202c4251f7015ba0e3d63e74cf03b974a01045d519b507ca22,BTC (token 2),78057.48,964605,78055.85,0.0021
2026-08-29T18:21:34Z,8869796,0x6be20055905b590292b7fd90136f0d5a196855939ab95e374f06dcb2fd9f7c87,stSTX (token 8),0.289021,964605,0.2886,0.1393
2026-08-29T19:30:57Z,8870185,0x19bc220511199240413279cff3aa92c62b7af3e65fddd14ee8aecb1ebb8a8310,STX (token 1),0.245,964611,0.245,0.001
2026-08-29T19:30:57Z,8870185,0xb28babfd992d796b7c0df1a93eba6ed06d0af1366ce61c30e2a45c583afd2aa7,BTC (token 2),78250.504383,964611,78261.0174,-0.0134
2026-08-29T20:01:20Z,8870352,0x2f59b2330e9f9e7913d939c8d288e80a4b2dfb3cf3e32853b7e09b23f95fb1d2,stSTX (token 8),0.28936,964613,0.29,-0.2039
2026-08-29T21:01:31Z,8870775,0xba44588ea4c6785cdc3cdb2a9d030e9b70f8ad28ecdd8b53ca7c0161021a135b,STX (token 1),0.245557,964622,0.2452,0.1356
2026-08-29T21:01:31Z,8870775,0x769970016bd49fa17f9d1ebe9a7ca058fc96093700353d335a8a53aa5908f0d2,BTC (token 2),78130.133892,964622,78085.6878,0.0569
2026-08-29T21:01:40Z,8870776,0xbd2a48021a6d2bc20818b5125e06f69ad8b84ae00b2e0aa27f54c2d71bcdd480,stSTX (token 8),0.290821,964622,0.2904,0.1353
2026-08-29T22:01:33Z,8871141,0x4d24c7464302909d7994096baaa56d3aa8ba96c2533d884eb11fd93c49f3222a,STX (token 1),0.2432,964631,0.2428,0.1688
2026-08-29T22:01:57Z,8871142,0xfc78fd58fb71957f743788008bc6d29cb54e792972c22bde533ae00547e0e61a,STX (token 1),0.243861,964631,0.2428,0.441
2026-08-29T22:02:10Z,8871143,0xa0e3454571e74372bfbb5c4087c71eb0c98f23946e4b934acbddee2f36cc8d1a,BTC (token 2),78157.022825,964631,78173.8729,-0.0216
2026-08-29T22:03:01Z,8871148,0xcc9ab3c5b441cc100503612970e4715ffe63f5ff696848b351c5fc58680f07db,stSTX (token 8),0.288814,964631,0.2878,0.3585
2026-08-29T23:30:58Z,8871537,0x26e2a880cc14f20f31d45bc913b0cc8c019de4c87c9a7488c4616e8804639a4c,STX (token 1),0.2422,964639,0.2422,0.0166
2026-08-29T23:31:06Z,8871538,0x106db26b4f0e4fdf78f128b60bf9838d09d6acd16c3940b74abae0749f71dd4c,BTC (token 2),78220.97313,964639,78268.5306,-0.0608
2026-08-29T23:31:13Z,8871539,0xdafbb5cb490e617270586752fa41bf4eae777b1ef7e3a1ff4ffdc14178389215,stSTX (token 8),0.286394,964639,0.2872,-0.2854
2026-08-30T00:30:57Z,8871825,0x1a98631c3dd9bd8abdf11de81281eb81fa5cef1ac39d8efe4b8021b91860bb36,STX (token 1),0.2428,964645,0.2428,0.0206
2026-08-30T00:31:05Z,8871826,0x814023dc047ea8caddbd0d64265c6f16b1dc9c195605536e50bb88d393b922cb,BTC (token 2),78216.622024,964645,78237.3,-0.0264
2026-08-30T00:31:05Z,8871826,0x130eda39fe8c4cf115df8066da25356bc3b14b4be1df3ab736fd5900527ea22d,BTC (token 2),78192.66,964645,78237.3,-0.0571
2026-08-30T00:31:12Z,8871827,0x9282c7e7a1fc7a533da9ba1f870388c15c9e5c0df529837ed53dbac37a21a88c,stSTX (token 8),0.287794,964645,0.2877,0.041
2026-08-30T01:01:32Z,8872027,0x83493c07d36e7bf158307b79c42ae44966255670e752dc1de9d0e52139936640,STX (token 1),0.242946,964651,0.243,-0.0026
2026-08-30T01:01:32Z,8872027,0x9660080826c0d7aed8943ea12db218e8ea8f403e507f6c2b4356782e034172ac,BTC (token 2),78191.371696,964651,78166.7917,0.0314
2026-08-30T01:01:40Z,8872028,0x49f9c6bc85b6e93c65b77a9ce19592fab05d55f9c3a0e7cf484559b10154c74b,stSTX (token 8),0.287731,964651,0.2877,-0.0026
2026-08-30T01:01:51Z,8872029,0xec3651b796b6ee39220ee0ae18809da7e8e8b8ef6424a1853deba68993ec3253,BTC (token 2),78156.01,964651,78166.7917,-0.0138
2026-08-30T01:51:01Z,8872295,0x70fae1c9af6e5525b16de123149344c16c2442d2ecde07dc073f852505f16871,STX (token 1),0.245317,964658,0.246,-0.2584
2026-08-30T01:56:32Z,8872325,0x9518a20717c1b896de807ad52e3647e3186a4f6f2a76b825bdb558e5a9efa1b8,BTC (token 2),78110.43,964658,78064.7706,0.0585
2026-08-30T01:56:32Z,8872325,0x21c520c9fd926df1a53c21fe9dc1ad80c658df63bb04897c11a97db8f0d122e2,BTC (token 2),78098.809739,964658,78064.7706,0.0436
2026-08-30T01:56:32Z,8872325,0xbcdee5ff96bc45ec9e6e3ac9c6fe26eee1a4c7a688ce7dfd5e3d5f31603424a9,stSTX (token 8),0.290539,964658,0.2882,0.828
2026-08-30T03:10:38Z,8872782,0x4303443595d2233f3e1d0e4eaa71d6e98df5460401ec8363522d7612a454e404,STX (token 1),0.239587,964667,0.2411,-0.6206
2026-08-30T03:10:59Z,8872783,0x841d15fa38b9ae6a9436835a97c8bdca4ada119917d8057322b4e2ab7740973d,BTC (token 2),78088.78,964667,78083.3338,0.007
2026-08-30T03:10:59Z,8872783,0x1f254166374b51a5dff61c7c2affcb7898b14d9c0011d34bb532c2c1168dd3b6,stSTX (token 8),0.283754,964667,0.2855,-0.6203
2026-08-30T03:40:44Z,8872951,0xca059b1d7ee3dc57e0efb62aaa17d97f8b4a34491b3629f318a2557dae1a9d54,STX (token 1),0.2446,964675,0.2447,-0.0543
2026-08-30T03:40:59Z,8872952,0x7a7936e6e23b6b862c64ef33030f62c3a093f222b3137fcc21fa46ba97a771a4,BTC (token 2),78175.04,964675,78162.4282,0.0161
2026-08-30T03:40:59Z,8872952,0x6d321a7334787d7cc3bc954f145720f78301ee18a356e22543e1527908ea465f,stSTX (token 8),0.290418,964675,0.2898,0.1967
2026-08-30T04:31:00Z,8873228,0x1bf15d136b9f88ac229f2757ac01facce5a02cf300a319fa402e188b5a348476,STX (token 1),0.243073,964682,0.2429,0.0792
2026-08-30T04:31:00Z,8873228,0x690a50281118abfbd650c48a90fff70646c9df7ac6d4bc4b9c72f72dac4acdb2,BTC (token 2),78139.062442,964682,78097.1517,0.0537
2026-08-30T04:31:00Z,8873228,0x14a6363f480429c025a974e814e491117aa51da0b809ef51160be4297ed27154,stSTX (token 8),0.287882,964682,0.2877,0.0791
2026-08-30T05:10:52Z,8873477,0x1bb591ae31cb61716e2cf3338e76e214f54a010c13667e55c79dcd16b720876c,STX (token 1),0.2451,964689,0.2454,-0.1356
2026-08-30T05:11:09Z,8873478,0x89a44912cab0cd3c2debdfa7f9af05dae0349323b4cc6f966e28a248af24a691,BTC (token 2),78168.917429,964689,78140.5298,0.0363
2026-08-30T05:11:09Z,8873478,0xaab9cc3024b1a72103df3792f6ee447fb4f602e95f92630193a819eab265cbf7,BTC (token 2),78168.7,964689,78140.5298,0.0361
2026-08-30T05:11:09Z,8873478,0xbc6ce000a0fef672e499bd6dccf4e2c6b1e8dc851296f336f9082ff804396df1,stSTX (token 8),0.290754,964689,0.2903,0.1692
2026-08-30T06:20:47Z,8873929,0x2a4cb3b5915caf73f3b2ea023ebe1335991cbd1e2c093c30060f0c5361d0fbaf,STX (token 1),0.245,964697,0.245,-0.0124
2026-08-30T06:40:51Z,8874031,0x8513c6d840f2e6086581f8e2496b816ca667ef91d8747407e6d77f4a8a9823aa,BTC (token 2),78253.841156,964697,78255.839,-0.0026
2026-08-30T06:41:12Z,8874032,0x2185f57b843cabac32a1b8c3f5683e225e4d6087045f2f6e787c5146dfb0e45f,stSTX (token 8),0.28967,964697,0.2919,-0.75
2026-08-30T07:30:55Z,8874335,0xabfc1bdd519910b52406d529f1a01d4775d00e68dc37885a519a844fb39c82e9,STX (token 1),0.2454,964703,0.2453,0.0448
2026-08-30T07:31:04Z,8874336,0x3a5a20507538e48efdf3869b352cc6206a52db9afc06b5ec690dbb96b1a7740b,BTC (token 2),78228.012285,964703,78220.2711,0.0099
2026-08-30T07:41:05Z,8874400,0x8dd6e8a2d905c9f92104f75df9e2249e00ecd0458349a88cd28c074a69874649,stSTX (token 8),0.289919,964704,0.2893,0.2054
2026-08-30T08:10:55Z,8874576,0xdb314f1ad96a8a55f368680a1d46792143105ffb91ac90d4595241d2de20e345,STX (token 1),0.243557,964709,0.2432,0.1498
2026-08-30T08:11:01Z,8874577,0x7c841d38a965dc548d3693201d903cfac8ca1cff87ae3803417e4e6c6cb7c484,BTC (token 2),78184.183289,964709,78141.6557,0.0544
2026-08-30T09:30:47Z,8874929,0xf79ad420b675e3d981105ad59674095a573846ddc59b6f79bafcc1eccaeebcd6,stSTX (token 8),0.287916,964712,0.2877,0.0659
2026-08-30T10:01:28Z,8875114,0x8e8ac561910efa8d63ab6ad0cce90574eec359aac438b1a1ec80687124d53501,STX (token 1),0.242901,964715,0.2433,-0.1795
2026-08-30T10:01:44Z,8875115,0xa2ab6772a612df05368763d4bc7749cdaf322e7d2c2c88093cd5ef451c29ba93,BTC (token 2),78001.825887,964715,77998.5099,0.0043
2026-08-30T10:02:11Z,8875116,0xa011af32a30edb442bee5989bb8f1697a18c500ec21c2557942e8809d89f2e5f,BTC (token 2),77982.14,964715,77984.6906,-0.0033
2026-08-30T10:30:46Z,8875283,0xf76e250a54f4f5823763bcbf2731669348777d08124f382d6a487f35474e732b,stSTX (token 8),0.289351,964718,0.289,0.1122
2026-08-30T11:01:27Z,8875510,0xbd63e2300b74f56619ce352f9dcfcc466d2f691646632da374e52750f874b0da,STX (token 1),0.244054,964721,0.2437,0.1337
2026-08-30T11:01:38Z,8875511,0x85bb233a8e9435ca63a2d3ad3b5935a27b5bccfb797444a275ad9724f84d1b45,BTC (token 2),78143.992649,964721,78146.8661,-0.0037
2026-08-30T12:01:36Z,8875851,0x377e8aedef03071d3c668b7418e59e0e914bd9cdc2d702805ca5c2c7ea776c4f,stSTX (token 8),0.291905,964725,0.2908,0.3818
2026-08-30T12:30:46Z,8876038,0x5c0f59aa96c369ac797c50e01d6666203ba466dcb2bb87337ec85acfd97beea6,STX (token 1),0.2518,964727,0.252,-0.0912
2026-08-30T12:30:54Z,8876039,0x0018cbeb2c3af63f2f3bdf31d3dc65784a835f1b42da5630ec473533ce367894,BTC (token 2),78611.605523,964729,78634.1788,-0.0287
2026-08-30T13:11:09Z,8876288,0xeb7f06d82522100ce296b7208c29b3557ecaed0906f1d6605660735c2e345cd2,stSTX (token 8),0.294121,964733,0.2939,0.0648
2026-08-30T14:11:02Z,8876674,0x42e6bcee8597cf4d7b299f25c75e88604074c9af9cdacd00717868aeb37ae8bb,STX (token 1),0.251049,964736,0.2506,0.1832
2026-08-30T14:11:10Z,8876675,0x72ec8f53badc54a1f5ea82f94e28de056cc4b9b6d622e94cdae4db64544f5cd8,BTC (token 2),78880.363255,964736,78862.7454,0.0223
2026-08-30T14:50:49Z,8876947,0xb2f7a0b9d4615802d1bed6589baf8e8acae054a22489709f11ed21cfff8a12f2,stSTX (token 8),0.293484,964739,0.2935,0.0041
2026-08-30T15:30:50Z,8877171,0xc609c95863e22c86d07f16c2e143826d8a389d3947a8d708fde4bdee2cae0c0b,STX (token 1),0.247176,964746,0.2469,0.1148
2026-08-30T15:30:50Z,8877171,0xb1eb8c3ce91536bda02bf808524600a55db9876a504cb47ee0b6903fab16f3f7,STX (token 1),0.2472,964746,0.2469,0.1245
2026-08-30T15:30:59Z,8877172,0xe7a4f2df984aeb2d8d9c2ee67c1658c08249dec58c47047c598650e6f1ed61b2,BTC (token 2),78803.814015,964746,78813.7355,-0.0126
2026-08-30T15:31:14Z,8877174,0x40d044dc054be5974111a5681eea558fd845b55b29440dcf9e330f54f77030e6,stSTX (token 8),0.292774,964746,0.2926,0.0639
2026-08-30T16:30:54Z,8877493,0x9cabcf93431a7321530e4dd7693581a17b6d9610708ce96172863dd62f4f943f,STX (token 1),0.2427,964754,0.2429,-0.0618
2026-08-30T16:31:02Z,8877494,0x0448bd9477d972d8e277030976c6ff13dfc03cae3b7092da207d1b0dfde982a0,BTC (token 2),79058.953015,964754,79052.7,0.0079
2026-08-30T16:31:02Z,8877494,0x30949e9022d7a0cdac8039a37ea9431871128a061c77b438e85ce134765f1216,BTC (token 2),79045.83,964754,79052.7,-0.0087
2026-08-30T16:31:15Z,8877495,0xdea04bab24e1cb538ddf911ca71481c3f4ee8e3e79701acd73e51f8bd30b00d1,stSTX (token 8),0.288629,964754,0.2876,0.3709
2026-08-30T17:30:53Z,8877813,0xb1883acfd99e57bc902ee1d95b4b9afd04e6d6bb7708bd996c0a338c600dce3f,STX (token 1),0.244596,964762,0.2442,0.1712
2026-08-30T17:31:01Z,8877814,0xb30bb7278c9327f6471b130585ea62637166c5f5d186beb8af899d8cd1a07713,BTC (token 2),78932.763736,964762,78953.24,-0.0259
2026-08-30T17:31:01Z,8877814,0xe0e1dc6de6dafe8a90897ae93f6593be3b31e0e081ab359b5d857b567715a0c6,stSTX (token 8),0.28969,964762,0.2894,0.0893
2026-08-30T18:30:54Z,8878162,0x62321dcffbba18f6e40ebffa89b727020fd0aff2e0f11c16e9a54acdf28adca6,STX (token 1),0.2451,964768,0.2459,-0.3084
2026-08-30T18:31:17Z,8878163,0xd4518c276f41c776a4cdedbe0eea04f49391b7b4def88909ccb4479c38ad0ffe,BTC (token 2),78908.812195,964768,79066.71,-0.1997
2026-08-30T18:31:17Z,8878163,0xfc97a72f471c0e17984b09ba2cc730bd11736082c4bec1e1486dfaa240871cd3,stSTX (token 8),0.289238,964768,0.2912,-0.6889
2026-08-30T19:40:46Z,8878532,0x3900e2ff46779dc111496ca05b5095f497f48744c57e3460b2a621ab244140bb,STX (token 1),0.2427,964776,0.2429,-0.0683
2026-08-30T19:40:55Z,8878533,0x26221b77246fbc410864eb7720ea71f084bb267eb875afea0f4d8ee9dd9c77fe,BTC (token 2),78808.23,964776,78805.5657,0.0034
2026-08-30T19:41:05Z,8878534,0x0737c5eb3255f87c7b4507047fe7a99d2c4dd60c9b50491f1a7ef9ba974d347b,BTC (token 2),78808.251388,964776,78816.7641,-0.0108
2026-08-30T19:41:05Z,8878534,0x04ed4958e4ba8f0bc9ac64abbec47082ea4576bb2f6ffd697dbbc82401be85bf,stSTX (token 8),0.289359,964776,0.2875,0.6385
2026-08-30T20:30:46Z,8878831,0x504eaaae54675754ad68222ce2a7dfec7fbd0d739e06c867db1c8991d46d80b8,STX (token 1),0.242962,964783,0.2419,0.4511
2026-08-30T20:30:46Z,8878831,0x1b14f201d5999ce076681d1d39527c9425b26678d82b6bfcda2c040d8458cd7a,STX (token 1),0.2424,964783,0.2419,0.2187
2026-08-30T20:30:54Z,8878832,0xd4b1d0ff25d0b97f43cd89531706fda11922648acf0c2c4e456a328a2ddd966a,BTC (token 2),78863.405161,964783,78777.4456,0.1091
2026-08-30T20:31:00Z,8878833,0x9307b853cff2abda492dd2d2a8a0b21fb69eda572bd1a9253e8183eea54614f0,stSTX (token 8),0.287756,964783,0.2865,0.4513
2026-08-30T21:40:31Z,8879283,0xa9bf33baba1ccb37948cee4df05c4c65349851baced8fb5a2dc45e4a12cf1570,STX (token 1),0.2424,964790,0.2422,0.0956
2026-08-30T21:40:40Z,8879284,0xec70e2a5fa3b075878ff352714a9cc8850cea014e9dba4966cfcc4f2b0c57e87,BTC (token 2),78623.47,964790,78606.3798,0.0217
2026-08-30T21:41:12Z,8879286,0x3397465d801ebf418467b4d26727d85fe42a45f4a4ebc0fec8167a8aefd623c2,stSTX (token 8),0.287209,964790,0.2869,0.1163
2026-08-30T22:20:48Z,8879543,0x126d3e006a0747dd9183c0369fb96d53b15e620cd7a4eb7710acf01efe3347a0,STX (token 1),0.241553,964796,0.2413,0.1189
2026-08-30T22:21:07Z,8879544,0xa1ae105a71e16a52f3c8c1d6102c781fd8f3e93c17da8445692e673f9d437070,BTC (token 2),78498.949206,964796,78439.217,0.0762
2026-08-30T22:21:07Z,8879544,0x33eb507b5abd61972a91daa1d3d83b19fe4396a7e593e5d99e9bde0aa5ecdb79,stSTX (token 8),0.286127,964796,0.2856,0.1743
2026-08-30T22:50:38Z,8879713,0x467e2ded840c9eac9645947c1a816fa5546e35e07d12be98680fb96f7c854f58,STX (token 1),0.2405,964802,0.2403,0.0972
2026-08-30T22:50:47Z,8879714,0x0c44a9812298fa9bb4357bede53c1eae1f5d18ef26a609573dfe064ada54daf9,BTC (token 2),78396.48,964802,78409.7,-0.0169
2026-08-30T22:50:59Z,8879715,0x79dd5ce41f0ce910023196a03f82b6a17d11e0f6865c9670fe421caf05cfe20e,stSTX (token 8),0.285038,964802,0.2846,0.1667
2026-08-30T22:50:59Z,8879715,0x093ee3c95162b8e6cbc02ef4b3355c5374d47be4ec0c39bdf3ed14d8e7954cf7,stSTX (token 8),0.28484,964802,0.2846,0.0972
2026-08-31T00:40:27Z,8880359,0x9b0af642d951cd3b6806e47a2f617968dc8eba4f951fdb474999ce0b350e9d7b,STX (token 1),0.2391,964808,0.2391,-0.0079
2026-08-31T00:40:45Z,8880361,0x9a05122bb4864909f991ec2b34a1e93bec71bcc82f1018a4469cc4add84851a4,BTC (token 2),78037.28,964808,78002.8583,0.0441
2026-08-31T00:40:53Z,8880362,0x499e9817a814c674bcbfadf4514bd49830c14e49b9ad303b28d4f28040ffa925,BTC (token 2),78038.248787,964808,78002.8583,0.0454
2026-08-31T00:41:02Z,8880363,0x0295ceced6af978254c8b71a242a945e14e306afc448470b8963919edb8cce9e,stSTX (token 8),0.282352,964808,0.2852,-0.9844
2026-08-31T02:50:43Z,8881203,0x4a7deef0810cc3c10e68023f31b3a76c8c1bbaf3e359d26ff1336dd5f1c7f1b6,STX (token 1),0.2388,964814,0.2383,0.2249
2026-08-31T02:50:55Z,8881204,0x1214d5fb1ed54b7fed7f8a69d51cc13996eb9d5a5e58a5c9f3b5bf224f3e1a83,STX (token 1),0.238786,964814,0.2383,0.219
2026-08-31T02:50:55Z,8881204,0x89c63b1dabaade5b1a4afa91f277b163a8534e0958f97aa44114718df32ae66a,BTC (token 2),77649.628789,964814,77524.1696,0.1618
2026-08-31T02:51:05Z,8881205,0x8b769767858c426a18ed30310bbdc108cb8218b0f103750ff99689637dcee81a,stSTX (token 8),0.282812,964814,0.2819,0.3244
2026-08-31T02:51:20Z,8881207,0xff0b2c74aaf7b3898a89b355c650b74f1768d67dd1edd9c036266b33ad41f9ef,stSTX (token 8),0.282828,964814,0.2819,0.3301
2026-08-31T03:40:46Z,8881559,0xeabf649393baca86f7beefd5190b39b98fbb14f5325caf1b885f0c0b6ef41279,STX (token 1),0.2428,964822,0.2431,-0.12
2026-08-31T03:40:54Z,8881560,0x33e7deef55eafbddaceb89b264aa00b242bb8746297950f3141da975966499e4,BTC (token 2),77760.22,964822,77748.97,0.0145
2026-08-31T03:41:03Z,8881561,0xdd8dfcf1dfc7ec3c774300fe156599bea1dffc5fc71a414f1907080c9958d247,stSTX (token 8),0.287566,964822,0.2879,-0.1199
2026-08-31T05:20:46Z,8882142,0x0b1b6273a48a9e4e9a2bda94b9a059e1d122104911635594e8233f68f13caf37,STX (token 1),0.244858,964830,0.2475,-1.0556
2026-08-31T05:20:56Z,8882143,0xee3e3d65f01a050606fdd67c2319b58edc64c9bbb3f92d2626d6d46b9f023e5c,BTC (token 2),77928.436072,964830,78046.6433,-0.1515
2026-08-31T05:21:05Z,8882144,0x1ea4f6c725f43bb7bd7f7b307a36b65ad0e12debe94d6d32301014736bf721ec,stSTX (token 8),0.290741,964830,0.292,-0.442
2026-08-31T06:31:10Z,8882562,0x91d571c4c48acb99571ef1026afea88a648ccfe4542e46706a7254f46aa61da6,STX (token 1),0.250089,964836,0.2492,0.3668
2026-08-31T06:31:10Z,8882562,0xc9a6ee39c86a2fbb2e0c9f786bc5e54e81cc8bbedb021336760952781e0b65c8,BTC (token 2),78008.722315,964836,77975.93,0.0421
2026-08-31T06:31:10Z,8882562,0xf9fb2cb44a144dfdc52e4bcfde4d90c63eec75340f3426cecb05aa6283c44d20,stSTX (token 8),0.296199,964836,0.2951,0.3666
2026-08-31T07:40:41Z,8882953,0x70f30e8fbe34d5addd1a6bb619413e16f230a87f5eb14d8f703d9543a7b1f88f,STX (token 1),0.248,964844,0.248,-0.0042
2026-08-31T07:40:50Z,8882954,0x76b1b4a1226089c3277206c305f0f769d06f138e56b00a85877caa07b50c39af,BTC (token 2),78209.01,964844,78191.1,0.0229
2026-08-31T07:41:01Z,8882955,0x035b7c41301b907e86ffdf0e3ec39d7ccda0b15c828a67c5445cced3ed0b8822,BTC (token 2),78193.236581,964845,78191.6873,0.002
2026-08-31T07:41:15Z,8882956,0x525cbb24f08c2f1d0b1b0fb21058cc279e0a8a5e9711cb8784f664ea6c4aebb8,stSTX (token 8),0.293725,964844,0.2937,0.0158
2026-08-31T08:20:53Z,8883180,0xef85aaa9678c35f1ca0eb2b1ec5f0ecf3a8d6655d31a625adb7e9d2b5ab559c3,STX (token 1),0.247113,964851,0.2468,0.1176
2026-08-31T08:20:53Z,8883180,0xb75c124dcd8f7182ca1a6d0ae1e8bd83f6719bc7f60b63c4112b667d05980239,BTC (token 2),78079.073964,964851,77988.2204,0.1165
2026-08-31T08:21:03Z,8883181,0xa972259e299b41f220ebbf4d3fe8c042937313f0a0e5307fbaac1b13128fc476,STX (token 1),0.2466,964851,0.247,-0.151
2026-08-31T08:21:21Z,8883182,0x512661e4ddf637089c36935c90d3ec4181f5c639715c265c4e7ecf41805fc291,stSTX (token 8),0.292676,964851,0.2925,0.057
2026-08-31T09:10:57Z,8883445,0xf0894a6087284d713fb0f3706089a8f4661e5bbf48039dcf77257432c7a40c9e,STX (token 1),0.250078,964858,0.2498,0.1083
2026-08-31T09:11:14Z,8883446,0x6ad94605aa282a66d6e167f485815b6f16e3f709eb93c57421703de6001cf9d0,BTC (token 2),78748.072738,964858,78595.4289,0.1942
2026-08-31T09:11:14Z,8883446,0xff59d10dacc18f1e7bbf3c21d2738a16e86993f3cdd07846f2d7985a2edcdb67,stSTX (token 8),0.296187,964858,0.2957,0.1483
2026-08-31T10:01:38Z,8883775,0x27d8a31575edf5d8405e17aec6f965f0c6cc291b415f3f61a44aba57f57da67d,STX (token 1),0.247345,964864,0.2468,0.2133
2026-08-31T10:01:38Z,8883775,0xa07face815642ab528a3bb670ed6e2c164dfd120ffe42a70c08a2c055ae4f53d,BTC (token 2),78503.001007,964864,78464.71,0.0488
2026-08-31T10:01:38Z,8883775,0x78a6e7e5d36b26cde7d334f6d9c6d6bc23a108ddff2ab0a90865b5f3528e41c7,stSTX (token 8),0.29295,964864,0.2923,0.2131
2026-08-31T11:20:45Z,8884327,0xa94a687d82697a183fae6ed3cf6be8d0d8b7d9294d5c6161c31854de12c53ebd,STX (token 1),0.24579,964871,0.2453,0.1826
2026-08-31T11:20:59Z,8884328,0x428cf7571dfb5be837364a83634a198087cd5db74adb404563bee644f9b0bbe8,BTC (token 2),78594.777053,964871,78559.7185,0.0446
2026-08-31T11:20:59Z,8884328,0xc1b0dba68740bebff627760754336ecfe105aca2e86e431df765a4d225f05945,stSTX (token 8),0.29111,964871,0.2906,0.1829
2026-08-31T11:21:06Z,8884329,0x0300895810b3e5b8740799fcf5a02a8a65d860a00e16836f4243527dc3295366,STX (token 1),0.2458,964871,0.2452,0.2275
2026-08-31T12:41:01Z,8884797,0x3f4de931ede98c33a73ceaf4e6f9a7a50e8c7b2f3a40f66280c7a3f0692a45f7,STX (token 1),0.2492,964877,0.2471,0.8444
2026-08-31T12:41:01Z,8884797,0x10c682ee917911d0b933e1ebcf42b3c63a18f0cfb9c09300fb6164b7eb7432c8,BTC (token 2),77799.59,964877,77775.9589,0.0304
2026-08-31T12:41:01Z,8884797,0x2ca786690187fe68d033f98bd29208500adb76cc8d0ef3cbb2834300ea312e93,BTC (token 2),78009.709747,964877,77775.9589,0.3005
2026-08-31T12:41:01Z,8884797,0x44ccd8a3a79620a5b0f93de34473672cafe68ea5c7270c2439a56ccc5c9fd317,stSTX (token 8),0.295148,964877,0.2927,0.8442
2026-08-31T13:51:02Z,8885209,0xf2d7b9bd6082d2497a08376186091f1e76ca7c4242cfd23dcb18009304a69860,STX (token 1),0.247784,964885,0.2471,0.2774
2026-08-31T13:51:02Z,8885209,0xeeecc160cf4b9bc15c678b9092849254d520b46dfd565707d0f60fd3365b9cda,BTC (token 2),77872.873857,964885,77893.9704,-0.0271
2026-08-31T13:51:14Z,8885210,0xbd298984e6d23febadc166169bc1539fb8f757fcd6874ac506f12f5a0ff6111a,stSTX (token 8),0.293471,964885,0.2927,0.2771
2026-08-31T14:30:55Z,8885443,0x6d1a52acd5102557b9997b5b44e50cef890337123876eea1bbb35bd51e6d8e83,STX (token 1),0.247786,964895,0.248,-0.0775
2026-08-31T14:30:55Z,8885443,0xf7969004200ef2424c3b5747c181e105aa0e22588b7dea0e53d08ccb8c91988a,STX (token 1),0.2481,964895,0.248,0.0492
2026-08-31T14:31:05Z,8885444,0x3487d3f69cd5e927c32e222c31493240af2bd05f685ae17a821f28c9ea554f90,BTC (token 2),77980.126311,964895,78032.7639,-0.0675
2026-08-31T14:31:05Z,8885444,0x51e06e7817667866587a0057568e59592b09cf291279418cd09efa91637ce27c,stSTX (token 8),0.293474,964895,0.2935,-0.0171
2026-08-31T15:40:57Z,8885822,0xcbc7e4db7ec3b7982b57e51fed72ba3b6226546eac5aa665534233b04732bcbf,STX (token 1),0.244972,964901,0.2448,0.0849
2026-08-31T15:40:57Z,8885822,0x8157c704278e8ddaa05514c3def9ec2345b3faee545c4ab04dfade446c0cb3ae,STX (token 1),0.245,964901,0.2448,0.0963
2026-08-31T15:41:04Z,8885823,0x19f91133f7a67338e33d675088e668760f4b3e21046740d037d8fd809c3325ad,BTC (token 2),78485.914092,964901,78517.83,-0.0406
2026-08-31T15:41:37Z,8885827,0xb439b46674b258907c93155e565dbd69d35571a8318e302814046f7acd321fdf,stSTX (token 8),0.290174,964901,0.2901,0.0348
2026-08-31T16:51:04Z,8886289,0x94eaad24bb43731e42c465e0a99adebedfdd02d8ee37c8045adf088d68f2cd6f,STX (token 1),0.248033,964909,0.248,0.0292
2026-08-31T16:51:04Z,8886289,0x3952ac4fd582dfa273adfb0f897e002ac33e32fea8cd6b4a5306f5fe62b97d13,BTC (token 2),78705.578833,964909,78647.1068,0.0743
2026-08-31T16:51:22Z,8886290,0x2eaa0e7f2aea0b291784b6e595a62297ee9b6ec4cd662e9b87079e9d66882eab,stSTX (token 8),0.293767,964909,0.2937,0.0291
2026-08-31T17:41:10Z,8886560,0x64c2b941fb28bfd308b76cfcc3f1e8fb20b19402c83d004c7225c695946756b9,STX (token 1),0.249833,964915,0.2499,-0.0458
2026-08-31T17:41:10Z,8886560,0x99dabb88bc047aff4d4a789a3e66aa52598f5fc45d83ec7eee797840efee84a0,STX (token 1),0.2505,964915,0.2499,0.221
2026-08-31T17:41:10Z,8886560,0x161f3b565f66edfd9d55a31e5ff5fd26aac94196d71a277787d577731a22fe61,BTC (token 2),78709.796907,964915,78867.4544,-0.1999
2026-08-31T17:41:10Z,8886560,0xaf8140ffe376fcc4f0e7f0a8433107e5d3cae41353365b1efdf1ce658d36c1b0,stSTX (token 8),0.295971,964915,0.296,-0.0216
2026-08-31T17:48:35Z,8886600,0xe0b957ce88dd4d5c247b0bf8cc0165186238abdbcc1ef597eac18f29563015e5,stSTX (token 8),0.296097,964915,0.2965,-0.1388
2026-08-31T18:50:54Z,8886975,0xc4059fb11fcb5ef38a6ee732160216234fee3d7be3833a2752612aa532f7626d,STX (token 1),0.251238,964921,0.2509,0.1388
2026-08-31T18:50:54Z,8886975,0xcafc8b694a924f71dd91310d85a2fe20e95125df94e0890e1fbe3e0b5de3427f,BTC (token 2),79074.833157,964921,79036.7266,0.0482
2026-08-31T18:51:10Z,8886977,0x5b7ce9d4a4f758e59cbad01dde841e3113486c1f92901e81c7e24db1c1777174,stSTX (token 8),0.297271,964921,0.2972,0.0403
2026-08-31T19:50:51Z,8887404,0xfb183d1f5eef0d72ab30890f07cf1dcc959468fea43db34894703eafd78cbe62,STX (token 1),0.2511,964928,0.2511,0.017
2026-08-31T19:51:01Z,8887405,0x0e46569073644e2ca5ed9ba08a2a5c02ad94c762c30d8a95f701c52fd14e702f,BTC (token 2),79005.01313,964928,78956.6,0.0613
2026-08-31T19:51:11Z,8887406,0x58717cf7d7238c319d6d3b514762ded6688838a09e30cef63db64c00c930c2c5,stSTX (token 8),0.297401,964928,0.2973,0.0172
2026-08-31T21:01:23Z,8887831,0x7ff7bf84d8e0df31b984a73534f07da92a6b3086e1de8347a05d659e6e739458,STX (token 1),0.251142,964936,0.2507,0.1654
2026-08-31T21:01:23Z,8887831,0xe9c3a2f0f40a53c02afc33e502288aad1920b47ba8aec280b930dc999393d9c0,BTC (token 2),78852.535819,964936,78835.4311,0.0217
2026-08-31T21:01:33Z,8887832,0x921c7961415e99b97e8f6ef59990909fdac4264ecd18cedb45a68559bd693604,stSTX (token 8),0.297451,964936,0.297,0.1656
2026-08-31T22:01:13Z,8888201,0xd79ea44253e29e39f695018a7dde28c24391c53200568a8ebb1759bead09e254,STX (token 1),0.250871,964943,0.2505,0.1462
2026-08-31T22:01:20Z,8888202,0xded02a39e38309ceaee9cb9caa74cede445bb477a4985cdf6709777b4437c5f5,BTC (token 2),78947.989093,964943,78957.9946,-0.0127
2026-08-31T22:11:02Z,8888268,0x11e043764396eb2ec7cd77ec5b22506e8574a22433d6969416fd0f8591889828,stSTX (token 8),0.299296,964943,0.2994,-0.0411
2026-08-31T23:41:09Z,8888736,0xc95aaba47ff22e455a0012a9d7aaf3c01063c0e9500e295d8387f7ed45bc6d24,STX (token 1),0.251852,964951,0.2516,0.0974
2026-08-31T23:41:09Z,8888736,0x8f3248768fb543c8862090bbce527f9155f651ae82fac5703452f0b610c4795e,STX (token 1),0.2516,964951,0.2516,-0.0027
2026-08-31T23:41:18Z,8888737,0x237444c8fc208c16e5670252686b7589a0ad880dd225f430d80cfbb14931514a,BTC (token 2),78530.02583,964951,78546.9369,-0.0215
2026-08-31T23:41:26Z,8888738,0x2c66982f44d0d549f85d6180ae3552f8aee68801e2d9cfe5dbddea3dc7a314bd,stSTX (token 8),0.298293,964951,0.298,0.0978
2026-09-01T00:40:46Z,8889056,0x3c71af30add51560113fa364f5672cf6fd1b3a7610813bbef0902d2622be654a,STX (token 1),0.251453,964959,0.2516,-0.0582
2026-09-01T00:40:56Z,8889057,0x01f52483d522321ec983277aa54fc202388cfe00f330a412c3269db6f546ad30,BTC (token 2),78769.704189,964959,78696.1989,0.0934
2026-09-01T00:41:04Z,8889058,0x22ee729ecd10e936bca1760beb76e659748ae2f9409c4a767d90dadeeec8e743,stSTX (token 8),0.297819,964959,0.2983,-0.1773
2026-09-01T01:40:32Z,8889353,0x50bc2060b5de80f26344eb383452bb293a349d66d3ddd3b3e5099853c325f126,STX (token 1),0.2539,964966,0.2537,0.0794
2026-09-01T01:40:43Z,8889354,0xa4d942790b1760fcb4521b103e6337c1a63c453e844d1e88ffb7a3be9547b207,BTC (token 2),78515.01,964966,78522.4085,-0.0094
2026-09-01T01:41:05Z,8889356,0xfb89a8dd2497bb6d3a4d48920697fa1202b36095e84523529761e0bce93be0c9,stSTX (token 8),0.300718,964966,0.3006,0.04
2026-09-01T01:41:18Z,8889357,0xaf561f6232e4ea24895b1fb343bee5507ee378836931cbdac8c28f514f3c2ace,stSTX (token 8),0.2989,964966,0.3006,-0.5648
2026-09-01T03:01:40Z,8889797,0x2565a87058e10109984b808774808421b9c5d4326523214e6e0349786dfb9c5e,STX (token 1),0.2569,964973,0.2563,0.2156
2026-09-01T03:01:52Z,8889798,0x55b8c4b1f8f43c75abffd7491df09ecfee809aa64a5dea3ad4219affcc268173,BTC (token 2),78425.023546,964973,78414.6316,0.0133
2026-09-01T03:02:03Z,8889799,0x15e40c3a714e94413f7c2b532422eb0811159fa2fabf9c04b03ef5d4723313db,stSTX (token 8),0.304118,964973,0.304,0.0285
2026-09-01T03:02:18Z,8889800,0x75f907095b95262b535bc0f5359ccdfa5fcb13ab901ace92e944a33bb77b2ddc,stSTX (token 8),0.303917,964973,0.304,-0.0377
2026-09-01T04:31:15Z,8890318,0x37a5edaa0dfffa71b2be27270828c3cf0aa2f93a27605447134d7d6f4a6ebc12,STX (token 1),0.256698,964979,0.2567,0.0003
2026-09-01T04:31:27Z,8890319,0x237ada343792ba3da28c269af4d3b348dcd09028472ec5eef7de327407a48f88,BTC (token 2),78805.171726,964979,78798.9678,0.0079
2026-09-01T04:31:27Z,8890319,0x7fafcc2cc7a5e28ca063ab09a69642b34e0077a348b615a6e6ced1829bc39bb0,stSTX (token 8),0.304033,964979,0.304,0.0004
2026-09-01T04:51:25Z,8890424,0x8298077b4a4aae352040a818ffab32a30221d56131a2e32b2de098305e3c877e,STX (token 1),0.256208,964986,0.2542,0.7708
2026-09-01T04:51:46Z,8890426,0xce8650d11b28d2cf74ab26efb87d195a27802cf700c43c84670942d2ab798ffa,BTC (token 2),78665.8,964986,78687.6124,-0.0277
2026-09-01T04:52:04Z,8890428,0x96ad02427e769f09cc0a1b82c45bc41a18f4cb160b85a3acf0f3b3c1bf28f180,stSTX (token 8),0.300956,964986,0.301,0.0008
2026-09-01T04:52:37Z,8890431,0xe480e0716d59565a54c881078cf341de12855e4424e051ad1e710399f8267be3,stSTX (token 8),0.302692,964986,0.301,0.5776
2026-09-01T06:01:46Z,8890745,0x4a014e260140228313af563dbdff9a34a2ea09c694ef4d87c92f651521d96bd7,STX (token 1),0.2537,964994,0.254,-0.1255
2026-09-01T06:02:16Z,8890748,0x58817b580e8915d4d61b71a3134f437cd34c88223f880a229e47766f2ebdce6c,BTC (token 2),79159.340945,964994,79065.5909,0.1186
2026-09-01T06:02:16Z,8890748,0xb9e3b4a23ebf227b07efd9f638d60ab50e41bdd21f4aa715d91b2382127a3df7,stSTX (token 8),0.300601,964994,0.3007,-0.0466
2026-09-01T06:50:43Z,8891037,0x98ff3fc552f3fcf6940cc4a62c93e03e14638e4c8a2bd2bc5892c46572460b1c,STX (token 1),0.2494,965001,0.249,0.1525
2026-09-01T06:50:59Z,8891039,0x608ce5439b375c3ce9ed50743f24e919e4aecd9d4677d48d6c21397bed9a3639,BTC (token 2),78823.84,965001,78822.26,0.002
2026-09-01T06:51:10Z,8891040,0x2776977560276987cb10e7459adbfeb927857c82bd7d57cb71cc55a8df7c6e10,stSTX (token 8),0.295497,965001,0.2949,0.1889
2026-09-01T06:51:10Z,8891040,0x4f25b6039219437578eab106cae4ef3812c7d302a9ad96116877f6981faacae4,stSTX (token 8),0.295154,965001,0.2949,0.0727
2026-09-01T08:40:21Z,8891737,0x77f00b4451201763d130b13aa53054dda6279db4846ef5b461dc47c5b767a7ad,STX (token 1),0.2498,965008,0.2495,0.1162
2026-09-01T08:40:41Z,8891739,0xa4e90314257cfd142cab01440438c823925d557df73c558011bb43f89b24d80e,BTC (token 2),77899.76,965008,77884.54,0.0195
2026-09-01T08:40:49Z,8891740,0xd6809a63b6bed943b06df3ebac93ebc6d15407b46abfa693c8f803bfb581caff,stSTX (token 8),0.295865,965008,0.2955,0.1166
2026-09-01T09:31:04Z,8892017,0x93fe6d7d746256c2db2350a1835e569332ee9747a1120b5af719720420b45586,STX (token 1),0.247543,965016,0.2474,0.0736
2026-09-01T09:31:14Z,8892018,0x2d10b4ef76585266048b3299df182a2ce4056755c024fae97b034d64ad311b7d,BTC (token 2),77926.823848,965016,77913.741,0.0168
2026-09-01T09:31:24Z,8892019,0x90ae6a043d2702a19c74b825659ecd0a1ea9d361ef240bdb79cdb8c6cb7be097,stSTX (token 8),0.293192,965016,0.293,0.0741
2026-09-01T09:31:47Z,8892021,0xf667589ee4067accd912976518b61bc9286c52172fe7b9bfac47ffe71904bdf0,stSTX (token 8),0.293022,965016,0.293,0.0161
2026-09-01T10:20:39Z,8892294,0x378fb2640730f9790dd60bde74cf44acd01dc1153e1e10d0ff2c3dc3cf4d3c14,STX (token 1),0.2514,965022,0.2514,0.0062
2026-09-01T10:20:51Z,8892295,0x91119b90971211a2f7ce2e25209064e0275615feeb79d82c0b8204a547e9aaac,BTC (token 2),77876.04,965022,77890.154,-0.0181
2026-09-01T10:21:02Z,8892296,0x0217a4dd136e9344833f3b433766f93a9de9f6382def141fe1107f091d815ef6,stSTX (token 8),0.296629,965022,0.2977,-0.3535
2026-09-01T11:01:34Z,8892524,0xbd81c2d2b0439c573329b26e8e98003dd8549bcc951e9c98df48d78f80507b79,STX (token 1),0.2509,965028,0.251,-0.0357
2026-09-01T11:02:00Z,8892525,0x69b4b4db01953fdf837837d2849ab30c609c09011378a3d453bc8977aa17dbb0,BTC (token 2),77996.230223,965028,77975.25,0.0269
2026-09-01T11:02:00Z,8892525,0xbd6192e6ab085b34e695c548841599aa47ac6689a3f3da3e0c7b495114c62f66,stSTX (token 8),0.297572,965028,0.2975,0.0209
2026-09-01T12:40:40Z,8893097,0xcd76c148d2cc851020b2170b845fb6b6da06f31e2b4c8f76d9ca51b07b908f01,STX (token 1),0.2543,965034,0.2542,0.046
2026-09-01T12:40:47Z,8893098,0x9537263204a17e2a1c1de90e6dabc3f2fb2281df9aca5e6db5b4cef2ac29567c,BTC (token 2),77793.098859,965034,77718.2332,0.0963
2026-09-01T12:40:54Z,8893099,0x928bc7642231b87fe1244a6fe6bd907cc4ce496e9ead3b9eb6cfd42e8237681c,stSTX (token 8),0.302204,965034,0.3011,0.3814
2026-09-01T12:41:02Z,8893100,0xd3cf63b7b5eedeaacdda7dd3e0cb7370cdd9b562c9047e8b32e2a93f92b08e16,stSTX (token 8),0.301195,965034,0.3027,-0.4821
2026-09-01T13:40:54Z,8893416,0x6e5467fa59e7a4f290606239d5818c4995aa1722c7f57872559228a0aeb8b27b,STX (token 1),0.25583,965040,0.255,0.3076
2026-09-01T13:41:01Z,8893417,0x323cbf0b6823fbc6effbf6fdcab565f0c23a2d0331411584bfd3014e58a0086e,BTC (token 2),77565.785396,965040,77527.99,0.0488
2026-09-01T13:41:10Z,8893418,0xdadb68b3fb0d9c52f0dfbe118b6c504cc44a86bd6052fca481c74f208b36fc4c,stSTX (token 8),0.303008,965040,0.3016,0.4656
2026-09-01T13:41:21Z,8893419,0xa0efc5ad6f96269d26339223b3b13e35515ebc50fe88a48bc07ce0e033081825,BTC (token 2),77588.86,965040,77527.99,0.0785
2026-09-01T14:31:08Z,8893704,0xdcc5e84b8e73f1f2a357f84edf43d4918deef782dd09449577b0215fd873485b,STX (token 1),0.258088,965047,0.2579,0.0831
2026-09-01T14:31:08Z,8893704,0x8f5972f2310cd5db2d5fad4bf85422a2eea84c50f3fb73246925d0e2052311d1,STX (token 1),0.2578,965047,0.2579,-0.0285
2026-09-01T14:31:17Z,8893705,0x392c6e4fc31cac0c8e17246afd04ce29a1086bd1206d3346f8bd67bc2a6b3b50,BTC (token 2),78230.469446,965047,78213.6765,0.0215
2026-09-01T14:31:27Z,8893706,0xcc543d3a25b769471acfe7ea689208e9cf992d1bdac94d646c3e3b1d6a75459c,stSTX (token 8),0.305681,965047,0.3054,0.0831
2026-09-01T15:11:13Z,8893930,0x5fb7eb23cb93c29e99bbd7428ceadc592656d32f4ea25e0c35050121e6bf3f4c,STX (token 1),0.261029,965053,0.2598,0.4593
2026-09-01T15:11:13Z,8893930,0xbe5e7a6d48ad8f68472b35f9b9dfa85a77f36a90a9cfec91ad6d4ca08155f11c,BTC (token 2),77717.57,965053,77726.18,-0.0111
2026-09-01T15:11:27Z,8893931,0x39963ed47c96fc2ff9402cb6600113eceb26508e5a453f23255c88a3f55f5262,stSTX (token 8),0.308184,965053,0.3078,0.1406
2026-09-01T16:31:13Z,8894311,0xb60c09f526ca9cc22891ba87ed9687ed80603df88cc2750d69c840a1c1159177,STX (token 1),0.262147,965059,0.2614,0.2804
2026-09-01T16:31:13Z,8894311,0xe6b2c5b1030c11a044090891ebf8630550a6b8156886266f0624abda1cbc2809,BTC (token 2),77600.654591,965059,77477.7006,0.1587
2026-09-01T16:31:13Z,8894311,0xef7bfe79445b461d2510ccb56c09f40e3955d95059c595cad7f3cb4a927ce77d,stSTX (token 8),0.31049,965059,0.3096,0.2806
2026-09-01T16:31:24Z,8894312,0x8acdfeb6cae328aa5d59e75eb3969d6ed24a020a35246dedaa1f35126a43b169,BTC (token 2),77529.08,965059,77477.7006,0.0663
2026-09-01T18:20:46Z,8894913,0x16b4281eb07adab1227a98d11bbd1d570bb9c4f8c5c8a95afd1e15bef5a5ae0d,STX (token 1),0.257315,965066,0.257,0.1227
2026-09-01T18:20:54Z,8894914,0xfe2ba35e4d57f78286a28f086f993d6efa03a652b7f451d3d219c2ee39978a34,BTC (token 2),77077.875663,965066,77063.9333,0.0181
2026-09-01T18:21:04Z,8894915,0xac93523cb2ecd22ecc8bfad2e09d48b4fad883e7968a7efe2e6bbcefa9974dcb,stSTX (token 8),0.304768,965066,0.3043,0.1621
2026-09-01T18:23:14Z,8894917,0x9ae41a5c11bdb01f076f1dfe7e8a3cdb9b4ea52fd85c61e34b4a747ffcf65f62,BTC (token 2),77049.99,965066,77099.66,-0.0644
2026-09-01T19:01:39Z,8895138,0xd10cb8e2e16421f89597638a2b80f52e5ea1ac5e7de2ae68d69249caee27cff3,STX (token 1),0.259729,965072,0.2598,-0.033
2026-09-01T19:01:47Z,8895139,0xf61f33704cef4bd92639f5f703f25d3f2fac6d251b82fde02849cff74017519f,stSTX (token 8),0.307627,965072,0.3077,-0.0327
2026-09-01T19:20:48Z,8895265,0x03d3373ee87eca30d7fdb0577a799146570be99084bb0446d63831ad89c6538e,BTC (token 2),77234.42,965073,77213.728,0.0268
2026-09-01T20:01:18Z,8895490,0x1f3c1cf101f1c8193868517e8077ca1aa72b45b43ac8345fb495af5ac0636996,STX (token 1),0.256907,965079,0.2567,0.0712
2026-09-01T20:01:31Z,8895491,0x6d6fea6f1917ed77edbe0dda0f568bd3e6705dbca6437c1be3f87bb7296e2a60,BTC (token 2),77251.644343,965079,77251.2283,0.0005
2026-09-01T20:01:38Z,8895492,0xf669598a5e61bb48fefd0c6ad4e4b58a9f94b2e9d5e70ee300e5036dc35b3acb,stSTX (token 8),0.304285,965079,0.3041,0.0716
2026-09-01T21:21:00Z,8895990,0x8a1b5bd696f54ff8c43d4e6046d66a9b5a69c872a19fb75915ae0588aed744ca,STX (token 1),0.2561,965085,0.2554,0.2764
2026-09-01T21:21:16Z,8895991,0xad67a0c74726d492c8ff90ddd7a0c05502a6dd6de71d04c44ee06ded87f06c05,STX (token 1),0.255539,965085,0.2554,0.0567
2026-09-01T21:21:16Z,8895991,0x36c5730ab709386a9db9e5a7382a5ba110477765ab8df263cae46136da318dfa,BTC (token 2),76989.025984,965085,77032.9812,-0.0571
2026-09-01T21:21:16Z,8895991,0x028b7066a725de1058c6742f316bed0e6a2f3d5775b18405403bf71d39d84471,stSTX (token 8),0.302366,965085,0.3025,-0.0417
2026-09-01T22:20:58Z,8896293,0xe144767624830408df81f8cc352be76dba8269da92054583a602305219675866,STX (token 1),0.2549,965091,0.2546,0.1119
2026-09-01T22:20:58Z,8896293,0xbc28dd993f62a92f6d58ae7c989ad9f7c25147a02d11a1cec5d0a5fd2c23fa23,BTC (token 2),77197.09,965091,77197.8634,-0.001
2026-09-01T22:21:08Z,8896294,0xb60f37ca9778bdc3905c9ec476b4f0d626bd9ffa11e86703d7b04c95d13f594d,stSTX (token 8),0.303087,965091,0.3015,0.5426
2026-09-01T22:21:19Z,8896295,0x8c78fc07e2ef6b3c3465c58a4dd569006953c070dae037e708884fdc9417072f,stSTX (token 8),0.30179,965091,0.3015,0.1124
2026-09-01T23:40:43Z,8896728,0x5f852f1300abef4519e49df45313621587705176614bd843e8bfca0a7608803a,STX (token 1),0.256,965099,0.2562,-0.0826
2026-09-01T23:40:53Z,8896729,0x23eccc6f51807e22533ad65925178c3555d39bbab21574195811a2d1fe33fa98,BTC (token 2),77492.258812,965099,77493.24,-0.0013
2026-09-01T23:41:05Z,8896730,0xb2d4cb6758d8816973e514e6c8e22ca11718263028ed10ee900e28b825f1d13d,stSTX (token 8),0.302922,965099,0.3036,-0.2165
2026-09-01T23:41:14Z,8896731,0xf5db11cea42f54bd024bc07438b2e476a28162e0dc8eca9575796ccaec07a374,stSTX (token 8),0.303212,965099,0.3036,-0.121
2026-09-02T01:20:51Z,8897340,0x5192fcab8205cc6ae0ccc905ecba1fccbc63ea4df140d974a7821181013a371c,STX (token 1),0.250362,965106,0.2514,-0.4215
2026-09-02T01:20:51Z,8897340,0xf642d3d78e33e460883b420b685a6ba87cfa101fa1dc621647ec7748d43b427f,BTC (token 2),77300.110418,965106,77233.6907,0.086
2026-09-02T01:21:01Z,8897341,0x0175785f53fbcc589fddb04ef11ba761d53cc5f258d3d396abddc0b9e84be687,stSTX (token 8),0.29692,965106,0.2974,-0.1725
2026-09-02T02:01:41Z,8897575,0x141e4fa55d7c3ce240d95becceda71e2fa199caed2d60cbf9492ebabb75470ef,STX (token 1),0.250734,965112,0.2515,-0.2894
2026-09-02T02:01:51Z,8897576,0xcbc526f253a2558619adaa360d73da14451a4a0e3e5cca0d84925eceef7eefcb,BTC (token 2),76969.895062,965112,76960.5484,0.0121
2026-09-02T02:01:58Z,8897577,0x81e602f7e75130df43e732e60c4993ce545033a1e5c2bc346ee8b8f4ced1172a,stSTX (token 8),0.296975,965112,0.2978,-0.2889
2026-09-02T03:31:07Z,8898113,0x38d7cff66fc834d766338724e2a510be14931723a5a0fb844a5e53378c841e0c,STX (token 1),0.259977,965118,0.2599,0.0482
2026-09-02T03:31:18Z,8898114,0x46ab8994d384f66a6ec2be7f40d0273f5b1c1d8054b6df18379875e6d9d3ede7,BTC (token 2),77615.619061,965118,77515.391,0.1293
2026-09-02T03:31:30Z,8898115,0x2bdda828cf51c97e508b37f5a80533359208ec1c3092e9c5907b6f5271ebda53,BTC (token 2),77540.15,965118,77515.391,0.0319
2026-09-02T03:31:42Z,8898116,0xf17bf2113e329378a393c9ae921c46c939d485c390a035ef2ab4b74b61fa5563,stSTX (token 8),0.307953,965118,0.3078,0.0584
2026-09-02T05:30:55Z,8898814,0xaded3491aa31b2b658a01fd13c56994af1b530ff2fcfa38370cb4f2d9e5d693c,STX (token 1),0.260059,965124,0.2602,-0.0416
2026-09-02T05:31:05Z,8898815,0x26f078ee9ad2565a27aafb5f8e2fb5d84c61421dbe71184676605631f2897062,BTC (token 2),77707.665465,965124,77660.373,0.0609
2026-09-02T05:31:15Z,8898816,0x1d9097a33dd725b30e10916bac627cf8a91c1f1abc8c11f0a976aaf6ad528336,stSTX (token 8),0.30802,965124,0.3086,-0.1947
2026-09-02T05:31:31Z,8898818,0x18f2144271158ea0d9bfa3b40f958feb1445a716b932abf73dc28f43be5c8658,stSTX (token 8),0.308306,965124,0.3086,-0.1021
2026-09-02T06:10:47Z,8899075,0x1ff0f21d379978910aedda3b83fa78cb8355909417bdf3f2dcf05ddcecb21e32,STX (token 1),0.258993,965131,0.2572,0.6833
2026-09-02T06:10:56Z,8899076,0x0eb334931659789609aa5ef79b65b194a8be7dfa8f7680926affce2be3208482,BTC (token 2),77652.330093,965131,77636.9805,0.0198
2026-09-02T06:11:03Z,8899077,0x8e2ae44dbb4c82e0386cb2c4b8334ed6583eaf088b1fc7c0ed2ddf944a4a5806,stSTX (token 8),0.306757,965131,0.3049,0.6247
2026-09-02T07:40:45Z,8899616,0x56451d6d1cba7abae9a7dbda77f6840a75abee5fe16c11f2835ea35da8da061f,STX (token 1),0.2594,965138,0.2594,0.0115
2026-09-02T07:40:53Z,8899617,0xf8ec723907bbfb58f47f2713042a993835c5f25b55478c8cc510532309543000,STX (token 1),0.259378,965138,0.2594,0.003
2026-09-02T07:41:00Z,8899618,0x381275382c18874e73b549ed1a2e43743c2016ad16e08737205deb10cc9b1da1,BTC (token 2),77564.878577,965138,77595.7827,-0.0398
2026-09-02T07:41:08Z,8899619,0x26d8ab74598c83f80b62efdf4f3d09b626544e2fcc35b186499665928bb06b5f,stSTX (token 8),0.30724,965138,0.3073,-0.0076
2026-09-02T09:01:22Z,8900145,0x5b132904f9f9c64c42f690bda1089271e5f12a9f05aea1a6b135d366c5e82658,STX (token 1),0.25625,965145,0.2576,-0.5109
2026-09-02T09:01:34Z,8900146,0x892f9a0557551c398098ff98e1b5e1aa208b65b9e812d6ceabb0ef051d485d55,BTC (token 2),76808.792812,965145,76920.0807,-0.1447
2026-09-02T09:01:43Z,8900147,0x8037e88276fba31527a29039e6ace01b9665fcf7d737df5860efedfdc0bc5664,stSTX (token 8),0.303509,965145,0.3051,-0.5108
2026-09-02T10:20:41Z,8900633,0x9cf76ed2e0c91339637bd51fb4a6ca0822d9175adf58fb6d496422dc94fcf697,STX (token 1),0.2545,965152,0.2545,0.0137
2026-09-02T10:20:57Z,8900635,0x5f6c5a46ccb7131c2c2e59d398cfb6ab711303f3566c8b5d875be2adfdf00e66,BTC (token 2),76658.05,965152,76639.7694,0.0239
2026-09-02T10:21:06Z,8900636,0xc1f64b477432f08580e9b2b3cad8f4f2aa016497240aabce08ddb6df25fe2088,BTC (token 2),76650.140188,965152,76649.82,0.0004
2026-09-02T10:21:13Z,8900637,0x4bccfc43286889dc3f8e39690ad39b96f4b8bbb26169fa429c73c643f8f0c553,stSTX (token 8),0.30106,965152,0.3011,-0.0129
2026-09-02T11:01:20Z,8900860,0xa5483006e1fd92a163e700294b7946a922c5f3da8c7672c6c35d14ffbdc6fe3c,STX (token 1),0.253686,965161,0.2546,-0.3784
2026-09-02T11:01:33Z,8900861,0xd5a1ee7174e8aa7619faab19b3478fe3f1e031f2e829eaa931a8bf0e324d4c85,BTC (token 2),76634.875609,965161,76567.1387,0.0885
2026-09-02T11:01:42Z,8900862,0x28967a8e673d791cb08a88369823e097b3f870209fa4324d32b3282ccc7cb7e1,stSTX (token 8),0.300473,965161,0.3016,-0.3782
2026-09-02T13:01:24Z,8901547,0x86be12d3694da39392d5ed5a879c4584a5640bd6e2b48cb3e0e81d5ff99d9560,STX (token 1),0.256229,965167,0.256,0.0969
2026-09-02T13:01:33Z,8901548,0xc52002aac9e56bbbb30bf0d6cb5c3d0dfc5d627a1d8f72b90578a9ab7fb86220,BTC (token 2),76572.751817,965167,76668.3655,-0.1247
2026-09-02T13:01:43Z,8901549,0x3b8fdccc2f46fe3c962be9f3916748b4c8a820d15eb27b81916da9b7952e5931,stSTX (token 8),0.303485,965167,0.3032,0.097
2026-09-02T13:40:55Z,8901769,0x62ede65d2184b3fa81f87a329780f300e723f44cdec0f9619ca8f613846b085c,STX (token 1),0.255842,965175,0.255,0.3178
2026-09-02T13:41:13Z,8901771,0x5800029f3c439f7f72f915725db4ae1d2518ce9ccb2fedb1c98b567047ea68b9,BTC (token 2),76650.112983,965175,76875.5886,-0.2933
2026-09-02T13:41:20Z,8901772,0x3b183a4110b8de5d24f8629fb81d313520347108afd34ad6eb8f0d38d2710c3f,stSTX (token 8),0.302935,965175,0.3029,0.0132
2026-09-02T14:40:39Z,8902168,0x9194c19c4d7832ffa26da8d402df5de5dd7d49c2f3c5f27c3609aed32c1af520,STX (token 1),0.2569,965182,0.2573,-0.1691
2026-09-02T14:40:56Z,8902170,0x1b83f417c7b3c11207f0012356b8cade3e870a6a620fb79b7f4ba549b51d487e,BTC (token 2),77103.806616,965182,77192.1654,-0.1145
2026-09-02T14:41:12Z,8902172,0x6f2167d0e5f849d9a1a782a47edb8945f1a7ec01823066e9a8c941f56af3067d,stSTX (token 8),0.304801,965182,0.3048,0.0019
2026-09-02T16:40:54Z,8902986,0x68261863555d01484b4b7ea2b8f9937f62076682617abb9f591b379b1360b525,STX (token 1),0.259,965189,0.2581,0.3302
2026-09-02T16:41:07Z,8902987,0x931039b17b9cbb23914647c6aa1feeeeaeb9aa57da1447a86fb1c9790b3f84c6,BTC (token 2),77372.741185,965189,77296.8579,0.0982
2026-09-02T16:41:16Z,8902988,0x6a5cda9fd7c836c40c1e2b38a3a12817ea106ace2e7000a67d8a650ecace394a,stSTX (token 8),0.305545,965189,0.3053,0.0853
2026-09-02T17:31:05Z,8903281,0x6eca5bc8ec9880aa6d8a2879417ed6727696e1ad53c07be7cae9ea2b1b612a3d,STX (token 1),0.258963,965197,0.2593,-0.1215
2026-09-02T17:31:05Z,8903281,0xf146e125621e4e5991e9e9f14839e5719e03d3b8d66c751fbcf35aab5ef89b21,BTC (token 2),77045.76063,965197,77070.4599,-0.032
2026-09-02T17:31:14Z,8903282,0x5688820c057ab17d7d398dcd7c7cca8316e08212be71bac3281959402c6acc98,stSTX (token 8),0.306749,965197,0.3071,-0.1134
2026-09-02T18:40:44Z,8903695,0x49fa7347a2ce1e7fbacfb049c7f067676523df56cd73e62bd7210af07e23b1cf,STX (token 1),0.2582,965206,0.2578,0.1584
2026-09-02T18:40:44Z,8903695,0xbd11a383d9ec2ac5f67daaf2951e9ffcca5fb2e773e5fa8dcbe1dbfc0b6265e9,BTC (token 2),77274.82,965206,77270.93,0.005
2026-09-02T18:40:57Z,8903696,0x3f493004519190a3254e2c245ea870698c5072deead070ba806ff632eb734b27,stSTX (token 8),0.30511,965206,0.3053,-0.0743
2026-09-02T19:20:42Z,8903926,0xef2892c2d8d7f41dd9b114aadae8cae5fb4cef83a7c9649cb7418185d59e3112,STX (token 1),0.2596,965212,0.26,-0.1463
2026-09-02T19:20:51Z,8903927,0xac7c502fa2ce638d4bd02225d19a5a3a420c7fe4c2a6ccb4a84bebbceabccc90,BTC (token 2),77266.31091,965212,77228.4586,0.049
2026-09-02T19:20:59Z,8903928,0x0b1d406abb244527f240b3b3808c6ba429060bdd3d33b5246b274082548740a9,stSTX (token 8),0.307239,965212,0.3079,-0.2242
2026-09-02T19:21:08Z,8903929,0x9a711d2681588a5cfebfa4ca0161018ec2375a59b40f94aa37de15b706a78269,stSTX (token 8),0.307479,965212,0.3072,0.0846
2026-09-02T20:20:56Z,8904249,0x3cdb5df46d20f81773fda374dcf9b20f486c3858fdaa45e0468f852a0d5c2e9b,STX (token 1),0.259211,965220,0.259,0.0689
2026-09-02T20:21:05Z,8904250,0xc36b1471ffb067caea37930608a793ce83c151c5572705517220286e80df6eda,BTC (token 2),77207.682461,965220,77350.5836,-0.1847
2026-09-02T20:21:20Z,8904251,0x077b8712916abf5728338c8e6f476a2b5136501d854a42c616ac81b4889ad4fb,stSTX (token 8),0.306935,965220,0.3065,0.1383
2026-09-02T21:40:49Z,8904654,0xf38c58526f58db6bb5bfda80172a81095acff023bb071160ed73f71d23ca5fbc,STX (token 1),0.2611,965226,0.2616,-0.2093
2026-09-02T21:41:07Z,8904656,0x3667848fa869cd830c8efc73eb35170398f321608190005235494d9b1067367b,BTC (token 2),77302.414354,965226,77370.0229,-0.0874
2026-09-02T21:41:07Z,8904656,0x12075386d90dfb472f545f2e521f26bd96fa1bc8bf9c4c3c7e8733018ad3562f,BTC (token 2),77369.21,965226,77370.0229,-0.0011
2026-09-02T21:41:15Z,8904657,0xef95e483c3af60a639dbabe031139a8a2d8acc1b0ad3b856326ce4d0a2bf8342,stSTX (token 8),0.308855,965226,0.31,-0.3768
2026-09-02T23:01:27Z,8905104,0xe509ea4aa8cc54c2f9a82819fe4d8373b483635678164fc9bf2c37995381c47d,STX (token 1),0.259082,965232,0.2593,-0.0816
2026-09-02T23:01:27Z,8905104,0x7f01555e1523bcc07279555339ebc766b35cadd407511a0e45898eaaf1815057,BTC (token 2),76998.40866,965232,77005.55,-0.0093
2026-09-02T23:01:42Z,8905105,0x8e1e4ade8dec4d58b0e60b33b71f027e1c4b1dbe655c2414172786ff9d025c19,stSTX (token 8),0.306866,965232,0.3071,-0.0817
2026-09-03T00:30:59Z,8905545,0xa0db4d41f51f50d45c1481ddb15a5371a8715c78259d9d398a98295c978bc6a8,STX (token 1),0.261724,965238,0.2619,-0.0824
2026-09-03T00:31:09Z,8905546,0x3309252fdeb288c857be365f9588bd35331c3468176a3783d4eb70f876f758e7,BTC (token 2),77010.786751,965238,77010.3421,0.0006
2026-09-03T00:31:09Z,8905546,0x7e0baeeac8a014dad0ea17786a9544053d6e88875f7fe8bad4bee0a711ffcae3,stSTX (token 8),0.309996,965238,0.312,-0.6323
2026-09-03T00:31:19Z,8905547,0x23f2af0f42ae1339f5d80dd8ee549f89833a9c1020df2a92fc58f8d7c517fc22,BTC (token 2),76999.9,965238,77010.3421,-0.0136
2026-09-03T02:11:01Z,8906084,0xc2e3ce09a5cee0008ee04da0732505be540c95be9dbef4ec24280840d5730171,STX (token 1),0.266466,965246,0.2662,0.0974
2026-09-03T02:11:23Z,8906085,0x60ba5efa577b2f6edc6aa942c0d62dcbe70e8602647303bfb16b23e601ff7a76,BTC (token 2),77222.608583,965246,77324.98,-0.1324
2026-09-03T02:20:55Z,8906129,0x4a7a35c51548576cdc768fc9897c0634122daeafd144403eca9444dba24e5a9e,stSTX (token 8),0.315205,965246,0.3153,-0.032
2026-09-03T04:11:04Z,8906634,0xb566a047ab5ea8692ab2b3e22e90094896a97c0dc7d1ebebe3b8f90d86cf6892,STX (token 1),0.278186,965253,0.2807,-0.8873
2026-09-03T04:11:04Z,8906634,0x25d3e6ca275bbb773f4e7688ca92486966a6d42f8828d813dfd9f3c93751aa33,stSTX (token 8),0.329495,965253,0.3324,-0.8874
2026-09-03T04:20:58Z,8906672,0x782e51c2b00503d5ea10d2514ce5c5f5efa421cc55dece101653182ddd1d9254,BTC (token 2),77561.384944,965255,77547.0643,0.0185
2026-09-03T05:10:55Z,8906879,0x94af034043cc0a40fffb4b184260332d20b52c84588464e2fd36304deb09aee7,STX (token 1),0.278624,965260,0.2785,0.0327
2026-09-03T05:11:07Z,8906880,0x38f2836851ba811d45b0e09929422159db3e97f558dba1ce53f64fe1b3611f61,stSTX (token 8),0.330015,965260,0.3293,0.2127
2026-09-03T05:20:58Z,8906915,0x70938d6a812be2e81a5cf21cd7088d993c5f4791a5ab249827041e6547783fcb,BTC (token 2),77465.604641,965261,77350.9989,0.1482
2026-09-03T05:20:58Z,8906915,0x2d91a1c1973f3cc052e64abf2b2de0c7ad1829f8c7b689c1e32c025e2e81a09d,BTC (token 2),77386.95,965261,77350.9989,0.0465
2026-09-03T06:01:49Z,8907112,0xb29202081a55b0f177925724f6b70a8ff3e95981aaf795820be8b7c8625a0f09,STX (token 1),0.278407,965266,0.2776,0.2747
2026-09-03T06:01:49Z,8907112,0xc79752602f12ce264c1b9e73cd261d293bc3ca50f5a4e9350eea12281c40cddf,stSTX (token 8),0.329757,965266,0.3289,0.2745
2026-09-03T06:11:00Z,8907165,0xfdb87c858dd634949f4944a51fd6d02886f7f41e9fd8034795e34f482e4c8237,BTC (token 2),77676.096167,965267,77664.4935,0.0149
2026-09-03T07:11:30Z,8907492,0xf2669a4ed14a804b2e55d3d15e4c4d7390aaf0772865affe705960093a74b61d,STX (token 1),0.272719,965274,0.2717,0.3618
2026-09-03T07:11:30Z,8907492,0x68a5d9ab9d734068adfc80b0e723251a798c7553a89b5f7491302d85d04b7e08,BTC (token 2),77982.109545,965274,78056.0027,-0.0947
2026-09-03T07:11:30Z,8907492,0x6a4d745655873bf28555df67ade81ad9f7cf4d2260d25d550ee93b295c4083ee,stSTX (token 8),0.32302,965274,0.3219,0.3616
2026-09-03T07:11:45Z,8907493,0x54adcfe755f77227cfda916ea5a70baae527f8ef33c0b7ca9ead6ea8a56c1abc,stSTX (token 8),0.321577,965274,0.3219,-0.0867
2026-09-03T08:10:48Z,8907802,0x776e6e51a17d0179cbd7fa13a77d26ba6ccb7836ce92463bfa6fe3eaf14a101e,STX (token 1),0.269581,965281,0.2698,-0.0662
2026-09-03T08:10:58Z,8907803,0xd8d96e481af75c9d89af75e78fc70afc789ab3f4112ed2aaa7294281728db09f,BTC (token 2),77944.791704,965281,77918.5913,0.0336
2026-09-03T08:11:22Z,8907804,0x31091882cc4104cf35351dfea7d454390b7a9df2c12c0331d98bbb863f729168,stSTX (token 8),0.319303,965281,0.3195,-0.0666
2026-09-03T08:40:59Z,8907937,0xed31f95a9f9cc967e96e300b2204a2658af121256e72eada4d9aea2875f0133d,STX (token 1),0.268666,965287,0.2682,0.1885
2026-09-03T08:41:07Z,8907938,0x098ea7b6760851d72d9668849dc458e82c3864140039758c39d8705bfe7d4427,BTC (token 2),77915.913431,965287,77852.4956,0.0815
2026-09-03T08:41:17Z,8907939,0x61fda164dee4e860081ac0397d35e187d8e9a0b1089f84326a682a9bbad83bc4,stSTX (token 8),0.318223,965287,0.3176,0.208
2026-09-03T10:01:20Z,8908369,0xc873ef647da8b40620aaeda57ece7e376871bea1ba3a88598e51f2f72d4d3735,STX (token 1),0.265131,965294,0.2649,0.0726
2026-09-03T10:01:41Z,8908370,0xb9e0c7ca82c9433c31439fb655eeba1542019f6ffeff6379252dc1f6955fa384,BTC (token 2),77560.01,965294,77576.05,-0.0207
2026-09-03T10:01:41Z,8908370,0x7ba16c03037941f3f69fbc892584acf15518c069b72d71a0b12ec2dea10bb527,BTC (token 2),77584.591774,965294,77576.05,0.011
2026-09-03T10:01:41Z,8908370,0x75a1ea16b7c0cf4e706759dac17868b6334761471151d98d42eb80281752f5af,stSTX (token 8),0.314033,965294,0.3138,0.0723
2026-09-03T11:01:30Z,8908655,0x47fcc65ac9544f67121002736933a09f7c23ae414fc291e0ef384957d14c22f7,STX (token 1),0.263007,965301,0.2636,-0.2159
2026-09-03T11:01:30Z,8908655,0xe6595f92565c0a189855a130f774a7e0e8e526dbcd14f066f657f145683b26eb,BTC (token 2),77705.533804,965301,77721.4537,-0.0205
2026-09-03T11:01:41Z,8908656,0xe9d8ea6ac68851c78b98cebb21741da57e05d233e6863b7723966da993a5ca2b,stSTX (token 8),0.311518,965301,0.3122,-0.216
2026-09-03T12:30:56Z,8909151,0xed94daf79d059c87c3b1efec2e69aba78398641d2d4b55a2a25d1deb1ba4e7fa,STX (token 1),0.260895,965310,0.2607,0.0865
2026-09-03T12:31:04Z,8909152,0x3cac7318324f2f79f51b6b0d7677718b09a84b0aece8b915b8dc4d7c9303c43a,BTC (token 2),77935.181364,965310,78196.882,-0.3347
2026-09-03T12:31:17Z,8909153,0xb4daa7263b7502250db1b1817893d21016cc6aa312238ce85eddff5083af6fd9,stSTX (token 8),0.309017,965310,0.3092,-0.0668
2026-09-03T13:01:35Z,8909284,0x20bb2f1b62deb4c52dd70b7b857f204f07f951fc5952667769fad8373487b36b,STX (token 1),0.262723,965316,0.2621,0.2335
2026-09-03T13:01:49Z,8909285,0x0357deb44d53851a9ae5f3c2efe5d7cb39fe5cabb9224bc678b09340f2cd0606,BTC (token 2),78634.756578,965316,78632.8157,0.0025
2026-09-03T13:01:49Z,8909285,0xd4cfb65a4aea32a5f9310abbbe7dd77ba4a1fd53bd94af6a913ef66810c804c5,stSTX (token 8),0.311182,965316,0.3105,0.2334
2026-09-03T13:51:06Z,8909541,0xed51929f01ae760cc6c060e4e37e14eca906af9d8fea57f99f416dfe22f21ac9,STX (token 1),0.262437,965322,0.2619,0.22
2026-09-03T13:51:06Z,8909541,0x2b695c875b8896c44d77709c2643fef074e742a34995a155e09ea5764794b345,BTC (token 2),78816.991679,965322,78891.4678,-0.0944
2026-09-03T13:51:16Z,8909542,0x4f855fc04b8696d220aff12316412b42f9778ad494aa6815edb306b8f6f6cd62,stSTX (token 8),0.310843,965322,0.3102,0.2197
2026-09-03T14:20:58Z,8909679,0xbe822841d954a02a40bae647564062a63ed01f22b619e57d021705e1fdbaf9fb,STX (token 1),0.261061,965329,0.2648,-1.4119
2026-09-03T14:21:23Z,8909680,0xfbe921e89ca2c5ca23dd92e2815e8aeb48e127639331ec8e5d026ea22279dd60,BTC (token 2),79007.800872,965329,79094.4692,-0.1096
2026-09-03T14:21:23Z,8909680,0xde9766d7b05b26718793f4ddfdc97889d191e62280ff53216d56fbdccc8b8958,stSTX (token 8),0.309214,965329,0.3126,-1.0758
2026-09-03T15:01:23Z,8909847,0x6e836312b3d8f4d6845311a5205914b14aca9a3c28f75e19001f34cb2046d742,STX (token 1),0.266964,965335,0.2677,-0.2896
2026-09-03T15:01:23Z,8909847,0x66cbf681ecc4503dd1ca1006c535c974b2a2e0e9fb5ce1927675230688e049e8,BTC (token 2),80542.280658,965335,80729.8707,-0.2324
2026-09-03T15:01:23Z,8909847,0xf2633e5df17a822e686666d1931a272e058cc72982512fc0b999c130cb7ffc25,stSTX (token 8),0.316205,965335,0.3171,-0.2899
2026-09-03T16:51:01Z,8910316,0x72efc56f5b553b7b4c18f1e6f3fa6bce69b42cdf5bac4074c0984681f5bbe890,STX (token 1),0.2797,965345,0.2753,1.5859
2026-09-03T16:51:11Z,8910317,0xdb67dd7324651bae9fd883df23b9898d5f97af0207227283cbc883f8808909d1,stSTX (token 8),0.326661,965345,0.3261,0.1659
2026-09-03T17:01:29Z,8910376,0x5784117491b3ac1461fdd7b16cfac0dd91d00aedf2c514ad8f926d51302976ad,BTC (token 2),80969.191836,965345,80914.52,0.0676
2026-09-03T18:01:28Z,8910694,0xd8467feb5c27951593307b64bb52871c9c3db34ef0a7226d0adb4c38631edbd0,STX (token 1),0.279594,965351,0.2804,-0.2707
2026-09-03T18:01:28Z,8910694,0xec88901d9ef7f0eb4deb914f800d5e9c69f3b5e9780fdf420e87a337e2c3aaef,BTC (token 2),81047.000287,965351,81087.8109,-0.0503
2026-09-03T18:01:38Z,8910695,0x10ee7943f68c1fef320fbe59e4701809211b76fbeb205f05db98152a7a7a3e48,stSTX (token 8),0.331167,965351,0.3321,-0.2705
2026-09-03T19:01:24Z,8910988,0x028140052b8d801e8d79fab3dd9a89559160c413cf3c6d9a07433d2fd3aaa795,STX (token 1),0.2788,965357,0.2796,-0.2733
2026-09-03T19:01:43Z,8910989,0xca54d3edae71ae9c5b13a2ab059438651063dabf31d2a703ed89e03919890f55,BTC (token 2),81261.430299,965357,81267.93,-0.008
2026-09-03T19:01:56Z,8910990,0x1d48314b26673f4ac0b8399a7ce0fcb8687984aa5273b9be94846bbe4f07c2c0,stSTX (token 8),0.330067,965357,0.3311,-0.3214
2026-09-03T20:11:07Z,8911320,0x171b6606a1f16a139c8599418305b0242989dd2ebdf4b21e82ce4b3da5e5658c,STX (token 1),0.280882,965364,0.28,0.314
2026-09-03T20:11:07Z,8911320,0x1e197f31df9d385a2c815ca8fbd23d8d4f67b2c2f0bdbd393a0a158ad19d098d,stSTX (token 8),0.332694,965364,0.3317,0.3144
2026-09-03T20:20:56Z,8911367,0x362ea85d14ce81e6069360d49c8cb2ccab8d5cc863c05d5aa5d4345f48149a87,BTC (token 2),81467.81,965367,81452.2145,0.0191
2026-09-03T20:41:06Z,8911456,0xb3833e0593a555e547c28b0aeec9fc6891b244678bb2483eb651a100857eb315,STX (token 1),0.276142,965371,0.2759,0.0867
2026-09-03T20:41:32Z,8911457,0xa8bc19219c250943dfc405d113024d8d3d2d4d13f7401faa7ff18685ba884b00,stSTX (token 8),0.327078,965371,0.3268,0.0865
2026-09-03T21:20:54Z,8911679,0xf94b855a901736d063ce5101dbec0292915d0c00af54ad72bcc2ca1a236600c7,BTC (token 2),81635.99,965373,81622.2255,0.0169
2026-09-03T22:01:24Z,8911858,0x26524ce6cab0b7210b44848c7b419869bc6166ea4d99ba69db29dfc663d6d41f,STX (token 1),0.276295,965379,0.2745,0.6612
2026-09-03T22:01:24Z,8911858,0x4f40c93f20069db94e440ae10f2424235869015932ab82305c0d9e97cfe5cab5,BTC (token 2),81598.637769,965379,81455.5591,0.1757
2026-09-03T22:01:51Z,8911860,0x5dd14025bd362499ad6dd9959f33908afc42fd2f503c920cc786874848cd5565,stSTX (token 8),0.326319,965379,0.3251,0.3717
2026-09-03T22:40:42Z,8912042,0xfbbeccf964161834bed3945137dfdae652807bdb7edcd1faa2fee580c6b1a612,STX (token 1),0.272291,965385,0.2717,0.2065
2026-09-03T22:40:51Z,8912043,0x89039c0fe428c394371d62bd79bd343069187064511985448e654039a9fdae94,BTC (token 2),81104.455613,965385,81231.7345,-0.1567
2026-09-03T22:40:51Z,8912043,0x977cb11f7f63b41187d655b4dca612eeb99e0250f28bc77e8d1159b8cd30f002,stSTX (token 8),0.322518,965385,0.3219,0.2066
2026-09-03T23:40:45Z,8912360,0xc7dfe402ea262c139456d191321d653ee78c3d5b96a9f22426596c2cf097a629,STX (token 1),0.274749,965395,0.2753,-0.1972
2026-09-03T23:41:01Z,8912361,0x8252b65a9bfbbd3eec1ed3d7f12ab333ff6d3775707df6a3af06cd5f01fd96a7,BTC (token 2),81316.386267,965395,81314.5605,0.0022
2026-09-03T23:41:01Z,8912361,0xcdc7201174fd9d5a7da73b36e044b9851c1c16273f43e332fb4f013a617890d5,stSTX (token 8),0.325429,965395,0.3264,-0.2878
2026-09-04T00:21:13Z,8912559,0xae23ceefd37dbc4eec37ff445c3e4b41fa0a4ee2f2988fbda52c25e9f6529048,STX (token 1),0.275746,965402,0.2763,-0.1884
2026-09-04T00:21:13Z,8912559,0xf0ba0d702d13148194ca954b254156fbef414a31dd075e06c988558e88506f1c,BTC (token 2),81184.875188,965402,81232.8637,-0.0591
2026-09-04T00:21:25Z,8912560,0xe62080b7b1484e686f14498505b9bbcf9487973265c4bad00b429d2454b4fcd3,stSTX (token 8),0.326931,965402,0.3272,-0.0905
2026-09-04T01:20:54Z,8912850,0x93bb2fd8b6e9d5bc9c56ee5aa1392db68dd557a49fd1b2b1f69298a3aef0febf,STX (token 1),0.2724,965408,0.2724,-0.004
2026-09-04T01:20:54Z,8912850,0xb23326905726dc0f575495822b5ef6636388bba9bde1b72db44d60340de4006d,BTC (token 2),80959.409787,965408,80954.298,0.0063
2026-09-04T01:21:04Z,8912851,0x3d7163225abef00aec8e0ecc4c39d16c31d7b7dfa5d2a8ff8b1acbe9e0cb3e59,stSTX (token 8),0.322497,965408,0.3231,-0.1972
2026-09-04T01:21:13Z,8912852,0x701660de03850897c95e1369dfd562564881de6bcbf631a5d16db6e6070b54fa,stSTX (token 8),0.322648,965408,0.3231,-0.1505
2026-09-04T02:20:58Z,8913152,0xcc119984eb694634a5f4de93510c6d3dfebddbaa5d8e79c981865ebdb7623ff2,STX (token 1),0.272358,965414,0.2725,-0.0561
2026-09-04T02:21:08Z,8913153,0x270aaa7c6f7ab8b2c9c9ecb76bd7e8d69f5ba628ee13082b7b73101b2f65d964,BTC (token 2),80770.241253,965414,80726.5289,0.0541
2026-09-04T02:21:08Z,8913153,0x17d8fa5b9817efc5e01b5dddfcc26cfc56d82446aed62284f15e3e505be2b543,stSTX (token 8),0.322324,965414,0.3228,-0.141
2026-09-04T03:20:40Z,8913462,0x3baeda134e78da883a90d62e0df11d63972b51f90d4b3aa9b07553e426bbd26f,STX (token 1),0.274902,965420,0.2747,0.0735
2026-09-04T03:20:48Z,8913463,0xcdd11ebdda064c11807851f5d2265444a052e8a52068df163575504c50e2224a,BTC (token 2),80924.299477,965420,80908.46,0.0196
2026-09-04T03:20:57Z,8913464,0x360974b68d1d833a6ad06ef2b0b046d509f9b358877f8c21e647613a2e556f27,stSTX (token 8),0.325613,965420,0.3254,0.074
2026-09-04T04:40:52Z,8913864,0x6b1081d0050d7e08d164ff681a68099fa8b56a0545eb356fef88e5287dba7b80,STX (token 1),0.275623,965427,0.2748,0.2893
2026-09-04T04:41:07Z,8913865,0x752535ef87f730a1d802bf10513a3e8ce0b98bf41f7596740436521bf8a879ae,BTC (token 2),81101.445062,965427,81095.0319,0.0079
2026-09-04T04:41:07Z,8913865,0x7cd16d4ca69e11c83ad9fae19c720cae1b699f390c9ca7e99fca721d6a984b49,stSTX (token 8),0.326466,965427,0.3252,0.3989
2026-09-04T06:20:50Z,8914417,0xfc1756ccec2f246c935805abfeb1e22fe433d7d048ea1b755104d575d33623e1,STX (token 1),0.270452,965436,0.2695,0.3643
2026-09-04T06:20:50Z,8914417,0x7a8a4a5f6bfdeec31a72a5f4ad4a8f849d9e6c472125a9d6285c20f8716dc3a2,BTC (token 2),80972.642766,965436,80928.3969,0.0547
2026-09-04T06:21:00Z,8914418,0x896ffcca7eb37441d7d7eaa1e9c8bef12982ed2c2515b24be8164d3d0a82351d,stSTX (token 8),0.320055,965436,0.3189,0.3676
2026-09-04T07:01:32Z,8914606,0x2dce62097f48e8530c228064fe0056d8625148c8208abf43cb98f9e1e233112d,STX (token 1),0.267488,965442,0.2677,-0.0622
2026-09-04T07:01:42Z,8914607,0x553379e8739e4a8d2806651b14d91e5d697daabf8d57a5575b0cbedd83563677,BTC (token 2),80764.35023,965442,80818.1586,-0.0666
2026-09-04T07:01:54Z,8914608,0xa1caa86daac5436fbf13ddfe8c5258fa98dfecf0a78f0a96dd238097fe5ca8ca,stSTX (token 8),0.316832,965442,0.317,-0.0619
2026-09-04T08:20:56Z,8915039,0x50154ac9c07a95aa9a1fac41449261f299317f4515381b40411a9f23c4423e56,STX (token 1),0.27171,965448,0.2716,0.0555
2026-09-04T08:20:56Z,8915039,0x66609dcd30be12a62dd878eb9201f1a1bd20356dc7af5cd5b42785ce8ba62f8b,BTC (token 2),80830.738622,965448,80862.1689,-0.0389
2026-09-04T08:21:08Z,8915040,0xacaefae5824b01b9cbbf428a203318af6a928f2489df5168992cf913d88187ea,stSTX (token 8),0.321833,965448,0.3217,0.0558
2026-09-04T08:21:34Z,8915043,0x3eaa63954254cee1d1b6a2eeb20e5d0b57e6da896a4bd8bb76a84647b04aeaf8,stSTX (token 8),0.321465,965448,0.3217,-0.0586
2026-09-04T09:21:14Z,8915371,0x9485c739f2c187837ca36220877255e86124266df7482622d95a8cde05525d3e,STX (token 1),0.273391,965454,0.2737,-0.1284
2026-09-04T09:21:30Z,8915372,0xe61b27fb68b8f75fc9f3ab7346ccc61c4bba58ed443f48fbdf3a0949b63cfb06,BTC (token 2),81184.4496,965454,80995.2874,0.2335
2026-09-04T09:21:30Z,8915372,0xe3d974d4eca9f73bbc8a8e38928c68050d476383514f6f8c10eee7a66fbd887c,stSTX (token 8),0.324047,965454,0.3242,-0.0595
2026-09-04T10:30:56Z,8915692,0xe2bd7dee1bf056a3821d0e211db1dd7eba15cf58afe74379e0eb173e3004f69e,STX (token 1),0.2753,965460,0.2752,0.0423
2026-09-04T10:31:22Z,8915694,0xfcecde10b5155d8af8f246a88a6d4df38b490d914b71047c8bfe2e72151fb5ad,BTC (token 2),80927.98,965460,80954.3,-0.0325
2026-09-04T10:31:22Z,8915694,0xb0768c01a8bb2cf9c5c6c446635e58a70ef8810b7ff344d816f2684cbad577cd,stSTX (token 8),0.325538,965460,0.3261,-0.1617
2026-09-04T10:31:34Z,8915695,0x7c93f40d5b36a837d022b16cea53e5cfad0a5b5eb0bf068502701c52f6fe61c8,stSTX (token 8),0.326085,965460,0.3261,0.006
2026-09-04T11:01:15Z,8915832,0x85821a0e223431e53b6fe6056cc7c78275ff31a012073d25ea8e4b02a5ceabe3,STX (token 1),0.274293,965467,0.2738,0.1628
2026-09-04T11:01:24Z,8915833,0x28170fea60883405fda80ddd003fc2e5b54aade59c3cffa695c6ef6f851e3277,BTC (token 2),81107.61,965467,81093.1991,0.0178
2026-09-04T11:01:24Z,8915833,0x9d7f3304433a2d006c466320c2e3f4c54a1155e589bf80fb17b16aec83ba4e3e,BTC (token 2),81173.489199,965467,81093.1991,0.099
2026-09-04T11:10:58Z,8915891,0x35994288627bb723247c969a108d5414513f729f0c8f1c3e7744ad880dcbc1d3,stSTX (token 8),0.323807,965468,0.3238,0.0108
2026-09-04T11:11:15Z,8915893,0xe18a95da37544e588a378dd6319884364be3f233fe6e5ca6a4fe1814d95b54ae,stSTX (token 8),0.323834,965468,0.324,-0.054
2026-09-04T12:10:52Z,8916232,0xa63ad85e9845d7ed4d98c4ebabac6bf0f671e61a2e8f722a5cf603ee617a1cb5,STX (token 1),0.269347,965474,0.2693,0.0079
2026-09-04T12:11:04Z,8916233,0xc3a70254f79b20b4a8cc7e4de642a61eb1e6961374b0f13b247c6f461e16ade6,BTC (token 2),81142.55,965474,81154.6954,-0.015
2026-09-04T12:11:15Z,8916234,0x40e18faea3e01e511f087e70ed1cd0744fd8f14fb6492b5464e92bc41e47fc9c,stSTX (token 8),0.319096,965474,0.3188,0.083
2026-09-04T13:20:54Z,8916560,0x16d1beefc9f3064d389e54ea78b84e0b5b09a4d54839281d42e4888060aed166,STX (token 1),0.26355,965480,0.2641,-0.2003
2026-09-04T13:21:05Z,8916561,0x56fa8be6e805b23e01ce18de57d16d4d084d3c716e0c0365132b0633d80e4b9b,BTC (token 2),79368.045587,965480,79432.92,-0.0817
2026-09-04T13:21:14Z,8916562,0xc015fcf372dd2615829b3dde83442a1a4c12f3b094f0966dc3a65c52ac6de575,stSTX (token 8),0.312168,965480,0.3127,-0.1814
2026-09-04T13:21:31Z,8916564,0xeee1b52c4944c7a63b6369f6cb16612b0333cc91445915d4c8651fe04fba5b53,stSTX (token 8),0.313293,965480,0.3127,0.1783
2026-09-04T14:30:56Z,8916911,0xf549faa6454b54b2930ab18778d10d88936d60f3914b2ee85aed354e777ab9b3,STX (token 1),0.262408,965488,0.2619,0.211
2026-09-04T14:31:04Z,8916912,0x6d1f979d49193050485a85782ac63c238bb5ed54809574951d59482cbf243e59,BTC (token 2),79370.755046,965488,79382.5027,-0.0148
2026-09-04T14:31:04Z,8916912,0x60d1689af92804606ab1aea0a1f76f00980ac55c4077b97837e15107d76a40f8,stSTX (token 8),0.310815,965488,0.3103,0.1534
2026-09-04T15:50:47Z,8917300,0x10955c4efbc5710d92432c576f628fee0e287e6fab6c349f4e19d3731c1cc489,STX (token 1),0.263451,965495,0.2628,0.2587
2026-09-04T15:50:58Z,8917301,0x4dfef5d37b2a9edeff6413b694fe63291f7619deed340b7b1a9f370d615d0048,BTC (token 2),79501.873824,965495,79445.2501,0.0713
2026-09-04T15:51:09Z,8917302,0x69d78038fe429e1e89b6ad69df557209bf226fa8e6a92b04af6213852b0a50e4,STX (token 1),0.2627,965495,0.2628,-0.0271
2026-09-04T16:10:53Z,8917397,0xee414fca3a3fee480c6b0fae9924a3464d0d03f2dfbe0c20f21b379d1e5f74a3,stSTX (token 8),0.311412,965497,0.3112,0.0824
2026-09-04T16:40:56Z,8917557,0xe66af61e870a9e164e87d701efe437ae2d73a0b0feff5bbd85796dc28bfef936,STX (token 1),0.264041,965501,0.2636,0.1693
2026-09-04T16:41:05Z,8917558,0xfe7a32d7401643da448784c144210d4674026e0dc608397570fdb3fc97fe9881,BTC (token 2),79702.006899,965501,79847.883,-0.1827
2026-09-04T16:41:24Z,8917560,0x7639efe9d2e49aa8ab7ca51206f8910b8269d8da7c2c170cdb914b3bca81f12f,BTC (token 2),79731.01,965501,79847.883,-0.1464
2026-09-04T18:20:50Z,8918025,0x90373268872421cd60cd5d7d76a5a9dea91a5bbefa2214ff7a17e18284bb1739,stSTX (token 8),0.310727,965506,0.3109,-0.0678
2026-09-04T19:01:21Z,8918224,0x1a7efd52f76a8ce97029fb58f46dc88563d6eb1fdc1925010878463393db852c,STX (token 1),0.2639,965510,0.2639,-0.01
2026-09-04T19:01:21Z,8918224,0x3839019acecef93083ea4234f0e740d0ad35e1ef0323b532ad210761084ab3a8,STX (token 1),0.263323,965510,0.2639,-0.2286
2026-09-04T19:01:34Z,8918225,0xd25c5104d6f8ccd50967c123fd862aec4ca22681284924e3a4e3bbfb3ff1de9d,BTC (token 2),79685.09,965510,79711.1603,-0.0327
2026-09-04T19:20:53Z,8918332,0xf30a9da4136e2ae5d73d636d550408bea0b91c0739c869d6925ee9ca5fde3785,stSTX (token 8),0.31212,965512,0.3129,-0.234
2026-09-04T19:41:03Z,8918435,0xbce8d32fdbb37e89ecc8be94908b3fed1ff45924be6e8188510d9c27c084aebb,STX (token 1),0.264165,965517,0.2638,0.1473
2026-09-04T19:41:14Z,8918436,0xb654525e37be99a005de15751c0d569f1fe4cc5faabaab94c24940d24ccf0ed1,BTC (token 2),79703.98,965517,79676.43,0.0346
2026-09-04T19:51:03Z,8918495,0x2d8cb13169f72c57fbe79475130febcd188e068d0e9ded9335a6495eddc341bf,stSTX (token 8),0.313286,965519,0.3134,-0.0505
2026-09-04T21:10:52Z,8918942,0xd870f93630ba833c7ff2268205ffee744e5ccea891650e7187923c89711319c3,STX (token 1),0.26496,965523,0.2652,-0.0818
2026-09-04T21:11:01Z,8918943,0x13fbf36df6f8e5d0857fe237656fd6042193f843f6b249c1cf34706793de9423,BTC (token 2),79804.836633,965523,79813.1091,-0.0104
2026-09-04T21:11:20Z,8918945,0xf2d43be4f3e61ac0da97a86f4ca5dedc60adb54e44edd3249ee71abb08990076,BTC (token 2),79820.66,965523,79813.1091,0.0095
2026-09-04T22:01:10Z,8919198,0x5d03ca53d272a3fd1a0c06d28df5db53f546a6778a5cecb67ed9fa758a761bba,stSTX (token 8),0.311258,965527,0.3117,-0.1425
2026-09-04T22:20:51Z,8919299,0x73cc2cc53e16a174ba90cbe965340ddfd558519dc70d286a413f1540ac97eb73,STX (token 1),0.26368,965530,0.2636,0.0473
2026-09-04T22:21:01Z,8919300,0xba5c6a29df0b59b9c0abe99df6438406b6259beb62666a53801c1ab802f4c195,BTC (token 2),79728.013996,965530,79704.8945,0.029
2026-09-04T22:41:06Z,8919405,0xd27d7bfb861032ff79dcfd029ed519ac2d738222ab11ea6d067706a6514d3fa4,stSTX (token 8),0.31214,965535,0.3121,0.0264
2026-09-04T23:21:00Z,8919601,0x7640adc5bfd45784c44af149e349d966b7e646889b46083855d5fab6b7c6267e,STX (token 1),0.263592,965537,0.2638,-0.0609
2026-09-04T23:21:11Z,8919602,0x52227be14150361b3bf2029ba593e5333ffa639f7a8ace038d5a1b14cdf04d3c,BTC (token 2),79635.461128,965537,79693.72,-0.0731
2026-09-05T00:51:00Z,8919997,0x6100ee91d7311f959ed9fc155a8aabaf44f01f9eacebfb531a1d355ce72970f9,stSTX (token 8),0.314656,965541,0.3145,0.0379
2026-09-05T01:01:25Z,8920052,0x671dbdc5771374a7fac904263be10476f48508a4617ca2d597f051651d7c6cc3,STX (token 1),0.265,965544,0.2649,0.0197
2026-09-05T01:01:38Z,8920053,0xafbe8ae89e046961eaacf9470e8ee7c3e9db100c3bbdca283859b974ff2ee859,BTC (token 2),79582.408024,965544,79595.5446,-0.0165
2026-09-05T02:11:01Z,8920421,0x90cc858a5d4c40f2d4383d55c37f92e470710ce131fdb49a6673835689c5e94b,stSTX (token 8),0.31309,965549,0.3145,-0.457
2026-09-05T02:21:11Z,8920468,0x74b1a23f144f9479819e107968eb6a348cdbca9f66a32df52ee7bd3ceec27e9e,STX (token 1),0.267055,965550,0.2686,-0.5716
2026-09-05T02:21:11Z,8920468,0x517176ca901b341c0a0828573a2c9e9a3c657efe5fb65016e4e8aad72aabdae3,BTC (token 2),79594.286119,965550,79594.3374,-0.0001
2026-09-05T03:11:05Z,8920704,0x1a9abc32d7ce6fc3be16cf4c8a5f2407ad7a60793f4ee3fe944d7af781d536ce,stSTX (token 8),0.312277,965555,0.3116,0.2292
2026-09-05T03:20:53Z,8920763,0xf7fe8d5ccdda9db87653562471b7e122d1ce18d2c4996400f64f0708f0efbef6,STX (token 1),0.263202,965556,0.2631,0.0438
2026-09-05T03:21:01Z,8920764,0x84d50faf51e9dfd9565d3e64312b77030a0a24b43bd2145f4b02354bb8367810,BTC (token 2),79606.911358,965556,79584.02,0.0288
2026-09-05T03:21:11Z,8920765,0x618b8c7fdf533f0c0c875dfad03a96a98290d13224ed2e3379ca4f907874f4dc,BTC (token 2),79602.63,965556,79584.02,0.0234
2026-09-05T04:01:32Z,8920969,0xb02fa975c3949c9557dc733da614420df85fc2facac0934b6109af1bdeb41206,STX (token 1),0.263149,965562,0.2631,0.0086
2026-09-05T04:01:32Z,8920969,0xc1de5dfcbfa65e50ff0f4d08dcccbc95e2057400ae035d969cb9b5c37839fd0e,BTC (token 2),79597.008635,965562,79560.0552,0.0464
2026-09-05T04:01:41Z,8920970,0xadcf091f1e9a048ca42c3009d11d616cdc15caf043cf83c1e5ac4d2caa12aeb7,stSTX (token 8),0.311694,965562,0.3117,0.008
2026-09-05T04:02:01Z,8920972,0x493abdc365315d595db5351d8fa5a989966e0ec9c9fc3286cc0ec5c5063f23aa,BTC (token 2),79563.25,965562,79563.3555,-0.0001
2026-09-05T04:02:28Z,8920975,0x3f175c7cd77bb75c67b2d7525a33610c625cd5f448575fd544dd57ab451ddf12,stSTX (token 8),0.311755,965562,0.3116,0.0656
2026-09-05T05:21:07Z,8921406,0xb5b768866aa247dfe40397fce57ed667b60e03b716eb10c294a6cb7b783dbcfa,STX (token 1),0.262315,965568,0.2621,0.0861
2026-09-05T05:21:07Z,8921406,0x34017ce3e9c0109b8c37b9218fd0afc085f9c55cce51460bc7bbd87d487479f4,BTC (token 2),79559.763447,965568,79566.6332,-0.0086
2026-09-05T05:21:16Z,8921407,0xd36fa34b3c19895774ce0da2b1334544248c8b900ad902bf2fa3b040dc254aa7,stSTX (token 8),0.310708,965568,0.3104,0.086
2026-09-05T06:01:32Z,8921603,0x6800c87e32afe6357f38b0b4409f77f290e0a1e884c81d2561204c2303a9766b,STX (token 1),0.263261,965574,0.2633,0.0042
2026-09-05T06:01:44Z,8921604,0xaf33414d0d1ae66d1884094a34b292dc83c2a8ff123526320c529b4d07e7fa7a,BTC (token 2),79591.598135,965574,79603.1317,-0.0145
2026-09-05T06:02:08Z,8921605,0x7069ab04b1c57fb2862531793bc6879924d4953f1a4d760b167fcae14f1897ab,stSTX (token 8),0.311829,965574,0.3119,-0.0338
2026-09-05T07:11:08Z,8921951,0x6eb9ff235e0ead8f84f5f8a5b94970fbe4e1a2770599602894944ba1ccdf28d9,STX (token 1),0.264691,965580,0.2643,0.1409
2026-09-05T07:11:19Z,8921952,0xbfa145e97afded51668d39e1d0a562c9d1a7540b22d1def9daa68ebcdeb7c5bd,BTC (token 2),79692.510349,965580,79700.2786,-0.0097
2026-09-05T07:11:29Z,8921953,0xe5dd341053164f0070cf6d4191189ac236698af3290e401c15f72a6238395b04,stSTX (token 8),0.313472,965580,0.3131,0.1246
2026-09-05T08:11:04Z,8922253,0xe4800d6e397192a86fd6bfc0da90851fac4229d5130ba41e457ab060625ddc07,STX (token 1),0.262261,965588,0.2622,0.0233
2026-09-05T08:11:04Z,8922253,0x3a7cdde338d6ae54a06e6bc63814ddaa51ce9bfadd78c27d6cc86351b806adde,BTC (token 2),79669.974966,965588,79697,-0.0339
2026-09-05T08:11:23Z,8922255,0xe3d440b95d39065ead7d8bc85307fcad4966df8d072fd6671ca7dfb4119b09ca,stSTX (token 8),0.310645,965588,0.3106,0.0233
2026-09-05T10:01:39Z,8922794,0x9af7a0f4736d69727216a435412be428b08b84c50eda1b7b43056513748e7cee,STX (token 1),0.26093,965594,0.2607,0.0872
2026-09-05T10:01:39Z,8922794,0xb284bc61b38483ae796d26ba116209b8f928459e8bd6aa61e02c710885a4eabd,BTC (token 2),79625.538452,965594,79637.6964,-0.0153
2026-09-05T10:01:39Z,8922794,0x2effe4bc8b8031d3bada5f16cb4a862b4059a25fb0f6290879698aa21c6ee69c,stSTX (token 8),0.309069,965594,0.3088,0.0873
2026-09-05T10:01:59Z,8922795,0xe09e29db2566ed2734680732951e4336b87c7670c2fd93d4bd778d9c44c12f30,BTC (token 2),79643.05,965594,79637.6964,0.0067
2026-09-05T11:01:23Z,8923086,0x5d75cc7bf9d7e67cb9ea82647314b50920e2c3ff394b2fbd1ffc6bdcf540324a,STX (token 1),0.260862,965601,0.2608,0.0319
2026-09-05T11:01:40Z,8923087,0x6d337dacd47a9cebafd83101f3079e9ff2542f95e2dda19d2ead2efb8d454036,BTC (token 2),79618.526123,965601,79639.4594,-0.0263
2026-09-05T11:01:40Z,8923087,0xc4840e46cef66dc3de906ec9c14b7bbff26ef60e1f446f3f9dee3e3698dab917,stSTX (token 8),0.308988,965601,0.3089,0.0318
2026-09-05T11:31:02Z,8923249,0x249febc1137061ca2750d4212f5d5c6b7c6c604510ebc9c74f8a4650ff3ed277,STX (token 1),0.260973,965607,0.2608,0.0553
2026-09-05T11:31:13Z,8923250,0xfdd28d6d31d614ce6db352baad7da4057f1f33af2d2ddd7a4cdb1f41655d7c70,STX (token 1),0.2608,965607,0.2608,-0.011
2026-09-05T11:50:49Z,8923365,0x387839a8fbafc6fc6573a1e6d41d65c660089111c1b7be89cae3406f6ebbeb67,BTC (token 2),79616.700476,965609,79654.7611,-0.0478
2026-09-05T11:51:00Z,8923366,0x9bb3d869c7a285ad79aa2d9b966c6a50d6345a5073ca4c6dcfaf415e87e45c34,stSTX (token 8),0.308921,965609,0.3088,0.0292
2026-09-05T12:31:06Z,8923582,0x7b9d9ff267f66e4e849c6c4197474bcaeca6c8f2341c345f5eb3fab7f7b9ca42,STX (token 1),0.258537,965613,0.2583,0.0878
2026-09-05T12:50:58Z,8923679,0x30aa6a6cc1154f7050ef9620087eab4cc4a6d1c6b7bf741d91dd02e7812bee1f,BTC (token 2),79721.325156,965616,79721.1987,0.0002
2026-09-05T12:51:09Z,8923680,0x2e6c6ea9799d2328262d7ea4ec017d40cdc3d9029f2e7be89fc6df8a3d7e13a5,stSTX (token 8),0.308208,965616,0.3085,-0.0797
2026-09-05T13:31:05Z,8923882,0x6563a842df65a4adb9d732467510906a2a60db1aa8d8bdcab32c29d0e7417f69,STX (token 1),0.260189,965619,0.2594,0.3135
2026-09-05T13:31:30Z,8923883,0xbfde06875a6c41a459625cf581e5dfbf25aee66241bd3882e9e6ecfc9581935e,STX (token 1),0.2594,965619,0.2594,0.0093
2026-09-05T13:51:02Z,8923980,0x22d8a4d943ac84a98f4ab0d0100e9667fc40cdb481a8aa1c137426969fbd420d,BTC (token 2),79695.257772,965622,79631.67,0.0799
2026-09-05T13:51:27Z,8923981,0x3496c8b3e58fa6021b34aa61ebbc30b667498d7416a1d232cb5f8a9f8427ea05,stSTX (token 8),0.306494,965622,0.3053,0.3801
2026-09-05T14:51:00Z,8924291,0x0bff73ea4d77a6c647bbdc5575785bf961edf9796213fb98b3582b2ee143bc67,STX (token 1),0.259,965625,0.2588,0.0713
2026-09-05T15:20:58Z,8924429,0xf121b5afc82d62367f6bc8f65a389f0c685977b526db2c436619f25e6f5c14f3,BTC (token 2),79698.31631,965629,79762.7879,-0.0808
2026-09-05T15:21:14Z,8924430,0xbc6271bbedb707537b77bbd6de8273938859c6d8d02c444ff588e9ac2c4e5c00,stSTX (token 8),0.306526,965629,0.3067,-0.0504
2026-09-05T16:01:19Z,8924666,0x87e3ede4fa9486e05375a4c51e1a7e728bc7c94547d867672c863d9567af09ef,STX (token 1),0.259959,965631,0.26,-0.0238
2026-09-05T16:01:36Z,8924668,0xf7b0c42a8853643916d5fdeff2bdebb87c57a80dc608d82ce74a02a4ad8ea897,STX (token 1),0.2601,965631,0.26,0.0305
2026-09-05T16:51:01Z,8924916,0x5188dee66aa16ee794636e4ab133bc4ee3d51dbcb39b222b4eb32127acde79d8,BTC (token 2),79981.455901,965635,79980.4079,0.0013
2026-09-05T16:51:01Z,8924916,0xacd87fcc1cfaf8ee165f20fb010b664c82aa317e79cba6136570d10df8a815d7,stSTX (token 8),0.307781,965635,0.308,-0.0689
2026-09-05T17:20:50Z,8925054,0xb9efbc5a7548e5cc87895ffc5ff6fa3481b8dd024994c3721f7e1deefef94e07,STX (token 1),0.261993,965637,0.262,-0.0027
2026-09-05T17:40:43Z,8925151,0x7166e3a692698342b3a4fab758b49a626e6e9b390f3d27005f4cab79f36adcd6,STX (token 1),0.2626,965643,0.2625,0.0572
2026-09-05T17:40:52Z,8925152,0xdffda98005504a337216b8c0c91cfb63257b2c4d2710a26caf3ec90092542ae1,BTC (token 2),80006.263014,965643,80001,0.0066
2026-09-05T17:41:02Z,8925153,0x7c0ee1289be19a363ded9a58b12ed981ea67dbf20b76fadc6b1b0d8f9a669cfc,stSTX (token 8),0.311006,965643,0.3109,0.0435
2026-09-05T18:40:55Z,8925417,0x7008ede05c0a3f39190e2d9c8794a2a2efe0165dca463738783d50f6a46e962d,STX (token 1),0.2689,965650,0.2688,0.0558
2026-09-05T18:41:03Z,8925418,0x68a493d56ca2eb8b8503a601ae0babc4cf98309efc1bd5a826e06b8d1db437c3,BTC (token 2),79984.896224,965650,79960.47,0.0305
2026-09-05T18:41:13Z,8925419,0x9c455087cb1aba345024956fb5cc400f4f54239225f6e94d971faf432d17e4c8,BTC (token 2),79967.92,965650,79960.47,0.0093
2026-09-05T18:41:31Z,8925420,0x1c493ef9901592ec78cea804b2be2071ef1bc1a4eca9abda878ea201a71621e2,stSTX (token 8),0.317418,965650,0.3187,-0.4172
2026-09-05T18:41:58Z,8925421,0x025ad5c3e7d290b8680790832f02f3ed4e1238b60be92208dd6d484167273cc8,stSTX (token 8),0.318629,965650,0.3187,-0.0373
2026-09-05T19:40:39Z,8925692,0xec8d042ba4666ad8f63afc1b115feed88e306e068efe8f94d28b9d3d206c2894,STX (token 1),0.271249,965656,0.271,0.0889
2026-09-05T19:40:48Z,8925693,0xc9ed33399ca1a65f8728bef288e33f182a8c1b53435d7c346ace1e189be13dc3,BTC (token 2),79779.578514,965656,79833.8749,-0.068
2026-09-05T19:41:02Z,8925694,0x71562e3fe554cfa59b98f923ae63565e9014cfe3ca0a9135c848458247ba9090,stSTX (token 8),0.321294,965656,0.3214,-0.0216
2026-09-05T20:20:59Z,8925868,0xc5fc3f8c956b56a15841fbf00f0afa6be7dc90ddaf572bf432ef8a7aaf3883f6,STX (token 1),0.271449,965662,0.2693,0.794
2026-09-05T20:20:59Z,8925868,0x647aabd1f13c2dcc4250d3ff58c304b0cef685f1d6a15b0ca4e36847e6a30aac,BTC (token 2),79702.196509,965662,79769.98,-0.085
2026-09-05T20:21:10Z,8925869,0x31080ebbbd5ca517eec14c1ed049f626410e562957922f12f542f368369d98cd,stSTX (token 8),0.321531,965662,0.3192,0.738
2026-09-05T20:21:44Z,8925871,0xe96b154a89dee764d0228eb66becd6fc83982b1a8f5dbdd1e2ff4fa1b2ee5b92,stSTX (token 8),0.319103,965662,0.3192,-0.0227
2026-09-05T21:10:49Z,8926128,0x8255af8218ec3ced6a215f6e071f3f8583eea9bc6a5c5f88000d541602dd8bb2,STX (token 1),0.26969,965668,0.2704,-0.2461
2026-09-05T21:11:06Z,8926129,0xd3afe6805dab0854e912a76d24e0ec18d7b658977cb0f539814b96357a0c85c6,BTC (token 2),79776.220687,965668,79787.5857,-0.0142
2026-09-05T21:11:06Z,8926129,0x62128af5e984ee064f888880e8198fa58e9f6564204676c62efdbb9a8382c2bc,stSTX (token 8),0.319636,965668,0.3202,-0.1872
2026-09-05T22:11:11Z,8926401,0x65bfe7792c266f78e11d675b03830b67c4b1694eba58ffb611e568058f9fa48a,STX (token 1),0.270104,965674,0.2698,0.1107
2026-09-05T22:11:26Z,8926402,0xed1d7c9cb7fc0efced9969e0b8a81f97bcc740d2e0ca86b0d33d45ec499cd334,BTC (token 2),79887.536073,965674,79890.79,-0.0041
2026-09-05T22:11:26Z,8926402,0x68e991f5c58e2253b86e415ab91e0d859c490f05bc45b64a5b87cb69df8f761c,stSTX (token 8),0.319781,965674,0.3196,0.0616
2026-09-05T22:40:56Z,8926556,0x22095020bf9ebceea8067ac0747b3c272793e4023ab921e566fd15e4186bdf92,STX (token 1),0.268401,965680,0.2686,-0.0575
2026-09-05T22:40:56Z,8926556,0x921d443aee90c306caa23ab8e55bb7dcb9fee182043a3b770cf2097f5e4a7329,BTC (token 2),79802.713968,965680,79809.1962,-0.0081
2026-09-05T22:41:05Z,8926557,0x129be0e0a6706182ed517390a8cb19a0cfd1542a9284f1a67b756df51ed62caf,stSTX (token 8),0.31792,965680,0.3177,0.0541
2026-09-05T23:51:00Z,8926906,0xd163b5dd7710f04a01a29a6df5ca65b5adab71971be22212f5ee910f2428f228,STX (token 1),0.269413,965686,0.2695,-0.0373
2026-09-05T23:51:11Z,8926907,0x61152ef2948cc2dd0089f2e85631934edaa5c12b3ff0031862fd85e4d533bd72,BTC (token 2),79858.931246,965686,79854.7925,0.0052
2026-09-05T23:51:11Z,8926907,0x171c088aaa02b15e8319a96fe282388e01b7c6c0c75fff06bd32f4aef4da56a9,stSTX (token 8),0.31912,965686,0.3192,-0.0372
2026-09-06T00:40:47Z,8927142,0x5700d84907f80d95cdffd6562096e8b59e2c9ec6efbcb2790c1c10774e115922,STX (token 1),0.271115,965694,0.271,0.0344
2026-09-06T00:40:57Z,8927143,0x787c612cef6d173cc3e5cc2c72376b962db29337da1fa595335ff33a83f53795,BTC (token 2),79913.561235,965694,79903.5918,0.0125
2026-09-06T00:41:08Z,8927144,0x95369475dbac44070b8ab0d21c9aa677edf08ce1f16c7c1d8122c690754ddf42,stSTX (token 8),0.321136,965694,0.3212,-0.0208
2026-09-06T00:41:44Z,8927148,0x4fe26268c9fbb6c43837d24d797bd744cef7ae8fc6db9a370525514c439e5f49,stSTX (token 8),0.321118,965694,0.3212,-0.0264
2026-09-06T01:40:51Z,8927319,0xff08878add54ec6b8d98e392e5d8c7392ed76da7138daf201429581cf77ef46a,STX (token 1),0.267756,965702,0.2689,-0.4304
2026-09-06T01:41:04Z,8927320,0x6450334ccebc2a4d96fad4c59ba56499825363061067c5b2b1d53ebd074147e0,stSTX (token 8),0.317157,965702,0.3181,-0.2822
2026-09-06T01:50:55Z,8927363,0x0cf319c65d666281b163fff97e1b492b0b071b7374f7a2f3d7c2ab4c4fe7170a,BTC (token 2),79958.127321,965703,79942.8969,0.0191
2026-09-06T02:50:54Z,8927670,0x55e032020f628ef12dee91150e5dbdb4b65506b612c129d06e6d3e9366844ade,STX (token 1),0.26677,965708,0.2669,-0.0567
2026-09-06T02:51:09Z,8927671,0xda4cdd3d3b494a77952739f35ae5d2fad5144d33be34d0ff1857e22c657f99c5,stSTX (token 8),0.315982,965708,0.3161,-0.0216
2026-09-06T03:01:26Z,8927693,0x9792ecba3928d28c675874ad64acd08f9badeb245a8afd5c3a1480eb02446308,BTC (token 2),79908.388649,965709,79902.3,0.0076
2026-09-06T03:01:52Z,8927695,0xb765ece47c5ea2ea0fa818fe7b121d9065a57e5f4adf3864a7b55a6623645c05,BTC (token 2),79903.23,965709,79902.3,0.0012
2026-09-06T04:01:55Z,8928009,0xa6f0a0c8a28728587070edc127c1609e7f67f6520fe74d574848e6c279921446,STX (token 1),0.267,965715,0.2669,0.0542
2026-09-06T04:02:05Z,8928010,0xa8bb17612f9ef3ce43a9d4784bf318c156e0d142fd1fd6b38366a1ee5ec33088,STX (token 1),0.267805,965715,0.2665,0.5065
2026-09-06T04:02:16Z,8928011,0xb31eb1a06c226eac7740291eb00876622618aa410304aac2c799e1a7fbdaf92f,BTC (token 2),80032.288043,965715,80000.7,0.0395
2026-09-06T04:02:25Z,8928012,0xfdb3cd10ff2122dcd846b3d3f8b2883efbf1e2f0f0db6868c9f6a428fc5e661d,stSTX (token 8),0.316756,965715,0.3156,0.3609
2026-09-06T05:10:56Z,8928348,0x732424345b278abb0d719c938d9470374027f9ea993deb58281b3fc96995a199,STX (token 1),0.265159,965721,0.2645,0.2421
2026-09-06T05:11:05Z,8928349,0x536412ac60637c121741ef4eb0c2cc8988a055e873d339f75ba6fa15894027c3,stSTX (token 8),0.314081,965721,0.313,0.3557
2026-09-06T05:20:59Z,8928409,0xc416d85dbbb97df3f1eb74f2eb42f09dd22a51195753fcfb55fc2e497eb54284,BTC (token 2),79808.05584,965721,79838.0583,-0.0376
2026-09-06T07:49:51Z,8928995,0xeace2cf1aed52a7ab3c7164c48035bd167a0c66234ec83d2b2d81fd01fd3f8c9,STX (token 1),0.264233,965730,0.2652,-0.3616
2026-09-06T07:50:16Z,8928996,0xd75f6fb6a27de6c35b596e05f57e88c75ed98f80a2ec00f1e8eaa0a37f977e3f,BTC (token 2),79797.929262,965730,79811.03,-0.0164
2026-09-06T07:50:16Z,8928996,0x32c949cdb772c949cef830267a2d5d53c29bb1ae46cfd3ea875b563a13d59ec0,stSTX (token 8),0.312986,965730,0.3141,-0.3615
2026-09-06T07:51:02Z,8929000,0xaf2ff7c490a5543849468ad2bab666efe85c27ae8bd960251cf36eff03a41daf,BTC (token 2),79845.37,965732,79813.4055,0.04
2026-09-06T09:01:17Z,8929384,0x559431aa708bd7a057958fc470ebe2d21460f4e6a5f0e2ba9a4a75364be1aeed,STX (token 1),0.2647,965741,0.2647,-0.005
2026-09-06T09:01:38Z,8929385,0x1669498deb50f70179f81e95fee634a731fa384296d60c26a59fd0720a9542dc,BTC (token 2),79834.98,965741,79827.43,0.0095
2026-09-06T09:01:53Z,8929386,0x0344862d179edce2b6f1fe0f25c68d02aad86c7054788a74603227af88185050,stSTX (token 8),0.313657,965741,0.3136,0.0327
2026-09-06T10:10:57Z,8929707,0xf367b53c67fee9eddf30e42b22a4d40d5c465da662afd434967e0a4d1ccfac97,STX (token 1),0.265188,965748,0.2651,0.0501
2026-09-06T10:11:05Z,8929708,0xe0391cd4ddc1af47d9331a9b7d4e4d45f8c4ca969bfa8c79d954784a9e9fde70,BTC (token 2),79930.087216,965748,79924.21,0.0074
2026-09-06T10:11:16Z,8929709,0x38ba2a58ab41fdc6e1930cc1620b50ada8ffd71dd074e6a1761f5791c203cc4e,stSTX (token 8),0.314116,965748,0.314,0.0497
2026-09-06T11:21:00Z,8930084,0x7d1701b590d594d0b214cdfc68ebd64de8f4beb74ebab6b02ab9d33d0de6d617,STX (token 1),0.267687,965755,0.2675,0.0679
2026-09-06T11:21:00Z,8930084,0x7bace76d9358a4b64845e1fccb61046bbcc1fc17056dc812da06d4682d0599e1,BTC (token 2),79972.569772,965755,79940.05,0.0407
2026-09-06T11:21:11Z,8930085,0x44ec4531843904e135f09271f8367247588ef78089bbf182669b52d029a9f762,BTC (token 2),79936.65,965755,79940.05,-0.0043
2026-09-06T11:21:48Z,8930088,0xee7073febf817ba73906645d3f63c2e4e9596cf33115a09717f0dd3b29917c34,stSTX (token 8),0.316975,965755,0.3169,0.0356
2026-09-06T11:40:49Z,8930170,0x23667aafe0e1258e3c60d36ab8030ac8fe56128ceeec7521cade3a0fdf16d361,STX (token 1),0.269266,965763,0.2688,0.19
2026-09-06T11:41:00Z,8930171,0xfe1e1b466cc2e28eeeb27b9540d43b07347aa11fa2711b50ddadf73aa1f63bd2,BTC (token 2),79912.727581,965763,79931.7986,-0.0239
2026-09-06T11:41:00Z,8930171,0x0f23820516c7fc6bdffc45e06194cd8052922fcd3555a5f1a24567c6e764101f,stSTX (token 8),0.318949,965763,0.3183,0.209
2026-09-06T13:01:22Z,8930602,0x5098247b050c32b141fad506acba6af8761b326e416beed3a4372b2e23c78656,STX (token 1),0.266274,965769,0.2652,0.412
2026-09-06T13:01:37Z,8930603,0x493cf7324ba5984f837a02020b490e409139763cf8117c33094a38b7c0669aa9,BTC (token 2),79930.164663,965769,79885.75,0.0556
2026-09-06T13:02:02Z,8930604,0x4e0af900ce7fdfac66e04a5ef37d6827ae5c3760e9092ff7e1ab976bddfb4494,BTC (token 2),79920,965769,79926.3948,-0.008
2026-09-06T13:02:02Z,8930604,0x8fddcfbdf16c8cd44c1c747949663243c046ceeb2dd01719a7e3dd147d3b684f,stSTX (token 8),0.315226,965769,0.3142,0.3364
2026-09-06T14:01:17Z,8930863,0x64d91c3a15425ca4b0fd47f085c2fbc5d1c855d37ec8f43f8ee3ce616ce3f3ba,STX (token 1),0.265529,965779,0.2654,0.0328
2026-09-06T14:01:31Z,8930864,0x1a3c93a7cc50b4b93f845d47d68c93810bb18ab44aa9bf4d19c110ee8f87d5ba,BTC (token 2),79827.00251,965779,79831.575,-0.0057
2026-09-06T14:01:31Z,8930864,0x9b4c885c23b546a6097c4066035d9a3ca281b9416a4b93dc3a8bc90ac5a3f511,stSTX (token 8),0.31445,965779,0.3144,0.0099
2026-09-06T14:40:59Z,8931049,0x043e8587acc4f61f2a11322362b74b8d30cbb4d976b84b4e410ee70fec555e8e,STX (token 1),0.2636,965785,0.2632,0.155
2026-09-06T14:40:59Z,8931049,0xdcc93f3704aab899d374698583f0f4dac905f4af8ea0f0368697cd7e3f7fdedb,BTC (token 2),79688.18,965785,79697.209,-0.0113
2026-09-06T14:41:10Z,8931050,0x41ff80f5c9d2d9f370846a03a51d796e18c76cd08520bab62f976cf84dcaacf5,stSTX (token 8),0.312237,965785,0.3127,-0.1485
2026-09-06T15:11:13Z,8931170,0x203556f66224c45e89673c3928fe77067ae96efd970926f61f4bd07df2d93cf0,STX (token 1),0.2637,965791,0.2637,0.004
2026-09-06T15:11:13Z,8931170,0x3970dc736f19957ad87f0c791d486930547f378e45f2ae881905bb14aae9d6ad,BTC (token 2),79544.091494,965791,79513.8293,0.0381
2026-09-06T15:11:13Z,8931170,0x76d0211d1137549297e2f2ec1129100103b0a810732a3f7aa23cce6e4c6a091b,stSTX (token 8),0.312484,965791,0.3123,0.0451
2026-09-06T15:11:38Z,8931171,0x9b0aa76f577370e905cc96d229cdae5239aba3074d4d85d8c4b9c8f58f32f4b1,stSTX (token 8),0.312355,965791,0.3123,0.0038
2026-09-06T16:10:52Z,8931436,0x8a16cbf6fcdc8e8997a10d6a3856247105eb727cb7d55d46701bbb88b92ba947,STX (token 1),0.264787,965800,0.2651,-0.1299
2026-09-06T16:40:39Z,8931566,0xb13e1a0765d4a3837c350dcc4c67701026c3a3931a01a2014f13c6af0b193e89,BTC (token 2),79616.847846,965800,79733.26,-0.146
2026-09-06T16:40:39Z,8931566,0xf41101e01af33e1115e9f67c4d1511ea0f586d070718978c99ac2f7240b3994b,stSTX (token 8),0.314843,965800,0.3158,-0.2933
2026-09-06T16:40:39Z,8931566,0x10214032fea07384b842bc0817fbc10bdc37113530310246ffc07930234810d4,stSTX (token 8),0.314654,965800,0.3158,-0.3531
2026-09-06T17:01:25Z,8931675,0x2cdc876341097756f6bc87b7e5843bc679829b376eaf6d8feb1fabbece7be39a,STX (token 1),0.2645,965807,0.2646,-0.0278
2026-09-06T17:10:45Z,8931725,0x74f59c245f9191708132a332fd1ce7ae5b42ae3f7f6bc0eb1acb41b32dcf942e,BTC (token 2),79629.712214,965809,79596.6395,0.0416
2026-09-06T17:10:56Z,8931726,0xafdea18acb08814d38edd590159cdd2657058e87ad681022b300ff34eda286f5,stSTX (token 8),0.313325,965809,0.3134,-0.021
2026-09-06T17:40:52Z,8931873,0x0a3695d6cc5ce7966f35bf0cbd74115ce0872a87955b69d21734ee318a4bbd6e,STX (token 1),0.265344,965813,0.2662,-0.3116
2026-09-06T17:41:11Z,8931875,0xb6494ee79e642b0815d031e5adf286fc1a4cf11510ca9072f6090f827d6dba09,STX (token 1),0.266,965813,0.2662,-0.0651
2026-09-06T18:30:58Z,8932133,0x57c9f20d361431b0b36777c5c683b84ae61c3b9ce4f15b249dc5377d592cac58,BTC (token 2),79886.274601,965818,79915.49,-0.0366
2026-09-06T18:31:10Z,8932134,0x7ad2d7815cb1b3d7dda7989b73d30c211f183af82cbf74604fe48deedbfff4ca,stSTX (token 8),0.317395,965818,0.3183,-0.2738
2026-09-06T19:30:59Z,8932436,0xca94308c2d1cb779acbed168fdd813f07209d5c09689d14c4bd489078b3a1aed,STX (token 1),0.269229,965821,0.2693,-0.0244
2026-09-06T19:50:57Z,8932528,0xff6b8efbaa3a036fa5b190d55c9cba47e6567c6a4efb010e3d6216033e6dd000,BTC (token 2),79808.150918,965825,79812.12,-0.005
2026-09-06T19:51:17Z,8932529,0xbf8550d21db3908914ba442a765760b1c6e389ad84643b2da51c388d9fafd810,stSTX (token 8),0.319556,965825,0.3204,-0.2651
2026-09-06T19:51:31Z,8932530,0x8b86e1629a3e9a7f46e5249379c4f5d8de6a8347829145ade1e7c9436046b559,stSTX (token 8),0.319818,965825,0.3204,-0.1833
2026-09-06T20:11:06Z,8932629,0x8721d513be0a2fb968c1f77817ca9d849016d035ae86322b5933325edb2322b1,STX (token 1),0.269906,965828,0.2703,-0.1378
2026-09-06T21:31:00Z,8933038,0x9b217cb7ddc207728ba073f1b5d7d87c323ec793ab74a755c6b09629e0cd988b,STX (token 1),0.268943,965834,0.2684,0.1867
2026-09-06T21:31:00Z,8933038,0xf0eaa522df89b45f65dc6785237b46b103ced6f721dd935bcbe76bf861383539,BTC (token 2),79916.473731,965834,79901.6029,0.0186
2026-09-06T21:31:09Z,8933039,0x1286df4728be25e55bb3266d9aac0c717027f1d40dbb8da28857b64869308e11,STX (token 1),0.2686,965834,0.2684,0.0589
2026-09-06T21:41:04Z,8933092,0x3454a7e9be899e8eb8a077978608cd1c72f88f92e8541ae8bdc89e951470d54d,stSTX (token 8),0.318273,965834,0.3176,0.2059
2026-09-06T22:30:53Z,8933312,0xcdd77c240c53368cae1d6a5273be4f6789c706a5cd0620e64e58577cb923eb46,STX (token 1),0.268576,965840,0.2686,0.0011
2026-09-06T22:31:08Z,8933313,0x64b9ce33b4c172f8e1f31ea6316fefd728f6faa800750263e7ffeceae0fa898d,BTC (token 2),79814.651541,965840,79863.8028,-0.0615
2026-09-06T22:41:16Z,8933368,0x3e03015641ffe2904a1d1196fcf5ed028cae0c60da731c13afad801b0bdd0e63,stSTX (token 8),0.318167,965841,0.3182,-0.007
2026-09-06T22:41:28Z,8933369,0x72ea986117111343b99db699dbcf9be58d96652729cca3884da745373c7c1819,stSTX (token 8),0.318402,965841,0.3182,0.0669
2026-09-06T22:51:02Z,8933413,0x00dc14b7b8660d25be38aaa36ad298acbd9026d6d9d8cc3b5427aa4578ff11e8,STX (token 1),0.267961,965846,0.2671,0.3324
2026-09-06T22:51:13Z,8933414,0xbabd90516d36fdcec58de9b4c28ec2c68d0cad86acedc4defc3b95d8ff210dd1,BTC (token 2),79993.617627,965846,79999.2993,-0.0071
2026-09-06T23:11:10Z,8933513,0x28be47ecdbd7d5f4f9b40e89565829fc5ab166385300e582eeb1c2b5286f1026,stSTX (token 8),0.318639,965848,0.3184,0.0814
2026-09-06T23:11:10Z,8933513,0x73a185f8b7897192e386ff367976099d5435418238904c8d901f2e373b2cd884,stSTX (token 8),0.317848,965848,0.3184,-0.167
2026-09-07T00:02:07Z,8933734,0xd9fb07c7705f2a58037f86e59abf2fbb334e1286c3aa9e13f3d5836a0ceec50f,STX (token 1),0.269624,965852,0.2687,0.3549
2026-09-07T00:02:26Z,8933735,0xe49d4fc16310e6eee7b46999eae28caaa9f01379fbb7e6ffdba103657eb347aa,BTC (token 2),80351.399396,965852,80337.8319,0.0169
2026-09-07T00:41:16Z,8933843,0x77e043a30ef9541d7eee4286dc7e872f9e6d217991e0076f555688d53ec2bd30,stSTX (token 8),0.314686,965855,0.3142,0.1675
2026-09-07T01:01:26Z,8933928,0xab301d0c6a8242a91e1fd38edf371996ea5b53a2d32a6e497dad7c1a86cb2822,STX (token 1),0.2639,965858,0.2636,0.1278
2026-09-07T01:02:06Z,8933930,0x01e433eded6b85137b43ff85f1c4e387c6c7e9ef81e20429bb3e00fae7628a32,BTC (token 2),80144.792063,965858,80206.16,-0.0765
2026-09-07T01:02:06Z,8933930,0xb6aacc7598205a45a4040a2b75e1f2c9795a5163abe6d58df481ab09e8e62b9c,BTC (token 2),80099.48,965858,80206.16,-0.133
2026-09-07T01:11:08Z,8933964,0x6a063d794f8a96dedc18ae23755aa3319b5e3f5e5963083c44650a3d18dc5085,stSTX (token 8),0.312053,965862,0.3114,0.2012
2026-09-07T01:11:28Z,8933965,0xcff45ab92290849f5126a200db9c02754b2155fbd57a6f1e0a3e5f6ed1ddd2fc,stSTX (token 8),0.311058,965862,0.3114,-0.1183
2026-09-07T02:01:34Z,8934167,0xa17775c3723690632d37ad946b53a05cf112ee94339c6d88620c3a0d4c7ba8d5,STX (token 1),0.261294,965866,0.261,0.1247
2026-09-07T02:01:45Z,8934168,0x24a546f46b380d135e7dcbb7974236c9097c2098bd1b5e953b0822f53da83ba4,BTC (token 2),79928.83854,965866,79927.3076,0.0019
2026-09-07T02:30:58Z,8934284,0xc6b48ac65b97dd092f45ca0148d381f44a42ad3585567ad44c0c3f99c3440176,stSTX (token 8),0.308332,965870,0.3083,0.0122
2026-09-07T02:31:51Z,8934288,0x412630e4fa0205232ebad1d381e4066b8b915feaf3912e3dc6e4aa8dea6cccbc,stSTX (token 8),0.308452,965870,0.3082,0.0896
2026-09-07T03:20:47Z,8934513,0xe3983f6b5b8eaa40566108e694e39ab3740419d3c8a46b6276a7878f0c1bc927,STX (token 1),0.259767,965874,0.2595,0.1179
2026-09-07T03:21:20Z,8934516,0xf84103feec3c39cacfcde3c99b6f8e1b18d42a6167b155c6bd7eb3cb8a2376de,BTC (token 2),79812,965874,79819.4253,-0.0093
2026-09-07T03:41:13Z,8934602,0x85d9e79806a9ac6938e2ed377f02b3298ef5a953b9ea3604377f974d719a8681,stSTX (token 8),0.307978,965876,0.3079,0.0156
2026-09-07T03:41:13Z,8934602,0x84d04593c770bd1842b289ac66557f1b2cd8e3a0a4ec5b44fcbdbd13cd6ea97e,stSTX (token 8),0.308234,965876,0.3079,0.0987
2026-09-07T04:10:46Z,8934737,0xa7525f8d451967356277b6e5cd2a97fd015715f8cbf2e9c9156e4751922cdc3b,STX (token 1),0.260989,965881,0.2626,-0.6195
2026-09-07T04:11:12Z,8934738,0x7dd8f1c3fe8961bf1efe416a5bfe4e3db76549aa860b34a27f5b36f4c9bfb94d,BTC (token 2),79633.426153,965881,79610.3393,0.029
2026-09-07T04:20:47Z,8934780,0x6a5ec73277f9614c218433a3b6130079bba48a083af961d9fd275289e73ca013,stSTX (token 8),0.311081,965882,0.3107,0.1354
2026-09-07T04:21:34Z,8934784,0x045d723dbdf99f4838b2fe363100017a3d4b759132ed928ac8309de66c63f037,stSTX (token 8),0.310939,965882,0.3108,0.0515
2026-09-07T05:31:02Z,8935075,0x7c331e7ec2b18aa3537b311d2b28b7da627f7ab30e865bb50a15554ffec2613f,STX (token 1),0.26537,965887,0.2668,-0.5211
2026-09-07T05:31:17Z,8935076,0xedcfbc44cf2dab1cc21aaa930f751c9282e4180cd600e8da7b397072be422f56,BTC (token 2),79835.956689,965887,79840.4221,-0.0056
2026-09-07T05:41:13Z,8935114,0xcf654bc00f5d3b0e11fad8d72afd54236d0bd882ce4d7e5355472070b88d60fa,stSTX (token 8),0.314429,965888,0.3148,-0.1178
2026-09-07T05:41:28Z,8935115,0xdc78d715133d81e8604ed3b4ed33f829af25767f8e0465aefbcbeffc7b126a6a,stSTX (token 8),0.314848,965888,0.3148,0.0153
2026-09-07T06:41:05Z,8935389,0x7515f27291c609d2b20956fe47b90be8ecde06f27a67cb36304a640e0a20dda3,STX (token 1),0.26569,965893,0.2653,0.163
2026-09-07T06:41:40Z,8935391,0x985f2d7b15d3028ccd1dc37cbc52543b690bb38083c6f631cb78f9a04c5547b1,BTC (token 2),79675.253806,965893,79691.8473,-0.0208
2026-09-07T07:10:51Z,8935517,0xf35825f2f526116ba10806470ff0b13df5d4bc541201fa019db09c3432d8fe83,stSTX (token 8),0.314358,965894,0.3162,-0.5893
2026-09-07T08:11:03Z,8935796,0x1314e27bf9bb2c8d789e2423c86e54ec08baa1dce6e0b736f571ae9295235c81,STX (token 1),0.264941,965899,,
2026-09-07T08:11:21Z,8935797,0xc4685cdc5f803aeecbac0c5c1b305a29ee50a800953d7bc34069dd7939ea607b,BTC (token 2),79495.826734,965899,79474.457,0.0269
2026-09-07T08:21:12Z,8935846,0x556c14c23e1a34553bcdb49811fe2f10b3b73fe550ca09d0fd709c59b49dde3e,stSTX (token 8),0.313744,965900,0.3136,0.0387
2026-09-07T08:50:38Z,8935995,0x313e28bfdb790ca3e52ad46029b5197fdf1d197aeb3ef2e221f5aa36753d5755,STX (token 1),0.265211,965905,0.2646,0.2439
2026-09-07T08:50:50Z,8935996,0x9300a32f75bfd73e7129410abd47fda3d52ffe019393108f2e0ac097b890890d,BTC (token 2),79476.311148,965905,79451.64,0.0311
2026-09-07T09:20:51Z,8936123,0x6d70e95b959c2dbf96ada688d756bd225987c17d323db82496471868d96e12d7,stSTX (token 8),0.319591,965910,0.3204,-0.2483
2026-09-07T09:21:47Z,8936127,0x6ec0e9d80c093ad5f4b43419ce00be463a915a712a0e2c1b5e93dfe3a4706d4e,stSTX (token 8),0.320297,965910,0.3205,-0.0649
2026-09-07T09:40:43Z,8936214,0xd29c8e9e0ba5190b505d46084b994e9af620ce92e7adff66cff14aa0aeb45fbe,STX (token 1),0.269061,965911,0.2694,-0.1168
2026-09-07T09:40:54Z,8936215,0xa5b8c3690cccb9bdbbc303c2225ffd039e02375cb03c6ae69393f3a8a2d17d75,BTC (token 2),79352.210584,965911,79377.75,-0.0322
2026-09-07T10:31:06Z,8936430,0x6af8c8972f52de6f117aaaf0de2339a3abc2296c38df0370ed80592c6ab07dcf,stSTX (token 8),0.32148,965916,0.3218,-0.102
2026-09-07T10:50:42Z,8936534,0xf2bac4539063989bffa3db20889a5ef6bf92f0c0eb0cb0bfb11114042181fbba,STX (token 1),0.272898,965918,0.2743,-0.5203
2026-09-07T10:50:54Z,8936535,0xe42292bf94c88fcdaf6c2587526ccea3dec9bfddda1eff3691f5da8dd7061e1b,BTC (token 2),79396.619785,965918,79399.8534,-0.0041
2026-09-07T10:51:17Z,8936537,0x7387bf7b9e73440dfcf45831c6bb029edcb9a52f3864ac52f1177206647dd43c,BTC (token 2),79401.53,965918,79434.08,-0.041
2026-09-07T12:01:56Z,8936813,0x4a5726b6ce2ef30b78bfc735e99d3f0a21ebd565328932098f55f6221149b77f,STX (token 1),0.277252,965924,0.2785,-0.4352
2026-09-07T12:01:56Z,8936813,0x068ee9b674732456f22752481e38f0eb4a8896c09f5cf086c497a3aa1c8483e3,BTC (token 2),79409.059724,965924,79415.6746,-0.0083
2026-09-07T12:02:07Z,8936814,0x4f5064a7c560f6ad9cac6689a8e7f95f56c6a47fefef98fa3eacf791bdc8485a,stSTX (token 8),0.328416,965924,0.3293,-0.2555
2026-09-07T12:51:04Z,8937029,0xc0bcff8223f1559e93701886cc624b417a329e59f8a068cd12428be97785dab7,STX (token 1),0.280647,965931,0.2832,-0.9061
2026-09-07T12:51:47Z,8937031,0x036b4a24395b5c566f63e22b1ca539fc4d09c55b2dcbcf376d0cd6d579740e3f,BTC (token 2),79529.94,965931,79548.4774,-0.0233
2026-09-07T12:52:35Z,8937033,0xecbcaba0eb3998a27fd422e587ff188d495f90c8a2a5f4ec028ea6756256ae65,stSTX (token 8),0.332438,965931,0.3357,-0.9579
2026-09-07T13:30:58Z,8937169,0x5799de367cd216a26152e3821184bc155aa4e4238c9ae854fa693f1d100ff8bc,STX (token 1),0.287891,965937,0.2864,0.5347
2026-09-07T13:30:58Z,8937169,0xd1ef9340178ca68f69b63ccd316720c68bee8ed9aa1e0b15413ba54e728eb7f8,BTC (token 2),79608.837116,965937,79607.57,0.0016
2026-09-07T13:31:10Z,8937170,0x199b11c28d95da74ef9b8a68560e3a42ac77c53be588e7f0c0d8bd86f936115f,stSTX (token 8),0.341019,965937,0.3388,0.6408
2026-09-07T15:01:32Z,8937515,0x225a0750085401875215bca80f1011447859420937901a89405f9b0327e6addc,STX (token 1),0.284898,965943,0.2845,0.1403
2026-09-07T15:01:32Z,8937515,0x76d6f1329818280fcda4df4f269ca491243613558e9f25403bc049e648b7e9c1,BTC (token 2),79186.269125,965943,79169.89,0.0207
2026-09-07T15:01:46Z,8937516,0x4aee5131675780f7e1dbb668032f1e7512718216ee1f8fb092adfee500415e6a,stSTX (token 8),0.337474,965943,0.337,0.141
2026-09-07T17:01:29Z,8938088,0x797a26c9a402a8c2422c5c4ec9b2ab79f31b1e560b368effd41857d04e5f4bdb,STX (token 1),0.286925,965951,0.286,0.3064
2026-09-07T17:01:29Z,8938088,0xf8e925c26f183af3f08003d30d16f263c59ba04cc2d04ecf474dcd254ff99dee,BTC (token 2),79016.654101,965951,79010.7,0.0075
2026-09-07T17:01:29Z,8938088,0xcede1e3947594000b6dbfab67e1bcbadb695e28c445c573dae383d33c381b8ab,stSTX (token 8),0.339863,965951,0.3388,0.3033
2026-09-07T18:21:17Z,8938427,0x9de9177548f5f01b9993265d16c225115511c5d78f5d52450d8b9e4e323b9159,STX (token 1),0.284507,965958,0.2836,0.3152
2026-09-07T18:21:17Z,8938427,0x3387f3fd013b0e0c1529f79cfb38aba837f5443eb4e0febad9e595fbbd7900ea,BTC (token 2),79175.310965,965958,79183.1049,-0.0098
2026-09-07T18:21:31Z,8938428,0xac011caeb3d30571c24c5a64b51766f0d96f78d1e53760b648b3188504a3317f,stSTX (token 8),0.337012,965958,0.336,0.3159
2026-09-07T19:41:00Z,8938772,0xbc6363c2d2a463dd6af52faae6e7b7eb3e4a053d33e3a2febdcf805eddef6fcf,STX (token 1),0.283139,965966,0.2825,0.2432
2026-09-07T19:41:00Z,8938772,0xbebf435124b2af677355a100eb346fa9a88801eab6c45a91f2290314f60d92dd,BTC (token 2),79357.284814,965966,79323.0128,0.0432
2026-09-07T19:41:09Z,8938773,0x3ad5706054116628181e43ed098d25bc156de86f50d3cb4ccd103030f41a1949,stSTX (token 8),0.334994,965966,0.3346,0.125
2026-09-07T21:10:51Z,8939227,0x8bba65d04c07ebb3581c6802180fcb53d1b81b32c373d93940256263119579af,STX (token 1),0.279546,965973,0.2798,-0.1065
2026-09-07T21:10:51Z,8939227,0x40895fd84f2258f75b361f8702a2655b6cc3211d4ea30fa72a6bcd66e918b9a4,BTC (token 2),79189.920847,965973,79194.9578,-0.0064
2026-09-07T21:11:03Z,8939228,0xf324cb95428e17857e475cb3d2caa83cf8d1d6949cff79f2698d9ca2121ec9ad,stSTX (token 8),0.331136,965973,0.3315,-0.1237
2026-09-07T21:11:16Z,8939229,0xf52c84e7fe91e9d5c2a8d2c2422f07abb1da4571aac9e78aae91efd5dca103f3,BTC (token 2),79186.1,965973,79203.6961,-0.0222
2026-09-07T22:30:54Z,8939638,0xfbc519fd5b362d9aea515e554834beb2d2797ad8bf9085140073f3bebd6aae20,STX (token 1),0.277353,965981,0.2764,0.3296
2026-09-07T22:31:05Z,8939639,0xcece1c5a37069e864bcd8b6ebdcad829e76218cd8534471cff914d8e949efd3b,BTC (token 2),79119.463602,965981,79051.37,0.0861
2026-09-07T22:31:05Z,8939639,0xd7bbb3705006a819377ee3dbd60378ee293f9684fb918baef559db9e75222376,stSTX (token 8),0.328538,965981,0.3282,0.1127
2026-09-07T23:30:56Z,8939967,0x45cf2bc93fc22e3f9b536a5afbd44b1a56d1ab1b6aa58491ac9648cc91a37271,STX (token 1),0.276407,965987,0.2766,-0.0708
2026-09-07T23:30:56Z,8939967,0xbeef443b368315119489a76d5f33e38b0c7d07bd4f8f88ad7c1019fc5fc271e3,BTC (token 2),79003.282418,965987,78993.9687,0.0118
2026-09-07T23:31:11Z,8939968,0x52ed1cdc708e701f245985425653285b17f07c31bfce5606ad4490ab8dd9a21e,stSTX (token 8),0.327418,965987,0.3276,-0.0704
2026-09-07T23:31:37Z,8939970,0x0bee34f35ae7f4ee421dc66a0a0bd5093d32da86d04b0232b3a478b07757c7c6,stSTX (token 8),0.327646,965987,0.3276,-0.0008
2026-09-08T00:20:41Z,8940228,0xb93ee7654381b2cde24205de995c2453d00966de9506106fdedad2ff4a1392a2,STX (token 1),0.279395,965993,0.2788,0.2185
2026-09-08T00:20:51Z,8940229,0xd29224f48011b25d97f1657f87bb434c201031cb0b09cd3fb15ab3107d4d6f0b,BTC (token 2),79067.973704,965993,79040.3165,0.035
2026-09-08T00:21:02Z,8940230,0xb1f25e1025464568d38b4923cd684a9e86b1f55df2e85aab600e67fdb9e3a5a2,stSTX (token 8),0.330958,965993,0.3303,0.2011
2026-09-08T01:40:53Z,8940625,0xe7578dbad4f518738c9529b0c1413fb3e1528b8196f3b5abede2b1aff51d069f,STX (token 1),0.276524,966000,0.2741,0.8677
2026-09-08T01:41:09Z,8940626,0x2856592c69a4a8c8c0656337a43e7ed0a958e42bb41b16e8d8d50aa1fe425b88,BTC (token 2),79325.430947,966000,79303.7961,0.0273
2026-09-08T01:41:09Z,8940626,0x313c2b88066a12eb758a3edbaf3290e2e410a0a017e929e177bbc0b4ee4f342c,stSTX (token 8),0.327556,966000,0.3237,1.1815
2026-09-08T02:50:59Z,8940977,0x5f64c6651a96b17ae8be0b8e84b73ccf3cf80aabf5416b799af8b29b8d949c75,STX (token 1),0.273166,966008,0.2727,0.1552
2026-09-08T02:50:59Z,8940977,0xfb0bb43e62c0c64a5f6b973d3d148ecc0f6991d7636c2e4414f99597a52a5f63,BTC (token 2),79121.019969,966008,79080.6696,0.051
2026-09-08T02:51:09Z,8940978,0x53b2b6f0af8f5b8c1549a0d270dce5adba3b907d14866efd81bf8656fa0535c0,stSTX (token 8),0.323579,966008,0.3233,0.0821
2026-09-08T03:41:06Z,8941224,0x1ef0b79c112b0b808c3a37cba4b8a0069f0398cc0a915d46a35326e3949c3b3b,STX (token 1),0.270881,966015,0.2711,-0.0732
2026-09-08T03:41:17Z,8941225,0x2aef88a46d58609dabd9d2ba0c524969e05642f74291296332578767efb751ba,BTC (token 2),78920.892173,966015,78888.65,0.0409
2026-09-08T03:41:29Z,8941226,0xdc7d72dab7b057d9a85048514f62dd7e70bee5cbaa65b51368ef2c84e71e9d21,stSTX (token 8),0.320872,966015,0.3211,-0.0731
2026-09-08T05:41:04Z,8941886,0x682ed9c9d1c4cfc1b854618ecb7ee75087e3d93b139eaeee321763c6c2b13116,STX (token 1),0.270321,966021,0.27,0.1078
2026-09-08T05:41:04Z,8941886,0x9410b739549abab57a10468879e82006bc6d242cbc44f6465873594ffb55bdd0,BTC (token 2),78716.712957,966021,78681.5275,0.0447
2026-09-08T05:41:14Z,8941887,0x446bc7b75b122689e98aac74650aafd3ddd991c7ecdbda4f244cc30cfaf59c2e,stSTX (token 8),0.320241,966021,0.3199,0.1179
2026-09-08T05:41:55Z,8941890,0xca4cec57625623293103d6d12b0920ca8257e60c6800fa4bac6344a344b92c38,stSTX (token 8),0.31971,966021,0.3199,-0.0481
2026-09-08T06:31:06Z,8942111,0x884713357e1920d0dd250ca4e0757a28013e71a17e49cebbc1da3ecc1edf4af2,STX (token 1),0.267695,966027,0.2671,0.2133
2026-09-08T06:31:06Z,8942111,0x956bc6b025fd1c9aa73ee55d906f7ed324ecb2f2f87b8b879ea984b0a8b31f06,BTC (token 2),78375.349062,966027,78383.76,-0.0107
2026-09-08T06:31:28Z,8942113,0xbd8668106ad123144092c7bad31bfc568879265840228132b8cf282b11d384b4,stSTX (token 8),0.317079,966027,0.3164,0.2071
2026-09-08T07:31:07Z,8942421,0xaaaaab737486b6ee2993655e76eb93e942647ee9ac265151f00faa41c99de68e,STX (token 1),0.267704,966034,0.2677,-0.0068
2026-09-08T07:31:20Z,8942422,0xb536871d1e85ce2f0fee045b9e532f6fa62eb66720ef4dbeeaa5d126dcd39804,BTC (token 2),78466.965938,966034,78438.9961,0.0357
2026-09-08T07:31:20Z,8942422,0x9fc534876320bb8b816fcf2b07071937d51f3680c1d8d2eca78f182412c2eed3,stSTX (token 8),0.317108,966034,0.3171,-0.0073
2026-09-08T08:50:57Z,8942830,0x900aec1fe74850485945d6044c27b502598e4500ecd119ebda8a83bfef185952,STX (token 1),0.266562,966042,0.2665,0.0218
2026-09-08T08:51:10Z,8942831,0x2045312691f704156ba7f8db2e1da9650bd0eb85a44700b909c68533180c2871,BTC (token 2),78495.415201,966042,78367.3176,0.1635
2026-09-08T08:51:10Z,8942831,0xfcc5a6a6055f969dec026e226d8047f8fafd110f1726ee5fac88360da5a7cf6d,stSTX (token 8),0.315764,966042,0.3154,0.1178
2026-09-08T09:31:29Z,8943038,0x305f99fd96e231c9f05258eface0b428929079bb8f1af16fd606fa63302c8f97,STX (token 1),0.267116,966049,0.2669,0.0725
2026-09-08T09:31:29Z,8943038,0x12de1d89225fe6a9e5dc35e09855b303d8f378203d52b362afeb2d0ae949a082,STX (token 1),0.267,966049,0.2669,0.029
2026-09-08T09:31:29Z,8943038,0x7173442e6d75493a604fbd3cb5b2927b0807b41f58e45241b6e46f29c2420509,BTC (token 2),78447.336354,966049,78466.3781,-0.0243
2026-09-08T09:31:29Z,8943038,0x20de74d20ce9e4ed968b9a363143413e6468de01b59873636815e061724a52b1,stSTX (token 8),0.316414,966049,0.3162,0.0726
2026-09-08T09:31:44Z,8943039,0x9278725a3a6ef1e0240262d008c213fb416fb37d4d54c196d690cc18d524fc47,stSTX (token 8),0.316276,966049,0.3162,0.029
2026-09-08T11:01:30Z,8943458,0x02b555b87c0c4c79b8ba9830e4783b6716a9cba8abc3bfb8b4d380f64ffaf7aa,STX (token 1),0.269279,966057,0.2688,0.179
2026-09-08T11:01:30Z,8943458,0xb3382b5ce38517dcebb757b8e1f1b0e5c1fe6941ac4f02a617b547820186abce,BTC (token 2),78542.159867,966057,78525.0491,0.0218
2026-09-08T11:01:44Z,8943459,0x58e66f47ed5285491a79a127edfd30c5ae9de838b8e82ccfc0f5c29e42539f3b,stSTX (token 8),0.318976,966057,0.3184,0.179
2026-09-08T12:01:34Z,8943716,0xa3fde8aa50796fb7323b0e89d7d90dee57623b786f866c8aabdf21e725af4784,STX (token 1),0.267122,966065,0.2668,0.1212
2026-09-08T12:01:47Z,8943717,0xe36c955018e8b222a871598a23de60fb37472c6ab62678057d96e12a2cce265a,BTC (token 2),78408.291555,966065,78292.2376,0.1482
2026-09-08T12:02:21Z,8943719,0x731a5e6742e8c25b4a2694be21589c07db182129121129eddd5d2e32e251f870,stSTX (token 8),0.316422,966065,0.3157,0.2341
2026-09-08T12:41:08Z,8943918,0xafa664b8209c3c344cc739fb3c515f56248e775c78f6df997f30c76ac12c4dd4,STX (token 1),0.267722,966074,0.2674,0.1023
2026-09-08T12:41:08Z,8943918,0x268178d2b82a2a4bf1f155506482faa7e4f88eb5ad6e56cc046a39a6fa255cea,BTC (token 2),78361.393835,966074,78316.2285,0.0577
2026-09-08T12:41:21Z,8943919,0xbf46557ec465b2dff2f879dcbd3b9ddfa3bbdc4bef458538468f377bbf55121e,stSTX (token 8),0.317094,966074,0.3168,0.0903
2026-09-08T12:41:51Z,8943921,0x7c2ee39908ef8383e5ed728471b776d993f39532186ef27eb1e604bb6fd707ea,stSTX (token 8),0.316988,966074,0.3168,0.0568
2026-09-08T13:21:01Z,8944111,0x6d07de21a9ef711450f951a97557fd45f72d5530ff39eefaf044e8d473112e3c,STX (token 1),0.268168,966080,0.2677,0.1685
2026-09-08T13:21:14Z,8944112,0xa29733e1b3c1aeab5f32253bad5c3f8dfa2c64d69635543b0b026fdb8902e3fb,BTC (token 2),78394.945356,966080,78306.4175,0.1131
2026-09-08T13:21:27Z,8944113,0xf0e1e3550c4a942b9fa9901750bdd859a54e4377a85b4d3b23ec67391e764e7b,stSTX (token 8),0.317705,966080,0.3171,0.1824
2026-09-08T14:30:58Z,8944415,0x136435d8e7f883c1b787a5a91ddeaf2a487a3435e4982d95b3bc143ff06a96ab,STX (token 1),0.270005,966087,0.2696,0.1431
2026-09-08T14:31:12Z,8944416,0x79b77b522ebed71068647196fe8e867ff9e6ac2b038582620f59b8646e52c89f,BTC (token 2),78285.252565,966087,78272.9111,0.0158
2026-09-08T14:31:12Z,8944416,0xdeac82c729e64350193d692d785da5f5df7fc3ba1263a8f6833eb80f7141a34b,stSTX (token 8),0.319836,966087,0.3194,0.1428
2026-09-08T14:31:47Z,8944419,0x999abebb6480d0357c42eb2467072cacf868004dff3f02903b645b6c61c60dc3,stSTX (token 8),0.320305,966087,0.3194,0.2897
2026-09-08T15:40:53Z,8944772,0xfa162d156b3465c49eadb93e242e384f03bed5ebbc46ce3e43fb1435189a32f9,STX (token 1),0.270315,966093,0.2702,0.0576
2026-09-08T15:41:04Z,8944773,0x31d4b81839add157b4fc55c82baf8d957269289cfa15ecb00acc68d06573d419,BTC (token 2),78616.07602,966093,78634.3531,-0.0232
2026-09-08T15:41:14Z,8944774,0xfedb8c713618426d769b890b4158a106be8611d01cd4182add989f4e343f2358,stSTX (token 8),0.320205,966093,0.32,0.0577
2026-09-08T18:01:37Z,8945473,0x38338faffe9ff8a98e736d005238b8f8d0eda31ec3cb3053b8174efebf16af3e,STX (token 1),0.273791,966099,0.2749,-0.4096
2026-09-08T18:01:52Z,8945474,0x6c94d5e1cbf87b3f549f7d59b058c78e07e39b417551f005932af55ca3a350e8,BTC (token 2),78510.272627,966099,78559.1718,-0.0622
2026-09-08T18:01:52Z,8945474,0x382091be165973c5c8cfd0f9a027809cea5d834b3f9e528dc62587b3d26b1d1c,stSTX (token 8),0.324323,966099,0.3257,-0.4094
2026-09-08T20:10:56Z,8946119,0xcd0af457e207bfed541060e5b38b686a6a35bdb6522dbc7b8dcd13c20c790616,STX (token 1),0.270643,966107,0.271,-0.1237
2026-09-08T20:11:11Z,8946120,0xed3166d7b96f0b0fc1a01db8247301c6701abf651a969a3fcfa13df04f474fde,BTC (token 2),78517.302899,966107,78590.5123,-0.0932
2026-09-08T20:11:25Z,8946121,0x40e5ec27ea7f78e649b961c7eb52351a0593b9d5d0419b61ea483e809cb47ca7,stSTX (token 8),0.320691,966107,0.3211,-0.1304
2026-09-08T22:11:05Z,8946653,0x6dd7e8590c86a25f83692972aa9447c3aa791d0e5b9e16d5cea9d54f53e6fcf1,STX (token 1),0.270915,966116,0.2708,0.036
2026-09-08T22:11:05Z,8946653,0x0a7064417463d2f7d9d13deb4f82e2b1f089909f8eb6d410218dbc3db6af140b,BTC (token 2),78484.987591,966116,78472.0822,0.0164
2026-09-08T22:11:05Z,8946653,0x13c478eaef8f86a19be27c329e5214803726718520a825101bb89fd1a89aa6f7,stSTX (token 8),0.321299,966116,0.3208,0.1552
2026-09-09T00:20:48Z,8947190,0xfb734249f14750780bb96d5b664b931e74a22372e87e1225d5b9653e73b52b77,STX (token 1),0.272088,966125,0.2717,0.1304
2026-09-09T00:21:01Z,8947191,0x40e14a3875fbddffa6410545b5fb8353a43768a205d3ca0f3b081aa8be49f975,BTC (token 2),78683.453837,966125,78683.63,-0.0002
2026-09-09T00:21:14Z,8947192,0xede247017ce4c2e62b05954832cf8c0dd529b61387bf1b5a43d43144d8c3a3a7,stSTX (token 8),0.322258,966125,,
2026-09-09T01:21:06Z,8947421,0x860314a961f5cd369f83f7444cad99fc74e8b54835eaeeec992301f3d5e24906,STX (token 1),0.270117,966132,0.269,0.4183
2026-09-09T01:21:06Z,8947421,0x1658492766b3858fd0368c8cefbf7a5a9e0318e4b89d6ad0068df6d83014d329,BTC (token 2),78652.726795,966132,78643.6406,0.0116
2026-09-09T01:21:17Z,8947422,0x4df8eeb2ad522f446273f1462a6fe714cb669e4aa18d882e7f7360b0926e4449,stSTX (token 8),0.319971,966132,0.3186,0.418
2026-09-09T02:51:01Z,8947847,0x9945fb6e477bbe5539f1acf470e92c87515e8e651f7cc69ad9bbfaad436c5106,STX (token 1),0.267346,966138,0.2675,-0.0446
2026-09-09T02:51:11Z,8947848,0xbc8857297edb4bee4e00d75da4267e0b80d949f48d40b4fef7c7b2cb7a7ccf56,BTC (token 2),78771.902652,966138,78757.7802,0.0179
2026-09-09T02:51:11Z,8947848,0x7f6acdbe418fa04e3867f7f44771748657328c91b98b0a6c76822398f880548c,stSTX (token 8),0.316689,966138,0.3168,-0.0448
2026-09-09T04:01:38Z,8948206,0x93db627409a8182b7233b079c5ea213b3fe5e18e0e676b7788249c6904b66a6d,STX (token 1),0.2669,966144,0.2678,-0.3191
2026-09-09T04:01:49Z,8948207,0xab4b752c2750bf1d23ca02c667c93592b85c0c014f0980731d042b604482ca0a,BTC (token 2),78629.507756,966144,78848.4935,-0.2777
2026-09-09T04:02:01Z,8948208,0xb9e7e309da4323a57d552e7d388fbf4057705abbd12e0775b09d07bd0752369b,stSTX (token 8),0.315668,966144,0.3168,-0.3632
2026-09-09T04:02:41Z,8948210,0xfda34ba1a9d9f3fef6faa471f0bc53125915b0b65b74098824f2151926612531,stSTX (token 8),0.317346,966144,0.3168,0.1665
2026-09-09T04:50:56Z,8948392,0xffbf405bfa241f778d3f06b77ba3a10dcc60a7d488ab5409451e8df6405e0494,STX (token 1),0.268132,966152,0.2684,-0.0829
2026-09-09T04:51:09Z,8948393,0x96026e15118cdecf86cabb3105103838b44de35ab3e8df953b05f5143e6f9218,BTC (token 2),79122.717088,966152,79147.34,-0.0311
2026-09-09T04:51:09Z,8948393,0x5456007434c70fd7321addfe11e22378fa84bc215276c546ad8631c582a41d71,stSTX (token 8),0.317621,966152,0.3179,-0.083
2026-09-09T05:20:52Z,8948508,0x1679bd36b93daf5fede1dfc221b6e2c74ea35ce00baa95264f7f73feed189c4a,STX (token 1),0.268303,966159,0.2683,0.0171
2026-09-09T05:20:52Z,8948508,0x7915d3609761b4e1f7da71cb3e80c6a3111ca3eceae1fff60c7fc99563cdbba2,BTC (token 2),79290.754291,966159,79301.32,-0.0133
2026-09-09T05:21:06Z,8948509,0xfd1bd19ad67a18d07c4073699a21f3c08a150cc645b183b51ce42887cfbf3371,stSTX (token 8),0.317824,966159,0.3174,0.1291
2026-09-09T06:10:52Z,8948712,0xa8925031814f943acee686d0c8259ec12c90da8cb83aa16bb5ecde226fe4bd53,STX (token 1),0.26925,966166,0.2694,-0.0738
2026-09-09T06:11:02Z,8948713,0xe705cb4b2a8d1df80441cc3043954f6d01875801bed56a47504f33a7a248c11a,BTC (token 2),78928.114549,966166,79061.0755,-0.1682
2026-09-09T06:11:11Z,8948714,0xc2cbd3d34c6f593a074fa2a998cf81fb7f7bc40274ba30ff27b332b30836b9a0,stSTX (token 8),0.318944,966166,0.3192,-0.0744
2026-09-09T07:10:44Z,8948987,0x93f93c15016a0089e5aaec534f50bdef7c399b09ae0036bdf4bb21b741444ab7,STX (token 1),0.270374,966174,0.2723,-0.7239
2026-09-09T07:10:55Z,8948988,0xc16ddc42f1ccc90595265cf4a5c05127a57b61e094ef7191f7678b9f0aadb388,BTC (token 2),79282.52469,966174,79309.235,-0.0337
2026-09-09T07:11:18Z,8948989,0xb410ff478f015ab627ba2ba759df11365da6e3d070e7d5db96e71a678be374ff,stSTX (token 8),0.320277,966174,0.3227,-0.7605
2026-09-09T09:01:44Z,8949433,0x6a74b59eed297949a0577fe43f419b94d82b52fa246b3b523ce30609ac163ed1,STX (token 1),0.273806,966183,0.2738,-0.0001
2026-09-09T09:01:44Z,8949433,0x4d4e1ed89b6b8a11ece7619e72a9df2437ed687037dfe336419c63c1ca1b7f0b,BTC (token 2),79697.486523,966183,79630.4571,0.0842
2026-09-09T09:01:57Z,8949434,0x2120b3a2208448ea7305c25a37d3e566d4d9753986cc6efabb0e299f04247afc,stSTX (token 8),0.324343,966183,0.3243,-0.0002
2026-09-09T10:11:03Z,8949770,0x6061b110eeb02af1e62f779df70e92cec992e2dbc3760e2ce3afc60058cd5789,STX (token 1),0.270126,966189,0.2696,0.2111
2026-09-09T10:11:03Z,8949770,0x333effdad5a31b24afe6184e439a2ecf427914d8dbf1bcc089c79fb6fb3c458e,STX (token 1),0.2697,966189,0.2696,0.0531
2026-09-09T10:11:14Z,8949771,0xec42b4e2cbde418fddb37634129898940d70b5d87b0121b3c4ca2be513e022ba,BTC (token 2),78951.974759,966189,79000.89,-0.0619
2026-09-09T10:11:14Z,8949771,0xc20cc737edb6c819054cc54cd5007d0acae6374aeb02a2ff52bb6e8b4f482cbc,stSTX (token 8),0.319984,966189,0.3193,0.211
2026-09-09T11:31:06Z,8950121,0x74dccd1c6b8d8b38164f1c31e6f0e8d85c703f7f3b865f3565b1505e4adf2be8,STX (token 1),0.273387,966195,0.2736,-0.0681
2026-09-09T11:31:06Z,8950121,0x62dfdce9296e02bb838b404cba11d1e31d8ce206ac3070af692290af4fc09a0b,BTC (token 2),78944.963668,966195,78951.1875,-0.0079
2026-09-09T11:31:18Z,8950122,0xfa59be5f1468fe43c8725a685d468ca17e00c06de92c4eed872ad1c2567b8303,stSTX (token 8),0.323847,966195,0.3241,-0.0683
2026-09-09T12:01:38Z,8950262,0x95670c318a1a39ab7d9c1755f1cf597c4a1cb73980befff061418fcbb00c88e2,STX (token 1),0.275731,966201,0.2752,0.1998
2026-09-09T12:01:38Z,8950262,0x1f164bc117353712377b37dfb7407e33c7470bae39e596944e387adb0d9f95f6,BTC (token 2),79303.573957,966201,79339.4602,-0.0452
2026-09-09T12:01:38Z,8950262,0x9520a709470e63e1e3b18cf94f1169f0c03e54939afdfb4c52717f057d02c979,stSTX (token 8),0.326624,966201,0.326,0.1997
2026-09-09T13:01:25Z,8950519,0xe6b5062e7326485e3897592b375c9f473161466b9117b90d3d27709724db92e3,STX (token 1),0.2802,966210,0.2805,-0.1206
2026-09-09T13:01:40Z,8950520,0xd1be2821fa03def9e16a30609d316cf107650040e38aa3119a562736809f94af,BTC (token 2),79590.33583,966210,79515.2028,0.0945
2026-09-09T13:02:13Z,8950521,0x55a4309499f608d84ccbb007898d070d50de1ac9a2754134725edc2b21dc2dfa,stSTX (token 8),0.331415,966210,0.3321,-0.201
2026-09-09T14:20:55Z,8950803,0x8f48ae0b45225e2a4dd86e9ed670d4ebb46ab70527782ead4e881a6553786452,STX (token 1),0.2746,966218,0.2745,0.024
2026-09-09T14:21:09Z,8950804,0xb6b9d6deea436e8f0efc3c16289419d45a5af811449470ff342a2c6c8a8da143,BTC (token 2),78896.22,966218,78966.8434,-0.0894
2026-09-09T14:21:09Z,8950804,0x213ee2a3e61af7b26020329496b2ac0760b14734774c1448554bf4b7b0ac09fa,stSTX (token 8),0.325886,966218,0.3253,0.1905
2026-09-09T15:01:28Z,8950978,0x2c5afd44ba8a6cbb6958ea50484605e22df2b21334c682eea7e2e9cb72610adb,STX (token 1),0.274293,966226,0.2736,0.2417
2026-09-09T15:01:28Z,8950978,0xbf91d31713a6154ccaaf9ae30ae16b1da8b35591a1404a93d44fb091f5148010,BTC (token 2),78933.387935,966226,78844.87,0.1123
2026-09-09T15:01:45Z,8950979,0xf3a633719642f2d1f3d9e19cd86c8def6fdad39f2ecff2166d7070c8a91597db,stSTX (token 8),0.324922,966226,0.3241,0.2418
2026-09-09T16:40:57Z,8951334,0x3414b1a4318d569806f0d5c255d280d192bedb499adaeaf9af35b2f0c20f83e9,STX (token 1),0.274892,966238,0.275,-0.0223
2026-09-09T16:40:57Z,8951334,0xc7404eccfb864f7d55d7733141d6ecbe0621d5102c18114423c3d6bb0434bffb,BTC (token 2),78802.136857,966238,78757.409,0.0568
2026-09-09T16:40:57Z,8951334,0xe6c8be50b4d35dead57751c1a1b416255fdcd08bf0a0aca86e129eb8bf8de067,stSTX (token 8),0.325632,966238,0.3257,-0.0221
2026-09-09T17:21:13Z,8951466,0x65cd6fb2242975d9f8fd86e5d64dbb7027c5cd2d6a59f1ed37b5d7363d0a0102,STX (token 1),0.275335,966244,0.2755,-0.0712
2026-09-09T17:21:13Z,8951466,0xa56fa81a9e398200122bee5dc0e9002e54e0dfc4414ea9b73d429684d64354f1,BTC (token 2),78831.546001,966244,78785.02,0.0591
2026-09-09T17:21:13Z,8951466,0x2a77a8612ab7056b32821cd180a95efad0ce44ebe2f6c83145bcf0fc12822fd4,stSTX (token 8),0.326156,966244,0.3264,-0.0713
2026-09-09T18:20:45Z,8951706,0x5453892de0bf1760e6d71c04726fa4e7c3c92e64bee2ca270b4627946f37bc75,STX (token 1),0.27384,966254,0.2733,0.2003
2026-09-09T18:21:02Z,8951708,0xf8d3eb13f9455f1347988055877905ec237053ed07036b1961a44c1bd6b40a15,BTC (token 2),78611.527028,966254,78624.0255,-0.0159
2026-09-09T18:21:31Z,8951710,0x5f4bc9505548a7eb01f75a4ad0a64a315ade87cf289e66392a8f4c3ea1e85233,stSTX (token 8),0.324385,966254,0.3239,0.1451
2026-09-09T19:30:48Z,8952027,0xc7136a95ce03bba87c415f8d6f3b95894f42f95869c710aa3c6db83ff08273ed,STX (token 1),0.271409,966260,0.2708,0.2089
2026-09-09T19:31:03Z,8952028,0x41f01681534fec5d44cbf10b90c67da0f2d9853661daa51603ff673484710f26,BTC (token 2),78515.556363,966260,78507.9099,0.0097
2026-09-09T19:41:11Z,8952074,0xb1aa3e981705274189d5e72bf64fcd185bb14b4b04c072f23645f8ec8a30570d,stSTX (token 8),0.3201,966262,0.3197,0.1217
2026-09-09T19:41:11Z,8952074,0x29e4ba0750109364184e4be33d7e29b3a19246a3b69fe20d516ad108e1a789cb,stSTX (token 8),0.319838,966262,0.3197,0.0398
2026-09-09T20:30:52Z,8952307,0xad439a98843dcc4a9dbaff25f3093306c30054f10ff5059bb58a36cce2f5fa25,STX (token 1),0.270222,966266,0.2695,0.2734
2026-09-09T20:31:04Z,8952308,0x8c7a547576c4d3f2e579b47f4fb44b47287bf33e4da0c1496e460fc84fd17210,BTC (token 2),78179.453382,966266,78222.0222,-0.0544
2026-09-09T21:01:30Z,8952422,0x39b9dac446aa7d18371d2954825d10c2370d17b4ddab3f847133625231229067,stSTX (token 8),0.32132,966269,0.3225,-0.3611
2026-09-09T22:10:59Z,8952770,0x33cae8e911946aaa205cb335695491b14a76d9aec3aea325125db5f8f33cd745,STX (token 1),0.2692,966273,0.269,0.0632
2026-09-09T22:11:10Z,8952771,0x8bdc00fac3fff782d6bdf5d7e8063deff9c77d859a889b36be2aaa6132d42bcb,STX (token 1),0.269428,966273,0.269,0.1665
2026-09-09T22:11:10Z,8952771,0xb36e649ba9262a961e64d7645c8c35abdc70d41b4474bd22e56d7625496cdb76,BTC (token 2),77806.64679,966273,77927.7435,-0.1554
2026-09-09T22:31:03Z,8952846,0xb4fd29cb7402408067931e470c78dae231cd8ed61358ac59e94dbfad683dc96e,stSTX (token 8),0.321023,966278,0.3203,0.2111
2026-09-09T22:41:01Z,8952894,0xaf018a4e9c4cbf8d7e1c64a82de10f533b404429b9c1bbc959262f0d942b41e6,STX (token 1),0.270425,966279,0.2698,0.2391
2026-09-09T22:41:01Z,8952894,0x34500341bfb413a7dc5006f34bd76b7868feb890c26e49e984369880a65232b1,BTC (token 2),78001.229854,966279,77978.0204,0.0298
2026-09-09T22:41:27Z,8952896,0x11537257506ea68dd96834063ee35d2b22104cd344617e1a3ebe1ab8a3822374,BTC (token 2),78036.15,966279,77978.0204,0.0745
2026-09-09T23:40:43Z,8953188,0xa9193dc645ed4c7e62fdceaa95da88949b417853b16b823b17620813d9e2f879,STX (token 1),0.272886,966285,0.2731,-0.086
2026-09-09T23:40:53Z,8953189,0x0f9a18f48cd6a92bcdd71d153deba2e62f1bfb066b863f9b1c7ed7ada8ce55ba,BTC (token 2),78224.500217,966285,78200.67,0.0305
2026-09-09T23:41:05Z,8953190,0xa316f615659ab745cdcce93e5102773dcaba2e45557ea15a25a27e373c9c5880,stSTX (token 8),0.323152,966285,0.3237,-0.1549
2026-09-10T01:21:01Z,8953681,0x90e65606e974ef8cba952d113a434a4616d67b3643c941773e5f5c9204150cea,STX (token 1),0.269236,966291,0.269,0.1032
2026-09-10T01:21:15Z,8953682,0xb049345b55fbdad4df4fb0a392a3e24ce64d04fa3db873bb3abd6c276282284a,BTC (token 2),78233.57718,966291,78180.3197,0.0681
2026-09-10T01:21:15Z,8953682,0xa56524375a78180ccae7fcb0760afe753dd5033fde95c216b63c961358900793,stSTX (token 8),0.318934,966291,0.3186,0.1034
2026-09-10T02:31:06Z,8953999,0xc084bb03222f0d5d40be838943581e9825bbd95be8843f51412c6dd082bd5272,STX (token 1),0.265746,966297,0.2658,-0.0229
2026-09-10T02:31:06Z,8953999,0x7b2d04d2b456ce2d493400b0cec4702a6935804fc1508f93bd69384d489025c7,stSTX (token 8),0.3148,966297,0.3149,-0.0227
2026-09-10T02:40:50Z,8954047,0x72b5171a5e8a83493fe6f57eb3eb13dbb41469ef36a9393afbf2335bebc0e078,BTC (token 2),78149.685564,966297,78179.5476,-0.0382
2026-09-10T05:01:51Z,8954761,0x1aa03ea4f3ee66613f88a6a03df3523b3c6aed6449a029422b15bf594cd01457,STX (token 1),0.269087,966306,0.2693,-0.0627
2026-09-10T05:01:51Z,8954761,0x3ab25bb845254386e2e5037593c97d664e7fa095419b6cc67332f9ce6c33a504,BTC (token 2),78389.525296,966306,78357.1454,0.0413
2026-09-10T05:02:02Z,8954762,0xbed379771bb363dca09bdb75b7745fd4cfd3cc2edb13abbfdb41b5cf1a6bf68b,stSTX (token 8),0.318757,966306,0.319,-0.0814
2026-09-10T06:11:03Z,8955034,0x12627ede1ba2d436476f45a6807a4daa176c28bc6b7717efe1c056972c401a97,STX (token 1),0.272314,966312,0.2716,0.2631
2026-09-10T06:11:03Z,8955034,0x0cd766fe296177c7ce6afc780d8a827dd8e4b3f538941138eccf513f26e4cc96,BTC (token 2),78400.954178,966312,78285.2237,0.1478
2026-09-10T06:11:14Z,8955035,0xe6f37766f6554f51d399b779cdf313ede17c9bc0f003798c4f695879e4a03837,BTC (token 2),78301.73,966312,78285.2237,0.0211
2026-09-10T06:20:48Z,8955079,0x849d2f291d0b7ee351c57f1baf30a640025dee75257514243cd89509adaa3c8f,stSTX (token 8),0.32136,966312,0.321,0.1048
2026-09-10T07:01:41Z,8955274,0xaadd32e909de94a5d09436b69c8ffd4be71ce8123c52cec1bd1a42e906468573,STX (token 1),0.2724,966319,0.2722,0.0687
2026-09-10T07:01:41Z,8955274,0xdfab2e320194edefcdf3d0350f13ba3978555f292f7523ea44126de5e08c42fd,BTC (token 2),78411.868797,966319,78304.2946,0.1374
2026-09-10T07:02:02Z,8955275,0xd0571ad3b6d4106fd167506ca8e004525eacd07cb08425d636c137af78af03d5,stSTX (token 8),0.322754,966319,0.3225,0.0909
2026-09-10T07:50:49Z,8955488,0xda8603b9c9309d9b37e8930030f1702f9b3dd63a7d907bdb8628ffb1021e760e,STX (token 1),0.269599,966325,0.2695,0.0316
2026-09-10T07:50:49Z,8955488,0x00326d07f140e69149dd74bb3464102343fec215f9c9b0efac14cea40f06253c,BTC (token 2),78027.594349,966325,78059.513,-0.0409
2026-09-10T07:50:58Z,8955489,0x9dd81df345be2361a7ef79e04af1e85452f584c59dad278c5302f6c7c62a46d0,stSTX (token 8),0.319494,966325,0.3193,0.0721
2026-09-10T07:51:10Z,8955490,0x6c815b46b45549bfc26d583429125520ace9814e8e7c37bb796d23e1db26d0bd,BTC (token 2),78060.47,966325,78069.5,-0.0116
2026-09-10T09:01:46Z,8955821,0x3ba607d650349090c00c569f977ec89db77c0f6a885ac9ee288ebc12b487faf2,STX (token 1),0.2669,966332,0.2669,0.0005
2026-09-10T09:01:56Z,8955822,0x00414199222e80028870e3f06c842948e0c7bf1116a49714d52d0e164ea84956,STX (token 1),0.267376,966332,0.2669,0.1789
2026-09-10T09:02:19Z,8955823,0x02b563a12c3e5699b939101cd0e888abe5f3d68b88cc71aa2dd86c14e597f0d1,BTC (token 2),78080.748219,966332,78134.6975,-0.069
2026-09-10T09:02:19Z,8955823,0x40a135485247413a3a64d2c553a60a17e27cea5cd5c490eab457ab1ce305c2f7,BTC (token 2),78120.84,966332,78134.6975,-0.0177
2026-09-10T09:02:19Z,8955823,0x4d444d7d9404fbb35174790b39a856b66b1d60984cbf1f75abc7dff7a95c44be,stSTX (token 8),0.316731,966332,0.3162,0.1787
2026-09-10T09:41:01Z,8956015,0x88a73a5eb779eb68861c8e5ff924b7af1bac04dc99758ea84c31b697e0c5bde8,STX (token 1),0.267141,966339,0.2663,0.2974
2026-09-10T09:42:48Z,8956020,0x2edfc8f513cc80875453e943f84bcf2630bb2e013797e11a1289d4c8d43b9b9c,BTC (token 2),77988.078256,966339,77909.2632,0.1012
2026-09-10T09:42:48Z,8956020,0x51b1c433fb981b093fc92157c587452e2a5127cafb64efb90a830d4d83701e90,stSTX (token 8),0.316453,966339,0.3155,0.2973
2026-09-10T10:31:05Z,8956227,0xff73ae961d601c3909ecaa4df0c87d77b3aaebaa99634c0b15364042997cc2e1,STX (token 1),0.266599,966347,0.2657,0.3337
2026-09-10T10:31:16Z,8956228,0xa6e156ddbd3e013e8aba5746edc9ec63dd88d88e02647e989808329176bc4ed7,BTC (token 2),77948.976765,966347,77902.2838,0.0599
2026-09-10T10:31:28Z,8956229,0xc669f65661901ee9caf1f8ce9470f483d13006d9a4f69bcc2e3b619d50c9b453,stSTX (token 8),0.315811,966347,0.3148,0.3336
2026-09-10T11:40:53Z,8956483,0x73c079e90a3b21992bec91683b6b77b55577c4b0a357076e3438b07d435f0cea,STX (token 1),0.2668,966353,0.2666,0.0893
2026-09-10T11:40:53Z,8956483,0xf7c984a55fdfd868ed73e709f4c3a7fe6315c032fd6cb116f6ddfb32667e4b51,BTC (token 2),77999.49,966353,78000.9512,-0.0019
2026-09-10T11:41:05Z,8956484,0xcd473054773268cb4958731e20478f4552cec5823407c5296f909296c9295e39,STX (token 1),0.266652,966353,0.2667,-0.0225
2026-09-10T11:41:05Z,8956484,0x988c7f08a4db2a511c302297eddaa2ba5dac85fd79ae62e3467e516927af72c2,stSTX (token 8),0.315875,966353,0.3159,-0.0223
2026-09-10T12:50:52Z,8956965,0x89bbbf952850aeb86594671133b39f3066a4949669ccf18ce749d54379221c65,STX (token 1),0.262715,966360,0.263,-0.0894
2026-09-10T12:51:12Z,8956966,0x682b2a12be7afcfce49cbdc189200469f065d175110d34cf5462bf8c63aa2286,STX (token 1),0.2627,966360,0.2627,-0.0001
2026-09-10T12:51:34Z,8956967,0x583965982a69b86dc1d71157beec70dcaef631d6fb4369d81ce05b93d4ae6a69,BTC (token 2),77053.97,966360,76997.03,0.074
2026-09-10T13:01:25Z,8957015,0x398ad6f4d82cb8f76330fb1a525a691e0477d611235f35ad608797b85d7a2bd8,stSTX (token 8),0.310322,966360,0.3116,-0.4037
2026-09-10T13:50:38Z,8957347,0x77c194d40b547106e489719d54ad31a7b49378cfebe67e6eb7011f567b74addd,STX (token 1),0.265365,966368,0.2654,-0.004
2026-09-10T13:50:44Z,8957348,0xb9c7c03350e93530b989e4a0cbd7e763bfb5af3ead3070d777009e0491a10a95,stSTX (token 8),0.31435,966368,0.3144,-0.0044
2026-09-10T14:01:23Z,8957431,0xe05a508f18e932185fa38909c696d06374508937af3468e5e465f3f5e35a8e7d,BTC (token 2),77240.67,966369,77285.514,-0.058
2026-09-10T14:01:23Z,8957431,0x69aa9b75c96a9b52666c7e5cb220ce3e977a2fe2a31ee4c638e1515476846081,BTC (token 2),77180.308812,966369,77285.514,-0.1361
2026-09-10T16:01:07Z,8958012,0x1c1bef1ecac77ef0fcfceaab3884b5e85cf3de79f52761878eda3ad0a3725163,STX (token 1),0.2635,966375,0.2633,0.07
2026-09-10T16:01:22Z,8958014,0x3f9fe2378dd436980a102f434aec61de50329f2acc4e4eee427d925001c46999,stSTX (token 8),0.312142,966375,0.3119,0.0676
2026-09-10T16:01:30Z,8958015,0x30d7bcaa65fb779c2891aff0334730663d5b1923d28595c4b2ca2c76dce6e23a,BTC (token 2),77194.989557,966375,77217.2991,-0.0289
2026-09-10T16:51:05Z,8958339,0x427673f638fb40ed4e0ce22d0cef6fa0bbd7d6a746142dd7628a710a0303428a,STX (token 1),0.26156,966381,0.2619,-0.1361
2026-09-10T16:51:05Z,8958339,0x7bac1017e414f8981a696fad4ea2b2167280c5ff887bd73d28579b555e670be4,BTC (token 2),77066.99,966381,77076.28,-0.0121
2026-09-10T17:01:43Z,8958396,0xb6b10838024580acd874d3f7881c18d264be3436eb0b60450d9b04550c2fb365,stSTX (token 8),0.310493,966383,0.3104,0.0415
2026-09-10T17:41:12Z,8958676,0x2cbaa00fb71ba83e3bd010753f4f5a120d15910a3aca02c2dd5ffbbfbb3063f7,STX (token 1),0.26353,966387,0.264,-0.1739
2026-09-10T17:41:12Z,8958676,0x87e2bc48f509c7b27c52ff6b4450a08c45ae6b4bf0c77c1cf5daea6fc3c9a182,STX (token 1),0.2635,966387,0.264,-0.1853
2026-09-10T17:41:12Z,8958676,0x58b3b0b1cdaf0afa7ed4273643a094ad58ddbf713fff06ba16e8fef041c78af3,BTC (token 2),77354.995356,966387,77335.64,0.025
2026-09-10T18:01:20Z,8958808,0x01b6254d17b4477cf77e2bd519c71e08fdc50abdb9bd3948125dd07bc83bfe16,stSTX (token 8),0.314038,966389,0.3137,0.107
2026-09-10T18:01:31Z,8958809,0xc5fbed9588e6fdd9beb4871af00d49777cc01d1ba8fa43d0af156b73aa7bc46b,stSTX (token 8),0.313868,966389,0.3137,0.0528
2026-09-10T19:01:26Z,8959153,0x6543f17e72dfe57b726096ecfa542b39392bf086ce31ac6dec75809a4ab0732e,STX (token 1),0.2631,966395,0.2625,0.2114
2026-09-10T19:01:26Z,8959153,0xd316225ce8c00b952df72a5257091b1f882d2c01bb7421e85dd3cb85e139c9b8,stSTX (token 8),0.311778,966395,0.311,0.2409
2026-09-10T19:10:44Z,8959200,0x2fc20c1446beee8bdedd5a57249a6badf14b13f4d90495672dc19e6649100545,BTC (token 2),77141.095591,966395,77127.7366,0.0173
2026-09-10T20:50:49Z,8959755,0x0c0571e6611e1022a1159adcf64e87f3e49fe891bfea735ccac9010fa17762a0,STX (token 1),0.2621,966403,0.2619,0.0933
2026-09-10T20:51:03Z,8959757,0x88c803fb93237d870002399454757b582a1f17dfcc4827e6fe8114eded6fd745,STX (token 1),0.262078,966403,0.2621,-0.0105
2026-09-10T20:51:03Z,8959757,0x8a19c8915c5f5a213b25b4ab3ae8cbecb3289329332f3697bbadfedc0047561c,BTC (token 2),77236.280844,966403,77234.6855,0.0021
2026-09-10T20:51:10Z,8959758,0x90e9e613cf428b2cb0664a0cb2e3a393a6c9a72e8d9485281fbea58667f739fb,stSTX (token 8),0.310567,966403,0.3105,0.0169
2026-09-10T20:51:17Z,8959759,0x876ee2ca424ec774dc1b13ea358370c8db734cd11c32ed0e17e441025b873589,stSTX (token 8),0.310593,966403,0.3105,0.0252
2026-09-10T21:40:58Z,8960041,0xcfc7bf0e4525bb88f559ac1afaef4541e5f8683d8e3ad255a73cf701b3db5422,STX (token 1),0.261076,966409,0.2611,-0.0165
2026-09-10T21:40:58Z,8960041,0x99f3e0db0e855ecedb80be9bfa9e2d2b9199bbae7999a53d2ec4d2dfc8c2fdab,BTC (token 2),77167.772003,966409,77167.6906,0.0001
2026-09-10T21:41:06Z,8960042,0x1dcd708b532692d58b1f1ca2aaba02b563489878b96db79bb9f4fdf2e99e3d6d,stSTX (token 8),0.309389,966409,0.3093,0.013
2026-09-10T22:21:00Z,8960275,0x401924b5534b64eb30bdfa5326a2338151fda3fb9426b29f8e18398c0000ac57,STX (token 1),0.260002,966415,0.2596,0.1391
2026-09-10T22:21:00Z,8960275,0x2cb20f5b03785f0b801a0b35330e3c3cdc5447db271868db275977d09e1e1494,BTC (token 2),77176.620333,966415,77183.2694,-0.0086
2026-09-10T22:21:00Z,8960275,0xac1a04c3c4c6b4fded20bfee6cd656260173b20f9c89125e76ae06a336cb50c7,stSTX (token 8),0.307826,966415,0.3076,0.0735
2026-09-11T00:20:52Z,8960960,0xe8dc84a0a7334054334207f65f4bc1226b9f00472689a7c9cae4810c2611d00a,STX (token 1),0.253917,966422,0.2526,0.5367
2026-09-11T00:20:52Z,8960960,0x8da9fdb3198560ef90f05af84da9305ee1e6ea3f82fc071c8f1f1d6ad94feb35,STX (token 1),0.2533,966422,0.2526,0.2924
2026-09-11T00:21:00Z,8960961,0x684d8b1cda1f66a97d65376c82fa6dd3f59dc71800a747ef449b28480ea67da5,BTC (token 2),76758.902726,966422,76782.5167,-0.0308
2026-09-11T00:21:00Z,8960961,0xf3ea038b50bda7543251dab9d15b3b597890b73c1f965793074d4723d191e99d,stSTX (token 8),0.299691,966422,0.2991,0.1972
2026-09-11T01:01:13Z,8961178,0x757d46c59696fb5ae814e4c208679fc55655499dcefbe200187f7046688a28da,STX (token 1),0.2509,966429,0.2507,0.0859
2026-09-11T01:01:13Z,8961178,0x111e5ae9f655c7a419edee2cc8bed2403b06660d3be7fbc23f2e582395b02a21,BTC (token 2),76903.8,966429,76914.4831,-0.0139
2026-09-11T01:01:31Z,8961180,0x6fe0476c3d9f9ce9cf66ed1f1ce30a3cc132e7d69b580a0f79790ca8fd235040,stSTX (token 8),0.297321,966429,0.297,0.1087
2026-09-11T02:10:59Z,8961628,0x208108a1f670b07d4e38ee08f47dbedac30b2d0c60f7b46c9c61633ce413bee7,STX (token 1),0.253181,966435,0.2532,0.0108
2026-09-11T02:10:59Z,8961628,0xb822f417374295f9ca2c7e90d25e91175323e4e9e3a41f85665276c176b365d1,BTC (token 2),76926.707584,966435,76895.1587,0.041
2026-09-11T02:11:06Z,8961629,0xe2b9ee3b0c60ab1be89d1352ec59ecfb0cf4595a69e626d8dce4d5bc0cb9ab88,stSTX (token 8),0.300024,966435,0.2996,0.131
2026-09-11T03:10:44Z,8962044,0x0f694d83503d2d02eb8be50c40ad41b84445005e2d77dd6c4568165a6f137611,STX (token 1),0.252892,966443,0.2527,0.0734
2026-09-11T03:10:54Z,8962045,0x8d703531980916abeb2ce78ffd5168949b1ec3a10e60eacecc9b14c67a141e0f,BTC (token 2),76686.19071,966443,76719.28,-0.0431
2026-09-11T03:11:10Z,8962047,0x1d45c04303f417e1b0c1da0af9229519f914dc0c11984a8042d4caa1881a0b6b,stSTX (token 8),0.29981,966443,0.2994,0.1367
2026-09-11T03:50:41Z,8962282,0xd761270cd47bda79a4c2cec45dac4144730dfcefb9fee13e8539151b771e8a11,STX (token 1),0.2542,966451,0.2539,0.1158
2026-09-11T03:50:55Z,8962284,0x2c52b9b2d1629e38e80eefe0d9d66eedc042a75b2e0b4d87cfcb08fc67c5429a,BTC (token 2),76788.229196,966451,76765.2863,0.0299
2026-09-11T03:50:55Z,8962284,0x766d0a044295b291ad4b377f80689a561efc4828ad702aee31231814b3f24137,BTC (token 2),76752.7,966451,76765.2863,-0.0164
2026-09-11T03:51:03Z,8962285,0x8044c7e5e2340ae95045d581aedc6492177d93a261e0e947f4a90d9087e82112,stSTX (token 8),0.30138,966451,0.3008,0.1847
2026-09-11T04:50:45Z,8962628,0x0fda6cdf6517b340143f79713b12cf99c509396becf666a8b2c5a4833dadcc03,STX (token 1),0.256275,966458,,
2026-09-11T04:50:45Z,8962628,0x4e34567a786e79e05e590b34ce228fe9e6953ca7e97ac396555efc22ee32ebca,stSTX (token 8),0.303692,966458,,
2026-09-11T04:50:53Z,8962629,0x643c32abf63662e674dc40e25ad28436aa4747f18e945ccafadc633fae2ff24d,BTC (token 2),77086.92,966459,77092.3238,-0.007
2026-09-11T05:51:11Z,8962942,0xe5ee50b593b63bcdbfdce49327a60988d786216a8004e522879f816015948a83,STX (token 1),0.256847,966465,0.2568,0.0194
2026-09-11T05:51:11Z,8962942,0x19226c72a34b5b880a28060d4f33e1cc62bcd73428aba2b3d91af9b2aefbc13b,BTC (token 2),77167.79,966465,77169.98,-0.0028
2026-09-11T05:51:11Z,8962942,0x89dc692e5ada40a4e90fc0bdaf5d28772fac548b835089426ddb5ca0e5282385,stSTX (token 8),0.304371,966465,0.3043,0.0376
2026-09-11T07:11:04Z,8963371,0x2997c41686eb928f35e9250777686f2d5650e7238dd31ae0517e3caef933b145,STX (token 1),0.256164,966471,0.2566,-0.1843
2026-09-11T07:11:04Z,8963371,0x3bf3f995aacd5c4c8e269825b5f649d805fde802f976ee10ed88f7a19b01724f,BTC (token 2),77328.168416,966471,77326.5613,0.0021
2026-09-11T07:11:04Z,8963371,0x94a8ea4de7c3a2448f5e5e9210a91789c08adea10072e87d7929fbe64033cdb9,stSTX (token 8),0.303574,966471,0.3041,-0.1636
2026-09-11T08:10:53Z,8963631,0xa932492b212ea02e0140c53e20d31a00f6447c58b625ba6c3bff83713e9c782f,STX (token 1),0.254597,966477,0.2542,0.1402
2026-09-11T08:10:53Z,8963631,0x244dd2b5becec4e2779da4bf9ac9962338efcfd30b826a6d3567a7ed1e4d48cc,BTC (token 2),77145.082332,966477,77124.0224,0.0273
2026-09-11T08:11:01Z,8963632,0x123a5f2c9869fd0f69312a4c709854a18848e068826a11b57a072cd082bf4433,stSTX (token 8),0.301704,966477,0.3012,0.1753
2026-09-11T09:20:50Z,8964083,0x10335c09f1fd4f16b3e06ca4f51a2d1c11436b9ef61d68216459c9aec69adfca,STX (token 1),0.255701,966485,0.2557,0.0043
2026-09-11T09:20:59Z,8964084,0x0b586a3fad1a195294147305db5d4f8700bba24c7b09176e32aed4e54e8fdeab,BTC (token 2),77260.547743,966485,77248.8687,0.0151
2026-09-11T09:20:59Z,8964084,0x6576764340d8379aa705d30b9e3e6ef7ece15a1b52f53bf40896364f3e02eab8,stSTX (token 8),0.303013,966485,0.303,0.0186
2026-09-11T10:01:35Z,8964306,0x00e7a567c5df5499db7d60fe491a2e5b61bbdbaacf3d371e28ae97f9be8d1c1b,STX (token 1),0.2528,966493,0.2527,0.047
2026-09-11T10:01:52Z,8964307,0x6e850dfd6d579f8e215823f180ff125750418c900b0430e943404cbe2a3e4a50,BTC (token 2),77040.195854,966493,77041.3735,-0.0015
2026-09-11T10:11:01Z,8964359,0x91df0c53a897d100de59296ecf71583cf4cc00457dc2956ccfa8dc3aefa993b5,stSTX (token 8),0.300266,966493,0.3008,-0.1827
2026-09-11T10:11:11Z,8964360,0x398e5a6bf0e1778ff06f012923d5ceddfce183d3dfd3b9502df74d70fa8668bb,stSTX (token 8),0.300405,966493,0.3008,-0.1365
2026-09-11T11:48:19Z,8964785,0xe568517280a7e47d62e0142d04e9a3588c252c33031e30ec1b6b964549e97318,STX (token 1),0.2514,966499,0.251,0.1686
2026-09-11T11:48:58Z,8964786,0xdccddae072fa34cc9309b4ff47a0a0f163c76f6a3e0e72344e9f9c096d2e9756,STX (token 1),0.252498,966499,0.251,0.606
2026-09-11T11:49:31Z,8964787,0x7ea1859da0ac76a35983928cda773e5b94bc40456709f2dc993f2dac4bcd9b7c,BTC (token 2),76835.694626,966499,76893.6836,-0.0754
2026-09-11T11:49:52Z,8964788,0xb463086f7e2f56151d55cb2bf3e92179e18121f779ddab7d78441b4674b590e5,stSTX (token 8),0.29922,966499,0.2969,0.7791
2026-09-11T13:21:01Z,8965251,0x632fe9b46e4c7b2d993e9ee00c43aca1e2f8419e5b0d96a3e5a184ab081bb54a,STX (token 1),0.2587,966508,0.2582,0.1919
2026-09-11T13:21:01Z,8965251,0xd3b0167701ba4786d7f86a220ed64caa106402401cac43052c651e9c2a57511a,STX (token 1),0.257644,966508,0.2582,-0.217
2026-09-11T13:21:01Z,8965251,0xa89eac1a8c0a2c7a099fc84143098f66fbb01bf7879e1046ee92ce656cb032b7,BTC (token 2),77609.694396,966508,77756.4795,-0.1888
2026-09-11T13:21:09Z,8965252,0xe0883cc5b834cac85da858b8a17ae654e4020f681cd897775678d2b4679f3910,stSTX (token 8),0.305317,966508,0.3059,-0.2068
2026-09-11T13:21:26Z,8965253,0x7514cd89a13846af7146ef63d5555fbdf3c3523a8785b345be1f991cc322fbba,stSTX (token 8),0.306569,966508,0.3059,0.2025
2026-09-11T14:20:55Z,8965575,0xbacc672eb1284b9fb23a2ec6ff687f20c28ba03857a1d30da3abdcd8d3c8f6e9,STX (token 1),0.2644,966515,0.2644,-0.0178
2026-09-11T14:21:05Z,8965576,0x13c7d285e0aa328f2f05b8060c2ff128122fd10322e8fd508f32195e475c459c,STX (token 1),0.264398,966515,0.2644,-0.0186
2026-09-11T14:21:05Z,8965576,0x97907a5c3b9591b8bff780930f30f29468a011c037a9a3e2e9df094952031143,BTC (token 2),79076.662505,966515,79114.184,-0.0474
2026-09-11T14:21:15Z,8965577,0x82d79aec2970c95ba1cb540812533f631f5e0923f2da49e43432f9ba6d2b7f51,stSTX (token 8),0.313321,966515,0.3134,-0.0093
2026-09-11T15:10:57Z,8965901,0xec32f20b0878f06c2cca421f2660d0710bf0dce4367401c7ac305c6990892782,STX (token 1),0.263109,966521,0.2627,0.1637
2026-09-11T15:11:04Z,8965902,0xa1c55a224df5461000b79279c5fa787f6902986a21d5696265d21963a0464cb9,BTC (token 2),78643.758081,966521,78548.52,0.1212
2026-09-11T15:11:12Z,8965903,0x01d01355fc1b817a2db51d31d4539bd2046e401de1821c5bbb9c1ba80c1f1ce0,stSTX (token 8),0.311793,966521,0.3114,0.1338
2026-09-11T17:01:22Z,8966595,0x6e199a2c4b3e333424e41af13829c70d2053edd788ba30284fd89bcc075479be,STX (token 1),0.260983,966528,0.2613,-0.1033
2026-09-11T17:01:22Z,8966595,0x8fe33684e20ef51aa11c3751f0cf08c39360f246b014eeac8ee0bbba59694640,STX (token 1),0.2614,966528,0.2613,0.0563
2026-09-11T17:01:32Z,8966596,0xc9d5dd959d4c64da3b13d316e49c27f9aaa24513f53e7a58d2de85bace25b6f9,BTC (token 2),77929.041859,966528,77896.42,0.0419
2026-09-11T17:01:39Z,8966597,0x9b651e30df702f69846171c310e819012f4a7079182a468f6331bbd98a7dd203,stSTX (token 8),0.309282,966528,0.3096,-0.0945
2026-09-11T18:01:20Z,8966954,0x7425fd1f275f2a4930bac9f04a0cf1eefab5605bb5ef01180247d97ac03840d0,STX (token 1),0.25672,966536,0.2563,0.1599
2026-09-11T18:01:31Z,8966955,0x0d0521df11e723444d95c08fb6dfaafdf389b80afdc0dd5a133bf8b849b852b7,BTC (token 2),77537.704271,966536,77388.3046,0.1931
2026-09-11T18:01:31Z,8966955,0x8fb8d8008ad0e71ff860d5e24849be6177a83caff69434478e7a0068ca17d8e0,stSTX (token 8),0.304232,966536,0.3037,0.1682
2026-09-11T18:50:56Z,8967113,0xcbe97de2e841d05c897dea22b01a59651dd82e194fce3ee743710e606f1686c6,STX (token 1),0.253918,966542,0.2536,0.1407
2026-09-11T18:51:05Z,8967114,0xf67e5f94d06b2e29834419156e176fd8c6c00fdf6c4796b3f28babd187fa5f60,BTC (token 2),77050.326752,966542,76983.0565,0.0874
2026-09-11T18:51:15Z,8967115,0xdd9f95bb7bee128823711f30317c889446d21d9a1b854c1baafa7f09cc7294c7,stSTX (token 8),0.300911,966542,0.3002,0.2468
2026-09-11T20:01:40Z,8967553,0x3ddc3a2c968d6dc26aecd8f303bdee2187e2bf357b72bd9b37c9a6e2dc4338ef,STX (token 1),0.254143,966550,0.2542,-0.0287
2026-09-11T20:01:40Z,8967553,0x8cd1d6994366366b4c8140a000fab761bd4ddff620e683c300bf1837f0ab0451,STX (token 1),0.2543,966550,0.2542,0.033
2026-09-11T20:01:40Z,8967553,0xe1defaf7891e4cf32c276f9a17b62255a8bdab48d6872e506154d2a9cd78b15d,BTC (token 2),77303.515014,966550,77288.4864,0.0194
2026-09-11T20:01:40Z,8967553,0xe0808c2d88139173997d4f3834101a95272e7009d2731fa6b570621319de398d,stSTX (token 8),0.301178,966550,0.3012,-0.0227
2026-09-11T20:40:53Z,8967772,0xb2fdd71ec7dc2a704cd03915bef3df73b4508cede2c1da9b0cc6fa8deaa2a737,STX (token 1),0.2556,966557,0.2555,0.033
2026-09-11T20:41:14Z,8967773,0xc86f69f4aca2a4613d8e42042df19d1eb6c3b367edad5aa89280f8821a432977,BTC (token 2),77415.506569,966558,77362.6019,0.0684
2026-09-11T20:41:14Z,8967773,0x45675d7b2027c3c2d9efbad3e269d987e893fc430729dba5c3763a0480acba0b,stSTX (token 8),0.302235,966558,0.3027,-0.1633
2026-09-11T22:01:23Z,8968274,0x143675548c527016a7a6ad2cd5cb52ab0b40b1c69378e02e3a97d1ed3b318733,STX (token 1),0.25346,966568,0.2523,0.4451
2026-09-11T22:01:34Z,8968275,0x0977af74e320e33b1c66426b713b578da5b8aed7123fd1a6ff02f30f0855c324,STX (token 1),0.2525,966568,0.2523,0.0646
2026-09-11T22:01:34Z,8968275,0x1671f6e7e1eb0722a144310b8c5482c5eff7db4dc22dca330e841a6c2d7981ae,BTC (token 2),77073.896854,966568,76989.4478,0.1097
2026-09-11T22:01:34Z,8968275,0xe1fcc78c6a718d842c6aa4f3c90470d1049844e26f728b10a6f88d8b995228b0,stSTX (token 8),0.300379,966568,0.299,0.4524
2026-09-11T23:20:53Z,8968687,0x2b55ff13c2a4d469e5fd8f9f61eca4dabef01d3aa01eb06fffd30957481aac18,STX (token 1),0.252604,966574,0.2525,0.0246
2026-09-11T23:20:53Z,8968687,0x4d41e38963625a00b257ac4470c690a006b871dcc1bf90ee457be5ddae3f7844,BTC (token 2),77139.907024,966574,77132.2755,0.0099
2026-09-11T23:20:59Z,8968688,0x44011676919f9ed0cc70862c5e3802504239dbd77f77a144dc6baa2befde6568,stSTX (token 8),0.299365,966574,0.2993,0.0306
2026-09-11T23:21:15Z,8968690,0x914ecb46c9895bff3852b59ffb4d499c436931609699193cf4c20c50d0b35c30,BTC (token 2),77131.07,966574,77130.256,0.0011
2026-09-11T23:50:44Z,8968874,0x96982ed948d635b49459a75f29678450748e46582e0aa5a2cf974b69693b67db,STX (token 1),0.252724,966580,0.2525,0.0721
2026-09-11T23:50:44Z,8968874,0x5e87489daec1edf0351f0cd467a566319030aff89029c301090728a65d871780,BTC (token 2),77169.139962,966580,77155.0902,0.0182
2026-09-11T23:50:56Z,8968875,0x6c5f9285902cdcc2d5c90d2dff5e789c4be956280eaf738348340799a81912d7,stSTX (token 8),0.299508,966580,0.2993,0.0778
2026-09-12T01:01:43Z,8969282,0xa1bf283adf9eacff46864412392e87a87ba81d9f2589d3c2e4775a83bbdf5044,STX (token 1),0.254734,966586,0.2548,-0.0079
2026-09-12T01:01:43Z,8969282,0xa636e85d5bd36fb055436c82f0c682a4b665c62f2d84ca7a119b40a4b6794a97,BTC (token 2),77282.67706,966586,77248.3928,0.0444
2026-09-12T01:01:49Z,8969283,0x43e824c91e58794d543e36194c751c73bfc2614eabb6af315a6cce30b1d48229,stSTX (token 8),0.30189,966586,0.3019,-0.0036
2026-09-12T02:01:28Z,8969655,0x3dffc60b8310a8ca349819594e79b5756d413cf6f549d9801a144dace4dd4ab6,STX (token 1),0.2574,966596,0.2578,-0.1585
2026-09-12T02:01:36Z,8969656,0xebb0d34885b6d4d0234b96f3cd5bac02a69292930fbdd791e0c2965d32cb1b20,BTC (token 2),77267,966596,77290.6315,-0.0306
2026-09-12T02:01:48Z,8969658,0xe6e23b649b8c733be17fbcc6b336e368ae81f4c2ed4030bc7764f5b03b6b3873,stSTX (token 8),0.305049,966596,0.3055,-0.1555
2026-09-12T02:40:48Z,8969881,0x5681eabdd98fd3b0a04f57dc5d70c8508edbac7e5f379aa000e0f80ebd4135c9,STX (token 1),0.259411,966602,0.2591,0.1361
2026-09-12T02:40:48Z,8969881,0xcf198f36904038747f57a3e69ce7c6906f577e925cee970ad2a5cbd70472540b,stSTX (token 8),0.307433,966602,0.307,0.1386
2026-09-12T02:50:45Z,8969945,0x53020d351d546f1916dca89606e931ecd823381686f14a9a7327766e043a692d,BTC (token 2),77236.261509,966603,77261.7361,-0.033
2026-09-12T02:50:56Z,8969946,0x07cd93913ea5bef9d509bc7d620976aff0b40e11fda47772b1f6397b233a72bb,BTC (token 2),77269.28,966603,77261.7361,0.0098
2026-09-12T03:50:54Z,8970285,0xa38d5ac49fabf35241fcc60290b23ca63295b3d2a0c6f79f1f19da1d28af3a7f,STX (token 1),0.259807,966609,,
2026-09-12T03:50:54Z,8970285,0xde080960538fd39d3e39f509b7018049265e88d82dfb28b511a27e5d28b5be49,STX (token 1),0.2598,966609,,
2026-09-12T03:51:03Z,8970286,0xcf4394518ff8595903e06d3c1072b0c2fafffa5156270232ecfc4969fc7191b8,stSTX (token 8),0.307902,966609,0.308,-0.0369
2026-09-12T04:20:52Z,8970509,0xaf501da5a56e9c5db5abace21ae818331c5616e8d133d60c6702a2aa1f9f9e82,BTC (token 2),77246.154746,966611,77237.1953,0.0116
2026-09-12T05:11:06Z,8970775,0x992f78f1545b07270317f6774bd4d5b798187bae31364335a37a4ad67d2548c6,STX (token 1),0.262094,966619,0.2627,-0.2297
2026-09-12T05:11:06Z,8970775,0x0c379391318958a5ec99aeee11fa7857aafdde872b1e96179f8ae3294ceb253a,BTC (token 2),77169.385411,966619,77191.73,-0.0289
2026-09-12T05:11:06Z,8970775,0x0313e6033444532776429d8687ea2e69b04de1ecf9b36f6b9d17af006ee25df3,stSTX (token 8),0.310624,966619,0.3113,-0.2263
2026-09-12T06:11:00Z,8971201,0xb9a81e71538073ccbc425b3c5c697f557c8996931216a75db067c69f24310185,STX (token 1),0.2635,966625,0.2632,0.098
2026-09-12T06:11:00Z,8971201,0x5733066548716138b1e7d91605f963d18fda734aa7cf27ee739339a8c2957a27,BTC (token 2),77195.009134,966625,77199.0725,-0.0053
2026-09-12T06:11:09Z,8971202,0x0be5b5176e096fafb1e4436538db4fea6799a14132c67201b802448ec311dc9c,BTC (token 2),77215.46,966625,77199.0725,0.0212
2026-09-12T06:11:09Z,8971202,0x5cec903a7f0c4b4f780a2e1b427e22b8eba8f537f43c0c97ee164587f5bd58e0,stSTX (token 8),0.312409,966625,0.312,0.1383
2026-09-12T06:41:01Z,8971369,0x6ea3cee793cd2f2a880404fd18c7943da37d694132eb913945cf27af0031f6da,STX (token 1),0.2659,966631,0.2656,0.0973
2026-09-12T06:41:01Z,8971369,0x554cadc07651ba2eb81048874bd7e827c2056a386173238cff08435ad5cba10d,BTC (token 2),77256.884212,966631,77274.7958,-0.0232
2026-09-12T06:41:01Z,8971369,0x92189615487edcdc0a48beab8d90b0ff2e6ecfc5a84807c47963262f2af64ee1,stSTX (token 8),0.315,966631,0.3148,0.0562
2026-09-12T06:41:20Z,8971370,0xa19c399a6e59998c206981207356415a1032310640ae20c29efbe0dfc2675887,stSTX (token 8),0.314898,966631,0.3148,0.0238
2026-09-12T07:20:54Z,8971568,0x01362c9ddfc4451f64490dba7ac049872ddff34a25ec1c7890a469b96d8b2fcb,STX (token 1),0.264874,966637,0.2655,-0.2326
2026-09-12T07:20:54Z,8971568,0xe5b1aa807e8ab9c135b07cdf27e0a0a061bca340c4ea3aa36c8b9a14650b4501,BTC (token 2),77311.965488,966637,77305.4891,0.0084
2026-09-12T07:21:04Z,8971569,0xa35e840479b5707f69cb68ba1e8c04edde4d7b4d05d450e939475dd856b8b26a,stSTX (token 8),0.313931,966637,0.3149,-0.3029
2026-09-12T08:30:55Z,8971984,0xde14b23fdf8407837c878e25178b55809fac390b9f0440a35f977990c84fc118,STX (token 1),0.266475,966646,0.267,-0.209
2026-09-12T08:31:07Z,8971985,0x3f40739eaac9735b21daa2ad455c86d5738639f5b3882be950016744ae00e994,BTC (token 2),77286.845269,966646,77291.8722,-0.0065
2026-09-12T08:31:25Z,8971987,0xdf5c92afefb4ba5bfb2ac49952166f6ea1fb59b939a2c9cdb89965c40221c75e,stSTX (token 8),0.316329,966646,0.3167,-0.1222
2026-09-12T09:20:57Z,8972251,0x0679b9ed1d6819e3496735386941c9175cc955d8b7ae5a226a2e44fd4ab33097,STX (token 1),0.268352,966652,0.2685,-0.0683
2026-09-12T09:20:57Z,8972251,0x265a17bcdfe43f13db83be696ba540ec30b2a03c0ce10ea35d1be5fe044d1951,BTC (token 2),77340.183448,966652,77336.6348,0.0046
2026-09-12T09:21:09Z,8972252,0xc8128e06d3c17d065f97a23012576a9acc66639608c2260a4f70829b45726dab,stSTX (token 8),0.318051,966652,0.3183,-0.0664
2026-09-12T10:41:01Z,8972691,0xbdc6100dbc5452c483599fb322b27989397bbe9bb984b0cfc4c92ad9a7f049a9,STX (token 1),0.27099,966660,0.2715,-0.1823
2026-09-12T10:41:01Z,8972691,0x4aef675c00a5db2da32118ae8bd8e709c67895f81e73e4e664577ffde4b5ad32,stSTX (token 8),0.32118,966660,0.3218,-0.1811
2026-09-12T10:51:04Z,8972734,0xe7762d4d8c3dcc0829585481cb3554d138a08d86b2c1215d05bf712f3ae5bb96,BTC (token 2),77363.420121,966665,77331.506,0.0413
2026-09-12T11:11:04Z,8972858,0x291e2767f21a84e34e9f8ec030250ec79681dc5be00aa2512f59bc435153dcbb,STX (token 1),0.271818,966668,0.2713,0.1811
2026-09-12T11:11:13Z,8972859,0xf602b3098e596047757f6edb77f03eb6e08190b3a979a8b9cc4143410cd71cc1,stSTX (token 8),0.322162,966668,0.3216,0.1819
2026-09-12T11:50:43Z,8973098,0x0ce086e03598a7a393efe6b849ed8f9a003bdcd8463e1617902811c9e9ab2c57,BTC (token 2),77327.418733,966674,77324.6,0.0036
2026-09-12T12:30:51Z,8973333,0xdfd4507c3bed1081bc0841eef9e5eb02bcf993673427dcef499dc5d74f7464d2,STX (token 1),0.2708,966676,0.2713,-0.1807
2026-09-12T12:31:00Z,8973334,0x0bdd3edde32d5a2b8810ff49a823aa6fba6720334f840d1be8491853045149db,stSTX (token 8),0.321185,966676,0.3215,-0.11
2026-09-12T12:31:10Z,8973335,0x2c42e70b35ade8b9c6852634e8b3bd5592ed2705911103bf3410d1b30e372fbf,stSTX (token 8),0.320955,966676,0.3215,-0.1815
2026-09-12T13:11:08Z,8973582,0x422b53ccf470c5cce42d23c724437ff225fbc0b426dbb07f0c5f90a8a6a58842,BTC (token 2),77342.558095,966681,77329.6391,0.0167
2026-09-12T13:11:17Z,8973583,0x90be3ded599699b3dffd67591ba38ca428c540c0441d29c88f83f42fce4b5339,BTC (token 2),77340.1,966681,77329.6391,0.0135
2026-09-12T13:20:49Z,8973633,0x22698167ac0b0efc1caa9afa49d1fa57b6649dc48b758f2c71f2cb7f324dc7e4,STX (token 1),0.2703,966682,0.2702,0.0445
2026-09-12T13:21:00Z,8973634,0x287ac86000dd4093d919aa04e42a57e1686234009a6fa18cabea036901acbb9d,stSTX (token 8),0.320574,966683,0.3202,0.1089
2026-09-12T13:21:18Z,8973635,0x482f8718d83ff48fe6479cd4be0c0d82ca8f7261ee4755783e66134265959852,stSTX (token 8),0.320362,966682,0.3202,0.0426
2026-09-12T15:01:25Z,8974247,0x1dd5a99e5f35caf3462dd7c52fdb814fb487ac25636f1cf2220a56f913a16231,BTC (token 2),77441.054307,966688,77445.9133,-0.0063
2026-09-12T15:01:35Z,8974248,0xe002347da806df644787e1934966827574b5a31b3133b928c164264cc490ad2a,BTC (token 2),77450.35,966688,77445.9133,0.0057
2026-09-12T15:50:52Z,8974485,0x24919a47d9c03a59157e441da620c71b08770f623155e3298d2820c0803ddb86,STX (token 1),0.268077,966689,0.2681,-0.0229
2026-09-12T15:50:52Z,8974485,0x07dba81dcb934e08ff13fc4c76a5e0e1f739e9be9d2e594a8b1a5c701b3f5664,STX (token 1),0.2683,966689,0.2681,0.0603
2026-09-12T15:51:07Z,8974486,0x66a6bdad00e584a0e03b1c311bfd32d41a89b33e7147115689169f54cbd9c1d9,stSTX (token 8),0.317735,966689,0.3178,-0.0237
2026-09-12T16:41:00Z,8974781,0xb41d87c296c3120d9d7419c6e73728e735e4033dbeccf850feff88434029de0f,STX (token 1),0.267102,966695,0.2662,0.3212
2026-09-12T16:41:00Z,8974781,0x7f98d9f607bb86a7f817c7e765cd6d2a01d6d38aeda1a590e1cf311b95aa1498,BTC (token 2),77343.654122,966695,77356.95,-0.0172
2026-09-12T16:41:08Z,8974782,0xf019bdf19b3037a0129dcdc7edddfa268d381e5cdaf4e7a488e86975a38e69fb,STX (token 1),0.2664,966695,0.2662,0.0576
2026-09-12T16:41:20Z,8974783,0x1f77035d1bf869da6d20f0b8c0c3f43541d77f336c426a916a0fbd8f1add72a8,stSTX (token 8),0.316581,966695,0.3156,0.3206
2026-09-12T18:01:40Z,8975156,0x6cb9fc95fec6979026057833dce5c69051d65ec641aefe48f4a79f0c6c0663d0,STX (token 1),0.265756,966701,0.266,-0.0875
2026-09-12T18:01:40Z,8975156,0x815c5f1847a3cc3bbf78f30f3f9f45b999d42172dd0fa5b1dedbb87bba1b5618,BTC (token 2),77175.5,966701,77175.49,0
2026-09-12T18:01:40Z,8975156,0x77ff3999a528debcc49fce29d2ec2d22c145242843cb262f14edb742a326e21b,stSTX (token 8),0.314986,966701,0.3153,-0.0887
2026-09-12T19:01:23Z,8975447,0xad9072f2d8f0a6357a0cb6f6b9fa598179904a177b6689d3865c180c12815e3b,STX (token 1),0.264781,966707,0.2645,0.0884
2026-09-12T19:01:23Z,8975447,0xbf29b71985453cb6eab2290565bc7167b99a484729d87f42e229176722a3fdaf,BTC (token 2),77142.011675,966707,77136.3696,0.0073
2026-09-12T19:01:33Z,8975448,0x4869741cbe70c4c82dcf2d2635477fe31fc09877e5f0f0036ed77e549a799de8,stSTX (token 8),0.313834,966707,0.3136,0.0879
2026-09-12T20:10:43Z,8975739,0xae2feac151f5ae1d828f9f5d7354a6e60bb323f1767eafa3dab8b6c58b4548cc,STX (token 1),0.264842,966714,0.2646,0.0767
2026-09-12T20:10:51Z,8975740,0x02ace962dbb06b621746f6dd8d698616d8441c070e8a9522b71bd92572a23465,BTC (token 2),77162.759539,966714,77163.9482,-0.0015
2026-09-12T20:11:02Z,8975741,0xaa3178047065f7656f57d9f3f6bd23c1ffd9de4242503d4a053d9d7f4e217049,stSTX (token 8),0.313879,966714,,
2026-09-12T21:10:57Z,8976013,0x5016f4ca35a319e9364f0624aec6a3bc85c7827f3824dc8bb2ece852cd501557,STX (token 1),0.2671,966720,0.2669,0.0595
2026-09-12T21:11:08Z,8976014,0x26edd59c9eeec55771f739ae22196013fba225045afe283b8cc2bc20eea028b7,BTC (token 2),77205.582128,966720,77225.2067,-0.0254
2026-09-12T21:11:19Z,8976015,0x18be6ef42f6cfacd32c0e759ad3abe0511ebeb763f85e088ce7f5afa4f96a286,stSTX (token 8),0.316586,966720,0.3165,0.0216
2026-09-12T21:11:19Z,8976015,0x9b57930f0744305468f99df82814b083093bae2b6217fa268a4e166d55e9e706,stSTX (token 8),0.316482,966720,0.3165,-0.0113
2026-09-12T22:41:09Z,8976472,0x1a93918c432e4a7c32cf5f8fa508bd533cc57d91edb437d67d699a9bc877445a,STX (token 1),0.266459,966726,0.2662,0.0965
2026-09-12T22:41:09Z,8976472,0xf2504596f38f63804d1173bc56e74049698290c42cf82f23e163d2282b5d244c,BTC (token 2),77192.74,966726,77194.64,-0.0025
2026-09-12T22:41:09Z,8976472,0xa151dacdb4a00f11a1dcbc5838324e7f667eaf9502ebe442f90dce584870d573,stSTX (token 8),0.315828,966726,0.3155,0.0959
2026-09-13T00:01:55Z,8976926,0xf091691f26d7d8d83178e9c653ff5b203c50ede3284327ed52d1c1c19377b285,STX (token 1),0.2677,966736,0.2677,-0.0173
2026-09-13T00:02:05Z,8976927,0x87fa12498fe9edea8a904508abe79203e6b8364c65dcbb015ec3e7723a5c1d3f,STX (token 1),0.267517,966736,0.2676,-0.0297
2026-09-13T00:02:16Z,8976928,0xae9d06b1edfb49a76bfb632b945d626d1c275662bf99988598216070126f21bc,stSTX (token 8),0.317081,966736,0.3172,-0.0312
2026-09-13T00:10:49Z,8976963,0x399eb24b4438ac3101a0246744a061f6220b57a3def4f9f63c7d7decd334e313,BTC (token 2),77266.992115,966738,77287.1395,-0.0261
2026-09-13T01:01:30Z,8977249,0xfaa12b744450e7a6888890a51218a1395bd226d4ab872f5f8138bf4398b873e3,STX (token 1),0.269461,966746,0.2686,0.3169
2026-09-13T01:01:30Z,8977249,0x39bdad1117256207c64b19c06b129fece689706622e739e672258d2257d7398b,BTC (token 2),77252.734822,966746,77269.1779,-0.0213
2026-09-13T01:01:43Z,8977250,0x59fda2ef0eadf8fa515fe7d9811193f4873e7e4c8765a1b767fe0d269963aca8,stSTX (token 8),0.31939,966746,0.3184,0.3165
2026-09-13T01:50:53Z,8977500,0xf72d9b125a7b795e1af1b5e0092887cd9ed6d713a83af40afe0a979074d32968,STX (token 1),0.272,966753,0.2712,0.2915
2026-09-13T01:51:05Z,8977501,0x41d2dcd4078dbc0e97f6babf78edb434396f60e3f66ba6801c566eba48234437,STX (token 1),0.270666,966753,0.2714,-0.2555
2026-09-13T01:51:05Z,8977501,0x15b5567589a09df735ddc0f24c6be566dfbf6137c50cedd7a0ce9fb2cd6c82dd,BTC (token 2),77290.733345,966753,77284.0756,0.0086
2026-09-13T01:51:33Z,8977503,0xe8fa32763a947b1821cdaca5c1f6deddd848dbb20ccb69f4540db37ce33e8d11,stSTX (token 8),0.32082,966753,0.3216,-0.2558
2026-09-13T02:42:04Z,8977735,0x6549257abe7d12b1bd4d99e9059597739c5cacd52713c781ddf1deeb4a89e7e9,STX (token 1),0.274841,966761,0.2746,0.0723
2026-09-13T02:42:15Z,8977736,0x08658e7271d56c49f6211d8464769a386266f2c47ca780977cb6e0ac38f09858,BTC (token 2),77236.428446,966761,77228.5586,0.0102
2026-09-13T02:42:15Z,8977736,0x09f8f00dd8025d90d913111f6108432433a03959f38da415ffa9a90254cbfa68,stSTX (token 8),0.325478,966761,0.3255,-0.0176
2026-09-13T03:30:52Z,8977989,0xee597f04e626f8cfa8f4375c250d7fc15a3435e3907a360022fa9ba0532ddae6,STX (token 1),0.276604,966767,0.2756,0.3652
2026-09-13T03:31:12Z,8977991,0x09a95a6142276ad1457e61f064e1db3c271744685f51e5f6f08e91e963bffc84,BTC (token 2),77240.83283,966767,77230.1135,0.0139
2026-09-13T03:31:12Z,8977991,0x606ade94da3ebc1ee7fa9967c17485165daab030b55077594b264d03923fe627,stSTX (token 8),0.32761,966767,0.3259,0.5251
2026-09-13T05:10:55Z,8978483,0xf63ec3098f91da62e33f43ce8e9cc6ecd86f2e53b557d0f400b3450889327e8d,STX (token 1),0.276466,966776,0.2766,-0.0405
2026-09-13T05:10:55Z,8978483,0xbd0476e64b78d38ac0c81b8590fd1c66fcf2e5f8608e63540b20c69efc9c6637,BTC (token 2),77203.225082,966776,77213.1194,-0.0128
2026-09-13T05:10:55Z,8978483,0xd8487345064dfc8d4dd2fcdebd8a655e43eecf4bbf32bcc95589bcedd0692bbe,stSTX (token 8),0.327701,966776,0.3278,-0.0405
2026-09-13T06:31:09Z,8978765,0x442db9743c42c9d6aa233fd0871c41f56215713105d0b3a936f94b4d13660a66,STX (token 1),0.278042,966785,0.278,0.0231
2026-09-13T06:31:28Z,8978766,0x7a91b398cbac56dd66db5f59a54f1abe9d2fdf36cd5b29ff8eeb07ade7e15a82,BTC (token 2),77269.748711,966785,77272.8038,-0.004
2026-09-13T06:32:03Z,8978768,0xe1a46095deffd727f4f16a73590b47864d4b08c49e68525752dc7a861e1a6596,stSTX (token 8),0.329569,966785,0.3295,0.0225
2026-09-13T06:32:15Z,8978769,0xde1c0ed74d9d6cecc9134ecd89399539aa0bb95fdcae218704b3b6eac21499d4,stSTX (token 8),0.32952,966785,0.3295,0.0077
2026-09-13T08:01:32Z,8979066,0x87f8d0daea4ebd173ffb32ca92cc39184c701bfc7549c0115f768d8f0ee43774,STX (token 1),0.275049,966792,0.2762,-0.4209
2026-09-13T08:01:40Z,8979067,0x01cdaac3a47209380159ac5685b2a17551328f0015341a3d0f2c288b69d57dc7,stSTX (token 8),0.326021,966792,0.3274,-0.4223
2026-09-13T08:11:11Z,8979100,0x4635c241fa62c7047b03bb7bb275c2febd28bffb99b313a89bc7c0284866cd2a,BTC (token 2),77113.186831,966792,77049.18,0.0831
2026-09-13T09:31:00Z,8979396,0xb817e2b961de2bc6fcb0b974de3766480ce903a6201eb1775c52cb43f9c293af,STX (token 1),0.272258,966799,0.2716,0.2425
2026-09-13T09:31:00Z,8979396,0x893a65654d3c666df15c34e67639315f33f3df1c300550ca45b1c5dd74db4aa2,STX (token 1),0.2723,966799,0.2716,0.2579
2026-09-13T09:31:08Z,8979397,0x40a4b3c14f73e0fab4f8c1818b8cb1c6365fd387f1bf885c8dd1e15997d7aa80,BTC (token 2),76700.512279,966799,76577.52,0.1606
2026-09-13T09:31:18Z,8979398,0x009c4c07759a6a7380a56966371f182eaa312ff5b252ce6d3b6787349ca71ad2,stSTX (token 8),0.322713,966799,0.3219,0.2404
2026-09-13T10:31:01Z,8979699,0x342223e3b540e175ad5ab6bef41a4fd2f82d6452b4479b1bd58c30582b6b82b0,STX (token 1),0.273756,966805,0.2734,0.1327
2026-09-13T10:31:01Z,8979699,0xc6a0837a35acfb50ec55f3dd65a1be8b25eb915b006de28229f2dfe9c058d9f0,BTC (token 2),76718.373362,966805,76737.6606,-0.0251
2026-09-13T10:31:13Z,8979700,0xe4019bd71dc77c1b7a67012d1c5c782717ca7574d6a9fe997573a161c0091bf8,stSTX (token 8),0.324498,966805,0.3241,0.1331
2026-09-13T11:31:01Z,8980055,0xc220d39b927ed8bbf637ca2635089e20bf9ace9399c3bb134e0d910791bf19b5,STX (token 1),0.270138,966813,0.2698,0.1438
2026-09-13T11:31:11Z,8980056,0xe48848ce2fbb95b2c628900f8b85ec3c30f97f0976270168323c5ae476113fc2,stSTX (token 8),0.32021,966813,0.3197,0.1439
2026-09-13T11:31:27Z,8980058,0x699431ed097f43e0c40da6f7d2ef3588e783de76167366eaa1cd16694081f4b5,stSTX (token 8),0.319928,966813,0.3197,0.0557
2026-09-13T11:40:40Z,8980120,0x06260a29b339f63045c3c1375095b788763c21c78f098b31d93d4f288886e55a,BTC (token 2),76708.569807,966813,76757.56,-0.0638
2026-09-13T12:30:57Z,8980401,0x9de0c6e28208d04380f11208e2c67c33b498da2ec416d450d0297fdbd278b4e2,STX (token 1),0.27356,966821,0.2734,0.0753
2026-09-13T12:31:10Z,8980402,0x82b7e8be4114485fe50bca536db254c5ab0ce0f0c358a27e938da8e951cd839e,BTC (token 2),76824.371979,966821,76779.9076,0.0579
2026-09-13T12:31:10Z,8980402,0x8953ce5de431a1bf3382f49a4a21c7d4352dcca782eb40f345d4e6703c088503,stSTX (token 8),0.324268,966821,0.3237,0.167
2026-09-13T13:50:59Z,8980849,0xad956542160af82c3bff3273d2cda3fc37059fcc30a7c51cf0d4af498f772397,STX (token 1),0.270971,966827,0.2715,-0.1947
2026-09-13T13:50:59Z,8980849,0xdb775d297e38eea307f8fcdd0d04c18754abb5fcc34ab4d5c4a0ef3eadd5d81b,stSTX (token 8),0.321199,966827,0.3218,-0.1951
2026-09-13T13:51:08Z,8980850,0x0c15e9e8da53c2e9415d7402bff846d98de6704a9f218d4c1048e7e6fe760f1b,BTC (token 2),76800.4,966827,76820.99,-0.0268
2026-09-13T15:01:14Z,8981279,0xd7d3718f6a9fd9329e77742e59e9a1da29f591b7285f9474d70cd93554762051,STX (token 1),0.271355,966833,0.2712,0.0523
2026-09-13T15:01:14Z,8981279,0xf4df20d2eb070d685af2f3d078d847af2312129b894ccce7af6aa2e728d45d5a,BTC (token 2),77188.923138,966833,77144.106,0.0581
2026-09-13T15:01:24Z,8981280,0xfaa5b7fab221d7131cb35bff593719f63b0d4b6f5862151484958f06d5a464ce,stSTX (token 8),0.321655,966833,0.3215,0.0516
2026-09-13T15:40:49Z,8981474,0x2d41029208369903aaa5c9da21b20adf3a73230a5112fdc935f15c49e9ee7544,STX (token 1),0.271876,966839,0.2718,0.0232
2026-09-13T15:40:58Z,8981475,0xb7b882c11abb90316aeb84d583c64f8ba49ca6c623e13d52531f068aae6e6670,BTC (token 2),77058.939622,966839,77056.1142,0.0037
2026-09-13T15:41:08Z,8981476,0xc35402d97f1347fcb6f4c7c91fad2edec1bb92c4440b60f15e5e0bd65f9310a9,stSTX (token 8),0.322272,966839,0.3222,0.022
2026-09-13T15:41:22Z,8981478,0xbed54d010aa5166c7f538c968761b4cfdb07e525504cfe99f821b222ad02be63,BTC (token 2),77053.86,966839,77073.2287,-0.0251
2026-09-13T16:30:52Z,8981746,0xd3e8df07a25c9b08b9e49b5e8e5f0db4fa7bbad732f3342dcb54af7da2064edd,STX (token 1),0.275004,966845,0.2746,0.1407
2026-09-13T16:31:01Z,8981747,0x3dc56dc92f4b7ac53504e800622fa0c821cbf5ec0ef7d32b94a508cdae29fd06,BTC (token 2),77240.440912,966845,77240.4209,0
2026-09-13T16:31:09Z,8981748,0x03f1ef7996c3b406a69a37e3519329107985ffdd9ca3e83bb451bc583bc38dd1,stSTX (token 8),0.325987,966845,0.3252,0.2508
2026-09-13T17:20:57Z,8982036,0x9d1e7a961a990291f9ead7f6a91ea3165b938a3a42b3cea5089e02f9d06f51b8,STX (token 1),0.274987,966851,0.2749,0.0283
2026-09-13T17:20:57Z,8982036,0xe6caca35c868288d64781f70240a3270cffe5e1390b4ec72e08097f53ca273bc,BTC (token 2),77319.03299,966851,77328.7431,-0.0126
2026-09-13T17:21:08Z,8982037,0x5d0a2f445bc107eb8fd1f0148b2b803cad2608ed1f4839f095667710bc851d30,stSTX (token 8),0.325968,966851,0.3256,0.1017
2026-09-13T18:20:59Z,8982317,0x144ebb02d0cd448d876a0fb7f65a829ff52c098b20d07aa635590201d5510188,STX (token 1),0.274431,966857,0.2742,0.1
2026-09-13T18:20:59Z,8982317,0xac2ce241e2a3def8ede5a8b7f0e3e0673ddd63db7d971d95df82b8fd6beab6dd,BTC (token 2),77348.545722,966857,77333.3977,0.0196
2026-09-13T18:21:45Z,8982320,0xd0fb8363bcb259a74264133ebe0412b2dd677b73491a8ec971503ac6b6a0d7e4,stSTX (token 8),0.325391,966857,0.325,0.1254
2026-09-13T18:21:45Z,8982320,0x0aca5193d84f1593e50ccc98532820da0c2973ff541430bab8f7935ad7e399d4,stSTX (token 8),0.325309,966857,0.325,0.1002
2026-09-13T19:41:16Z,8982633,0x6c44619afad551fe2c2f2bd36e2eebc89cf22a8792d59c17bc56dbcdc6b7326a,STX (token 1),0.272212,966864,0.2725,-0.091
2026-09-13T19:41:30Z,8982634,0xe6ab887068bb35572d668bf2bdf570ad2e023484c9a7b1bf8bff60fea8c76206,BTC (token 2),77214.117399,966864,77212.0216,0.0027
2026-09-13T19:42:10Z,8982636,0x477c105c29c4dd3d3b70cb5b6c5fb7fd369ce511f74790db448352e2cd1e885f,stSTX (token 8),0.322682,966864,0.3229,-0.0722
2026-09-13T20:40:54Z,8982948,0xa0fa8bf7426f58c0227c7a33dd00c21302596aade8fe41f935055b965d5f1e83,STX (token 1),0.2726,966870,0.2725,0.0524
2026-09-13T20:41:06Z,8982949,0x032f5120e1b96462360b198cd80aba5936fab8656752507451358b3e88c0cec2,BTC (token 2),77285.726893,966870,77275.7173,0.013
2026-09-13T20:41:15Z,8982950,0x182411d29923d955a45cfae3f46a41d0085284504bfad2a3d4120045050fdd9e,stSTX (token 8),0.323586,966870,0.3232,0.1348
2026-09-13T20:41:26Z,8982951,0x2b762aac26442359dbc029ecda4ac02ae2f38a81686ec6db1bece96c33bbe322,stSTX (token 8),0.323142,966870,0.3232,-0.0026
2026-09-13T21:30:49Z,8983204,0x20ee39c7d2c055649ba8cce80fe620967338b38b84dc43c4b84bdd5b85aa6bf9,STX (token 1),0.270511,966876,0.2701,0.1386
2026-09-13T21:31:13Z,8983206,0x54344204a2f54b2093af452ec1adc709e7338c26043f633d476ab8f95eb0eeb2,stSTX (token 8),0.320666,966876,0.3205,0.0459
2026-09-13T21:31:37Z,8983208,0xe654a90a02219c966e295dda1223efa5426abe04c4967ab36676dc33fe412437,BTC (token 2),77376.6,966876,77370.87,0.0074
2026-09-13T23:01:16Z,8983606,0x79e6f8f9ae239497d05859a8b4d81aaecbf5b28bdfadd8d640d9b15011514043,STX (token 1),0.266825,966882,0.2666,0.0711
2026-09-13T23:01:24Z,8983607,0xdd4bfcc48fc109f408c134d5b6aa2fcbae2b5ac8f2bf6acbc1c7bb6fe2d78958,BTC (token 2),76667.433063,966882,76673.6162,-0.0081
2026-09-13T23:01:24Z,8983607,0x539d573888a5cdb28517c5526cba73729a23b4ff21d177545c400db9d11fe56a,stSTX (token 8),0.316301,966882,0.3161,0.0717
2026-09-13T23:51:02Z,8983892,0x0ab779dcbd797509f72e15362a75e7a3e36caf7b362d5543cd0bdf17f278de7c,STX (token 1),0.266303,966888,0.266,0.1005
2026-09-13T23:51:10Z,8983893,0xce354f4d87cd6ce268bb7b9e587cfa6c6c17009c039374dfbb7beeaaf358f526,stSTX (token 8),0.315683,966888,0.3154,0.1009
2026-09-13T23:51:37Z,8983896,0xaf3ab3b0f991e5011ccc3d6a74b15979ab5d67b2df9178208dc3e7ef5b66455e,stSTX (token 8),0.315442,966888,0.3154,0.0245
2026-09-14T00:02:17Z,8983961,0xd9777368fd4712f00814ad7e181b04a00c5f9456359c9e32f2dd56ea4fa35050,BTC (token 2),76806.190103,966888,76808.36,-0.0028
2026-09-14T02:20:47Z,8984748,0x0e5ac3185bc1c7e90768e7d5825dd54a37c6173789f7f718622ef15093d562cc,STX (token 1),0.269417,966895,,
2026-09-14T02:20:57Z,8984749,0x4d55b187691e9321512bbe5ef6545bfeb478806d2d9040bfd38204db0db34567,BTC (token 2),77256.865991,966895,77280.0818,-0.03
2026-09-14T02:21:06Z,8984750,0xf4168025ba2c95934d58307f9edc11c2dc82dfffc1313c393a1fc346596efe00,stSTX (token 8),0.319376,966895,,
2026-09-14T03:10:42Z,8985035,0x257b66b36ca88116f2c880c784928500713d56a200e357c4f28667d4e341180d,STX (token 1),0.267279,966903,0.2679,-0.2221
2026-09-14T03:10:52Z,8985036,0xe7074bfe24d8b0bd51468d0e8494671e53643f3577006cdb59c09b49f604ece9,BTC (token 2),77744.603163,966903,77771.42,-0.0345
2026-09-14T03:10:59Z,8985037,0x71429d85cc49fd6101bfb7ace565a4ee1320a5bbab92042193969333a6c72db5,stSTX (token 8),0.316842,966903,0.3175,-0.2226
2026-09-14T04:01:30Z,8985306,0xab766c5f2c0bf8b0ba0186e1cb0b03c85c2559f880418effbd126d64718f02a3,STX (token 1),0.266946,966909,0.2664,0.2074
2026-09-14T04:01:38Z,8985307,0x3a767b23cfe801eac8802cc7be0bb2f64d4ec09c9b3e810531614ea5114bec46,BTC (token 2),77512.763225,966909,77543.3502,-0.0394
2026-09-14T04:01:47Z,8985308,0x75d140d3323406bdb6a30807b5e84340ab7c52b3410229e0121371963f16de05,stSTX (token 8),0.316446,966909,0.3158,0.2061
2026-09-14T04:50:43Z,8985558,0x54e269bd09c6478c3aa6e51aae2a4c2b15c7ba8754de74c26a7199ee3337a05d,STX (token 1),0.267098,966915,0.2673,-0.073
2026-09-14T04:50:43Z,8985558,0x818da0b6645b95e578e8e0287adf46299e0ce11d6b402d0492f29014d0585f16,BTC (token 2),77628.208737,966915,77660.7233,-0.0419
2026-09-14T04:50:51Z,8985559,0xf53124d368e4746b8caae847ee794d590c531706be77cf0c5d93552070a80b04,stSTX (token 8),0.316633,966915,0.3169,-0.0725
2026-09-14T06:01:37Z,8985979,0xc1e4ec8dbe315edcbf9f5102287f0ce2efdd9f39fd4abff5f92e988bc431f1d6,STX (token 1),0.266209,966924,0.2662,0.0118
2026-09-14T06:01:37Z,8985979,0xea454ecca000849f1f4685f3306bc8da0ab8fc7252bb400cc1d5adc8bd2137aa,BTC (token 2),77559.293284,966924,77608.43,-0.0633
2026-09-14T06:01:50Z,8985980,0x5361595e828c4265c4f55f32b88722de4f6bc26e9aecb67ed8aacf1e93772c26,stSTX (token 8),0.315579,966924,0.3155,0.0117
2026-09-14T06:20:49Z,8986082,0x25fed41b40aefc33984b176dde9de60edf46001a6f76673aadaffc10a1dd7582,STX (token 1),0.267285,966930,0.2673,0.003
2026-09-14T06:20:49Z,8986082,0x8a356e3da6388d4613cf1d128526f4d969eec3eb911e5c0acfd4b3a17e629cfa,BTC (token 2),77704.271034,966930,77670.4252,0.0436
2026-09-14T06:20:57Z,8986083,0xc750312e0e9a4a5ec1939382d2ae5898e3e3e6ec25bc01562d5a1bf8f021120b,stSTX (token 8),0.316855,966930,0.3168,0.0029
2026-09-14T08:11:03Z,8986617,0x0d0852dfa2ebada38edf9abaea4c719dbf2b518cb4a259fb980e497e6d5ce05f,STX (token 1),0.2661,966937,0.2667,-0.2322
2026-09-14T08:11:11Z,8986618,0xa5acda71e6586d007d8077369f173ab91b5571d05ae467cf9aa064d4b31ac2cb,STX (token 1),0.266078,966937,0.2667,-0.2404
2026-09-14T08:11:20Z,8986619,0x2db571ab73c26eaa7802aaffb750072429b1eafb8488d2d72e901fa4e32290f0,BTC (token 2),77784.38237,966937,77755.8809,0.0367
2026-09-14T08:11:36Z,8986620,0xb8b743516c53862639fcd12fce9bd2dee5869d92c530921f641c67bc2b4362e1,stSTX (token 8),0.31664,966937,0.3162,0.1431
2026-09-14T08:11:36Z,8986620,0x9735ee769196997e6397804a4477fd968f151da7f770954c356baf539ef7e5e1,stSTX (token 8),0.315628,966937,0.3162,-0.1769
2026-09-14T10:01:32Z,8987165,0xfc1441f61141dfd1a09f70822465f4ec0097ae1c534f3b92dd57027763cc539d,STX (token 1),0.2701,966943,0.2699,0.0791
2026-09-14T10:01:43Z,8987166,0x7dfdd0fe2daa306e9741e101f744472122c1970e870ebc6a06c2a06ad9a53626,BTC (token 2),78158.276214,966943,78060.6008,0.1251
2026-09-14T10:01:53Z,8987167,0x66555668f02ff16644c687a78b24bb1854415534dc7db2285b631dd0d18e07b3,stSTX (token 8),0.320285,966943,0.3199,0.1063
2026-09-14T10:02:12Z,8987168,0xf64859dc49808e78b562eb0aad966f1918c5350de7a0075d0027372b6c3960c2,stSTX (token 8),0.319841,966943,0.3199,-0.0325
2026-09-14T10:40:49Z,8987351,0x48baf540c779445d5ae572cbd09283895565439ff6b5b88a3daa310cb83db81f,STX (token 1),0.272505,966950,0.2725,0.0072
2026-09-14T10:40:57Z,8987352,0xab805fab94275378b959941f88c2af765e91b7b5d4f1948491aa5a18f7192b1e,STX (token 1),0.2725,966950,0.2725,0.0053
2026-09-14T10:41:07Z,8987353,0x5e1217510e52c56178baf327390d26a9adfd5ba920be2f1a7f8bcd7d447af6a3,BTC (token 2),77898.472535,966950,77934.05,-0.0457
2026-09-14T10:41:24Z,8987354,0x3fb215ada08ef7fbf2cd70868839eb0368044459b047950399b6bdab12752d25,stSTX (token 8),0.323045,966950,0.323,0.0056
2026-09-14T10:41:24Z,8987354,0x4d25ccc0418a1cf3f3820f510a999912356afb9a9c0e5975f7e28179c0c9ba8b,stSTX (token 8),0.32305,966950,0.323,0.0072
2026-09-14T11:30:51Z,8987620,0x6ede32e527975ffcb4ec80e44a4126550724728a1792cf18d1b1f6b368faf17a,STX (token 1),0.272229,966956,0.2725,-0.0951
2026-09-14T11:31:01Z,8987621,0xf232f111d212e33d3c1179325c7bfd4b3fcd32ca6adb51c5f2fcf49d60f32de2,BTC (token 2),77838.052292,966956,77860.0743,-0.0283
2026-09-14T11:31:01Z,8987621,0x9df659d2da22dd232696d3ce19302cea5af02f2c58e372c917348d2d143ef239,stSTX (token 8),0.322723,966956,0.323,-0.0771
2026-09-14T12:31:05Z,8987966,0x6abed0d3f89d9611539401a0a341e1a04b360aba531d76d846cb79f1f79d41d6,STX (token 1),0.272556,966964,0.2724,0.0686
2026-09-14T12:31:05Z,8987966,0x0457dce9cd7367fc6707e0a4818a1616013bf3e4449ab1ca8afd43afb5f416db,BTC (token 2),77937.388175,966964,78004.4899,-0.086
2026-09-14T12:31:15Z,8987967,0xf18c014589ac0caef1c147f75ec8f48c95bce207072d60b99a3fb7d4ab44b1d9,stSTX (token 8),0.323115,966964,0.3229,0.0691
2026-09-14T12:31:35Z,8987969,0x28e449e655e829b822e4ed131295ae611abdf8a0892870586d7a687f223ec1fa,stSTX (token 8),0.322811,966964,0.3229,-0.025
2026-09-14T13:30:57Z,8988268,0x605992db9bfa7bae05e6332dad7d9a35929cb1164326c83e942d93edae79e26c,STX (token 1),0.26666,966970,0.2676,-0.3476
2026-09-14T13:30:57Z,8988268,0xd87b202d39e972fcab16839f32b97a09e60360d50a481ab109afcb4aabc34ee2,BTC (token 2),77781.508476,966970,77970.9188,-0.2429
2026-09-14T13:31:06Z,8988269,0x89fe109c249b3cccbdca8034b14c94fa4ef5f3317338891255c81a0a5a2e3cdd,stSTX (token 8),0.316125,966970,0.3179,-0.552
2026-09-14T15:11:14Z,8988801,0x0dcfa962484ef7f62e28b86428f86678095b2600e4a74c329f197c3e7f344424,STX (token 1),0.2663,966978,0.2654,0.3483
2026-09-14T15:11:22Z,8988802,0x42fad01232ac6e81aad579c018fc7b23ce0a8de38dce33bac660a9529afd657a,BTC (token 2),78416.6,966978,78381.0472,0.0454
2026-09-14T15:11:45Z,8988805,0x6b00e74d9f66f572a3b1541f9fb914e8a2995391f6381a617fe82237b743f288,stSTX (token 8),0.315343,966978,0.3146,0.2346
2026-09-14T16:11:05Z,8989097,0x09652c9a8474e3f76082b16afd4b023479b22a5b81cd22fab7228f78b51e2c67,STX (token 1),0.2669,966987,0.2671,-0.0913
2026-09-14T16:11:15Z,8989098,0x289c39b9d3ff7e615bc48ef2b961f0fc45caf26760e70f1b35691b05a84a2729,BTC (token 2),78478.55,966987,78461.5196,0.0217
2026-09-14T16:11:35Z,8989100,0x87f7c897690aeb1bfdead7536763c01f8abde346a37f4f72b7c3e2ae5e2568c4,stSTX (token 8),0.31641,966987,0.3167,-0.0924
2026-09-14T16:51:16Z,8989327,0xde278eafb626ac934cba34eb58c698653d5e733746358feca9614071a3d0de59,STX (token 1),0.269,966993,0.27,-0.3679
2026-09-14T16:51:36Z,8989328,0x6c96d923db1f0f9999d34365e725d9104d3b7fcaadaf143dd14e6ab64db994e6,BTC (token 2),78841.71,966993,78867.4344,-0.0326
2026-09-14T16:51:53Z,8989329,0xa3869bb24e1b19044a439f68f0bceadb5d068b4539aefa6901395d34628a2efa,stSTX (token 8),0.319854,966993,0.3201,-0.0711
2026-09-14T17:50:57Z,8989656,0xe42a43f84d612912b8437fe1e6dbac2dad0df5b2d9a85581cc7f41429a9e5161,STX (token 1),0.2706,967002,0.2704,0.09
2026-09-14T17:51:10Z,8989657,0x639731774e5714e5f52937d070d115e548f14dd1aca0f7621ee8826ce4a2025b,BTC (token 2),78914.23,967002,78945.0168,-0.039
2026-09-14T17:51:38Z,8989658,0x04568e96a56e09d4f05f80ab2098e12f5e8b24aee02afe83d978b1e4573afedb,stSTX (token 8),0.320803,967002,0.3204,0.1272
2026-09-14T18:31:23Z,8989888,0x7adbf1fa12d1d49d94a754bebf4561918ba807f06f49cc6bd251c0556d2e7dd4,STX (token 1),0.2696,967011,0.2697,-0.0251
2026-09-14T18:31:39Z,8989890,0xeb026e58de78742b1ce4dde5f0f6b76921543af9ed9d3495ac3a1f1f98c30d85,BTC (token 2),79129.73,967011,79160.9995,-0.0395
2026-09-14T18:32:10Z,8989893,0x51ac51a215535f8bf353ece5229fce8d4cf06d62fdf2bdeafe9a4cb67d3ddb6d,stSTX (token 8),0.319617,967011,0.3196,0.0117
2026-09-14T20:01:27Z,8990288,0xda7f6efe677522a2574ab7a59549169536372f3f7ede8337535e8fe2a0e50b8d,STX (token 1),0.268,967017,0.2677,0.1281
2026-09-14T20:01:45Z,8990290,0xae4d8c1dc29e71f66e9178f4810912502b88c898fc858d88beb171417e09257d,BTC (token 2),78985.04,967017,78965.9634,0.0242
2026-09-14T20:11:39Z,8990344,0xf1104e24357436f5f170e6ea18eb183bd375f2289fdee00276da9b933cdd0d53,stSTX (token 8),0.317845,967018,0.3176,0.0915
2026-09-14T21:20:55Z,8990660,0xe4f506a66a58fed1c46749ed83b17a204dffd8613f6aa9c2feddf4b5f30180ad,STX (token 1),0.2669,967023,0.2666,0.1118
2026-09-14T21:21:12Z,8990662,0x3fe3b3168cfe49da984a020dc2d3140185d272a57ae1df2bbd1ae5e3e31e77fa,BTC (token 2),78961.21,967023,78957.89,0.0042
2026-09-14T22:01:44Z,8990883,0xcf306f39f9a01927b331df3a5a6431b8686108326bfbb58fc1523301d02d1dad,stSTX (token 8),0.313579,967026,0.3134,0.0515
2026-09-14T22:22:03Z,8990992,0x3d5d3ae2e220bb30ea04d90bf02d11b7be36035aaa475cefe110d3fe46622db1,STX (token 1),0.2648,967030,0.2646,0.0697
2026-09-14T22:22:25Z,8990993,0x44968db1960ed77713bc55453642b0ae7a0b330044d1ce5a52713f078df819ed,BTC (token 2),78636.64,967030,78613.5689,0.0293
2026-09-14T23:01:39Z,8991185,0x064444439fc3c6bd7cd88723f51b658abd79410b31030a5a52fa1417b458b6f9,stSTX (token 8),0.313344,967034,0.3133,0.0148
2026-09-14T23:40:44Z,8991438,0x89bcf38255ececd31c64b78ec36f2642d7595d6f407b6a993175b9bf122a6aeb,STX (token 1),0.2632,967038,0.2631,0.052
2026-09-14T23:40:55Z,8991439,0xebc121f727ea27d4856875018f6ad09b70f661739c451d01ef235f8c39a52ffb,BTC (token 2),78313.4,967038,78331.5021,-0.0231
2026-09-15T00:11:01Z,8991577,0xd3e64aa34417de5cb94e65ef020c967955c5a7de33fbcf3e9d18d755fb9da3e4,stSTX (token 8),0.314055,967040,0.3141,-0.0027
2026-09-15T00:51:18Z,8991772,0x573ee23ec403b81c91bf11cad4dba95ecaaa52ed73a93652143b1fe28ec5af2d,STX (token 1),0.2643,967044,0.2643,0.016
2026-09-15T00:51:29Z,8991773,0x4b9e82255571f8f3ccf21b0e216328ea0279531d0ffede205b4e7a549111f0d0,BTC (token 2),77977.52,967044,77990.9295,-0.0172
2026-09-15T01:02:17Z,8991825,0xd40183ea1875804c1c38490756050cc7c675715894a26eca36954667e4b1952e,stSTX (token 8),0.312517,967046,0.3125,0.0208
2026-09-15T01:31:19Z,8991984,0x13516c5a1e8c5603274c171946f057b1a1a9469a64a23f85531166d11a22a2b5,STX (token 1),0.2662,967050,0.2667,-0.1862
2026-09-15T01:31:34Z,8991985,0xb7552705f3f281c5474ad68141c0a0226276f499160fdf281bfabffd360b75a0,BTC (token 2),77860.13,967050,77917.89,-0.0741
2026-09-15T01:51:21Z,8992089,0xc97f77ecad71e5abf836542b939e75d803bb6198666a170c08e57e6e5e91004b,stSTX (token 8),0.315836,967053,0.3163,-0.1484
2026-09-15T02:51:08Z,8992411,0x45aa946fb2cc001c4b7f97e01f067636adb5297b365ad17ea105dbcbc41a5676,STX (token 1),0.2626,967059,0.2625,0.026
2026-09-15T02:51:08Z,8992411,0xa98bc23540b7f72f04eb812eef08f8ee7e2a14aa64b726ec7d851bdf74cc8f3b,BTC (token 2),77815.77,967059,77804.04,0.0151
2026-09-15T02:51:20Z,8992412,0x79daaf9e76ac6ef066f632ac34bc2ba399fb3fcdb7cd8dca0863ae61ed5702fa,stSTX (token 8),0.311331,967059,0.3113,0.0258
2026-09-15T03:31:16Z,8992649,0x93b45e894fd054f1b4bd3e930841441bc689c76ac54b4544c706de8f9aacb2bc,STX (token 1),0.2631,967067,0.2628,0.1181
2026-09-15T03:31:24Z,8992650,0x6c9cc5dc3dc348d35c88f89d4177e617d2365a2bdc17d2a7788a89d0db4f3159,BTC (token 2),77798.21,967067,77785.8251,0.0159
2026-09-15T03:31:46Z,8992653,0xef00e68c788f230a39770a270edbf9e67529cbb847485f6b97b23e4700c8c937,stSTX (token 8),0.311805,967067,0.3116,0.0795
2026-09-15T04:01:51Z,8992821,0x6a25b2a81f6e1b841cf711cb18599c3ef2ac5bc8fecb5011b3a1792757f4b140,STX (token 1),0.2629,967073,0.2626,0.0992
2026-09-15T04:02:01Z,8992822,0x019dbba0ab30bde648a93b82f16a18ce7dcfdc38371d53bc5be100789714d1af,BTC (token 2),77695.08,967073,77677.33,0.0229
2026-09-15T04:02:11Z,8992823,0x50de981c52539d85cf5d7b61dc2b9719921e16f1009c8e4fd2d9a650c3ce6a95,stSTX (token 8),0.311687,967073,0.3114,0.0794
2026-09-15T04:41:03Z,8993018,0x1a3de5518069df65b45a2ed61bfb388c5c2686b12d1aeb17d500b2c93c225e8a,STX (token 1),0.2633,967079,0.2632,0.042
2026-09-15T04:41:12Z,8993019,0xff23e8112c18ca0442781e66ca7116e7f9582453ea0dfcab38b695ee62437d6d,BTC (token 2),77574.99,967079,77607.1463,-0.0414
2026-09-15T04:41:30Z,8993021,0x679a9f112f16fd9bc15d1b3045fa3a5e25caf9e933232b29e8273fbeba068995,stSTX (token 8),0.312168,967079,0.312,0.0432
2026-09-15T06:50:48Z,8993753,0x10c6ee0605bd6c323b7f334b2a2da8d798ec24b05ffe70d35c572c53ebeda479,STX (token 1),0.2606,967086,0.2606,-0.0154
2026-09-15T06:51:08Z,8993754,0x6f9470fa30468144e2e9b8314dfa0600304716c387dd0ac0f4c8d32bbdf86847,BTC (token 2),77295.99,967086,77268.7541,0.0352
2026-09-15T06:51:18Z,8993755,0xf7e27c05415025a42b5f360faa6f734ca47fe7b6645f2cf62350ad3d0dda999f,stSTX (token 8),0.308967,967086,0.309,0.004
2026-09-15T07:41:08Z,8994022,0xc16bd1b89287f85a2a3951015795e2b86c95e400e4ababef993646b1f21f7ef9,STX (token 1),0.2599,967094,0.2596,0.1171
2026-09-15T07:41:08Z,8994022,0xc5746cf6715a7a9f26d1f695b79915948ffac97e89c0363db3966fe2052ca9f1,BTC (token 2),77089.48,967094,77015.3815,0.0962
2026-09-15T07:41:19Z,8994023,0xce8446b6c81ce6ba3c04c8f4acff7c473f84b57be4b8afd62122ee4f52e3679a,stSTX (token 8),0.308137,967094,0.3078,0.1168
2026-09-15T08:40:59Z,8994344,0x3ca0a98517041a977a09997b36e785da570f583711cda93a41ffc57f1d9a24ab,STX (token 1),0.26,967100,0.2598,0.0583
2026-09-15T08:41:12Z,8994345,0xa66d83fd63cc8c795c68fc76a3803c572eb15d982f5126bee3815a50afe41194,BTC (token 2),76819.76,967100,76822.3276,-0.0033
2026-09-15T08:51:01Z,8994394,0x662525edead70849004207ad1519701d01864e14793bf5fb11193c71e026c83d,stSTX (token 8),0.308374,967100,0.3085,-0.0387
2026-09-15T09:41:04Z,8994656,0x188d405dd23612403cccf4896b38e08e4f726426cba26fc6ec10d8890dc855f3,STX (token 1),0.2598,967107,0.2598,0.0005
2026-09-15T09:41:22Z,8994658,0xb8ba95418adc2302a3bb82978f7ba8f478c6e8ec965cf82fb514daad0ac664b2,BTC (token 2),76936.85,967107,76930.78,0.0079
2026-09-15T09:42:03Z,8994662,0x42f68916abcf93bf3f30eb1ae3ffed07d0c0a4d2c547dec2cad5b57d6758792e,stSTX (token 8),0.308018,967107,0.308,-0.0008
2026-09-15T11:01:23Z,8995102,0x1e50c6770fc4b302506cf3a138cbdd79ed2957613a13fc4731d1dded0ee0f036,STX (token 1),0.2598,967113,0.2593,0.1883
2026-09-15T11:01:46Z,8995104,0xd0e54398fa3b18d23ae15bfd143ba25c907e24cc84e85dee9dd548060ba2f6d4,BTC (token 2),77019.14,967113,77051.7935,-0.0424
2026-09-15T11:01:58Z,8995105,0x5438a94b51c36c95a24c37bd7db1b28a5335cec9b4a876b3dd7691b512d8a8f9,stSTX (token 8),0.308026,967113,0.3074,0.1889
2026-09-15T12:11:15Z,8995491,0x99ccf541086f71cdb875b5423a3a16b96ae25234cdc043dcda5a269fed91d47c,STX (token 1),0.2583,967121,0.2582,0.036
2026-09-15T12:11:24Z,8995492,0x6943bef857883e14937b181ce3d0a8914e8463f1b48d0573ad4c7c228ee5c312,BTC (token 2),76896.04,967121,76884.6116,0.0149
2026-09-15T12:11:45Z,8995494,0x07281b7a4b91dbd980ac18d9170379a575bcf7e327eec7a2748b669b7f29450d,stSTX (token 8),0.306486,967121,0.3061,0.114
2026-09-15T13:31:17Z,8995949,0xd2d4513c0f5b5ff5acbecb3a53a28cd1d57191f567307dd431deec45a93aff85,STX (token 1),0.2595,967127,0.2592,0.1182
2026-09-15T13:31:37Z,8995950,0x2a1aa84878176bf1422cb1e66afe87481b2d3c0bb9c26c3ba6134edcd8648d41,BTC (token 2),76713.19,967127,76717.333,-0.0054
2026-09-15T13:31:59Z,8995952,0xa7db38b133e31178df5d03625577155fd1df99386181bb3d0e6bed1660ef02d5,stSTX (token 8),0.307672,967127,0.3073,0.1182
2026-09-15T14:31:12Z,8996226,0xdb1527f947ef337fad1667e00998f860f3079df1e6097cdc7dd17da18f0d13be,STX (token 1),0.2585,967134,0.2589,-0.1707
2026-09-15T14:31:37Z,8996227,0x3fdf1737a5a42d46bb45f4550fa1b2b5b9d4e585b2e30f39b73be9069a4f31c6,BTC (token 2),76176.52,967134,76212.1822,-0.0468
2026-09-15T14:31:50Z,8996228,0x95d8d490a60321bb4bfca4865f3f004f86890be71797bc60287de74313329ec7,stSTX (token 8),0.306605,967134,0.307,-0.1325
2026-09-15T15:31:12Z,8996477,0x798ba9410cdaaf1f483e4d63b7c297a22b2b378d23b97be7a1ecb345f9130917,STX (token 1),0.257,967140,0.2571,-0.0258
2026-09-15T15:41:13Z,8996521,0xc99879f042a9143ef10da0c845e1fee21659cfa50451ac6457e3c283aa6b6cff,BTC (token 2),76374.3,967143,76365.4693,0.0116
2026-09-15T15:41:29Z,8996523,0xeb054dabe3fee4d60f5d5288e4232a0e71ebd7a960c9d7e2b89eddf98a148c7e,stSTX (token 8),0.303293,967143,,
2026-09-15T15:51:04Z,8996573,0x189748f0d1a3f479373c78ab888c2332426b51f220764e29ceca3f74d912d179,STX (token 1),0.2559,967147,0.2555,0.1499
2026-09-15T16:31:08Z,8996802,0x3abb702a3eae868706cc49e63b1721f2db4d5fb2c414f59af1cfbc85186b2da7,STX (token 1),0.2555,967153,0.2553,0.059
2026-09-15T16:31:17Z,8996803,0x9086ab900fa83a1daa13012c2387c7a474c14a3022f91449d1a77fdaaa91350c,BTC (token 2),76400.23,967153,76358.7218,0.0544
2026-09-15T16:31:38Z,8996805,0x863ef0d1df7d29ae944bec31a3821d2bf9c5c6d136b23c34aae6cc457425866f,stSTX (token 8),0.30294,967153,0.3028,0.0611
2026-09-15T17:01:29Z,8996966,0x72659d8ffd0b3e57f730376ff401eeef1088ce1e58167b499916b544a7ac9c7a,STX (token 1),0.2551,967160,0.2551,-0.0173
2026-09-15T17:01:47Z,8996968,0x6fa701bf7a66b8983a7b959b14adf7a985da18696ed7969325df03759051ebf4,BTC (token 2),76357.5,967160,76370.6854,-0.0173
2026-09-15T17:01:59Z,8996969,0x735c46005771940406b50ee8ea4fad9d76c4893c09539b211d5b4b01a5fe0050,stSTX (token 8),0.302465,967160,0.3025,-0.0158
2026-09-15T17:41:09Z,8997164,0x354a7f988e07f6644a3ada22be0bfb946931829df05e63060dc8645a52cf22b2,STX (token 1),0.2568,967171,0.2567,0.0221
2026-09-15T17:41:45Z,8997167,0x5899ab1fa00c99ad8d133de0f677e8bd5ee20f2c44d7635bf916a933ba7aa361,stSTX (token 8),0.304363,967171,0.3044,-0.0153
2026-09-15T17:51:17Z,8997212,0x91aa76a2bacc05f39ad8e5b307cb3cc61f7e200316909c42e86476022ad3ff08,BTC (token 2),77011.88,967171,77002.9995,0.0115
2026-09-15T20:21:00Z,8997759,0xe9dbd51618eab30c2ed04a4271d9ff3368607a1fb7ff813053019a33a24ac13c,STX (token 1),0.243,967179,0.2418,0.5104
2026-09-15T20:22:23Z,8997763,0x6d94fae3207b34116f14d95a083b7a23dc8dc390a0d38e5aeaed8790a14f9257,BTC (token 2),75854.87,967179,75816.17,0.051
2026-09-15T20:22:44Z,8997764,0xfc6a3cb15bd545639d0ee259c3f927b63d46cf5638e3ea39a7d47b7d72499387,stSTX (token 8),0.288,967179,0.2871,0.3032
2026-09-15T21:31:52Z,8998067,0xcc9a8fb9962e6ea2e365c0ce82c7c7d4e340bff2c55f52582a2ba1146c5afb46,STX (token 1),0.2403,967185,0.2407,-0.1792
2026-09-15T21:41:20Z,8998126,0x5ce659092859a444678bb94e5252ca894189242c473878f8d1a79ddd685ac1ae,BTC (token 2),75653.55,967186,75655.0644,-0.002
2026-09-15T21:41:31Z,8998127,0x74cf4ec14526baabcf61ae9bd4150c78d4fe6f4b001aaddb91623778c32d74a9,stSTX (token 8),0.286109,967186,0.2855,0.1962
2026-09-15T22:41:11Z,8998399,0x7f8e1bf5294d3e2afb35d3d78752d687974db66597a90af60a7fd1451ca6c52b,STX (token 1),0.235,967192,0.2351,-0.0383
2026-09-15T22:41:37Z,8998400,0xb135e507e4b6a757224b552a719665e35944c3548e271c18167ad88ca628665d,stSTX (token 8),0.278641,967192,0.2787,-0.0365
2026-09-15T22:51:23Z,8998430,0x6fa16472340950df7613689341da3301ea7c9e685633aa09695aba849641cfd2,BTC (token 2),75661.02,967193,75682.8007,-0.0288
2026-09-15T23:21:11Z,8998589,0x0f197413c359f7f10d9b20e54bfb2b0a50514f03066ddd6e6bba7599563dc8c7,STX (token 1),0.237,967198,0.2368,0.0932
2026-09-15T23:21:37Z,8998592,0x78ba2cccf5a88435cbcef68215edd418ce63fc6128c0aef30f3e034ed5f56cb2,stSTX (token 8),0.281012,967198,0.2807,0.0945
2026-09-15T23:41:03Z,8998723,0x77f2e0402634faaef93ada4c7929dc0a616a2e13ac04107937ebce0176186992,BTC (token 2),75568.33,967199,75618.4855,-0.0663
2026-09-16T00:31:10Z,8998988,0x112678083bebfbb773902ee118545fd9c5c6b827adcd64e28bdef302952fb442,STX (token 1),0.2366,967204,0.2363,0.1355
2026-09-16T00:31:43Z,8998991,0xb275432e12d6a53b6a7c507442fbd6a4b49a6c58251e16843c4583eb210be73b,stSTX (token 8),0.280303,967204,0.2802,0.0525
2026-09-16T00:41:02Z,8999044,0x4bff15a60b465b58ce941b4ebe2207406a4cde057ec787f01fb3bcace889cad8,BTC (token 2),75821.36,967205,75787.12,0.0452
2026-09-16T01:21:01Z,8999242,0x01def31c0b071f725782e127b55ebb83a5d81f35e1885f4544e19677d7864f35,STX (token 1),0.2378,967210,0.2384,-0.2396
2026-09-16T01:31:34Z,8999292,0xb95676faf4ebc7265b773edf06d2f6207119242dd07318859c99fc1a48016cc2,stSTX (token 8),0.283742,967211,0.2833,0.1391
2026-09-16T01:51:06Z,8999393,0x6470a60cf0f5dfbfabd97e2503706d690e012ecb976b48a91dd11f98b23e4655,BTC (token 2),75466.97,967213,75466.8374,0.0002
2026-09-16T02:40:55Z,8999633,0xb51c573b4dce297ba4eb071f9047dcdf6d48ecfaf797dcd10b4dab58dfac02f4,STX (token 1),0.2396,967216,0.2396,-0.0064
2026-09-16T03:21:08Z,8999803,0xbca644e74d01c04d4c4ce1ab75e696ce6b21a2e9a30fcc5b72c8dd40138e182d,BTC (token 2),75984.45,967219,76012.3801,-0.0367
2026-09-16T03:21:19Z,8999804,0x73a7cdd18d1068dfe657a1751f3020ee1515d0496f889e8fe5ea27772c11333a,stSTX (token 8),0.283387,967219,0.2835,-0.0229
2026-09-16T04:02:05Z,9000034,0x1c1905595513a10ec3169333849f3488e13eb8d03e4ae967c96a3fc20ecd3264,STX (token 1),0.2394,967223,0.2397,-0.1443
2026-09-16T04:31:21Z,9000216,0x20a1a4849febcc4b4348de7a9fb93a69a95b8d9f4d4362327406c22b6af26f18,BTC (token 2),75817.96,967227,75825.55,-0.01
2026-09-16T04:31:30Z,9000217,0x4d49b88f10a5dba889a59711b4f3fe5971cbf0803e4c950f529ec13b2a94c6cb,stSTX (token 8),0.287659,967227,0.2875,0.0657
2026-09-16T05:01:51Z,9000393,0xe9dfa37538fd56ff04c3eb1ad376e7f33bef029d46c4a7591d6858f55fd6a529,STX (token 1),0.2409,967229,0.2406,0.1206
2026-09-16T05:31:21Z,9000545,0xba541b03595596fc09f4b66c436cd26ea8df95e03d380ce6c2c2029d3c044b36,BTC (token 2),75787.33,967233,75790.0885,-0.0036
2026-09-16T05:31:34Z,9000546,0xaffcd294b93df32acfe2d57355c64ca917da487c66d53d69a5d91073bc4a7db0,stSTX (token 8),0.284694,967233,0.2844,0.1005
2026-09-16T05:40:56Z,9000599,0x05429efe52decd5353e13350e4998b5fc2234584bfb95d5e271b89018d92af38,STX (token 1),0.2407,967235,0.2408,-0.0248
2026-09-16T06:20:50Z,9000840,0xbfe145ffe2a371e8bc1a91917b5e1e9ded2005ddfb0d0fb0f51b2eb3c506015f,STX (token 1),0.2409,967241,0.2407,0.0663
2026-09-16T06:21:14Z,9000843,0xe059c8c485a5ede2144315baafd24d44baeb736aacb3c346dd28dd7750e47ad0,stSTX (token 8),0.285643,967241,0.2855,0.0459
2026-09-16T06:31:17Z,9000913,0x3bf621ab41851fd5a1ab23dd51bf72828957dee828d01949c74b7727a042ee53,BTC (token 2),75848.14,967242,75835.8653,0.0162
2026-09-16T07:21:05Z,9001200,0x36b0abd98ed746126194292c46c7380cdbb0fb1edf4575f44e5f2da8f5b4a76b,STX (token 1),0.2396,967248,0.2399,-0.1204
2026-09-16T07:21:24Z,9001202,0x315214c3a433cf2ebb538fff0f2ff53e4bb1ff9072cbf35e6f07a22058fe57f5,BTC (token 2),75748.06,967248,75759.413,-0.015
2026-09-16T07:21:33Z,9001203,0xfd2bca6b566a13f8ba61dd90f8d9250250b17024c44d500472b51d207d703ec5,stSTX (token 8),0.284101,967248,0.2844,-0.1207
2026-09-16T08:01:54Z,9001458,0x44426554a91ed439f597b8cc3a2dbd70ffd0f19957d1253acaea22ca38d0522b,STX (token 1),0.2383,967254,0.2381,0.0671
2026-09-16T08:02:03Z,9001459,0xd55b5b2c18c8f770cdae072017947207b83c0828449a37beda1f650d6aa2d16c,BTC (token 2),75662.95,967254,75647.8712,0.0199
2026-09-16T08:02:14Z,9001460,0x90ffbedcd007fc0a5e22854d2de0d0d4d5bde8b5e075306dd00e79a4b9c0ef55,stSTX (token 8),0.28256,967254,0.2817,0.298
2026-09-16T09:11:14Z,9001851,0xcf6e382e48ef466c2bdaff8cec8ce74a39cb262054907d287da02ca01c54aa5d,STX (token 1),0.2354,967260,0.2354,0.0041
2026-09-16T09:11:34Z,9001853,0x7c7fee10965dbfca29c8fb88eddebbe53104f327563e3a2b22abf080bf556cbe,BTC (token 2),75758.32,967260,75779.1964,-0.0275
2026-09-16T09:21:13Z,9001898,0xcc218886f70981f65eaccd79ee71c4c47465a5206c3ad536069065be4d64a1b5,stSTX (token 8),0.279951,967261,0.2799,0.0031
2026-09-16T10:21:14Z,9002292,0xf75c888ea936001f50d5343cc4aa12aac34c05504b1056705a5f38d9120b4f3d,STX (token 1),0.2374,967267,0.2371,0.1323
2026-09-16T10:21:22Z,9002293,0x5dc60b680a8b59f9f38dc5091cfe91f57e856270b2774a8a8a4064a067670ff4,BTC (token 2),75931.13,967267,75942.0905,-0.0144
2026-09-16T10:31:30Z,9002352,0x730a176eaab8af2615a8610ccddbbd464c9bf2a202f858c36e18d36f40bea859,stSTX (token 8),0.281738,967269,0.2813,0.1545
2026-09-16T12:01:18Z,9002783,0xc49289d12f35e0300bd64b7fa8fc5e6b39c049a7289f0cf2fbac1d00497561d5,STX (token 1),0.2386,967275,0.2383,0.129
2026-09-16T12:01:28Z,9002784,0x333675bab24fdfca03687e4c81b5058ec579274221ef0b1dbb11045e4a884237,BTC (token 2),76139.4,967275,76186.48,-0.0618
2026-09-16T12:01:54Z,9002786,0x5ca199c8d8f4ffc2542b8521d71f148be0e82edd86ed59f67807336e5c6ffdc6,stSTX (token 8),0.282806,967275,0.2826,0.0878
2026-09-16T12:51:00Z,9003069,0xee54f6c23ce51bb8c50a7da0b779ab15a8abc179d53ac69c31c38faf5ae41830,STX (token 1),0.2381,967281,0.2379,0.0871
2026-09-16T12:51:19Z,9003071,0x9e3202d3d8d44407645dc2f32fe438265a45a934382d294f034c3be6dc6f17b3,BTC (token 2),75966.71,967281,75949.8661,0.0222
2026-09-16T12:51:46Z,9003074,0xc4d6568fce96e87ba1aae20f0fb2deb57627bc841d927c7d3df8614af4f8e629,stSTX (token 8),0.282095,967281,0.2821,0.0035
2026-09-16T14:21:16Z,9003575,0x0fe0e11a54921bae9eefaab08888e0bce26d13b8308acb5b620c774c66fd1356,STX (token 1),0.2347,967287,0.2348,-0.0547
2026-09-16T14:21:42Z,9003577,0x32f92a4d97e71be0a7b787828e9ec8ed12af8b4d4abc819c6dec5fd7b3a4820a,BTC (token 2),75575.28,967287,75632.0283,-0.075
2026-09-16T14:31:35Z,9003615,0xc15730c5df06f4b2786bf9395e72c9a66dfed79589dd4ebb7d26d0f78b9f2c1f,stSTX (token 8),0.278893,967287,0.2785,0.1364
2026-09-16T15:20:54Z,9003884,0xe02c10a21f9c18babffa882f0e66d708efc0cdd729abab4e7cd91a9cf7711fb3,STX (token 1),0.2343,967294,0.2345,-0.1025
2026-09-16T15:21:03Z,9003885,0x4dc6683a1ee44629e0dc4306e70de30002cb813b692c48c6799fbdc1cbd40d7f,BTC (token 2),75652.29,967294,75712.4805,-0.0795
2026-09-16T15:31:21Z,9003955,0xb6c5e685b1ebfe817fa799d8ea5b6bc72d9a88665b0ecd31ce9d145fe312aa36,stSTX (token 8),0.27664,967294,0.2765,0.067
2026-09-16T17:01:27Z,9004484,0x88f88e6f22765373f3d34dc422abe9b348389a6d186011c2839578c5561db7cc,STX (token 1),0.2315,967302,0.2315,-0.0013
2026-09-16T17:01:54Z,9004487,0x810a1e3aad80094d73ea2672d0d980c28861de7d34a27bf22c64924d585b35ad,BTC (token 2),75659.93,967302,75677.68,-0.0235
2026-09-16T17:02:13Z,9004489,0x11af2dce157a82df4b4fd571949020642cd0179b2e00ea094e6e584b39980e55,stSTX (token 8),0.27451,967302,0.2745,-0.0015
2026-09-16T18:21:05Z,9004869,0xcb306d73ed8bed1758b864f72eba800d217b91ba1abcf0dfe0810e750245bb2b,STX (token 1),0.2329,967310,0.2332,-0.1123
2026-09-16T18:21:21Z,9004870,0x15934643f96a06a48814660682d31b8cacfb49133b20d200abc5d157439736b9,BTC (token 2),75947.16,967310,75912.9897,0.045
2026-09-16T18:22:13Z,9004873,0xec67431e37bd8448cd04c31f3454023794973ced66989571fdbf6d08e90e4fc5,stSTX (token 8),0.277,967310,0.2764,0.2299
2026-09-16T19:31:24Z,9005141,0x7f217698194220dd3e4bda9cc42f1d7e46a4b4b52893e2029e0a03368a7c3695,STX (token 1),0.231,967316,0.2316,-0.2424
2026-09-16T19:31:34Z,9005142,0xd05f6003afcb3db18ae849f13fb4269bf178904eaf4ea263973da4cc10218775,BTC (token 2),75400,967316,75437.1197,-0.0492
2026-09-16T19:31:34Z,9005142,0xda121e01c6683d376aa3d0ab0ed49ba7c7e929ae9348527277efe59c9866382f,stSTX (token 8),0.27475,967316,0.2746,0.0595
2026-09-16T21:22:48Z,9005519,0x1a2481b73b54b04b6a0ee825baff32aa3f87463cb1d310e5cad05bca8937658a,STX (token 1),0.2369,967324,0.2372,-0.1357
2026-09-16T21:22:48Z,9005519,0x822ee6a21179c633a44a63faaa6c118c45f49507cf338ad0fbeb5793bc0e9a62,BTC (token 2),76097.77,967324,76041.4261,0.0741
2026-09-16T21:22:48Z,9005519,0xd401b61cf8582592c2783d39939a8bd9bc683a1b47218edb2d50799d400f9cbc,stSTX (token 8),0.280799,967324,0.2813,-0.1787
2026-09-16T22:51:04Z,9006012,0xafd5515ad0b60c39e789ac8d3517aa3fef5e785826bebf9dc890d8e5043d2917,STX (token 1),0.239,967333,0.2387,0.1409
2026-09-16T22:51:14Z,9006013,0xbc1cfce4d7e4057250e677765758e46f839f76c5dc421ef8b703ea2bcec40aa0,BTC (token 2),75637.47,967333,75597.6,0.0527
2026-09-16T22:51:36Z,9006015,0x9a35ab6e833c5ef8eec13989bc8623e6f2282cb8b68baa4a1a2a23260ac07706,stSTX (token 8),0.283289,967333,0.283,0.0974
2026-09-17T00:20:59Z,9006442,0x0eb37de9afbcb766093f554e3d99694dea9032429846d65a6f5a42df1b2ce8cf,STX (token 1),0.2444,967339,0.2442,0.0791
2026-09-17T00:21:18Z,9006444,0x10a4da1bd6c0fcb0b928735aba27ba487f0b3f03446c00bd7d01018535d580f3,BTC (token 2),76369.96,967339,76387.2064,-0.0226
2026-09-17T00:22:05Z,9006446,0xfaa8ed9b4fa73fd46242f9a038ca61bcd4c81a17db67025bea4723de83658a13,stSTX (token 8),0.289099,967339,0.2894,-0.1079
2026-09-17T00:31:05Z,9006497,0xeb5964616ac6020b942a098dcb88a95f79f311e0153d5fa6ecc5baecdca28e96,STX (token 1),0.2433,967345,0.2432,0.0379
2026-09-17T00:31:22Z,9006499,0xed266ccde8d63bb87a6e3e976c170367b4238712e595078f41e3af7995e77790,BTC (token 2),76319.22,967345,76408.6894,-0.1171
2026-09-17T00:41:14Z,9006553,0x9480f33f50a52ba452f82c534fc788c1b928b9ffd7aafe424e5824d8099220e5,stSTX (token 8),0.28649,967347,0.2866,-0.0272
2026-09-17T01:31:21Z,9006888,0xf3f1cb36e69a6105bd1a48a43d5dee7ab1d69b2dcefa818e8e01f8d7e0c9807d,STX (token 1),0.2423,967351,0.2426,-0.123
2026-09-17T01:31:31Z,9006889,0x9f4b605c2b3957ce9ff2fa10d70cc3edd71f51b78f1fb7b0cd8dfb0fd8992036,BTC (token 2),76533.6,967351,76606.8335,-0.0956
2026-09-17T04:01:50Z,9007626,0xc40907d266f79d2614bc572b6490e4c183ad67cd81f9abc595004c8ebf6f3de3,STX (token 1),0.2397,967363,0.24,-0.1123
2026-09-17T04:02:03Z,9007627,0x20e994be7daec994a679b62df4fcf1b541ecc5858de207da2c49b832d459a515,BTC (token 2),76330.11,967363,76298.7828,0.0411
2026-09-17T04:02:13Z,9007628,0xe920465b8d891033733d7f41a3bcc74e0f3da32762e388a6540768cb5e099e63,stSTX (token 8),0.284481,967363,0.2846,-0.031
2026-09-17T04:51:12Z,9007908,0x607bb82cb1caaa7f5eadcba55bcea67086fb08965917569accbe3ccdd290e090,STX (token 1),0.2407,967369,,
2026-09-17T04:51:20Z,9007909,0x7969bde062fefe4e24eded6c955d406b483c0cd7453e6d00feeeaca0848439e5,BTC (token 2),76424.28,967369,76438.76,-0.0189
2026-09-17T04:51:31Z,9007910,0x1a8fd471f8a59d33afaa99e430e6f2d8de05ae322f0dbe6480c481a23ac6396b,stSTX (token 8),0.28543,967369,,
2026-09-17T07:21:14Z,9008626,0x3265a1a7a22c042ae6fcfb53a6beb6137b67760b66cdae8415717637ab71bacb,STX (token 1),0.2401,967377,0.24,0.0574
2026-09-17T07:21:29Z,9008627,0xe07669dedffb0512e27012daac36b60f3af44e77e113640e1d3d884121e71998,BTC (token 2),76461.1,967377,76464.2254,-0.0041
2026-09-17T07:21:53Z,9008628,0x514a7df62941460a71a54228d83406bd89b4019a0ac7783708c4697e145de0b3,stSTX (token 8),0.284718,967377,0.2846,0.0536
2026-09-17T08:11:23Z,9008889,0xb422b046eaaa9e7fbc4dbd02bcc68c6bfe2f295fb4167b62ce32cf4617d2ce19,STX (token 1),0.2394,967384,0.2393,0.0573
2026-09-17T08:11:33Z,9008890,0x7d3f3340e299f452982040791df7911cc2b9d3459d72f96e028a708c2398968b,BTC (token 2),76394.76,967384,76424.255,-0.0386
2026-09-17T08:11:52Z,9008892,0x5b8e2eae2b8086f3fcc0d071472725d042d8fda4d5bf624f9f66d3e317d7e860,stSTX (token 8),0.283888,967384,0.2837,0.0531
2026-09-17T09:31:18Z,9009378,0x6d9eca0622c19d171a6cf3e54af1029e55f96332e3abd1904e740aa9bde5c18f,STX (token 1),0.2391,967390,0.239,0.0482
2026-09-17T09:31:31Z,9009379,0x96ee7729b3fa3b02b14b1b9e511f89a429a630ba811d851d66e8eed7043b797f,BTC (token 2),76594.11,967390,76604.9934,-0.0142
2026-09-17T09:31:44Z,9009380,0x7787eac10f9368403f3ea6e74648b3e963bdf1ab74deaa8c96b36472addf813c,stSTX (token 8),0.2833,967390,0.2834,-0.0386
2026-09-17T11:11:03Z,9009902,0xb3b9ef49f576caf1ee498fd49251365ea4614e7cb7787b109845b74db778c046,STX (token 1),0.2407,967399,0.2408,-0.0275
2026-09-17T11:11:14Z,9009903,0x96e0422aae95dbf93824f1e0ab2601dea976263ef9719a5e9bef7bf7e71cd705,BTC (token 2),76342.41,967399,76320.8969,0.0282
2026-09-17T11:11:38Z,9009905,0xe33b03f9385d802d0ab01cbe7a2840e421e74fb87612271e8905a2e270a2fde0,stSTX (token 8),0.285673,967399,0.2855,0.052
2026-09-17T12:01:37Z,9010194,0x0c964e7c81f3506bef3ff25f8c3b6e1e4cc4822c3b3b3fb8e77be3110a9f14e5,STX (token 1),0.2405,967407,0.2404,0.0257
2026-09-17T12:01:48Z,9010195,0x1d0114c3690a7101bef5816b01202b9e807d7e1b2005c1df161f46dd38506213,BTC (token 2),76467.54,967407,76497.2232,-0.0388
2026-09-17T12:01:48Z,9010195,0xc14eced6bcfd37a6796068dbbe7f0c435d418157a2aa0634553fa7e4d688d6ed,stSTX (token 8),0.285201,967407,0.2851,0.0225
2026-09-17T13:11:17Z,9010567,0x4ca138eadfd900c91fcb5c849d90109f3e6f187850ccf5774157795a1459bc68,STX (token 1),0.2466,967415,0.2467,-0.0285
2026-09-17T13:11:26Z,9010568,0x0e8294e0fb4f309b45bc4d68b102fd6ab872817961aa638393081e45ab43d295,BTC (token 2),76578.66,967415,76658.1815,-0.1037
2026-09-17T13:11:47Z,9010570,0xbd092bbe95f8b34e1cde8abe7dfca5606ebd3cb20545ada5e5c2cc0d5ba19eee,stSTX (token 8),0.292081,967415,0.2925,-0.1532
2026-09-17T14:41:16Z,9010978,0x67be7b9a7d382a062ee948267f257429ab2afbff174f3979179ff7db075e55bf,STX (token 1),0.2525,967422,0.251,0.6151
2026-09-17T14:41:25Z,9010979,0x1cdac74c853f5d4718fcfd9ad4aa5102138c9fd997e839d23cd69ea8924cfe7a,BTC (token 2),76698.89,967422,76662.96,0.0469
2026-09-17T14:42:36Z,9010985,0xd1038fe396838f3f90e3c574158037080814c5ee5a9a07d68826db7712eb83f0,stSTX (token 8),0.299433,967422,0.2974,0.6913
2026-09-17T15:41:02Z,9011234,0x282e7667b28bfcc72ea6ea0f661b20e13f9a7170e0ae6501c81460db379679f2,STX (token 1),0.2493,967430,0.2501,-0.3098
2026-09-17T15:41:30Z,9011236,0xd067019ae42887301638bacf1ba8f0c12e7d7b46ef6c661b3c30af0e3b7fbf1f,BTC (token 2),76684.22,967430,76773.53,-0.1163
2026-09-17T15:41:52Z,9011238,0x465da81e9456a60123f0a3d473972714cc5f13c5640585619aeb70cdd84ac197,stSTX (token 8),0.295639,967430,0.2966,-0.314
2026-09-17T16:41:25Z,9011481,0xdf279d1120df21579ab4453f61956ba1e01ea3891bb246a39e1442db02876067,STX (token 1),0.249,967437,0.2488,0.0881
2026-09-17T16:41:25Z,9011481,0x66a4e62ce614cd69e35bbb1e58c1f23eae8b523e77457cab3e963be1d5796016,BTC (token 2),76550.51,967437,76544.6814,0.0076
2026-09-17T16:51:38Z,9011522,0x6e8c5913a10df24c62e039f51c9649ae1af1326aaed1e324761b9087677cb0e1,stSTX (token 8),0.294103,967437,0.2944,-0.0961
2026-09-17T18:01:38Z,9011877,0xa4aee1f76ec68e902c75458c6265929466a8a7d1ba1e2ddbbfcbfdd57fe7dd85,STX (token 1),0.2492,967449,0.2491,0.0489
2026-09-17T18:01:56Z,9011879,0x8a2350c83699145d50957ae9ca5b8ff28042125c0d70499bae24390e9076f15b,BTC (token 2),76607.22,967449,76601.2641,0.0078
2026-09-17T18:02:25Z,9011882,0x00cec55db7087469cbc58678e358f271bd00da4713ca9e5324166bdd374a7dff,stSTX (token 8),0.295882,967449,0.2957,0.0656
2026-09-17T19:11:08Z,9012283,0x07530180c52611a476b897d1f3c4cbd5c1e97e548705c8411d8ca192c025f287,STX (token 1),0.2482,967455,0.2484,-0.084
2026-09-17T19:11:21Z,9012284,0xadc9320db8e26b2a2f2a1feeeb14e80a6445f612f2e6a6d0cbf3525e61f4051e,BTC (token 2),76505.71,967455,76497.7513,0.0104
2026-09-17T19:11:51Z,9012286,0xef765c2e9f8158b7921682ebd5407e00cd79f14ea916ff7d846ae42d3f6a0993,stSTX (token 8),0.294702,967455,0.2946,0.0348
2026-09-17T20:11:12Z,9012612,0x102ff107ce631e9583becb3560c3c7db2dfc3b3b19a8b510c8851d69459d2e81,STX (token 1),0.2495,967462,0.2491,0.1604
2026-09-17T20:11:29Z,9012614,0x010a40f841e54c230ae3e76cfb8326a4b3fc402caa5afaa874329cb7218e3d3b,BTC (token 2),76549.46,967462,76568.696,-0.0251
2026-09-17T20:11:50Z,9012616,0x6c581f98cd8331b3c52487f0ef6439ab4e773c8edabbe71a33567b9d6fd8dce6,stSTX (token 8),0.29577,967462,0.2954,0.1179
2026-09-17T21:01:41Z,9012856,0xe9b8a69de45ff4ad43ead2ed12c7dee323145f7b4c4a25768b0bbb173362df8e,STX (token 1),0.2507,967468,0.2509,-0.0814
2026-09-17T21:01:51Z,9012857,0x378da1787eb18fcf36cbcb9bb04c66dd67cc2f88dff8a93dd1d5c85859d30d30,BTC (token 2),76508.6,967468,76510.92,-0.003
2026-09-17T21:02:00Z,9012858,0x5baae0913cb38f364ebf58229ffb0ec13ddf48ec75ea8521e0e96780570dd687,stSTX (token 8),0.297673,967468,0.2973,0.137
2026-09-17T23:11:05Z,9013589,0xbf96e203244e0a4b49d13c8da34a4ea96e3cd49f4c40ce7efa128f6c25e75bd3,STX (token 1),0.2498,967474,0.2495,0.1262
2026-09-17T23:11:28Z,9013591,0x29bc660727e3c915d970aa6714ad6cda399aaf0d3703aba306fff1e4a65bd696,BTC (token 2),76401.01,967474,76430.713,-0.0389
2026-09-17T23:11:56Z,9013594,0xb40dc1d12ddaae943dca1f1e07a50dfcc7a6132da734fe1931004b21718aec05,stSTX (token 8),0.296013,967474,0.2959,0.0441
2026-09-17T23:51:06Z,9013815,0xbbe5bfffa6c8e3c1387d7c64f06f9e4364290e5fd538dabd043629536aa498bb,STX (token 1),0.2518,967480,0.2517,0.0463
2026-09-17T23:51:28Z,9013817,0xe243a00328ebf1f334aa7a0af854206e7036cdc041f61fac23f4d4bc1dedb966,BTC (token 2),76379.24,967480,76372.7629,0.0085
2026-09-17T23:51:37Z,9013818,0xba9abbe2333918402cb77fda14fd3994b214766bbcf83b2cdc8a17ee933b5ec6,stSTX (token 8),0.298622,967480,0.2985,0.0441
2026-09-18T02:02:03Z,9014555,0xfee42cd06d93f7beafd3cc5e042b3be10ff91b50d4f4b99fa3f8b64363a975c9,STX (token 1),0.2592,967486,0.2588,0.147
2026-09-18T02:02:03Z,9014555,0x8ae8c08f1e45f4b8f2c696394128bd9bca3200fedc7eded3dd98db1be4dc1a1c,BTC (token 2),76701.78,967486,76724.6542,-0.0298
2026-09-18T02:02:19Z,9014556,0xe812ec2f251c51575c9c66a525d0648a47a11d525df0225e13add290a1b1a135,stSTX (token 8),0.307404,967486,0.307,0.1456
2026-09-18T03:21:13Z,9014962,0x2949028b125c2aaeb105d6dd6d2ff8515227f322da69bfdfba1b65b240e3da68,STX (token 1),0.2633,967492,0.2641,-0.2896
2026-09-18T03:21:23Z,9014963,0xe7d759e5a91c2f83e932138e1ab5844b3693048d6f4610394c04f3b8b757f1e9,BTC (token 2),77252.85,967492,77330.3147,-0.1002
2026-09-18T03:21:33Z,9014964,0x1edffd455e403949c5c2faabc25f15432ecd8213145b91c32c3b88e7e635fe4a,stSTX (token 8),0.313334,967492,0.3132,0.0492
2026-09-18T04:21:00Z,9015294,0x1215f456754f83262b872876ed93684b4c5eee3f4a08abb0b604576bf30254b5,STX (token 1),0.2702,967498,0.2701,0.05
2026-09-18T04:21:15Z,9015295,0x7543ee97808f5d4b568c4aa64eead5d34b2ddb707e50d134e53623359f79cb44,BTC (token 2),77303.44,967498,77272.2146,0.0404
2026-09-18T04:21:31Z,9015296,0xc051f816065b9ce31696ce5c7c5a7677bec11e4758fd30e5fa86170eb0ad9516,stSTX (token 8),0.320569,967498,0.3203,0.0847
2026-09-18T04:41:07Z,9015391,0xc62729ffd06d2797e148ecd6466a9a8dc377226f7efd9c2f7288b3eb73cdf707,STX (token 1),0.2696,967504,0.2703,-0.2644
2026-09-18T04:41:30Z,9015393,0x2946593eb081783d97a349860a84becf2ed8062445379030215d06eaa3837948,BTC (token 2),77199.65,967504,77222.99,-0.0302
2026-09-18T04:41:44Z,9015394,0x08a11db2dbd6a2de3ba17b0c391a84e8cc25c1b1dde5557c880f79ad55e84433,stSTX (token 8),0.319857,967504,0.3206,-0.23
2026-09-18T05:31:17Z,9015673,0xf5095a4d6378671ac7ee69b97516ed1f8651b3331a3e1483ae1c3a8d7a4800eb,STX (token 1),0.2721,967511,0.2718,0.1209
2026-09-18T05:31:38Z,9015675,0x8772f22e46b56e266eccd08affa7359b574bf7837eebbc0c27ac63feaa9f6f66,BTC (token 2),77559.3,967511,77565.1905,-0.0076
2026-09-18T05:32:07Z,9015678,0x2488ddee26f6522c239ce9b65a2917686e6fe83db53ecb8a7d235d4b8b0908d4,stSTX (token 8),0.322348,967511,0.3222,0.0443
2026-09-18T06:01:40Z,9015829,0xa806068e78c4924c4303da7e022c7cd8313999a252280af34b7418c5edccbf0e,BTC (token 2),77471.69,967518,77461.5,0.0132
2026-09-18T06:01:40Z,9015829,0xf711606aa6f81486e1615c5eb8635c1c268c150ad495a75412e72ac8a901b7b2,stSTX (token 8),0.323059,967518,0.3236,-0.1728
2026-09-18T06:11:12Z,9015886,0x820667ee56a812372885c0f0a6ac2bc3defaedbe362be044ca68f09404b491b1,STX (token 1),0.2726,967518,0.2729,-0.1145
2026-09-18T07:01:54Z,9016186,0x3968d94bbd41b021a596f2af6fa9bb724a988aee8864ed8c63b9890093154b0e,STX (token 1),0.272,967524,0.2719,0.0319
2026-09-18T07:02:13Z,9016188,0x5e21cd121178c5e959ba894f5cffe9fac8ff7701fa0259d06f41a126b760e226,BTC (token 2),77577.42,967524,77573.6522,0.0049
2026-09-18T07:02:33Z,9016190,0x7e6815e927fd28411ca3a3c70cdf8f9d28e70430354a5b1a65cd7f61883426e8,stSTX (token 8),0.322585,967524,0.3226,-0.0086
2026-09-18T08:21:20Z,9016611,0x01d7c1eb1c3c292b00fb8473c1732694b14462517a346aebc2330cd161c7e3f9,STX (token 1),0.2744,967530,0.2743,0.0344
2026-09-18T08:21:46Z,9016614,0x5f0bf47847bed667f5313c12379b4bfa042c70b949f3d9725b1c81ac4acb3c34,BTC (token 2),77919.64,967530,77910.29,0.012
2026-09-18T08:22:07Z,9016616,0xc3d3aec13dd82c6caaf10a67c6f9486f7cb93d6ebb6d2bbf178d1639faf7f451,stSTX (token 8),0.325445,967530,0.3257,-0.075
2026-09-18T09:31:08Z,9016966,0x992278451b7580fddedba68c8f15b45e093284afadfc9d4b4f339ca4866f654e,STX (token 1),0.2746,967536,0.2744,0.0861
2026-09-18T09:31:18Z,9016967,0x51014dddbc6eb37fc2f2ed0177ff42a6acc61f64f07e44163016e8aeb3640bec,BTC (token 2),78090.24,967536,78054.52,0.0458
2026-09-18T09:31:59Z,9016970,0xe5c3a9bf9a769919b39d93a445e4069391573d0e4750ea6e044ddbf8c3d78e8f,stSTX (token 8),0.325445,967536,0.3254,0.0124
2026-09-18T10:40:57Z,9017347,0x5daf08d322ebb0f21c4eb4cb3e0294f79c1c7c60505da537ab0c1d402aaabfc8,STX (token 1),0.2793,967543,0.2788,0.1777
2026-09-18T10:41:20Z,9017349,0x835a268db3827d94c5595fe2411b5da29766377f1839caa74cd563f26fa71d76,BTC (token 2),78167.71,967543,78144.3024,0.03
2026-09-18T10:41:38Z,9017350,0x6b88304b35911d6f558c4b131fd472fadd6b8ed87323a80bc41284050852e2bd,stSTX (token 8),0.330426,967543,0.3304,0.0148
2026-09-18T12:02:28Z,9017721,0x440c64d6ec5caa412c9811afcc53628c9d497236fa4cf320ad5a88788d96094f,STX (token 1),0.2736,967549,0.2735,0.0505
2026-09-18T12:02:28Z,9017721,0xef48c6bb206d0304382dd6af85fd2526e40bbc75011ccc14d61b3a9c83a4b35e,BTC (token 2),77953.98,967549,77962.1139,-0.0104
2026-09-18T12:02:36Z,9017722,0x6f341350ebad79143d303b47de4ed99fd9ccc6ce2aaf59f2f7d544cefa2317fd,stSTX (token 8),0.324259,967549,0.3243,-0.0247
2026-09-18T13:51:30Z,9018351,0x0e4f1070ed0b9858757e7f9209072701ca85cbd3d241ae03f2046e58e76cc192,STX (token 1),0.2756,967562,0.2762,-0.2247
2026-09-18T13:51:49Z,9018353,0x15b15a32877d0328df3a98884a567ef615373921d8962c761d48a7cd2bcf2d9b,BTC (token 2),80250.03,967562,80387.3331,-0.1708
2026-09-18T13:52:13Z,9018355,0x8ce3bcf2401db062c972b0464dabc7f03564c42ffb174f7390ada2122216d686,stSTX (token 8),0.327826,967562,0.3274,0.119
2026-09-18T15:11:12Z,9018800,0x3c37ee8983424ae855df0de44e46d4ecf2964e09d62f1bff8ed52caf2f243427,STX (token 1),0.2721,967568,0.2721,-0.0081
2026-09-18T15:11:31Z,9018802,0xd4b6485e217c6cfb036643df695758027ab9925a33f39534d8fda99444257cd6,BTC (token 2),80577.44,967568,80594.08,-0.0206
2026-09-18T15:11:40Z,9018803,0x576a7de28dfdf00b21893945629337e4180a541ba9443b9da8a110ebaa7babef,stSTX (token 8),0.322726,967568,0.3228,-0.0091
2026-09-18T15:51:15Z,9019013,0x8729440ab88469d706e110908c47111d20982c0ed164591a0d0f4b273845c87b,STX (token 1),0.2738,967574,0.2738,-0.0078
2026-09-18T15:51:42Z,9019016,0x4f5baf41be08741cb0d3d1079e267be47f449d35ecdc2d78498d93749fcb605a,BTC (token 2),80734.46,967574,80789.711,-0.0684
2026-09-18T16:01:40Z,9019076,0x4d4187b759b88d6890621925e45f7c1cbe589267857a793c788a18e43ea2a5ce,stSTX (token 8),0.325217,967574,0.3249,0.1116
2026-09-18T16:50:56Z,9019307,0x3dbd0d94f012a1259c23e2d9954b14c9f36eb752121bd4b7b89c686c341e32b6,STX (token 1),0.2745,967581,0.2742,0.113
2026-09-18T16:51:07Z,9019308,0x18d60e81e30bfea2aa40b36bd6697463c4c564b62013e20664899ff3f2e2de9d,BTC (token 2),80794.42,967581,80840.151,-0.0566
2026-09-18T16:51:33Z,9019310,0xe0c1db6842e223349d135c81986e51755a62392444b561689b71d0b5c0c84d89,stSTX (token 8),0.325573,967581,0.3249,0.2025
2026-09-18T18:41:00Z,9019843,0x794affee2ca4d5c515c09d5c4e3d873fa77ef25f51045a3ece03a271c5054cc0,STX (token 1),0.2747,967589,0.2745,0.0552
2026-09-18T18:41:11Z,9019844,0xdb3bc450e5b813713d18b5b9eb4181054172b02bcb3a6c863f333c4583914730,BTC (token 2),81029.69,967589,80963.5324,0.0817
2026-09-18T18:41:31Z,9019846,0x395048d427b5108a48b27943f970ee6b1acf4db8bb82ec707b642a58faf0943a,stSTX (token 8),0.325573,967589,0.3256,-0.0204
2026-09-18T19:51:11Z,9020218,0x3f389293cc31c4ab2fcb0dfc96dbe002ff67a87f754ff6eee56e8f0f7d415056,STX (token 1),0.2785,967599,0.2785,0.0121
2026-09-18T19:51:23Z,9020219,0x7d525a7bba865468b0f0872c47a58f4c8e69ebf13166cc4bf3d04a88e35fd226,BTC (token 2),81300,967599,81200.1327,0.123
2026-09-18T19:51:59Z,9020222,0xa9a94b050365c0917c7865e4b59a626ab9b20b4292888499463c4e2b9f5c9f56,stSTX (token 8),0.330448,967599,0.3303,0.0482
2026-09-18T20:31:18Z,9020427,0x904306e7221f263aa319d5e361e6a07341a667c73a9d8a448810502864676820,STX (token 1),0.2838,967608,0.2838,-0.0092
2026-09-18T20:31:18Z,9020427,0x267f80aa4434a6f88e97779c511ecd4fa7cb3aeed1ea5940ad9f4e33634e8397,BTC (token 2),80986.5,967608,81041.7237,-0.0681
2026-09-18T20:31:37Z,9020428,0xfe96c7f49e9fa064dfc21e7add0d40a314bbabbeb72ee6cc47dff1e395bae256,stSTX (token 8),0.336853,967608,0.3366,0.0611
2026-09-18T21:41:00Z,9020740,0xa219d2887b561d887cc40bac59340d2ec7b38cef8d1964b835935d336e977dba,STX (token 1),0.2885,967614,0.2888,-0.0932
2026-09-18T21:41:11Z,9020741,0x7dd74857c75db9d79f7ad6aedaae21860d602a75b1cfd9aecc58cbc3008a3829,BTC (token 2),81221.3,967614,81250.9634,-0.0365
2026-09-18T21:41:29Z,9020743,0x9f015f90adcaae87288695fb85dbc7b3d31dbd07c1b8a5dc5aea9b511b30bc8f,stSTX (token 8),0.342434,967614,0.3425,-0.0229
2026-09-18T22:31:08Z,9021014,0xe07c737a100ec26346a614adfa8d0dc2e3640742c1a9aceb937adb0bcf09517c,STX (token 1),0.2877,967620,0.2872,0.1807
2026-09-18T22:31:22Z,9021015,0x193f14427d781bc8da587c0bf03a6eee82614591186cc61290e3a1c52b1b6cde,BTC (token 2),81244,967620,81222.5219,0.0264
2026-09-18T22:31:46Z,9021017,0xac778c030014bf5e421c88dc1640a59edcb88babe61417ad15b6d5956e76a3e2,stSTX (token 8),0.340895,967620,0.3406,0.0777
2026-09-18T23:21:15Z,9021253,0x821dbb044736920741909ca79cb382058a63fb1a4c4003e40d5bc1c2e9d98e96,BTC (token 2),81118.2,967627,81096.0981,0.0273
2026-09-18T23:21:28Z,9021254,0x0dc9329c301e8005654f5d014fe484f35224f941678f40f908b2f42d8fa74029,stSTX (token 8),0.336981,967627,0.3366,0.1162
2026-09-18T23:31:13Z,9021301,0xd6dbd0b181d8548b5ef9dd57c32da1b4f27373ee1e76a38fe56d7950fb85e8b5,STX (token 1),0.2835,967627,0.2837,-0.0787
2026-09-19T00:11:24Z,9021492,0x129b6de588dca55299ec097dbc604576a9ec50ad3f0ad8656ac2db722dd46986,STX (token 1),0.2857,967633,0.2846,0.3794
2026-09-19T00:11:44Z,9021494,0x3be79a37ab7af6caed0ab4452682e98766e1a5c8849689f270af0dafadebaa56,BTC (token 2),80910.71,967633,80898.2421,0.0154
2026-09-19T00:11:58Z,9021495,0xcbf8830d4df21c176927f8b5078cf9289f2b6019338d5370750fbf7f192916ca,stSTX (token 8),0.337578,967633,0.3376,-0.0053
2026-09-19T01:11:13Z,9021787,0xa5434f00a8bd4291ab7b72312efd5f11eacc0dca3be3eb77f9a0c64279dc5176,STX (token 1),0.2835,967640,0.2835,0.0154
2026-09-19T01:11:24Z,9021788,0xfc7ca8e7f105ffbb8e141c750f2b355a2da46048b738e3e113d99e82596119c4,BTC (token 2),81324.36,967640,81353.9443,-0.0364
2026-09-19T01:11:48Z,9021790,0xf997526ea4ba75c553c29f5d5f48567feb23852d6503b02af927a7381af2af03,stSTX (token 8),0.336276,967640,0.3362,0.0174
2026-09-19T02:21:12Z,9022193,0xd0b9fff008ea5d6e6410f1b012f52b181459c4cfea22153925098afcc7216f4c,STX (token 1),0.2856,967648,0.2857,-0.041
2026-09-19T02:21:21Z,9022194,0x95bef294f369733f64250152c02c4b51b2c6a6ac0b71b5b7c617ecb1d764065f,BTC (token 2),81317.63,967648,81324.4091,-0.0083
2026-09-19T02:21:50Z,9022197,0x965bcddf0b4d69dd9e4efc607b5ac3d3c7b38c6a732575c744d2bc4b54b712a7,stSTX (token 8),0.338766,967648,0.3389,-0.0399
2026-09-19T03:11:28Z,9022450,0x988fca830c61ceb2b76f79f52d6be7887b0e7ce37f8f39552bef170c62ebddbc,STX (token 1),0.2871,967654,0.287,0.0176
2026-09-19T03:11:41Z,9022451,0xadecf4ba6ec91838e7a453f7c666fda8e3fa0c9008511245494a100597a0d330,BTC (token 2),81265.04,967654,81255.31,0.012
2026-09-19T03:12:01Z,9022453,0xa6f0c8160345740f410878cb2ca7e741683a3cf7f917e562350e0f7d50f5b3db,stSTX (token 8),0.340546,967654,0.3406,-0.0163
2026-09-19T04:31:09Z,9022848,0xc9430424e84650e2968e7b079b4cf5aded7bd002525af6575dbabb576e059f9c,STX (token 1),0.2851,967661,0.2837,0.4953
2026-09-19T04:31:26Z,9022850,0xb5e0f3bad6c3185803e07c2d119ff0e882c8a2c5243b0fcab8c121308f273406,BTC (token 2),81065.79,967661,81035.006,0.038
2026-09-19T04:31:56Z,9022853,0x00199500f3aa9fe2552527d2665f3572c39c16dc458f2eee4871b37e1e0df121,stSTX (token 8),0.338173,967661,0.3365,0.4952
2026-09-19T05:31:23Z,9023171,0x8e79271d87eb1acbbba5e2ccd81fd586aabebc6ad5efa0b2b20f3b90a5d3c584,STX (token 1),0.2812,967667,0.2814,-0.0766
2026-09-19T05:31:32Z,9023172,0x3b4c0fab8cf864b1bebbb077dd1768535246e84fbee2817cd8fb0dfecd5da605,BTC (token 2),81047.78,967667,81041.5802,0.0077
2026-09-19T05:31:51Z,9023174,0xed3ca200d6c3b91903d8d5249503007ee9edc7f10341156296422f39061e742c,stSTX (token 8),0.333547,967667,0.3338,-0.0772
2026-09-19T06:41:13Z,9023532,0x587f7558166ab9cb171b705d0e62807ea685f95ca37cca8681b4a6e448d9eaca,STX (token 1),0.2814,967673,0.2813,0.04
2026-09-19T06:41:24Z,9023533,0xae60d664e86f1e5525fe587ca964ea19c49cba94c381ff50270722d0358c6436,BTC (token 2),81056.28,967673,81052.8959,0.0042
2026-09-19T06:42:01Z,9023535,0x0a2edaa96f7a524931ce1184a4accb44b5c45b5ee12cbd71761c5ae836f00f86,stSTX (token 8),0.333666,967673,0.3336,0.0211
2026-09-19T07:11:18Z,9023693,0x2f96b8b1feb3302712e239fe520fcda95473cb893a175ebf1c97d08f7b838c5a,STX (token 1),0.2827,967680,0.2826,0.032
2026-09-19T07:11:31Z,9023694,0x1d30442345f944e19f003add68d6b165a956d80908220d8d0e7360d2604ed955,BTC (token 2),81077.34,967680,81085.0445,-0.0095
2026-09-19T07:11:46Z,9023695,0xb6a18e0d51b0b0be4980f415ed0c1fe580674c622b3cebcf4c4c614002674ece,stSTX (token 8),0.335341,967680,0.3352,0.0349
2026-09-19T08:21:06Z,9024063,0x210362d2e622f294aec43bffc174bd6a5b8199fe47e7877e436d019e65589769,STX (token 1),0.2882,967686,0.2883,-0.0384
2026-09-19T08:21:34Z,9024065,0xbe8a6bff870e4d2cc9515557685de446421a4439adfdf0bf6b660058e32b0aa2,BTC (token 2),81333.29,967686,81300.609,0.0402
2026-09-19T08:21:58Z,9024067,0xd3dce7d21ca08cd7a3684bcb0a0c0b563a15e53815249f9bd478c648eda6a3dd,stSTX (token 8),0.342696,967686,0.342,0.2068
2026-09-19T10:31:31Z,9024727,0x1bb8b7c5a496177f19da5072b79592f6bda736e039c7a8a25512e3d0f667e5ec,STX (token 1),0.2955,967692,0.2965,-0.335
2026-09-19T10:31:51Z,9024729,0x6cf298f4669caa377b3a5adcd11d9a9aecc7338e0f896d178d2bc9c7f82af7e7,BTC (token 2),81253.35,967692,81259.2361,-0.0072
2026-09-19T10:32:02Z,9024730,0xa4c4b21c6d2368fde7787dfb37875a6146903e2d8dc361e4faf0f997bac9d5c5,stSTX (token 8),0.351356,967692,0.3504,0.2744
2026-09-19T11:21:10Z,9024969,0x2cc6648db9043bb982769292c38bd00591a1c1d1d0f835729ef5d975e9f9485a,STX (token 1),0.3046,967698,0.3043,0.0987
2026-09-19T11:21:32Z,9024971,0xc16aef1a5bc8b08f2a62543a3b279281e646c8ed345914024e9fc694d6a93228,BTC (token 2),81322.15,967698,81316.96,0.0064
2026-09-19T11:21:41Z,9024972,0xc556e627251805b082072a6a2150a2edb779799d2fdf580dce511d4a2d5a0df2,stSTX (token 8),0.360608,967698,0.361,-0.0977
2026-09-19T12:02:06Z,9025144,0xb2bda61527d730f29c0535d9aa91a26e80c15f2b282d7059448ee00091f4fe78,STX (token 1),0.3224,967700,0.3239,-0.4773
2026-09-19T12:02:06Z,9025144,0x8ef1f11c5eb973c44c54037ca480828eab80842530a9635a64f7e75accfe75ed,stSTX (token 8),0.382434,967700,0.3843,-0.477
2026-09-19T12:21:01Z,9025233,0x68180a7e2c9413a802219c52db8cfc89356212ad514d495951523e584ba10941,BTC (token 2),81276.17,967704,81265.1868,0.0135
2026-09-19T13:01:44Z,9025421,0x4cb3e9619128e3ed0ea4ddc67df127079ee7af02047f1dee292b6602503ffbbf,STX (token 1),0.3129,967708,0.3135,-0.1893
2026-09-19T13:02:04Z,9025423,0x2a9af0463e5287190f0507dfba4c26f14144fb2ab97df9202e27ef40abcd5575,stSTX (token 8),0.371649,967708,0.3704,0.3245
2026-09-19T13:11:45Z,9025476,0xfbc5a159877f5cc6a7f160828d62ccffe1f70c1f38fea843717eaa0000a460f8,BTC (token 2),81226.5,967710,81202.91,0.0291
2026-09-19T14:51:19Z,9025926,0x247ed62e491922d81169290702c06190cce778efdbfd3780bf4f6adda028816f,STX (token 1),0.3078,967716,0.3075,0.094
2026-09-19T14:51:33Z,9025927,0x1ff62ce1ed95144fde69b6827db3eefe70bf3626dd135ae0aac3cecbece9892b,BTC (token 2),81494.29,967716,81466.9677,0.0335
2026-09-19T14:51:49Z,9025928,0xe9ec11e1bfdde26951fce5910fe58bd72d37a06e26f2cb191124bd72456e6d42,stSTX (token 8),0.365126,967716,0.3648,0.0957
2026-09-19T16:51:17Z,9026531,0x70c91c83a97cf7e60ce6f4d4e39a214b7d1a0ddb3f581755791887d5371f85e7,STX (token 1),0.3057,967723,0.3055,0.0607
2026-09-19T16:51:34Z,9026533,0xa54928749f11f8f421915c82f2f5bd8bfc09d236ab716bc47a6f2be350870bb4,BTC (token 2),81802.27,967723,81810.8465,-0.0105
2026-09-19T17:01:47Z,9026591,0x0ebe93bba7fca72f9121c32111f72fbe3ada32b01473af75f65eb8edaa33c9c9,stSTX (token 8),0.362993,967723,0.3628,0.0648
2026-09-19T18:01:35Z,9026899,0xa56c1c7f3ce346e47f9b0e441255b8bcd517298830bef268f8234c12fa9b6b38,STX (token 1),0.3038,967730,0.3035,0.1114
2026-09-19T18:01:48Z,9026900,0xf67010bae6e57e557ddbfacfece8cefe255794ed8c8ce36edaa6e6949c4b59de,BTC (token 2),81477.8,967730,81473.6658,0.0051
2026-09-19T18:02:08Z,9026902,0xa4c5a8426ccbebed8a7a378cb82b55cbbd7ffe5674137b6e634e6eca12bb6b30,stSTX (token 8),0.360385,967730,0.3597,0.1949
2026-09-19T19:41:36Z,9027410,0x46c087fc080fd7c1b19c2e668d9abe3939aa5839f4eba2c6f279cb8d6a95ea74,BTC (token 2),81343.61,967736,81335.9364,0.0094
2026-09-19T20:11:12Z,9027543,0x48b0fcff404bf45744a187b71aed287591af774fea1bf619d31702e2cb538fce,STX (token 1),0.3104,967737,0.3112,-0.2582
2026-09-19T20:11:51Z,9027546,0xe0db398163c00515bb677f30ee544abe8380223f3f1a5bdf748f6fa9b4d059a9,stSTX (token 8),0.368455,967737,0.3692,-0.1932
2026-09-19T20:31:33Z,9027652,0xff9fa06d515f49d4c7aeae27449ef41a56ab16d379f4a98257ed9d83f71af592,BTC (token 2),81237.02,967742,81241.37,-0.0054
2026-09-19T20:51:15Z,9027758,0x80a431a7e7e3e1955267692beaa97dca5307dd593c59dc075d20ad147589541c,STX (token 1),0.3091,967745,0.3091,-0.0013
2026-09-19T20:51:35Z,9027760,0xc3948b1ae63c7b9a5b2170948e6d56e9fe2bb3a000d7c7d87bdf100e7ab81805,stSTX (token 8),0.366085,967745,0.3667,-0.162
2026-09-19T22:01:51Z,9028141,0x1ff77e39ac8c2bcd9b369d3a8e3712c649a853af8abcb0e0c596425c1b9feeb4,BTC (token 2),81007.51,967748,80995.5994,0.0147
2026-09-19T22:20:59Z,9028242,0x21d011ba6115c8dda988c727fbef026eeddcd32297d4b859a57576fb336d84e3,STX (token 1),0.3097,967751,0.3097,0.0067
2026-09-19T22:21:25Z,9028244,0x5278ac55ad53cfb12ac56442aaa5bcda96f9c1e437df335fbd9cd33ad8a8815c,stSTX (token 8),0.367271,967751,0.3676,-0.0899
2026-09-19T23:01:43Z,9028442,0x7ccfc03d2f0fe5b6e9f2a89fc7ca98e0d4ff1e839c2c85532288283aa71c8d20,BTC (token 2),81225.16,967755,81223.9617,0.0015
2026-09-19T23:59:37Z,9028662,0x27c1af11a4767c8e8e7acaf47620ed8f746a9510fd52d74cddc722a55145362e,STX (token 1),0.3155,967758,0.3153,0.0509
2026-09-20T00:00:50Z,9028663,0x4b4a8bfb63eb4c493967d59efc8deef77cd423dd11a699e90314f87079ed460a,stSTX (token 8),0.374152,967758,0.3743,-0.03
2026-09-20T00:11:18Z,9028714,0x91ee2a2b20ae0f74650082eeefd3320b4a75abf2cd17d0c5001a035bb6ca41cc,BTC (token 2),81240.6,967762,81253.46,-0.0158
2026-09-20T00:42:17Z,9028855,0x22eaab990ae4354a472749f6bcd81cbc93873686bd34692d6c998c1ed48f6231,STX (token 1),0.3165,967765,0.3166,-0.0292
2026-09-20T00:42:40Z,9028856,0x1067a285896282de9fa5097614f2c9c3844f68b57acffe93d6aad936811ea79a,stSTX (token 8),0.375931,967765,0.3756,0.0961
2026-09-20T01:02:08Z,9028942,0x63a32097a1548576737e5efeec99be6f44b9098aeef2d3ba3146d683b85ac497,BTC (token 2),81269.92,967768,81248.3108,0.0266
2026-09-20T01:21:09Z,9029032,0xaf71c6480f710f003178c5edf4118388b9ccec588936495d0ee33e3e6dab41e6,STX (token 1),0.3198,967776,0.3199,-0.0391
2026-09-20T01:21:18Z,9029033,0xdbf721b9c07b8ce0a8b81ed1398e341438acdf20bf9c9467c95f993c49faaffb,BTC (token 2),81156.83,967776,81182.42,-0.0315
2026-09-20T01:21:39Z,9029035,0xd4c0de2fe244c60473b0a824a4368f3f551536f1b4c533ecea03e71a2fbfca6d,stSTX (token 8),0.37949,967776,0.3795,-0.0093
2026-09-20T02:41:12Z,9029442,0x9300e19d423a9563b5f7255261fc6d89c6b47a90e8cc78744ac1ae7ef0508b00,STX (token 1),0.3236,967782,0.3239,-0.1019
2026-09-20T02:41:23Z,9029443,0xcb4ccffd79e06c4cbb491ec261ff09df00c1beea6fede5d958ef3d470123bfcc,BTC (token 2),80857.86,967782,80839.24,0.023
2026-09-20T02:41:35Z,9029444,0x27ebc272a9fa60fa9fd4838775dd681ab9f3ad6c83fb12dfff073d4ac336476d,stSTX (token 8),0.382112,967782,0.3843,-0.5639
2026-09-20T03:20:54Z,9029628,0xa6e95715813f2b305aee5d4d5f37beb8480de17b744efb786ec6067048625109,STX (token 1),0.3148,967789,0.315,-0.0572
2026-09-20T03:21:09Z,9029629,0x23eab7a8ed34ed507034c080a6ee778e11bca437272e68ba25d02f409c4c4404,BTC (token 2),80407.62,967789,80486.5135,-0.098
2026-09-20T03:21:23Z,9029630,0x8d2f775059f153b36957969c4ed8e29adc600c4f2d148fa82a10b251dd5cd6e1,stSTX (token 8),0.373456,967789,0.3735,-0.0237
2026-09-20T05:02:01Z,9030071,0x8b5ccc5254240465973020f6db0f7bad441e9dddb47df71d17a4b777025d8789,STX (token 1),0.3204,967795,0.3202,0.0712
2026-09-20T05:02:11Z,9030072,0x6b5855d11eaf16131dc0e7d7622ccef7c5685de09cef5a2c0412c1a07f1b9e54,BTC (token 2),80398.51,967795,80414.4014,-0.0198
2026-09-20T05:02:31Z,9030074,0x253ecce9913490e6a5271e924bef5fd054b27ba2c14c2054c4a76b30c3f97233,stSTX (token 8),0.380101,967795,0.3798,0.0725
2026-09-20T06:01:39Z,9030358,0x0871b01a696087dbca66877ba53412e4d79259f714bdc479752c0f5123194bc4,STX (token 1),0.3259,967801,0.3254,0.1476
2026-09-20T06:01:50Z,9030359,0x9a5e67b21fb2d756b1eb6f0fc25e521812103717a76c029815a45c851d0bd9cf,BTC (token 2),80471.56,967801,80498.56,-0.0335
2026-09-20T06:02:16Z,9030361,0x51ca9cab2599e4ab8ecd64c2b43b265f00f9e26a1c1860a657ddf0b47c1a20e7,stSTX (token 8),0.386626,967801,0.3857,0.2407
2026-09-20T07:01:53Z,9030667,0x78b4a7d43b907ab1b7ec9f77362bb5dc463204d6384729e5b6d8426d180d4b25,STX (token 1),0.3195,967807,0.3195,-0.0129
2026-09-20T07:02:03Z,9030668,0xf75f7a66066c60b64c5549cb9fee79ef42264ec01a915646106991508f5a4374,BTC (token 2),80306.29,967807,80322.9709,-0.0208
2026-09-20T07:02:29Z,9030670,0x0330dc9a5a40e69fb07dbc41478c8dd3dde1644eda427f3b1c9f24e693f21fbe,stSTX (token 8),0.379276,967807,0.3772,0.5546
2026-09-20T09:51:17Z,9031365,0x01a847b10812f7d8dfa04939c9a3d2081b450997dc366a735723efdd34ae23cd,STX (token 1),0.3166,967814,0.3166,0.0094
2026-09-20T09:51:43Z,9031367,0x64de9d49ab2191a68abc9a6c1d096fd60940d84cbcb08fec6ee4bcef516211e3,BTC (token 2),80435.1,967814,80447.8,-0.0158
2026-09-20T09:51:56Z,9031368,0xa3f6b00cf0688d37fc48ea90c4cf44e58c2ee69acfeef27730aff859f7330d0f,stSTX (token 8),0.376075,967814,0.3756,0.1364
2026-09-20T12:10:56Z,9032064,0xfedeacafe623a12f8082b83f650b756a77437ba4ea6751a23ab151cee1932809,STX (token 1),0.316,967822,0.3161,-0.0391
2026-09-20T12:11:33Z,9032067,0xea5abea4239cb5cac19919976aa814a20645385c9be68c45a5550244b3d1ea46,BTC (token 2),80454.07,967822,80480.9947,-0.0335
2026-09-20T12:11:57Z,9032069,0x86619e93bf7ee9eaace4266c4d26af35bbd5f0dc012d7f496414f6bcd73f740e,stSTX (token 8),0.374891,967822,0.375,-0.0233
2026-09-20T12:31:32Z,9032158,0x72978bae8831601f5a321130a3a6e3149593fc5617e60eb973d0418aae224b44,STX (token 1),0.3142,967828,0.3135,0.2314
2026-09-20T12:31:45Z,9032159,0x64d6a35b263d15f486c253bbbc2fc8cd10a51ea16e3603c2e3f6e7af017c9ea0,BTC (token 2),80299.82,967828,80306.3646,-0.0081
2026-09-20T12:31:59Z,9032160,0x846158e54bda874f251f4be031129ba6a855cee18e6a452d7fce8bd8cbb0bdc3,stSTX (token 8),0.372755,967828,0.3719,0.231
2026-09-20T13:31:20Z,9032440,0xeb86687b13200c9f47e49f7bcf433a94b2a511ff7cef8668e014c0b0c108f69d,STX (token 1),0.309,967836,0.3078,0.3791
2026-09-20T13:31:35Z,9032441,0xe48e00cd591ad4f2db8937e855ba39aadf3a6ead18710e7eb5e07d02118b1bb6,BTC (token 2),80468.67,967836,80469.8098,-0.0014
2026-09-20T13:32:04Z,9032443,0x49c7cbdd56086b76a2e79c5cbe5bfeabf46470b1680513e9c3fdd9607bd62f77,stSTX (token 8),0.365403,967836,0.3654,-0.0107
2026-09-20T14:41:07Z,9032790,0x2c893cfca43aed37cc111b8c8e23b1c7e8005f410f78121618e2f812d29371a8,STX (token 1),0.3097,967843,0.3098,-0.0295
2026-09-20T14:41:28Z,9032792,0x3d3ac9eb90ad81acbbcdbf6404da26b37dcd70b7772b9e117943aa93adb3a276,BTC (token 2),80568.25,967843,80585.7951,-0.0218
2026-09-20T14:41:49Z,9032794,0x80e326c0cfd4a95cdbf961428d1a0b3bf1192d622cac6f76790ab6fa6a11d439,stSTX (token 8),0.367423,967843,0.3675,-0.0294
2026-09-20T15:31:23Z,9033060,0x9ee25ef977c1612b73f73aed88553b7f10f1ed575090cd6c00be0a55c4ff02f5,STX (token 1),0.3094,967851,0.3094,-0.0155
2026-09-20T15:31:49Z,9033062,0xf6e98f657e326e5c3eab0a3b4f8f4a4db772f7d10eeda52866343ccf43dabb5a,BTC (token 2),80685.29,967851,80726.1516,-0.0506
2026-09-20T15:32:14Z,9033064,0xb7e93eb7acce4e9404f9d75aa72350c6137d841875fe739489006b033dd61e52,stSTX (token 8),0.367067,967851,0.3669,0.0326
2026-09-20T16:31:27Z,9033348,0x2efe2145376ca49c2aa60f90cf12f544514549cae5dcc0d0019e80ab3bdc93a6,STX (token 1),0.3135,967857,0.3134,0.0171
2026-09-20T16:31:42Z,9033349,0x8bb0bd2014b7b54429d74db0a5e662bc66e72df6fed82144cf23fdb71ad8c3ec,BTC (token 2),81133.49,967857,81104.2268,0.0361
2026-09-20T16:32:15Z,9033351,0x7c39a2fe09ad72d6ecbed7ee11880cbab3b832ac69cb166ef448a4b6aaba069f,stSTX (token 8),0.372057,967857,0.3725,-0.1254
2026-09-20T17:01:36Z,9033474,0xae34a2ec9d05ff3e7aafb0fe40f9f7e278239b0aa03c5d124adf701b39e6605e,STX (token 1),0.3169,967863,0.3174,-0.158
2026-09-20T17:01:47Z,9033475,0x937a22f84110e03cc7d9a255d61aca22b7dd6a08e3e81b4aa17f9bd843d66174,BTC (token 2),81259.49,967863,81259.49,0
2026-09-20T17:02:10Z,9033477,0xa4c13542e9f3aef30e84c878daf224f8944c629d53df6eccf04f4ffc75dc2505,stSTX (token 8),0.376805,967863,0.3766,0.0637
2026-09-20T18:01:54Z,9033749,0x32e8a4c6cad9693188945a8108a42c98ca3806398e06e7264d45e691f7b873f9,STX (token 1),0.3164,967871,0.3165,-0.0362
2026-09-20T18:02:25Z,9033751,0x15cba0daf7a2a9d099400e704d4cef36dc78e32a1da5e93918feb72a1ff1248a,stSTX (token 8),0.375618,967871,0.3759,-0.0673
2026-09-20T18:11:27Z,9033791,0x1d14b2e57b139890da1e91eadffe0375313b5f0e7a1e1ebd97d498d7db94e487,BTC (token 2),81118.04,967875,81132.0884,-0.0173
2026-09-20T18:41:12Z,9033949,0x6717ee76baa442c256e83977741bf879999744510d0f04982fd392d16fbdc453,STX (token 1),0.3191,967877,0.3184,0.2154
2026-09-20T19:02:07Z,9034039,0x677b9c8b9032602f9e7ff5b37e654d826c9632d91acf784402d9d4d299250e5e,stSTX (token 8),0.376805,967880,0.3769,-0.0213
2026-09-20T19:11:14Z,9034083,0x02f6948b191f1829423b9c62c578fd3ebe17ea5d0649e2f4d60dca6c634cc39e,BTC (token 2),81091.59,967882,81093.8101,-0.0027
2026-09-20T19:21:15Z,9034137,0xad2d7d4273de77c5c74b092a4b5d68d84746012d42c1132d0825347700da801f,STX (token 1),0.3181,967884,0.318,0.0417
2026-09-20T19:51:24Z,9034278,0x082e49bbde270da7a6a2a3ece0858ae6bf56ef9234513752dd89054f49f932aa,stSTX (token 8),0.377169,967888,0.3769,0.059
2026-09-20T20:31:07Z,9034490,0x567d4388faa072b343d6840c77dd05c8cb26d2c0a04c7ceb15b2ff464041608c,STX (token 1),0.3218,967893,0.3216,0.0697
2026-09-20T20:31:34Z,9034492,0x817b15bf4f49c7d1264070761d139f2184e9487803b4caf0883ce874261d1f9b,BTC (token 2),81129.69,967893,81132.0853,-0.003
2026-09-20T21:31:33Z,9034719,0x58efb0efad635c3e22610ac603491c22d7d54afc235e4b3ba7d539d3a802049e,stSTX (token 8),0.385476,967897,0.387,-0.3849
2026-09-20T21:51:12Z,9034812,0x3fb87120802846ab1087f010bd0847adfa292741c719397058e46c78a9d7b73a,STX (token 1),0.3258,967900,0.3262,-0.1253
2026-09-20T21:51:27Z,9034813,0xafa11301790945fff9c941b87508d779e7f2106d1a799a672f5e296e7649dd7c,BTC (token 2),80884.71,967900,80927.9838,-0.0535
2026-09-20T22:21:15Z,9034933,0xfc5d974a86f0a50c89b24c8af16a1e3b27c04db4298c50521f9ba9673ad7ec85,stSTX (token 8),0.390933,967903,0.3902,0.1915
2026-09-20T22:51:18Z,9035069,0xebda8cd092b9364403ac1dd02ca2fd08289dce46cf4b3e0e7491ded2d4c69be3,STX (token 1),0.3252,967908,0.3249,0.0856
2026-09-20T22:51:46Z,9035071,0xad933852bb69ac01907855c72c583332bcaffc8fd70812e5d0d84d9d5514c551,BTC (token 2),81219.55,967908,81251.85,-0.0398
2026-09-20T23:51:32Z,9035341,0xbfd7d5ac2c5b772e3f9e54d215089473886e0bc8b6335b14daf8c4767274ae5a,stSTX (token 8),0.392601,967912,0.3948,-0.5599
2026-09-21T01:11:03Z,9035746,0x3ba425e3cc85c04945c6936373fb6b7ced87e4733a85b3d895cbeccca2842a80,STX (token 1),0.3301,967916,0.33,0.026
2026-09-21T01:11:29Z,9035748,0x94c692f6efe10bfaf49b9b4f85f74c4093bd71526f4e594bab8fe233469804ef,BTC (token 2),81782.35,967916,81767.59,0.0181
2026-09-21T01:31:22Z,9035826,0xa2b68024525386697c00f556ef09217394e5332c421b42c9303aff477914ab77,stSTX (token 8),0.390465,967918,0.3906,-0.0348
2026-09-21T02:02:10Z,9035968,0x2aa66c8f6bd49c53c60e391df07d09d520292dd27ebb05fb1013b59a669bfbba,STX (token 1),0.3222,967922,0.3239,-0.5381
2026-09-21T02:02:20Z,9035969,0x3a92b897ac2c7205e3cf83d921d8c186ff813631a8181103fb89602cb3e3adec,BTC (token 2),81028.5,967922,81211.5913,-0.2254
2026-09-21T02:11:30Z,9036006,0xcd5ea973499d2856d1e55909394ca1aa34cc3d6dfba237f973f7ce49c1111e2a,stSTX (token 8),0.384177,967925,0.3842,-0.0137
2026-09-21T03:31:22Z,9036401,0x3526b6c49ac5d22982d232b99fe72ef81c0473ff6aae1f8383c56a9dc6d986fe,STX (token 1),0.3262,967930,0.3263,-0.017
2026-09-21T03:31:41Z,9036403,0xbea121d50ecd36a2fe2ed52bd36af52836eda7e4b5b11022f7dff3889690f5d9,BTC (token 2),81537.17,967930,81534.3482,0.0035
2026-09-21T03:51:23Z,9036501,0x6d960bdab88a18db50fa72c30def2aa7c8092d6ce22f84e1fc00de9b96b409e5,stSTX (token 8),0.387033,967934,0.3867,0.0911
2026-09-21T04:11:26Z,9036589,0xc515f78321bf2d09d92e17f47ee20ad7e94c1c835d82131b0fb2c6e912e70e3f,STX (token 1),0.3235,967936,0.323,0.1518
2026-09-21T04:11:26Z,9036589,0x9fce8be15af17a3e6fa745957dec894eac0a49257e8c7ccf3a80cca5f93b613a,BTC (token 2),81308.27,967936,81268.28,0.0492
2026-09-21T04:33:17Z,9036661,0x4eb2f887626ebde15914e24c549b62eda40be74339dbb4adf787fe3f92c5dc6a,stSTX (token 8),0.382168,967940,0.3815,0.1837
2026-09-21T04:51:16Z,9036711,0x5cd24b810bae4df6797b0b1694433409ed6c440fc7da993860f2bb2bae26d0e9,STX (token 1),0.3229,967942,0.3225,0.1365
2026-09-21T04:51:52Z,9036713,0x3092be870a0ae855e68ec1892576e5ea43b411ae5e1f48647efe1f50d520d80c,BTC (token 2),81488.59,967942,81451.1873,0.0459
2026-09-21T05:31:45Z,9036857,0x42646383c0d719455899fb6c4cf040830d531c8cda5d45b04137de5cce5b31fd,stSTX (token 8),0.382054,967946,0.3821,-0.0177
2026-09-21T05:51:05Z,9036908,0xbf6853b6c4485a48b8a6dbd4431840b0d30b361bcbd4db630854f61f22650992,STX (token 1),0.3204,967948,0.3211,-0.2211
2026-09-21T05:51:28Z,9036909,0xef900b36cfb91e517f489b44a4e2126367bc03b514aeeb81beed04ea237d4c5d,BTC (token 2),81559.51,967948,81537.1332,0.0274
2026-09-21T06:11:19Z,9036987,0x8a9cfc70d25ba43d7d668b2a73112ce123458fd055cb88d93f41704f2fc30be9,stSTX (token 8),0.38087,967954,0.3814,-0.149
2026-09-21T06:31:14Z,9037068,0x7a4bb15319e745d0e8e1f60d0fdcd67ca4c5b84897681f4332e3ed27582b3bca,STX (token 1),0.3231,967957,0.3227,0.114
2026-09-21T06:31:24Z,9037069,0x863fd96ff6dd6f9ac9dee034016e21c6427950f544464150863ddcf0a55688d2,BTC (token 2),81782.86,967957,81816.6149,-0.0413
2026-09-21T07:21:39Z,9037288,0xc62efc4a2f84824c513b9c23f96823e71a1920276192dd55838e86f98830f1e3,stSTX (token 8),0.379687,967961,0.3794,0.0732
2026-09-21T08:11:33Z,9037486,0x9a4dcc0db0396bc8e0cea4e7766b52c16fc233541e173d4cd82c0fa8f868556f,STX (token 1),0.3202,967965,0.3205,-0.0938
2026-09-21T08:11:48Z,9037487,0x7799a2e4c4d0e1ec6aee78593f8911dc213804886f735ec6ee86f8e0a91d4760,BTC (token 2),81910.5,967965,81932.3931,-0.0267
2026-09-21T08:21:42Z,9037522,0x00f7ea475f613b137e824bbd59f5a6fc9adbb706ff5bc91d0ae441b854e828c2,stSTX (token 8),0.380163,967967,0.38,0.032
2026-09-21T09:31:19Z,9037772,0x4bfe4f8449d4ef39330aa691e84dc15e8134e1d6bd5d6b595703353f4d67988b,STX (token 1),0.3382,967969,0.3381,0.0378
2026-09-21T09:31:19Z,9037772,0x1f41311ebcfeabf19ac784ec551a54616949d7523327bc73af0b8455367ff89b,stSTX (token 8),0.401642,967969,0.4011,0.1275
2026-09-21T09:41:23Z,9037809,0xcd4711903e50ac5526f4f5d8419963dfeaf4147985e08d826afff88586ffc844,BTC (token 2),84894.28,967971,84907.6068,-0.0157
2026-09-21T10:31:24Z,9037995,0x72adcd1aa1d71dafe7e95ca2e8c51faf28690531fa6090f6c68c0e61d7351ac4,STX (token 1),0.3332,967976,0.3331,0.042
2026-09-21T10:33:23Z,9038000,0x6be659bb8225fae60202ee9686dc06c35c5ea8858b39b784186295848c87cc00,stSTX (token 8),0.395472,967976,0.3944,0.2831
2026-09-21T10:41:31Z,9038027,0xfd5588e6300e2e1c97eea3ff7bb8c63281c4f5e6df01295241aa7328749e4945,BTC (token 2),84131.73,967977,84229.062,-0.1156
2026-09-21T12:11:10Z,9038378,0x1aa3d972231e352e9a0c545e61aa756d44d9ac10c092815d6fb91097525e88e3,STX (token 1),0.3305,967983,0.3319,-0.4109
2026-09-21T12:12:13Z,9038381,0x031c1de3749703b066232fb6103ef0851b7da7a8d9f9cbfebeb8c7b28c4ad8ff,BTC (token 2),84910.5,967983,85033.3656,-0.1445
2026-09-21T12:12:13Z,9038381,0x11feef349db5616dced7b1e0225fe0843cafd7cbf20824b95a89ff600dffa83c,stSTX (token 8),0.392272,967983,0.3936,-0.3356
2026-09-21T12:51:17Z,9038518,0x848101cb9acd6140ca2497ec02a220f1ff19727a5f30ba0d4495219ce0e01630,STX (token 1),0.3315,967991,0.3324,-0.2598
2026-09-21T12:51:33Z,9038519,0x8c7386c6171e7df5370275a8b976db684e0acc2772e11c27717f7479d25f7645,BTC (token 2),85224.12,967991,85208.8399,0.0179
2026-09-21T12:52:14Z,9038521,0x711ac3542f6bbf3e58a6ad7879b21ab63c48a64571b07eaff696857b93dbf332,stSTX (token 8),0.394766,967991,0.3948,-0.0037
2026-09-21T13:41:27Z,9038694,0x23c1c353fc7eab72a0ccab20da1be90cd58879897940958e360890bb99f2b2ca,STX (token 1),0.3286,967997,0.3276,0.3118
2026-09-21T13:41:27Z,9038694,0x28d8dbad2dfcafb6dfa43e4da89229fa478da7a18afa18c8537f9cef0366f29f,BTC (token 2),85040.83,967997,84984.874,0.0658
2026-09-21T13:41:27Z,9038694,0x19b33d5991402b3c41198a0ff48a71bf4d0597344f51c8b3836ee70f384736e4,stSTX (token 8),0.389901,967997,0.3887,0.3115
2026-09-21T15:11:11Z,9039018,0xb83fd502db0883d16b96e7315b8d755e7cd7edaf8d75709caba3e6e783c44bdc,STX (token 1),0.3349,968005,0.334,0.2645
2026-09-21T15:11:43Z,9039020,0xf07dee49986b7c20522353c37342796e7533862e2e550a153761ff694669aabe,BTC (token 2),86184.16,968005,86124.09,0.0697
2026-09-21T15:21:25Z,9039059,0xf01fc622b3acb6f116f31cc0a130d2f8c2dfed704fc2164ab3828750c6d528a7,stSTX (token 8),0.393944,968007,0.3928,0.2828
2026-09-21T15:41:09Z,9039129,0x502476776ce9b0e3b78b85b630c1c3d0b58b53f9637da8529d476d35af914258,STX (token 1),0.3314,968011,0.3311,0.1006
2026-09-21T15:51:30Z,9039166,0xfe81f315ce43f842850fe56e1f9391ed8be2c58a7b97bea6357c053e6e983332,BTC (token 2),86090.5,968013,86050.5941,0.0464
2026-09-21T15:51:30Z,9039166,0xfd7e6630a9a5bc5b85e0d7c02fe0546cd4b85c4db781e41cb5d42227ddd30ea2,stSTX (token 8),0.389672,968013,0.3876,0.5463
2026-09-21T16:11:14Z,9039241,0x5d63cc6d201c40d6cfb3a911e315e162124d7102d7c66e12066e5bd1957e063d,STX (token 1),0.328,968017,0.3282,-0.0599
2026-09-21T16:31:48Z,9039308,0x22abe6934e48449bb9928cf3beb3d0a5648f36166cec4ae690cd23006c3aedb8,BTC (token 2),85933.05,968019,85935.4406,-0.0028
2026-09-21T16:31:48Z,9039308,0x0e3d13201785188d7bc1e2fc1cc02eb87ec299c03926f3f84340c83778a95f84,stSTX (token 8),0.39252,968019,0.3927,-0.0441
2026-09-21T17:31:34Z,9039519,0x1806e5af49fa9095965745a700bf7de406d140c372de71c1fa8614b6e4d8357d,STX (token 1),0.3305,968023,0.331,-0.1531
2026-09-21T17:51:24Z,9039606,0x39b233498f00f2095f0ef8d047bc3304ddde196020b1efe2e008db69e637d7a7,BTC (token 2),85830.69,968025,85800.516,0.0352
2026-09-21T17:51:36Z,9039607,0x6d4c28b064ad10f9bedcfdb2ea82a08e3f01d35be6d862cc03104d3bcb75969b,stSTX (token 8),0.390153,968025,0.39,0.0446
2026-09-21T19:03:17Z,9039886,0xf03ae68c50b1d2b69eb4c5ef8b0e4f12f2ea0292996fff26a33fb08c9e8f89ee,STX (token 1),0.3326,968030,0.329,1.088
2026-09-21T19:11:27Z,9039911,0x6aa8c3972a437bb3f59e1ef26502d516d9882734f87d8fa87d6e829c96a33c8d,BTC (token 2),85988.77,968031,86046.3551,-0.0669
2026-09-21T19:12:09Z,9039913,0x52fa1b481bb959b965ff28f9e4a4ede9513a8fa3af16206539fd0bc15b293516,stSTX (token 8),0.393831,968031,0.3931,0.1901
2026-09-21T19:51:06Z,9040021,0xe03be0d990a5594055922167544dea9996ade6bd64cdb1ac71d706fe2827298c,STX (token 1),0.3354,968037,0.3355,-0.0208
2026-09-21T20:21:19Z,9040131,0xbe52616059651f72af02e3b68ca3e33c507d755e79d54fc87759324904ccb8a9,BTC (token 2),86901.37,968039,86989.5301,-0.1013
2026-09-21T20:22:01Z,9040133,0x945f1d701f9b9192388ec749772d2365fb51499f0c061faf189a000faea693fb,stSTX (token 8),0.402256,968039,0.4016,0.1728
2026-09-21T21:01:29Z,9040269,0x4812386472ef7d24bfa70115f08dd26d62c6f25b63cda2b9f51a79fe5a9a854a,STX (token 1),0.3474,968043,0.3473,0.0398
2026-09-21T21:31:18Z,9040376,0xdb1ee0b733ac73e7033f11cfefff5430b45488b973210570ffb3694647718f6c,BTC (token 2),86653.42,968047,86687.0634,-0.0388
2026-09-21T21:31:50Z,9040378,0x1ed1cae8f603f0b6dc4a7ddba2f1d8dae9c4e10ace52e71341bbcffc7750dd2a,stSTX (token 8),0.406893,968047,0.4072,-0.0756
2026-09-21T22:41:02Z,9040636,0xacb0be0c98d7bc8766ad2b32fcdedfc26af0ae2101aa4d20b7514eb5a11a74a2,STX (token 1),0.3466,968051,0.3464,0.0519
2026-09-21T23:01:39Z,9040710,0x55256309bbaa2df5add4174c4e1217e0f1b741df17b6c5ac1e99cbf9a6cc58a3,BTC (token 2),86452.38,968053,86440.1438,0.0142
2026-09-21T23:01:56Z,9040711,0x44ad4354736d56636a72e454cb47ee0be4a41982785c3dc880997dff01b00b30,stSTX (token 8),0.408081,968053,0.4085,-0.095
2026-09-21T23:41:09Z,9040839,0x9046b7083f84c890c99a9ecc2f6ff849a875c7dd70fde8649054b21a3be5e63c,STX (token 1),0.3392,968057,0.3397,-0.1556
2026-09-21T23:51:06Z,9040873,0x82b56ca6b19c7dd045f6790b0eb5215fbbfbeeb566348cfb5d43dad46bb1b314,BTC (token 2),86484.9,968061,86525.0259,-0.0464
2026-09-21T23:51:28Z,9040875,0xbcdae408371993dc8766f4caf1b96ef9464f939be310e4ca3b305cd62233b5f5,stSTX (token 8),0.403101,968061,0.4035,-0.096
2026-09-22T00:32:05Z,9041025,0x450ea4447aad06fb21f27a87eaa3d2ce26941710ebb43c0b6ef1c6238bff6e07,STX (token 1),0.3423,968065,0.3427,-0.1209
2026-09-22T00:51:08Z,9041083,0x934092fa23088678360e20e5677825cc11f08b0f63097ee55b94463605ed9089,BTC (token 2),86149.72,968067,86162.99,-0.0154
2026-09-22T00:51:25Z,9041084,0xac1f6206ad53bdf22821a2b0a0a8c3f5f32fb80ef8ded75757751354a2ff7763,stSTX (token 8),0.40512,968067,0.4048,0.084
2026-09-22T01:31:21Z,9041233,0x7b6d25584070626bb1e0468471a909c447595dba7aa42a17682cd64d7e2ba018,STX (token 1),0.335,968072,0.336,-0.3054
2026-09-22T01:41:14Z,9041262,0xf1fde46e42fe5659d16a083bdb4340feaca3990db77c7026ffe2fb7f034e1ef1,BTC (token 2),85706.13,968073,85671.7181,0.0402
2026-09-22T01:42:03Z,9041264,0xdb0d99f6c4d6a9039fa95deeda6d1377a1efd388b676be1ee68becdf55bdf30d,stSTX (token 8),0.400494,968073,0.4002,0.0817
2026-09-22T02:41:09Z,9041432,0x58af58a290cf326becc5e9d136bbcebd520bc9233ade39880f8e3fce49f957b1,STX (token 1),0.3374,968081,0.3373,0.028
2026-09-22T02:41:21Z,9041433,0x374859e5086a2b5f00e9fedc2b708c3aac207d6289dac5d15088716022b874a2,BTC (token 2),85773.08,968081,85778.3753,-0.0062
2026-09-22T02:41:56Z,9041435,0x483ebacf80c1fe7e02b54db4265ce35affea02bc24e341d5fec42415704a2d05,stSTX (token 8),0.400732,968081,0.4003,0.1168
2026-09-22T04:02:34Z,9041691,0x6f768d1382c20f107e8211f964f00d3f9c7fcbec9237dcafa783552f9d1c3d38,STX (token 1),0.3429,968087,0.3427,0.0688
2026-09-22T04:02:34Z,9041691,0x404a0aac8099064c349114992deaebf9fefd2420a1c6e992596bd842582b9e12,BTC (token 2),85641.87,968087,85638.595,0.0038
2026-09-22T04:02:34Z,9041691,0x14afb8c2b8297820299203f409d4b6cd4b299a7c9c2158951d78b5f2728bf461,stSTX (token 8),0.406907,968087,0.4066,0.0689
2026-09-22T04:51:25Z,9041842,0x7a62bb42d9fa2d9b840dd15ff95dd5f4f7773796433cef272d9caa0a96825021,STX (token 1),0.3434,968098,0.3438,-0.1204
2026-09-22T04:51:25Z,9041842,0x05401f93ade09fdb82652ac474585ff44c3372f1781276b4885b6a34f100ce55,BTC (token 2),85417.49,968098,85467.0279,-0.058
2026-09-22T04:52:09Z,9041845,0x3d00b642005e64689d6d3a6d1b8bc07cb55888e04fabde77b2b0ffb1a93be332,stSTX (token 8),0.408212,968098,0.4083,-0.0336
2026-09-22T06:01:40Z,9042090,0xde21a448828d045798acf0faa1e3fe108fdd9e27897512df2fe660d5c2bcd4b3,STX (token 1),0.3498,968105,0.3498,0.0137
2026-09-22T06:01:55Z,9042091,0x073b3dad678c8336ec523e67b62dc527f36270910fd93ec9f5d69662d858ab61,BTC (token 2),85436.52,968105,85422.0751,0.0169
2026-09-22T06:02:16Z,9042093,0x292a0040819897f721534f15df2f0089878f6f7ef4cf48d15067bcf601dda03a,stSTX (token 8),0.415103,968105,0.4128,0.5462
2026-09-22T06:41:17Z,9042218,0x1d596a73dd530a66f8ead5b2ffece2490c730078caa36a40b0b1445238cb889a,STX (token 1),0.3479,968112,0.3477,0.0712
2026-09-22T06:41:53Z,9042220,0xb1c40f8ec35f3342db6673c1022a8888478303846032c3bfdf12579a542f8b53,BTC (token 2),85543.49,968112,85538.8124,0.0055
2026-09-22T06:41:53Z,9042220,0xa24248ed6223da213f65a26eac9b3c30cae6b3d2eb5bef7caa31549421b645f6,stSTX (token 8),0.412848,968112,0.4126,0.0715
2026-09-22T07:51:11Z,9042445,0x919dc78a559eb00127072e1ceae1619add1d4f73a9e48a8405c52226d1344610,STX (token 1),0.3487,968118,0.3478,0.25
2026-09-22T07:51:35Z,9042446,0xc07ed0837116041141eb93e63907655191ffc1537fd3f5b7db7ab49f6ecdfa47,BTC (token 2),85272.8,968118,85247.747,0.0294
2026-09-22T07:51:51Z,9042447,0xfbe80916a74bcaf42482c5552fdc6d5709a5463ebc95d97f615d8f214c3690b1,stSTX (token 8),0.413442,968118,0.4128,0.1635
2026-09-22T08:51:26Z,9042623,0xeb82d6744dbcc767a533d936164b1ecde366fed887c779036f46babc53297224,STX (token 1),0.3463,968126,0.3465,-0.072
2026-09-22T08:51:26Z,9042623,0xb220c099eb14e9022ecace3f9f12970eb9a054a96f4677612845ef286ef5c7c0,BTC (token 2),86203.35,968126,86230.3959,-0.0314
2026-09-22T08:51:42Z,9042624,0x7fd5b822c1763f4c887b15a5c445ed258a45846b9c25ee38e685f5faa6396794,stSTX (token 8),0.410958,968126,0.4112,-0.0709
2026-09-22T10:31:53Z,9042914,0xab6db0795cc12662eb112e9d55570fc0509daea17339afe31b7fbd9c305b2de4,STX (token 1),0.342,968132,0.3414,0.1678
2026-09-22T10:31:53Z,9042914,0x7d852d4b7012e738ee6299283e4d297e5591e54e45d59fe6d9aa8a4347320f46,BTC (token 2),85800,968132,85783.9067,0.0188
2026-09-22T10:46:13Z,9042954,0x6645f77a24274f1ca90e3d2f32ad3510a74e54596b052ff4b6713c2503c12ffa,stSTX (token 8),0.405856,968132,0.4062,-0.0808
2026-09-22T11:51:13Z,9043144,0xe65cc1e05059a80e70aec80807a5935c255348d8361929d73a457980b9423a3f,STX (token 1),0.3539,968139,0.3528,0.3165
2026-09-22T11:52:21Z,9043147,0x12d8e443a7b9c51d58fe65efc175ac94492d8f857987a12a377d72ed2997cee3,BTC (token 2),86008.43,968139,85944.68,0.0742
2026-09-22T11:52:21Z,9043147,0x65355cc794775df6a30f431e23046914a2b9d414357fb95d600084d899d71aa5,stSTX (token 8),0.417367,968139,0.4181,-0.1664
2026-09-22T13:26:54Z,9043338,0x9f87c5bab891e44481b2f96ffe87bcadc597ac0a54dadbbb889fd3e726bce15d,STX (token 1),0.3464,968146,0.3463,0.0414
2026-09-22T13:27:33Z,9043340,0xa8ad265b3898301ca460dafa6cd20abde534e6de7639d03011d08459de0a79f4,BTC (token 2),85996.22,968146,85769.456,0.2644
2026-09-22T13:28:20Z,9043342,0x462dca8fb49d7d7aacfc6ad904d74c8dd5025b36254cc4a09ce6281b787be371,stSTX (token 8),0.411085,968146,0.4104,0.1573
2026-09-22T14:31:18Z,9043462,0xb544226e03616819637537a23c2d4369053ec5bdce5d9e5cd2a515490988d458,STX (token 1),0.3443,968152,0.3431,0.3492
2026-09-22T14:31:37Z,9043463,0x19fcb50b524f19093116a8de8a917c8a440c8a9e473d3674e2f4c1845867a725,BTC (token 2),85796.29,968152,85850.6792,-0.0634
2026-09-22T14:31:37Z,9043463,0xe3a762e583f587124fbb516147df0358b932a5a405bb1f32b72b4c74b9d5e7b4,stSTX (token 8),0.406575,968152,0.4072,-0.1467
2026-09-22T15:50:51Z,9043617,0xf95061356b7f8ca3148a3348a05ea9f801e5cc0686bc8e21a513c8239b855a27,STX (token 1),0.3456,968161,0.3449,0.1975
2026-09-22T15:51:10Z,9043618,0x69896aff2ac891ea0b2970c99b6bbee1cba8cf7e5fae219e3a372d6231a025c1,BTC (token 2),86408.29,968161,86345.5282,0.0727
2026-09-22T15:51:32Z,9043619,0x86048bd8c5611509d4bd8cf30f32f161ad76ff1fa46559a072d4576a007047a0,stSTX (token 8),0.408953,968161,0.4093,-0.0779
2026-09-22T17:21:25Z,9043983,0x606af6cddb00bbdfcc6c0f6c22a1ab80b380973b7cec5d1ee708c109aa4a10fd,STX (token 1),0.3391,968167,0.3389,0.0453
2026-09-22T17:21:39Z,9043984,0x56c63566d12c193d6e10ad6fc6ce0617553b2f666cbccf771faeb0865a4af849,BTC (token 2),86388.11,968167,86418.7358,-0.0354
2026-09-22T17:22:15Z,9043986,0x0ef79a09071b20920e00bf8ab9c54798fa351fa7cb18aad1f4bccf56ab8365c2,stSTX (token 8),0.402192,968167,0.4028,-0.1461
2026-09-22T19:41:18Z,9044504,0x001fa186e6be32c7704fa9f415c752c7a9433287d348d45569ab0677b04b0991,STX (token 1),0.3361,968173,0.3354,0.2186
2026-09-22T19:41:37Z,9044505,0xc86708e95572da939d435f9d148fe03343466713a6fcafb902ea82bdd3021d61,BTC (token 2),86382.04,968173,86381.9189,0.0001
2026-09-22T19:41:37Z,9044505,0xf20ae30ba11f4cc8ac5f54c152bfcdb065f2c2563fd5dc4282221de0c40e0463,stSTX (token 8),0.397801,968173,0.398,-0.0506
2026-09-22T20:31:23Z,9044687,0xe2e49ef0851d6dc3f7547e6efb040850114f8967733d1e731f777818a1ceabe3,STX (token 1),0.3351,968179,0.3344,0.2073
2026-09-22T20:31:34Z,9044688,0xcd0974e060ee040386c63fe755f6eb3b3b1b0a402909a91f00cb4f09e4135157,BTC (token 2),86279.74,968179,86251.725,0.0325
2026-09-22T20:31:44Z,9044689,0xd36e27e9c4410c484d83aba27f8e1f1e84f6ae864e37c9a9d5884c9c34f44acb,stSTX (token 8),0.397682,968179,0.3969,0.206
2026-09-22T21:21:21Z,9044874,0x10105abfb2721461984e93c5023c75abd8d7fc93034198f42ee81e29165dd93c,STX (token 1),0.3376,968186,0.337,0.181
2026-09-22T21:21:36Z,9044875,0xbb48715081cc334e28f08c57ca06f2263b429185a04dd2dd8fe4ed0aa8a593d7,BTC (token 2),86255.52,968186,86229.513,0.0302
2026-09-22T21:22:02Z,9044877,0xce4f5ff61f3de8731fba5bdc4e5bfd9d0f2d918e275fffbd38812673580ff1d3,stSTX (token 8),0.400417,968186,0.3998,0.151
2026-09-22T22:01:38Z,9045025,0x1a09a14e9d87a0f1494258cd8db270456ae2380db491773f9366f3c36a00eb63,STX (token 1),0.3373,968194,0.3364,0.2577
2026-09-22T22:01:57Z,9045026,0xe3d05d6d9a41a6b70a7b2ffc6a1cbdf6add0cbef025593d1fefd0f23b060c85d,BTC (token 2),86257.59,968194,86232.4882,0.0291
2026-09-22T22:02:51Z,9045029,0x41b4392bbf5057ebb646adab3ec613713fe930ee0ff0b31ce5e7ee8faa7ab3c2,stSTX (token 8),0.399352,968194,0.3981,0.3032
2026-09-22T23:21:23Z,9045350,0x51bc993c12245b79b47f90b969e3421bd826cce9fe5070adcfb0453f904ecda9,STX (token 1),0.3396,968200,0.3395,0.0425
2026-09-22T23:21:48Z,9045352,0xaa13885b104f96b42aca2475c1db12e27f19fffae6521be4f2a056ab73fcf8cf,BTC (token 2),86315.18,968200,86312.078,0.0036
2026-09-22T23:22:11Z,9045354,0xd2cd4de913e14fdb1b155dda83c8557bb9b2917f2456996ce1bfda590972efd6,stSTX (token 8),0.403035,968200,0.4038,-0.1776
2026-09-23T01:11:01Z,9045730,0xc268dfa89e7eb038cabf6cfe731c5cf4739cc68c799a5c3ef8a83d68fbba67a2,STX (token 1),0.3389,968206,0.339,-0.0155
2026-09-23T01:11:17Z,9045731,0x9d33d9a54c8da7038336510ecc14f9eea9eb8d3dec43e2b710175cd75475932b,BTC (token 2),86579.64,968206,86668.1648,-0.1021
2026-09-23T01:11:32Z,9045732,0x82195790dd771a3501d7d318507e887e615e82f7a61337b35ca4c0a196a0b399,stSTX (token 8),0.402204,968206,0.4023,-0.016
2026-09-23T02:01:52Z,9045937,0xe069b396469a32ee83e73b324b01fbed344f5673e6d2bca218e7435fbfc7a885,STX (token 1),0.3357,968212,0.3343,0.4218
2026-09-23T02:02:03Z,9045938,0x1f9b75886fa999bb92d60200d5b6e19de1eef8a89e4278e15c5f9561af688c19,BTC (token 2),86334.56,968212,86334.467,0.0001
2026-09-23T02:02:27Z,9045940,0x16e92d8fac65902e9d8bcbccc6ba2053cdb5a0ab02f1469de89114d43208358a,stSTX (token 8),0.398406,968212,0.396,0.6014
2026-09-23T03:11:09Z,9046210,0x614eebdefcd101e2a336719c8301135c2868bace36d1f21028c7994c348a16b7,STX (token 1),0.3357,968218,0.3356,0.0299
2026-09-23T03:11:59Z,9046214,0x82b997b55f93627487799bc5607cb45dd3f066d75a5cef0e22fa6045429f70c3,BTC (token 2),86485.68,968218,86465.98,0.0228
2026-09-23T03:11:59Z,9046214,0x7523219c3437156492d26e24a9c050a32deef6a1fadd2632508ae7f1c7ea6a84,stSTX (token 8),0.398287,968218,0.3983,-0.0014
2026-09-23T04:51:29Z,9046587,0x0ff5adc4ecdac7837ea7cee9bc70bf78f98c5aeb879b8d46765969c7363576ca,STX (token 1),0.3368,968224,0.3364,0.1042
2026-09-23T04:51:29Z,9046587,0x640e5b4a8146124be40bb356ba5c4157825f11c2baba9a1bc1d8747396b4c600,BTC (token 2),87160,968224,87154.0249,0.0069
2026-09-23T04:51:43Z,9046588,0x2a02cc849aa97614031e53cd55b3dbdc7e26db49c11796f8aba0c3aa8af28c80,stSTX (token 8),0.399721,968224,0.3993,0.1043
2026-09-23T06:11:22Z,9046867,0x3f98a90d68d097186bd30e9f49f25c2b1270042048e72ba44e26a8850d3836d6,STX (token 1),0.3341,968230,0.3343,-0.0548
2026-09-23T06:11:47Z,9046869,0xbff47a541a4f0d35764041755ff493e8ac5c5eb5f36e2350c0bfb51fdf988e7b,BTC (token 2),86528.3,968230,86562.884,-0.04
2026-09-23T06:12:01Z,9046870,0xa28cb1455cfd2beca9e49d7bc5b41dcc25293b4b4395f0460bc9a88d34edd1bf,stSTX (token 8),0.396517,968230,0.3969,-0.1
2026-09-23T07:11:35Z,9047078,0x844e3a4c67a480c86ebbb5c5c3f3056032a92aec3072647885439804d3e7b17f,STX (token 1),0.3335,968236,0.3336,-0.016
2026-09-23T07:11:35Z,9047078,0xade97e8680cd7ad2b6c7766c60757e03b9feb32287b8d5c58cf2d05a96be486b,BTC (token 2),86382.44,968236,86405.24,-0.0264
2026-09-23T07:12:23Z,9047080,0x72b839daffb30cae11197cdd2e33cfc8f30e512d5587e6688860e74588fbbfc2,stSTX (token 8),0.396161,968236,0.3965,-0.0766
2026-09-23T08:31:08Z,9047382,0xbef4adfa429b5a57d98eba8e19783e30fdd0f6f10a4bd05721d8af252b465b6b,STX (token 1),0.3303,968243,0.3297,0.189
2026-09-23T08:31:20Z,9047383,0xc5112fa9fbe9daf93f4109a9d58a8559afe2e84ba891274d13502e42bc158b80,BTC (token 2),86201.72,968243,86149.9791,0.0601
2026-09-23T08:32:00Z,9047386,0x8dc473d287d4b60bd5c53a4b16777d380ac5775ea56f942a786fd02064278115,stSTX (token 8),0.391063,968243,0.3913,-0.0689
2026-09-23T09:31:26Z,9047623,0x389c47672135cfb9c72a0e3c2398b287c46de988988d223181474bae05d933fb,STX (token 1),0.3297,968251,0.3292,0.1659
2026-09-23T09:31:26Z,9047623,0x71b4c85f58bc606c8a54175c4e338d9465a377eb9b95517999ebde2e864e17ef,BTC (token 2),85892.9,968251,85883.65,0.0108
2026-09-23T09:33:17Z,9047627,0xa4a1c91753fcde90e4fd7e130c2b8d1209100fe10f93d81c1f94e744c7a88413,stSTX (token 8),0.391305,968251,0.3904,0.2274
2026-09-23T10:51:00Z,9047955,0xea7e788466de540aeb6fa2b3cd1907b7f7053958e90dc1cade08802e5993085c,STX (token 1),0.3265,968260,0.3262,0.0926
2026-09-23T10:51:15Z,9047956,0xbad4789ee0116e8ed7233aa8c9940013f35c098bf95471090e380226ee1b44e1,BTC (token 2),85842.12,968260,85830.8849,0.0131
2026-09-23T10:51:25Z,9047957,0x81ad4c655be1288500074c9b26ed095c36e6a828159f924812eb74c26112eb84,stSTX (token 8),0.387153,968260,0.3871,0.0012
2026-09-23T11:41:16Z,9048146,0xc623e46cfa45bc76fa37432816c2219232dc76e27631a0b9180cf00db091ca37,STX (token 1),0.3227,968267,0.3227,-0.007
2026-09-23T11:41:16Z,9048146,0xd1071db0f70d7f50eac13d2f87de3c5c4d597265a3e083b4a4c4c7b9c726a8d0,BTC (token 2),85455.99,968267,85471.17,-0.0178
2026-09-23T11:41:26Z,9048147,0xd63b74039401e3be66e998274895ce9f43601afddea2a03e98c9f5d58dfc627f,stSTX (token 8),0.383003,968267,0.383,-0.0058
2026-09-23T13:01:51Z,9048459,0x4ca3adfb9c08905d1ba61d829ac5633c3d40f53368601f782a9fb2530344e06b,STX (token 1),0.3228,968274,0.3226,0.0765
2026-09-23T13:01:51Z,9048459,0xf795cb9677ef7a829bc411054a9b3e11fd228d65ae66f2a99015955a1bfbfe3b,BTC (token 2),85448.31,968274,85447.2581,0.0012
2026-09-23T13:01:51Z,9048459,0x31bce8f1f03162dffdcd965ff59d28179e3c17c451d20b019d69e5b2b91c3860,stSTX (token 8),0.383123,968274,0.3828,0.0774
2026-09-23T14:40:55Z,9048814,0xfb99a20d7877bac7caf49e8f0ab16956865ecac3eb5e93622e524b7a9e7d2f40,STX (token 1),0.3126,968284,0.3126,0.008
2026-09-23T14:41:10Z,9048815,0x2691078ac9d3ad5145eb5838e8f3790856a916604974a416122f68dc000ff726,BTC (token 2),84441,968284,84415.6054,0.0301
2026-09-23T14:41:10Z,9048815,0xa4f714facf60d80678afb335500272f66bedae3b066dbf2214e54e6c1bcdd6d2,stSTX (token 8),0.37102,968284,0.3713,-0.0709
2026-09-23T16:10:50Z,9049169,0x2f89c0b89383f132bca831d7e91854f729abd56351c80e514157f5096feeaa80,STX (token 1),0.315,968290,0.3155,-0.1691
2026-09-23T16:11:07Z,9049170,0x07a2dc9d87e22ca97555e6b94262170695e06a416ccf8de71d60e6a60ec05062,BTC (token 2),84329.77,968290,84297.9937,0.0377
2026-09-23T16:11:07Z,9049170,0x3406d2b78e36dfe696c437f0cff86da0bf38e106f7d3ca452b7f2d5468578d2f,stSTX (token 8),0.373872,968290,0.3737,0.054
2026-09-23T17:11:00Z,9049403,0xa7a0ff3ebf0b2692984e4e5c28f76bd7d3322b7cdffa8ce54bfefed178510432,STX (token 1),0.315,968296,0.314,0.3226
2026-09-23T17:11:13Z,9049404,0xefc47deb922a076ef7707c5a453bf075cf4334d3ac24bb795bba11fd6258d228,BTC (token 2),83835.11,968296,83807.2752,0.0332
2026-09-23T17:11:13Z,9049404,0x60732b3e969cbf369082361fb305aaf25ee4d99aae1c3ee0f50ecabc8ff30d0a,stSTX (token 8),0.373874,968296,0.3727,0.3238
2026-09-23T18:02:00Z,9049576,0x403531545e90751a8eb2243b37f93d8e8737be76543e4c66411c67955f0d630d,STX (token 1),0.3159,968302,0.3155,0.1309
2026-09-23T18:02:00Z,9049576,0xd779b1cc65ceb51a2e02c90c05f4698395b9d5fc1080c9d8db9207f684f857bb,BTC (token 2),84293.67,968302,84221.5623,0.0856
2026-09-23T18:02:00Z,9049576,0xeb6c69822277e07ac61e8104537045b73e8ff39cd830c8b0df0e22553c1e8e6c,stSTX (token 8),0.374943,968302,0.3744,0.132
2026-09-23T19:01:38Z,9049727,0x013c3628176e5f882b4777296f5a07675f12831b1dd418b77d24bca58deabe98,STX (token 1),0.3109,968309,0.31,0.2842
2026-09-23T19:01:38Z,9049727,0xc58de0e1a51ff9b32a03f47a89641bb201174fa7ad81f926ebbec87be93b303f,BTC (token 2),84367.61,968309,84313.5678,0.0641
2026-09-23T19:01:38Z,9049727,0x59e77a5f2aed6d833179ea52b4d87be80368838b36884f212ceb2e069b252833,stSTX (token 8),0.368771,968309,0.368,0.2203
2026-09-23T19:40:55Z,9049787,0xbcf8b58f6318c1ac374f64080cafb9d7c60450440238cf4cb1d35e07361bd72a,STX (token 1),0.3077,968315,0.3079,-0.055
2026-09-23T19:41:07Z,9049788,0x76e0c7990354d9a1625c63c4f45f4487fc2f56033f3e03bcec7ce19511257f99,stSTX (token 8),0.36521,968315,0.3655,-0.0872
2026-09-23T19:50:57Z,9049821,0x5257676c774833e01223073e8dd04ec0095d5aed0e9e139abf0929834391c58e,BTC (token 2),84506,968315,84526.0066,-0.0237
2026-09-23T21:21:03Z,9050151,0x384a11d7333762db60e80f5c66aa6fb6dce9afcc3971cfae3939b47eb4759273,STX (token 1),0.3079,968321,0.308,-0.0195
2026-09-23T21:21:03Z,9050151,0x8f5c99efe63de87eba20b3eac5a57ea4d5ac294767223eb955ac945cd34ff33e,BTC (token 2),84329.77,968321,84363.84,-0.0404
2026-09-23T21:21:14Z,9050152,0xe1a3448f2414c0fefd1678860a07ee4c996a072258983b35a44d4c7e56a3b5d6,stSTX (token 8),0.365447,968321,0.3655,-0.0201
2026-09-23T23:20:51Z,9050553,0x2470e613ba66cc6cabb171f6b80ab69acd995427e8361dde3aa2fce14b6bee98,STX (token 1),0.3078,968328,0.3078,-0.0085
2026-09-23T23:21:17Z,9050554,0xa69faac8c735f191057dfb8da86f02b153d89f4b6ae9ce9e766a5883ff12b5d9,BTC (token 2),84453.96,968328,84425.0331,0.0343
2026-09-23T23:21:42Z,9050555,0x397ed7c1db92b184c63ae7433511431e5af18077068bd4829107db151a753920,stSTX (token 8),0.36534,968328,0.3651,0.0581
2026-09-24T00:50:43Z,9050877,0xe97283886e03f8db5695d033ca726c6acdd6043858d3f38ff5f4fa9fcbdd369c,STX (token 1),0.3055,968334,0.3061,-0.1934
2026-09-24T00:50:55Z,9050878,0x2f6bd17880729a7ba0e6699d1457973fd5d667d354bb2d1a16cc3e0ffc4794b2,BTC (token 2),84291.13,968334,84281.2835,0.0117
2026-09-24T01:01:47Z,9050919,0xa7bd0c79c8f06f4ad4974cb6d06ff9f7b8b2676fed2d4339efe5b2971077661e,stSTX (token 8),0.365461,968335,0.3659,-0.1113
2026-09-24T02:21:08Z,9051237,0x6fa66f508938bb2031839b1a00e4bf319152e2e3ff25a70b59180d3aa048ed29,STX (token 1),0.3125,968340,0.3117,0.2576
2026-09-24T02:21:08Z,9051237,0x27f51c17795f63237e170a6f29d9276420f9b83e7baf0553c9dd5ce7594f71da,BTC (token 2),84193.25,968340,84157.92,0.042
2026-09-24T02:51:15Z,9051331,0x874621a5ec90ae5d3035da2b2e9525e15808618f7e392e92794cfd14eb18f04c,stSTX (token 8),0.370566,968342,0.3707,-0.0461
2026-09-24T03:41:07Z,9051512,0xcd4076ea1d3a86acb5022d986c66e46b2a36fbba90a91d4244cd10a0db91b45d,STX (token 1),0.3113,968346,0.3112,0.023
2026-09-24T03:41:07Z,9051512,0xbfb84d8d77d0ec2d0b6f4c70449e9ef53f5f7c8d6c80b70a710cda01850b0d5f,BTC (token 2),83971.91,968346,83978.2706,-0.0076
2026-09-24T04:11:09Z,9051620,0xe3b6326b7d44fe0a48ddbabba36b0cd4d4faf08db3d00d0a1513b3e397d9ecf2,stSTX (token 8),0.368315,968349,0.3674,0.2506
2026-09-24T04:40:55Z,9051722,0xb54d64b16760ac076191cef6812393e27dd24b9b26411a42af7f712aeb8f0686,STX (token 1),0.3116,968353,0.3109,0.2321
2026-09-24T04:40:55Z,9051722,0x84cf7f532e739dcebb9e2b2404c28e7aeaa4a730d317f2918ef7ed3b5bb0a42f,BTC (token 2),83855.36,968353,83864,-0.0103
2026-09-24T05:01:48Z,9051797,0xcd71bd4f676743b53b0f67b794b45814223e498569347d1368984fa4449dc93a,stSTX (token 8),0.369384,968357,0.3694,-0.0129
2026-09-24T05:31:08Z,9051903,0x24a5838560a92c460d77e80106aa08170b402306eb9de760bec448602474fcd4,STX (token 1),0.3139,968359,0.3131,0.2575
2026-09-24T05:31:18Z,9051904,0x1fe123192efd6d013013e3765f9b97e4796f5444659d5613afc34d59e0343dfd,BTC (token 2),84143.19,968359,84121.8553,0.0254
2026-09-24T06:01:46Z,9052028,0x44be406c7ed630b5cd67684720e59994c361daa8713b93cff2a44a789301d455,stSTX (token 8),0.369265,968363,0.3692,0.0247
2026-09-24T07:01:40Z,9052241,0xee05b637d968400d0997d65be1d0888acdc864aa5bbac84fdf8a90047f317ce2,STX (token 1),0.3099,968368,0.3088,0.3458
2026-09-24T07:01:40Z,9052241,0x6ee0cf5506052ef4a1742e6d06f1c9e4e7d3e22af5db7a21051dda52b79aed34,BTC (token 2),84009.64,968368,83992.83,0.02
2026-09-24T07:21:03Z,9052315,0xf5cc894127b34432e74cb0dc3291b8540d1ffe7475bc5a257697a377db44beb4,stSTX (token 8),0.366535,968369,0.3665,0.0221
2026-09-24T09:10:48Z,9052706,0xf837abcfb881509c9aded47e0e05b3916d23f77f6f3c5a724a4face7d986d760,STX (token 1),0.3052,968376,0.3043,0.2849
2026-09-24T09:10:59Z,9052707,0xeaef294dd72bab29cc18bbbf54a6d989286d49a79bdf2f73137c1fb4327049c2,BTC (token 2),83553.45,968376,83554.214,-0.0009
2026-09-24T09:11:11Z,9052708,0x425c68fd1c4fe8bf84f54549c0687556543c3014aa312ab4b356bbbe62aef122,stSTX (token 8),0.36227,968376,0.3612,0.2863
2026-09-24T10:31:31Z,9052980,0x5a4b0ed01640340ef4fbb066280786d2303a9de84c0b778ff1caafb53f20201f,STX (token 1),0.3044,968386,0.3043,0.0414
2026-09-24T10:31:31Z,9052980,0xc66bd623c4e06466ae1c9e32060f03b095b7a3812063143d6df3b8f0ece625f7,BTC (token 2),83182.89,968386,83153.2065,0.0357
2026-09-24T10:31:31Z,9052980,0xf21e0a01384f632c64321e2f4283fa1491c4ab6ae52674a06064f0c88c25e0ea,stSTX (token 8),0.361322,968386,0.3612,0.0427
2026-09-24T12:11:02Z,9053389,0x85ae4169453cb7c97bb1f878b49bab9540f338ac07b4966e7150411f09cc7488,STX (token 1),0.3031,968393,0.3039,-0.2691
2026-09-24T12:11:02Z,9053389,0x6176e81c0b0d0614018d47f31eaf238e7c81eb51e355d1f1be28f91f41f23992,BTC (token 2),83539.73,968393,83537.4388,0.0027
2026-09-24T12:11:19Z,9053390,0xad43d9b5d10ac6f67d6c166a1ba792ee74ae3ab8c529c513fa7a6a3d412aeda1,stSTX (token 8),0.359779,968393,0.3607,-0.2686
