type,severity,source,feed,band,start_utc,end_utc,hours,writes,value,maxDeviationPct,refMovePct,startTx,endTx,detail
silence,critical,Arkadiko,STX (token 1),,2026-06-16T18:23:32Z,2026-07-01T00:02:52Z,341.66,,,,,state@8397692 (last-block burn 953988),0x890e79676c4060e269d5349f58683b0589a335b8a73c938f7695862923890c48,began before the window (127.12 h inside it)
silence,critical,Arkadiko,stSTX (token 8),,2026-06-16T18:23:32Z,2026-07-01T00:02:52Z,341.66,,,,,state@8397692 (last-block burn 953988),0x4e63565fd28c04ba9bed02f63380a0868709d21f2cf2f10d9cc04616d077692e,began before the window (127.12 h inside it)
silence,critical,Arkadiko,BTC (token 2),,2026-06-16T18:29:58Z,2026-07-01T00:02:52Z,341.55,,,,,state@8397692 (last-block burn 953989),0xc452ed029da70f6e39fe0a9e6c928055c90ab73e2fdeffaffe1fd212d40fc09f,began before the window (127.12 h inside it)
silence,critical,DIA,USDh/USD,,2026-06-24T20:02:48Z,2026-06-26T20:03:43Z,48.02,,,,,0xb495e1474cce46ccce37140cf830e05780b6118e2be24991310172e798cbb76e,0x4c5336f556d36f0f372bc32bddf2eb13e10e19ee34b1e3be3c7b106bb1b42654,began before the window (27.13 h inside it)
deviation,warn,DIA,stSTX/USD,2,2026-06-25T16:55:00Z,2026-06-26T00:20:00Z,7.42,,0.2012672,5.05,,0xe2fd42830983fb5cd06cba9f376a701997632f4291a1e97507aff51dd73c784e,,
deviation,warn,Arkadiko,STX (token 1),2,2026-06-25T16:55:00Z,2026-07-01T00:03:00Z,127.13,,0.194095,22.34,,state@8397692 (last-block burn 953988),,
deviation,critical,Arkadiko,STX (token 1),5,2026-06-25T16:55:00Z,2026-07-01T00:03:00Z,127.13,,0.194095,22.34,,state@8397692 (last-block burn 953988),,
deviation,warn,Arkadiko,BTC (token 2),2,2026-06-25T16:55:00Z,2026-07-01T00:03:00Z,127.13,,65823.41229,13.29,,state@8397692 (last-block burn 953989),,
deviation,critical,Arkadiko,BTC (token 2),5,2026-06-25T16:55:00Z,2026-07-01T00:03:00Z,127.13,,65823.41229,13.29,,state@8397692 (last-block burn 953989),,
deviation,warn,Arkadiko,stSTX (token 8),2,2026-06-25T16:55:00Z,2026-07-01T00:03:00Z,127.13,,0.228254,22.21,,state@8397692 (last-block burn 953988),,
deviation,critical,Arkadiko,stSTX (token 8),5,2026-06-25T16:55:00Z,2026-07-01T00:03:00Z,127.13,,0.228254,22.21,,state@8397692 (last-block burn 953988),,
frozen,warn,DIA,sBTC/USD,,2026-06-25T17:04:22Z,2026-06-25T18:04:21Z,1,5,59128.17359936,,0.95,0x19f80ab5cd6883e9c09fa0b82d6d3781f4f686910c2688fcadff1beb7e9d272d,0xe4e74e0360ab3ad0d7ed66fa10dba138bc592d7094fda6213621478b562a14d6,
deviation,warn,DIA,sBTC/USD,2,2026-06-25T18:20:00Z,2026-06-25T18:50:00Z,0.5,,61023.67502075,2.88,,0xebb6411393f120e5be9f9a00b3e01e0d96a125ce3ebf30d8687c385e78697635,,
frozen,warn,DIA,sBTC/USD,,2026-06-25T19:49:21Z,2026-06-25T20:34:23Z,0.75,4,59344.02226776,,0.77,0x726ac04aa63c2c8a453db3d21fe911cad10f1b53005cdc02061cda7df849e301,0x120348875ae672d061ab8012d7a46732299b0d5dd8dc1c1f9115e3aa598fd124,
deviation,warn,DIA,sBTC/USD,2,2026-06-25T20:50:00Z,2026-06-25T21:20:00Z,0.5,,60914.21662032,2.77,,0xecde6acbba25bdf3f1d5e254da26772efa643c83a3aafecbeeb1d1d11c883d27,,
frozen,warn,DIA,sBTC/USD,,2026-06-25T22:04:33Z,2026-06-25T23:19:16Z,1.25,6,59710.06138122,,0.62,0x154e5be97ee31236b97a3703ed4f9c32f6af0cd763730e88c0254ff079d7ef25,0x57fa163c7b52a26b3144a50c5a19def567ddf69c6338fa74ffee9f15fd0b4d99,
frozen,warn,DIA,sBTC/USD,,2026-06-25T23:34:36Z,2026-06-26T00:34:24Z,1,5,59983.23395441,,0.69,0x5bd7790b743936ebf7d53f47becdd9f2994aa6fcdb74d732aa25b12f346e045a,0x34d9ac72869eeff58118f9466f5af9b539f081691ab16d4f6efd54a28047d45a,
frozen,warn,DIA,sBTC/USD,,2026-06-26T00:49:18Z,2026-06-26T02:05:36Z,1.27,6,60025.29974515,,0.87,0x19872b852c212a24b4e073e72f957e5ac5e463615b82a95dccb0fb0ea6693642,0xfbed5f864c788ee2af9e11d7f3ecc4b845ac103abaa7ae1a0b30314edb199f80,
frozen,critical,DIA,stSTX/USD,,2026-06-26T00:49:18Z,2026-06-26T02:19:55Z,1.51,7,0.19300033,,3.13,0x19872b852c212a24b4e073e72f957e5ac5e463615b82a95dccb0fb0ea6693642,0xbc5b0f6968dd6af043b2010a8e9406fb6268afeab8894a4b6d8c0b1fc3cab0d4,
deviation,warn,DIA,sBTC/USD,2,2026-06-26T02:12:00Z,2026-06-26T02:20:00Z,0.13,,60025.29974515,2.58,,0xfbed5f864c788ee2af9e11d7f3ecc4b845ac103abaa7ae1a0b30314edb199f80,,
deviation,warn,DIA,STX/USD,2,2026-06-26T02:13:00Z,2026-06-26T02:20:00Z,0.12,,0.16286818,2.49,,0xfbed5f864c788ee2af9e11d7f3ecc4b845ac103abaa7ae1a0b30314edb199f80,,
deviation,warn,DIA,stSTX/USD,2,2026-06-26T02:13:00Z,2026-06-26T02:34:00Z,0.35,,0.19300033,3.18,,0xfbed5f864c788ee2af9e11d7f3ecc4b845ac103abaa7ae1a0b30314edb199f80,,
frozen,warn,DIA,sBTC/USD,,2026-06-26T02:19:55Z,2026-06-26T03:04:30Z,0.74,4,59262.20834146,,0.58,0xbc5b0f6968dd6af043b2010a8e9406fb6268afeab8894a4b6d8c0b1fc3cab0d4,0x9e6e2e5074a1bc7a5e609d55fcb2e5159bf38a29529da1e884bdd28c761b382d,
frozen,warn,DIA,stSTX/USD,,2026-06-26T02:34:47Z,2026-06-26T03:19:22Z,0.74,4,0.18758179,,1.4,0xc94d4e231e87f91bef20bf9fe0c5bccb8960ceecab25d7cc8e8ad91881ccacbb,0xeda2d13c14f6033a22d47f3f46ddca6d2b7c67fc9705b22f400a867bc3e5f60d,
frozen,warn,DIA,sBTC/USD,,2026-06-26T03:34:26Z,2026-06-26T04:19:47Z,0.76,4,59425.09801498,,1.72,0x8e5e4e91a7a8da9d639f27fece309cf82947d194ed5d2d707bf2baf850f2912d,0x550391486650b0c4859a809aea5cf9706607947212dc819f594087b5fc459005,
frozen,warn,DIA,stSTX/USD,,2026-06-26T03:34:26Z,2026-06-26T04:49:29Z,1.25,6,0.18954575,,1.52,0x8e5e4e91a7a8da9d639f27fece309cf82947d194ed5d2d707bf2baf850f2912d,0x16e0b96927d30edcf89bbd58e0eabc8b0019534c04f4603fd021430529264a33,
frozen,warn,DIA,stSTX/USD,,2026-06-26T05:04:26Z,2026-06-26T06:19:20Z,1.25,6,0.1912574,,1.11,0x44a69cba1b727ddb943e3d72e9a6c5a73ac68547431313a81c7de76648a387ee,0x408b40fac85b09feb56709d07b2cf136fdaba4f1ca08921a6173b61a9319202e,
silence,info,DIA,stSTX/USD,,2026-06-26T06:19:20Z,2026-06-26T08:15:09Z,1.93,,,,,0x408b40fac85b09feb56709d07b2cf136fdaba4f1ca08921a6173b61a9319202e,0x53bacbac9b713ac4c389bff4970ef63021c9d5ad39192dc35e62e7d13629ad81,
deviation,warn,DIA,stSTX/USD,2,2026-06-26T06:46:00Z,2026-06-26T08:01:00Z,1.25,,0.1912574,2.16,,0x408b40fac85b09feb56709d07b2cf136fdaba4f1ca08921a6173b61a9319202e,,
frozen,critical,DIA,stSTX/USD,,2026-06-26T09:34:31Z,2026-06-27T00:04:30Z,14.5,59,0.19407256,,2.82,0x6fa080a67044c0f21348343b426bc230921aeab3c3754685328e460c04177663,0x9cba2e4f629e131b38db95d7161dc4abf87d4ae2b1346d2a55f59d0ca9573e3d,
frozen,warn,DIA,sBTC/USD,,2026-06-26T12:34:27Z,2026-06-26T13:49:43Z,1.25,6,60207.39737917,,1.86,0xca0fa7f15b3a94e0c273369e72da4e01c7cefb7308ed84278c69f3c0c9e54a25,0xe9438bc4e969fe59b1f52640ea012ffecb507ed7a95c3bfc472224e28e0f52d9,
deviation,warn,DIA,sBTC/USD,2,2026-06-26T12:43:00Z,2026-06-26T13:38:00Z,0.92,,60207.39737917,2.62,,0xca0fa7f15b3a94e0c273369e72da4e01c7cefb7308ed84278c69f3c0c9e54a25,,
deviation,warn,DIA,STX/USD,2,2026-06-26T14:01:00Z,2026-06-26T14:03:00Z,0.03,,0.16449338,2.81,,0xe9438bc4e969fe59b1f52640ea012ffecb507ed7a95c3bfc472224e28e0f52d9,,
deviation,warn,DIA,stSTX/USD,2,2026-06-26T15:24:00Z,2026-06-26T20:31:00Z,5.12,,0.19407256,3,,0x24b77800238823af92070f9d487434c7a0ab71c264ba4595ed50deabd6f04015,,
deviation,warn,DIA,sBTC/USD,2,2026-06-26T15:50:00Z,2026-06-26T16:36:00Z,0.77,,62293.94346162,3.68,,0xf3ed619f3251a92a932c61f8cc2b37814e505b7442651b9b321a2ca405ea5b4c,,
frozen,critical,DIA,sBTC/USD,,2026-06-26T16:34:39Z,2026-06-26T19:04:23Z,2.5,11,59031.81785179,,1.11,0x44470fae3c848f2228e0efd704f5b4651bb38a62c9a854008bec0c444865aa2a,0x5d95b39469b4ce2dcc9e777244a31db5a855161d2969a167b7f7e428f252c0c4,
frozen,warn,DIA,sBTC/USD,,2026-06-26T19:19:26Z,2026-06-26T20:49:25Z,1.5,7,60006.3277565,,0.63,0x1ef04ff538ed18de3992b5f58835e04259497bf6342e4c4602a062a1ef5c6050,0x198f725d08478e91f5d035113ae814b3c9be717ecf438b7a17431bc5a4524762,
frozen,critical,DIA,sBTC/USD,,2026-06-26T21:04:31Z,2026-06-27T02:49:23Z,5.75,24,60063.26415946,,1.12,0x03f73e611c128c61035f028342a5ceed27e6e59d66637ed3bee70157f7171239,0x2752d5d0119f88860c0ad5e1c92d7ab1dae6dccb82f0bbe09c290e6a2b403b6b,
deviation,warn,DIA,stSTX/USD,2,2026-06-26T21:32:00Z,2026-06-27T00:20:00Z,2.8,,0.19407256,3.09,,0x93c4d167cbed311c8d413a331c490adc525e3eab187a22eff2a492dd3fe527f0,,
frozen,critical,DIA,stSTX/USD,,2026-06-27T02:04:26Z,2026-06-27T08:34:24Z,6.5,27,0.19898996,,1.53,0x78cc71604befe696e77205f0239eb6e00cfce967a848dae94e916ff0000e90d9,0x3a34e38d2f8a552faf58760a16fc3116978ee32ea2ad72530dc0cb4c33c1aeba,
frozen,warn,DIA,stSTX/USD,,2026-06-27T08:49:28Z,2026-06-27T09:34:48Z,0.76,4,0.20026808,,0.6,0xacbe88885b85391e290928da041f7be28ba9dd1a5ef0b8684f182e9cb782c441,0x62d18213a76d52628347554e3661ef8726be3fec89abde13b326f8ae297b7726,
frozen,critical,DIA,stSTX/USD,,2026-06-27T11:50:09Z,2026-06-27T16:34:48Z,4.74,20,0.19911684,,0.97,0x6ccb3fd07b2ab28968c31514023d3f07f0ecf053fb9b596242a143e2601057ff,0x2ed8a3f05f43fe30bb89a600ca93f62fb2b4e2513658bf8c68260e42578fccde,
silence,warn,DIA,sBTC/USD,,2026-06-27T13:04:25Z,2026-06-27T16:00:21Z,2.93,,,,,0x599c298445ee9c6eb761005808af3c48a268fa6b7411b56341e22a30f3b778ee,0x6dd07d58d8523b29a973ff7febb511fc2e192a241ee57b9e740d5a84f419dab3,
frozen,warn,DIA,sBTC/USD,,2026-06-27T16:49:30Z,2026-06-27T17:34:41Z,0.75,4,60845.5060181,,0.61,0x581346038732c0ec98b5d6a4ef1afd84d1a7a88dc99de46834dcd00627fce4c6,0xb963055bd7c84f6bede3de360d2f8853b426d62abb0742b0a16903e4a3b1d112,
frozen,critical,DIA,stSTX/USD,,2026-06-27T16:49:30Z,2026-06-27T21:49:25Z,5,21,0.20111927,,2.01,0x581346038732c0ec98b5d6a4ef1afd84d1a7a88dc99de46834dcd00627fce4c6,0x7ea97be787c47debf5fbc3553ec505e8eff12116dbd88fdbd3d6c05dabf819e8,
frozen,critical,DIA,sBTC/USD,,2026-06-27T19:49:27Z,2026-06-28T01:49:25Z,6,25,60614.20644617,,0.51,0x6ded3c0aabc83e04b184036f00208f3a6384b36c1b73f536a425701861572186,0x4b98829ca991f80c9be9db7ed3a50a08902eb2b4f0818d99393270bf246dab8c,
frozen,critical,DIA,stSTX/USD,,2026-06-27T22:04:38Z,2026-06-28T00:34:31Z,2.5,11,0.19802676,,0.62,0xe04ecbbc007603b6ea879c988befe0a7bdbb71683a889f6d12b1d90bb802f5d1,0xc83d4457b5323d7de9278fe7393625987e530eb1133960c8822f339f79ea2808,
deviation,warn,DIA,sBTC/USD,2,2026-06-28T02:05:00Z,2026-06-28T02:50:00Z,0.75,,62121.38991864,3.58,,0x94ff14907e587c2e4a252f602e55f9309ab06ca5aad3c3f967837d7379283e16,,
frozen,critical,DIA,stSTX/USD,,2026-06-28T02:49:28Z,2026-06-28T08:04:31Z,5.25,22,0.19765794,,0.84,0xad2dc113aa2ed921a613243b2fe7b91ddba7cdc71cb6bb209a21afbbb547b282,0xb709312a687d1151f74f2a71dc663e9e56acd391d54462064a4d56a27d272aff,
frozen,critical,DIA,sBTC/USD,,2026-06-28T03:34:28Z,2026-06-28T06:34:25Z,3,13,59688.89867245,,0.69,0x5fb954db9c8e06e146737244b33acf7076fff4f7d7c82f5af13d2f962922f99a,0x8396960f85886a420667f059ba6ed68a2dcc092162f18f1e347cde8582c7ea9c,
frozen,critical,DIA,stSTX/USD,,2026-06-28T08:34:36Z,2026-06-29T00:10:21Z,15.6,37,0.19756593,,2.49,0x4436497b55de0249a64f45850d5d7b0550940f9fe6df78958cef307842855d87,0x46a61786a87ffde08968523c765a0cea6db42c4eee9f9115bc6a6babbeed7032,
silence,critical,DIA,BTC/USD,,2026-06-28T10:49:51Z,2026-06-28T17:42:04Z,6.87,,,,,0xb4955c5f55aaa64926e1c7a1b4d515bda0eaf6e18f1d53ae55c67634660fa269,0x4b0568f1aa423c561e53829373db8b3c6b4b73da630fd69a87476a6644787e41,
silence,critical,DIA,STX/USD,,2026-06-28T10:49:51Z,2026-06-28T17:42:04Z,6.87,,,,,0xb4955c5f55aaa64926e1c7a1b4d515bda0eaf6e18f1d53ae55c67634660fa269,0x4b0568f1aa423c561e53829373db8b3c6b4b73da630fd69a87476a6644787e41,
silence,critical,DIA,sBTC/USD,,2026-06-28T10:49:51Z,2026-06-28T17:42:04Z,6.87,,,,,0xb4955c5f55aaa64926e1c7a1b4d515bda0eaf6e18f1d53ae55c67634660fa269,0x4b0568f1aa423c561e53829373db8b3c6b4b73da630fd69a87476a6644787e41,
silence,critical,DIA,stSTX/USD,,2026-06-28T10:49:51Z,2026-06-28T17:42:04Z,6.87,,,,,0xb4955c5f55aaa64926e1c7a1b4d515bda0eaf6e18f1d53ae55c67634660fa269,0x4b0568f1aa423c561e53829373db8b3c6b4b73da630fd69a87476a6644787e41,
silence,critical,DIA,USDh/USD,,2026-06-28T10:49:51Z,2026-06-28T17:42:04Z,6.87,,,,,0xb4955c5f55aaa64926e1c7a1b4d515bda0eaf6e18f1d53ae55c67634660fa269,0x4b0568f1aa423c561e53829373db8b3c6b4b73da630fd69a87476a6644787e41,
deviation,warn,DIA,stSTX/USD,2,2026-06-28T17:22:00Z,2026-06-28T17:40:00Z,0.3,,0.19756593,2.31,,0xb4955c5f55aaa64926e1c7a1b4d515bda0eaf6e18f1d53ae55c67634660fa269,,
frozen,critical,DIA,sBTC/USD,,2026-06-28T17:42:04Z,2026-06-29T04:54:47Z,11.21,46,61746.5233407,,1.05,0x4b0568f1aa423c561e53829373db8b3c6b4b73da630fd69a87476a6644787e41,0xddb88ee596924f5cd295a790e9691327892a93209a3a32a255971fefccfa0c7d,
deviation,warn,DIA,sBTC/USD,2,2026-06-28T17:43:00Z,2026-06-29T05:10:00Z,11.45,,61746.5233407,4.9,,0x4b0568f1aa423c561e53829373db8b3c6b4b73da630fd69a87476a6644787e41,,
deviation,warn,DIA,stSTX/USD,2,2026-06-28T18:34:00Z,2026-06-28T20:13:00Z,1.65,,0.19756593,2.64,,0x755808472d05d159c6cb544657d11810090b1b176a0140ffda4869a60bbe0bf6,,
deviation,warn,DIA,stSTX/USD,2,2026-06-28T21:49:00Z,2026-06-28T22:00:00Z,0.18,,0.19756593,2.2,,0xc1a81cc12b04dade669b02cc8d6c19e286384f6da344ecac5b476c1ea990fce1,,
deviation,warn,DIA,stSTX/USD,2,2026-06-28T22:48:00Z,2026-06-28T23:29:00Z,0.68,,0.19756593,2.57,,0xd7274078a92d94bd48d4b2b5171300726e51908a26dcd45c05ef45fc9d31ba0f,,
deviation,warn,DIA,stSTX/USD,2,2026-06-29T00:02:00Z,2026-06-29T00:24:00Z,0.37,,0.19756593,2.16,,0x7612f3572b1a689368999bd70fc786b2c16fba8081e989ddab254866ba278240,,
frozen,critical,DIA,stSTX/USD,,2026-06-29T00:39:34Z,2026-06-29T02:42:48Z,2.05,9,0.19359405,,2.06,0x3e6e6c13a42c586359d65933d03a6a67e4163a5096960c08bc5abcb264e16c97,0xe11046f469a8df1860013f0476ec21ddc54b34cc74153ced7d923604adeb0969,
deviation,warn,DIA,stSTX/USD,2,2026-06-29T02:49:00Z,2026-06-29T02:55:00Z,0.1,,0.19359405,2.14,,0xe11046f469a8df1860013f0476ec21ddc54b34cc74153ced7d923604adeb0969,,
frozen,critical,DIA,stSTX/USD,,2026-06-29T02:54:48Z,2026-06-29T11:58:08Z,9.06,39,0.19772073,,1.18,0xadada0e9294a91abaa09894ea7d641ebb610a401467530415764e07ab1fa47ca,0xcf509ee55994aeeef3cb40bcb8840e980389a239851b25dce80004f453cbd51e,
frozen,critical,DIA,sBTC/USD,,2026-06-29T05:09:29Z,2026-06-29T09:11:40Z,4.04,17,59660.78750744,,1.31,0xbe93406e373ef4988a0be37b67ec4a992d68c162dee4e4469301a4ab5c2e0d44,0xe83f37605c6f0281b3f2888e69a12542f99a30b28ff6fb22f3e9eace8a41dafd,
frozen,warn,DIA,sBTC/USD,,2026-06-29T09:26:50Z,2026-06-29T10:58:07Z,1.52,7,59845.03022703,,0.8,0x0a371d5ca93e3a1e720510b2fe1a2f4bfeb6a653686ee1c68005238c287c4934,0x81f1dee2a127cdb026abbce84f030cae45d837c8bf6a41ca9e76256bdbf675d2,
silence,info,DIA,sBTC/USD,,2026-06-29T11:58:08Z,2026-06-29T13:37:20Z,1.65,,,,,0xcf509ee55994aeeef3cb40bcb8840e980389a239851b25dce80004f453cbd51e,0x05576fb24433de7bb8b041ce2a27c272a3cfbfea8c3582d4ae0f275d3a4c247e,
frozen,critical,DIA,stSTX/USD,,2026-06-29T12:14:24Z,2026-06-30T00:58:08Z,12.73,52,0.19632906,,3.46,0x0ed1537541a7aec7e2118a8b0be4151efc1df019034c765c67a402f8fef345a7,0xddb8d3977c3c624af64a2a6332035f9567812bbff509f8f878cc6588dc38a769,
frozen,critical,DIA,sBTC/USD,,2026-06-29T13:37:20Z,2026-06-29T15:13:41Z,1.61,8,59459.07296268,,1.41,0x05576fb24433de7bb8b041ce2a27c272a3cfbfea8c3582d4ae0f275d3a4c247e,0x6556cff0987b70f34fa83e49e810afee4d19146b85e52b4e64973630d93eaa71,
frozen,critical,DIA,sBTC/USD,,2026-06-29T15:28:08Z,2026-06-29T17:13:09Z,1.75,8,59607.64903426,,1.9,0x2d0bd2560104d3411f2f00403bed8e764de80bdf16f25d2ebab43a5b5202ebb2,0x25ae9efdf49c8f0cd289426e900cd2b600854277f0b58dc26464fd9b37b8ea24,
frozen,critical,DIA,sBTC/USD,,2026-06-29T17:28:17Z,2026-06-29T19:43:09Z,2.25,10,59791.59595748,,0.62,0xcf24722b163f32f56bdec022d76ce4aeb3903c30b072f2a89a35271e3f417a74,0x18df18922a82829c18c3b8102b2f2393ba8d06355312e5829f543c202f245014,
frozen,critical,DIA,sBTC/USD,,2026-06-29T22:43:50Z,2026-06-30T03:28:09Z,4.74,20,60189.44720264,,1.12,0xe130dea4e5b3f36b8e0b795c098877e5fd2b2c43d0e020b664eaf7bc10d9afc4,0x6d67c41149ac5dac85d46db8fa011c691e86511c82df3f86271f0f16e399d485,
frozen,warn,DIA,stSTX/USD,,2026-06-30T01:13:04Z,2026-06-30T02:28:09Z,1.25,6,0.19385097,,0.79,0x144295e1cf7726e8ab6bacbb264138a33a452de4a63ed71572db8f3a42de460b,0x8c16bbd26652f9b90e2c41a1eeb1c3ac6f344a37792317a1cc80c067bb7b531c,
frozen,warn,DIA,stSTX/USD,,2026-06-30T03:14:04Z,2026-06-30T03:43:50Z,0.5,3,0.1946275,,0.54,0x3e7104e95d78cddd161c762a6c02f5dcaff2da6b73e84a63a5925529011a831f,0x4f3c5b146ef1de92f67ee951ad4bb26737053fd95d29fc6025570838d3c70fac,
deviation,warn,DIA,sBTC/USD,2,2026-06-30T03:44:00Z,2026-06-30T03:59:00Z,0.25,,61408.46771653,3.2,,0x4f3c5b146ef1de92f67ee951ad4bb26737053fd95d29fc6025570838d3c70fac,,
deviation,warn,DIA,stSTX/USD,2,2026-06-30T08:41:00Z,2026-06-30T09:44:00Z,1.05,,0.19406363,2.33,,0x9edc738b6efb9b1163ec1739769d0f8e1cfd1fe2e5f31d94402ddb9317bf249b,,
frozen,critical,DIA,stSTX/USD,,2026-06-30T10:14:28Z,2026-06-30T15:32:04Z,5.29,23,0.19086113,,1.69,0x4a6d076fd72f384cb0807b61e67df2b04978edde8b5c6c38f0917c74a87f4f17,0xb87b419cc97bb904a9f71134ab464cbe792e98d98e8e79d7724a91032b1236d8,
deviation,warn,DIA,sBTC/USD,2,2026-06-30T13:32:00Z,2026-06-30T13:38:00Z,0.1,,62927.7806299,8.18,,0x77832021c94ad158216b05fc465cae60afb99ffb9755178fd107846da75b032b,,
deviation,critical,DIA,sBTC/USD,5,2026-06-30T13:32:00Z,2026-06-30T13:38:00Z,0.1,,62927.7806299,8.18,,0x77832021c94ad158216b05fc465cae60afb99ffb9755178fd107846da75b032b,,
frozen,critical,DIA,sBTC/USD,,2026-06-30T14:00:53Z,2026-06-30T18:17:09Z,4.27,18,57993.61942933,,0.95,0xd239ee8f09b5f0f80dad2ba1f02effd32304f2171e5931efc1b6b9ffea55d953,0xd474947a66126bc80d5cbdf7c2be3f2cb31cc0be78dfa26c775de6592a8430ac,
frozen,critical,DIA,stSTX/USD,,2026-06-30T15:46:58Z,2026-06-30T22:20:34Z,6.56,27,0.18977391,,1.24,0x99a8e3ee44daa673838356d9d88461091dbf58ad2d0b8ef501b72aea13f2cd1d,0xe829f9df0c2d46916627eab74f8efc569150eb3706b9a7e2b9e0ca35d769db41,
frozen,warn,DIA,sBTC/USD,,2026-06-30T18:46:53Z,2026-06-30T20:16:55Z,1.5,7,59170.79820481,,0.69,0x8b350b226cb806ea8f0f164c0190be59b9dcdead40609fa0286d8c1f451f2151,0x5d580c1cb245a4fea97387c23f37188ae404bb92c501cf4f7364203d3dd5d9bc,
deviation,warn,DIA,sBTC/USD,2,2026-06-30T20:48:00Z,2026-07-01T00:35:00Z,3.78,,61200.84570946,4.75,,0x636d3f91efa6a61d7c07a2333d32e971157932b690a643ecc5bcafde8f3f7635,,
frozen,critical,DIA,stSTX/USD,,2026-06-30T22:34:00Z,2026-07-01T02:03:25Z,3.49,15,0.19028085,,2.07,0x55581ef011f23f8d0643143ff34f04a82f69e8e97c91c5cf99e5cba22708af59,0x4b580dd428de309e9503cf02a66fccfab63122f79422331dab3160a6849e1b46,
silence,critical,Arkadiko,BTC (token 2),,2026-07-01T00:41:41Z,2026-08-08T11:05:06Z,922.39,,,,,0x438d5c2cebca2dd036d25d780b7869ad8ee48c40a1efcd375e5c16e5377a965a,0xaf1920237ae44e6dc6786b8171338def9a712838f08b8ddec3c81d641f506bfe,
deviation,warn,DIA,stSTX/USD,2,2026-07-01T01:12:00Z,2026-07-01T01:14:00Z,0.03,,0.19028085,2.19,,0xb87696ed69d0379840fbf35698721aca535a69a842d3c446ebdb7a1efaf1c328,,
frozen,warn,DIA,sBTC/USD,,2026-07-01T01:19:11Z,2026-07-01T02:18:23Z,0.99,5,58393.66390282,,1.11,0x9bd4a1c0bd26337371c063bc3d784a5b00552da0d4a70252bc8a0d7865cd342f,0xbc8d2722442e27ab9b1a26939b4260d22b6e6d0c3e6606094640e36ef2f0af33,
silence,critical,Arkadiko,STX (token 1),,2026-07-01T02:20:37Z,2026-08-08T11:04:53Z,920.74,,,,,0xf58f0aab6e00c712a4ada4ad15b61f08d480baec0a11f5100c91af0b558c84b2,0x36283ee3446fdeb50ee7d83242f6c70f406a197a8abeb1c3607675ff558bdb3c,
silence,critical,Arkadiko,stSTX (token 8),,2026-07-01T02:21:10Z,2026-08-08T14:47:36Z,924.44,,,,,0x20427b0707cb9e467c3f82b01c9dea32b48bbbe9395af416e4b79e07d09792a8,0xa2e03e26cc2de6c96a10db64ae61372e4a891f5a62aba3b1858fbe469a032ec2,
frozen,critical,DIA,stSTX/USD,,2026-07-01T03:33:26Z,2026-07-01T05:18:27Z,1.75,8,0.19020251,,1.08,0xb8e49e683001a20fcf75dbb9c3d76959ee969069f4d70c8e46758a87ffc79269,0x31463efc0d144e52c2777ce70014ba461e4f124d3ddd1de5a0323796a867daad,
frozen,critical,DIA,sBTC/USD,,2026-07-01T04:03:53Z,2026-07-01T05:48:33Z,1.74,8,58471.80365091,,0.61,0x9e006c20da7de73d55b09930585aaa0b198a382c1545bb007859722e69144e93,0xd8a256f4fdbfcdf052a2f3dee6e84334ddb13cea4056dd28b916531ad3cafb68,
frozen,critical,DIA,stSTX/USD,,2026-07-01T05:33:31Z,2026-07-01T09:19:00Z,3.76,16,0.19158584,,1.38,0x7fe28f872b75ff4729f28f58d40bc3cf7b5c8b9097fbfe99d778b408f8715208,0x84aa4e42c2aca11e1d9862524ba893edca4c566c8b1a575cc2948d1897928a8b,
frozen,critical,DIA,sBTC/USD,,2026-07-01T06:33:54Z,2026-07-01T12:18:44Z,5.75,24,58871.7856833,,0.56,0xc94591469404e2dc24e5afb4e81e18e263376b83777bb28ba4420dfbbdcd0a3b,0xd2096acc89b9507fb18939631c692f904f02a175554bb69d3805a965fb937e2f,
frozen,critical,DIA,stSTX/USD,,2026-07-01T09:48:48Z,2026-07-01T16:18:50Z,6.5,27,0.1906248,,6.17,0xe32c91037582f8c6b4f7d6edf65f842ff06837f6f53fe38cca50adc18e9d047b,0x80e8c3077cdb07a132d798a28fde791e119d32c6a46ba8cfd815f2261642d4bb,
deviation,warn,DIA,sBTC/USD,2,2026-07-01T12:36:00Z,2026-07-01T12:55:00Z,0.32,,59544.91775135,2.18,,0xcf9479c7e2b6416aeeedd1266be66dda2fc7c04cc005ccdb33f3ae3ffa22bfa1,,
deviation,warn,DIA,sBTC/USD,2,2026-07-01T14:10:00Z,2026-07-01T14:44:00Z,0.57,,58387.03739009,2.7,,0x14db920565825a54b0fea908c53871b081f2f647aee6631c51366ba0d4118cf6,,
deviation,warn,Arkadiko,BTC (token 2),2,2026-07-01T14:10:00Z,2026-08-08T11:06:00Z,908.93,,58347.22,12.79,,0x438d5c2cebca2dd036d25d780b7869ad8ee48c40a1efcd375e5c16e5377a965a,,
deviation,warn,Arkadiko,STX (token 1),2,2026-07-01T14:52:00Z,2026-07-02T00:27:00Z,9.58,,0.161407,5.84,,0xf58f0aab6e00c712a4ada4ad15b61f08d480baec0a11f5100c91af0b558c84b2,,
deviation,warn,DIA,stSTX/USD,2,2026-07-01T15:06:00Z,2026-07-01T16:35:00Z,1.48,,0.1906248,5.58,,0x9889b61456db04aadffdf9122fdbb2e921b6019ea77887f1c3e2fb4fdef350ab,,
deviation,warn,Arkadiko,stSTX (token 8),2,2026-07-01T15:06:00Z,2026-07-02T00:23:00Z,9.28,,0.19044,5.67,,0x20427b0707cb9e467c3f82b01c9dea32b48bbbe9395af416e4b79e07d09792a8,,
frozen,warn,DIA,sBTC/USD,,2026-07-01T15:19:13Z,2026-07-01T15:48:27Z,0.49,3,59382.43437223,,1.01,0x1537970fc07165df7f550bc3b716b5d7697a35dc67a95e77fd2de1be91307715,0xca94b3f19a44dbe084b7727d4f55c835f5004c5a702c14c09431e0d8fd11c5d4,
deviation,warn,DIA,STX/USD,2,2026-07-01T16:00:00Z,2026-07-01T16:19:00Z,0.32,,0.16579847,3.28,,0xca94b3f19a44dbe084b7727d4f55c835f5004c5a702c14c09431e0d8fd11c5d4,,
deviation,critical,Arkadiko,STX (token 1),5,2026-07-01T16:01:00Z,2026-07-01T16:04:00Z,0.05,,0.161407,5.84,,0xf58f0aab6e00c712a4ada4ad15b61f08d480baec0a11f5100c91af0b558c84b2,,
deviation,warn,DIA,sBTC/USD,2,2026-07-01T16:05:00Z,2026-07-01T16:19:00Z,0.23,,58463.56198567,2.81,,0xdaeb688e6d61d3da941d4a845b9d40da8d3c8050f4629384ddd36ef2743e2cb3,,
frozen,critical,DIA,stSTX/USD,,2026-07-01T16:34:14Z,2026-07-02T00:04:18Z,7.5,31,0.19678905,,1.49,0x8a8cb697c2faa07415683ac172d0080f7e71587b33a0d37f5e89ab434a03461f,0x1f2dfe16709983cae58e66836f304ff710480cbaf023ed6d8b9428cb894d5ec6,
deviation,warn,DIA,sBTC/USD,2,2026-07-01T20:19:00Z,2026-07-01T20:38:00Z,0.32,,61154.81757835,2.21,,0x3ffd2d52b18b026bd1eb2f9e7a118d23bb9564201b00f295567945166475f69b,,
frozen,warn,DIA,sBTC/USD,,2026-07-01T20:48:30Z,2026-07-01T21:34:04Z,0.76,4,59416.41811864,,1.02,0x83828e17dd8f950e3cbd2a8df8385b1f76c559a0eb02bac4662fcb76e524aaff,0xcb58b001c711a633657b93d74eb12e729c5a4311b936cc7b610feae75e0874ec,
deviation,warn,DIA,sBTC/USD,2,2026-07-01T21:33:00Z,2026-07-01T21:49:00Z,0.27,,59416.41811864,2.2,,0xdb85bc6e2b59d3bc2bc2655f0f3239f7bcd348b77d883c0642b160bda73a0b4c,,
frozen,warn,DIA,sBTC/USD,,2026-07-01T22:05:24Z,2026-07-01T22:48:32Z,0.72,4,60511.69300513,,0.64,0x5697705708d621c57581b819ba1be82aaddd579368cb7e3f0949f6087e2efe21,0x94c4b0276b82e919cdc843e875526929d26b974d98d6372e043c1f69bdbad3a5,
frozen,warn,DIA,sBTC/USD,,2026-07-01T23:03:54Z,2026-07-02T00:34:01Z,1.5,7,60795.90745565,,1.09,0x9a18a9239e57a85b7b53582d21fb1ab49e46fa245bcc880bb305cd9bc087fab1,0x676e796a5ea16c0b6b74b8f220f10f6a10e36e88f96de995c2dc6b13dc6357d5,
frozen,critical,DIA,stSTX/USD,,2026-07-02T00:18:50Z,2026-07-02T03:04:24Z,2.76,12,0.1943029,,0.61,0xd0f14635b746ca50792707856dff0c155e871177c2d38767dfe7f189726b0374,0xecc276ba8dd55142a928438a5bd41122126612347069a85b707319df36fde8db,
deviation,warn,DIA,sBTC/USD,2,2026-07-02T00:38:00Z,2026-07-02T00:45:00Z,0.12,,60795.90745565,2.12,,0x676e796a5ea16c0b6b74b8f220f10f6a10e36e88f96de995c2dc6b13dc6357d5,,
deviation,warn,Arkadiko,STX (token 1),2,2026-07-02T01:12:00Z,2026-07-02T06:36:00Z,5.4,,0.161407,3.46,,0xf58f0aab6e00c712a4ada4ad15b61f08d480baec0a11f5100c91af0b558c84b2,,
deviation,warn,Arkadiko,stSTX (token 8),2,2026-07-02T01:40:00Z,2026-07-02T01:50:00Z,0.17,,0.19044,2.37,,0x20427b0707cb9e467c3f82b01c9dea32b48bbbe9395af416e4b79e07d09792a8,,
deviation,warn,Arkadiko,stSTX (token 8),2,2026-07-02T02:42:00Z,2026-07-02T05:55:00Z,3.22,,0.19044,3.3,,0x20427b0707cb9e467c3f82b01c9dea32b48bbbe9395af416e4b79e07d09792a8,,
frozen,warn,DIA,sBTC/USD,,2026-07-02T02:48:44Z,2026-07-02T04:18:33Z,1.5,7,60092.74870671,,1.03,0x92bbb98d6e608cfaabf5755cb05bc9005d69d4534da685baef6e649e720d0d34,0x6aa25e3e1ca8669ed6548cbe1d5b4d9a2285eb40309e1a7b1add21a74f28de1b,
frozen,critical,DIA,stSTX/USD,,2026-07-02T03:18:27Z,2026-07-02T23:50:16Z,20.53,85,0.19444677,,2.37,0x8e929e60013b23e125ba82e6a27b8bba7858a5e9cef7f136789c217723d71bfd,0x00fd9675b21e55ce36b1e91f199e494caa8107a31507d49ab90dbe39b35a036c,
deviation,warn,DIA,sBTC/USD,2,2026-07-02T05:50:00Z,2026-07-02T05:52:00Z,0.03,,61668.42906431,2.05,,0xab68d7ce390fca7f85a6ef070ef971d3d848d4b63f6b9c3ded34949aafb0cdf7,,
deviation,warn,Arkadiko,STX (token 1),2,2026-07-02T08:12:00Z,2026-07-07T22:00:00Z,133.8,,0.161407,8.42,,0xf58f0aab6e00c712a4ada4ad15b61f08d480baec0a11f5100c91af0b558c84b2,,
deviation,warn,Arkadiko,stSTX (token 8),2,2026-07-02T08:27:00Z,2026-07-07T21:56:00Z,133.48,,0.19044,8.28,,0x20427b0707cb9e467c3f82b01c9dea32b48bbbe9395af416e4b79e07d09792a8,,
frozen,critical,DIA,sBTC/USD,,2026-07-02T09:36:01Z,2026-07-02T12:25:22Z,2.82,12,60694.14188437,,0.93,0x9e760d6536ad4adb4a5ddf6a7aa1153f0da8f2e15b23102fcd33657a2455d298,0xf0b3a7b66d6604b7fcb6b4d920b636d7318d9faf1136b4919f1c5d7576c7f0c9,
deviation,critical,Arkadiko,BTC (token 2),5,2026-07-02T12:30:00Z,2026-07-02T20:17:00Z,7.78,,58347.22,6.04,,0x438d5c2cebca2dd036d25d780b7869ad8ee48c40a1efcd375e5c16e5377a965a,,
deviation,warn,DIA,stSTX/USD,2,2026-07-02T13:25:00Z,2026-07-02T14:02:00Z,0.62,,0.19444677,2.27,,0xc1e58baf11d2c00b4c8cd797ca52bc4a0349d16258a579acf4067529ae3d4732,,
frozen,warn,DIA,sBTC/USD,,2026-07-02T14:04:02Z,2026-07-02T14:48:52Z,0.75,4,61638.91382368,,0.74,0xbfd731020b35465734a732e95acf6416f4b60c6da9c1b3f4fc8074af397902cb,0x9e1219b7d5df134a0f1e3567f3c7a9c0e16db6f860de20e2f155633bc049118c,
frozen,warn,DIA,sBTC/USD,,2026-07-02T15:19:23Z,2026-07-02T15:49:28Z,0.5,3,61937.71926057,,0.5,0x5739a903c4c59e2c99be1ab8862efa72ef3f7d9d0daf62c31726e97f33c5c76b,0xf0cacbdbc613ba7a065ae9c34b411274ce46cf953a093ab47f7bd86e58a6a072,
frozen,critical,DIA,sBTC/USD,,2026-07-02T16:05:38Z,2026-07-03T15:54:45Z,23.82,96,61742.14191507,,1.12,0xe3c0391062f4e8518cddb34ac08d01321a6e4db30b5c5236c25dfaf40eb863b8,0xd38f0a27651e25da08772ede481d1bdc5c9f55f1ec15a1408099c2e208e951d8,
deviation,critical,Arkadiko,BTC (token 2),5,2026-07-02T20:57:00Z,2026-07-03T00:05:00Z,3.13,,58347.22,5.25,,0x438d5c2cebca2dd036d25d780b7869ad8ee48c40a1efcd375e5c16e5377a965a,,
frozen,warn,DIA,stSTX/USD,,2026-07-03T00:50:46Z,2026-07-03T01:21:38Z,0.51,4,0.19551603,,1.02,0x7e71d1eef5fb0d70459953b228a679d6dc5bb2154e1e6c9eeb93383b196931e2,0x5543b4afe8c2c72f150511abd7d8e3af81779b20ba1e9e43d94abd4373c6d0e4,
deviation,critical,Arkadiko,BTC (token 2),5,2026-07-03T01:08:00Z,2026-07-03T02:26:00Z,1.3,,58347.22,5.35,,0x438d5c2cebca2dd036d25d780b7869ad8ee48c40a1efcd375e5c16e5377a965a,,
deviation,critical,Arkadiko,BTC (token 2),5,2026-07-03T03:20:00Z,2026-07-03T03:39:00Z,0.32,,58347.22,5.12,,0x438d5c2cebca2dd036d25d780b7869ad8ee48c40a1efcd375e5c16e5377a965a,,
silence,warn,DIA,stSTX/USD,,2026-07-03T03:36:30Z,2026-07-03T07:12:57Z,3.61,,,,,0x8749b8fe41d3de6ce59c107c8094382d8aaa1a612a9fe3f6ee998dcb9a60a453,0x3c8fffe832908374141d3bbec27850669be7ee6536a308d51f1d1ce87a5cd9e3,
deviation,critical,Arkadiko,BTC (token 2),5,2026-07-03T04:37:00Z,2026-08-08T11:06:00Z,870.48,,58347.22,12.79,,0x438d5c2cebca2dd036d25d780b7869ad8ee48c40a1efcd375e5c16e5377a965a,,
frozen,critical,DIA,stSTX/USD,,2026-07-03T07:12:57Z,2026-07-04T02:11:41Z,18.98,77,0.19828554,,3.49,0x3c8fffe832908374141d3bbec27850669be7ee6536a308d51f1d1ce87a5cd9e3,0x74b94b0f58373bd2711330d2746acccb30d05b8801ef8f19af0fb4801fccaa50,
deviation,critical,Arkadiko,STX (token 1),5,2026-07-03T10:44:00Z,2026-07-04T09:21:00Z,22.62,,0.161407,7.82,,0xf58f0aab6e00c712a4ada4ad15b61f08d480baec0a11f5100c91af0b558c84b2,,
deviation,critical,Arkadiko,stSTX (token 8),5,2026-07-03T10:47:00Z,2026-07-03T16:28:00Z,5.68,,0.19044,6.02,,0x20427b0707cb9e467c3f82b01c9dea32b48bbbe9395af416e4b79e07d09792a8,,
deviation,warn,DIA,stSTX/USD,2,2026-07-03T12:04:00Z,2026-07-03T12:35:00Z,0.52,,0.19828554,2.14,,0x95cc372a0b40f8e01ad7d2703908a82e0d337b5ea9337e84075aca5a366f1aa5,,
deviation,warn,DIA,stSTX/USD,2,2026-07-03T13:10:00Z,2026-07-03T13:47:00Z,0.62,,0.19828554,2.07,,0x993145c453b585e264521f47530668e6259848021abc2ea308124017913b2637,,
deviation,critical,Arkadiko,stSTX (token 8),5,2026-07-03T18:32:00Z,2026-07-04T08:40:00Z,14.13,,0.19044,7.68,,0x20427b0707cb9e467c3f82b01c9dea32b48bbbe9395af416e4b79e07d09792a8,,
deviation,warn,DIA,stSTX/USD,2,2026-07-03T19:38:00Z,2026-07-03T19:41:00Z,0.05,,0.19828554,2.08,,0x66a42c0dc4e1f6805c80b5e3d7a49d3ebba5de4750d48b851d733bf293812489,,
deviation,warn,DIA,stSTX/USD,2,2026-07-03T20:19:00Z,2026-07-04T01:24:00Z,5.08,,0.19828554,3.33,,0x91b160d116fb154da10c6ae94cfd48d7daa4a85ca4e34ecaa043296ad97a135a,,
frozen,warn,DIA,sBTC/USD,,2026-07-03T23:26:32Z,2026-07-04T00:10:50Z,0.74,4,62272.38740324,,0.59,0xe73e0318ab7bed665db958ce7d0fec12fff05ad2217bf8af4993f48c8e7c0718,0x095b934ebfa6cab5680d6db0c14a8df0e897634c219a9aaef3ce5433a9c01d11,
deviation,warn,DIA,stSTX/USD,2,2026-07-04T02:10:00Z,2026-07-04T06:43:00Z,4.55,,0.19828554,3.88,,0x9299f0c885ec1a458457f535698016e28dfbf8ee6223ae5ffe94e0952c68936f,,
silence,critical,DIA,stSTX/USD,,2026-07-04T02:11:41Z,2026-07-04T08:12:44Z,6.02,,,,,0x74b94b0f58373bd2711330d2746acccb30d05b8801ef8f19af0fb4801fccaa50,0x4fc8bcfcbef8a4332d4c3a44253936218352886829ebaab5eb24ea53bb0d1286,
frozen,critical,DIA,stSTX/USD,,2026-07-04T08:56:42Z,2026-07-04T15:27:13Z,6.51,28,0.20027309,,2.65,0x5d245cab4f9ebd216a809ade3c670265bb5cf986e151345b6abc84e5bb8df86e,0x1353a63bb35939e46e492d80a0fdbe422b790fc0cb93af4ce5f11e9a3e30bda1,
deviation,critical,Arkadiko,stSTX (token 8),5,2026-07-04T09:12:00Z,2026-07-04T09:15:00Z,0.05,,0.19044,5.03,,0x20427b0707cb9e467c3f82b01c9dea32b48bbbe9395af416e4b79e07d09792a8,,
deviation,critical,Arkadiko,STX (token 1),5,2026-07-04T11:10:00Z,2026-07-05T04:56:00Z,17.77,,0.161407,8.42,,0xf58f0aab6e00c712a4ada4ad15b61f08d480baec0a11f5100c91af0b558c84b2,,
deviation,critical,Arkadiko,stSTX (token 8),5,2026-07-04T11:34:00Z,2026-07-05T02:36:00Z,15.03,,0.19044,8.28,,0x20427b0707cb9e467c3f82b01c9dea32b48bbbe9395af416e4b79e07d09792a8,,
deviation,warn,DIA,stSTX/USD,2,2026-07-04T15:23:00Z,2026-07-04T15:43:00Z,0.33,,0.20027309,2.49,,0xc19b5d9090c98b8d71e7062594b2ec5f8454ea5cac05a2c50fa0d361166e7a27,,
frozen,critical,DIA,stSTX/USD,,2026-07-04T15:42:42Z,2026-07-06T00:33:41Z,32.85,136,0.2050036,,3.27,0x07038c2098870b724c08a74c7d7575f0e5cdccf12f2af5bde1677384670f38bc,0x0121e83d18e97cf4a9ddcef43e98e4f8b4bc638b10c9611aa65ff195f54bc3dc,
frozen,warn,DIA,sBTC/USD,,2026-07-04T16:48:05Z,2026-07-04T18:16:01Z,1.47,7,63085.91309415,,0.81,0x1946ab2d03f88d8dd2832094e638c2f9642686e8b563e8de45978ce536ae2637,0x3ca52895f3e5e0067160ba0255a0455f9417c482a31a0316bc877bd20a1e30a5,
deviation,warn,DIA,sBTC/USD,2,2026-07-05T00:48:00Z,2026-07-05T01:16:00Z,0.47,,61653.5050859,2.12,,0xdc64829de5ee0fac902a76974c319795cb967e88e878115bdf885d26195165be,,
deviation,warn,DIA,stSTX/USD,2,2026-07-05T02:12:00Z,2026-07-05T17:22:00Z,15.17,,0.2050036,3.42,,0x9454a0dc61067e24c4052925223b9644c1459edbb3febfcbd4d30e307b7db209,,
deviation,critical,Arkadiko,stSTX (token 8),5,2026-07-05T04:19:00Z,2026-07-05T04:56:00Z,0.62,,0.19044,5.36,,0x20427b0707cb9e467c3f82b01c9dea32b48bbbe9395af416e4b79e07d09792a8,,
deviation,critical,Arkadiko,STX (token 1),5,2026-07-05T08:02:00Z,2026-07-05T08:12:00Z,0.17,,0.161407,5.03,,0xf58f0aab6e00c712a4ada4ad15b61f08d480baec0a11f5100c91af0b558c84b2,,
deviation,critical,Arkadiko,STX (token 1),5,2026-07-05T09:06:00Z,2026-07-05T09:14:00Z,0.13,,0.161407,5.09,,0xf58f0aab6e00c712a4ada4ad15b61f08d480baec0a11f5100c91af0b558c84b2,,
deviation,critical,Arkadiko,STX (token 1),5,2026-07-05T10:30:00Z,2026-07-05T11:02:00Z,0.53,,0.161407,5.09,,0xf58f0aab6e00c712a4ada4ad15b61f08d480baec0a11f5100c91af0b558c84b2,,
silence,warn,DIA,sBTC/USD,,2026-07-05T12:48:12Z,2026-07-05T15:18:34Z,2.51,,,,,0x799d724e27a47a2f88d1ac11a7d8b9cf27c15533259f7135238c89af6ac57d96,0x45348dd246862a40db45dc21db4c79b7240cc2d5887c9c0056356af06d44e36c,
deviation,critical,Arkadiko,STX (token 1),5,2026-07-05T13:49:00Z,2026-07-06T05:03:00Z,15.23,,0.161407,7.38,,0xf58f0aab6e00c712a4ada4ad15b61f08d480baec0a11f5100c91af0b558c84b2,,
deviation,critical,Arkadiko,stSTX (token 8),5,2026-07-05T13:51:00Z,2026-07-06T05:00:00Z,15.15,,0.19044,7.26,,0x20427b0707cb9e467c3f82b01c9dea32b48bbbe9395af416e4b79e07d09792a8,,
deviation,warn,DIA,sBTC/USD,2,2026-07-05T15:03:00Z,2026-07-05T15:37:00Z,0.57,,61589.71277256,2.04,,0x799d724e27a47a2f88d1ac11a7d8b9cf27c15533259f7135238c89af6ac57d96,,
silence,critical,DIA,sBTC/USD,,2026-07-05T18:33:08Z,2026-07-06T15:58:34Z,21.42,,,,,0x76e4c429e1421b81fa6211846febf22afaca6dbdd485896e38eca8fe2ed98d69,0xa07608a1981d833ede6cb96c401e614acc2bb90893ebef7ae0ce400a8907c0ff,
deviation,warn,DIA,sBTC/USD,2,2026-07-05T21:55:00Z,2026-07-06T06:46:00Z,8.85,,61742.14191507,3.4,,0x76e4c429e1421b81fa6211846febf22afaca6dbdd485896e38eca8fe2ed98d69,,
frozen,critical,DIA,stSTX/USD,,2026-07-06T01:03:38Z,2026-07-06T05:03:32Z,4,17,0.2027989,,1.48,0x6541e40613d1804dddfff12178be69a0a5e95bfdb9b4d8754aa9278880a5dd4a,0x98a37563bfd4c1a0ec1d593f89338855cde8a36a1e2b0c038d79b687e02d2ed7,
frozen,critical,DIA,stSTX/USD,,2026-07-06T05:18:58Z,2026-07-06T19:20:03Z,14.02,58,0.20021172,,2.74,0x67a6783440f75058dbd4ec748565a6fd0161b3c05b1879004ff7b482432001b0,0xf0549ac577de53f933e330e6e64481d6a7129d0f46bf179ff1f713044ad9c91b,
deviation,warn,DIA,sBTC/USD,2,2026-07-06T07:43:00Z,2026-07-06T08:27:00Z,0.73,,61742.14191507,2.23,,0x76e4c429e1421b81fa6211846febf22afaca6dbdd485896e38eca8fe2ed98d69,,
deviation,warn,DIA,stSTX/USD,2,2026-07-06T12:02:00Z,2026-07-06T13:47:00Z,1.75,,0.20021172,3.02,,0xfb462d3ceb592cecdb1bad97eef07c14b967408fef6d6c731464beda7d9ad627,,
deviation,warn,DIA,STX/USD,2,2026-07-06T12:03:00Z,2026-07-06T12:05:00Z,0.03,,0.16936749,2.63,,0xfb462d3ceb592cecdb1bad97eef07c14b967408fef6d6c731464beda7d9ad627,,
deviation,warn,DIA,sBTC/USD,2,2026-07-06T15:50:00Z,2026-07-06T16:19:00Z,0.48,,61742.14191507,2.77,,0x76e4c429e1421b81fa6211846febf22afaca6dbdd485896e38eca8fe2ed98d69,,
deviation,critical,Arkadiko,STX (token 1),5,2026-07-06T15:50:00Z,2026-07-07T01:53:00Z,10.05,,0.161407,6.93,,0xf58f0aab6e00c712a4ada4ad15b61f08d480baec0a11f5100c91af0b558c84b2,,
deviation,critical,Arkadiko,stSTX (token 8),5,2026-07-06T15:51:00Z,2026-07-07T01:25:00Z,9.57,,0.19044,6.81,,0x20427b0707cb9e467c3f82b01c9dea32b48bbbe9395af416e4b79e07d09792a8,,
frozen,critical,DIA,stSTX/USD,,2026-07-06T19:34:49Z,2026-07-07T00:21:11Z,4.77,21,0.20131153,,1.61,0xa8bac700c445067308c7fe76b93a337dfcc37117a6d0c783a29a932af9530c09,0x79a2403bc8cf9a5e86a854908c149fecf0e7c4796c31c5a4ebf22c4d9be9824d,
deviation,warn,DIA,sBTC/USD,2,2026-07-06T23:09:00Z,2026-07-07T03:23:00Z,4.23,,65829.81240342,4.08,,0x77aaf7d460735f05e97b70bfa3a8c9a502bd4a6d146c7cf6c9cf1739e3fcf647,,
silence,warn,DIA,BTC/USD,,2026-07-07T00:21:11Z,2026-07-07T03:18:18Z,2.95,,,,,0x79a2403bc8cf9a5e86a854908c149fecf0e7c4796c31c5a4ebf22c4d9be9824d,0x973688106b0b454ab01de57525bfc4d3b5cd9fab46d116f67507bef5a57093e8,
silence,warn,DIA,STX/USD,,2026-07-07T00:21:11Z,2026-07-07T03:18:18Z,2.95,,,,,0x79a2403bc8cf9a5e86a854908c149fecf0e7c4796c31c5a4ebf22c4d9be9824d,0x973688106b0b454ab01de57525bfc4d3b5cd9fab46d116f67507bef5a57093e8,
silence,warn,DIA,stSTX/USD,,2026-07-07T00:21:11Z,2026-07-07T03:18:18Z,2.95,,,,,0x79a2403bc8cf9a5e86a854908c149fecf0e7c4796c31c5a4ebf22c4d9be9824d,0x973688106b0b454ab01de57525bfc4d3b5cd9fab46d116f67507bef5a57093e8,
silence,warn,DIA,USDh/USD,,2026-07-07T00:21:11Z,2026-07-07T03:18:18Z,2.95,,,,,0x79a2403bc8cf9a5e86a854908c149fecf0e7c4796c31c5a4ebf22c4d9be9824d,0x973688106b0b454ab01de57525bfc4d3b5cd9fab46d116f67507bef5a57093e8,
silence,warn,DIA,sBTC/USD,,2026-07-07T00:22:14Z,2026-07-07T03:22:05Z,3,,,,,0x225076c54c750011a2c8e3aa8c76c21552263bc3b0cc319fe0fa03593fb59c95,0x002a132b509940d03ae5674acc865f759bb12c007fba0b0410ab50e1afda26f9,
deviation,warn,DIA,STX/USD,2,2026-07-07T02:34:00Z,2026-07-07T03:19:00Z,0.75,,0.17124937,2.47,,0x79a2403bc8cf9a5e86a854908c149fecf0e7c4796c31c5a4ebf22c4d9be9824d,,
deviation,warn,DIA,stSTX/USD,2,2026-07-07T02:51:00Z,2026-07-07T03:19:00Z,0.47,,0.20131153,2.22,,0x79a2403bc8cf9a5e86a854908c149fecf0e7c4796c31c5a4ebf22c4d9be9824d,,
silence,warn,DIA,stSTX/USD,,2026-07-07T04:01:16Z,2026-07-07T06:31:26Z,2.5,,,,,0xf58bb613cfc5e38a710a9eaa38667761abc78150590fbbb1af46ccdf827974ee,0xb18bd2946c72d9be3535b373b1c17cf105d8016f11b6541da829b2321448d48a,
frozen,warn,DIA,sBTC/USD,,2026-07-07T04:46:17Z,2026-07-07T05:30:30Z,0.74,4,63189.28504058,,0.55,0x1383259d74d3c3c6a9cb30b1ffb6cd3131415e610b6e6c49322f7237c300fc8f,0x2b2cd416e1b33d33a90c36cc77b8de302bb4bebd6817edaca923dc8e216409c5,
frozen,critical,DIA,stSTX/USD,,2026-07-07T06:31:26Z,2026-07-07T21:17:33Z,14.77,61,0.19673404,,1.77,0xb18bd2946c72d9be3535b373b1c17cf105d8016f11b6541da829b2321448d48a,0xdde733a6f126ed73ab0d904dd92d00aecb876468fd49252fd8b71d2c862318e0,
frozen,critical,DIA,sBTC/USD,,2026-07-07T09:17:26Z,2026-07-07T12:05:31Z,2.8,12,63304.45538165,,0.59,0xc05131e12ddade31748a5215ea19db8df7fba7db81197f11c545073bc64df523,0xe0673a5613dd9684c714f36d99075290608b27890498387c89219d28e9ebff1e,
frozen,warn,DIA,sBTC/USD,,2026-07-07T14:02:00Z,2026-07-07T14:48:01Z,0.77,4,62824.63435329,,0.53,0x833a670673ba887015ae57c448f70b5afd2112d2d68380190635e3cef99a76f9,0xdc42dce91c3a7c2aae402a59fe093638475d1c25915705630dbb8ccfcae5bf6a,
frozen,critical,DIA,sBTC/USD,,2026-07-07T18:31:49Z,2026-07-07T21:36:25Z,3.08,13,63872.12483784,,0.88,0x9355486c4bb16b18f305df92b40b763dfc1c8a29c8f52120e95de0a91489c9a2,0xfc4db6e8472820cec7ee3e59b257d8d299b3dbd2389e116bec292814c6b1e775,
silence,critical,DIA,USDh/USD,,2026-07-07T19:47:39Z,2026-07-08T20:03:25Z,24.26,,,,,0x6719577cb94eee4683a8443903218e1cf3fe3a1f3ff585c105c831f74f6fba91,0xf0579be7abe9e880bba60aebcd24b3c0451fd3070ef2ab4ff433fd81a8790fa4,
deviation,warn,Arkadiko,STX (token 1),2,2026-07-07T22:35:00Z,2026-07-08T01:35:00Z,3,,0.161407,2.8,,0xf58f0aab6e00c712a4ada4ad15b61f08d480baec0a11f5100c91af0b558c84b2,,
deviation,warn,Arkadiko,stSTX (token 8),2,2026-07-07T22:35:00Z,2026-07-08T01:33:00Z,2.97,,0.19044,2.68,,0x20427b0707cb9e467c3f82b01c9dea32b48bbbe9395af416e4b79e07d09792a8,,
deviation,warn,DIA,sBTC/USD,2,2026-07-07T23:05:00Z,2026-07-07T23:20:00Z,0.25,,65744.60978669,3.43,,0x81fa176511e060612935804d5ff73ce33388a6a4c2f2e9b583ca23ddb6c47ed4,,
frozen,warn,DIA,sBTC/USD,,2026-07-07T23:19:53Z,2026-07-08T00:49:49Z,1.5,7,63007.422493,,0.66,0x098e13c7e2ff94fc4de2c1f25c48d8eeb66ea0b5e35cea9eb35e8489c127bbf4,0x4031feb9d21fc9302ea63f57e7e1bc7e7cb9df9f047fecfb3528784cb14a3204,
frozen,warn,DIA,sBTC/USD,,2026-07-08T01:04:13Z,2026-07-08T01:49:56Z,0.76,4,62974.7248666,,0.94,0x17f3e3cbe182ff806e1d727f41032973be8b3ece007acddc11a932e2e90a8810,0x3d314bdb2b801a21caa45ad997ea4fb1f0cc0c15ac2aa734389f4e4cc1933709,
frozen,critical,DIA,stSTX/USD,,2026-07-08T01:20:03Z,2026-07-08T02:35:10Z,1.25,6,0.19477096,,3.06,0xe0515775115f2a6fb59bd3a5746e1890ffc29cfb6cee4167d6d9acb727333c75,0x21bca756184e58e69c0080f6b9c83bc4b3887a5ce2506c8b20b1e371f097d461,
deviation,warn,DIA,stSTX/USD,2,2026-07-08T02:00:00Z,2026-07-08T02:50:00Z,0.83,,0.19477096,3.14,,0x3d314bdb2b801a21caa45ad997ea4fb1f0cc0c15ac2aa734389f4e4cc1933709,,
frozen,critical,DIA,sBTC/USD,,2026-07-08T03:21:10Z,2026-07-08T05:06:08Z,1.75,8,65501.99600298,,0.59,0x85eccc0ef1c4c55dc050305df0e3ca1a09f85113c1c4cd2d85559b2b21964898,0xab297426ac9772a7f9cf116140694fe2049dfde5610e6879b97bb6045ffb9c0c,
deviation,warn,DIA,sBTC/USD,2,2026-07-08T03:22:00Z,2026-07-08T05:24:00Z,2.03,,65501.99600298,4.56,,0x85eccc0ef1c4c55dc050305df0e3ca1a09f85113c1c4cd2d85559b2b21964898,,
frozen,warn,DIA,sBTC/USD,,2026-07-08T07:38:45Z,2026-07-08T08:45:56Z,1.12,5,63064.63420358,,1.39,0x98e3bfee92b2e23e9d7d6efe9ec48a8428401c3daf024109e453037ee2e252aa,0x9c71d9d0cd384f7d0fa868fd5a2e76fa276bed143a39b432f41f4d0624557b28,
frozen,warn,DIA,sBTC/USD,,2026-07-08T11:26:50Z,2026-07-08T11:56:48Z,0.5,3,61964.67487613,,0.5,0xdc58cc8a698474ec6527c50ba0fdb685c3ce6f7713eb621d7a51c73f5dc41de1,0x9d1a43f382ecb89324fd9a3a9166b37f08b7295dcbbe831760b58cb3f71f6cb0,
deviation,warn,Arkadiko,STX (token 1),2,2026-07-08T11:43:00Z,2026-07-08T15:10:00Z,3.45,,0.161407,2.89,,0xf58f0aab6e00c712a4ada4ad15b61f08d480baec0a11f5100c91af0b558c84b2,,
deviation,warn,Arkadiko,stSTX (token 8),2,2026-07-08T12:07:00Z,2026-07-08T12:46:00Z,0.65,,0.19044,2.66,,0x20427b0707cb9e467c3f82b01c9dea32b48bbbe9395af416e4b79e07d09792a8,,
deviation,warn,DIA,stSTX/USD,2,2026-07-08T12:12:00Z,2026-07-08T12:46:00Z,0.57,,0.19055796,2.6,,0x273c71a99c114e6274e7e5ce548e68b227a5bbfc371631189cbc706050416fa5,,
deviation,warn,DIA,sBTC/USD,2,2026-07-08T12:59:00Z,2026-07-08T14:00:00Z,1.02,,63554.2563154,3.15,,0x419d262b05ae9db10345b79fc085024775e0ec3b1d99b0204fdc83da477a731b,,
deviation,warn,DIA,stSTX/USD,2,2026-07-08T13:24:00Z,2026-07-08T15:06:00Z,1.7,,0.19055796,2.72,,0xed08c728d45cbb5c5ddbbbc999767ecb1b32ac0de1a6578251171e2f10abf51f,,
deviation,warn,Arkadiko,stSTX (token 8),2,2026-07-08T13:24:00Z,2026-07-08T15:06:00Z,1.7,,0.19044,2.78,,0x20427b0707cb9e467c3f82b01c9dea32b48bbbe9395af416e4b79e07d09792a8,,
frozen,warn,DIA,sBTC/USD,,2026-07-08T14:12:19Z,2026-07-08T14:58:43Z,0.77,4,61703.33255067,,0.53,0x913ce029d71db841bc044eca07b5fb332e7ef848d58e29a8aa7a23c53f4d2472,0x15a68047b0dba5c59443ff284896d029e350b6b5c36a57cf6c4d8e715ba5883c,
silence,critical,DIA,sBTC/USD,,2026-07-08T15:43:46Z,2026-07-09T15:50:04Z,24.11,,,,,0xd67df81d65fa5ae44e51f760e8bf3bb9206c7885ddf40e78dfba0c25d60ef8e7,0x927c9d79876c5d026be6de38463f8d9e3a74ba4d24282a94ab52427d93060f01,
deviation,warn,Arkadiko,STX (token 1),2,2026-07-08T16:02:00Z,2026-07-13T02:55:00Z,106.88,,0.161407,9.56,,0xf58f0aab6e00c712a4ada4ad15b61f08d480baec0a11f5100c91af0b558c84b2,,
deviation,warn,Arkadiko,stSTX (token 8),2,2026-07-08T16:09:00Z,2026-07-13T02:16:00Z,106.12,,0.19044,9.48,,0x20427b0707cb9e467c3f82b01c9dea32b48bbbe9395af416e4b79e07d09792a8,,
deviation,warn,DIA,stSTX/USD,2,2026-07-08T16:11:00Z,2026-07-09T05:46:00Z,13.58,,0.19055796,6.21,,0x87edaf16290b5adfd2b88370f77f273002d2671ea7694fcf5d2b0324296c723d,,
deviation,warn,DIA,STX/USD,2,2026-07-08T17:00:00Z,2026-07-08T17:05:00Z,0.08,,0.16690938,3.18,,0xca7464c18624061e06735fec219d79bcc33179b951c35ab8798e02114f85f4dd,,
deviation,critical,DIA,stSTX/USD,5,2026-07-08T17:00:00Z,2026-07-08T17:37:00Z,0.62,,0.19055796,6.21,,0xca7464c18624061e06735fec219d79bcc33179b951c35ab8798e02114f85f4dd,,
deviation,critical,Arkadiko,STX (token 1),5,2026-07-08T17:00:00Z,2026-07-08T17:54:00Z,0.9,,0.161407,6.37,,0xf58f0aab6e00c712a4ada4ad15b61f08d480baec0a11f5100c91af0b558c84b2,,
deviation,critical,Arkadiko,stSTX (token 8),5,2026-07-08T17:00:00Z,2026-07-08T17:44:00Z,0.73,,0.19044,6.26,,0x20427b0707cb9e467c3f82b01c9dea32b48bbbe9395af416e4b79e07d09792a8,,
silence,info,DIA,stSTX/USD,,2026-07-08T17:04:42Z,2026-07-08T18:40:23Z,1.59,,,,,0xd3241e7ddb5959b1810a2df9690b8ba3b51c4d7545686c69625239a1f4181f97,0xcc33c403f60031187ebb95bf7d3a97eb309c54bc492a94cd2b06fa8982fdaa36,
silence,warn,DIA,stSTX/USD,,2026-07-09T02:38:29Z,2026-07-09T05:45:52Z,3.12,,,,,0x43518f58eb592c683b9b14652d4c6143b28304fe564304c60ca0bf29cd9dd366,0xd46c148442f9c90376358a2605e256fadbd114f35583aeccd081fb2007bac5dc,
frozen,critical,DIA,stSTX/USD,,2026-07-09T05:45:52Z,2026-07-09T12:09:00Z,6.39,27,0.19827792,,2.59,0xd46c148442f9c90376358a2605e256fadbd114f35583aeccd081fb2007bac5dc,0xefd9dc763bdb6a2d676f3ee416da772da422c9bb22bf7dd30e62579dff870701,
deviation,warn,DIA,sBTC/USD,2,2026-07-09T06:01:00Z,2026-07-09T15:51:00Z,9.83,,61339.22002935,2.87,,0xd67df81d65fa5ae44e51f760e8bf3bb9206c7885ddf40e78dfba0c25d60ef8e7,,
deviation,critical,Arkadiko,STX (token 1),5,2026-07-09T06:34:00Z,2026-07-09T23:09:00Z,16.58,,0.161407,7.14,,0xf58f0aab6e00c712a4ada4ad15b61f08d480baec0a11f5100c91af0b558c84b2,,
deviation,critical,Arkadiko,stSTX (token 8),5,2026-07-09T06:34:00Z,2026-07-09T07:07:00Z,0.55,,0.19044,5.28,,0x20427b0707cb9e467c3f82b01c9dea32b48bbbe9395af416e4b79e07d09792a8,,
deviation,critical,Arkadiko,stSTX (token 8),5,2026-07-09T07:41:00Z,2026-07-09T22:19:00Z,14.63,,0.19044,7.04,,0x20427b0707cb9e467c3f82b01c9dea32b48bbbe9395af416e4b79e07d09792a8,,
deviation,warn,DIA,stSTX/USD,2,2026-07-09T08:17:00Z,2026-07-09T09:19:00Z,1.03,,0.19827792,2.59,,0x9383e2716f3e14376edb052e8047461ce1fa2778d16a96d0c49d8bba3663be30,,
deviation,warn,DIA,stSTX/USD,2,2026-07-09T11:58:00Z,2026-07-09T12:03:00Z,0.08,,0.19827792,2.04,,0x46098f00c48ac9e62a0969e553559d0e1ab32df98bd63d2c2bb3f2139a0bd972,,
frozen,critical,DIA,stSTX/USD,,2026-07-09T12:42:11Z,2026-07-09T16:56:02Z,4.23,19,0.20122876,,1.21,0x9129ee281951ac03c15e96e9a1d9d92fb5b23bd72a6266211e3c1d7ff55d00aa,0x3dc40632c40b0e1e9e40f4d1c0e6e5bfe08e35c4473531eff33fbbeabcd441f9,
frozen,critical,DIA,sBTC/USD,,2026-07-09T15:50:04Z,2026-07-09T18:15:01Z,2.42,11,62318.44402711,,0.74,0x927c9d79876c5d026be6de38463f8d9e3a74ba4d24282a94ab52427d93060f01,0xf5f86bcaf34b8f1617eb11492c0ef857798f03b909bcf27211379f97ef9093b3,
frozen,critical,DIA,stSTX/USD,,2026-07-09T17:10:14Z,2026-07-09T23:56:58Z,6.78,29,0.20109131,,1.73,0x426e1732ada03de434ef3f115532fdfe98d6a6d4466ab75bef5b5468e46e9588,0x10454da56b48b3bcc9b93c5450d581ae5c8d40500a25e0b96461e87d7e2552c4,
deviation,critical,Arkadiko,stSTX (token 8),5,2026-07-09T22:49:00Z,2026-07-09T23:08:00Z,0.32,,0.19044,5.11,,0x20427b0707cb9e467c3f82b01c9dea32b48bbbe9395af416e4b79e07d09792a8,,
deviation,warn,DIA,sBTC/USD,2,2026-07-09T23:12:00Z,2026-07-09T23:47:00Z,0.58,,65508.23899385,3.94,,0x615b012d51dda183022acfe486267b7125264535d9e6177627f140bc9f8d69be,,
frozen,critical,DIA,stSTX/USD,,2026-07-10T00:11:51Z,2026-07-10T03:17:04Z,3.09,15,0.19915227,,3.63,0x3d68f2571c8b3b14823d90e0e51baabd225c34cb53773073832d39c4375a7dce,0x89ed30be74afe3e1c261e097fc16ecea9a1ffa94fbc47f42853fe851cb0411f1,
frozen,critical,DIA,sBTC/USD,,2026-07-10T00:28:03Z,2026-07-10T02:42:51Z,2.25,10,62910.31256701,,1.4,0xdd55a5cc14ddf1977ee81ecf731d79474dfb99a3fda519db1292ef748d9f4a03,0x9873d1853167bdef0cbec81086aebec38fa4747fbbfe5024cb5ffb5475175a71,
deviation,critical,Arkadiko,STX (token 1),5,2026-07-10T01:12:00Z,2026-07-10T18:43:00Z,17.52,,0.161407,8.14,,0xf58f0aab6e00c712a4ada4ad15b61f08d480baec0a11f5100c91af0b558c84b2,,
deviation,critical,Arkadiko,stSTX (token 8),5,2026-07-10T01:14:00Z,2026-07-10T18:30:00Z,17.27,,0.19044,8.05,,0x20427b0707cb9e467c3f82b01c9dea32b48bbbe9395af416e4b79e07d09792a8,,
deviation,warn,DIA,stSTX/USD,2,2026-07-10T01:48:00Z,2026-07-10T03:30:00Z,1.7,,0.19915227,3.41,,0xf6559a5400962899ae8dc23d091a7a1dd7d2fa3b010e446c0213d23b1558e978,,
silence,critical,DIA,BTC/USD,,2026-07-10T03:43:49Z,2026-07-10T16:36:00Z,12.87,,,,,0x1cf182e924b95810ebd9c1bfe9785b6c2ccc3bfe170e1ad2bf625fac7d31190d,0xb7f73d4c9bfb8b0d16bd9310fce9b2ce764ea1d03fa6e6829b1639fc1d05a925,
silence,critical,DIA,STX/USD,,2026-07-10T03:43:49Z,2026-07-10T16:36:00Z,12.87,,,,,0x1cf182e924b95810ebd9c1bfe9785b6c2ccc3bfe170e1ad2bf625fac7d31190d,0xb7f73d4c9bfb8b0d16bd9310fce9b2ce764ea1d03fa6e6829b1639fc1d05a925,
silence,critical,DIA,sBTC/USD,,2026-07-10T03:43:49Z,2026-07-10T16:36:00Z,12.87,,,,,0x1cf182e924b95810ebd9c1bfe9785b6c2ccc3bfe170e1ad2bf625fac7d31190d,0xb7f73d4c9bfb8b0d16bd9310fce9b2ce764ea1d03fa6e6829b1639fc1d05a925,
silence,critical,DIA,stSTX/USD,,2026-07-10T03:43:49Z,2026-07-10T16:36:00Z,12.87,,,,,0x1cf182e924b95810ebd9c1bfe9785b6c2ccc3bfe170e1ad2bf625fac7d31190d,0xb7f73d4c9bfb8b0d16bd9310fce9b2ce764ea1d03fa6e6829b1639fc1d05a925,
silence,critical,DIA,USDh/USD,,2026-07-10T03:43:49Z,2026-07-10T16:36:00Z,12.87,,,,,0x1cf182e924b95810ebd9c1bfe9785b6c2ccc3bfe170e1ad2bf625fac7d31190d,0xb7f73d4c9bfb8b0d16bd9310fce9b2ce764ea1d03fa6e6829b1639fc1d05a925,
deviation,warn,DIA,stSTX/USD,2,2026-07-10T06:25:00Z,2026-07-10T08:04:00Z,1.65,,0.20540374,2.28,,0x1cf182e924b95810ebd9c1bfe9785b6c2ccc3bfe170e1ad2bf625fac7d31190d,,
deviation,warn,DIA,STX/USD,2,2026-07-10T14:18:00Z,2026-07-10T15:02:00Z,0.73,,0.17379583,2.76,,0x1cf182e924b95810ebd9c1bfe9785b6c2ccc3bfe170e1ad2bf625fac7d31190d,,
deviation,warn,DIA,stSTX/USD,2,2026-07-10T14:18:00Z,2026-07-10T15:54:00Z,1.6,,0.20540374,3.04,,0x1cf182e924b95810ebd9c1bfe9785b6c2ccc3bfe170e1ad2bf625fac7d31190d,,
deviation,warn,DIA,stSTX/USD,2,2026-07-10T16:28:00Z,2026-07-10T16:32:00Z,0.07,,0.20540374,2.05,,0x1cf182e924b95810ebd9c1bfe9785b6c2ccc3bfe170e1ad2bf625fac7d31190d,,
frozen,critical,DIA,stSTX/USD,,2026-07-10T16:36:00Z,2026-07-10T19:51:39Z,3.26,16,0.2040729,,1.11,0xb7f73d4c9bfb8b0d16bd9310fce9b2ce764ea1d03fa6e6829b1639fc1d05a925,0x547bd115c3773576f1fb5500b36c48aac3f2083b332933924ccdaaf02aad23dd,
deviation,warn,DIA,stSTX/USD,2,2026-07-10T18:46:00Z,2026-07-10T19:26:00Z,0.67,,0.2040729,2.23,,0xe9d9088e92f7af0ccba8fc725407d1b66eb51682f7fb0a4b5bc9264c9ff167ff,,
deviation,critical,Arkadiko,STX (token 1),5,2026-07-10T19:13:00Z,2026-07-12T23:00:00Z,51.78,,0.161407,9.56,,0xf58f0aab6e00c712a4ada4ad15b61f08d480baec0a11f5100c91af0b558c84b2,,
deviation,critical,Arkadiko,stSTX (token 8),5,2026-07-10T19:32:00Z,2026-07-10T20:23:00Z,0.85,,0.19044,5.41,,0x20427b0707cb9e467c3f82b01c9dea32b48bbbe9395af416e4b79e07d09792a8,,
frozen,critical,DIA,stSTX/USD,,2026-07-10T20:06:35Z,2026-07-11T00:51:57Z,4.76,21,0.20044328,,1.97,0x3f9b2525a3d0dd4ec2dc653136fd8cdf30a5dd71a45faf920c8bbc1292e9d338,0x48e9db6f196a20a0925ec3e67bef9a8dbd14d56ee6baa3b5c5aea0035ed5d245,
frozen,critical,DIA,sBTC/USD,,2026-07-10T20:22:35Z,2026-07-11T00:21:57Z,3.99,17,65172.72445296,,0.58,0x3aa0b53b69f7095857b39c822aacea4804e685e653de3f296ea9ddb6066ea12b,0x846a5cb2d26083bd072c8485fca84fc3c5283315e8047ddb91c2efc7440a9da7,
deviation,warn,DIA,sBTC/USD,2,2026-07-10T20:23:00Z,2026-07-10T21:22:00Z,0.98,,65172.72445296,2.38,,0x3aa0b53b69f7095857b39c822aacea4804e685e653de3f296ea9ddb6066ea12b,,
deviation,critical,Arkadiko,stSTX (token 8),5,2026-07-10T21:13:00Z,2026-07-12T22:37:00Z,49.4,,0.19044,9.48,,0x20427b0707cb9e467c3f82b01c9dea32b48bbbe9395af416e4b79e07d09792a8,,
frozen,critical,DIA,stSTX/USD,,2026-07-11T01:07:44Z,2026-07-11T03:07:45Z,2,9,0.20427103,,1.33,0x50a5e67a1a000e77a34051b6199f86a342f461d5e9fb667c639ccf3fb08b0406,0x34b55f6831bd41b53a57b4b324e705ba3d646efbac4f5b2c04e757821eb9d721,
frozen,critical,DIA,stSTX/USD,,2026-07-11T03:22:46Z,2026-07-11T08:27:14Z,5.07,24,0.20650235,,1.44,0xe0876c0b294a1e44d2913235b320f5e4019ee71868448e151f4b225dc039d388,0x3dd28bf8b6dd01ab92f7f0fc8f4d79e5b38bbc0d0a3c906f03d2f348921850e6,
frozen,critical,DIA,stSTX/USD,,2026-07-11T08:57:14Z,2026-07-11T13:46:55Z,4.83,22,0.2038352,,2.13,0x4633251edc248ab7cf735388399f710f1362cbbb0a43170a6a2d8cbc14e598cb,0x0af32f50cbca3eebbe6c2b37d3fe5c942c3cd06e77cf63eb103bef93a89cff89,
frozen,critical,DIA,stSTX/USD,,2026-07-11T14:01:42Z,2026-07-11T17:33:16Z,3.53,16,0.20497685,,0.98,0x36276c7fcdeb0dcfb4b34a0993858bd8b09b1150246e9f2a08477be9641eae88,0x09015cb55fe6022cf3739e3fc69c937e5dd52dc590a8a0eb9261ef5ed8627413,
frozen,critical,DIA,sBTC/USD,,2026-07-11T15:17:24Z,2026-07-11T19:18:54Z,4.03,17,64970.63670386,,0.66,0x299b2e09d03804be1995ad762a8e8b0697272bc9035a079f93a933158c958549,0x064946f46d00ea1fd823026ab7bf462c5355935cba6430cb49bdba65365459c0,
frozen,critical,DIA,stSTX/USD,,2026-07-11T17:48:11Z,2026-07-11T23:48:33Z,6.01,25,0.20577569,,2.1,0xee73adb06a9da0f0d512e0b8828bc9e94d54eac73533dc300cbcf5e5ca1a3918,0x81990655ddffb8037f0b27ee71d1eda9c2db9172000225d0a118fabb2db5cf19,
deviation,warn,DIA,sBTC/USD,2,2026-07-11T19:23:00Z,2026-07-11T22:24:00Z,3.02,,68537.43082398,6.77,,0x415fe2b8b5c2bb989a26b324438230e4c367a7cd2daa6a8ce3cdf334da67cdc6,,
deviation,critical,DIA,sBTC/USD,5,2026-07-11T19:23:00Z,2026-07-11T22:24:00Z,3.02,,68537.43082398,6.77,,0x415fe2b8b5c2bb989a26b324438230e4c367a7cd2daa6a8ce3cdf334da67cdc6,,
silence,info,DIA,sBTC/USD,,2026-07-11T20:48:57Z,2026-07-11T22:23:53Z,1.58,,,,,0xa2e6fc7d95b4daa9f6a702ec8e6be33e1cbaec958693ce9e68e72217de4e090f,0xe81df8beab4815f241a023c59c3e040c00a30bff4c82c22946035667761c9626,
deviation,warn,DIA,stSTX/USD,2,2026-07-11T23:26:00Z,2026-07-11T23:44:00Z,0.3,,0.20577569,2.26,,0x2b1b79de3665c44403d5890fb7675d2c4591fc40c52246a0b028057d35020e81,,
frozen,warn,DIA,stSTX/USD,,2026-07-12T00:18:35Z,2026-07-12T01:07:26Z,0.81,4,0.20130109,,0.58,0x9bec08619529a05ac56c871dade87078292967bb7999c4f854cc799404256085,0x820ab28e4ff445ee3815ba3a6c1ce389367ee0c9037b2ed29b2b7571752e4c50,
frozen,warn,DIA,stSTX/USD,,2026-07-12T01:34:38Z,2026-07-12T02:15:04Z,0.67,4,0.20289245,,0.51,0x4c3a1e240fadaed09ea2aa8e88d041d2d1868a7aadb8c353eba874620c85a177,0xa3cff99ae757a8b9c55230c19255f7e98384896e637c7787719b2050bdd9fa30,
frozen,warn,DIA,stSTX/USD,,2026-07-12T03:15:29Z,2026-07-12T04:00:25Z,0.75,4,0.2040955,,1.18,0x7a1eaf5e2a37240579d5cd73e865d8642e0423d9540ba5e0818fd29b764256d6,0x5e4a34cb4151cfada751088c1dca0f213ff49e084adfd575364bc002004c12af,
frozen,critical,DIA,stSTX/USD,,2026-07-12T04:46:52Z,2026-07-13T05:34:09Z,24.79,89,0.20790587,,8.38,0x495ffe4c5974ec11f3dd320a47addb445524293a7c37666992a17d1bf69c0f8b,0x6a7540770ccb149e2e31dc750b1800eab6787d32cdbf041c20c667f786ea5059,
deviation,warn,DIA,sBTC/USD,2,2026-07-12T08:08:00Z,2026-07-12T08:47:00Z,0.65,,62663.04817929,2.14,,0xde22e37f7b41435156d3c03416efc395b08ac653c91209b0923da127e52800e6,,
deviation,warn,DIA,sBTC/USD,2,2026-07-12T14:07:00Z,2026-07-12T14:31:00Z,0.4,,65234.93937106,2.05,,0x7ac61dbf48e714db02731568da0d3ec9ce2a0432c1cb6b4b13d5cd778b9bfb08,,
deviation,warn,DIA,STX/USD,2,2026-07-12T15:27:00Z,2026-07-12T15:31:00Z,0.07,,0.17659342,2.42,,0xd486fb503f1f83589f319cb4bf10f17d8895c69a06bebc839ea2f89bc7e8a92e,,
deviation,warn,DIA,stSTX/USD,2,2026-07-12T15:27:00Z,2026-07-12T15:29:00Z,0.03,,0.20790587,2.28,,0xd486fb503f1f83589f319cb4bf10f17d8895c69a06bebc839ea2f89bc7e8a92e,,
deviation,warn,DIA,stSTX/USD,2,2026-07-12T16:36:00Z,2026-07-12T16:42:00Z,0.1,,0.20790587,2.15,,0xb2ead9f5fc9adaa6f294e4296fe8fad2086b146832a256c9d0a44e9c7e90e55c,,
deviation,warn,DIA,stSTX/USD,2,2026-07-12T17:16:00Z,2026-07-12T19:20:00Z,2.07,,0.20790587,2.42,,0x022c0e3ddbf4de4ece5339d4ab6f54389cafa483a517278f75651f72dc67509a,,
deviation,warn,DIA,stSTX/USD,2,2026-07-12T20:36:00Z,2026-07-13T06:39:00Z,10.05,,0.20790587,9.33,,0x29853f9b4a3ac0bfd42a1832d2020f3671eb29bf603719b41362a4d0da746525,,
frozen,warn,DIA,sBTC/USD,,2026-07-13T00:01:29Z,2026-07-13T00:33:44Z,0.54,3,63813.21012035,,0.86,0xd7715201d862965ff68288265d4fea68529ca74f8ea30b12c17c07154216d9b5,0xb1453b5631591a4f39c0edae5c68d4459cff59312cb9f9a25393c080bdb4ac1d,
deviation,critical,Arkadiko,STX (token 1),5,2026-07-13T00:10:00Z,2026-07-13T00:27:00Z,0.28,,0.161407,5.6,,0xf58f0aab6e00c712a4ada4ad15b61f08d480baec0a11f5100c91af0b558c84b2,,
deviation,critical,Arkadiko,stSTX (token 8),5,2026-07-13T00:10:00Z,2026-07-13T00:25:00Z,0.25,,0.19044,5.53,,0x20427b0707cb9e467c3f82b01c9dea32b48bbbe9395af416e4b79e07d09792a8,,
deviation,critical,DIA,stSTX/USD,5,2026-07-13T00:40:00Z,2026-07-13T06:39:00Z,5.98,,0.20790587,9.33,,0x6a0bcbf10e1ee27215fe333d524b4b378d5e4adfaf48008e879a946f0814216a,,
frozen,warn,DIA,sBTC/USD,,2026-07-13T01:16:40Z,2026-07-13T01:49:06Z,0.54,3,63965.74887295,,0.55,0x8469d4d61e7428b99810da4b5ec17990f0994fa7116dda827f658f0f591872a3,0x8fc482cbf2043c61fa3a4dca2a255d196a3e6493dc734caae37993316d7950f9,
silence,warn,DIA,stSTX/USD,,2026-07-13T01:46:21Z,2026-07-13T05:34:09Z,3.8,,,,,0x527fa6302eb6cc18632a6263b32d01c4b707860f4e282647e2ef1eec261df13d,0x6a7540770ccb149e2e31dc750b1800eab6787d32cdbf041c20c667f786ea5059,
deviation,warn,DIA,sBTC/USD,2,2026-07-13T04:06:00Z,2026-07-13T04:51:00Z,0.75,,64868.22154245,3.62,,0x3a4b63e72df3a1027a3777885ee9edc8f0fd58a87c0314f40073ef7edce0a053,,
deviation,warn,Arkadiko,STX (token 1),2,2026-07-13T05:15:00Z,2026-07-13T17:17:00Z,12.03,,0.161407,3.2,,0xf58f0aab6e00c712a4ada4ad15b61f08d480baec0a11f5100c91af0b558c84b2,,
deviation,warn,Arkadiko,stSTX (token 8),2,2026-07-13T05:18:00Z,2026-07-13T16:04:00Z,10.77,,0.19044,3.13,,0x20427b0707cb9e467c3f82b01c9dea32b48bbbe9395af416e4b79e07d09792a8,,
silence,info,DIA,stSTX/USD,,2026-07-13T05:34:09Z,2026-07-13T06:38:15Z,1.07,,,,,0x6a7540770ccb149e2e31dc750b1800eab6787d32cdbf041c20c667f786ea5059,0x753793300763b547d034effcd296e187559efa8c60403da17abb5a6ceb4b1a6b,
silence,warn,DIA,stSTX/USD,,2026-07-13T07:32:15Z,2026-07-13T10:35:03Z,3.05,,,,,0x9f96446d5d7af545a230cbfb2d89e86e364b34e6c7ba2b1c1acd7f925decfcdf,0x6d3bc609eb845786acddecc1fa8604c94bb65a861dc0a0fba866f94dada8169e,
frozen,critical,DIA,stSTX/USD,,2026-07-13T10:35:03Z,2026-07-14T02:20:08Z,15.75,66,0.19540861,,1.99,0x6d3bc609eb845786acddecc1fa8604c94bb65a861dc0a0fba866f94dada8169e,0x0749c3e591fc2c13173d204bada2493688c8c2cc89df79baa54c036a575f66fe,
silence,warn,DIA,sBTC/USD,,2026-07-13T10:38:10Z,2026-07-13T13:30:23Z,2.87,,,,,0xbc3ae4f33f8ea04571561130169cb472eef84a98876cc4a486817b288bf31234,0x564d378dcfef8c55f99950ad5efe0dce8de0d3f177316a9f15115b830a096e78,
silence,critical,DIA,sBTC/USD,,2026-07-13T15:49:04Z,2026-07-15T15:36:02Z,47.78,,,,,0x57f9291049a033e17837df98c9c4d2076d358c781b0a3ca6d4fdeaa7bf019b60,0x15b130437b27bc56ae45cfb40b44debdab9cbb7341c19ecf0f335be5e2f2b7ad,
deviation,warn,Arkadiko,stSTX (token 8),2,2026-07-13T16:43:00Z,2026-07-13T17:17:00Z,0.57,,0.19044,2.17,,0x20427b0707cb9e467c3f82b01c9dea32b48bbbe9395af416e4b79e07d09792a8,,
deviation,warn,DIA,stSTX/USD,2,2026-07-13T17:59:00Z,2026-07-13T18:01:00Z,0.03,,0.19540861,2.04,,0xd34eca3a6ec86d0f809aafb0f76e2f451ed44e178a6e91884853753cb760a34f,,
deviation,warn,Arkadiko,STX (token 1),2,2026-07-13T18:13:00Z,2026-07-13T20:36:00Z,2.38,,0.161407,2.81,,0xf58f0aab6e00c712a4ada4ad15b61f08d480baec0a11f5100c91af0b558c84b2,,
deviation,warn,Arkadiko,stSTX (token 8),2,2026-07-13T18:14:00Z,2026-07-13T20:15:00Z,2.02,,0.19044,2.75,,0x20427b0707cb9e467c3f82b01c9dea32b48bbbe9395af416e4b79e07d09792a8,,
deviation,warn,Arkadiko,STX (token 1),2,2026-07-13T22:05:00Z,2026-07-13T22:24:00Z,0.32,,0.161407,2.08,,0xf58f0aab6e00c712a4ada4ad15b61f08d480baec0a11f5100c91af0b558c84b2,,
deviation,warn,Arkadiko,stSTX (token 8),2,2026-07-13T22:17:00Z,2026-07-13T22:20:00Z,0.05,,0.19044,2.01,,0x20427b0707cb9e467c3f82b01c9dea32b48bbbe9395af416e4b79e07d09792a8,,
deviation,warn,Arkadiko,STX (token 1),2,2026-07-13T23:48:00Z,2026-07-14T03:02:00Z,3.23,,0.161407,2.79,,0xf58f0aab6e00c712a4ada4ad15b61f08d480baec0a11f5100c91af0b558c84b2,,
deviation,warn,Arkadiko,stSTX (token 8),2,2026-07-13T23:48:00Z,2026-07-14T03:00:00Z,3.2,,0.19044,2.73,,0x20427b0707cb9e467c3f82b01c9dea32b48bbbe9395af416e4b79e07d09792a8,,
frozen,warn,DIA,stSTX/USD,,2026-07-14T02:33:30Z,2026-07-14T03:48:10Z,1.24,6,0.19408141,,0.94,0x603e2bc79c9fba384d3bd2ea1155ae90de49ea940b03939fbb269d01be0dca4d,0x762705420fc98eeeeb98e22a5c0b1b17d55f1522123f3553f0979f580930bdc6,
frozen,warn,DIA,stSTX/USD,,2026-07-14T04:06:50Z,2026-07-14T05:19:42Z,1.21,6,0.1932131,,0.53,0x90634d3b02f778e5fcfcedf49a3c28bc69be5bb04595e5fa1c5a033cce8fd3e9,0x5d72035fd61dc075ff03217c4cc3991f0a2a7abd1706d580b37a26dd82f61ff9,
deviation,warn,Arkadiko,STX (token 1),2,2026-07-14T04:23:00Z,2026-07-14T08:03:00Z,3.67,,0.161407,2.76,,0xf58f0aab6e00c712a4ada4ad15b61f08d480baec0a11f5100c91af0b558c84b2,,
deviation,warn,Arkadiko,stSTX (token 8),2,2026-07-14T05:06:00Z,2026-07-14T07:55:00Z,2.82,,0.19044,2.7,,0x20427b0707cb9e467c3f82b01c9dea32b48bbbe9395af416e4b79e07d09792a8,,
silence,info,DIA,stSTX/USD,,2026-07-14T05:19:42Z,2026-07-14T06:39:21Z,1.33,,,,,0x5d72035fd61dc075ff03217c4cc3991f0a2a7abd1706d580b37a26dd82f61ff9,0x7768aa1804772496e2883a7d5b1bc5d0d4e46cc4fe46c3792c8dbaecb7ffe9c0,
frozen,critical,DIA,stSTX/USD,,2026-07-14T06:39:21Z,2026-07-14T15:39:23Z,9,31,0.19460974,,2.87,0x7768aa1804772496e2883a7d5b1bc5d0d4e46cc4fe46c3792c8dbaecb7ffe9c0,0x5e184c19e6ddb62e5ccd921deadb2f6f9abe6e23b457a0a308b959c5a4194938,
deviation,warn,Arkadiko,STX (token 1),2,2026-07-14T08:41:00Z,2026-07-14T08:43:00Z,0.03,,0.161407,2.05,,0xf58f0aab6e00c712a4ada4ad15b61f08d480baec0a11f5100c91af0b558c84b2,,
silence,info,DIA,BTC/USD,,2026-07-14T10:34:59Z,2026-07-14T12:24:12Z,1.82,,,,,0xf16a0ac9e3e380899a8f5a193884a0c07cfcfd92782e12ce3ac4d92f353bcf6f,0x5bc0847b3dab18ddd72438d1ae9800d8a14e94728cfeb1ed02d2f78b48de8e22,
silence,info,DIA,STX/USD,,2026-07-14T10:34:59Z,2026-07-14T12:24:12Z,1.82,,,,,0xf16a0ac9e3e380899a8f5a193884a0c07cfcfd92782e12ce3ac4d92f353bcf6f,0x5bc0847b3dab18ddd72438d1ae9800d8a14e94728cfeb1ed02d2f78b48de8e22,
silence,info,DIA,stSTX/USD,,2026-07-14T10:34:59Z,2026-07-14T12:24:12Z,1.82,,,,,0xf16a0ac9e3e380899a8f5a193884a0c07cfcfd92782e12ce3ac4d92f353bcf6f,0x5bc0847b3dab18ddd72438d1ae9800d8a14e94728cfeb1ed02d2f78b48de8e22,
silence,info,DIA,USDh/USD,,2026-07-14T10:34:59Z,2026-07-14T12:24:12Z,1.82,,,,,0xf16a0ac9e3e380899a8f5a193884a0c07cfcfd92782e12ce3ac4d92f353bcf6f,0x5bc0847b3dab18ddd72438d1ae9800d8a14e94728cfeb1ed02d2f78b48de8e22,
deviation,warn,Arkadiko,STX (token 1),2,2026-07-14T12:25:00Z,2026-07-17T02:20:00Z,61.92,,0.161407,6.2,,0xf58f0aab6e00c712a4ada4ad15b61f08d480baec0a11f5100c91af0b558c84b2,,
deviation,warn,Arkadiko,stSTX (token 8),2,2026-07-14T12:25:00Z,2026-07-17T02:19:00Z,61.9,,0.19044,6.16,,0x20427b0707cb9e467c3f82b01c9dea32b48bbbe9395af416e4b79e07d09792a8,,
deviation,warn,DIA,sBTC/USD,2,2026-07-14T12:59:00Z,2026-07-14T13:30:00Z,0.52,,62602.48665798,2.26,,0x57f9291049a033e17837df98c9c4d2076d358c781b0a3ca6d4fdeaa7bf019b60,,
deviation,warn,DIA,stSTX/USD,2,2026-07-14T13:23:00Z,2026-07-14T14:01:00Z,0.63,,0.19460974,2.47,,0x77344f69d56b863076cb769be4abd3a4e11f9ca643288ae288cabb61148659c9,,
deviation,warn,DIA,sBTC/USD,2,2026-07-14T14:34:00Z,2026-07-15T15:37:00Z,25.05,,62602.48665798,4.41,,0x57f9291049a033e17837df98c9c4d2076d358c781b0a3ca6d4fdeaa7bf019b60,,
deviation,warn,DIA,stSTX/USD,2,2026-07-14T14:34:00Z,2026-07-14T15:56:00Z,1.37,,0.19460974,2.7,,0x982c43e95dae1f2f916e1a38f13321acad6a2d30d9049902ffe6194f4569d7ee,,
frozen,critical,DIA,stSTX/USD,,2026-07-14T15:56:45Z,2026-07-14T17:45:19Z,1.81,8,0.19912841,,0.62,0x7ae93086567f4bf51901169978083e545e720c33669cea93604e33b3822734c2,0xc5cd43f9ef853db68ed861cb27fdaecf5f96797226c9dd00640e58ea99064f4c,
frozen,critical,DIA,stSTX/USD,,2026-07-14T18:00:39Z,2026-07-15T01:49:11Z,7.81,32,0.19743805,,0.81,0x9d271ea78d706a484ea631f58477e19a493a77ce3d5c028b8c100d8cb59c5deb,0xebc4090a07efd0d5dba616ad329d79c0c8ab84a8d4dd8938716e6336179fadc7,
frozen,warn,DIA,stSTX/USD,,2026-07-15T02:49:08Z,2026-07-15T04:20:13Z,1.52,7,0.19669684,,0.59,0x39dfe2e4821ee4a39a941ac59eef295214182e7e98afef98e3a092860f93a557,0x776da1051a306720e8c87ccdf7a45620545abe73f10d609898db6f196d7f4fed,
frozen,critical,DIA,stSTX/USD,,2026-07-15T04:34:11Z,2026-07-15T08:49:08Z,4.25,18,0.19724048,,1.5,0x4b740394dd19c48030497dcab46519f728d40d55eabcefd30b813451849762cb,0xec728252f00cea89ee47954fbcbed37bcfffc9bcb71be9272f9193db4178aac1,
deviation,warn,DIA,stSTX/USD,2,2026-07-15T09:00:00Z,2026-07-15T09:02:00Z,0.03,,0.19724048,2.74,,0xec728252f00cea89ee47954fbcbed37bcfffc9bcb71be9272f9193db4178aac1,,
deviation,critical,Arkadiko,STX (token 1),5,2026-07-15T09:00:00Z,2026-07-15T09:25:00Z,0.42,,0.161407,6.14,,0xf58f0aab6e00c712a4ada4ad15b61f08d480baec0a11f5100c91af0b558c84b2,,
deviation,critical,Arkadiko,stSTX (token 8),5,2026-07-15T09:00:00Z,2026-07-15T09:11:00Z,0.18,,0.19044,6.09,,0x20427b0707cb9e467c3f82b01c9dea32b48bbbe9395af416e4b79e07d09792a8,,
frozen,critical,DIA,stSTX/USD,,2026-07-15T09:04:56Z,2026-07-15T16:52:14Z,7.79,32,0.19969495,,1.67,0x34a9039cce76c0f30df0f5e1cf764a80c5b54ff2eb0abe64b1123dd75371a19d,0xc371f05d443e066c5e2e922fbee5eb2dfca0893a854ec420aaad2f7ba3c78854,
deviation,critical,Arkadiko,STX (token 1),5,2026-07-15T12:30:00Z,2026-07-15T15:01:00Z,2.52,,0.161407,6.2,,0xf58f0aab6e00c712a4ada4ad15b61f08d480baec0a11f5100c91af0b558c84b2,,
deviation,critical,Arkadiko,stSTX (token 8),5,2026-07-15T12:30:00Z,2026-07-15T15:01:00Z,2.52,,0.19044,6.16,,0x20427b0707cb9e467c3f82b01c9dea32b48bbbe9395af416e4b79e07d09792a8,,
frozen,critical,DIA,stSTX/USD,,2026-07-15T17:05:54Z,2026-07-16T00:10:24Z,7.08,30,0.198493,,0.61,0x13ba13743307659e6376a23f3f42493f213db10aa304fb1d850c971160ec754e,0xa1babe79bce3fe009d92178b35610093f4e127e7175f66b35d290a2132b10d41,
deviation,warn,DIA,sBTC/USD,2,2026-07-15T17:27:00Z,2026-07-15T18:03:00Z,0.6,,68391.30013827,5.32,,0x86440599ea58fc1e58c4562639475b2106e26a3c5de68093c4b444844cc7e137,,
deviation,critical,DIA,sBTC/USD,5,2026-07-15T17:27:00Z,2026-07-15T18:03:00Z,0.6,,68391.30013827,5.32,,0x86440599ea58fc1e58c4562639475b2106e26a3c5de68093c4b444844cc7e137,,
deviation,warn,DIA,sBTC/USD,2,2026-07-15T20:06:00Z,2026-07-15T23:40:00Z,3.57,,67441.3079862,4.15,,0xcd9b03470d7eae22246e9673df2d5a96c8f83f028e5a97b1a9640ca65197f37f,,
frozen,warn,DIA,sBTC/USD,,2026-07-15T23:39:54Z,2026-07-16T01:23:08Z,1.72,5,64942.37631107,,0.64,0x3e5961a35d340ba9322a63777591ff9ee0572e92cc7251a2b960693db228e14f,0x10a2642fdf7b0293e1c6c560ea9a74e03eee5722a38b4263e2145de932baf4ff,
frozen,critical,DIA,stSTX/USD,,2026-07-16T00:41:25Z,2026-07-16T02:41:13Z,2,11,0.19895227,,0.59,0xd50c8f47ca56daadbfc1cd7ba3091835dbe0af1a7afb4835cd7af8c3ad65c72d,0x8968d1f112b95baeebb0261dcaf982c5bf292ba022f95b38a5b86723114177ba,
frozen,critical,DIA,stSTX/USD,,2026-07-16T02:57:04Z,2026-07-16T06:46:09Z,3.82,17,0.19978471,,0.99,0x6d3bdf9a70105613e681effa85573034363c342ed2abb68162ffdc1cc473faa1,0x842013de83dd0176daa3b0ad906832fa22bd32044cc58d0d24d7a837500bf81a,
deviation,critical,Arkadiko,STX (token 1),5,2026-07-16T04:42:00Z,2026-07-16T05:51:00Z,1.15,,0.161407,5.81,,0xf58f0aab6e00c712a4ada4ad15b61f08d480baec0a11f5100c91af0b558c84b2,,
deviation,critical,Arkadiko,stSTX (token 8),5,2026-07-16T04:44:00Z,2026-07-16T05:51:00Z,1.12,,0.19044,5.77,,0x20427b0707cb9e467c3f82b01c9dea32b48bbbe9395af416e4b79e07d09792a8,,
frozen,warn,DIA,sBTC/USD,,2026-07-16T07:01:07Z,2026-07-16T07:51:16Z,0.84,3,63141.84258487,,0.93,0xa414b070f9583aea041be8f504ad7d6feffc5e947062a25b86866a204147367f,0x7e73662d71d7db8d7e8402264a2424d148ac4e10de183abb3ad54395503e6a7b,
frozen,warn,DIA,stSTX/USD,,2026-07-16T07:01:07Z,2026-07-16T07:47:02Z,0.77,4,0.19981062,,0.86,0xa414b070f9583aea041be8f504ad7d6feffc5e947062a25b86866a204147367f,0x12cbc92fbdb7ac9eedf5a4c905869d2fdc29bd00fd69d72160477ef745c4ffcd,
deviation,warn,DIA,sBTC/USD,2,2026-07-16T07:02:00Z,2026-07-16T07:31:00Z,0.48,,63141.84258487,2.44,,0xa414b070f9583aea041be8f504ad7d6feffc5e947062a25b86866a204147367f,,
frozen,critical,DIA,sBTC/USD,,2026-07-16T08:19:19Z,2026-07-16T10:46:10Z,2.45,9,64463.38139696,,0.62,0xa06f39bc31f147ec10e225c5e14e39aead4acd2747e4091a0beee7fec66a2be1,0xedd12d9c96b69703f85de885712b5185654b475422334363b7ddef569d8bd588,
frozen,critical,DIA,stSTX/USD,,2026-07-16T09:31:18Z,2026-07-17T02:35:58Z,17.08,70,0.19696221,,1.83,0xd11d850839709b1a18b468ebbf4657c9eaf984e6da954e91361df582bee6b540,0x929f3bb136da52d8eab553f6aa862ab0163d5015b3206e93d2bce1cf5b56cbb7,
silence,info,DIA,sBTC/USD,,2026-07-16T10:46:10Z,2026-07-16T12:01:13Z,1.25,,,,,0xedd12d9c96b69703f85de885712b5185654b475422334363b7ddef569d8bd588,0x02bdb686207cc91b68802e6e76f9399a236debe135366f56a666fb49ed2cba57,
frozen,critical,DIA,sBTC/USD,,2026-07-16T13:03:37Z,2026-07-16T14:47:48Z,1.74,8,63488.79398342,,1.27,0x42b9f0b8f6741cf74bbdfed9246630b5029d20f8c462a828fabb0c828b3ef293,0xca2869e9f4f7d55297c374e414afff75e84725ece1ee12f48d960aedb45990e2,
frozen,warn,DIA,sBTC/USD,,2026-07-16T15:33:42Z,2026-07-16T16:33:44Z,1,4,63606.24757341,,0.5,0x4a3f66711b52de546fd72e68eb4a1c731b1d7ccb1ab3a2b16d8dc576171f0469,0xc55b85953a5a0115956649773a70037e3a0b2b115d318dfc19403dcf68e5f132,
frozen,warn,DIA,sBTC/USD,,2026-07-16T16:50:21Z,2026-07-16T18:23:50Z,1.56,7,66366.79650989,,0.71,0xef85b0aeaab32366ddfc95e7e0457513ece8cb2002cb3b7d5ff1a7a77e974f49,0x14eb0d528e47ed002fb6dd3533d10500c3e07c08a9af27895099398fedf3710c,
deviation,warn,DIA,sBTC/USD,2,2026-07-16T16:51:00Z,2026-07-16T18:36:00Z,1.75,,66366.79650989,3.76,,0xef85b0aeaab32366ddfc95e7e0457513ece8cb2002cb3b7d5ff1a7a77e974f49,,
silence,critical,DIA,USDh/USD,,2026-07-16T19:50:54Z,2026-07-17T13:59:17Z,18.14,,,,,0xf36a4bec0d7f621aed0523b15053361dd2bf63869ca53fbfe2e182a1e5dcbf33,0x4ba088d9c3d95182e523cfcd8b57b0f4c51805c1688c06eed7a62e962582da31,
deviation,warn,DIA,sBTC/USD,2,2026-07-16T20:51:00Z,2026-07-16T23:15:00Z,2.4,,62579.1343622,2.5,,0x418e031cdb1c0d812ba48d7927c7d578d774c3b5d1294cb5c27d2032a1b9f547,,
frozen,warn,DIA,sBTC/USD,,2026-07-17T01:38:02Z,2026-07-17T02:05:07Z,0.45,3,63413.86266172,,0.59,0xa992e11154066aecc7f3f4d354d9f40fd269dedda792418656416932c6061de2,0xe13d99d3104e05cb7590d5a0c3d319366a6fd71aa10510cb836e819671303529,
deviation,warn,Arkadiko,STX (token 1),2,2026-07-17T03:17:00Z,2026-07-17T03:49:00Z,0.53,,0.161407,2.17,,0xf58f0aab6e00c712a4ada4ad15b61f08d480baec0a11f5100c91af0b558c84b2,,
deviation,warn,Arkadiko,stSTX (token 8),2,2026-07-17T03:20:00Z,2026-07-17T03:49:00Z,0.48,,0.19044,2.14,,0x20427b0707cb9e467c3f82b01c9dea32b48bbbe9395af416e4b79e07d09792a8,,
frozen,critical,DIA,stSTX/USD,,2026-07-17T03:35:56Z,2026-07-17T23:34:49Z,19.98,87,0.19439556,,1.54,0x91a4f8b20904299c6be249c1f7dac9097d7055caf96a060653fd2f341890522a,0xdbe0085c8a0c95443c94e45b2848011bee781ff7155c8f6b14efbb83f4e537b4,
frozen,warn,DIA,sBTC/USD,,2026-07-17T04:21:17Z,2026-07-17T05:50:58Z,1.49,7,63628.01426949,,0.78,0x98449740a32de00344c86c87670905cf6832a0d6106a29eb2b19cf699a464435,0x18df1ad3ab2aa5bfe00dff6dd6f070339ec35d2dcacb59d8e3b3a42990826d6b,
deviation,warn,Arkadiko,STX (token 1),2,2026-07-17T04:46:00Z,2026-07-17T05:20:00Z,0.57,,0.161407,2.19,,0xf58f0aab6e00c712a4ada4ad15b61f08d480baec0a11f5100c91af0b558c84b2,,
deviation,warn,Arkadiko,stSTX (token 8),2,2026-07-17T04:46:00Z,2026-07-17T05:20:00Z,0.57,,0.19044,2.15,,0x20427b0707cb9e467c3f82b01c9dea32b48bbbe9395af416e4b79e07d09792a8,,
deviation,warn,Arkadiko,STX (token 1),2,2026-07-17T10:30:00Z,2026-07-17T13:07:00Z,2.62,,0.161407,2.62,,0xf58f0aab6e00c712a4ada4ad15b61f08d480baec0a11f5100c91af0b558c84b2,,
deviation,warn,Arkadiko,stSTX (token 8),2,2026-07-17T10:33:00Z,2026-07-17T13:07:00Z,2.57,,0.19044,2.59,,0x20427b0707cb9e467c3f82b01c9dea32b48bbbe9395af416e4b79e07d09792a8,,
silence,info,DIA,sBTC/USD,,2026-07-17T11:20:54Z,2026-07-17T12:31:34Z,1.18,,,,,0x2039083876e57afced112a07487d232635e0c28a932061b8acb1612196e2ebb5,0x914b852782a2d061ff3d526aa48353c3bda1d7c6df8716cb858a111e4df0ac04,
frozen,critical,DIA,sBTC/USD,,2026-07-17T12:31:34Z,2026-07-17T15:12:18Z,2.68,12,62672.91962956,,1,0x914b852782a2d061ff3d526aa48353c3bda1d7c6df8716cb858a111e4df0ac04,0xa08a5cfc081255c52830a58ce3827883c93fa158dc0770048c4668fec37df5b8,
deviation,warn,Arkadiko,STX (token 1),2,2026-07-17T13:57:00Z,2026-07-18T07:07:00Z,17.17,,0.161407,3.45,,0xf58f0aab6e00c712a4ada4ad15b61f08d480baec0a11f5100c91af0b558c84b2,,
deviation,warn,Arkadiko,stSTX (token 8),2,2026-07-17T13:57:00Z,2026-07-18T07:06:00Z,17.15,,0.19044,3.42,,0x20427b0707cb9e467c3f82b01c9dea32b48bbbe9395af416e4b79e07d09792a8,,
deviation,warn,DIA,USDh/USD,2,2026-07-17T14:00:00Z,2026-07-17T20:17:00Z,6.28,,0.97401968,2.6,,0x4ba088d9c3d95182e523cfcd8b57b0f4c51805c1688c06eed7a62e962582da31,,
frozen,critical,DIA,sBTC/USD,,2026-07-17T15:30:21Z,2026-07-17T17:14:37Z,1.74,8,64115.31262993,,1.33,0x7938cc60839837810d2318a08a22bceba2fefb0c6386b61d2bba5c8cb98b8a94,0xd7f3fd4940ac35d47c5de3f4674e0e889e988e78c4637cfbb6d7d13a48de1173,
deviation,warn,DIA,sBTC/USD,2,2026-07-17T18:31:00Z,2026-07-17T18:46:00Z,0.25,,66399.31298893,3.89,,0xc48f617a0f650342c3f200bfb6eed27704ceaa713c5f858ced463f4e49e02528,,
deviation,warn,DIA,sBTC/USD,2,2026-07-17T22:02:00Z,2026-07-17T23:25:00Z,1.38,,66399.31298893,4.01,,0x929460b22dc3e7f5b979f18454bd440de933099c146fc1d853aa47b4132f5ac3,,
frozen,critical,DIA,stSTX/USD,,2026-07-18T00:38:04Z,2026-07-18T03:24:20Z,2.77,13,0.19492962,,0.96,0x7a61f2b112299eef5c7936ff6338ad2ea92d73ac1f5d94849d0591c76025494d,0xffd387425822c99426ce41b8614ca45cbc9cda96fa9e9ce2e06149d203257312,
deviation,warn,DIA,sBTC/USD,2,2026-07-18T01:40:00Z,2026-07-18T08:13:00Z,6.55,,66717.23645343,7.88,,0x30c1cb015844cd6cfe128362117a510e59d660dd778c616cdbb85323f3ed06bf,,
silence,info,DIA,stSTX/USD,,2026-07-18T03:24:20Z,2026-07-18T04:42:34Z,1.3,,,,,0xffd387425822c99426ce41b8614ca45cbc9cda96fa9e9ce2e06149d203257312,0xf7e3befbd100e7e11a37bfe32032934943bc92f62e806c543a183f39e56ebcaf,
deviation,critical,DIA,sBTC/USD,5,2026-07-18T03:27:00Z,2026-07-18T05:24:00Z,1.95,,68916.63687035,7.88,,0x20400f5dbd217b288daba2e20e2b3d62b2c384bb1e366d2e2c56519d6ba93203,,
frozen,critical,DIA,stSTX/USD,,2026-07-18T06:54:38Z,2026-07-18T08:55:53Z,2.02,10,0.19429149,,0.61,0xe1ed1e7d05736c4fb27e05afd0309f02e205c7753d3717251f2fabb77facfa9d,0x5c17fd0114de9874da1259f6419da010a59043acbee3872297791da8fd9d4bc3,
deviation,warn,Arkadiko,STX (token 1),2,2026-07-18T08:31:00Z,2026-07-18T08:33:00Z,0.03,,0.161407,2.04,,0xf58f0aab6e00c712a4ada4ad15b61f08d480baec0a11f5100c91af0b558c84b2,,
deviation,warn,Arkadiko,stSTX (token 8),2,2026-07-18T08:31:00Z,2026-07-18T08:33:00Z,0.03,,0.19044,2.01,,0x20427b0707cb9e467c3f82b01c9dea32b48bbbe9395af416e4b79e07d09792a8,,
frozen,critical,DIA,stSTX/USD,,2026-07-18T09:10:50Z,2026-07-19T00:24:32Z,15.23,68,0.19349058,,1.67,0xecec2117dffec481ee063c75df77d1a42ebee2d6a1bd72405e2391f19c47dd89,0x58aa2164a1ea299d254db98ac62bc65ba550111dbb64a75f05c06c68a487aa5e,
deviation,warn,Arkadiko,STX (token 1),2,2026-07-18T12:05:00Z,2026-07-19T09:10:00Z,21.08,,0.161407,2.99,,0xf58f0aab6e00c712a4ada4ad15b61f08d480baec0a11f5100c91af0b558c84b2,,
deviation,warn,Arkadiko,stSTX (token 8),2,2026-07-18T12:05:00Z,2026-07-19T09:10:00Z,21.08,,0.19044,2.97,,0x20427b0707cb9e467c3f82b01c9dea32b48bbbe9395af416e4b79e07d09792a8,,
deviation,warn,DIA,sBTC/USD,2,2026-07-18T12:42:00Z,2026-07-18T13:46:00Z,1.07,,65897.00348389,3.09,,0x43ffb16ba69a16c282dd8f8b5fbb0ee209da2a50ab017d6b13f5d25b72d2a486,,
frozen,critical,DIA,sBTC/USD,,2026-07-18T15:36:10Z,2026-07-18T18:53:07Z,3.28,13,64340.55560518,,0.81,0xcb98b872f17a758d124bcc7b61098bf0c1422e89413e088274ea04312d0c5ffd,0x89a4f26c21c33a6f44366574dee3a12d03528c57bb268b6dcda61ba257f82126,
deviation,warn,DIA,sBTC/USD,2,2026-07-18T19:09:00Z,2026-07-18T21:09:00Z,2,,66142.09116213,2.65,,0x0245a05e375c8f9ac594c6591835c01151e9689d1d723f6487443c7dc1374447,,
frozen,critical,DIA,stSTX/USD,,2026-07-19T02:41:56Z,2026-07-19T05:57:48Z,3.26,15,0.19569589,,0.79,0x4c59ffe144bfebb8fd64fcd25cb07f227393864f418686b7382cc8a7efabb9f6,0x4da84a25ee381a411278771d98cb05056bd7812c1f49243df933a93c0f64b5b6,
frozen,critical,DIA,sBTC/USD,,2026-07-19T03:11:05Z,2026-07-19T18:00:00Z,14.82,55,63942.25948993,,0.66,0xac157e905835b738d9136d8d9c8dfa5a711ab30208f7f707009a33a7f233a900,0xded03446b2dd6aadb534f482e7f603aaff6f50c5300a2a50b8ffaf80b2f6a394,
frozen,critical,DIA,stSTX/USD,,2026-07-19T12:45:51Z,2026-07-20T00:04:42Z,11.31,48,0.19308298,,0.79,0x47120bee91049bacb8e7cda994b2826638e97b0956eb76461b365723cfd71171,0x9c4d065c061cb54682f7cbd3cdd921475ac279c9430109f2c2769a55be324ae0,
frozen,critical,DIA,sBTC/USD,,2026-07-19T18:15:00Z,2026-07-19T22:31:19Z,4.27,18,63785.91251463,,0.67,0xc1734e9602cb1e5472db03e4268058b21d97d70d7f6c97066af8afc22693eb56,0x2f606473c30b96eec87736a4eccade26b54b19e88e1d127c450d60515cde2733,
frozen,critical,DIA,sBTC/USD,,2026-07-19T23:02:12Z,2026-07-20T01:39:27Z,2.62,11,64805.617187,,0.69,0xa2cf8866acb978ad6ec264e5739a670c93c25b5d4cc03a1ad6cdd56749d1f043,0xc6721d02a952ca193c3d7b40b1795dcd12269547c234fa437d443a6142653ea4,
deviation,warn,Arkadiko,STX (token 1),2,2026-07-20T00:13:00Z,2026-07-20T00:22:00Z,0.15,,0.161407,2.28,,0xf58f0aab6e00c712a4ada4ad15b61f08d480baec0a11f5100c91af0b558c84b2,,
deviation,warn,Arkadiko,stSTX (token 8),2,2026-07-20T00:13:00Z,2026-07-20T00:22:00Z,0.15,,0.19044,2.28,,0x20427b0707cb9e467c3f82b01c9dea32b48bbbe9395af416e4b79e07d09792a8,,
frozen,critical,DIA,stSTX/USD,,2026-07-20T00:32:48Z,2026-07-20T03:06:24Z,2.56,14,0.194596,,1.04,0xaffc08dc46530867bf5dfe4d2ca12f9ed58e080f2d2dcde510190f290f8378af,0x2ede9b39c632f5bfa739a546029f70a97e32a732467004d66d2563fd7ebf702b,
frozen,warn,DIA,sBTC/USD,,2026-07-20T01:51:23Z,2026-07-20T02:51:32Z,1,5,64274.73459509,,0.53,0x4a9a31c32ff9331343b92ae2507406e05943264bd832fa12e498c920d47cef61,0xb5909afed8cf6f8bcde9e7371e330b83eeefe4a63fb61d6000fb9797213a3d44,
frozen,critical,DIA,sBTC/USD,,2026-07-20T03:06:24Z,2026-07-20T05:27:57Z,2.36,10,67421.41598002,,1.01,0x2ede9b39c632f5bfa739a546029f70a97e32a732467004d66d2563fd7ebf702b,0x512f3d71d825c4f2e0d534b2abb73daaace9cec19a5a7bf1005583f0846304f2,
silence,warn,DIA,stSTX/USD,,2026-07-20T03:06:24Z,2026-07-20T08:46:36Z,5.67,,,,,0x2ede9b39c632f5bfa739a546029f70a97e32a732467004d66d2563fd7ebf702b,0x8be2b6cfc476dff366d6e7bdf2973d68ade01eaf9d559c69d7081d26ee4412b6,
deviation,warn,DIA,sBTC/USD,2,2026-07-20T03:07:00Z,2026-07-20T05:33:00Z,2.43,,67421.41598002,5.19,,0x2ede9b39c632f5bfa739a546029f70a97e32a732467004d66d2563fd7ebf702b,,
deviation,critical,DIA,sBTC/USD,5,2026-07-20T05:12:00Z,2026-07-20T05:33:00Z,0.35,,67421.41598002,5.19,,0xb151bece210b7d6a0356a9a6c7978bd3016c51257fe06a1cb0a46e81c723eb3d,,
frozen,critical,DIA,sBTC/USD,,2026-07-20T05:32:30Z,2026-07-20T07:40:24Z,2.13,10,63709.16473246,,0.71,0xd92f6f204b1dd3f050a844ff2d85ff8300a346fb81466785b60f4ce145e520fb,0xcae2b3a8b1585d16cedb3359e59e904f981eb1d8adce8e56ae270460dc289bad,
frozen,critical,DIA,sBTC/USD,,2026-07-20T07:55:59Z,2026-07-20T11:45:37Z,3.83,15,63440.3020993,,1.01,0xd50ddda81ea9a8d7cea7194e474800e9fe115d9aeab79a6b6ccd33c669cc9e40,0x27292725913043bf6889188b5d455f453a1bcffe373f9879dfb726a22558a144,
frozen,critical,DIA,stSTX/USD,,2026-07-20T08:46:36Z,2026-07-20T16:17:21Z,7.51,36,0.19210001,,2.47,0x8be2b6cfc476dff366d6e7bdf2973d68ade01eaf9d559c69d7081d26ee4412b6,0x7be6f609587a46cdbc562e08698569485244c72d99b5c51e7061e970e075dabc,
deviation,warn,DIA,sBTC/USD,2,2026-07-20T11:35:00Z,2026-07-20T12:00:00Z,0.42,,63440.3020993,2.35,,0x30d789be347de4d6ca0251141defde213c8c758dbbf44f86e6b29cead7bf0bd0,,
silence,info,DIA,sBTC/USD,,2026-07-20T14:46:40Z,2026-07-20T16:27:41Z,1.68,,,,,0xe366003f49a8966161ddfb36c5b30b274da4bfbb5b40aa726aecffa10945d519,0xbd4b419d06c57b79165d79b4c38499263d4118d59fa6439c8f0b62f12df7c084,
deviation,warn,Arkadiko,STX (token 1),2,2026-07-20T15:26:00Z,2026-07-23T17:58:00Z,74.53,,0.161407,5.07,,0xf58f0aab6e00c712a4ada4ad15b61f08d480baec0a11f5100c91af0b558c84b2,,
deviation,warn,Arkadiko,stSTX (token 8),2,2026-07-20T15:26:00Z,2026-07-23T17:58:00Z,74.53,,0.19044,5.1,,0x20427b0707cb9e467c3f82b01c9dea32b48bbbe9395af416e4b79e07d09792a8,,
deviation,warn,DIA,stSTX/USD,2,2026-07-20T15:54:00Z,2026-07-20T16:32:00Z,0.63,,0.19210001,2.53,,0x7b16054640ea98195729f263aff52699ea452abe4328f9cd5a40b2db5780fc89,,
frozen,critical,DIA,sBTC/USD,,2026-07-20T16:27:41Z,2026-07-20T19:06:23Z,2.65,12,65050.09465806,,0.62,0xbd4b419d06c57b79165d79b4c38499263d4118d59fa6439c8f0b62f12df7c084,0x7a5c6ee59071ed5af02b228cf178f0292cd06e05f51c8416a2d2b603c42b033b,
frozen,critical,DIA,stSTX/USD,,2026-07-20T17:32:25Z,2026-07-21T01:17:45Z,7.76,33,0.19604344,,0.77,0x53b45548dab5fce8523edfccc55ec883598cf5ac10a6e40b63a5487fa170cadc,0xb248cf53eb87e8a2b11ef5520452bf761286a496ff1c9c10838ad87b152a5ea2,
frozen,warn,DIA,sBTC/USD,,2026-07-20T19:37:29Z,2026-07-20T20:33:29Z,0.93,4,65037.28585738,,0.56,0xabafefe754e22ffec49ec032fe488d5dd581ae31622f1433ebbcd166e309c27f,0xe329c35f811f5a404be92a3f0e0f0043c950ee1a1cfad91625ce681b62cf5cac,
silence,info,DIA,stSTX/USD,,2026-07-21T01:17:45Z,2026-07-21T02:51:34Z,1.56,,,,,0xb248cf53eb87e8a2b11ef5520452bf761286a496ff1c9c10838ad87b152a5ea2,0xa70207bb1a31313dd7c9568bc0ba5f506525defeaa203c2a944a60ccf37d4767,
frozen,critical,DIA,stSTX/USD,,2026-07-21T02:51:34Z,2026-07-21T07:47:47Z,4.94,21,0.1957176,,1.38,0xa70207bb1a31313dd7c9568bc0ba5f506525defeaa203c2a944a60ccf37d4767,0x4d5484909444584108e28bbae961d56572dd484397ea13779d6777490879e109,
frozen,critical,DIA,sBTC/USD,,2026-07-21T06:19:41Z,2026-07-21T12:17:40Z,5.97,24,65321.51574041,,1.1,0x469f29053452b74d8e902289af6da767f14d34a7b6c64503e97f38ae794735fd,0x73575bcfac2b90cc8b8834016da1b96ac286e97943f694bf2de236308996f03b,
frozen,critical,DIA,stSTX/USD,,2026-07-21T08:47:47Z,2026-07-21T12:32:40Z,3.75,16,0.19875014,,0.53,0xa62b703c625ef3e1eac57b22dbea83956ac9b163f9bb6bff04262280756f5ddc,0x089a994e948e674fc29f53cb878ec6ae5208afc2d68b0ebdecb201adf1e97e62,
frozen,critical,DIA,stSTX/USD,,2026-07-21T12:47:43Z,2026-07-21T16:08:57Z,3.35,17,0.19864191,,0.51,0x5c9a9f81c3c7b4778be63f68b02e9afb2c5c38b6319a9e7becfa320191ee2f31,0xa47a1ead4dc6643a959f36fc88a5053f317a54d464bf10140103d17f924b12ff,
frozen,warn,DIA,sBTC/USD,,2026-07-21T13:11:11Z,2026-07-21T14:05:18Z,0.9,5,65250.03557346,,0.52,0x62321fcb3c8b335207b943641483abf96c411db48217948c3ac9743fc75da3b2,0xb35e98633189993078c765884ebead89a8e90c80b14c3fdf569a74ae7fcfe32a,
deviation,warn,DIA,sBTC/USD,2,2026-07-21T13:49:00Z,2026-07-21T14:58:00Z,1.15,,65250.03557346,2.48,,0xc8a8f715aede896fec77392b211e6efa7a656da1a2f0c519e54684816ac046f0,,
frozen,critical,DIA,sBTC/USD,,2026-07-21T16:08:57Z,2026-07-21T19:54:16Z,3.76,16,66494.55995259,,0.79,0xa47a1ead4dc6643a959f36fc88a5053f317a54d464bf10140103d17f924b12ff,0xcfd20923ecc0f55117caede309930109f8af167ad7f8a46a5723018bdb622489,
frozen,critical,DIA,stSTX/USD,,2026-07-21T16:24:33Z,2026-07-22T00:56:18Z,8.53,37,0.19919864,,1.2,0xff8c1033ed9f3cd771f1449636f306f642ba7052e04df14921d3ea62f0e2870f,0x63f5d7121556e00d072762716d65da4e4f8d678a722d4cf83d0615be75d3f304,
frozen,critical,DIA,sBTC/USD,,2026-07-21T20:24:59Z,2026-07-22T03:41:24Z,7.27,26,67417.24088273,,0.51,0x24176825ecee21fa51d33f9ce4476b82ad9d8666e7acdaaaadbe5c3cb2397d8b,0x3db492c36d87610f377a3337325d5f7c8e740e24acb1035de8404fc44b8bc099,
frozen,critical,DIA,stSTX/USD,,2026-07-22T02:40:37Z,2026-07-22T04:56:18Z,2.26,10,0.19727613,,0.64,0x90b24db6a7b4d7de01e013a4d4b13c88f0bb3416f0b10e63d512c1d6baf1a7a5,0xf77fd671229ff68013f4ffb7097671bff8f82e24167b8608657bc48bfcac3f67,
frozen,warn,DIA,stSTX/USD,,2026-07-22T05:10:35Z,2026-07-22T06:13:02Z,1.04,7,0.1963173,,0.69,0x358a97635cb1ab93b15b909936c7027e1af7eb6b57fc3b3b8445c50585cbd0e0,0x5b6963c8e6439640c77f94ee566ee68ed782d20c0b9f0042fecdeaad31702631,
frozen,critical,DIA,stSTX/USD,,2026-07-22T06:28:47Z,2026-07-22T09:14:44Z,2.77,13,0.19508101,,1.08,0x74ada57baf9bb2cc906227e694777c62337d47c8b01e2a276b7a387c65763714,0xb7a95c73131d7a8d0d9545e27cf0f3e35a5e1d3a95b55df7d8885bcaf5267ef2,
frozen,critical,DIA,sBTC/USD,,2026-07-22T16:30:36Z,2026-07-22T19:15:26Z,2.75,11,66244.44221056,,0.59,0x9a348d19f2982bc54a4ec9f9185a808b7eee8d9aaae24f7f95d22ec833aa657a,0x642b3c7457e21b1f44d366a14b1e07459785edc5cd77e04438a939e3bf3a1c1b,
deviation,critical,Arkadiko,STX (token 1),5,2026-07-22T19:32:00Z,2026-07-22T19:34:00Z,0.03,,0.161407,5.07,,0xf58f0aab6e00c712a4ada4ad15b61f08d480baec0a11f5100c91af0b558c84b2,,
deviation,critical,Arkadiko,stSTX (token 8),5,2026-07-22T19:32:00Z,2026-07-22T19:34:00Z,0.03,,0.19044,5.1,,0x20427b0707cb9e467c3f82b01c9dea32b48bbbe9395af416e4b79e07d09792a8,,
deviation,warn,DIA,sBTC/USD,2,2026-07-22T20:04:00Z,2026-07-22T20:33:00Z,0.48,,67490.28938873,2.59,,0xa5699f068c3cfb9264a7ee7b549c93ad88d67edd763cdee43ba2af3f8cbc15ee,,
silence,info,DIA,stSTX/USD,,2026-07-22T22:20:06Z,2026-07-22T23:20:35Z,1.01,,,,,0x129118f6a0ace67f570ff3b19da9f067fd49a2e7c4c6b26d360db8ecff64ad45,0x582f8ef032049cde7787e52949f41c64402d21a9041124fd43ba6ea6a364af83,
frozen,warn,DIA,stSTX/USD,,2026-07-22T23:20:35Z,2026-07-23T00:02:42Z,0.7,4,0.19880183,,0.56,0x582f8ef032049cde7787e52949f41c64402d21a9041124fd43ba6ea6a364af83,0xf3f05f05097cbbf5d609fcb5d46bbb78eeb821c4ae8ce9313347694c260c8791,
frozen,critical,DIA,stSTX/USD,,2026-07-23T00:17:36Z,2026-07-23T04:04:52Z,3.79,17,0.19886034,,1,0x3611d3447225888f5a0b10966a723e48799f42cb07b553be47657e58d4e16913,0x6ef07378ff057eaa3fa45b3e44ce466fd59c8c2aaf898b07da1501210ed93cb5,
frozen,critical,DIA,sBTC/USD,,2026-07-23T00:31:48Z,2026-07-23T03:01:50Z,2.5,11,66243.36256511,,0.83,0x32e9cb121c2883035ab11810399269067e05bc669f25a84916048d9ffb37527e,0xa74819fbc17103a4441d6823de0d0abb4c3c5b57b1ec599fe3810fcd1415dcce,
silence,info,DIA,stSTX/USD,,2026-07-23T04:04:52Z,2026-07-23T05:35:00Z,1.5,,,,,0x6ef07378ff057eaa3fa45b3e44ce466fd59c8c2aaf898b07da1501210ed93cb5,0xc7c22c07f4f584f8105386d881f9c38033d41cc5065d40e2a2b3d8a727fa6be1,
deviation,warn,DIA,sBTC/USD,2,2026-07-23T05:01:00Z,2026-07-23T05:03:00Z,0.03,,66862.20221709,2.01,,0x256926018a50e4b12a098ef7ff97c1e17c1af09c52501160bffaaa3dc3d85a4f,,
frozen,critical,DIA,stSTX/USD,,2026-07-23T06:04:55Z,2026-07-23T09:36:14Z,3.52,15,0.19678722,,0.63,0xc0e3e1a3db4154544e8209801d840dd20651ce6af9378d57b9f6c7f1fc6603be,0xf6a4deb4f37925d7ae98ac28d24199912c5a198d10dd703c60fca4c56e3368af,
deviation,warn,DIA,sBTC/USD,2,2026-07-23T07:11:00Z,2026-07-23T08:29:00Z,1.3,,66862.20221709,2.38,,0xc7db2d7543a827e8d252de56a403a9cad618ffdbbf3f44d7a5935bc568d8c9e3,,
frozen,critical,DIA,stSTX/USD,,2026-07-23T10:06:25Z,2026-07-24T00:06:45Z,14.01,57,0.19640399,,1.3,0x01b0bf6cad90ed7f436cf6bd3eec25e7b094ebce896b7f34d198dea03d776378,0x91bb2c6c716e80e28b5200df630eaa979d3b5146075b7ef151bbf0c21080c14e,
silence,warn,DIA,sBTC/USD,,2026-07-23T12:21:13Z,2026-07-23T15:02:25Z,2.69,,,,,0x5705e50413baab82b456e80127545bdfd43c0b40959b32a8b73fc30bf0dc9a6b,0xd8e2524351df2d20c7fe75a64aceb88a84735c13af831aba5d37f6b519982cf8,
deviation,warn,Arkadiko,STX (token 1),2,2026-07-23T18:34:00Z,2026-07-23T18:38:00Z,0.07,,0.161407,2.06,,0xf58f0aab6e00c712a4ada4ad15b61f08d480baec0a11f5100c91af0b558c84b2,,
deviation,warn,Arkadiko,stSTX (token 8),2,2026-07-23T18:34:00Z,2026-07-23T21:12:00Z,2.63,,0.19044,2.35,,0x20427b0707cb9e467c3f82b01c9dea32b48bbbe9395af416e4b79e07d09792a8,,
deviation,warn,Arkadiko,STX (token 1),2,2026-07-23T19:25:00Z,2026-07-23T21:10:00Z,1.75,,0.161407,2.32,,0xf58f0aab6e00c712a4ada4ad15b61f08d480baec0a11f5100c91af0b558c84b2,,
deviation,warn,DIA,USDh/USD,2,2026-07-23T20:07:00Z,2026-07-24T20:08:00Z,24.02,,0.97380801,2.62,,0xbe023a41ba07b3c7bf6a91ef416def9621abce0a3898c4552de1bcb26112c111,,
deviation,warn,DIA,sBTC/USD,2,2026-07-24T00:07:00Z,2026-07-24T00:52:00Z,0.75,,66373.28744964,2.55,,0x91bb2c6c716e80e28b5200df630eaa979d3b5146075b7ef151bbf0c21080c14e,,
frozen,critical,DIA,stSTX/USD,,2026-07-24T00:21:42Z,2026-07-24T02:06:44Z,1.75,8,0.19389541,,1.19,0x77522ae2e18e230c1d9d214cd395c9a8f52362f70f1e623ba82fd61ebcf51fde,0x58e4264e6c3d2b4bec9b1a1cbc8d367842d861130069b26c5448106ad8a36cba,
silence,critical,DIA,stSTX/USD,,2026-07-24T02:21:41Z,2026-07-24T12:27:13Z,10.09,,,,,0x7ed13bca6ede4c3f4c74e05cc8e5d057e5f7b8e0da79fdd1a0ceda7c0150016d,0x9d220a641797828c06802e9799d8b1cbc46d27068e2f55b609e7d13f7b7ad0fe,
deviation,critical,DIA,STX/USD,5,2026-07-24T03:00:00Z,2026-07-24T03:04:00Z,0.07,,0.16220075,11.16,,0x30f853a8076b46ccb73ccd7aa7248c8837346ab436a2439d30b1cea402131bff,,
deviation,warn,DIA,STX/USD,2,2026-07-24T03:00:00Z,2026-07-24T03:06:00Z,0.1,,0.16220075,11.16,,0x30f853a8076b46ccb73ccd7aa7248c8837346ab436a2439d30b1cea402131bff,,
deviation,warn,DIA,stSTX/USD,2,2026-07-24T03:00:00Z,2026-07-24T12:28:00Z,9.47,,0.19250755,14.03,,0x7ed13bca6ede4c3f4c74e05cc8e5d057e5f7b8e0da79fdd1a0ceda7c0150016d,,
deviation,critical,DIA,stSTX/USD,5,2026-07-24T03:00:00Z,2026-07-24T12:28:00Z,9.47,,0.19250755,14.03,,0x7ed13bca6ede4c3f4c74e05cc8e5d057e5f7b8e0da79fdd1a0ceda7c0150016d,,
deviation,warn,Arkadiko,STX (token 1),2,2026-07-24T03:00:00Z,2026-08-08T11:05:00Z,368.08,,0.161407,25.24,,0xf58f0aab6e00c712a4ada4ad15b61f08d480baec0a11f5100c91af0b558c84b2,,
deviation,critical,Arkadiko,STX (token 1),5,2026-07-24T03:00:00Z,2026-08-08T11:05:00Z,368.08,,0.161407,25.24,,0xf58f0aab6e00c712a4ada4ad15b61f08d480baec0a11f5100c91af0b558c84b2,,
deviation,warn,Arkadiko,stSTX (token 8),2,2026-07-24T03:00:00Z,2026-08-08T14:48:00Z,371.8,,0.19044,24.85,,0x20427b0707cb9e467c3f82b01c9dea32b48bbbe9395af416e4b79e07d09792a8,,
deviation,critical,Arkadiko,stSTX (token 8),5,2026-07-24T03:00:00Z,2026-08-08T14:48:00Z,371.8,,0.19044,24.85,,0x20427b0707cb9e467c3f82b01c9dea32b48bbbe9395af416e4b79e07d09792a8,,
deviation,warn,DIA,sBTC/USD,2,2026-07-24T04:33:00Z,2026-07-24T05:02:00Z,0.48,,69609.19574235,6.74,,0x2cd00a2a472b508091fcc30b542f7a7f6b4b3e414639217de8ce4cba56112eb5,,
deviation,critical,DIA,sBTC/USD,5,2026-07-24T04:33:00Z,2026-07-24T05:02:00Z,0.48,,69609.19574235,6.74,,0x2cd00a2a472b508091fcc30b542f7a7f6b4b3e414639217de8ce4cba56112eb5,,
deviation,warn,DIA,sBTC/USD,2,2026-07-24T10:37:00Z,2026-07-24T10:52:00Z,0.25,,63375.48701583,2.5,,0xeb07873109d5e8a8d7fcc9084e68bb69d95cc71e6ea82739f69ab6bddcbffc7f,,
deviation,warn,DIA,sBTC/USD,2,2026-07-24T11:22:00Z,2026-07-24T11:37:00Z,0.25,,63393.26025302,2.49,,0x8c316d01136507e15f294abbd6bcd0a4782f2cef480ac69a0cb16d1e261a2577,,
deviation,warn,DIA,sBTC/USD,2,2026-07-24T12:07:00Z,2026-07-24T12:37:00Z,0.5,,63140.50021449,2.93,,0x6ac310339687f33002c35cbe7a80a01e3578ec2904072a6f1b2c4ae8f2c07906,,
frozen,warn,DIA,stSTX/USD,,2026-07-24T12:27:13Z,2026-07-24T13:37:34Z,1.17,6,0.17113593,,1.48,0x9d220a641797828c06802e9799d8b1cbc46d27068e2f55b609e7d13f7b7ad0fe,0xc31dcb9cdf55f3528309be382537a73460e7f2d01de45a1284b95e3ec6074d16,
frozen,warn,DIA,sBTC/USD,,2026-07-24T13:22:33Z,2026-07-24T14:07:32Z,0.75,4,63730.35693925,,0.8,0x0e2f08108fbb3a163c1f264cc804a2f5089e741f8ef5de45831ecabd87cd3a72,0x6106c0519be5c91fcd78bae10d452f35b12ea677c75648f028a224cecad2460f,
frozen,critical,DIA,stSTX/USD,,2026-07-24T13:52:36Z,2026-07-24T19:07:33Z,5.25,22,0.17024341,,2.1,0x0bd00547f6ab7d87789089ec0e8a3466f7cb256cf996a4c7c30078321a2b7178,0x1414f839c90ffb4da1d9e38d6e847c68e7caf34c1b4b3ddc2dd1abdf3f675145,
silence,critical,DIA,sBTC/USD,,2026-07-24T15:22:39Z,2026-07-26T06:17:39Z,38.92,,,,,0x9471c80ae940c7bd3358a2d03137905a9255767c1494adcb5ffd1fa01f51a1bf,0xd404d7cdf4ae23679dc8f2b135ffe82c113b7941db721bb264f85cdd3055b4bd,
frozen,critical,DIA,stSTX/USD,,2026-07-24T19:22:40Z,2026-07-25T02:22:30Z,7,29,0.17142373,,6,0x3f3ff5d61d6b17db3a68cab4e5df93b3b3ba4081e069cd522837beb5e81e9b87,0x9f52b1047cc944ba824d06fa76c3b6b0257a3588cd28ca53b0655be2074da457,
deviation,warn,DIA,stSTX/USD,2,2026-07-25T00:13:00Z,2026-07-25T04:55:00Z,4.7,,0.17142373,6.61,,0x0295068265a053ddd1146d4e173bc9ef01a6f3792dede421e15424d5b788a1c1,,
deviation,warn,DIA,STX/USD,2,2026-07-25T00:16:00Z,2026-07-25T00:19:00Z,0.05,,0.14414171,2.15,,0x0295068265a053ddd1146d4e173bc9ef01a6f3792dede421e15424d5b788a1c1,,
deviation,critical,DIA,stSTX/USD,5,2026-07-25T01:22:00Z,2026-07-25T04:55:00Z,3.55,,0.17142373,6.61,,0x7920d93efbf33b8b5e7be871af6136a0a32c8dd40ec3aabae0602a650d6342bd,,
silence,warn,DIA,stSTX/USD,,2026-07-25T02:22:30Z,2026-07-25T04:54:10Z,2.53,,,,,0x9f52b1047cc944ba824d06fa76c3b6b0257a3588cd28ca53b0655be2074da457,0x8bda6bc684c5f7001f17908c938bf8d61391ca83c783bf0ca7f84c1769a5fc97,
frozen,critical,DIA,stSTX/USD,,2026-07-25T04:54:10Z,2026-07-25T14:51:27Z,9.95,41,0.16259252,,1.85,0x8bda6bc684c5f7001f17908c938bf8d61391ca83c783bf0ca7f84c1769a5fc97,0x82dda621f23e337f7050612dcfdb5c5b4124c8fa5697bc893849283b89f0b684,
deviation,warn,DIA,stSTX/USD,2,2026-07-25T06:30:00Z,2026-07-25T06:57:00Z,0.45,,0.16259252,2.04,,0x72e76a9118d0622aa6bf3f5adbe8046841e4e33f5145f82b3b67ab616355f076,,
frozen,critical,DIA,stSTX/USD,,2026-07-25T15:09:30Z,2026-07-26T02:07:19Z,10.96,45,0.15998171,,2.09,0xb8139580885baa4d7f6a6e013c25072e7c4618348fc6c5d97401463dbf2a3a59,0x499721628962c74707ff8fa4d4da5f6757fd1bdeefa8ffacece300faeba822b3,
deviation,warn,DIA,stSTX/USD,2,2026-07-25T17:34:00Z,2026-07-25T17:50:00Z,0.27,,0.15998171,2.23,,0x7ab3d0bb7d0131574f6a9b0f9cd06a0476c18a8aa4f92c1a6e1020d1a532a9e9,,
deviation,warn,DIA,stSTX/USD,2,2026-07-25T19:59:00Z,2026-07-25T20:08:00Z,0.15,,0.15998171,2.14,,0xcbfd9bf7f904ea558a0923073a3b2fd251f49099e19f9c0e760a0e3aed5da013,,
silence,critical,DIA,stSTX/USD,,2026-07-26T02:07:19Z,2026-07-26T08:39:54Z,6.54,,,,,0x499721628962c74707ff8fa4d4da5f6757fd1bdeefa8ffacece300faeba822b3,0x20784f0f7e0794e6d1b5b8a1d4099dd25b9a84675ef3db24f1fa22e9e196057b,
deviation,warn,DIA,stSTX/USD,2,2026-07-26T06:17:00Z,2026-07-26T06:40:00Z,0.38,,0.15998171,2.21,,0x499721628962c74707ff8fa4d4da5f6757fd1bdeefa8ffacece300faeba822b3,,
deviation,warn,DIA,sBTC/USD,2,2026-07-26T06:55:00Z,2026-07-26T07:18:00Z,0.38,,63082.08453664,2.04,,0x5d94079348deca9283f2eaa4c11704f4d271a428fac8b36006b4011586aace9c,,
frozen,critical,DIA,sBTC/USD,,2026-07-26T07:07:14Z,2026-08-05T06:52:21Z,239.75,943,63077.11986412,,3.34,0xf11b45370b0af4e340df197f0cbc347a5d99381c1c1b535b7b19341822cc2a21,0x636d6bede27867baf1242af13917ff7a1520a5e723a9b2095935ff723267631e,
deviation,warn,DIA,stSTX/USD,2,2026-07-26T07:40:00Z,2026-07-26T08:40:00Z,1,,0.15998171,4.22,,0x499721628962c74707ff8fa4d4da5f6757fd1bdeefa8ffacece300faeba822b3,,
frozen,critical,DIA,stSTX/USD,,2026-07-26T08:39:54Z,2026-07-26T11:37:16Z,2.96,13,0.16531104,,0.99,0x20784f0f7e0794e6d1b5b8a1d4099dd25b9a84675ef3db24f1fa22e9e196057b,0x6c944b04161b09c224b020049b8996d8c9c0e3533ee17a0ef8946cfe33ef9c0b,
deviation,warn,DIA,sBTC/USD,2,2026-07-26T08:41:00Z,2026-07-27T22:40:00Z,37.98,,63077.11986412,3.88,,0x4290072adab47ebf4bb21e4cc34ddc8b2f50c9c0745f99bbd8ce1633a5640f09,,
frozen,critical,DIA,stSTX/USD,,2026-07-26T11:52:28Z,2026-07-27T05:22:20Z,17.5,71,0.16610877,,4.5,0x71ed3e8d9400e858fb888960b14e354637fde5b931826ec2e005163f8e312923,0x8c8ed815fcbfe1d1c887187cb78e475389ef2eddfe8725885057f940c7c373ba,
deviation,warn,DIA,stSTX/USD,2,2026-07-26T19:46:00Z,2026-07-27T05:38:00Z,9.87,,0.16610877,4.42,,0x5e68b76f3bea6b23b3809a5df1e543b92f85b5dec34a171af1e1fe958f77bebe,,
silence,warn,DIA,stSTX/USD,,2026-07-27T05:52:23Z,2026-07-27T09:26:44Z,3.57,,,,,0x16df2bc738f608038ff6552d1da33120256b1712122a288163e276b61df99396,0x88620d581c10178de86a9f3a8ac842bd952ced0d1ba4e74b96d4753c86b5828a,
deviation,warn,DIA,stSTX/USD,2,2026-07-27T07:35:00Z,2026-07-27T09:27:00Z,1.87,,0.17118845,2.72,,0x16df2bc738f608038ff6552d1da33120256b1712122a288163e276b61df99396,,
frozen,critical,DIA,stSTX/USD,,2026-07-27T10:07:17Z,2026-07-27T16:07:23Z,6,25,0.16705403,,2.9,0x4565abff660bae9f18573d8e7ae7c00e034a02009150dcf333aba3bac77f5410,0x2fb4ff9eebcd877d956b9b371eb35aa08c840667698f12736d4977b0af070293,
deviation,warn,DIA,stSTX/USD,2,2026-07-27T14:37:00Z,2026-07-27T16:24:00Z,1.78,,0.16705403,3,,0xabccc82041c915b948b8a888779db52c63d8e8b5a8ec6041e1ca798c32215f99,,
frozen,critical,DIA,stSTX/USD,,2026-07-27T16:23:54Z,2026-07-27T20:01:55Z,3.63,11,0.16289601,,0.69,0xe461ce71d938badd7db264f6ee6efe624c25510cafafb230e29bf7a94358900b,0x552c18918aa4f9ef7e9d49f5201feb6db0738df8a591e5eeaecde21770abe957,
silence,info,DIA,BTC/USD,,2026-07-27T17:37:33Z,2026-07-27T19:03:24Z,1.43,,,,,0x038c0dabac298e477de1436607d94842db9fddae0381080f24657bdf35ab1dc8,0xd6de3c86e5d014b1297339c3701f04827b2948a75288b66f38f74d41d44a496c,
silence,info,DIA,STX/USD,,2026-07-27T17:37:33Z,2026-07-27T19:03:24Z,1.43,,,,,0x038c0dabac298e477de1436607d94842db9fddae0381080f24657bdf35ab1dc8,0xd6de3c86e5d014b1297339c3701f04827b2948a75288b66f38f74d41d44a496c,
silence,info,DIA,sBTC/USD,,2026-07-27T17:37:33Z,2026-07-27T19:03:24Z,1.43,,,,,0x038c0dabac298e477de1436607d94842db9fddae0381080f24657bdf35ab1dc8,0xd6de3c86e5d014b1297339c3701f04827b2948a75288b66f38f74d41d44a496c,
silence,info,DIA,stSTX/USD,,2026-07-27T17:37:33Z,2026-07-27T19:03:24Z,1.43,,,,,0x038c0dabac298e477de1436607d94842db9fddae0381080f24657bdf35ab1dc8,0xd6de3c86e5d014b1297339c3701f04827b2948a75288b66f38f74d41d44a496c,
silence,info,DIA,USDh/USD,,2026-07-27T17:37:33Z,2026-07-27T19:03:24Z,1.43,,,,,0x038c0dabac298e477de1436607d94842db9fddae0381080f24657bdf35ab1dc8,0xd6de3c86e5d014b1297339c3701f04827b2948a75288b66f38f74d41d44a496c,
frozen,critical,DIA,stSTX/USD,,2026-07-27T20:16:19Z,2026-07-28T00:03:25Z,3.79,16,0.16311987,,3.25,0x03573d31117ff82802d29f66436b153178baaade2e12cabbe33d3c0fba2f5a99,0x98d992292da6175cf984c336081626a756e391fece134d910947cdc92fcdc099,
deviation,warn,DIA,stSTX/USD,2,2026-07-27T22:50:00Z,2026-07-28T00:19:00Z,1.48,,0.16311987,3.63,,0xb37961cb0758af981f1260413a498445b47ab15481f1b31ad9863094b6814868,,
deviation,warn,DIA,STX/USD,2,2026-07-27T23:00:00Z,2026-07-27T23:02:00Z,0.03,,0.13653403,2.03,,0xb37961cb0758af981f1260413a498445b47ab15481f1b31ad9863094b6814868,,
frozen,warn,DIA,stSTX/USD,,2026-07-28T01:19:09Z,2026-07-28T02:33:27Z,1.24,6,0.15833503,,0.83,0x0defb3b0b326fb1d8e124d2d43f7292f529338c50b1acc1156ee7b84c1fc8a6b,0x60979a66949e0a8a719c544c05d85acf840b8b8c8353293af8cca390304d885a,
frozen,critical,DIA,stSTX/USD,,2026-07-28T02:48:45Z,2026-07-28T04:48:30Z,2,9,0.1573699,,1.72,0xb40f2d244c64ad7f8ea728f4a192ef2c223fe61479b8eefbecbb73f77db27d2a,0xd2f59b04ca39c0f3bc2548a3738897904fb788489341f05ecc51f4a6eca18300,
silence,warn,DIA,stSTX/USD,,2026-07-28T04:48:30Z,2026-07-28T10:28:52Z,5.67,,,,,0xd2f59b04ca39c0f3bc2548a3738897904fb788489341f05ecc51f4a6eca18300,0x4a0d3dce483ae07feb6c96be1a7f4fccb9e6b104504f24d54ff98a2c2709fe66,
deviation,warn,DIA,STX/USD,2,2026-07-28T09:10:00Z,2026-07-28T09:19:00Z,0.15,,0.13165696,3.19,,0x61d91a48a215de30cac527d1a7869278dc400923eff3a1a967592d358356e612,,
deviation,warn,DIA,stSTX/USD,2,2026-07-28T10:17:00Z,2026-07-28T10:29:00Z,0.2,,0.1573699,2.15,,0xd2f59b04ca39c0f3bc2548a3738897904fb788489341f05ecc51f4a6eca18300,,
frozen,critical,DIA,stSTX/USD,,2026-07-28T10:28:52Z,2026-07-28T15:20:22Z,4.86,21,0.1607335,,1.89,0x4a0d3dce483ae07feb6c96be1a7f4fccb9e6b104504f24d54ff98a2c2709fe66,0x44e9654582620716b5ddfdf80fbc3c1b773ffa053a4143d66ea2b058357c2fa3,
deviation,warn,DIA,STX/USD,2,2026-07-28T11:59:00Z,2026-07-28T12:03:00Z,0.07,,0.13670979,2.26,,0xcf22168ec74652789049755102d638080e18e5480571bd64105a25b4e413d643,,
deviation,warn,DIA,stSTX/USD,2,2026-07-28T15:24:00Z,2026-07-28T15:39:00Z,0.25,,0.1607335,2.17,,0x44e9654582620716b5ddfdf80fbc3c1b773ffa053a4143d66ea2b058357c2fa3,,
frozen,critical,DIA,stSTX/USD,,2026-07-28T15:38:12Z,2026-07-28T21:21:56Z,5.73,24,0.16363952,,2.51,0xb6a6d163c7bf288e33330c8243dae9dcda717243e6a96cb087eecc151b80a572,0xf035388bb477e2121ae65f72a09a40fd81362ec9a24e4e3227624a9199863925,
deviation,warn,DIA,stSTX/USD,2,2026-07-28T17:37:00Z,2026-07-28T17:53:00Z,0.27,,0.16363952,2.23,,0x2ca65df39bed84b23c9cd4fba30e06c88fc0b703a3e8b198ad7f1d3d9b55f313,,
frozen,critical,DIA,stSTX/USD,,2026-07-28T21:35:44Z,2026-07-28T23:20:54Z,1.75,8,0.16535091,,2.18,0xbafdd3616f3c230a96d460f1fb8b35aab92f2b262d66c19fe2582eaf91abfd80,0xbb90018d0b017d4bb5aff67f900c91b944f2d775d85b0268e9f80e198f4ea91f,
deviation,warn,DIA,stSTX/USD,2,2026-07-28T22:48:00Z,2026-07-28T23:20:00Z,0.53,,0.16535091,2.46,,0x870c4023c9f80b888d848ca51040a16065027c6ec1a5862fa1b64a9f2caf6e1c,,
frozen,warn,DIA,stSTX/USD,,2026-07-28T23:36:00Z,2026-07-29T00:05:52Z,0.5,3,0.16269461,,0.55,0xbf9597dbabad4ad597e2e4504598b5c3ee5b5134c2db78d778a80d3f8a4366bd,0xd540ea7b59f7ca730cd0b53e2fcbaf93066d3effe6f7a2633bda112a38ba2c47,
frozen,warn,DIA,stSTX/USD,,2026-07-29T00:21:44Z,2026-07-29T01:37:00Z,1.25,6,0.16307273,,1.52,0xa30d72233e32781b4d712e4238318f3a8bcf88778ed0eb1fb240754391e7fd06,0x4d1f7a891e7e236c056b1f83deb6294adb5050aba9fd2deac1588d043ad24e59,
frozen,warn,DIA,stSTX/USD,,2026-07-29T01:51:44Z,2026-07-29T02:23:05Z,0.52,3,0.16142361,,0.78,0xc67c86600562df8700a6975252c9bce9dd275f1e00811cb78cb8803f17ec445e,0x475d158b4d85a0a673337402b79dfcbf5cee96a83b610360c49013cd2e36b9f0,
frozen,critical,DIA,stSTX/USD,,2026-07-29T02:36:42Z,2026-07-29T06:37:36Z,4.01,17,0.15977571,,1.38,0x555463ed7217f0986b64c00d0512ddb10738a3a6b0161ea5dd5c0014e4eb5eca,0xe0bd0c95f4b633ac732e89948a4010498be6db942bbcd5f95a7e6135204fc1d3,
deviation,warn,DIA,sBTC/USD,2,2026-07-29T06:32:00Z,2026-07-29T08:10:00Z,1.63,,63077.11986412,2.18,,0xf76da34f9a2ff66765ff33344c009971a2ac9bc21b6d41d03b72b8770e9a5722,,
frozen,critical,DIA,stSTX/USD,,2026-07-29T06:52:33Z,2026-07-29T16:27:42Z,9.59,38,0.16044454,,2.22,0x0981d084c4c999636f2db36e0d4a7a6bd7501c56f378912457b08b09b78cb824,0x02db0f946fc9ac35bd2f04639703458d88d695d7beef4a50e07fa88120eb18f5,
deviation,warn,DIA,sBTC/USD,2,2026-07-29T08:44:00Z,2026-07-29T12:15:00Z,3.52,,63077.11986412,2.44,,0xf3150549f5d8d06b3597ddcbb81153482a1d2b8b456680c1b21bab951d757d63,,
deviation,warn,DIA,stSTX/USD,2,2026-07-29T12:35:00Z,2026-07-29T13:27:00Z,0.87,,0.16044454,2.47,,0x30e4ab80693a6e68e0442f0491042d61662937859d189b1b5ee60538ae5cf0eb,,
deviation,warn,DIA,sBTC/USD,2,2026-07-29T13:43:00Z,2026-07-29T14:10:00Z,0.45,,63077.11986412,2.34,,0x2e38125e02e7d44fa0ef0de675b477940ec4db59b8c34127885d615c9a25d09d,,
deviation,warn,DIA,stSTX/USD,2,2026-07-29T14:26:00Z,2026-07-29T16:43:00Z,2.28,,0.16044454,2.52,,0xf9b9f61b06e1d9f386a0a5ea5dc88b37f8fd688533b905ab2ba5104b09c51490,,
frozen,critical,DIA,stSTX/USD,,2026-07-29T16:42:21Z,2026-07-30T00:12:38Z,7.5,30,0.15758825,,2.9,0xa8dadd06635c2e070cdcfed6aa497b7dfbc470a43ce8478c6db8a20ff8fefd72,0xd50b4fd6eb61b241d28486b98c354c2d10e46b8ea6e34cc41f392fb17abfbba9,
deviation,warn,DIA,sBTC/USD,2,2026-07-29T18:00:00Z,2026-07-29T18:12:00Z,0.2,,63077.11986412,2.16,,0x00de3cc8598f47ff33cd35af4a62a7f9c398e05951dcd2d6c2a9d43f5ddf17c0,,
deviation,warn,DIA,sBTC/USD,2,2026-07-29T18:49:00Z,2026-07-29T19:06:00Z,0.28,,63077.11986412,2.29,,0x1c23b5fc5585e53458cfdfdba2a9592b38b54de614475279cc5c6739b8e311a1,,
deviation,warn,DIA,stSTX/USD,2,2026-07-29T18:58:00Z,2026-07-29T19:22:00Z,0.4,,0.15758825,2.57,,0x1c23b5fc5585e53458cfdfdba2a9592b38b54de614475279cc5c6739b8e311a1,,
frozen,critical,DIA,stSTX/USD,,2026-07-30T00:45:11Z,2026-07-30T03:18:02Z,2.55,11,0.15837459,,1.51,0xff0ed66edba220ad5fa635423c229832df345ab28cbcb61dde8e6319c4f17b2f,0x7d58d8598b42ef207404017ef3ecfa3f0de30ee1bb01eb80a5ceccc349ea0e45,
frozen,critical,DIA,stSTX/USD,,2026-07-30T03:32:37Z,2026-07-30T08:19:07Z,4.78,17,0.15891405,,0.7,0x263f6c30f12c3b8b0db4abaf6c0e7257e73ff7551c47a2fccbefa7d50d9c0408,0xf4df7dc2fe14ead3eaa47666ecc318cc7373cfcf790caecea2c6ff5a14c32099,
silence,info,DIA,BTC/USD,,2026-07-30T05:02:30Z,2026-07-30T06:06:16Z,1.06,,,,,0x3b3ec103d3a6e5eb4a129d0864653e2036425a34e39ecfe7f17f505439e71024,0x691051a417f6413706eae944d4e19d4d8793d98f872cf592f64a9335eb6bcf13,
silence,info,DIA,STX/USD,,2026-07-30T05:02:30Z,2026-07-30T06:06:16Z,1.06,,,,,0x3b3ec103d3a6e5eb4a129d0864653e2036425a34e39ecfe7f17f505439e71024,0x691051a417f6413706eae944d4e19d4d8793d98f872cf592f64a9335eb6bcf13,
silence,info,DIA,sBTC/USD,,2026-07-30T05:02:30Z,2026-07-30T06:06:16Z,1.06,,,,,0x3b3ec103d3a6e5eb4a129d0864653e2036425a34e39ecfe7f17f505439e71024,0x691051a417f6413706eae944d4e19d4d8793d98f872cf592f64a9335eb6bcf13,
silence,info,DIA,stSTX/USD,,2026-07-30T05:02:30Z,2026-07-30T06:06:16Z,1.06,,,,,0x3b3ec103d3a6e5eb4a129d0864653e2036425a34e39ecfe7f17f505439e71024,0x691051a417f6413706eae944d4e19d4d8793d98f872cf592f64a9335eb6bcf13,
silence,info,DIA,USDh/USD,,2026-07-30T05:02:30Z,2026-07-30T06:06:16Z,1.06,,,,,0x3b3ec103d3a6e5eb4a129d0864653e2036425a34e39ecfe7f17f505439e71024,0x691051a417f6413706eae944d4e19d4d8793d98f872cf592f64a9335eb6bcf13,
frozen,warn,DIA,stSTX/USD,,2026-07-30T08:34:07Z,2026-07-30T09:34:17Z,1,5,0.15875864,,1,0x515333cc0f72c3b92657f4a8f47cf70f279ac57958a5ec49b9b4cf876a2e84bc,0x742854b16f9f240a1d3edf0d45ddeb0d98dac69680f8933eb49cdcea11ff201a,
deviation,warn,DIA,sBTC/USD,2,2026-07-30T09:21:00Z,2026-07-31T02:22:00Z,17.02,,63077.11986412,3.43,,0xbbaaff5e189fe1006be14d462decd7a7854a7116e3fc577132604c6d719dbde5,,
frozen,critical,DIA,stSTX/USD,,2026-07-30T11:49:06Z,2026-07-31T00:15:44Z,12.44,51,0.16129196,,3.46,0x5d123a2b385951df57937a6ed67046fc6338cd309489f745d9f6e3737030063b,0x99a5c59450f91f6e51fea7b3870af73f21b8ef0157b4d0b20fd79311a7fdf786,
deviation,warn,DIA,stSTX/USD,2,2026-07-30T19:03:00Z,2026-07-30T20:15:00Z,1.2,,0.16129196,2.5,,0x62892039d7ea5d9b336a381ac25928379f810e7c78872ae6c83811218f9d96be,,
deviation,warn,DIA,stSTX/USD,2,2026-07-30T21:12:00Z,2026-07-31T00:34:00Z,3.37,,0.16129196,3.39,,0x880b267020bffe46275c1f7f42e9512844bd78426a3547bd91861582df8d1e3d,,
deviation,warn,DIA,sBTC/USD,2,2026-07-31T03:53:00Z,2026-07-31T04:05:00Z,0.2,,63077.11986412,2.01,,0xd0505228ae9f93d883eaee9b3a1c3596f4ce3530f4f511d1e4fdcb279f48fe3b,,
frozen,critical,DIA,stSTX/USD,,2026-07-31T05:16:32Z,2026-07-31T07:31:41Z,2.25,10,0.16297268,,0.52,0xb79c13ad0f02cba73e84acba1cbe56c2a637a98e14b03639ace2d740ca63fd49,0x0affb7cff83f53a945ccdb21f8e8d3acb58118bce129655242c2be1eedaeffbf,
deviation,warn,DIA,sBTC/USD,2,2026-07-31T06:29:00Z,2026-07-31T06:35:00Z,0.1,,63077.11986412,2.09,,0xc2076e870ded110a7772210d50e95cb7b5d97cec776c1437390dfcf6d8eab5e2,,
frozen,warn,DIA,stSTX/USD,,2026-07-31T09:01:29Z,2026-07-31T10:31:29Z,1.5,7,0.16309952,,0.94,0xf947456fef0bd3df8bab9a3f014088603c723aac20879bd98898b5425c17c0c6,0xbebd0621471a2195dadca98f5e9eae61cf23f45165b222152f19263b9408ba80,
frozen,critical,DIA,stSTX/USD,,2026-07-31T10:46:30Z,2026-07-31T17:21:14Z,6.58,27,0.16180705,,1.89,0x4090e2c7a6eb93e8a84e5953c09c41001cec335a9b95fb6bd64abe763b3b733f,0x2780382f3de444802c6b02428dae86132fd768dab1f0ba3da1913feca3afaa5d,
deviation,warn,DIA,stSTX/USD,2,2026-07-31T17:35:00Z,2026-07-31T17:37:00Z,0.03,,0.16180705,2.08,,0x2780382f3de444802c6b02428dae86132fd768dab1f0ba3da1913feca3afaa5d,,
frozen,warn,DIA,stSTX/USD,,2026-07-31T17:51:19Z,2026-07-31T19:07:29Z,1.27,6,0.16515349,,0.76,0xf74443067a594dfac302599527238497a5e8315ca6319e5387cfc79033ea926c,0x8f1252493008d29cc10bf46891e6251eb51579e0b04bbc8b52f9057c939c4350,
frozen,critical,DIA,stSTX/USD,,2026-07-31T19:22:30Z,2026-08-01T00:07:30Z,4.75,20,0.16382626,,0.88,0xf954b4961ed686e5056315084b47464580791a436e6cb5d7fe125b240cb1f8b7,0x83eab4567edf5d2dddffd83e5ffcbaf14632643ab9ad1583ffc1449d2f26c4f4,
frozen,critical,DIA,stSTX/USD,,2026-08-01T01:37:28Z,2026-08-01T10:26:50Z,8.82,35,0.16229047,,0.87,0xaeeeb660eaa30cfe902f556a74a2316111f3992a5387565b18b0d7dbfd701536,0x17e3596b17a46823a839df9f756863b459d985b9efd9e089ac70d747ebdc1eb0,
frozen,critical,DIA,stSTX/USD,,2026-08-01T10:41:58Z,2026-08-01T14:11:59Z,3.5,15,0.16079578,,0.69,0xdbbbff84ffb3261e6fd45bcbc060b2ce2ebe1c257b8bfb084d14d6944d650ced,0x43e6553e04ab7961817b4b013fade65117b649ce22f0eaa72cb6b191786f4b43,
frozen,critical,DIA,stSTX/USD,,2026-08-01T14:26:53Z,2026-08-01T20:26:52Z,6,25,0.16166662,,1.84,0x627ff86f96dd9e14bbf236623c8bc277c8905dab44e79d9a0302e2885a4a63c2,0x155e9c6da1ac74f4a3261449a441b47c25681ccf6bd2374d382e26ab85867aae,
frozen,critical,DIA,stSTX/USD,,2026-08-01T20:41:52Z,2026-08-01T23:41:53Z,3,13,0.15954771,,2.57,0xa4ba32a8540d1fd96b0f77fea35fceeb7965882a87489b45356025d62ad6ee55,0x126df3bf6284ffa37df7e44f172c0bc18219a2b66fdda62c3bd007a57404e82e,
deviation,warn,DIA,stSTX/USD,2,2026-08-01T22:44:00Z,2026-08-01T23:57:00Z,1.22,,0.15954771,3.07,,0xdabb70a4a3e14389753217c3930b58495128135d3f17a0eb63b1c4962867bbb6,,
frozen,warn,DIA,stSTX/USD,,2026-08-01T23:56:59Z,2026-08-02T01:12:01Z,1.25,6,0.16416618,,1.4,0xb17e8341dda292bade37b7903c8cb9e8799581df34e989a1e04e9997249d8d00,0x22097ae8ac80264c412d4e250052003530a46cba3e74030427035ed0786481a5,
frozen,critical,DIA,stSTX/USD,,2026-08-02T01:56:59Z,2026-08-02T03:42:02Z,1.75,8,0.16385882,,0.65,0xe88947b5fe18258c0c8d9660159f26ebd4f55bc44141a378dada0ee658f836e3,0xc4c1a0535b01cf0de3dfdd86cecf818a729d263926ab9893faf00b3f6d7f5b44,
frozen,warn,DIA,stSTX/USD,,2026-08-02T03:56:57Z,2026-08-02T04:42:05Z,0.75,4,0.16363848,,0.66,0xe8c1018d1199e64316ce8768e329091002c51874fa9df983c28a3a5708642547,0xe251313ef5d354f45a59ed8092385c5a28237590bfbd7f8d23d67c0c36201d5d,
frozen,critical,DIA,stSTX/USD,,2026-08-02T04:57:03Z,2026-08-02T07:41:57Z,2.75,12,0.1650967,,1,0x817c9c7e1ba2db7c64eb76486131c48af94035b4157083df707b7dbcf76712ac,0xf594603973e96520b3e1b511b43c09848d3f036871a304932c1cd6c22cac983e,
frozen,critical,DIA,stSTX/USD,,2026-08-02T09:26:56Z,2026-08-02T19:27:00Z,10,40,0.16325797,,2.42,0x515b53389dcbe90b4bcc3c0ba4f44434c40fdadb0d65d673f72c141b9c3bc7ed,0xe2cc3c8f4b04244e7660fbde5950427244c618f71cb43e5d7498c9e75892f19e,
deviation,warn,DIA,stSTX/USD,2,2026-08-02T16:16:00Z,2026-08-02T16:26:00Z,0.17,,0.16325797,2.26,,0x156d806841fb5f1ebba86cece768953683b4695becadeb53c9d091572879d1ac,,
silence,warn,DIA,stSTX/USD,,2026-08-02T19:27:00Z,2026-08-03T00:33:46Z,5.11,,,,,0xe2cc3c8f4b04244e7660fbde5950427244c618f71cb43e5d7498c9e75892f19e,0x4e22a7c881c3fc2199eec3740d3ddb5cdf47a2d94aaf9e9525d66d776410fbdb,
frozen,warn,DIA,stSTX/USD,,2026-08-03T00:57:33Z,2026-08-03T01:42:38Z,0.75,4,0.1654265,,0.94,0x8509934d6c1defb2203695e29e68bd68aa3ea65abbf89667768905044ff81749,0x06d956f75419b6d3e8a03362383f895641c8a116353626d52fcb6c3c2f5c0c94,
frozen,warn,DIA,stSTX/USD,,2026-08-03T02:59:10Z,2026-08-03T04:28:15Z,1.48,7,0.16314168,,0.58,0xec9f8f371b55cd460a9b5e3e279c51472540f0581fc6d45f88a3a8aa6ee68b3d,0xddea01756a9c3fa92282f2249777700bf8b433b2a7551a56ad44efdfd0f9c8ee,
frozen,critical,DIA,stSTX/USD,,2026-08-03T05:13:12Z,2026-08-03T07:58:55Z,2.76,12,0.16264629,,0.75,0x976f55ac1be7b94d52f14bb6b7c644843d058229d76194c952845e6b1979e4a0,0x64596b090e74c3e056a08696f47c039e32ee619a573f984e677879d44fd1190e,
frozen,critical,DIA,stSTX/USD,,2026-08-03T08:14:13Z,2026-08-03T14:34:32Z,6.34,26,0.16158296,,3.05,0xc3a860de5a8c489ad554efc8a9db88095fc1198c9784da911cf2b177094b84a8,0x76e87f9d539e4eac22b727ac8eff937b567e2dcb747b20180c56027d1fce3e72,
frozen,warn,DIA,stSTX/USD,,2026-08-03T14:47:13Z,2026-08-03T16:02:59Z,1.26,6,0.16568858,,0.67,0x59b1e2c8792359f7446469f2fedea6c7ad9b9d78b27f523238dc2de74a7fcfc3,0x55212814bfa82d0b81eef395aefbf06f7c8b9410118041c06034d64f1b48ce62,
deviation,warn,DIA,stSTX/USD,2,2026-08-03T16:08:00Z,2026-08-03T16:21:00Z,0.22,,0.16568858,2.11,,0x55212814bfa82d0b81eef395aefbf06f7c8b9410118041c06034d64f1b48ce62,,
frozen,critical,DIA,stSTX/USD,,2026-08-03T16:20:30Z,2026-08-03T20:33:38Z,4.22,18,0.16372501,,0.9,0x1765db8f4ee26cec44fc157747f6c3a659c4e627e99989a850d032ab7bd5d4da,0x83883a23a1dcfc3b2e775b03445f55fade774bf6a8f1abce3d976d7aff223637,
frozen,critical,DIA,stSTX/USD,,2026-08-03T20:48:36Z,2026-08-04T00:19:23Z,3.51,15,0.16481938,,0.67,0xd5a6ee19d1e9b39e434ebaf795d7ef1837211c8f27c01993ea48b7ac1d234dbf,0xa4c6b05a95ecefa1adb3da7e213f0c1117e11ebfe120589c03d23ce6c1a213e2,
frozen,warn,DIA,stSTX/USD,,2026-08-04T00:34:21Z,2026-08-04T01:49:26Z,1.25,6,0.16518764,,0.68,0x3b585388d4eacb9ff058fc06de6350702b08693f8d5d65c5d8f913349170b994,0x2f44afdba28bc371eb8f7b4907717e86a02ae1e3462da7d0f91f336a46a53f6d,
silence,info,DIA,BTC/USD,,2026-08-04T02:49:17Z,2026-08-04T04:01:27Z,1.2,,,,,0xec329172bf71ffa737a15d8d819eb0168788cc7f652eb08a83cb153f4d55e39b,0x9c2bb731b5cf4a237f85ac86e5ab208444969ce28265607157a87ccb21d28f34,
silence,info,DIA,STX/USD,,2026-08-04T02:49:17Z,2026-08-04T04:01:27Z,1.2,,,,,0xec329172bf71ffa737a15d8d819eb0168788cc7f652eb08a83cb153f4d55e39b,0x9c2bb731b5cf4a237f85ac86e5ab208444969ce28265607157a87ccb21d28f34,
silence,info,DIA,sBTC/USD,,2026-08-04T02:49:17Z,2026-08-04T04:01:27Z,1.2,,,,,0xec329172bf71ffa737a15d8d819eb0168788cc7f652eb08a83cb153f4d55e39b,0x9c2bb731b5cf4a237f85ac86e5ab208444969ce28265607157a87ccb21d28f34,
silence,critical,DIA,stSTX/USD,,2026-08-04T02:49:17Z,2026-08-04T09:54:33Z,7.09,,,,,0xec329172bf71ffa737a15d8d819eb0168788cc7f652eb08a83cb153f4d55e39b,0xeb949745b2c02a0467f04860e7983c943c628616830de35a296e74e3ce9c6616,
silence,info,DIA,USDh/USD,,2026-08-04T02:49:17Z,2026-08-04T04:01:27Z,1.2,,,,,0xec329172bf71ffa737a15d8d819eb0168788cc7f652eb08a83cb153f4d55e39b,0x9c2bb731b5cf4a237f85ac86e5ab208444969ce28265607157a87ccb21d28f34,
deviation,warn,DIA,stSTX/USD,2,2026-08-04T03:19:00Z,2026-08-04T03:21:00Z,0.03,,0.16506344,2.01,,0xec329172bf71ffa737a15d8d819eb0168788cc7f652eb08a83cb153f4d55e39b,,
frozen,critical,DIA,stSTX/USD,,2026-08-04T09:54:33Z,2026-08-04T16:04:56Z,6.17,26,0.16540179,,2.17,0xeb949745b2c02a0467f04860e7983c943c628616830de35a296e74e3ce9c6616,0x4cf9aa79d29bf8baeaf4d533f0a083071a149c28b117b4d6be2aa51040da873e,
deviation,warn,DIA,stSTX/USD,2,2026-08-04T10:29:00Z,2026-08-04T11:42:00Z,1.22,,0.16540179,2.35,,0xaf5d41d75175cb3c8da07106e0251db0355d21c00d026fe67298b7d74d3bf4af,,
deviation,warn,DIA,stSTX/USD,2,2026-08-04T13:00:00Z,2026-08-04T16:20:00Z,3.33,,0.16540179,3.7,,0x112e711aa55c14d026c03eb56c8c8dfb62869d8403ac71b019e8ad08751e5d3d,,
frozen,critical,DIA,stSTX/USD,,2026-08-04T16:19:49Z,2026-08-05T02:35:25Z,10.26,42,0.16192076,,1.23,0xb9b81f57780dadd2938c5a699980e78387d38aa8cc81e88de3fbeb3c5a1c5829,0x289642cd8f192c226205ee7e8162e6912e064203025acdd3596158bc5016e1b0,
deviation,warn,DIA,sBTC/USD,2,2026-08-04T23:08:00Z,2026-08-04T23:23:00Z,0.25,,63077.11986412,2.12,,0x8038b3602f2e6d3e7529237fe2ab95b95e72075ab152fd171f9868fe928e44c2,,
deviation,warn,DIA,stSTX/USD,2,2026-08-05T00:51:00Z,2026-08-05T01:39:00Z,0.8,,0.16192076,2.55,,0x6348ca32553eb474da66b82544e9f437112fe6de786af3e8c8b6dbe15b8c6fd9,,
deviation,warn,DIA,sBTC/USD,2,2026-08-05T02:03:00Z,2026-08-05T03:08:00Z,1.08,,63077.11986412,2.1,,0x6f9c2987240a8abdf584520212234dc3a02f7640883053ee93e017ac898ffc22,,
silence,warn,DIA,stSTX/USD,,2026-08-05T02:35:25Z,2026-08-05T04:58:04Z,2.38,,,,,0x289642cd8f192c226205ee7e8162e6912e064203025acdd3596158bc5016e1b0,0x0007106eef93c02981caf6284d5ac0b08859e3ff923d65c6622a3ec6c83aee32,
frozen,critical,DIA,stSTX/USD,,2026-08-05T04:58:04Z,2026-08-05T07:22:17Z,2.4,11,0.16107968,,0.52,0x0007106eef93c02981caf6284d5ac0b08859e3ff923d65c6622a3ec6c83aee32,0xd9367d6afec28dfee83076b9ecd35327721c46030b00b7abe76f43ff2d199d1c,
deviation,warn,DIA,sBTC/USD,2,2026-08-05T05:25:00Z,2026-08-05T05:32:00Z,0.12,,63077.11986412,2.12,,0x52fdeff26e0646aa50950b7ee334e59083c40a427e902afb12cbc3f4123380f6,,
silence,critical,DIA,sBTC/USD,,2026-08-05T06:52:21Z,2026-09-19T05:49:43Z,1078.96,,,,,0x636d6bede27867baf1242af13917ff7a1520a5e723a9b2095935ff723267631e,0x09b0f4cbaa4e769045519bb257be83b67d5c4fe4b4f7a50e81f944750a70b433,
deviation,warn,DIA,stSTX/USD,2,2026-08-05T10:52:00Z,2026-08-05T11:05:00Z,0.22,,0.16188835,2.34,,0x8e1106e363804674017f487f4b07848bc0d40aa4f4072a89550824bfebf7075f,,
frozen,critical,DIA,stSTX/USD,,2026-08-05T11:12:40Z,2026-08-05T13:02:38Z,1.83,8,0.16099444,,0.54,0x32025fb2611fac918df1c4c745ba7b2f6b92c50eba7cd6ac4746d5511a5a4167,0xa9f4bb625afe0a713b342f928288df7297926a1771d518992ab8829f95deb777,
deviation,warn,DIA,sBTC/USD,2,2026-08-05T12:19:00Z,2026-08-05T12:49:00Z,0.5,,63077.11986412,2.2,,0x636d6bede27867baf1242af13917ff7a1520a5e723a9b2095935ff723267631e,,
frozen,warn,DIA,stSTX/USD,,2026-08-05T13:16:15Z,2026-08-05T14:01:26Z,0.75,4,0.1599926,,1.53,0x72a291fa20462ebcda78ba724c386acd2733ca90bbc24f2bb519829120d138e7,0x1de1c309b954b3127a396f1ccae311eb5727b2b071d00b56bdd5d58cdffe9e7d,
deviation,warn,DIA,stSTX/USD,2,2026-08-05T13:36:00Z,2026-08-05T14:04:00Z,0.47,,0.1599926,2.67,,0x660cd6f9260cb3298708d7ed72e42b203f6367b0c754da31cf35e8f2d1970450,,
deviation,warn,DIA,sBTC/USD,2,2026-08-05T14:05:00Z,2026-08-06T12:57:00Z,22.87,,63077.11986412,2.9,,0x636d6bede27867baf1242af13917ff7a1520a5e723a9b2095935ff723267631e,,
frozen,critical,DIA,stSTX/USD,,2026-08-05T14:16:21Z,2026-08-05T18:32:09Z,4.26,18,0.15929157,,0.97,0xde11b3c312fdc3a495fecba9dccb5fbe0a74822095933cb6d410f0b901267d62,0xe8163eaf15e7310e3dc931b99c85dfdab825f4eeace5c6bb15f9ff6abd8d541c,
deviation,warn,DIA,stSTX/USD,2,2026-08-05T21:29:00Z,2026-08-05T22:06:00Z,0.62,,0.16014853,2.33,,0x090549c2773b69574dea9ddec81cfe7f99d5ed8f6b88cbd80c257ade6ca212f6,,
deviation,warn,DIA,stSTX/USD,2,2026-08-05T22:39:00Z,2026-08-05T23:38:00Z,0.98,,0.16014853,2.19,,0xee488294df590232ccaf4e5b1310db391eba2af53817d00e2b790a50f095799b,,
frozen,critical,DIA,stSTX/USD,,2026-08-06T00:31:27Z,2026-08-06T12:40:44Z,12.15,51,0.15942545,,1.64,0xfd1c512a381609ab591d443ad074e04214b3df896bd25764bb6b5cb198f9bfa6,0x7f176079b7c0c2f1ae7c658efc3e18a0b6b33370a4957897116d0e9245482b86,
deviation,warn,DIA,stSTX/USD,2,2026-08-06T01:32:00Z,2026-08-06T04:12:00Z,2.67,,0.15942545,2.8,,0x3b14e08bbc9d2eb0138ba51005f11b209b5e88bcdf574e500a1e5783d1100352,,
deviation,warn,DIA,stSTX/USD,2,2026-08-06T04:45:00Z,2026-08-06T05:02:00Z,0.28,,0.15942545,2.1,,0xad138246d53fadb20bc5b6194df99477d8ee0bb0014a93346c29be9e29384c2c,,
deviation,warn,DIA,stSTX/USD,2,2026-08-06T12:13:00Z,2026-08-06T13:37:00Z,1.4,,0.15942545,2.59,,0x1b2a241b9237b2912616acdce7364755816e764eb106d9a12398d5f440668cb7,,
silence,critical,DIA,stSTX/USD,,2026-08-06T12:40:44Z,2026-08-07T00:59:55Z,12.32,,,,,0x7f176079b7c0c2f1ae7c658efc3e18a0b6b33370a4957897116d0e9245482b86,0x9ec78d349285b5a94c9bb8a7fe51192dad3d23cfd86d5163b644a929ae87afb0,
deviation,warn,DIA,sBTC/USD,2,2026-08-06T13:47:00Z,2026-08-06T22:18:00Z,8.52,,63077.11986412,2.81,,0x636d6bede27867baf1242af13917ff7a1520a5e723a9b2095935ff723267631e,,
deviation,warn,DIA,stSTX/USD,2,2026-08-06T14:18:00Z,2026-08-06T14:35:00Z,0.28,,0.15942545,2.18,,0x7f176079b7c0c2f1ae7c658efc3e18a0b6b33370a4957897116d0e9245482b86,,
deviation,warn,DIA,stSTX/USD,2,2026-08-06T17:50:00Z,2026-08-07T01:00:00Z,7.17,,0.15942545,4.52,,0x7f176079b7c0c2f1ae7c658efc3e18a0b6b33370a4957897116d0e9245482b86,,
deviation,warn,DIA,sBTC/USD,2,2026-08-07T01:03:00Z,2026-08-07T02:57:00Z,1.9,,63077.11986412,2.15,,0x636d6bede27867baf1242af13917ff7a1520a5e723a9b2095935ff723267631e,,
silence,info,DIA,stSTX/USD,,2026-08-07T03:25:35Z,2026-08-07T05:00:22Z,1.58,,,,,0x9a9328b85152c814456f746f3f9700e4b893a755e636d94e68a11c885ffd4a05,0x56f807429f84d7faf930258fcc52f054d17048cd83366825e781d9f4928c2a75,
deviation,warn,DIA,stSTX/USD,2,2026-08-07T03:55:00Z,2026-08-07T05:00:00Z,1.08,,0.15691374,2.37,,0x9a9328b85152c814456f746f3f9700e4b893a755e636d94e68a11c885ffd4a05,,
frozen,critical,DIA,stSTX/USD,,2026-08-07T05:00:22Z,2026-08-07T10:51:32Z,5.85,21,0.155356,,1.02,0x56f807429f84d7faf930258fcc52f054d17048cd83366825e781d9f4928c2a75,0xd11ac90cb0384720d09d447ed9b1ac2df96c98e4ca70d2924cbe6beb9cb695da,
deviation,warn,DIA,sBTC/USD,2,2026-08-07T06:15:00Z,2026-08-07T06:30:00Z,0.25,,63077.11986412,2.06,,0x636d6bede27867baf1242af13917ff7a1520a5e723a9b2095935ff723267631e,,
silence,info,DIA,BTC/USD,,2026-08-07T07:26:14Z,2026-08-07T08:36:53Z,1.18,,,,,0xce2a26259c9fb181c0543f6ac3d7a81366851ecdc9cd7d3ef76f65f6be8d7cbc,0x67df772f9a9047f78ab3ce1430a34b67deebd02591fec7d6fa6e86434d340c2f,
silence,info,DIA,STX/USD,,2026-08-07T07:26:14Z,2026-08-07T08:36:53Z,1.18,,,,,0xce2a26259c9fb181c0543f6ac3d7a81366851ecdc9cd7d3ef76f65f6be8d7cbc,0x67df772f9a9047f78ab3ce1430a34b67deebd02591fec7d6fa6e86434d340c2f,
silence,info,DIA,stSTX/USD,,2026-08-07T07:26:14Z,2026-08-07T08:36:53Z,1.18,,,,,0xce2a26259c9fb181c0543f6ac3d7a81366851ecdc9cd7d3ef76f65f6be8d7cbc,0x67df772f9a9047f78ab3ce1430a34b67deebd02591fec7d6fa6e86434d340c2f,
silence,info,DIA,USDh/USD,,2026-08-07T07:26:14Z,2026-08-07T08:36:53Z,1.18,,,,,0xce2a26259c9fb181c0543f6ac3d7a81366851ecdc9cd7d3ef76f65f6be8d7cbc,0x67df772f9a9047f78ab3ce1430a34b67deebd02591fec7d6fa6e86434d340c2f,
deviation,warn,DIA,sBTC/USD,2,2026-08-07T08:18:00Z,2026-08-10T15:24:00Z,79.1,,63077.11986412,3.5,,0x636d6bede27867baf1242af13917ff7a1520a5e723a9b2095935ff723267631e,,
frozen,critical,DIA,stSTX/USD,,2026-08-07T11:05:13Z,2026-08-07T18:53:34Z,7.81,32,0.15418564,,1.36,0x10e02ccb63dd0d70295bc15e7a26e561d7a5733a409f63d4619d4917abd2ae97,0x466461a8a838efd72da61d009e23709bd89abc5a0a4e5e1012cd2c870dc35215,
frozen,critical,DIA,stSTX/USD,,2026-08-07T19:06:35Z,2026-08-08T00:21:48Z,5.25,22,0.15313282,,2.07,0x056add1012657ca22fc5a6dc2bb4d36238aafc8a6c119a8b68e9b4522a56e5bf,0xb5fd1983fd9d19c6f059a19b110a05c6f3cb80a9421b983ec539ce40a8a1806a,
deviation,warn,DIA,stSTX/USD,2,2026-08-07T21:05:00Z,2026-08-07T21:10:00Z,0.08,,0.15313282,2.2,,0xd7c84c82486b1a751bc3e2a27b6c8351745487a64618cdf43d75d3628f27c519,,
frozen,critical,DIA,stSTX/USD,,2026-08-08T01:49:48Z,2026-08-08T03:51:42Z,2.03,10,0.1544382,,0.65,0x2b1742fa383480623f535487be3abab7758d7c95cff7b57b4a43fe051862d41e,0xac2d4dbbc12f3da44e26c46ef1846689117f35bd284d7b0c3eea3f1989afcfe2,
frozen,critical,DIA,stSTX/USD,,2026-08-08T07:36:57Z,2026-08-08T09:37:29Z,2.01,9,0.15461341,,2.16,0x65bc2544483278783bb8dcf56ec42235c699fceb8200bc5a251684d023a1ebc0,0x2f115a2aa2a0795665290b4d97f549347cdf599caac8cf103daac70732647160,
deviation,warn,DIA,stSTX/USD,2,2026-08-08T09:13:00Z,2026-08-08T09:16:00Z,0.05,,0.15461341,2.08,,0x93525e161874e0718735f626a53812b3f3de02b0610566a6c9aa39fb989f9cd5,,
frozen,critical,DIA,stSTX/USD,,2026-08-08T11:07:23Z,2026-08-08T18:47:16Z,7.66,27,0.15727061,,0.96,0x7bdeed8c471ffc5cf34013b8ceebdf97798fdbbc047d77e284bac5cd152c7107,0x56baba1c385a5c3fd9ffb06b01f1b3eead5cde5b0054fad7abba4491ba6d34cd,
silence,info,DIA,BTC/USD,,2026-08-08T14:22:19Z,2026-08-08T15:46:36Z,1.4,,,,,0xd459cfc4aa17381e77d9f3cbd580a22d219e903442b6fffc9daeaf2e6437032a,0xfe3a4d45bda4b352251a2409b8490cf56907b0602b872a3d8c4c7e920f6003d5,
silence,info,DIA,STX/USD,,2026-08-08T14:22:19Z,2026-08-08T15:46:36Z,1.4,,,,,0xd459cfc4aa17381e77d9f3cbd580a22d219e903442b6fffc9daeaf2e6437032a,0xfe3a4d45bda4b352251a2409b8490cf56907b0602b872a3d8c4c7e920f6003d5,
silence,info,DIA,stSTX/USD,,2026-08-08T14:22:19Z,2026-08-08T15:46:36Z,1.4,,,,,0xd459cfc4aa17381e77d9f3cbd580a22d219e903442b6fffc9daeaf2e6437032a,0xfe3a4d45bda4b352251a2409b8490cf56907b0602b872a3d8c4c7e920f6003d5,
silence,info,DIA,USDh/USD,,2026-08-08T14:22:19Z,2026-08-08T15:46:36Z,1.4,,,,,0xd459cfc4aa17381e77d9f3cbd580a22d219e903442b6fffc9daeaf2e6437032a,0xfe3a4d45bda4b352251a2409b8490cf56907b0602b872a3d8c4c7e920f6003d5,
frozen,critical,DIA,stSTX/USD,,2026-08-09T02:32:23Z,2026-08-09T07:50:02Z,5.29,23,0.15668384,,1.14,0xe64148137de93ea10cc57afb00eab830ba1d043b5220931ecc0edd1caedc335c,0xa09d453706dc6bb137a9a00dfca79bce09c5c22405cba15c6eac40756a3cec44,
frozen,critical,DIA,stSTX/USD,,2026-08-09T14:05:07Z,2026-08-09T23:51:28Z,9.77,40,0.15512232,,1.61,0x1862f213f3293d10429255fbf630766399f17b089e5a6a731ba1fe95c47f0134,0x6ef9f0ef4bcbb765227f52c614f74d766aae444d5f51b8b13e81813024f0831a,
frozen,critical,DIA,stSTX/USD,,2026-08-10T00:06:31Z,2026-08-10T02:28:14Z,2.36,11,0.15328943,,1.41,0x3d713e647b1eb533a8f85f0fd480e117b8d16b5ec03202cb2feb67e737dc3f1a,0x6ae6428e9c436b1ffa7b852ce7bc47d713145e733904e6274ca5300e23acb8dc,
frozen,critical,DIA,stSTX/USD,,2026-08-10T03:39:21Z,2026-08-10T07:30:41Z,3.86,17,0.15595567,,1.29,0xc32136298626a90d069e1357526518a74f9779321f8c1970493e2af5768b83a8,0x5be79707653329ea8c64357633d40a17f53ddaa496f94699bc5b1323c8250de8,
frozen,critical,DIA,stSTX/USD,,2026-08-10T07:45:42Z,2026-08-10T19:47:59Z,12.04,49,0.15696386,,2.01,0x3554ff2be41b71c6c8598ef947955a84288a0450fddbabbf27cb529d37a69929,0x0d4406f16e75fc6e84bf3de90911c23b765f6a21a171cf0f94c513544747bc87,
frozen,critical,DIA,stSTX/USD,,2026-08-10T20:02:58Z,2026-08-11T01:18:43Z,5.26,22,0.15502494,,1.02,0x73fcb552170d5e8028121398e14a43a9dce216ceb65e7c5584a8c1c8996b3029,0x6634e6feaf8202877e2fe861cb60e6fc56f532153335d45abf7ed38035e56ed5,
frozen,critical,DIA,stSTX/USD,,2026-08-11T01:33:35Z,2026-08-11T04:03:43Z,2.5,11,0.15496321,,0.72,0x1af054aee3ac7a66f1dea7cf439fb879ac7da1ac33356d70a9e38afc8b64c843,0x582ea73007b5f727bf28c74a644f5e64ce178956b160310fb032a6818d9b1e7a,
silence,warn,DIA,stSTX/USD,,2026-08-11T04:03:43Z,2026-08-11T07:07:06Z,3.06,,,,,0x582ea73007b5f727bf28c74a644f5e64ce178956b160310fb032a6818d9b1e7a,0xbb619b039db0e01222113b95e78f7819fbf2937767e6f4bcd627cc8acb1377cb,
deviation,warn,DIA,sBTC/USD,2,2026-08-11T12:01:00Z,2026-08-11T12:18:00Z,0.28,,63077.11986412,2.09,,0x636d6bede27867baf1242af13917ff7a1520a5e723a9b2095935ff723267631e,,
frozen,critical,DIA,stSTX/USD,,2026-08-11T14:34:18Z,2026-08-11T15:04:38Z,0.51,3,0.15287408,,2.56,0x76dc7f1aab96f6358d81c5c229d328bf3931fbece463cf874bee25de702d16c7,0x09ff0d6ec30f81e442d9aab2c09a5881411f4c594c1574d4912840e7c23309cd,
deviation,warn,Arkadiko,stSTX (token 8),2,2026-08-11T14:56:00Z,2026-08-11T15:21:00Z,0.42,,0.153706,3.28,,0xbedbbed20dc94b7350b78d24077c609fd2f3803ea2888a0ddd4c7a1f7f3b2a05,,
deviation,warn,DIA,stSTX/USD,2,2026-08-11T14:57:00Z,2026-08-11T15:21:00Z,0.4,,0.15287408,2.73,,0x61e71d3721198fa22f6f70567b5d2fa2308cc32ceff067cecf7de91f93059998,,
deviation,warn,DIA,STX/USD,2,2026-08-11T14:58:00Z,2026-08-11T15:05:00Z,0.12,,0.12903228,2.67,,0x61e71d3721198fa22f6f70567b5d2fa2308cc32ceff067cecf7de91f93059998,,
frozen,warn,DIA,stSTX/USD,,2026-08-11T15:20:19Z,2026-08-11T16:04:36Z,0.74,4,0.15183152,,0.59,0x23ca9553c54f8cd2284a15194160642964878afbbc4fbb56396454964ee2a681,0x1b601440a728845a1b8939093922c6043c815d6d15db6265d999ddac13490e99,
frozen,critical,DIA,stSTX/USD,,2026-08-11T16:49:28Z,2026-08-11T18:36:33Z,1.78,8,0.14936567,,0.6,0xcbe8932d996dc6c23a1e2fd75d9be4b2ecc4284667a3e11cb8b3f6cb7836ca1e,0x09915ee60fbc45c9cb82905d3e2427e6e2a6b092a387dc7d3c638c7026b680f8,
frozen,critical,DIA,stSTX/USD,,2026-08-11T18:51:45Z,2026-08-12T00:06:33Z,5.25,22,0.14861032,,1.73,0x2cf1ef26498b1da6b3ad0142d6a2db0ffdd1df09f872b9571d2585955386fe69,0x6d19b6e4d985c023711c6c80a5c5a25f22221ff427569f714eb3861ade5575ed,
frozen,warn,DIA,stSTX/USD,,2026-08-12T00:36:41Z,2026-08-12T02:06:49Z,1.5,7,0.15012003,,1.11,0xb81158b3a8f09b4d62876150d66e99d4ef1ecd1a1e6313f26f4f6ac7ba25c1ea,0x387446eef02a56e7443fcf2bd26be6ab939cd9c8789d8c5f8d1375d6e624fb73,
frozen,critical,DIA,stSTX/USD,,2026-08-12T05:52:13Z,2026-08-13T00:38:09Z,18.77,74,0.14932558,,4.66,0x38ce3020078685e35dda9921a93180e5bee673de9fc33d4ca60df86bd3e9a0b7,0x809d17dfc5fddaae70f4fc57b7029d0071f1e5c7e2f2a029e80481598ceded2f,
deviation,warn,DIA,stSTX/USD,2,2026-08-12T14:31:00Z,2026-08-13T00:53:00Z,10.37,,0.14932558,4.58,,0x67a2656984c30446b7aa6e2ef8f4d7c59c8dbf3dcd1002ba9fa1a19dbed40acb,,
deviation,warn,Arkadiko,STX (token 1),2,2026-08-13T16:42:00Z,2026-08-13T16:44:00Z,0.03,,0.1239,2.12,,0xed511726d32ac7a97087b696a5217abb050e73cbf5157fd23560ca364173ac4e,,
frozen,critical,DIA,stSTX/USD,,2026-08-13T17:23:11Z,2026-08-13T19:23:11Z,2,9,0.14417366,,1.05,0x80faaec1ee9cc485e141f36a0f506b842671e4b5a354ea7dc19876aadfbc6fe4,0xe14f67ecb6782b2276bd72ad5682bf2d309dad36ed2a87001f9a27f85b15519b,
frozen,warn,DIA,stSTX/USD,,2026-08-14T00:09:35Z,2026-08-14T00:38:04Z,0.47,3,0.14722014,,0.88,0x7603f64ccfc358f705fef52b9f658247dda1883a8ab3e1ea4bfd6131ed2e15e2,0x95805f81387f7b963cacc56d18b0e77292d9a21a9ac5563386ab9cdf1a04d55b,
frozen,critical,DIA,stSTX/USD,,2026-08-14T02:23:09Z,2026-08-14T04:53:19Z,2.5,11,0.14549989,,0.53,0x9341f086b6fa7e7f18faa0328e1b626038e9a0c4f82be3ceb8372f7d99279ba4,0x75298c6bffd083182058986783bfba972f4295cd8637906f11f9e1c6ef4406b7,
frozen,critical,DIA,stSTX/USD,,2026-08-14T06:23:12Z,2026-08-14T15:26:33Z,9.06,38,0.1449618,,2.22,0x0b227c4bfaa7621ad68e9e8e134ffa156c1027a593d764e4a86aa356f262287c,0xcda84fb8eb3c36e1244702573f81e86d4359ecbd2ff519efeabbf193d9c8de00,
frozen,critical,DIA,stSTX/USD,,2026-08-14T15:41:36Z,2026-08-14T23:57:30Z,8.27,35,0.14350083,,1.29,0x89c7eb67ec6f5f3d1b10798826964f515f5c117c896d9f612def1a9866d6a6fd,0x7bfafcb348a35cc6cf69920c776d4cf3ebc25a59c27f1b411f84011316ead38c,
deviation,warn,DIA,stSTX/USD,2,2026-08-14T16:13:00Z,2026-08-14T16:45:00Z,0.53,,0.14350083,2.33,,0xa98d0e272cbe8a4656a2fa9f743dd8f499f4381a652f5551ccd10cd3172b1ccc,,
frozen,warn,DIA,stSTX/USD,,2026-08-15T02:12:09Z,2026-08-15T03:12:14Z,1,5,0.14452713,,0.66,0x3eb84a50275295abe3d3d275b5c79a7ab8410b2994509b6f567deaf9417c9c85,0x1347a8dfcfa5f55d186d3575e5283f115fd23ce5e0bf9dece525ac029ef41571,
frozen,critical,DIA,stSTX/USD,,2026-08-15T04:12:11Z,2026-08-16T00:12:14Z,20,81,0.14486687,,1.94,0x19ab20f8b7a430cfe9e57c3e0b93fbd4a377c9b35636394d42e7ace12a970134,0x7935587d4eecf58b81b4ee764777a059091b76b80f1d0d3b45864ef5c944f124,
silence,info,DIA,stSTX/USD,,2026-08-16T00:12:14Z,2026-08-16T01:12:19Z,1,,,,,0x7935587d4eecf58b81b4ee764777a059091b76b80f1d0d3b45864ef5c944f124,0x45d77579317b88fb06428091278437838bc8c0c50d0eb9663cf6971a3608ed02,
frozen,critical,DIA,stSTX/USD,,2026-08-16T01:12:19Z,2026-08-16T03:43:00Z,2.51,11,0.1440497,,0.66,0x45d77579317b88fb06428091278437838bc8c0c50d0eb9663cf6971a3608ed02,0x9b2c381310fa5856bf233b980eea3881bae1462027e537171c1c3f069b9ec6e5,
frozen,critical,DIA,stSTX/USD,,2026-08-16T06:57:57Z,2026-08-16T11:09:08Z,4.19,16,0.1441225,,0.7,0x0197fa8125b0c5e57c4e8e3c5b5406b457b1c9b5be1e4d9152ad87dabb46dde6,0x6ce7bd29207d66d0a6ccf4b93a36be2d21c579e82892a00144ad737ca452b65a,
deviation,warn,DIA,stSTX/USD,2,2026-08-16T21:39:00Z,2026-08-16T22:41:00Z,1.03,,0.14477325,2.41,,0x7cf6bf06ec8e49a62accc89c1f191da78694b2ca09d379c4c9a9905433532af0,,
deviation,warn,Arkadiko,STX (token 1),2,2026-08-16T21:39:00Z,2026-08-16T21:50:00Z,0.18,,0.122291,2.45,,0x27f3c4b15c9632d9c422bbdede0ef655109fe7dacd0ee8af1b9fd32adac9a046,,
deviation,warn,Arkadiko,stSTX (token 8),2,2026-08-16T21:39:00Z,2026-08-16T21:50:00Z,0.18,,0.144824,2.45,,0xefea6eaa9f5ebe75e3dac9a6850609bc77a3d92a5864aeae6c22eeb56714d873,,
silence,critical,DIA,stSTX/USD,,2026-08-17T05:58:57Z,2026-08-18T16:53:05Z,34.9,,,,,0x4cd38baca4f9613ecdd1659af8d2650b97361dbc057be8be3acfbff20dc84ba7,0xf5563eff052ec6dd28cef7a9b5ab7947955fc9459319531ed0e2b7edb10c2860,
deviation,warn,DIA,sBTC/USD,2,2026-08-17T18:17:00Z,2026-08-17T19:00:00Z,0.72,,63077.11986412,2.24,,0x636d6bede27867baf1242af13917ff7a1520a5e723a9b2095935ff723267631e,,
deviation,warn,DIA,sBTC/USD,2,2026-08-17T21:09:00Z,2026-08-17T21:11:00Z,0.03,,63077.11986412,2.01,,0x636d6bede27867baf1242af13917ff7a1520a5e723a9b2095935ff723267631e,,
deviation,warn,DIA,sBTC/USD,2,2026-08-17T23:25:00Z,2026-08-18T00:39:00Z,1.23,,63077.11986412,2.23,,0x636d6bede27867baf1242af13917ff7a1520a5e723a9b2095935ff723267631e,,
deviation,warn,DIA,stSTX/USD,2,2026-08-18T02:15:00Z,2026-08-18T06:24:00Z,4.15,,0.14477325,3.92,,0x4cd38baca4f9613ecdd1659af8d2650b97361dbc057be8be3acfbff20dc84ba7,,
deviation,warn,Arkadiko,STX (token 1),2,2026-08-18T02:55:00Z,2026-08-18T03:11:00Z,0.27,,0.1209,2.78,,0xc6b7455983cf2aad6e89b1a8656d0015beb3b0a58d23a57955cdcd48502f3359,,
deviation,warn,Arkadiko,stSTX (token 8),2,2026-08-18T02:55:00Z,2026-08-18T03:11:00Z,0.27,,0.143213,2.8,,0x61dd12bbddf54e19acf035f4875acd78871c2d7a5b02b53431660f172b3ff33e,,
deviation,warn,DIA,sBTC/USD,2,2026-08-18T06:42:00Z,2026-08-18T06:45:00Z,0.05,,63077.11986412,2.03,,0x636d6bede27867baf1242af13917ff7a1520a5e723a9b2095935ff723267631e,,
deviation,warn,DIA,stSTX/USD,2,2026-08-18T06:56:00Z,2026-08-18T16:54:00Z,9.97,,0.14477325,3.93,,0x4cd38baca4f9613ecdd1659af8d2650b97361dbc057be8be3acfbff20dc84ba7,,
deviation,warn,DIA,sBTC/USD,2,2026-08-18T14:19:00Z,2026-08-19T01:57:00Z,11.63,,63077.11986412,2.89,,0x636d6bede27867baf1242af13917ff7a1520a5e723a9b2095935ff723267631e,,
frozen,critical,DIA,stSTX/USD,,2026-08-18T16:53:05Z,2026-08-18T20:46:58Z,3.9,17,0.14175605,,0.66,0xf5563eff052ec6dd28cef7a9b5ab7947955fc9459319531ed0e2b7edb10c2860,0x781975de721ca04925a507a11574bd2f568679f251a822c9ebcf34d23ea4a036,
frozen,critical,DIA,stSTX/USD,,2026-08-18T21:02:04Z,2026-08-19T00:48:33Z,3.77,16,0.14022008,,1.74,0x28124c11fe3c7089d34f427fdf34878c7a7f209548ab16df77a9ecc1a42842ea,0x1d59417a2696879beab824334006e0c13c9b694c8aaec63249589678e3622c00,
frozen,critical,DIA,stSTX/USD,,2026-08-19T03:32:34Z,2026-08-19T08:04:09Z,4.53,20,0.14181374,,1.34,0x4cc74f6e8f42cb6c98e511dea4b5fac0e4cb6fc3e0cb39129cb2bafca2baf3c0,0xe4feea402c916c97404a3a493e0577f051b1982bd843c760e90e232693648361,
deviation,warn,DIA,sBTC/USD,2,2026-08-19T08:37:00Z,2026-08-19T09:13:00Z,0.6,,63077.11986412,2.1,,0x636d6bede27867baf1242af13917ff7a1520a5e723a9b2095935ff723267631e,,
frozen,critical,DIA,stSTX/USD,,2026-08-19T09:33:53Z,2026-08-19T12:03:53Z,2.5,11,0.14103707,,0.88,0x1d7ec16d7c52c2ec4fb47080af263898958b132e53f0f85fd97dc809ddf8e3f0,0xf337767356860104237233bce89b157d93f1c0b2ae324a3b7c44aec0f6465add,
deviation,warn,DIA,sBTC/USD,2,2026-08-19T09:58:00Z,2026-08-19T10:00:00Z,0.03,,63077.11986412,2,,0x636d6bede27867baf1242af13917ff7a1520a5e723a9b2095935ff723267631e,,
deviation,warn,DIA,sBTC/USD,2,2026-08-19T10:55:00Z,2026-09-19T05:50:00Z,738.92,,63077.11986412,23.16,,0x636d6bede27867baf1242af13917ff7a1520a5e723a9b2095935ff723267631e,,
frozen,critical,DIA,stSTX/USD,,2026-08-19T12:18:45Z,2026-08-19T17:52:32Z,5.56,23,0.14174151,,5.46,0x02fc3f8d0e3ca8702151de162ac530457aab7a89ed0bc954ad53e0c58783702c,0xa301b222fc941efaa27def3927ed0c61fab504b06484b8a0718618b045cc0c90,
deviation,warn,DIA,stSTX/USD,2,2026-08-19T14:54:00Z,2026-08-19T18:08:00Z,3.23,,0.14174151,5.25,,0xefecafa05dadd225322c5cb18fb64c47a0d0affb6e2d681493bef5fcf4195bd1,,
deviation,warn,Arkadiko,STX (token 1),2,2026-08-19T15:05:00Z,2026-08-19T15:51:00Z,0.77,,0.120768,4.4,,0x2fd7ffaf195b278aeca2ee4030304bb692bfe1f740961c9f23159b2b15f21939,,
deviation,warn,Arkadiko,stSTX (token 8),2,2026-08-19T15:05:00Z,2026-08-19T15:52:00Z,0.78,,0.143021,4.4,,0x2c1de1670715686f8386128dac3a3253d80067f7d57ab5fdab3522cd118fff0c,,
deviation,critical,DIA,sBTC/USD,5,2026-08-19T15:06:00Z,2026-09-19T05:50:00Z,734.73,,63077.11986412,23.16,,0x636d6bede27867baf1242af13917ff7a1520a5e723a9b2095935ff723267631e,,
deviation,warn,Arkadiko,BTC (token 2),2,2026-08-19T15:22:00Z,2026-08-19T15:52:00Z,0.5,,65485.346915,5.42,,0x795a5b889f178a293d30434b6b0132dec2315cf03c9777822692ad3e42ed0c33,,
deviation,warn,DIA,BTC/USD,2,2026-08-19T15:27:00Z,2026-08-19T15:38:00Z,0.18,,66798.18750508,3.52,,0x74658eba32ec6b7a620ade99396cb1770efb9e0356c381d5737551d2919f3bfa,,
deviation,warn,DIA,STX/USD,2,2026-08-19T15:27:00Z,2026-08-19T15:29:00Z,0.03,,0.12369946,2.08,,0x74658eba32ec6b7a620ade99396cb1770efb9e0356c381d5737551d2919f3bfa,,
deviation,critical,DIA,stSTX/USD,5,2026-08-19T15:27:00Z,2026-08-19T15:29:00Z,0.03,,0.14174151,5.25,,0x74658eba32ec6b7a620ade99396cb1770efb9e0356c381d5737551d2919f3bfa,,
deviation,critical,DIA,stSTX/USD,5,2026-08-19T16:31:00Z,2026-08-19T16:57:00Z,0.43,,0.14174151,5.15,,0x33283d3211af5d68b73aafd74e975c6ba48f3494d2b1da3d425efb8e58841351,,
frozen,critical,DIA,stSTX/USD,,2026-08-19T18:07:29Z,2026-08-20T00:23:13Z,6.26,26,0.1475508,,4.11,0x47303490d6e56f6176d64b35af9a68557976b2304c646638b11cef0ebf6364c0,0xf2b606d123a776bd52948832d56119fef88fc89483f72cd3d55ebdab605b7924,
deviation,warn,DIA,stSTX/USD,2,2026-08-19T20:52:00Z,2026-08-20T00:39:00Z,3.78,,0.1475508,4.76,,0xa67b6c3477438a77747dfa26df035753aa5b91876508c8cc706d8e9dfab22d2f,,
deviation,warn,Arkadiko,STX (token 1),2,2026-08-19T20:52:00Z,2026-08-19T21:00:00Z,0.13,,0.124666,2.11,,0x1bcb525d645031a7e2313eea89c6cf1a7fac85cacfe4e0c329e49fdde6ac766a,,
deviation,warn,Arkadiko,stSTX (token 8),2,2026-08-19T20:52:00Z,2026-08-19T21:00:00Z,0.13,,0.147637,2.11,,0x400e4b72fa4783ef128b670e776de860a75987957fbb3b0f70c87ab7fe4dfc2f,,
deviation,warn,Arkadiko,STX (token 1),2,2026-08-20T00:31:00Z,2026-08-20T01:06:00Z,0.58,,0.128053,2.19,,0xcb27f38381c0ae0f6502d222d437d1f73729857380cb639349f5c245db19b79a,,
deviation,warn,Arkadiko,stSTX (token 8),2,2026-08-20T00:31:00Z,2026-08-20T01:06:00Z,0.58,,0.151648,2.19,,0x36ec80ca4312cf494d74b2dcce88f39e53e26e449155fd115756bd22ecd0d7ec,,
frozen,critical,DIA,stSTX/USD,,2026-08-20T00:38:33Z,2026-08-20T02:53:18Z,2.25,10,0.15283638,,0.92,0x642e4ab6d5384688c4903128905d654aec946dd1231af010397ba2f116534a35,0xe50285b799cd59d7931790116c09d0e56b4f0cc953d9fcea0cfbd3207014a77e,
frozen,critical,DIA,stSTX/USD,,2026-08-20T03:08:22Z,2026-08-20T07:43:34Z,4.59,19,0.15438292,,3.51,0x066d98233580886fc8fb89699b2d95e4c7c6fcbff3d1c49fa165512346f5e88f,0xa552186e8ef64fb5beeb8d6715337185bb59401c6121c14cc4333a728c68f3ca,
deviation,warn,DIA,stSTX/USD,2,2026-08-20T05:01:00Z,2026-08-20T09:50:00Z,4.82,,0.15438292,3.02,,0x2751bdc5d5e8066a7b6d15b231408bd0837472bddf43aab7ef029ed494165584,,
frozen,critical,DIA,stSTX/USD,,2026-08-20T08:04:02Z,2026-08-20T14:19:28Z,6.26,26,0.15743907,,4.78,0xb8b97c7710273cf0e88cddc830fdd7c39ac8c06f85a8ba43fc7014c6967e62fb,0x1b96440dc94969d4711c89637ec99f6ff916f656105d710bdc2c845ccc2f7f76,
deviation,warn,Arkadiko,BTC (token 2),2,2026-08-20T08:11:00Z,2026-08-20T08:31:00Z,0.33,,69571.32,2.69,,0x61047fe912fdb4876d3845cd91f8782c1c3becdbc9bd1abded4c7f9c8af242c2,,
deviation,warn,DIA,BTC/USD,2,2026-08-20T08:17:00Z,2026-08-20T08:19:00Z,0.03,,69873.21656183,2.26,,0xb8b97c7710273cf0e88cddc830fdd7c39ac8c06f85a8ba43fc7014c6967e62fb,,
deviation,warn,DIA,stSTX/USD,2,2026-08-20T10:31:00Z,2026-08-20T14:29:00Z,3.97,,0.15743907,5.34,,0xae9a6495943a93c208a4ae7bfecc5cdd33003b4a59af7fdf189d975dbfbfcd7c,,
silence,warn,DIA,USDh/USD,,2026-08-20T12:18:04Z,2026-08-20T14:52:14Z,2.57,,,,,0x416f6586e803b24dbda877f2687b8359eb567743c30d580945d0c1c31b4cacf6,0x9229d08bddd0a980da07d82e43412bd46f37eae39fa5a40c560607d720b523b7,
deviation,warn,Arkadiko,STX (token 1),2,2026-08-20T14:10:00Z,2026-08-20T14:22:00Z,0.2,,0.136113,2.53,,0x19af5ebd5486277ee949b45c368e6bf6dd67e39b816ea96a98ff2dca990efa99,,
deviation,warn,Arkadiko,stSTX (token 8),2,2026-08-20T14:10:00Z,2026-08-20T14:22:00Z,0.2,,0.160941,2.68,,0x441c4ad6d6abc27b3c395f7b2434382d9633fb412077a5f9edd04fcfbb07c4e3,,
deviation,critical,DIA,stSTX/USD,5,2026-08-20T14:22:00Z,2026-08-20T14:29:00Z,0.12,,0.15743907,5.34,,0x1b96440dc94969d4711c89637ec99f6ff916f656105d710bdc2c845ccc2f7f76,,
frozen,critical,DIA,stSTX/USD,,2026-08-20T14:28:25Z,2026-08-20T18:34:38Z,4.1,18,0.16552624,,1.76,0x75732b82b7e572ef6df4663c1a3ca5fce69d6c0186f11f3f9bdac730e6508252,0x9c4dd110a4fbc545f57871292a720209a3d08a9c0cb30729450df9b8c4b8a319,
silence,warn,DIA,USDh/USD,,2026-08-20T16:03:48Z,2026-08-20T21:13:28Z,5.16,,,,,0x4eedd8b19b79bb340b1b4c7b4574c36100d0b580f6f7ebf6f7811f9d162d935d,0x209530364034b7d43c04dcf24ac2fad6fe5db1b3e1cab585836ca53452bbfac8,
deviation,warn,DIA,stSTX/USD,2,2026-08-20T17:17:00Z,2026-08-20T17:23:00Z,0.1,,0.16552624,2.16,,0xadf76be903760d519fd68b202867938ee83e9c551b4668cb2ddad94e1c6eb367,,
frozen,critical,DIA,stSTX/USD,,2026-08-20T18:49:39Z,2026-08-21T00:07:28Z,5.3,22,0.16602003,,4.07,0xaf3c9503d20beaab3298481c5cecb91eff5914aecb318a8e43b12dfbecf646a2,0xf4be68768789b1878317ffd9305c4c6a6b1d6c984f24f610f25eb52e36690cd0,
deviation,warn,DIA,stSTX/USD,2,2026-08-20T22:11:00Z,2026-08-20T22:25:00Z,0.23,,0.16602003,2.01,,0x9cc48daeb066f07445377d457eef47f9a398f1d6aeefde04a38a57bb568ad085,,
deviation,warn,DIA,stSTX/USD,2,2026-08-20T23:04:00Z,2026-08-21T00:26:00Z,1.37,,0.16602003,5.51,,0xa36e0e579b7feacc6dea3b7888cc0c94157989fae40089c5e42751dc3bbb4336,,
silence,info,DIA,USDh/USD,,2026-08-20T23:21:56Z,2026-08-21T00:34:58Z,1.22,,,,,0xacd9e7a3d8c8c9319b93fd52a77d28a4c8c572ebcfdf95ca5cc1053134d6b903,0x6959d09a5f1dc9226beeb415258a814c6ef7b8dbde2dd9f1f5db396d570edaa1,
deviation,warn,Arkadiko,STX (token 1),2,2026-08-21T00:02:00Z,2026-08-21T00:41:00Z,0.65,,0.1436,3.21,,0xbf7091af9e757e8b7f261870474ba81adb92195cf6fc36881a1773077a0567ee,,
deviation,warn,Arkadiko,stSTX (token 8),2,2026-08-21T00:02:00Z,2026-08-21T00:41:00Z,0.65,,0.17006,3.21,,0x71fc1e180645729ec6374111c0c624fb540db3e6f7d64476730701f2db7a6d58,,
deviation,critical,DIA,stSTX/USD,5,2026-08-21T00:07:00Z,2026-08-21T00:23:00Z,0.27,,0.16602003,5.51,,0x40abfb4b6f41023c9aa9cf1ae68d10c7b0666386d0aa65e79684fa4ec0f119f7,,
frozen,critical,DIA,stSTX/USD,,2026-08-21T00:25:20Z,2026-08-21T03:08:49Z,2.72,12,0.17469439,,4.03,0xc41647e911b40d083ee57254ba7615a259047c0399ebcbb754b81f5c34241a1a,0xaad4409e62725adf0996dec9b58006e4dc122d93209d8b5d88b5c9b7f4238e42,
deviation,warn,Arkadiko,BTC (token 2),2,2026-08-21T01:47:00Z,2026-08-21T02:07:00Z,0.33,,73627.904878,2.55,,0xaf61c99c1e6ffaca3644489aa0613ee7999a5c875b369827046a4c4e704c7445,,
deviation,warn,Arkadiko,stSTX (token 8),2,2026-08-21T01:47:00Z,2026-08-21T02:12:00Z,0.42,,0.173495,3.07,,0x88e293b502c499872b6aff3df63b82469c792c2dc67c28aa038ef3f5ba184c7f,,
deviation,warn,Arkadiko,STX (token 1),2,2026-08-21T01:49:00Z,2026-08-21T02:11:00Z,0.37,,0.147053,2.7,,0xea70616d5a115b1911080f331bd5c7441f1ac304162b8c4db0a13707affa5faf,,
deviation,warn,DIA,stSTX/USD,2,2026-08-21T02:07:00Z,2026-08-21T03:25:00Z,1.3,,0.17469439,4.44,,0xe47a04cb1f0aaf127874e79fa6fa7b9f1e4dd3b1e3169047434cdf0ee40e5486,,
frozen,warn,DIA,stSTX/USD,,2026-08-21T03:24:07Z,2026-08-21T03:54:00Z,0.5,3,0.18091957,,0.68,0xa8ef2d42e79dbf6c3ee7fc897dcd8e1ae4297bcb872a828faa35b3f48f294f17,0xf1df68cdbebc141ccc81794fbe7b496659774f97d96a537801eaf6e00bfd111f,
deviation,warn,DIA,stSTX/USD,2,2026-08-21T04:05:00Z,2026-08-21T04:56:00Z,0.85,,0.18091957,3.38,,0xf1df68cdbebc141ccc81794fbe7b496659774f97d96a537801eaf6e00bfd111f,,
frozen,warn,DIA,stSTX/USD,,2026-08-21T04:09:27Z,2026-08-21T05:08:55Z,0.99,5,0.18290431,,1.22,0xcae917ec60b31f68e5a45d5bf7d1eae57fe81e5da455c7f119fa9231dbe697f6,0xf903f3c2f6d4d4eca126bdc36a45f4bf0629d0056635e2e453c3dbdebfd73634,
silence,info,DIA,USDh/USD,,2026-08-21T04:23:42Z,2026-08-21T06:21:49Z,1.97,,,,,0x03e89ef3b0a5152f4911a3c123e406262e3313c591a68cf764034b0a49b7cec9,0x85177e5d652f2fbc54f17e5ea10701452510e790c7e2726e1447cf053a877f0b,
frozen,critical,DIA,stSTX/USD,,2026-08-21T05:23:56Z,2026-08-21T09:00:29Z,3.61,15,0.18562721,,5.41,0x52d3c08155ffa7bba6ed95e826f92f7e878197441b58c62b6b0acd38a9284f76,0x6e34ccf9e26e959450ef5269c263de92d19422f05ef779c6613057accdf0911b,
deviation,warn,Arkadiko,BTC (token 2),2,2026-08-21T08:18:00Z,2026-08-21T09:31:00Z,1.22,,75601.420274,4.59,,0x190d77c91f74fbd6b4d71cf308035f5a2b469709f4d6d7641d4fc479a1a1f74a,,
deviation,warn,DIA,stSTX/USD,2,2026-08-21T08:28:00Z,2026-08-21T09:13:00Z,0.75,,0.18562721,4.6,,0x7a31564ac0dd7b6989f5f3e3c93e597b0b6ec761e3158dc4abfda2d27ed88998,,
deviation,warn,Arkadiko,STX (token 1),2,2026-08-21T08:29:00Z,2026-08-21T09:56:00Z,1.45,,0.1574,4.2,,0xa8774cd10b29e54c8ff1a0cffad128974e300c95a238eab2649df8311f5ea505,,
deviation,warn,Arkadiko,stSTX (token 8),2,2026-08-21T08:29:00Z,2026-08-21T09:45:00Z,1.27,,0.186198,4.31,,0x27a14161951e302c1687ebb882f327876a37b398cf407f906be6c5df0af3c0a0,,
deviation,warn,DIA,BTC/USD,2,2026-08-21T08:58:00Z,2026-08-21T09:00:00Z,0.03,,77633.39593013,2.03,,0x932cb6a8f82659aec7438724500b12040a102b45b2175d8cee44dc89a37531be,,
deviation,warn,DIA,STX/USD,2,2026-08-21T09:02:00Z,2026-08-21T09:12:00Z,0.17,,0.16356729,3.06,,0x6e34ccf9e26e959450ef5269c263de92d19422f05ef779c6613057accdf0911b,,
frozen,warn,DIA,stSTX/USD,,2026-08-21T09:12:24Z,2026-08-21T09:41:36Z,0.49,3,0.18669726,,1.68,0x98b2625c03fcbda332c9eca5c41991716133a1b7ebddb6904728b719aa9a12ed,0xee91f09266d2188bcff071fdec9d06278dc32cdb595fa111f6d3e67a6744f70b,
deviation,warn,DIA,stSTX/USD,2,2026-08-21T09:47:00Z,2026-08-21T09:53:00Z,0.1,,0.18669726,2.21,,0xee91f09266d2188bcff071fdec9d06278dc32cdb595fa111f6d3e67a6744f70b,,
frozen,critical,DIA,stSTX/USD,,2026-08-21T09:52:58Z,2026-08-21T14:21:07Z,4.47,19,0.19004446,,3.4,0xb49acd95ecf46602d8102ece58182ccdc7163d64f66716a4e25da73f4862daea,0xc24dcafd13fd62e64ddf22f7da25fddc1025b8c54ea0c98e715af57429857b7f,
deviation,warn,DIA,STX/USD,2,2026-08-21T10:25:00Z,2026-08-21T10:30:00Z,0.08,,0.15907406,2.4,,0xd9dfad32a190b3ac29336c691b14f34c33dbd8edf074506bd894b56156adbc05,,
deviation,warn,Arkadiko,STX (token 1),2,2026-08-21T10:56:00Z,2026-08-21T11:21:00Z,0.42,,0.1599,3.56,,0x1ed98ff57c76cc77d9c0aaecd425e2ef538b1a396bd4f1ae1fef90e601fafb49,,
deviation,warn,DIA,stSTX/USD,2,2026-08-21T11:05:00Z,2026-08-21T14:37:00Z,3.53,,0.19004446,3.76,,0xb9b6f5234bef0abd3b13a8946df5c7355ddb3e205f8ec7961adcf0f94cdefe07,,
deviation,warn,Arkadiko,stSTX (token 8),2,2026-08-21T11:15:00Z,2026-08-21T12:45:00Z,1.5,,0.190619,3.41,,0x5a7706ffe53bed69d983a4afdbd13fd03fd6258d752ef84802867708eb55d753,,
deviation,warn,Arkadiko,STX (token 1),2,2026-08-21T11:58:00Z,2026-08-21T12:00:00Z,0.03,,0.1659,2.06,,0xd74ab11c30bcd2305ad399e09a26f06442424245f2ca2d97eaa98681144fc904,,
deviation,warn,Arkadiko,STX (token 1),2,2026-08-21T13:21:00Z,2026-08-21T13:26:00Z,0.08,,0.165422,2.22,,0x6e887912a2c9a149be2b813e740eaac48feea71b1e57f5f4a6cc4357ac7302cb,,
frozen,critical,DIA,stSTX/USD,,2026-08-21T14:36:02Z,2026-08-21T17:50:03Z,3.23,14,0.19608758,,4.59,0xc1fa313aadc38dfd13d21b1e341c04929d62d0c953ce06e183d25e66a69d6107,0x0d283dbe0354a723557f2d3b2a2615fec8ccdb65abb46b44e2bf73c6d2795e83,
deviation,warn,DIA,stSTX/USD,2,2026-08-21T16:31:00Z,2026-08-21T18:06:00Z,1.58,,0.19608758,5.44,,0x2a08ccc7733de5e286fcadbbea5fa352c84ac8b41f9978da9a680723efc6d038,,
deviation,warn,Arkadiko,stSTX (token 8),2,2026-08-21T17:08:00Z,2026-08-21T17:21:00Z,0.22,,0.198602,2.58,,0x1bb30e68bed433561e9b51b10bda795f23ea32ba8c40cabdd124e8154a049072,,
deviation,warn,Arkadiko,STX (token 1),2,2026-08-21T17:33:00Z,2026-08-21T19:29:00Z,1.93,,0.1689,3.54,,0x2fef1d8a3399e7224748b7a82437270cc0da637f993973bd3fa4b14706354fb4,,
deviation,critical,DIA,stSTX/USD,5,2026-08-21T17:50:00Z,2026-08-21T17:52:00Z,0.03,,0.19608758,5.44,,0x97a45e68dede59f0e68f594e884b790d63deb5554c99da32029137f0343397e1,,
frozen,critical,DIA,stSTX/USD,,2026-08-21T18:05:12Z,2026-08-21T21:41:20Z,3.6,15,0.20557982,,5.99,0x7e3d021844ac65d9f95cd395833f140158f7ee5e30bb96e04b1be7692901dfd4,0x0bf9c03939ebd39836c79ea99325d8bd61f8ed426f8a2b4a1d650d2cc8d78d7e,
deviation,warn,Arkadiko,stSTX (token 8),2,2026-08-21T18:55:00Z,2026-08-21T19:29:00Z,0.57,,0.203027,2.51,,0x4239d7e392bbf26c28a432c5853d2f02d993f2e40df9289adf7547f9c4987e3e,,
deviation,warn,DIA,stSTX/USD,2,2026-08-21T19:24:00Z,2026-08-21T19:29:00Z,0.08,,0.20557982,2.57,,0x2753050d251d76b7a3fb2cbcd11dd40a4a3c1e5c2c501743adbe941f52cd49ad,,
deviation,warn,DIA,stSTX/USD,2,2026-08-21T20:04:00Z,2026-08-22T01:11:00Z,5.12,,0.20557982,9.65,,0x0c0e71ea5cc7ad933a084c2167b6c01bca7904190b9d8f15d781efab043c61e1,,
deviation,warn,Arkadiko,stSTX (token 8),2,2026-08-21T20:04:00Z,2026-08-21T20:33:00Z,0.48,,0.205707,4.93,,0x0b5cb8dc50d07dfb117fad2d165792260997fbc1fcc98d193064bef243a32ee9,,
deviation,warn,Arkadiko,STX (token 1),2,2026-08-21T20:17:00Z,2026-08-21T20:32:00Z,0.25,,0.17461,4.43,,0x5058cb3b334af75d929459d855e25d80f711121be2602866bd42a27106252d9a,,
deviation,critical,DIA,stSTX/USD,5,2026-08-21T20:49:00Z,2026-08-21T20:51:00Z,0.03,,0.20557982,5.14,,0x29c02c9546da9bfecae9d319b1dedf9ccb86720f592e91051fcbecca8295008e,,
silence,warn,DIA,stSTX/USD,,2026-08-21T21:41:20Z,2026-08-22T00:05:16Z,2.4,,,,,0x0bf9c03939ebd39836c79ea99325d8bd61f8ed426f8a2b4a1d650d2cc8d78d7e,0x14d51a025479f295633991374479221097a89afd27cf9c5322b21154155c970a,
deviation,critical,DIA,stSTX/USD,5,2026-08-21T21:47:00Z,2026-08-22T00:06:00Z,2.32,,0.20557982,9.65,,0x0bf9c03939ebd39836c79ea99325d8bd61f8ed426f8a2b4a1d650d2cc8d78d7e,,
deviation,warn,Arkadiko,stSTX (token 8),2,2026-08-21T22:01:00Z,2026-08-21T23:21:00Z,1.33,,0.215062,5.48,,0xc26060d23eed015454fd511dfe2d099d13862fbde3c409d3042d2d9850de047c,,
deviation,warn,Arkadiko,STX (token 1),2,2026-08-21T22:03:00Z,2026-08-21T23:12:00Z,1.15,,0.1818,5.37,,0x9d0d305d3b55bb52b78f739c44069d4d8ecb66637699acda3ab1e63d26230cc1,,
deviation,warn,DIA,STX/USD,2,2026-08-21T22:07:00Z,2026-08-21T22:44:00Z,0.62,,0.18393394,2.67,,0x5be83f3e4a7103ea3ae2823addd1e599431b11ca8e488ad73ab93a0848299fce,,
deviation,critical,Arkadiko,stSTX (token 8),5,2026-08-21T22:42:00Z,2026-08-21T22:48:00Z,0.1,,0.215062,5.48,,0xc26060d23eed015454fd511dfe2d099d13862fbde3c409d3042d2d9850de047c,,
deviation,critical,Arkadiko,STX (token 1),5,2026-08-21T22:43:00Z,2026-08-21T22:48:00Z,0.08,,0.1818,5.37,,0x9d0d305d3b55bb52b78f739c44069d4d8ecb66637699acda3ab1e63d26230cc1,,
deviation,warn,DIA,STX/USD,2,2026-08-22T00:23:00Z,2026-08-22T00:40:00Z,0.28,,0.18699971,2.53,,0xb539ac35a30912332b3cbce1fcb3d26c0473ad181f957179f8f5376bac8bd9f0,,
deviation,warn,Arkadiko,STX (token 1),2,2026-08-22T00:30:00Z,2026-08-22T01:27:00Z,0.95,,0.188203,5.32,,0xf94e7fcb77daf966fc5fe5290004fe4b79728b750928681aeaf80cf0e7c3ed44,,
deviation,warn,Arkadiko,stSTX (token 8),2,2026-08-22T00:30:00Z,2026-08-22T01:27:00Z,0.95,,0.222883,5.32,,0x710b6611ebcfd0f0c7bdda0183bfc044a1221844b1acf6e92bf8b7644f1fa4bc,,
deviation,critical,Arkadiko,STX (token 1),5,2026-08-22T00:55:00Z,2026-08-22T01:00:00Z,0.08,,0.188203,5.32,,0xf94e7fcb77daf966fc5fe5290004fe4b79728b750928681aeaf80cf0e7c3ed44,,
deviation,critical,Arkadiko,stSTX (token 8),5,2026-08-22T00:55:00Z,2026-08-22T01:00:00Z,0.08,,0.222883,5.32,,0x710b6611ebcfd0f0c7bdda0183bfc044a1221844b1acf6e92bf8b7644f1fa4bc,,
silence,info,DIA,stSTX/USD,,2026-08-22T01:10:15Z,2026-08-22T02:35:19Z,1.42,,,,,0x7fdb39f870037f749d79c498b8a4c5f1a72580cc108e2fe9154f7b434e608ff5,0xbe5276a603f2fb3fc6526a4b78e626b156f7561ded7b3cfd5962961c2d601a66,
deviation,warn,DIA,STX/USD,2,2026-08-22T01:23:00Z,2026-08-22T01:32:00Z,0.15,,0.19942836,2.68,,0x7fdb39f870037f749d79c498b8a4c5f1a72580cc108e2fe9154f7b434e608ff5,,
deviation,warn,DIA,stSTX/USD,2,2026-08-22T02:19:00Z,2026-08-22T02:35:00Z,0.27,,0.23443358,3.84,,0x7fdb39f870037f749d79c498b8a4c5f1a72580cc108e2fe9154f7b434e608ff5,,
deviation,warn,Arkadiko,stSTX (token 8),2,2026-08-22T02:28:00Z,2026-08-22T03:45:00Z,1.28,,0.236537,4.01,,0x9821861b990d0b6d0981a0e85ca47f7739ce0bde72ee660e95669c55f7f038f6,,
deviation,warn,DIA,STX/USD,2,2026-08-22T02:29:00Z,2026-08-22T03:02:00Z,0.55,,0.20026221,2.72,,0xdc0db3079816b651805c40a1f16eb9c1bbaee214fa64b7257df349d24d4196b3,,
deviation,warn,Arkadiko,STX (token 1),2,2026-08-22T02:29:00Z,2026-08-22T03:42:00Z,1.22,,0.2002,3.78,,0xaff2ec2770780a85319a3114ab3e2bc62c63f836dd238ca83c392b89b323c0b6,,
frozen,critical,DIA,stSTX/USD,,2026-08-22T02:35:19Z,2026-08-22T04:32:56Z,1.96,9,0.24254299,,5.21,0xbe5276a603f2fb3fc6526a4b78e626b156f7561ded7b3cfd5962961c2d601a66,0x6d553f4877a649df8de5ce03c3a89ae0a6ce28a459719166dee78730dcf4ba18,
deviation,warn,DIA,stSTX/USD,2,2026-08-22T03:23:00Z,2026-08-22T16:16:00Z,12.88,,0.24254299,12.73,,0xac18c3db4d114899869ad5c93073287297492e93822d77943b0f5c590c2b896e,,
deviation,warn,DIA,STX/USD,2,2026-08-22T04:51:00Z,2026-08-22T05:18:00Z,0.45,,0.20863338,10.39,,0x81743ea331e5e3a2a13336db331192a1bafeb66702ba63eee95fad382897e967,,
deviation,warn,Arkadiko,STX (token 1),2,2026-08-22T04:51:00Z,2026-08-22T06:31:00Z,1.67,,0.208912,14.98,,0x62c75ab847a219ed4bf90b1fc8b4203aacfccc5f056d681ec4794d8a6e44716a,,
deviation,warn,Arkadiko,stSTX (token 8),2,2026-08-22T04:51:00Z,2026-08-22T06:31:00Z,1.67,,0.247407,15.52,,0xab3a8c6e43b60197877c8c87fd9b4666ada703528fa46898711ee87a9c0757c6,,
frozen,critical,DIA,stSTX/USD,,2026-08-22T05:04:03Z,2026-08-23T02:18:04Z,21.23,44,0.24163207,,15.12,0x4c89d5b5645ec1f170e62c51b6ccbf1ee89e0e1be02aaf927892e112601015fb,0x23f56f5e41b6f31e938efab10f46ed366c482cf0efa0399e6da14c319716162a,
deviation,critical,Arkadiko,STX (token 1),5,2026-08-22T05:08:00Z,2026-08-22T05:21:00Z,0.22,,0.2081,14.98,,0xcbc4c78a52382525f927abe6619ba406b14e805366691bf45873ec39aa90447b,,
deviation,critical,Arkadiko,stSTX (token 8),5,2026-08-22T05:08:00Z,2026-08-22T05:21:00Z,0.22,,0.24761,15.52,,0x5816aba81e525a1c471d6efa0a69d1cf034a9342fc839e977ba4e36655c0338d,,
deviation,critical,DIA,stSTX/USD,5,2026-08-22T05:09:00Z,2026-08-22T06:38:00Z,1.48,,0.24163207,12.73,,0x4c89d5b5645ec1f170e62c51b6ccbf1ee89e0e1be02aaf927892e112601015fb,,
deviation,critical,DIA,STX/USD,5,2026-08-22T05:10:00Z,2026-08-22T05:14:00Z,0.07,,0.19978875,10.39,,0x4c89d5b5645ec1f170e62c51b6ccbf1ee89e0e1be02aaf927892e112601015fb,,
deviation,warn,Arkadiko,BTC (token 2),2,2026-08-22T05:10:00Z,2026-08-22T05:44:00Z,0.57,,78617.088055,2.44,,0x1db347e7b9223fecc8350e847cb0fe2a4dab2ba0da9206e525dc530c941521c6,,
deviation,critical,DIA,stSTX/USD,5,2026-08-22T07:09:00Z,2026-08-22T09:24:00Z,2.25,,0.24163207,8.94,,0x36a020c4d7a03f9469afa52f8504fb3de100c9a5420be752712007e639a6ed64,,
silence,info,DIA,stSTX/USD,,2026-08-22T07:33:02Z,2026-08-22T09:22:17Z,1.82,,,,,0xd5813a50c6219db19a5291a6569791e64a660e170d497b29e8b7eb1c4ed88b6f,0xbe565812781421bc89d814c9e7786624ea765be76bf2fc92fe2617fa9e427f11,
deviation,warn,DIA,STX/USD,2,2026-08-22T07:48:00Z,2026-08-22T08:19:00Z,0.52,,0.19514626,2.68,,0xd5813a50c6219db19a5291a6569791e64a660e170d497b29e8b7eb1c4ed88b6f,,
deviation,warn,Arkadiko,STX (token 1),2,2026-08-22T07:52:00Z,2026-08-22T08:10:00Z,0.3,,0.194512,3.85,,0xe967e4930ea77e7d5284c7a776d118b13e2370c6fd42ac5ed6240c168eaae713,,
deviation,warn,Arkadiko,stSTX (token 8),2,2026-08-22T07:52:00Z,2026-08-22T12:32:00Z,4.67,,0.230354,5.36,,0xad7db6aaa3c5e56792824a7cbfe2e85a610a8a66d2377b05a89b45eda4abd0cb,,
deviation,warn,Arkadiko,STX (token 1),2,2026-08-22T08:44:00Z,2026-08-22T09:46:00Z,1.03,,0.1897,2.65,,0xad6d2531df1d59f34a89f078735885005dfc6597f1ea7185a62b8f71fa9964f9,,
silence,warn,DIA,stSTX/USD,,2026-08-22T09:53:10Z,2026-08-22T11:57:19Z,2.07,,,,,0x96d9211e46d2f2abbd3d9e4e2a313149f12343ef61881578a680a5c310914889,0x9c374d9b2f03740ddbc276cd1b5abebf12acaf25f8c1a0d3857fc243958dcf92,
deviation,critical,DIA,stSTX/USD,5,2026-08-22T10:03:00Z,2026-08-22T11:51:00Z,1.8,,0.24163207,8.32,,0x96d9211e46d2f2abbd3d9e4e2a313149f12343ef61881578a680a5c310914889,,
deviation,warn,Arkadiko,STX (token 1),2,2026-08-22T10:22:00Z,2026-08-22T10:57:00Z,0.58,,0.1931,2.52,,0x929cb31716188bcd5757f62b89b2d3364efba7ea428388b968ee556a52c6359b,,
deviation,warn,Arkadiko,STX (token 1),2,2026-08-22T12:02:00Z,2026-08-22T12:32:00Z,0.5,,0.1936,5.36,,0xa5822e010ffce4d7fe0d8573949596e1c45e4a061cc7c888839b3b492c722e79,,
deviation,warn,DIA,STX/USD,2,2026-08-22T12:11:00Z,2026-08-22T12:21:00Z,0.17,,0.19724679,3.58,,0x3898ae31c190c164f2ab5b08086b8a879aae1e9479a3168217896c5e37c267a2,,
deviation,critical,Arkadiko,STX (token 1),5,2026-08-22T12:17:00Z,2026-08-22T12:19:00Z,0.03,,0.1936,5.36,,0xa5822e010ffce4d7fe0d8573949596e1c45e4a061cc7c888839b3b492c722e79,,
deviation,critical,Arkadiko,stSTX (token 8),5,2026-08-22T12:17:00Z,2026-08-22T12:19:00Z,0.03,,0.229274,5.36,,0x7a9b34cd363508295e9ccadf23e0c58dc632505877cec69e483988f4decb3452,,
deviation,warn,DIA,STX/USD,2,2026-08-22T15:04:00Z,2026-08-22T15:06:00Z,0.03,,0.19932036,2.4,,0xbde508133e4f08c5391c5c312554664f283996da907c014be03561ead3baca64,,
deviation,warn,Arkadiko,STX (token 1),2,2026-08-22T15:04:00Z,2026-08-22T15:54:00Z,0.83,,0.1996,2.54,,0xb635a59f1ca0ba2b3975c049bc76a7df23e5513a099d53dbaf7144228fe14377,,
deviation,warn,Arkadiko,stSTX (token 8),2,2026-08-22T16:17:00Z,2026-08-22T16:52:00Z,0.58,,0.23268,5.61,,0x85572877607cfd7b5bce3334cd83edcc1621e6bd851fc994777f2cad8db0f5a7,,
deviation,warn,Arkadiko,STX (token 1),2,2026-08-22T16:35:00Z,2026-08-22T19:11:00Z,2.6,,0.199261,5.86,,0xa472f1a4e02c4187933b931df2ba8af55b519604b2c1d9ecf16dfbf295348eee,,
deviation,critical,Arkadiko,stSTX (token 8),5,2026-08-22T16:42:00Z,2026-08-22T16:52:00Z,0.17,,0.23268,5.61,,0x85572877607cfd7b5bce3334cd83edcc1621e6bd851fc994777f2cad8db0f5a7,,
deviation,warn,DIA,STX/USD,2,2026-08-22T16:50:00Z,2026-08-22T16:54:00Z,0.07,,0.20395001,2.82,,0x3ba05182f2d249ecdef861a7c129a3a68e5f0e13f49849a591f2c61fca2c85c1,,
deviation,warn,DIA,stSTX/USD,2,2026-08-22T16:52:00Z,2026-08-23T03:01:00Z,10.15,,0.24163207,11.37,,0x3ba05182f2d249ecdef861a7c129a3a68e5f0e13f49849a591f2c61fca2c85c1,,
deviation,critical,Arkadiko,STX (token 1),5,2026-08-22T16:52:00Z,2026-08-22T17:02:00Z,0.17,,0.199261,5.75,,0xa472f1a4e02c4187933b931df2ba8af55b519604b2c1d9ecf16dfbf295348eee,,
deviation,warn,DIA,STX/USD,2,2026-08-22T17:34:00Z,2026-08-22T18:10:00Z,0.6,,0.21132269,3.42,,0x7dbe6a09ae57f14458346f6529442d74c87b696e1eac3f4506a8349b54032df1,,
deviation,warn,Arkadiko,stSTX (token 8),2,2026-08-22T17:49:00Z,2026-08-22T18:02:00Z,0.22,,0.244754,6.24,,0x110c67ac6d5210c50521d2a6dbf132eaa93e9b68c9c6d5ad3e79373332072642,,
deviation,critical,DIA,stSTX/USD,5,2026-08-22T17:54:00Z,2026-08-23T02:05:00Z,8.18,,0.24163207,11.37,,0x6afea10bb6bbb38faeaf737263eb5f070f0c59f2cb1526c2a1e151cfd53ff409,,
deviation,critical,Arkadiko,stSTX (token 8),5,2026-08-22T17:54:00Z,2026-08-22T18:02:00Z,0.13,,0.244754,6.24,,0x110c67ac6d5210c50521d2a6dbf132eaa93e9b68c9c6d5ad3e79373332072642,,
deviation,critical,Arkadiko,STX (token 1),5,2026-08-22T17:56:00Z,2026-08-22T18:01:00Z,0.08,,0.2075,5.86,,0xc4383240fcee535a5222e2f65349270565de57a679bb2da72c194f87a103f072,,
deviation,warn,Arkadiko,stSTX (token 8),2,2026-08-22T18:36:00Z,2026-08-22T19:01:00Z,0.42,,0.258431,2.63,,0xf415c6624ee4db5957c3c0aa60435201f9bc9fa6e8097ef6d511599225579258,,
silence,critical,DIA,stSTX/USD,,2026-08-22T19:12:41Z,2026-08-23T02:08:20Z,6.93,,,,,0x69fedbdf1a1c5b06cbb069f73cf9f29ffc65816d00f2d9f10e8a2c2456e5cfad,0x56794e81fbfcbe266746f0c8de25924d36312db929feab035d12902c3ffaef90,
deviation,warn,Arkadiko,STX (token 1),2,2026-08-22T19:41:00Z,2026-08-22T20:32:00Z,0.85,,0.2155,5.51,,0x7a786d9b22f26a9353efe77428b3ae70ccf895e2e4a2a7b69d575dadd68a7e53,,
deviation,warn,DIA,STX/USD,2,2026-08-22T19:51:00Z,2026-08-22T19:59:00Z,0.13,,0.21843858,3.76,,0x8ac05088bc10bd84f6bb5ef77931acf5a2e6a61491320e087d62726fea7280b3,,
deviation,warn,Arkadiko,stSTX (token 8),2,2026-08-22T19:51:00Z,2026-08-22T23:32:00Z,3.68,,0.257733,5.76,,0xa606e2ac68cb897414f6fe0dec57402199469939fdc3759ed0cbb697043d3658,,
deviation,critical,Arkadiko,STX (token 1),5,2026-08-22T19:55:00Z,2026-08-22T20:16:00Z,0.35,,0.2155,5.51,,0x7a786d9b22f26a9353efe77428b3ae70ccf895e2e4a2a7b69d575dadd68a7e53,,
deviation,warn,DIA,STX/USD,2,2026-08-22T20:39:00Z,2026-08-22T22:09:00Z,1.5,,0.22426859,4.84,,0xe95e7defa0df154ed6188b2ac971c3b360eaa8ffcc99849607f8a6874065d7dd,,
deviation,warn,Arkadiko,STX (token 1),2,2026-08-22T21:03:00Z,2026-08-22T23:31:00Z,2.47,,0.2269,5.06,,0x10058a33212aa68a0f90f9cba85c61d909386476922d705456d83cf328f04797,,
deviation,critical,Arkadiko,stSTX (token 8),5,2026-08-22T21:43:00Z,2026-08-22T21:52:00Z,0.15,,0.271315,5.76,,0x455a154481b42f1664802de92ff02a69d023f8cb7c69059dc906a182c44c57cf,,
deviation,warn,Arkadiko,STX (token 1),2,2026-08-23T02:04:00Z,2026-08-23T03:05:00Z,1.02,,0.222,5.74,,0xa246a6b8faa4c4f3654a09d5563372c43a5a991ebd74b63dad9b2555f269feb2,,
deviation,warn,Arkadiko,stSTX (token 8),2,2026-08-23T02:04:00Z,2026-08-23T03:06:00Z,1.03,,0.26338,5.93,,0x6addd789cae7db022f4b29e444a155eae69c3fcc754106c13657606ced343be5,,
deviation,warn,DIA,STX/USD,2,2026-08-23T02:05:00Z,2026-08-23T02:19:00Z,0.23,,0.219825,4.23,,0x342deae21be6899077e7d601de6a44b4143a052299e449d8055f9577dc00b5d4,,
deviation,critical,Arkadiko,stSTX (token 8),5,2026-08-23T02:14:00Z,2026-08-23T02:22:00Z,0.13,,0.26338,5.93,,0x6addd789cae7db022f4b29e444a155eae69c3fcc754106c13657606ced343be5,,
deviation,critical,Arkadiko,STX (token 1),5,2026-08-23T02:15:00Z,2026-08-23T02:22:00Z,0.12,,0.222,5.74,,0xa246a6b8faa4c4f3654a09d5563372c43a5a991ebd74b63dad9b2555f269feb2,,
frozen,critical,DIA,stSTX/USD,,2026-08-23T02:32:55Z,2026-08-23T07:52:19Z,5.32,21,0.25044932,,5.33,0x8b6baac1859562428320c3fa5e4e0ac07da0b6edb0c8ab9ce2e9cbb1e3e810f0,0x6d7ad713f1aeb931cca6513cdf4f36550f5cf7fccd8497fc1e7581c58bea06d7,
deviation,warn,DIA,STX/USD,2,2026-08-23T04:34:00Z,2026-08-23T04:37:00Z,0.05,,0.21165993,2.72,,0xced0d1b8bbba6e1dd596f05f1f0abfdb05b52872929aab2c65b123abf1dc1a40,,
deviation,warn,DIA,stSTX/USD,2,2026-08-23T04:34:00Z,2026-08-23T05:19:00Z,0.75,,0.25044932,4.41,,0xced0d1b8bbba6e1dd596f05f1f0abfdb05b52872929aab2c65b123abf1dc1a40,,
deviation,warn,Arkadiko,stSTX (token 8),2,2026-08-23T04:34:00Z,2026-08-23T07:42:00Z,3.13,,0.249588,4.92,,0xc7feb4db2c539fa4e36dbc042b753dd2e0f849621c6ec26ced2ea184acb48f87,,
deviation,warn,Arkadiko,STX (token 1),2,2026-08-23T04:43:00Z,2026-08-23T05:29:00Z,0.77,,0.2094,3.38,,0xbdf3a8ffbe90c19d835b91ca8e9e7bf0b90bc1964afa9f2d899383e130581e90,,
deviation,warn,DIA,STX/USD,2,2026-08-23T05:23:00Z,2026-08-23T05:35:00Z,0.2,,0.20448225,3.1,,0x611413e2eb793da151b23111c69d8f0212acdd897cfa3f4820166719130900ac,,
deviation,warn,DIA,STX/USD,2,2026-08-23T06:14:00Z,2026-08-23T06:35:00Z,0.35,,0.20673473,2.88,,0xe148b31d0d2b54d308446ce648affbcdd9fed2c2e4ca240a6b2ab9c4facb89a7,,
deviation,warn,Arkadiko,STX (token 1),2,2026-08-23T06:20:00Z,2026-08-23T07:12:00Z,0.87,,0.2094,4.59,,0xc4cf00ee75d377081804266fa685c799753768077775e77a8bcf911e9fd6e148,,
deviation,warn,DIA,stSTX/USD,2,2026-08-23T06:31:00Z,2026-08-23T08:05:00Z,1.57,,0.25044932,4.55,,0x8ecdf1ecdfe4c182b5693a44f3dad7248fda8e1cfbd9ec004d5246138a6897b2,,
deviation,warn,DIA,STX/USD,2,2026-08-23T07:15:00Z,2026-08-23T07:20:00Z,0.08,,0.2158947,2.34,,0x2f2fb675e7f546b98eb31054cb3ea3d26380ff700fed2a417045c39f5723d978,,
frozen,critical,DIA,stSTX/USD,,2026-08-23T08:04:56Z,2026-08-23T16:06:49Z,8.03,24,0.26023521,,10.92,0x969ebe6e3c6d65660ba75045a7c695a2f98a392656a61b8462909f1d330857d3,0x1489da85bc2cbeeaf8aea15ff773c761e37c9f40fe644d4150a40e7655eafa53,
deviation,warn,DIA,stSTX/USD,2,2026-08-23T09:13:00Z,2026-08-23T09:15:00Z,0.03,,0.26023521,2.26,,0x7bd9b880aaf00e415ab407b82e775c2fdd96c046822f613df94887bfa7731129,,
deviation,warn,DIA,stSTX/USD,2,2026-08-23T10:50:00Z,2026-08-23T16:57:00Z,6.12,,0.26023521,9.48,,0x6ce89831981664c842f86c1e442bb5140f1ae59c2c0fb37a2444bf545221363a,,
deviation,warn,DIA,STX/USD,2,2026-08-23T11:09:00Z,2026-08-23T11:11:00Z,0.03,,0.22185034,2.34,,0x846f870c5efc8dbe6808d1774dc717a809777dc8e15a3f092397575b6e3a2263,,
deviation,warn,Arkadiko,STX (token 1),2,2026-08-23T11:09:00Z,2026-08-23T11:41:00Z,0.53,,0.222,2.59,,0x6434ee1a30584e688d66b356a9e6a6eb317f579bf580e61d6a9a54df302b6ce6,,
deviation,warn,Arkadiko,stSTX (token 8),2,2026-08-23T11:09:00Z,2026-08-23T11:31:00Z,0.37,,0.261249,2.89,,0xc7551b6a09c49de0b48fcd2497d2ca6aa8e178f931f792afa4446ad65413e6b0,,
silence,warn,DIA,stSTX/USD,,2026-08-23T12:15:19Z,2026-08-23T14:34:26Z,2.32,,,,,0x2177487ed81038f96ebf049318d76567680592f78951f476c08166cc3bf187c2,0xe1f1e14c20287d2ef7071689cb3cb176d716b7846253f3438297f350f69ab7e9,
deviation,critical,DIA,stSTX/USD,5,2026-08-23T12:17:00Z,2026-08-23T16:17:00Z,4,,0.26023521,9.48,,0x2177487ed81038f96ebf049318d76567680592f78951f476c08166cc3bf187c2,,
deviation,warn,Arkadiko,STX (token 1),2,2026-08-23T12:17:00Z,2026-08-23T13:11:00Z,0.9,,0.2264,5.06,,0x744993b77eb717ec3131bacb345c39a154ebaa720fd5a5d2c66adc2479ba9a0c,,
deviation,warn,Arkadiko,stSTX (token 8),2,2026-08-23T12:17:00Z,2026-08-23T13:11:00Z,0.9,,0.268117,5.06,,0x28398c19fe7a5f2ec5853db860a03f04e9b19c534bd603f035ade19a492a3cae,,
deviation,warn,DIA,STX/USD,2,2026-08-23T12:18:00Z,2026-08-23T12:31:00Z,0.22,,0.22829992,3.77,,0x2177487ed81038f96ebf049318d76567680592f78951f476c08166cc3bf187c2,,
deviation,warn,DIA,STX/USD,2,2026-08-23T13:18:00Z,2026-08-23T13:24:00Z,0.1,,0.23467213,3.23,,0x7f1b3eaef56af390f62ae0ae55d22de508395effcb189e0cdb42f81065f15b6c,,
deviation,warn,DIA,STX/USD,2,2026-08-23T14:21:00Z,2026-08-23T14:35:00Z,0.23,,0.23978895,3.68,,0xae529e00fb23a25f82dd92a6f9b1e6eae9573bd9cdb0e9d94b49d0377d7461bb,,
deviation,warn,Arkadiko,STX (token 1),2,2026-08-23T14:42:00Z,2026-08-23T15:01:00Z,0.32,,0.233,2.07,,0x6890335679fd58d5655cb2b4deb936af80bd48aa2a61548c5b3da1d2ba8de5fa,,
deviation,warn,Arkadiko,STX (token 1),2,2026-08-23T16:09:00Z,2026-08-23T18:11:00Z,2.03,,0.2297,5.49,,0x9d60c9108ad5cad4eb93f52f400377b6ed030891d5da36906c0f39cf944ee0fe,,
deviation,warn,Arkadiko,stSTX (token 8),2,2026-08-23T16:09:00Z,2026-08-23T16:52:00Z,0.72,,0.27167,5.61,,0xf3fb91fc2859ac498504ec8403c491e6e89a0dcb0487abeffc4bfd6e420883f4,,
deviation,warn,DIA,STX/USD,2,2026-08-23T16:13:00Z,2026-08-23T16:28:00Z,0.25,,0.23244497,2.76,,0x1489da85bc2cbeeaf8aea15ff773c761e37c9f40fe644d4150a40e7655eafa53,,
frozen,critical,DIA,stSTX/USD,,2026-08-23T16:40:44Z,2026-08-24T02:36:00Z,9.92,29,0.28092627,,7.72,0x07a19a66c8c60e125e7d77413cde64d6d281c4ff2919bd395cc6409cc1a288c3,0x3d61cac398079819638c880290d41b4060b436316a4dd72d50473cccf2ad0d7f,
deviation,critical,Arkadiko,STX (token 1),5,2026-08-23T16:41:00Z,2026-08-23T16:51:00Z,0.17,,0.2297,5.49,,0x9d60c9108ad5cad4eb93f52f400377b6ed030891d5da36906c0f39cf944ee0fe,,
deviation,critical,Arkadiko,stSTX (token 8),5,2026-08-23T16:41:00Z,2026-08-23T16:52:00Z,0.18,,0.27167,5.61,,0xf3fb91fc2859ac498504ec8403c491e6e89a0dcb0487abeffc4bfd6e420883f4,,
silence,info,DIA,BTC/USD,,2026-08-23T17:10:29Z,2026-08-23T18:43:52Z,1.56,,,,,0xb129251b59dfabb63f16489d44f3cc413de899126306096cf69de19e106f6201,0x699f6662de07eff0255001238cd5a3ef57756761a7010bae3666fc5dd705fa85,
silence,info,DIA,STX/USD,,2026-08-23T17:10:29Z,2026-08-23T18:43:52Z,1.56,,,,,0xb129251b59dfabb63f16489d44f3cc413de899126306096cf69de19e106f6201,0x699f6662de07eff0255001238cd5a3ef57756761a7010bae3666fc5dd705fa85,
silence,info,DIA,stSTX/USD,,2026-08-23T17:10:29Z,2026-08-23T18:43:52Z,1.56,,,,,0xb129251b59dfabb63f16489d44f3cc413de899126306096cf69de19e106f6201,0x699f6662de07eff0255001238cd5a3ef57756761a7010bae3666fc5dd705fa85,
silence,info,DIA,USDh/USD,,2026-08-23T17:10:29Z,2026-08-23T18:43:52Z,1.56,,,,,0xb129251b59dfabb63f16489d44f3cc413de899126306096cf69de19e106f6201,0x699f6662de07eff0255001238cd5a3ef57756761a7010bae3666fc5dd705fa85,
deviation,warn,Arkadiko,stSTX (token 8),2,2026-08-23T17:39:00Z,2026-08-23T18:12:00Z,0.55,,0.287776,5.03,,0x838420ebac98b66952cbf9601d0a1ba40cd73e9bfe4ba249bb3e102dac2ccb03,,
deviation,warn,DIA,STX/USD,2,2026-08-23T17:54:00Z,2026-08-23T18:43:00Z,0.82,,0.23926838,3.66,,0xb129251b59dfabb63f16489d44f3cc413de899126306096cf69de19e106f6201,,
deviation,warn,DIA,stSTX/USD,2,2026-08-23T18:07:00Z,2026-08-23T18:27:00Z,0.33,,0.28092627,2.77,,0xb129251b59dfabb63f16489d44f3cc413de899126306096cf69de19e106f6201,,
deviation,warn,Arkadiko,STX (token 1),2,2026-08-23T19:19:00Z,2026-08-23T19:22:00Z,0.05,,0.2319,2.36,,0xe76d842a84a598184778e2b7e7eb7f04a19b81107b40cccc14e3c0e3deded2f2,,
deviation,warn,DIA,stSTX/USD,2,2026-08-23T19:41:00Z,2026-08-23T21:01:00Z,1.33,,0.28092627,3.04,,0x970e11d5efbb80bfaf4d454745c561ffd6f00be38577665766c9fddb30056980,,
deviation,warn,DIA,stSTX/USD,2,2026-08-23T21:43:00Z,2026-08-23T22:35:00Z,0.87,,0.28092627,2.69,,0x177dd187e749aa66e921ab6d10862cf84e9382b2709d9ac12a71e8d3988747f5,,
deviation,warn,Arkadiko,stSTX (token 8),2,2026-08-23T22:04:00Z,2026-08-23T22:18:00Z,0.23,,0.279723,2.25,,0x5cd696d2f11a396ffca1b74c830261282f7aa769e53d61d4c78983d363b8ee19,,
deviation,warn,DIA,stSTX/USD,2,2026-08-24T00:06:00Z,2026-08-24T05:13:00Z,5.12,,0.28092627,6.89,,0xcb7c0ba805028cdfb7e67a2aa45a7246c51c990ae6dd6c7e8c1482e90adad5bd,,
deviation,warn,Arkadiko,STX (token 1),2,2026-08-24T00:15:00Z,2026-08-24T01:02:00Z,0.78,,0.2338,4.35,,0x0b568c555223a78173be26df353dfe802cae75272f570aaec0f5cebb98a8e1b9,,
deviation,warn,Arkadiko,stSTX (token 8),2,2026-08-24T00:16:00Z,2026-08-24T01:03:00Z,0.78,,0.276759,4.44,,0xffcb6a8df3d9bc71ddece6dde4dec5290072a21f56673b5b95264b68f22f0ced,,
silence,info,DIA,stSTX/USD,,2026-08-24T00:41:30Z,2026-08-24T02:36:00Z,1.91,,,,,0x382aee1ae540fd2b6f8aeaf980e5cb4c2e6808261e66d5a49c9666343dadf33a,0x3d61cac398079819638c880290d41b4060b436316a4dd72d50473cccf2ad0d7f,
deviation,critical,DIA,stSTX/USD,5,2026-08-24T00:47:00Z,2026-08-24T04:20:00Z,3.55,,0.28092627,6.89,,0x382aee1ae540fd2b6f8aeaf980e5cb4c2e6808261e66d5a49c9666343dadf33a,,
deviation,warn,DIA,STX/USD,2,2026-08-24T00:53:00Z,2026-08-24T00:57:00Z,0.07,,0.22960998,2.22,,0x382aee1ae540fd2b6f8aeaf980e5cb4c2e6808261e66d5a49c9666343dadf33a,,
deviation,warn,DIA,STX/USD,2,2026-08-24T02:24:00Z,2026-08-24T02:33:00Z,0.15,,0.22218778,2.13,,0xe3cc45791a20efced8fc59ea1197b4cd5be4f5d5422add8e2fdbbe8b8bbbfc79,,
silence,critical,DIA,stSTX/USD,,2026-08-24T02:36:00Z,2026-08-25T02:59:29Z,24.39,,,,,0x3d61cac398079819638c880290d41b4060b436316a4dd72d50473cccf2ad0d7f,0x15eb8a8417587e35cfdd2062472c83010379b2eeedc4ee3b357c9e14f0a73403,
deviation,critical,DIA,stSTX/USD,5,2026-08-24T04:52:00Z,2026-08-24T05:02:00Z,0.17,,0.28092627,5.3,,0x3d61cac398079819638c880290d41b4060b436316a4dd72d50473cccf2ad0d7f,,
deviation,warn,DIA,STX/USD,2,2026-08-24T05:09:00Z,2026-08-24T05:33:00Z,0.4,,0.22610584,5.41,,0x28d723880954f696663dc6fb6673fff3baf7b21d4623f62b0292a7277aaddde8,,
deviation,warn,Arkadiko,STX (token 1),2,2026-08-24T05:09:00Z,2026-08-24T05:46:00Z,0.62,,0.2259,3.28,,0x49de1773b01c903cdaa4dd5aea36bcbd6220a33954f328d83a3352c3f6e9de99,,
deviation,warn,Arkadiko,stSTX (token 8),2,2026-08-24T05:09:00Z,2026-08-24T06:33:00Z,1.4,,0.267649,4.72,,0x2a617b9d65dc932a7614a31a2c4d58defad371a1a09eb33ac65ce0611508b27c,,
deviation,critical,DIA,STX/USD,5,2026-08-24T05:17:00Z,2026-08-24T05:19:00Z,0.03,,0.22610584,5.41,,0x28d723880954f696663dc6fb6673fff3baf7b21d4623f62b0292a7277aaddde8,,
deviation,warn,DIA,stSTX/USD,2,2026-08-24T06:22:00Z,2026-08-24T07:10:00Z,0.8,,0.28092627,2.44,,0x3d61cac398079819638c880290d41b4060b436316a4dd72d50473cccf2ad0d7f,,
deviation,warn,DIA,stSTX/USD,2,2026-08-24T07:41:00Z,2026-08-24T09:03:00Z,1.37,,0.28092627,3,,0x3d61cac398079819638c880290d41b4060b436316a4dd72d50473cccf2ad0d7f,,
deviation,warn,Arkadiko,STX (token 1),2,2026-08-24T09:15:00Z,2026-08-24T09:21:00Z,0.1,,0.2317,2.57,,0x05ab004d64aae6ed8fd39b03b92ea56d68ff4fa69f3d85885167e3a6a6ac53bf,,
deviation,warn,Arkadiko,stSTX (token 8),2,2026-08-24T09:16:00Z,2026-08-24T09:22:00Z,0.1,,0.275139,2.3,,0x576dc81968990b1beb15eb3a5c6cae23c2e686d7d2e92bee1acf00302273f869,,
deviation,warn,DIA,stSTX/USD,2,2026-08-24T11:34:00Z,2026-08-24T13:33:00Z,1.98,,0.28092627,3.64,,0x3d61cac398079819638c880290d41b4060b436316a4dd72d50473cccf2ad0d7f,,
deviation,warn,DIA,STX/USD,2,2026-08-24T11:35:00Z,2026-08-24T11:55:00Z,0.33,,0.2380293,3.31,,0x9fa4bcac63ff7ecfe9b9d821d7980426a9a836bd46c1e38ae7ed295e55183503,,
deviation,warn,Arkadiko,stSTX (token 8),2,2026-08-24T11:35:00Z,2026-08-24T14:51:00Z,3.27,,0.284815,3.38,,0x406b836aa4a7f15049d152cf07316ab7af00e6407ee1025f8beef84f1dd2cf76,,
deviation,warn,Arkadiko,STX (token 1),2,2026-08-24T12:05:00Z,2026-08-24T14:51:00Z,2.77,,0.239,3.31,,0xff0ccd986ba1b2dce5cd17462fac40542ac353d76f1674b919dcdc62cf5c5153,,
deviation,warn,DIA,STX/USD,2,2026-08-24T13:42:00Z,2026-08-24T13:47:00Z,0.08,,0.24303082,3.03,,0x702a9c44e50f26728ab14ccd3112969a625cddbc205adbe1ced63ac1847496c3,,
deviation,warn,DIA,stSTX/USD,2,2026-08-24T14:04:00Z,2026-08-24T14:09:00Z,0.08,,0.28092627,2.35,,0x3d61cac398079819638c880290d41b4060b436316a4dd72d50473cccf2ad0d7f,,
deviation,warn,Arkadiko,stSTX (token 8),2,2026-08-24T15:21:00Z,2026-08-24T15:29:00Z,0.13,,0.27771,2.27,,0x39e8ce991f900716cea2410f303eef00f02c629d6dcc1f2769027c2fa032a963,,
deviation,warn,DIA,stSTX/USD,2,2026-08-24T16:46:00Z,2026-08-25T00:42:00Z,7.93,,0.28092627,6.87,,0x3d61cac398079819638c880290d41b4060b436316a4dd72d50473cccf2ad0d7f,,
deviation,warn,Arkadiko,STX (token 1),2,2026-08-24T16:46:00Z,2026-08-24T17:51:00Z,1.08,,0.237178,5.48,,0x6c833a50dbd7de429adbd662318ed5e843d6af3e85eaeaf173b24d89d0fcb7ec,,
deviation,warn,Arkadiko,stSTX (token 8),2,2026-08-24T16:47:00Z,2026-08-24T17:52:00Z,1.08,,0.279392,3.87,,0x6e548f3152960242f63d9c89802b8c62d18f1a66e5edada1de2309ee771927a1,,
deviation,warn,DIA,STX/USD,2,2026-08-24T16:52:00Z,2026-08-24T16:58:00Z,0.1,,0.23333546,2.73,,0x371d9f6f6a9769677c648a717e6398177a3f6ae0f5c6ddae5e0fe9458a4af850,,
deviation,critical,DIA,stSTX/USD,5,2026-08-24T17:28:00Z,2026-08-24T21:03:00Z,3.58,,0.28092627,6.87,,0x3d61cac398079819638c880290d41b4060b436316a4dd72d50473cccf2ad0d7f,,
deviation,critical,Arkadiko,STX (token 1),5,2026-08-24T17:28:00Z,2026-08-24T17:51:00Z,0.38,,0.237178,5.48,,0x6c833a50dbd7de429adbd662318ed5e843d6af3e85eaeaf173b24d89d0fcb7ec,,
deviation,warn,Arkadiko,STX (token 1),2,2026-08-24T21:12:00Z,2026-08-24T21:41:00Z,0.48,,0.2224,2.93,,0x1cba23d22393c5f9737fdcababb27fe2af010b8bbf41c0529362663b6a05b20a,,
deviation,warn,Arkadiko,STX (token 1),2,2026-08-25T00:54:00Z,2026-08-25T01:35:00Z,0.68,,0.2327,2.87,,0x58b01b393ee96c91d7df7e876985daadfa4684c119e1479e7c2543afd3fcd7f3,,
deviation,warn,Arkadiko,stSTX (token 8),2,2026-08-25T00:54:00Z,2026-08-25T01:35:00Z,0.68,,0.275578,2.87,,0xfad843976ad86ee31714db544d09ac9fa0d63f5761aaf2f40cde3b6031cc3f9e,,
deviation,warn,DIA,STX/USD,2,2026-08-25T02:21:00Z,2026-08-25T02:32:00Z,0.18,,0.23568875,2.73,,0x3e184f599779a21fbf9fa4da295abc2f3d33e8d093dc44e0bf95c0393b4e53dd,,
deviation,warn,Arkadiko,STX (token 1),2,2026-08-25T02:21:00Z,2026-08-25T02:44:00Z,0.38,,0.2355,2.81,,0xdbed0751cce5d089f97c20b6b306d1e29281663cd538cfee9038d2d6cddcff28,,
deviation,warn,Arkadiko,stSTX (token 8),2,2026-08-25T02:21:00Z,2026-08-25T02:44:00Z,0.38,,0.278894,2.81,,0x9bb39aaeca261b11fe62bfbdcc6191d37765cc90f896345d1dd34dfbaafe96ef,,
deviation,warn,DIA,stSTX/USD,2,2026-08-25T02:30:00Z,2026-08-25T02:32:00Z,0.03,,0.28092627,2.1,,0x3d61cac398079819638c880290d41b4060b436316a4dd72d50473cccf2ad0d7f,,
frozen,critical,DIA,stSTX/USD,,2026-08-25T02:59:29Z,2026-08-25T04:27:59Z,1.48,7,0.28180907,,5.48,0x15eb8a8417587e35cfdd2062472c83010379b2eeedc4ee3b357c9e14f0a73403,0xd139e36905b2c6c7714dd0cac407d4a045d137b16aefd214d6fc4b2ff55db7a4,
deviation,warn,Arkadiko,STX (token 1),2,2026-08-25T03:38:00Z,2026-08-25T09:02:00Z,5.4,,0.2355,6.75,,0xdbed0751cce5d089f97c20b6b306d1e29281663cd538cfee9038d2d6cddcff28,,
deviation,warn,Arkadiko,stSTX (token 8),2,2026-08-25T03:38:00Z,2026-08-25T05:12:00Z,1.57,,0.278894,6.92,,0x9bb39aaeca261b11fe62bfbdcc6191d37765cc90f896345d1dd34dfbaafe96ef,,
deviation,warn,DIA,stSTX/USD,2,2026-08-25T04:11:00Z,2026-08-25T08:08:00Z,3.95,,0.28180907,17.46,,0xe8f119b684ad162167de75b0e082e9d4251a212260038eb9679b4e83d90877f3,,
deviation,warn,DIA,STX/USD,2,2026-08-25T04:21:00Z,2026-08-25T04:28:00Z,0.12,,0.24351217,3.25,,0xe8231e7a6d0399da4d35b646e6ef07e7a7f29d8e493553b733d3cf6c51ba3a1f,,
deviation,critical,DIA,stSTX/USD,5,2026-08-25T04:27:00Z,2026-08-25T07:23:00Z,2.93,,0.28180907,17.46,,0xe8231e7a6d0399da4d35b646e6ef07e7a7f29d8e493553b733d3cf6c51ba3a1f,,
silence,warn,DIA,stSTX/USD,,2026-08-25T04:27:59Z,2026-08-25T07:22:26Z,2.91,,,,,0xd139e36905b2c6c7714dd0cac407d4a045d137b16aefd214d6fc4b2ff55db7a4,0x1428afa1f99f9c90d40309097fc53b54f53cddcf37c5eadb0a44a427864b066d,
deviation,warn,DIA,STX/USD,2,2026-08-25T05:07:00Z,2026-08-25T06:16:00Z,1.15,,0.2556893,4.17,,0xb357ac8dbaabd5655427914ab8c920767927c49bfa749d80c1283217be2ccdcd,,
deviation,critical,Arkadiko,stSTX (token 8),5,2026-08-25T05:07:00Z,2026-08-25T05:11:00Z,0.07,,0.292987,6.92,,0x46057db730a37229d3d14e79a7babddc5df803949b9cc63104b838d077781fbb,,
deviation,warn,Arkadiko,stSTX (token 8),2,2026-08-25T06:00:00Z,2026-08-25T07:12:00Z,1.2,,0.318372,6.75,,0x08da0dc30d5815e46de481428e62c9350676fa445a9f9798a6a3b7b384367aa2,,
deviation,critical,Arkadiko,STX (token 1),5,2026-08-25T06:14:00Z,2026-08-25T06:21:00Z,0.12,,0.268836,6.75,,0x04e0f3c0a2596fcd89d2fc87dc31af921e048fdc3416dd15349225e0c6d9570e,,
deviation,critical,Arkadiko,stSTX (token 8),5,2026-08-25T06:14:00Z,2026-08-25T06:22:00Z,0.13,,0.318372,6.75,,0x08da0dc30d5815e46de481428e62c9350676fa445a9f9798a6a3b7b384367aa2,,
deviation,warn,DIA,STX/USD,2,2026-08-25T07:43:00Z,2026-08-25T07:49:00Z,0.1,,0.28024212,4.26,,0xd889b7f585ed750b0ee94cf757835e73df1a7b8d5638e6ace683298c8dfb8eff,,
deviation,warn,Arkadiko,stSTX (token 8),2,2026-08-25T07:43:00Z,2026-08-25T09:03:00Z,1.33,,0.330454,4.5,,0xcfe29b98cd5a229ca51c179ebc8b15a2cb2addfd6a2dc8786545ec5a5ee38bfd,,
frozen,critical,DIA,stSTX/USD,,2026-08-25T08:07:03Z,2026-08-25T09:52:12Z,1.75,8,0.31591024,,1.83,0xca94cfbc203ee781e0e60628fd9d313edabdea1a7f254878de2ac9dd727dd518,0xf651f309f2266cfa5e90344a6b3b90bddfd39bac6b8dbf2353671928f4f72978,
deviation,warn,DIA,stSTX/USD,2,2026-08-25T08:57:00Z,2026-08-25T09:00:00Z,0.05,,0.31591024,2.27,,0x422e6d61bfd901ef7d163c3d811ac45cfd4f4cac967d9575ec08a3f376b9d310,,
frozen,critical,DIA,stSTX/USD,,2026-08-25T10:06:59Z,2026-08-25T14:22:49Z,4.26,18,0.31718828,,5.04,0x537e71e0e092cd152cdce9be49ebfc57e26990e99b1e0a0c0378b83d52e87883,0x32ec12b4d43a2735c09b368ec2e0cb50add0ff8ad9daeb37fb659042e54917c6,
deviation,warn,DIA,STX/USD,2,2026-08-25T10:15:00Z,2026-08-25T10:22:00Z,0.12,,0.27114856,3.73,,0x537e71e0e092cd152cdce9be49ebfc57e26990e99b1e0a0c0378b83d52e87883,,
deviation,warn,DIA,stSTX/USD,2,2026-08-25T10:15:00Z,2026-08-25T10:17:00Z,0.03,,0.31718828,2.46,,0x537e71e0e092cd152cdce9be49ebfc57e26990e99b1e0a0c0378b83d52e87883,,
deviation,warn,Arkadiko,STX (token 1),2,2026-08-25T10:15:00Z,2026-08-25T10:44:00Z,0.48,,0.270495,3.48,,0xf5340e9bd2df4caddeda9aceb35099f11bb5b39e692bafa6e47c2789d2e2c252,,
deviation,warn,Arkadiko,stSTX (token 8),2,2026-08-25T10:15:00Z,2026-08-25T10:44:00Z,0.48,,0.319682,3.27,,0xbc9821447964f539adfc7dd7ef3e7dd2e2b1ef96cd622b98bd0301d7b96e081e,,
deviation,warn,DIA,stSTX/USD,2,2026-08-25T11:54:00Z,2026-08-25T16:14:00Z,4.33,,0.31718828,4.12,,0x65d85b55d6a40fc8f3ca4c39738ca577971638a4bfe1ce1ae29f1c65593e5c38,,
deviation,warn,Arkadiko,STX (token 1),2,2026-08-25T11:55:00Z,2026-08-25T12:28:00Z,0.55,,0.26472,2.91,,0x6f2572fe599776a1524930bd75c138d330480bdd1bf26ab67f3c392242f89792,,
deviation,warn,Arkadiko,stSTX (token 8),2,2026-08-25T11:55:00Z,2026-08-25T12:28:00Z,0.55,,0.313499,2.91,,0xcb0a37896f0411b1ca41af454aef91ca064d5b61e94af7b1fd3dc82625fe2f26,,
frozen,critical,DIA,stSTX/USD,,2026-08-25T14:37:59Z,2026-08-25T21:18:34Z,6.68,28,0.30907838,,3.62,0xa5713f122bbff604cf93f183af5dc81304942d52836fdafdad920fbf97b2157e,0x2ed91f8b897ab699f264652085ae54e43911a8f2a34279919aa68054a8d6283c,
deviation,warn,DIA,STX/USD,2,2026-08-25T14:48:00Z,2026-08-25T14:53:00Z,0.08,,0.26256086,2.18,,0xa5713f122bbff604cf93f183af5dc81304942d52836fdafdad920fbf97b2157e,,
deviation,warn,Arkadiko,STX (token 1),2,2026-08-25T14:48:00Z,2026-08-25T15:02:00Z,0.23,,0.2625,2.66,,0x3f5355f5d36925cbee5af57037bc1533e4ef07ce4c4688d5c4ce40216ad1583d,,
deviation,warn,Arkadiko,stSTX (token 8),2,2026-08-25T14:53:00Z,2026-08-25T15:02:00Z,0.15,,0.309819,2.32,,0x9346298a7cfbd9b467c3c1bba17ffaf60406a9cf7c36d2c520b4baba669d0fc9,,
deviation,warn,Arkadiko,stSTX (token 8),2,2026-08-25T16:14:00Z,2026-08-25T17:02:00Z,0.8,,0.29545,4.75,,0x170ae031a8a783e8956cbbeab04556279d1fdcc406f143c38b836c966cc29cc3,,
deviation,warn,Arkadiko,STX (token 1),2,2026-08-25T17:38:00Z,2026-08-25T18:02:00Z,0.4,,0.258963,3.99,,0x101492a85021783f9d48e8c29a31cab05b7c6ab88f1732e23f73d04ad5ee63d1,,
deviation,warn,DIA,stSTX/USD,2,2026-08-25T17:47:00Z,2026-08-25T18:04:00Z,0.28,,0.30907838,3.24,,0x28df52a2b16ec54faad7cf0beeb9cb275c791ebc92ce14ba166873c26e343e6c,,
deviation,warn,Arkadiko,stSTX (token 8),2,2026-08-25T17:47:00Z,2026-08-25T18:04:00Z,0.28,,0.308501,3.42,,0x4f13a8136a5dd96ba57953459ff4f7a44d4e89bba1c203b9aa948b7fadb42b84,,
deviation,warn,Arkadiko,STX (token 1),2,2026-08-25T18:33:00Z,2026-08-25T19:02:00Z,0.48,,0.2687,2.62,,0x69e21555f7397affc536ebd12dfc807f0595152f862dabbe07682b262d9bb07b,,
deviation,warn,Arkadiko,stSTX (token 8),2,2026-08-25T20:33:00Z,2026-08-25T22:22:00Z,1.82,,0.298586,4.29,,0x1f19800867afd39c4996dcfca27b0e8c36c78c4e5d8c98234817927f0f86c5c2,,
deviation,warn,DIA,stSTX/USD,2,2026-08-25T21:07:00Z,2026-08-25T21:13:00Z,0.1,,0.30907838,2.24,,0xe0d3e635bcdde39a376a23f136408f06ac2173a71134cfdc02ea1adb5923fb59,,
frozen,critical,DIA,stSTX/USD,,2026-08-25T21:33:36Z,2026-08-26T00:03:56Z,2.51,11,0.30664712,,2.22,0x27cf6dfbb0d01d125b0a9b854d93386e91dd23d491d2dcb57861c5019c180929,0xc9f78ff4df7ea70c68a9d1d59498e2ac5846822b143cd3f473abb25822971747,
frozen,critical,DIA,stSTX/USD,,2026-08-26T00:18:37Z,2026-08-26T01:57:30Z,1.65,7,0.30761712,,7.08,0x5e8722fbda176457bc02ce22805a605c3657c4992726ef02fdd6a47d3a41879e,0xc88607a562ba69c287aa12b5c786308b32ff8c4e443d0ea0817a4fd38c1d2e65,
deviation,warn,Arkadiko,STX (token 1),2,2026-08-26T00:30:00Z,2026-08-26T02:22:00Z,1.87,,0.258559,4.46,,0xdf423f9ca639e187dab96d4277890fdad782ebab20e0ef3464922fbb9dd34195,,
deviation,warn,DIA,STX/USD,2,2026-08-26T00:31:00Z,2026-08-26T00:34:00Z,0.05,,0.25891991,2.71,,0x5e8722fbda176457bc02ce22805a605c3657c4992726ef02fdd6a47d3a41879e,,
deviation,warn,DIA,stSTX/USD,2,2026-08-26T00:33:00Z,2026-08-26T05:20:00Z,4.78,,0.30761712,6.08,,0x5e8722fbda176457bc02ce22805a605c3657c4992726ef02fdd6a47d3a41879e,,
deviation,warn,Arkadiko,stSTX (token 8),2,2026-08-26T00:48:00Z,2026-08-26T00:51:00Z,0.05,,0.31056,2.45,,0xbd8b5722fd3de6fca8ebf91ac371eecf7e38b5b370627f377c6e47fbacf10995,,
deviation,critical,DIA,stSTX/USD,5,2026-08-26T01:38:00Z,2026-08-26T02:02:00Z,0.4,,0.30761712,6.08,,0x0117591cf0d0db02214cdfb523f04108097d635f8d77b68f0eff517a7200b261,,
deviation,warn,Arkadiko,stSTX (token 8),2,2026-08-26T01:39:00Z,2026-08-26T03:49:00Z,2.17,,0.318093,4.91,,0x65152fe0277161485c1d025e352e9adfbb417af9db7be8430936de5b012ed0dc,,
frozen,critical,DIA,stSTX/USD,,2026-08-26T02:01:18Z,2026-08-26T02:19:14Z,0.3,3,0.3231572,,2.91,0x7e18c07e8a1e90ea9579c2af3e77b169a8773cd43623dd7d2ef3cc94d6c86135,0x7280cf39133f2fdc3d5becc5abf0b4d048dded1026d93bec637f614147d57753,
deviation,warn,DIA,STX/USD,2,2026-08-26T02:13:00Z,2026-08-26T03:12:00Z,0.98,,0.27393181,2.81,,0x3eed0d4d485fba42766e68ad70d9cad398f359dd6b481832bbfe91fe854c46c8,,
frozen,critical,DIA,stSTX/USD,,2026-08-26T02:51:25Z,2026-08-26T05:04:15Z,2.21,10,0.33752333,,3.03,0x51c7bbe2f8d3bbcd495bb5b8b5833b68e33aa2f8392001aad0f232180005f23c,0x14ec15aa9e80f99a03d1ced2fd2661e2f97351e5882268fdf4877d130d7204fc,
deviation,warn,Arkadiko,STX (token 1),2,2026-08-26T03:04:00Z,2026-08-26T03:50:00Z,0.77,,0.281537,3.05,,0x700acd072a073a474e3a352dfcb16d5fab11cf4f8d049b9d9759f2f4f63ce47c,,
deviation,warn,Arkadiko,stSTX (token 8),2,2026-08-26T04:56:00Z,2026-08-26T05:20:00Z,0.4,,0.332986,3.01,,0xbb607e7fc5e3cc2bdc37b16d111f40b45a8ad48caa616509c49b62da26b5a782,,
deviation,warn,Arkadiko,STX (token 1),2,2026-08-26T04:58:00Z,2026-08-26T05:20:00Z,0.37,,0.2804,2.73,,0x12ecf37141b425a33d482a105540a96d21bba4902e460e336fbccbe2616f5fdd,,
frozen,critical,DIA,stSTX/USD,,2026-08-26T05:19:25Z,2026-08-26T08:49:25Z,3.5,15,0.32513293,,3.4,0x776776181451560572609881bf9b9067bc9aff54b4e21f05f1ee2fb7eae2da11,0x799edf37fd502abd3bbcc53d32505e65a4430ae9d1d3314975f3286123eb8e1e,
deviation,warn,DIA,stSTX/USD,2,2026-08-26T06:00:00Z,2026-08-26T06:17:00Z,0.28,,0.32513293,2.72,,0x7b5714011a10a85f9f99a5b6b929bf4671539eba1476bcc03f5351934a3bda7c,,
deviation,warn,Arkadiko,STX (token 1),2,2026-08-26T07:19:00Z,2026-08-26T08:09:00Z,0.83,,0.2791,2.75,,0xaca76e12bb115d2a8b96386ccb66fb31b4580257ee1f9494e693b6fa4ca195ba,,
deviation,warn,Arkadiko,stSTX (token 8),2,2026-08-26T07:19:00Z,2026-08-26T08:12:00Z,0.88,,0.331313,3,,0x7773637798eaa173f670572b913e2e480c0b079090c553a908c467a44cc2ce53,,
frozen,critical,DIA,stSTX/USD,,2026-08-26T09:04:22Z,2026-08-26T15:22:32Z,6.3,26,0.32306916,,3.84,0x5f1b2dacafad48ec7a35f33caeaadcb3f3ec71faecb999207e37fd9d69e3edd0,0xeed70b879f519504b80cb42bff8dc6cbe7ed8b21648b00dbb1ed414533fa659b,
deviation,warn,DIA,stSTX/USD,2,2026-08-26T09:42:00Z,2026-08-26T11:12:00Z,1.5,,0.32306916,4.41,,0x4d5e02e76c83013b1d8a94612ebb31f8b18681e81e45af54ae025f9b10eff3c0,,
deviation,warn,Arkadiko,stSTX (token 8),2,2026-08-26T09:46:00Z,2026-08-26T11:00:00Z,1.23,,0.310122,2.63,,0x7211d5782de2d5b1048cd3e6fe90b441c3356bd3c0cd27c8ce0800647690167d,,
deviation,warn,Arkadiko,STX (token 1),2,2026-08-26T09:54:00Z,2026-08-26T10:33:00Z,0.65,,0.2714,3.87,,0x1c18a0eaaf55f9225afb3446e591cd8dc0e66878259eac3307287ed1567da684,,
deviation,warn,DIA,STX/USD,2,2026-08-26T10:02:00Z,2026-08-26T10:07:00Z,0.08,,0.26804784,2.28,,0x1b3b4e62acdf52e4f39670065357e3399aaf0f422ac43bcbbe78d5cc0645308b,,
deviation,warn,DIA,stSTX/USD,2,2026-08-26T12:38:00Z,2026-08-26T13:34:00Z,0.93,,0.32306916,3.05,,0xbb52deeee62aecc83398ee3080426dc99211b8141eced29584b994408cd00715,,
deviation,warn,Arkadiko,STX (token 1),2,2026-08-26T13:39:00Z,2026-08-26T14:11:00Z,0.53,,0.265798,3.28,,0x76533c056d21d980471e7a93af11f93293a0aa173ef072600f1d9f2c2a759cbb,,
deviation,warn,Arkadiko,stSTX (token 8),2,2026-08-26T13:39:00Z,2026-08-26T14:12:00Z,0.55,,0.314775,3.28,,0x947df78c5d6f84f08654a9c2db4c426e644365aaf08eae69d6c9790e4d076e02,,
deviation,warn,DIA,stSTX/USD,2,2026-08-26T14:59:00Z,2026-08-26T15:05:00Z,0.1,,0.32306916,2.25,,0x7cc2f71aa9871114633505d6b5b9fb732b8009af922e962b330e07e1409fde47,,
frozen,critical,DIA,stSTX/USD,,2026-08-26T15:37:40Z,2026-08-26T17:52:29Z,2.25,10,0.32288774,,2,0x1bae801e8eb383c761ba0f7dd333d9fbd1131e319a9f2d644d783dd0cca62ec1,0xa2ca1d782bbcb8294fec3ca5ab4c655d672db00c5fda253e196734d57611d866,
deviation,warn,DIA,stSTX/USD,2,2026-08-26T17:36:00Z,2026-08-26T17:38:00Z,0.03,,0.32288774,2.04,,0x7e2830200a83ca9b954e24219cc76b8b6dab6a38bd8e67593415834c84f16309,,
frozen,critical,DIA,stSTX/USD,,2026-08-26T18:07:38Z,2026-08-26T20:07:29Z,2,9,0.32203625,,4.42,0x27e5392fe25805b30d2475c6e0d14331c05bef7206116ba9af6a453b5b5213ca,0x081d0e6faaa20ff1f5f986b95d618a565872182236862c073522aa9cc832c70b,
deviation,warn,Arkadiko,stSTX (token 8),2,2026-08-26T19:08:00Z,2026-08-26T19:23:00Z,0.25,,0.325079,3.28,,0xe367ecb606d8f46fb9d6bca84dc316db177e4734ba1d8eda9bf1181de56efebd,,
deviation,warn,Arkadiko,STX (token 1),2,2026-08-26T19:11:00Z,2026-08-26T19:23:00Z,0.2,,0.27401,2.77,,0x2e00c19d2145334d8b95cb125e42ca70d8e210f8101c9ee098548d145b832fc9,,
deviation,warn,DIA,stSTX/USD,2,2026-08-26T19:12:00Z,2026-08-26T20:23:00Z,1.18,,0.32203625,3.62,,0x5a20c7f6fd666ea30f1ad3dbb563b493a8951fe3504ef4fd24659a84565c99d7,,
deviation,warn,DIA,STX/USD,2,2026-08-26T19:16:00Z,2026-08-26T19:23:00Z,0.12,,0.26947289,2.69,,0x5a20c7f6fd666ea30f1ad3dbb563b493a8951fe3504ef4fd24659a84565c99d7,,
frozen,critical,DIA,stSTX/USD,,2026-08-26T20:22:42Z,2026-08-27T01:39:23Z,5.28,22,0.31359284,,2.62,0x0974df3b67d4f50be98a5aa2a914cb683ec1d40f868cd5591d18f87cfd30f56e,0x00fb4869dea18deacf2f9f4e3f1d3e1ecc5e60c5e9a9d2479c2834393693dab9,
deviation,warn,DIA,stSTX/USD,2,2026-08-26T21:34:00Z,2026-08-26T21:38:00Z,0.07,,0.31359284,2.36,,0x45053ee8fe81473e9ca9b846ff228ba452dc16975da899a91edeaa6e5b66ffbb,,
deviation,warn,DIA,stSTX/USD,2,2026-08-26T23:26:00Z,2026-08-26T23:44:00Z,0.3,,0.31359284,2.86,,0x9d4eb4615fe5f3386e072cf1c449566e0292e38faaed953aba2d6d841f4ebf6e,,
deviation,warn,Arkadiko,stSTX (token 8),2,2026-08-27T00:11:00Z,2026-08-27T00:41:00Z,0.5,,0.319751,3.05,,0xb04ac173345df34ebfd20c7e97bc7bc1dd00338600fc1271509e4f38baa4c451,,
deviation,warn,Arkadiko,STX (token 1),2,2026-08-27T00:12:00Z,2026-08-27T00:41:00Z,0.48,,0.269025,2.67,,0xb15aced60a4f2e7f9085d48e67541290bdcbd80fc886ca59021995c1f40f9d9e,,
frozen,warn,DIA,stSTX/USD,,2026-08-27T01:54:34Z,2026-08-27T02:54:29Z,1,5,0.31181073,,1.93,0x6832ae59e64b2365daca54fc3d84c384ef805c1c700df6eb8c9925e71d6f0040,0x42ee56c7f5c6dafca731deb7548e9813d7d7a4563850e628bc76acbe29711980,
frozen,critical,DIA,stSTX/USD,,2026-08-27T03:24:29Z,2026-08-27T04:24:27Z,1,5,0.30834169,,2.3,0x37f7a2e261bf30a8542baf1b32780739855c4c0d6bd9acf2b9338ba39815071e,0xa73eb7def7162646df02f1b316015bdb32f9f31bc272b1379d971075d593ebc1,
deviation,warn,DIA,stSTX/USD,2,2026-08-27T04:34:00Z,2026-08-27T04:38:00Z,0.07,,0.30834169,2.16,,0xa73eb7def7162646df02f1b316015bdb32f9f31bc272b1379d971075d593ebc1,,
frozen,critical,DIA,stSTX/USD,,2026-08-27T04:39:23Z,2026-08-27T06:39:24Z,2,9,0.30272607,,0.95,0x9caa0d37da3ce096e99b44bee24e4ab4c65ead93cd08ab9db1383d7f3489e1b2,0xd932d0bfdc5941d96645d04829fcdc274d9cfc349d78c39f704353dd1a713e7c,
frozen,warn,DIA,stSTX/USD,,2026-08-27T06:54:37Z,2026-08-27T07:54:30Z,1,5,0.30166721,,1.14,0x1d0817865a932f29402929ea907dc7f01f32a0bb20683c5e093f959c885d9a6d,0x58fc98bba464253a590e475e44409b0b4b1497ac952f1aaad2afc722cd6bf8d9,
deviation,warn,DIA,stSTX/USD,2,2026-08-27T08:04:00Z,2026-08-27T08:39:00Z,0.58,,0.30166721,2.64,,0x58fc98bba464253a590e475e44409b0b4b1497ac952f1aaad2afc722cd6bf8d9,,
deviation,warn,DIA,STX/USD,2,2026-08-27T08:06:00Z,2026-08-27T08:10:00Z,0.07,,0.25538169,2.32,,0x58fc98bba464253a590e475e44409b0b4b1497ac952f1aaad2afc722cd6bf8d9,,
deviation,warn,Arkadiko,stSTX (token 8),2,2026-08-27T08:06:00Z,2026-08-27T09:21:00Z,1.25,,0.302579,2.62,,0x374ba5e57be8e6138021611721d126217cbb925f5a80fc319c848f5b94133824,,
deviation,warn,Arkadiko,STX (token 1),2,2026-08-27T08:09:00Z,2026-08-27T08:46:00Z,0.62,,0.2559,2.46,,0x39c29d98ae39d48304ceabaaf57842f86dedfbb7b0fa8de4e6227855d381bd3b,,
frozen,critical,DIA,stSTX/USD,,2026-08-27T08:39:26Z,2026-08-27T20:09:25Z,11.5,47,0.30827913,,3.11,0x7ac4745cb1cec8baef201c1e9a119818449b1d1a1a1a7a72e0d546aabd51e201,0xa145bb48d490e0d8019dd464164b18f5e64f149a893067c9480ac56c500d3c3f,
deviation,warn,DIA,stSTX/USD,2,2026-08-27T10:26:00Z,2026-08-27T11:56:00Z,1.5,,0.30827913,3.18,,0x9dc3d8a4a8a5a1eced8e656ea00ab7dd4c43f0fba000c327a5a18e7c75ac5de8,,
deviation,warn,Arkadiko,stSTX (token 8),2,2026-08-27T10:37:00Z,2026-08-27T10:40:00Z,0.05,,0.307095,2.08,,0xa7ff95f30e1171fb29924ae8e415ce4d862c9ad2dd3f492ab46e028f673639d0,,
deviation,warn,DIA,stSTX/USD,2,2026-08-27T17:26:00Z,2026-08-27T17:36:00Z,0.17,,0.30827913,2.43,,0x8f9f35aac277dd200f4d6b81d094def55304aca8b2d39549e5793ca7918cf20c,,
deviation,warn,Arkadiko,STX (token 1),2,2026-08-27T17:28:00Z,2026-08-27T17:33:00Z,0.08,,0.260487,2.36,,0x518bc25d050dfa682be227b0653d5bb1238532af7c8b969600253518ed5ef866,,
deviation,warn,Arkadiko,stSTX (token 8),2,2026-08-27T17:28:00Z,2026-08-27T17:32:00Z,0.07,,0.30874,2.28,,0x10552a52d79dc847d7aa6a83bfef202bdcc856ebe96be9747b64d4ba1cac1bb3,,
deviation,warn,Arkadiko,STX (token 1),2,2026-08-27T18:13:00Z,2026-08-27T19:21:00Z,1.13,,0.264196,3.44,,0x84e37c67c6b2a57d2e11bf65315060218a30a28e900e6491c33933274b151278,,
deviation,warn,DIA,STX/USD,2,2026-08-27T18:21:00Z,2026-08-27T18:25:00Z,0.07,,0.26232876,2.11,,0xa70557880920e55256b1a1a056a45cb9e14a4245506ed6e18d1d4dfbf6650290,,
deviation,warn,Arkadiko,stSTX (token 8),2,2026-08-27T18:21:00Z,2026-08-27T19:21:00Z,1,,0.31206,3.17,,0x15ee73b76f1ccaf6e94ea553561329fdb9a9fc3b5d13e074cf74837f6c5aa20d,,
deviation,warn,DIA,stSTX/USD,2,2026-08-27T20:04:00Z,2026-08-27T20:25:00Z,0.35,,0.30827913,2.35,,0x8a629a98df388be77577874500aab8b24aa4ad76fcf0ef8958575d8772693cb0,,
frozen,critical,DIA,stSTX/USD,,2026-08-27T20:24:30Z,2026-08-28T00:09:33Z,3.75,16,0.30238939,,0.88,0x774a02e7c22cb0c8cde0103641e1f802533c48668a2b41cf166d630624889f05,0xc90d45adba6fcaa499275f29b68032feab08cc075cb89d676f742cdcee84f2f2,
frozen,critical,DIA,stSTX/USD,,2026-08-28T00:24:31Z,2026-08-28T01:54:33Z,1.5,7,0.30037262,,4.19,0x9c6b3ae3f5404f2d724e8729654ae5a82249e73475bc644ab1b291c7c527ab82,0xc0b9bffaf2a5a99ac91370f8dae0b4f65514cbb98fa4c585418d97ed74920aed,
deviation,warn,DIA,stSTX/USD,2,2026-08-28T01:07:00Z,2026-08-28T02:38:00Z,1.52,,0.30037262,5.01,,0xecc49f73ddcb8f5521f14c909e070fc138efa27fec52a21ab967cf0ee2b0b078,,
deviation,warn,DIA,STX/USD,2,2026-08-28T01:09:00Z,2026-08-28T01:25:00Z,0.27,,0.25389325,2.39,,0xecc49f73ddcb8f5521f14c909e070fc138efa27fec52a21ab967cf0ee2b0b078,,
deviation,warn,Arkadiko,STX (token 1),2,2026-08-28T01:16:00Z,2026-08-28T03:28:00Z,2.2,,0.2559,4.16,,0x7b718d6499b4bc176517251808a08002564ebed776ad9d769702a1724f0aed67,,
deviation,warn,Arkadiko,stSTX (token 8),2,2026-08-28T01:16:00Z,2026-08-28T03:28:00Z,2.2,,0.30282,4.23,,0x27abcecbfd97271156503cdc6e46ba68a2b1e3c766a18da6278ef196ed257f55,,
deviation,critical,DIA,stSTX/USD,5,2026-08-28T01:36:00Z,2026-08-28T01:38:00Z,0.03,,0.30037262,5.01,,0xf2faecc10960a61d3015f704cb76db3f8c72d6fff65285b7bd0880aefffe60a6,,
silence,warn,DIA,stSTX/USD,,2026-08-28T01:54:33Z,2026-08-28T05:48:29Z,3.9,,,,,0xc0b9bffaf2a5a99ac91370f8dae0b4f65514cbb98fa4c585418d97ed74920aed,0xc270061dafa79099e7e9bf2d836df093f22cfb02f78111d2e20da84c569acf79,
deviation,warn,DIA,stSTX/USD,2,2026-08-28T03:15:00Z,2026-08-28T05:49:00Z,2.57,,0.30037262,4.05,,0xc0b9bffaf2a5a99ac91370f8dae0b4f65514cbb98fa4c585418d97ed74920aed,,
deviation,warn,DIA,STX/USD,2,2026-08-28T03:19:00Z,2026-08-28T03:25:00Z,0.1,,0.25612771,2.43,,0xeeb69449faa6955e9550527393ed4f63a203e932a51048aaac70d8a7aad93e3c,,
deviation,warn,Arkadiko,STX (token 1),2,2026-08-28T04:01:00Z,2026-08-28T04:21:00Z,0.33,,0.2566,2.93,,0x0de28795d6134fefaa0b0192d992d865f8f8935b2cbfe2a8db3de9337cf779b8,,
deviation,warn,Arkadiko,stSTX (token 8),2,2026-08-28T04:01:00Z,2026-08-28T04:22:00Z,0.35,,0.303907,2.92,,0x7e92465a03cde081a9e15b9d6e1ba48d472a3a233d270674fff7244371f02503,,
frozen,warn,DIA,stSTX/USD,,2026-08-28T06:09:27Z,2026-08-28T07:39:32Z,1.5,7,0.30736219,,0.63,0x8083d10b1f06fce60315cb3b34950783eeb707d3a4bcce5e9c50914196385d16,0xab4fbd3564c86c6cc740eed3f005ef380c6e382569b735608d52cc56d1920c0b,
frozen,critical,DIA,stSTX/USD,,2026-08-28T07:54:33Z,2026-08-28T09:25:57Z,1.52,7,0.3064054,,2.64,0x428992e3ccba6aaa653892619a72d98bf45c0e1935a291aae3c2b0bba08ac109,0xbffdf99ec5afb65ad6e1dcfd77bf53bafba9c15208e5f48c3a16ef5c9eacfd94,
deviation,warn,DIA,stSTX/USD,2,2026-08-28T08:06:00Z,2026-08-28T14:02:00Z,5.93,,0.3064054,4.34,,0x428992e3ccba6aaa653892619a72d98bf45c0e1935a291aae3c2b0bba08ac109,,
deviation,warn,Arkadiko,stSTX (token 8),2,2026-08-28T08:06:00Z,2026-08-28T08:41:00Z,0.58,,0.307669,2.77,,0x5325d63de8ebbc97d186bccf873359a8a53236100564528c7369ec70ea55c742,,
deviation,warn,Arkadiko,STX (token 1),2,2026-08-28T08:13:00Z,2026-08-28T08:33:00Z,0.33,,0.2606,2.47,,0x96a95a0efded3d4b53f30e848e01aa55af51654fc3a54d1593f7d84f2ea45d96,,
frozen,critical,DIA,stSTX/USD,,2026-08-28T09:44:00Z,2026-08-28T14:20:55Z,4.62,18,0.3121493,,3.89,0x8a77f695750e5d416d81f301c6a1832f7cc9348af95d8654dd98e6ad8f49231e,0xee6dc38a0dd14a1b3d69fb9e99275635a02eb6cf45cd3f1592188eab07ba471e,
deviation,warn,DIA,STX/USD,2,2026-08-28T10:15:00Z,2026-08-28T10:18:00Z,0.05,,0.26581272,2.07,,0x8de63aafd41cc831b1da1985694e70cf3e32e620eeae928824a31fc56aadbd16,,
deviation,warn,Arkadiko,STX (token 1),2,2026-08-28T14:07:00Z,2026-08-28T15:02:00Z,0.92,,0.27113,2.66,,0x831c5ac992b4621828c0e5d2df91fcd2efb1b83c6a3b2c8a686a409e875feab5,,
deviation,warn,Arkadiko,stSTX (token 8),2,2026-08-28T14:07:00Z,2026-08-28T15:02:00Z,0.92,,0.321099,2.66,,0xc6ee46333f03a2aafcd58493d409cc1b83213e47a16b8c08f65e235122cd4fa0,,
frozen,critical,DIA,stSTX/USD,,2026-08-28T14:38:57Z,2026-08-28T23:57:03Z,9.3,35,0.31426993,,7.56,0x62dfbd27370d3e7c388cbfe5547b89ac69fe64b9d157f08099aa07e533be9ef3,0x0a88a79b1a1f0414426d6ef195c8cf5911dab1acc68549e8d64f210f59cf9142,
deviation,warn,DIA,STX/USD,2,2026-08-28T16:11:00Z,2026-08-28T16:41:00Z,0.5,,0.26545227,5.44,,0x00d1dc4944745d09b6a3fd1326f4438f6468f6cf77b01e8752e3f9b409790be9,,
deviation,warn,DIA,stSTX/USD,2,2026-08-28T16:11:00Z,2026-08-28T23:19:00Z,7.13,,0.31426993,6.76,,0x00d1dc4944745d09b6a3fd1326f4438f6468f6cf77b01e8752e3f9b409790be9,,
deviation,warn,Arkadiko,STX (token 1),2,2026-08-28T16:11:00Z,2026-08-28T17:12:00Z,1.02,,0.265339,6.75,,0x0b7c1261e10f755e9840fa22f1d9470362ea987a79a7d0d805de7a914b095424,,
deviation,warn,Arkadiko,BTC (token 2),2,2026-08-28T16:11:00Z,2026-08-28T16:43:00Z,0.53,,79541.24466,3.14,,0xadf394d7840fbd75113bcfafb2c6bbd29c15a5435a53ae1c7d5b23ff86cdb1e9,,
deviation,warn,Arkadiko,stSTX (token 8),2,2026-08-28T16:11:00Z,2026-08-28T16:31:00Z,0.33,,0.314241,6.75,,0x596442602e8cffda66b79b31ff89b2720b68062edddc1a87ffc0f0e2619405cf,,
deviation,critical,DIA,stSTX/USD,5,2026-08-28T16:23:00Z,2026-08-28T16:35:00Z,0.2,,0.31426993,6.76,,0x724c841bf9bcaea996ef80b02b64d84275eb59add7f1c545c7fecb6f2d4ce7e2,,
deviation,critical,Arkadiko,STX (token 1),5,2026-08-28T16:23:00Z,2026-08-28T16:31:00Z,0.13,,0.265339,6.75,,0x0b7c1261e10f755e9840fa22f1d9470362ea987a79a7d0d805de7a914b095424,,
deviation,critical,Arkadiko,stSTX (token 8),5,2026-08-28T16:23:00Z,2026-08-28T16:31:00Z,0.13,,0.314241,6.75,,0x596442602e8cffda66b79b31ff89b2720b68062edddc1a87ffc0f0e2619405cf,,
deviation,critical,DIA,STX/USD,5,2026-08-28T16:24:00Z,2026-08-28T16:26:00Z,0.03,,0.26208058,5.44,,0x724c841bf9bcaea996ef80b02b64d84275eb59add7f1c545c7fecb6f2d4ce7e2,,
deviation,warn,Arkadiko,STX (token 1),2,2026-08-28T19:23:00Z,2026-08-28T19:37:00Z,0.23,,0.2535,2.67,,0xa769ec4836e184c5bf5b6321576e9071e1c71f1588daf766fa1a6900eb6f596f,,
deviation,warn,Arkadiko,stSTX (token 8),2,2026-08-28T19:25:00Z,2026-08-28T19:37:00Z,0.2,,0.300339,2.63,,0x8ff1bad5790e1371c7e6b9e9f977b7ae4da9f218e95a617c3da7295a55e6cdf1,,
deviation,warn,Arkadiko,STX (token 1),2,2026-08-28T23:30:00Z,2026-08-28T23:37:00Z,0.12,,0.257979,2.22,,0x0ddecbe4b5f842c7e631fee99bbf4fa4bd3d599bd6a7a29ee02f29a5bb79d929,,
deviation,warn,Arkadiko,stSTX (token 8),2,2026-08-28T23:30:00Z,2026-08-28T23:37:00Z,0.12,,0.30567,2.18,,0x388f7b965137b8dacd0dd7bef8e4679437c18fe81f1b254d22f990a390a3ae2e,,
deviation,warn,DIA,stSTX/USD,2,2026-08-28T23:55:00Z,2026-08-29T00:12:00Z,0.28,,0.31426993,2.43,,0xdfa11ed68f159d4f80824d39ecd87e7600399015d3b24e098c3850286b2a3bd5,,
frozen,warn,DIA,stSTX/USD,,2026-08-29T00:11:32Z,2026-08-29T00:41:43Z,0.5,3,0.30691208,,1.08,0xc7b4831c9e9252d75ca71410e5b5713529881d7fafd0b4b034dd58091dc3c047,0xafb00907c1910eb746be2325b87985d9f987243411147886c2fad5a2224e7124,
silence,critical,DIA,stSTX/USD,,2026-08-29T00:41:43Z,2026-08-30T01:07:10Z,24.42,,,,,0xafb00907c1910eb746be2325b87985d9f987243411147886c2fad5a2224e7124,0x21143c2e979842a13a97cd674d0cab9bd19e2dcbf9c175aff9b21fb85ab5db09,
deviation,warn,DIA,stSTX/USD,2,2026-08-29T00:57:00Z,2026-08-30T01:08:00Z,24.18,,0.30691208,8.12,,0xafb00907c1910eb746be2325b87985d9f987243411147886c2fad5a2224e7124,,
deviation,warn,DIA,STX/USD,2,2026-08-29T01:04:00Z,2026-08-29T01:12:00Z,0.13,,0.25647907,4.47,,0xafb00907c1910eb746be2325b87985d9f987243411147886c2fad5a2224e7124,,
deviation,warn,Arkadiko,STX (token 1),2,2026-08-29T01:05:00Z,2026-08-29T02:02:00Z,0.95,,0.25551,4.93,,0x27094d8f9aeded9a37b35b2cd7dcbf74a3a9b867a223f880854d69d34ae1c97b,,
deviation,warn,Arkadiko,stSTX (token 8),2,2026-08-29T01:05:00Z,2026-08-29T02:32:00Z,1.45,,0.302603,4.93,,0xeb59bd15c8673c0ba4dfea3b690f2be18a07c66c7e9d527172b332dd9db3d34b,,
deviation,critical,DIA,stSTX/USD,5,2026-08-29T01:10:00Z,2026-08-29T01:32:00Z,0.37,,0.30691208,6.43,,0xafb00907c1910eb746be2325b87985d9f987243411147886c2fad5a2224e7124,,
deviation,warn,Arkadiko,STX (token 1),2,2026-08-29T05:39:00Z,2026-08-29T05:42:00Z,0.05,,0.2504,2.21,,0x7ca8f7173e4df3114b31b66f6762c4208fa05ced97b96268c1e9272b6a4b6706,,
deviation,critical,DIA,stSTX/USD,5,2026-08-29T09:56:00Z,2026-08-29T14:45:00Z,4.82,,0.30691208,7.09,,0xafb00907c1910eb746be2325b87985d9f987243411147886c2fad5a2224e7124,,
deviation,warn,Arkadiko,STX (token 1),2,2026-08-29T11:43:00Z,2026-08-29T11:45:00Z,0.03,,0.247067,2.1,,0xf84113dd3551b1776cf9f8fe031e3858a8639f394cca8634233d4d3426b8272f,,
deviation,critical,DIA,stSTX/USD,5,2026-08-29T15:18:00Z,2026-08-30T01:08:00Z,9.83,,0.30691208,8.12,,0xafb00907c1910eb746be2325b87985d9f987243411147886c2fad5a2224e7124,,
frozen,critical,DIA,stSTX/USD,,2026-08-30T01:07:10Z,2026-08-30T03:43:42Z,2.61,12,0.28838604,,3.32,0x21143c2e979842a13a97cd674d0cab9bd19e2dcbf9c175aff9b21fb85ab5db09,0x660f0270371adcd923422ed5554dadf7e508b14e1bf9805523d9b6248ea3da37,
deviation,warn,Arkadiko,STX (token 1),2,2026-08-30T02:02:00Z,2026-08-30T03:41:00Z,1.65,,0.245317,3.59,,0x70fae1c9af6e5525b16de123149344c16c2442d2ecde07dc073f852505f16871,,
deviation,warn,Arkadiko,stSTX (token 8),2,2026-08-30T02:02:00Z,2026-08-30T03:41:00Z,1.65,,0.290539,3.59,,0xbcdee5ff96bc45ec9e6e3ac9c6fe26eee1a4c7a688ce7dfd5e3d5f31603424a9,,
deviation,warn,DIA,STX/USD,2,2026-08-30T02:06:00Z,2026-08-30T02:11:00Z,0.08,,0.24415651,3.1,,0x504305b854a7ac4e71f449af7fec65544686724dc51b4c279e7a655669710681,,
deviation,warn,DIA,stSTX/USD,2,2026-08-30T02:06:00Z,2026-08-30T02:16:00Z,0.17,,0.28838604,2.82,,0x504305b854a7ac4e71f449af7fec65544686724dc51b4c279e7a655669710681,,
frozen,critical,DIA,stSTX/USD,,2026-08-30T03:56:42Z,2026-08-30T06:26:41Z,2.5,11,0.28798174,,1.24,0x54551cd94bd2f8c25aaf43acfe0b4ef0dc22fc2caec5a9f9c1134695d487b4ed,0x895fd3ec7d4b1f297fc2b35e140fd3c8b1af0abb4363a4a8d950e8bdf03b3743,
silence,warn,DIA,stSTX/USD,,2026-08-30T06:26:41Z,2026-08-30T08:34:23Z,2.13,,,,,0x895fd3ec7d4b1f297fc2b35e140fd3c8b1af0abb4363a4a8d950e8bdf03b3743,0x20b7183425a0930c42623558c14faea0fd813dce244a49149eb759d701d49eb3,
frozen,critical,DIA,stSTX/USD,,2026-08-30T08:34:23Z,2026-08-30T12:34:10Z,4,18,0.2877597,,3.25,0x20b7183425a0930c42623558c14faea0fd813dce244a49149eb759d701d49eb3,0xe891c0278ea736dba2e6525e9cf713c104c99cf05bb684e1fa29726387317fd5,
deviation,warn,DIA,stSTX/USD,2,2026-08-30T12:10:00Z,2026-08-30T12:49:00Z,0.65,,0.2877597,3.65,,0xef91f25339b51b0ff4480e49da585df7af61a1e28d44636dd42ddf48e23e5545,,
deviation,warn,DIA,STX/USD,2,2026-08-30T12:15:00Z,2026-08-30T12:22:00Z,0.12,,0.24505416,2.63,,0xef91f25339b51b0ff4480e49da585df7af61a1e28d44636dd42ddf48e23e5545,,
deviation,warn,Arkadiko,STX (token 1),2,2026-08-30T12:15:00Z,2026-08-30T12:31:00Z,0.27,,0.244054,3.16,,0xbd63e2300b74f56619ce352f9dcfcc466d2f691646632da374e52750f874b0da,,
deviation,warn,Arkadiko,stSTX (token 8),2,2026-08-30T12:19:00Z,2026-08-30T12:32:00Z,0.22,,0.291905,2.27,,0x377e8aedef03071d3c668b7418e59e0e914bd9cdc2d702805ca5c2c7ea776c4f,,
frozen,critical,DIA,stSTX/USD,,2026-08-30T12:49:09Z,2026-08-30T18:22:45Z,5.56,23,0.29609121,,1.99,0x45fe6683c62163cbefc7653181b2d905778b45215a995ec500b1467446cf10a3,0x275b87b204dc771a7387dd24c6bbb491e1c5b79417b935921004d6feba4242d1,
deviation,warn,DIA,stSTX/USD,2,2026-08-30T15:51:00Z,2026-08-30T18:30:00Z,2.65,,0.29609121,2.97,,0x319b7d98a5c61ae52b21d04ecc4c164f25f731eb9eebb6f8b08d1e7f45a3a68e,,
frozen,critical,DIA,stSTX/USD,,2026-08-30T18:38:47Z,2026-08-31T02:23:46Z,7.75,32,0.28818928,,4.85,0x02ea1319eca33771000374ad22e217a766a9d372029ed918fe3f1b23b8c41099,0x1c3e195d2a796e14ac392a85dbf0e115e08a94347bf4e83950c0a0dedf7724cf,
deviation,warn,DIA,stSTX/USD,2,2026-08-30T23:29:00Z,2026-08-31T00:38:00Z,1.15,,0.28818928,4.01,,0xab1fe881bdc657d310672ac18d8c8e1c87a2b25b9353aa7ca7d9ef2120fe504f,,
deviation,warn,Arkadiko,STX (token 1),2,2026-08-30T23:44:00Z,2026-08-31T00:11:00Z,0.45,,0.2405,2.8,,0x467e2ded840c9eac9645947c1a816fa5546e35e07d12be98680fb96f7c854f58,,
deviation,warn,Arkadiko,stSTX (token 8),2,2026-08-30T23:44:00Z,2026-08-31T00:11:00Z,0.45,,0.28484,2.8,,0x093ee3c95162b8e6cbc02ef4b3355c5374d47be4ec0c39bdf3ed14d8e7954cf7,,
deviation,warn,DIA,STX/USD,2,2026-08-31T00:46:00Z,2026-08-31T00:54:00Z,0.13,,0.2386276,2.07,,0x4cdd8a0b06eefb0493e21dd58d28390869fd7da0306b71a5f505aca247b72ebb,,
deviation,warn,Arkadiko,stSTX (token 8),2,2026-08-31T00:46:00Z,2026-08-31T01:24:00Z,0.63,,0.282352,2.42,,0x0295ceced6af978254c8b71a242a945e14e306afc448470b8963919edb8cce9e,,
deviation,warn,DIA,stSTX/USD,2,2026-08-31T01:57:00Z,2026-08-31T02:57:00Z,1,,0.28818928,2.36,,0x6a6b7f9c1698a0b35b3d6e7395ed1f9db2de86cd6ef7d5f96ff3b58dc92cf34a,,
silence,critical,DIA,stSTX/USD,,2026-08-31T02:23:46Z,2026-08-31T13:58:02Z,11.57,,,,,0x1c3e195d2a796e14ac392a85dbf0e115e08a94347bf4e83950c0a0dedf7724cf,0x40f75aaed17cfd2247ef1afe69b26e3651909d12cf268a62b72185d784ad5351,
deviation,warn,DIA,stSTX/USD,2,2026-08-31T05:46:00Z,2026-08-31T07:38:00Z,1.87,,0.28818928,3.04,,0x1c3e195d2a796e14ac392a85dbf0e115e08a94347bf4e83950c0a0dedf7724cf,,
deviation,warn,Arkadiko,STX (token 1),2,2026-08-31T06:05:00Z,2026-08-31T06:30:00Z,0.42,,0.244858,2.24,,0x0b1b6273a48a9e4e9a2bda94b9a059e1d122104911635594e8233f68f13caf37,,
deviation,warn,DIA,stSTX/USD,2,2026-08-31T08:29:00Z,2026-08-31T09:32:00Z,1.05,,0.28818928,2.75,,0x1c3e195d2a796e14ac392a85dbf0e115e08a94347bf4e83950c0a0dedf7724cf,,
deviation,warn,DIA,stSTX/USD,2,2026-08-31T12:04:00Z,2026-08-31T13:43:00Z,1.65,,0.28818928,3,,0x1c3e195d2a796e14ac392a85dbf0e115e08a94347bf4e83950c0a0dedf7724cf,,
deviation,warn,DIA,STX/USD,2,2026-08-31T12:10:00Z,2026-08-31T12:12:00Z,0.03,,0.24542718,2.17,,0x64948358a5fcff2d78466cb998f4642f22cd511b54694b8ed977d460f3b0d0e0,,
frozen,critical,DIA,stSTX/USD,,2026-08-31T13:58:02Z,2026-09-01T05:37:51Z,15.66,63,0.29122173,,4.56,0x40f75aaed17cfd2247ef1afe69b26e3651909d12cf268a62b72185d784ad5351,0x63aa71372d49c5af75a43ef5444ed6ed9a09a8898676c4c566a94daa8a295fb5,
deviation,warn,DIA,stSTX/USD,2,2026-08-31T17:18:00Z,2026-08-31T17:23:00Z,0.08,,0.29122173,2.45,,0x08717ddcecfbae0727f9bc7a91e5c67785b94b5dbbeec7916f534f7aced1c9a2,,
deviation,warn,DIA,stSTX/USD,2,2026-08-31T18:18:00Z,2026-08-31T21:01:00Z,2.72,,0.29122173,2.63,,0x060779bf0ac435207a9aebf378e724fbcc64ca6200587831433044c5fa049e55,,
deviation,warn,DIA,stSTX/USD,2,2026-08-31T21:48:00Z,2026-09-01T06:42:00Z,8.9,,0.29122173,4.66,,0x78e3f77ab43121bd633ab63d6b990d4251db4219c11fb4a13c431cb65d337bd6,,
silence,critical,DIA,stSTX/USD,,2026-09-01T05:37:51Z,2026-09-02T09:08:51Z,27.52,,,,,0x63aa71372d49c5af75a43ef5444ed6ed9a09a8898676c4c566a94daa8a295fb5,0xf28a7dff1100b6c70d9539fd882d204091d3fbdd86a26c5afd1969b3713248d1,
deviation,warn,DIA,stSTX/USD,2,2026-09-01T07:23:00Z,2026-09-01T08:24:00Z,1.02,,0.29122173,2.52,,0x63aa71372d49c5af75a43ef5444ed6ed9a09a8898676c4c566a94daa8a295fb5,,
deviation,warn,DIA,stSTX/USD,2,2026-09-01T09:56:00Z,2026-09-02T00:28:00Z,14.53,,0.29122173,7.28,,0x63aa71372d49c5af75a43ef5444ed6ed9a09a8898676c4c566a94daa8a295fb5,,
deviation,critical,DIA,stSTX/USD,5,2026-09-01T14:34:00Z,2026-09-01T18:03:00Z,3.48,,0.29122173,7.28,,0x63aa71372d49c5af75a43ef5444ed6ed9a09a8898676c4c566a94daa8a295fb5,,
deviation,warn,Arkadiko,STX (token 1),2,2026-09-01T14:49:00Z,2026-09-01T14:58:00Z,0.15,,0.2578,2.58,,0x8f5972f2310cd5db2d5fad4bf85422a2eea84c50f3fb73246925d0e2052311d1,,
deviation,warn,Arkadiko,stSTX (token 8),2,2026-09-01T14:50:00Z,2026-09-01T14:57:00Z,0.12,,0.305681,2.47,,0xcc543d3a25b769471acfe7ea689208e9cf992d1bdac94d646c3e3b1d6a75459c,,
deviation,warn,Arkadiko,STX (token 1),2,2026-09-01T18:17:00Z,2026-09-01T18:21:00Z,0.07,,0.262147,2.16,,0xb60c09f526ca9cc22891ba87ed9687ed80603df88cc2750d69c840a1c1159177,,
deviation,warn,Arkadiko,stSTX (token 8),2,2026-09-01T18:17:00Z,2026-09-01T18:22:00Z,0.08,,0.31049,2.16,,0xef7bfe79445b461d2510ccb56c09f40e3955d95059c595cad7f3cb4a927ce77d,,
deviation,critical,DIA,stSTX/USD,5,2026-09-01T18:50:00Z,2026-09-01T19:06:00Z,0.27,,0.29122173,5.39,,0x63aa71372d49c5af75a43ef5444ed6ed9a09a8898676c4c566a94daa8a295fb5,,
deviation,critical,DIA,stSTX/USD,5,2026-09-01T22:47:00Z,2026-09-01T22:54:00Z,0.12,,0.29122173,5.22,,0x63aa71372d49c5af75a43ef5444ed6ed9a09a8898676c4c566a94daa8a295fb5,,
deviation,warn,Arkadiko,STX (token 1),2,2026-09-02T00:28:00Z,2026-09-02T01:18:00Z,0.83,,0.256,2.53,,0x5f852f1300abef4519e49df45313621587705176614bd843e8bfca0a7608803a,,
deviation,warn,Arkadiko,stSTX (token 8),2,2026-09-02T00:28:00Z,2026-09-02T01:18:00Z,0.83,,0.303212,2.53,,0xf5db11cea42f54bd024bc07438b2e476a28162e0dc8eca9575796ccaec07a374,,
deviation,warn,DIA,stSTX/USD,2,2026-09-02T01:18:00Z,2026-09-02T09:09:00Z,7.85,,0.29122173,6.5,,0x63aa71372d49c5af75a43ef5444ed6ed9a09a8898676c4c566a94daa8a295fb5,,
deviation,warn,Arkadiko,STX (token 1),2,2026-09-02T02:29:00Z,2026-09-02T03:32:00Z,1.05,,0.250734,3.66,,0x141e4fa55d7c3ce240d95becceda71e2fa199caed2d60cbf9492ebabb75470ef,,
deviation,warn,Arkadiko,stSTX (token 8),2,2026-09-02T02:29:00Z,2026-09-02T03:32:00Z,1.05,,0.296975,3.66,,0x81e602f7e75130df43e732e60c4993ce545033a1e5c2bc346ee8b8f4ced1172a,,
deviation,critical,DIA,stSTX/USD,5,2026-09-02T03:11:00Z,2026-09-02T04:03:00Z,0.87,,0.29122173,5.52,,0x63aa71372d49c5af75a43ef5444ed6ed9a09a8898676c4c566a94daa8a295fb5,,
deviation,critical,DIA,stSTX/USD,5,2026-09-02T04:33:00Z,2026-09-02T06:04:00Z,1.52,,0.29122173,6.5,,0x63aa71372d49c5af75a43ef5444ed6ed9a09a8898676c4c566a94daa8a295fb5,,
deviation,critical,DIA,stSTX/USD,5,2026-09-02T07:03:00Z,2026-09-02T08:38:00Z,1.58,,0.29122173,5.37,,0x63aa71372d49c5af75a43ef5444ed6ed9a09a8898676c4c566a94daa8a295fb5,,
frozen,critical,DIA,stSTX/USD,,2026-09-02T09:08:51Z,2026-09-03T00:57:29Z,15.81,64,0.30376707,,2.52,0xf28a7dff1100b6c70d9539fd882d204091d3fbdd86a26c5afd1969b3713248d1,0xe9957fbc9864be8c2621ef577e5830eb2434d1c54a8db92ff364f1b9d0175e2b,
deviation,warn,Arkadiko,STX (token 1),2,2026-09-02T11:39:00Z,2026-09-02T11:58:00Z,0.32,,0.253686,2.33,,0xa5483006e1fd92a163e700294b7946a922c5f3da8c7672c6c35d14ffbdc6fe3c,,
deviation,warn,Arkadiko,stSTX (token 8),2,2026-09-02T11:39:00Z,2026-09-02T11:58:00Z,0.32,,0.300473,2.33,,0x28967a8e673d791cb08a88369823e097b3f870209fa4324d32b3282ccc7cb7e1,,
deviation,warn,DIA,stSTX/USD,2,2026-09-02T21:38:00Z,2026-09-02T21:59:00Z,0.35,,0.30376707,2.59,,0xc708cd0a42e8817483ba85f12e5d8f9de262f7066aedaff196945c7a65c2f722,,
deviation,warn,DIA,stSTX/USD,2,2026-09-02T23:14:00Z,2026-09-02T23:22:00Z,0.13,,0.30376707,2.15,,0x4b1d9fc556fdb3b6ee969a0a238ba5accb8974a725d8ad3ba74ba18a4556e78a,,
deviation,warn,DIA,stSTX/USD,2,2026-09-03T00:02:00Z,2026-09-03T01:16:00Z,1.23,,0.30376707,3.06,,0xaf217c6e20028cb0b6859a16917ab085f223edeeae728ce64f3b511778d604a6,,
frozen,critical,DIA,stSTX/USD,,2026-09-03T01:28:08Z,2026-09-03T07:08:23Z,5.67,22,0.31225579,,5.82,0xefc361cfd94d2904f1377f0be0cc8b5e8dbfd467ab99980c22116f03a5bb5fb2,0xf3e2295ded41144adde5891fd627a13c1bd84e577b3c7cd453819edcb237a584,
deviation,warn,DIA,stSTX/USD,2,2026-09-03T02:40:00Z,2026-09-03T07:23:00Z,4.72,,0.31225579,6.19,,0x20a38b373bf48dbb7920ff8ee1fc947e112feaa297a8f1c8348b403de9d09d55,,
deviation,warn,Arkadiko,stSTX (token 8),2,2026-09-03T02:43:00Z,2026-09-03T04:12:00Z,1.48,,0.315205,5.19,,0x4a7a35c51548576cdc768fc9897c0634122daeafd144403eca9444dba24e5a9e,,
deviation,warn,Arkadiko,STX (token 1),2,2026-09-03T02:47:00Z,2026-09-03T04:12:00Z,1.42,,0.266466,5.06,,0xc2e3ce09a5cee0008ee04da0732505be540c95be9dbef4ec24280840d5730171,,
deviation,critical,DIA,stSTX/USD,5,2026-09-03T04:01:00Z,2026-09-03T05:16:00Z,1.25,,0.31225579,6.19,,0x7f20bfd8037c8fbe2860dbe80e3c2ff2f06f4129f88df0b46336236a0ab9fec1,,
deviation,warn,DIA,STX/USD,2,2026-09-03T04:07:00Z,2026-09-03T04:14:00Z,0.12,,0.27342168,2.71,,0x7f20bfd8037c8fbe2860dbe80e3c2ff2f06f4129f88df0b46336236a0ab9fec1,,
deviation,critical,DIA,stSTX/USD,5,2026-09-03T05:56:00Z,2026-09-03T06:02:00Z,0.1,,0.31225579,5.37,,0x7303d3f47738b1101c0e90550702d81a477ebb70eb38169bad09be0d08e12e1d,,
deviation,warn,Arkadiko,STX (token 1),2,2026-09-03T06:50:00Z,2026-09-03T07:12:00Z,0.37,,0.278407,2.66,,0xb29202081a55b0f177925724f6b70a8ff3e95981aaf795820be8b7c8625a0f09,,
deviation,warn,Arkadiko,stSTX (token 8),2,2026-09-03T06:50:00Z,2026-09-03T07:12:00Z,0.37,,0.329757,2.66,,0xc79752602f12ce264c1b9e73cd261d293bc3ca50f5a4e9350eea12281c40cddf,,
frozen,critical,DIA,stSTX/USD,,2026-09-03T07:22:51Z,2026-09-05T00:23:52Z,41.02,162,0.32003578,,4.12,0x2b4622a85a5277addcf4e08b4ff30c30daf864957c6fb63d1dbee3b4ec8e7483,0xc4a265da312a0ca2fa8370ce7ad71a15188bbf185f188b096320bf2ed2e029bb,
deviation,warn,DIA,stSTX/USD,2,2026-09-03T09:59:00Z,2026-09-03T14:31:00Z,4.53,,0.32003578,4.18,,0x5bcca8a826dd787f1fae239dd75bcd636a2017de3cd86fbe51a73e25984f648f,,
deviation,warn,Arkadiko,STX (token 1),2,2026-09-03T14:38:00Z,2026-09-03T15:02:00Z,0.4,,0.261061,2.49,,0xbe822841d954a02a40bae647564062a63ed01f22b619e57d021705e1fdbaf9fb,,
deviation,warn,Arkadiko,stSTX (token 8),2,2026-09-03T14:38:00Z,2026-09-03T15:02:00Z,0.4,,0.309214,2.49,,0xde9766d7b05b26718793f4ddfdc97889d191e62280ff53216d56fbdccc8b8958,,
deviation,warn,DIA,stSTX/USD,2,2026-09-03T15:11:00Z,2026-09-03T15:17:00Z,0.1,,0.32003578,2.04,,0xdcd14b7572fd07f2aa55d8e15902403e5efdd269de2c7e4b866b055ebfe1782b,,
deviation,warn,Arkadiko,STX (token 1),2,2026-09-03T16:28:00Z,2026-09-03T16:52:00Z,0.4,,0.266964,3.7,,0x6e836312b3d8f4d6845311a5205914b14aca9a3c28f75e19001f34cb2046d742,,
deviation,warn,Arkadiko,stSTX (token 8),2,2026-09-03T16:28:00Z,2026-09-03T16:52:00Z,0.4,,0.316205,3.7,,0xf2633e5df17a822e686666d1931a272e058cc72982512fc0b999c130cb7ffc25,,
deviation,warn,DIA,stSTX/USD,2,2026-09-03T16:35:00Z,2026-09-03T22:01:00Z,5.43,,0.32003578,3.95,,0xd1e385efaddb8783f1270c27d5407b3d78ae2c8c15bc68bcbeebbad38eea902a,,
deviation,warn,DIA,STX/USD,2,2026-09-03T16:38:00Z,2026-09-03T16:40:00Z,0.03,,0.2708383,2.31,,0xd1e385efaddb8783f1270c27d5407b3d78ae2c8c15bc68bcbeebbad38eea902a,,
lazer-stale-burst,critical,Pyth Lazer,zest-v2 v0-8-market,,2026-09-03T23:02:13Z,2026-09-03T23:02:44Z,0.01,27,,,,0x687a10e6df5e17ab07897ea2c9e7f83d47d3d2edfbe2e681c55c31d1f2eaa6b4,0xb12449f44285b090ef91f83a086306c474de6d12bbd15210f878eba86036d9c0,27 oracle reverts from 1 sender(s); payload age 671–702 s vs limit 120 s
deviation,warn,DIA,stSTX/USD,2,2026-09-04T00:16:00Z,2026-09-04T00:55:00Z,0.65,,0.32003578,2.59,,0x39d4a308e055948a0682cfc5f06f693dcdc76ee8c9e4c143b476eb977366b670,,
lazer-stale-burst,critical,Pyth Lazer,zest-v2 v0-8-market,,2026-09-04T00:21:25Z,2026-09-04T00:21:49Z,0.01,30,,,,0x7cc41d4f53b013836eca8ded45f94cc31e2a8f6d7513b67b9ee9840547d2ac5d,0xe76e36053448b34bc24d719a1c41fedea4a912cfe9e098033f4863a477982131,30 oracle reverts from 1 sender(s); payload age 128–152 s vs limit 120 s
deviation,warn,DIA,stSTX/USD,2,2026-09-04T04:19:00Z,2026-09-04T04:33:00Z,0.23,,0.32003578,2.22,,0xab8e25530fee25ef1ca64aac08c9d68fd9754d14bba1c994ea3e4a93ac9bfcdc,,
deviation,warn,Arkadiko,STX (token 1),2,2026-09-04T05:53:00Z,2026-09-04T06:21:00Z,0.47,,0.275623,2.28,,0x6b1081d0050d7e08d164ff681a68099fa8b56a0545eb356fef88e5287dba7b80,,
deviation,warn,Arkadiko,stSTX (token 8),2,2026-09-04T05:53:00Z,2026-09-04T06:21:00Z,0.47,,0.326466,2.28,,0x7cd16d4ca69e11c83ad9fae19c720cae1b699f390c9ca7e99fca721d6a984b49,,
deviation,warn,Arkadiko,STX (token 1),2,2026-09-04T12:06:00Z,2026-09-04T12:08:00Z,0.03,,0.274293,2.07,,0x85821a0e223431e53b6fe6056cc7c78275ff31a012073d25ea8e4b02a5ceabe3,,
deviation,warn,DIA,stSTX/USD,2,2026-09-04T12:30:00Z,2026-09-05T00:38:00Z,12.13,,0.32003578,4.12,,0x1fe58feb0c268d4c2922f7912dd44e3cb51b506a9ce12f74f9ec233d5aba6fe7,,
deviation,warn,Arkadiko,STX (token 1),2,2026-09-04T12:45:00Z,2026-09-04T13:20:00Z,0.58,,0.269347,2.64,,0xa63ad85e9845d7ed4d98c4ebabac6bf0f671e61a2e8f722a5cf603ee617a1cb5,,
deviation,warn,Arkadiko,BTC (token 2),2,2026-09-04T12:45:00Z,2026-09-04T13:22:00Z,0.62,,81142.55,2.45,,0xc3a70254f79b20b4a8cc7e4de642a61eb1e6961374b0f13b247c6f461e16ade6,,
deviation,warn,Arkadiko,stSTX (token 8),2,2026-09-04T12:45:00Z,2026-09-04T13:22:00Z,0.62,,0.319096,2.66,,0x40e18faea3e01e511f087e70ed1cd0744fd8f14fb6492b5464e92bc41e47fc9c,,
frozen,critical,DIA,stSTX/USD,,2026-09-05T00:37:06Z,2026-09-05T12:54:18Z,12.29,50,0.31402447,,2.39,0x93c58bd3b278e896b19cefe00bf46ab7dd9655cb3f182a7a9373d662e1e21f1b,0x26724436fe4149ede3f052b6c4203b248ed71d91a3b169eb4ec6d9ba3110f08c,
deviation,warn,DIA,stSTX/USD,2,2026-09-05T09:19:00Z,2026-09-05T09:21:00Z,0.03,,0.31402447,2.05,,0x18cb27002219412a3182bca90639dd47b0f2f1a79341b7eaae94e87b9e26e16e,,
deviation,warn,DIA,stSTX/USD,2,2026-09-05T12:18:00Z,2026-09-05T12:47:00Z,0.48,,0.31402447,2.67,,0x005b16425d97b80c4affee37dd9f02aeb2a682906f655bc4a66e039e2ac2d4af,,
lazer-stale-burst,critical,Pyth Lazer,zest-v2 v0-8-market,,2026-09-05T12:35:30Z,2026-09-05T12:35:30Z,0,7,,,,0x684c6794225130621071222dec8f42b141f8aea0c95e4300cf04fd6207d65823,0xcb77113d62490031fffee5e99fe86516aa178c6c5917c166f60144474a7bf6f4,7 oracle reverts from 1 sender(s); payload age 125457–125457 s vs limit 120 s
frozen,critical,DIA,stSTX/USD,,2026-09-05T13:07:19Z,2026-09-05T16:37:15Z,3.5,15,0.30695488,,0.98,0x75b7b9c7fb40f12f02b077b07d6e840f142c313e1f86b80a6fe533c08f7b576e,0x893b6687013b33a0c3c296150060d7ede66a8ce5275c7f35e092061757e6b790,
frozen,critical,DIA,stSTX/USD,,2026-09-05T16:52:26Z,2026-09-06T00:06:24Z,7.23,29,0.30631557,,5.13,0x3b8c7a3034c468f3b749cc59e3e5e79e1cfdfdbb8cd4a9108a3126d7756aa98d,0x0484cbf90bb84456369398a82a341e5575c9b7f2a26d79ffc190401e97d7e8dc,
deviation,warn,DIA,stSTX/USD,2,2026-09-05T17:49:00Z,2026-09-06T00:20:00Z,6.52,,0.30631557,5.36,,0x8b4ef09aeabe24668f8c756be6848d9717d5f2dc98aa2afa5fd499d2025ae4c3,,
deviation,warn,Arkadiko,STX (token 1),2,2026-09-05T18:29:00Z,2026-09-05T18:41:00Z,0.2,,0.2626,2.63,,0x7166e3a692698342b3a4fab758b49a626e6e9b390f3d27005f4cab79f36adcd6,,
deviation,warn,Arkadiko,stSTX (token 8),2,2026-09-05T18:29:00Z,2026-09-05T18:42:00Z,0.22,,0.311006,2.65,,0x7c0ee1289be19a363ded9a58b12ed981ea67dbf20b76fadc6b1b0d8f9a669cfc,,
deviation,critical,DIA,stSTX/USD,5,2026-09-05T19:16:00Z,2026-09-05T19:28:00Z,0.2,,0.30631557,5.36,,0x041b78462b8b471693b3239a66b5178bdd0af4f0f2379968323d4287a6e1f094,,
frozen,critical,DIA,stSTX/USD,,2026-09-06T00:19:09Z,2026-09-07T03:04:38Z,26.76,106,0.31810355,,3.87,0xfea77f72a6062995c21003d5e988f593caaf7ff464e908d425e6695286c564f6,0xc2fbfd5c0c53a2a3142e75ef747436c639b5e8b386a1788e28bc3209fe19ea14,
deviation,warn,DIA,stSTX/USD,2,2026-09-06T07:13:00Z,2026-09-06T07:15:00Z,0.03,,0.31810355,2.11,,0x09620a9b09e1808ec316304a5c1e83be3e853b8c9e7325839b82c59193dd2626,,
deviation,warn,DIA,stSTX/USD,2,2026-09-06T14:23:00Z,2026-09-06T15:02:00Z,0.65,,0.31810355,2.52,,0x905ffaf373bdc372eaf85808a2a4ee2f8f6ea8badeaa69d07f776bd0aba260d9,,
deviation,warn,Arkadiko,STX (token 1),2,2026-09-07T00:54:00Z,2026-09-07T01:02:00Z,0.13,,0.269624,2.37,,0xd9fb07c7705f2a58037f86e59abf2fbb334e1286c3aa9e13f3d5836a0ceec50f,,
deviation,warn,DIA,stSTX/USD,2,2026-09-07T01:05:00Z,2026-09-07T03:18:00Z,2.22,,0.31810355,3.48,,0x9d451d42676584fc4d295942e55828ff98106c806575378e2d7f06936c336f53,,
frozen,critical,DIA,stSTX/USD,,2026-09-07T03:17:32Z,2026-09-07T06:17:53Z,3.01,13,0.30749211,,2.91,0xb2eb2e2e2bf98846efff152e90142169dbafbe232d7227d5594951af52a7998f,0x696b447ffa9e6847ca52cd21c296bef7742cb83640a12690c00a37779a34fe73,
deviation,warn,DIA,stSTX/USD,2,2026-09-07T05:15:00Z,2026-09-07T06:37:00Z,1.37,,0.30749211,2.8,,0xd1e41697e38ce54ca2f1c647d948347dce49987ddefc2d6701a1c8062aba65a2,,
deviation,warn,Arkadiko,STX (token 1),2,2026-09-07T05:30:00Z,2026-09-07T05:32:00Z,0.03,,0.260989,2.27,,0xa7525f8d451967356277b6e5cd2a97fd015715f8cbf2e9c9156e4751922cdc3b,,
frozen,critical,DIA,stSTX/USD,,2026-09-07T06:36:06Z,2026-09-08T15:15:29Z,32.66,99,0.31279898,,9.39,0x0d4a5be60891f7d2697e89db8b6b6d48ad4bea25a9da177e8369c9fa26002d46,0x1bc5abb13fcfde609f24bc93786ed83385344b7df837ca7cdd09c98a9fdc6054,
deviation,warn,DIA,stSTX/USD,2,2026-09-07T09:17:00Z,2026-09-08T06:14:00Z,20.95,,0.31279898,9.2,,0x43f28db7d1ad1897eb6f330ec806a5485ede31a4a8204cf338706e62651f8caf,,
deviation,warn,Arkadiko,stSTX (token 8),2,2026-09-07T09:17:00Z,2026-09-07T09:21:00Z,0.07,,0.313744,2.24,,0x556c14c23e1a34553bcdb49811fe2f10b3b73fe550ca09d0fd709c59b49dde3e,,
deviation,warn,Arkadiko,STX (token 1),2,2026-09-07T09:19:00Z,2026-09-07T09:32:00Z,0.22,,0.265211,2.4,,0x313e28bfdb790ca3e52ad46029b5197fdf1d197aeb3ef2e221f5aa36753d5755,,
deviation,warn,Arkadiko,stSTX (token 8),2,2026-09-07T11:37:00Z,2026-09-07T12:03:00Z,0.43,,0.32148,2.63,,0x6af8c8972f52de6f117aaaf0de2339a3abc2296c38df0370ed80592c6ab07dcf,,
deviation,critical,DIA,stSTX/USD,5,2026-09-07T11:39:00Z,2026-09-07T22:17:00Z,10.63,,0.31279898,9.2,,0x5f09a7c415fdb2bfa226a5f8be866a1ffa202ce68486739bf960a0f59c3ae169,,
deviation,warn,Arkadiko,STX (token 1),2,2026-09-07T11:40:00Z,2026-09-07T11:45:00Z,0.08,,0.272898,2.09,,0xf2bac4539063989bffa3db20889a5ef6bf92f0c0eb0cb0bfb11114042181fbba,,
silence,critical,DIA,stSTX/USD,,2026-09-07T12:42:23Z,2026-09-07T20:44:40Z,8.04,,,,,0xb26459a2f5ec1a1eb14b2850b80c88f4eebff859bff6c2d01e353cc9b1e5b80a,0x5093146c62bdab95a0ca18ef6ed08c3aadf1666b7e0226beac78bdb31431ed4c,
deviation,warn,Arkadiko,STX (token 1),2,2026-09-07T12:48:00Z,2026-09-07T13:28:00Z,0.67,,0.277252,3.49,,0x4a5726b6ce2ef30b78bfc735e99d3f0a21ebd565328932098f55f6221149b77f,,
deviation,warn,Arkadiko,stSTX (token 8),2,2026-09-07T12:48:00Z,2026-09-07T13:28:00Z,0.67,,0.328416,3.49,,0x4f5064a7c560f6ad9cac6689a8e7f95f56c6a47fefef98fa3eacf791bdc8485a,,
deviation,warn,DIA,STX/USD,2,2026-09-07T12:53:00Z,2026-09-07T13:10:00Z,0.28,,0.27896029,4.07,,0xb26459a2f5ec1a1eb14b2850b80c88f4eebff859bff6c2d01e353cc9b1e5b80a,,
deviation,warn,Arkadiko,STX (token 1),2,2026-09-07T14:12:00Z,2026-09-07T14:42:00Z,0.5,,0.287891,2.38,,0x5799de367cd216a26152e3821184bc155aa4e4238c9ae854fa693f1d100ff8bc,,
deviation,warn,Arkadiko,stSTX (token 8),2,2026-09-07T14:12:00Z,2026-09-07T14:42:00Z,0.5,,0.341019,2.38,,0x199b11c28d95da74ef9b8a68560e3a42ac77c53be588e7f0c0d8bd86f936115f,,
deviation,critical,DIA,stSTX/USD,5,2026-09-08T00:04:00Z,2026-09-08T01:19:00Z,1.25,,0.31279898,5.8,,0xfe7862ef75de6cf7042da839132c7f84f1c58a058907748b5935a3d1efdb7f16,,
deviation,warn,DIA,stSTX/USD,2,2026-09-08T09:44:00Z,2026-09-08T10:53:00Z,1.15,,0.31279898,2.6,,0x1ca0fbde1744e21e9d7d3fe0065e61c4a938d8f07fe535ab5fd4f83a2f8f6595,,
deviation,warn,DIA,stSTX/USD,2,2026-09-08T13:56:00Z,2026-09-08T15:31:00Z,1.58,,0.31279898,2.58,,0x5b6ae0b12ab37ec7db6e22e0aaedb38630465007c1afb559eeaf9b5063344537,,
frozen,critical,DIA,stSTX/USD,,2026-09-08T15:45:27Z,2026-09-10T22:35:30Z,54.83,217,0.31843014,,4.62,0x77b07e67407c3d00c2a28af5a03ed9d3cd492559cc44fc9b511a8ef30a0057e0,0x232097b17433125d3aac5479aedfe5955b83e4f2acc82b99bc59dcbc826adc3d,
deviation,warn,DIA,stSTX/USD,2,2026-09-08T16:46:00Z,2026-09-08T17:14:00Z,0.47,,0.31843014,2.41,,0x823261053b6c678bbd1df68349d56b710c63ad1499ff150e22c229fe54cf7170,,
deviation,warn,DIA,stSTX/USD,2,2026-09-08T17:53:00Z,2026-09-08T18:03:00Z,0.17,,0.31843014,2.22,,0xc93f59d997252caee55247f7fd5d9099f9db64246e1a0fa6522c082eb78056a7,,
silence,info,DIA,BTC/USD,,2026-09-09T01:19:53Z,2026-09-09T02:31:52Z,1.2,,,,,0x8be2e28c904404fc9aad8516e2b8e895d83d1dc385b212acab261d9b292844b1,0x5ecf5e5e46027c2c128e75b6c17aad4f0b8f1f0396c05d465d13f3f078bce7a8,
silence,info,DIA,STX/USD,,2026-09-09T01:19:53Z,2026-09-09T02:31:52Z,1.2,,,,,0x8be2e28c904404fc9aad8516e2b8e895d83d1dc385b212acab261d9b292844b1,0x5ecf5e5e46027c2c128e75b6c17aad4f0b8f1f0396c05d465d13f3f078bce7a8,
silence,info,DIA,stSTX/USD,,2026-09-09T01:19:53Z,2026-09-09T02:31:52Z,1.2,,,,,0x8be2e28c904404fc9aad8516e2b8e895d83d1dc385b212acab261d9b292844b1,0x5ecf5e5e46027c2c128e75b6c17aad4f0b8f1f0396c05d465d13f3f078bce7a8,
silence,info,DIA,USDh/USD,,2026-09-09T01:19:53Z,2026-09-09T02:31:52Z,1.2,,,,,0x8be2e28c904404fc9aad8516e2b8e895d83d1dc385b212acab261d9b292844b1,0x5ecf5e5e46027c2c128e75b6c17aad4f0b8f1f0396c05d465d13f3f078bce7a8,
deviation,warn,DIA,stSTX/USD,2,2026-09-09T11:46:00Z,2026-09-09T15:01:00Z,3.25,,0.31843014,4.65,,0x2f56e8d6bbf48a790d71fbb32e3d4eb27aee2dbf48de9b130708ec94c25d3eed,,
deviation,warn,Arkadiko,STX (token 1),2,2026-09-09T14:18:00Z,2026-09-09T14:21:00Z,0.05,,0.2802,2.14,,0xe6b5062e7326485e3897592b375c9f473161466b9117b90d3d27709724db92e3,,
deviation,warn,Arkadiko,STX (token 1),2,2026-09-09T15:23:00Z,2026-09-09T15:33:00Z,0.17,,0.274293,2.57,,0x2c5afd44ba8a6cbb6958ea50484605e22df2b21334c682eea7e2e9cb72610adb,,
deviation,warn,Arkadiko,stSTX (token 8),2,2026-09-09T15:23:00Z,2026-09-09T15:33:00Z,0.17,,0.324922,2.57,,0xf3a633719642f2d1f3d9e19cd86c8def6fdad39f2ecff2166d7070c8a91597db,,
deviation,warn,DIA,stSTX/USD,2,2026-09-09T16:30:00Z,2026-09-09T18:51:00Z,2.35,,0.31843014,2.58,,0x3a9ad2a0627b82695b964aba04d086a89fd95d8db21d14957e109f7008805dd2,,
deviation,warn,DIA,stSTX/USD,2,2026-09-10T12:46:00Z,2026-09-10T13:20:00Z,0.57,,0.31843014,2.98,,0x8f4a43f68e29de570b95097332362ac617cf6a3902bcd6f4f05e2d33777816bc,,
deviation,warn,DIA,stSTX/USD,2,2026-09-10T15:40:00Z,2026-09-10T17:39:00Z,1.98,,0.31843014,3.22,,0xdecb33449ffb50c47e9b328a20fd0791451ee19f8a9718c31a3161846e0e378d,,
deviation,warn,DIA,stSTX/USD,2,2026-09-10T18:09:00Z,2026-09-11T10:05:00Z,15.93,,0.31843014,7.28,,0x246abf6283fe598d14d0e4a09927ba48c9dd850f3c14de7857d22d7d5d834212,,
silence,critical,DIA,stSTX/USD,,2026-09-10T22:35:30Z,2026-09-11T10:04:03Z,11.48,,,,,0x232097b17433125d3aac5479aedfe5955b83e4f2acc82b99bc59dcbc826adc3d,0x2030a959fc28d02f3956da3bf5b3f8c99f8f2c6b6e2565c2cec1e45aa0798f98,
deviation,critical,DIA,stSTX/USD,5,2026-09-10T22:54:00Z,2026-09-11T05:39:00Z,6.75,,0.31843014,7.28,,0x232097b17433125d3aac5479aedfe5955b83e4f2acc82b99bc59dcbc826adc3d,,
deviation,warn,Arkadiko,STX (token 1),2,2026-09-10T23:01:00Z,2026-09-11T00:21:00Z,1.33,,0.260002,3.13,,0x401924b5534b64eb30bdfa5326a2338151fda3fb9426b29f8e18398c0000ac57,,
deviation,warn,Arkadiko,stSTX (token 8),2,2026-09-10T23:01:00Z,2026-09-11T00:21:00Z,1.33,,0.307826,3.05,,0xac1a04c3c4c6b4fded20bfee6cd656260173b20f9c89125e76ae06a336cb50c7,,
deviation,critical,DIA,stSTX/USD,5,2026-09-11T06:25:00Z,2026-09-11T10:05:00Z,3.67,,0.31843014,6.49,,0x232097b17433125d3aac5479aedfe5955b83e4f2acc82b99bc59dcbc826adc3d,,
frozen,critical,DIA,stSTX/USD,,2026-09-11T10:04:03Z,2026-09-11T16:18:00Z,6.23,26,0.2973928,,5.21,0x2030a959fc28d02f3956da3bf5b3f8c99f8f2c6b6e2565c2cec1e45aa0798f98,0x6885e34a2711a5776cb4ae7464d39e8484687f613a4a3c3cf2b0f582c7c1fdeb,
deviation,warn,DIA,STX/USD,2,2026-09-11T12:34:00Z,2026-09-11T12:47:00Z,0.22,,0.2504707,4.3,,0xf7bd789fbb6c3362a49613201e3e6152123ae473ef3fbdf4abfbb25eb4e54f6a,,
deviation,warn,DIA,stSTX/USD,2,2026-09-11T12:35:00Z,2026-09-11T16:34:00Z,3.98,,0.2973928,5.97,,0xf7bd789fbb6c3362a49613201e3e6152123ae473ef3fbdf4abfbb25eb4e54f6a,,
deviation,warn,Arkadiko,STX (token 1),2,2026-09-11T12:37:00Z,2026-09-11T14:21:00Z,1.73,,0.252498,3.53,,0xdccddae072fa34cc9309b4ff47a0a0f163c76f6a3e0e72344e9f9c096d2e9756,,
deviation,warn,Arkadiko,stSTX (token 8),2,2026-09-11T12:37:00Z,2026-09-11T13:22:00Z,0.75,,0.29922,3.52,,0xb463086f7e2f56151d55cb2bf3e92179e18121f779ddab7d78441b4674b590e5,,
deviation,warn,DIA,STX/USD,2,2026-09-11T13:52:00Z,2026-09-11T13:55:00Z,0.05,,0.25877315,2.39,,0xa9c610429db136060b583d5b28b5d7a2d5f664eedf1e4d1647ae95ed0e4f01cf,,
deviation,critical,DIA,stSTX/USD,5,2026-09-11T13:52:00Z,2026-09-11T14:22:00Z,0.5,,0.2973928,5.97,,0xa9c610429db136060b583d5b28b5d7a2d5f664eedf1e4d1647ae95ed0e4f01cf,,
deviation,warn,Arkadiko,stSTX (token 8),2,2026-09-11T13:52:00Z,2026-09-11T14:22:00Z,0.5,,0.306569,3.07,,0x7514cd89a13846af7146ef63d5555fbdf3c3523a8785b345be1f991cc322fbba,,
deviation,warn,Arkadiko,BTC (token 2),2,2026-09-11T13:59:00Z,2026-09-11T14:07:00Z,0.13,,77609.694396,2.51,,0xa89eac1a8c0a2c7a099fc84143098f66fbb01bf7879e1046ee92ce656cb032b7,,
deviation,critical,DIA,stSTX/USD,5,2026-09-11T15:24:00Z,2026-09-11T15:51:00Z,0.45,,0.2973928,5.51,,0x64c0483d9f0b956a592a37c6cca59f3aa4c99fd12d8c0857f3012b027b2fcbe8,,
deviation,warn,DIA,STX/USD,2,2026-09-11T15:55:00Z,2026-09-11T16:00:00Z,0.08,,0.26514624,2.2,,0x55608122c832ee1fac25d282a6f452ef8fce09226fe7894be792cb8ab2ed394f,,
deviation,warn,Arkadiko,STX (token 1),2,2026-09-11T16:21:00Z,2026-09-11T16:34:00Z,0.22,,0.263109,2.14,,0xec32f20b0878f06c2cca421f2660d0710bf0dce4367401c7ac305c6990892782,,
deviation,warn,Arkadiko,stSTX (token 8),2,2026-09-11T16:32:00Z,2026-09-11T16:34:00Z,0.03,,0.311793,2.14,,0x01d01355fc1b817a2db51d31d4539bd2046e401de1821c5bbb9c1ba80c1f1ce0,,
frozen,critical,DIA,stSTX/USD,,2026-09-11T16:33:02Z,2026-09-15T19:26:13Z,98.89,344,0.30437574,,8.51,0x6533e45c80873e10563c07622c41c4269460ee84b8e9c2eab8afeeda4cc50395,0x8ccd940f0669ba8a2f961cb03bb18c7539fd0284477614bdf17e772a7b9db044,
deviation,warn,DIA,stSTX/USD,2,2026-09-11T22:47:00Z,2026-09-11T23:03:00Z,0.27,,0.30437574,2.31,,0x0d1e519143e5cd252a08d9529b8bf20853f387ec0018d86c308125d02f7e021d,,
deviation,warn,DIA,stSTX/USD,2,2026-09-12T05:01:00Z,2026-09-15T05:10:00Z,72.15,,0.30437574,8.18,,0x1d37b38626192b80c7802f689c80928880980952e598e24f50dfba7196fec121,,
deviation,critical,DIA,stSTX/USD,5,2026-09-12T10:01:00Z,2026-09-12T13:32:00Z,3.52,,0.30437574,5.68,,0x752d5a347d485877ff054791cb437edf5109e0572820cb788155f82a2e079198,,
deviation,critical,DIA,stSTX/USD,5,2026-09-12T15:00:00Z,2026-09-12T15:03:00Z,0.05,,0.30437574,5.13,,0x862d26b931b5037027657505a580407f17fb8ff8354e4d5a5b01109cc9809d37,,
deviation,critical,DIA,stSTX/USD,5,2026-09-13T01:47:00Z,2026-09-13T21:45:00Z,19.97,,0.30437574,8.18,,0x99862159d3e1c4287f6f1189f7559dc89ce7e178b66760e5583442bf2409348b,,
silence,critical,DIA,stSTX/USD,,2026-09-13T01:58:02Z,2026-09-13T08:44:53Z,6.78,,,,,0xf412f28198ef947122aa6c4588e7543578d6d596276e5dd1d857dc57eab9aceb,0xa5c25fe2a8ed9fbd09935aa54374d8e476239a064f4e2315070ec284c690896e,
deviation,warn,Arkadiko,STX (token 1),2,2026-09-13T02:16:00Z,2026-09-13T02:25:00Z,0.15,,0.270666,2.27,,0x41d2dcd4078dbc0e97f6babf78edb434396f60e3f66ba6801c566eba48234437,,
deviation,warn,Arkadiko,stSTX (token 8),2,2026-09-13T02:16:00Z,2026-09-13T02:25:00Z,0.15,,0.32082,2.27,,0xe8fa32763a947b1821cdaca5c1f6deddd848dbb20ccb69f4540db37ce33e8d11,,
silence,info,DIA,stSTX/USD,,2026-09-13T09:27:39Z,2026-09-13T10:56:36Z,1.48,,,,,0x0017372cd6fab883b3eb49c660e6a5821794cdbb7e910c6b6a089e7ba2ffd8fb,0x128b0f63ce1f6f4021d559db318b6336468c142227c06611788a56b01331b9f5,
silence,warn,DIA,stSTX/USD,,2026-09-13T15:45:03Z,2026-09-13T19:37:40Z,3.88,,,,,0x9d6f1857c0a4e101f13fdfe08c2829e2465cf75dad3977d6d3d0afde9c314617,0xdd53765f1f0edd0296444f0c5d2177a471bbb71cd08f72f6cb352e94f87d253d,
silence,info,DIA,stSTX/USD,,2026-09-13T19:37:40Z,2026-09-13T21:05:24Z,1.46,,,,,0xdd53765f1f0edd0296444f0c5d2177a471bbb71cd08f72f6cb352e94f87d253d,0x2d0b8d3810b8ceb9f55f7d4796c0cc2c47bc2827a14129f7ccda858475af2fca,
deviation,critical,DIA,stSTX/USD,5,2026-09-14T09:54:00Z,2026-09-14T12:38:00Z,2.73,,0.30437574,5.91,,0x991d3e404446c43fa13c997a12ae8ed8b5a000c9dfb155c0e16e9a025085fae4,,
deviation,warn,Arkadiko,STX (token 1),2,2026-09-14T12:55:00Z,2026-09-14T13:30:00Z,0.58,,0.272556,2.7,,0x6abed0d3f89d9611539401a0a341e1a04b360aba531d76d846cb79f1f79d41d6,,
deviation,warn,Arkadiko,stSTX (token 8),2,2026-09-14T12:59:00Z,2026-09-14T13:30:00Z,0.52,,0.322811,2.6,,0x28e449e655e829b822e4ed131295ae611abdf8a0892870586d7a687f223ec1fa,,
deviation,critical,DIA,stSTX/USD,5,2026-09-14T16:52:00Z,2026-09-14T17:01:00Z,0.15,,0.30437574,5.35,,0x5e85d8a3d5469aaae40f675d9604eecd00c9d48f34edbf82666fa16e5c15049d,,
deviation,critical,DIA,stSTX/USD,5,2026-09-14T17:34:00Z,2026-09-14T18:01:00Z,0.45,,0.30437574,5.21,,0xa598ff7451d978a90a47be12f7ff031cd1369f1c89edb17cee1af5dd8633ec39,,
deviation,critical,DIA,stSTX/USD,5,2026-09-14T20:19:00Z,2026-09-14T20:31:00Z,0.2,,0.30437574,5.32,,0x3c498ce7953890d05a3482fae3b01bdb82793c466d14593da9cb65535ef946c0,,
deviation,warn,DIA,stSTX/USD,2,2026-09-15T05:48:00Z,2026-09-15T06:09:00Z,0.35,,0.30437574,2.29,,0x0cab695ae898ba354c7deb30fc08d92f386ba7d8fe4c6186970d5d1c6c909a24,,
deviation,warn,Arkadiko,stSTX (token 8),2,2026-09-15T14:47:00Z,2026-09-15T14:53:00Z,0.1,,0.306605,2.35,,0x95d8d490a60321bb4bfca4865f3f004f86890be71797bc60287de74313329ec7,,
deviation,warn,Arkadiko,STX (token 1),2,2026-09-15T14:48:00Z,2026-09-15T14:53:00Z,0.08,,0.2585,2.32,,0xdb1527f947ef337fad1667e00998f860f3079df1e6097cdc7dd17da18f0d13be,,
deviation,warn,DIA,stSTX/USD,2,2026-09-15T18:37:00Z,2026-09-16T04:48:00Z,10.18,,0.30437574,10.15,,0x279ea6646bd114cc29d268a11b9db57b14218dff93b1d8461fc2038759e617fe,,
deviation,warn,Arkadiko,STX (token 1),2,2026-09-15T18:37:00Z,2026-09-15T20:21:00Z,1.73,,0.2568,5.74,,0x354a7f988e07f6644a3ada22be0bfb946931829df05e63060dc8645a52cf22b2,,
deviation,warn,Arkadiko,stSTX (token 8),2,2026-09-15T18:37:00Z,2026-09-15T20:23:00Z,1.77,,0.304363,6.18,,0x5899ab1fa00c99ad8d133de0f677e8bd5ee20f2c44d7635bf916a933ba7aa361,,
deviation,warn,Arkadiko,BTC (token 2),2,2026-09-15T18:46:00Z,2026-09-15T18:52:00Z,0.1,,77011.88,2.67,,0x91aa76a2bacc05f39ad8e5b307cb3cc61f7e200316909c42e86476022ad3ff08,,
deviation,critical,DIA,stSTX/USD,5,2026-09-15T18:48:00Z,2026-09-15T18:51:00Z,0.05,,0.30437574,5.48,,0x58c6a574cc7dca0766c3739dc667da78d0f58995f56f976abb49cc16e042eb9b,,
deviation,critical,Arkadiko,STX (token 1),5,2026-09-15T18:48:00Z,2026-09-15T18:51:00Z,0.05,,0.2568,5.51,,0x354a7f988e07f6644a3ada22be0bfb946931829df05e63060dc8645a52cf22b2,,
deviation,critical,Arkadiko,stSTX (token 8),5,2026-09-15T18:48:00Z,2026-09-15T18:51:00Z,0.05,,0.304363,5.47,,0x5899ab1fa00c99ad8d133de0f677e8bd5ee20f2c44d7635bf916a933ba7aa361,,
silence,critical,DIA,stSTX/USD,,2026-09-15T19:26:13Z,2026-09-16T04:45:05Z,9.31,,,,,0x8ccd940f0669ba8a2f961cb03bb18c7539fd0284477614bdf17e772a7b9db044,0x66c5d7372944984bed63521bfdbbcf99d5402ee094cca07e49e4fa9928d14cae,
deviation,critical,Arkadiko,STX (token 1),5,2026-09-15T19:51:00Z,2026-09-15T20:21:00Z,0.5,,0.2568,5.74,,0x354a7f988e07f6644a3ada22be0bfb946931829df05e63060dc8645a52cf22b2,,
deviation,critical,DIA,stSTX/USD,5,2026-09-15T20:03:00Z,2026-09-16T04:46:00Z,8.72,,0.30437574,10.15,,0x8ccd940f0669ba8a2f961cb03bb18c7539fd0284477614bdf17e772a7b9db044,,
deviation,critical,Arkadiko,stSTX (token 8),5,2026-09-15T20:03:00Z,2026-09-15T20:23:00Z,0.33,,0.304363,6.18,,0x5899ab1fa00c99ad8d133de0f677e8bd5ee20f2c44d7635bf916a933ba7aa361,,
deviation,warn,Arkadiko,STX (token 1),2,2026-09-15T22:20:00Z,2026-09-15T22:42:00Z,0.37,,0.2403,3.11,,0xcc9a8fb9962e6ea2e365c0ce82c7c7d4e340bff2c55f52582a2ba1146c5afb46,,
deviation,warn,Arkadiko,stSTX (token 8),2,2026-09-15T22:20:00Z,2026-09-15T22:42:00Z,0.37,,0.286109,3.54,,0x74cf4ec14526baabcf61ae9bd4150c78d4fe6f4b001aaddb91623778c32d74a9,,
deviation,warn,DIA,STX/USD,2,2026-09-15T22:23:00Z,2026-09-15T22:26:00Z,0.05,,0.23856536,2.37,,0x2a00de11d5643fd9d81de287833095d7bd200cadc4d3dc8280d25892f8aa1008,,
frozen,critical,DIA,stSTX/USD,,2026-09-16T04:45:05Z,2026-09-17T06:02:25Z,25.29,102,0.28100604,,5.51,0x66c5d7372944984bed63521bfdbbcf99d5402ee094cca07e49e4fa9928d14cae,0x0d0cca384e0a79e80f69607a934f773a0cdc024dbc00a9199c23d64b3f6d67eb,
deviation,warn,DIA,stSTX/USD,2,2026-09-16T16:06:00Z,2026-09-16T19:44:00Z,3.63,,0.28100604,3.66,,0x3584486cffc0c1f939eadf7f453d91d8a031c5a540dbe0050f89a2acbceb6b89,,
deviation,warn,DIA,STX/USD,2,2026-09-16T18:07:00Z,2026-09-16T18:09:00Z,0.03,,0.23074457,2.06,,0x37c395adfc2ca42d36b7dfc02a636667e2428b988d74ecaa8aa45daf1d6f9fd5,,
deviation,warn,Arkadiko,STX (token 1),2,2026-09-16T20:49:00Z,2026-09-16T21:23:00Z,0.57,,0.231,2.79,,0x7f217698194220dd3e4bda9cc42f1d7e46a4b4b52893e2029e0a03368a7c3695,,
deviation,warn,Arkadiko,stSTX (token 8),2,2026-09-16T20:56:00Z,2026-09-16T21:23:00Z,0.45,,0.27475,2.49,,0xda121e01c6683d376aa3d0ab0ed49ba7c7e929ae9348527277efe59c9866382f,,
deviation,warn,DIA,stSTX/USD,2,2026-09-16T23:41:00Z,2026-09-17T00:40:00Z,0.98,,0.28100604,2.98,,0x186852e5464584339e485b1af6881e858fd6f334f6c920a816d86dc0dd615c5d,,
deviation,warn,Arkadiko,STX (token 1),2,2026-09-17T00:07:00Z,2026-09-17T00:21:00Z,0.23,,0.239,2.15,,0xafd5515ad0b60c39e789ac8d3517aa3fef5e785826bebf9dc890d8e5043d2917,,
deviation,warn,Arkadiko,stSTX (token 8),2,2026-09-17T00:07:00Z,2026-09-17T00:23:00Z,0.27,,0.283289,2.19,,0x9a35ab6e833c5ef8eec13989bc8623e6f2282cb8b68baa4a1a2a23260ac07706,,
deviation,warn,DIA,stSTX/USD,2,2026-09-17T01:25:00Z,2026-09-17T01:42:00Z,0.28,,0.28100604,2.42,,0xb39350d7030be9a911522b12a377995983edd429ab165419dcd1cc9bccbe0b3b,,
deviation,warn,Arkadiko,STX (token 1),2,2026-09-17T02:18:00Z,2026-09-17T02:34:00Z,0.27,,0.2423,2.18,,0xf3f1cb36e69a6105bd1a48a43d5dee7ab1d69b2dcefa818e8e01f8d7e0c9807d,,
frozen,critical,DIA,stSTX/USD,,2026-09-17T06:47:14Z,2026-09-18T01:19:16Z,18.53,71,0.28423295,,6.14,0x8e8990797253c8854ad370a8e47029e64778c143066562ad52cd3f8d72a1b247,0xa9692e8b995dbbb8c376460a5d283762842c4a692da62144a1ea508a4c27e908,
deviation,warn,DIA,stSTX/USD,2,2026-09-17T12:51:00Z,2026-09-18T17:15:00Z,28.4,,0.28423295,8.48,,0xf3434a0ae9238e30d28e2a43af412185c194631853e1a791653e7873376184a1,,
deviation,warn,Arkadiko,STX (token 1),2,2026-09-17T13:00:00Z,2026-09-17T13:12:00Z,0.2,,0.2405,2.99,,0x0c964e7c81f3506bef3ff25f8c3b6e1e4cc4822c3b3b3fb8e77be3110a9f14e5,,
deviation,warn,Arkadiko,stSTX (token 8),2,2026-09-17T13:00:00Z,2026-09-17T13:12:00Z,0.2,,0.285201,2.99,,0xc14eced6bcfd37a6796068dbbe7f0c435d418157a2aa0634553fa7e4d688d6ed,,
deviation,critical,DIA,stSTX/USD,5,2026-09-17T14:10:00Z,2026-09-17T14:12:00Z,0.03,,0.28423295,5.36,,0x094911c2859b09eb640d08631af83e64b86f71f0b5e86554ba3ab55609ccac9a,,
deviation,warn,Arkadiko,STX (token 1),2,2026-09-17T14:10:00Z,2026-09-17T14:36:00Z,0.43,,0.2466,2.63,,0x4ca138eadfd900c91fcb5c849d90109f3e6f187850ccf5774157795a1459bc68,,
deviation,warn,Arkadiko,stSTX (token 8),2,2026-09-17T14:10:00Z,2026-09-17T14:39:00Z,0.48,,0.292081,2.75,,0xbd092bbe95f8b34e1cde8abe7dfca5606ebd3cb20545ada5e5c2cc0d5ba19eee,,
silence,info,DIA,BTC/USD,,2026-09-17T20:17:08Z,2026-09-17T21:36:26Z,1.32,,,,,0xef33b8d8710345185d93d792f02961d0d528a3c097797f2b1a715809ec815111,0x567867a2233ff1fa0b327b632af6a459efbe9151df7fc9dd40b9b22a3d2eb220,
silence,info,DIA,STX/USD,,2026-09-17T20:17:08Z,2026-09-17T21:36:26Z,1.32,,,,,0xef33b8d8710345185d93d792f02961d0d528a3c097797f2b1a715809ec815111,0x567867a2233ff1fa0b327b632af6a459efbe9151df7fc9dd40b9b22a3d2eb220,
silence,info,DIA,stSTX/USD,,2026-09-17T20:17:08Z,2026-09-17T21:36:26Z,1.32,,,,,0xef33b8d8710345185d93d792f02961d0d528a3c097797f2b1a715809ec815111,0x567867a2233ff1fa0b327b632af6a459efbe9151df7fc9dd40b9b22a3d2eb220,
silence,info,DIA,USDh/USD,,2026-09-17T20:17:08Z,2026-09-17T21:36:26Z,1.32,,,,,0xef33b8d8710345185d93d792f02961d0d528a3c097797f2b1a715809ec815111,0x567867a2233ff1fa0b327b632af6a459efbe9151df7fc9dd40b9b22a3d2eb220,
deviation,critical,DIA,stSTX/USD,5,2026-09-18T00:56:00Z,2026-09-18T02:45:00Z,1.82,,0.28423295,7.6,,0x7fc68ebac791f40ca483c34391daea4058eb7444dca88dd49b35cb75f477c10c,,
silence,info,DIA,stSTX/USD,,2026-09-18T01:19:16Z,2026-09-18T02:44:24Z,1.42,,,,,0xa9692e8b995dbbb8c376460a5d283762842c4a692da62144a1ea508a4c27e908,0x33f7463c78b227bf7aad311e3bbeb294654f200681e5cb959a8e52614988fc9e,
deviation,warn,Arkadiko,STX (token 1),2,2026-09-18T01:37:00Z,2026-09-18T02:03:00Z,0.43,,0.2518,2.92,,0xbbe5bfffa6c8e3c1387d7c64f06f9e4364290e5fd538dabd043629536aa498bb,,
deviation,warn,Arkadiko,stSTX (token 8),2,2026-09-18T01:37:00Z,2026-09-18T02:03:00Z,0.43,,0.298622,2.92,,0xba9abbe2333918402cb77fda14fd3994b214766bbcf83b2cdc8a17ee933b5ec6,,
frozen,critical,DIA,stSTX/USD,,2026-09-18T02:44:24Z,2026-09-18T07:54:35Z,5.17,15,0.30351325,,6.38,0x33f7463c78b227bf7aad311e3bbeb294654f200681e5cb959a8e52614988fc9e,0xf056f4dd7bd96e1aa65147508e7a0e78f0c42f2754f90021c03f32be0459b0e0,
deviation,warn,Arkadiko,STX (token 1),2,2026-09-18T04:12:00Z,2026-09-18T04:21:00Z,0.15,,0.2633,2.52,,0x2949028b125c2aaeb105d6dd6d2ff8515227f322da69bfdfba1b65b240e3da68,,
deviation,critical,DIA,stSTX/USD,5,2026-09-18T04:16:00Z,2026-09-18T17:15:00Z,12.98,,0.30351325,8.48,,0x13c150a7316932acba528128914ff4a6f999766e1b79f17fc50b8210c4f1b71e,,
deviation,warn,Arkadiko,stSTX (token 8),2,2026-09-18T04:16:00Z,2026-09-18T04:22:00Z,0.1,,0.313334,2.19,,0x1edffd455e403949c5c2faabc25f15432ecd8213145b91c32c3b88e7e635fe4a,,
silence,info,DIA,stSTX/USD,,2026-09-18T05:26:34Z,2026-09-18T06:42:31Z,1.27,,,,,0x20b5e06d5db77d59a4086dfa5da78aedd6871ab12e0efce3efda34fe3651a688,0x2091f1a30155553ec7c0964193433b2e6fa0b76811fe09c87032e7addbbe632d,
silence,info,DIA,stSTX/USD,,2026-09-18T06:49:22Z,2026-09-18T07:54:35Z,1.09,,,,,0x55592f3a49cf9d75306c07515f58e15a022f6fc2cb39850a3d069f5d922f09d3,0xf056f4dd7bd96e1aa65147508e7a0e78f0c42f2754f90021c03f32be0459b0e0,
silence,critical,DIA,stSTX/USD,,2026-09-18T07:54:35Z,2026-09-18T17:15:00Z,9.34,,,,,0xf056f4dd7bd96e1aa65147508e7a0e78f0c42f2754f90021c03f32be0459b0e0,0xc910045f44955d6e072f7dbe1efdb2fc22c16b99cff691a8cb7dac17324cb7d0,
deviation,warn,Arkadiko,STX (token 1),2,2026-09-18T11:11:00Z,2026-09-18T12:03:00Z,0.87,,0.2793,2.72,,0x5daf08d322ebb0f21c4eb4cb3e0294f79c1c7c60505da537ab0c1d402aaabfc8,,
deviation,warn,Arkadiko,stSTX (token 8),2,2026-09-18T11:17:00Z,2026-09-18T11:28:00Z,0.18,,0.330426,2.47,,0x6b88304b35911d6f558c4b131fd472fadd6b8ed87323a80bc41284050852e2bd,,
deviation,warn,Arkadiko,BTC (token 2),2,2026-09-18T13:46:00Z,2026-09-18T13:52:00Z,0.1,,77953.98,3.03,,0xef48c6bb206d0304382dd6af85fd2526e40bbc75011ccc14d61b3a9c83a4b35e,,
deviation,warn,DIA,BTC/USD,2,2026-09-18T13:47:00Z,2026-09-18T13:50:00Z,0.05,,78204.07535254,2.18,,0x61ac8c23c95fea47e95846e9235d227243ec6c5c5e08fb9b1767956edf6b34d7,,
frozen,critical,DIA,stSTX/USD,,2026-09-18T17:15:00Z,2026-09-19T09:37:00Z,16.37,56,0.32247009,,5.71,0xc910045f44955d6e072f7dbe1efdb2fc22c16b99cff691a8cb7dac17324cb7d0,0x5c2975e70a7fa5f4e086523be8bb690e546f77606a7aa888a69d1adb27200f9f,
silence,info,DIA,BTC/USD,,2026-09-18T18:49:18Z,2026-09-18T20:07:58Z,1.31,,,,,0x5f845396765a4f1bbd50fd17b0ccc3322454a81160cd39f0a022e92c5f973f25,0x15526fefa751ef583c177f09fa828d70d191366f17cb2acfee238d973059e4d0,
silence,info,DIA,STX/USD,,2026-09-18T18:49:18Z,2026-09-18T20:07:58Z,1.31,,,,,0x5f845396765a4f1bbd50fd17b0ccc3322454a81160cd39f0a022e92c5f973f25,0x15526fefa751ef583c177f09fa828d70d191366f17cb2acfee238d973059e4d0,
silence,info,DIA,stSTX/USD,,2026-09-18T18:49:18Z,2026-09-18T20:07:58Z,1.31,,,,,0x5f845396765a4f1bbd50fd17b0ccc3322454a81160cd39f0a022e92c5f973f25,0x15526fefa751ef583c177f09fa828d70d191366f17cb2acfee238d973059e4d0,
silence,info,DIA,USDh/USD,,2026-09-18T18:49:18Z,2026-09-18T20:07:58Z,1.31,,,,,0x5f845396765a4f1bbd50fd17b0ccc3322454a81160cd39f0a022e92c5f973f25,0x15526fefa751ef583c177f09fa828d70d191366f17cb2acfee238d973059e4d0,
deviation,warn,DIA,stSTX/USD,2,2026-09-18T19:27:00Z,2026-09-19T20:12:00Z,24.75,,0.32247009,16.19,,0x5f845396765a4f1bbd50fd17b0ccc3322454a81160cd39f0a022e92c5f973f25,,
deviation,critical,DIA,stSTX/USD,5,2026-09-18T21:27:00Z,2026-09-18T23:02:00Z,1.58,,0.32247009,6.39,,0x14aedc575aba927c837428c1801ff9243ef64b4b6d853a001305882e255a1cc2,,
deviation,critical,DIA,stSTX/USD,5,2026-09-19T00:21:00Z,2026-09-19T00:36:00Z,0.25,,0.32247009,5.92,,0xb74da7df8a947583c29451a9a6ef3d978a999531790186a2e8241f404dc26f4a,,
deviation,critical,DIA,stSTX/USD,5,2026-09-19T03:06:00Z,2026-09-19T03:35:00Z,0.48,,0.32247009,5.41,,0xbda67a831635c8add6212c365922b8dad99295ed3e93cf52e4e07869774b6cff,,
silence,info,DIA,BTC/USD,,2026-09-19T07:06:27Z,2026-09-19T08:38:22Z,1.53,,,,,0xc3acbd8cdc0cfa20fbdc91e865ffd486ef61ede74955546b0cc02a2e2b2652f5,0xafbb2c7bec58dd80d8663505da2e340b11a89037db03bc3918bfcbe26d02a7c6,
silence,info,DIA,STX/USD,,2026-09-19T07:06:27Z,2026-09-19T08:38:22Z,1.53,,,,,0xc3acbd8cdc0cfa20fbdc91e865ffd486ef61ede74955546b0cc02a2e2b2652f5,0xafbb2c7bec58dd80d8663505da2e340b11a89037db03bc3918bfcbe26d02a7c6,
silence,warn,DIA,stSTX/USD,,2026-09-19T07:06:27Z,2026-09-19T09:08:02Z,2.03,,,,,0xc3acbd8cdc0cfa20fbdc91e865ffd486ef61ede74955546b0cc02a2e2b2652f5,0xb375fb2ce2c58e10c469a39caad9016e54ea23c7b31ae9b850cb4ceb3d873d2b,
silence,info,DIA,USDh/USD,,2026-09-19T07:06:27Z,2026-09-19T08:38:22Z,1.53,,,,,0xc3acbd8cdc0cfa20fbdc91e865ffd486ef61ede74955546b0cc02a2e2b2652f5,0xafbb2c7bec58dd80d8663505da2e340b11a89037db03bc3918bfcbe26d02a7c6,
silence,info,DIA,sBTC/USD,,2026-09-19T07:17:34Z,2026-09-19T08:38:22Z,1.35,,,,,0x1eeafa54d0cf58a835dfdee1c31958528f0b6cf38562e22199994ca7eba1f279,0xafbb2c7bec58dd80d8663505da2e340b11a89037db03bc3918bfcbe26d02a7c6,
deviation,critical,DIA,sBTC/USD,5,2026-09-19T07:18:00Z,2026-09-19T21:09:00Z,13.85,,75861.95228351,6.72,,0x1eeafa54d0cf58a835dfdee1c31958528f0b6cf38562e22199994ca7eba1f279,,
deviation,warn,DIA,sBTC/USD,2,2026-09-19T07:18:00Z,2026-09-19T23:10:00Z,15.87,,75861.95228351,6.72,,0x1eeafa54d0cf58a835dfdee1c31958528f0b6cf38562e22199994ca7eba1f279,,
deviation,critical,DIA,stSTX/USD,5,2026-09-19T07:27:00Z,2026-09-19T20:12:00Z,12.75,,0.32247009,16.19,,0xc3acbd8cdc0cfa20fbdc91e865ffd486ef61ede74955546b0cc02a2e2b2652f5,,
deviation,warn,DIA,STX/USD,2,2026-09-19T07:40:00Z,2026-09-19T08:39:00Z,0.98,,0.28113432,2.93,,0xc3acbd8cdc0cfa20fbdc91e865ffd486ef61ede74955546b0cc02a2e2b2652f5,,
deviation,warn,Arkadiko,STX (token 1),2,2026-09-19T08:17:00Z,2026-09-19T08:21:00Z,0.07,,0.2827,2.1,,0x2f96b8b1feb3302712e239fe520fcda95473cb893a175ebf1c97d08f7b838c5a,,
deviation,warn,Arkadiko,stSTX (token 8),2,2026-09-19T08:17:00Z,2026-09-19T08:21:00Z,0.07,,0.335341,2.1,,0xb6a18e0d51b0b0be4980f415ed0c1fe580674c622b3cebcf4c4c614002674ece,,
frozen,critical,DIA,sBTC/USD,,2026-09-19T08:38:22Z,2026-09-19T23:07:27Z,14.48,56,77034.6825513,,0.72,0xafbb2c7bec58dd80d8663505da2e340b11a89037db03bc3918bfcbe26d02a7c6,0xa1d73f9c1380d3c52e1b70f619ceb08d88e45b0f1ce1e1da3cc24eecd6775f72,
silence,critical,DIA,stSTX/USD,,2026-09-19T09:37:00Z,2026-09-19T20:11:23Z,10.57,,,,,0x5c2975e70a7fa5f4e086523be8bb690e546f77606a7aa888a69d1adb27200f9f,0xb72b91c0746790205384145a9ec5ec637f63c414e43a80da75fc47ea24c19b03,
deviation,warn,Arkadiko,STX (token 1),2,2026-09-19T10:09:00Z,2026-09-19T10:32:00Z,0.38,,0.2882,3.16,,0x210362d2e622f294aec43bffc174bd6a5b8199fe47e7877e436d019e65589769,,
deviation,warn,Arkadiko,stSTX (token 8),2,2026-09-19T10:15:00Z,2026-09-19T10:33:00Z,0.3,,0.342696,2.92,,0xd3dce7d21ca08cd7a3684bcb0a0c0b563a15e53815249f9bd478c648eda6a3dd,,
deviation,warn,DIA,STX/USD,2,2026-09-19T10:18:00Z,2026-09-19T10:22:00Z,0.07,,0.29099959,2.22,,0x2a8432d002d110fcc97b0f3903b4de4b717bbcbe06b7846625529f27e8312b0e,,
deviation,warn,Arkadiko,STX (token 1),2,2026-09-19T11:13:00Z,2026-09-19T12:03:00Z,0.83,,0.2955,5.97,,0x1bb8b7c5a496177f19da5072b79592f6bda736e039c7a8a25512e3d0f667e5ec,,
deviation,warn,Arkadiko,stSTX (token 8),2,2026-09-19T11:13:00Z,2026-09-19T12:03:00Z,0.83,,0.351356,6.16,,0xa4c4b21c6d2368fde7787dfb37875a6146903e2d8dc361e4faf0f997bac9d5c5,,
deviation,warn,DIA,STX/USD,2,2026-09-19T11:40:00Z,2026-09-19T11:58:00Z,0.3,,0.30645968,3.38,,0xeffb93e023fe396707e3bf2c905337b1fb1a4ce143905448c0f91dfd4205d1f1,,
deviation,critical,Arkadiko,stSTX (token 8),5,2026-09-19T11:54:00Z,2026-09-19T12:03:00Z,0.15,,0.360608,6.16,,0xc556e627251805b082072a6a2150a2edb779799d2fdf580dce511d4a2d5a0df2,,
deviation,critical,Arkadiko,STX (token 1),5,2026-09-19T11:55:00Z,2026-09-19T12:03:00Z,0.13,,0.3046,5.97,,0x2cc6648db9043bb982769292c38bd00591a1c1d1d0f835729ef5d975e9f9485a,,
deviation,warn,Arkadiko,STX (token 1),2,2026-09-19T12:33:00Z,2026-09-19T13:02:00Z,0.48,,0.3224,3.92,,0xb2bda61527d730f29c0535d9aa91a26e80c15f2b282d7059448ee00091f4fe78,,
deviation,warn,Arkadiko,stSTX (token 8),2,2026-09-19T12:33:00Z,2026-09-19T13:03:00Z,0.5,,0.382434,3.91,,0x8ef1f11c5eb973c44c54037ca480828eab80842530a9635a64f7e75accfe75ed,,
deviation,warn,DIA,STX/USD,2,2026-09-19T12:36:00Z,2026-09-19T12:43:00Z,0.12,,0.3206135,2.76,,0x5d968549431ff0e0f64a333eabbdd951fd70dab7ba8a54097edfb03b3da4902e,,
silence,info,DIA,BTC/USD,,2026-09-19T13:57:33Z,2026-09-19T15:09:07Z,1.19,,,,,0xbad176f141090520df0e0c66dac60f09891f69b4bfb7258895711985417f1715,0x6215e240b76d257d2084dffc8b1f0eb9211df3bf4e0378f33d36a6389de2581a,
silence,info,DIA,STX/USD,,2026-09-19T13:57:33Z,2026-09-19T15:09:07Z,1.19,,,,,0xbad176f141090520df0e0c66dac60f09891f69b4bfb7258895711985417f1715,0x6215e240b76d257d2084dffc8b1f0eb9211df3bf4e0378f33d36a6389de2581a,
silence,info,DIA,sBTC/USD,,2026-09-19T13:57:33Z,2026-09-19T15:09:07Z,1.19,,,,,0xbad176f141090520df0e0c66dac60f09891f69b4bfb7258895711985417f1715,0x6215e240b76d257d2084dffc8b1f0eb9211df3bf4e0378f33d36a6389de2581a,
silence,info,DIA,USDh/USD,,2026-09-19T13:57:33Z,2026-09-19T15:09:07Z,1.19,,,,,0xbad176f141090520df0e0c66dac60f09891f69b4bfb7258895711985417f1715,0x6215e240b76d257d2084dffc8b1f0eb9211df3bf4e0378f33d36a6389de2581a,
deviation,warn,DIA,STX/USD,2,2026-09-19T14:54:00Z,2026-09-19T15:10:00Z,0.27,,0.31117164,2.87,,0xbad176f141090520df0e0c66dac60f09891f69b4bfb7258895711985417f1715,,
deviation,warn,DIA,STX/USD,2,2026-09-19T18:34:00Z,2026-09-19T18:36:00Z,0.03,,0.3020034,2.22,,0x8b35487923cadcb695ee8652fa6051883935dcc601cb220e92bb65b5d2a884fb,,
deviation,warn,Arkadiko,STX (token 1),2,2026-09-19T18:44:00Z,2026-09-19T20:12:00Z,1.47,,0.3038,2.91,,0xa56c1c7f3ce346e47f9b0e441255b8bcd517298830bef268f8234c12fa9b6b38,,
deviation,warn,Arkadiko,stSTX (token 8),2,2026-09-19T18:44:00Z,2026-09-19T20:12:00Z,1.47,,0.360385,2.91,,0xa4c5a8426ccbebed8a7a378cb82b55cbbd7ffe5674137b6e634e6eca12bb6b30,,
deviation,warn,DIA,STX/USD,2,2026-09-19T19:23:00Z,2026-09-19T19:38:00Z,0.25,,0.32122447,4.6,,0x8bc18c1ab68058daaff20e146f0ddf3623628581c05d2e1ae6c82195b70f1c92,,
frozen,critical,DIA,stSTX/USD,,2026-09-19T20:11:23Z,ongoing,92.54,248,0.36808361,,13.82,0xb72b91c0746790205384145a9ec5ec637f63c414e43a80da75fc47ea24c19b03,0xbbb0cc8fe303074023cc6e2b2a5885671ac593f6b227c18260c6469977f5ca21,
deviation,critical,DIA,sBTC/USD,5,2026-09-19T21:52:00Z,2026-09-19T21:59:00Z,0.12,,77034.6825513,5.04,,0x3f444f13e5728965ff5f4f689e740ca0d5891d0be54de56e7aadaccb9b734d2e,,
deviation,critical,DIA,sBTC/USD,5,2026-09-19T22:35:00Z,2026-09-19T23:10:00Z,0.58,,77034.6825513,5.17,,0x79479fe188179eaa1abefc91866c41152668eba0e7354a15ce74f19c7d33ac93,,
deviation,warn,Arkadiko,STX (token 1),2,2026-09-19T23:26:00Z,2026-09-19T23:36:00Z,0.17,,0.3097,2.1,,0x21d011ba6115c8dda988c727fbef026eeddcd32297d4b859a57576fb336d84e3,,
deviation,warn,Arkadiko,stSTX (token 8),2,2026-09-19T23:26:00Z,2026-09-19T23:38:00Z,0.2,,0.367271,2.13,,0x5278ac55ad53cfb12ac56442aaa5bcda96f9c1e437df335fbd9cd33ad8a8815c,,
deviation,warn,DIA,stSTX/USD,2,2026-09-20T00:33:00Z,2026-09-20T02:53:00Z,2.33,,0.36808361,6.61,,0x0a5cd6b23280c0ea33a959f25d871c721d4d4e6e60b20d8d809f307c984ee178,,
deviation,warn,DIA,STX/USD,2,2026-09-20T01:49:00Z,2026-09-20T01:53:00Z,0.07,,0.32022715,2.85,,0x37d9d4c851e41a51b485e5fb4fffb37c99df78909ca826474047929e5780072f,,
deviation,critical,DIA,stSTX/USD,5,2026-09-20T01:49:00Z,2026-09-20T02:38:00Z,0.82,,0.36808361,6.61,,0x37d9d4c851e41a51b485e5fb4fffb37c99df78909ca826474047929e5780072f,,
deviation,warn,Arkadiko,STX (token 1),2,2026-09-20T01:49:00Z,2026-09-20T05:01:00Z,3.2,,0.3198,4.88,,0xaf71c6480f710f003178c5edf4118388b9ccec588936495d0ee33e3e6dab41e6,,
deviation,warn,Arkadiko,stSTX (token 8),2,2026-09-20T01:49:00Z,2026-09-20T05:01:00Z,3.2,,0.37949,4.4,,0xd4c0de2fe244c60473b0a824a4368f3f551536f1b4c533ecea03e71a2fbfca6d,,
frozen,warn,DIA,sBTC/USD,,2026-09-20T02:07:26Z,2026-09-20T02:52:23Z,0.75,4,81586.22132633,,0.73,0xb285168c0ba077ed4d90dd462fdad91ef3deae5cf9d3e44b34dc40168adcd202,0x23397bd4379bc7e358b056e2f9c0273b19681831aaad4ce9c0fd0a9f08589868,
deviation,warn,DIA,STX/USD,2,2026-09-20T02:43:00Z,2026-09-20T03:05:00Z,0.37,,0.32705998,3.08,,0xb3731ee6a786560dcfe8c1f6c53696e68dc273535ca2548e3c9734a54a92e99c,,
frozen,critical,DIA,sBTC/USD,,2026-09-20T03:07:25Z,ongoing,85.6,337,80529.84394506,,8.55,0x8e4305d62595bc3e7a6538f96b4ebd689382bf72fd8d41680d1d0d6e427f6ea3,0xbbb0cc8fe303074023cc6e2b2a5885671ac593f6b227c18260c6469977f5ca21,
deviation,warn,DIA,stSTX/USD,2,2026-09-20T03:41:00Z,2026-09-20T10:27:00Z,6.77,,0.36808361,5.3,,0x666cdd5e56131f5d36d7d7dbe518cc20e806aae3a3428238052cd01951fd7767,,
deviation,warn,DIA,STX/USD,2,2026-09-20T03:48:00Z,2026-09-20T03:53:00Z,0.08,,0.3157168,2.49,,0x666cdd5e56131f5d36d7d7dbe518cc20e806aae3a3428238052cd01951fd7767,,
deviation,critical,DIA,stSTX/USD,5,2026-09-20T05:52:00Z,2026-09-20T06:27:00Z,0.58,,0.36808361,5.3,,0x461730c914270fc3430f4fadb29c431fa52dbb3a6794e3627840db6fec91378e,,
deviation,warn,Arkadiko,STX (token 1),2,2026-09-20T05:54:00Z,2026-09-20T05:59:00Z,0.08,,0.3204,2.2,,0x8b5ccc5254240465973020f6db0f7bad441e9dddb47df71d17a4b777025d8789,,
deviation,warn,Arkadiko,stSTX (token 8),2,2026-09-20T05:54:00Z,2026-09-20T05:59:00Z,0.08,,0.380101,2.2,,0x253ecce9913490e6a5271e924bef5fd054b27ba2c14c2054c4a76b30c3f97233,,
deviation,warn,Arkadiko,STX (token 1),2,2026-09-20T06:55:00Z,2026-09-20T07:00:00Z,0.08,,0.3259,2.83,,0x0871b01a696087dbca66877ba53412e4d79259f714bdc479752c0f5123194bc4,,
deviation,warn,Arkadiko,stSTX (token 8),2,2026-09-20T06:55:00Z,2026-09-20T07:03:00Z,0.13,,0.386626,2.83,,0x51ca9cab2599e4ab8ecd64c2b43b265f00f9e26a1c1860a657ddf0b47c1a20e7,,
deviation,warn,DIA,stSTX/USD,2,2026-09-20T11:04:00Z,2026-09-20T11:13:00Z,0.15,,0.36808361,2.51,,0xc18196b7e282df5a3339fc2f9fc50f94923dbabe048a9f8f0149f4e19a4816b7,,
silence,info,DIA,BTC/USD,,2026-09-20T13:37:25Z,2026-09-20T15:10:50Z,1.56,,,,,0xd2ddefc800ea3fc2911ef6a4b67e80eac2feea7f0fe3084d8852a89753bfc279,0xc4b311a906d45a975c5ccccd36ac8f91d4b4ee98b09bb2612876bc8c3e8f0cdc,
silence,info,DIA,STX/USD,,2026-09-20T13:37:25Z,2026-09-20T15:10:50Z,1.56,,,,,0xd2ddefc800ea3fc2911ef6a4b67e80eac2feea7f0fe3084d8852a89753bfc279,0xc4b311a906d45a975c5ccccd36ac8f91d4b4ee98b09bb2612876bc8c3e8f0cdc,
silence,info,DIA,sBTC/USD,,2026-09-20T13:37:25Z,2026-09-20T15:10:50Z,1.56,,,,,0xd2ddefc800ea3fc2911ef6a4b67e80eac2feea7f0fe3084d8852a89753bfc279,0xc4b311a906d45a975c5ccccd36ac8f91d4b4ee98b09bb2612876bc8c3e8f0cdc,
silence,info,DIA,stSTX/USD,,2026-09-20T13:37:25Z,2026-09-20T15:10:50Z,1.56,,,,,0xd2ddefc800ea3fc2911ef6a4b67e80eac2feea7f0fe3084d8852a89753bfc279,0xc4b311a906d45a975c5ccccd36ac8f91d4b4ee98b09bb2612876bc8c3e8f0cdc,
silence,info,DIA,USDh/USD,,2026-09-20T13:37:25Z,2026-09-20T15:10:50Z,1.56,,,,,0xd2ddefc800ea3fc2911ef6a4b67e80eac2feea7f0fe3084d8852a89753bfc279,0xc4b311a906d45a975c5ccccd36ac8f91d4b4ee98b09bb2612876bc8c3e8f0cdc,
deviation,warn,DIA,stSTX/USD,2,2026-09-20T16:39:00Z,2026-09-23T14:11:00Z,69.53,,0.36808361,12.4,,0xc34d95fafa7c7e95ccd4d1198b8b0095e58eedebdb4b6cbafb9c57fe411d2a97,,
deviation,warn,DIA,STX/USD,2,2026-09-20T20:51:00Z,2026-09-20T20:55:00Z,0.07,,0.32068168,2.52,,0xfa38d239e6822a22ee02368561278b026392c92235d42a510699164a2833eeb1,,
deviation,critical,DIA,stSTX/USD,5,2026-09-20T20:51:00Z,2026-09-21T01:49:00Z,4.97,,0.36808361,9,,0xfa38d239e6822a22ee02368561278b026392c92235d42a510699164a2833eeb1,,
deviation,warn,Arkadiko,STX (token 1),2,2026-09-20T20:51:00Z,2026-09-20T20:54:00Z,0.05,,0.3218,2.18,,0x567d4388faa072b343d6840c77dd05c8cb26d2c0a04c7ceb15b2ff464041608c,,
deviation,warn,Arkadiko,stSTX (token 8),2,2026-09-20T20:51:00Z,2026-09-20T21:32:00Z,0.68,,0.377169,3.37,,0x082e49bbde270da7a6a2a3ece0858ae6bf56ef9234513752dd89054f49f932aa,,
deviation,warn,Arkadiko,stSTX (token 8),2,2026-09-20T22:11:00Z,2026-09-20T22:16:00Z,0.08,,0.385476,2.25,,0x58efb0efad635c3e22610ac603491c22d7d54afc235e4b3ba7d539d3a802049e,,
silence,info,DIA,stSTX/USD,,2026-09-20T23:23:51Z,2026-09-21T00:41:09Z,1.29,,,,,0x34a49bf4d27cf66e3c1a330989b7d2bc20c0bcb65c9aff8394d680785e392f76,0x9893c91ec57b72605dc213de8a14d22e0755089793ff6b95cf7ae574c8d4462e,
deviation,warn,Arkadiko,STX (token 1),2,2026-09-20T23:51:00Z,2026-09-21T00:33:00Z,0.7,,0.3252,4.61,,0xebda8cd092b9364403ac1dd02ca2fd08289dce46cf4b3e0e7491ded2d4c69be3,,
deviation,warn,Arkadiko,stSTX (token 8),2,2026-09-21T00:01:00Z,2026-09-21T00:14:00Z,0.22,,0.392601,2.94,,0xbfd7d5ac2c5b772e3f9e54d215089473886e0bc8b6335b14daf8c4767274ae5a,,
deviation,warn,Arkadiko,STX (token 1),2,2026-09-21T01:55:00Z,2026-09-21T02:02:00Z,0.12,,0.3301,2.48,,0x3ba425e3cc85c04945c6936373fb6b7ced87e4733a85b3d895cbeccca2842a80,,
deviation,warn,Arkadiko,stSTX (token 8),2,2026-09-21T01:56:00Z,2026-09-21T02:08:00Z,0.2,,0.390465,2.17,,0xa2b68024525386697c00f556ef09217394e5332c421b42c9303aff477914ab77,,
deviation,critical,DIA,stSTX/USD,5,2026-09-21T03:02:00Z,2026-09-21T03:48:00Z,0.77,,0.36808361,5.64,,0x800de40c3138986bff6a5aaa8ecd11afcc4a2d6e7a4d8291bff38a651a2a91cd,,
deviation,warn,DIA,sBTC/USD,2,2026-09-21T08:25:00Z,ongoing,56.51,,80529.84394506,7.8,,0x6379a6c69b79f6f2da1eada543b6b2199f389c28a55cdecf02652071dced977a,,
deviation,critical,DIA,stSTX/USD,5,2026-09-21T08:38:00Z,2026-09-23T10:04:00Z,49.43,,0.36808361,12.4,,0xb745158054fd0d3cc43bce303246214579eae46894c052ab3e0e2a878b05ece6,,
deviation,warn,Arkadiko,BTC (token 2),2,2026-09-21T08:38:00Z,2026-09-21T09:42:00Z,1.07,,81910.5,3.74,,0x7799a2e4c4d0e1ec6aee78593f8911dc213804886f735ec6ee86f8e0a91d4760,,
deviation,warn,Arkadiko,STX (token 1),2,2026-09-21T08:40:00Z,2026-09-21T10:18:00Z,1.63,,0.3202,5.36,,0x9a4dcc0db0396bc8e0cea4e7766b52c16fc233541e173d4cd82c0fa8f868556f,,
deviation,warn,Arkadiko,stSTX (token 8),2,2026-09-21T08:40:00Z,2026-09-21T10:19:00Z,1.65,,0.380163,5.3,,0x00f7ea475f613b137e824bbd59f5a6fc9adbb706ff5bc91d0ae441b854e828c2,,
silence,warn,DIA,stSTX/USD,,2026-09-21T08:56:36Z,2026-09-21T13:34:01Z,4.62,,,,,0xb82e131eb8ce495173e36f83716da3bd4778e55e2258ebc85a9febb209f92a7c,0x605f01d1e22513056ea5dcfdc599be66b173c7d7280832ccceb0db99c6c3e3ab,
deviation,critical,Arkadiko,STX (token 1),5,2026-09-21T09:29:00Z,2026-09-21T09:32:00Z,0.05,,0.3202,5.36,,0x9a4dcc0db0396bc8e0cea4e7766b52c16fc233541e173d4cd82c0fa8f868556f,,
deviation,critical,Arkadiko,stSTX (token 8),5,2026-09-21T09:29:00Z,2026-09-21T09:32:00Z,0.05,,0.380163,5.3,,0x00f7ea475f613b137e824bbd59f5a6fc9adbb706ff5bc91d0ae441b854e828c2,,
deviation,critical,DIA,sBTC/USD,5,2026-09-21T09:37:00Z,2026-09-21T10:02:00Z,0.42,,80529.84394506,5.36,,0xe28a535dd039c6ddc382f3fb0521e630d8aa03c1434a55101ac323088e931b44,,
deviation,critical,DIA,sBTC/USD,5,2026-09-21T11:39:00Z,2026-09-23T14:16:00Z,50.62,,80529.84394506,7.8,,0xc8db85d9adbb456a7b0adb80167f33bcf8e8c3116a3c003666a212e3487bbe61,,
silence,warn,DIA,stSTX/USD,,2026-09-21T13:41:44Z,2026-09-21T15:51:30Z,2.16,,,,,0xf5abdfad27aaa4adff5440c3a2504a887b86f615c9e9225dc5d066db4aa007b6,0xc86fbcc00b0c28c891e03ec2adb5f5ade55df7a79cc1cc62b5aff4392200eefa,
deviation,warn,Arkadiko,STX (token 1),2,2026-09-21T14:38:00Z,2026-09-21T15:10:00Z,0.53,,0.3286,2.87,,0x23c1c353fc7eab72a0ccab20da1be90cd58879897940958e360890bb99f2b2ca,,
deviation,warn,Arkadiko,stSTX (token 8),2,2026-09-21T14:38:00Z,2026-09-21T15:10:00Z,0.53,,0.389901,2.88,,0x19b33d5991402b3c41198a0ff48a71bf4d0597344f51c8b3836ee70f384736e4,,
silence,info,DIA,stSTX/USD,,2026-09-21T16:12:25Z,2026-09-21T17:51:24Z,1.65,,,,,0x3cc5f9cbc8ac205f4475ccb7df7ed53cb672dbf743383abdffd3088d84b1e654,0x42b9ae29e88a77bd7c07b4eeaf37cdfbef9010e9c3d14a00f4ba0ba16967d74c,
silence,info,DIA,stSTX/USD,,2026-09-21T17:57:30Z,2026-09-21T19:05:31Z,1.13,,,,,0x138456c6c343e29d98e070bc0eda16d619ffed0ba769908d6a3a77078ac9b91d,0xd2afe14aa6cda42a80da8748a3e7a4cc69711d2e8ed0d1db15ac5b69d8865e79,
silence,critical,DIA,stSTX/USD,,2026-09-21T19:05:31Z,2026-09-22T15:29:15Z,20.4,,,,,0xd2afe14aa6cda42a80da8748a3e7a4cc69711d2e8ed0d1db15ac5b69d8865e79,0x24d93f232cbd791d38d5b0056b12b0248b5d6c935cdbeb77b0663b49e9826412,
deviation,warn,Arkadiko,stSTX (token 8),2,2026-09-21T20:19:00Z,2026-09-21T21:03:00Z,0.73,,0.393831,2.83,,0x52fa1b481bb959b965ff28f9e4a4ede9513a8fa3af16206539fd0bc15b293516,,
deviation,warn,Arkadiko,STX (token 1),2,2026-09-21T20:29:00Z,2026-09-21T21:02:00Z,0.55,,0.3354,3.86,,0xe03be0d990a5594055922167544dea9996ade6bd64cdb1ac71d706fe2827298c,,
deviation,warn,Arkadiko,STX (token 1),2,2026-09-21T21:46:00Z,2026-09-21T21:50:00Z,0.07,,0.3474,2.07,,0x4812386472ef7d24bfa70115f08dd26d62c6f25b63cda2b9f51a79fe5a9a854a,,
deviation,warn,Arkadiko,STX (token 1),2,2026-09-21T23:31:00Z,2026-09-21T23:42:00Z,0.18,,0.3466,2.35,,0xacb0be0c98d7bc8766ad2b32fcdedfc26af0ae2101aa4d20b7514eb5a11a74a2,,
deviation,warn,Arkadiko,STX (token 1),2,2026-09-22T01:02:00Z,2026-09-22T01:31:00Z,0.48,,0.3423,2.92,,0x450ea4447aad06fb21f27a87eaa3d2ce26941710ebb43c0b6ef1c6238bff6e07,,
deviation,warn,Arkadiko,stSTX (token 8),2,2026-09-22T01:03:00Z,2026-09-22T01:27:00Z,0.4,,0.40512,2.65,,0xac1f6206ad53bdf22821a2b0a0a8c3f5f32fb80ef8ded75757751354a2ff7763,,
deviation,warn,Arkadiko,STX (token 1),2,2026-09-22T08:26:00Z,2026-09-22T08:35:00Z,0.15,,0.3487,2.57,,0x919dc78a559eb00127072e1ceae1619add1d4f73a9e48a8405c52226d1344610,,
deviation,warn,DIA,STX/USD,2,2026-09-22T08:27:00Z,2026-09-22T08:29:00Z,0.03,,0.34765002,2.26,,0xdfcdcda9587bef9d9a22b642e004ce81e52ad16dafe07f809a03681b5341c71b,,
deviation,warn,Arkadiko,stSTX (token 8),2,2026-09-22T08:27:00Z,2026-09-22T08:34:00Z,0.12,,0.413442,2.48,,0xfbe80916a74bcaf42482c5552fdc6d5709a5463ebc95d97f615d8f214c3690b1,,
deviation,warn,Arkadiko,STX (token 1),2,2026-09-22T11:39:00Z,2026-09-22T11:52:00Z,0.22,,0.342,3.41,,0xab6db0795cc12662eb112e9d55570fc0509daea17339afe31b7fbd9c305b2de4,,
deviation,warn,Arkadiko,stSTX (token 8),2,2026-09-22T11:39:00Z,2026-09-22T11:53:00Z,0.23,,0.405856,3.41,,0x6645f77a24274f1ca90e3d2f32ad3510a74e54596b052ff4b6713c2503c12ffa,,
deviation,warn,Arkadiko,STX (token 1),2,2026-09-22T12:34:00Z,2026-09-22T13:27:00Z,0.88,,0.3539,2.94,,0xe65cc1e05059a80e70aec80807a5935c255348d8361929d73a457980b9423a3f,,
deviation,warn,Arkadiko,stSTX (token 8),2,2026-09-22T12:35:00Z,2026-09-22T12:57:00Z,0.37,,0.417367,2.3,,0x65355cc794775df6a30f431e23046914a2b9d414357fb95d600084d899d71aa5,,
deviation,warn,Arkadiko,STX (token 1),2,2026-09-22T16:28:00Z,2026-09-22T17:19:00Z,0.85,,0.3456,2.22,,0xf95061356b7f8ca3148a3348a05ea9f801e5cc0686bc8e21a513c8239b855a27,,
deviation,critical,DIA,stSTX/USD,5,2026-09-23T10:58:00Z,2026-09-23T11:01:00Z,0.05,,0.36808361,5.03,,0xb8e77d111db766b19d75b185084856bf6abe62f9cdc83affc88cc33b03e689e9,,
deviation,warn,DIA,STX/USD,2,2026-09-23T14:11:00Z,2026-09-23T14:29:00Z,0.3,,0.32203849,4.03,,0x6fab2b830fd7575ae0dac54d4058a13065472a124151d803f7f5cd063d0d40de,,
deviation,warn,Arkadiko,STX (token 1),2,2026-09-23T14:11:00Z,2026-09-23T14:41:00Z,0.5,,0.3228,4.46,,0x4ca3adfb9c08905d1ba61d829ac5633c3d40f53368601f782a9fb2530344e06b,,
deviation,warn,Arkadiko,stSTX (token 8),2,2026-09-23T14:11:00Z,2026-09-23T14:42:00Z,0.52,,0.383123,4.46,,0x31bce8f1f03162dffdcd965ff59d28179e3c17c451d20b019d69e5b2b91c3860,,
deviation,warn,DIA,stSTX/USD,2,2026-09-23T15:11:00Z,2026-09-23T15:54:00Z,0.72,,0.36808361,2.62,,0xd7da93fbec49e3f62ba4f554f780c4224f755183c676c42fbb85ceb65573309f,,
deviation,warn,DIA,stSTX/USD,2,2026-09-23T16:25:00Z,ongoing,0.51,,0.36808361,2.7,,0x2ad3cf84528b37bf82b62e34bb03db597555a68095aa8af196f3d83bac0edb7b,,
