block_time_utc,block_height,tx_id,market,contract,function,sender,payload_time_utc,payload_age_s,limit_s,headroom_s,tx_status,result,classification,meaning
2026-08-03T11:44:16Z,8695462,0x7980c61d9af02f9135dff9ff96ccfc188031d6f7ea3319a9725f2c0fdf025538,granite-usdcx,SP3M2BYF7RGF8WKW5FVDNJ6WR8D7AR9BHDXAKPXZE.state-v1,borrow,SP2N7SK0W83NJSZHFH8HH31ZT3DXJG7NFE5VYT9SJ,2026-08-03T11:43:21Z,55,300,245,success,(ok true),ok,
2026-08-03T11:46:58Z,8695474,0x2d70a71f73c3f3e51181d884c550527c732b8f2e360a085b72a71e9f78265055,granite-usdcx,SP3M2BYF7RGF8WKW5FVDNJ6WR8D7AR9BHDXAKPXZE.state-v1,remove-collateral,SP2N7SK0W83NJSZHFH8HH31ZT3DXJG7NFE5VYT9SJ,2026-08-03T11:45:22Z,96,300,204,success,(ok true),ok,
2026-08-03T12:13:27Z,8695597,0x8433bbeebdce1518c048c74fc619913d5918e2de46b34f6cdf712080ef49e4ab,granite-usdcx,SP3M2BYF7RGF8WKW5FVDNJ6WR8D7AR9BHDXAKPXZE.state-v1,borrow,SP2N7SK0W83NJSZHFH8HH31ZT3DXJG7NFE5VYT9SJ,2026-08-03T12:12:44Z,43,300,257,success,(ok true),ok,
2026-08-03T12:16:03Z,8695605,0x48879972aa5d6af825dc0eb2a589a334b76f781cb64b0fa302294bef5a66c66b,granite-usdcx,SP3M2BYF7RGF8WKW5FVDNJ6WR8D7AR9BHDXAKPXZE.state-v1,remove-collateral,SP2N7SK0W83NJSZHFH8HH31ZT3DXJG7NFE5VYT9SJ,2026-08-03T12:14:44Z,79,300,221,success,(ok true),ok,
2026-08-03T13:02:03Z,8695797,0x411e4d80f0da2b813dfec4d38f3fed391233398a1967179d946d6ffb5832a957,granite-usdcx,SP3M2BYF7RGF8WKW5FVDNJ6WR8D7AR9BHDXAKPXZE.state-v1,borrow,SP1S2ZTV7QVAYBRJVB85FHXE7P8PZZHXVCERMEHN9,2026-08-03T13:01:07Z,56,300,244,success,(ok true),ok,
2026-08-03T18:10:33Z,8697022,0xba0ab95d9b40f306e7226cc02ef961c91d92ac6e7297994546f462feefa95f10,granite-usdcx,SP3M2BYF7RGF8WKW5FVDNJ6WR8D7AR9BHDXAKPXZE.state-v1,remove-collateral,SP1S2ZTV7QVAYBRJVB85FHXE7P8PZZHXVCERMEHN9,2026-08-03T18:10:19Z,14,300,286,success,(ok true),ok,
2026-08-03T23:06:43Z,8698250,0x107e0484c37fa0ae16598fa710ae0e0383615adf5b9219dc7bcc41306ec6a057,granite-usdcx,SP3M2BYF7RGF8WKW5FVDNJ6WR8D7AR9BHDXAKPXZE.state-v1,remove-collateral,SP2VG7S0R4Z8PYNYCAQ04HCBX1MH75VT11VXCWQ6G,2026-08-03T23:04:24Z,139,300,161,success,(ok true),ok,
2026-08-04T15:22:28Z,8702234,0xf0eb12ab9f6c723dacdb69fa1d3933b3bfaacc3710c968baa8b03cfff0368c85,granite-usdcx,SP3M2BYF7RGF8WKW5FVDNJ6WR8D7AR9BHDXAKPXZE.state-v1,borrow,SP14YFFWP15FJCYRFY6Z0JN71QMMXZYS4CY25HVR2,2026-08-04T15:20:59Z,89,300,211,success,(ok true),ok,
2026-08-05T16:48:50Z,8707687,0x90fc96a526deab4a2eea9b2c6d9794cc17547611a54ca5d4c57e62e249eb4526,granite-usdcx,SP3M2BYF7RGF8WKW5FVDNJ6WR8D7AR9BHDXAKPXZE.state-v1,borrow,SP1T07GK9H4M0WP4N1DSSA7NJ7GNTQZ0GBZM0GAR2,2026-08-05T16:47:24Z,86,300,214,success,(ok true),ok,
2026-08-08T00:08:41Z,8718921,0x8053d78ad3349489283d0794ee9384bc6c50073c60bfd7e4b9c84ca9a169cac8,granite-usdcx,SP3M2BYF7RGF8WKW5FVDNJ6WR8D7AR9BHDXAKPXZE.state-v1,borrow,SP1H68DAV0HZZ2NJXD38DK12EXXSR7A39J5HT19N1,2026-08-08T00:06:08Z,153,300,147,success,(ok true),ok,
2026-08-09T11:24:34Z,8727582,0x3c0b0e1747230328c19f19d0deceec7c048331a99e30ea9f815f0767620ccdff,granite-usdcx,SP3M2BYF7RGF8WKW5FVDNJ6WR8D7AR9BHDXAKPXZE.state-v1,borrow,SP14YFFWP15FJCYRFY6Z0JN71QMMXZYS4CY25HVR2,2026-08-09T11:23:19Z,75,300,225,success,(ok true),ok,
2026-08-11T13:48:41Z,8738844,0x1195089eb5fd84cc6a4830441176782bed14b68c3bce1f699bce11a425677842,granite-usdcx,SP3M2BYF7RGF8WKW5FVDNJ6WR8D7AR9BHDXAKPXZE.state-v1,granite-borrow,SP6XGBDAD800GGY6XF48AC27467W9PEHA6EPBGKJ,2026-08-11T13:48:14Z,27,300,273,success,(ok true),ok,
2026-08-12T01:21:38Z,8741241,0x96f1e31391779f32c96befba0920235bb2a2dc18b358368fcbcc7a50fd5890c2,granite-usdcx,SP3M2BYF7RGF8WKW5FVDNJ6WR8D7AR9BHDXAKPXZE.state-v1,granite-remove-collateral,SP6XGBDAD800GGY6XF48AC27467W9PEHA6EPBGKJ,2026-08-12T01:21:24Z,14,300,286,success,(ok true),ok,
2026-08-13T15:33:07Z,8753666,0x5c1d7f1b112215e46f7678d9a48e8e11d1a995d6d6310b927cad670e97143fcc,granite-usdcx,SP3M2BYF7RGF8WKW5FVDNJ6WR8D7AR9BHDXAKPXZE.state-v1,remove-collateral,SP1Y3FBARS8CVANS1GCYVN3B6NZFMA7H61Z6TP6RK,2026-08-13T15:30:48Z,139,300,161,success,(ok true),ok,
2026-08-13T20:35:09Z,8755621,0x249046039a34517849ca4d7cd6979b159296587714254174fee105884a3cdeaf,granite-usdcx,SP3M2BYF7RGF8WKW5FVDNJ6WR8D7AR9BHDXAKPXZE.state-v1,granite-add-open-usdcx,SP6XGBDAD800GGY6XF48AC27467W9PEHA6EPBGKJ,2026-08-13T20:34:49Z,20,300,280,success,(ok true),ok,
2026-08-13T20:54:45Z,8755737,0xf071d1fdd5e45c1f802d55dc1bd13a3789c765d322cbdf4b844d599dea0c9080,granite-usdcx,SP3M2BYF7RGF8WKW5FVDNJ6WR8D7AR9BHDXAKPXZE.state-v1,granite-close-remove-usdcx,SP6XGBDAD800GGY6XF48AC27467W9PEHA6EPBGKJ,2026-08-13T20:54:36Z,9,300,291,success,(ok true),ok,
2026-08-14T11:04:36Z,8760865,0x5887840c3daf9ce589811960f50b51d10b685510936d374fb86b862381a70056,zest-v1,SP2VCQJGH7PHP2DJK7Z0V48AGBHQAW3R3ZW1QF4N.borrow-helper-v2-1-8,liquidation-call,SPP6CG3E4VKDGC1NW7AQMMHCD6053152X9DNT12C,2026-08-14T11:04:21Z,15,360,345,abort_by_response,(err u30000),revert:non-oracle,
2026-08-14T11:04:36Z,8760865,0x88b7ca3985a32976f4a10afb7417f5136e40882581b28376faef5b6674a50e83,zest-v1,SP2VCQJGH7PHP2DJK7Z0V48AGBHQAW3R3ZW1QF4N.borrow-helper-v2-1-8,liquidation-call,SPP6CG3E4VKDGC1NW7AQMMHCD6053152X9DNT12C,2026-08-14T11:04:21Z,15,360,345,abort_by_response,(err u30000),revert:non-oracle,
2026-08-14T11:04:36Z,8760865,0xc838e14f997f60606300dd1d82c3b33a74a34aae90f88bcc80b7a217944a8259,zest-v1,SP2VCQJGH7PHP2DJK7Z0V48AGBHQAW3R3ZW1QF4N.borrow-helper-v2-1-8,liquidation-call,SPP6CG3E4VKDGC1NW7AQMMHCD6053152X9DNT12C,2026-08-14T11:04:21Z,15,360,345,abort_by_response,(err u30000),revert:non-oracle,
2026-08-14T11:04:36Z,8760865,0xfd16862e3279419d61caa46ad70bb2a148825d963e69f49b0b1391f20a2f5853,zest-v1,SP2VCQJGH7PHP2DJK7Z0V48AGBHQAW3R3ZW1QF4N.borrow-helper-v2-1-8,liquidation-call,SPP6CG3E4VKDGC1NW7AQMMHCD6053152X9DNT12C,2026-08-14T11:04:21Z,15,360,345,abort_by_response,(err u30000),revert:non-oracle,
2026-08-14T11:04:36Z,8760865,0x3a2117b4c81e683393921d296fdf253c7ec4404ca6305ca6b8957145d65a64fc,zest-v1,SP2VCQJGH7PHP2DJK7Z0V48AGBHQAW3R3ZW1QF4N.borrow-helper-v2-1-8,liquidation-call,SPP6CG3E4VKDGC1NW7AQMMHCD6053152X9DNT12C,2026-08-14T11:04:21Z,15,360,345,abort_by_response,(err u30000),revert:non-oracle,
2026-08-14T11:07:57Z,8760885,0x563473627729940b909c9e275651a03094f659b2e2e776e22df4bae131f31da5,zest-v1,SP2VCQJGH7PHP2DJK7Z0V48AGBHQAW3R3ZW1QF4N.borrow-helper-v2-1-8,liquidation-call,SPP6CG3E4VKDGC1NW7AQMMHCD6053152X9DNT12C,2026-08-14T11:04:21Z,216,360,144,abort_by_response,(err u30000),revert:non-oracle,
2026-08-14T11:07:57Z,8760885,0xa57fc883f760c643f0b9a2857af60ceb2207b300b17837bcee9fc8eb86f06871,zest-v1,SP2VCQJGH7PHP2DJK7Z0V48AGBHQAW3R3ZW1QF4N.borrow-helper-v2-1-8,liquidation-call,SPP6CG3E4VKDGC1NW7AQMMHCD6053152X9DNT12C,2026-08-14T11:04:21Z,216,360,144,abort_by_response,(err u30000),revert:non-oracle,
2026-08-14T11:07:57Z,8760885,0xae32411b4db4a7a5b96ab244310afd3ff4dcebe32454b0ab1fea2becf6c8963e,zest-v1,SP2VCQJGH7PHP2DJK7Z0V48AGBHQAW3R3ZW1QF4N.borrow-helper-v2-1-8,liquidation-call,SPP6CG3E4VKDGC1NW7AQMMHCD6053152X9DNT12C,2026-08-14T11:04:21Z,216,360,144,abort_by_response,(err u30000),revert:non-oracle,
2026-08-14T11:07:57Z,8760885,0x75a24ed41644b91f6a97b00fe260300abc71642a7dae824862932105409536a0,zest-v1,SP2VCQJGH7PHP2DJK7Z0V48AGBHQAW3R3ZW1QF4N.borrow-helper-v2-1-8,liquidation-call,SPP6CG3E4VKDGC1NW7AQMMHCD6053152X9DNT12C,2026-08-14T11:04:21Z,216,360,144,abort_by_response,(err u30000),revert:non-oracle,
2026-08-14T11:07:57Z,8760885,0x535199c062cbfafedc8ab37ac35ec2950c335d3d84a880a8f71c69fd6b80d420,zest-v1,SP2VCQJGH7PHP2DJK7Z0V48AGBHQAW3R3ZW1QF4N.borrow-helper-v2-1-8,liquidation-call,SPP6CG3E4VKDGC1NW7AQMMHCD6053152X9DNT12C,2026-08-14T11:04:21Z,216,360,144,abort_by_response,(err u30000),revert:non-oracle,
2026-08-14T11:07:57Z,8760885,0xddf19131d1bc9c358186047951cc7ddcdb6fd38f6ab0366dcca567506a3bba57,zest-v1,SP2VCQJGH7PHP2DJK7Z0V48AGBHQAW3R3ZW1QF4N.borrow-helper-v2-1-8,liquidation-call,SPP6CG3E4VKDGC1NW7AQMMHCD6053152X9DNT12C,2026-08-14T11:04:21Z,216,360,144,abort_by_response,(err u30000),revert:non-oracle,
2026-08-14T11:07:57Z,8760885,0x8ae25fa85c3ed25280f0418d502f510cfe4788d81d10f0d98d8d1d5a264e92f2,zest-v1,SP2VCQJGH7PHP2DJK7Z0V48AGBHQAW3R3ZW1QF4N.borrow-helper-v2-1-8,liquidation-call,SPP6CG3E4VKDGC1NW7AQMMHCD6053152X9DNT12C,2026-08-14T11:04:21Z,216,360,144,abort_by_response,(err u30000),revert:non-oracle,
2026-08-14T11:07:57Z,8760885,0x57765bf918934031f9768275f8058d24c25ee7051f8595874b6013e987c66a9f,zest-v1,SP2VCQJGH7PHP2DJK7Z0V48AGBHQAW3R3ZW1QF4N.borrow-helper-v2-1-8,liquidation-call,SPP6CG3E4VKDGC1NW7AQMMHCD6053152X9DNT12C,2026-08-14T11:04:21Z,216,360,144,abort_by_response,(err u30000),revert:non-oracle,
2026-08-14T11:07:57Z,8760885,0xebc8006d4a93c195af7ba853799045d333c581f8fe0b5ac7733d6d15a9ca9bc4,zest-v1,SP2VCQJGH7PHP2DJK7Z0V48AGBHQAW3R3ZW1QF4N.borrow-helper-v2-1-8,liquidation-call,SPP6CG3E4VKDGC1NW7AQMMHCD6053152X9DNT12C,2026-08-14T11:04:21Z,216,360,144,abort_by_response,(err u30000),revert:non-oracle,
2026-08-14T11:07:57Z,8760885,0x817e12a776f6d4132323a176dc61c49357e90ce5879caff4beb7072b109fc642,zest-v1,SP2VCQJGH7PHP2DJK7Z0V48AGBHQAW3R3ZW1QF4N.borrow-helper-v2-1-8,liquidation-call,SPP6CG3E4VKDGC1NW7AQMMHCD6053152X9DNT12C,2026-08-14T11:04:21Z,216,360,144,abort_by_response,(err u30000),revert:non-oracle,
2026-08-14T11:07:57Z,8760885,0x28be5e19656d7cb4cc16c21014058c9faf33141301815f2ba2dbbf17be48413d,zest-v1,SP2VCQJGH7PHP2DJK7Z0V48AGBHQAW3R3ZW1QF4N.borrow-helper-v2-1-8,liquidation-call,SPP6CG3E4VKDGC1NW7AQMMHCD6053152X9DNT12C,2026-08-14T11:04:21Z,216,360,144,abort_by_response,(err u30000),revert:non-oracle,
2026-08-14T11:07:57Z,8760885,0xda4c15264fd3f1c614e2ab217715b91db7a18e1219b1b2a040b5b57a67bf6d75,zest-v1,SP2VCQJGH7PHP2DJK7Z0V48AGBHQAW3R3ZW1QF4N.borrow-helper-v2-1-8,liquidation-call,SPP6CG3E4VKDGC1NW7AQMMHCD6053152X9DNT12C,2026-08-14T11:04:21Z,216,360,144,abort_by_response,(err u30000),revert:non-oracle,
2026-08-14T11:07:57Z,8760885,0xc03a92e92a132f0d56ec1bf9c634ac0c3b91535b6ef18c8d4abbc617e7b667f0,zest-v1,SP2VCQJGH7PHP2DJK7Z0V48AGBHQAW3R3ZW1QF4N.borrow-helper-v2-1-8,liquidation-call,SPP6CG3E4VKDGC1NW7AQMMHCD6053152X9DNT12C,2026-08-14T11:04:21Z,216,360,144,abort_by_response,(err u30000),revert:non-oracle,
2026-08-14T11:07:57Z,8760885,0x42f20b87863548354944ab36abb2bea3464faeb4e30c7fa9b813d61df94889ca,zest-v1,SP2VCQJGH7PHP2DJK7Z0V48AGBHQAW3R3ZW1QF4N.borrow-helper-v2-1-8,liquidation-call,SPP6CG3E4VKDGC1NW7AQMMHCD6053152X9DNT12C,2026-08-14T11:04:21Z,216,360,144,abort_by_response,(err u30000),revert:non-oracle,
2026-08-14T11:07:57Z,8760885,0x8c7af2e09f9132a6b064fcb41927096dce73b42fd0268acffe2b0321f27b86da,zest-v1,SP2VCQJGH7PHP2DJK7Z0V48AGBHQAW3R3ZW1QF4N.borrow-helper-v2-1-8,liquidation-call,SPP6CG3E4VKDGC1NW7AQMMHCD6053152X9DNT12C,2026-08-14T11:04:21Z,216,360,144,abort_by_response,(err u30000),revert:non-oracle,
2026-08-14T11:07:57Z,8760885,0xd7004ec1d428aaa28eeb91d6687ab60f0ad634a38f6f8342b037f057600a32c6,zest-v1,SP2VCQJGH7PHP2DJK7Z0V48AGBHQAW3R3ZW1QF4N.borrow-helper-v2-1-8,liquidation-call,SPP6CG3E4VKDGC1NW7AQMMHCD6053152X9DNT12C,2026-08-14T11:04:21Z,216,360,144,abort_by_response,(err u30000),revert:non-oracle,
2026-08-14T11:07:57Z,8760885,0x94ed10c5ad468cfd0ca0f3a25b0c4b2249f5e7e1b2a2df65a6980a547799a8af,zest-v1,SP2VCQJGH7PHP2DJK7Z0V48AGBHQAW3R3ZW1QF4N.borrow-helper-v2-1-8,liquidation-call,SPP6CG3E4VKDGC1NW7AQMMHCD6053152X9DNT12C,2026-08-14T11:04:21Z,216,360,144,abort_by_response,(err u30000),revert:non-oracle,
2026-08-14T11:07:57Z,8760885,0x94f2aa6ea281feadb8b01240db593369b5ccc12418fd354b0f5853c6869737e7,zest-v1,SP2VCQJGH7PHP2DJK7Z0V48AGBHQAW3R3ZW1QF4N.borrow-helper-v2-1-8,liquidation-call,SPP6CG3E4VKDGC1NW7AQMMHCD6053152X9DNT12C,2026-08-14T11:04:21Z,216,360,144,abort_by_response,(err u30000),revert:non-oracle,
2026-08-14T11:07:57Z,8760885,0xe0879c29ebd3f45f22e81fee33622320f9b9fed1e13ccbce3175e3121489c5cd,zest-v1,SP2VCQJGH7PHP2DJK7Z0V48AGBHQAW3R3ZW1QF4N.borrow-helper-v2-1-8,liquidation-call,SPP6CG3E4VKDGC1NW7AQMMHCD6053152X9DNT12C,2026-08-14T11:04:21Z,216,360,144,abort_by_response,(err u30000),revert:non-oracle,
2026-08-14T11:07:57Z,8760885,0x6d0d19ba0acb6f9e0355997c25501ec7fe9d963caddadbd67d3f75aefe9b14cb,zest-v1,SP2VCQJGH7PHP2DJK7Z0V48AGBHQAW3R3ZW1QF4N.borrow-helper-v2-1-8,liquidation-call,SPP6CG3E4VKDGC1NW7AQMMHCD6053152X9DNT12C,2026-08-14T11:04:21Z,216,360,144,abort_by_response,(err u30000),revert:non-oracle,
2026-08-14T11:07:57Z,8760885,0xdd5fc8699ff626200ac6cd7937b3bb8a486bbd0279e9e2cc992a9216b6d08175,zest-v1,SP2VCQJGH7PHP2DJK7Z0V48AGBHQAW3R3ZW1QF4N.borrow-helper-v2-1-8,liquidation-call,SPP6CG3E4VKDGC1NW7AQMMHCD6053152X9DNT12C,2026-08-14T11:04:21Z,216,360,144,abort_by_response,(err u30000),revert:non-oracle,
2026-08-14T14:43:14Z,8762168,0xc67b04a041516b0e0d76d9db79fae4628861a449c417a86432cbdfc983b61eb8,granite-usdcx,SP3M2BYF7RGF8WKW5FVDNJ6WR8D7AR9BHDXAKPXZE.state-v1,borrow,SP3H8CQHXHY05EXPPR1AP5141A1QTVY2TSK5NCC2K,2026-08-14T14:42:09Z,65,300,235,success,(ok true),ok,
2026-08-17T11:35:24Z,8785975,0xb862506ba8b282a78a75126798e44c39c88728a60a53807c3bc2b722d0f9ebd0,granite-aeusdc,SP35E2BBMDT2Y1HB0NTK139YBGYV3PAPK3WA8BRNA.state-v1,remove-collateral,SP2N7SK0W83NJSZHFH8HH31ZT3DXJG7NFE5VYT9SJ,2026-08-17T11:34:55Z,29,300,271,success,(ok true),ok,
2026-08-17T11:43:51Z,8785999,0xdde7fe0de6b046c73258e614438b5c97e34653eae95700aa8428921c9880b092,zest-v2,SP1A27KFY4XERQCCRCARCYD1CC5N7M6688BSYADJ7.v0-7-market,supply-collateral-add,SP1Y3FBARS8CVANS1GCYVN3B6NZFMA7H61Z6TP6RK,2026-08-17T11:43:25Z,26,120,94,success,(ok u18023104105),ok,
2026-08-17T11:44:33Z,8786002,0x93509807d57a3f08bd63b434034833898a0ce15de7104043ec779434e1f1417f,zest-v2,SP1A27KFY4XERQCCRCARCYD1CC5N7M6688BSYADJ7.v0-7-market,borrow,SP1BQZ7QBWMRCYYFB51F5SGH2NJJ33R3BJQA71AQ0,2026-08-17T11:44:01Z,32,120,88,success,(ok true),ok,
2026-08-17T11:45:09Z,8786005,0x6418e69f483556ab0dc8d3723304feff64a663d2e3c981a1a9a52d0c882b4a25,zest-v2,SP1A27KFY4XERQCCRCARCYD1CC5N7M6688BSYADJ7.v0-7-market,borrow,SP1BQZ7QBWMRCYYFB51F5SGH2NJJ33R3BJQA71AQ0,2026-08-17T11:45:00Z,9,120,111,success,(ok true),ok,
2026-08-17T11:46:28Z,8786011,0xe69e535ebf74cdb75a7bfd84cdbd1919884c49cf49e95fa4a10d6ad09880c0d9,zest-v2,SP1A27KFY4XERQCCRCARCYD1CC5N7M6688BSYADJ7.v0-7-market,collateral-remove-redeem,SP1BQZ7QBWMRCYYFB51F5SGH2NJJ33R3BJQA71AQ0,2026-08-17T11:45:58Z,30,120,90,success,(ok u194639),ok,
2026-08-17T11:46:49Z,8786013,0xa309b1cc1e842c7d25aa4ea50b4762b2c5f3855625da8004d7a434d9729ffd7e,zest-v2,SP1A27KFY4XERQCCRCARCYD1CC5N7M6688BSYADJ7.v0-7-market,borrow,SP1Y3FBARS8CVANS1GCYVN3B6NZFMA7H61Z6TP6RK,2026-08-17T11:46:24Z,25,120,95,success,(ok true),ok,
2026-08-17T11:47:22Z,8786015,0x83e242c5528f9038e8dd0cac97ed2e392559b7b6b034b5d50c660c3bdf5ca299,zest-v2,SP1A27KFY4XERQCCRCARCYD1CC5N7M6688BSYADJ7.v0-7-market,supply-collateral-add,SP1BQZ7QBWMRCYYFB51F5SGH2NJJ33R3BJQA71AQ0,2026-08-17T11:46:59Z,23,120,97,success,(ok u1842587),ok,
2026-08-17T11:49:52Z,8786027,0xc22ab5514cdfe310224d3c1f30320d6d344d84e646f9b0bfc7cf1a9fbfb0f4a8,zest-v2,SP1A27KFY4XERQCCRCARCYD1CC5N7M6688BSYADJ7.v0-7-market,collateral-remove-redeem,SP1BQZ7QBWMRCYYFB51F5SGH2NJJ33R3BJQA71AQ0,2026-08-17T11:49:41Z,11,120,109,success,(ok u1843669),ok,
2026-08-17T12:01:55Z,8786087,0x62849a93f10515490370dfa21861a5616e1be4638a88a3d5deb13858d91f8419,zest-v2,SP1A27KFY4XERQCCRCARCYD1CC5N7M6688BSYADJ7.v0-7-market,borrow,SP3J0X4B678MMJW3V7W52MW1KGV1CZAJNGJR6VA0N,2026-08-17T12:01:41Z,14,120,106,abort_by_post_condition,(err u400005),revert:non-oracle,
2026-08-17T12:44:00Z,8786311,0x79cde1948babe150b73ec9d60ac509257b7fbe39be1354f26dd17b7c75d1eb8d,zest-v2,SP1A27KFY4XERQCCRCARCYD1CC5N7M6688BSYADJ7.v0-7-market,supply-collateral-add,SP2ZM1KNQNS96RM1MAJTZV7WE7F38GFGRND4E80DW,2026-08-17T12:43:20Z,40,120,80,success,(ok u152747576),ok,
2026-08-17T13:17:25Z,8786492,0x995d22d5481bd3500f71b19477f1d3f351ae8b9a1b675e2d2a936e097c92080b,granite-aeusdc,SP35E2BBMDT2Y1HB0NTK139YBGYV3PAPK3WA8BRNA.state-v1,remove-collateral,SP2N7SK0W83NJSZHFH8HH31ZT3DXJG7NFE5VYT9SJ,2026-08-17T13:17:05Z,20,300,280,success,(ok true),ok,
2026-08-17T13:19:22Z,8786498,0x11e12a087393d7b13544c2360179ceea63d8fb21214160da5ef3bec80fb5eb41,zest-v2,SP1A27KFY4XERQCCRCARCYD1CC5N7M6688BSYADJ7.v0-7-market,borrow,SP3J0X4B678MMJW3V7W52MW1KGV1CZAJNGJR6VA0N,2026-08-17T13:17:44Z,98,120,22,success,(ok true),ok,
2026-08-17T13:19:22Z,8786498,0xeb4b35a951a82f0c12492a641eef8e9b7dd6ca406f52e0803fc850814abf0f71,granite-aeusdc,SP35E2BBMDT2Y1HB0NTK139YBGYV3PAPK3WA8BRNA.state-v1,liquidate-collateral,SP2N7SK0W83NJSZHFH8HH31ZT3DXJG7NFE5VYT9SJ,2026-08-17T13:17:58Z,84,300,216,success,(ok true),ok,
2026-08-17T13:23:05Z,8786515,0x6f296479238c823bd497294a36762b9bb26ad0b56adf27d8c03a3629835fa152,granite-usdcx,SP3M2BYF7RGF8WKW5FVDNJ6WR8D7AR9BHDXAKPXZE.state-v1,borrow,SP2N7SK0W83NJSZHFH8HH31ZT3DXJG7NFE5VYT9SJ,2026-08-17T13:22:31Z,34,300,266,success,(ok true),ok,
2026-08-17T13:23:35Z,8786518,0x7eca47afbe8f0760ad16b98dec7135dcc8013c70fa69bb00f88345060c9fb6a2,zest-v2,SP1A27KFY4XERQCCRCARCYD1CC5N7M6688BSYADJ7.v0-7-market,borrow,SP39DC776TVRWSPSXNXCCM80APY6EBV4J1Y3HAZYJ,2026-08-17T13:22:42Z,53,120,67,success,(ok true),ok,
2026-08-17T13:26:03Z,8786529,0xd0f0ad243663130dcde9486be858641e3adcb29f9ddc0af1adb9f8502997c3fa,zest-v2,SP1A27KFY4XERQCCRCARCYD1CC5N7M6688BSYADJ7.v0-7-market,borrow,SP2KT5QAA7WP41DC83BR5J6T8TZXSDX7YXFFSPXV,2026-08-17T13:25:16Z,47,120,73,success,(ok true),ok,
2026-08-17T13:26:37Z,8786532,0x5d017a3c9258fe02d7411055a715df0108acaa56ef8e5c45ee06ce7e6273eb1d,granite-usdcx,SP3M2BYF7RGF8WKW5FVDNJ6WR8D7AR9BHDXAKPXZE.state-v1,remove-collateral,SP2N7SK0W83NJSZHFH8HH31ZT3DXJG7NFE5VYT9SJ,2026-08-17T13:26:21Z,16,300,284,success,(ok true),ok,
2026-08-17T13:30:45Z,8786555,0x0dd23b4aeb85eb4b3a81feaa7560607093495916677e60808cf46c0332200d06,zest-v2,SP1A27KFY4XERQCCRCARCYD1CC5N7M6688BSYADJ7.v0-7-market,borrow,SP2Y8413YYHHEY7XVV9Z9NSHJCN5Y4AVPA70P11FJ,2026-08-17T13:30:02Z,43,120,77,success,(ok true),ok,
2026-08-17T13:36:36Z,8786585,0x1b212277077959dbf1fbced9062fb9e165fb31763567b01c760643a2edacf1f0,zest-v2,SP1A27KFY4XERQCCRCARCYD1CC5N7M6688BSYADJ7.v0-7-market,borrow,SP2TZ63CQSBF7AD4DKK291JMXD19SJJX593K29QFK,2026-08-17T13:34:58Z,98,120,22,success,(ok true),ok,
2026-08-17T13:39:33Z,8786600,0xd15541a520e308c854f2b9361b409b77826c3f10c166077717dd3f7231022968,zest-v1,SP2VCQJGH7PHP2DJK7Z0V48AGBHQAW3R3ZW1QF4N.borrow-helper-v2-1-8,withdraw,SP1BQZ7QBWMRCYYFB51F5SGH2NJJ33R3BJQA71AQ0,2026-08-17T13:39:09Z,24,360,336,success,(ok true),ok,
2026-08-17T13:41:01Z,8786607,0x5f8e172153e8ba8d2ff96bd53fdd074c896226ca25a8f61bc52e96d18eaffb48,zest-v2,SP1A27KFY4XERQCCRCARCYD1CC5N7M6688BSYADJ7.v0-7-market,borrow,SP3QETB50KMH02PR7510Z39CN17XXHYE5J3DYQF15,2026-08-17T13:40:40Z,21,120,99,success,(ok true),ok,
2026-08-17T13:41:38Z,8786610,0x11b77aec8f9ad88677127f7015b977af4752d351a45e2fdc932c886496eeaa0a,zest-v2,SP1A27KFY4XERQCCRCARCYD1CC5N7M6688BSYADJ7.v0-7-market,supply-collateral-add,SP3J0X4B678MMJW3V7W52MW1KGV1CZAJNGJR6VA0N,2026-08-17T13:41:25Z,13,120,107,success,(ok u102430310467),ok,
2026-08-17T13:44:52Z,8786625,0x82ff56c2e2c580f4815b7e84ff7f5eafd0ea6d01c7da14a6dd6137d4162ca076,zest-v1,SP2VCQJGH7PHP2DJK7Z0V48AGBHQAW3R3ZW1QF4N.borrow-helper-v2-1-8,withdraw,SP3QETB50KMH02PR7510Z39CN17XXHYE5J3DYQF15,2026-08-17T13:44:34Z,18,360,342,success,(ok true),ok,
2026-08-17T13:46:32Z,8786633,0x0d7244e320a16eaf87c25ee8f6878c76f1e981e464814e4ac97f5c638fa107fd,zest-v1,SP2VCQJGH7PHP2DJK7Z0V48AGBHQAW3R3ZW1QF4N.borrow-helper-v2-1-8,withdraw,SP3QETB50KMH02PR7510Z39CN17XXHYE5J3DYQF15,2026-08-17T13:46:20Z,12,360,348,success,(ok true),ok,
2026-08-17T14:32:48Z,8786873,0xfa66d326d69ba198cc68dda40845ef62e0fd94405e37e6003df97f3fb156912f,zest-v2,SP1A27KFY4XERQCCRCARCYD1CC5N7M6688BSYADJ7.v0-7-market,supply-collateral-add,SP2ZM1KNQNS96RM1MAJTZV7WE7F38GFGRND4E80DW,2026-08-17T14:32:26Z,22,120,98,success,(ok u152803275),ok,
2026-08-17T14:55:42Z,8786995,0x52af620e98e584b095859d3cd6e79f1b2b8bbbf84456f9e8b218b55cea501a82,zest-v2,SP1A27KFY4XERQCCRCARCYD1CC5N7M6688BSYADJ7.v0-7-market,borrow,SP2ZM1KNQNS96RM1MAJTZV7WE7F38GFGRND4E80DW,2026-08-17T14:55:18Z,24,120,96,success,(ok true),ok,
2026-08-17T14:58:57Z,8787011,0x462c612c9ee87a508e170fb16f6ae36987962cb4096c3a3206c1795d2947dd2d,zest-v2,SP1A27KFY4XERQCCRCARCYD1CC5N7M6688BSYADJ7.v0-7-market,collateral-remove-redeem,SP20W5G3VF4SY9S095TVYPHFX04YWGX25XZYT68K4,2026-08-17T14:58:32Z,25,120,95,success,(ok u1248782591),ok,
2026-08-17T15:07:10Z,8787051,0x4f145b59693f1455414b4458c13f7db18c1cd0a1e723b28b2b0c9151abade919,zest-v2,SP1A27KFY4XERQCCRCARCYD1CC5N7M6688BSYADJ7.v0-7-market,supply-collateral-add,SP2ZM1KNQNS96RM1MAJTZV7WE7F38GFGRND4E80DW,2026-08-17T15:06:48Z,22,120,98,success,(ok u152820785),ok,
2026-08-17T15:28:23Z,8787150,0x086ad9784aed908a995beadc7d24edcefb26044c272498b65fbe1b177175bf89,zest-v2,SP1A27KFY4XERQCCRCARCYD1CC5N7M6688BSYADJ7.v0-7-market,supply-collateral-add,SP2ZM1KNQNS96RM1MAJTZV7WE7F38GFGRND4E80DW,2026-08-17T15:28:08Z,15,120,105,success,(ok u152834407),ok,
2026-08-17T16:01:39Z,8787355,0xaa7f06b6ccc43c0f9e1886700e1092a5fe908c045002b10186b29bedacb7657e,zest-v2,SP1A27KFY4XERQCCRCARCYD1CC5N7M6688BSYADJ7.v0-7-market,supply-collateral-add,SP2ZM1KNQNS96RM1MAJTZV7WE7F38GFGRND4E80DW,2026-08-17T16:01:22Z,17,120,103,success,(ok u152843757),ok,
2026-08-17T16:21:28Z,8787449,0x15d5e98f66a9ba2e7a411390580c47974ca699a2f6acd63c487cad6e437a5a65,zest-v2,SP1A27KFY4XERQCCRCARCYD1CC5N7M6688BSYADJ7.v0-7-market,supply-collateral-add,SP2ZM1KNQNS96RM1MAJTZV7WE7F38GFGRND4E80DW,2026-08-17T16:20:52Z,36,120,84,success,(ok u152847079),ok,
2026-08-17T16:34:46Z,8787527,0x1686930aa0c1235f8364380bae5cc6a7384a13ed7aa2ec3aed43865ea1593708,zest-v2,SP1A27KFY4XERQCCRCARCYD1CC5N7M6688BSYADJ7.v0-7-market,supply-collateral-add,SP2ZM1KNQNS96RM1MAJTZV7WE7F38GFGRND4E80DW,2026-08-17T16:34:30Z,16,120,104,success,(ok u152847800),ok,
2026-08-17T16:40:27Z,8787560,0x08930f941ddbb79f3b954dadea127e2a5c0cd6c06a231786b7a27216ee416a4e,zest-v2,SP1A27KFY4XERQCCRCARCYD1CC5N7M6688BSYADJ7.v0-7-market,supply-collateral-add,SP2ZM1KNQNS96RM1MAJTZV7WE7F38GFGRND4E80DW,2026-08-17T16:40:05Z,22,120,98,success,(ok u152848969),ok,
2026-08-17T16:43:37Z,8787580,0xb79103067dffb8aa9c6d099c93d0dc789f1c3e9b17a525d76099cf31aaf4b959,zest-v2,SP1A27KFY4XERQCCRCARCYD1CC5N7M6688BSYADJ7.v0-7-market,supply-collateral-add,SPK9QPVXFA8P7CSS7NVAR0FXY1KRXQ60FPEKW3F4,2026-08-17T16:43:12Z,25,120,95,success,(ok u158763),ok,
2026-08-17T16:53:57Z,8787642,0x3c05340c74a5728baabbd70e632cd1b2c3547b8b15daf4f84b76bccfea3aa70c,zest-v2,SP1A27KFY4XERQCCRCARCYD1CC5N7M6688BSYADJ7.v0-7-market,borrow,SP2ZM1KNQNS96RM1MAJTZV7WE7F38GFGRND4E80DW,2026-08-17T16:53:35Z,22,120,98,success,(ok true),ok,
2026-08-17T16:55:32Z,8787649,0x92ae33298e9d86d81acdc26348f88c5eb5b706d05a5b2c935bf4df097ae10f55,zest-v2,SP1A27KFY4XERQCCRCARCYD1CC5N7M6688BSYADJ7.v0-7-market,borrow,SP2ZM1KNQNS96RM1MAJTZV7WE7F38GFGRND4E80DW,2026-08-17T16:55:09Z,23,120,97,success,(ok true),ok,
2026-08-17T18:11:57Z,8788063,0x3bd0dc4041aff5de8a8ebbd0c3f48c954790940c54c6c7e3ec366055f9a7e0b1,zest-v2,SP1A27KFY4XERQCCRCARCYD1CC5N7M6688BSYADJ7.v0-7-market,supply-collateral-add,SP2ZM1KNQNS96RM1MAJTZV7WE7F38GFGRND4E80DW,2026-08-17T18:11:26Z,31,120,89,success,(ok u152973961),ok,
2026-08-17T18:24:31Z,8788130,0x5bbc12e54d19e7737278de612351ee78e9669203779bfe931ef94476d805e13b,zest-v2,SP1A27KFY4XERQCCRCARCYD1CC5N7M6688BSYADJ7.v0-7-market,supply-collateral-add,SP2ZM1KNQNS96RM1MAJTZV7WE7F38GFGRND4E80DW,2026-08-17T18:24:16Z,15,120,105,success,(ok u152975739),ok,
2026-08-17T18:30:31Z,8788164,0x3a7968189bae154452a0b950be208c55f441d208676d6cf7011432329c7dba45,zest-v2,SP1A27KFY4XERQCCRCARCYD1CC5N7M6688BSYADJ7.v0-7-market,collateral-remove-redeem,SP1CQ4D640TNM998S1K50FP2BF78J6AVS2BT6E3HP,2026-08-17T18:30:11Z,20,120,100,success,(ok u799999),ok,
2026-08-17T19:12:06Z,8788375,0x62f02501e032af76d57e76ea1e055f96079faa9b93f07017ccf0f9acb13878e1,zest-v2,SP1A27KFY4XERQCCRCARCYD1CC5N7M6688BSYADJ7.v0-7-market,supply-collateral-add,SP2ZM1KNQNS96RM1MAJTZV7WE7F38GFGRND4E80DW,2026-08-17T19:11:32Z,34,120,86,success,(ok u153023779),ok,
2026-08-17T19:15:38Z,8788398,0x95f0c7eede56336f57f2e4aadf2f593d8f34acd1826cabbc899197be4927d533,zest-v2,SP1A27KFY4XERQCCRCARCYD1CC5N7M6688BSYADJ7.v0-7-market,supply-collateral-add,SP2TZ63CQSBF7AD4DKK291JMXD19SJJX593K29QFK,2026-08-17T19:13:53Z,105,120,15,success,(ok u1087931509),ok,
2026-08-17T19:26:58Z,8788472,0x97007a42da8aba107a2496fac518bb811b5644d0933dd2fd367ad61acdb707e8,zest-v2,SP1A27KFY4XERQCCRCARCYD1CC5N7M6688BSYADJ7.v0-7-market,borrow,SP2TZ63CQSBF7AD4DKK291JMXD19SJJX593K29QFK,2026-08-17T19:26:15Z,43,120,77,success,(ok true),ok,
2026-08-17T20:15:20Z,8788724,0xcd95f709191f5151bd3f903837ba5abe05718c71b665f0645faebcdf31e6dd4e,zest-v2,SP1A27KFY4XERQCCRCARCYD1CC5N7M6688BSYADJ7.v0-7-market,supply-collateral-add,SP1G5F70FF2FT66PAQVDKQDHK14EKQS4SP6FRXGGK,2026-08-17T20:15:04Z,16,120,104,success,(ok u44483435743),ok,
2026-08-17T22:25:48Z,8789431,0xc749b031e57f2402d4703bb9f1149bd8bd85ad63f2eb9bef21324f4efd85e770,zest-v2,SP1A27KFY4XERQCCRCARCYD1CC5N7M6688BSYADJ7.v0-7-market,collateral-remove-redeem,SP3EMA3PNFKKF7C9DTPR6N5K21B8QFDGJP9B5FCGF,2026-08-17T22:25:37Z,11,120,109,success,(ok u999999),ok,
2026-08-17T22:29:45Z,8789450,0xc0c0dc078b78fded181c1a73ed2e462ea5f2f17916d459dc486b89665aee857d,zest-v2,SP1A27KFY4XERQCCRCARCYD1CC5N7M6688BSYADJ7.v0-7-market,collateral-remove-redeem,SP3EMA3PNFKKF7C9DTPR6N5K21B8QFDGJP9B5FCGF,2026-08-17T22:29:38Z,7,120,113,success,(ok u2105118),ok,
2026-08-17T23:33:10Z,8789834,0x59b60fb16e8a9381e621652a1b767e6d39b07791769d6fcaa5f84ad79f260887,zest-v2,SP1A27KFY4XERQCCRCARCYD1CC5N7M6688BSYADJ7.v0-7-market,collateral-remove-redeem,SP1HQ24HRHHKQS7819NQ3QB7VECKTN17SRMFPAMRP,2026-08-17T23:32:37Z,33,120,87,success,(ok u2258228377),ok,
2026-08-18T00:02:12Z,8790008,0xa8f89e40359f67df16a936a6339e0231ee8ef443c4eb14298145e8654b20eb40,zest-v2,SP1A27KFY4XERQCCRCARCYD1CC5N7M6688BSYADJ7.v0-7-market,supply-collateral-add,SP2ZM1KNQNS96RM1MAJTZV7WE7F38GFGRND4E80DW,2026-08-18T00:01:54Z,18,120,102,success,(ok u153037866),ok,
2026-08-18T01:18:23Z,8790427,0x5a35bcc4650406f3539d488372597c5161e32fa99bb56c02d1e451f669875126,zest-v1,SP2VCQJGH7PHP2DJK7Z0V48AGBHQAW3R3ZW1QF4N.borrow-helper-v2-1-8,withdraw,SP3HCTTV10YPAF98YJAC6S4TNYXJ2H9HXKCDEQT40,2026-08-18T01:18:16Z,7,360,353,success,(ok true),ok,
2026-08-18T02:37:37Z,8790939,0xa4776d52cef616de949e111abf4de433eed140cf4ffc4047276b0577ecf72c8c,zest-v1,SP2VCQJGH7PHP2DJK7Z0V48AGBHQAW3R3ZW1QF4N.borrow-helper-v2-1-8,withdraw,SP3HCTTV10YPAF98YJAC6S4TNYXJ2H9HXKCDEQT40,2026-08-18T02:37:32Z,5,360,355,success,(ok true),ok,
2026-08-18T03:19:54Z,8791155,0xeb2593e9ce4e3717e014a21c312e2338aefcf2b8fb64ed67ee5acc86175a1a2b,zest-v1,SP2VCQJGH7PHP2DJK7Z0V48AGBHQAW3R3ZW1QF4N.borrow-helper-v2-1-8,withdraw,SP3HCTTV10YPAF98YJAC6S4TNYXJ2H9HXKCDEQT40,2026-08-18T03:19:41Z,13,360,347,success,(ok true),ok,
2026-08-18T03:39:16Z,8791256,0x61b965d742777b549a7648c976b3bee50db6f39ac822af3c991ab5d235cd4b8a,zest-v1,SP2VCQJGH7PHP2DJK7Z0V48AGBHQAW3R3ZW1QF4N.borrow-helper-v2-1-8,withdraw,SP3HCTTV10YPAF98YJAC6S4TNYXJ2H9HXKCDEQT40,2026-08-18T03:39:04Z,12,360,348,success,(ok true),ok,
2026-08-18T03:42:58Z,8791275,0x95a96cf050498f68b5d05efa4975aee5646023122084cbf5adcab845e8907028,zest-v2,SP1A27KFY4XERQCCRCARCYD1CC5N7M6688BSYADJ7.v0-7-market,supply-collateral-add,SPCDCWBEZ9ZEK49BNMDE2MDMJ0E01W02H9SA4TVZ,2026-08-18T03:42:43Z,15,120,105,success,(ok u600232862905),ok,
2026-08-18T03:49:24Z,8791314,0xbc3deeaadee9a470ec49c8e59033cd13c4effb95ef76f95c61e097593ab09b76,zest-v2,SP1A27KFY4XERQCCRCARCYD1CC5N7M6688BSYADJ7.v0-7-market,supply-collateral-add,SP2G6TBHXKC9C9QV7FHP0F8AXDRJ2B3CHQ1FQ0042,2026-08-18T03:49:00Z,24,120,96,success,(ok u2254221240),ok,
2026-08-18T03:55:43Z,8791355,0x0acca17775e784d483a98340cf4f9033ab30bca8a9cbd297742e72ca97e9817c,zest-v2,SP1A27KFY4XERQCCRCARCYD1CC5N7M6688BSYADJ7.v0-7-market,collateral-remove-redeem,SP3EMA3PNFKKF7C9DTPR6N5K21B8QFDGJP9B5FCGF,2026-08-18T03:55:32Z,11,120,109,success,(ok u1499999),ok,
2026-08-18T04:18:50Z,8791467,0xa6607f10c29266b8c242517ff12737b66996ae737d55ae1224781012b519c974,zest-v2,SP1A27KFY4XERQCCRCARCYD1CC5N7M6688BSYADJ7.v0-7-market,supply-collateral-add,SP2ZM1KNQNS96RM1MAJTZV7WE7F38GFGRND4E80DW,2026-08-18T04:18:23Z,27,120,93,success,(ok u153225095),ok,
2026-08-18T04:23:22Z,8791489,0x3824c8a1252b7f2e55a030af5951b8e8ae21416c16e325e1fe472e80e22d53bf,zest-v2,SP1A27KFY4XERQCCRCARCYD1CC5N7M6688BSYADJ7.v0-7-market,supply-collateral-add,SP2ZM1KNQNS96RM1MAJTZV7WE7F38GFGRND4E80DW,2026-08-18T04:23:04Z,18,120,102,success,(ok u153229413),ok,
2026-08-18T04:27:13Z,8791512,0xc7ee7417d00ae6220efb8d3433ff69562f5a572a124d3c9f8546dab0c46eea6a,zest-v2,SP1A27KFY4XERQCCRCARCYD1CC5N7M6688BSYADJ7.v0-7-market,collateral-remove-redeem,SP3EMA3PNFKKF7C9DTPR6N5K21B8QFDGJP9B5FCGF,2026-08-18T04:26:50Z,23,120,97,success,(ok u1499999),ok,
2026-08-18T05:48:36Z,8792019,0xde37c70586aa53f542e7789eb0563e0ed3b2659ef1f39caea2ef77830d323ced,zest-v2,SP1A27KFY4XERQCCRCARCYD1CC5N7M6688BSYADJ7.v0-7-market,supply-collateral-add,SP6R1EKY8QYG4MPWXT6NZHXCDZDF1RVMJMKMYN7R,2026-08-18T05:48:13Z,23,120,97,success,(ok u174993486),ok,
2026-08-18T07:23:44Z,8792530,0x4e05d0252f8f03239e3f38e27f1ef5a111e1d805dc13f4396b84aba8cee99588,zest-v2,SP1A27KFY4XERQCCRCARCYD1CC5N7M6688BSYADJ7.v0-7-market,supply-collateral-add,SP29VGS4E2P3TTSS27YJ9D581VY1MWTDEE5036PJT,2026-08-18T07:23:14Z,30,120,90,success,(ok u1800212195),ok,
2026-08-18T08:47:08Z,8792949,0x4450242e6490a4b0f2dbd88ef77ba0901cb9a50165f1add55d289a05114deb13,granite-usdcx,SP3M2BYF7RGF8WKW5FVDNJ6WR8D7AR9BHDXAKPXZE.state-v1,borrow,SP3N7RQN2E224Z3NQ0GRE9DN3JXFSYWX9GSJN290S,2026-08-18T08:45:50Z,78,300,222,success,(ok true),ok,
2026-08-18T09:37:51Z,8793268,0x0fdfa1429d869e3846d6a5e2c1a11452ec2997d03c95c89fe7e1f122c05a1cff,zest-v2,SP1A27KFY4XERQCCRCARCYD1CC5N7M6688BSYADJ7.v0-7-market,supply-collateral-add,SP2E2J8S2NA4YGZ3HVDG40VPKSQYCTKVE2NT0809E,2026-08-18T09:37:23Z,28,120,92,success,(ok u91172161767),ok,
2026-08-18T10:54:21Z,8793686,0xf945601bb96850309730844fa990021519e033f1666bd32966bb18bf063ca971,zest-v2,SP1A27KFY4XERQCCRCARCYD1CC5N7M6688BSYADJ7.v0-7-market,borrow,SP2K8KMB5KFZHHPEGDH0X7Y8KVQSG3CYHJVSX3FHQ,2026-08-18T10:53:53Z,28,120,92,abort_by_post_condition,(err u802019),revert:non-oracle,
2026-08-18T10:58:12Z,8793705,0x2fad48d73c1d347f04c55714ffb18f989ec7d211678ca943d5739614b8813e94,zest-v2,SP1A27KFY4XERQCCRCARCYD1CC5N7M6688BSYADJ7.v0-7-market,borrow,SP2K8KMB5KFZHHPEGDH0X7Y8KVQSG3CYHJVSX3FHQ,2026-08-18T10:57:57Z,15,120,105,success,(ok true),ok,
2026-08-18T11:09:11Z,8793749,0xd0bd6be411ebbb11a3c8c1356bd5b4b25e8721fc57e907c5d98db5da99f09e5d,zest-v2,SP1A27KFY4XERQCCRCARCYD1CC5N7M6688BSYADJ7.v0-7-market,supply-collateral-add,SP2K8KMB5KFZHHPEGDH0X7Y8KVQSG3CYHJVSX3FHQ,2026-08-18T11:08:47Z,24,120,96,success,(ok u253847677257),ok,
2026-08-18T11:10:30Z,8793755,0x193988eb88259125f6d466379c65ea873f60c096dcd0b693686d89715cc3bd2f,zest-v2,SP1A27KFY4XERQCCRCARCYD1CC5N7M6688BSYADJ7.v0-7-market,borrow,SP2K8KMB5KFZHHPEGDH0X7Y8KVQSG3CYHJVSX3FHQ,2026-08-18T11:10:15Z,15,120,105,success,(ok true),ok,
2026-08-18T11:15:16Z,8793777,0xa0dffb0f0324777dd64c2efec5f8388ae5a262e8104eb48b3a96e15c49fb96cf,zest-v2,SP1A27KFY4XERQCCRCARCYD1CC5N7M6688BSYADJ7.v0-7-market,supply-collateral-add,SP2K8KMB5KFZHHPEGDH0X7Y8KVQSG3CYHJVSX3FHQ,2026-08-18T11:14:54Z,22,120,98,success,(ok u262286743885),ok,
2026-08-18T11:43:33Z,8793961,0x0b378af23770508afd82af4c9e6dcd4dfbf81d5908a73994873d1e277801befc,zest-v2,SP1A27KFY4XERQCCRCARCYD1CC5N7M6688BSYADJ7.v0-7-market,supply-collateral-add,SP2ZM1KNQNS96RM1MAJTZV7WE7F38GFGRND4E80DW,2026-08-18T11:43:08Z,25,120,95,success,(ok u153531556),ok,
2026-08-18T11:46:30Z,8793983,0x87e2779e1d6dd100cba5562d8e0fbe6f07339f5cd19fd930a58e08ac44ae37b5,zest-v2,SP1A27KFY4XERQCCRCARCYD1CC5N7M6688BSYADJ7.v0-7-market,supply-collateral-add,SP2ZM1KNQNS96RM1MAJTZV7WE7F38GFGRND4E80DW,2026-08-18T11:46:14Z,16,120,104,success,(ok u153565050),ok,
2026-08-18T11:53:51Z,8794037,0xb7aca119e217096dae9c234a3826afe493c9e64bc6db8c7a70f1b39df2173be2,zest-v2,SP1A27KFY4XERQCCRCARCYD1CC5N7M6688BSYADJ7.v0-7-market,supply-collateral-add,SPH2WEH8T6FA73QFE43MAF4G3QY0H5TJ407ERJ6B,2026-08-18T11:53:26Z,25,120,95,success,(ok u3448071),ok,
2026-08-18T11:54:45Z,8794043,0x91fb95b2f449023081d4c4d5f66e7173ee2118ea09a0df2d3a544e41e404e394,zest-v2,SP1A27KFY4XERQCCRCARCYD1CC5N7M6688BSYADJ7.v0-7-market,borrow,SPH2WEH8T6FA73QFE43MAF4G3QY0H5TJ407ERJ6B,2026-08-18T11:54:22Z,23,120,97,success,(ok true),ok,
2026-08-18T14:15:52Z,8794745,0x18e3805a428b5b32197e5805e9987afc4e928df50799124fb82c09c72140744a,zest-v2,SP1A27KFY4XERQCCRCARCYD1CC5N7M6688BSYADJ7.v0-7-market,supply-collateral-add,SPEJGJBR2Q2WW0065HFD0Z8RH0KE04CXE41NK6AG,2026-08-18T14:14:55Z,57,120,63,success,(ok u489830926442),ok,
2026-08-18T14:23:21Z,8794771,0x0a48131eb33e51dba068fa2bf7e20c67f9bca34f762f3a1c28432437031068b5,zest-v2,SP1A27KFY4XERQCCRCARCYD1CC5N7M6688BSYADJ7.v0-7-market,supply-collateral-add,SP2ZM1KNQNS96RM1MAJTZV7WE7F38GFGRND4E80DW,2026-08-18T14:22:50Z,31,120,89,success,(ok u153589098),ok,
2026-08-18T14:26:45Z,8794785,0x47ba22a8aa21933855fe16ec2572cb44f4a618c88b50d6633f6e484cf3d34557,zest-v2,SP1A27KFY4XERQCCRCARCYD1CC5N7M6688BSYADJ7.v0-7-market,supply-collateral-add,SP2ZM1KNQNS96RM1MAJTZV7WE7F38GFGRND4E80DW,2026-08-18T14:26:25Z,20,120,100,success,(ok u153620121),ok,
2026-08-18T14:47:58Z,8794877,0xef7d421bd5aa625a208bb8ea3a211c2e8c7138730487aab591f5180c91f00fa7,zest-v1,SP2VCQJGH7PHP2DJK7Z0V48AGBHQAW3R3ZW1QF4N.borrow-helper-v2-1-8,withdraw,SP7XZVVXFFHMMTWZ8WNNKNY0TSHM5FQVJDT707CV,2026-08-18T14:47:28Z,30,360,330,success,(ok true),ok,
2026-08-18T14:48:08Z,8794878,0xc290beaa04c7808f843a06d1c866c67856675e26cff9205bf7c51f71d784d4d0,zest-v1,SP2VCQJGH7PHP2DJK7Z0V48AGBHQAW3R3ZW1QF4N.borrow-helper-v2-1-8,withdraw,SP7XZVVXFFHMMTWZ8WNNKNY0TSHM5FQVJDT707CV,2026-08-18T14:47:53Z,15,360,345,success,(ok true),ok,
2026-08-18T14:50:27Z,8794889,0x0aa3d43a53a3c68fadb8de0ab3844bda43316c84aecefef83598d9320efd7df7,zest-v1,SP2VCQJGH7PHP2DJK7Z0V48AGBHQAW3R3ZW1QF4N.borrow-helper-v2-1-8,withdraw,SP7XZVVXFFHMMTWZ8WNNKNY0TSHM5FQVJDT707CV,2026-08-18T14:50:12Z,15,360,345,success,(ok true),ok,
2026-08-18T15:03:19Z,8794975,0xe62452fa94e01bc509e69c9aefdffa0d95c7a4470bc1f699c8000da4792fb1ed,zest-v1,SP2VCQJGH7PHP2DJK7Z0V48AGBHQAW3R3ZW1QF4N.borrow-helper-v2-1-8,withdraw,SP3HCTTV10YPAF98YJAC6S4TNYXJ2H9HXKCDEQT40,2026-08-18T15:03:10Z,9,360,351,success,(ok true),ok,
2026-08-18T15:05:49Z,8794993,0xe2a95ee961827046a5183a828c76b0a34a40995e0a6329403aa7f108c23c32c1,zest-v1,SP2VCQJGH7PHP2DJK7Z0V48AGBHQAW3R3ZW1QF4N.borrow-helper-v2-1-8,withdraw,SP3HCTTV10YPAF98YJAC6S4TNYXJ2H9HXKCDEQT40,2026-08-18T15:05:44Z,5,360,355,success,(ok true),ok,
2026-08-18T15:06:48Z,8795000,0x87f4320f561986441616c98e7aababf7b42bd16f0295e0287a0dbde9ed78a1b5,zest-v1,SP2VCQJGH7PHP2DJK7Z0V48AGBHQAW3R3ZW1QF4N.borrow-helper-v2-1-8,withdraw,SP3HCTTV10YPAF98YJAC6S4TNYXJ2H9HXKCDEQT40,2026-08-18T15:06:37Z,11,360,349,success,(ok true),ok,
2026-08-18T15:09:13Z,8795016,0x9bcaf9c0030cc4ddf794f19b72b25faeb9beea3468b8506b9ad42112adfcfe07,zest-v2,SP1A27KFY4XERQCCRCARCYD1CC5N7M6688BSYADJ7.v0-7-market,supply-collateral-add,SP2ZM1KNQNS96RM1MAJTZV7WE7F38GFGRND4E80DW,2026-08-18T15:08:51Z,22,120,98,success,(ok u153980091),ok,
2026-08-18T15:09:13Z,8795016,0xc67826081460327eae51254147d23d726099f32f6b8dc182ac0e2cdc8c1212de,zest-v1,SP2VCQJGH7PHP2DJK7Z0V48AGBHQAW3R3ZW1QF4N.borrow-helper-v2-1-8,withdraw,SP3HCTTV10YPAF98YJAC6S4TNYXJ2H9HXKCDEQT40,2026-08-18T15:09:04Z,9,360,351,success,(ok true),ok,
2026-08-18T15:48:35Z,8795236,0x61eb31ebe6c8edf52848e8628552385795543a92e652f48efe9a5ed3a8c1ed8e,zest-v2,SP1A27KFY4XERQCCRCARCYD1CC5N7M6688BSYADJ7.v0-7-market,supply-collateral-add,SP2ZM1KNQNS96RM1MAJTZV7WE7F38GFGRND4E80DW,2026-08-18T15:48:13Z,22,120,98,success,(ok u153992909),ok,
2026-08-18T15:53:32Z,8795272,0xf49cefb684c99be5798c1235d70826cf1cce17cc8a1fd2813b1b36fe3fa13748,zest-v2,SP1A27KFY4XERQCCRCARCYD1CC5N7M6688BSYADJ7.v0-7-market,supply-collateral-add,SP2ZM1KNQNS96RM1MAJTZV7WE7F38GFGRND4E80DW,2026-08-18T15:52:51Z,41,120,79,success,(ok u154060467),ok,
2026-08-18T16:08:39Z,8795349,0x31b0698fd3851ede888a80347dac6dfcdeed6a489ff7e02138cd7cfb2c913792,zest-v2,SP1A27KFY4XERQCCRCARCYD1CC5N7M6688BSYADJ7.v0-7-market,supply-collateral-add,SP7XZVVXFFHMMTWZ8WNNKNY0TSHM5FQVJDT707CV,2026-08-18T16:08:05Z,34,120,86,success,(ok u517000000),ok,
2026-08-18T16:57:47Z,8795607,0xaeb24fd345dbe70267d454d22a79a8538742c8e1e9d8ca1d147348976b8011c6,zest-v2,SP1A27KFY4XERQCCRCARCYD1CC5N7M6688BSYADJ7.v0-7-market,supply-collateral-add,SP2ZM1KNQNS96RM1MAJTZV7WE7F38GFGRND4E80DW,2026-08-18T16:57:26Z,21,120,99,success,(ok u154114709),ok,
2026-08-18T18:19:42Z,8796054,0xbeff82ecc24fecdbbc1f05a0a6e5b52d307cbab29540d3d53de9209e7be5ea10,zest-v2,SP1A27KFY4XERQCCRCARCYD1CC5N7M6688BSYADJ7.v0-7-market,supply-collateral-add,SP2ZM1KNQNS96RM1MAJTZV7WE7F38GFGRND4E80DW,2026-08-18T18:19:23Z,19,120,101,success,(ok u154133230),ok,
2026-08-18T18:23:26Z,8796074,0x1602c4bd5f6338c612e6b43e9bc58708c2afd1db2f32eb9044f65556f70c7e7d,zest-v2,SP1A27KFY4XERQCCRCARCYD1CC5N7M6688BSYADJ7.v0-7-market,supply-collateral-add,SP2ZM1KNQNS96RM1MAJTZV7WE7F38GFGRND4E80DW,2026-08-18T18:23:07Z,19,120,101,success,(ok u154151746),ok,
2026-08-18T19:33:16Z,8796500,0x3d22ae3b31bac98f5f44a3ac4f3c003fcb71dfa1acfe7fd0dce2c911b3dda188,zest-v2,SP1A27KFY4XERQCCRCARCYD1CC5N7M6688BSYADJ7.v0-7-market,supply-collateral-add,SP2E2J8S2NA4YGZ3HVDG40VPKSQYCTKVE2NT0809E,2026-08-18T19:32:43Z,33,120,87,success,(ok u92859972548),ok,
2026-08-18T19:37:11Z,8796524,0x0b144f67260cf7eb1e6b47931224f110d84088785eb01d973dc1551a5e74ba78,zest-v2,SP1A27KFY4XERQCCRCARCYD1CC5N7M6688BSYADJ7.v0-7-market,supply-collateral-add,SP3RHMSDP789FGABRWPEMDPC3C3A0HX44RVB9CD3,2026-08-18T19:37:02Z,9,120,111,success,(ok u57968),ok,
2026-08-18T22:11:38Z,8797354,0xecf59f46dcaf51dbed8a3ace139c9ce24749627775ff3be18c51988d35f92086,zest-v2,SP1A27KFY4XERQCCRCARCYD1CC5N7M6688BSYADJ7.v0-7-market,collateral-remove-redeem,SP3EMA3PNFKKF7C9DTPR6N5K21B8QFDGJP9B5FCGF,2026-08-18T22:11:22Z,16,120,104,success,(ok u399006),ok,
2026-08-18T22:14:45Z,8797369,0xea94a6da465e64b9f44633848691fe04c9c26b1399e35225b35708d333f55a15,zest-v2,SP1A27KFY4XERQCCRCARCYD1CC5N7M6688BSYADJ7.v0-7-market,collateral-remove-redeem,SP3EMA3PNFKKF7C9DTPR6N5K21B8QFDGJP9B5FCGF,2026-08-18T22:14:32Z,13,120,107,success,(ok u667885),ok,
2026-08-18T22:28:25Z,8797438,0xd9edb9cd99429c6fcb79d15514068278323bb84db643b096f68c29ccc6c184ff,zest-v2,SP1A27KFY4XERQCCRCARCYD1CC5N7M6688BSYADJ7.v0-7-market,collateral-remove-redeem,SP3EMA3PNFKKF7C9DTPR6N5K21B8QFDGJP9B5FCGF,2026-08-18T22:28:04Z,21,120,99,success,(ok u1113893),ok,
2026-08-18T22:31:45Z,8797450,0x7b9e2838ed87112956a2f5991f7f401a8799a816e87103a33ba2484db2cb6680,zest-v2,SP1A27KFY4XERQCCRCARCYD1CC5N7M6688BSYADJ7.v0-7-market,collateral-remove-redeem,SP3EMA3PNFKKF7C9DTPR6N5K21B8QFDGJP9B5FCGF,2026-08-18T22:31:34Z,11,120,109,success,(ok u1868394),ok,
2026-08-18T22:35:50Z,8797470,0x29e061ba05d4f42cf95aa98911c4019c58eaca339e2065ab145b2602485246a7,zest-v2,SP1A27KFY4XERQCCRCARCYD1CC5N7M6688BSYADJ7.v0-7-market,collateral-remove-redeem,SP3EMA3PNFKKF7C9DTPR6N5K21B8QFDGJP9B5FCGF,2026-08-18T22:35:26Z,24,120,96,success,(ok u3130728),ok,
2026-08-18T23:03:56Z,8797600,0x47ef257c614d4c168853701de1d43df62093e3fd0b69e6f3d2b3bc8ae673047f,zest-v2,SP1A27KFY4XERQCCRCARCYD1CC5N7M6688BSYADJ7.v0-7-market,supply-collateral-add,SP7XZVVXFFHMMTWZ8WNNKNY0TSHM5FQVJDT707CV,2026-08-18T23:03:25Z,31,120,89,success,(ok u637000000),ok,
2026-08-18T23:53:20Z,8797824,0xb601a47b91a68cb08f76dc932101dda665626062b363836551a1886a74c5315f,zest-v1,SP2VCQJGH7PHP2DJK7Z0V48AGBHQAW3R3ZW1QF4N.borrow-helper-v2-1-8,withdraw,SP2RNHHQDTHGHPEVX83291K4AQZVGWEJ7WCQQDA9R,2026-08-18T23:53:10Z,10,360,350,success,(ok true),ok,
2026-08-18T23:53:54Z,8797827,0x7572793a12c5dcc029f281a7088563bdfd99afb004932aaf1b95653144807153,zest-v2,SP1A27KFY4XERQCCRCARCYD1CC5N7M6688BSYADJ7.v0-7-market,supply-collateral-add,SP2RNHHQDTHGHPEVX83291K4AQZVGWEJ7WCQQDA9R,2026-08-18T23:53:46Z,8,120,112,success,(ok u47531034927),ok,
2026-08-19T00:25:16Z,8797957,0xa705aeb22f2264e1672167f7418632ccee95de9db7a39fe59cb2e8bc5b3eaa3f,zest-v2,SP1A27KFY4XERQCCRCARCYD1CC5N7M6688BSYADJ7.v0-7-market,supply-collateral-add,SP24H94V7S19VBC7KFT2K8GAPENV4H1F6B0VFM7MC,2026-08-19T00:25:00Z,16,120,104,success,(ok u10600000000),ok,
2026-08-19T00:28:27Z,8797970,0xc4bb8079e9cee533cc1a89edffbb2867def00942579318313bbe753798933347,zest-v2,SP1A27KFY4XERQCCRCARCYD1CC5N7M6688BSYADJ7.v0-7-market,borrow,SP24H94V7S19VBC7KFT2K8GAPENV4H1F6B0VFM7MC,2026-08-19T00:28:13Z,14,120,106,success,(ok true),ok,
2026-08-19T02:43:18Z,8798589,0xe1cef3b47572ccce30061cb8a0fe373d5e2876645b829751026da6c756da1d0a,zest-v2,SP1A27KFY4XERQCCRCARCYD1CC5N7M6688BSYADJ7.v0-7-market,borrow,SP2ZM1KNQNS96RM1MAJTZV7WE7F38GFGRND4E80DW,2026-08-19T02:42:53Z,25,120,95,success,(ok true),ok,
2026-08-19T02:43:56Z,8798593,0x56cd639c5569362144ff887f9037eb9124478522328a0aa92bb95eb3834557cb,zest-v2,SP1A27KFY4XERQCCRCARCYD1CC5N7M6688BSYADJ7.v0-7-market,borrow,SP2ZM1KNQNS96RM1MAJTZV7WE7F38GFGRND4E80DW,2026-08-19T02:43:43Z,13,120,107,success,(ok true),ok,
2026-08-19T03:41:30Z,8798926,0x34d70d8ef74764f2d30c7ae279252c1852e80142a0b0c1baa686bcecbe2ed275,zest-v2,SP1A27KFY4XERQCCRCARCYD1CC5N7M6688BSYADJ7.v0-7-market,supply-collateral-add,SP3KPRN53ZGD45B3WRTDMZZEHBJSFQ8AKN9RE6FKS,2026-08-19T03:41:19Z,11,120,109,success,(ok u278492354141),ok,
2026-08-19T05:57:14Z,8799635,0xa1811e83d0727febcd6ff793ed7c629252dcb95d7ded4b18083cb364877449ff,zest-v2,SP1A27KFY4XERQCCRCARCYD1CC5N7M6688BSYADJ7.v0-7-market,borrow,SP3KPRN53ZGD45B3WRTDMZZEHBJSFQ8AKN9RE6FKS,2026-08-19T05:57:05Z,9,120,111,success,(ok true),ok,
2026-08-19T06:02:10Z,8799666,0xa8044073d4d42ce3800092a3b67868429538d7bc0de3db833f3e345d928f275e,zest-v2,SP1A27KFY4XERQCCRCARCYD1CC5N7M6688BSYADJ7.v0-7-market,collateral-remove-redeem,SP3EMA3PNFKKF7C9DTPR6N5K21B8QFDGJP9B5FCGF,2026-08-19T06:02:02Z,8,120,112,success,(ok u6069991),ok,
2026-08-19T06:55:58Z,8799936,0x29d6053bd4b10a5f01eae9d1feffc238c8722343b11c454780ac758bd85c31ae,zest-v2,SP1A27KFY4XERQCCRCARCYD1CC5N7M6688BSYADJ7.v0-7-market,borrow,SP25SJZ2KDZMZY4MJNE9QNP41XRKKFWXYHN82SZSN,2026-08-19T06:55:33Z,25,120,95,success,(ok true),ok,
2026-08-19T11:19:47Z,8801283,0xeb4681f4b3668a9ad78db0bdc53cb8cd8ea163b4c576eafcd461be6de54fcda6,zest-v2,SP1A27KFY4XERQCCRCARCYD1CC5N7M6688BSYADJ7.v0-7-market,supply-collateral-add,SP1A9C2R2HVTQ9T3XGB76S57GW4VBAB0JC8D1TZPW,2026-08-19T11:19:29Z,18,120,102,success,(ok u50561609301),ok,
2026-08-19T11:21:44Z,8801293,0x3fa9fd21ed0c84373629764072592308a17c19c79d62ef94e579acb8c668392e,zest-v2,SP1A27KFY4XERQCCRCARCYD1CC5N7M6688BSYADJ7.v0-7-market,borrow,SP1A9C2R2HVTQ9T3XGB76S57GW4VBAB0JC8D1TZPW,2026-08-19T11:21:31Z,13,120,107,success,(ok true),ok,
2026-08-19T11:27:00Z,8801317,0x9be275e13be4d39df28974fcd7f8bb4788e9e7c5a31ac9794971ddb66ec6e93a,zest-v2,SP1A27KFY4XERQCCRCARCYD1CC5N7M6688BSYADJ7.v0-7-market,borrow,SP14EMH4MZFA21DTC8H3XNTB3SDHQGJHBMEF31SXF,2026-08-19T11:25:11Z,109,120,11,success,(ok true),ok,
2026-08-19T11:35:47Z,8801361,0xd10c3adadcbdde941c87f841da1ecaaee549d62900bca14db8a13131ec233d64,zest-v2,SP1A27KFY4XERQCCRCARCYD1CC5N7M6688BSYADJ7.v0-7-market,supply-collateral-add,SP3KPRN53ZGD45B3WRTDMZZEHBJSFQ8AKN9RE6FKS,2026-08-19T11:35:34Z,13,120,107,success,(ok u312204360946),ok,
2026-08-19T11:38:53Z,8801380,0x91f06437b659014a8ad9eefad8da4882aaa29ab4b9be9ccffcbc5ca3094df437,zest-v2,SP1A27KFY4XERQCCRCARCYD1CC5N7M6688BSYADJ7.v0-7-market,borrow,SP36JZRG7GZDGMXDXRQFXK8DJGGWHK9DJBJQ3SY0W,2026-08-19T11:37:25Z,88,120,32,success,(ok true),ok,
2026-08-19T11:40:27Z,8801389,0xe6e3916b89aa81d39fd87f10d0ed140fd32491a16f979ed0930ee209fd608232,zest-v2,SP1A27KFY4XERQCCRCARCYD1CC5N7M6688BSYADJ7.v0-7-market,collateral-remove-redeem,SP1GWNW9GKX5WT7GPPB8S0BKXD257VGFYY24X0C74,2026-08-19T11:40:06Z,21,120,99,success,(ok u299999),ok,
2026-08-19T13:28:30Z,8801924,0x4da598a0a1b7313724fb96ca474c651d70fb6014625cb6ed67205f95933e7326,zest-v2,SP1A27KFY4XERQCCRCARCYD1CC5N7M6688BSYADJ7.v0-7-market,supply-collateral-add,SP2ZM1KNQNS96RM1MAJTZV7WE7F38GFGRND4E80DW,2026-08-19T13:27:59Z,31,120,89,success,(ok u154288736),ok,
2026-08-19T13:41:16Z,8801992,0x449c17abaedabd03dad3a6e9b7b71e91195e7aef4266816e351b4670d39bd742,zest-v2,SP1A27KFY4XERQCCRCARCYD1CC5N7M6688BSYADJ7.v0-7-market,collateral-remove-redeem,SP1D6WJMETM08X6FAEXMQFPJ5R96GGTDE4REQYF39,2026-08-19T13:41:06Z,10,120,110,success,(ok u40000000),ok,
2026-08-19T13:46:31Z,8802022,0xb1e00872fb359885033134de44d7108534fb6e1522c506b1eb98bc1ffadac424,zest-v2,SP1A27KFY4XERQCCRCARCYD1CC5N7M6688BSYADJ7.v0-7-market,supply-collateral-add,SP2ZM1KNQNS96RM1MAJTZV7WE7F38GFGRND4E80DW,2026-08-19T13:45:58Z,33,120,87,success,(ok u154318957),ok,
2026-08-19T14:00:00Z,8802099,0x97af72e42b11916f16a4bbcb1cea866660611ee925abad6cbe0df44500db4744,zest-v2,SP1A27KFY4XERQCCRCARCYD1CC5N7M6688BSYADJ7.v0-7-market,supply-collateral-add,SPEJGJBR2Q2WW0065HFD0Z8RH0KE04CXE41NK6AG,2026-08-19T13:59:21Z,39,120,81,success,(ok u496171925582),ok,
2026-08-19T14:39:07Z,8802289,0xacbdba9ea0f5d1a76ddff8f969060da12c68358863c174238ea1132b30bd4efd,zest-v2,SP1A27KFY4XERQCCRCARCYD1CC5N7M6688BSYADJ7.v0-7-market,borrow,SP14YFFWP15FJCYRFY6Z0JN71QMMXZYS4CY25HVR2,2026-08-19T14:38:27Z,40,120,80,success,(ok true),ok,
2026-08-19T14:41:26Z,8802302,0x27b778a7e00e110165a6ca2efead16f9cb4df79d788bd11a64854b07cd984da5,zest-v2,SP1A27KFY4XERQCCRCARCYD1CC5N7M6688BSYADJ7.v0-7-market,borrow,SPCE87V29VDPEAS925YMV2VG3CMBHY0BXKB08NA4,2026-08-19T14:41:04Z,22,120,98,success,(ok true),ok,
2026-08-19T14:57:56Z,8802379,0xf837ea079c6c76b7148c6aee315b660a466eae47e2dd3d55f51aac2ef8616a72,zest-v2,SP1A27KFY4XERQCCRCARCYD1CC5N7M6688BSYADJ7.v0-7-market,supply-collateral-add,SP34ERP2PVWZD0E8Q094BZW78EHJQQK3ENADMD5S8,2026-08-19T14:57:01Z,55,120,65,success,(ok u408217),ok,
2026-08-19T14:59:27Z,8802384,0xa25dedaad725e94fc4fee6b466fcecd83014cd2e0b58f362c77dfa1c7f4fb400,zest-v2,SP1A27KFY4XERQCCRCARCYD1CC5N7M6688BSYADJ7.v0-7-market,borrow,SP34ERP2PVWZD0E8Q094BZW78EHJQQK3ENADMD5S8,2026-08-19T14:58:38Z,49,120,71,success,(ok true),ok,
2026-08-19T15:14:09Z,8802450,0xad9e6f2cd0873d4a3e7675cd2d6af7003ea301dddc72d678821351a1b7d4c2db,zest-v2,SP1A27KFY4XERQCCRCARCYD1CC5N7M6688BSYADJ7.v0-7-market,collateral-add,SP3MQMZXH6F2PG5NRBQW3SG4E8E0FE8D5M2320WM5,2026-08-19T15:13:55Z,14,120,106,success,(ok u9994567),ok,
2026-08-19T15:14:53Z,8802452,0xae28c2cda7a386be4ec1372cef012be40e848bec318237788cbeee7a0e2174f4,zest-v2,SP1A27KFY4XERQCCRCARCYD1CC5N7M6688BSYADJ7.v0-7-market,borrow,SP3MQMZXH6F2PG5NRBQW3SG4E8E0FE8D5M2320WM5,2026-08-19T15:14:44Z,9,120,111,success,(ok true),ok,
2026-08-19T15:21:05Z,8802474,0x24918d9c6012c69d8e2b5ea5657364b70759bd0e694557aaed7a43af08a30685,zest-v2,SP1A27KFY4XERQCCRCARCYD1CC5N7M6688BSYADJ7.v0-7-market,supply-collateral-add,SP3MQMZXH6F2PG5NRBQW3SG4E8E0FE8D5M2320WM5,2026-08-19T15:20:50Z,15,120,105,success,(ok u19989134),ok,
2026-08-19T15:22:09Z,8802479,0xfb0f6b3d0d8ea7ad35947b8ca919bdc16cac0f4d95e3ff9c6812768e853dda79,zest-v2,SP1A27KFY4XERQCCRCARCYD1CC5N7M6688BSYADJ7.v0-7-market,borrow,SP3MQMZXH6F2PG5NRBQW3SG4E8E0FE8D5M2320WM5,2026-08-19T15:21:42Z,27,120,93,success,(ok true),ok,
2026-08-19T15:23:23Z,8802485,0x6139a7cde4e00072f9e0062718879a5ea414289fcf9cf67d264e901a07b7c7b7,zest-v2,SP1A27KFY4XERQCCRCARCYD1CC5N7M6688BSYADJ7.v0-7-market,supply-collateral-add,SP1MZ5N6YCQ5BFHK4N9NFGXG2K4N53BQ0MFXAKAC1,2026-08-19T15:23:09Z,14,120,106,success,(ok u29983702),ok,
2026-08-19T15:24:12Z,8802489,0x5ade54f8ccf783362156df12cfc2cc77c6af872e927b83eb72b976521a3ced1d,zest-v2,SP1A27KFY4XERQCCRCARCYD1CC5N7M6688BSYADJ7.v0-7-market,borrow,SP1MZ5N6YCQ5BFHK4N9NFGXG2K4N53BQ0MFXAKAC1,2026-08-19T15:23:59Z,13,120,107,success,(ok true),ok,
2026-08-19T15:27:04Z,8802498,0x4c5aafa8b9fad5f302df8913651a1e2c8f7d331a56872b95e7bb062b14761b8b,zest-v2,SP1A27KFY4XERQCCRCARCYD1CC5N7M6688BSYADJ7.v0-7-market,supply-collateral-add,SP3MQMZXH6F2PG5NRBQW3SG4E8E0FE8D5M2320WM5,2026-08-19T15:26:51Z,13,120,107,success,(ok u29983701),ok,
2026-08-19T15:33:05Z,8802517,0xefa6649dcae2a9e47c5eae660e3d2ec33f07cf221b27fde17040b92ccef9f561,zest-v2,SP1A27KFY4XERQCCRCARCYD1CC5N7M6688BSYADJ7.v0-7-market,supply-collateral-add,SP1MZ5N6YCQ5BFHK4N9NFGXG2K4N53BQ0MFXAKAC1,2026-08-19T15:32:43Z,22,120,98,success,(ok u49972837),ok,
2026-08-19T15:33:51Z,8802519,0x30e89277eeb6a5252914a98d0e6efd8581cacbcfa9f1b0ac720052eb6e2eb3b1,zest-v2,SP1A27KFY4XERQCCRCARCYD1CC5N7M6688BSYADJ7.v0-7-market,borrow,SP1MZ5N6YCQ5BFHK4N9NFGXG2K4N53BQ0MFXAKAC1,2026-08-19T15:33:31Z,20,120,100,abort_by_post_condition,(err u400005),revert:non-oracle,
2026-08-19T15:34:48Z,8802522,0x21e34465be40bb216ec74636645f0db78967e8562631828eb60f29cee32348e7,zest-v2,SP1A27KFY4XERQCCRCARCYD1CC5N7M6688BSYADJ7.v0-7-market,borrow,SP1MZ5N6YCQ5BFHK4N9NFGXG2K4N53BQ0MFXAKAC1,2026-08-19T15:34:40Z,8,120,112,success,(ok true),ok,
2026-08-19T15:37:26Z,8802531,0x0ce788045d9b48de098b9d8a872099a096e26b87972f8387786e9c2d0cd6240c,zest-v2,SP1A27KFY4XERQCCRCARCYD1CC5N7M6688BSYADJ7.v0-7-market,supply-collateral-add,SP1MZ5N6YCQ5BFHK4N9NFGXG2K4N53BQ0MFXAKAC1,2026-08-19T15:37:02Z,24,120,96,success,(ok u59967404),ok,
2026-08-19T15:38:08Z,8802533,0xab1d49380b144dbaea34f812fe6e8e8bc0a1b3929bd20382db42c98636105507,zest-v2,SP1A27KFY4XERQCCRCARCYD1CC5N7M6688BSYADJ7.v0-7-market,borrow,SP1MZ5N6YCQ5BFHK4N9NFGXG2K4N53BQ0MFXAKAC1,2026-08-19T15:37:58Z,10,120,110,success,(ok true),ok,
2026-08-19T15:43:13Z,8802552,0xb41cc2befc00a61eb7dca70eaa088eb8ebc5b8542f56cee50769367581b394b2,zest-v2,SP1A27KFY4XERQCCRCARCYD1CC5N7M6688BSYADJ7.v0-7-market,supply-collateral-add,SP3XKN0MQYS5ZZMAQAM4QM92ZTB8K761EDTK77C8W,2026-08-19T15:42:19Z,54,120,66,success,(ok u29658482994),ok,
2026-08-19T15:44:09Z,8802556,0xe1c78a675241ce6e850d997073eb77f146481d52c373ba530b71ab745b4ee39b,zest-v2,SP1A27KFY4XERQCCRCARCYD1CC5N7M6688BSYADJ7.v0-7-market,borrow,SP3XKN0MQYS5ZZMAQAM4QM92ZTB8K761EDTK77C8W,2026-08-19T15:43:48Z,21,120,99,success,(ok true),ok,
2026-08-19T15:50:47Z,8802579,0x8c81916d897062a50b02df8b013fe666910a969aa1d5bfa450d81f698dc34183,zest-v2,SP1A27KFY4XERQCCRCARCYD1CC5N7M6688BSYADJ7.v0-7-market,supply-collateral-add,SP3XKN0MQYS5ZZMAQAM4QM92ZTB8K761EDTK77C8W,2026-08-19T15:50:35Z,12,120,108,success,(ok u69203119931),ok,
2026-08-19T15:51:54Z,8802582,0x70e7f1ca6676be2a28c8eaf17937158e88b36c69fc2ed2d14b122055ccd2e6a4,zest-v2,SP1A27KFY4XERQCCRCARCYD1CC5N7M6688BSYADJ7.v0-7-market,borrow,SP3XKN0MQYS5ZZMAQAM4QM92ZTB8K761EDTK77C8W,2026-08-19T15:51:47Z,7,120,113,success,(ok true),ok,
2026-08-19T15:55:30Z,8802592,0xe23dfb9ed170d8bee8bd5066062ae215d67606dddd7caa430dce37cf39a33144,zest-v2,SP1A27KFY4XERQCCRCARCYD1CC5N7M6688BSYADJ7.v0-7-market,borrow,SP3RNAZMADES3GWQZTZ53M5XCWCXMQXXP1KWM75X4,2026-08-19T15:55:19Z,11,120,109,success,(ok true),ok,
2026-08-19T15:56:07Z,8802594,0x23235ea28ad66efc1d3b47d227a0fd68b0e775a78c999507b29631cd63801d39,zest-v2,SP1A27KFY4XERQCCRCARCYD1CC5N7M6688BSYADJ7.v0-7-market,supply-collateral-add,SP1MZ5N6YCQ5BFHK4N9NFGXG2K4N53BQ0MFXAKAC1,2026-08-19T15:55:50Z,17,120,103,success,(ok u74959255),ok,
2026-08-19T15:56:45Z,8802596,0x45c0f59c305e42537af2e55d7207449e3a920cfb5be3f1831feaf635f9e0ab5a,zest-v2,SP1A27KFY4XERQCCRCARCYD1CC5N7M6688BSYADJ7.v0-7-market,borrow,SP1MZ5N6YCQ5BFHK4N9NFGXG2K4N53BQ0MFXAKAC1,2026-08-19T15:56:32Z,13,120,107,success,(ok true),ok,
2026-08-19T15:57:48Z,8802599,0xf8ad79f98ec50e254c47c8aa7967715b67fb0e0349f688459a6d8110a70c04c3,zest-v2,SP1A27KFY4XERQCCRCARCYD1CC5N7M6688BSYADJ7.v0-7-market,supply-collateral-add,SP2ZM1KNQNS96RM1MAJTZV7WE7F38GFGRND4E80DW,2026-08-19T15:57:31Z,17,120,103,success,(ok u154361379),ok,
2026-08-19T16:00:24Z,8802606,0xf9f72d20ed67298121952eb9ddaa9a3ab163a5b5a81f8c6147b590ec74a047a1,zest-v2,SP1A27KFY4XERQCCRCARCYD1CC5N7M6688BSYADJ7.v0-7-market,supply-collateral-add,SP3XKN0MQYS5ZZMAQAM4QM92ZTB8K761EDTK77C8W,2026-08-19T15:59:38Z,46,120,74,success,(ok u168064690037),ok,
2026-08-19T16:01:11Z,8802609,0x47a8525e4906670965aaf2b076e482425279c0fb2bc05754c116ecd5cfb545dc,zest-v2,SP1A27KFY4XERQCCRCARCYD1CC5N7M6688BSYADJ7.v0-7-market,borrow,SP3XKN0MQYS5ZZMAQAM4QM92ZTB8K761EDTK77C8W,2026-08-19T16:01:04Z,7,120,113,success,(ok true),ok,
2026-08-19T16:03:05Z,8802616,0x770db5f3776b44894d891f5d66acf2b1d30ae97f229af51d42b6be8a2e8442b9,zest-v2,SP1A27KFY4XERQCCRCARCYD1CC5N7M6688BSYADJ7.v0-7-market,supply-collateral-add,SP3XKN0MQYS5ZZMAQAM4QM92ZTB8K761EDTK77C8W,2026-08-19T16:02:51Z,14,120,106,success,(ok u237267784845),ok,
2026-08-19T16:03:48Z,8802619,0x2b3b55132fead7b82595dd14afebca39601df58271e170370314c38d1f26c71b,zest-v2,SP1A27KFY4XERQCCRCARCYD1CC5N7M6688BSYADJ7.v0-7-market,collateral-remove-redeem,SP3MQMZXH6F2PG5NRBQW3SG4E8E0FE8D5M2320WM5,2026-08-19T16:03:10Z,38,120,82,success,(ok u29999998),ok,
2026-08-19T16:04:24Z,8802621,0x0c05b8ddc42650109d078312e1be23f9039b4a4d48ddd454470b8a949bc35687,zest-v2,SP1A27KFY4XERQCCRCARCYD1CC5N7M6688BSYADJ7.v0-7-market,borrow,SP3XKN0MQYS5ZZMAQAM4QM92ZTB8K761EDTK77C8W,2026-08-19T16:04:21Z,3,120,117,success,(ok true),ok,
2026-08-19T16:04:48Z,8802622,0x463f3594f4cd03c8039b0a26004ce9221f7d5d9c302af0c4fb82bac6842390fb,zest-v2,SP1A27KFY4XERQCCRCARCYD1CC5N7M6688BSYADJ7.v0-7-market,collateral-add,SP3MQMZXH6F2PG5NRBQW3SG4E8E0FE8D5M2320WM5,2026-08-19T16:04:40Z,8,120,112,success,(ok u451),ok,
2026-08-19T16:06:36Z,8802628,0x8c9d65daabfaae7e835a35c43880c6c63e9e3e9caef0e1d5fc64d7643c42b3b5,zest-v2,SP1A27KFY4XERQCCRCARCYD1CC5N7M6688BSYADJ7.v0-7-market,borrow,SP2ZM1KNQNS96RM1MAJTZV7WE7F38GFGRND4E80DW,2026-08-19T16:06:09Z,27,120,93,success,(ok true),ok,
2026-08-19T16:09:36Z,8802635,0x0e79210f2ddab3c3e69950d74f8168d91e424145f009f4b53b448913560a5aa7,zest-v1,SP2VCQJGH7PHP2DJK7Z0V48AGBHQAW3R3ZW1QF4N.borrow-helper-v2-1-8,withdraw,SP3HCTTV10YPAF98YJAC6S4TNYXJ2H9HXKCDEQT40,2026-08-19T16:09:22Z,14,360,346,success,(ok true),ok,
2026-08-19T16:16:46Z,8802661,0xff8934ef95312e56741d200478f63d2bf5a80ea9a5a8a36e254ff788e509c569,zest-v2,SP1A27KFY4XERQCCRCARCYD1CC5N7M6688BSYADJ7.v0-7-market,supply-collateral-add,SP2ZM1KNQNS96RM1MAJTZV7WE7F38GFGRND4E80DW,2026-08-19T16:15:14Z,92,120,28,success,(ok u154368683),ok,
2026-08-19T16:22:18Z,8802678,0x0cf83e4db6f7d5feb8b62df23fc4fdf3ff1563089808bcee60b2430d109830b3,zest-v2,SP1A27KFY4XERQCCRCARCYD1CC5N7M6688BSYADJ7.v0-7-market,supply-collateral-add,SP2ZM1KNQNS96RM1MAJTZV7WE7F38GFGRND4E80DW,2026-08-19T16:21:41Z,37,120,83,success,(ok u154568821),ok,
2026-08-19T16:24:14Z,8802684,0xaca7c7a17e2226c82e8bb3df4e33a0f63a28cef613acfbfbcc2313b59c9eb9c4,zest-v2,SP1A27KFY4XERQCCRCARCYD1CC5N7M6688BSYADJ7.v0-7-market,collateral-remove-redeem,SP3RNAZMADES3GWQZTZ53M5XCWCXMQXXP1KWM75X4,2026-08-19T16:23:54Z,20,120,100,success,(ok u42293951959),ok,
2026-08-19T16:32:42Z,8802711,0xb6d0efda49e8a847718a0550b0ef1e8bdc72edca8fbb3ecff47f8b43fba78f6e,zest-v2,SP1A27KFY4XERQCCRCARCYD1CC5N7M6688BSYADJ7.v0-7-market,collateral-remove-redeem,SP3XKN0MQYS5ZZMAQAM4QM92ZTB8K761EDTK77C8W,2026-08-19T16:32:19Z,23,120,97,success,(ok u240000192385),ok,
2026-08-19T16:35:23Z,8802721,0xfd24f5a08435c02bd2e285955246a9eec27f769a07b6e3e864b29522cb581368,zest-v2,SP1A27KFY4XERQCCRCARCYD1CC5N7M6688BSYADJ7.v0-7-market,borrow,SP2ZM1KNQNS96RM1MAJTZV7WE7F38GFGRND4E80DW,2026-08-19T16:34:38Z,45,120,75,success,(ok true),ok,
2026-08-19T16:36:33Z,8802727,0x3a1259f1ac71792e982d9f102f76bcfaf5c2d43c9c81215b44a0306f340bf0fe,zest-v2,SP1A27KFY4XERQCCRCARCYD1CC5N7M6688BSYADJ7.v0-7-market,borrow,SP2ZM1KNQNS96RM1MAJTZV7WE7F38GFGRND4E80DW,2026-08-19T16:36:11Z,22,120,98,success,(ok true),ok,
2026-08-19T16:37:43Z,8802733,0x2b24df8146287f339c2cbb9c7b947e7dcd59c11b2d0182d3afe86bdb74f298f8,zest-v2,SP1A27KFY4XERQCCRCARCYD1CC5N7M6688BSYADJ7.v0-7-market,borrow,SP2ZM1KNQNS96RM1MAJTZV7WE7F38GFGRND4E80DW,2026-08-19T16:37:21Z,22,120,98,success,(ok true),ok,
2026-08-19T17:25:40Z,8802932,0x47126935cfa0df8cb04b28f71931dda3a68d050d8d904cdc7bd1c6d6b46d2420,zest-v2,SP1A27KFY4XERQCCRCARCYD1CC5N7M6688BSYADJ7.v0-7-market,borrow,SP25SJZ2KDZMZY4MJNE9QNP41XRKKFWXYHN82SZSN,2026-08-19T17:25:18Z,22,120,98,success,(ok true),ok,
2026-08-19T17:28:41Z,8802944,0xe4d4fcf33f7097cdf4a744d38c00f1b49bd8a72e14c49c2cb1abb69872e8b8db,zest-v2,SP1A27KFY4XERQCCRCARCYD1CC5N7M6688BSYADJ7.v0-7-market,collateral-remove-redeem,SP1MZ5N6YCQ5BFHK4N9NFGXG2K4N53BQ0MFXAKAC1,2026-08-19T17:28:34Z,7,120,113,success,(ok u9999999),ok,
2026-08-19T17:56:36Z,8803054,0x57a04de816831066829bd955599bd52e3de7b57fb4a27ab8c08dc7755c7c0810,zest-v2,SP1A27KFY4XERQCCRCARCYD1CC5N7M6688BSYADJ7.v0-7-market,borrow,SP1MZ5N6YCQ5BFHK4N9NFGXG2K4N53BQ0MFXAKAC1,2026-08-19T17:56:19Z,17,120,103,success,(ok true),ok,
2026-08-19T17:57:43Z,8803058,0x25ed3d04623697c856eb5d12321711a6fbf2c3105cbe2bf90d4a4d7ad0b89871,zest-v2,SP1A27KFY4XERQCCRCARCYD1CC5N7M6688BSYADJ7.v0-7-market,collateral-remove-redeem,SP1MZ5N6YCQ5BFHK4N9NFGXG2K4N53BQ0MFXAKAC1,2026-08-19T17:57:36Z,7,120,113,success,(ok u52000000),ok,
2026-08-19T17:58:45Z,8803062,0x7907aa5b3749762b5fa9f438a249605f8835d7d9d3daf0d32c6b7e6ce289735c,zest-v2,SP1A27KFY4XERQCCRCARCYD1CC5N7M6688BSYADJ7.v0-7-market,supply-collateral-add,SP1JYP07Q505ZRJ5AFSTS7CSMG6B63PX3PW4MKBEN,2026-08-19T17:57:22Z,83,120,37,success,(ok u486018744),ok,
2026-08-19T19:01:12Z,8803378,0xb7e5fc5cdbcbc664f11c2e63ca978999b84b05136d9baa4e7aa5ae308bd550b6,zest-v2,SP1A27KFY4XERQCCRCARCYD1CC5N7M6688BSYADJ7.v0-7-market,collateral-remove-redeem,SP385CENFX0R0E7D5S6QSJ90PDBN50HANR6K9K4X7,2026-08-19T19:01:05Z,7,120,113,success,(ok u813451),ok,
2026-08-19T20:05:52Z,8803651,0xa38cd37064eeb9338e5e8b5fe9bef5f8500026ff3e0dd27e52517180f92014d4,zest-v2,SP1A27KFY4XERQCCRCARCYD1CC5N7M6688BSYADJ7.v0-7-market,supply-collateral-add,SP2ZM1KNQNS96RM1MAJTZV7WE7F38GFGRND4E80DW,2026-08-19T20:05:33Z,19,120,101,success,(ok u154568858),ok,
2026-08-19T21:16:10Z,8803965,0x83a174611010e7af281f98cee4098c94b31b594dcc67c4da244206eba91ed34d,zest-v2,SP1A27KFY4XERQCCRCARCYD1CC5N7M6688BSYADJ7.v0-7-market,borrow,SP1E0FWX3Q5PRZRHW9A205YBXMRX7YYS14CDN8RA7,2026-08-19T21:15:31Z,39,120,81,success,(ok true),ok,
2026-08-19T21:16:59Z,8803968,0x5b1d8b32cb1b45ad59577509c64c88efbd368c9b136e2c69db4658c4160195aa,zest-v2,SP1A27KFY4XERQCCRCARCYD1CC5N7M6688BSYADJ7.v0-7-market,borrow,SP28M9DGNGEBAFX1G41DHDNYX0E6JSKR0CFDZ12SS,2026-08-19T21:16:26Z,33,120,87,success,(ok true),ok,
2026-08-19T21:20:37Z,8803980,0x99740b8224612f97932754272a83911293f2673fe33f7c2d31b53cc1ccc5d569,zest-v2,SP1A27KFY4XERQCCRCARCYD1CC5N7M6688BSYADJ7.v0-7-market,supply-collateral-add,SP28M9DGNGEBAFX1G41DHDNYX0E6JSKR0CFDZ12SS,2026-08-19T21:20:05Z,32,120,88,success,(ok u6900589457),ok,
2026-08-19T21:30:27Z,8804018,0xfbd9f0f425f4081f945d8c52293ce7c094f4f0aa763903cc1564568eb1535a2e,zest-v2,SP1A27KFY4XERQCCRCARCYD1CC5N7M6688BSYADJ7.v0-7-market,borrow,SP14YFFWP15FJCYRFY6Z0JN71QMMXZYS4CY25HVR2,2026-08-19T21:29:24Z,63,120,57,success,(ok true),ok,
2026-08-19T21:32:59Z,8804027,0x5c211e552c8c1a81a8e52e4c2ffed67d718b1daf36210b3868f0be8cf24740b5,zest-v2,SP1A27KFY4XERQCCRCARCYD1CC5N7M6688BSYADJ7.v0-7-market,borrow,SP10GK6MG2GM7BCVYV7XBHK1JVJDHFDMNBENNBRC3,2026-08-19T21:32:03Z,56,120,64,success,(ok true),ok,
2026-08-19T21:35:12Z,8804035,0x517227d6fc633f759803df35d9a82fbe475a82b1172f9f848ee39660b3f833af,zest-v2,SP1A27KFY4XERQCCRCARCYD1CC5N7M6688BSYADJ7.v0-7-market,borrow,SPWH7ERBH90XFXQWXV1E5HVSMGBPGF8A8T5BYNBW,2026-08-19T21:34:13Z,59,120,61,success,(ok true),ok,
2026-08-19T21:42:12Z,8804063,0xd20f01e47c308d8cee9843498116cf113145b49940fdf2996e28e8ccf5d2603a,granite-usdcx,SP3M2BYF7RGF8WKW5FVDNJ6WR8D7AR9BHDXAKPXZE.state-v1,borrow,SP17MRV60MP61BRP9QJC92GHV1PQYDCE5KH99AEHQ,2026-08-19T21:40:30Z,102,300,198,success,(ok true),ok,
2026-08-19T21:44:35Z,8804071,0xad057f94728ca9fa07aa99da4b323a65f68f4da7f7166302e7ccf54508aaaf48,granite-usdcx,SP3M2BYF7RGF8WKW5FVDNJ6WR8D7AR9BHDXAKPXZE.state-v1,borrow,SPWEA3BQ1KRXGDGGTN5W8TDKHGZWGMAWTNN4QNWT,2026-08-19T21:42:30Z,125,300,175,success,(ok true),ok,
2026-08-19T21:47:28Z,8804080,0x76e78a4dda54176772315dc8692ef735f0b2b656cf57a47a062d32dd3c212448,granite-usdcx,SP3M2BYF7RGF8WKW5FVDNJ6WR8D7AR9BHDXAKPXZE.state-v1,borrow,SP3QXCV3CDV124V6XXJN1HXY3KXCSG30P9XFT3ZSK,2026-08-19T21:45:41Z,107,300,193,success,(ok true),ok,
2026-08-19T21:54:00Z,8804103,0x2b4d69922c859fd413d5a15f8041d0e1ab4985aba72c025bd0f79b3a6db8f21b,zest-v2,SP1A27KFY4XERQCCRCARCYD1CC5N7M6688BSYADJ7.v0-7-market,borrow,SPZKWN8EC8DHXYW6D6DVHFVMX2HBWMRTSZET8YHM,2026-08-19T21:52:58Z,62,120,58,success,(ok true),ok,
2026-08-19T22:10:46Z,8804166,0x4e4dcbfeff69f992f7429ccb5c66aa1014dd5fcb96e1efac7075858cc34afcfa,zest-v2,SP1A27KFY4XERQCCRCARCYD1CC5N7M6688BSYADJ7.v0-7-market,supply-collateral-add,SP2ZM1KNQNS96RM1MAJTZV7WE7F38GFGRND4E80DW,2026-08-19T22:10:08Z,38,120,82,success,(ok u154674483),ok,
2026-08-19T22:15:36Z,8804185,0xf5310627ac15e1957d7a298b38bcd803b45f49d2dfd6479770a4529cab00fb26,zest-v2,SP1A27KFY4XERQCCRCARCYD1CC5N7M6688BSYADJ7.v0-7-market,supply-collateral-add,SP2ZM1KNQNS96RM1MAJTZV7WE7F38GFGRND4E80DW,2026-08-19T22:15:11Z,25,120,95,success,(ok u154829077),ok,
2026-08-19T22:22:25Z,8804214,0x1e8e267d0e70c5126f07375ce6740c72459a542e5f9e88bb25336407b9530b03,zest-v2,SP1A27KFY4XERQCCRCARCYD1CC5N7M6688BSYADJ7.v0-7-market,collateral-remove-redeem,SPCE87V29VDPEAS925YMV2VG3CMBHY0BXKB08NA4,2026-08-19T22:22:06Z,19,120,101,success,(ok u9497234),ok,
2026-08-19T23:17:04Z,8804485,0xce3466eceaa19f68a8504143253038d5db412fa0e7e776e3106c8a2b3f6741da,zest-v2,SP1A27KFY4XERQCCRCARCYD1CC5N7M6688BSYADJ7.v0-7-market,supply-collateral-add,SPVPAQ35P35JZYQA11A0E5DPY62E7P3HX0GA2RPH,2026-08-19T23:16:36Z,28,120,92,success,(ok u1172685576),ok,
2026-08-19T23:19:20Z,8804493,0x9d0008dba39d0e8d67c560a851428dc77932d9c285dd3125ea0c7e02b3a870fc,zest-v2,SP1A27KFY4XERQCCRCARCYD1CC5N7M6688BSYADJ7.v0-7-market,borrow,SPVPAQ35P35JZYQA11A0E5DPY62E7P3HX0GA2RPH,2026-08-19T23:18:37Z,43,120,77,success,(ok true),ok,
2026-08-19T23:29:55Z,8804538,0x905922bad0d2f0ab4b52e3a248ff02508693583e3a0c51dc3d2d47c4f69f1e71,zest-v2,SP1A27KFY4XERQCCRCARCYD1CC5N7M6688BSYADJ7.v0-7-market,collateral-remove-redeem,SP558AWG6FXNTQV1YG9ZMR6CMNCAVG3NGQM5747B,2026-08-19T23:29:48Z,7,120,113,success,(ok u1006394),ok,
2026-08-20T00:43:19Z,8804801,0x0197378211318714b189291d25e81cd5418ba75be3c175d9b71db22aa3326e5e,zest-v2,SP1A27KFY4XERQCCRCARCYD1CC5N7M6688BSYADJ7.v0-7-market,supply-collateral-add,SP1D6WJMETM08X6FAEXMQFPJ5R96GGTDE4REQYF39,2026-08-20T00:43:00Z,19,120,101,success,(ok u831117103),ok,
2026-08-20T00:44:06Z,8804805,0xd34eafe7f8cab636aa9051a539db18c985f5e212bad72e2fbb65b56cc022a35e,zest-v1,SP2VCQJGH7PHP2DJK7Z0V48AGBHQAW3R3ZW1QF4N.borrow-helper-v2-1-8,withdraw,SP2NRFAXNPGAH3VNKZ2DJGPDX3HYEYDMEAXJ65E92,2026-08-20T00:43:52Z,14,360,346,success,(ok true),ok,
2026-08-20T00:44:52Z,8804809,0x892b539c7fd25a2955134ca952dc9fe8919f5efb2d0111f0488fc876f7d8d1da,zest-v1,SP2VCQJGH7PHP2DJK7Z0V48AGBHQAW3R3ZW1QF4N.borrow-helper-v2-1-8,withdraw,SP2NRFAXNPGAH3VNKZ2DJGPDX3HYEYDMEAXJ65E92,2026-08-20T00:44:45Z,7,360,353,success,(ok true),ok,
2026-08-20T00:56:32Z,8804859,0xfe78fb255dd0b746c5d6f2c54095fe6398241f57971d62bbe22f74e3ce086692,zest-v2,SP1A27KFY4XERQCCRCARCYD1CC5N7M6688BSYADJ7.v0-7-market,supply-collateral-add,SP1MZ5N6YCQ5BFHK4N9NFGXG2K4N53BQ0MFXAKAC1,2026-08-20T00:56:24Z,8,120,112,success,(ok u32982071),ok,
2026-08-20T00:57:11Z,8804862,0xd43eed034b4c3be1436b0746cac9c83dde914a656050950e101e495bdef15d83,zest-v2,SP1A27KFY4XERQCCRCARCYD1CC5N7M6688BSYADJ7.v0-7-market,supply-collateral-add,SP1MZ5N6YCQ5BFHK4N9NFGXG2K4N53BQ0MFXAKAC1,2026-08-20T00:57:00Z,11,120,109,success,(ok u52971205),ok,
2026-08-20T00:57:46Z,8804865,0xfef607d38b6eb0f997b35a24c70bd8eee5222326213cdc471a0ebf30b5adf0ee,zest-v2,SP1A27KFY4XERQCCRCARCYD1CC5N7M6688BSYADJ7.v0-7-market,borrow,SP1MZ5N6YCQ5BFHK4N9NFGXG2K4N53BQ0MFXAKAC1,2026-08-20T00:57:29Z,17,120,103,success,(ok true),ok,
2026-08-20T03:14:59Z,8805439,0x2289d3ef22ebc55fd9511c657c2c8ee0a4723f259169d8f45e1c3c8896c12bdc,zest-v2,SP1A27KFY4XERQCCRCARCYD1CC5N7M6688BSYADJ7.v0-7-market,collateral-remove-redeem,SP24H94V7S19VBC7KFT2K8GAPENV4H1F6B0VFM7MC,2026-08-20T03:14:19Z,40,120,80,success,(ok u10600000000),ok,
2026-08-20T03:24:07Z,8805475,0xe25d419fbd2a2b983c2aaede7c8fc1aea28621db01ade51fe9b34220dfe66783,zest-v2,SP1A27KFY4XERQCCRCARCYD1CC5N7M6688BSYADJ7.v0-7-market,borrow,SP1G3NMPBE5Z0CRDY47F64EZ9Q9M34EN7BN1NARZZ,2026-08-20T03:23:21Z,46,120,74,success,(ok true),ok,
2026-08-20T03:59:03Z,8805634,0xa2ef15b78b6f6555c045ff99acddcbfa84c6774fff46abf996a3d97bbc2debeb,zest-v2,SP1A27KFY4XERQCCRCARCYD1CC5N7M6688BSYADJ7.v0-7-market,supply-collateral-add,SP1EK2BRHDJ7XWG61GPV638KM0MT7PF1AJYXYTTAG,2026-08-20T03:57:49Z,74,120,46,success,(ok u13777340),ok,
2026-08-20T05:57:44Z,8806136,0xc62762bceebd63bb46a61e1f350896821cf1ed34137fc3367327b27322ce6b38,zest-v2,SP1A27KFY4XERQCCRCARCYD1CC5N7M6688BSYADJ7.v0-7-market,supply-collateral-add,SP2RNHHQDTHGHPEVX83291K4AQZVGWEJ7WCQQDA9R,2026-08-20T05:57:40Z,4,120,116,success,(ok u50043569864),ok,
2026-08-20T06:26:37Z,8806261,0xaa97bf239a4c73579279d8d58ab16a4027346da5aaff7a824096ad6dc8c14942,zest-v2,SP1A27KFY4XERQCCRCARCYD1CC5N7M6688BSYADJ7.v0-7-market,collateral-remove-redeem,SP22H4KA8XSCKTT39J8JJSJ8MYMGJW1WV21X3634C,2026-08-20T06:25:53Z,44,120,76,success,(ok u679999),ok,
2026-08-20T06:28:39Z,8806270,0xf02167a45c4b8d6b172129905b3c761f6c6cf33140da6a4dabe776cd0845c57a,zest-v2,SP1A27KFY4XERQCCRCARCYD1CC5N7M6688BSYADJ7.v0-7-market,borrow,SP2ZM1KNQNS96RM1MAJTZV7WE7F38GFGRND4E80DW,2026-08-20T06:28:08Z,31,120,89,success,(ok true),ok,
2026-08-20T06:40:25Z,8806326,0x2828128b775236b70d065e161b0c8457e99ebb6e37afcd7afed4e8e81b3e9816,zest-v1,SP2VCQJGH7PHP2DJK7Z0V48AGBHQAW3R3ZW1QF4N.borrow-helper-v2-1-8,withdraw,SPBT9ZDYNFKT2CXE5F1RH2HQ2G8W4WDKV2TVS9QT,2026-08-20T06:40:11Z,14,360,346,success,(ok true),ok,
2026-08-20T06:43:56Z,8806349,0x2a315502a7c4fcb76108b39e918a613da47499ec20db2c5ffeddb54e116c2af5,zest-v1,SP2VCQJGH7PHP2DJK7Z0V48AGBHQAW3R3ZW1QF4N.borrow-helper-v2-1-8,withdraw,SP22FF8JN9GF76X4CHE7933YC5VZSYG618G51J6KD,2026-08-20T06:43:44Z,12,360,348,success,(ok true),ok,
2026-08-20T07:08:08Z,8806480,0x08b511db84321949263000f6fce4cddf25bbf6b8ffc1e8dfd0a21f8b7292dfbe,zest-v2,SP1A27KFY4XERQCCRCARCYD1CC5N7M6688BSYADJ7.v0-7-market,borrow,SP2ZM1KNQNS96RM1MAJTZV7WE7F38GFGRND4E80DW,2026-08-20T07:06:52Z,76,120,44,success,(ok true),ok,
2026-08-20T08:15:18Z,8806757,0x83da5cc3f419478cf210867fb41bbdaa9877d841856fa91962211320d58e9af2,zest-v2,SP1A27KFY4XERQCCRCARCYD1CC5N7M6688BSYADJ7.v0-7-market,borrow,SP1MZ5N6YCQ5BFHK4N9NFGXG2K4N53BQ0MFXAKAC1,2026-08-20T08:15:14Z,4,120,116,success,(ok true),ok,
2026-08-20T08:24:24Z,8806788,0x074757e7392db16daf38c25d385f08e290a35a28518f051196649d741cf3d8c5,zest-v2,SP1A27KFY4XERQCCRCARCYD1CC5N7M6688BSYADJ7.v0-7-market,supply-collateral-add,SP3SEXMGJ2CX2RBV7DNHKV7FAWDZJ47ZVAEZKWY2P,2026-08-20T08:24:11Z,13,120,107,success,(ok u11557092501),ok,
2026-08-20T08:26:14Z,8806795,0xf9263e45662e2678abbf8b0039aa1793a9bdfd2d44c61d14835476f5c03ac48f,zest-v2,SP1A27KFY4XERQCCRCARCYD1CC5N7M6688BSYADJ7.v0-7-market,borrow,SP3SEXMGJ2CX2RBV7DNHKV7FAWDZJ47ZVAEZKWY2P,2026-08-20T08:25:10Z,64,120,56,success,(ok true),ok,
2026-08-20T08:28:03Z,8806801,0x8a2dacc6745254d2bec36367a50683b02c2f4c1e19cf6d77b6b6e015b739ed8b,zest-v2,SP1A27KFY4XERQCCRCARCYD1CC5N7M6688BSYADJ7.v0-7-market,supply-collateral-add,SP3SEXMGJ2CX2RBV7DNHKV7FAWDZJ47ZVAEZKWY2P,2026-08-20T08:27:41Z,22,120,98,success,(ok u14956452171),ok,
2026-08-20T08:30:07Z,8806810,0xc7410342ac420f51ff3d6419e4b716e4908b74f2204a36ad4c9ae1e981c2bfe3,zest-v2,SP1A27KFY4XERQCCRCARCYD1CC5N7M6688BSYADJ7.v0-7-market,borrow,SP1E0FWX3Q5PRZRHW9A205YBXMRX7YYS14CDN8RA7,2026-08-20T08:29:18Z,49,120,71,success,(ok true),ok,
2026-08-20T08:30:07Z,8806810,0x4912f86f75b2458b84dcb988411cf0e10564c072977473dc6630d2c3d913eb47,zest-v2,SP1A27KFY4XERQCCRCARCYD1CC5N7M6688BSYADJ7.v0-7-market,borrow,SP3SEXMGJ2CX2RBV7DNHKV7FAWDZJ47ZVAEZKWY2P,2026-08-20T08:29:58Z,9,120,111,success,(ok true),ok,
2026-08-20T08:31:49Z,8806819,0x3da0a6f9294fd9fb9ea125092de493ce56dd11eec51f6980946a9da79c201030,zest-v2,SP1A27KFY4XERQCCRCARCYD1CC5N7M6688BSYADJ7.v0-7-market,supply-collateral-add,SP3SEXMGJ2CX2RBV7DNHKV7FAWDZJ47ZVAEZKWY2P,2026-08-20T08:31:23Z,26,120,94,success,(ok u17689436093),ok,
2026-08-20T08:32:59Z,8806824,0xb2998a4da5b545d59c741a6dcfbc7cbf7b0f91653e1e1c84d1a41b6eef22ef69,zest-v2,SP1A27KFY4XERQCCRCARCYD1CC5N7M6688BSYADJ7.v0-7-market,borrow,SP3SEXMGJ2CX2RBV7DNHKV7FAWDZJ47ZVAEZKWY2P,2026-08-20T08:32:26Z,33,120,87,success,(ok true),ok,
2026-08-20T08:34:45Z,8806831,0xe0e48f9689b15146f70f638ae75052aacca31565d1e96658e6a6c9dbeeebb2d7,zest-v2,SP1A27KFY4XERQCCRCARCYD1CC5N7M6688BSYADJ7.v0-7-market,supply-collateral-add,SP3SEXMGJ2CX2RBV7DNHKV7FAWDZJ47ZVAEZKWY2P,2026-08-20T08:34:28Z,17,120,103,success,(ok u19857265914),ok,
2026-08-20T08:35:25Z,8806835,0xadfd392c6fddf75bfd4f684ce1416ee5fbb425f9fd9dffe12c206f7966309a91,zest-v2,SP1A27KFY4XERQCCRCARCYD1CC5N7M6688BSYADJ7.v0-7-market,borrow,SP3SEXMGJ2CX2RBV7DNHKV7FAWDZJ47ZVAEZKWY2P,2026-08-20T08:35:20Z,5,120,115,success,(ok true),ok,
2026-08-20T08:38:26Z,8806847,0xfc7be48fe5432f9da36739bb410a2a10f601a06891fdf073f3c7210c696cb2fa,zest-v2,SP1A27KFY4XERQCCRCARCYD1CC5N7M6688BSYADJ7.v0-7-market,borrow,SP3SEXMGJ2CX2RBV7DNHKV7FAWDZJ47ZVAEZKWY2P,2026-08-20T08:38:18Z,8,120,112,success,(ok true),ok,
2026-08-20T08:40:32Z,8806855,0x90f5d5fa8a677b8c6bdd441f15bcc531312f3b8af76e943983769808f132e3ea,zest-v2,SP1A27KFY4XERQCCRCARCYD1CC5N7M6688BSYADJ7.v0-7-market,supply-collateral-add,SP3SEXMGJ2CX2RBV7DNHKV7FAWDZJ47ZVAEZKWY2P,2026-08-20T08:40:16Z,16,120,104,success,(ok u21607556497),ok,
2026-08-20T08:41:27Z,8806859,0xc0862ff59b867c651cd7290c8dcc0ad45dd59a83703efa7d66cc7b105515fcca,zest-v2,SP1A27KFY4XERQCCRCARCYD1CC5N7M6688BSYADJ7.v0-7-market,borrow,SP3SEXMGJ2CX2RBV7DNHKV7FAWDZJ47ZVAEZKWY2P,2026-08-20T08:41:01Z,26,120,94,success,(ok true),ok,
2026-08-20T08:43:43Z,8806867,0x801c80c9938f4b09fe1753b06f2f5f42a167629eb593c5d0ec2e503950298753,zest-v2,SP1A27KFY4XERQCCRCARCYD1CC5N7M6688BSYADJ7.v0-7-market,supply-collateral-add,SP3SEXMGJ2CX2RBV7DNHKV7FAWDZJ47ZVAEZKWY2P,2026-08-20T08:43:40Z,3,120,117,success,(ok u23016224085),ok,
2026-08-20T08:44:24Z,8806870,0xac743656de746254cdc4781746063e7a0141524516ccc4104a807cf279d89879,zest-v2,SP1A27KFY4XERQCCRCARCYD1CC5N7M6688BSYADJ7.v0-7-market,borrow,SP3SEXMGJ2CX2RBV7DNHKV7FAWDZJ47ZVAEZKWY2P,2026-08-20T08:44:07Z,17,120,103,success,(ok true),ok,
2026-08-20T08:45:55Z,8806877,0x7754bd936e86c27d37db69e2202b0d7aaa252bdcb8d7bed74ae28b8407db69f7,zest-v2,SP1A27KFY4XERQCCRCARCYD1CC5N7M6688BSYADJ7.v0-7-market,supply-collateral-add,SP3SEXMGJ2CX2RBV7DNHKV7FAWDZJ47ZVAEZKWY2P,2026-08-20T08:45:47Z,8,120,112,success,(ok u24154967337),ok,
2026-08-20T08:46:40Z,8806880,0xd02446538b657cffdaee731f2cad2115b37fef68757fe7c2dc847a63dd8fb16a,zest-v2,SP1A27KFY4XERQCCRCARCYD1CC5N7M6688BSYADJ7.v0-7-market,borrow,SP3SEXMGJ2CX2RBV7DNHKV7FAWDZJ47ZVAEZKWY2P,2026-08-20T08:46:34Z,6,120,114,success,(ok true),ok,
2026-08-20T08:47:57Z,8806886,0xd6698e7d7e7799910251e8f999a91a9dfde9164f48046f070d11bc032fba9efe,zest-v2,SP1A27KFY4XERQCCRCARCYD1CC5N7M6688BSYADJ7.v0-7-market,supply-collateral-add,SP3SEXMGJ2CX2RBV7DNHKV7FAWDZJ47ZVAEZKWY2P,2026-08-20T08:47:49Z,8,120,112,success,(ok u25074492602),ok,
2026-08-20T08:52:37Z,8806904,0x271324133685487bcb4f2be72a096d8be7064926008f18d7bb3e04be11dab27a,zest-v2,SP1A27KFY4XERQCCRCARCYD1CC5N7M6688BSYADJ7.v0-7-market,borrow,SP7FK90J99KBY7NG66WE2H2PZ4VHMCXD05700JEB,2026-08-20T08:52:05Z,32,120,88,success,(ok true),ok,
2026-08-20T09:16:00Z,8807006,0x7d000acfe0d3a8a266dbdc60a08d6d62e96a7eb97e5a8b804f56f9284e5132ae,zest-v2,SP1A27KFY4XERQCCRCARCYD1CC5N7M6688BSYADJ7.v0-7-market,supply-collateral-add,SP1MZ5N6YCQ5BFHK4N9NFGXG2K4N53BQ0MFXAKAC1,2026-08-20T09:15:55Z,5,120,115,success,(ok u72960338),ok,
2026-08-20T09:16:23Z,8807007,0xe2f02e30999b3c47c636c372567b3d1777161bfcd4e9ab73a64e99a171597fcd,zest-v1,SP2VCQJGH7PHP2DJK7Z0V48AGBHQAW3R3ZW1QF4N.borrow-helper-v2-1-8,liquidation-call,SPP6CG3E4VKDGC1NW7AQMMHCD6053152X9DNT12C,2026-08-20T09:16:01Z,22,360,338,success,(ok u0),ok,
2026-08-20T09:16:23Z,8807007,0x20ee0b1273057c7fcd1f6ed27f74d3ddef4516a9201e5d1adcd362842ec53587,zest-v1,SP2VCQJGH7PHP2DJK7Z0V48AGBHQAW3R3ZW1QF4N.borrow-helper-v2-1-8,liquidation-call,SPP6CG3E4VKDGC1NW7AQMMHCD6053152X9DNT12C,2026-08-20T09:16:01Z,22,360,338,abort_by_response,(err u90000),revert:non-oracle,
2026-08-20T09:16:23Z,8807007,0xca4d036c2a3d86723db42f5a02aa68f1acbde94f6f0fa8d205e269d34f4a1271,zest-v1,SP2VCQJGH7PHP2DJK7Z0V48AGBHQAW3R3ZW1QF4N.borrow-helper-v2-1-8,liquidation-call,SPP6CG3E4VKDGC1NW7AQMMHCD6053152X9DNT12C,2026-08-20T09:16:01Z,22,360,338,abort_by_response,(err u90000),revert:non-oracle,
2026-08-20T09:16:45Z,8807009,0xd75d41ecae76b91e9cf7cf9b5237caa6dc1a3d87d371eeab75bb67e420f250e4,zest-v2,SP1A27KFY4XERQCCRCARCYD1CC5N7M6688BSYADJ7.v0-7-market,borrow,SP1MZ5N6YCQ5BFHK4N9NFGXG2K4N53BQ0MFXAKAC1,2026-08-20T09:16:31Z,14,120,106,success,(ok true),ok,
2026-08-20T09:25:17Z,8807047,0x54cf0c9fc8734bfb1042ee3ec0255eb699f441817abacb7a22b23c200c7408fc,zest-v2,SP1A27KFY4XERQCCRCARCYD1CC5N7M6688BSYADJ7.v0-7-market,collateral-remove-redeem,SP2ZPWEFVM5YQ0J03AC6FT7J1JP4EVQGHR356NDH5,2026-08-20T09:24:52Z,25,120,95,success,(ok u13371796),ok,
2026-08-20T10:15:13Z,8807271,0x43fb47e4261214544975058b955c4b9e5a6626ddc44311a2712fe8b91ff9c843,zest-v2,SP1A27KFY4XERQCCRCARCYD1CC5N7M6688BSYADJ7.v0-7-market,collateral-remove-redeem,SP28M9DGNGEBAFX1G41DHDNYX0E6JSKR0CFDZ12SS,2026-08-20T10:14:37Z,36,120,84,success,(ok u60000040),ok,
2026-08-20T10:16:51Z,8807277,0xe31b8011d795db8b774b09f94ee34f30d43c127a08099310b3d7c0e593fa84e9,zest-v2,SP1A27KFY4XERQCCRCARCYD1CC5N7M6688BSYADJ7.v0-7-market,supply-collateral-add,SP3RNAZMADES3GWQZTZ53M5XCWCXMQXXP1KWM75X4,2026-08-20T10:16:37Z,14,120,106,success,(ok u39978266),ok,
2026-08-20T10:17:55Z,8807280,0x8d270480aca4aee42e0aba48c1349c7ba93596249c4f8ab25f9159fab5c15a97,zest-v2,SP1A27KFY4XERQCCRCARCYD1CC5N7M6688BSYADJ7.v0-7-market,borrow,SP3RNAZMADES3GWQZTZ53M5XCWCXMQXXP1KWM75X4,2026-08-20T10:17:43Z,12,120,108,success,(ok true),ok,
2026-08-20T10:37:58Z,8807375,0x4d3e13372b12e4fa0ad326d1c2e98135a92f0c7aa70478829d9603ebcf6309fd,zest-v1,SP2VCQJGH7PHP2DJK7Z0V48AGBHQAW3R3ZW1QF4N.borrow-helper-v2-1-8,withdraw,SP3R3ADEPVQFR7BPXMAQR2KBVRKM19N1JCQHFCA31,2026-08-20T10:37:45Z,13,360,347,success,(ok true),ok,
2026-08-20T11:11:12Z,8807523,0x528810035806e6b94eb840722a99787f4de0e76f5c48203b6773c58c937fa56c,zest-v2,SP1A27KFY4XERQCCRCARCYD1CC5N7M6688BSYADJ7.v0-7-market,collateral-remove-redeem,SPCE87V29VDPEAS925YMV2VG3CMBHY0BXKB08NA4,2026-08-20T11:11:03Z,9,120,111,success,(ok u13891067),ok,
2026-08-20T11:44:30Z,8807669,0x1b4fb09ab9ba3c76a815126b3fff0db17845fe180c01986c374ff547b46c14db,zest-v2,SP1A27KFY4XERQCCRCARCYD1CC5N7M6688BSYADJ7.v0-7-market,borrow,SP25SJZ2KDZMZY4MJNE9QNP41XRKKFWXYHN82SZSN,2026-08-20T11:44:05Z,25,120,95,success,(ok true),ok,
2026-08-20T11:50:55Z,8807700,0x5239acd0a62a82025169650862dc56ce134f3016ed974452f91b1d552ba12115,zest-v2,SP1A27KFY4XERQCCRCARCYD1CC5N7M6688BSYADJ7.v0-7-market,supply-collateral-add,SP3BQJKHGAX1GGSN5XYAVJKXEX9QZ413J21TYW1P9,2026-08-20T11:50:41Z,14,120,106,success,(ok u13775923),ok,
2026-08-20T12:13:05Z,8807817,0x91e2861612a25ef5df10b04941b0ab68c7d60c915b801b12661d63c810a7f7f7,zest-v2,SP1A27KFY4XERQCCRCARCYD1CC5N7M6688BSYADJ7.v0-7-market,borrow,SP25SJZ2KDZMZY4MJNE9QNP41XRKKFWXYHN82SZSN,2026-08-20T12:12:36Z,29,120,91,success,(ok true),ok,
2026-08-20T12:27:09Z,8807884,0xaab8be3ac15654c6ecba69fb090c2a57ae787e4e442efad7bd6d4f2097eeab95,zest-v2,SP1A27KFY4XERQCCRCARCYD1CC5N7M6688BSYADJ7.v0-7-market,borrow,SP25SJZ2KDZMZY4MJNE9QNP41XRKKFWXYHN82SZSN,2026-08-20T12:26:47Z,22,120,98,success,(ok true),ok,
2026-08-20T13:06:40Z,8808082,0x0bef68040eac8467a3c297ab32349dd0436f09fbaec34b535723a8b60982d810,zest-v2,SP1A27KFY4XERQCCRCARCYD1CC5N7M6688BSYADJ7.v0-7-market,borrow,SP25SJZ2KDZMZY4MJNE9QNP41XRKKFWXYHN82SZSN,2026-08-20T13:05:55Z,45,120,75,success,(ok true),ok,
2026-08-20T13:25:55Z,8808158,0x4080feb6be2ba519788962b3d95e3a0c52524413e728cebbac4c701f7099511c,zest-v2,SP1A27KFY4XERQCCRCARCYD1CC5N7M6688BSYADJ7.v0-7-market,collateral-remove-redeem,SP3RNAZMADES3GWQZTZ53M5XCWCXMQXXP1KWM75X4,2026-08-20T13:25:39Z,16,120,104,success,(ok u39999999),ok,
2026-08-20T13:48:03Z,8808244,0x828e033426546b421d19cd12e1bf9ae1b316a0064eff1ff57d7865bb180364f2,zest-v2,SP1A27KFY4XERQCCRCARCYD1CC5N7M6688BSYADJ7.v0-7-market,borrow,SP2PKX3NAER3T40ECAYAVZESCGA42B6BP50K6ENKM,2026-08-20T13:47:18Z,45,120,75,success,(ok true),ok,
2026-08-20T14:40:42Z,8808443,0x5d258955a6e294d481120b4b7bb94db9d9ff0331b06163e4d3b8b33a9faf2c5a,zest-v2,SP1A27KFY4XERQCCRCARCYD1CC5N7M6688BSYADJ7.v0-7-market,borrow,SPCDCWBEZ9ZEK49BNMDE2MDMJ0E01W02H9SA4TVZ,2026-08-20T14:40:09Z,33,120,87,abort_by_post_condition,(err u400005),revert:non-oracle,
2026-08-20T14:41:15Z,8808445,0xca22de4140b4c73dce4e1e6f21b420f9d7d61ac4b0af6c81ae13bcf9c3bd911a,zest-v2,SP1A27KFY4XERQCCRCARCYD1CC5N7M6688BSYADJ7.v0-7-market,borrow,SPCDCWBEZ9ZEK49BNMDE2MDMJ0E01W02H9SA4TVZ,2026-08-20T14:41:09Z,6,120,114,success,(ok true),ok,
2026-08-20T14:42:43Z,8808451,0xae0232d8345b609f2b035a52f3a48e222ca1b44cd230130df210d7b2270a156d,zest-v2,SP1A27KFY4XERQCCRCARCYD1CC5N7M6688BSYADJ7.v0-7-market,supply-collateral-add,SPBZ4377CWDXB6VCBRGMP20JPSQEE2RD3BS703BV,2026-08-20T14:42:23Z,20,120,100,success,(ok u1138760),ok,
2026-08-20T15:33:25Z,8808673,0x00cea4dd78df06647ce83fd9a39af6826c96658ef2f309ee1840e688a487b95b,zest-v2,SP1A27KFY4XERQCCRCARCYD1CC5N7M6688BSYADJ7.v0-7-market,supply-collateral-add,SPT50F6JRN4ZM11E5FS0RZ9MZ1B8JMWQ8Q1BKHE6,2026-08-20T15:33:08Z,17,120,103,success,(ok u139243288),ok,
2026-08-20T15:41:59Z,8808704,0x59a492ffdea773ceb5e21b86e4443fd324c5ced747c994be97e6e68a1c7d0c1e,zest-v2,SP1A27KFY4XERQCCRCARCYD1CC5N7M6688BSYADJ7.v0-7-market,supply-collateral-add,SP2X7D44FKYJNPTY3M99V7CMTKYDA4YPVY9TBDJQ8,2026-08-20T15:41:35Z,24,120,96,success,(ok u5753851379),ok,
2026-08-20T15:50:46Z,8808740,0x6a3fdd5470adbe49d5d58b45a162ec5b42c90cea912f1459f056e85b270bba1e,zest-v1,SP2VCQJGH7PHP2DJK7Z0V48AGBHQAW3R3ZW1QF4N.borrow-helper-v2-1-8,liquidation-call,SPP6CG3E4VKDGC1NW7AQMMHCD6053152X9DNT12C,2026-08-20T15:50:36Z,10,360,350,abort_by_response,(err u90000),revert:non-oracle,
2026-08-20T15:50:46Z,8808740,0x92d39e0574a62367990947ad3bc3f33887390bae22bb97e9571ec6f56b88cf03,zest-v1,SP2VCQJGH7PHP2DJK7Z0V48AGBHQAW3R3ZW1QF4N.borrow-helper-v2-1-8,liquidation-call,SPP6CG3E4VKDGC1NW7AQMMHCD6053152X9DNT12C,2026-08-20T15:50:36Z,10,360,350,abort_by_response,(err u90000),revert:non-oracle,
2026-08-20T15:50:46Z,8808740,0xd9bba761e897eb1f7290de867d3d3ee59162e69ba71ae183499661ee64d93ed8,zest-v1,SP2VCQJGH7PHP2DJK7Z0V48AGBHQAW3R3ZW1QF4N.borrow-helper-v2-1-8,liquidation-call,SPP6CG3E4VKDGC1NW7AQMMHCD6053152X9DNT12C,2026-08-20T15:50:36Z,10,360,350,abort_by_response,(err u90000),revert:non-oracle,
2026-08-20T15:50:46Z,8808740,0xdaa188b3d6e31a58de5577111caa716ed5a8bac74f4c51979307a4d5ced7f40f,zest-v1,SP2VCQJGH7PHP2DJK7Z0V48AGBHQAW3R3ZW1QF4N.borrow-helper-v2-1-8,liquidation-call,SPP6CG3E4VKDGC1NW7AQMMHCD6053152X9DNT12C,2026-08-20T15:50:36Z,10,360,350,abort_by_response,(err u90000),revert:non-oracle,
2026-08-20T15:50:46Z,8808740,0x120c9b77a97eeb6619a2e8be44eb607669a3a18cc69faf8a538b3733ecda912f,zest-v1,SP2VCQJGH7PHP2DJK7Z0V48AGBHQAW3R3ZW1QF4N.borrow-helper-v2-1-8,liquidation-call,SPP6CG3E4VKDGC1NW7AQMMHCD6053152X9DNT12C,2026-08-20T15:50:36Z,10,360,350,abort_by_response,(err u90000),revert:non-oracle,
2026-08-20T15:50:46Z,8808740,0x53ff16b041065044a4aad54e34750bfad3c7fdb5d8a5b8a942bfd3e3f26b4fa5,zest-v1,SP2VCQJGH7PHP2DJK7Z0V48AGBHQAW3R3ZW1QF4N.borrow-helper-v2-1-8,liquidation-call,SPP6CG3E4VKDGC1NW7AQMMHCD6053152X9DNT12C,2026-08-20T15:50:36Z,10,360,350,abort_by_response,(err u90000),revert:non-oracle,
2026-08-20T16:16:09Z,8808880,0x0abbf41ac966a080bfe9bf47a53292c48ad8bc18da8b6c19dc643bafdca745d9,zest-v1,SP2VCQJGH7PHP2DJK7Z0V48AGBHQAW3R3ZW1QF4N.borrow-helper-v2-1-8,liquidation-call,SPP6CG3E4VKDGC1NW7AQMMHCD6053152X9DNT12C,2026-08-20T16:15:49Z,20,360,340,success,(ok u0),ok,
2026-08-20T16:16:09Z,8808880,0xf3a0b89cfc1901b073c77648617cb40898bd576e4adb65f43141c8c856b71552,zest-v1,SP2VCQJGH7PHP2DJK7Z0V48AGBHQAW3R3ZW1QF4N.borrow-helper-v2-1-8,liquidation-call,SPP6CG3E4VKDGC1NW7AQMMHCD6053152X9DNT12C,2026-08-20T16:15:49Z,20,360,340,success,(ok u0),ok,
2026-08-20T16:16:09Z,8808880,0x78e4deb5d862bef4713e9c67c8b916339b62eba88e2140741568b79aa3112bc9,zest-v1,SP2VCQJGH7PHP2DJK7Z0V48AGBHQAW3R3ZW1QF4N.borrow-helper-v2-1-8,liquidation-call,SPP6CG3E4VKDGC1NW7AQMMHCD6053152X9DNT12C,2026-08-20T16:15:49Z,20,360,340,success,(ok u0),ok,
2026-08-20T16:16:09Z,8808880,0x3146ee4cc14d1c214e4d11142146d880778f024a90e6d7429c6815788ec341fb,zest-v1,SP2VCQJGH7PHP2DJK7Z0V48AGBHQAW3R3ZW1QF4N.borrow-helper-v2-1-8,liquidation-call,SPP6CG3E4VKDGC1NW7AQMMHCD6053152X9DNT12C,2026-08-20T16:15:49Z,20,360,340,abort_by_response,(err u90000),revert:non-oracle,
2026-08-20T16:16:09Z,8808880,0x0ad9ff2a010453afac4237bad0d93c391c521639fe1c057e2089fab73e21b974,zest-v1,SP2VCQJGH7PHP2DJK7Z0V48AGBHQAW3R3ZW1QF4N.borrow-helper-v2-1-8,liquidation-call,SPP6CG3E4VKDGC1NW7AQMMHCD6053152X9DNT12C,2026-08-20T16:15:49Z,20,360,340,success,(ok u0),ok,
2026-08-20T16:16:09Z,8808880,0x8642e041dcd3dbf650dd92d23533cb6fcbef4eb1c2f344d140a58ffcb67a6774,zest-v1,SP2VCQJGH7PHP2DJK7Z0V48AGBHQAW3R3ZW1QF4N.borrow-helper-v2-1-8,liquidation-call,SPP6CG3E4VKDGC1NW7AQMMHCD6053152X9DNT12C,2026-08-20T16:15:49Z,20,360,340,success,(ok u0),ok,
2026-08-20T16:16:09Z,8808880,0x56267fa7bd494d16b0823143f960babab4798814f0172012b715f5f40abf399f,zest-v1,SP2VCQJGH7PHP2DJK7Z0V48AGBHQAW3R3ZW1QF4N.borrow-helper-v2-1-8,liquidation-call,SPP6CG3E4VKDGC1NW7AQMMHCD6053152X9DNT12C,2026-08-20T16:15:49Z,20,360,340,success,(ok u0),ok,
2026-08-20T16:19:51Z,8808901,0x7b8202f63ef1a230f2dc0a4bf8d13d382775a1d805663bd0cff6aae64dfb5ea5,zest-v1,SP2VCQJGH7PHP2DJK7Z0V48AGBHQAW3R3ZW1QF4N.borrow-helper-v2-1-8,liquidation-call,SPP6CG3E4VKDGC1NW7AQMMHCD6053152X9DNT12C,2026-08-20T16:19:39Z,12,360,348,abort_by_response,(err u90000),revert:non-oracle,
2026-08-20T16:19:51Z,8808901,0xfe4d569b967ce1983f354ab92db9d9434c58aae79d93f3f6bd8c02cd176afb98,zest-v1,SP2VCQJGH7PHP2DJK7Z0V48AGBHQAW3R3ZW1QF4N.borrow-helper-v2-1-8,liquidation-call,SPP6CG3E4VKDGC1NW7AQMMHCD6053152X9DNT12C,2026-08-20T16:19:39Z,12,360,348,abort_by_response,(err u90000),revert:non-oracle,
2026-08-20T16:19:51Z,8808901,0xa89e8981aeb5f60516737ccf0ab020ca4158d8a446b186b2a54aeafc7e1f39d2,zest-v1,SP2VCQJGH7PHP2DJK7Z0V48AGBHQAW3R3ZW1QF4N.borrow-helper-v2-1-8,liquidation-call,SPP6CG3E4VKDGC1NW7AQMMHCD6053152X9DNT12C,2026-08-20T16:19:39Z,12,360,348,abort_by_response,(err u90000),revert:non-oracle,
2026-08-20T16:19:51Z,8808901,0x493c96bb08e2505cd46040b604208c871b743e441c06a307ca28847e43c5af1b,zest-v1,SP2VCQJGH7PHP2DJK7Z0V48AGBHQAW3R3ZW1QF4N.borrow-helper-v2-1-8,liquidation-call,SPP6CG3E4VKDGC1NW7AQMMHCD6053152X9DNT12C,2026-08-20T16:19:39Z,12,360,348,abort_by_response,(err u90000),revert:non-oracle,
2026-08-20T16:19:51Z,8808901,0x93e7654c383b8d73ad6170e7613b099de2192f673a15f02123dc86c5688b1b0d,zest-v1,SP2VCQJGH7PHP2DJK7Z0V48AGBHQAW3R3ZW1QF4N.borrow-helper-v2-1-8,liquidation-call,SPP6CG3E4VKDGC1NW7AQMMHCD6053152X9DNT12C,2026-08-20T16:19:39Z,12,360,348,success,(ok u0),ok,
2026-08-20T16:19:51Z,8808901,0xa01161403e68e892f452c9cd1dac7da9a63b062e9c88bdac8a2411fb75463c00,zest-v1,SP2VCQJGH7PHP2DJK7Z0V48AGBHQAW3R3ZW1QF4N.borrow-helper-v2-1-8,liquidation-call,SPP6CG3E4VKDGC1NW7AQMMHCD6053152X9DNT12C,2026-08-20T16:19:39Z,12,360,348,abort_by_response,(err u90000),revert:non-oracle,
2026-08-20T16:19:51Z,8808901,0x31a24537546eaa7e9f05748ff1ecbf02012e94708bc3036ba9041a4302d497a9,zest-v1,SP2VCQJGH7PHP2DJK7Z0V48AGBHQAW3R3ZW1QF4N.borrow-helper-v2-1-8,liquidation-call,SPP6CG3E4VKDGC1NW7AQMMHCD6053152X9DNT12C,2026-08-20T16:19:39Z,12,360,348,abort_by_response,(err u90000),revert:non-oracle,
2026-08-20T16:22:51Z,8808917,0xa03f29ce4f8cc1a6ffe0b2b98533c095e6b1ee7a33e93a16d68bf51dcef1f3c1,zest-v2,SP1A27KFY4XERQCCRCARCYD1CC5N7M6688BSYADJ7.v0-7-market,supply-collateral-add,SP2ZM1KNQNS96RM1MAJTZV7WE7F38GFGRND4E80DW,2026-08-20T16:22:37Z,14,120,106,success,(ok u155381462),ok,
2026-08-20T16:26:34Z,8808938,0xcb31a60d98ff52151ee7992bb610c11cca45759db24e31d1c056c93e8950f670,zest-v2,SP1A27KFY4XERQCCRCARCYD1CC5N7M6688BSYADJ7.v0-7-market,supply-collateral-add,SP2ZM1KNQNS96RM1MAJTZV7WE7F38GFGRND4E80DW,2026-08-20T16:25:56Z,38,120,82,success,(ok u155382856),ok,
2026-08-20T16:27:21Z,8808942,0x11db796318beb5b6dbf699140e898c427788d0a63dc81fe993a6667068587f02,zest-v2,SP1A27KFY4XERQCCRCARCYD1CC5N7M6688BSYADJ7.v0-7-market,borrow,SP2ZM1KNQNS96RM1MAJTZV7WE7F38GFGRND4E80DW,2026-08-20T16:26:59Z,22,120,98,success,(ok true),ok,
2026-08-20T16:28:24Z,8808949,0x338da9be404e9ac438a6842ae31e00a0b7a678813be494c934ce7eb8b0c5ca46,zest-v2,SP1A27KFY4XERQCCRCARCYD1CC5N7M6688BSYADJ7.v0-7-market,supply-collateral-add,SP2ZM1KNQNS96RM1MAJTZV7WE7F38GFGRND4E80DW,2026-08-20T16:28:04Z,20,120,100,success,(ok u155401454),ok,
2026-08-20T16:31:03Z,8808967,0x8c18686b54d9337db18c72b0fa6748d50d6cd2cc9e14de73dfe0787550aef1bf,zest-v2,SP1A27KFY4XERQCCRCARCYD1CC5N7M6688BSYADJ7.v0-7-market,borrow,SP2ZM1KNQNS96RM1MAJTZV7WE7F38GFGRND4E80DW,2026-08-20T16:30:44Z,19,120,101,success,(ok true),ok,
2026-08-20T16:34:38Z,8808989,0x958abd69ef9c363c122f414a58abf7bca2cef4aff934980fcad1c0dd813bbf79,zest-v1,SP2VCQJGH7PHP2DJK7Z0V48AGBHQAW3R3ZW1QF4N.borrow-helper-v2-1-8,liquidation-call,SPP6CG3E4VKDGC1NW7AQMMHCD6053152X9DNT12C,2026-08-20T16:34:13Z,25,360,335,success,(ok u0),ok,
2026-08-20T16:40:55Z,8809015,0x677f821c4075b4b50893e25febcf4c6163b884c66e16140c806e69cf817d0cb2,zest-v1,SP2VCQJGH7PHP2DJK7Z0V48AGBHQAW3R3ZW1QF4N.borrow-helper-v2-1-8,liquidation-call,SPP6CG3E4VKDGC1NW7AQMMHCD6053152X9DNT12C,2026-08-20T16:40:13Z,42,360,318,abort_by_response,(err u90000),revert:non-oracle,
2026-08-20T16:45:15Z,8809031,0x52a51d5d73ba62c8171d0afdb019bb6361fc0155c91c96dc4fd15dc47ef7f734,zest-v2,SP1A27KFY4XERQCCRCARCYD1CC5N7M6688BSYADJ7.v0-7-market,borrow,SP2ZM1KNQNS96RM1MAJTZV7WE7F38GFGRND4E80DW,2026-08-20T16:44:44Z,31,120,89,success,(ok true),ok,
2026-08-20T16:50:17Z,8809049,0xefaf3aa94ef5d709e2ad647673823549c56d96fc88aec749169281493cdce6d9,zest-v1,SP2VCQJGH7PHP2DJK7Z0V48AGBHQAW3R3ZW1QF4N.borrow-helper-v2-1-8,liquidation-call,SPP6CG3E4VKDGC1NW7AQMMHCD6053152X9DNT12C,2026-08-20T16:49:55Z,22,360,338,success,(ok u0),ok,
2026-08-20T16:53:44Z,8809061,0x0d18b10afcc45ee06c2c4431f58953e14765bee117c82c29090214cb7d8f4279,zest-v1,SP2VCQJGH7PHP2DJK7Z0V48AGBHQAW3R3ZW1QF4N.borrow-helper-v2-1-8,liquidation-call,SPP6CG3E4VKDGC1NW7AQMMHCD6053152X9DNT12C,2026-08-20T16:53:25Z,19,360,341,success,(ok u0),ok,
2026-08-20T16:54:43Z,8809065,0x030c452a098febd5f9713ebf54f8d824705206d56b391677c0c9734d8fa8e5d4,zest-v1,SP2VCQJGH7PHP2DJK7Z0V48AGBHQAW3R3ZW1QF4N.borrow-helper-v2-1-8,liquidation-call,SPP6CG3E4VKDGC1NW7AQMMHCD6053152X9DNT12C,2026-08-20T16:54:12Z,31,360,329,success,(ok u0),ok,
2026-08-20T16:55:11Z,8809066,0x44662020260482cedddf9d4598477ecfd35728095ec4cff3c243727e44349032,zest-v1,SP2VCQJGH7PHP2DJK7Z0V48AGBHQAW3R3ZW1QF4N.borrow-helper-v2-1-8,liquidation-call,SPP6CG3E4VKDGC1NW7AQMMHCD6053152X9DNT12C,2026-08-20T16:54:12Z,59,360,301,success,(ok u0),ok,
2026-08-20T16:55:11Z,8809066,0x8f65e21ddf0b09b7d7cd471c34d1f68154ce6d9248ee07e48cbbd4c41e682e1e,zest-v1,SP2VCQJGH7PHP2DJK7Z0V48AGBHQAW3R3ZW1QF4N.borrow-helper-v2-1-8,liquidation-call,SPP6CG3E4VKDGC1NW7AQMMHCD6053152X9DNT12C,2026-08-20T16:54:12Z,59,360,301,success,(ok u0),ok,
2026-08-20T16:57:58Z,8809078,0x00becc7c26dfce038d023d579daaa28ffb6ea5796e1a7d594468dd7de4aa7557,zest-v2,SP1A27KFY4XERQCCRCARCYD1CC5N7M6688BSYADJ7.v0-7-market,supply-collateral-add,SP1NMRRSJM9Y6DCNT6FJ6A56WB6901H1KSJ2PQD58,2026-08-20T16:57:43Z,15,120,105,success,(ok u103130125005),ok,
2026-08-20T17:00:44Z,8809090,0xeffd0509e7b90d8aa5702ccde5a1ac1820510568c475ab59bf02e2ca271d608e,zest-v1,SP2VCQJGH7PHP2DJK7Z0V48AGBHQAW3R3ZW1QF4N.borrow-helper-v2-1-8,liquidation-call,SPP6CG3E4VKDGC1NW7AQMMHCD6053152X9DNT12C,2026-08-20T17:00:26Z,18,360,342,abort_by_response,(err u1),revert:non-oracle,
2026-08-20T17:11:25Z,8809122,0xea5a8af925583397a03eae1e665e9af7e9c1b075024317e59d011077a632af40,zest-v1,SP2VCQJGH7PHP2DJK7Z0V48AGBHQAW3R3ZW1QF4N.borrow-helper-v2-1-8,liquidation-call,SPP6CG3E4VKDGC1NW7AQMMHCD6053152X9DNT12C,2026-08-20T17:11:06Z,19,360,341,success,(ok u0),ok,
2026-08-20T17:11:52Z,8809123,0x8ae4affd03b38eed8bde5f2e68a60c16ef339fb2d3bd87bd97af4aa775802850,zest-v1,SP2VCQJGH7PHP2DJK7Z0V48AGBHQAW3R3ZW1QF4N.borrow-helper-v2-1-8,liquidation-call,SPP6CG3E4VKDGC1NW7AQMMHCD6053152X9DNT12C,2026-08-20T17:11:06Z,46,360,314,success,(ok u0),ok,
2026-08-20T17:12:08Z,8809124,0x2ef3ea38a6b5c82c7557a29b8d7ddb6fe223c5f2c94474712599328779305e19,zest-v1,SP2VCQJGH7PHP2DJK7Z0V48AGBHQAW3R3ZW1QF4N.borrow-helper-v2-1-8,liquidation-call,SPP6CG3E4VKDGC1NW7AQMMHCD6053152X9DNT12C,2026-08-20T17:11:06Z,62,360,298,success,(ok u0),ok,
2026-08-20T17:12:08Z,8809124,0xfd4e0af726fc4acb2cdbdaedd214b06c2d651d0539662d21d7ed8b7d309dc3a8,zest-v1,SP2VCQJGH7PHP2DJK7Z0V48AGBHQAW3R3ZW1QF4N.borrow-helper-v2-1-8,liquidation-call,SPP6CG3E4VKDGC1NW7AQMMHCD6053152X9DNT12C,2026-08-20T17:11:06Z,62,360,298,success,(ok u0),ok,
2026-08-20T17:12:08Z,8809124,0x50cd177378cf6a216a8c80255aac7e782d0a8cf99aaa8a60f90f8a58e431b314,zest-v1,SP2VCQJGH7PHP2DJK7Z0V48AGBHQAW3R3ZW1QF4N.borrow-helper-v2-1-8,liquidation-call,SPP6CG3E4VKDGC1NW7AQMMHCD6053152X9DNT12C,2026-08-20T17:11:06Z,62,360,298,success,(ok u0),ok,
2026-08-20T17:12:08Z,8809124,0xb900f854f39dc93caa7fc40e3c676dac461465aec031122d2e395bcf84bc03ff,zest-v1,SP2VCQJGH7PHP2DJK7Z0V48AGBHQAW3R3ZW1QF4N.borrow-helper-v2-1-8,liquidation-call,SPP6CG3E4VKDGC1NW7AQMMHCD6053152X9DNT12C,2026-08-20T17:11:06Z,62,360,298,success,(ok u0),ok,
2026-08-20T17:12:08Z,8809124,0xf1202794bcaf4992d30ea7832f92dd91238ae499890d9d1473c7e7c4c20e1fdc,zest-v1,SP2VCQJGH7PHP2DJK7Z0V48AGBHQAW3R3ZW1QF4N.borrow-helper-v2-1-8,liquidation-call,SPP6CG3E4VKDGC1NW7AQMMHCD6053152X9DNT12C,2026-08-20T17:11:06Z,62,360,298,success,(ok u0),ok,
2026-08-20T17:12:08Z,8809124,0x320f57bdeb886c59a940e991a5eee4cfc0d1fc1e533aaf70b0f9e4f36aaa2e94,zest-v1,SP2VCQJGH7PHP2DJK7Z0V48AGBHQAW3R3ZW1QF4N.borrow-helper-v2-1-8,liquidation-call,SPP6CG3E4VKDGC1NW7AQMMHCD6053152X9DNT12C,2026-08-20T17:11:06Z,62,360,298,success,(ok u0),ok,
2026-08-20T17:12:31Z,8809125,0x70519ea06bb7fe0236ed1751680bd7a5fcd8b888fdd88e037e64958c0e3578a5,zest-v1,SP2VCQJGH7PHP2DJK7Z0V48AGBHQAW3R3ZW1QF4N.borrow-helper-v2-1-8,liquidation-call,SPP6CG3E4VKDGC1NW7AQMMHCD6053152X9DNT12C,2026-08-20T17:11:06Z,85,360,275,success,(ok u0),ok,
2026-08-20T17:13:13Z,8809127,0x9d1eb8959f87d16cc3e9125b7026eb15410ac875c659d820ef4309a2a6749026,zest-v1,SP2VCQJGH7PHP2DJK7Z0V48AGBHQAW3R3ZW1QF4N.borrow-helper-v2-1-8,liquidation-call,SPP6CG3E4VKDGC1NW7AQMMHCD6053152X9DNT12C,2026-08-20T17:11:06Z,127,360,233,success,(ok u0),ok,
2026-08-20T17:13:13Z,8809127,0xf1831cacab4cc0492ce279c17466f50e6090fd311079678db4d013e4c0c7e4bc,zest-v1,SP2VCQJGH7PHP2DJK7Z0V48AGBHQAW3R3ZW1QF4N.borrow-helper-v2-1-8,liquidation-call,SPP6CG3E4VKDGC1NW7AQMMHCD6053152X9DNT12C,2026-08-20T17:11:06Z,127,360,233,success,(ok u0),ok,
2026-08-20T17:16:14Z,8809136,0x0a489183e1a1f4589d0e4b19fcda8c52c2128fa1988a79f4262f4c1c17da8251,zest-v2,SP1A27KFY4XERQCCRCARCYD1CC5N7M6688BSYADJ7.v0-7-market,collateral-remove-redeem,SP2YDN29A6QTJNSJ3H2MH041MD15VN9W2Z3949MM8,2026-08-20T17:15:41Z,33,120,87,success,(ok u1001212022),ok,
2026-08-20T17:18:14Z,8809144,0x7b3ff6b99fc9e1a1547b597a862058fe891cc3e0ce530ebdd470777aa6f268fd,zest-v2,SP1A27KFY4XERQCCRCARCYD1CC5N7M6688BSYADJ7.v0-7-market,borrow,SP3WAAYXPC6WZNEC7SHGR36D32RJPZVXRR1BG0QSY,2026-08-20T17:17:48Z,26,120,94,success,(ok true),ok,
2026-08-20T17:23:26Z,8809160,0x6d93027ef618316152aa3fbdf9f75d1e54146d3197d6f248b843ff08f068cdbc,zest-v1,SP2VCQJGH7PHP2DJK7Z0V48AGBHQAW3R3ZW1QF4N.borrow-helper-v2-1-8,liquidation-call,SPP6CG3E4VKDGC1NW7AQMMHCD6053152X9DNT12C,2026-08-20T17:23:12Z,14,360,346,success,(ok u0),ok,
2026-08-20T17:23:26Z,8809160,0x09e4c2de07f0742038186a03c56a44079f99d3fa7986251f25f708859690dc7b,zest-v1,SP2VCQJGH7PHP2DJK7Z0V48AGBHQAW3R3ZW1QF4N.borrow-helper-v2-1-8,liquidation-call,SPP6CG3E4VKDGC1NW7AQMMHCD6053152X9DNT12C,2026-08-20T17:23:12Z,14,360,346,abort_by_response,(err u90000),revert:non-oracle,
2026-08-20T17:23:26Z,8809160,0x55b5fd725cf91ac5806e8401983639c57949d44418512e64f80d066634fb6869,zest-v1,SP2VCQJGH7PHP2DJK7Z0V48AGBHQAW3R3ZW1QF4N.borrow-helper-v2-1-8,liquidation-call,SPP6CG3E4VKDGC1NW7AQMMHCD6053152X9DNT12C,2026-08-20T17:23:12Z,14,360,346,success,(ok u0),ok,
2026-08-20T17:23:26Z,8809160,0x917f105f30deadc78b762339047e4fb202f49cc0aaace0658017e1feabea2f29,zest-v1,SP2VCQJGH7PHP2DJK7Z0V48AGBHQAW3R3ZW1QF4N.borrow-helper-v2-1-8,liquidation-call,SPP6CG3E4VKDGC1NW7AQMMHCD6053152X9DNT12C,2026-08-20T17:23:12Z,14,360,346,success,(ok u0),ok,
2026-08-20T17:23:26Z,8809160,0xf2b0414d655a077cb0f8ec5c8225e6d14f453618675008b04461b8e5944151c2,zest-v1,SP2VCQJGH7PHP2DJK7Z0V48AGBHQAW3R3ZW1QF4N.borrow-helper-v2-1-8,liquidation-call,SPP6CG3E4VKDGC1NW7AQMMHCD6053152X9DNT12C,2026-08-20T17:23:12Z,14,360,346,success,(ok u0),ok,
2026-08-20T17:23:41Z,8809161,0x62598e2d6874ad273e1e408c03c4a88089c76ac552044989bd13da3a9c892894,zest-v1,SP2VCQJGH7PHP2DJK7Z0V48AGBHQAW3R3ZW1QF4N.borrow-helper-v2-1-8,liquidation-call,SPP6CG3E4VKDGC1NW7AQMMHCD6053152X9DNT12C,2026-08-20T17:23:12Z,29,360,331,success,(ok u0),ok,
2026-08-20T17:29:44Z,8809183,0x2695aefa5cb768d89bf7f28beb18658e965b4221c70a91ce6dfac64233153b45,zest-v2,SP1A27KFY4XERQCCRCARCYD1CC5N7M6688BSYADJ7.v0-7-market,collateral-remove-redeem,SP1JYP07Q505ZRJ5AFSTS7CSMG6B63PX3PW4MKBEN,2026-08-20T17:29:01Z,43,120,77,success,(ok u486018744),ok,
2026-08-20T18:22:40Z,8809475,0x6950406e2ac66b70a84ee4d587551dce9205b6fd1250258092815c1d2a285657,zest-v1,SP2VCQJGH7PHP2DJK7Z0V48AGBHQAW3R3ZW1QF4N.borrow-helper-v2-1-8,withdraw,SP3HCTTV10YPAF98YJAC6S4TNYXJ2H9HXKCDEQT40,2026-08-20T18:22:33Z,7,360,353,success,(ok true),ok,
2026-08-20T18:31:39Z,8809528,0x1484542e42791f4ce9cb5a97cc98986aa33fba825ff5a3b2320f37819863a510,zest-v2,SP1A27KFY4XERQCCRCARCYD1CC5N7M6688BSYADJ7.v0-7-market,collateral-remove-redeem,SP2ZPWEFVM5YQ0J03AC6FT7J1JP4EVQGHR356NDH5,2026-08-20T18:30:44Z,55,120,65,success,(ok u16877222),ok,
2026-08-20T18:33:39Z,8809539,0xe7e38e499ad06aed66f9e2bc8ab647bea7d7a89546cfce2daf25ad5cde8b41bd,zest-v2,SP1A27KFY4XERQCCRCARCYD1CC5N7M6688BSYADJ7.v0-7-market,collateral-remove-redeem,SP2ZPWEFVM5YQ0J03AC6FT7J1JP4EVQGHR356NDH5,2026-08-20T18:33:28Z,11,120,109,success,(ok u5833240),ok,
2026-08-20T18:36:08Z,8809552,0xa39c4dd805a2ab2219622890e19025f84eef143158bba0a1a7ef9941775ab058,zest-v1,SP2VCQJGH7PHP2DJK7Z0V48AGBHQAW3R3ZW1QF4N.borrow-helper-v2-1-8,withdraw,SP3HCTTV10YPAF98YJAC6S4TNYXJ2H9HXKCDEQT40,2026-08-20T18:35:59Z,9,360,351,abort_by_post_condition,(err u30018),revert:non-oracle,
2026-08-20T18:37:12Z,8809558,0x7e5875937baaaa7a2518f2cbe0cbcdf2ac4dd03eeadc0d7ba70bfc170a07df41,zest-v1,SP2VCQJGH7PHP2DJK7Z0V48AGBHQAW3R3ZW1QF4N.borrow-helper-v2-1-8,withdraw,SP3HCTTV10YPAF98YJAC6S4TNYXJ2H9HXKCDEQT40,2026-08-20T18:37:06Z,6,360,354,abort_by_post_condition,(err u30018),revert:non-oracle,
2026-08-20T18:39:00Z,8809566,0xb7e0a9a5ecf3b8821082e6138481022edb0885bfd73eb715a0c21d78a1172ca9,zest-v1,SP2VCQJGH7PHP2DJK7Z0V48AGBHQAW3R3ZW1QF4N.borrow-helper-v2-1-8,withdraw,SP3HCTTV10YPAF98YJAC6S4TNYXJ2H9HXKCDEQT40,2026-08-20T18:38:43Z,17,360,343,abort_by_post_condition,(err u6001),oracle-revert:other,monotonic / cache-order
2026-08-20T18:39:00Z,8809566,0x8109906dc3e9e80028d1734e4d7376e37e79ec49f1cec82c69d890b205ccc4e0,zest-v1,SP2VCQJGH7PHP2DJK7Z0V48AGBHQAW3R3ZW1QF4N.borrow-helper-v2-1-8,withdraw,SP3HCTTV10YPAF98YJAC6S4TNYXJ2H9HXKCDEQT40,2026-08-20T18:38:45Z,15,360,345,success,(ok true),ok,
2026-08-20T19:58:25Z,8809964,0x2da181aeb20415fc71f70477414152ff4dbfda2d461384394238d6c16bcad22f,zest-v2,SP1A27KFY4XERQCCRCARCYD1CC5N7M6688BSYADJ7.v0-7-market,borrow,SP2ZM1KNQNS96RM1MAJTZV7WE7F38GFGRND4E80DW,2026-08-20T19:57:23Z,62,120,58,success,(ok true),ok,
2026-08-20T20:10:46Z,8810029,0xa9f0ce0b01c4c90ced5a5152179b4407bd09f1e7ec26fa4b67330476b94a9d6d,zest-v1,SP2VCQJGH7PHP2DJK7Z0V48AGBHQAW3R3ZW1QF4N.borrow-helper-v2-1-8,withdraw,SP3HCTTV10YPAF98YJAC6S4TNYXJ2H9HXKCDEQT40,2026-08-20T20:09:41Z,65,360,295,success,(ok true),ok,
2026-08-20T20:11:13Z,8810031,0x6ce41102b9c564a602d420a4d35ee2ff0aca27fd4e922a7dbe6836200d8fadb7,zest-v1,SP2VCQJGH7PHP2DJK7Z0V48AGBHQAW3R3ZW1QF4N.borrow-helper-v2-1-8,withdraw,SP3HCTTV10YPAF98YJAC6S4TNYXJ2H9HXKCDEQT40,2026-08-20T20:11:03Z,10,360,350,abort_by_post_condition,(err u30018),revert:non-oracle,
2026-08-20T20:11:27Z,8810032,0x91ba98d70862d083831c7291e7910f60ab7bb4bbf23196ab4a1136d2876b3b64,zest-v2,SP1A27KFY4XERQCCRCARCYD1CC5N7M6688BSYADJ7.v0-7-market,supply-collateral-add,SP2ZM1KNQNS96RM1MAJTZV7WE7F38GFGRND4E80DW,2026-08-20T20:11:12Z,15,120,105,success,(ok u156322225),ok,
2026-08-20T20:18:23Z,8810071,0x49fcc49d67ac4f86281ccbb64c1d3bb501fa5fda1b24bdea4a9e3f89d01dad81,zest-v1,SP2VCQJGH7PHP2DJK7Z0V48AGBHQAW3R3ZW1QF4N.borrow-helper-v2-1-8,withdraw,SP3HCTTV10YPAF98YJAC6S4TNYXJ2H9HXKCDEQT40,2026-08-20T20:18:13Z,10,360,350,abort_by_post_condition,(err u30018),revert:non-oracle,
2026-08-20T20:18:33Z,8810072,0x73992c7453c643c745d7a58e0c19e046828bc513e11d2a6ef9277526e2bee4b1,zest-v1,SP2VCQJGH7PHP2DJK7Z0V48AGBHQAW3R3ZW1QF4N.borrow-helper-v2-1-8,withdraw,SP3HCTTV10YPAF98YJAC6S4TNYXJ2H9HXKCDEQT40,2026-08-20T20:18:27Z,6,360,354,success,(ok true),ok,
2026-08-20T20:18:55Z,8810074,0x4115f36338053412d7e376d03ace3696c62268f469392c2825fe7a0e8fa85d3b,zest-v1,SP2VCQJGH7PHP2DJK7Z0V48AGBHQAW3R3ZW1QF4N.borrow-helper-v2-1-8,withdraw,SP3HCTTV10YPAF98YJAC6S4TNYXJ2H9HXKCDEQT40,2026-08-20T20:18:29Z,26,360,334,success,(ok true),ok,
2026-08-20T20:20:01Z,8810080,0x6c02168672e9ea6092c9ad17bd343b75d9b3105f5b9d7d0613165c8347a57904,zest-v1,SP2VCQJGH7PHP2DJK7Z0V48AGBHQAW3R3ZW1QF4N.borrow-helper-v2-1-8,withdraw,SP3HCTTV10YPAF98YJAC6S4TNYXJ2H9HXKCDEQT40,2026-08-20T20:19:47Z,14,360,346,abort_by_post_condition,(err u30018),revert:non-oracle,
2026-08-20T20:20:12Z,8810081,0x1012bde89c9c6e829c340f4c67899a6e65d1eadabfc3ea8ba70b687328b47b70,zest-v1,SP2VCQJGH7PHP2DJK7Z0V48AGBHQAW3R3ZW1QF4N.borrow-helper-v2-1-8,withdraw,SP3HCTTV10YPAF98YJAC6S4TNYXJ2H9HXKCDEQT40,2026-08-20T20:19:58Z,14,360,346,success,(ok true),ok,
2026-08-20T20:20:12Z,8810081,0x182356b3020e4f51ab2041855b8660a87eca3f675c3594c144618e0fd83505be,zest-v1,SP2VCQJGH7PHP2DJK7Z0V48AGBHQAW3R3ZW1QF4N.borrow-helper-v2-1-8,withdraw,SP3HCTTV10YPAF98YJAC6S4TNYXJ2H9HXKCDEQT40,2026-08-20T20:19:47Z,25,360,335,abort_by_post_condition,(err u30018),revert:non-oracle,
2026-08-20T20:20:22Z,8810082,0xe8ea126e3d442b73b4c8452192917018b1aa137257597c3d69d40059682ae538,zest-v1,SP2VCQJGH7PHP2DJK7Z0V48AGBHQAW3R3ZW1QF4N.borrow-helper-v2-1-8,withdraw,SP3HCTTV10YPAF98YJAC6S4TNYXJ2H9HXKCDEQT40,2026-08-20T20:20:06Z,16,360,344,abort_by_post_condition,(err u30018),revert:non-oracle,
2026-08-20T20:28:07Z,8810115,0xf7203216feba8ba8aec8a06722e5adeeddfa6eb647065aee64682fc3ec56efb2,zest-v1,SP2VCQJGH7PHP2DJK7Z0V48AGBHQAW3R3ZW1QF4N.borrow-helper-v2-1-8,withdraw,SP3HCTTV10YPAF98YJAC6S4TNYXJ2H9HXKCDEQT40,2026-08-20T20:27:54Z,13,360,347,abort_by_post_condition,(err u30018),revert:non-oracle,
2026-08-20T20:28:33Z,8810117,0x17876855250a0ab6cc3369752c7dd56ed60d0e1cca46bf60c0337fa3d310e2ce,zest-v1,SP2VCQJGH7PHP2DJK7Z0V48AGBHQAW3R3ZW1QF4N.borrow-helper-v2-1-8,withdraw,SP3HCTTV10YPAF98YJAC6S4TNYXJ2H9HXKCDEQT40,2026-08-20T20:28:17Z,16,360,344,abort_by_post_condition,(err u30018),revert:non-oracle,
2026-08-20T20:28:33Z,8810117,0x3e56e0957011998bb4a5ec5df607a2103133d7106468b50ae0d16a0345083dd1,zest-v1,SP2VCQJGH7PHP2DJK7Z0V48AGBHQAW3R3ZW1QF4N.borrow-helper-v2-1-8,withdraw,SP3HCTTV10YPAF98YJAC6S4TNYXJ2H9HXKCDEQT40,2026-08-20T20:28:06Z,27,360,333,abort_by_post_condition,(err u30018),revert:non-oracle,
2026-08-20T20:28:43Z,8810118,0xd3969d80baeca064267f57498b182b60b79fcde5df488b52cfd2935af3edc5e2,zest-v1,SP2VCQJGH7PHP2DJK7Z0V48AGBHQAW3R3ZW1QF4N.borrow-helper-v2-1-8,withdraw,SP3HCTTV10YPAF98YJAC6S4TNYXJ2H9HXKCDEQT40,2026-08-20T20:28:34Z,9,360,351,abort_by_post_condition,(err u30018),revert:non-oracle,
2026-08-20T20:29:28Z,8810121,0x1c050907cacd4800602c1121305a89fa21aa6e696ba303238e2abf3fbce40daa,zest-v1,SP2VCQJGH7PHP2DJK7Z0V48AGBHQAW3R3ZW1QF4N.borrow-helper-v2-1-8,withdraw,SP3HCTTV10YPAF98YJAC6S4TNYXJ2H9HXKCDEQT40,2026-08-20T20:28:55Z,33,360,327,success,(ok true),ok,
2026-08-20T20:29:28Z,8810121,0xdedc56547eadfedd984d96c455150b378dc010adee390e637267c5e8f907d6a3,zest-v1,SP2VCQJGH7PHP2DJK7Z0V48AGBHQAW3R3ZW1QF4N.borrow-helper-v2-1-8,withdraw,SP3HCTTV10YPAF98YJAC6S4TNYXJ2H9HXKCDEQT40,2026-08-20T20:28:51Z,37,360,323,success,(ok true),ok,
2026-08-20T20:29:39Z,8810122,0x1a20b88ba69ca74bc02638b854f27ae4ef3683378c305717803c07bd808e400e,zest-v1,SP2VCQJGH7PHP2DJK7Z0V48AGBHQAW3R3ZW1QF4N.borrow-helper-v2-1-8,withdraw,SP3HCTTV10YPAF98YJAC6S4TNYXJ2H9HXKCDEQT40,2026-08-20T20:29:21Z,18,360,342,abort_by_post_condition,(err u30018),revert:non-oracle,
2026-08-20T20:30:05Z,8810124,0x574a4c8ba6a07347ca5706c3cb8b61335decc6ebd29f3506a10e52525553b5c3,zest-v2,SP1A27KFY4XERQCCRCARCYD1CC5N7M6688BSYADJ7.v0-7-market,collateral-remove-redeem,SP38MBQFTBD9NMXXSVGZ1TMQKV4ARACMA8FXPAT9P,2026-08-20T20:29:48Z,17,120,103,success,(ok u452600094),ok,
2026-08-20T20:36:40Z,8810156,0x1a579be982380ff13a15daa018794b471fa49977ff6ced0e6a14fc09074ca999,zest-v1,SP2VCQJGH7PHP2DJK7Z0V48AGBHQAW3R3ZW1QF4N.borrow-helper-v2-1-8,withdraw,SP3HCTTV10YPAF98YJAC6S4TNYXJ2H9HXKCDEQT40,2026-08-20T20:36:32Z,8,360,352,abort_by_post_condition,(err u30018),revert:non-oracle,
2026-08-20T20:37:15Z,8810159,0x9f6fded8f9d390477eb08b9792a8f94c17c0ae324c3045821396716742c6f89b,zest-v1,SP2VCQJGH7PHP2DJK7Z0V48AGBHQAW3R3ZW1QF4N.borrow-helper-v2-1-8,withdraw,SP3HCTTV10YPAF98YJAC6S4TNYXJ2H9HXKCDEQT40,2026-08-20T20:37:05Z,10,360,350,abort_by_post_condition,(err u30018),revert:non-oracle,
2026-08-20T20:37:48Z,8810162,0x6de00d4d3f752893633452e9d2311d580144cd3875a2940959fa164896f8d3ef,zest-v1,SP2VCQJGH7PHP2DJK7Z0V48AGBHQAW3R3ZW1QF4N.borrow-helper-v2-1-8,withdraw,SP3HCTTV10YPAF98YJAC6S4TNYXJ2H9HXKCDEQT40,2026-08-20T20:37:42Z,6,360,354,success,(ok true),ok,
2026-08-20T20:38:39Z,8810167,0x7fe3583561c50b4344a7e00fc9e66dc640c682947896aced46481eac06254820,zest-v1,SP2VCQJGH7PHP2DJK7Z0V48AGBHQAW3R3ZW1QF4N.borrow-helper-v2-1-8,withdraw,SP3HCTTV10YPAF98YJAC6S4TNYXJ2H9HXKCDEQT40,2026-08-20T20:38:30Z,9,360,351,abort_by_post_condition,(err u30018),revert:non-oracle,
2026-08-20T20:39:55Z,8810175,0x1b4ff17231ac6e513700953cc7ef9eb6a4329221d3dbf28ab0e6ca526424641d,zest-v1,SP2VCQJGH7PHP2DJK7Z0V48AGBHQAW3R3ZW1QF4N.borrow-helper-v2-1-8,withdraw,SP3HCTTV10YPAF98YJAC6S4TNYXJ2H9HXKCDEQT40,2026-08-20T20:39:47Z,8,360,352,abort_by_post_condition,(err u30018),revert:non-oracle,
2026-08-20T20:40:06Z,8810176,0xfb9fffbbcea02fd377343b248c12060b91e8c721a9303e9f53ac666e26ba4646,zest-v1,SP2VCQJGH7PHP2DJK7Z0V48AGBHQAW3R3ZW1QF4N.borrow-helper-v2-1-8,withdraw,SP3HCTTV10YPAF98YJAC6S4TNYXJ2H9HXKCDEQT40,2026-08-20T20:39:49Z,17,360,343,abort_by_post_condition,(err u30018),revert:non-oracle,
2026-08-20T20:40:29Z,8810178,0x2f0011baa1448eba3668b0c41e5ea68e716efb1c1df596c2dcd8cb451e1b19a7,zest-v2,SP1A27KFY4XERQCCRCARCYD1CC5N7M6688BSYADJ7.v0-7-market,supply-collateral-add,SP2ZM1KNQNS96RM1MAJTZV7WE7F38GFGRND4E80DW,2026-08-20T20:40:00Z,29,120,91,success,(ok u156379047),ok,
2026-08-20T21:15:23Z,8810346,0xee2e20c3ba857407365d8a9fb843dc967d94bd03ab0e5a7df5f567aa461121f4,zest-v2,SP1A27KFY4XERQCCRCARCYD1CC5N7M6688BSYADJ7.v0-7-market,borrow,SP1E0FWX3Q5PRZRHW9A205YBXMRX7YYS14CDN8RA7,2026-08-20T21:14:24Z,59,120,61,success,(ok true),ok,
2026-08-20T21:18:24Z,8810358,0x007830e79e231358dc27f220c63ca1a527530ff880a1bae797fda22763393202,zest-v2,SP1A27KFY4XERQCCRCARCYD1CC5N7M6688BSYADJ7.v0-7-market,borrow,SP202X1VHZMN5S90T44N7SSQ496PYQD66XCPA7BNK,2026-08-20T21:17:20Z,64,120,56,success,(ok true),ok,
2026-08-20T21:20:26Z,8810367,0xa7bc97dd2ba21a0b493552ea37742d302d06ff7094c4ff852ecc57d01fe28c7d,zest-v2,SP1A27KFY4XERQCCRCARCYD1CC5N7M6688BSYADJ7.v0-7-market,borrow,SP1G3NMPBE5Z0CRDY47F64EZ9Q9M34EN7BN1NARZZ,2026-08-20T21:19:42Z,44,120,76,success,(ok true),ok,
2026-08-20T21:28:12Z,8810396,0xc7659fbdd9e652370cc413ff8813c5f2f7da0983915f3fdd0672793bc27ab935,zest-v2,SP1A27KFY4XERQCCRCARCYD1CC5N7M6688BSYADJ7.v0-7-market,collateral-remove-redeem,SP1NMRRSJM9Y6DCNT6FJ6A56WB6901H1KSJ2PQD58,2026-08-20T21:27:39Z,33,120,87,success,(ok u26000020664),ok,
2026-08-20T21:40:31Z,8810447,0x1ec5bbe15787fab0554e7820285d293de2cc33462e6aa00bece1b5a5391dc3e1,zest-v2,SP1A27KFY4XERQCCRCARCYD1CC5N7M6688BSYADJ7.v0-7-market,supply-collateral-add,SP3KPRN53ZGD45B3WRTDMZZEHBJSFQ8AKN9RE6FKS,2026-08-20T21:39:35Z,56,120,64,success,(ok u338895858009),ok,
2026-08-20T21:46:03Z,8810466,0x0c23c1f7e9cc5437e1a0317c33ebb182e9b2ffa03e4178f4c8692a1765755ab9,zest-v2,SP1A27KFY4XERQCCRCARCYD1CC5N7M6688BSYADJ7.v0-7-market,borrow,SP14YFFWP15FJCYRFY6Z0JN71QMMXZYS4CY25HVR2,2026-08-20T21:45:41Z,22,120,98,success,(ok true),ok,
2026-08-20T21:48:17Z,8810472,0x265ad7102433e1591f66f27c5d83986040fa7fda136dd0e503389cfa39215e42,zest-v2,SP1A27KFY4XERQCCRCARCYD1CC5N7M6688BSYADJ7.v0-7-market,borrow,SP10GK6MG2GM7BCVYV7XBHK1JVJDHFDMNBENNBRC3,2026-08-20T21:47:18Z,59,120,61,success,(ok true),ok,
2026-08-20T21:50:50Z,8810481,0x7b90383274e7d268d128565dba0a3097ee6265c9351769aa1dc7ec10cfd26c19,zest-v2,SP1A27KFY4XERQCCRCARCYD1CC5N7M6688BSYADJ7.v0-7-market,supply-collateral-add,SP1NMRRSJM9Y6DCNT6FJ6A56WB6901H1KSJ2PQD58,2026-08-20T21:50:25Z,25,120,95,success,(ok u80329626470),ok,
2026-08-20T21:52:41Z,8810488,0xfd64f57fd2d005fd8bfd0e3d9e0416678d2769f1c57a54a4ec238aa07d1e9284,granite-usdcx,SP3M2BYF7RGF8WKW5FVDNJ6WR8D7AR9BHDXAKPXZE.state-v1,borrow,SPWEA3BQ1KRXGDGGTN5W8TDKHGZWGMAWTNN4QNWT,2026-08-20T21:51:12Z,89,300,211,success,(ok true),ok,
2026-08-20T22:16:26Z,8810578,0xd738b870d54d5e96e4b956e17cbd3ae5ee183388a09fb8b003c1ad57660aca57,zest-v2,SP1A27KFY4XERQCCRCARCYD1CC5N7M6688BSYADJ7.v0-7-market,borrow,SPWH7ERBH90XFXQWXV1E5HVSMGBPGF8A8T5BYNBW,2026-08-20T22:15:31Z,55,120,65,success,(ok true),ok,
2026-08-20T22:19:31Z,8810590,0x1f6fc5a378483e43ca0fb8b51f2dc0a64ea5b35d07b7e329a790a760169d3521,granite-usdcx,SP3M2BYF7RGF8WKW5FVDNJ6WR8D7AR9BHDXAKPXZE.state-v1,borrow,SP3QXCV3CDV124V6XXJN1HXY3KXCSG30P9XFT3ZSK,2026-08-20T22:18:20Z,71,300,229,success,(ok true),ok,
2026-08-20T22:21:19Z,8810598,0x9a406e13aaa45f7aeb1ef6720ef81e12c38c13b6cfaa5844f55386ad269b0571,granite-usdcx,SP3M2BYF7RGF8WKW5FVDNJ6WR8D7AR9BHDXAKPXZE.state-v1,borrow,SP17MRV60MP61BRP9QJC92GHV1PQYDCE5KH99AEHQ,2026-08-20T22:20:20Z,59,300,241,success,(ok true),ok,
2026-08-20T23:15:16Z,8810816,0x9913431ec519c9b8030536ebaeed62f410f9a40229b201f96851cd845f220c04,zest-v2,SP1A27KFY4XERQCCRCARCYD1CC5N7M6688BSYADJ7.v0-7-market,supply-collateral-add,SP1JNG2J533ZKN8GZY8VPEJ3PA9JFS7BR9HX7TS4,2026-08-20T23:14:59Z,17,120,103,success,(ok u1193280737),ok,
2026-08-20T23:28:42Z,8810870,0xa962b070bf746ce4846a033dd481dc2eaae556db83195005493fde253ebb69a8,zest-v2,SP1A27KFY4XERQCCRCARCYD1CC5N7M6688BSYADJ7.v0-7-market,supply-collateral-add,SP10B4KJ16AFGCYH7BQKEQ39G1SRYCHVP3XBRPK65,2026-08-20T23:27:54Z,48,120,72,success,(ok u20152),ok,
2026-08-20T23:33:40Z,8810890,0xa83910e249deaf7b9ef6ccd0cf88948d79734af35c0810a4c62f60227eb868c1,zest-v2,SP1A27KFY4XERQCCRCARCYD1CC5N7M6688BSYADJ7.v0-7-market,supply-collateral-add,SP2ZM1KNQNS96RM1MAJTZV7WE7F38GFGRND4E80DW,2026-08-20T23:33:27Z,13,120,107,success,(ok u156420099),ok,
2026-08-20T23:37:45Z,8810904,0x05e4e4eb8ecb0de7ae8bc8bbb3def523bcca7ed24ef5a07e8cabebf8b91492b9,zest-v2,SP1A27KFY4XERQCCRCARCYD1CC5N7M6688BSYADJ7.v0-7-market,supply-collateral-add,SP2ZM1KNQNS96RM1MAJTZV7WE7F38GFGRND4E80DW,2026-08-20T23:37:23Z,22,120,98,success,(ok u156461335),ok,
2026-08-21T00:27:31Z,8811086,0xe39215ee566fd5d7995502641cd07833b574f3b7fe86968ed2fb13a8f15749a9,zest-v2,SP1A27KFY4XERQCCRCARCYD1CC5N7M6688BSYADJ7.v0-7-market,collateral-remove-redeem,SP1MZ5N6YCQ5BFHK4N9NFGXG2K4N53BQ0MFXAKAC1,2026-08-21T00:27:26Z,5,120,115,success,(ok u23999999),ok,
2026-08-21T00:29:42Z,8811094,0x5e2b8c909ecf84751c385f43bf5f28f35e80aca342e08d026b5613c87869da76,zest-v2,SP1A27KFY4XERQCCRCARCYD1CC5N7M6688BSYADJ7.v0-7-market,supply-collateral-add,SP34M22KZDV4TYQZEAM10XC96TZR1G5W75FRHG3KA,2026-08-21T00:29:24Z,18,120,102,success,(ok u4121430),ok,
2026-08-21T00:52:17Z,8811199,0x1da0128f9adac75b2ebb955cbab49bfa5f39e9cb48cf5a592cd485ef651fd50c,zest-v2,SP1A27KFY4XERQCCRCARCYD1CC5N7M6688BSYADJ7.v0-7-market,supply-collateral-add,SP1JYP07Q505ZRJ5AFSTS7CSMG6B63PX3PW4MKBEN,2026-08-21T00:51:50Z,27,120,93,success,(ok u486018744),ok,
2026-08-21T00:57:53Z,8811221,0x05843a2094262ec0450d58e9d92152ba526b394e06f8a463e1ab081c02d12e1e,zest-v2,SP1A27KFY4XERQCCRCARCYD1CC5N7M6688BSYADJ7.v0-7-market,supply-collateral-add,SP2X7D44FKYJNPTY3M99V7CMTKYDA4YPVY9TBDJQ8,2026-08-21T00:57:30Z,23,120,97,success,(ok u7011297862),ok,
2026-08-21T01:03:02Z,8811247,0xa6d55d8e8139aff2056ced472b6cc55b63922d683e2d58cca14c962ae3a91dc5,zest-v2,SP1A27KFY4XERQCCRCARCYD1CC5N7M6688BSYADJ7.v0-7-market,supply-collateral-add,SP2ZM1KNQNS96RM1MAJTZV7WE7F38GFGRND4E80DW,2026-08-21T01:02:45Z,17,120,103,success,(ok u156556964),ok,
2026-08-21T01:23:59Z,8811365,0xa92c6e16f9b5bac66d7b5a89a4a9c24700ff8480c5b5ab97f6c8f7c3d819af49,zest-v2,SP1A27KFY4XERQCCRCARCYD1CC5N7M6688BSYADJ7.v0-7-market,supply-collateral-add,SP2ZM1KNQNS96RM1MAJTZV7WE7F38GFGRND4E80DW,2026-08-21T01:23:33Z,26,120,94,success,(ok u156611950),ok,
2026-08-21T01:26:49Z,8811381,0xe5c0f925f4f9c5d06fd6f09aad9fcd6fb9342abd0e6300a839437ce69ea7f80f,zest-v2,SP1A27KFY4XERQCCRCARCYD1CC5N7M6688BSYADJ7.v0-7-market,supply-collateral-add,SP2ZM1KNQNS96RM1MAJTZV7WE7F38GFGRND4E80DW,2026-08-21T01:26:21Z,28,120,92,success,(ok u156634922),ok,
2026-08-21T02:00:04Z,8811508,0x876e4ade9ec8dbb6c93fdd9e8a2f2df490adf5942b5c10cd4fd23f4bc3ee4898,zest-v2,SP1A27KFY4XERQCCRCARCYD1CC5N7M6688BSYADJ7.v0-7-market,borrow,SP1E0FWX3Q5PRZRHW9A205YBXMRX7YYS14CDN8RA7,2026-08-21T01:59:30Z,34,120,86,success,(ok true),ok,
2026-08-21T02:16:39Z,8811565,0xca3b6b580e3a092030fe74ae2a1671b690620aaec6b762f8f38dd843b07c5128,zest-v2,SP1A27KFY4XERQCCRCARCYD1CC5N7M6688BSYADJ7.v0-7-market,borrow,SPQ9HXJ0XJ84QXEZACDNAYE2C6T58WAYW6MG6N5Z,2026-08-21T02:16:01Z,38,120,82,success,(ok true),ok,
2026-08-21T02:23:45Z,8811590,0x520fb33879b723bd66930c35f336c7f30b1069a3fed34513e0246f8cf8ab208b,zest-v2,SP1A27KFY4XERQCCRCARCYD1CC5N7M6688BSYADJ7.v0-7-market,supply-collateral-add,SPQ9HXJ0XJ84QXEZACDNAYE2C6T58WAYW6MG6N5Z,2026-08-21T02:21:40Z,125,120,-5,success,(ok u8984662599),ok,
2026-08-21T02:23:45Z,8811590,0x45b48fd60acf69fe232e79590bc28815e07900c72ca807d39b6e5b5989f03291,zest-v2,SP1A27KFY4XERQCCRCARCYD1CC5N7M6688BSYADJ7.v0-7-market,collateral-remove-redeem,SP2ZM1KNQNS96RM1MAJTZV7WE7F38GFGRND4E80DW,2026-08-21T02:20:32Z,193,120,-73,success,(ok u21200000),ok,
2026-08-21T02:26:11Z,8811600,0xbc2151da96eccaee7a38dfd6b51c05cdce170c5d0538ca6172df38a01087e7b6,zest-v2,SP1A27KFY4XERQCCRCARCYD1CC5N7M6688BSYADJ7.v0-7-market,supply-collateral-add,SP2ZM1KNQNS96RM1MAJTZV7WE7F38GFGRND4E80DW,2026-08-21T02:25:58Z,13,120,107,success,(ok u136632916),ok,
2026-08-21T02:28:23Z,8811608,0x373d58d0ec5560f93475a29c692cd1f04b98bcb4b3cfee2ad910a78ba4fa5322,zest-v2,SP1A27KFY4XERQCCRCARCYD1CC5N7M6688BSYADJ7.v0-7-market,borrow,SP2ZM1KNQNS96RM1MAJTZV7WE7F38GFGRND4E80DW,2026-08-21T02:27:55Z,28,120,92,success,(ok true),ok,
2026-08-21T02:33:04Z,8811626,0x39bc15fd237cc023096fa5dbf40074832012b708efdca557613ce8f0c58dc716,zest-v2,SP1A27KFY4XERQCCRCARCYD1CC5N7M6688BSYADJ7.v0-7-market,collateral-remove-redeem,SP2ZM1KNQNS96RM1MAJTZV7WE7F38GFGRND4E80DW,2026-08-21T02:32:47Z,17,120,103,success,(ok u22143535),ok,
2026-08-21T02:34:16Z,8811629,0x429c2f1dea6b5773e5992f5dc5edec0548b78b6da3d11002afb8d527df661db5,zest-v2,SP1A27KFY4XERQCCRCARCYD1CC5N7M6688BSYADJ7.v0-7-market,supply-collateral-add,SP2ZM1KNQNS96RM1MAJTZV7WE7F38GFGRND4E80DW,2026-08-21T02:33:45Z,31,120,89,success,(ok u137067919),ok,
2026-08-21T02:36:02Z,8811636,0x06846b712dbbe31c36a1f5f14a63042e58c4f137df5630328ed0cedb8aee8b3e,zest-v2,SP1A27KFY4XERQCCRCARCYD1CC5N7M6688BSYADJ7.v0-7-market,borrow,SP2ZM1KNQNS96RM1MAJTZV7WE7F38GFGRND4E80DW,2026-08-21T02:35:44Z,18,120,102,success,(ok true),ok,
2026-08-21T02:37:22Z,8811644,0x51317a6cff2c4e447524cc615049971840235fcfbf573261a81f8ba2ca13f50a,zest-v2,SP1A27KFY4XERQCCRCARCYD1CC5N7M6688BSYADJ7.v0-7-market,supply-collateral-add,SP2ZM1KNQNS96RM1MAJTZV7WE7F38GFGRND4E80DW,2026-08-21T02:37:07Z,15,120,105,success,(ok u137354288),ok,
2026-08-21T04:06:46Z,8812033,0xa6b842303c38e8612dfd7c5459cc34fe2509cda01493def5ed8e51b9c7f3a71a,zest-v2,SP1A27KFY4XERQCCRCARCYD1CC5N7M6688BSYADJ7.v0-7-market,collateral-remove-redeem,SP1MZ5N6YCQ5BFHK4N9NFGXG2K4N53BQ0MFXAKAC1,2026-08-21T04:06:20Z,26,120,94,success,(ok u9685826),ok,
2026-08-21T05:06:16Z,8812283,0xd2691314c46361c1607fa17cb6810a686d8e256d9445befc6c21f233d361851f,zest-v2,SP1A27KFY4XERQCCRCARCYD1CC5N7M6688BSYADJ7.v0-7-market,supply-collateral-add,SP2ZM1KNQNS96RM1MAJTZV7WE7F38GFGRND4E80DW,2026-08-21T05:05:53Z,23,120,97,success,(ok u137391690),ok,
2026-08-21T05:10:42Z,8812302,0x7c1ae8541b28c6889d8ee2dd97153795aa688436efec12f431ecbf91387d7ce2,zest-v2,SP1A27KFY4XERQCCRCARCYD1CC5N7M6688BSYADJ7.v0-7-market,supply-collateral-add,SP2ZM1KNQNS96RM1MAJTZV7WE7F38GFGRND4E80DW,2026-08-21T05:10:01Z,41,120,79,success,(ok u137424959),ok,
2026-08-21T07:19:22Z,8812809,0x379b77d6f4396ed5d675d58b551a719b9710cf2314bc589265065ce310c04f6e,zest-v2,SP1A27KFY4XERQCCRCARCYD1CC5N7M6688BSYADJ7.v0-7-market,collateral-remove-redeem,SP22H4KA8XSCKTT39J8JJSJ8MYMGJW1WV21X3634C,2026-08-21T07:18:36Z,46,120,74,success,(ok u674982),ok,
2026-08-21T07:27:59Z,8812838,0xd1e0bfa4630015996b30e092d13e4e941d9afc0b008b6c94fc9ae875291c0d51,zest-v2,SP1A27KFY4XERQCCRCARCYD1CC5N7M6688BSYADJ7.v0-7-market,borrow,SP2R8C36A8KVBBWYC4ASD6V36S2E9VJ0FXWV2T4CP,2026-08-21T07:27:37Z,22,120,98,success,(ok true),ok,
2026-08-21T07:42:30Z,8812895,0xd48af59bbef6416664a764046add3bbaeeabbb889bca40bee67d7a0c998946d6,zest-v1,SP2VCQJGH7PHP2DJK7Z0V48AGBHQAW3R3ZW1QF4N.borrow-helper-v2-1-8,withdraw,SP3EEDX1CXXXQJPQSA1311PFRDG3W3BHTYXRY1K0K,2026-08-21T07:41:52Z,38,360,322,success,(ok true),ok,
2026-08-21T07:46:09Z,8812905,0x6b498a067612c115684e9fd1edec803a603dfd25518dff6a0e76416cf6920348,zest-v2,SP1A27KFY4XERQCCRCARCYD1CC5N7M6688BSYADJ7.v0-7-market,collateral-remove-redeem,SPCE87V29VDPEAS925YMV2VG3CMBHY0BXKB08NA4,2026-08-21T07:45:37Z,32,120,88,success,(ok u499999),ok,
2026-08-21T07:46:09Z,8812905,0xe45e404554771ced6453f65930dc5d2fcd2a3dbfdd99eac40a24f056425138da,zest-v2,SP1A27KFY4XERQCCRCARCYD1CC5N7M6688BSYADJ7.v0-7-market,collateral-remove,SP3XBCE7R73W9TPWSM3B1NYKHYY9P5K81HE0TWPRP,2026-08-21T07:45:33Z,36,120,84,success,(ok u0),ok,
2026-08-21T07:47:08Z,8812909,0x1f0edb41a6118aaf391a093c0a1fb4449dde029fe7d218bb665169f8bffd1562,zest-v2,SP1A27KFY4XERQCCRCARCYD1CC5N7M6688BSYADJ7.v0-7-market,collateral-add,SP3XBCE7R73W9TPWSM3B1NYKHYY9P5K81HE0TWPRP,2026-08-21T07:46:43Z,25,120,95,success,(ok u6695958800),ok,
2026-08-21T07:49:13Z,8812918,0x53b0af83b523886cd0c2b9d36e2e53e93898a3e3012bed99396ac0d24495d7a7,zest-v2,SP1A27KFY4XERQCCRCARCYD1CC5N7M6688BSYADJ7.v0-7-market,borrow,SP3XBCE7R73W9TPWSM3B1NYKHYY9P5K81HE0TWPRP,2026-08-21T07:48:47Z,26,120,94,success,(ok true),ok,
2026-08-21T07:53:05Z,8812935,0x82a21a5e7a0947526b1106a4b121178ebc3aded2164cdf5b077096a7e0ab5963,zest-v2,SP1A27KFY4XERQCCRCARCYD1CC5N7M6688BSYADJ7.v0-7-market,supply-collateral-add,SP3XBCE7R73W9TPWSM3B1NYKHYY9P5K81HE0TWPRP,2026-08-21T07:52:41Z,24,120,96,success,(ok u8045144480),ok,
2026-08-21T07:55:27Z,8812945,0xefd6fcd9eb067f71164f5fd005169bd8c0dd2eb4b0efdcdeca1e8521bd669b28,zest-v1,SP2VCQJGH7PHP2DJK7Z0V48AGBHQAW3R3ZW1QF4N.borrow-helper-v2-1-8,withdraw,SPV873HM0HVJ1AMJE81XH6TZHHVJE1G3RC4E6SRB,2026-08-21T07:54:38Z,49,360,311,success,(ok true),ok,
2026-08-21T08:21:54Z,8813077,0xa777ba95d161f47c3d5df655c8c2e03696cb2382208a4f40d51bb9e6c386fa92,zest-v2,SP1A27KFY4XERQCCRCARCYD1CC5N7M6688BSYADJ7.v0-7-market,borrow,SP1E0FWX3Q5PRZRHW9A205YBXMRX7YYS14CDN8RA7,2026-08-21T08:21:14Z,40,120,80,success,(ok true),ok,
2026-08-21T08:45:17Z,8813194,0x724ba8a079a5b8d90c0123571f64b552dd0161e5cd866d5f3d95a392c8f780c9,zest-v2,SP1A27KFY4XERQCCRCARCYD1CC5N7M6688BSYADJ7.v0-7-market,borrow,SP10GK6MG2GM7BCVYV7XBHK1JVJDHFDMNBENNBRC3,2026-08-21T08:44:37Z,40,120,80,success,(ok true),ok,
2026-08-21T08:49:56Z,8813219,0xb2d697042fd219405a237aec5a309efbfa96089132ff520ac2de217832840b5e,zest-v2,SP1A27KFY4XERQCCRCARCYD1CC5N7M6688BSYADJ7.v0-7-market,collateral-remove-redeem,SP19XT66MMJ80ZXYT371T364PP910E0KA5GE9X4T4,2026-08-21T08:49:36Z,20,120,100,success,(ok u21106377),ok,
2026-08-21T09:13:23Z,8813319,0x346790146233094f29f0783f137f92fb9b2b589423cd77d1c6fb8c1f189a8f4d,zest-v2,SP1A27KFY4XERQCCRCARCYD1CC5N7M6688BSYADJ7.v0-7-market,borrow,SP25SJZ2KDZMZY4MJNE9QNP41XRKKFWXYHN82SZSN,2026-08-21T09:12:55Z,28,120,92,success,(ok true),ok,
2026-08-21T09:56:29Z,8813526,0x6e50a9b9c907b61f99052531081f322135e833e8e69113c997f9764024a54559,zest-v2,SP1A27KFY4XERQCCRCARCYD1CC5N7M6688BSYADJ7.v0-7-market,collateral-remove-redeem,SPCE87V29VDPEAS925YMV2VG3CMBHY0BXKB08NA4,2026-08-21T09:56:15Z,14,120,106,success,(ok u500489),ok,
2026-08-21T10:09:53Z,8813589,0x0813fec639c1a3574ae976b844e7309126b7f4d84d09c50dd368f08a7af6a5c4,zest-v2,SP1A27KFY4XERQCCRCARCYD1CC5N7M6688BSYADJ7.v0-7-market,supply-collateral-add,SP3KPRN53ZGD45B3WRTDMZZEHBJSFQ8AKN9RE6FKS,2026-08-21T10:09:34Z,19,120,101,success,(ok u341960383495),ok,
2026-08-21T10:41:02Z,8813710,0x8bafece0fd06f0ba9d15fab68e0354ec80e5cf74ab8b88d1b911224826b0ffc4,zest-v2,SP1A27KFY4XERQCCRCARCYD1CC5N7M6688BSYADJ7.v0-7-market,borrow,SP25SJZ2KDZMZY4MJNE9QNP41XRKKFWXYHN82SZSN,2026-08-21T10:40:35Z,27,120,93,success,(ok true),ok,
2026-08-21T11:52:18Z,8814002,0x4aab1877a6ed67fe048a7a6741574f7120f64c603949886a51db44d539f822c2,zest-v2,SP1A27KFY4XERQCCRCARCYD1CC5N7M6688BSYADJ7.v0-7-market,collateral-remove-redeem,SP1MZ5N6YCQ5BFHK4N9NFGXG2K4N53BQ0MFXAKAC1,2026-08-21T11:52:08Z,10,120,110,success,(ok u23024385),ok,
2026-08-21T11:56:59Z,8814021,0x0b20e589aa71a25c85adb9310654f4880e4886b8ff7d4929e66a83218981e995,zest-v2,SP1A27KFY4XERQCCRCARCYD1CC5N7M6688BSYADJ7.v0-7-market,borrow,SP3B8CM9D78VFBQMRC54CKFGJS9QJWT12WS4JA0ZK,2026-08-21T11:56:06Z,53,120,67,success,(ok true),ok,
2026-08-21T12:09:57Z,8814072,0x75241d1f238652f0dfb2507829131a985866177e13a317fbaa23791f868939e0,zest-v2,SP1A27KFY4XERQCCRCARCYD1CC5N7M6688BSYADJ7.v0-7-market,borrow,SPCDCWBEZ9ZEK49BNMDE2MDMJ0E01W02H9SA4TVZ,2026-08-21T12:09:40Z,17,120,103,success,(ok true),ok,
2026-08-21T12:19:31Z,8814109,0xaf1dad5c260b21ceef5c1537a66f71c1c621ec8d2ff9760409bf6bb5edebf265,zest-v1,SP2VCQJGH7PHP2DJK7Z0V48AGBHQAW3R3ZW1QF4N.borrow-helper-v2-1-8,withdraw,SP8YQQPW6JP951HS8MWRKPZCH8Q0EEG502MFXQT5,2026-08-21T12:18:20Z,71,360,289,success,(ok true),ok,
2026-08-21T12:42:09Z,8814194,0x82af12d8af95ecd633803914d6b1985296daabd3cf579f35d04d151e616872cc,zest-v2,SP1A27KFY4XERQCCRCARCYD1CC5N7M6688BSYADJ7.v0-7-market,collateral-remove-redeem,SP2AEJ8041G8WW08S2XVB0D1WYJSB2Y6PBB05BF8P,2026-08-21T12:41:43Z,26,120,94,success,(ok u3000001266),ok,
2026-08-21T12:55:20Z,8814250,0x66dd851c1ad47c86a88d70dc052509dce4ec0fb9ae62ce923760379d4405bfb4,zest-v2,SP1A27KFY4XERQCCRCARCYD1CC5N7M6688BSYADJ7.v0-7-market,borrow,SP25SJZ2KDZMZY4MJNE9QNP41XRKKFWXYHN82SZSN,2026-08-21T12:54:43Z,37,120,83,success,(ok true),ok,
2026-08-21T13:10:06Z,8814314,0x325dba416d708606de97d611c9b2f70d0c9936fe0861fdae0e15169026e9e744,zest-v2,SP1A27KFY4XERQCCRCARCYD1CC5N7M6688BSYADJ7.v0-7-market,borrow,SP2CCCQP1WN3FG67K3V4S85JG9SRZN2KKRJ3M3GNG,2026-08-21T13:09:22Z,44,120,76,success,(ok true),ok,
2026-08-21T13:14:45Z,8814332,0x51684a17776d01de91038f5bbc561078c08802e77c14a0b47d901ecac41f5ca4,zest-v2,SP1A27KFY4XERQCCRCARCYD1CC5N7M6688BSYADJ7.v0-7-market,collateral-remove-redeem,SP1JYP07Q505ZRJ5AFSTS7CSMG6B63PX3PW4MKBEN,2026-08-21T13:14:34Z,11,120,109,success,(ok u486018744),ok,
2026-08-21T13:28:01Z,8814385,0x4733f35e7c8603f6853658389287a1c99fb28b56e9260ada5a68c2ef6d790509,zest-v2,SP1A27KFY4XERQCCRCARCYD1CC5N7M6688BSYADJ7.v0-7-market,supply-collateral-add,SP3RHMSDP789FGABRWPEMDPC3C3A0HX44RVB9CD3,2026-08-21T13:27:49Z,12,120,108,success,(ok u76957),ok,
2026-08-21T14:06:02Z,8814531,0xe3fadbdc96fe7bf964ce276c837ccc7478623246ef2f7d24538d654da7ff8452,zest-v2,SP1A27KFY4XERQCCRCARCYD1CC5N7M6688BSYADJ7.v0-7-market,borrow,SP25SJZ2KDZMZY4MJNE9QNP41XRKKFWXYHN82SZSN,2026-08-21T14:05:30Z,32,120,88,success,(ok true),ok,
2026-08-21T14:42:46Z,8814707,0x33010d94a00a7c7d864b032a5c63eed10e8cf54a7452748cd1e933b89b8ee7bf,zest-v1,SP2VCQJGH7PHP2DJK7Z0V48AGBHQAW3R3ZW1QF4N.borrow-helper-v2-1-8,withdraw,SP1HNZG65014BHEN9THBXSKF50S7BAS8FKQ2DSRR1,2026-08-21T14:42:26Z,20,360,340,success,(ok true),ok,
2026-08-21T14:49:15Z,8814731,0x0a0dad6490116accc91188599ce1dc0f69e982e280f2e56a1779bfcb29bcf77d,zest-v2,SP1A27KFY4XERQCCRCARCYD1CC5N7M6688BSYADJ7.v0-7-market,borrow,SP2ZM1KNQNS96RM1MAJTZV7WE7F38GFGRND4E80DW,2026-08-21T14:48:36Z,39,120,81,success,(ok true),ok,
2026-08-21T15:22:15Z,8814861,0x92ac3eaf99d38ad026f9202858e36c2d5e806cc2616b197838f2d77dff37a62f,zest-v2,SP1A27KFY4XERQCCRCARCYD1CC5N7M6688BSYADJ7.v0-7-market,collateral-remove-redeem,SP33HRNWBTQK9GEPQN7G4SD9D7RCNGAQZDM53EHX4,2026-08-21T15:21:51Z,24,120,96,success,(ok u20689131757),ok,
2026-08-21T15:31:25Z,8814899,0x94b4ec3f485f13e821492aa6dba7320cd50f8643d522169a1ecbc5a559e6de39,zest-v2,SP1A27KFY4XERQCCRCARCYD1CC5N7M6688BSYADJ7.v0-7-market,borrow,SP25SJZ2KDZMZY4MJNE9QNP41XRKKFWXYHN82SZSN,2026-08-21T15:30:59Z,26,120,94,success,(ok true),ok,
2026-08-21T16:07:33Z,8815057,0x5a6cb904c8f2a50e65bdeb2cca5f4e312a2b8c92a29bf4d9a88b2f6357e81d4e,zest-v2,SP1A27KFY4XERQCCRCARCYD1CC5N7M6688BSYADJ7.v0-7-market,borrow,SP1Y3FBARS8CVANS1GCYVN3B6NZFMA7H61Z6TP6RK,2026-08-21T16:04:53Z,160,120,-40,abort_by_post_condition,(err u400015),oracle-revert:stale,"ERR-ORACLE-MULTI (stale, monotonic race, confidence)"
2026-08-21T16:10:19Z,8815068,0x8ce9d1a5a0b92edd14e4b7624c3970bf0a3e41901c13d4cfb623b25938eded00,zest-v2,SP1A27KFY4XERQCCRCARCYD1CC5N7M6688BSYADJ7.v0-7-market,borrow,SP1Y3FBARS8CVANS1GCYVN3B6NZFMA7H61Z6TP6RK,2026-08-21T16:09:59Z,20,120,100,success,(ok true),ok,
2026-08-21T17:20:04Z,8815359,0x9afd59a15521896cbe99f19baffbedaaba8e77493c245dfd4c4f43b05be884ef,zest-v2,SP1A27KFY4XERQCCRCARCYD1CC5N7M6688BSYADJ7.v0-7-market,borrow,SP25SJZ2KDZMZY4MJNE9QNP41XRKKFWXYHN82SZSN,2026-08-21T17:19:37Z,27,120,93,success,(ok true),ok,
2026-08-21T17:25:46Z,8815379,0xb776ae996ba3617ee691576ac3582f9a4a5cd374dc76caef0010f9832c0d729c,zest-v1,SP2VCQJGH7PHP2DJK7Z0V48AGBHQAW3R3ZW1QF4N.borrow-helper-v2-1-8,withdraw,SP6BE9VJRG7YDAH46FC26FC3YYHNE8FA4E4EADTV,2026-08-21T17:25:24Z,22,360,338,success,(ok true),ok,
2026-08-21T17:31:23Z,8815398,0x75b583d5ca301b7a4c47ebf084e19bbf1ae976d7d6f41b7d391c984753c9cf3e,zest-v2,SP1A27KFY4XERQCCRCARCYD1CC5N7M6688BSYADJ7.v0-7-market,supply-collateral-add,SP25SJZ2KDZMZY4MJNE9QNP41XRKKFWXYHN82SZSN,2026-08-21T17:30:37Z,46,120,74,success,(ok u40407259),ok,
2026-08-21T17:58:20Z,8815483,0xf45ab7724f9732f3abfeb66de07bc8c89a61c11f4c03e60f6eb1f5bb4a0cff7d,zest-v2,SP1A27KFY4XERQCCRCARCYD1CC5N7M6688BSYADJ7.v0-7-market,supply-collateral-add,SP2M7K3YM8813404G1R7AXV106CPWH0Z5ZA80JVAV,2026-08-21T17:57:59Z,21,120,99,success,(ok u32148270668),ok,
2026-08-21T18:00:37Z,8815491,0xb271f5be956ed48a0bb38adda664d98626405aa74425c8a251f9b107d3231eed,zest-v2,SP1A27KFY4XERQCCRCARCYD1CC5N7M6688BSYADJ7.v0-7-market,borrow,SP2M7K3YM8813404G1R7AXV106CPWH0Z5ZA80JVAV,2026-08-21T17:59:33Z,64,120,56,abort_by_post_condition,(err u802019),revert:non-oracle,
2026-08-21T18:01:21Z,8815494,0x398552ace42b5c50bf8c433e161c186798f65f44e09c926c629ca49ad07ad9ad,zest-v2,SP1A27KFY4XERQCCRCARCYD1CC5N7M6688BSYADJ7.v0-7-market,borrow,SP2M7K3YM8813404G1R7AXV106CPWH0Z5ZA80JVAV,2026-08-21T18:01:06Z,15,120,105,success,(ok true),ok,
2026-08-21T18:03:04Z,8815500,0x37782c54957bd35e5215dd22714103cbfb4f14e3ed12d0b585e3abebae7fab21,zest-v2,SP1A27KFY4XERQCCRCARCYD1CC5N7M6688BSYADJ7.v0-7-market,borrow,SP2M7K3YM8813404G1R7AXV106CPWH0Z5ZA80JVAV,2026-08-21T18:02:28Z,36,120,84,success,(ok true),ok,
2026-08-21T18:04:57Z,8815507,0x48a3b95b98c6c208ba067025cb3dd5ad35a4f0a7ab5a93ae063b0ebf108565f5,zest-v2,SP1A27KFY4XERQCCRCARCYD1CC5N7M6688BSYADJ7.v0-7-market,supply-collateral-add,SP2M7K3YM8813404G1R7AXV106CPWH0Z5ZA80JVAV,2026-08-21T18:04:33Z,24,120,96,success,(ok u34147060635),ok,
2026-08-21T18:06:11Z,8815511,0x03d4f608d0e498d6f4b214726412f9ebd10e1783f4fe25b624925cb1b4117165,zest-v2,SP1A27KFY4XERQCCRCARCYD1CC5N7M6688BSYADJ7.v0-7-market,borrow,SP3XBCE7R73W9TPWSM3B1NYKHYY9P5K81HE0TWPRP,2026-08-21T18:05:28Z,43,120,77,success,(ok true),ok,
2026-08-21T18:11:38Z,8815531,0x0e7e61aa8413f2424d0520857be92cc8f29f124e240d40bc65c597e7577a9bb1,zest-v2,SP1A27KFY4XERQCCRCARCYD1CC5N7M6688BSYADJ7.v0-7-market,supply-collateral-add,SP3XBCE7R73W9TPWSM3B1NYKHYY9P5K81HE0TWPRP,2026-08-21T18:10:33Z,65,120,55,success,(ok u8594811710),ok,
2026-08-21T18:14:35Z,8815541,0x96ec81871de94759260858d8ab76483e4f7693125d9c9debb6cc0dacd7ce99ac,zest-v2,SP1A27KFY4XERQCCRCARCYD1CC5N7M6688BSYADJ7.v0-7-market,borrow,SP2M7K3YM8813404G1R7AXV106CPWH0Z5ZA80JVAV,2026-08-21T18:14:28Z,7,120,113,success,(ok true),ok,
2026-08-21T19:10:43Z,8815702,0x5198b07ed251bcf3a5f3462d656b86ab4fee437f197db194e6bbb4d16385f5fc,zest-v1,SP2VCQJGH7PHP2DJK7Z0V48AGBHQAW3R3ZW1QF4N.borrow-helper-v2-1-8,withdraw,SP3V8SJ3X3A9922MKFBWK06AK9D81E77H1NTDHNQH,2026-08-21T19:09:46Z,57,360,303,success,(ok true),ok,
2026-08-21T19:10:43Z,8815702,0x14b225271a5a9caa8aa5f881ef13daa8ae92704084f0511d4ad4ba343730cfe6,zest-v1,SP2VCQJGH7PHP2DJK7Z0V48AGBHQAW3R3ZW1QF4N.borrow-helper-v2-1-8,withdraw,SP3V8SJ3X3A9922MKFBWK06AK9D81E77H1NTDHNQH,2026-08-21T19:08:38Z,125,360,235,success,(ok true),ok,
2026-08-21T19:13:29Z,8815709,0x66536d1bd0cf434a2b38e79e12deb5327263fa3543d114c15db3207c040859ab,zest-v2,SP1A27KFY4XERQCCRCARCYD1CC5N7M6688BSYADJ7.v0-7-market,borrow,SP2PKX3NAER3T40ECAYAVZESCGA42B6BP50K6ENKM,2026-08-21T19:12:52Z,37,120,83,success,(ok true),ok,
2026-08-21T21:03:03Z,8816160,0x32d723ed6ed9c4945d2152f46139ea9cb4f24efbf6b72bd509fca518c2e14219,zest-v2,SP1A27KFY4XERQCCRCARCYD1CC5N7M6688BSYADJ7.v0-7-market,supply-collateral-add,SP2ZM1KNQNS96RM1MAJTZV7WE7F38GFGRND4E80DW,2026-08-21T21:02:02Z,61,120,59,success,(ok u141216622),ok,
2026-08-21T21:03:34Z,8816162,0x8f2686984f892f63837e11863220c47bdf37672dca0d405d1a070f710061d030,zest-v2,SP1A27KFY4XERQCCRCARCYD1CC5N7M6688BSYADJ7.v0-7-market,supply-collateral-add,SP2ZM1KNQNS96RM1MAJTZV7WE7F38GFGRND4E80DW,2026-08-21T21:03:07Z,27,120,93,abort_by_post_condition,(err u1),revert:non-oracle,
2026-08-21T21:06:43Z,8816178,0xef98eb3ae50e6a3adcc50eba639bccaf5475da5c22bdbf20816cdd7278a69a1d,zest-v2,SP1A27KFY4XERQCCRCARCYD1CC5N7M6688BSYADJ7.v0-7-market,borrow,SP14YFFWP15FJCYRFY6Z0JN71QMMXZYS4CY25HVR2,2026-08-21T21:05:38Z,65,120,55,success,(ok true),ok,
2026-08-21T21:12:35Z,8816206,0x17f1dd1998bb8bf6dbce1c97e5dc501c914adc1bf8c8d5a83c7bd7b9065f2cde,zest-v2,SP1A27KFY4XERQCCRCARCYD1CC5N7M6688BSYADJ7.v0-7-market,supply-collateral-add,SP2ZM1KNQNS96RM1MAJTZV7WE7F38GFGRND4E80DW,2026-08-21T21:11:57Z,38,120,82,success,(ok u141270534),ok,
2026-08-21T21:25:19Z,8816259,0x99ff53c77d70076829d600f5e04badd80a1d0f9ca80c8820cec09e1031ea07ef,zest-v2,SP1A27KFY4XERQCCRCARCYD1CC5N7M6688BSYADJ7.v0-7-market,borrow,SP32EJ990ZD2KY666E8FT76N3M3AVDDCH2T1ET8WB,2026-08-21T21:25:04Z,15,120,105,success,(ok true),ok,
2026-08-21T21:56:44Z,8816398,0x4a7ccb938a9fc444f438e65b2ef7b8095a324b895b98d3da6a3950214c09647c,zest-v2,SP1A27KFY4XERQCCRCARCYD1CC5N7M6688BSYADJ7.v0-7-market,borrow,SP3KPRN53ZGD45B3WRTDMZZEHBJSFQ8AKN9RE6FKS,2026-08-21T21:56:11Z,33,120,87,success,(ok true),ok,
2026-08-21T22:08:47Z,8816438,0x8a78430fdd20ce1f172b6daaf26f01f3a511e9106a5496fed5a6bb94bcb28f93,zest-v2,SP1A27KFY4XERQCCRCARCYD1CC5N7M6688BSYADJ7.v0-7-market,supply-collateral-add,SP2ZM1KNQNS96RM1MAJTZV7WE7F38GFGRND4E80DW,2026-08-21T22:08:23Z,24,120,96,success,(ok u141285372),ok,
2026-08-21T22:38:28Z,8816576,0x4067f17d7063bd3e326db08da460d45e23a9f6257c9417c09856ee2e30520863,zest-v2,SP1A27KFY4XERQCCRCARCYD1CC5N7M6688BSYADJ7.v0-7-market,supply-collateral-add,SP3KPRN53ZGD45B3WRTDMZZEHBJSFQ8AKN9RE6FKS,2026-08-21T22:38:08Z,20,120,100,success,(ok u353822854736),ok,
2026-08-21T22:44:09Z,8816604,0xeb73facf8697a0183ccb13574ec677235c11b7c61b628c28e35ab4bf6050838b,zest-v2,SP1A27KFY4XERQCCRCARCYD1CC5N7M6688BSYADJ7.v0-7-market,borrow,SP2ZM1KNQNS96RM1MAJTZV7WE7F38GFGRND4E80DW,2026-08-21T22:43:36Z,33,120,87,success,(ok true),ok,
2026-08-21T22:44:19Z,8816605,0x1f233aaddbdd92af6027ff6617c98a19f52b810e53adfa9e4fd5bea6a567de38,zest-v2,SP1A27KFY4XERQCCRCARCYD1CC5N7M6688BSYADJ7.v0-7-market,supply-collateral-add,SPWC45P8JQP1VG9NDNPJ6ZXPVZ4XXGK06GXR5XN3,2026-08-21T22:44:01Z,18,120,102,success,(ok u174514520878),ok,
2026-08-21T22:53:45Z,8816651,0x62a135e2e62fc807aa4b3c08ef5b331d552898307f117250d4f9f7788a81c063,zest-v2,SP1A27KFY4XERQCCRCARCYD1CC5N7M6688BSYADJ7.v0-7-market,collateral-remove-redeem,SP1NMRRSJM9Y6DCNT6FJ6A56WB6901H1KSJ2PQD58,2026-08-21T22:53:29Z,16,120,104,success,(ok u1000888780),ok,
2026-08-21T23:17:00Z,8816753,0x69bce6e04a928d69fb61cc1c95f199d15c8361ce0251eff8c7e41e30dbf9872f,zest-v2,SP1A27KFY4XERQCCRCARCYD1CC5N7M6688BSYADJ7.v0-7-market,borrow,SP3XBCE7R73W9TPWSM3B1NYKHYY9P5K81HE0TWPRP,2026-08-21T23:14:25Z,155,120,-35,abort_by_post_condition,(err u400015),oracle-revert:stale,"ERR-ORACLE-MULTI (stale, monotonic race, confidence)"
2026-08-21T23:19:00Z,8816761,0x9cdf1ba864f1cf7ca3e3abd2fd4e8a5b1a9b89cdd880650b40202dbf7e7e7ab8,zest-v2,SP1A27KFY4XERQCCRCARCYD1CC5N7M6688BSYADJ7.v0-7-market,borrow,SP3XBCE7R73W9TPWSM3B1NYKHYY9P5K81HE0TWPRP,2026-08-21T23:17:49Z,71,120,49,success,(ok true),ok,
2026-08-21T23:23:06Z,8816778,0xd724053f1916b25e79a04f33373a5a638782e25dcae12d52bc7976e1dbe917fd,zest-v2,SP1A27KFY4XERQCCRCARCYD1CC5N7M6688BSYADJ7.v0-7-market,supply-collateral-add,SP3XBCE7R73W9TPWSM3B1NYKHYY9P5K81HE0TWPRP,2026-08-21T23:22:20Z,46,120,74,success,(ok u8834666279),ok,
2026-08-21T23:23:42Z,8816780,0xd1adeeae38d10420080226a69a8e7dfeca08e07a9359f41fd50f3399b593b48b,zest-v1,SP2VCQJGH7PHP2DJK7Z0V48AGBHQAW3R3ZW1QF4N.borrow-helper-v2-1-8,withdraw,SP39VPTP80VSPW1VRVH7C3PW1D212WYMNPDBXWY2K,2026-08-21T23:22:51Z,51,360,309,success,(ok true),ok,
2026-08-21T23:29:57Z,8816804,0x6e76bec78ec564c3ae5641e92ea6794681ae157556f9543c6b985884aa095a4e,zest-v2,SP1A27KFY4XERQCCRCARCYD1CC5N7M6688BSYADJ7.v0-7-market,borrow,SP2ZM1KNQNS96RM1MAJTZV7WE7F38GFGRND4E80DW,2026-08-21T23:29:26Z,31,120,89,success,(ok true),ok,
2026-08-21T23:48:29Z,8816873,0x70908fe00374c1b8710dc5cf11c7fb2a62848b1c3f69431ce4622aa8350e93a5,zest-v2,SP1A27KFY4XERQCCRCARCYD1CC5N7M6688BSYADJ7.v0-7-market,borrow,SP1NQCKQFGYKX95N3X65Y6JJQ01NCR923RS93YEDP,2026-08-21T23:47:30Z,59,120,61,success,(ok true),ok,
2026-08-22T00:21:27Z,8816996,0x79bab6820177e9d701549d7a7f6ba729039fad4ddbd10d98ab3ecd24d0c91001,zest-v2,SP1A27KFY4XERQCCRCARCYD1CC5N7M6688BSYADJ7.v0-7-market,supply-collateral-add,SPEBN6J7BZHKR2B3DXMY4QTJVB75KF1JDG3K1J51,2026-08-22T00:21:07Z,20,120,100,success,(ok u910393046),ok,
2026-08-22T00:23:13Z,8817003,0x9533191b053be6b5df7a4d6bfdb10617c24c7b4c01f30225cd994280796b2951,zest-v2,SP1A27KFY4XERQCCRCARCYD1CC5N7M6688BSYADJ7.v0-7-market,borrow,SPEBN6J7BZHKR2B3DXMY4QTJVB75KF1JDG3K1J51,2026-08-22T00:22:38Z,35,120,85,success,(ok true),ok,
2026-08-22T00:25:44Z,8817011,0x1611fcab172846851618e0ba7616e4717f0a7d270e946912e35c8615d28019c2,zest-v2,SP1A27KFY4XERQCCRCARCYD1CC5N7M6688BSYADJ7.v0-7-market,supply-collateral-add,SPEBN6J7BZHKR2B3DXMY4QTJVB75KF1JDG3K1J51,2026-08-22T00:25:31Z,13,120,107,success,(ok u1273383754),ok,
2026-08-22T00:30:34Z,8817031,0xf029e304285e089dcfe333a5d2c9cb5ce5a0fe21cb32b3d385f5d211c83ba337,zest-v2,SP1A27KFY4XERQCCRCARCYD1CC5N7M6688BSYADJ7.v0-7-market,borrow,SP2W358G5BQF76DPWV93TPCBTGW9RTP6JCFG92Y2X,2026-08-22T00:30:19Z,15,120,105,success,(ok true),ok,
2026-08-22T00:37:36Z,8817052,0x8b30a2cc270abbcad8ce249ceaf639b53a307474cb2745892b6046e46b920deb,zest-v2,SP1A27KFY4XERQCCRCARCYD1CC5N7M6688BSYADJ7.v0-7-market,borrow,SP34ERP2PVWZD0E8Q094BZW78EHJQQK3ENADMD5S8,2026-08-22T00:36:44Z,52,120,68,success,(ok true),ok,
2026-08-22T00:50:03Z,8817103,0xc5512607b9b6c3ee76de99e76b9b89af0037e15d7c8c7fc4035abf348f576345,zest-v2,SP1A27KFY4XERQCCRCARCYD1CC5N7M6688BSYADJ7.v0-7-market,supply-collateral-add,SP2ZM1KNQNS96RM1MAJTZV7WE7F38GFGRND4E80DW,2026-08-22T00:49:12Z,51,120,69,success,(ok u141299632),ok,
2026-08-22T01:01:09Z,8817160,0x6a417809d0a4ccfc5f6159bd0fdc65311e73c92b222300ee68ab41f3aa0af1d4,zest-v2,SP1A27KFY4XERQCCRCARCYD1CC5N7M6688BSYADJ7.v0-7-market,collateral-remove-redeem,SP2WTTD131J8XEWR5HV659DHSSPTGXW6KX2Y3Q364,2026-08-22T01:00:00Z,69,120,51,success,(ok u99999),ok,
2026-08-22T01:02:40Z,8817168,0x1891bc484790081a651baf8dcb7db7754a2e9051c6dfff67e1e390184abe21d4,zest-v2,SP1A27KFY4XERQCCRCARCYD1CC5N7M6688BSYADJ7.v0-7-market,collateral-remove-redeem,SP2WTTD131J8XEWR5HV659DHSSPTGXW6KX2Y3Q364,2026-08-22T01:02:10Z,30,120,90,success,(ok u20366470),ok,
2026-08-22T01:10:07Z,8817206,0xf7a00ac589aae305c102de0c738f19d910638273e65f9ff7a6970b70494ab5b0,zest-v2,SP1A27KFY4XERQCCRCARCYD1CC5N7M6688BSYADJ7.v0-7-market,collateral-remove-redeem,SP3KPRN53ZGD45B3WRTDMZZEHBJSFQ8AKN9RE6FKS,2026-08-22T01:09:53Z,14,120,106,success,(ok u10000001897),ok,
2026-08-22T01:58:53Z,8817404,0x38d26cdccf74cc22b0defebce70d33caab030fd91dd2eb824704e9a99246f48f,zest-v1,SP2VCQJGH7PHP2DJK7Z0V48AGBHQAW3R3ZW1QF4N.borrow-helper-v2-1-8,withdraw,SP3W4KRNX3HRY2GG7N3M1SYR1JSMFP1JX3V12753,2026-08-22T01:58:39Z,14,360,346,success,(ok true),ok,
2026-08-22T01:59:17Z,8817406,0x1c6e64d04fb1552d66dc2878be024e2cd39e9c440f1e58e44ea977743c5c1810,zest-v1,SP2VCQJGH7PHP2DJK7Z0V48AGBHQAW3R3ZW1QF4N.borrow-helper-v2-1-8,withdraw,SP3W4KRNX3HRY2GG7N3M1SYR1JSMFP1JX3V12753,2026-08-22T01:58:39Z,38,360,322,abort_by_post_condition,(err u30002),revert:non-oracle,
2026-08-22T02:04:04Z,8817426,0x6f97269159f3f112b93faa144962bfb95b426e382b82ae5fd0878d362354b4d5,zest-v2,SP1A27KFY4XERQCCRCARCYD1CC5N7M6688BSYADJ7.v0-7-market,collateral-remove-redeem,SP2B8MMREFPPPEAJVA2AEZA08BM94N3YJ743AHPZT,2026-08-22T02:03:41Z,23,120,97,success,(ok u1981573875),ok,
2026-08-22T02:08:30Z,8817445,0xbde111c349c04cb6779b89171471157c8f02140f38ce935c62e9e2fd0813bb95,zest-v2,SP1A27KFY4XERQCCRCARCYD1CC5N7M6688BSYADJ7.v0-7-market,collateral-remove-redeem,SP2B8MMREFPPPEAJVA2AEZA08BM94N3YJ743AHPZT,2026-08-22T02:08:03Z,27,120,93,success,(ok u1981573903),ok,
2026-08-22T02:10:54Z,8817456,0x0ce6e40e8de7096f10c854cb2940daf15ab77da4410c67f6853f48e2ce7efbcb,zest-v2,SP1A27KFY4XERQCCRCARCYD1CC5N7M6688BSYADJ7.v0-7-market,supply-collateral-add,SP2ZM1KNQNS96RM1MAJTZV7WE7F38GFGRND4E80DW,2026-08-22T02:10:22Z,32,120,88,success,(ok u141310403),ok,
2026-08-22T03:25:03Z,8817774,0xb73c85f2a115ecd7d6519516dbf1db60a29d0628bc43e6cf15f4a882133669df,zest-v2,SP1A27KFY4XERQCCRCARCYD1CC5N7M6688BSYADJ7.v0-7-market,collateral-remove-redeem,SP3JV0VTNW793A5P628GXZFG6TZGNKRXJX5KP55WZ,2026-08-22T03:24:54Z,9,120,111,success,(ok u1023382),ok,
2026-08-22T04:27:04Z,8817978,0x0d9ddfc3339b6c6c626ce68f4d0c77f0fe91ff0f88b1064ea131e01af5a9ef40,zest-v2,SP1A27KFY4XERQCCRCARCYD1CC5N7M6688BSYADJ7.v0-7-market,collateral-remove-redeem,SP8SHCQXZJZN6TS58MTX6M4PBN5PQ110F0PAEG9T,2026-08-22T04:26:55Z,9,120,111,success,(ok u82188),ok,
2026-08-22T04:29:55Z,8817992,0x4af0c6c4d2845853c50978b5218e40c34d58bb785e593e70bf37da52aa5d2e3c,zest-v2,SP1A27KFY4XERQCCRCARCYD1CC5N7M6688BSYADJ7.v0-7-market,collateral-remove-redeem,SP8SHCQXZJZN6TS58MTX6M4PBN5PQ110F0PAEG9T,2026-08-22T04:29:30Z,25,120,95,success,(ok u43898),ok,
2026-08-22T04:32:56Z,8818005,0x96bf898e9966a7043c656feea9de228ca644110857e74887be00db366f9f4c86,zest-v2,SP1A27KFY4XERQCCRCARCYD1CC5N7M6688BSYADJ7.v0-7-market,collateral-remove-redeem,SP2FZMQQT0FG9GNFVT04YA5QCG7NE4ECKANJ2QNVZ,2026-08-22T04:32:15Z,41,120,79,success,(ok u2343),ok,
2026-08-22T04:39:08Z,8818028,0x9831e83d8f16290e614254dcfc75665494b6502657f52f9f40e7eefccc322fef,zest-v2,SP1A27KFY4XERQCCRCARCYD1CC5N7M6688BSYADJ7.v0-7-market,collateral-remove-redeem,SP20SZTX927EXMBAZH6ZQ0REQS98K201J1A0AAXEH,2026-08-22T04:38:44Z,24,120,96,success,(ok u945324166),ok,
2026-08-22T04:40:28Z,8818032,0x395a304210e0157d3d592f76a68a667db1b42ddee749e6980c71294896bb2d62,zest-v2,SP1A27KFY4XERQCCRCARCYD1CC5N7M6688BSYADJ7.v0-7-market,collateral-remove-redeem,SP20SZTX927EXMBAZH6ZQ0REQS98K201J1A0AAXEH,2026-08-22T04:40:14Z,14,120,106,success,(ok u1152034),ok,
2026-08-22T04:55:22Z,8818080,0x28d55355f3d4a7fa0484d5499293086cc175316dc0f97bfeb7ea92cfb5696a00,zest-v2,SP1A27KFY4XERQCCRCARCYD1CC5N7M6688BSYADJ7.v0-7-market,collateral-remove-redeem,SP20SZTX927EXMBAZH6ZQ0REQS98K201J1A0AAXEH,2026-08-22T04:52:06Z,196,120,-76,abort_by_post_condition,(err u600004),revert:non-oracle,
2026-08-22T04:55:22Z,8818080,0xc971a82f03de0312ceaa22c4132b05362ac96fd7910c38326c6d624e2fe366f3,zest-v2,SP1A27KFY4XERQCCRCARCYD1CC5N7M6688BSYADJ7.v0-7-market,collateral-remove-redeem,SP20SZTX927EXMBAZH6ZQ0REQS98K201J1A0AAXEH,2026-08-22T04:50:27Z,295,120,-175,success,(ok u538104225),ok,
2026-08-22T04:59:30Z,8818091,0xe3f5b17f9172777ca84c4e0172fadb7c7316b26a4cfb3acb37e93f90d5f97b9d,zest-v2,SP1A27KFY4XERQCCRCARCYD1CC5N7M6688BSYADJ7.v0-7-market,borrow,SP2ZM1KNQNS96RM1MAJTZV7WE7F38GFGRND4E80DW,2026-08-22T04:58:29Z,61,120,59,success,(ok true),ok,
2026-08-22T05:09:04Z,8818130,0x100c8add7caafccc9fe8df2b726043d21c479dc83d303b99df3c253f9c32f576,zest-v2,SP1A27KFY4XERQCCRCARCYD1CC5N7M6688BSYADJ7.v0-7-market,supply-collateral-add,SP2ZM1KNQNS96RM1MAJTZV7WE7F38GFGRND4E80DW,2026-08-22T05:07:41Z,83,120,37,success,(ok u141325659),ok,
2026-08-22T05:29:43Z,8818204,0xb7ea5bec00b917792bf63f32da547d77dabe76c3e2ca5fa05d8e2f172a64146a,zest-v2,SP1A27KFY4XERQCCRCARCYD1CC5N7M6688BSYADJ7.v0-7-market,supply-collateral-add,SP1NMRRSJM9Y6DCNT6FJ6A56WB6901H1KSJ2PQD58,2026-08-22T05:29:19Z,24,120,96,success,(ok u94939208377),ok,
2026-08-22T05:39:47Z,8818238,0xf2a29e46db2355db322475b36bb596bf40f44ce34f37806b9376b6e18e986dfc,zest-v2,SP1A27KFY4XERQCCRCARCYD1CC5N7M6688BSYADJ7.v0-7-market,collateral-remove-redeem,SP1MZ5N6YCQ5BFHK4N9NFGXG2K4N53BQ0MFXAKAC1,2026-08-22T05:38:31Z,76,120,44,success,(ok u16289797),ok,
2026-08-22T05:39:47Z,8818238,0xca320b3d91e9aa40150cf1c31931c93c7c6f7dace629165f5a564aaa5756b85d,zest-v2,SP1A27KFY4XERQCCRCARCYD1CC5N7M6688BSYADJ7.v0-7-market,borrow,SP3XBCE7R73W9TPWSM3B1NYKHYY9P5K81HE0TWPRP,2026-08-22T05:37:36Z,131,120,-11,abort_by_post_condition,(err u400015),oracle-revert:stale,"ERR-ORACLE-MULTI (stale, monotonic race, confidence)"
2026-08-22T05:43:20Z,8818240,0x8766aeccfe417def3ac47733e679d353cc8d80d48567f3bcc9d789c2f143e80f,zest-v2,SP1A27KFY4XERQCCRCARCYD1CC5N7M6688BSYADJ7.v0-7-market,borrow,SP3XBCE7R73W9TPWSM3B1NYKHYY9P5K81HE0TWPRP,2026-08-22T05:40:31Z,169,120,-49,abort_by_post_condition,(err u400015),oracle-revert:stale,"ERR-ORACLE-MULTI (stale, monotonic race, confidence)"
2026-08-22T06:03:50Z,8818325,0x59219a8d6bec8406c6c5c9372982f4269cb96814c5b023372a31d4656acc22fd,zest-v2,SP1A27KFY4XERQCCRCARCYD1CC5N7M6688BSYADJ7.v0-7-market,supply-collateral-add,SP2ZM1KNQNS96RM1MAJTZV7WE7F38GFGRND4E80DW,2026-08-22T06:03:24Z,26,120,94,success,(ok u141355056),ok,
2026-08-22T07:05:44Z,8818611,0x3b58b46a1bbfd2033ab6a482b87dd6acbdaca74f7842d7029b9b5a93738e586d,zest-v2,SP1A27KFY4XERQCCRCARCYD1CC5N7M6688BSYADJ7.v0-7-market,supply-collateral-add,SP2ZM1KNQNS96RM1MAJTZV7WE7F38GFGRND4E80DW,2026-08-22T07:05:20Z,24,120,96,success,(ok u141391275),ok,
2026-08-22T07:32:29Z,8818718,0xde4e05604ca99e346ecfbf5ff75a0c3fed8a5648f41149ed2c303cf67d243b3e,granite-usdcx,SP3M2BYF7RGF8WKW5FVDNJ6WR8D7AR9BHDXAKPXZE.state-v1,borrow,SP14YFFWP15FJCYRFY6Z0JN71QMMXZYS4CY25HVR2,2026-08-22T07:30:27Z,122,300,178,success,(ok true),ok,
2026-08-22T07:36:37Z,8818734,0xc372e1d5548fa5f50e82e68566949be472f8ea50f4d3fe4d2e13ef540722b91a,granite-usdcx,SP3M2BYF7RGF8WKW5FVDNJ6WR8D7AR9BHDXAKPXZE.state-v1,borrow,SP10GK6MG2GM7BCVYV7XBHK1JVJDHFDMNBENNBRC3,2026-08-22T07:35:09Z,88,300,212,success,(ok true),ok,
2026-08-22T07:43:46Z,8818765,0x0335a54edb8b8268dccd17143a2653d315ff0c46b8ba7900f2d692347ac808f6,zest-v2,SP1A27KFY4XERQCCRCARCYD1CC5N7M6688BSYADJ7.v0-7-market,supply-collateral-add,SP2ZM1KNQNS96RM1MAJTZV7WE7F38GFGRND4E80DW,2026-08-22T07:43:31Z,15,120,105,success,(ok u141398341),ok,
2026-08-22T09:09:40Z,8819119,0x9473f7c7d7a6c6ae6b07bb915afd17beb89e28ef57d8d54df014dc4852247dbe,zest-v2,SP1A27KFY4XERQCCRCARCYD1CC5N7M6688BSYADJ7.v0-7-market,borrow,SP3J0X4B678MMJW3V7W52MW1KGV1CZAJNGJR6VA0N,2026-08-22T09:09:28Z,12,120,108,abort_by_post_condition,(err u802019),revert:non-oracle,
2026-08-22T09:13:17Z,8819130,0x244223a3b0ca78addbcf091f65b8d15994c9b2151ffe87ed136e57dc039d1728,zest-v2,SP1A27KFY4XERQCCRCARCYD1CC5N7M6688BSYADJ7.v0-7-market,borrow,SP3J0X4B678MMJW3V7W52MW1KGV1CZAJNGJR6VA0N,2026-08-22T09:12:33Z,44,120,76,abort_by_post_condition,(err u802019),revert:non-oracle,
2026-08-22T09:15:08Z,8819136,0x0e35a9c376d013576ad0be69bb9fdd5dde6bb50a9429dce007729c83bf1bc7d5,zest-v2,SP1A27KFY4XERQCCRCARCYD1CC5N7M6688BSYADJ7.v0-7-market,borrow,SP3J0X4B678MMJW3V7W52MW1KGV1CZAJNGJR6VA0N,2026-08-22T09:14:31Z,37,120,83,abort_by_post_condition,(err u802019),revert:non-oracle,
2026-08-22T09:18:49Z,8819150,0x4a10cd7348d4162c7f0837ae42a1d821cd1fe7f70563009bfde4eb743b48dccf,zest-v2,SP1A27KFY4XERQCCRCARCYD1CC5N7M6688BSYADJ7.v0-7-market,supply-collateral-add,SP3J0X4B678MMJW3V7W52MW1KGV1CZAJNGJR6VA0N,2026-08-22T09:18:37Z,12,120,108,success,(ok u102750145699),ok,
2026-08-22T09:42:20Z,8819227,0xd4b8267e3366a3a935dc0a5f15d5adb7a6b12e93ae56eb8bd61db90fccb64992,zest-v2,SP1A27KFY4XERQCCRCARCYD1CC5N7M6688BSYADJ7.v0-7-market,supply-collateral-add,SP15MTDH394PXKWWW46ZWANKBGYS3Z2G4RDTSJD7Y,2026-08-22T09:41:59Z,21,120,99,success,(ok u9936336),ok,
2026-08-22T09:47:51Z,8819251,0xb72ad1de474a4bd137a1dc1b145a4ec6be426e3d24dab95f44d774b01cd1efcf,zest-v2,SP1A27KFY4XERQCCRCARCYD1CC5N7M6688BSYADJ7.v0-7-market,supply-collateral-add,SP14W78Q821B3HQ3ED30624Z1F13X4JMFZY3N5SK4,2026-08-22T09:47:19Z,32,120,88,success,(ok u51256655),ok,
2026-08-22T10:10:52Z,8819345,0x07e4c97f6ad0f71522a5b42674be820d1e8ae49014bcd243590e555fd27a8c1e,zest-v2,SP1A27KFY4XERQCCRCARCYD1CC5N7M6688BSYADJ7.v0-7-market,borrow,SPCDCWBEZ9ZEK49BNMDE2MDMJ0E01W02H9SA4TVZ,2026-08-22T10:10:35Z,17,120,103,success,(ok true),ok,
2026-08-22T10:48:57Z,8819487,0xd2e1de4f4501903007868fd2cdb67467679d66451aa1058f4f663dc6ba664ecc,zest-v1,SP2VCQJGH7PHP2DJK7Z0V48AGBHQAW3R3ZW1QF4N.borrow-helper-v2-1-8,withdraw,SP3DA7ZV36X7JWQY2PHPNQ4658EDZ7CD94M0QHRFB,2026-08-22T10:48:25Z,32,360,328,success,(ok true),ok,
2026-08-22T12:03:52Z,8819807,0xee8ca9f40418505380a63b621eedb1d563e0d5d3d1d258058f4267f650a5b8ea,zest-v2,SP1A27KFY4XERQCCRCARCYD1CC5N7M6688BSYADJ7.v0-7-market,supply-collateral-add,SP2ZM1KNQNS96RM1MAJTZV7WE7F38GFGRND4E80DW,2026-08-22T12:02:15Z,97,120,23,success,(ok u141420226),ok,
2026-08-22T13:49:28Z,8820245,0x20abaca1347b48afc0f7ca0253bec6e09f2fc7736841766097313904d46f1c21,zest-v2,SP1A27KFY4XERQCCRCARCYD1CC5N7M6688BSYADJ7.v0-7-market,collateral-remove-redeem,SP3ATEFYDNR7EBKFDPZ20ZBCTS8ZR8WZSMX71J7ZX,2026-08-22T13:48:21Z,67,120,53,success,(ok u358000321),ok,
2026-08-22T13:51:30Z,8820253,0x2840f14230b3576d68f6bb245940a04f81eaa86f9467c01e52ca2df99ed57907,zest-v2,SP1A27KFY4XERQCCRCARCYD1CC5N7M6688BSYADJ7.v0-7-market,collateral-remove-redeem,SP3ATEFYDNR7EBKFDPZ20ZBCTS8ZR8WZSMX71J7ZX,2026-08-22T13:51:20Z,10,120,110,success,(ok u452154387),ok,
2026-08-22T13:53:58Z,8820262,0xdd38934f5d28714cc992fc5563f73f710e007e04a983ef6e7ae958a0ea6f5c5d,zest-v2,SP1A27KFY4XERQCCRCARCYD1CC5N7M6688BSYADJ7.v0-7-market,collateral-remove-redeem,SP3ATEFYDNR7EBKFDPZ20ZBCTS8ZR8WZSMX71J7ZX,2026-08-22T13:53:43Z,15,120,105,success,(ok u570968200),ok,
2026-08-22T13:55:50Z,8820271,0x8244c1a90e11fc2cf70dabd99b8c43f0bb06e8da9369c2723142df5c5cdf1953,zest-v2,SP1A27KFY4XERQCCRCARCYD1CC5N7M6688BSYADJ7.v0-7-market,collateral-remove-redeem,SP3ATEFYDNR7EBKFDPZ20ZBCTS8ZR8WZSMX71J7ZX,2026-08-22T13:55:30Z,20,120,100,success,(ok u720540179),ok,
2026-08-22T13:57:17Z,8820277,0xc492655595c6c439f29e8b8d76f438eb4071cd232ebeedb5fbe4944710759f47,zest-v2,SP1A27KFY4XERQCCRCARCYD1CC5N7M6688BSYADJ7.v0-7-market,collateral-remove-redeem,SP3ATEFYDNR7EBKFDPZ20ZBCTS8ZR8WZSMX71J7ZX,2026-08-22T13:56:53Z,24,120,96,success,(ok u910831442),ok,
2026-08-22T13:59:24Z,8820288,0x1e7cd7d204d6eb3f4533e592b56a6401f167dfde9758420c5166e205a11b9f4b,zest-v2,SP1A27KFY4XERQCCRCARCYD1CC5N7M6688BSYADJ7.v0-7-market,collateral-remove-redeem,SP3ATEFYDNR7EBKFDPZ20ZBCTS8ZR8WZSMX71J7ZX,2026-08-22T13:58:31Z,53,120,67,success,(ok u1149609065),ok,
2026-08-22T14:01:53Z,8820301,0x650c755bc0db48fa3c4bd127ed8964083d67bec17070581a192218e2802cfdea,zest-v2,SP1A27KFY4XERQCCRCARCYD1CC5N7M6688BSYADJ7.v0-7-market,collateral-remove-redeem,SP3ATEFYDNR7EBKFDPZ20ZBCTS8ZR8WZSMX71J7ZX,2026-08-22T14:00:57Z,56,120,64,success,(ok u1452303872),ok,
2026-08-22T14:07:28Z,8820325,0x6e58c3ea30294c3c0a60544c6020f40181e6cf212d436355b8ffebc55503868b,zest-v2,SP1A27KFY4XERQCCRCARCYD1CC5N7M6688BSYADJ7.v0-7-market,collateral-remove-redeem,SP3ATEFYDNR7EBKFDPZ20ZBCTS8ZR8WZSMX71J7ZX,2026-08-22T14:05:18Z,130,120,-10,abort_by_post_condition,(err u400015),oracle-revert:stale,"ERR-ORACLE-MULTI (stale, monotonic race, confidence)"
2026-08-22T14:09:28Z,8820334,0x064d59383ec9894fa6242ccb8f0979dc2a29f7243d91a529120fc67011033619,zest-v2,SP1A27KFY4XERQCCRCARCYD1CC5N7M6688BSYADJ7.v0-7-market,collateral-remove-redeem,SP3ATEFYDNR7EBKFDPZ20ZBCTS8ZR8WZSMX71J7ZX,2026-08-22T14:09:15Z,13,120,107,success,(ok u1832830226),ok,
2026-08-22T14:12:48Z,8820351,0xe857803dda9baa51ed3651ddc51397b8c89cc8b5eac72c66656cffd72dd455f7,zest-v2,SP1A27KFY4XERQCCRCARCYD1CC5N7M6688BSYADJ7.v0-7-market,collateral-remove-redeem,SP3ATEFYDNR7EBKFDPZ20ZBCTS8ZR8WZSMX71J7ZX,2026-08-22T14:12:24Z,24,120,96,success,(ok u2319587775),ok,
2026-08-22T14:16:56Z,8820368,0xf10941c2105e6497c3a30ecdd81c01d09985a540bdbdac5e6a09ba9309d01fb5,zest-v2,SP1A27KFY4XERQCCRCARCYD1CC5N7M6688BSYADJ7.v0-7-market,collateral-remove-redeem,SP3ATEFYDNR7EBKFDPZ20ZBCTS8ZR8WZSMX71J7ZX,2026-08-22T14:16:36Z,20,120,100,success,(ok u2920433312),ok,
2026-08-22T14:18:40Z,8820377,0xc57f1a55750a17821b35549c41ccc9dfcb1c292057e882119d67c536d447cc3c,zest-v2,SP1A27KFY4XERQCCRCARCYD1CC5N7M6688BSYADJ7.v0-7-market,collateral-remove-redeem,SP3ATEFYDNR7EBKFDPZ20ZBCTS8ZR8WZSMX71J7ZX,2026-08-22T14:18:29Z,11,120,109,success,(ok u3691262832),ok,
2026-08-22T14:20:21Z,8820386,0x102ac30f49f9c4fac339735200d4662c30e38cbcd781a776e4297a7794693f8b,zest-v2,SP1A27KFY4XERQCCRCARCYD1CC5N7M6688BSYADJ7.v0-7-market,collateral-remove-redeem,SP3ATEFYDNR7EBKFDPZ20ZBCTS8ZR8WZSMX71J7ZX,2026-08-22T14:19:59Z,22,120,98,success,(ok u4666453489),ok,
2026-08-22T14:23:39Z,8820399,0x03a52fcfe1911820ab50c9e3eb91531506572692dbbb4782153a3f4c75c99570,zest-v2,SP1A27KFY4XERQCCRCARCYD1CC5N7M6688BSYADJ7.v0-7-market,collateral-remove-redeem,SP3ATEFYDNR7EBKFDPZ20ZBCTS8ZR8WZSMX71J7ZX,2026-08-22T14:23:15Z,24,120,96,success,(ok u5889015682),ok,
2026-08-22T14:25:25Z,8820406,0xfd6537d8cd78b5405414f8e3fe6b532f5c7d2ab51fa6ea528b37e6fe6521d79d,zest-v2,SP1A27KFY4XERQCCRCARCYD1CC5N7M6688BSYADJ7.v0-7-market,collateral-remove-redeem,SP3ATEFYDNR7EBKFDPZ20ZBCTS8ZR8WZSMX71J7ZX,2026-08-22T14:25:07Z,18,120,102,success,(ok u7445845110),ok,
2026-08-22T14:30:56Z,8820427,0x1ebcc0cbf80889e2c49b4eda87495ab19065cab82661ce606317406cdd43f5ff,zest-v2,SP1A27KFY4XERQCCRCARCYD1CC5N7M6688BSYADJ7.v0-7-market,supply-collateral-add,SP2ZM1KNQNS96RM1MAJTZV7WE7F38GFGRND4E80DW,2026-08-22T14:30:30Z,26,120,94,success,(ok u141815428),ok,
2026-08-22T14:39:53Z,8820465,0x466f802d2ad84b3ef9dab7a598e6041f5e05601f9c092348cdd8fa2e05fa6fd7,zest-v2,SP1A27KFY4XERQCCRCARCYD1CC5N7M6688BSYADJ7.v0-7-market,collateral-remove-redeem,SP3ATEFYDNR7EBKFDPZ20ZBCTS8ZR8WZSMX71J7ZX,2026-08-22T14:39:34Z,19,120,101,success,(ok u9386744974),ok,
2026-08-22T14:41:34Z,8820473,0xc3c33da07428b6cec6ce1b8ca58419188fcf71cd94a858593a3f18121c65a577,zest-v2,SP1A27KFY4XERQCCRCARCYD1CC5N7M6688BSYADJ7.v0-7-market,collateral-remove-redeem,SP3ATEFYDNR7EBKFDPZ20ZBCTS8ZR8WZSMX71J7ZX,2026-08-22T14:41:16Z,18,120,102,success,(ok u11843503833),ok,
2026-08-22T14:44:20Z,8820485,0xe5d490ff030299066ba88f187c3bc6f580c1efaac1d752d34d231941bd7a6c92,zest-v2,SP1A27KFY4XERQCCRCARCYD1CC5N7M6688BSYADJ7.v0-7-market,collateral-remove-redeem,SP3ATEFYDNR7EBKFDPZ20ZBCTS8ZR8WZSMX71J7ZX,2026-08-22T14:44:00Z,20,120,100,success,(ok u14905080106),ok,
2026-08-22T15:08:30Z,8820587,0x45f6aac539e06a6a78334b690c2b916db79d686599b4188e9fc968a0f9dffe39,zest-v1,SP2VCQJGH7PHP2DJK7Z0V48AGBHQAW3R3ZW1QF4N.borrow-helper-v2-1-8,withdraw,SP2228E954MNDA5W1Y695MBDGT7VANRKA27879J9W,2026-08-22T15:07:43Z,47,360,313,success,(ok true),ok,
2026-08-22T16:22:53Z,8820921,0x14e3bb7bd0813d91447340d5409f04ad87512bd635d63245915d54f7d4b3a10f,zest-v2,SP1A27KFY4XERQCCRCARCYD1CC5N7M6688BSYADJ7.v0-7-market,borrow,SP1Y3FBARS8CVANS1GCYVN3B6NZFMA7H61Z6TP6RK,2026-08-22T16:21:53Z,60,120,60,abort_by_post_condition,(err u400005),revert:non-oracle,
2026-08-22T16:23:55Z,8820928,0x6e6dc706bb28bb1a44e51a432e8d6d3253dc362f9aabb66fc7b9a117842d13cb,zest-v2,SP1A27KFY4XERQCCRCARCYD1CC5N7M6688BSYADJ7.v0-7-market,borrow,SP1Y3FBARS8CVANS1GCYVN3B6NZFMA7H61Z6TP6RK,2026-08-22T16:23:32Z,23,120,97,success,(ok true),ok,
2026-08-22T16:50:28Z,8821019,0xd4963a9b87262d93e1b04c6ef41721913da6a9b32c3c34b2e38f72cb13bb64fa,zest-v2,SP1A27KFY4XERQCCRCARCYD1CC5N7M6688BSYADJ7.v0-7-market,supply-collateral-add,SP25SF2MPZZS8Q20QA3VTYJXTHAHCRNM5MSZYDNB0,2026-08-22T16:49:15Z,73,120,47,success,(ok u9623387209),ok,
2026-08-22T17:43:25Z,8821226,0x158e171cbe54dd5bca5ea28d6233881c7008963037bd4a2c4a80b8fcc5dff213,zest-v2,SP1A27KFY4XERQCCRCARCYD1CC5N7M6688BSYADJ7.v0-7-market,supply-collateral-add,SP2ZM1KNQNS96RM1MAJTZV7WE7F38GFGRND4E80DW,2026-08-22T17:42:57Z,28,120,92,success,(ok u141857253),ok,
2026-08-22T17:55:25Z,8821266,0x1e6b6713bcf9abede81c2372837f2a07635d84ed1f103f438d8798b6c1476f05,zest-v2,SP1A27KFY4XERQCCRCARCYD1CC5N7M6688BSYADJ7.v0-7-market,borrow,SP3XBCE7R73W9TPWSM3B1NYKHYY9P5K81HE0TWPRP,2026-08-22T17:54:35Z,50,120,70,success,(ok true),ok,
2026-08-22T18:03:11Z,8821300,0x309f1d64b1fe550fe9b97272478e4711a9ab27a8f22c2e331276cf57eb8e7fee,zest-v2,SP1A27KFY4XERQCCRCARCYD1CC5N7M6688BSYADJ7.v0-7-market,supply-collateral-add,SP3XBCE7R73W9TPWSM3B1NYKHYY9P5K81HE0TWPRP,2026-08-22T18:01:48Z,83,120,37,success,(ok u9134483512),ok,
2026-08-22T18:04:03Z,8821304,0xf8020742df546e83ca7c26450532b201b611b85e75a6e471ed787860c3eb14ac,zest-v2,SP1A27KFY4XERQCCRCARCYD1CC5N7M6688BSYADJ7.v0-7-market,supply-collateral-add,SP2ZM1KNQNS96RM1MAJTZV7WE7F38GFGRND4E80DW,2026-08-22T18:03:37Z,26,120,94,success,(ok u141917772),ok,
2026-08-22T18:09:32Z,8821323,0x41cfc4ca339acb0324914cc601afbd73b9e341fa17228da58cbfa9e48e9992c1,zest-v2,SP1A27KFY4XERQCCRCARCYD1CC5N7M6688BSYADJ7.v0-7-market,collateral-remove-redeem,SP7GR8SS1739C66D58NRC8N0DDZ9FXZ5Q7RWZW8Q,2026-08-22T18:07:40Z,112,120,8,success,(ok u2000000000),ok,
2026-08-22T18:18:51Z,8821356,0xdea5a6a66bebc2e4063211b60774e6b21675efe8ada57e276fcba084d738debf,zest-v2,SP1A27KFY4XERQCCRCARCYD1CC5N7M6688BSYADJ7.v0-7-market,supply-collateral-add,SP2B8MMREFPPPEAJVA2AEZA08BM94N3YJ743AHPZT,2026-08-22T18:18:39Z,12,120,108,success,(ok u1980366604),ok,
2026-08-22T18:48:11Z,8821489,0x9980a02de848648e7d669a6fedb5853cfd2119cde5620231c099f5aa0c526b82,zest-v1,SP2VCQJGH7PHP2DJK7Z0V48AGBHQAW3R3ZW1QF4N.borrow-helper-v2-1-8,withdraw,SP39VPTP80VSPW1VRVH7C3PW1D212WYMNPDBXWY2K,2026-08-22T18:47:41Z,30,360,330,success,(ok true),ok,
2026-08-22T18:49:18Z,8821494,0x7783ef52cb4e7669e1dded1193a9661b0ff176ebf6d0ab59f7263b7ed8f38740,zest-v1,SP2VCQJGH7PHP2DJK7Z0V48AGBHQAW3R3ZW1QF4N.borrow-helper-v2-1-8,withdraw,SP39VPTP80VSPW1VRVH7C3PW1D212WYMNPDBXWY2K,2026-08-22T18:48:56Z,22,360,338,success,(ok true),ok,
2026-08-22T18:56:20Z,8821527,0xbbe9f52cc3bc3e5bc9bb3e84d08a58013eca3b7250ab9341aab54f3b0afcc9d6,zest-v2,SP1A27KFY4XERQCCRCARCYD1CC5N7M6688BSYADJ7.v0-7-market,supply-collateral-add,SP39VPTP80VSPW1VRVH7C3PW1D212WYMNPDBXWY2K,2026-08-22T18:56:02Z,18,120,102,success,(ok u1143508250),ok,
2026-08-22T19:23:45Z,8821644,0xcc6fc7fd04f5360ee4b0b097037035f452c2e12eeecc879389a223004fb855a5,zest-v2,SP1A27KFY4XERQCCRCARCYD1CC5N7M6688BSYADJ7.v0-7-market,collateral-remove-redeem,SP36JZRG7GZDGMXDXRQFXK8DJGGWHK9DJBJQ3SY0W,2026-08-22T19:22:05Z,100,120,20,success,(ok u4649388873),ok,
2026-08-22T20:52:25Z,8822050,0xfffc70befbf7138c599e187f4a63bd753eafce67d567e0f49afb3fc0efc83209,zest-v2,SP1A27KFY4XERQCCRCARCYD1CC5N7M6688BSYADJ7.v0-7-market,borrow,SPTWWMRF4ECHHJV8RSJF3057DNBFQCEMJH1DGTF,2026-08-22T20:51:54Z,31,120,89,success,(ok true),ok,
2026-08-22T20:58:24Z,8822063,0xfb99cae2c63d5f57b613d5c229ad6e575f2667781a6ba538a40c3da784a153f8,zest-v2,SP1A27KFY4XERQCCRCARCYD1CC5N7M6688BSYADJ7.v0-7-market,supply-collateral-add,SPTWWMRF4ECHHJV8RSJF3057DNBFQCEMJH1DGTF,2026-08-22T20:58:00Z,24,120,96,success,(ok u21152014492),ok,
2026-08-22T21:01:34Z,8822078,0x036bc62393295ca5b078b39f765f0a63917bc9eeec42f76bac38959420820309,zest-v2,SP1A27KFY4XERQCCRCARCYD1CC5N7M6688BSYADJ7.v0-7-market,borrow,SP3XBCE7R73W9TPWSM3B1NYKHYY9P5K81HE0TWPRP,2026-08-22T21:00:46Z,48,120,72,success,(ok true),ok,
2026-08-22T21:02:40Z,8822081,0x4f1afaf7ca19b55255d6a140c7ae15c91e8ca01c866980e928264fc5787c2a80,zest-v2,SP1A27KFY4XERQCCRCARCYD1CC5N7M6688BSYADJ7.v0-7-market,supply-collateral-add,SP2ZM1KNQNS96RM1MAJTZV7WE7F38GFGRND4E80DW,2026-08-22T21:00:53Z,107,120,13,success,(ok u141948091),ok,
2026-08-22T21:05:32Z,8822096,0xf44921b6481dc6ecf10188e0c7cb965ac9f5ac94489766c23f606ad7e33662f8,zest-v2,SP1A27KFY4XERQCCRCARCYD1CC5N7M6688BSYADJ7.v0-7-market,supply-collateral-add,SP3XBCE7R73W9TPWSM3B1NYKHYY9P5K81HE0TWPRP,2026-08-22T21:04:47Z,45,120,75,success,(ok u9314373765),ok,
2026-08-22T21:06:16Z,8822100,0xf74e1f7f428070c869c0ea8eab36268a2f09ffe6d78105d99af580e9437f4075,zest-v2,SP1A27KFY4XERQCCRCARCYD1CC5N7M6688BSYADJ7.v0-7-market,supply-collateral-add,SP2ZM1KNQNS96RM1MAJTZV7WE7F38GFGRND4E80DW,2026-08-22T21:05:58Z,18,120,102,success,(ok u147469404),ok,
2026-08-22T22:29:59Z,8822463,0x4c2184619c421a6b3621e6e1479d9572621b8c59e35a5aee14d967b95d6ec172,zest-v2,SP1A27KFY4XERQCCRCARCYD1CC5N7M6688BSYADJ7.v0-7-market,borrow,SP3KPRN53ZGD45B3WRTDMZZEHBJSFQ8AKN9RE6FKS,2026-08-22T22:29:45Z,14,120,106,success,(ok true),ok,
2026-08-22T22:43:11Z,8822521,0x123e76f2c6d606399281d2760b3e2bfa37176cdb41082801b299a2207b2a85d2,zest-v2,SP1A27KFY4XERQCCRCARCYD1CC5N7M6688BSYADJ7.v0-7-market,supply-collateral-add,SP3KPRN53ZGD45B3WRTDMZZEHBJSFQ8AKN9RE6FKS,2026-08-22T22:41:49Z,82,120,38,success,(ok u353822553546),ok,
2026-08-22T23:10:33Z,8822637,0x0b77228c7e5b08e8c24d5b7720f67ba2548c67514b1643eac435272f26b5ab26,zest-v1,SP2VCQJGH7PHP2DJK7Z0V48AGBHQAW3R3ZW1QF4N.borrow-helper-v2-1-8,withdraw,SP2DFV3QD6MHG82303HWRCE4CKAFC4JKMZ2QARX2N,2026-08-22T23:09:56Z,37,360,323,success,(ok true),ok,
2026-08-22T23:10:33Z,8822637,0x880de75506d8aa43873d5ef590adfa340e33e03c1a3358a81c498fd338c5748f,zest-v1,SP2VCQJGH7PHP2DJK7Z0V48AGBHQAW3R3ZW1QF4N.borrow-helper-v2-1-8,withdraw,SP2DFV3QD6MHG82303HWRCE4CKAFC4JKMZ2QARX2N,2026-08-22T23:08:17Z,136,360,224,success,(ok true),ok,
2026-08-22T23:28:53Z,8822700,0x78e2d381d81399c409bc79f699b45b0104f203e721b033ca04a3947a86cf6674,zest-v2,SP1A27KFY4XERQCCRCARCYD1CC5N7M6688BSYADJ7.v0-7-market,supply-collateral-add,SP2DFV3QD6MHG82303HWRCE4CKAFC4JKMZ2QARX2N,2026-08-22T23:28:10Z,43,120,77,success,(ok u970000000),ok,
2026-08-22T23:45:50Z,8822780,0xbe3042d0bfa49b8f396eaa32adca4aaae688363bf8cceebe47b4d9d5363ff168,zest-v2,SP1A27KFY4XERQCCRCARCYD1CC5N7M6688BSYADJ7.v0-7-market,supply-collateral-add,SP2DFV3QD6MHG82303HWRCE4CKAFC4JKMZ2QARX2N,2026-08-22T23:45:19Z,31,120,89,success,(ok u1120000000),ok,
2026-08-23T00:18:13Z,8822934,0x6541e3cc81289718ede5a59dec93159014b85a4e84671fbd82bc40e1118afcca,zest-v2,SP1A27KFY4XERQCCRCARCYD1CC5N7M6688BSYADJ7.v0-7-market,collateral-remove-redeem,SP3ATEFYDNR7EBKFDPZ20ZBCTS8ZR8WZSMX71J7ZX,2026-08-23T00:17:53Z,20,120,100,success,(ok u18873347908),ok,
2026-08-23T00:19:30Z,8822941,0xe69dc5828ec3734b17e5dab753d1ff6187fad9d489acb266b4147aafbc7df26e,zest-v2,SP1A27KFY4XERQCCRCARCYD1CC5N7M6688BSYADJ7.v0-7-market,collateral-remove-redeem,SP3ATEFYDNR7EBKFDPZ20ZBCTS8ZR8WZSMX71J7ZX,2026-08-23T00:19:15Z,15,120,105,success,(ok u23912568663),ok,
2026-08-23T00:21:18Z,8822950,0xfde846a24c14fedb7c7b09871d6ddc9b4da2da49e6b9df3ef6476e3a1120fd6e,zest-v2,SP1A27KFY4XERQCCRCARCYD1CC5N7M6688BSYADJ7.v0-7-market,collateral-remove-redeem,SP3ATEFYDNR7EBKFDPZ20ZBCTS8ZR8WZSMX71J7ZX,2026-08-23T00:20:38Z,40,120,80,success,(ok u30129048969),ok,
2026-08-23T00:23:58Z,8822964,0xecf3bd6acfedcfc969fe54a8115fb6674ee529b99aa81a64cbee74f8ec58135a,zest-v2,SP1A27KFY4XERQCCRCARCYD1CC5N7M6688BSYADJ7.v0-7-market,collateral-remove-redeem,SP3ATEFYDNR7EBKFDPZ20ZBCTS8ZR8WZSMX71J7ZX,2026-08-23T00:23:42Z,16,120,104,success,(ok u38007482693),ok,
2026-08-23T00:25:05Z,8822970,0x6c384db1a02f4f761a4e6e219342c15dd7fe7dbf17122f6b341024da160a84ad,zest-v2,SP1A27KFY4XERQCCRCARCYD1CC5N7M6688BSYADJ7.v0-7-market,supply-collateral-add,SP2DFV3QD6MHG82303HWRCE4CKAFC4JKMZ2QARX2N,2026-08-23T00:24:31Z,34,120,86,success,(ok u3260000000),ok,
2026-08-23T00:25:17Z,8822971,0xd0fcd9f014567a8b6d7461ffedc702fa0b35b7dab679b73fd3b1aebf7c43af09,zest-v2,SP1A27KFY4XERQCCRCARCYD1CC5N7M6688BSYADJ7.v0-7-market,collateral-remove-redeem,SP3ATEFYDNR7EBKFDPZ20ZBCTS8ZR8WZSMX71J7ZX,2026-08-23T00:25:07Z,10,120,110,success,(ok u47888279796),ok,
2026-08-23T00:37:10Z,8823032,0x3fbbce906121697690f2441c1de056c9a0c0a7e8b873faab322a899da4d74ef2,zest-v2,SP1A27KFY4XERQCCRCARCYD1CC5N7M6688BSYADJ7.v0-7-market,supply-collateral-add,SP2ZM1KNQNS96RM1MAJTZV7WE7F38GFGRND4E80DW,2026-08-23T00:36:52Z,18,120,102,success,(ok u147481732),ok,
2026-08-23T00:39:08Z,8823043,0x667ceb800739bd1d960d8c0f719d63b0bd586ab20a149f496cad57b85c6542a1,zest-v2,SP1A27KFY4XERQCCRCARCYD1CC5N7M6688BSYADJ7.v0-7-market,collateral-remove-redeem,SP2ZM1KNQNS96RM1MAJTZV7WE7F38GFGRND4E80DW,2026-08-23T00:38:53Z,15,120,105,success,(ok u10099999),ok,
2026-08-23T00:40:26Z,8823048,0xd1a77e77befa927de08730ab473a8708d437c74be87606d44b14b00c197b1084,zest-v2,SP1A27KFY4XERQCCRCARCYD1CC5N7M6688BSYADJ7.v0-7-market,collateral-remove-redeem,SP2ZM1KNQNS96RM1MAJTZV7WE7F38GFGRND4E80DW,2026-08-23T00:40:06Z,20,120,100,success,(ok u999999),ok,
2026-08-23T00:40:58Z,8823051,0x5fc972890ccc9de1162ba57221d08cb1b6852aa51800dcf3876aa2c84df01ae7,zest-v2,SP1A27KFY4XERQCCRCARCYD1CC5N7M6688BSYADJ7.v0-7-market,collateral-remove-redeem,SP3ATEFYDNR7EBKFDPZ20ZBCTS8ZR8WZSMX71J7ZX,2026-08-23T00:40:46Z,12,120,108,success,(ok u60589400161),ok,
2026-08-23T00:42:01Z,8823057,0x9ad1ef001291976df48749d6f7f3211e12b5a49c049205aa8e6aca21061807fe,zest-v2,SP1A27KFY4XERQCCRCARCYD1CC5N7M6688BSYADJ7.v0-7-market,supply-collateral-add,SP2ZM1KNQNS96RM1MAJTZV7WE7F38GFGRND4E80DW,2026-08-23T00:41:34Z,27,120,93,success,(ok u137475733),ok,
2026-08-23T00:42:10Z,8823058,0x4be99fd3e1998195efb024f5e157b87f96b5c7a81008fd6a0c81f1870528b4fe,zest-v2,SP1A27KFY4XERQCCRCARCYD1CC5N7M6688BSYADJ7.v0-7-market,collateral-remove-redeem,SP3ATEFYDNR7EBKFDPZ20ZBCTS8ZR8WZSMX71J7ZX,2026-08-23T00:41:57Z,13,120,107,abort_by_post_condition,(err u400005),revert:non-oracle,
2026-08-23T00:43:06Z,8823063,0xf9bf64963c1e30e2d5ff7e19db622227157ba4c0717b59df3497d662f3ba5e89,zest-v2,SP1A27KFY4XERQCCRCARCYD1CC5N7M6688BSYADJ7.v0-7-market,collateral-remove-redeem,SP3ATEFYDNR7EBKFDPZ20ZBCTS8ZR8WZSMX71J7ZX,2026-08-23T00:42:51Z,15,120,105,success,(ok u76551601815),ok,
2026-08-23T00:43:56Z,8823067,0x6820bc9771e37d3f1fa6053b40965ba4b5d794fa5bbbdf8197db1211ececcbcc,zest-v2,SP1A27KFY4XERQCCRCARCYD1CC5N7M6688BSYADJ7.v0-7-market,borrow,SP2ZM1KNQNS96RM1MAJTZV7WE7F38GFGRND4E80DW,2026-08-23T00:43:21Z,35,120,85,success,(ok true),ok,
2026-08-23T00:45:44Z,8823076,0x30fb8c4dfdc1baf8dc0ee54fb51fbd9d700fb33eed070134642bbe6ff8ff4241,zest-v2,SP1A27KFY4XERQCCRCARCYD1CC5N7M6688BSYADJ7.v0-7-market,collateral-remove-redeem,SP3ATEFYDNR7EBKFDPZ20ZBCTS8ZR8WZSMX71J7ZX,2026-08-23T00:45:03Z,41,120,79,success,(ok u15325652022),ok,
2026-08-23T00:45:44Z,8823076,0x14021f80c4183233f2215febe71720eeeffb223f61ef73acb648f229d9dfd840,zest-v2,SP1A27KFY4XERQCCRCARCYD1CC5N7M6688BSYADJ7.v0-7-market,supply-collateral-add,SP32EJ990ZD2KY666E8FT76N3M3AVDDCH2T1ET8WB,2026-08-23T00:45:23Z,21,120,99,success,(ok u1088638584),ok,
2026-08-23T00:46:51Z,8823083,0xe1a0e6a949322f83930aa7d24e4100e982e04c0131dfb973753deec610a10255,zest-v2,SP1A27KFY4XERQCCRCARCYD1CC5N7M6688BSYADJ7.v0-7-market,borrow,SP32EJ990ZD2KY666E8FT76N3M3AVDDCH2T1ET8WB,2026-08-23T00:46:41Z,10,120,110,success,(ok true),ok,
2026-08-23T00:58:13Z,8823132,0x8c4979dcc147136869e81f0adcaac0c4cef060451e8e6f1d2171c73884bccd1a,zest-v2,SP1A27KFY4XERQCCRCARCYD1CC5N7M6688BSYADJ7.v0-7-market,supply-collateral-add,SP32EJ990ZD2KY666E8FT76N3M3AVDDCH2T1ET8WB,2026-08-23T00:57:13Z,60,120,60,success,(ok u1306362274),ok,
2026-08-23T01:05:37Z,8823163,0x1603d0065aad1920da287dc476d4346668d5875b153bb5d03f3fa8bc306f0e3a,zest-v2,SP1A27KFY4XERQCCRCARCYD1CC5N7M6688BSYADJ7.v0-7-market,borrow,SP32EJ990ZD2KY666E8FT76N3M3AVDDCH2T1ET8WB,2026-08-23T01:05:26Z,11,120,109,abort_by_post_condition,(err u400005),revert:non-oracle,
2026-08-23T01:15:30Z,8823197,0x3cf43a6d6d959726cf507a4eb8024ceeddba1b77c4d465ed6172b5fd6379def5,zest-v2,SP1A27KFY4XERQCCRCARCYD1CC5N7M6688BSYADJ7.v0-7-market,supply-collateral-add,SP2ZM1KNQNS96RM1MAJTZV7WE7F38GFGRND4E80DW,2026-08-23T01:15:13Z,17,120,103,success,(ok u137511855),ok,
2026-08-23T01:21:23Z,8823228,0x5ef815d9de18220b5572d20bf8e85cd4a5cc5cbda9a5f1cba1e6176a778a7305,zest-v2,SP1A27KFY4XERQCCRCARCYD1CC5N7M6688BSYADJ7.v0-7-market,borrow,SP32EJ990ZD2KY666E8FT76N3M3AVDDCH2T1ET8WB,2026-08-23T01:21:12Z,11,120,109,success,(ok true),ok,
2026-08-23T02:48:40Z,8823591,0xa477fe972abd7b0fce9ba2305394b74db30d21095c3170541c56716483d3d3b2,zest-v2,SP1A27KFY4XERQCCRCARCYD1CC5N7M6688BSYADJ7.v0-7-market,borrow,SP17WH9WXDENGR4EXFVZNDE9RW2M19H5C8SQAMTG3,2026-08-23T02:47:47Z,53,120,67,success,(ok true),ok,
2026-08-23T06:36:16Z,8824543,0xebb6fa9d0c951c8f9f4ff414d25dedca7b7f0c3268775c201ed3816b55ed3734,zest-v2,SP1A27KFY4XERQCCRCARCYD1CC5N7M6688BSYADJ7.v0-7-market,borrow,SP1RA8D51TD76TP91ND8C9D47RNPKDQ2ZQS2YZ6B,2026-08-23T06:35:03Z,73,120,47,success,(ok true),ok,
2026-08-23T07:36:05Z,8824789,0xf6a59beb251e5341eb793486b290db13dbaf9cf190572511caa51fb9be1487b9,zest-v2,SP1A27KFY4XERQCCRCARCYD1CC5N7M6688BSYADJ7.v0-7-market,supply-collateral-add,SP1RA8D51TD76TP91ND8C9D47RNPKDQ2ZQS2YZ6B,2026-08-23T07:34:55Z,70,120,50,success,(ok u164914),ok,
2026-08-23T09:34:10Z,8825253,0x49eb52cd8f233ad9963c4e4e170fe4d483322cdb4a55f5331d5c666f91d482f9,zest-v2,SP1A27KFY4XERQCCRCARCYD1CC5N7M6688BSYADJ7.v0-7-market,collateral-remove-redeem,SP1EKDMMG508FY96RSEQ1EFGGZ6J8T8DCDPAM12HS,2026-08-23T09:33:54Z,16,120,104,success,(ok u5000001123),ok,
2026-08-23T09:45:04Z,8825295,0x04f93c6de6964faad9d99b49bf8cf329e2d79978e47dea381f910fe9e1ecfc94,zest-v2,SP1A27KFY4XERQCCRCARCYD1CC5N7M6688BSYADJ7.v0-7-market,supply-collateral-add,SP1Y3FBARS8CVANS1GCYVN3B6NZFMA7H61Z6TP6RK,2026-08-23T09:44:16Z,48,120,72,success,(ok u18095104105),ok,
2026-08-23T09:48:56Z,8825308,0x9e605678d6f5d9ffbc8526fb726c6c10d0980e24f63c3e7c63ce9119f3accae9,zest-v2,SP1A27KFY4XERQCCRCARCYD1CC5N7M6688BSYADJ7.v0-7-market,borrow,SP1Y3FBARS8CVANS1GCYVN3B6NZFMA7H61Z6TP6RK,2026-08-23T09:48:08Z,48,120,72,success,(ok true),ok,
2026-08-23T11:26:09Z,8825713,0x2ff396ab5217ceb3fa0356ef0cf9660ec5b97abaa74defc4d8ee21bd1b666858,zest-v2,SP1A27KFY4XERQCCRCARCYD1CC5N7M6688BSYADJ7.v0-7-market,collateral-remove-redeem,SP2E2J8S2NA4YGZ3HVDG40VPKSQYCTKVE2NT0809E,2026-08-23T11:25:35Z,34,120,86,success,(ok u10000006359),ok,
2026-08-23T11:27:11Z,8825716,0x23c1f0824ef429148392c52d04752649f7333cc022562783b5e550e87c5fd0d4,zest-v2,SP1A27KFY4XERQCCRCARCYD1CC5N7M6688BSYADJ7.v0-7-market,borrow,SP3KPRN53ZGD45B3WRTDMZZEHBJSFQ8AKN9RE6FKS,2026-08-23T11:26:29Z,42,120,78,success,(ok true),ok,
2026-08-23T12:01:31Z,8825850,0x176be632a4696d5c02b64a35b405dc69a98f8c019d0f4991bea83a65579a2c29,zest-v2,SP1A27KFY4XERQCCRCARCYD1CC5N7M6688BSYADJ7.v0-7-market,collateral-remove-redeem,SP2E2J8S2NA4YGZ3HVDG40VPKSQYCTKVE2NT0809E,2026-08-23T12:01:14Z,17,120,103,success,(ok u25000017279),ok,
2026-08-23T12:02:22Z,8825854,0x2e2b7a3f29c12549e6c30b19020f6715eabeabac429d1b40e2c0784b84bfd382,zest-v2,SP1A27KFY4XERQCCRCARCYD1CC5N7M6688BSYADJ7.v0-7-market,supply-collateral-add,SP2ZM1KNQNS96RM1MAJTZV7WE7F38GFGRND4E80DW,2026-08-23T12:01:52Z,30,120,90,success,(ok u137771530),ok,
2026-08-23T12:04:12Z,8825862,0x33275ff50fed9ab6db4215209595150fb8da8cd65945dfe52fad2c31c4618c4b,zest-v2,SP1A27KFY4XERQCCRCARCYD1CC5N7M6688BSYADJ7.v0-7-market,borrow,SP2ZM1KNQNS96RM1MAJTZV7WE7F38GFGRND4E80DW,2026-08-23T12:03:47Z,25,120,95,success,(ok true),ok,
2026-08-23T12:06:03Z,8825868,0xa2ded7cf4036d531a0321dd4a3eaa56af14ccdf240d3dd29eaec6655d2ab7933,zest-v2,SP1A27KFY4XERQCCRCARCYD1CC5N7M6688BSYADJ7.v0-7-market,borrow,SP1Y3FBARS8CVANS1GCYVN3B6NZFMA7H61Z6TP6RK,2026-08-23T12:04:23Z,100,120,20,success,(ok true),ok,
2026-08-23T12:06:13Z,8825869,0xa8418551b8a3956ce354a33dc2b9bbd9c94004d9c895e2d931dc3883a6ad3ecd,zest-v2,SP1A27KFY4XERQCCRCARCYD1CC5N7M6688BSYADJ7.v0-7-market,supply-collateral-add,SP2ZM1KNQNS96RM1MAJTZV7WE7F38GFGRND4E80DW,2026-08-23T12:05:48Z,25,120,95,success,(ok u138093392),ok,
2026-08-23T12:27:34Z,8825955,0xc405a53765216e81c1f69ffb36e8aad2f9f83b8b4dec20a8ff25cd4b10ce8ec0,zest-v2,SP1A27KFY4XERQCCRCARCYD1CC5N7M6688BSYADJ7.v0-7-market,borrow,SP1Y3FBARS8CVANS1GCYVN3B6NZFMA7H61Z6TP6RK,2026-08-23T12:26:48Z,46,120,74,success,(ok true),ok,
2026-08-23T12:30:07Z,8825964,0x24980d38ee85628b9b9eaaf7720588a237aa32009a37c60957e1dd1a643c3f9c,zest-v2,SP1A27KFY4XERQCCRCARCYD1CC5N7M6688BSYADJ7.v0-7-market,collateral-remove-redeem,SP2E2J8S2NA4YGZ3HVDG40VPKSQYCTKVE2NT0809E,2026-08-23T12:29:30Z,37,120,83,success,(ok u20000014716),ok,
2026-08-23T12:37:55Z,8826002,0xafa75433af93efd293b29a5077644eb1c651e0ec471bb3e4b2c6522d80a9555a,zest-v2,SP1A27KFY4XERQCCRCARCYD1CC5N7M6688BSYADJ7.v0-7-market,collateral-remove-redeem,SP2E2J8S2NA4YGZ3HVDG40VPKSQYCTKVE2NT0809E,2026-08-23T12:37:13Z,42,120,78,success,(ok u37916738357),ok,
2026-08-23T13:24:51Z,8826187,0xa064f41c1025419592b83ef22cdbf6024f6c3939cfeeb19f0ad3312a861118a9,zest-v2,SP1A27KFY4XERQCCRCARCYD1CC5N7M6688BSYADJ7.v0-7-market,borrow,SP3XBCE7R73W9TPWSM3B1NYKHYY9P5K81HE0TWPRP,2026-08-23T13:23:04Z,107,120,13,success,(ok true),ok,
2026-08-23T13:29:36Z,8826201,0x5118eb8f71f810c2fb47ad09aeef21b9b2651bb8985d27accdfba1dec32086d7,zest-v2,SP1A27KFY4XERQCCRCARCYD1CC5N7M6688BSYADJ7.v0-7-market,supply-collateral-add,SP3BFEKZK4ZT6YTRWJMQ3YFP7EV2YTDN5EQ1KFQ8J,2026-08-23T13:29:22Z,14,120,106,success,(ok u15815765),ok,
2026-08-23T13:31:06Z,8826206,0xab77d621ea7b405c5e36d63de050c2925628f6998fce6d465f9db3810d53afff,zest-v2,SP1A27KFY4XERQCCRCARCYD1CC5N7M6688BSYADJ7.v0-7-market,supply-collateral-add,SP3XBCE7R73W9TPWSM3B1NYKHYY9P5K81HE0TWPRP,2026-08-23T13:29:59Z,67,120,53,success,(ok u9674153639),ok,
2026-08-23T13:57:09Z,8826327,0xb4ce4763b0d2df3d3e81fbcf70e6300121cd9952ad820f12f5a88c4eae94bbe6,zest-v1,SP2VCQJGH7PHP2DJK7Z0V48AGBHQAW3R3ZW1QF4N.borrow-helper-v2-1-8,withdraw,SPNK74MX3FTWN7V7S7GEJTJ4BN0A5ZT2YW44CJ6R,2026-08-23T13:56:32Z,37,360,323,success,(ok true),ok,
2026-08-23T14:02:04Z,8826355,0xa34aa07bc73d718392369795fa7ec078841de53ada063ec4a91b6a9e716eb2cd,zest-v2,SP1A27KFY4XERQCCRCARCYD1CC5N7M6688BSYADJ7.v0-7-market,supply-collateral-add,SPNK74MX3FTWN7V7S7GEJTJ4BN0A5ZT2YW44CJ6R,2026-08-23T14:01:50Z,14,120,106,success,(ok u148765143),ok,
2026-08-23T14:02:49Z,8826359,0x6d27bbebe397601cd9528502c016ea57c52ca7a33d542412221c94c24fe5540e,zest-v1,SP2VCQJGH7PHP2DJK7Z0V48AGBHQAW3R3ZW1QF4N.borrow-helper-v2-1-8,withdraw,SP1T7QT0MZZ318GW7HJ91JNTQG5BX438PNH7B5Y1J,2026-08-23T14:02:23Z,26,360,334,success,(ok true),ok,
2026-08-23T14:03:29Z,8826363,0x136c9ff59b232b73a318d1f5a33099b421d5d85db950b4ecabd2a632b2bdc49c,zest-v2,SP1A27KFY4XERQCCRCARCYD1CC5N7M6688BSYADJ7.v0-7-market,supply-collateral-add,SP2ZM1KNQNS96RM1MAJTZV7WE7F38GFGRND4E80DW,2026-08-23T14:03:11Z,18,120,102,success,(ok u138164285),ok,
2026-08-23T14:12:10Z,8826395,0x998a21b672b815c479fd8869fb7269f88ce57849eddf467251d760285b593220,zest-v2,SP1A27KFY4XERQCCRCARCYD1CC5N7M6688BSYADJ7.v0-7-market,collateral-remove-redeem,SP1Y3FBARS8CVANS1GCYVN3B6NZFMA7H61Z6TP6RK,2026-08-23T14:11:35Z,35,120,85,success,(ok u50000000),ok,
2026-08-23T15:19:22Z,8826638,0xdcb114a3ffb885daba233ce9b75303438e6c88e1a0238361e8bb8e97fbfdb9c6,zest-v2,SP1A27KFY4XERQCCRCARCYD1CC5N7M6688BSYADJ7.v0-7-market,borrow,SP1F9CYDK1AN3EWMBGMM7VJDS4BH2K9FA95JNATS2,2026-08-23T15:19:00Z,21.8,120,98.2,success,(ok true),ok,
2026-08-23T15:19:22Z,8826638,0x0a880dea752c56d2eaaa89ad884f92c81b90924a4b1ff5ea7b7d42033ba7f623,zest-v2,SP1A27KFY4XERQCCRCARCYD1CC5N7M6688BSYADJ7.v0-7-market,supply-collateral-add,SP2G87YTRHEG50N73JQVMAD9J2GJFA0VCDMM7W50A,2026-08-23T15:18:34Z,48,120,72,success,(ok u377591),ok,
2026-08-23T15:31:46Z,8826683,0xd998604c315b19a12c6e62324feaedf8da281f3687b566301520a4336ead0ba9,zest-v1,SP2VCQJGH7PHP2DJK7Z0V48AGBHQAW3R3ZW1QF4N.borrow-helper-v2-1-8,liquidation-call,SPP6CG3E4VKDGC1NW7AQMMHCD6053152X9DNT12C,2026-08-23T15:31:40Z,6,360,354,success,(ok u0),ok,
2026-08-23T15:32:03Z,8826684,0xffed843b94b6940a25c6de5a89552fb704cee339a65b64dfd1def7f9049ef600,zest-v1,SP2VCQJGH7PHP2DJK7Z0V48AGBHQAW3R3ZW1QF4N.borrow-helper-v2-1-8,liquidation-call,SPP6CG3E4VKDGC1NW7AQMMHCD6053152X9DNT12C,2026-08-23T15:31:40Z,23,360,337,success,(ok u0),ok,
2026-08-23T15:32:25Z,8826685,0x54a1d1b356ede2299a7c55fc852fa064ec8365eac87662d45139e84f8cad6b2f,zest-v1,SP2VCQJGH7PHP2DJK7Z0V48AGBHQAW3R3ZW1QF4N.borrow-helper-v2-1-8,liquidation-call,SPP6CG3E4VKDGC1NW7AQMMHCD6053152X9DNT12C,2026-08-23T15:31:40Z,45,360,315,success,(ok u0),ok,
2026-08-23T15:33:12Z,8826687,0xa9d367af140185e8cbad56df3c0fcc2c6b94c62454f95efe5e2092a1d54d6371,zest-v1,SP2VCQJGH7PHP2DJK7Z0V48AGBHQAW3R3ZW1QF4N.borrow-helper-v2-1-8,liquidation-call,SPP6CG3E4VKDGC1NW7AQMMHCD6053152X9DNT12C,2026-08-23T15:31:40Z,92,360,268,abort_by_response,(err u1),revert:non-oracle,
2026-08-23T15:33:12Z,8826687,0xd32994c04f8ad1d6e3609211ec1eb0e4c9d547ea42fc7fec7736e246fd06c6c4,zest-v1,SP2VCQJGH7PHP2DJK7Z0V48AGBHQAW3R3ZW1QF4N.borrow-helper-v2-1-8,liquidation-call,SPP6CG3E4VKDGC1NW7AQMMHCD6053152X9DNT12C,2026-08-23T15:31:40Z,92,360,268,success,(ok u0),ok,
2026-08-23T15:36:28Z,8826699,0x77d3dec3415c2b3fdf441ff6ae1493c2278a16eb3fce3647e591b8e7fd33b59e,zest-v2,SP1A27KFY4XERQCCRCARCYD1CC5N7M6688BSYADJ7.v0-7-market,collateral-remove-redeem,SP29VGS4E2P3TTSS27YJ9D581VY1MWTDEE5036PJT,2026-08-23T15:36:03Z,25,120,95,success,(ok u1800031047),ok,
2026-08-23T15:44:37Z,8826734,0xb5c904530093e430d2222887130912a557dbe1f346bb71e69bd17744e65e1b14,zest-v1,SP2VCQJGH7PHP2DJK7Z0V48AGBHQAW3R3ZW1QF4N.borrow-helper-v2-1-8,liquidation-call,SPP6CG3E4VKDGC1NW7AQMMHCD6053152X9DNT12C,2026-08-23T15:44:25Z,12,360,348,success,(ok u0),ok,
2026-08-23T15:44:37Z,8826734,0x8172e57154d99fd1ca5fb0b4e9b140304801e63694df35a4698627bb91a8501f,zest-v1,SP2VCQJGH7PHP2DJK7Z0V48AGBHQAW3R3ZW1QF4N.borrow-helper-v2-1-8,liquidation-call,SPP6CG3E4VKDGC1NW7AQMMHCD6053152X9DNT12C,2026-08-23T15:44:25Z,12,360,348,success,(ok u0),ok,
2026-08-23T15:44:37Z,8826734,0x09bb92409e12a076fbd1de5182f97ad8cc3884f077f2c076a7f60f746d763ade,zest-v1,SP2VCQJGH7PHP2DJK7Z0V48AGBHQAW3R3ZW1QF4N.borrow-helper-v2-1-8,liquidation-call,SPP6CG3E4VKDGC1NW7AQMMHCD6053152X9DNT12C,2026-08-23T15:44:25Z,12,360,348,success,(ok u0),ok,
2026-08-23T15:44:37Z,8826734,0xc70bc9bb8dd528a822850a82c4f3fa002f7a0617dea7c1325c5997c88c60412c,zest-v1,SP2VCQJGH7PHP2DJK7Z0V48AGBHQAW3R3ZW1QF4N.borrow-helper-v2-1-8,liquidation-call,SPP6CG3E4VKDGC1NW7AQMMHCD6053152X9DNT12C,2026-08-23T15:44:25Z,12,360,348,success,(ok u0),ok,
2026-08-23T15:56:01Z,8826788,0x1016cee11ec41c7828d005165da18d5fa279efd37ec768478d5e58610d8f9921,zest-v2,SP1A27KFY4XERQCCRCARCYD1CC5N7M6688BSYADJ7.v0-7-market,supply-collateral-add,SP2X7D44FKYJNPTY3M99V7CMTKYDA4YPVY9TBDJQ8,2026-08-23T15:55:33Z,28,120,92,success,(ok u7549307534),ok,
2026-08-23T15:59:00Z,8826804,0xe003957df14d2de5d3a2767d967a1fc555599c7bf5f44704e568ca6247d9bb27,zest-v2,SP1A27KFY4XERQCCRCARCYD1CC5N7M6688BSYADJ7.v0-7-market,collateral-remove,SP1F9CYDK1AN3EWMBGMM7VJDS4BH2K9FA95JNATS2,2026-08-23T15:58:43Z,16.4,120,103.6,success,(ok u0),ok,
2026-08-23T16:08:50Z,8826851,0x12faa69e2e7634beb9679044761fdc0b55125188ae4e25647edbca987cebf501,zest-v1,SP2VCQJGH7PHP2DJK7Z0V48AGBHQAW3R3ZW1QF4N.borrow-helper-v2-1-8,liquidation-call,SPP6CG3E4VKDGC1NW7AQMMHCD6053152X9DNT12C,2026-08-23T16:08:23Z,27,360,333,success,(ok u0),ok,
2026-08-23T16:10:29Z,8826859,0xf7cb226d1cc66907b648b635a8eff83137548912f296da1db415bc440adfb677,zest-v1,SP2VCQJGH7PHP2DJK7Z0V48AGBHQAW3R3ZW1QF4N.borrow-helper-v2-1-8,liquidation-call,SPP6CG3E4VKDGC1NW7AQMMHCD6053152X9DNT12C,2026-08-23T16:10:01Z,28,360,332,success,(ok u0),ok,
2026-08-23T16:14:40Z,8826875,0xa19ca0d2748a8b51926cd99be9760c9b2b320ba54373b239366c2b014a8bd1df,zest-v2,SP1A27KFY4XERQCCRCARCYD1CC5N7M6688BSYADJ7.v0-7-market,collateral-remove-redeem,SP1GWNW9GKX5WT7GPPB8S0BKXD257VGFYY24X0C74,2026-08-23T16:13:52Z,48,120,72,success,(ok u1299999),ok,
2026-08-23T16:16:10Z,8826880,0x62a9d1a517ba562cb353cd5ba1214ab98cfadd0c5ac80920e26386bb641ce498,zest-v1,SP2VCQJGH7PHP2DJK7Z0V48AGBHQAW3R3ZW1QF4N.borrow-helper-v2-1-8,liquidation-call,SPP6CG3E4VKDGC1NW7AQMMHCD6053152X9DNT12C,2026-08-23T16:15:19Z,51,360,309,abort_by_response,(err u90001),revert:non-oracle,
2026-08-23T16:19:21Z,8826896,0xa0795a6988feaedc1c7f4bf8beb9a148396c7368c71c1c12d0618b1a2480947c,zest-v2,SP1A27KFY4XERQCCRCARCYD1CC5N7M6688BSYADJ7.v0-7-market,collateral-remove-redeem,SP1GWNW9GKX5WT7GPPB8S0BKXD257VGFYY24X0C74,2026-08-23T16:19:07Z,14,120,106,success,(ok u599999),ok,
2026-08-23T16:19:42Z,8826898,0x975742730819b38eab8dfe01f2485b03d8166c9e93e0ca0df8a2cd79853ebb30,zest-v1,SP2VCQJGH7PHP2DJK7Z0V48AGBHQAW3R3ZW1QF4N.borrow-helper-v2-1-8,liquidation-call,SPP6CG3E4VKDGC1NW7AQMMHCD6053152X9DNT12C,2026-08-23T16:19:32Z,10,360,350,abort_by_response,(err u90001),revert:non-oracle,
2026-08-23T17:11:19Z,8827099,0x2f88bc311384626c13be302dc4b0605b76196e288a8cf94c632170a1f14439f6,zest-v2,SP1A27KFY4XERQCCRCARCYD1CC5N7M6688BSYADJ7.v0-7-market,supply-collateral-add,SP2ZM1KNQNS96RM1MAJTZV7WE7F38GFGRND4E80DW,2026-08-23T17:10:58Z,21,120,99,success,(ok u138194757),ok,
2026-08-23T19:38:47Z,8827666,0xfff1f9e6477b350b03e978eb19fccbb8c4098f700eaadbf7433c12e102d0a677,zest-v2,SP1A27KFY4XERQCCRCARCYD1CC5N7M6688BSYADJ7.v0-7-market,supply-collateral-add,SP32EJ990ZD2KY666E8FT76N3M3AVDDCH2T1ET8WB,2026-08-23T19:38:25Z,22,120,98,success,(ok u1479359476),ok,
2026-08-23T19:40:55Z,8827676,0x5d506180c8fd3de442834a3df4b588a1be6fb92a427da020f2b2b38298e95700,zest-v2,SP1A27KFY4XERQCCRCARCYD1CC5N7M6688BSYADJ7.v0-7-market,borrow,SP32EJ990ZD2KY666E8FT76N3M3AVDDCH2T1ET8WB,2026-08-23T19:40:41Z,14,120,106,success,(ok true),ok,
2026-08-23T19:43:42Z,8827690,0xd7d009c2221a46557e490665cd52d02c3f986f94ba092507940fe213d74ac5ad,zest-v2,SP1A27KFY4XERQCCRCARCYD1CC5N7M6688BSYADJ7.v0-7-market,supply-collateral-add,SP32EJ990ZD2KY666E8FT76N3M3AVDDCH2T1ET8WB,2026-08-23T19:43:25Z,17,120,103,success,(ok u1616913348),ok,
2026-08-23T20:05:51Z,8827785,0x187cd1a042e788ce2401ed08f073ff24a31b9737b368b2c10f59b10da404ea73,zest-v1,SP2VCQJGH7PHP2DJK7Z0V48AGBHQAW3R3ZW1QF4N.borrow-helper-v2-1-8,withdraw,SP1FXCKY6E03H7HYKWX8Z0DGJ54YDK5CQH1EDSAJM,2026-08-23T20:05:30Z,21,360,339,success,(ok true),ok,
2026-08-23T20:13:45Z,8827815,0xa36b26d15a08b39345171fac74c9defa079982cb04ea023e6bda55923f6cc6dd,zest-v2,SP1A27KFY4XERQCCRCARCYD1CC5N7M6688BSYADJ7.v0-7-market,supply-collateral-add,SP2ZM1KNQNS96RM1MAJTZV7WE7F38GFGRND4E80DW,2026-08-23T20:13:19Z,26,120,94,success,(ok u138206814),ok,
2026-08-23T20:44:06Z,8827944,0xde3d9d7322cfef958d1110d442eff7c48ed4a15b8ad9823c672fd22dff9510f3,zest-v2,SP1A27KFY4XERQCCRCARCYD1CC5N7M6688BSYADJ7.v0-7-market,borrow,SP2ZM1KNQNS96RM1MAJTZV7WE7F38GFGRND4E80DW,2026-08-23T20:43:42Z,24,120,96,success,(ok true),ok,
2026-08-23T21:30:28Z,8828133,0x6b35a7e59a282ef61cd84b93c6aa8000105c974294008715ca1cdb9f29259c6f,zest-v2,SP1A27KFY4XERQCCRCARCYD1CC5N7M6688BSYADJ7.v0-7-market,collateral-remove-redeem,SP2G6TBHXKC9C9QV7FHP0F8AXDRJ2B3CHQ1FQ0042,2026-08-23T21:29:10Z,78,120,42,success,(ok u2255602140),ok,
2026-08-23T22:04:41Z,8828260,0xfb9a414e139710d917670a652c9bd488a11e08cf9f134000292b4f8465e01641,zest-v2,SP1A27KFY4XERQCCRCARCYD1CC5N7M6688BSYADJ7.v0-7-market,borrow,SP2ZM1KNQNS96RM1MAJTZV7WE7F38GFGRND4E80DW,2026-08-23T22:04:01Z,40,120,80,success,(ok true),ok,
2026-08-23T22:19:29Z,8828323,0x2704db3f9f66dd8dd7303a1c69bed01b2aacdc0fcf18c5e14726ce43fbf2cee7,zest-v2,SP1A27KFY4XERQCCRCARCYD1CC5N7M6688BSYADJ7.v0-7-market,collateral-remove-redeem,SP3BFEKZK4ZT6YTRWJMQ3YFP7EV2YTDN5EQ1KFQ8J,2026-08-23T22:19:20Z,9,120,111,success,(ok u16000191),ok,
2026-08-23T22:20:07Z,8828325,0xebaa14db2b337424378892d035920a8e79d954ff1d353d282ce8c3dd985488f5,zest-v2,SP1A27KFY4XERQCCRCARCYD1CC5N7M6688BSYADJ7.v0-7-market,borrow,SP3KPRN53ZGD45B3WRTDMZZEHBJSFQ8AKN9RE6FKS,2026-08-23T22:19:35Z,32,120,88,success,(ok true),ok,
2026-08-23T22:28:39Z,8828356,0xb5a8df8c642915933ec92bcd3f24a063e7e9ef03db39317d6e7b730540250eae,zest-v2,SP1A27KFY4XERQCCRCARCYD1CC5N7M6688BSYADJ7.v0-7-market,supply-collateral-add,SP2ZM1KNQNS96RM1MAJTZV7WE7F38GFGRND4E80DW,2026-08-23T22:27:44Z,55,120,65,success,(ok u138751666),ok,
2026-08-24T01:13:55Z,8829008,0x03ecd823aaaa09cfba968de5f5190f36397bc57c5bf1d838861665d790a23b9b,zest-v2,SP1A27KFY4XERQCCRCARCYD1CC5N7M6688BSYADJ7.v0-7-market,collateral-remove-redeem,SP1FHGCSC72VB0XDAFCWWJ3PBKPFR8ZENZYEHYFQZ,2026-08-24T01:13:42Z,13,120,107,success,(ok u3999999),ok,
2026-08-24T01:15:31Z,8829016,0xfcd49a993d0748de8dd360cc1517c407e9740b9188ab7abdd0fe60164dc4f405,zest-v2,SP1A27KFY4XERQCCRCARCYD1CC5N7M6688BSYADJ7.v0-7-market,collateral-remove-redeem,SP1FHGCSC72VB0XDAFCWWJ3PBKPFR8ZENZYEHYFQZ,2026-08-24T01:15:13Z,18,120,102,success,(ok u89999),ok,
2026-08-24T02:11:54Z,8829233,0xddf5062f95c500cc250bad593e5229d8b94fe0a4fc8cde03bfcf1a8f5e6dc191,zest-v2,SP1A27KFY4XERQCCRCARCYD1CC5N7M6688BSYADJ7.v0-7-market,supply-collateral-add,SP34M22KZDV4TYQZEAM10XC96TZR1G5W75FRHG3KA,2026-08-24T02:11:37Z,17,120,103,success,(ok u4121489),ok,
2026-08-24T02:57:39Z,8829395,0x29fd458d428c11c5631f87192bf4249185eb6b76673cda5fd8458ecb18ee8a4f,zest-v2,SP1A27KFY4XERQCCRCARCYD1CC5N7M6688BSYADJ7.v0-7-market,supply-collateral-add,SP2ZM1KNQNS96RM1MAJTZV7WE7F38GFGRND4E80DW,2026-08-24T02:57:17Z,22,120,98,success,(ok u138809454),ok,
2026-08-24T03:03:53Z,8829419,0xf57a4c13c860f298b54091728b7279f5eef286d1b83d33d3763b9805e0a3cf9b,zest-v2,SP1A27KFY4XERQCCRCARCYD1CC5N7M6688BSYADJ7.v0-7-market,supply-collateral-add,SP2ZM1KNQNS96RM1MAJTZV7WE7F38GFGRND4E80DW,2026-08-24T03:03:04Z,49,120,71,success,(ok u138826867),ok,
2026-08-24T03:44:43Z,8829619,0x13b1f40a2e4c458e0dfff0bca4fc6e257355ee04b7e880783237f4a4af32ea79,zest-v2,SP1A27KFY4XERQCCRCARCYD1CC5N7M6688BSYADJ7.v0-7-market,borrow,SP2VH5C759NFW2XJ5CNCG9H0BRP7X9FFD9S4MQ85B,2026-08-24T03:44:21Z,22,120,98,success,(ok true),ok,
2026-08-24T05:16:57Z,8830034,0xe47ba8b200f5e71156f93bd9a470565d922665ead64507a4840367d03b48580d,zest-v2,SP1A27KFY4XERQCCRCARCYD1CC5N7M6688BSYADJ7.v0-7-market,borrow,SP3KPRN53ZGD45B3WRTDMZZEHBJSFQ8AKN9RE6FKS,2026-08-24T05:14:35Z,142,120,-22,abort_by_post_condition,(err u400015),oracle-revert:stale,"ERR-ORACLE-MULTI (stale, monotonic race, confidence)"
2026-08-24T05:20:11Z,8830043,0xbf524b6e7ba4912931bf527c53f86f8a2407cfebdf2eddbefd4099faa2a828fd,zest-v2,SP1A27KFY4XERQCCRCARCYD1CC5N7M6688BSYADJ7.v0-7-market,borrow,SP3KPRN53ZGD45B3WRTDMZZEHBJSFQ8AKN9RE6FKS,2026-08-24T05:18:06Z,125,120,-5,abort_by_post_condition,(err u400015),oracle-revert:stale,"ERR-ORACLE-MULTI (stale, monotonic race, confidence)"
2026-08-24T05:24:28Z,8830056,0x39bc9582b913a9093aaa8a96dd1e74111dc65eb23dc05710332a9ed56dfdeeef,zest-v2,SP1A27KFY4XERQCCRCARCYD1CC5N7M6688BSYADJ7.v0-7-market,borrow,SPCE87V29VDPEAS925YMV2VG3CMBHY0BXKB08NA4,2026-08-24T05:24:09Z,19,120,101,success,(ok true),ok,
2026-08-24T06:55:07Z,8830423,0x5a2e7de0ffe67441df5e485790a92d27dd3eebd2a13d994b32ce13ac8b731f58,zest-v2,SP1A27KFY4XERQCCRCARCYD1CC5N7M6688BSYADJ7.v0-7-market,collateral-remove-redeem,SPFGGV634BBAS2V9TBZ5WMNMDSW446S7SK9W48JH,2026-08-24T06:54:31Z,36,120,84,success,(ok u1000000000),ok,
2026-08-24T06:55:46Z,8830426,0x92b419b6ea804347ecd267ea6d631cca11af8de770b24a370b1dfbc243265566,zest-v2,SP1A27KFY4XERQCCRCARCYD1CC5N7M6688BSYADJ7.v0-7-market,borrow,SPFGGV634BBAS2V9TBZ5WMNMDSW446S7SK9W48JH,2026-08-24T06:55:25Z,21,120,99,success,(ok true),ok,
2026-08-24T07:05:42Z,8830461,0x91c6d1d886b73934a43c9d4b329bf471776f6efb046143d7644e957a27bea65d,zest-v2,SP1A27KFY4XERQCCRCARCYD1CC5N7M6688BSYADJ7.v0-7-market,borrow,SP33HRNWBTQK9GEPQN7G4SD9D7RCNGAQZDM53EHX4,2026-08-24T07:05:02Z,40,120,80,success,(ok true),ok,
2026-08-24T07:47:04Z,8830640,0xe987473d4734b78797a8bafdb2de6d9c7b7fb3c495175070292f34bdb3cc64e6,zest-v1,SP2VCQJGH7PHP2DJK7Z0V48AGBHQAW3R3ZW1QF4N.borrow-helper-v2-1-8,withdraw,SP1P8S6Y183EYDPE3BW6G7YTKWABYN9J8HGEYB4VC,2026-08-24T07:46:55Z,9,360,351,success,(ok true),ok,
2026-08-24T07:47:04Z,8830640,0xdbc7766e75f4dddf924f08220895f33d7dc6530fb1f46b04c1417f9b15db5c6c,zest-v1,SP2VCQJGH7PHP2DJK7Z0V48AGBHQAW3R3ZW1QF4N.borrow-helper-v2-1-8,withdraw,SP1P8S6Y183EYDPE3BW6G7YTKWABYN9J8HGEYB4VC,2026-08-24T07:46:41Z,23,360,337,success,(ok true),ok,
2026-08-24T07:47:17Z,8830641,0xea597a1c8fe0c3393849c91190aadf50ef8a4287e2b24711e41c19ed4afce0a4,zest-v1,SP2VCQJGH7PHP2DJK7Z0V48AGBHQAW3R3ZW1QF4N.borrow-helper-v2-1-8,withdraw,SP1P8S6Y183EYDPE3BW6G7YTKWABYN9J8HGEYB4VC,2026-08-24T07:46:55Z,22,360,338,abort_by_post_condition,(err u30002),revert:non-oracle,
2026-08-24T07:47:30Z,8830642,0x269596f525492f3b97c237664ae89a21fccd04687be944e560468df312e60cac,zest-v1,SP2VCQJGH7PHP2DJK7Z0V48AGBHQAW3R3ZW1QF4N.borrow-helper-v2-1-8,withdraw,SP1P8S6Y183EYDPE3BW6G7YTKWABYN9J8HGEYB4VC,2026-08-24T07:47:14Z,16,360,344,abort_by_post_condition,(err u30002),revert:non-oracle,
2026-08-24T07:48:55Z,8830649,0x5513f1e92fe7bde97d6f16cb2b0d35ae06dd99d31391a6139f68a18c04b306ad,zest-v1,SP2VCQJGH7PHP2DJK7Z0V48AGBHQAW3R3ZW1QF4N.borrow-helper-v2-1-8,withdraw,SP1P8S6Y183EYDPE3BW6G7YTKWABYN9J8HGEYB4VC,2026-08-24T07:48:47Z,8,360,352,success,(ok true),ok,
2026-08-24T07:53:38Z,8830665,0x9dbaf16989baa0e7f9cb9b037f2fbb40e1bb5ab0cc7d9b2949710ccbf39764f4,zest-v2,SP1A27KFY4XERQCCRCARCYD1CC5N7M6688BSYADJ7.v0-7-market,supply-collateral-add,SP2ZM1KNQNS96RM1MAJTZV7WE7F38GFGRND4E80DW,2026-08-24T07:53:13Z,25,120,95,success,(ok u138902457),ok,
2026-08-24T08:04:32Z,8830707,0x27a6f82bfa64cb099a20ebf12a2695641555ee067629fbc66bfeed05119cfe86,zest-v2,SP1A27KFY4XERQCCRCARCYD1CC5N7M6688BSYADJ7.v0-7-market,collateral-remove-redeem,SP1A9C2R2HVTQ9T3XGB76S57GW4VBAB0JC8D1TZPW,2026-08-24T08:04:09Z,23,120,97,success,(ok u50592631928),ok,
2026-08-24T09:59:54Z,8831162,0x853cd9e89b945cf948f1d87ee3b11249818134f1f9e12c78dab17e74b9b45267,zest-v2,SP1A27KFY4XERQCCRCARCYD1CC5N7M6688BSYADJ7.v0-7-market,supply-collateral-add,SP1MZ5N6YCQ5BFHK4N9NFGXG2K4N53BQ0MFXAKAC1,2026-08-24T09:59:33Z,21,120,99,success,(ok u49422899432),ok,
2026-08-24T10:00:33Z,8831165,0x5af9be8480ba303af42b7c127714784bf076598ce7ecdcfa5e903581d12ff879,zest-v2,SP1A27KFY4XERQCCRCARCYD1CC5N7M6688BSYADJ7.v0-7-market,borrow,SP1MZ5N6YCQ5BFHK4N9NFGXG2K4N53BQ0MFXAKAC1,2026-08-24T10:00:17Z,16,120,104,abort_by_post_condition,(err u400005),revert:non-oracle,
2026-08-24T10:06:21Z,8831190,0x5f2ef46799843eed2bbc50452d1032c27a363b004aa3a7a18123d1e7a8b9e01c,zest-v2,SP1A27KFY4XERQCCRCARCYD1CC5N7M6688BSYADJ7.v0-7-market,collateral-remove-redeem,SP1MZ5N6YCQ5BFHK4N9NFGXG2K4N53BQ0MFXAKAC1,2026-08-24T10:05:44Z,37,120,83,success,(ok u50000007099),ok,
2026-08-24T10:30:50Z,8831286,0xbfda3a24e253ebd9ac0a1c5a442181e713883338b320a731c11e324ac223647e,zest-v2,SP1A27KFY4XERQCCRCARCYD1CC5N7M6688BSYADJ7.v0-7-market,collateral-remove-redeem,SPRSMJ5QYQM8T0YRJGAFZXRFXN3K6PCDRDYE6B2T,2026-08-24T10:30:41Z,9,120,111,success,(ok u200000000),ok,
2026-08-24T10:32:02Z,8831292,0xa27c8c6cae08296c8590fe5f987723395f81957b2a0c081702b6799a064a5bdb,zest-v1,SP2VCQJGH7PHP2DJK7Z0V48AGBHQAW3R3ZW1QF4N.borrow-helper-v2-1-8,withdraw,SP96YJV1W1J9RZ1S68M0JCJWDNYQDW6A729Y6N1C,2026-08-24T10:31:46Z,16,360,344,success,(ok true),ok,
2026-08-24T10:43:23Z,8831334,0x8a29637e5271022d8ecfc94ad6d091dda1f546dffa18b0b2799aed95e2749fdf,zest-v2,SP1A27KFY4XERQCCRCARCYD1CC5N7M6688BSYADJ7.v0-7-market,collateral-add,SP1F9CYDK1AN3EWMBGMM7VJDS4BH2K9FA95JNATS2,2026-08-24T10:43:13Z,9.6,120,110.4,success,(ok u1000),ok,
2026-08-24T10:43:38Z,8831335,0x8e41c67cb24d1b5df2c9f3aaa48034b0d7eeb9da9b727090afbb3fe5e8ae4c15,zest-v2,SP1A27KFY4XERQCCRCARCYD1CC5N7M6688BSYADJ7.v0-7-market,borrow,SP1F9CYDK1AN3EWMBGMM7VJDS4BH2K9FA95JNATS2,2026-08-24T10:43:20Z,17.8,120,102.2,success,(ok true),ok,
2026-08-24T11:01:44Z,8831410,0x6825f420920269ce78d1e518d23f25b08cdcbaf325abff7266caab58f337386b,zest-v2,SP1A27KFY4XERQCCRCARCYD1CC5N7M6688BSYADJ7.v0-7-market,collateral-remove-redeem,SP2K8KMB5KFZHHPEGDH0X7Y8KVQSG3CYHJVSX3FHQ,2026-08-24T11:01:25Z,19,120,101,success,(ok u56876516708),ok,
2026-08-24T11:04:52Z,8831423,0xb0a4b89ae7d9e7e68ea8ecb7573626631e06f4f201684346f1198e26d3d7b38b,zest-v2,SP1A27KFY4XERQCCRCARCYD1CC5N7M6688BSYADJ7.v0-7-market,collateral-remove-redeem,SP2K8KMB5KFZHHPEGDH0X7Y8KVQSG3CYHJVSX3FHQ,2026-08-24T11:04:35Z,17,120,103,success,(ok u64281485689),ok,
2026-08-24T11:07:11Z,8831435,0x0cb0bdaf355219fb79e7bf70b2fa325c49bd940206f2a1da94bbf27383bb306a,zest-v2,SP1A27KFY4XERQCCRCARCYD1CC5N7M6688BSYADJ7.v0-7-market,collateral-remove-redeem,SP22H4KA8XSCKTT39J8JJSJ8MYMGJW1WV21X3634C,2026-08-24T11:06:19Z,52,120,68,success,(ok u129999),ok,
2026-08-24T11:15:35Z,8831468,0x56a9fba684db976edba3682bd92a710542901a79d85d32b466d13023104b0283,zest-v2,SP1A27KFY4XERQCCRCARCYD1CC5N7M6688BSYADJ7.v0-7-market,supply-collateral-add,SP2K8KMB5KFZHHPEGDH0X7Y8KVQSG3CYHJVSX3FHQ,2026-08-24T11:14:46Z,49,120,71,success,(ok u144646315491),ok,
2026-08-24T11:19:03Z,8831482,0x2b50a46b181dc86180f60bd81f711e7161309e9b9f2794faee863e66cfd1f115,zest-v2,SP1A27KFY4XERQCCRCARCYD1CC5N7M6688BSYADJ7.v0-7-market,collateral-remove-redeem,SP14W78Q821B3HQ3ED30624Z1F13X4JMFZY3N5SK4,2026-08-24T11:18:31Z,32,120,88,success,(ok u50258982),ok,
2026-08-24T11:56:27Z,8831517,0x7a2b21c92515085c77075a75dee1e9a1e4f4f22ac2ccd9b643fdeedfa5865b4a,zest-v2,SP1A27KFY4XERQCCRCARCYD1CC5N7M6688BSYADJ7.v0-7-market,supply-collateral-add,SP1MZ5N6YCQ5BFHK4N9NFGXG2K4N53BQ0MFXAKAC1,2026-08-24T11:36:07Z,1220,120,-1100,success,(ok u49422771530),ok,
2026-08-24T11:56:48Z,8831518,0x91bf86ccb6c2a025ba93b6b674111c02f661101a7f6e2a07f3ed7212b4b9ee90,zest-v2,SP1A27KFY4XERQCCRCARCYD1CC5N7M6688BSYADJ7.v0-7-market,borrow,SP1MZ5N6YCQ5BFHK4N9NFGXG2K4N53BQ0MFXAKAC1,2026-08-24T11:36:59Z,1189,120,-1069,abort_by_post_condition,(err u400015),oracle-revert:stale,"ERR-ORACLE-MULTI (stale, monotonic race, confidence)"
2026-08-24T11:58:37Z,8831523,0x54ffd03b1778279f56734cfe4ea5030814a29f768d915a6513f4a4b05dbf2cae,zest-v1,SP2VCQJGH7PHP2DJK7Z0V48AGBHQAW3R3ZW1QF4N.borrow-helper-v2-1-8,withdraw,SPZC6AZT0GFKNV1M5900Q6X5H19NKDBRC160T53P,2026-08-24T11:52:52Z,345,360,15,success,(ok true),ok,
2026-08-24T12:22:55Z,8831572,0xec17ba4b4ab0651ea8dc202b000e224b3594527185365497108013521158ea74,zest-v2,SP1A27KFY4XERQCCRCARCYD1CC5N7M6688BSYADJ7.v0-7-market,borrow,SP2K8KMB5KFZHHPEGDH0X7Y8KVQSG3CYHJVSX3FHQ,2026-08-24T11:37:34Z,2721,120,-2601,abort_by_post_condition,(err u400015),oracle-revert:stale,"ERR-ORACLE-MULTI (stale, monotonic race, confidence)"
2026-08-24T12:38:38Z,8831611,0x1344ba1546f55cf0287604d45afa5d73ac63fc81201f40c29162d9301e1f8f3a,zest-v2,SP1A27KFY4XERQCCRCARCYD1CC5N7M6688BSYADJ7.v0-7-market,collateral-remove-redeem,SP1MZ5N6YCQ5BFHK4N9NFGXG2K4N53BQ0MFXAKAC1,2026-08-24T12:38:03Z,35,120,85,success,(ok u50000046429),ok,
2026-08-24T12:41:13Z,8831621,0xf058ec45920269a05cfd8c0ea21681d156260980a7bb4331b3e1fcdf2ae9a8bd,zest-v2,SP1A27KFY4XERQCCRCARCYD1CC5N7M6688BSYADJ7.v0-7-market,supply-collateral-add,SP1F919MMKCFJJBTPMTHZM9YNM7QF62VK19QM5RSQ,2026-08-24T12:40:40Z,33,120,87,success,(ok u6997995),ok,
2026-08-24T12:59:48Z,8831689,0xbf0003f472099c9dc7b32f69b36c88c10c2e10f40cfef6c75271a071d623b81c,zest-v2,SP1A27KFY4XERQCCRCARCYD1CC5N7M6688BSYADJ7.v0-7-market,collateral-remove-redeem,SP284C79DJQ7TZWTE2GHYS19H8AMRK0FE41NP0CY4,2026-08-24T12:59:26Z,22,120,98,success,(ok u8482706627),ok,
2026-08-24T13:00:40Z,8831693,0x646b7f75dfc1397d87f3bb9f90d3a49f2bdd86ce040a7f804d58f2ea3e5e432a,zest-v2,SP1A27KFY4XERQCCRCARCYD1CC5N7M6688BSYADJ7.v0-7-market,borrow,SP3KPRN53ZGD45B3WRTDMZZEHBJSFQ8AKN9RE6FKS,2026-08-24T13:00:25Z,15,120,105,success,(ok true),ok,
2026-08-24T13:08:38Z,8831716,0xd35f12a296d2084e9636ead548026ccf5de652dc8fed493097f9f16651a2cb0a,zest-v2,SP1A27KFY4XERQCCRCARCYD1CC5N7M6688BSYADJ7.v0-7-market,supply-collateral-add,SP3KPRN53ZGD45B3WRTDMZZEHBJSFQ8AKN9RE6FKS,2026-08-24T13:08:19Z,19,120,101,success,(ok u383476169164),ok,
2026-08-24T13:10:24Z,8831723,0x3b65d06b562c8d587a1a2a102cd0f51adf62d350689157de2c2efa7a0a68380d,zest-v2,SP1A27KFY4XERQCCRCARCYD1CC5N7M6688BSYADJ7.v0-7-market,borrow,SPTWWMRF4ECHHJV8RSJF3057DNBFQCEMJH1DGTF,2026-08-24T13:09:53Z,31,120,89,success,(ok true),ok,
2026-08-24T13:13:52Z,8831735,0x4437392130dec4cf27dc6d520d373f50769b30dadb81d2a7ba5161e4bc9faa35,zest-v2,SP1A27KFY4XERQCCRCARCYD1CC5N7M6688BSYADJ7.v0-7-market,supply-collateral-add,SPTWWMRF4ECHHJV8RSJF3057DNBFQCEMJH1DGTF,2026-08-24T13:13:38Z,14,120,106,success,(ok u21846881708),ok,
2026-08-24T13:18:54Z,8831753,0xe06b9a75e606d68f062eeef7c4f347f0ec0f52c0ae1d63f8bce8e879cc2f8e17,zest-v2,SP1A27KFY4XERQCCRCARCYD1CC5N7M6688BSYADJ7.v0-7-market,supply-collateral-add,SP2ZM1KNQNS96RM1MAJTZV7WE7F38GFGRND4E80DW,2026-08-24T13:18:17Z,37,120,83,success,(ok u139368442),ok,
2026-08-24T13:47:14Z,8831886,0x316ae286dcd6585a15aaa1ec04337880b275bf321388d1e2809f689878ed1041,zest-v1,SP2VCQJGH7PHP2DJK7Z0V48AGBHQAW3R3ZW1QF4N.borrow-helper-v2-1-8,withdraw,SP1MEXY5V9V52HMTFAK3XKPSEG8A5TSGZG0NK68FV,2026-08-24T13:47:00Z,14,360,346,success,(ok true),ok,
2026-08-24T13:49:28Z,8831897,0x3cb3e1f675569256aa1443cac17718034996cdecfe101eac2c50d25b6d76bc58,zest-v2,SP1A27KFY4XERQCCRCARCYD1CC5N7M6688BSYADJ7.v0-7-market,supply-collateral-add,SP1MEXY5V9V52HMTFAK3XKPSEG8A5TSGZG0NK68FV,2026-08-24T13:49:13Z,15,120,105,success,(ok u20376911516),ok,
2026-08-24T14:08:23Z,8831990,0x1c6e303652aaeea57f26769fa4e73eb1f3da90188576093f7f66233ee1674368,zest-v1,SP2VCQJGH7PHP2DJK7Z0V48AGBHQAW3R3ZW1QF4N.borrow-helper-v2-1-8,withdraw,SPR0ZSWXT1ADA7K4ZP7TX86P8WVGW0H606J110RH,2026-08-24T14:07:57Z,26,360,334,success,(ok true),ok,
2026-08-24T14:13:28Z,8832011,0x8b1df071b58c9276324790eef4e153c26937bad2a0173655564540f3242f9f6a,zest-v1,SP2VCQJGH7PHP2DJK7Z0V48AGBHQAW3R3ZW1QF4N.borrow-helper-v2-1-8,withdraw,SPR0ZSWXT1ADA7K4ZP7TX86P8WVGW0H606J110RH,2026-08-24T14:13:09Z,19,360,341,success,(ok true),ok,
2026-08-24T14:13:56Z,8832012,0x9dbb42d199f8530489c16166e0ddb5b560f2a95addf29dd871a70aa23d8a85e4,zest-v1,SP2VCQJGH7PHP2DJK7Z0V48AGBHQAW3R3ZW1QF4N.borrow-helper-v2-1-8,withdraw,SPR0ZSWXT1ADA7K4ZP7TX86P8WVGW0H606J110RH,2026-08-24T14:13:28Z,28,360,332,success,(ok true),ok,
2026-08-24T15:03:05Z,8832214,0x6d2047f1c8649ce084db4754b767df38459e6a0d50fd977d8fb2e43ba7ad446e,zest-v2,SP1A27KFY4XERQCCRCARCYD1CC5N7M6688BSYADJ7.v0-7-market,supply-collateral-add,SP2ZM1KNQNS96RM1MAJTZV7WE7F38GFGRND4E80DW,2026-08-24T15:02:32Z,33,120,87,success,(ok u139547285),ok,
2026-08-24T15:52:21Z,8832398,0xe94d9881b2f2adae548e56b2c2b373a274d3b07f5271102a5c30ae3208217147,zest-v1,SP2VCQJGH7PHP2DJK7Z0V48AGBHQAW3R3ZW1QF4N.borrow-helper-v2-1-8,withdraw,SP3KCY77KD0J4Y8SYEXPADW8GE2X5002NB4ZMVTBN,2026-08-24T15:52:01Z,20,360,340,success,(ok true),ok,
2026-08-24T16:02:44Z,8832440,0x34d9b84fd6b3c0d102a382c642e78f940bc6744db54738989be96f3d27a25c74,zest-v2,SP1A27KFY4XERQCCRCARCYD1CC5N7M6688BSYADJ7.v0-7-market,supply-collateral-add,SP2ZM1KNQNS96RM1MAJTZV7WE7F38GFGRND4E80DW,2026-08-24T16:02:22Z,22,120,98,success,(ok u139589215),ok,
2026-08-24T16:03:46Z,8832444,0x4ac86cd70e9e840daedb56cb01a4e3e0aa0e303b295d2503bbd25a1f28ebf8a4,zest-v2,SP1A27KFY4XERQCCRCARCYD1CC5N7M6688BSYADJ7.v0-7-market,borrow,SP2ZM1KNQNS96RM1MAJTZV7WE7F38GFGRND4E80DW,2026-08-24T16:03:25Z,21,120,99,success,(ok true),ok,
2026-08-24T16:03:46Z,8832444,0xe5c6a0dfbc6077099b88c5b26f3caa50198fbc2afa34600f8618ee6ef44f315d,zest-v1,SP2VCQJGH7PHP2DJK7Z0V48AGBHQAW3R3ZW1QF4N.borrow-helper-v2-1-8,withdraw,SPHJZV3WCZXSKQDJ75YW3HEAGZQQ4JJR9VB7J7BW,2026-08-24T16:03:14Z,32,360,328,success,(ok true),ok,
2026-08-24T16:07:39Z,8832461,0xa03fa31c509b18b1d83cb715bd450d6fb1e9ee19d3b83ec79afd0266a5125512,zest-v2,SP1A27KFY4XERQCCRCARCYD1CC5N7M6688BSYADJ7.v0-7-market,supply-collateral-add,SP1D16RD0653M0NE1ZTVF2ZK05SGNTT2F7VDHWN7Q,2026-08-24T16:07:09Z,30,120,90,success,(ok u4254043055),ok,
2026-08-24T16:10:50Z,8832476,0x59bd1341ca60b8a87ff8e99098ce8ef055d9c2e836af596a7db6e96d2a44968a,zest-v1,SP2VCQJGH7PHP2DJK7Z0V48AGBHQAW3R3ZW1QF4N.borrow-helper-v2-1-8,withdraw,SP1D16RD0653M0NE1ZTVF2ZK05SGNTT2F7VDHWN7Q,2026-08-24T16:10:36Z,14,360,346,success,(ok true),ok,
2026-08-24T16:11:52Z,8832481,0x1cc90874ed1b74499fccccc936e8827aeafee295061b32196292d6e02cd8f937,zest-v2,SP1A27KFY4XERQCCRCARCYD1CC5N7M6688BSYADJ7.v0-7-market,supply-collateral-add,SP1D16RD0653M0NE1ZTVF2ZK05SGNTT2F7VDHWN7Q,2026-08-24T16:11:31Z,21,120,99,success,(ok u9671669901),ok,
2026-08-24T16:32:54Z,8832584,0x79a0cecf94312fe2652b760cd66c8c1ce8dc2f5db0643abe1e5242cd7332bda6,zest-v2,SP1A27KFY4XERQCCRCARCYD1CC5N7M6688BSYADJ7.v0-7-market,collateral-remove-redeem,SP19XT66MMJ80ZXYT371T364PP910E0KA5GE9X4T4,2026-08-24T16:32:41Z,13,120,107,success,(ok u1665582),ok,
2026-08-24T16:42:54Z,8832636,0x119e86825760993827a9a79418629dbed7bc518beee83fbbfaf6566e72753312,zest-v2,SP1A27KFY4XERQCCRCARCYD1CC5N7M6688BSYADJ7.v0-7-market,collateral-remove-redeem,SP1NMRRSJM9Y6DCNT6FJ6A56WB6901H1KSJ2PQD58,2026-08-24T16:42:39Z,15,120,105,success,(ok u2000001576),ok,
2026-08-24T16:43:05Z,8832637,0xb4cb18b898db34c677c0795c69b669b85ede3c7ab8182f343570571b6c3d279a,zest-v2,SP1A27KFY4XERQCCRCARCYD1CC5N7M6688BSYADJ7.v0-7-market,borrow,SP1CQ4D640TNM998S1K50FP2BF78J6AVS2BT6E3HP,2026-08-24T16:42:52Z,13,120,107,success,(ok true),ok,
2026-08-24T17:08:02Z,8832740,0xdde8b8b9f085504466a7e27a9ee47cf13245855660b129a4741b9c8257d2f3b3,zest-v2,SP1A27KFY4XERQCCRCARCYD1CC5N7M6688BSYADJ7.v0-7-market,supply-collateral-add,SP2ZM1KNQNS96RM1MAJTZV7WE7F38GFGRND4E80DW,2026-08-24T17:07:28Z,34,120,86,success,(ok u139678593),ok,
2026-08-24T17:20:14Z,8832792,0x89d82ab14daa37435b661f54a55dd9add04602c8291dc95cd2b1fc527d9e403a,zest-v2,SP1A27KFY4XERQCCRCARCYD1CC5N7M6688BSYADJ7.v0-7-market,borrow,SP2ZM1KNQNS96RM1MAJTZV7WE7F38GFGRND4E80DW,2026-08-24T17:19:30Z,44,120,76,success,(ok true),ok,
2026-08-24T17:44:02Z,8832888,0x201cebd7b8b85493b6a6ad278c7e9d8d093738bb9e0f382ade32643529f1f7b2,zest-v2,SP1A27KFY4XERQCCRCARCYD1CC5N7M6688BSYADJ7.v0-7-market,borrow,SP2W358G5BQF76DPWV93TPCBTGW9RTP6JCFG92Y2X,2026-08-24T17:43:54Z,8,120,112,success,(ok true),ok,
2026-08-24T18:35:02Z,8833154,0xd3e918e9b86111437b5cbbe951fa5137485989be3470533005aaed987b6ee069,zest-v2,SP1A27KFY4XERQCCRCARCYD1CC5N7M6688BSYADJ7.v0-7-market,borrow,SPRSMJ5QYQM8T0YRJGAFZXRFXN3K6PCDRDYE6B2T,2026-08-24T18:34:43Z,19,120,101,success,(ok true),ok,
2026-08-24T18:52:53Z,8833229,0x62444f2c3012cb65537a2aae19f17f40498c9b6b025beacb7a2c17e673df7c89,zest-v2,SP1A27KFY4XERQCCRCARCYD1CC5N7M6688BSYADJ7.v0-7-market,borrow,SPWC45P8JQP1VG9NDNPJ6ZXPVZ4XXGK06GXR5XN3,2026-08-24T18:52:37Z,16,120,104,success,(ok true),ok,
2026-08-24T20:05:12Z,8833526,0x66df5aba75a99ad11d684ebdcd2a37efeea911d77ab0d16fb598f37caa8a7c98,zest-v2,SP1A27KFY4XERQCCRCARCYD1CC5N7M6688BSYADJ7.v0-7-market,supply-collateral-add,SPN8C4B0CEM2CJTY601196DPX1SJBQXGS5WFE52Q,2026-08-24T20:04:31Z,41,120,79,success,(ok u328556),ok,
2026-08-24T20:07:04Z,8833535,0x7a3448d271af2f494907a45760be1e836280630a7772af00eb6d4f9935e2b825,zest-v1,SP2VCQJGH7PHP2DJK7Z0V48AGBHQAW3R3ZW1QF4N.borrow-helper-v2-1-8,withdraw,SPXFZKV7TFVF4AKZQDYS1SSF32PGCQ8B03G0Z4K3,2026-08-24T20:06:26Z,38,360,322,success,(ok true),ok,
2026-08-24T20:22:05Z,8833598,0x51c6b4d3ac1678d81b272163c0656afdb20dbf8e02b0805483b82a4199916f8c,zest-v2,SP1A27KFY4XERQCCRCARCYD1CC5N7M6688BSYADJ7.v0-7-market,borrow,SP2PKX3NAER3T40ECAYAVZESCGA42B6BP50K6ENKM,2026-08-24T20:21:30Z,35,120,85,success,(ok true),ok,
2026-08-24T20:52:05Z,8833738,0xb0952ab1be6d437444de3802cd4f19cad3c5bc77cd9bb56889c3a21bf805381f,zest-v2,SP1A27KFY4XERQCCRCARCYD1CC5N7M6688BSYADJ7.v0-7-market,borrow,SP7GR8SS1739C66D58NRC8N0DDZ9FXZ5Q7RWZW8Q,2026-08-24T20:51:34Z,31,120,89,success,(ok true),ok,
2026-08-24T21:05:16Z,8833796,0x90e48db333411b0291545c7fc9586a1d20fedc5bf50bca8dbe73402c8199afef,zest-v2,SP1A27KFY4XERQCCRCARCYD1CC5N7M6688BSYADJ7.v0-7-market,supply-collateral-add,SP1AZMDNVMPR13VYKVEXHFGCXP9JETA2W8G5YTPAQ,2026-08-24T21:05:04Z,12,120,108,success,(ok u7559431),ok,
2026-08-24T21:10:04Z,8833819,0xc620406137c3a83e0334fb905a5569c2bbe54d56500d6719793aac9d74f730b2,zest-v2,SP1A27KFY4XERQCCRCARCYD1CC5N7M6688BSYADJ7.v0-7-market,supply-collateral-add,SP23DZ9XYT3YNF70MHAV9Y3622H8B3DX10WMWT2T9,2026-08-24T21:09:48Z,16,120,104,success,(ok u4844139),ok,
2026-08-24T21:25:42Z,8833886,0xb5c2d3325768e5b7bb46260f3ab7ac346825a4bccff7b143f06910b504128e62,zest-v1,SP2VCQJGH7PHP2DJK7Z0V48AGBHQAW3R3ZW1QF4N.borrow-helper-v2-1-8,withdraw,SP197GMEG6WGBRDTCTGGWMRA1G77E65TRXWYKGCT7,2026-08-24T21:25:20Z,22,360,338,success,(ok true),ok,
2026-08-24T21:25:42Z,8833886,0x3c627ba2180e7e320c61439e2699c39a96b4e17501f93973261994e7f397e5fd,zest-v1,SP2VCQJGH7PHP2DJK7Z0V48AGBHQAW3R3ZW1QF4N.borrow-helper-v2-1-8,withdraw,SP197GMEG6WGBRDTCTGGWMRA1G77E65TRXWYKGCT7,2026-08-24T21:24:58Z,44,360,316,success,(ok true),ok,
2026-08-24T21:25:54Z,8833887,0xc142624c2a8a160dcfa7aae8343cb98f4474f988e9e03607770127f2a7805ddc,zest-v2,SP1A27KFY4XERQCCRCARCYD1CC5N7M6688BSYADJ7.v0-7-market,supply-collateral-add,SP2ZM1KNQNS96RM1MAJTZV7WE7F38GFGRND4E80DW,2026-08-24T21:25:30Z,24,120,96,success,(ok u139766524),ok,
2026-08-24T21:30:35Z,8833904,0x825fcb921bbd99a528a5d1f8715fdf66659bb6aced93946194600f769b963ddc,zest-v2,SP1A27KFY4XERQCCRCARCYD1CC5N7M6688BSYADJ7.v0-7-market,supply-collateral-add,SP2ZM1KNQNS96RM1MAJTZV7WE7F38GFGRND4E80DW,2026-08-24T21:29:55Z,40,120,80,success,(ok u139780880),ok,
2026-08-24T21:32:18Z,8833912,0xc60796da094bce8085ae6c7117cf2bc33a04c3945716cc6c5c2a4e7a6097a9d4,zest-v2,SP1A27KFY4XERQCCRCARCYD1CC5N7M6688BSYADJ7.v0-7-market,borrow,SP2ZM1KNQNS96RM1MAJTZV7WE7F38GFGRND4E80DW,2026-08-24T21:32:03Z,15,120,105,success,(ok true),ok,
2026-08-24T21:34:52Z,8833922,0xb0f8cd6665f4d9af4a88144b4f34eb0872209ee228cf49485a586f5be732e47d,zest-v2,SP1A27KFY4XERQCCRCARCYD1CC5N7M6688BSYADJ7.v0-7-market,supply-collateral-add,SP2ZM1KNQNS96RM1MAJTZV7WE7F38GFGRND4E80DW,2026-08-24T21:34:13Z,39,120,81,success,(ok u139938221),ok,
2026-08-24T23:06:55Z,8834395,0xe8f15214b428ddb89e71637cb139ba6ee0ae61fb63b6bae1d544ead852468336,zest-v2,SP1A27KFY4XERQCCRCARCYD1CC5N7M6688BSYADJ7.v0-7-market,borrow,SP2ZM1KNQNS96RM1MAJTZV7WE7F38GFGRND4E80DW,2026-08-24T23:06:32Z,23,120,97,success,(ok true),ok,
2026-08-25T00:57:50Z,8834921,0xb0fec40cd5ca2af3f4ed2c21d65b5c2dd7faf2dd865533093770544e32dcf237,zest-v2,SP1A27KFY4XERQCCRCARCYD1CC5N7M6688BSYADJ7.v0-7-market,supply-collateral-add,SP2ZM1KNQNS96RM1MAJTZV7WE7F38GFGRND4E80DW,2026-08-25T00:57:23Z,27,120,93,success,(ok u140038509),ok,
2026-08-25T00:59:46Z,8834929,0x756ecd9bec7f881bfa2c4f933b8b98876e1274ff5d0336d080b699436b8c1789,zest-v2,SP1A27KFY4XERQCCRCARCYD1CC5N7M6688BSYADJ7.v0-7-market,collateral-remove-redeem,SP3Z3RAFPPGZ0XHQBZSGN86JJK3C469BXV2ZHTXYX,2026-08-25T00:59:31Z,15,120,105,success,(ok u118404042129),ok,
2026-08-25T01:01:21Z,8834935,0x710da951dc8214a211a3511772f474e1972c9b01cec46a3ef981bcf03a0a13b1,zest-v2,SP1A27KFY4XERQCCRCARCYD1CC5N7M6688BSYADJ7.v0-7-market,supply-collateral-add,SP2ZM1KNQNS96RM1MAJTZV7WE7F38GFGRND4E80DW,2026-08-25T01:01:00Z,21,120,99,success,(ok u140089580),ok,
2026-08-25T01:17:19Z,8835007,0xec27837da870fd15bc1085cf2fe0a023405357ec37291f7eef18509b3390daa1,zest-v2,SP1A27KFY4XERQCCRCARCYD1CC5N7M6688BSYADJ7.v0-7-market,collateral-remove,SP7XZVVXFFHMMTWZ8WNNKNY0TSHM5FQVJDT707CV,2026-08-25T01:16:55Z,24,120,96,success,(ok u0),ok,
2026-08-25T02:05:13Z,8835230,0x21e8cf22fd50e40998eac6714e67cae8c6a891bd4e33260caed04398944cf1d8,zest-v2,SP1A27KFY4XERQCCRCARCYD1CC5N7M6688BSYADJ7.v0-7-market,supply-collateral-add,SP1TYZA2BJGWH1DDHXHMS7SZT8XS2XHVQT5TNYWA3,2026-08-25T02:04:22Z,51,120,69,success,(ok u6523206),ok,
2026-08-25T02:26:54Z,8835327,0xfc482cb8adfb6e58e617f4918abd5f95fb5f282d8913b6e24e929335e17b9f44,zest-v2,SP1A27KFY4XERQCCRCARCYD1CC5N7M6688BSYADJ7.v0-7-market,borrow,SP1E0FWX3Q5PRZRHW9A205YBXMRX7YYS14CDN8RA7,2026-08-25T02:26:02Z,52,120,68,success,(ok true),ok,
2026-08-25T02:39:57Z,8835380,0xac3e22698a03017fd1c8b66d39cb793d865ea7ddbf5f54ed65c64c5fc0c465e7,zest-v2,SP1A27KFY4XERQCCRCARCYD1CC5N7M6688BSYADJ7.v0-7-market,supply-collateral-add,SP2ZM1KNQNS96RM1MAJTZV7WE7F38GFGRND4E80DW,2026-08-25T02:39:37Z,20,120,100,success,(ok u140115291),ok,
2026-08-25T02:40:12Z,8835381,0x4128a4eb16adf26152308826f964c52bc60a07a1965101f0a76e401d7186795a,zest-v2,SP1A27KFY4XERQCCRCARCYD1CC5N7M6688BSYADJ7.v0-7-market,borrow,SP10GK6MG2GM7BCVYV7XBHK1JVJDHFDMNBENNBRC3,2026-08-25T02:39:40Z,32,120,88,success,(ok true),ok,
2026-08-25T02:54:08Z,8835441,0xbc931d432f9bcc32c72ccf32ff5406d23ff515dd8c58ec8c44301435759b90b1,zest-v2,SP1A27KFY4XERQCCRCARCYD1CC5N7M6688BSYADJ7.v0-7-market,collateral-remove-redeem,SPCE87V29VDPEAS925YMV2VG3CMBHY0BXKB08NA4,2026-08-25T02:53:45Z,23,120,97,success,(ok u4999999),ok,
2026-08-25T03:16:02Z,8835535,0x13add3a9fdb9d6f83b6ea02de8cc9e4acaff9d3e57b32b76b1a8ae6c201eaea1,zest-v2,SP1A27KFY4XERQCCRCARCYD1CC5N7M6688BSYADJ7.v0-7-market,supply-collateral-add,SPZ6PGKFTE9G7CMJCBF0T6SRKMMNH47X46RSDTBZ,2026-08-25T03:15:36Z,26,120,94,success,(ok u650924713),ok,
2026-08-25T03:21:20Z,8835560,0xe5a0ac3f936d4e49e01320f52daca055f0345766b51505763a6d45f9d4108afe,zest-v2,SP1A27KFY4XERQCCRCARCYD1CC5N7M6688BSYADJ7.v0-7-market,supply-collateral-add,SPZ6PGKFTE9G7CMJCBF0T6SRKMMNH47X46RSDTBZ,2026-08-25T03:20:53Z,27,120,93,success,(ok u3328924713),ok,
2026-08-25T03:22:38Z,8835567,0x3d1ebbb244018327f5fdde685e257fc6d196ec3ff3cc8678c7df7d0a72cc9ad5,zest-v2,SP1A27KFY4XERQCCRCARCYD1CC5N7M6688BSYADJ7.v0-7-market,borrow,SPZ6PGKFTE9G7CMJCBF0T6SRKMMNH47X46RSDTBZ,2026-08-25T03:22:14Z,24,120,96,success,(ok true),ok,
2026-08-25T03:24:07Z,8835576,0x7b0c516e6b2940d7fdabbe81319d4e7f19d01778276994f3b193aff9f2a38c58,zest-v2,SP1A27KFY4XERQCCRCARCYD1CC5N7M6688BSYADJ7.v0-7-market,borrow,SPZ6PGKFTE9G7CMJCBF0T6SRKMMNH47X46RSDTBZ,2026-08-25T03:23:44Z,23,120,97,success,(ok true),ok,
2026-08-25T04:27:32Z,8835853,0xf9fdbf4c03a9f068ca9fafb6dfcff2bfce0db62c91cbec2e19ed856f007116e1,zest-v2,SP1A27KFY4XERQCCRCARCYD1CC5N7M6688BSYADJ7.v0-7-market,supply-collateral-add,SP3A7MGAH0SKC1ACS854PHXHVWE031FYQCBA8M51D,2026-08-25T04:27:14Z,18,120,102,success,(ok u39978246),ok,
2026-08-25T04:27:59Z,8835855,0x436af0321d2676c48217a111dd4ba9a9a6ed9eda4fbe205b617ba3ea49206e3b,zest-v2,SP1A27KFY4XERQCCRCARCYD1CC5N7M6688BSYADJ7.v0-7-market,borrow,SP3A7MGAH0SKC1ACS854PHXHVWE031FYQCBA8M51D,2026-08-25T04:27:53Z,6,120,114,success,(ok true),ok,
2026-08-25T04:34:31Z,8835881,0xb93444ef6e937e820b845a8c61299042b84c0a923b1f1584dc709fa5a65128e5,zest-v2,SP1A27KFY4XERQCCRCARCYD1CC5N7M6688BSYADJ7.v0-7-market,supply-collateral-add,SP3TGF6BJZWPZMHVXAP6BT8D9V5JW6X4JDD8MPNTD,2026-08-25T04:34:12Z,19,120,101,success,(ok u25647136),ok,
2026-08-25T04:35:36Z,8835886,0x940b07942fc345df1cf02da2e6b9fa03b870e285416b66cc0a4e3c26bb49e34d,zest-v2,SP1A27KFY4XERQCCRCARCYD1CC5N7M6688BSYADJ7.v0-7-market,borrow,SP3TGF6BJZWPZMHVXAP6BT8D9V5JW6X4JDD8MPNTD,2026-08-25T04:35:17Z,19,120,101,success,(ok true),ok,
2026-08-25T04:55:11Z,8835968,0x4de2fce1a4affd6d8f27cb7ae2b6a68240e1ccb6662ab690c16da507598b6ad5,zest-v2,SP1A27KFY4XERQCCRCARCYD1CC5N7M6688BSYADJ7.v0-7-market,supply-collateral-add,SP1MZ5N6YCQ5BFHK4N9NFGXG2K4N53BQ0MFXAKAC1,2026-08-25T04:55:03Z,8,120,112,success,(ok u16474207),ok,
2026-08-25T04:56:24Z,8835973,0x39663f8b77a56fa69e8e6f55a2cd9183a26d1fb7f3d786ae69b7e1c37148c95a,zest-v2,SP1A27KFY4XERQCCRCARCYD1CC5N7M6688BSYADJ7.v0-7-market,borrow,SP1MZ5N6YCQ5BFHK4N9NFGXG2K4N53BQ0MFXAKAC1,2026-08-25T04:56:10Z,14,120,106,success,(ok true),ok,
2026-08-25T05:20:55Z,8836071,0xef24b6cf165a817048fa8260d3104b9a820de738aa133b3bb1725f91140ad37a,zest-v2,SP1A27KFY4XERQCCRCARCYD1CC5N7M6688BSYADJ7.v0-7-market,borrow,SPTWWMRF4ECHHJV8RSJF3057DNBFQCEMJH1DGTF,2026-08-25T05:20:18Z,37,120,83,success,(ok true),ok,
2026-08-25T05:21:17Z,8836073,0xd1be48a85a14ea313fface7386f02c28aba1d40f9955b5ace6291d12174d1caf,zest-v2,SP1A27KFY4XERQCCRCARCYD1CC5N7M6688BSYADJ7.v0-7-market,borrow,SP3XBCE7R73W9TPWSM3B1NYKHYY9P5K81HE0TWPRP,2026-08-25T05:20:24Z,53,120,67,success,(ok true),ok,
2026-08-25T05:24:57Z,8836089,0x359edfaa85d1a64f0781fa7295871a4ece27f26775fa0438f265c4ad790bd3e7,zest-v2,SP1A27KFY4XERQCCRCARCYD1CC5N7M6688BSYADJ7.v0-7-market,supply-collateral-add,SP3XBCE7R73W9TPWSM3B1NYKHYY9P5K81HE0TWPRP,2026-08-25T05:24:19Z,38,120,82,success,(ok u9993956909),ok,
2026-08-25T05:36:44Z,8836137,0x68e5d50a172e46fa479423ddeabd1a42bf76e42a8480e8d5919e240688db7408,zest-v2,SP1A27KFY4XERQCCRCARCYD1CC5N7M6688BSYADJ7.v0-7-market,supply-collateral-add,SPTWWMRF4ECHHJV8RSJF3057DNBFQCEMJH1DGTF,2026-08-25T05:36:30Z,14,120,106,success,(ok u22820526898),ok,
2026-08-25T06:33:10Z,8836416,0xc3d23275341556f66c69494eac4716852b47d51b143a0b8f2ac3ec2c677e0f92,zest-v2,SP1A27KFY4XERQCCRCARCYD1CC5N7M6688BSYADJ7.v0-7-market,collateral-remove-redeem,SP3A7MGAH0SKC1ACS854PHXHVWE031FYQCBA8M51D,2026-08-25T06:33:01Z,9,120,111,success,(ok u39999999),ok,
2026-08-25T06:34:02Z,8836421,0xf94cdb6654acbfaf5010d0fd23ee00b2d0b99c8a6f0b23ae2d42d53944ac0ac0,zest-v2,SP1A27KFY4XERQCCRCARCYD1CC5N7M6688BSYADJ7.v0-7-market,supply-collateral-add,SP3A7MGAH0SKC1ACS854PHXHVWE031FYQCBA8M51D,2026-08-25T06:33:45Z,17,120,103,success,(ok u197686261744),ok,
2026-08-25T06:36:27Z,8836431,0xfe31deca166acf1e710567be4910f536e44420d04aa303e1c13c35eb3f462727,zest-v2,SP1A27KFY4XERQCCRCARCYD1CC5N7M6688BSYADJ7.v0-7-market,borrow,SP3A7MGAH0SKC1ACS854PHXHVWE031FYQCBA8M51D,2026-08-25T06:35:42Z,45,120,75,success,(ok true),ok,
2026-08-25T06:39:36Z,8836444,0x3d43baf67955b6a5f2569bebe4cf65c77265d216f6b61ef6ee529d93bb3cf6a0,zest-v2,SP1A27KFY4XERQCCRCARCYD1CC5N7M6688BSYADJ7.v0-7-market,supply-collateral-add,SP3RJ3TJ6JKRPKE0KAW0MYZ6ZVMWKD68P697TKQKS,2026-08-25T06:39:27Z,9,120,111,success,(ok u58317440544),ok,
2026-08-25T06:41:17Z,8836451,0xe1dc3bf4927aa859f4a5c320670b7f9e0abd81e4f04090e1dccbe8fb0af35e67,zest-v2,SP1A27KFY4XERQCCRCARCYD1CC5N7M6688BSYADJ7.v0-7-market,borrow,SP3RJ3TJ6JKRPKE0KAW0MYZ6ZVMWKD68P697TKQKS,2026-08-25T06:41:07Z,10,120,110,success,(ok true),ok,
2026-08-25T07:01:09Z,8836539,0x56dc4641849073aa476fef00b11170b0e6406a59cd2c0e54a1c76e8011f9b7f8,zest-v2,SP1A27KFY4XERQCCRCARCYD1CC5N7M6688BSYADJ7.v0-7-market,collateral-remove-redeem,SP3TGF6BJZWPZMHVXAP6BT8D9V5JW6X4JDD8MPNTD,2026-08-25T07:00:37Z,32,120,88,success,(ok u25661091),ok,
2026-08-25T07:18:06Z,8836609,0x3668bb235a90f5703e159c326df77ae201177b0e5265a7c05278c7f6715e642b,zest-v2,SP1A27KFY4XERQCCRCARCYD1CC5N7M6688BSYADJ7.v0-7-market,collateral-remove-redeem,SP3A7MGAH0SKC1ACS854PHXHVWE031FYQCBA8M51D,2026-08-25T07:17:58Z,8,120,112,success,(ok u100000098868),ok,
2026-08-25T07:43:59Z,8836726,0xbd1ef93bff497a0edcff0709a3841cf3dc809240b95e257ce4eb929044064052,zest-v2,SP1A27KFY4XERQCCRCARCYD1CC5N7M6688BSYADJ7.v0-7-market,borrow,SPZKWN8EC8DHXYW6D6DVHFVMX2HBWMRTSZET8YHM,2026-08-25T07:43:31Z,28,120,92,success,(ok true),ok,
2026-08-25T07:46:45Z,8836737,0x25c8a900cd4a13bf7766371222b72793d33e6dabde357e82978a22f635ee3701,zest-v2,SP1A27KFY4XERQCCRCARCYD1CC5N7M6688BSYADJ7.v0-7-market,collateral-remove-redeem,SP3RJ3TJ6JKRPKE0KAW0MYZ6ZVMWKD68P697TKQKS,2026-08-25T07:46:23Z,22,120,98,success,(ok u59000081224),ok,
2026-08-25T07:50:41Z,8836754,0x328b8aa3520fe6c5a39e14f19c71015ea2c06cc056b3e70313d9604d853851ad,zest-v2,SP1A27KFY4XERQCCRCARCYD1CC5N7M6688BSYADJ7.v0-7-market,collateral-remove-redeem,SP3A7MGAH0SKC1ACS854PHXHVWE031FYQCBA8M51D,2026-08-25T07:50:22Z,19,120,101,success,(ok u100000148220),ok,
2026-08-25T07:53:44Z,8836765,0xd6f39d091316dc4a93ef7a35747d7f5c206df8e96d01722603a0fa51e32db084,zest-v1,SP2VCQJGH7PHP2DJK7Z0V48AGBHQAW3R3ZW1QF4N.borrow-helper-v2-1-8,liquidation-call,SPP6CG3E4VKDGC1NW7AQMMHCD6053152X9DNT12C,2026-08-25T07:53:25Z,19,360,341,abort_by_response,(err u90000),revert:non-oracle,
2026-08-25T07:53:44Z,8836765,0xa69d375255b810433f6b89a88465be5303086b277b2cb0d27f98afdfbf0d2000,zest-v1,SP2VCQJGH7PHP2DJK7Z0V48AGBHQAW3R3ZW1QF4N.borrow-helper-v2-1-8,liquidation-call,SPP6CG3E4VKDGC1NW7AQMMHCD6053152X9DNT12C,2026-08-25T07:53:25Z,19,360,341,abort_by_response,(err u90000),revert:non-oracle,
2026-08-25T07:53:44Z,8836765,0xbafd2b94f98f1285d5186cc29b2ccc5f87cfb5edd048da5bfb1cf885e4e5f2ba,zest-v1,SP2VCQJGH7PHP2DJK7Z0V48AGBHQAW3R3ZW1QF4N.borrow-helper-v2-1-8,liquidation-call,SPP6CG3E4VKDGC1NW7AQMMHCD6053152X9DNT12C,2026-08-25T07:53:25Z,19,360,341,abort_by_response,(err u90000),revert:non-oracle,
2026-08-25T07:53:44Z,8836765,0x87de6fc68afabf103d8d312f0f3e3014432c23a1dd904fe56d58369536af052a,zest-v1,SP2VCQJGH7PHP2DJK7Z0V48AGBHQAW3R3ZW1QF4N.borrow-helper-v2-1-8,liquidation-call,SPP6CG3E4VKDGC1NW7AQMMHCD6053152X9DNT12C,2026-08-25T07:53:25Z,19,360,341,abort_by_response,(err u90000),revert:non-oracle,
2026-08-25T07:53:44Z,8836765,0x8444ecb0ae51f8d17a49be59f899a2b23edf23c8739634bc53dac3111b06ca6a,zest-v1,SP2VCQJGH7PHP2DJK7Z0V48AGBHQAW3R3ZW1QF4N.borrow-helper-v2-1-8,liquidation-call,SPP6CG3E4VKDGC1NW7AQMMHCD6053152X9DNT12C,2026-08-25T07:53:25Z,19,360,341,abort_by_response,(err u90000),revert:non-oracle,
2026-08-25T07:53:44Z,8836765,0x6435abd2a562a6b927e65a0d00a47567f64c11bd79aea1097a0a5e6a028f2eef,zest-v1,SP2VCQJGH7PHP2DJK7Z0V48AGBHQAW3R3ZW1QF4N.borrow-helper-v2-1-8,liquidation-call,SPP6CG3E4VKDGC1NW7AQMMHCD6053152X9DNT12C,2026-08-25T07:53:25Z,19,360,341,abort_by_response,(err u90000),revert:non-oracle,
2026-08-25T07:53:44Z,8836765,0x0ef2387e8e03594e9f5a7bb6ebdc6412102fb27776f03894ec2694ec03576519,zest-v1,SP2VCQJGH7PHP2DJK7Z0V48AGBHQAW3R3ZW1QF4N.borrow-helper-v2-1-8,liquidation-call,SPP6CG3E4VKDGC1NW7AQMMHCD6053152X9DNT12C,2026-08-25T07:53:25Z,19,360,341,abort_by_response,(err u90000),revert:non-oracle,
2026-08-25T07:53:44Z,8836765,0xfece18a11cd900142e57cb6891fb9602bd86f063b5694ed575c7f0cef92a8122,zest-v1,SP2VCQJGH7PHP2DJK7Z0V48AGBHQAW3R3ZW1QF4N.borrow-helper-v2-1-8,liquidation-call,SPP6CG3E4VKDGC1NW7AQMMHCD6053152X9DNT12C,2026-08-25T07:53:25Z,19,360,341,abort_by_response,(err u90000),revert:non-oracle,
2026-08-25T07:53:44Z,8836765,0x83aaac2ef458be1fe20f8f307f898dac90cb52b2add0bba5c7c33be0785fabe4,zest-v1,SP2VCQJGH7PHP2DJK7Z0V48AGBHQAW3R3ZW1QF4N.borrow-helper-v2-1-8,liquidation-call,SPP6CG3E4VKDGC1NW7AQMMHCD6053152X9DNT12C,2026-08-25T07:53:25Z,19,360,341,abort_by_response,(err u90000),revert:non-oracle,
2026-08-25T07:58:53Z,8836786,0x184dbbacc6e465a2376dba5cc933c2df2aa3b92bae4486e77bd4b653563ac0ae,zest-v2,SP1A27KFY4XERQCCRCARCYD1CC5N7M6688BSYADJ7.v0-7-market,borrow,SPZKWN8EC8DHXYW6D6DVHFVMX2HBWMRTSZET8YHM,2026-08-25T07:58:33Z,20,120,100,success,(ok true),ok,
2026-08-25T08:02:14Z,8836802,0x9eb022da4b2c99b8544f3bf50ff73a82391c7efaf281760609b8708938d9c6ca,zest-v2,SP1A27KFY4XERQCCRCARCYD1CC5N7M6688BSYADJ7.v0-7-market,collateral-remove-redeem,SP1MZ5N6YCQ5BFHK4N9NFGXG2K4N53BQ0MFXAKAC1,2026-08-25T08:01:59Z,15,120,105,success,(ok u16483171),ok,
2026-08-25T08:06:29Z,8836818,0x18ddd94acb5f7633061f9c1541e47cfc4ee31ab159cb9310c9a8dee46cd67595,zest-v2,SP1A27KFY4XERQCCRCARCYD1CC5N7M6688BSYADJ7.v0-7-market,collateral-remove-redeem,SP1NAAJHMAVTM581N250602CP0B083YCH8V212D1P,2026-08-25T08:05:48Z,41,120,79,success,(ok u10799999),ok,
2026-08-25T08:27:33Z,8836915,0x6532479c341b342d45bbf65c1557f87c5e039e8e851899f612a714e63243bdd8,zest-v2,SP1A27KFY4XERQCCRCARCYD1CC5N7M6688BSYADJ7.v0-7-market,supply-collateral-add,SP1NAAJHMAVTM581N250602CP0B083YCH8V212D1P,2026-08-25T08:27:17Z,16,120,104,success,(ok u70765516),ok,
2026-08-25T08:31:36Z,8836934,0x76ea0988237264e80236f5c6f34a528b54cc7604d40a9841f0e23cb7ef94ebe4,zest-v2,SP1A27KFY4XERQCCRCARCYD1CC5N7M6688BSYADJ7.v0-7-market,borrow,SP2R8C36A8KVBBWYC4ASD6V36S2E9VJ0FXWV2T4CP,2026-08-25T08:31:25Z,11,120,109,success,(ok true),ok,
2026-08-25T08:56:33Z,8837046,0x7dfc26a9bb000c27825ed3396b66b0a11b0d6360ed52185a663c0fecbcb218c0,zest-v2,SP1A27KFY4XERQCCRCARCYD1CC5N7M6688BSYADJ7.v0-7-market,borrow,SP2K8KMB5KFZHHPEGDH0X7Y8KVQSG3CYHJVSX3FHQ,2026-08-25T08:56:02Z,31,120,89,success,(ok true),ok,
2026-08-25T09:07:12Z,8837098,0x5543a79419bb189cffede0b76a37d66bc9e45f1e6e4225c33bbd734b9c37faad,zest-v2,SP1A27KFY4XERQCCRCARCYD1CC5N7M6688BSYADJ7.v0-7-market,borrow,SPZKWN8EC8DHXYW6D6DVHFVMX2HBWMRTSZET8YHM,2026-08-25T09:06:36Z,36,120,84,success,(ok true),ok,
2026-08-25T09:11:36Z,8837108,0x445b6f8421cc30fa2c8ac9153763e3c71f00e7c1831ca0a65c459152667a7b5d,zest-v2,SP1A27KFY4XERQCCRCARCYD1CC5N7M6688BSYADJ7.v0-7-market,borrow,SP2K8KMB5KFZHHPEGDH0X7Y8KVQSG3CYHJVSX3FHQ,2026-08-25T09:09:53Z,103,120,17,success,(ok true),ok,
2026-08-25T09:22:00Z,8837157,0x56eaa4adefa62bcbaac378cdec6bbf11c89f8ee9ca3fd8ed5404d3341e8b7442,zest-v2,SP1A27KFY4XERQCCRCARCYD1CC5N7M6688BSYADJ7.v0-7-market,borrow,SP2K8KMB5KFZHHPEGDH0X7Y8KVQSG3CYHJVSX3FHQ,2026-08-25T09:21:51Z,9,120,111,success,(ok true),ok,
2026-08-25T10:19:33Z,8837449,0x3f5260837527459693ab25f398842eb913e975699c55ef1eecbfd5952ed72aba,zest-v2,SP1A27KFY4XERQCCRCARCYD1CC5N7M6688BSYADJ7.v0-7-market,supply-collateral-add,SP21CPVYZQTTQAEWNV8T1TXJW9YQSSWQYB5SSD408,2026-08-25T10:17:24Z,129,120,-9,success,(ok u76138),ok,
2026-08-25T10:30:46Z,8837500,0x1957a79aff38ab742c34570ab447384baaaf1737cc94db99274881bdf1e40c2d,zest-v2,SP1A27KFY4XERQCCRCARCYD1CC5N7M6688BSYADJ7.v0-7-market,supply-collateral-add,SP2ZM1KNQNS96RM1MAJTZV7WE7F38GFGRND4E80DW,2026-08-25T10:30:23Z,23,120,97,success,(ok u140172513),ok,
2026-08-25T10:46:06Z,8837570,0xd4669606915e24c8c3a4822db9ae0c89bfe151fec0aa280678abe228f08b5ec1,zest-v2,SP1A27KFY4XERQCCRCARCYD1CC5N7M6688BSYADJ7.v0-7-market,borrow,SP2ZM1KNQNS96RM1MAJTZV7WE7F38GFGRND4E80DW,2026-08-25T10:45:31Z,35,120,85,success,(ok true),ok,
2026-08-25T10:52:06Z,8837598,0x02702ea5835422fe84eb34e42b09582b764ca97cbe61a5e0cf892b66cfdccb00,zest-v2,SP1A27KFY4XERQCCRCARCYD1CC5N7M6688BSYADJ7.v0-7-market,borrow,SP1Y3FBARS8CVANS1GCYVN3B6NZFMA7H61Z6TP6RK,2026-08-25T10:51:27Z,39,120,81,success,(ok true),ok,
2026-08-25T10:55:01Z,8837613,0x649bd7a05aa10cc6a82d28b39a97ffc8de3f31f6afa2757618c773599d9d0780,zest-v2,SP1A27KFY4XERQCCRCARCYD1CC5N7M6688BSYADJ7.v0-7-market,supply-collateral-add,SP2ZM1KNQNS96RM1MAJTZV7WE7F38GFGRND4E80DW,2026-08-25T10:54:37Z,24,120,96,success,(ok u140202331),ok,
2026-08-25T11:40:57Z,8837839,0x76c06e6c978d36544e063c2793228e916ff31a2b874d29ea531c032ae9b948b8,zest-v2,SP1A27KFY4XERQCCRCARCYD1CC5N7M6688BSYADJ7.v0-7-market,collateral-remove-redeem,SP2ZM1KNQNS96RM1MAJTZV7WE7F38GFGRND4E80DW,2026-08-25T11:40:18Z,39,120,81,success,(ok u5599999),ok,
2026-08-25T11:43:17Z,8837850,0xa7d4144488a144c4e1c1d275150ee98363c3349482be0faeff7115e9472fead9,zest-v2,SP1A27KFY4XERQCCRCARCYD1CC5N7M6688BSYADJ7.v0-7-market,supply-collateral-add,SP2ZM1KNQNS96RM1MAJTZV7WE7F38GFGRND4E80DW,2026-08-25T11:43:01Z,16,120,104,success,(ok u135194335),ok,
2026-08-25T11:44:22Z,8837855,0x4cb9b8fdd7794a5f09aa773e67f7f0accfdee14f560f80142d68ca8771d4fa9d,zest-v2,SP1A27KFY4XERQCCRCARCYD1CC5N7M6688BSYADJ7.v0-7-market,collateral-remove-redeem,SP22H4KA8XSCKTT39J8JJSJ8MYMGJW1WV21X3634C,2026-08-25T11:44:01Z,21,120,99,success,(ok u126199),ok,
2026-08-25T11:52:45Z,8837892,0xe453465082d7c9f805d9ec7165f93c0df624a59bd07150bc48983fb3f49407b3,zest-v2,SP1A27KFY4XERQCCRCARCYD1CC5N7M6688BSYADJ7.v0-7-market,supply-collateral-add,SP2ZM1KNQNS96RM1MAJTZV7WE7F38GFGRND4E80DW,2026-08-25T11:52:24Z,21,120,99,success,(ok u135210266),ok,
2026-08-25T12:22:06Z,8838039,0x3b3ee15de94f3308cbcd3fbff9a0a3e559c4ed91fd59ff7e264b54c1a014b35c,zest-v2,SP1A27KFY4XERQCCRCARCYD1CC5N7M6688BSYADJ7.v0-7-market,supply-collateral-add,SP2ZM1KNQNS96RM1MAJTZV7WE7F38GFGRND4E80DW,2026-08-25T12:21:48Z,18,120,102,success,(ok u138964638),ok,
2026-08-25T12:29:25Z,8838079,0x5a346b24d228c4c5762fed7832e67975d553bf20add0bd94cfb3f4753123b008,zest-v2,SP1A27KFY4XERQCCRCARCYD1CC5N7M6688BSYADJ7.v0-7-market,supply-collateral-add,SP2ZM1KNQNS96RM1MAJTZV7WE7F38GFGRND4E80DW,2026-08-25T12:29:05Z,20,120,100,success,(ok u138978208),ok,
2026-08-25T12:32:39Z,8838097,0x0604bdc15c1de7ca49680f02cd56a55eef6bd313bb640c6f23146be6e05ec2cd,zest-v2,SP1A27KFY4XERQCCRCARCYD1CC5N7M6688BSYADJ7.v0-7-market,supply-collateral-add,SP2ZM1KNQNS96RM1MAJTZV7WE7F38GFGRND4E80DW,2026-08-25T12:32:21Z,18,120,102,success,(ok u139028651),ok,
2026-08-25T12:42:11Z,8838146,0x9d99dd397407a04c3cd2315745628bd9962ab03ff834fa2fe0f5899ab785b5e6,granite-usdcx,SP3M2BYF7RGF8WKW5FVDNJ6WR8D7AR9BHDXAKPXZE.state-v1,borrow,SP22YFNH4BYXM6QK3XN55JTJSRBHE99K5VPH8S4BR,2026-08-25T12:40:59Z,72,300,228,success,(ok true),ok,
2026-08-25T12:44:06Z,8838157,0x9005d6f0475770cf8182e3a20d804cec325fd42fb9696001f5d8ce550be4cd46,zest-v2,SP1A27KFY4XERQCCRCARCYD1CC5N7M6688BSYADJ7.v0-7-market,collateral-remove,SP22YFNH4BYXM6QK3XN55JTJSRBHE99K5VPH8S4BR,2026-08-25T12:43:36Z,30,120,90,success,(ok u0),ok,
2026-08-25T12:48:19Z,8838180,0x3bb8f7ade1198cadaf0253600db49f945ce9d2db7c8fde0fae364ea556b5e82e,zest-v2,SP1A27KFY4XERQCCRCARCYD1CC5N7M6688BSYADJ7.v0-7-market,supply-collateral-add,SP2ZM1KNQNS96RM1MAJTZV7WE7F38GFGRND4E80DW,2026-08-25T12:48:00Z,19,120,101,success,(ok u139068357),ok,
2026-08-25T13:22:02Z,8838370,0xb84b450d2485e8d506af20d4e81940b9c4727e5644900e72d8572343f3d13a06,zest-v2,SP1A27KFY4XERQCCRCARCYD1CC5N7M6688BSYADJ7.v0-7-market,borrow,SP3DTQCET0EA44C9BP2HG387YHNW5XPWDV5Q0ZKKG,2026-08-25T13:21:46Z,16,120,104,success,(ok true),ok,
2026-08-25T13:22:50Z,8838374,0x80ada13057feff0c4da7a39b597ac385e095dd99e5b21a7acfe40808bc80201e,zest-v2,SP1A27KFY4XERQCCRCARCYD1CC5N7M6688BSYADJ7.v0-7-market,supply-collateral-add,SP3DTQCET0EA44C9BP2HG387YHNW5XPWDV5Q0ZKKG,2026-08-25T13:22:33Z,17,120,103,success,(ok u1626178128),ok,
2026-08-25T13:25:22Z,8838386,0x7a675828d8ea96a9cae404ac9eeb8cc966db434f54d86da92da6cfeb6a8ae4d7,zest-v2,SP1A27KFY4XERQCCRCARCYD1CC5N7M6688BSYADJ7.v0-7-market,borrow,SP3DTQCET0EA44C9BP2HG387YHNW5XPWDV5Q0ZKKG,2026-08-25T13:24:55Z,27,120,93,abort_by_post_condition,(err u400005),revert:non-oracle,
2026-08-25T13:27:31Z,8838396,0x21778f3598bf44fa897ff9bbe82bbfd89eb075b40f8dd05c7576f665776e5eaf,zest-v2,SP1A27KFY4XERQCCRCARCYD1CC5N7M6688BSYADJ7.v0-7-market,borrow,SP3DTQCET0EA44C9BP2HG387YHNW5XPWDV5Q0ZKKG,2026-08-25T13:27:10Z,21,120,99,success,(ok true),ok,
2026-08-25T13:28:13Z,8838399,0x7f1bf3febe5d4b91dc3a9dc5b02ff4de4a03cf27449fc38d6eeb786e1813b8d6,zest-v2,SP1A27KFY4XERQCCRCARCYD1CC5N7M6688BSYADJ7.v0-7-market,supply-collateral-add,SP3DTQCET0EA44C9BP2HG387YHNW5XPWDV5Q0ZKKG,2026-08-25T13:27:55Z,18,120,102,success,(ok u1726627439),ok,
2026-08-25T13:30:02Z,8838406,0xd614145ff71c6ab029c93002fc45a4c7ff34533e1c482dfc44c7278145d89572,zest-v2,SP1A27KFY4XERQCCRCARCYD1CC5N7M6688BSYADJ7.v0-7-market,borrow,SP3DTQCET0EA44C9BP2HG387YHNW5XPWDV5Q0ZKKG,2026-08-25T13:29:48Z,14,120,106,abort_by_post_condition,(err u400005),revert:non-oracle,
2026-08-25T13:31:19Z,8838411,0x7504e2256abe20e24bb056a595040f461c0a5987aa9da6711300e354e1910311,zest-v2,SP1A27KFY4XERQCCRCARCYD1CC5N7M6688BSYADJ7.v0-7-market,borrow,SP3DTQCET0EA44C9BP2HG387YHNW5XPWDV5Q0ZKKG,2026-08-25T13:30:57Z,22,120,98,abort_by_post_condition,(err u400005),revert:non-oracle,
2026-08-25T13:34:22Z,8838421,0xf10a19e8920318ab280b5c3578fb109abbf168e47efdaef81326d01893f37945,zest-v2,SP1A27KFY4XERQCCRCARCYD1CC5N7M6688BSYADJ7.v0-7-market,borrow,SP3DTQCET0EA44C9BP2HG387YHNW5XPWDV5Q0ZKKG,2026-08-25T13:33:01Z,81,120,39,abort_by_post_condition,(err u400005),revert:non-oracle,
2026-08-25T14:02:46Z,8838536,0xa1bad3eff1eb7b7f7a5dfb566aa2ad5eb13f6734da7428482c771f2d2c4d81d7,zest-v2,SP1A27KFY4XERQCCRCARCYD1CC5N7M6688BSYADJ7.v0-7-market,borrow,SP3DTQCET0EA44C9BP2HG387YHNW5XPWDV5Q0ZKKG,2026-08-25T14:02:12Z,34,120,86,abort_by_post_condition,(err u400005),revert:non-oracle,
2026-08-25T14:37:28Z,8838669,0x9eb825953245c8180229e042bfbc90d153b1e2895b5bbefe274a481bbda9c52e,zest-v2,SP1A27KFY4XERQCCRCARCYD1CC5N7M6688BSYADJ7.v0-7-market,supply-collateral-add,SP1F919MMKCFJJBTPMTHZM9YNM7QF62VK19QM5RSQ,2026-08-25T14:37:22Z,6,120,114,success,(ok u7047967),ok,
2026-08-25T14:46:15Z,8838704,0xfe716d67bab96f0ddb66e369a864236c5c9b52285bfb8345c5efb751163562ef,zest-v2,SP1A27KFY4XERQCCRCARCYD1CC5N7M6688BSYADJ7.v0-7-market,supply-collateral-add,SP2ZM1KNQNS96RM1MAJTZV7WE7F38GFGRND4E80DW,2026-08-25T14:45:57Z,18,120,102,success,(ok u139205449),ok,
2026-08-25T14:59:28Z,8838764,0x60321726b924829ce07c595857e8aa6dec11daf89e209e6a3ff379bf2050c9e1,zest-v1,SP2VCQJGH7PHP2DJK7Z0V48AGBHQAW3R3ZW1QF4N.borrow-helper-v2-1-8,liquidation-call,SPP6CG3E4VKDGC1NW7AQMMHCD6053152X9DNT12C,2026-08-25T14:59:19Z,9,360,351,abort_by_response,(err u90000),revert:non-oracle,
2026-08-25T14:59:28Z,8838764,0x2d8c0f9d2808ed7a66af341bd46a62f6111f2e1359102f6eb1136610e1cec48b,zest-v1,SP2VCQJGH7PHP2DJK7Z0V48AGBHQAW3R3ZW1QF4N.borrow-helper-v2-1-8,liquidation-call,SPP6CG3E4VKDGC1NW7AQMMHCD6053152X9DNT12C,2026-08-25T14:59:19Z,9,360,351,abort_by_response,(err u90000),revert:non-oracle,
2026-08-25T15:06:20Z,8838793,0xdacc1e692c4def3b63c4aed61b37c9ed82b39d68fb04cfa410af98e1ce617809,zest-v2,SP1A27KFY4XERQCCRCARCYD1CC5N7M6688BSYADJ7.v0-7-market,collateral-remove-redeem,SP2X7D44FKYJNPTY3M99V7CMTKYDA4YPVY9TBDJQ8,2026-08-25T15:06:02Z,18,120,102,success,(ok u3776978593),ok,
2026-08-25T15:56:38Z,8839046,0x44dcdd5568c43f446aebb4d79b3cda837fc40fec3de4e7b4212ccf3fc0809acc,zest-v2,SP1A27KFY4XERQCCRCARCYD1CC5N7M6688BSYADJ7.v0-7-market,borrow,SPCDCWBEZ9ZEK49BNMDE2MDMJ0E01W02H9SA4TVZ,2026-08-25T15:56:23Z,15,120,105,success,(ok true),ok,
2026-08-25T15:56:38Z,8839046,0xfff2d41b84059942e06b8010b831c562bb628cd280d1958df0f762206b9643f7,zest-v2,SP1A27KFY4XERQCCRCARCYD1CC5N7M6688BSYADJ7.v0-7-market,supply-collateral-add,SP31SWB58Q599WE8YP6BEJP3XD3QMBJJ7534HSCZV,2026-08-25T15:56:24Z,14,120,106,success,(ok u494209714),ok,
2026-08-25T16:00:55Z,8839066,0xadb701e248343ad983fa01099bf137a10d67d88243bd43192ff8dbb64553ad82,zest-v2,SP1A27KFY4XERQCCRCARCYD1CC5N7M6688BSYADJ7.v0-7-market,collateral-remove-redeem,SP31SWB58Q599WE8YP6BEJP3XD3QMBJJ7534HSCZV,2026-08-25T16:00:40Z,15,120,105,success,(ok u500000045),ok,
2026-08-25T17:18:39Z,8839465,0xe3e3e4856d4cf57b729a8ac911c6d34eea0b22caeaf7980e4c152a7f2c5635df,zest-v2,SP1A27KFY4XERQCCRCARCYD1CC5N7M6688BSYADJ7.v0-7-market,supply-collateral-add,SP2C2C0RW0936QWRMVBV81K5MTE21GTA3R5C84XAQ,2026-08-25T17:18:16Z,23,120,97,success,(ok u12006184),ok,
2026-08-25T17:22:39Z,8839489,0x23c6903763935beace94425775c1355616d50e9092e7bde3126f7a49998c83d3,zest-v1,SP2VCQJGH7PHP2DJK7Z0V48AGBHQAW3R3ZW1QF4N.borrow-helper-v2-1-8,withdraw,SP2C2C0RW0936QWRMVBV81K5MTE21GTA3R5C84XAQ,2026-08-25T17:22:20Z,19,360,341,success,(ok true),ok,
2026-08-25T17:23:39Z,8839493,0x4a45053baf643600df785e1348ade3ed23af0c674e7070ba20498ad8a97df883,zest-v2,SP1A27KFY4XERQCCRCARCYD1CC5N7M6688BSYADJ7.v0-7-market,supply-collateral-add,SP2C2C0RW0936QWRMVBV81K5MTE21GTA3R5C84XAQ,2026-08-25T17:23:24Z,15,120,105,success,(ok u512194177),ok,
2026-08-25T17:35:20Z,8839554,0x4b2dadd43a6b2a409a75d8fc4ac4c4e3375eed5ef9c4ba8a1142f35b3bd60e9d,zest-v1,SP2VCQJGH7PHP2DJK7Z0V48AGBHQAW3R3ZW1QF4N.borrow-helper-v2-1-8,withdraw,SP17VTVH34FKX3ZQQSTNPED4202BCRA2H9MR83DBX,2026-08-25T05:41:12Z,42848,360,-42488,abort_by_post_condition,(err u6006),oracle-revert:stale,Lazer verify failed (incl. age >= 360 s)
2026-08-25T17:53:08Z,8839647,0x8d043c3e25d7dad6364fe686674a420be7f757ed28f46b532d6cbc12546d7492,zest-v2,SP1A27KFY4XERQCCRCARCYD1CC5N7M6688BSYADJ7.v0-7-market,supply-collateral-add,SP3TGF6BJZWPZMHVXAP6BT8D9V5JW6X4JDD8MPNTD,2026-08-25T17:52:52Z,16,120,104,success,(ok u24790507),ok,
2026-08-25T17:53:42Z,8839650,0xd29fb48938415ba1f7706aa1ea845b79ceee376529afece805c4c0fd26127079,zest-v2,SP1A27KFY4XERQCCRCARCYD1CC5N7M6688BSYADJ7.v0-7-market,borrow,SP3TGF6BJZWPZMHVXAP6BT8D9V5JW6X4JDD8MPNTD,2026-08-25T17:53:34Z,8,120,112,success,(ok true),ok,
2026-08-25T18:19:26Z,8839780,0x14d37e8616ce7408c350c60cf1b615f838a30d591b6a9b89d3b00cc435afc813,zest-v1,SP2VCQJGH7PHP2DJK7Z0V48AGBHQAW3R3ZW1QF4N.borrow-helper-v2-1-8,withdraw,SP3EFB7S8VEWNDPY0TE0JRX15BRN538B4XDWQM42P,2026-08-25T18:18:40Z,46,360,314,success,(ok true),ok,
2026-08-25T18:22:46Z,8839795,0x3716a80287bef95ce0c972cbf54caeb6cd0a782c73f5984f1667e86d9b8013d4,zest-v2,SP1A27KFY4XERQCCRCARCYD1CC5N7M6688BSYADJ7.v0-7-market,collateral-remove-redeem,SP3TGF6BJZWPZMHVXAP6BT8D9V5JW6X4JDD8MPNTD,2026-08-25T18:22:31Z,15,120,105,success,(ok u24803997),ok,
2026-08-25T19:09:51Z,8840037,0x9d20e3bbe5e147888801d343bb001262f3803c4773eca030231379127d592d21,zest-v1,SP2VCQJGH7PHP2DJK7Z0V48AGBHQAW3R3ZW1QF4N.borrow-helper-v2-1-8,withdraw,SP25NQV0CGGXBNAJWNE617TD9H8TZ8KRGHXGF7YMN,2026-08-25T19:09:29Z,22,360,338,success,(ok true),ok,
2026-08-25T19:38:13Z,8840155,0x1916373c22c847decb5102553094d391e68d38c708ba7d05802ed680f7b2ff14,zest-v2,SP1A27KFY4XERQCCRCARCYD1CC5N7M6688BSYADJ7.v0-7-market,borrow,SP1F919MMKCFJJBTPMTHZM9YNM7QF62VK19QM5RSQ,2026-08-25T19:38:04Z,9,120,111,success,(ok true),ok,
2026-08-25T19:43:06Z,8840174,0xd6d55854a6295bec2966bdc3b10ff4a9774e59019812c4db96aab72ca1543ea2,zest-v2,SP1A27KFY4XERQCCRCARCYD1CC5N7M6688BSYADJ7.v0-7-market,supply-collateral-add,SP2ZM1KNQNS96RM1MAJTZV7WE7F38GFGRND4E80DW,2026-08-25T19:42:43Z,23,120,97,success,(ok u139282628),ok,
2026-08-25T20:34:21Z,8840421,0x4f29b930aeec0d7aec06cad370552467113fa6b638ac6239f16c07410a40dbf5,zest-v2,SP1A27KFY4XERQCCRCARCYD1CC5N7M6688BSYADJ7.v0-7-market,supply-collateral-add,SP3A7MGAH0SKC1ACS854PHXHVWE031FYQCBA8M51D,2026-08-25T20:33:59Z,22,120,98,success,(ok u39920947394),ok,
2026-08-25T20:35:13Z,8840425,0x438ce0e0295384267b3f05cebadec5c8504bdc589231b3ef504b6542d5948b2d,zest-v2,SP1A27KFY4XERQCCRCARCYD1CC5N7M6688BSYADJ7.v0-7-market,borrow,SP3A7MGAH0SKC1ACS854PHXHVWE031FYQCBA8M51D,2026-08-25T20:34:56Z,17,120,103,success,(ok true),ok,
2026-08-25T21:04:46Z,8840582,0x6ae8c8492ea79bd6ac16114f1a9343f4c5a554e21f75b8ed31a1ae34d4051f7b,zest-v2,SP1A27KFY4XERQCCRCARCYD1CC5N7M6688BSYADJ7.v0-7-market,supply-collateral-add,SP2M7K3YM8813404G1R7AXV106CPWH0Z5ZA80JVAV,2026-08-25T21:04:38Z,8,120,112,success,(ok u36145828662),ok,
2026-08-25T21:29:52Z,8840723,0xb99899b1a8f65baf8d20b0a61b0408a28867ce931c1006dbcb0fca904b159c81,zest-v2,SP1A27KFY4XERQCCRCARCYD1CC5N7M6688BSYADJ7.v0-7-market,collateral-remove-redeem,SP1NMRRSJM9Y6DCNT6FJ6A56WB6901H1KSJ2PQD58,2026-08-25T21:29:34Z,18,120,102,success,(ok u94052154105),ok,
2026-08-25T21:57:14Z,8840844,0xb03914e542b22ebed86c3046b78d193dd0310530b7510f7942c6ae6a44b84e3e,zest-v2,SP1A27KFY4XERQCCRCARCYD1CC5N7M6688BSYADJ7.v0-7-market,borrow,SPCE87V29VDPEAS925YMV2VG3CMBHY0BXKB08NA4,2026-08-25T21:57:03Z,11,120,109,success,(ok true),ok,
2026-08-25T22:23:17Z,8840973,0xb7813c88551c13d4771c9df273b18389ed4c26928680efae6531a4132c79d763,zest-v1,SP2VCQJGH7PHP2DJK7Z0V48AGBHQAW3R3ZW1QF4N.borrow-helper-v2-1-8,withdraw,SPCGJ4E9DWK2868YDHH2FBFRCJQWSBTQX7JXBMEZ,2026-08-25T22:23:03Z,14,360,346,success,(ok true),ok,
2026-08-25T22:29:44Z,8841010,0x354079ac54aeeeab8699b428620259c43f5a65c8cd20cabffbd473951cba6d55,zest-v2,SP1A27KFY4XERQCCRCARCYD1CC5N7M6688BSYADJ7.v0-7-market,supply-collateral-add,SPCGJ4E9DWK2868YDHH2FBFRCJQWSBTQX7JXBMEZ,2026-08-25T22:29:38Z,6,120,114,success,(ok u57029971),ok,
2026-08-25T22:38:39Z,8841060,0x1a68142bc75794388b196d033c7d2f7c6eecc242e71582883e7c31d94c27f782,zest-v2,SP1A27KFY4XERQCCRCARCYD1CC5N7M6688BSYADJ7.v0-7-market,supply-collateral-add,SP2T1QF8EHK7N54ZC6Q07S65X38XFDKBZ780K512Z,2026-08-25T22:38:23Z,16,120,104,success,(ok u422210362),ok,
2026-08-25T23:21:46Z,8841277,0xcfacf6fbc744813116f6dad6c55748e51306b6f337c65f8ebe022da529f6fa0c,zest-v2,SP1A27KFY4XERQCCRCARCYD1CC5N7M6688BSYADJ7.v0-7-market,supply-collateral-add,SP1JNG2J533ZKN8GZY8VPEJ3PA9JFS7BR9HX7TS4,2026-08-25T23:21:15Z,31,120,89,success,(ok u1910583250),ok,
2026-08-25T23:42:25Z,8841371,0x37e7aa182a90accaa80aca8f14fc08db4178f6eb16ed77287acc4f68816e9775,zest-v2,SP1A27KFY4XERQCCRCARCYD1CC5N7M6688BSYADJ7.v0-7-market,supply-collateral-add,SP1T6D21XKM303E7QT7GVQZBWXFXYBQ044R1FT81V,2026-08-25T23:42:03Z,22,120,98,success,(ok u3903506),ok,
2026-08-25T23:46:28Z,8841389,0xcc43ce9e9a13eee738308e392d87c450405e202e21736c8709334c45aa5e43c4,zest-v2,SP1A27KFY4XERQCCRCARCYD1CC5N7M6688BSYADJ7.v0-7-market,supply-collateral-add,SP2ZM1KNQNS96RM1MAJTZV7WE7F38GFGRND4E80DW,2026-08-25T23:46:02Z,26,120,94,success,(ok u139461411),ok,
2026-08-26T00:00:37Z,8841448,0x0e323190215e149877a9439416166ecc29da07b41bf430dd3eaa59069dcd8c1e,zest-v2,SP1A27KFY4XERQCCRCARCYD1CC5N7M6688BSYADJ7.v0-7-market,collateral-remove-redeem,SP3A7MGAH0SKC1ACS854PHXHVWE031FYQCBA8M51D,2026-08-26T00:00:13Z,24,120,96,success,(ok u40000094131),ok,
2026-08-26T00:33:41Z,8841576,0xbfe4e15c4f675071b61cb4145452925a2c33909a1755b5f0a8109930bc011e96,zest-v2,SP1A27KFY4XERQCCRCARCYD1CC5N7M6688BSYADJ7.v0-7-market,borrow,SP2ZM1KNQNS96RM1MAJTZV7WE7F38GFGRND4E80DW,2026-08-26T00:31:31Z,130,120,-10,abort_by_post_condition,(err u400015),oracle-revert:stale,"ERR-ORACLE-MULTI (stale, monotonic race, confidence)"
2026-08-26T00:35:04Z,8841582,0x3cbf5f0dbc5fb266b604cbdde7e57f9c1d67f7f47ae8d2bacbd517200c8f957a,zest-v2,SP1A27KFY4XERQCCRCARCYD1CC5N7M6688BSYADJ7.v0-7-market,borrow,SP2ZM1KNQNS96RM1MAJTZV7WE7F38GFGRND4E80DW,2026-08-26T00:34:39Z,25,120,95,success,(ok true),ok,
2026-08-26T02:14:40Z,8842025,0x401f73c510647dc932a870fb5c24fbb82cd9b492966dcbdc901137c690c42196,zest-v2,SP1A27KFY4XERQCCRCARCYD1CC5N7M6688BSYADJ7.v0-7-market,supply-collateral-add,SP1MZ5N6YCQ5BFHK4N9NFGXG2K4N53BQ0MFXAKAC1,2026-08-26T02:14:21Z,19,120,101,success,(ok u16468500),ok,
2026-08-26T02:15:22Z,8842028,0x90379489c0dd8e03c154c943f2366f63a526b693d776d62e6d8b898b27a59390,zest-v2,SP1A27KFY4XERQCCRCARCYD1CC5N7M6688BSYADJ7.v0-7-market,borrow,SP1MZ5N6YCQ5BFHK4N9NFGXG2K4N53BQ0MFXAKAC1,2026-08-26T02:15:12Z,10,120,110,success,(ok true),ok,
2026-08-26T02:18:49Z,8842041,0x3d7ccfc9538265011e9145ddf918bb6ae82091690b4fe2f9977ff65d29bb449c,zest-v2,SP1A27KFY4XERQCCRCARCYD1CC5N7M6688BSYADJ7.v0-7-market,supply-collateral-add,SP3A7MGAH0SKC1ACS854PHXHVWE031FYQCBA8M51D,2026-08-26T02:18:40Z,9,120,111,success,(ok u197681204037),ok,
2026-08-26T02:19:31Z,8842043,0xe46fcbcdca2e1bb0002b56203fc0849f19eff7f38935634dacee528b7de3cff0,zest-v2,SP1A27KFY4XERQCCRCARCYD1CC5N7M6688BSYADJ7.v0-7-market,borrow,SP3A7MGAH0SKC1ACS854PHXHVWE031FYQCBA8M51D,2026-08-26T02:19:16Z,15,120,105,success,(ok true),ok,
2026-08-26T02:43:45Z,8842147,0x65b1329bc48df513a72d65b679b6e80edf91275afe2515166567bfdecf24e481,zest-v2,SP1A27KFY4XERQCCRCARCYD1CC5N7M6688BSYADJ7.v0-7-market,supply-collateral-add,SP3MQMZXH6F2PG5NRBQW3SG4E8E0FE8D5M2320WM5,2026-08-26T02:43:32Z,13,120,107,success,(ok u19768110454),ok,
2026-08-26T02:45:28Z,8842156,0x551378dbd0b6432f612de0110b90e94e1e767fe141c2fe86047a49922a3bb066,zest-v2,SP1A27KFY4XERQCCRCARCYD1CC5N7M6688BSYADJ7.v0-7-market,collateral-remove-redeem,SP3MQMZXH6F2PG5NRBQW3SG4E8E0FE8D5M2320WM5,2026-08-26T02:45:11Z,17,120,103,success,(ok u20000001178),ok,
2026-08-26T02:51:25Z,8842191,0x6a54f0ebda319bb1ff82c8327eac179dcefd066d3b13ef070b49a806ecfb43a6,zest-v2,SP1A27KFY4XERQCCRCARCYD1CC5N7M6688BSYADJ7.v0-7-market,collateral-remove-redeem,SP3A7MGAH0SKC1ACS854PHXHVWE031FYQCBA8M51D,2026-08-26T02:51:07Z,18,120,102,success,(ok u100000066499),ok,
2026-08-26T02:53:47Z,8842205,0xa6e62e1f175b2082a501783ce5514013396be899271c52ac38910208ff9bc45d,zest-v2,SP1A27KFY4XERQCCRCARCYD1CC5N7M6688BSYADJ7.v0-7-market,collateral-remove-redeem,SP3A7MGAH0SKC1ACS854PHXHVWE031FYQCBA8M51D,2026-08-26T02:53:32Z,15,120,105,success,(ok u100000076147),ok,
2026-08-26T03:08:02Z,8842286,0x4d1bfafed5f6300b7d3b790c10be1069603d98bcab520d03b3e01ad41b497895,zest-v1,SP2VCQJGH7PHP2DJK7Z0V48AGBHQAW3R3ZW1QF4N.borrow-helper-v2-1-8,withdraw,SP2M5M7YSZ80RDY498CHQY102NZN67N2YMKYMZBTA,2026-08-26T03:07:08Z,54,360,306,success,(ok true),ok,
2026-08-26T03:10:43Z,8842300,0x3538d2d19139b2bf80d9257f5a8544abd47cf3138314b2f2a64b322dc5a1645c,zest-v2,SP1A27KFY4XERQCCRCARCYD1CC5N7M6688BSYADJ7.v0-7-market,collateral-remove-redeem,SP1MZ5N6YCQ5BFHK4N9NFGXG2K4N53BQ0MFXAKAC1,2026-08-26T03:10:35Z,8,120,112,success,(ok u16477462),ok,
2026-08-26T03:12:43Z,8842311,0xb0d8b803a8c82b4f4208d50145faed4ec9061f8ef1b9bce6fae3e3f801174c54,zest-v2,SP1A27KFY4XERQCCRCARCYD1CC5N7M6688BSYADJ7.v0-7-market,supply-collateral-add,SP2ZM1KNQNS96RM1MAJTZV7WE7F38GFGRND4E80DW,2026-08-26T03:12:18Z,25,120,95,success,(ok u139568350),ok,
2026-08-26T03:15:40Z,8842328,0x159fa47401fa03544869095585928906c52b971ec78a7f6fad5c657c2ae02248,zest-v2,SP1A27KFY4XERQCCRCARCYD1CC5N7M6688BSYADJ7.v0-7-market,collateral-remove-redeem,SP2ZM1KNQNS96RM1MAJTZV7WE7F38GFGRND4E80DW,2026-08-26T03:15:12Z,28,120,92,success,(ok u2129199),ok,
2026-08-26T03:17:31Z,8842339,0x617bad3e3a2d93efc61df0d14425644269ee9d5b730fd469e1188e8193dfc22d,zest-v2,SP1A27KFY4XERQCCRCARCYD1CC5N7M6688BSYADJ7.v0-7-market,collateral-remove-redeem,SP2ZM1KNQNS96RM1MAJTZV7WE7F38GFGRND4E80DW,2026-08-26T03:17:07Z,24,120,96,success,(ok u499999),ok,
2026-08-26T03:18:57Z,8842347,0x1e937d0cacd8547eabac1e0609d82051b31c85eb8c0d1545a05c7dfbb85288cb,zest-v2,SP1A27KFY4XERQCCRCARCYD1CC5N7M6688BSYADJ7.v0-7-market,supply-collateral-add,SP2ZM1KNQNS96RM1MAJTZV7WE7F38GFGRND4E80DW,2026-08-26T03:18:40Z,17,120,103,abort_by_post_condition,(err u1),revert:non-oracle,
2026-08-26T03:20:15Z,8842355,0xbf7cb82609cfc34396b95ecdac1f989ded48f57fb6a869ba8b5de153a32bb0c1,zest-v2,SP1A27KFY4XERQCCRCARCYD1CC5N7M6688BSYADJ7.v0-7-market,supply-collateral-add,SP2ZM1KNQNS96RM1MAJTZV7WE7F38GFGRND4E80DW,2026-08-26T03:19:58Z,17,120,103,success,(ok u137368106),ok,
2026-08-26T04:48:26Z,8842813,0x3df5eafa1d0d2ca3c7938088a701107db8fc18c940e0e7f8048cfee2e8d0ab11,zest-v2,SP1A27KFY4XERQCCRCARCYD1CC5N7M6688BSYADJ7.v0-7-market,borrow,SP2RNHHQDTHGHPEVX83291K4AQZVGWEJ7WCQQDA9R,2026-08-26T04:48:14Z,12,120,108,success,(ok true),ok,
2026-08-26T05:14:50Z,8842960,0xe54751b4d8a005dee109dcfb1ddc7bb20f36a93e76a0c3394dfc1d777a375d55,zest-v2,SP1A27KFY4XERQCCRCARCYD1CC5N7M6688BSYADJ7.v0-7-market,supply-collateral-add,SP3A7MGAH0SKC1ACS854PHXHVWE031FYQCBA8M51D,2026-08-26T05:14:39Z,11,120,109,success,(ok u49900886083),ok,
2026-08-26T05:15:32Z,8842964,0xc9d4662cbd078b00b2d4d15668d1342dd12ab8e2b691aa350f97da13025e20a0,zest-v2,SP1A27KFY4XERQCCRCARCYD1CC5N7M6688BSYADJ7.v0-7-market,borrow,SP3A7MGAH0SKC1ACS854PHXHVWE031FYQCBA8M51D,2026-08-26T05:15:17Z,15,120,105,success,(ok true),ok,
2026-08-26T06:04:05Z,8843204,0x80afe06bfc5be3df88974b49405e3fd6843f3270105ee9a401f48290e8f8f8a2,zest-v2,SP1A27KFY4XERQCCRCARCYD1CC5N7M6688BSYADJ7.v0-7-market,collateral-remove-redeem,SP3A7MGAH0SKC1ACS854PHXHVWE031FYQCBA8M51D,2026-08-26T06:03:45Z,20,120,100,success,(ok u50000028073),ok,
2026-08-26T06:07:51Z,8843218,0x1764c0b5a6e7629a8c9692fb746beb1bf9bedadf680be4996faa1f7f348fa81d,zest-v1,SP2VCQJGH7PHP2DJK7Z0V48AGBHQAW3R3ZW1QF4N.borrow-helper-v2-1-8,withdraw,SPQJN9008GBDXCPVS2CZSPXAPYV8251GZX1GX64R,2026-08-26T06:07:26Z,25,360,335,success,(ok true),ok,
2026-08-26T06:24:33Z,8843292,0xfd281809a1d665648ac12c0fbb0731fdae272faf77e0aa3bcf71ba67bd09a381,zest-v1,SP2VCQJGH7PHP2DJK7Z0V48AGBHQAW3R3ZW1QF4N.borrow-helper-v2-1-8,withdraw,SP2SAP77138E69Z634JZG0TPT4E70QDJ3ZYJHGQJM,2026-08-26T06:24:07Z,26,360,334,success,(ok true),ok,
2026-08-26T06:27:41Z,8843306,0xeebd1e113db5f6e67fbe87247bddb60ea4cac503e695ea6a9f20d3c16f0a9278,zest-v2,SP1A27KFY4XERQCCRCARCYD1CC5N7M6688BSYADJ7.v0-7-market,supply-collateral-add,SP2SAP77138E69Z634JZG0TPT4E70QDJ3ZYJHGQJM,2026-08-26T06:27:34Z,7,120,113,success,(ok u3299479),ok,
2026-08-26T06:28:59Z,8843312,0x7021484a4d3024b86175c1081c529f58734519d3bcea412d84a8e81c02fac887,zest-v2,SP1A27KFY4XERQCCRCARCYD1CC5N7M6688BSYADJ7.v0-7-market,borrow,SP2SAP77138E69Z634JZG0TPT4E70QDJ3ZYJHGQJM,2026-08-26T06:28:38Z,21,120,99,success,(ok true),ok,
2026-08-26T06:32:36Z,8843330,0x4570d9c8a875de8c0e5ea76354a2182887459bde93528e151bedc30062476287,zest-v2,SP1A27KFY4XERQCCRCARCYD1CC5N7M6688BSYADJ7.v0-7-market,supply-collateral-add,SPQJN9008GBDXCPVS2CZSPXAPYV8251GZX1GX64R,2026-08-26T06:32:16Z,20,120,100,success,(ok u2565280712),ok,
2026-08-26T09:10:52Z,8843951,0x4dcc8e413039cdcf9bba30ef7cab89fface4b6033a75d5a441ed567f6c80332f,zest-v1,SP2VCQJGH7PHP2DJK7Z0V48AGBHQAW3R3ZW1QF4N.borrow-helper-v2-1-8,withdraw,SP3Y7DD17K5XNFZV1BQZC0YEYZZGXVAE6QNJB204A,2026-08-26T09:10:39Z,13,360,347,success,(ok true),ok,
2026-08-26T09:15:10Z,8843969,0x9b6892d18c2c6681804dd3f9d5c4ba39f70c0ca464b82a61611984f329467a63,zest-v2,SP1A27KFY4XERQCCRCARCYD1CC5N7M6688BSYADJ7.v0-7-market,supply-collateral-add,SP3Y7DD17K5XNFZV1BQZC0YEYZZGXVAE6QNJB204A,2026-08-26T09:14:53Z,17,120,103,success,(ok u1450072605),ok,
2026-08-26T12:24:22Z,8844744,0x60a024cf83087ed107a7f567bfad9af9047dcad652c43ce0a138ba384dac65c5,zest-v2,SP1A27KFY4XERQCCRCARCYD1CC5N7M6688BSYADJ7.v0-7-market,collateral-remove-redeem,SPZKWN8EC8DHXYW6D6DVHFVMX2HBWMRTSZET8YHM,2026-08-26T12:23:28Z,54,120,66,success,(ok u25000000000),ok,
2026-08-26T12:32:05Z,8844774,0xe1c920b657947d213b222c98f12a508b140e0c598d97b9814800937c89120e13,zest-v2,SP1A27KFY4XERQCCRCARCYD1CC5N7M6688BSYADJ7.v0-7-market,supply-collateral-add,SPZKWN8EC8DHXYW6D6DVHFVMX2HBWMRTSZET8YHM,2026-08-26T12:31:18Z,47,120,73,success,(ok u250438398241),ok,
2026-08-26T12:39:30Z,8844802,0xd733dbd0c758562ad6290bacea8e76b0369c66b786b7179c974d6fcc08f7e05b,zest-v2,SP1A27KFY4XERQCCRCARCYD1CC5N7M6688BSYADJ7.v0-7-market,borrow,SPZKWN8EC8DHXYW6D6DVHFVMX2HBWMRTSZET8YHM,2026-08-26T12:39:04Z,26,120,94,success,(ok true),ok,
2026-08-26T12:51:22Z,8844840,0x2297b0cd85eb0730df404f948889541c105b2cfda333c13cbe69053c4caa198f,zest-v2,SP1A27KFY4XERQCCRCARCYD1CC5N7M6688BSYADJ7.v0-7-market,borrow,SP2K8KMB5KFZHHPEGDH0X7Y8KVQSG3CYHJVSX3FHQ,2026-08-26T12:51:10Z,12,120,108,success,(ok true),ok,
2026-08-26T13:23:49Z,8844945,0x77a315bade8cfbd88358f3aa9f7c11a80f6d6f2f8f891ebaf0b0894019e73021,zest-v2,SP1A27KFY4XERQCCRCARCYD1CC5N7M6688BSYADJ7.v0-7-market,borrow,SPZKWN8EC8DHXYW6D6DVHFVMX2HBWMRTSZET8YHM,2026-08-26T13:23:16Z,33,120,87,success,(ok true),ok,
2026-08-26T13:43:26Z,8845013,0x3dad5980ca9edc40fb343cd20a5f46e4ffffe9f1caac8355bf0528e8fd35033d,zest-v1,SP2VCQJGH7PHP2DJK7Z0V48AGBHQAW3R3ZW1QF4N.borrow-helper-v2-1-8,withdraw,SP1HQRV4DSNEM2X8J1BW4TYTK6XGQXC05F2VQM30F,2026-08-26T13:42:56Z,30,360,330,success,(ok true),ok,
2026-08-26T13:49:05Z,8845030,0x21652a3a83d54a7272479ad889387a8e92d798ccb598f18177962089fd962ae7,zest-v2,SP1A27KFY4XERQCCRCARCYD1CC5N7M6688BSYADJ7.v0-7-market,borrow,SP1T6D21XKM303E7QT7GVQZBWXFXYBQ044R1FT81V,2026-08-26T13:48:49Z,16,120,104,success,(ok true),ok,
2026-08-26T14:11:10Z,8845111,0xec16addad5a075873b5baf6ac699fa0a7ade5c901cceed36944fbe9949bf0afa,zest-v2,SP1A27KFY4XERQCCRCARCYD1CC5N7M6688BSYADJ7.v0-7-market,supply-collateral-add,SP2ZM1KNQNS96RM1MAJTZV7WE7F38GFGRND4E80DW,2026-08-26T14:10:42Z,28,120,92,success,(ok u137424345),ok,
2026-08-26T14:43:55Z,8845237,0x75a2517bb624fb2fc3311437d6211f3a98676600b8a2d1d5d3b647bc2971ec9f,zest-v1,SP2VCQJGH7PHP2DJK7Z0V48AGBHQAW3R3ZW1QF4N.borrow-helper-v2-1-8,withdraw,SP3N7RQN2E224Z3NQ0GRE9DN3JXFSYWX9GSJN290S,2026-08-26T14:43:35Z,20,360,340,success,(ok true),ok,
2026-08-26T15:08:45Z,8845322,0x9893b0deaeb0e6a2e7396245b23dec6c65b418d8fdb35f5669a1a52fcb3b5166,zest-v1,SP2VCQJGH7PHP2DJK7Z0V48AGBHQAW3R3ZW1QF4N.borrow-helper-v2-1-8,withdraw,SP3N7RQN2E224Z3NQ0GRE9DN3JXFSYWX9GSJN290S,2026-08-26T15:08:35Z,10,360,350,success,(ok true),ok,
2026-08-26T15:11:41Z,8845331,0x66fee41c711a6306d5c2df84b211aa151908afc9210753a2e7325f2dd413b5d5,zest-v2,SP1A27KFY4XERQCCRCARCYD1CC5N7M6688BSYADJ7.v0-7-market,supply-collateral-add,SP3N7RQN2E224Z3NQ0GRE9DN3JXFSYWX9GSJN290S,2026-08-26T15:11:18Z,23,120,97,success,(ok u26613312),ok,
2026-08-26T17:03:40Z,8845791,0xa050284736d99ec6597bc44ed11ad668c261ca67a4aeda82832e6b78331b4008,zest-v2,SP1A27KFY4XERQCCRCARCYD1CC5N7M6688BSYADJ7.v0-7-market,borrow,SPQJN9008GBDXCPVS2CZSPXAPYV8251GZX1GX64R,2026-08-26T17:02:48Z,52,120,68,success,(ok true),ok,
2026-08-26T18:21:01Z,8846185,0xfe3b31ddc1962b62ca883c44d83ded60472b6a9a76ef38fa2f8ad35f87737045,zest-v2,SP1A27KFY4XERQCCRCARCYD1CC5N7M6688BSYADJ7.v0-7-market,supply-collateral-add,SP3TGF6BJZWPZMHVXAP6BT8D9V5JW6X4JDD8MPNTD,2026-08-26T18:20:48Z,13,120,107,success,(ok u29940260909),ok,
2026-08-26T18:22:26Z,8846192,0x7faaff88bf76ac557bf955293f1524cefa49b1de48b5d22208be590a2178f9c1,zest-v2,SP1A27KFY4XERQCCRCARCYD1CC5N7M6688BSYADJ7.v0-7-market,borrow,SP3TGF6BJZWPZMHVXAP6BT8D9V5JW6X4JDD8MPNTD,2026-08-26T18:21:53Z,33,120,87,success,(ok true),ok,
2026-08-26T19:58:07Z,8846484,0xf0722387b53019eac1a0acad3c876bca79fa0d3fba3ff736d4c12c5369f7942f,zest-v2,SP1A27KFY4XERQCCRCARCYD1CC5N7M6688BSYADJ7.v0-7-market,borrow,SP2T1QF8EHK7N54ZC6Q07S65X38XFDKBZ780K512Z,2026-08-26T19:57:51Z,16,120,104,success,(ok true),ok,
2026-08-26T19:59:03Z,8846488,0x523b84b105ded08efdfe2dfe17b0247779bd032054936a6a7df5ff0aa17bc638,zest-v2,SP1A27KFY4XERQCCRCARCYD1CC5N7M6688BSYADJ7.v0-7-market,supply-collateral-add,SP2T1QF8EHK7N54ZC6Q07S65X38XFDKBZ780K512Z,2026-08-26T19:58:56Z,7,120,113,success,(ok u1565214648),ok,
2026-08-26T21:27:00Z,8846867,0xdbb6389a05a35352a341787e7500195a1a0e531506fc9e1260051ba9ceb13ec7,zest-v2,SP1A27KFY4XERQCCRCARCYD1CC5N7M6688BSYADJ7.v0-7-market,collateral-remove-redeem,SPZD9JNC7HBGJSPN66TT0SZYMWX65KKFJBD2ASKN,2026-08-26T21:26:36Z,24,120,96,success,(ok u12886454706),ok,
2026-08-26T21:29:13Z,8846877,0x0358d6bce1897ddfb33460577ac6ec503718e2fb79bf0961f7cdabcc0df3802d,zest-v2,SP1A27KFY4XERQCCRCARCYD1CC5N7M6688BSYADJ7.v0-7-market,borrow,SP3KPRN53ZGD45B3WRTDMZZEHBJSFQ8AKN9RE6FKS,2026-08-26T21:29:01Z,12,120,108,success,(ok true),ok,
2026-08-26T21:46:03Z,8846946,0xeaf8a53364615d8f796c545d54cd991bddcdbfdef22122d5e73f4e9879c4a6a1,zest-v2,SP1A27KFY4XERQCCRCARCYD1CC5N7M6688BSYADJ7.v0-7-market,borrow,SP2CCCQP1WN3FG67K3V4S85JG9SRZN2KKRJ3M3GNG,2026-08-26T21:45:40Z,23,120,97,success,(ok true),ok,
2026-08-26T21:53:41Z,8846972,0xa06a9c48a8e902620b03f9c1a3b6ac4b52f5bab8a8d54ca0e53d8a220be766cb,zest-v2,SP1A27KFY4XERQCCRCARCYD1CC5N7M6688BSYADJ7.v0-7-market,borrow,SP2CCCQP1WN3FG67K3V4S85JG9SRZN2KKRJ3M3GNG,2026-08-26T21:53:16Z,25,120,95,success,(ok true),ok,
2026-08-26T22:17:13Z,8847087,0xdc1045ac23352baf4b7441016c1936339a73a7bfdb9d00767a820679994e9e85,zest-v2,SP1A27KFY4XERQCCRCARCYD1CC5N7M6688BSYADJ7.v0-7-market,supply-collateral-add,SP2ZM1KNQNS96RM1MAJTZV7WE7F38GFGRND4E80DW,2026-08-26T22:16:53Z,20,120,100,success,(ok u137622124),ok,
2026-08-26T22:52:41Z,8847232,0xc2b66f27aa72bb518ce2db5f40b6dbe46e0fa6503fe2060ad40e3dfbec3abf2b,zest-v1,SP2VCQJGH7PHP2DJK7Z0V48AGBHQAW3R3ZW1QF4N.borrow-helper-v2-1-8,withdraw,SP207JAX08YB9QYM0090P8W9FYVEXDGGPMEEHR0Z1,2026-08-26T22:52:31Z,10,360,350,success,(ok true),ok,
2026-08-26T23:04:54Z,8847259,0x14d50ae977a03bb672ab19d888fc940c3e50fbef85587d856f589351a7313891,granite-usdcx,SP3M2BYF7RGF8WKW5FVDNJ6WR8D7AR9BHDXAKPXZE.state-v1,borrow,SP2GMT23R9WWF12B9S1795RPV18PG50S1V66DNK22,2026-08-26T23:03:38Z,76,300,224,success,(ok true),ok,
2026-08-26T23:09:35Z,8847280,0x75394e97cc2a2c990439e773e3508facab67c4815caf8069fc20af0cdeee8519,granite-usdcx,SP3M2BYF7RGF8WKW5FVDNJ6WR8D7AR9BHDXAKPXZE.state-v1,borrow,SP1HZ88S59X3SJBTG14E9KYH8YVC885BXMP5VHYEZ,2026-08-26T23:08:50Z,45,300,255,success,(ok true),ok,
2026-08-26T23:12:05Z,8847294,0x25f76b1135dad2be8dc503a720ed8625e7e30ceb28d819e2141a4dfcf5d80e9b,zest-v2,SP1A27KFY4XERQCCRCARCYD1CC5N7M6688BSYADJ7.v0-7-market,collateral-remove-redeem,SPVVK6QE71EJBRDDF4WCT8M71F0MPF1MJ4T2Y7S1,2026-08-26T23:11:38Z,27,120,93,success,(ok u10000000),ok,
2026-08-26T23:13:28Z,8847302,0xc3e782fce680e9539702166186dd9f02e91f1675ccb84939de01a73367a99319,granite-usdcx,SP3M2BYF7RGF8WKW5FVDNJ6WR8D7AR9BHDXAKPXZE.state-v1,borrow,SP2YWSAM488HZ0BG7RV9KHHD9WSG3V7HXKX1ZD7S,2026-08-26T23:11:27Z,121,300,179,success,(ok true),ok,
2026-08-26T23:15:25Z,8847310,0x9ef807db9df3ad5d1129bd877922990e3b6597b7e6799e5ef7d9d2fe762b990e,zest-v2,SP1A27KFY4XERQCCRCARCYD1CC5N7M6688BSYADJ7.v0-7-market,supply-collateral-add,SPVVK6QE71EJBRDDF4WCT8M71F0MPF1MJ4T2Y7S1,2026-08-26T23:13:45Z,100,120,20,success,(ok u16600678129),ok,
2026-08-27T00:11:43Z,8847574,0x037e777524cbde614c25f4be104171bb02bcf411e1a843f5c5962cb8f2104127,zest-v2,SP1A27KFY4XERQCCRCARCYD1CC5N7M6688BSYADJ7.v0-7-market,supply-collateral-add,SP2ZM1KNQNS96RM1MAJTZV7WE7F38GFGRND4E80DW,2026-08-27T00:11:24Z,19,120,101,success,(ok u138028106),ok,
2026-08-27T01:54:24Z,8847974,0x419210cc50fc8d88246cb8f8d813614eb72ed0e696eb3c3147631293301f444d,zest-v2,SP1A27KFY4XERQCCRCARCYD1CC5N7M6688BSYADJ7.v0-7-market,supply-collateral-add,SP3A7MGAH0SKC1ACS854PHXHVWE031FYQCBA8M51D,2026-08-27T01:54:02Z,22,120,98,success,(ok u49900175079),ok,
2026-08-27T01:55:03Z,8847977,0x2e538309181a7a19819a1c30a0adcb554046df133130dace7ebac5c64a9e5484,zest-v2,SP1A27KFY4XERQCCRCARCYD1CC5N7M6688BSYADJ7.v0-7-market,borrow,SP3A7MGAH0SKC1ACS854PHXHVWE031FYQCBA8M51D,2026-08-27T01:54:46Z,17,120,103,success,(ok true),ok,
2026-08-27T02:13:11Z,8848046,0xfd049ae11ced3872256b0f69ac9ecf60012390a9e781ef308ead46da6fb75301,zest-v2,SP1A27KFY4XERQCCRCARCYD1CC5N7M6688BSYADJ7.v0-7-market,supply-collateral-add,SP2C22P7AJTZ5N931TEEARCHMR72Q5EKCNQ38ZVC5,2026-08-27T02:12:49Z,22,120,98,success,(ok u2479102),ok,
2026-08-27T06:00:58Z,8849094,0x4d79add69f251ffd4d1a3792ca80f5fd29abd5bf745e5ffedc19f929c31eefa5,zest-v2,SP1A27KFY4XERQCCRCARCYD1CC5N7M6688BSYADJ7.v0-7-market,supply-collateral-add,SP1SWC59KPRTGHVTA2BW0RKHHT1MEJWKAWNNQRGZ8,2026-08-27T06:00:42Z,16,120,104,success,(ok u80693),ok,
2026-08-27T07:02:48Z,8849437,0xbd7ee477f8780b7e25b86ce95dafff33399402c789ccc75672ab34f86591ebef,zest-v2,SP1A27KFY4XERQCCRCARCYD1CC5N7M6688BSYADJ7.v0-7-market,collateral-remove-redeem,SP22H4KA8XSCKTT39J8JJSJ8MYMGJW1WV21X3634C,2026-08-27T07:02:42Z,6,120,114,success,(ok u9199778),ok,
2026-08-27T07:10:41Z,8849487,0xb0fc2949a779b5a0247a80cacfb351d1ee59844789b151e1d3d2812bced40dac,zest-v2,SP1A27KFY4XERQCCRCARCYD1CC5N7M6688BSYADJ7.v0-7-market,collateral-remove-redeem,SP2G87YTRHEG50N73JQVMAD9J2GJFA0VCDMM7W50A,2026-08-27T07:10:00Z,41,120,79,success,(ok u377796),ok,
2026-08-27T07:50:17Z,8849726,0x423c822ca14c32e8b12bd8d7c116d0e385f6b98c2e044eecd6decd98dfde8f11,zest-v2,SP1A27KFY4XERQCCRCARCYD1CC5N7M6688BSYADJ7.v0-7-market,supply-collateral-add,SP7YZSPZTESYZ9QP3XAJGH2XXQ2J2ASP0SEY7Y2B,2026-08-27T07:49:19Z,58,120,62,success,(ok u432904813),ok,
2026-08-27T07:51:37Z,8849735,0x847c971566867e3f2d7094510d99d8f814765d74f82d1ad764df64a558e3348b,zest-v2,SP1A27KFY4XERQCCRCARCYD1CC5N7M6688BSYADJ7.v0-7-market,borrow,SP7YZSPZTESYZ9QP3XAJGH2XXQ2J2ASP0SEY7Y2B,2026-08-27T07:51:22Z,15,120,105,success,(ok true),ok,
2026-08-27T07:58:29Z,8849786,0x066347ddc8477de1fb759154db52813529783b54c61793d5864ab0bded76f7c8,zest-v2,SP1A27KFY4XERQCCRCARCYD1CC5N7M6688BSYADJ7.v0-7-market,borrow,SP16GZQEWNJ8S05KQY0T0Z2KQ070WSSK96B99EN0E,2026-08-27T07:58:12Z,17,120,103,success,(ok true),ok,
2026-08-27T08:12:34Z,8849900,0x7521f902118f5401ed40f46298f7957524ea6c9fc1aaa299a65e5a5fd2b1941e,zest-v2,SP1A27KFY4XERQCCRCARCYD1CC5N7M6688BSYADJ7.v0-7-market,collateral-remove-redeem,SP3A7MGAH0SKC1ACS854PHXHVWE031FYQCBA8M51D,2026-08-27T08:12:27Z,7,120,113,success,(ok u50000215177),ok,
2026-08-27T10:03:49Z,8850647,0xecbe81417526668e5bad4ce889f543bdfedf0a414c2ae3e8e1fffaf9cb29c499,zest-v2,SP1A27KFY4XERQCCRCARCYD1CC5N7M6688BSYADJ7.v0-7-market,supply-collateral-add,SP3A7MGAH0SKC1ACS854PHXHVWE031FYQCBA8M51D,2026-08-27T10:03:29Z,20,120,100,success,(ok u39919917260),ok,
2026-08-27T10:05:14Z,8850656,0xba7e10f1ea4a1aa036c7751099ea5541631d02f0d46c55764d5feab5137a0c5f,zest-v2,SP1A27KFY4XERQCCRCARCYD1CC5N7M6688BSYADJ7.v0-7-market,borrow,SP3A7MGAH0SKC1ACS854PHXHVWE031FYQCBA8M51D,2026-08-27T10:04:50Z,24,120,96,success,(ok true),ok,
2026-08-27T10:09:34Z,8850689,0x608a2ea615edb778c9da1a85c2d5302d2d0db53ecc972624e886663884b474df,zest-v2,SP1A27KFY4XERQCCRCARCYD1CC5N7M6688BSYADJ7.v0-7-market,supply-collateral-add,SP3CJZGB08MY9D1ZMBDH8F3W346G6JHZJ4XJAVF0V,2026-08-27T10:09:11Z,23,120,97,success,(ok u63512971363),ok,
2026-08-27T10:31:20Z,8850830,0x8455c127003d208effc7760afca24112c55bb6df3ff169195dda9e1d37dbbb83,zest-v2,SP1A27KFY4XERQCCRCARCYD1CC5N7M6688BSYADJ7.v0-7-market,supply-collateral-add,SPJN63YWJP48HDQP24HBPW3HAXTQHCNSQKKEQ8CR,2026-08-27T10:30:29Z,51,120,69,success,(ok u3372090),ok,
2026-08-27T10:43:48Z,8850906,0xd40c48efc206d78da77fbb14242a43549409b762576351ef1c7bb53c56a66d77,zest-v2,SP1A27KFY4XERQCCRCARCYD1CC5N7M6688BSYADJ7.v0-7-market,collateral-remove-redeem,SPRSMJ5QYQM8T0YRJGAFZXRFXN3K6PCDRDYE6B2T,2026-08-27T10:43:43Z,5,120,115,success,(ok u1181983162),ok,
2026-08-27T11:43:12Z,8851282,0xb34fd43f9359924a0128c4c9531518e68e1048c3f407e9f9b695e055ab73fb41,zest-v2,SP1A27KFY4XERQCCRCARCYD1CC5N7M6688BSYADJ7.v0-7-market,collateral-remove-redeem,SP3D0ZDN3E8M33MY88REE1NQQR7H6ZQWEYKQ3JP1V,2026-08-27T11:42:58Z,14,120,106,success,(ok u5000000000),ok,
2026-08-27T11:43:12Z,8851282,0x3a5220dca318982488b3022cdbfdc20d23a01db79b3d770edf967392299f0ae4,zest-v2,SP1A27KFY4XERQCCRCARCYD1CC5N7M6688BSYADJ7.v0-7-market,collateral-remove-redeem,SPEJGJBR2Q2WW0065HFD0Z8RH0KE04CXE41NK6AG,2026-08-27T11:42:37Z,35,120,85,success,(ok u502014380330),ok,
2026-08-27T11:46:26Z,8851303,0x5a31eecc7232e78fd2a8dce7771813886485941f75f61e21ca8929ac2beb758a,zest-v2,SP1A27KFY4XERQCCRCARCYD1CC5N7M6688BSYADJ7.v0-7-market,supply-collateral-add,SP3D0ZDN3E8M33MY88REE1NQQR7H6ZQWEYKQ3JP1V,2026-08-27T11:46:14Z,12,120,108,success,(ok u15123775560),ok,
2026-08-27T11:48:31Z,8851316,0x6e404e18314307514474a1e9160ed777cff7035cd1ee067a76f322f73de1e0e4,zest-v2,SP1A27KFY4XERQCCRCARCYD1CC5N7M6688BSYADJ7.v0-7-market,collateral-remove-redeem,SPRSMJ5QYQM8T0YRJGAFZXRFXN3K6PCDRDYE6B2T,2026-08-27T11:48:24Z,7,120,113,success,(ok u1490000000),ok,
2026-08-27T11:52:58Z,8851333,0xed80272a9edabe64acbfdcb41ec4a0123c76e01b6ec9028678a788daac3924af,zest-v2,SP1A27KFY4XERQCCRCARCYD1CC5N7M6688BSYADJ7.v0-7-market,collateral-remove-redeem,SPRSMJ5QYQM8T0YRJGAFZXRFXN3K6PCDRDYE6B2T,2026-08-27T11:52:50Z,8,120,112,success,(ok u1828516196),ok,
2026-08-27T11:58:19Z,8851361,0x5882f6f0ffe8da57eba4fed9b83d577bb74632989415e4c405ab3734d1dedad5,zest-v2,SP1A27KFY4XERQCCRCARCYD1CC5N7M6688BSYADJ7.v0-7-market,borrow,SPRSMJ5QYQM8T0YRJGAFZXRFXN3K6PCDRDYE6B2T,2026-08-27T11:58:12Z,7,120,113,success,(ok true),ok,
2026-08-27T12:02:34Z,8851387,0x3285f34df43a08863f8a735a0fff7016ae85f5018db7e841ef36c87166a230c4,zest-v2,SP1A27KFY4XERQCCRCARCYD1CC5N7M6688BSYADJ7.v0-7-market,supply-collateral-add,SP3D0ZDN3E8M33MY88REE1NQQR7H6ZQWEYKQ3JP1V,2026-08-27T12:02:18Z,16,120,104,success,(ok u16802775560),ok,
2026-08-27T12:09:01Z,8851421,0xe07c1ec511462ed1c3a46e6dfcf394a651947c63056ba585e87b8ab41fbc23e3,zest-v2,SP1A27KFY4XERQCCRCARCYD1CC5N7M6688BSYADJ7.v0-7-market,collateral-remove-redeem,SPRSMJ5QYQM8T0YRJGAFZXRFXN3K6PCDRDYE6B2T,2026-08-27T12:08:42Z,19,120,101,success,(ok u2360000000),ok,
2026-08-27T12:21:42Z,8851504,0x8d855595d88dca28791790b555d6065d94ccbb5f67f65552203183f11132ef74,zest-v2,SP1A27KFY4XERQCCRCARCYD1CC5N7M6688BSYADJ7.v0-7-market,collateral-remove-redeem,SP3A7MGAH0SKC1ACS854PHXHVWE031FYQCBA8M51D,2026-08-27T12:21:26Z,16,120,104,success,(ok u40000062827),ok,
2026-08-27T12:28:51Z,8851546,0xfd0494ff2ec8328ad8c2827a9ea26c81743a8fb958b9e904697683a9c4601c91,zest-v2,SP1A27KFY4XERQCCRCARCYD1CC5N7M6688BSYADJ7.v0-7-market,collateral-remove-redeem,SP3TGF6BJZWPZMHVXAP6BT8D9V5JW6X4JDD8MPNTD,2026-08-27T12:28:44Z,7,120,113,success,(ok u30000373196),ok,
2026-08-27T12:43:20Z,8851601,0xa4d67cc3b9d217601884d1d8d6823111e4dbe43d95457923d27953a35cc7aecc,zest-v2,SP1A27KFY4XERQCCRCARCYD1CC5N7M6688BSYADJ7.v0-7-market,collateral-remove-redeem,SPCE87V29VDPEAS925YMV2VG3CMBHY0BXKB08NA4,2026-08-27T12:43:09Z,11,120,109,success,(ok u999999),ok,
2026-08-27T12:43:58Z,8851605,0xa14635d01d4e637bdc2abad40d439a6c20d664f0d108f9bf63bbed669faf156c,zest-v2,SP1A27KFY4XERQCCRCARCYD1CC5N7M6688BSYADJ7.v0-7-market,borrow,SPRSMJ5QYQM8T0YRJGAFZXRFXN3K6PCDRDYE6B2T,2026-08-27T12:43:51Z,7,120,113,success,(ok true),ok,
2026-08-27T12:49:57Z,8851634,0x220c655d4bfeea486b690644c893e605171bbca87e84d843f5f5c801d9e0d3e6,zest-v1,SP2VCQJGH7PHP2DJK7Z0V48AGBHQAW3R3ZW1QF4N.borrow-helper-v2-1-8,withdraw,SP39CW2CR0VMM931KC1VJEV76YZ1RX4ATAZQ3MV6A,2026-08-27T12:49:45Z,12,360,348,success,(ok true),ok,
2026-08-27T12:50:51Z,8851640,0x9a9716264d04dc6f134d3e46c391c5115deb2b8e7c67dfec968e61a4616c3204,zest-v2,SP1A27KFY4XERQCCRCARCYD1CC5N7M6688BSYADJ7.v0-7-market,supply-collateral-add,SPRSMJ5QYQM8T0YRJGAFZXRFXN3K6PCDRDYE6B2T,2026-08-27T12:50:44Z,7,120,113,success,(ok u2000500642),ok,
2026-08-27T12:54:45Z,8851662,0xf828f805b637b7d5084d40ab9be59b9ded38cbf9515f940ab308589725ceef89,zest-v2,SP1A27KFY4XERQCCRCARCYD1CC5N7M6688BSYADJ7.v0-7-market,borrow,SPRSMJ5QYQM8T0YRJGAFZXRFXN3K6PCDRDYE6B2T,2026-08-27T12:54:36Z,9,120,111,success,(ok true),ok,
2026-08-27T13:24:18Z,8851829,0x03c7342b628ca936b5d35412a0b5898e6151e8253140a7f567b62c076a2eac7d,zest-v2,SP1A27KFY4XERQCCRCARCYD1CC5N7M6688BSYADJ7.v0-7-market,supply-collateral-add,SP3TGF6BJZWPZMHVXAP6BT8D9V5JW6X4JDD8MPNTD,2026-08-27T13:24:15Z,3,120,117,success,(ok u29939869256),ok,
2026-08-27T13:25:46Z,8851837,0x5628a6676a6ba24acf2c52acbea6a66b82b49a92541ae168671bc0c47a0ceb75,zest-v2,SP1A27KFY4XERQCCRCARCYD1CC5N7M6688BSYADJ7.v0-7-market,borrow,SP3TGF6BJZWPZMHVXAP6BT8D9V5JW6X4JDD8MPNTD,2026-08-27T13:25:42Z,4,120,116,success,(ok true),ok,
2026-08-27T13:30:58Z,8851878,0xf9c0cca39968745be27fa403fc4886b515569396122835236a5217b71548afe9,zest-v2,SP1A27KFY4XERQCCRCARCYD1CC5N7M6688BSYADJ7.v0-7-market,collateral-remove-redeem,SP3TGF6BJZWPZMHVXAP6BT8D9V5JW6X4JDD8MPNTD,2026-08-27T13:30:52Z,6,120,114,success,(ok u30000002296),ok,
2026-08-27T13:57:21Z,8852039,0x166e659ea4181dc7f37ed1836237b22cd7d09c2bc52ac59bae27be889363301c,zest-v2,SP1A27KFY4XERQCCRCARCYD1CC5N7M6688BSYADJ7.v0-7-market,supply-collateral-add,SP3TGF6BJZWPZMHVXAP6BT8D9V5JW6X4JDD8MPNTD,2026-08-27T13:57:11Z,10,120,110,success,(ok u29939857826),ok,
2026-08-27T13:58:18Z,8852044,0x8d13ef126654484fed590d52ec3ba0fade09d15b39ae0294aa2d1e4dc431ce7c,zest-v2,SP1A27KFY4XERQCCRCARCYD1CC5N7M6688BSYADJ7.v0-7-market,borrow,SP3TGF6BJZWPZMHVXAP6BT8D9V5JW6X4JDD8MPNTD,2026-08-27T13:58:14Z,4,120,116,success,(ok true),ok,
2026-08-27T14:00:43Z,8852059,0xe7dbbd0a2ae695240de8b7e4c89d9bf0104c91622723ee624f456aae0377e86b,zest-v2,SP1A27KFY4XERQCCRCARCYD1CC5N7M6688BSYADJ7.v0-7-market,collateral-remove-redeem,SPRSMJ5QYQM8T0YRJGAFZXRFXN3K6PCDRDYE6B2T,2026-08-27T14:00:26Z,17,120,103,success,(ok u2000500642),ok,
2026-08-27T14:02:40Z,8852075,0x1ee418af55d7bf5e65aae72873912d36b8a4ea49378dad8bcd9a0eaefe83342b,zest-v2,SP1A27KFY4XERQCCRCARCYD1CC5N7M6688BSYADJ7.v0-7-market,supply-collateral-add,SPCXK182GJ517W7AVKEJ1HEVBXT462YMXB20HMW3,2026-08-27T14:02:29Z,11,120,109,success,(ok u1099758061),ok,
2026-08-27T14:14:50Z,8852159,0x4a7f075c06c0df53260e17f8a817ea05fb6c676eee47c7e93c9ca66d28201715,zest-v2,SP1A27KFY4XERQCCRCARCYD1CC5N7M6688BSYADJ7.v0-7-market,borrow,SP3DTQCET0EA44C9BP2HG387YHNW5XPWDV5Q0ZKKG,2026-08-27T14:13:42Z,68,120,52,abort_by_post_condition,(err u400005),revert:non-oracle,
2026-08-27T15:10:07Z,8852477,0x2b9b0db3596e69c25741da72d38a229d5f48a69bda123a7d0242297ef6e3f5bc,zest-v2,SP1A27KFY4XERQCCRCARCYD1CC5N7M6688BSYADJ7.v0-7-market,supply-collateral-add,SP3ZNGTHP8ZQQ4ETZT1BH9DWMPYF0Z10RX8BSWQN2,2026-08-27T15:09:53Z,14,120,106,success,(ok u40503477),ok,
2026-08-27T15:23:18Z,8852569,0x7e8bf112d7fe55b9e91e6260590e883e5632f36cefbbc25bec56e68f452d0ba2,zest-v2,SP1A27KFY4XERQCCRCARCYD1CC5N7M6688BSYADJ7.v0-7-market,supply-collateral-add,SP3ZNGTHP8ZQQ4ETZT1BH9DWMPYF0Z10RX8BSWQN2,2026-08-27T15:22:45Z,33,120,87,success,(ok u80936975),ok,
2026-08-27T16:13:09Z,8852909,0x36ef333788404785e1e49c2f99fe150bc094c377a548ca881077028fa4b16018,zest-v2,SP1A27KFY4XERQCCRCARCYD1CC5N7M6688BSYADJ7.v0-7-market,supply-collateral-add,SP3MPAPKAA3AS8P28SFGRR1K0W5181Q8Z26J3WJYE,2026-08-27T16:12:06Z,63,120,57,success,(ok u3672993397),ok,
2026-08-27T16:18:21Z,8852939,0x8c6be30c975c4b6c21e0b0421daa959c530254c6db7a1280075d89cba279da1c,zest-v2,SP1A27KFY4XERQCCRCARCYD1CC5N7M6688BSYADJ7.v0-7-market,supply-collateral-add,SP3A7MGAH0SKC1ACS854PHXHVWE031FYQCBA8M51D,2026-08-27T16:18:06Z,15,120,105,success,(ok u39919745789),ok,
2026-08-27T16:18:50Z,8852942,0x764ba851cc9a79934f421a951e293471659c7667099202546a33413ed96fae40,zest-v2,SP1A27KFY4XERQCCRCARCYD1CC5N7M6688BSYADJ7.v0-7-market,borrow,SP3A7MGAH0SKC1ACS854PHXHVWE031FYQCBA8M51D,2026-08-27T16:18:40Z,10,120,110,success,(ok true),ok,
2026-08-27T16:35:42Z,8853040,0x4419e7a6c0e906320a7a2672b38db3dc658ecb278ba90a7942b8e525549b909a,zest-v2,SP1A27KFY4XERQCCRCARCYD1CC5N7M6688BSYADJ7.v0-7-market,borrow,SP2R8C36A8KVBBWYC4ASD6V36S2E9VJ0FXWV2T4CP,2026-08-27T16:35:16Z,26,120,94,success,(ok true),ok,
2026-08-27T17:11:16Z,8853237,0xfd5fafaae561b12342d5fbc6e36c2e096340a1d02464d18a91111a429967b2ef,zest-v2,SP1A27KFY4XERQCCRCARCYD1CC5N7M6688BSYADJ7.v0-7-market,borrow,SPCDCWBEZ9ZEK49BNMDE2MDMJ0E01W02H9SA4TVZ,2026-08-27T17:11:00Z,16,120,104,success,(ok true),ok,
2026-08-27T17:21:04Z,8853290,0x200d5f7dc97f35f3f48e8add47935f786ac9883a4a817c0d1e5401e706d5b495,zest-v2,SP1A27KFY4XERQCCRCARCYD1CC5N7M6688BSYADJ7.v0-7-market,collateral-remove-redeem,SP3TGF6BJZWPZMHVXAP6BT8D9V5JW6X4JDD8MPNTD,2026-08-27T17:20:59Z,5,120,115,success,(ok u30000070062),ok,
2026-08-27T17:23:28Z,8853305,0xefb997a9438860bb16afd0412f9f2d9411d6c7d631475a8b1012233082830890,zest-v2,SP1A27KFY4XERQCCRCARCYD1CC5N7M6688BSYADJ7.v0-7-market,collateral-remove-redeem,SP3A7MGAH0SKC1ACS854PHXHVWE031FYQCBA8M51D,2026-08-27T17:23:16Z,12,120,108,success,(ok u40000029745),ok,
2026-08-27T17:32:40Z,8853354,0xe2fb1128cda3754aa60e6e27d74ed518fbe6c1c0949d9acfdbd5929772d82d4b,zest-v2,SP1A27KFY4XERQCCRCARCYD1CC5N7M6688BSYADJ7.v0-7-market,supply-collateral-add,SP3TGF6BJZWPZMHVXAP6BT8D9V5JW6X4JDD8MPNTD,2026-08-27T17:32:33Z,7,120,113,success,(ok u36094142),ok,
2026-08-27T17:33:43Z,8853358,0xfd97ce69b05a78b39a0f86b5e0af9c040c5870c5829b6870fbebf8b035658ade,zest-v2,SP1A27KFY4XERQCCRCARCYD1CC5N7M6688BSYADJ7.v0-7-market,borrow,SP3TGF6BJZWPZMHVXAP6BT8D9V5JW6X4JDD8MPNTD,2026-08-27T17:33:25Z,18,120,102,success,(ok true),ok,
2026-08-27T17:48:23Z,8853443,0x5c446ca0eb8a54e6e0bb387e45922114b643ac7949f568fed1a40e6cb52fba67,zest-v1,SP2VCQJGH7PHP2DJK7Z0V48AGBHQAW3R3ZW1QF4N.borrow-helper-v2-1-8,withdraw,SP3942ACZ73Q768Y19A1QTWJBTPCSDV3ZEDQSNYJK,2026-08-27T17:48:13Z,10,360,350,success,(ok true),ok,
2026-08-27T18:35:31Z,8853720,0x94cc62260919cc1db2bcd105fc6a377c07acc444072c2ec4c6fa949ae6d4004c,zest-v1,SP2VCQJGH7PHP2DJK7Z0V48AGBHQAW3R3ZW1QF4N.borrow-helper-v2-1-8,liquidation-call,SPP6CG3E4VKDGC1NW7AQMMHCD6053152X9DNT12C,2026-08-27T18:35:26Z,5,360,355,abort_by_response,(err u90000),revert:non-oracle,
2026-08-27T18:43:31Z,8853763,0xf5d3ae6a792843b1e644937d270f7490ee7d2f1abb5985e5d8b7de6faed0f7ac,zest-v2,SP1A27KFY4XERQCCRCARCYD1CC5N7M6688BSYADJ7.v0-7-market,supply-collateral-add,SP2CCCQP1WN3FG67K3V4S85JG9SRZN2KKRJ3M3GNG,2026-08-27T18:43:04Z,27,120,93,success,(ok u279709065),ok,
2026-08-27T18:49:23Z,8853783,0x17242515d8172da8638a4994fb9f329028159c8d0cb4067d7159c1076ca03e6c,zest-v1,SP2VCQJGH7PHP2DJK7Z0V48AGBHQAW3R3ZW1QF4N.borrow-helper-v2-1-8,liquidation-call,SPP6CG3E4VKDGC1NW7AQMMHCD6053152X9DNT12C,2026-08-27T18:49:17Z,6,360,354,abort_by_response,(err u90000),revert:non-oracle,
2026-08-27T18:55:40Z,8853811,0x8fc9e8d81f48864c689deae82a495ff79329da4f58035bfbf7f0e296f31efb26,zest-v2,SP1A27KFY4XERQCCRCARCYD1CC5N7M6688BSYADJ7.v0-7-market,borrow,SP2ZM1KNQNS96RM1MAJTZV7WE7F38GFGRND4E80DW,2026-08-27T18:55:15Z,25,120,95,success,(ok true),ok,
2026-08-27T19:02:37Z,8853842,0x160532d5de2d550c91c9cbbfc48351f2dcf6649e54884ad0c3dab18a8fdd9c3d,zest-v2,SP1A27KFY4XERQCCRCARCYD1CC5N7M6688BSYADJ7.v0-7-market,collateral-remove-redeem,SP3TGF6BJZWPZMHVXAP6BT8D9V5JW6X4JDD8MPNTD,2026-08-27T19:02:31Z,6,120,114,success,(ok u36113791),ok,
2026-08-27T19:03:34Z,8853845,0x5a42b02168d73f71f0aa6c397919823a9fc627a73db3da1bf3ea84c631fc37c5,zest-v2,SP1A27KFY4XERQCCRCARCYD1CC5N7M6688BSYADJ7.v0-7-market,collateral-add,SP3TGF6BJZWPZMHVXAP6BT8D9V5JW6X4JDD8MPNTD,2026-08-27T19:03:28Z,6,120,114,success,(ok u29939752309),ok,
2026-08-27T19:04:10Z,8853847,0xbf01e4a534cfe866a206147d7e39830fdf09d3b40ec7f264c748586e0f393038,zest-v2,SP1A27KFY4XERQCCRCARCYD1CC5N7M6688BSYADJ7.v0-7-market,borrow,SP3TGF6BJZWPZMHVXAP6BT8D9V5JW6X4JDD8MPNTD,2026-08-27T19:04:03Z,7,120,113,success,(ok true),ok,
2026-08-27T19:15:08Z,8853889,0xdcc21bcb8816ccab81f003070d18356cda557d0d3940fc2ddb213e00cedecc61,zest-v1,SP2VCQJGH7PHP2DJK7Z0V48AGBHQAW3R3ZW1QF4N.borrow-helper-v2-1-8,liquidation-call,SPP6CG3E4VKDGC1NW7AQMMHCD6053152X9DNT12C,2026-08-27T19:15:01Z,7,360,353,success,(ok u0),ok,
2026-08-27T19:15:08Z,8853889,0x342cca9a1e629ec30850f850960d163c8483bc64593c28537a31ba93dc051a38,zest-v1,SP2VCQJGH7PHP2DJK7Z0V48AGBHQAW3R3ZW1QF4N.borrow-helper-v2-1-8,liquidation-call,SPP6CG3E4VKDGC1NW7AQMMHCD6053152X9DNT12C,2026-08-27T19:15:01Z,7,360,353,success,(ok u0),ok,
2026-08-27T19:15:08Z,8853889,0xc777bcafa4760ea47769e11a6f70e2f3cc9ae84d74c16aa60f0be7f02e189c3d,zest-v1,SP2VCQJGH7PHP2DJK7Z0V48AGBHQAW3R3ZW1QF4N.borrow-helper-v2-1-8,liquidation-call,SPP6CG3E4VKDGC1NW7AQMMHCD6053152X9DNT12C,2026-08-27T19:15:01Z,7,360,353,success,(ok u0),ok,
2026-08-27T19:16:19Z,8853892,0x0ffd887c70a6210741587dd3baad7bfbaf31496af1ae7d55fa0aaaa4a9aadea3,zest-v1,SP2VCQJGH7PHP2DJK7Z0V48AGBHQAW3R3ZW1QF4N.borrow-helper-v2-1-8,liquidation-call,SPP6CG3E4VKDGC1NW7AQMMHCD6053152X9DNT12C,2026-08-27T19:16:15Z,4,360,356,abort_by_response,(err u90000),revert:non-oracle,
2026-08-27T19:16:19Z,8853892,0x8b0258bb0b43e035458bfa41bdbd9ef5c81399e794d01d61dc41d6aba1c8922d,zest-v1,SP2VCQJGH7PHP2DJK7Z0V48AGBHQAW3R3ZW1QF4N.borrow-helper-v2-1-8,liquidation-call,SPP6CG3E4VKDGC1NW7AQMMHCD6053152X9DNT12C,2026-08-27T19:16:15Z,4,360,356,abort_by_response,(err u90000),revert:non-oracle,
2026-08-27T19:19:46Z,8853910,0x9d710a5c580b21d931faa94714acae29d6a01d023b4a07b18e8d1dd5a30255ca,zest-v1,SP2VCQJGH7PHP2DJK7Z0V48AGBHQAW3R3ZW1QF4N.borrow-helper-v2-1-8,liquidation-call,SPP6CG3E4VKDGC1NW7AQMMHCD6053152X9DNT12C,2026-08-27T19:19:42Z,4,360,356,success,(ok u0),ok,
2026-08-27T20:40:16Z,8854400,0x86c04d9573108ada1e0b3c91b264f38e4c08b6750dcb728843a5ae980b5bd979,zest-v2,SP1A27KFY4XERQCCRCARCYD1CC5N7M6688BSYADJ7.v0-7-market,supply-collateral-add,SP1ZJANFG3H554MB4T32ZQKE9ZSN8SMX68G03NH4M,2026-08-27T20:40:03Z,13,120,107,success,(ok u152),ok,
2026-08-27T20:54:56Z,8854497,0xd5202a545d9e877cabab78e41c3c0a43d05399aa25de267d98c64d67216686fe,zest-v2,SP1A27KFY4XERQCCRCARCYD1CC5N7M6688BSYADJ7.v0-7-market,supply-collateral-add,SP2QGMXH21KFDX99PWNB7Z7WNQ92TWFAECEEK10GE,2026-08-27T20:54:41Z,15,120,105,success,(ok u6237668369),ok,
2026-08-27T21:07:13Z,8854563,0x06eabaee6e4d1c361cdff3980003ba39853df267841f1dec64daee943ef54366,zest-v2,SP1A27KFY4XERQCCRCARCYD1CC5N7M6688BSYADJ7.v0-7-market,supply-collateral-add,SP194MK9HPHV15YYJG2HX7PDY68WQ78BEBACB3MYM,2026-08-27T21:07:03Z,10,120,110,success,(ok u537832105),ok,
2026-08-27T21:22:23Z,8854662,0x136088867136565b22abd97ac567d0709a9b528422364f34ccd14916ab45c766,zest-v2,SP1A27KFY4XERQCCRCARCYD1CC5N7M6688BSYADJ7.v0-7-market,collateral-remove-redeem,SP1NAAJHMAVTM581N250602CP0B083YCH8V212D1P,2026-08-27T21:22:04Z,19,120,101,success,(ok u70804041),ok,
2026-08-27T22:03:20Z,8854909,0x010e0c3ba1359bc0e2888b35766e39b9eb666441f20686f31a4475958758910e,zest-v2,SP1A27KFY4XERQCCRCARCYD1CC5N7M6688BSYADJ7.v0-7-market,supply-collateral-add,SP17C9NQA2HT248FDS6PGA5EB756BXAPH8ZNGDAZP,2026-08-27T22:02:37Z,43,120,77,success,(ok u20087648),ok,
2026-08-27T22:33:15Z,8855127,0xb3e35dca2c3ad555f4998ca419369ba1b1e334279eeaf95ac5e770a53f8b0dbe,zest-v2,SP1A27KFY4XERQCCRCARCYD1CC5N7M6688BSYADJ7.v0-7-market,supply-collateral-add,SP3A7MGAH0SKC1ACS854PHXHVWE031FYQCBA8M51D,2026-08-27T22:33:06Z,9,120,111,success,(ok u59300770094),ok,
2026-08-27T22:34:28Z,8855134,0x17996b5aa2b4498662ab034410d3b1c5bb361e16582a794f4f661acca38d2e77,zest-v2,SP1A27KFY4XERQCCRCARCYD1CC5N7M6688BSYADJ7.v0-7-market,collateral-remove-redeem,SP3A7MGAH0SKC1ACS854PHXHVWE031FYQCBA8M51D,2026-08-27T22:34:22Z,6,120,114,success,(ok u60000001778),ok,
2026-08-27T22:35:06Z,8855139,0x4df9f03ca392003b8c75d902a78e089e90c2a8db9f8c8420c37abec20503b49a,zest-v2,SP1A27KFY4XERQCCRCARCYD1CC5N7M6688BSYADJ7.v0-7-market,supply-collateral-add,SP3A7MGAH0SKC1ACS854PHXHVWE031FYQCBA8M51D,2026-08-27T22:34:53Z,13,120,107,success,(ok u29983676),ok,
2026-08-27T22:35:45Z,8855144,0xda8270be7d635035e4b8077120d54662cc801b81e3c3ba84343f7cd6deec83c3,zest-v2,SP1A27KFY4XERQCCRCARCYD1CC5N7M6688BSYADJ7.v0-7-market,borrow,SP3A7MGAH0SKC1ACS854PHXHVWE031FYQCBA8M51D,2026-08-27T22:35:38Z,7,120,113,success,(ok true),ok,
2026-08-27T22:47:48Z,8855183,0xa27c8944dc62d7387a546d662ebb44080922af040f200340057aa7d76b0106f8,zest-v2,SP1A27KFY4XERQCCRCARCYD1CC5N7M6688BSYADJ7.v0-7-market,collateral-remove-redeem,SP3A7MGAH0SKC1ACS854PHXHVWE031FYQCBA8M51D,2026-08-27T22:47:39Z,9,120,111,success,(ok u620274),ok,
2026-08-27T22:48:22Z,8855188,0xc17425410f070fceaf529a7b71c359243cf452e1a51a5e64d2f75c7fbdd1459e,zest-v2,SP1A27KFY4XERQCCRCARCYD1CC5N7M6688BSYADJ7.v0-7-market,supply-collateral-add,SP3A7MGAH0SKC1ACS854PHXHVWE031FYQCBA8M51D,2026-08-27T22:48:15Z,7,120,113,success,(ok u37678566),ok,
2026-08-27T22:48:55Z,8855191,0x2a40eda19d6d2f6123c13ebd299d0c667418f452c50ea4bb32822e8aaa83073f,zest-v2,SP1A27KFY4XERQCCRCARCYD1CC5N7M6688BSYADJ7.v0-7-market,borrow,SP3A7MGAH0SKC1ACS854PHXHVWE031FYQCBA8M51D,2026-08-27T22:48:48Z,7,120,113,success,(ok true),ok,
2026-08-27T22:51:05Z,8855203,0x64b27a83a9c08900b98391e21e00659374c84ebddbc229d3a6219a91f76f45d9,zest-v2,SP1A27KFY4XERQCCRCARCYD1CC5N7M6688BSYADJ7.v0-7-market,supply-collateral-add,SP1NQCKQFGYKX95N3X65Y6JJQ01NCR923RS93YEDP,2026-08-27T22:50:35Z,30,120,90,success,(ok u51081089),ok,
2026-08-27T22:52:32Z,8855211,0x9a87852ee166ad59d4dc47c3326cd16dfe92ee41ea25b561e05159e0814f2091,zest-v2,SP1A27KFY4XERQCCRCARCYD1CC5N7M6688BSYADJ7.v0-7-market,borrow,SP3KPRN53ZGD45B3WRTDMZZEHBJSFQ8AKN9RE6FKS,2026-08-27T22:52:13Z,19,120,101,success,(ok true),ok,
2026-08-27T23:42:30Z,8855434,0x7b0f1f5ca15eb7c1e3a566db9f09ba408a99537ab992d821a73180f0900cc8be,zest-v2,SP1A27KFY4XERQCCRCARCYD1CC5N7M6688BSYADJ7.v0-7-market,collateral-remove-redeem,SP3A7MGAH0SKC1ACS854PHXHVWE031FYQCBA8M51D,2026-08-27T23:42:20Z,10,120,110,success,(ok u37699078),ok,
2026-08-27T23:56:54Z,8855486,0x9fe5c71cd3842424af9bf8f333e3eea1a0a2b4506d3b950822188b5222f4555a,zest-v2,SP1A27KFY4XERQCCRCARCYD1CC5N7M6688BSYADJ7.v0-7-market,supply-collateral-add,SP1AX2ND6NE41YNN9C0SDJV2N11X7684RBKQWB9XD,2026-08-27T23:56:47Z,7,120,113,success,(ok u25886260),ok,
2026-08-28T00:33:57Z,8855647,0x60fd6aee66456b9b9f9f0fe78a20278d09f378436e3663c929e0e33aa0da858b,zest-v2,SP1A27KFY4XERQCCRCARCYD1CC5N7M6688BSYADJ7.v0-7-market,collateral-remove-redeem,SP7YZSPZTESYZ9QP3XAJGH2XXQ2J2ASP0SEY7Y2B,2026-08-28T00:33:23Z,34,120,86,success,(ok u438010600),ok,
2026-08-28T00:49:19Z,8855725,0xbdca0f911ed835ef6a7770f61e7b8c232f286bbfd11d47801346e649670bb5f2,zest-v2,SP1A27KFY4XERQCCRCARCYD1CC5N7M6688BSYADJ7.v0-7-market,supply-collateral-add,SP2A0VW071VE5QXZ9699FK29F0XXQ0B8AQ5BSC431,2026-08-28T00:49:09Z,10,120,110,success,(ok u118141397),ok,
2026-08-28T00:53:08Z,8855739,0xfc61f584612aa08b9bc8754ed215880fd1bdf24d5a7e447528b66c226c3a13a4,zest-v2,SP1A27KFY4XERQCCRCARCYD1CC5N7M6688BSYADJ7.v0-7-market,supply-collateral-add,SP1MZ5N6YCQ5BFHK4N9NFGXG2K4N53BQ0MFXAKAC1,2026-08-28T00:52:52Z,16,120,104,success,(ok u9979877223),ok,
2026-08-28T00:54:37Z,8855744,0x28ce48ca71e65ddb925bf8f1cf89dbee0adcdd15c5f36fa07f6a081db7753529,zest-v2,SP1A27KFY4XERQCCRCARCYD1CC5N7M6688BSYADJ7.v0-7-market,borrow,SP1MZ5N6YCQ5BFHK4N9NFGXG2K4N53BQ0MFXAKAC1,2026-08-28T00:54:22Z,15,120,105,success,(ok true),ok,
2026-08-28T00:55:02Z,8855746,0x7cd1b90e295e8161e278728b63258a614563b38d953231793fa7aa5ee8778fd7,zest-v2,SP1A27KFY4XERQCCRCARCYD1CC5N7M6688BSYADJ7.v0-7-market,supply-collateral-add,SP2A0VW071VE5QXZ9699FK29F0XXQ0B8AQ5BSC431,2026-08-28T00:54:52Z,10,120,110,success,(ok u135862606),ok,
2026-08-28T01:00:20Z,8855749,0xeb38e0c41fa5515c3bf1ffe4e0bb3f695242343daba96a9a488901b68a570817,zest-v2,SP1A27KFY4XERQCCRCARCYD1CC5N7M6688BSYADJ7.v0-7-market,supply-collateral-add,SP919TMG926VPZFC380XNMZPXGDXWWDQXGTCNM49,2026-08-28T01:00:12Z,8,120,112,success,(ok u150096479),ok,
2026-08-28T01:27:00Z,8855910,0x2125b8337c9d7dad3258f626511745aae803e3cda741bc7dc9497beb428a58f1,zest-v2,SP1A27KFY4XERQCCRCARCYD1CC5N7M6688BSYADJ7.v0-7-market,supply-collateral-add,SP3A7MGAH0SKC1ACS854PHXHVWE031FYQCBA8M51D,2026-08-28T01:26:51Z,9,120,111,success,(ok u296502581032),ok,
2026-08-28T01:27:34Z,8855915,0x46c3ba80466f5193f729c2dd33193f6c0d47919e57dd936c1847ec8fc477da25,zest-v2,SP1A27KFY4XERQCCRCARCYD1CC5N7M6688BSYADJ7.v0-7-market,borrow,SP3A7MGAH0SKC1ACS854PHXHVWE031FYQCBA8M51D,2026-08-28T01:27:25Z,9,120,111,success,(ok true),ok,
2026-08-28T01:30:53Z,8855940,0x30fb9b1251b0597838692dcf15c58b9b53c49ca0f0c9e4dc7b342703d0aea20b,zest-v2,SP1A27KFY4XERQCCRCARCYD1CC5N7M6688BSYADJ7.v0-7-market,collateral-remove-redeem,SP3TGF6BJZWPZMHVXAP6BT8D9V5JW6X4JDD8MPNTD,2026-08-28T01:30:41Z,12,120,108,success,(ok u30000133820),ok,
2026-08-28T01:49:05Z,8856060,0x4d0c396542ae58a51fc8c1946acba6d26fa11a69796fe4f7a0910e1aa42de5c3,zest-v2,SP1A27KFY4XERQCCRCARCYD1CC5N7M6688BSYADJ7.v0-7-market,collateral-remove-redeem,SP1MZ5N6YCQ5BFHK4N9NFGXG2K4N53BQ0MFXAKAC1,2026-08-28T01:48:59Z,6,120,114,success,(ok u10000006425),ok,
2026-08-28T01:59:17Z,8856126,0xf76075eab94054dd959b6459c9e4c71d0755c6094bf2f72d02861b2b6ef270ac,zest-v2,SP1A27KFY4XERQCCRCARCYD1CC5N7M6688BSYADJ7.v0-7-market,supply-collateral-add,SPG90HHG9DQSZRC921S56CRYJ89K229YDE0N5SN1,2026-08-28T01:59:11Z,6,120,114,success,(ok u724328549),ok,
2026-08-28T02:00:32Z,8856134,0x2bd39dd01026ab58d747f49df3003483195bcc334b671766bcf9e332b0298de7,zest-v2,SP1A27KFY4XERQCCRCARCYD1CC5N7M6688BSYADJ7.v0-7-market,supply-collateral-add,SP3TGF6BJZWPZMHVXAP6BT8D9V5JW6X4JDD8MPNTD,2026-08-28T02:00:23Z,9,120,111,success,(ok u29939608430),ok,
2026-08-28T02:03:48Z,8856155,0x316f204f08a0064bf119cd25f1069eb62416451f54cf5c93b1c24b984e607fdb,zest-v2,SP1A27KFY4XERQCCRCARCYD1CC5N7M6688BSYADJ7.v0-7-market,borrow,SP3TGF6BJZWPZMHVXAP6BT8D9V5JW6X4JDD8MPNTD,2026-08-28T02:03:44Z,4,120,116,success,(ok true),ok,
2026-08-28T02:08:03Z,8856182,0x3ed9d5200129f037a045df66f63a077893e404b9422a20bdd8f342581986a8a4,zest-v2,SP1A27KFY4XERQCCRCARCYD1CC5N7M6688BSYADJ7.v0-7-market,collateral-remove-redeem,SP3A7MGAH0SKC1ACS854PHXHVWE031FYQCBA8M51D,2026-08-28T02:07:52Z,11,120,109,success,(ok u100000052558),ok,
2026-08-28T02:28:19Z,8856303,0x32cdbb58d70c92e2ca186d8c64b9af2c4df1976eefd3eaeeeb0d16c58f699d40,zest-v2,SP1A27KFY4XERQCCRCARCYD1CC5N7M6688BSYADJ7.v0-7-market,collateral-remove-redeem,SP3A7MGAH0SKC1ACS854PHXHVWE031FYQCBA8M51D,2026-08-28T02:28:13Z,6,120,114,success,(ok u200000326356),ok,
2026-08-28T02:47:34Z,8856424,0x57fa36760f14cbebab9431d5e4435d283d3ba7fe2f1ca3831f5480364b7a3bff,zest-v2,SP1A27KFY4XERQCCRCARCYD1CC5N7M6688BSYADJ7.v0-7-market,supply-collateral-add,SP3A7MGAH0SKC1ACS854PHXHVWE031FYQCBA8M51D,2026-08-28T02:47:22Z,12,120,108,success,(ok u39919456265),ok,
2026-08-28T02:48:09Z,8856428,0x3049ca92fedbbdb593b1e05a4f4f0135a806169196b4a7bb53968f805902854e,zest-v2,SP1A27KFY4XERQCCRCARCYD1CC5N7M6688BSYADJ7.v0-7-market,borrow,SP3A7MGAH0SKC1ACS854PHXHVWE031FYQCBA8M51D,2026-08-28T02:48:02Z,7,120,113,success,(ok true),ok,
2026-08-28T03:18:06Z,8856614,0x2acf4559c9e369ce7451fe9f8581708c0d17a140099cbb19bd27b2d98434c9f3,zest-v2,SP1A27KFY4XERQCCRCARCYD1CC5N7M6688BSYADJ7.v0-7-market,collateral-remove-redeem,SP3A7MGAH0SKC1ACS854PHXHVWE031FYQCBA8M51D,2026-08-28T03:17:57Z,9,120,111,success,(ok u40000013894),ok,
2026-08-28T04:07:16Z,8856931,0x90e4c0ba560b914627bbecab60094a6de439f2fa48e2315f5b66b19621fca97f,zest-v2,SP1A27KFY4XERQCCRCARCYD1CC5N7M6688BSYADJ7.v0-7-market,supply-collateral-add,SP1NAAJHMAVTM581N250602CP0B083YCH8V212D1P,2026-08-28T04:07:02Z,14,120,106,success,(ok u1029),ok,
2026-08-28T05:05:08Z,8857292,0xbc61e0faf04c201ea603813ee280f101c9cc0917a659ab74836681c2b72287b6,zest-v2,SP1A27KFY4XERQCCRCARCYD1CC5N7M6688BSYADJ7.v0-7-market,supply-collateral-add,SP2R8C36A8KVBBWYC4ASD6V36S2E9VJ0FXWV2T4CP,2026-08-28T05:04:55Z,13,120,107,success,(ok u696086975),ok,
2026-08-28T05:44:08Z,8857525,0x9727070c4aa0b0e41855de735ce22c6ca7eac830711e2ee9895a48abb716e73d,zest-v2,SP1A27KFY4XERQCCRCARCYD1CC5N7M6688BSYADJ7.v0-7-market,supply-collateral-add,SP2ZM1KNQNS96RM1MAJTZV7WE7F38GFGRND4E80DW,2026-08-28T05:43:42Z,26,120,94,success,(ok u138028781),ok,
2026-08-28T05:59:03Z,8857618,0x3c208fcc01f9e6ae1ef4a9634542fb83be8ea8f95161ec9dff38b64ae2a4a511,zest-v1,SP2VCQJGH7PHP2DJK7Z0V48AGBHQAW3R3ZW1QF4N.borrow-helper-v2-1-8,liquidation-call,SPP6CG3E4VKDGC1NW7AQMMHCD6053152X9DNT12C,2026-08-28T05:58:59Z,4,360,356,abort_by_response,(err u90000),revert:non-oracle,
2026-08-28T06:11:57Z,8857691,0x169cf4408864b959715605ee1189e3704d595f95c9b38281bed30b3c40703ada,zest-v1,SP2VCQJGH7PHP2DJK7Z0V48AGBHQAW3R3ZW1QF4N.borrow-helper-v2-1-8,withdraw,SP2G369JC28XY3NHWBTX5JQ6F9QJ4BK7S2W0CQSC3,2026-08-28T06:10:33Z,84,360,276,success,(ok true),ok,
2026-08-28T06:15:41Z,8857711,0x775b5b86041c962c3bf66f19cfc7aa8dabbfef8f78e0ad7e7ff7b7857bfb2ca3,zest-v2,SP1A27KFY4XERQCCRCARCYD1CC5N7M6688BSYADJ7.v0-7-market,supply-collateral-add,SP2G369JC28XY3NHWBTX5JQ6F9QJ4BK7S2W0CQSC3,2026-08-28T06:15:26Z,15,120,105,success,(ok u102127310082),ok,
2026-08-28T07:26:45Z,8858134,0xba3a6d4e45afacb3c3b3f0f37fcc9b8f1648329211ec55628a7a8030de47badb,zest-v2,SP1A27KFY4XERQCCRCARCYD1CC5N7M6688BSYADJ7.v0-7-market,borrow,SP2W358G5BQF76DPWV93TPCBTGW9RTP6JCFG92Y2X,2026-08-28T07:26:32Z,13,120,107,success,(ok true),ok,
2026-08-28T07:46:21Z,8858257,0x6847bf0274f79ea9efaf0ed4b422bf56264a5d0e3891208b20201fde67e5e6b5,zest-v2,SP1A27KFY4XERQCCRCARCYD1CC5N7M6688BSYADJ7.v0-7-market,supply-collateral-add,SP11F58SSQGZNR0T2EST2BQJ9HAMF8NEXG6FQD2VW,2026-08-28T07:46:12Z,9,120,111,success,(ok u82323407),ok,
2026-08-28T08:07:15Z,8858422,0xac62a084cb5912f4b08a6f30b21e19fcf20211e36ab8f85bfd56ed6349b4a70f,zest-v1,SP2VCQJGH7PHP2DJK7Z0V48AGBHQAW3R3ZW1QF4N.borrow-helper-v2-1-8,withdraw,SP1YM7WWHA02RYR14EN2E7720KZMWVCJRX9WQ3HX9,2026-08-28T08:06:55Z,20,360,340,success,(ok true),ok,
2026-08-28T08:11:12Z,8858446,0x0f4cc31a860b7810eba524a893b453bc9c9d62671728eaacb68ac1e7f33e31d5,zest-v1,SP2VCQJGH7PHP2DJK7Z0V48AGBHQAW3R3ZW1QF4N.borrow-helper-v2-1-8,withdraw,SP3CXAR2VXWWCCGEQ94YKVVNPN6S74P3YC9XKHKDR,2026-08-28T08:10:59Z,13,360,347,success,(ok true),ok,
2026-08-28T08:16:56Z,8858487,0xbcc84e5ec7e418613ad48d48d86f70cd6e33adc314641fb6244d4394e980713d,zest-v2,SP1A27KFY4XERQCCRCARCYD1CC5N7M6688BSYADJ7.v0-7-market,collateral-remove-redeem,SPCE87V29VDPEAS925YMV2VG3CMBHY0BXKB08NA4,2026-08-28T08:16:48Z,8,120,112,success,(ok u3329999),ok,
2026-08-28T08:21:11Z,8858521,0x80ad34af04de785fe2061b17bb785668fd6c6fa74cf5419b355451eb05891d63,zest-v1,SP2VCQJGH7PHP2DJK7Z0V48AGBHQAW3R3ZW1QF4N.borrow-helper-v2-1-8,withdraw,SP378NAN3DT5Q6A4ZRQNX9ZX1FHTTYNHXD0VSH0T8,2026-08-28T08:20:58Z,13,360,347,success,(ok true),ok,
2026-08-28T08:34:44Z,8858598,0xe9e6e3f570f5c2b27414fe4d1361fd3420bb5c14e98ead420afc19812773d49f,zest-v2,SP1A27KFY4XERQCCRCARCYD1CC5N7M6688BSYADJ7.v0-7-market,supply-collateral-add,SP1NM07V4FW2B5206E24VB07F9T3HFCYCCQRVBJ6Y,2026-08-28T08:34:31Z,13,120,107,success,(ok u57006786),ok,
2026-08-28T09:39:27Z,8858968,0x73904083659ae506a231d41c862611220f2b605c5c1a9f8e543f39a13f2c5e7f,zest-v2,SP1A27KFY4XERQCCRCARCYD1CC5N7M6688BSYADJ7.v0-7-market,supply-collateral-add,SP2TZ63CQSBF7AD4DKK291JMXD19SJJX593K29QFK,2026-08-28T09:38:07Z,80,120,40,success,(ok u1089797958),ok,
2026-08-28T09:44:13Z,8858999,0x345550b3539d8c4ff4bb8fa9838412a149c0e4d2fa1c122b14521aff68669409,zest-v2,SP1A27KFY4XERQCCRCARCYD1CC5N7M6688BSYADJ7.v0-7-market,borrow,SPJN63YWJP48HDQP24HBPW3HAXTQHCNSQKKEQ8CR,2026-08-28T09:44:00Z,13,120,107,success,(ok true),ok,
2026-08-28T10:12:37Z,8859170,0x465d449dda52551e1044a34f4a63b8b8725970e762f1d124b024091d4beda24f,zest-v2,SP1A27KFY4XERQCCRCARCYD1CC5N7M6688BSYADJ7.v0-7-market,supply-collateral-add,SP2QPKZPPEBZ7ZB7E558TTW15X75S9VDHC09M9SJF,2026-08-28T10:12:06Z,31,120,89,success,(ok u8844091),ok,
2026-08-28T11:01:18Z,8859425,0x0a8c86865171f56dfef4e00aeccba642fb18136d4d522131b4d84c016f8a1eee,zest-v2,SP1A27KFY4XERQCCRCARCYD1CC5N7M6688BSYADJ7.v0-7-market,borrow,SP2A0VW071VE5QXZ9699FK29F0XXQ0B8AQ5BSC431,2026-08-28T11:00:33Z,45,120,75,success,(ok true),ok,
2026-08-28T11:29:29Z,8859587,0xa16ae5956c511b7969773ed218097eaf40235e191e658bfb562f0b4697cdcd5b,zest-v2,SP1A27KFY4XERQCCRCARCYD1CC5N7M6688BSYADJ7.v0-7-market,supply-collateral-add,SP7YZSPZTESYZ9QP3XAJGH2XXQ2J2ASP0SEY7Y2B,2026-08-28T11:29:01Z,28,120,92,success,(ok u508988588),ok,
2026-08-28T11:35:45Z,8859616,0x9058260235d54e19fbe83b100bce1df561edb2a07806b5dc25685995cf6da58b,zest-v2,SP1A27KFY4XERQCCRCARCYD1CC5N7M6688BSYADJ7.v0-7-market,borrow,SP7YZSPZTESYZ9QP3XAJGH2XXQ2J2ASP0SEY7Y2B,2026-08-28T11:35:23Z,22,120,98,success,(ok true),ok,
2026-08-28T12:17:04Z,8859828,0x093229f7b46bdbe174b2da13563497f6092aa21cb94404ff4943d533dfc2c103,zest-v2,SP1A27KFY4XERQCCRCARCYD1CC5N7M6688BSYADJ7.v0-7-market,collateral-remove-redeem,SP3TGF6BJZWPZMHVXAP6BT8D9V5JW6X4JDD8MPNTD,2026-08-28T12:16:52Z,12,120,108,success,(ok u30000212142),ok,
2026-08-28T12:19:58Z,8859844,0x1174a5670d8ed34b475ab249ff74f713c9b4c13286ee3bb8d8329f781863f23d,zest-v1,SP2VCQJGH7PHP2DJK7Z0V48AGBHQAW3R3ZW1QF4N.borrow-helper-v2-1-8,withdraw,SP394GJXSENF2QMB8S4NGKVNWVD75J97XRQZ7C6N2,2026-08-28T12:19:45Z,13,360,347,success,(ok true),ok,
2026-08-28T12:25:49Z,8859877,0x4ba4055571e88d7dc714fc7a268ec849a6041f473355e6d4ea4fca77a403086e,zest-v2,SP1A27KFY4XERQCCRCARCYD1CC5N7M6688BSYADJ7.v0-7-market,collateral-remove-redeem,SP2AEJ8041G8WW08S2XVB0D1WYJSB2Y6PBB05BF8P,2026-08-28T12:25:18Z,31,120,89,success,(ok u2000000536),ok,
2026-08-28T13:04:35Z,8860079,0x2a54e14ecc4fe58863fa2efb79552799dc4ee2f1232a225c20937010bb9d63a0,zest-v2,SP1A27KFY4XERQCCRCARCYD1CC5N7M6688BSYADJ7.v0-7-market,supply-collateral-add,SP158378PVRA077MC9851WTVSF7G3MES99HPJ26DW,2026-08-28T13:03:51Z,44,120,76,success,(ok u6999276),ok,
2026-08-28T15:01:32Z,8860708,0x643e04a7c40bc9d577edbf8bcc6bfd6b6a940339ccfbe1c62866e7f8885938cc,zest-v2,SP1A27KFY4XERQCCRCARCYD1CC5N7M6688BSYADJ7.v0-7-market,collateral-add,SPGW9BJR01CAWR50XP563KS4FCTD0AR8YBEQB81V,2026-08-28T15:01:00Z,32,120,88,success,(ok u545155705),ok,
2026-08-28T15:46:55Z,8860831,0x6911aef5816e22b3ba65c7ff7d2d38d62b0babd1182b4e409e7d5d0acb2e5f3d,zest-v2,SP1A27KFY4XERQCCRCARCYD1CC5N7M6688BSYADJ7.v0-7-market,supply-collateral-add,SP2ZM1KNQNS96RM1MAJTZV7WE7F38GFGRND4E80DW,2026-08-28T15:46:19Z,36,120,84,success,(ok u138087272),ok,
2026-08-28T15:50:32Z,8860851,0x02bac2306a4a17a6aadf622a94a8695787ae74fe14b32e0b03b36713c89d3be5,zest-v2,SP1A27KFY4XERQCCRCARCYD1CC5N7M6688BSYADJ7.v0-7-market,supply-collateral-add,SP2ZM1KNQNS96RM1MAJTZV7WE7F38GFGRND4E80DW,2026-08-28T15:50:11Z,21,120,99,success,(ok u138114430),ok,
2026-08-28T16:20:55Z,8860981,0xa6773c2f2f367c9bbe7008a9aef5f5d734708fb1edd0972215ee1cee12104f8b,zest-v2,SP1A27KFY4XERQCCRCARCYD1CC5N7M6688BSYADJ7.v0-7-market,supply-collateral-add,SP3A7MGAH0SKC1ACS854PHXHVWE031FYQCBA8M51D,2026-08-28T16:20:42Z,13,120,107,success,(ok u49898854540),ok,
2026-08-28T16:21:30Z,8860984,0x26a34a7d5b9492cf000236abdc34abcf3b36db528cf541a6d70f93e23e8f341c,zest-v2,SP1A27KFY4XERQCCRCARCYD1CC5N7M6688BSYADJ7.v0-7-market,borrow,SP3A7MGAH0SKC1ACS854PHXHVWE031FYQCBA8M51D,2026-08-28T16:21:17Z,13,120,107,success,(ok true),ok,
2026-08-28T16:24:17Z,8860994,0xcfefa8bef7f3f95ffeef90c0adc2fe51ece2429514dfa46caac3a5d412f9a490,zest-v2,SP1A27KFY4XERQCCRCARCYD1CC5N7M6688BSYADJ7.v0-7-market,collateral-remove-redeem,SP2AEJ8041G8WW08S2XVB0D1WYJSB2Y6PBB05BF8P,2026-08-28T16:23:25Z,52,120,68,success,(ok u2000001160),ok,
2026-08-28T16:25:51Z,8861000,0x940edd8b26458b56db71a1e37f95abe9375e95e4823a744ad70c108211bf3942,zest-v2,SP1A27KFY4XERQCCRCARCYD1CC5N7M6688BSYADJ7.v0-7-market,supply-collateral-add,SP3TGF6BJZWPZMHVXAP6BT8D9V5JW6X4JDD8MPNTD,2026-08-28T16:24:43Z,68,120,52,success,(ok u49898851734),ok,
2026-08-28T16:26:35Z,8861003,0x26a9b924b49ab8135e979f3779c96932944c8bc067120c2e95e9c898358c4747,zest-v2,SP1A27KFY4XERQCCRCARCYD1CC5N7M6688BSYADJ7.v0-7-market,borrow,SP3TGF6BJZWPZMHVXAP6BT8D9V5JW6X4JDD8MPNTD,2026-08-28T16:26:18Z,17,120,103,abort_by_post_condition,(err u400005),revert:non-oracle,
2026-08-28T16:36:59Z,8861037,0x7e6e0225874cf0c0184ced0fdba2891de9e1bd5077e3db7af4277c83a17627fa,zest-v2,SP1A27KFY4XERQCCRCARCYD1CC5N7M6688BSYADJ7.v0-7-market,borrow,SP2W358G5BQF76DPWV93TPCBTGW9RTP6JCFG92Y2X,2026-08-28T16:36:42Z,17,120,103,success,(ok true),ok,
2026-08-28T16:51:34Z,8861093,0xbe14d59ad4be2893db7da5fc21d7ba6e2fd921366b5aa993c1959e14b9ff86bf,zest-v2,SP1A27KFY4XERQCCRCARCYD1CC5N7M6688BSYADJ7.v0-7-market,collateral-remove-redeem,SP3TGF6BJZWPZMHVXAP6BT8D9V5JW6X4JDD8MPNTD,2026-08-28T16:51:20Z,14,120,106,success,(ok u50000014521),ok,
2026-08-28T18:07:15Z,8861506,0xb499bb627ee3ba7df9d2ac6c29eee5d1ab0ed39416af00e8494b6a9c17e3069d,zest-v2,SP1A27KFY4XERQCCRCARCYD1CC5N7M6688BSYADJ7.v0-7-market,borrow,SP2ZM1KNQNS96RM1MAJTZV7WE7F38GFGRND4E80DW,2026-08-28T18:06:47Z,28,120,92,success,(ok true),ok,
2026-08-28T18:38:31Z,8861700,0x7b99f0fbf76d5b16ea079f7067b745de4270fa74c0bbd9bf44439ac520eed1bf,zest-v2,SP1A27KFY4XERQCCRCARCYD1CC5N7M6688BSYADJ7.v0-7-market,borrow,SP2RNHHQDTHGHPEVX83291K4AQZVGWEJ7WCQQDA9R,2026-08-28T18:38:20Z,11,120,109,success,(ok true),ok,
2026-08-28T20:59:50Z,8862409,0x41b6b4b3a4c554606af367e5b64d53531af9c883c25f581e4764c80a6002d620,zest-v2,SP1A27KFY4XERQCCRCARCYD1CC5N7M6688BSYADJ7.v0-7-market,supply-collateral-add,SP3TGRP71Q5CMXQD0PQTEDMHS2A0JDZ64F6MGHVM7,2026-08-28T20:59:34Z,16,120,104,success,(ok u6173721),ok,
2026-08-28T21:03:13Z,8862423,0x91ccb272fa6ce10f9e20a93827ad7f30215b7899c77f99432cd1e85e17eedddb,zest-v2,SP1A27KFY4XERQCCRCARCYD1CC5N7M6688BSYADJ7.v0-7-market,borrow,SP3TGRP71Q5CMXQD0PQTEDMHS2A0JDZ64F6MGHVM7,2026-08-28T21:02:35Z,38,120,82,success,(ok true),ok,
2026-08-28T23:43:34Z,8863293,0x20029db6209f76d3fb4215657ad3e4ff29179821fd382501a8ac5a9a77d587f9,zest-v2,SP1A27KFY4XERQCCRCARCYD1CC5N7M6688BSYADJ7.v0-7-market,collateral-remove-redeem,SPZKWN8EC8DHXYW6D6DVHFVMX2HBWMRTSZET8YHM,2026-08-28T23:43:03Z,31,120,89,success,(ok u4500000000),ok,
2026-08-28T23:46:55Z,8863314,0xbea43649ec79cde25d13fccef0cb221c0e0a3b8be63ff9c602b3b6d7ee38d360,zest-v2,SP1A27KFY4XERQCCRCARCYD1CC5N7M6688BSYADJ7.v0-7-market,borrow,SP3WAAYXPC6WZNEC7SHGR36D32RJPZVXRR1BG0QSY,2026-08-28T23:46:29Z,26,120,94,success,(ok true),ok,
2026-08-28T23:59:12Z,8863399,0xcc5315b8c76ad80fbe29ba8585c8195541c193069613f43edd1553e74d0ce8c1,zest-v2,SP1A27KFY4XERQCCRCARCYD1CC5N7M6688BSYADJ7.v0-7-market,collateral-remove-redeem,SPZKWN8EC8DHXYW6D6DVHFVMX2HBWMRTSZET8YHM,2026-08-28T23:58:41Z,31,120,89,success,(ok u5900000000),ok,
2026-08-29T00:10:28Z,8863483,0xdc5f9bf26d84bb8348a1b51e9ab4cb2c86d2d75625127f343498734e94618b2c,zest-v2,SP1A27KFY4XERQCCRCARCYD1CC5N7M6688BSYADJ7.v0-7-market,collateral-remove-redeem,SPZKWN8EC8DHXYW6D6DVHFVMX2HBWMRTSZET8YHM,2026-08-29T00:09:52Z,36,120,84,success,(ok u7400000000),ok,
2026-08-29T02:07:15Z,8864182,0xed5a4b17c3accff31a4ae19203952237f0810335d09dae0f237e8e9622200536,zest-v2,SP1A27KFY4XERQCCRCARCYD1CC5N7M6688BSYADJ7.v0-7-market,borrow,SP3KPRN53ZGD45B3WRTDMZZEHBJSFQ8AKN9RE6FKS,2026-08-29T02:06:53Z,22,120,98,success,(ok true),ok,
2026-08-29T02:35:58Z,8864354,0x87e51af16a127ad44b98edc53c2f952bbb5d8f369dde14e1a0cd64ef5f623b6f,zest-v2,SP1A27KFY4XERQCCRCARCYD1CC5N7M6688BSYADJ7.v0-7-market,supply-collateral-add,SP1VA6890RJFTVKV9BVXR16Z19DX2EAC3MB8GXX3D,2026-08-29T02:35:48Z,10,120,110,success,(ok u988305243),ok,
2026-08-29T02:56:00Z,8864466,0xfd41ade3324770eaa96d35a12c11c4548bdb4b2c7d55ecd3556f5222280e12b6,zest-v2,SP1A27KFY4XERQCCRCARCYD1CC5N7M6688BSYADJ7.v0-7-market,supply-collateral-add,SP27S3S4W7VDGSSFXVNQ193VMMK1WFYRKJ9PSZBMK,2026-08-29T02:55:49Z,11,120,109,success,(ok u565614186),ok,
2026-08-29T04:15:23Z,8864974,0x4a18222016e03d3a7facd0a7a08f3608612c026225dfbddc75feff909e0b76c2,zest-v2,SP1A27KFY4XERQCCRCARCYD1CC5N7M6688BSYADJ7.v0-7-market,borrow,SP2ZM1KNQNS96RM1MAJTZV7WE7F38GFGRND4E80DW,2026-08-29T04:14:46Z,37,120,83,success,(ok true),ok,
2026-08-29T04:19:21Z,8865001,0x5535e8b0110ade6f3cbfb9371ced06f450b423c4cd051bf72058adadf7b84ea7,zest-v2,SP1A27KFY4XERQCCRCARCYD1CC5N7M6688BSYADJ7.v0-7-market,supply-collateral-add,SP2ZM1KNQNS96RM1MAJTZV7WE7F38GFGRND4E80DW,2026-08-29T04:18:57Z,24,120,96,success,(ok u138120691),ok,
2026-08-29T09:05:31Z,8866615,0x15026a4e8e05d3833f9f61ee4536c2e28ae6a144dfa89d009352933a41e67c4d,zest-v2,SP1A27KFY4XERQCCRCARCYD1CC5N7M6688BSYADJ7.v0-7-market,borrow,SP3G324FT2DWGXHSTN1BQM3SZXA0WA1Z1W4WCE7XC,2026-08-29T09:05:15Z,16,120,104,success,(ok true),ok,
2026-08-29T09:06:12Z,8866618,0x3c9cff5a17ad7aa6cc28c305540c453b736d01051da9c29b7f480f868fc8d71a,zest-v2,SP1A27KFY4XERQCCRCARCYD1CC5N7M6688BSYADJ7.v0-7-market,supply-collateral-add,SP3G324FT2DWGXHSTN1BQM3SZXA0WA1Z1W4WCE7XC,2026-08-29T09:06:01Z,11,120,109,success,(ok u313268721),ok,
2026-08-29T09:33:40Z,8866801,0xf06555f9431f6cc9aefcb38723a8582b80c5f46381e78d6f742f2214dafff4db,zest-v2,SP1A27KFY4XERQCCRCARCYD1CC5N7M6688BSYADJ7.v0-7-market,borrow,SP25SJZ2KDZMZY4MJNE9QNP41XRKKFWXYHN82SZSN,2026-08-29T09:33:15Z,25,120,95,success,(ok true),ok,
2026-08-29T09:52:37Z,8866928,0x6123fb96022a1df43acc14d88403e6f24506f1cddcfd06fa330a29a234b171f5,zest-v2,SP1A27KFY4XERQCCRCARCYD1CC5N7M6688BSYADJ7.v0-7-market,borrow,SP2PKX3NAER3T40ECAYAVZESCGA42B6BP50K6ENKM,2026-08-29T09:52:17Z,20,120,100,success,(ok true),ok,
2026-08-29T10:03:26Z,8866991,0xe0e1b6837bc7143012e6cc5a53b380f1c506166c852bdff90fbebec7300c634d,zest-v2,SP1A27KFY4XERQCCRCARCYD1CC5N7M6688BSYADJ7.v0-7-market,collateral-remove-redeem,SP3XBCE7R73W9TPWSM3B1NYKHYY9P5K81HE0TWPRP,2026-08-29T10:02:47Z,39,120,81,success,(ok u2550002464),ok,
2026-08-29T10:05:16Z,8867000,0x5f24f78a749ab38a1ff36218d0b5d625f711435002ccf8031b95088f9f0ca2df,zest-v1,SP2VCQJGH7PHP2DJK7Z0V48AGBHQAW3R3ZW1QF4N.borrow-helper-v2-1-8,withdraw,SPQWQNDPEF4AX2Z3JR2D9XDG41NT0J9BVQ7AR5DS,2026-08-29T10:05:00Z,16,360,344,success,(ok true),ok,
2026-08-29T12:14:28Z,8867714,0xca6714ddbe9c712122cd95be66473ac74c24e379259ce9ccf8231fd88f8104c3,zest-v2,SP1A27KFY4XERQCCRCARCYD1CC5N7M6688BSYADJ7.v0-7-market,collateral-remove-redeem,SPCE87V29VDPEAS925YMV2VG3CMBHY0BXKB08NA4,2026-08-29T12:13:35Z,53,120,67,success,(ok u3320000),ok,
2026-08-29T12:50:19Z,8867962,0xc9aa99d679f6704baf45e10c37be9efad412eb50b9c2bda1e36ecc970d7c0acf,zest-v2,SP1A27KFY4XERQCCRCARCYD1CC5N7M6688BSYADJ7.v0-7-market,borrow,SPG99HRA08KD448X2HJBPX79M6EM63H7YHD8V8Z1,2026-08-29T12:50:06Z,13,120,107,success,(ok true),ok,
2026-08-29T12:52:12Z,8867969,0x3aa0fa4aca0563b2477b0b0e4d09e7f44319f2b960db36a8c58d9e8afbfd8a82,zest-v2,SP1A27KFY4XERQCCRCARCYD1CC5N7M6688BSYADJ7.v0-7-market,supply-collateral-add,SPG99HRA08KD448X2HJBPX79M6EM63H7YHD8V8Z1,2026-08-29T12:51:03Z,69,120,51,success,(ok u38290860406),ok,
2026-08-29T16:46:28Z,8869194,0xbd389b0b3f1e44593bfadc83b93e7802cb1faa26149437965102173e291dbcb9,zest-v2,SP1A27KFY4XERQCCRCARCYD1CC5N7M6688BSYADJ7.v0-7-market,supply-collateral-add,SPJN63YWJP48HDQP24HBPW3HAXTQHCNSQKKEQ8CR,2026-08-29T16:46:02Z,26,120,94,success,(ok u3434057),ok,
2026-08-29T16:49:01Z,8869202,0xa3c78bfe6c045712aea33fa586aca96a77431db4e1e5442cfd3cd2ab94643097,zest-v2,SP1A27KFY4XERQCCRCARCYD1CC5N7M6688BSYADJ7.v0-7-market,borrow,SPJN63YWJP48HDQP24HBPW3HAXTQHCNSQKKEQ8CR,2026-08-29T16:48:20Z,41,120,79,success,(ok true),ok,
2026-08-29T19:06:40Z,8870056,0x234db4aae0eb372cfb6c280400aa357d2e4adf7fc41eb1fb907fed31257a336b,zest-v2,SP1A27KFY4XERQCCRCARCYD1CC5N7M6688BSYADJ7.v0-7-market,supply-collateral-add,SP2A0VW071VE5QXZ9699FK29F0XXQ0B8AQ5BSC431,2026-08-29T19:05:59Z,41,120,79,success,(ok u197462100),ok,
2026-08-29T20:45:28Z,8870668,0x07903ede15be85f85e70c3e23a6b27df691957e5ffb7fa88bdec34d14867e71e,zest-v2,SP1A27KFY4XERQCCRCARCYD1CC5N7M6688BSYADJ7.v0-7-market,supply-collateral-add,SP119ATKFM412X7WB4JTCNHVT02D6X919BZHPQR69,2026-08-29T20:45:19Z,9,120,111,success,(ok u100407255),ok,
2026-08-29T20:46:28Z,8870675,0x54544bff2b485d5b30c0ffd2e8494fcf0b85361cfdf91ea90afa8a93e532567a,zest-v2,SP1A27KFY4XERQCCRCARCYD1CC5N7M6688BSYADJ7.v0-7-market,supply-collateral-add,SP2ZM1KNQNS96RM1MAJTZV7WE7F38GFGRND4E80DW,2026-08-29T20:46:13Z,15,120,105,success,(ok u138176307),ok,
2026-08-29T20:52:03Z,8870720,0x757da7f174946927add61b6769ba86d1fba047e7405527e6262e030023b23f06,zest-v2,SP1A27KFY4XERQCCRCARCYD1CC5N7M6688BSYADJ7.v0-7-market,supply-collateral-add,SP1S9V348SY2H77AH4B008KX0K2GPW2EGEW29847M,2026-08-29T20:51:55Z,8,120,112,success,(ok u5991177881),ok,
2026-08-29T21:33:54Z,8870988,0xa55428ea9b7b810cf735b135ec2696ac06f0e03e7465371f2373f6df7d0bb574,zest-v2,SP1A27KFY4XERQCCRCARCYD1CC5N7M6688BSYADJ7.v0-7-market,supply-collateral-add,SP284C79DJQ7TZWTE2GHYS19H8AMRK0FE41NP0CY4,2026-08-29T21:33:44Z,10,120,110,success,(ok u8477417777),ok,
2026-08-29T21:42:03Z,8871044,0xbdbc518d6946960c34f8852f4d96677d93363e1b864b978e27ff168762892b69,zest-v2,SP1A27KFY4XERQCCRCARCYD1CC5N7M6688BSYADJ7.v0-7-market,borrow,SP25SJZ2KDZMZY4MJNE9QNP41XRKKFWXYHN82SZSN,2026-08-29T21:41:29Z,34,120,86,success,(ok true),ok,
2026-08-29T22:46:11Z,8871361,0xbb3ec11f6d28e561dc77e32df8064320364b09f771ea01d351712aa89d6b55ce,zest-v2,SP1A27KFY4XERQCCRCARCYD1CC5N7M6688BSYADJ7.v0-7-market,collateral-remove-redeem,SPCE87V29VDPEAS925YMV2VG3CMBHY0BXKB08NA4,2026-08-29T22:45:55Z,16,120,104,success,(ok u3109999),ok,
2026-08-29T22:51:16Z,8871391,0x718adf92f834beaf2f7fb473d037e090807476c0c911bf482b649c1c8de5c17b,zest-v2,SP1A27KFY4XERQCCRCARCYD1CC5N7M6688BSYADJ7.v0-7-market,supply-collateral-add,SP1VA6890RJFTVKV9BVXR16Z19DX2EAC3MB8GXX3D,2026-08-29T22:51:04Z,12,120,108,success,(ok u1482442984),ok,
2026-08-29T23:22:24Z,8871500,0x634d027824d6d37db3254e9202b390888654381902ca3891a3c764e13194f1cc,zest-v2,SP1A27KFY4XERQCCRCARCYD1CC5N7M6688BSYADJ7.v0-7-market,borrow,SP3WAAYXPC6WZNEC7SHGR36D32RJPZVXRR1BG0QSY,2026-08-29T23:22:07Z,17,120,103,success,(ok true),ok,
2026-08-29T23:22:24Z,8871500,0x3e57dc84ef5dec4cee14814690d83a72c38a671645ca7c06ee16fa4e75f15dfe,zest-v1,SP2VCQJGH7PHP2DJK7Z0V48AGBHQAW3R3ZW1QF4N.borrow-helper-v2-1-8,withdraw,SP1E5KVXXSSBT5D3ZRBPCT33PNR9EDEN5341XGQ70,2026-08-29T23:22:01Z,23,360,337,success,(ok true),ok,
2026-08-29T23:23:15Z,8871504,0x809a5a06f5d18864e2d17ca84fcee7fde571ad02882fa763ed264332c348c5b0,zest-v1,SP2VCQJGH7PHP2DJK7Z0V48AGBHQAW3R3ZW1QF4N.borrow-helper-v2-1-8,withdraw,SP1E5KVXXSSBT5D3ZRBPCT33PNR9EDEN5341XGQ70,2026-08-29T23:22:59Z,16,360,344,success,(ok true),ok,
2026-08-30T00:22:43Z,8871780,0x2f181ee7d66f20bf50f830665f8d9e01b63f9d12949b2bfedbfbbd6886b0a69d,zest-v2,SP1A27KFY4XERQCCRCARCYD1CC5N7M6688BSYADJ7.v0-7-market,borrow,SP34M22KZDV4TYQZEAM10XC96TZR1G5W75FRHG3KA,2026-08-30T00:22:05Z,38,120,82,success,(ok true),ok,
2026-08-30T02:22:40Z,8872480,0x272168c00492c275f96af2d1eafca4e67d033ba086bec61bb17ed2e2c56f49b2,granite-usdcx,SP3M2BYF7RGF8WKW5FVDNJ6WR8D7AR9BHDXAKPXZE.state-v1,remove-collateral,SP2RHNHAHGPXVEQVQ88KYHHYNAXPA5YDNHC1RZGC5,2026-08-30T02:21:45Z,55,300,245,success,(ok true),ok,
2026-08-30T02:23:55Z,8872488,0xf2660807c9b1627af40e3b9907440600411e118922f95c79eb75d696e35e9615,granite-usdcx,SP3M2BYF7RGF8WKW5FVDNJ6WR8D7AR9BHDXAKPXZE.state-v1,remove-collateral,SP2RHNHAHGPXVEQVQ88KYHHYNAXPA5YDNHC1RZGC5,2026-08-30T02:23:44Z,11,300,289,success,(ok true),ok,
2026-08-30T02:26:15Z,8872506,0x88ecadf5d0324cb1b2514db503fce9eea12d5b2f0c3274b54f2c4a958334be2b,zest-v2,SP1A27KFY4XERQCCRCARCYD1CC5N7M6688BSYADJ7.v0-7-market,borrow,SPMX76VFT9C2CTH970BTJR0WQ4CQNVSM96RA7DQ4,2026-08-30T02:24:56Z,79,120,41,success,(ok true),ok,
2026-08-30T02:44:07Z,8872634,0x63382ffcf319ecca433524f364766ca508d9cd60b73c58920e2368bddc9012df,zest-v2,SP1A27KFY4XERQCCRCARCYD1CC5N7M6688BSYADJ7.v0-7-market,collateral-add,SM3VKWZV070TKN3C0413JNTSKH3EV7608P4CDKD04,2026-08-30T02:36:07Z,480,120,-360,success,(ok u3204550820),ok,
2026-08-30T02:50:16Z,8872674,0x2b04f8e16bee44ba45666ee96560285c27d4c38224e22a4a4ec8772a028314a9,zest-v2,SP1A27KFY4XERQCCRCARCYD1CC5N7M6688BSYADJ7.v0-7-market,collateral-remove-redeem,SPCE87V29VDPEAS925YMV2VG3CMBHY0BXKB08NA4,2026-08-30T02:50:08Z,8,120,112,success,(ok u3099999),ok,
2026-08-30T03:15:33Z,8872808,0x9394cd9611956191291f5aa0210adc5e0f6b6893a342b8e6b22fe0214b50a30f,zest-v2,SP1A27KFY4XERQCCRCARCYD1CC5N7M6688BSYADJ7.v0-7-market,supply-collateral-add,SP2ZM1KNQNS96RM1MAJTZV7WE7F38GFGRND4E80DW,2026-08-30T03:15:13Z,20,120,100,success,(ok u138189255),ok,
2026-08-30T03:30:59Z,8872904,0x84472d040596c0420de4aabc8371414c8b8bea8a331fa0c97110d8be2cd4ebb3,zest-v2,SP1A27KFY4XERQCCRCARCYD1CC5N7M6688BSYADJ7.v0-7-market,collateral-remove-redeem,SP3A7MGAH0SKC1ACS854PHXHVWE031FYQCBA8M51D,2026-08-30T03:30:39Z,20,120,100,success,(ok u50001202593),ok,
2026-08-30T03:45:35Z,8872978,0x4f9ae5ee4175e18e364789645e28c442e00764a21abe4e8934610e7d0b2d100d,zest-v2,SP1A27KFY4XERQCCRCARCYD1CC5N7M6688BSYADJ7.v0-7-market,supply-collateral-add,SP2ZM1KNQNS96RM1MAJTZV7WE7F38GFGRND4E80DW,2026-08-30T03:45:19Z,16,120,104,success,(ok u138220723),ok,
2026-08-30T03:59:32Z,8873042,0x8e33d45c8ae0c2369eebc5d1494207d9c159c7f9746ca3189683a7a9ed40b6b1,zest-v2,SP1A27KFY4XERQCCRCARCYD1CC5N7M6688BSYADJ7.v0-7-market,supply-collateral-add,SP2ZM1KNQNS96RM1MAJTZV7WE7F38GFGRND4E80DW,2026-08-30T03:59:15Z,17,120,103,success,(ok u138269651),ok,
2026-08-30T06:05:12Z,8873831,0xc187b4bf72b3087111244110372fe93947cbdfc8fecaafd55d07c2a86cf47b17,zest-v2,SP1A27KFY4XERQCCRCARCYD1CC5N7M6688BSYADJ7.v0-7-market,supply-collateral-add,SP2ZM1KNQNS96RM1MAJTZV7WE7F38GFGRND4E80DW,2026-08-30T06:04:41Z,31,120,89,success,(ok u146165043),ok,
2026-08-30T06:59:37Z,8874118,0x75364b7bfd39e7ce29edb195e47d12503abf945270a4993f15c8973ccba5ce27,granite-usdcx,SP3M2BYF7RGF8WKW5FVDNJ6WR8D7AR9BHDXAKPXZE.state-v1,borrow,SP3QXCV3CDV124V6XXJN1HXY3KXCSG30P9XFT3ZSK,2026-08-30T06:58:15Z,82,300,218,success,(ok true),ok,
2026-08-30T08:32:57Z,8874710,0x90cfd377adbc2e935e76a10270825195188181051ecc32b63b785b7489383102,granite-usdcx,SP3M2BYF7RGF8WKW5FVDNJ6WR8D7AR9BHDXAKPXZE.state-v1,borrow,SPWEA3BQ1KRXGDGGTN5W8TDKHGZWGMAWTNN4QNWT,2026-08-30T08:31:37Z,80,300,220,success,(ok true),ok,
2026-08-30T11:08:01Z,8875550,0xd19f666a5d4632a74c79151ea080ac04d74275f527da2715f6ecfe9117e8f405,granite-usdcx,SP3M2BYF7RGF8WKW5FVDNJ6WR8D7AR9BHDXAKPXZE.state-v1,borrow,SP17MRV60MP61BRP9QJC92GHV1PQYDCE5KH99AEHQ,2026-08-30T11:05:33Z,148,300,152,success,(ok true),ok,
2026-08-30T12:26:33Z,8876017,0xa0741df0f8b3206de957368583a1c27eed6c663921c615deceed87c00674c435,zest-v2,SP1A27KFY4XERQCCRCARCYD1CC5N7M6688BSYADJ7.v0-7-market,supply-collateral-add,SP2ZM1KNQNS96RM1MAJTZV7WE7F38GFGRND4E80DW,2026-08-30T12:26:14Z,19,120,101,success,(ok u146278647),ok,
2026-08-30T13:03:23Z,8876234,0x727c05509b5e7788265ce72d352b878b02ce037cce5a524f7028e4fb67b45384,zest-v2,SP1A27KFY4XERQCCRCARCYD1CC5N7M6688BSYADJ7.v0-7-market,supply-collateral-add,SP2ZM1KNQNS96RM1MAJTZV7WE7F38GFGRND4E80DW,2026-08-30T13:03:00Z,23,120,97,success,(ok u146296354),ok,
2026-08-30T13:04:28Z,8876242,0x7828b361dceda7b56a5aee997fc3c386586252d3295d9235661d6ed69d8634fe,zest-v2,SP1A27KFY4XERQCCRCARCYD1CC5N7M6688BSYADJ7.v0-7-market,collateral-remove-redeem,SP2AEJ8041G8WW08S2XVB0D1WYJSB2Y6PBB05BF8P,2026-08-30T13:03:53Z,35,120,85,success,(ok u2000000196),ok,
2026-08-30T14:07:16Z,8876648,0x8db71223c08dcc99c07bb1e9aa8c6bb95de7106fe0b8e325c8479ebc61b42bd7,zest-v2,SP1A27KFY4XERQCCRCARCYD1CC5N7M6688BSYADJ7.v0-7-market,supply-collateral-add,SP2ZM1KNQNS96RM1MAJTZV7WE7F38GFGRND4E80DW,2026-08-30T14:06:51Z,25,120,95,success,(ok u146349270),ok,
2026-08-30T14:20:05Z,8876736,0xa56c8fbca282f4b3cdb919a4b4c6dd933b601596dd1dfbcc371a3c934a759dbe,zest-v2,SP1A27KFY4XERQCCRCARCYD1CC5N7M6688BSYADJ7.v0-7-market,supply-collateral-add,SP2ZM1KNQNS96RM1MAJTZV7WE7F38GFGRND4E80DW,2026-08-30T14:19:48Z,17,120,103,success,(ok u146363981),ok,
2026-08-30T14:25:22Z,8876772,0x30a06454a763ab5b0580c093e81d90fe99288fbfaf92aa21e0cf24472068d9bc,zest-v2,SP1A27KFY4XERQCCRCARCYD1CC5N7M6688BSYADJ7.v0-7-market,supply-collateral-add,SP2ZM1KNQNS96RM1MAJTZV7WE7F38GFGRND4E80DW,2026-08-30T14:25:05Z,17,120,103,success,(ok u146381790),ok,
2026-08-30T15:09:57Z,8877059,0x8698db855cf2b9a46d61299b54bf7bb853d5ab19c270b3f14077df6a4b217539,zest-v2,SP1A27KFY4XERQCCRCARCYD1CC5N7M6688BSYADJ7.v0-7-market,supply-collateral-add,SP2ZM1KNQNS96RM1MAJTZV7WE7F38GFGRND4E80DW,2026-08-30T15:08:11Z,106,120,14,success,(ok u151495591),ok,
2026-08-30T15:32:00Z,8877180,0xfad864a5fbeb2cd594ac4b32b63a87dbf156d1815ca2bb7d0fd1e66d526e35a3,zest-v2,SP1A27KFY4XERQCCRCARCYD1CC5N7M6688BSYADJ7.v0-7-market,borrow,SP2ZM1KNQNS96RM1MAJTZV7WE7F38GFGRND4E80DW,2026-08-30T15:30:45Z,75,120,45,success,(ok true),ok,
2026-08-30T15:58:11Z,8877346,0x8529440fe81054c41bdebf67714b88bab75d281f6d683fc5c8cd73d432610183,zest-v1,SP2VCQJGH7PHP2DJK7Z0V48AGBHQAW3R3ZW1QF4N.borrow-helper-v2-1-8,withdraw,SP2W01TKZDZEXMSNTSQ48N162RB1DTHAQPWDZ4PCD,2026-08-30T15:58:03Z,8,360,352,success,(ok true),ok,
2026-08-30T16:07:03Z,8877386,0x5f3ce5880803adf5cbb153119c9dd1f6a70a4882e4edb61894a6a447f1feced3,zest-v1,SP2VCQJGH7PHP2DJK7Z0V48AGBHQAW3R3ZW1QF4N.borrow-helper-v2-1-8,withdraw,SP2W01TKZDZEXMSNTSQ48N162RB1DTHAQPWDZ4PCD,2026-08-30T16:06:48Z,15,360,345,success,(ok true),ok,
2026-08-30T16:20:32Z,8877446,0xeb18ee076094cd63405af869abb121954d625a0faaefcac41f74ff1b752772e5,zest-v2,SP1A27KFY4XERQCCRCARCYD1CC5N7M6688BSYADJ7.v0-7-market,supply-collateral-add,SP2ZM1KNQNS96RM1MAJTZV7WE7F38GFGRND4E80DW,2026-08-30T16:20:05Z,27,120,93,success,(ok u151576867),ok,
2026-08-30T16:34:52Z,8877516,0x20f7536eabd883f16d4b660bb3bd9d8f9c30f9f24fd69edccf3d879034736bcb,zest-v2,SP1A27KFY4XERQCCRCARCYD1CC5N7M6688BSYADJ7.v0-7-market,borrow,SP1EKDMMG508FY96RSEQ1EFGGZ6J8T8DCDPAM12HS,2026-08-30T16:34:33Z,19,120,101,success,(ok true),ok,
2026-08-30T16:38:28Z,8877536,0x4dc18b9b486c24a3882e0c5b9ff18853e303b3319dcd495fd6fbe2365a1d1e0e,zest-v2,SP1A27KFY4XERQCCRCARCYD1CC5N7M6688BSYADJ7.v0-7-market,supply-collateral-add,SP1EKDMMG508FY96RSEQ1EFGGZ6J8T8DCDPAM12HS,2026-08-30T16:38:17Z,11,120,109,success,(ok u9871393477),ok,
2026-08-30T17:37:17Z,8877859,0xe708e8bd41cb48820b70e07af0d5961fbbae0bfc5426ac08c980f31f6b09e7cb,zest-v2,SP1A27KFY4XERQCCRCARCYD1CC5N7M6688BSYADJ7.v0-7-market,supply-collateral-add,SP2ZM1KNQNS96RM1MAJTZV7WE7F38GFGRND4E80DW,2026-08-30T17:37:00Z,17,120,103,success,(ok u151605484),ok,
2026-08-30T18:02:51Z,8878004,0x81c0459ccdcb77993e3731819bfb59ee00a8ba2ef3567efaaad6d5f604425962,zest-v2,SP1A27KFY4XERQCCRCARCYD1CC5N7M6688BSYADJ7.v0-7-market,supply-collateral-add,SP3A7MGAH0SKC1ACS854PHXHVWE031FYQCBA8M51D,2026-08-30T18:02:39Z,12,120,108,success,(ok u59876585036),ok,
2026-08-30T18:03:34Z,8878009,0xb429f88817046d852dbcf939156844575e4c7a1b21f456fe3b4e555c31a6452a,zest-v2,SP1A27KFY4XERQCCRCARCYD1CC5N7M6688BSYADJ7.v0-7-market,borrow,SP3A7MGAH0SKC1ACS854PHXHVWE031FYQCBA8M51D,2026-08-30T18:03:20Z,14,120,106,success,(ok true),ok,
2026-08-30T18:13:36Z,8878072,0x653fe8f32d3a25ad960ee9095f0d18fe2c38b19071df3055ff372ca804649449,zest-v2,SP1A27KFY4XERQCCRCARCYD1CC5N7M6688BSYADJ7.v0-7-market,borrow,SP3ZNGTHP8ZQQ4ETZT1BH9DWMPYF0Z10RX8BSWQN2,2026-08-30T18:12:56Z,40,120,80,success,(ok true),ok,
2026-08-30T18:14:47Z,8878078,0x2177db1401fa1d2c34d3c7d2889292ed307603d9c0bf8019405d24000416dd9c,zest-v2,SP1A27KFY4XERQCCRCARCYD1CC5N7M6688BSYADJ7.v0-7-market,supply-collateral-add,SP3ZNGTHP8ZQQ4ETZT1BH9DWMPYF0Z10RX8BSWQN2,2026-08-30T18:14:24Z,23,120,97,success,(ok u113319195),ok,
2026-08-30T18:57:20Z,8878303,0xf479f3718ac83a578cd0558507c82d81eca95f0fa7d74fd5b74ed8c3ae36ced4,zest-v2,SP1A27KFY4XERQCCRCARCYD1CC5N7M6688BSYADJ7.v0-7-market,supply-collateral-add,SP22H4KA8XSCKTT39J8JJSJ8MYMGJW1WV21X3634C,2026-08-30T18:57:11Z,9,120,111,success,(ok u943693),ok,
2026-08-30T22:14:39Z,8879514,0x2ce266166f3c03acbf25e86493bb9166d89a46e50740b00ed3ac55806fad36fa,zest-v2,SP1A27KFY4XERQCCRCARCYD1CC5N7M6688BSYADJ7.v0-7-market,supply-collateral-add,SP1PMZT12M7WWPCB41YKK85DYX6AGWAF914QW73GE,2026-08-30T22:14:06Z,33,120,87,success,(ok u37328177),ok,
2026-08-30T23:19:35Z,8879897,0xa961b3f12e47d802013624f77faf0a405b9ba05af744316660234144e4b87640,zest-v2,SP1A27KFY4XERQCCRCARCYD1CC5N7M6688BSYADJ7.v0-7-market,collateral-remove-redeem,SPCE87V29VDPEAS925YMV2VG3CMBHY0BXKB08NA4,2026-08-30T23:19:24Z,11,120,109,success,(ok u3119999),ok,
2026-08-30T23:21:05Z,8879906,0x3ea40dad6eff124e125b82acf13668a335a90b56620f30f42f007c2365bbd66e,zest-v2,SP1A27KFY4XERQCCRCARCYD1CC5N7M6688BSYADJ7.v0-7-market,supply-collateral-add,SP1VA6890RJFTVKV9BVXR16Z19DX2EAC3MB8GXX3D,2026-08-30T23:21:03Z,2,120,118,success,(ok u1976562958),ok,
2026-08-30T23:51:32Z,8880065,0xa6bd3fac0441d8d8969467f0f442c7ebee5e7579e430ce82a5afe74ce992108b,zest-v2,SP1A27KFY4XERQCCRCARCYD1CC5N7M6688BSYADJ7.v0-7-market,collateral-remove-redeem,SPCE87V29VDPEAS925YMV2VG3CMBHY0BXKB08NA4,2026-08-30T23:51:11Z,21,120,99,success,(ok u3119999),ok,
2026-08-30T23:57:50Z,8880099,0xd86976c9f241acb3de5aed866eaff02d4f9c93fe12b176afe7a1ec9fd34dbdc1,zest-v2,SP1A27KFY4XERQCCRCARCYD1CC5N7M6688BSYADJ7.v0-7-market,supply-collateral-add,SP3KPRN53ZGD45B3WRTDMZZEHBJSFQ8AKN9RE6FKS,2026-08-30T23:57:30Z,20,120,100,success,(ok u414111579633),ok,
2026-08-31T00:15:10Z,8880199,0xc852f8768e3030393a4a7d15f82a6ea2ed037e35148be3102a8aae84e5e5e230,zest-v2,SP1A27KFY4XERQCCRCARCYD1CC5N7M6688BSYADJ7.v0-7-market,supply-collateral-add,SP1EQGZT0WN75N5AMJH2C40N5GBJTEVY9E6ZY8EH3,2026-08-31T00:15:03Z,7,120,113,success,(ok u5207771),ok,
2026-08-31T00:47:26Z,8880406,0xf6344cbbe8b6f7911548ac1f2dd46d7f6d2d972f92cc1912d3be9821caff061a,zest-v2,SP1A27KFY4XERQCCRCARCYD1CC5N7M6688BSYADJ7.v0-7-market,collateral-remove-redeem,SP3A7MGAH0SKC1ACS854PHXHVWE031FYQCBA8M51D,2026-08-31T00:47:14Z,12,120,108,success,(ok u60000276334),ok,
2026-08-31T00:48:22Z,8880412,0x192cff456e699fd4be9c3eeaec52e2bc2997119791cdba7358a5982ea37100cd,zest-v2,SP1A27KFY4XERQCCRCARCYD1CC5N7M6688BSYADJ7.v0-7-market,supply-collateral-add,SP3TGF6BJZWPZMHVXAP6BT8D9V5JW6X4JDD8MPNTD,2026-08-31T00:48:07Z,15,120,105,success,(ok u16990744),ok,
2026-08-31T00:49:13Z,8880417,0x0c13e9e22d80b6c68dfc054bf2c13e3218e390fdd74344b8f82d4dce7b47b039,zest-v2,SP1A27KFY4XERQCCRCARCYD1CC5N7M6688BSYADJ7.v0-7-market,borrow,SP3TGF6BJZWPZMHVXAP6BT8D9V5JW6X4JDD8MPNTD,2026-08-31T00:49:05Z,8,120,112,success,(ok true),ok,
2026-08-31T00:54:34Z,8880454,0xc94054cc25dcec694af8d09351324afb2f62cd73e399edb42caf55d7b26977ea,zest-v2,SP1A27KFY4XERQCCRCARCYD1CC5N7M6688BSYADJ7.v0-7-market,supply-collateral-add,SP3TGF6BJZWPZMHVXAP6BT8D9V5JW6X4JDD8MPNTD,2026-08-31T00:54:24Z,10,120,110,success,(ok u21988021),ok,
2026-08-31T00:55:15Z,8880458,0x168828fcb1473d194ad8462e46be96c967ef10a82937ab863457932dbb437ab2,zest-v2,SP1A27KFY4XERQCCRCARCYD1CC5N7M6688BSYADJ7.v0-7-market,borrow,SP3TGF6BJZWPZMHVXAP6BT8D9V5JW6X4JDD8MPNTD,2026-08-31T00:55:11Z,4,120,116,success,(ok true),ok,
2026-08-31T01:43:22Z,8880781,0xbc7b4329a8b9b362f5d1acad3be9de559e1ec76286fb1ebd7fe45c7ce25ad268,granite-usdcx,SP3M2BYF7RGF8WKW5FVDNJ6WR8D7AR9BHDXAKPXZE.state-v1,remove-collateral,SP2RHNHAHGPXVEQVQ88KYHHYNAXPA5YDNHC1RZGC5,2026-08-31T01:41:39Z,103,300,197,success,(ok true),ok,
2026-08-31T01:44:48Z,8880791,0x544702a863e66e3c395d5c241ff7453e1781ab132047119cdb842c631f825722,granite-usdcx,SP3M2BYF7RGF8WKW5FVDNJ6WR8D7AR9BHDXAKPXZE.state-v1,remove-collateral,SP2RHNHAHGPXVEQVQ88KYHHYNAXPA5YDNHC1RZGC5,2026-08-31T01:43:39Z,69,300,231,success,(ok true),ok,
2026-08-31T02:19:49Z,8881009,0x9a6c91e8c0ebcdf55018221fdcf529eb3655f27a190fcec4c35faa652fcbf4c3,zest-v2,SP1A27KFY4XERQCCRCARCYD1CC5N7M6688BSYADJ7.v0-7-market,collateral-add,SM3VKWZV070TKN3C0413JNTSKH3EV7608P4CDKD04,2026-08-31T01:49:51Z,1798,120,-1678,success,(ok u3404550820),ok,
2026-08-31T03:49:16Z,8881624,0xf1ec60f66afa0b11888343adc51a525690181b769030edb2c09bb5d17a82a855,granite-usdcx,SP3M2BYF7RGF8WKW5FVDNJ6WR8D7AR9BHDXAKPXZE.state-v1,remove-collateral,SP2RHNHAHGPXVEQVQ88KYHHYNAXPA5YDNHC1RZGC5,2026-08-31T03:48:00Z,76,300,224,success,(ok true),ok,
2026-08-31T05:07:34Z,8882077,0x0b793fa5b40e3e62da735db58d5da85d906285d99ba12ca811ca654bfbb9f925,zest-v2,SP1A27KFY4XERQCCRCARCYD1CC5N7M6688BSYADJ7.v0-7-market,borrow,SP2G0D3PB3W40TDZQQRHA9KD3BNK73VPT2W4J9F9Z,2026-08-31T05:07:19Z,15,120,105,success,(ok true),ok,
2026-08-31T06:24:01Z,8882519,0xe24b86f5c25b1a20e775bec70f2dbb466a009612c06912a0c6924375e851c918,zest-v2,SP1A27KFY4XERQCCRCARCYD1CC5N7M6688BSYADJ7.v0-7-market,collateral-remove-redeem,SP3TGF6BJZWPZMHVXAP6BT8D9V5JW6X4JDD8MPNTD,2026-08-31T06:23:57Z,4,120,116,success,(ok u21989894),ok,
2026-08-31T06:30:49Z,8882560,0x835b99ea02890eab3bb2838f320d3bf98c639caa5d80607f4bf25be72d9057ad,zest-v2,SP1A27KFY4XERQCCRCARCYD1CC5N7M6688BSYADJ7.v0-7-market,borrow,SP1EKDMMG508FY96RSEQ1EFGGZ6J8T8DCDPAM12HS,2026-08-31T06:30:34Z,15,120,105,success,(ok true),ok,
2026-08-31T06:33:46Z,8882576,0x197f7d3bd59c74c01388973f5e68d16792afad33a83bc4e359b380d8d2290dd5,zest-v2,SP1A27KFY4XERQCCRCARCYD1CC5N7M6688BSYADJ7.v0-7-market,supply-collateral-add,SP1EKDMMG508FY96RSEQ1EFGGZ6J8T8DCDPAM12HS,2026-08-31T06:32:50Z,56,120,64,success,(ok u10661977233),ok,
2026-08-31T07:06:42Z,8882755,0xfe4d9fb552a50abe3ece3888702713012a857471ed84631f489de174bc106a94,zest-v2,SP1A27KFY4XERQCCRCARCYD1CC5N7M6688BSYADJ7.v0-7-market,borrow,SP25SJZ2KDZMZY4MJNE9QNP41XRKKFWXYHN82SZSN,2026-08-31T07:06:16Z,26,120,94,success,(ok true),ok,
2026-08-31T09:41:20Z,8883651,0x839db073e6c059f83dbd06e9aa9f8ac25d927ee6d483e2015194c30adadb88d8,zest-v2,SP1A27KFY4XERQCCRCARCYD1CC5N7M6688BSYADJ7.v0-7-market,borrow,SP25SJZ2KDZMZY4MJNE9QNP41XRKKFWXYHN82SZSN,2026-08-31T09:40:50Z,30,120,90,success,(ok true),ok,
2026-08-31T10:02:47Z,8883781,0xeb52458e52c6223b6c5d6ad2d1cfb859d37c8ca24cf61fe39117837b4514056c,zest-v2,SP1A27KFY4XERQCCRCARCYD1CC5N7M6688BSYADJ7.v0-8-market,supply-collateral-add,SP1BQZ7QBWMRCYYFB51F5SGH2NJJ33R3BJQA71AQ0,2026-08-31T10:02:36Z,11,120,109,success,(ok u999),ok,
2026-08-31T10:03:36Z,8883787,0xaeba1a3fd8fe97eedb9345d21a7aeb839eb8fba7f976c165204321510f74b2c8,zest-v2,SP1A27KFY4XERQCCRCARCYD1CC5N7M6688BSYADJ7.v0-8-market,borrow,SP1BQZ7QBWMRCYYFB51F5SGH2NJJ33R3BJQA71AQ0,2026-08-31T10:03:24Z,12,120,108,success,(ok true),ok,
2026-08-31T10:16:18Z,8883883,0xa8a4e44904b7c0733aa4b012bdc66d9399a202da933ea4c66aa3b165214070ba,zest-v2,SP1A27KFY4XERQCCRCARCYD1CC5N7M6688BSYADJ7.v0-8-market,supply-collateral-add,SP10GK6MG2GM7BCVYV7XBHK1JVJDHFDMNBENNBRC3,2026-08-31T10:15:50Z,28,120,92,success,(ok u370146481),ok,
2026-08-31T10:18:23Z,8883894,0x12d4fa6db73063b7ddf1303e872cf2cd4fee1a2c5d69e968bd55784486fd09ed,zest-v2,SP1A27KFY4XERQCCRCARCYD1CC5N7M6688BSYADJ7.v0-8-market,borrow,SP10GK6MG2GM7BCVYV7XBHK1JVJDHFDMNBENNBRC3,2026-08-31T10:17:55Z,28,120,92,success,(ok true),ok,
2026-08-31T11:29:33Z,8884390,0xdfe328c3276fb6fed90044ad9abf6e704bff96608d4d878a5cf1e6b3c8ee880f,zest-v2,SP1A27KFY4XERQCCRCARCYD1CC5N7M6688BSYADJ7.v0-8-market,supply-collateral-add,SP2E9Y2CPF7YTAXEXDHAYWJ9GQG3AH0W9HWHE20G7,2026-08-31T11:29:03Z,30,120,90,success,(ok u99374289),ok,
2026-08-31T11:59:38Z,8884574,0x3be87795e79bb16e23103ccc7c754d8775ec7186728ae7b62b97f508542db155,zest-v2,SP1A27KFY4XERQCCRCARCYD1CC5N7M6688BSYADJ7.v0-8-market,supply-collateral-add,SPVPAQ35P35JZYQA11A0E5DPY62E7P3HX0GA2RPH,2026-08-31T11:59:10Z,28,120,92,success,(ok u1256823817),ok,
2026-08-31T12:00:46Z,8884581,0x3646ca3e028197ae7e43a6749b3ce75a716380a9755a84657a94f6ac59df2769,zest-v2,SP1A27KFY4XERQCCRCARCYD1CC5N7M6688BSYADJ7.v0-8-market,borrow,SPVPAQ35P35JZYQA11A0E5DPY62E7P3HX0GA2RPH,2026-08-31T12:00:18Z,28,120,92,success,(ok true),ok,
2026-08-31T12:45:49Z,8884822,0xb26c57f32b8a5be7582c7497bd4ab14e683bf15728ca507e9c8ba5e433511453,zest-v2,SP1A27KFY4XERQCCRCARCYD1CC5N7M6688BSYADJ7.v0-8-market,supply-collateral-add,SP2ZM1KNQNS96RM1MAJTZV7WE7F38GFGRND4E80DW,2026-08-31T12:45:06Z,43,120,77,success,(ok u151748633),ok,
2026-08-31T14:41:44Z,8885506,0xf4719f6c19852fa179a7d98badd17a64c8802168baca315d0533f97c4b21eefd,zest-v2,SP1A27KFY4XERQCCRCARCYD1CC5N7M6688BSYADJ7.v0-8-market,collateral-add,SM3VKWZV070TKN3C0413JNTSKH3EV7608P4CDKD04,2026-08-31T14:38:00Z,224,120,-104,success,(ok u4304580495),ok,
2026-08-31T14:46:24Z,8885538,0xe683ef608b79429bd73373e66f32e01bcfa590da04914921b4b6712b5576c22c,zest-v2,SP1A27KFY4XERQCCRCARCYD1CC5N7M6688BSYADJ7.v0-8-market,supply-collateral-add,SP2ZM1KNQNS96RM1MAJTZV7WE7F38GFGRND4E80DW,2026-08-31T14:46:08Z,16,120,104,success,(ok u151838686),ok,
2026-08-31T14:47:35Z,8885545,0xe8419a304ae9cabb629d46f46abe93eee9adcff92a3d701750c85d7ec3ba0917,zest-v2,SP1A27KFY4XERQCCRCARCYD1CC5N7M6688BSYADJ7.v0-8-market,borrow,SP2ZM1KNQNS96RM1MAJTZV7WE7F38GFGRND4E80DW,2026-08-31T14:47:21Z,14,120,106,success,(ok true),ok,
2026-08-31T14:49:54Z,8885561,0x7cfd8998deee16b5329e874b76bd28cf2f068055bafa90b4c6f56ea9ee2e75d5,zest-v2,SP1A27KFY4XERQCCRCARCYD1CC5N7M6688BSYADJ7.v0-8-market,supply-collateral-add,SP2ZM1KNQNS96RM1MAJTZV7WE7F38GFGRND4E80DW,2026-08-31T14:49:38Z,16,120,104,success,(ok u151937556),ok,
2026-08-31T14:53:24Z,8885585,0x02f0a1f6b08292d52936fb4e8500451d24af04bdb420b906755247d56224f31e,zest-v2,SP1A27KFY4XERQCCRCARCYD1CC5N7M6688BSYADJ7.v0-8-market,supply-collateral-add,SP2ZM1KNQNS96RM1MAJTZV7WE7F38GFGRND4E80DW,2026-08-31T14:53:04Z,20,120,100,success,(ok u152041594),ok,
2026-08-31T17:19:44Z,8886437,0xeafa7442df2e2bc5f330ffd417981f9433025bd400dbe514e0d1e9f62456e784,zest-v2,SP1A27KFY4XERQCCRCARCYD1CC5N7M6688BSYADJ7.v0-8-market,supply-collateral-add,SP2ZM1KNQNS96RM1MAJTZV7WE7F38GFGRND4E80DW,2026-08-31T17:18:57Z,47,120,73,success,(ok u152087723),ok,
2026-08-31T17:25:15Z,8886471,0x1195086abb43fc48f6405574157d193e69f15ab3a6d2d9e1774c11e6e14673a0,zest-v2,SP1A27KFY4XERQCCRCARCYD1CC5N7M6688BSYADJ7.v0-8-market,supply-collateral-add,SP2ZM1KNQNS96RM1MAJTZV7WE7F38GFGRND4E80DW,2026-08-31T17:24:54Z,21,120,99,success,(ok u152146987),ok,
2026-08-31T17:35:30Z,8886529,0x294796cf7ea8e012ccbb8153e44f88391b0c035afa2ad38f1addf8206bf060fe,zest-v2,SP1A27KFY4XERQCCRCARCYD1CC5N7M6688BSYADJ7.v0-8-market,collateral-add,SM1VEF2GFX77JP19Q46P3S5NMP82BMET1ER7P6RPP,2026-08-31T17:32:21Z,189,120,-69,success,(ok u217411283),ok,
2026-08-31T17:39:36Z,8886551,0xf2d654dfc7ba6183b55ae6ecd2b0ffd6e04379ab0df4398562f73df5d6471ed3,zest-v2,SP1A27KFY4XERQCCRCARCYD1CC5N7M6688BSYADJ7.v0-8-market,supply-collateral-add,SP2ZM1KNQNS96RM1MAJTZV7WE7F38GFGRND4E80DW,2026-08-31T17:39:04Z,32,120,88,success,(ok u152184106),ok,
2026-08-31T17:41:10Z,8886560,0x7af19de6881519b55e59474b4f5ed8a2cdd8d6264d24e4948208825afef332a9,zest-v2,SP1A27KFY4XERQCCRCARCYD1CC5N7M6688BSYADJ7.v0-8-market,borrow,SP2ZM1KNQNS96RM1MAJTZV7WE7F38GFGRND4E80DW,2026-08-31T17:40:38Z,32,120,88,success,(ok true),ok,
2026-08-31T18:03:16Z,8886681,0xa125dee73e2eb550264e653c79c0c2806d6ffca86f5e96a83b46ce6f0e573d90,zest-v2,SP1A27KFY4XERQCCRCARCYD1CC5N7M6688BSYADJ7.v0-8-market,supply-collateral-add,SP2ZM1KNQNS96RM1MAJTZV7WE7F38GFGRND4E80DW,2026-08-31T18:03:00Z,16,120,104,success,(ok u152276230),ok,
2026-08-31T20:30:51Z,8887663,0xbf7b36070c21e3e7684d090b43f0fe1395be7b1eb0b3772bb995403c961801dc,zest-v2,SP1A27KFY4XERQCCRCARCYD1CC5N7M6688BSYADJ7.v0-8-market,supply-collateral-add,SP2ZM1KNQNS96RM1MAJTZV7WE7F38GFGRND4E80DW,2026-08-31T20:30:29Z,22,120,98,success,(ok u152320931),ok,
2026-08-31T20:36:12Z,8887700,0xb31d9f14383933bd70747ac8f58b0486cf192e947fc2a186de87dc074b57035a,zest-v2,SP1A27KFY4XERQCCRCARCYD1CC5N7M6688BSYADJ7.v0-8-market,borrow,SP2A0VW071VE5QXZ9699FK29F0XXQ0B8AQ5BSC431,2026-08-31T20:35:37Z,35,120,85,success,(ok true),ok,
2026-08-31T22:13:52Z,8888285,0x747e2736a7663a597a59918899b5897580193e67d329ce93778f2ca6708bcaa3,zest-v1,SP2VCQJGH7PHP2DJK7Z0V48AGBHQAW3R3ZW1QF4N.borrow-helper-v2-1-8,withdraw,SP1P6D5YNBWJG4D0SGQAE4F1BMD7TM2QJ0DKJC4WV,2026-08-31T22:13:17Z,35,360,325,success,(ok true),ok,
2026-08-31T22:14:42Z,8888288,0x18dfffd785133fa5286ced9e1f4f78cacc02dd4420cc2fd3c77c99ee564667fa,zest-v1,SP2VCQJGH7PHP2DJK7Z0V48AGBHQAW3R3ZW1QF4N.borrow-helper-v2-1-8,withdraw,SP1P6D5YNBWJG4D0SGQAE4F1BMD7TM2QJ0DKJC4WV,2026-08-31T22:14:36Z,6,360,354,success,(ok true),ok,
2026-08-31T22:15:11Z,8888290,0x1b7a8e8c318282a07cfbf0adeaca33114cda5b3b9fc29878b271dfdd71ce5c95,zest-v1,SP2VCQJGH7PHP2DJK7Z0V48AGBHQAW3R3ZW1QF4N.borrow-helper-v2-1-8,withdraw,SP1P6D5YNBWJG4D0SGQAE4F1BMD7TM2QJ0DKJC4WV,2026-08-31T22:14:55Z,16,360,344,success,(ok true),ok,
2026-08-31T22:15:39Z,8888293,0x0dc502750f75a35e9701847cc387ff6ead4213c328ec7d862e175e32d8cf88dd,zest-v1,SP2VCQJGH7PHP2DJK7Z0V48AGBHQAW3R3ZW1QF4N.borrow-helper-v2-1-8,withdraw,SP1P6D5YNBWJG4D0SGQAE4F1BMD7TM2QJ0DKJC4WV,2026-08-31T22:15:27Z,12,360,348,success,(ok true),ok,
2026-08-31T22:17:29Z,8888303,0x55c506d646e00cc53d9dbc36f08f93393278e16159dfd370b6a610d75007994a,zest-v1,SP2VCQJGH7PHP2DJK7Z0V48AGBHQAW3R3ZW1QF4N.borrow-helper-v2-1-8,withdraw,SP1P6D5YNBWJG4D0SGQAE4F1BMD7TM2QJ0DKJC4WV,2026-08-31T22:17:25Z,4,360,356,success,(ok true),ok,
2026-08-31T22:35:02Z,8888395,0xb3f3f37585f6746094cd56dc9ca7693c9cdb1d5d966c931e88f7fb6e421fd6b1,zest-v2,SP1A27KFY4XERQCCRCARCYD1CC5N7M6688BSYADJ7.v0-8-market,supply-collateral-add,SP1P6D5YNBWJG4D0SGQAE4F1BMD7TM2QJ0DKJC4WV,2026-08-31T22:34:47Z,15,120,105,success,(ok u25308904),ok,
2026-08-31T22:43:06Z,8888441,0x42b9c353eb565e5d0acc1f5c4333812e4c449890f8630a2a43c4cb3cf812840a,zest-v2,SP1A27KFY4XERQCCRCARCYD1CC5N7M6688BSYADJ7.v0-8-market,supply-collateral-add,SP2ZM1KNQNS96RM1MAJTZV7WE7F38GFGRND4E80DW,2026-08-31T22:42:51Z,15,120,105,success,(ok u152338137),ok,
2026-09-01T00:36:54Z,8889034,0x323e64304c72d18e365f9a9ef9f25bd834dacacdbb20c42cdc0b2c3a607ed46d,zest-v2,SP1A27KFY4XERQCCRCARCYD1CC5N7M6688BSYADJ7.v0-8-market,supply-collateral-add,SPJN63YWJP48HDQP24HBPW3HAXTQHCNSQKKEQ8CR,2026-09-01T00:36:43Z,11,120,109,success,(ok u3512896),ok,
2026-09-01T00:40:26Z,8889054,0x534f04542bc3119f5ee83482d23f6648ebfcb062c402d5322be6c2c4b4a0bc00,zest-v2,SP1A27KFY4XERQCCRCARCYD1CC5N7M6688BSYADJ7.v0-8-market,borrow,SPJN63YWJP48HDQP24HBPW3HAXTQHCNSQKKEQ8CR,2026-09-01T00:40:10Z,16,120,104,success,(ok true),ok,
2026-09-01T01:27:28Z,8889292,0x65ba8144095969e071355371d9c4fb23c17e459c44430d20daafe2389c03651a,zest-v2,SP1A27KFY4XERQCCRCARCYD1CC5N7M6688BSYADJ7.v0-8-market,borrow,SPCDCWBEZ9ZEK49BNMDE2MDMJ0E01W02H9SA4TVZ,2026-09-01T01:27:15Z,13,120,107,success,(ok true),ok,
2026-09-01T02:16:34Z,8889538,0xb610ab74c21950b734a6abdb50b5a0bd0d287f9613a85eecb727f659c03134a4,zest-v2,SP1A27KFY4XERQCCRCARCYD1CC5N7M6688BSYADJ7.v0-8-market,supply-collateral-add,SP3TGF6BJZWPZMHVXAP6BT8D9V5JW6X4JDD8MPNTD,2026-09-01T02:16:18Z,16,120,104,success,(ok u24211785),ok,
2026-09-01T02:17:04Z,8889541,0x1884346a4fd1b3cbfe7ba41b6483a31b5b5bff4aa945e98735039e4a4cf7c2d8,zest-v2,SP1A27KFY4XERQCCRCARCYD1CC5N7M6688BSYADJ7.v0-8-market,borrow,SP3TGF6BJZWPZMHVXAP6BT8D9V5JW6X4JDD8MPNTD,2026-09-01T02:16:54Z,10,120,110,success,(ok true),ok,
2026-09-01T02:41:34Z,8889681,0x1c2edd6db3d2ff0ea45e7eceb96f398e2cb45e225021b8fb72d2e53cfb1fde60,zest-v2,SP1A27KFY4XERQCCRCARCYD1CC5N7M6688BSYADJ7.v0-8-market,collateral-remove-redeem,SP3TGF6BJZWPZMHVXAP6BT8D9V5JW6X4JDD8MPNTD,2026-09-01T02:41:27Z,7,120,113,success,(ok u24209564),ok,
2026-09-01T02:46:50Z,8889711,0x5dd85c19df7394c851e86cc639292997239c779e6c5f8509ebb452402c762312,zest-v2,SP1A27KFY4XERQCCRCARCYD1CC5N7M6688BSYADJ7.v0-8-market,collateral-remove-redeem,SP3KPRN53ZGD45B3WRTDMZZEHBJSFQ8AKN9RE6FKS,2026-09-01T02:46:39Z,11,120,109,success,(ok u30000029761),ok,
2026-09-01T02:50:25Z,8889734,0x460d6ffe263858ee2e210d7cd7fccda8a985c675be7645c5a8e1bcd066a87d1d,zest-v2,SP1A27KFY4XERQCCRCARCYD1CC5N7M6688BSYADJ7.v0-8-market,collateral-remove-redeem,SP3KPRN53ZGD45B3WRTDMZZEHBJSFQ8AKN9RE6FKS,2026-09-01T02:50:19Z,6,120,114,success,(ok u50000004531),ok,
2026-09-01T04:29:39Z,8890306,0x65c7da0db79f1c444d14ee1860a91262d01ef96ca2e44962c984618d22dab6cf,zest-v2,SP1A27KFY4XERQCCRCARCYD1CC5N7M6688BSYADJ7.v0-8-market,supply-collateral-add,SP2ZM1KNQNS96RM1MAJTZV7WE7F38GFGRND4E80DW,2026-09-01T04:29:21Z,18,120,102,success,(ok u152403804),ok,
2026-09-01T04:34:11Z,8890340,0xb7d711413d8fed2f168cef466d09643eac49cc55396f739d15331464149a2d95,zest-v2,SP1A27KFY4XERQCCRCARCYD1CC5N7M6688BSYADJ7.v0-8-market,supply-collateral-add,SP2ZM1KNQNS96RM1MAJTZV7WE7F38GFGRND4E80DW,2026-09-01T04:33:51Z,20,120,100,success,(ok u152470015),ok,
2026-09-01T04:59:17Z,8890465,0x517ca3bc47a567601038035438b1c57198c78ed9d96c02e4bd7a76d211285d77,zest-v2,SP1A27KFY4XERQCCRCARCYD1CC5N7M6688BSYADJ7.v0-8-market,collateral-remove-redeem,SP3KPRN53ZGD45B3WRTDMZZEHBJSFQ8AKN9RE6FKS,2026-09-01T04:59:07Z,10,120,110,success,(ok u100000027624),ok,
2026-09-01T08:16:35Z,8891608,0xb38194b2af64402e73b2470e74f6339e744b097257fef79b9e8b6694ae2960fd,zest-v2,SP1A27KFY4XERQCCRCARCYD1CC5N7M6688BSYADJ7.v0-7-market,collateral-add,SP1F9CYDK1AN3EWMBGMM7VJDS4BH2K9FA95JNATS2,2026-09-01T08:16:24Z,10.6,120,109.4,abort_by_post_condition,(err u600001),revert:non-oracle,
2026-09-01T09:05:12Z,8891878,0x258f86cf9e15e11ecb2ec9c522a50727c547f32e77a48e715306e43aefa46971,zest-v2,SP1A27KFY4XERQCCRCARCYD1CC5N7M6688BSYADJ7.v0-8-market,borrow,SPCE87V29VDPEAS925YMV2VG3CMBHY0BXKB08NA4,2026-09-01T09:04:59Z,13,120,107,success,(ok true),ok,
2026-09-01T09:49:05Z,8892111,0x62c0a8b6a0a2e1ae2191f07b38483f05c603a7d7c22eee97353a1cd708894efa,zest-v2,SP1A27KFY4XERQCCRCARCYD1CC5N7M6688BSYADJ7.v0-8-market,supply-collateral-add,SP1VA6890RJFTVKV9BVXR16Z19DX2EAC3MB8GXX3D,2026-09-01T09:48:53Z,12,120,108,success,(ok u2964753476),ok,
2026-09-01T10:35:34Z,8892374,0x98014c1b9d50e7747d3ca96221161ad41a3372630d3c0e10b6ef9595bf05832e,zest-v2,SP1A27KFY4XERQCCRCARCYD1CC5N7M6688BSYADJ7.v0-8-market,supply-collateral-add,SP1F919MMKCFJJBTPMTHZM9YNM7QF62VK19QM5RSQ,2026-09-01T10:35:19Z,15,120,105,success,(ok u7310234),ok,
2026-09-01T11:36:19Z,8892687,0x1ab36ea137458e5ecba755aa6fb4d1909d0f59924eb59494e388ee93d682821a,zest-v2,SP1A27KFY4XERQCCRCARCYD1CC5N7M6688BSYADJ7.v0-8-market,supply-collateral-add,SP25SJZ2KDZMZY4MJNE9QNP41XRKKFWXYHN82SZSN,2026-09-01T11:35:51Z,28,120,92,success,(ok u40451722),ok,
2026-09-01T12:59:04Z,8893200,0x7919991eef930be59375b5909483368164fd2306491291daf4f7b570eb5175ca,zest-v2,SP1A27KFY4XERQCCRCARCYD1CC5N7M6688BSYADJ7.v0-8-market,supply-collateral-add,SPDJ718REZ9JKKNY49MX6YPDKD33GJN0DFGCAKSW,2026-09-01T12:58:52Z,12,120,108,success,(ok u2283942),ok,
2026-09-01T13:26:32Z,8893337,0x0a8e84f5a14de43c1ed33ca34f3e10f06c786c25c0800a920719d5bc235afce8,zest-v2,SP1A27KFY4XERQCCRCARCYD1CC5N7M6688BSYADJ7.v0-8-market,collateral-remove-redeem,SP3KPRN53ZGD45B3WRTDMZZEHBJSFQ8AKN9RE6FKS,2026-09-01T13:25:50Z,42,120,78,success,(ok u30000003366),ok,
2026-09-01T13:37:46Z,8893397,0xbb030f9a405c27e2dc80b9ac1ad54e4a384450259a08e47374fb1cd0566bdcea,zest-v2,SP1A27KFY4XERQCCRCARCYD1CC5N7M6688BSYADJ7.v0-8-market,borrow,SPCE87V29VDPEAS925YMV2VG3CMBHY0BXKB08NA4,2026-09-01T13:37:34Z,12,120,108,success,(ok true),ok,
2026-09-01T14:06:07Z,8893570,0x8a94711dbd98a5ff3608606c660dac6a41824ed830546502bf9c842b1cbf353c,zest-v2,SP1A27KFY4XERQCCRCARCYD1CC5N7M6688BSYADJ7.v0-8-market,supply-collateral-add,SP1VA6890RJFTVKV9BVXR16Z19DX2EAC3MB8GXX3D,2026-09-01T14:05:29Z,38,120,82,success,(ok u3458845555),ok,
2026-09-01T14:30:51Z,8893702,0xcb2652477cf04f0882359d6d554e1f82741b141359f844f42ee25d50b6558b15,zest-v2,SP1A27KFY4XERQCCRCARCYD1CC5N7M6688BSYADJ7.v0-8-market,collateral-remove-redeem,SP1T07GK9H4M0WP4N1DSSA7NJ7GNTQZ0GBZM0GAR2,2026-09-01T14:30:36Z,15,120,105,success,(ok u11269095),ok,
2026-09-01T14:44:48Z,8893793,0x24323b712f6ded5867f4dd20099dbf5f7f6c47f5d67c55cd31466b7ee2cf9e19,zest-v2,SP1A27KFY4XERQCCRCARCYD1CC5N7M6688BSYADJ7.v0-8-market,borrow,SP3XBCE7R73W9TPWSM3B1NYKHYY9P5K81HE0TWPRP,2026-09-01T14:44:12Z,36,120,84,success,(ok true),ok,
2026-09-01T14:48:32Z,8893816,0x6029ef63c917e6c2f08b7aeac42ed53c7b426db996931e3b1da661fe328a1f72,zest-v2,SP1A27KFY4XERQCCRCARCYD1CC5N7M6688BSYADJ7.v0-8-market,supply-collateral-add,SP3XBCE7R73W9TPWSM3B1NYKHYY9P5K81HE0TWPRP,2026-09-01T14:47:45Z,47,120,73,success,(ok u8944599083),ok,
2026-09-01T14:51:04Z,8893829,0x1f4ebab47d4b453fc021b4261d8f97b2510966514c2188d89636071a6cf3f149,zest-v2,SP1A27KFY4XERQCCRCARCYD1CC5N7M6688BSYADJ7.v0-8-market,collateral-remove-redeem,SP3TGF6BJZWPZMHVXAP6BT8D9V5JW6X4JDD8MPNTD,2026-09-01T14:50:55Z,9,120,111,success,(ok u15402),ok,
2026-09-01T14:51:18Z,8893830,0x92633515743437c0fb4dfc2ae4843cc7518d6821450776634f2095e927614f05,zest-v2,SP1A27KFY4XERQCCRCARCYD1CC5N7M6688BSYADJ7.v0-8-market,supply-collateral-add,SP3A7MGAH0SKC1ACS854PHXHVWE031FYQCBA8M51D,2026-09-01T14:51:02Z,16,120,104,success,(ok u98818303081),ok,
2026-09-01T14:52:00Z,8893834,0x5bf4dcef0187e5467b9754ddf833718ba44030243db5357d3869e8ec6ce2d16e,zest-v2,SP1A27KFY4XERQCCRCARCYD1CC5N7M6688BSYADJ7.v0-8-market,borrow,SP3A7MGAH0SKC1ACS854PHXHVWE031FYQCBA8M51D,2026-09-01T14:51:44Z,16,120,104,success,(ok true),ok,
2026-09-01T14:54:02Z,8893845,0x463d4acbe77e42cde8527193c183edf3f2165457542315f278232a5e3d9c6216,zest-v2,SP1A27KFY4XERQCCRCARCYD1CC5N7M6688BSYADJ7.v0-8-market,collateral-remove-redeem,SP3TGF6BJZWPZMHVXAP6BT8D9V5JW6X4JDD8MPNTD,2026-09-01T14:53:50Z,12,120,108,success,(ok u10),ok,
2026-09-01T15:12:09Z,8893935,0xb796c75e1db89679491a42108843edf4665a25c9a096172e1b84b98aa02762b1,zest-v2,SP1A27KFY4XERQCCRCARCYD1CC5N7M6688BSYADJ7.v0-8-market,collateral-remove-redeem,SP3A7MGAH0SKC1ACS854PHXHVWE031FYQCBA8M51D,2026-09-01T15:12:03Z,6,120,114,success,(ok u100000051482),ok,
2026-09-01T15:44:53Z,8894089,0x89940c2d121fcfbf4186337c94785b4861691376e8ac62e64a64e44bb41a73f0,zest-v2,SP1A27KFY4XERQCCRCARCYD1CC5N7M6688BSYADJ7.v0-8-market,supply-collateral-add,SPN1N23CVHGY42Q427G2FTKV5ACCRGM2YW297S2H,2026-09-01T15:44:43Z,10,120,110,success,(ok u525051),ok,
2026-09-01T15:58:52Z,8894164,0xc00a32392e5e88e3f7050e8bc5bcb2637ef9fd6d27ad49b85ceb4de2c710107f,zest-v2,SP1A27KFY4XERQCCRCARCYD1CC5N7M6688BSYADJ7.v0-8-market,supply-collateral-add,SP3TGF6BJZWPZMHVXAP6BT8D9V5JW6X4JDD8MPNTD,2026-09-01T15:58:45Z,7,120,113,success,(ok u69172694894),ok,
2026-09-01T15:59:16Z,8894166,0x20638be357b168b627b8e993463fa828fa65e0dd9f7488fc43dbc48f96908f69,zest-v2,SP1A27KFY4XERQCCRCARCYD1CC5N7M6688BSYADJ7.v0-8-market,borrow,SP25SJZ2KDZMZY4MJNE9QNP41XRKKFWXYHN82SZSN,2026-09-01T15:58:46Z,30,120,90,success,(ok true),ok,
2026-09-01T15:59:36Z,8894168,0x59a921d42b20a9219b038cc31ccb7ce94d478ea42c4e4fecb958ca25d5b194c0,zest-v2,SP1A27KFY4XERQCCRCARCYD1CC5N7M6688BSYADJ7.v0-8-market,borrow,SP3TGF6BJZWPZMHVXAP6BT8D9V5JW6X4JDD8MPNTD,2026-09-01T15:59:30Z,6,120,114,success,(ok true),ok,
2026-09-01T16:09:27Z,8894213,0x8b3edd240c41e195719e82c112748a001ab6bf6439a941f96aae5cd2e34ec5e2,zest-v2,SP1A27KFY4XERQCCRCARCYD1CC5N7M6688BSYADJ7.v0-8-market,collateral-remove,SP1F9CYDK1AN3EWMBGMM7VJDS4BH2K9FA95JNATS2,2026-09-01T16:09:15Z,11.6,120,108.4,success,(ok u0),ok,
2026-09-01T16:11:32Z,8894223,0x695b0ddbad276fe104d014d8008dbba5d50c68bbd6d150d082d00c48bab6b92c,zest-v2,SP1A27KFY4XERQCCRCARCYD1CC5N7M6688BSYADJ7.v0-8-market,collateral-add,SP1F9CYDK1AN3EWMBGMM7VJDS4BH2K9FA95JNATS2,2026-09-01T16:11:17Z,14.8,120,105.2,success,(ok u1000),ok,
2026-09-01T16:12:23Z,8894227,0x0732775511fedb9efe619b938b7ba334bf46ea85dd0495fda298089eb24622e9,zest-v2,SP1A27KFY4XERQCCRCARCYD1CC5N7M6688BSYADJ7.v0-8-market,borrow,SP1F9CYDK1AN3EWMBGMM7VJDS4BH2K9FA95JNATS2,2026-09-01T16:12:11Z,11.2,120,108.8,success,(ok true),ok,
2026-09-01T16:23:58Z,8894276,0x55c52b4512b6b718418456cacee1eeee5e77a96ad327063c23b93762bbe1ee01,zest-v2,SP1A27KFY4XERQCCRCARCYD1CC5N7M6688BSYADJ7.v0-8-market,collateral-remove-redeem,SP3TGF6BJZWPZMHVXAP6BT8D9V5JW6X4JDD8MPNTD,2026-09-01T16:23:42Z,16,120,104,success,(ok u70000043895),ok,
2026-09-01T17:23:56Z,8894572,0x523863c9364b159db8a99485f6b33ea58208c93d5043f5f83ec49c91a575951e,zest-v2,SP1A27KFY4XERQCCRCARCYD1CC5N7M6688BSYADJ7.v0-8-market,collateral-remove-redeem,SP1BQZ7QBWMRCYYFB51F5SGH2NJJ33R3BJQA71AQ0,2026-09-01T17:23:45Z,11,120,109,success,(ok u999),ok,
2026-09-01T17:40:10Z,8894663,0x95887dceb8b8ad7900a00a536a944d5c3bcbedb45b40a31c74bff45705416f73,zest-v2,SP1A27KFY4XERQCCRCARCYD1CC5N7M6688BSYADJ7.v0-8-market,supply-collateral-add,SP1BQZ7QBWMRCYYFB51F5SGH2NJJ33R3BJQA71AQ0,2026-09-01T17:39:59Z,11,120,109,success,(ok u2000),ok,
2026-09-01T17:41:08Z,8894669,0x220909bfec149830ea272db55312319a79d8698885c290544f377920b36f1411,zest-v2,SP1A27KFY4XERQCCRCARCYD1CC5N7M6688BSYADJ7.v0-8-market,borrow,SP1BQZ7QBWMRCYYFB51F5SGH2NJJ33R3BJQA71AQ0,2026-09-01T17:40:51Z,17,120,103,success,(ok true),ok,
2026-09-01T17:48:09Z,8894716,0xc233751fd87cb794b4ef9f16ab584bd212744172917fff45a8ce9906a9a254e9,zest-v2,SP1A27KFY4XERQCCRCARCYD1CC5N7M6688BSYADJ7.v0-8-market,collateral-remove,SP3RY185H0R8TNX4PGRYFZ07AV001N23N1FJX9MEE,2026-09-01T17:47:54Z,15,120,105,success,(ok u0),ok,
2026-09-01T17:49:12Z,8894723,0xdcd14938ff81fc4c1be345ab919a67b7cc6f596d05a9d1e8503be7cdab702c1b,zest-v2,SP1A27KFY4XERQCCRCARCYD1CC5N7M6688BSYADJ7.v0-8-market,collateral-add,SP3RY185H0R8TNX4PGRYFZ07AV001N23N1FJX9MEE,2026-09-01T17:49:04Z,8,120,112,success,(ok u9990),ok,
2026-09-01T17:49:55Z,8894727,0xb0180268c25ce1935fd78200aa03def74392889fc77e99c94db023da7b636119,zest-v2,SP1A27KFY4XERQCCRCARCYD1CC5N7M6688BSYADJ7.v0-8-market,borrow,SP3RY185H0R8TNX4PGRYFZ07AV001N23N1FJX9MEE,2026-09-01T17:49:40Z,15,120,105,success,(ok true),ok,
2026-09-01T18:00:44Z,8894795,0x5d87bb86b961d558c0d79df35648fe2d652d7c04c166c59c3e36fe84d95bbe0e,zest-v2,SP1A27KFY4XERQCCRCARCYD1CC5N7M6688BSYADJ7.v0-8-market,collateral-remove,SM3VKWZV070TKN3C0413JNTSKH3EV7608P4CDKD04,2026-09-01T17:58:46Z,118,120,2,success,(ok u304580495),ok,
2026-09-01T18:07:17Z,8894835,0x2a10a54d241b6a032e7ce437e332417c8b633cca9e86f11bdd50e9aaff17a33b,zest-v2,SP1A27KFY4XERQCCRCARCYD1CC5N7M6688BSYADJ7.v0-8-market,supply-collateral-add,SP3J0XVA4KXFDJ6VYT2VC9H12WJZ1YSA4SENRVG2E,2026-09-01T18:06:08Z,69,120,51,success,(ok u10968970749),ok,
2026-09-01T18:14:29Z,8894878,0xdff167d9e0f459a5c29b2eb76264ec9caa27ab35109bac94805394763e09b02c,zest-v2,SP1A27KFY4XERQCCRCARCYD1CC5N7M6688BSYADJ7.v0-8-market,collateral-remove-redeem,SP3RY185H0R8TNX4PGRYFZ07AV001N23N1FJX9MEE,2026-09-01T18:14:18Z,11,120,109,success,(ok u9990),ok,
2026-09-01T18:33:01Z,8894962,0x0af1ba65da2a0885f4474465543b07e81ba79a20ec38acfbe9a914cb807cfb24,zest-v2,SP1A27KFY4XERQCCRCARCYD1CC5N7M6688BSYADJ7.v0-8-market,collateral-add,SP3RY185H0R8TNX4PGRYFZ07AV001N23N1FJX9MEE,2026-09-01T18:32:47Z,14,120,106,success,(ok u9990),ok,
2026-09-01T18:54:55Z,8895096,0x2cace74a77cf97d423ffa539a1b088fea8a98dc7a22c04c1e55b8b6bff42552a,zest-v1,SP2VCQJGH7PHP2DJK7Z0V48AGBHQAW3R3ZW1QF4N.borrow-helper-v2-1-8,withdraw,SP215NR9D2ZHQK92FKBA7GHN84HB4TJVGN5PZ36P5,2026-09-01T18:54:37Z,18,360,342,success,(ok true),ok,
2026-09-01T18:55:45Z,8895101,0x1e7e9ace4ac4accf41b756ab34682ea8941c01b3cfab54bf33ea4b3a821d715f,zest-v1,SP2VCQJGH7PHP2DJK7Z0V48AGBHQAW3R3ZW1QF4N.borrow-helper-v2-1-8,withdraw,SP215NR9D2ZHQK92FKBA7GHN84HB4TJVGN5PZ36P5,2026-09-01T18:55:30Z,15,360,345,success,(ok true),ok,
2026-09-01T18:57:31Z,8895111,0xc6defe0fe112d5687226019399932f64b1c4cd6f800269019ca23dcc1d1b0e52,zest-v2,SP1A27KFY4XERQCCRCARCYD1CC5N7M6688BSYADJ7.v0-8-market,collateral-remove,SM3VKWZV070TKN3C0413JNTSKH3EV7608P4CDKD04,2026-09-01T18:56:05Z,86,120,34,success,(ok u0),ok,
2026-09-01T19:04:22Z,8895155,0x6aa5cfe317d3b9ba03a2d9df14e86aaa50afc8a193330d7cb72bf4c04f974fec,zest-v2,SP1A27KFY4XERQCCRCARCYD1CC5N7M6688BSYADJ7.v0-8-market,collateral-add,SM1VEF2GFX77JP19Q46P3S5NMP82BMET1ER7P6RPP,2026-09-01T19:03:13Z,69,120,51,success,(ok u521991780),ok,
2026-09-01T19:16:48Z,8895237,0xe7b9144d981e4d7f82c177c572f05d9360a53fa4483ea5a46097d09fdc3ef4be,zest-v2,SP1A27KFY4XERQCCRCARCYD1CC5N7M6688BSYADJ7.v0-8-market,collateral-remove-redeem,SP3XBCE7R73W9TPWSM3B1NYKHYY9P5K81HE0TWPRP,2026-09-01T19:16:14Z,34,120,86,success,(ok u1500000561),ok,
2026-09-01T19:17:55Z,8895245,0xa575100addc4ae9b03fc54aa291012d6894b03e3d167d14303382f63620b73b9,zest-v2,SP1A27KFY4XERQCCRCARCYD1CC5N7M6688BSYADJ7.v0-8-market,borrow,SM1VEF2GFX77JP19Q46P3S5NMP82BMET1ER7P6RPP,2026-09-01T19:07:15Z,640,120,-520,abort_by_post_condition,(err u400015),oracle-revert:stale,"ERR-ORACLE-MULTI (stale, monotonic race, confidence)"
2026-09-01T19:20:24Z,8895262,0xc9a7902337d98badf1703598b7cb7064d1c051f23338dfa039a9d309d539f2e8,zest-v2,SP1A27KFY4XERQCCRCARCYD1CC5N7M6688BSYADJ7.v0-8-market,borrow,SM1VEF2GFX77JP19Q46P3S5NMP82BMET1ER7P6RPP,2026-09-01T19:19:39Z,45,120,75,success,(ok true),ok,
2026-09-01T19:27:07Z,8895308,0x10b8ae46237d6e7903144caf59d37ca6affc66ad82228ca7e5cf85f8fec91284,zest-v1,SP2VCQJGH7PHP2DJK7Z0V48AGBHQAW3R3ZW1QF4N.borrow-helper-v2-1-8,withdraw,SP215NR9D2ZHQK92FKBA7GHN84HB4TJVGN5PZ36P5,2026-09-01T19:26:52Z,15,360,345,success,(ok true),ok,
2026-09-01T19:33:59Z,8895345,0x04f304c675e8ac277d04edcc9eb29c12cd3b5941a63584c0ff496e7ff1cbfce1,zest-v2,SP1A27KFY4XERQCCRCARCYD1CC5N7M6688BSYADJ7.v0-8-market,supply-collateral-add,SP215NR9D2ZHQK92FKBA7GHN84HB4TJVGN5PZ36P5,2026-09-01T19:33:40Z,19,120,101,success,(ok u1086993),ok,
2026-09-01T19:38:45Z,8895368,0x1af90e57a06360985d88dfcb249b661ed85d9ebbf05d8a1556a3d02f911cc9b7,zest-v2,SP1A27KFY4XERQCCRCARCYD1CC5N7M6688BSYADJ7.v0-8-market,supply-collateral-add,SM3VKWZV070TKN3C0413JNTSKH3EV7608P4CDKD04,2026-09-01T19:32:52Z,353,120,-233,success,(ok u3995312377),ok,
2026-09-01T19:42:42Z,8895382,0xee26b9e766186209a90821a74ece7d0146fb9b7c285f7aca7a8f0017bfa4c511,zest-v2,SP1A27KFY4XERQCCRCARCYD1CC5N7M6688BSYADJ7.v0-8-market,borrow,SM3VKWZV070TKN3C0413JNTSKH3EV7608P4CDKD04,2026-09-01T19:40:38Z,124,120,-4,abort_by_post_condition,(err u400015),oracle-revert:stale,"ERR-ORACLE-MULTI (stale, monotonic race, confidence)"
2026-09-01T19:44:20Z,8895390,0xaa91592249bc5813e8ee04f6b0082eb72b52bc6ec2e60077a64b2bd669e08f1b,zest-v2,SP1A27KFY4XERQCCRCARCYD1CC5N7M6688BSYADJ7.v0-8-market,borrow,SM3VKWZV070TKN3C0413JNTSKH3EV7608P4CDKD04,2026-09-01T19:43:41Z,39,120,81,success,(ok true),ok,
2026-09-01T20:45:08Z,8895760,0xdcee1ce8dc31260260276492a0a7410f1ef56d97726c1e3899b373080bdd345f,zest-v2,SP1A27KFY4XERQCCRCARCYD1CC5N7M6688BSYADJ7.v0-8-market,supply-collateral-add,SP3D0ZDN3E8M33MY88REE1NQQR7H6ZQWEYKQ3JP1V,2026-09-01T20:45:01Z,7,120,113,success,(ok u16902775560),ok,
2026-09-01T21:05:58Z,8895901,0x3be6129aa5c741ad8428e5df7ae437dd8497ea12a3adfe81504cf32e2bbf4ca2,zest-v2,SP1A27KFY4XERQCCRCARCYD1CC5N7M6688BSYADJ7.v0-8-market,borrow,SP17WH9WXDENGR4EXFVZNDE9RW2M19H5C8SQAMTG3,2026-09-01T21:05:10Z,48,120,72,success,(ok true),ok,
2026-09-01T21:27:05Z,8896015,0x6fa774ba9bde2cc123bad144abc68c29e4c30209a35ab3ad182f446f73deea65,zest-v2,SP1A27KFY4XERQCCRCARCYD1CC5N7M6688BSYADJ7.v0-8-market,supply-collateral-add,SP1P6D5YNBWJG4D0SGQAE4F1BMD7TM2QJ0DKJC4WV,2026-09-01T21:26:48Z,17,120,103,success,(ok u44726526),ok,
2026-09-01T23:29:21Z,8896662,0x0a639a3c15c15457b7c16b392bb55da06b4faf8a414274357e8e52c2e76b8a89,zest-v2,SP1A27KFY4XERQCCRCARCYD1CC5N7M6688BSYADJ7.v0-8-market,supply-collateral-add,SP34M22KZDV4TYQZEAM10XC96TZR1G5W75FRHG3KA,2026-09-01T23:29:00Z,21,120,99,success,(ok u4122257),ok,
2026-09-02T00:55:28Z,8897182,0xe570af3eb538716fbdbcbd7167c60460046650cbb6ca5bf1034a196f8508e718,zest-v2,SP1A27KFY4XERQCCRCARCYD1CC5N7M6688BSYADJ7.v0-8-market,borrow,SPCE87V29VDPEAS925YMV2VG3CMBHY0BXKB08NA4,2026-09-02T00:55:19Z,9,120,111,success,(ok true),ok,
2026-09-02T01:34:06Z,8897419,0x2befe09953d96f57015c989daaeb38abde16a0f8466659f6ac74f59f8b49a026,zest-v2,SP1A27KFY4XERQCCRCARCYD1CC5N7M6688BSYADJ7.v0-8-market,supply-collateral-add,SP2DV7QK4N1C79XVA9QMJ4WD3SHFJX7YBMDDWMZNE,2026-09-02T01:33:41Z,25,120,95,success,(ok u187335749),ok,
2026-09-02T02:07:13Z,8897612,0x6a4854362d0ac7e6fdbc85481fcf03848a6f87fba2600fb53dc1a830032a373d,zest-v2,SP1A27KFY4XERQCCRCARCYD1CC5N7M6688BSYADJ7.v0-8-market,supply-collateral-add,SP1MZ5N6YCQ5BFHK4N9NFGXG2K4N53BQ0MFXAKAC1,2026-09-02T02:06:39Z,34,120,86,success,(ok u19958124290),ok,
2026-09-02T02:08:03Z,8897618,0x423b614e639924ecf907495872207365ab251cc10ebfa98f01352e7a7d5900ce,zest-v2,SP1A27KFY4XERQCCRCARCYD1CC5N7M6688BSYADJ7.v0-8-market,borrow,SP1MZ5N6YCQ5BFHK4N9NFGXG2K4N53BQ0MFXAKAC1,2026-09-02T02:07:50Z,13,120,107,success,(ok true),ok,
2026-09-02T02:34:51Z,8897792,0x2a550346d3d7bba83a5de7d3c7e46ddd2193a81416fd07be21250978e0501a7b,zest-v2,SP1A27KFY4XERQCCRCARCYD1CC5N7M6688BSYADJ7.v0-8-market,collateral-remove-redeem,SP1MZ5N6YCQ5BFHK4N9NFGXG2K4N53BQ0MFXAKAC1,2026-09-02T02:34:39Z,12,120,108,success,(ok u20000007994),ok,
2026-09-02T04:01:29Z,8898261,0xa75eabe6abbd973078f12f7a47fdf9b3346a1fef2e51e123e7fab020382882a9,zest-v2,SP1A27KFY4XERQCCRCARCYD1CC5N7M6688BSYADJ7.v0-8-market,supply-collateral-add,SP2ZM1KNQNS96RM1MAJTZV7WE7F38GFGRND4E80DW,2026-09-02T04:01:00Z,29,120,91,success,(ok u152622241),ok,
2026-09-02T05:54:16Z,8898967,0xdc57a93141cdc67d216f8bf7c5a2efb123df5ca7dfe7ca6c388d5466b38e39a9,zest-v2,SP1A27KFY4XERQCCRCARCYD1CC5N7M6688BSYADJ7.v0-8-market,collateral-remove-redeem,SPBZ4377CWDXB6VCBRGMP20JPSQEE2RD3BS703BV,2026-09-02T05:54:07Z,9,120,111,success,(ok u139999),ok,
2026-09-02T06:09:22Z,8899065,0xfd02028a84d3715b130d44a696c09b005edbde9098375853392f444034333a4f,zest-v2,SP1A27KFY4XERQCCRCARCYD1CC5N7M6688BSYADJ7.v0-8-market,borrow,SPCE87V29VDPEAS925YMV2VG3CMBHY0BXKB08NA4,2026-09-02T06:09:06Z,16,120,104,success,(ok true),ok,
2026-09-02T06:13:03Z,8899091,0x997de1ed07e18befd76afb451d821f6e55d1a79aa8556e8cd4ddc675fbb5e8b5,zest-v2,SP1A27KFY4XERQCCRCARCYD1CC5N7M6688BSYADJ7.v0-8-market,supply-collateral-add,SPCE87V29VDPEAS925YMV2VG3CMBHY0BXKB08NA4,2026-09-02T06:12:55Z,8,120,112,success,(ok u96596647),ok,
2026-09-02T06:23:28Z,8899170,0x10cc7eab51458f92ee4ef7f2e2cf14615e6a5e6809fdf3bbdfab1e62293391f8,zest-v1,SP2VCQJGH7PHP2DJK7Z0V48AGBHQAW3R3ZW1QF4N.borrow-helper-v2-1-8,withdraw,SP3ADPF1R31REZGRYMC8G62XY3X6KRMFK75YM914J,2026-09-02T06:23:15Z,13,360,347,success,(ok true),ok,
2026-09-02T06:24:01Z,8899174,0xef1da05ad86386e2feb058a84d37cbd910781985aad79c0bbc72f241218f3c1f,zest-v2,SP1A27KFY4XERQCCRCARCYD1CC5N7M6688BSYADJ7.v0-8-market,supply-collateral-add,SP3ADPF1R31REZGRYMC8G62XY3X6KRMFK75YM914J,2026-09-02T06:23:51Z,10,120,110,success,(ok u120329292),ok,
2026-09-02T09:19:22Z,8900261,0x1ba1ca8a9ffd625378992a51b95f0f028c39c9a0fe5d81ddf67dcedd9db7fdb7,zest-v2,SP1A27KFY4XERQCCRCARCYD1CC5N7M6688BSYADJ7.v0-8-market,borrow,SPZKWN8EC8DHXYW6D6DVHFVMX2HBWMRTSZET8YHM,2026-09-02T09:18:56Z,26,120,94,success,(ok true),ok,
2026-09-02T09:30:15Z,8900315,0x299a7b0add24722995c8d8585337bf8e43a7f3ba9d09358dcd5d9d856db7aba9,zest-v2,SP1A27KFY4XERQCCRCARCYD1CC5N7M6688BSYADJ7.v0-8-market,borrow,SPWH7ERBH90XFXQWXV1E5HVSMGBPGF8A8T5BYNBW,2026-09-02T09:29:37Z,38,120,82,success,(ok true),ok,
2026-09-02T11:02:30Z,8900866,0xcdd4f6f09a678ff81baad3de6913b7db62b1916077b5c33d35c6f6a8cece5ded,zest-v2,SP1A27KFY4XERQCCRCARCYD1CC5N7M6688BSYADJ7.v0-8-market,collateral-remove-redeem,SP3ADPF1R31REZGRYMC8G62XY3X6KRMFK75YM914J,2026-09-02T11:02:25Z,5,120,115,success,(ok u120405173),ok,
2026-09-02T11:12:09Z,8900915,0x9105ff1fca6cfe4b41e078083e6044633abac0ae3012e3d9cdd533b8d850b589,zest-v2,SP1A27KFY4XERQCCRCARCYD1CC5N7M6688BSYADJ7.v0-8-market,supply-collateral-add,SP3G44VW81WDKM0G7KG0988VJ33N0YGXH8TP14DP9,2026-09-02T11:11:43Z,26,120,94,success,(ok u2554413),ok,
2026-09-02T11:29:28Z,8901025,0xa03e596f878abaa8bcf4857c4959eaf00cf45227edef94f19bdbaeaeb6081734,zest-v1,SP2VCQJGH7PHP2DJK7Z0V48AGBHQAW3R3ZW1QF4N.borrow-helper-v2-1-8,withdraw,SP3G44VW81WDKM0G7KG0988VJ33N0YGXH8TP14DP9,2026-09-02T11:29:13Z,15,360,345,success,(ok true),ok,
2026-09-02T11:30:17Z,8901031,0xeb701fa93e138b8d1b4ad3390e6a7905cf628afcf44c6622a4f97ffadb42a0b4,zest-v2,SP1A27KFY4XERQCCRCARCYD1CC5N7M6688BSYADJ7.v0-8-market,supply-collateral-add,SP3G44VW81WDKM0G7KG0988VJ33N0YGXH8TP14DP9,2026-09-02T11:30:05Z,12,120,108,success,(ok u5584646),ok,
2026-09-02T11:31:18Z,8901037,0x94d14f9195787fb75f7a14682efe4d40974fe6fe3991099d8b9ef25b0bf15fae,zest-v2,SP1A27KFY4XERQCCRCARCYD1CC5N7M6688BSYADJ7.v0-8-market,borrow,SP3G44VW81WDKM0G7KG0988VJ33N0YGXH8TP14DP9,2026-09-02T11:31:02Z,16,120,104,success,(ok true),ok,
2026-09-02T11:37:18Z,8901077,0x85743523454abc22f7ae4cd61d4973ea4e0ffc4987a021a7bac6cf4468d87530,zest-v1,SP2VCQJGH7PHP2DJK7Z0V48AGBHQAW3R3ZW1QF4N.borrow-helper-v2-1-8,withdraw,SP3G44VW81WDKM0G7KG0988VJ33N0YGXH8TP14DP9,2026-09-02T11:37:02Z,16,360,344,success,(ok true),ok,
2026-09-02T11:38:33Z,8901086,0x723758dc2cc0eddfce07260f9a8132ae4943390b4736d8841a38b5a96823d83b,zest-v2,SP1A27KFY4XERQCCRCARCYD1CC5N7M6688BSYADJ7.v0-8-market,supply-collateral-add,SP3G44VW81WDKM0G7KG0988VJ33N0YGXH8TP14DP9,2026-09-02T11:38:14Z,19,120,101,success,(ok u9481700),ok,
2026-09-02T11:40:28Z,8901100,0xce11108c1d988480d770c16e72a3d2120dbcd79682da759cd3108c93766889da,zest-v2,SP1A27KFY4XERQCCRCARCYD1CC5N7M6688BSYADJ7.v0-8-market,borrow,SP3G44VW81WDKM0G7KG0988VJ33N0YGXH8TP14DP9,2026-09-02T11:40:11Z,17,120,103,success,(ok true),ok,
2026-09-02T11:45:54Z,8901139,0x8050ace5e67984b0c44b5c6f3e9029b894f16826f0f8a4be3eecb1b5fcf45117,zest-v1,SP2VCQJGH7PHP2DJK7Z0V48AGBHQAW3R3ZW1QF4N.borrow-helper-v2-1-8,withdraw,SP3G44VW81WDKM0G7KG0988VJ33N0YGXH8TP14DP9,2026-09-02T11:45:45Z,9,360,351,success,(ok true),ok,
2026-09-02T11:47:19Z,8901149,0x721ef874a893456a8bd6ed6aa6685f0bbeba20dc3531c38b66ca8251f1faa4c7,zest-v2,SP1A27KFY4XERQCCRCARCYD1CC5N7M6688BSYADJ7.v0-8-market,supply-collateral-add,SP3G44VW81WDKM0G7KG0988VJ33N0YGXH8TP14DP9,2026-09-02T11:47:07Z,12,120,108,success,(ok u13538132),ok,
2026-09-02T11:48:09Z,8901155,0x2f06ee7950da1747fb0ef4bf00eb17d15fc5a53107b27e1da6e4d18c126d2f7b,zest-v1,SP2VCQJGH7PHP2DJK7Z0V48AGBHQAW3R3ZW1QF4N.borrow-helper-v2-1-8,withdraw,SP3G44VW81WDKM0G7KG0988VJ33N0YGXH8TP14DP9,2026-09-02T11:47:54Z,15,360,345,success,(ok true),ok,
2026-09-02T13:53:21Z,8901844,0x35f666acf901023a87996caf91650a59de123b7d5b8e27cc30e36044a5ffed4c,zest-v2,SP1A27KFY4XERQCCRCARCYD1CC5N7M6688BSYADJ7.v0-8-market,borrow,SP2ZM1KNQNS96RM1MAJTZV7WE7F38GFGRND4E80DW,2026-09-02T13:52:28Z,53,120,67,success,(ok true),ok,
2026-09-02T14:05:19Z,8901910,0xe5dfc96b4be102ddb9135899c21a379a836359e408734b4de6bba487da5d6ef1,zest-v2,SP1A27KFY4XERQCCRCARCYD1CC5N7M6688BSYADJ7.v0-8-market,supply-collateral-add,SP2ZM1KNQNS96RM1MAJTZV7WE7F38GFGRND4E80DW,2026-09-02T14:05:00Z,19,120,101,success,(ok u152705886),ok,
2026-09-02T15:09:38Z,8902349,0xc8124a3dc42cb686889d405802169eca4f003182fcb7d97c892ce9989272cced,zest-v1,SP2VCQJGH7PHP2DJK7Z0V48AGBHQAW3R3ZW1QF4N.borrow-helper-v2-1-8,withdraw,SP1XXNVF8HNVXGC7HR8GHY278SAJMMZBK333NW27J,2026-09-02T15:09:21Z,17,360,343,success,(ok true),ok,
2026-09-02T15:11:20Z,8902360,0x8c5c6b6281b053f0b348c66c2833745632f6f56bd3412b763030b46639a467d1,zest-v2,SP1A27KFY4XERQCCRCARCYD1CC5N7M6688BSYADJ7.v0-8-market,supply-collateral-add,SP1XXNVF8HNVXGC7HR8GHY278SAJMMZBK333NW27J,2026-09-02T15:11:05Z,15,120,105,success,(ok u67833267),ok,
2026-09-02T16:22:03Z,8902859,0xe7116ba2c5ea96c69274dc37560cc76f523ef8512b28c1186dd30e307bffc024,zest-v2,SP1A27KFY4XERQCCRCARCYD1CC5N7M6688BSYADJ7.v0-8-market,collateral-remove,SM1VEF2GFX77JP19Q46P3S5NMP82BMET1ER7P6RPP,2026-09-02T16:19:50Z,133,120,-13,abort_by_post_condition,(err u400015),oracle-revert:stale,"ERR-ORACLE-MULTI (stale, monotonic race, confidence)"
2026-09-02T16:23:24Z,8902868,0xba3ebd487a98336607d6c5d4ac1457478d029934673819c2fb567abd9f977b81,zest-v2,SP1A27KFY4XERQCCRCARCYD1CC5N7M6688BSYADJ7.v0-8-market,collateral-remove,SM1VEF2GFX77JP19Q46P3S5NMP82BMET1ER7P6RPP,2026-09-02T16:22:31Z,53,120,67,success,(ok u511991780),ok,
2026-09-02T18:23:53Z,8903607,0x02d430b098541927adb79a7f299142fd4bc4cb540b7af65bafc29138fb5c0d95,zest-v2,SP1A27KFY4XERQCCRCARCYD1CC5N7M6688BSYADJ7.v0-8-market,supply-collateral-add,SPH2WEH8T6FA73QFE43MAF4G3QY0H5TJ407ERJ6B,2026-09-02T18:23:06Z,47,120,73,success,(ok u3449462),ok,
2026-09-02T19:10:58Z,8903877,0xa99dabaf9e701af357dfd18a6831f27c1167e1259aab0dbd93c2a4276119528f,zest-v2,SP1A27KFY4XERQCCRCARCYD1CC5N7M6688BSYADJ7.v0-8-market,collateral-remove-redeem,SP1RGW2YQ6W5J8KCTY0MC30AHVX1XE7GS9A6YM73,2026-09-02T19:09:43Z,75,120,45,success,(ok u200000000),ok,
2026-09-02T19:24:02Z,8903946,0xeb075dad4e3ae897c2af4384f6d6cd97456b080c7e78a1ac5b0f4462ed2b8869,zest-v2,SP1A27KFY4XERQCCRCARCYD1CC5N7M6688BSYADJ7.v0-8-market,supply-collateral-add,SP2ZM1KNQNS96RM1MAJTZV7WE7F38GFGRND4E80DW,2026-09-02T19:23:32Z,30,120,90,success,(ok u152957121),ok,
2026-09-02T20:22:18Z,8904255,0x36bee782caa331499f88e86f3999006b7d910d5a7e7752faae3d30aa5eb5976e,zest-v2,SP1A27KFY4XERQCCRCARCYD1CC5N7M6688BSYADJ7.v0-8-market,collateral-remove-redeem,SP36RBBMH2KTHE9KW799S7FAVSXW3CHP7HRY4H59E,2026-09-02T20:21:41Z,37,120,83,success,(ok u99999),ok,
2026-09-02T20:55:03Z,8904429,0x8fee9ebb93e8a6bdf805aae774d1308a3af70489b9f7320d56aa85c3d7f3fc43,zest-v2,SP1A27KFY4XERQCCRCARCYD1CC5N7M6688BSYADJ7.v0-8-market,collateral-remove-redeem,SP36RBBMH2KTHE9KW799S7FAVSXW3CHP7HRY4H59E,2026-09-02T20:54:34Z,29,120,91,success,(ok u999999),ok,
2026-09-03T00:22:09Z,8905505,0xaf13b6f92d619bb33f0092a4b9168f0f9c4a11281d91616de71789ab1571a824,zest-v2,SP1A27KFY4XERQCCRCARCYD1CC5N7M6688BSYADJ7.v0-8-market,borrow,SP2CCCQP1WN3FG67K3V4S85JG9SRZN2KKRJ3M3GNG,2026-09-03T00:21:05Z,64,120,56,success,(ok true),ok,
2026-09-03T01:27:58Z,8905840,0xb713e4e23f1511acf81cb67963502bdbb5bb8d3f6d802a09021160a422fa9a9c,zest-v2,SP1A27KFY4XERQCCRCARCYD1CC5N7M6688BSYADJ7.v0-8-market,borrow,SP23402K8H5S3YFE2MDD0QS063A1DCH15DKJYNY7T,2026-09-03T01:27:43Z,15,120,105,success,(ok true),ok,
2026-09-03T01:29:36Z,8905850,0x8fba9bd78bafb4c69893a3bb19758f4d60c91d550298a7602834e549c89ebf11,zest-v2,SP1A27KFY4XERQCCRCARCYD1CC5N7M6688BSYADJ7.v0-8-market,supply-collateral-add,SPWCA0NFQM564PHZANZN0NJH0PAKDE4KJ60ZQX57,2026-09-03T01:29:26Z,10,120,110,success,(ok u11080327),ok,
2026-09-03T01:39:55Z,8905905,0xc105787d3aa41f578ebe69161eb2adfa3cccf21d03fd20c305aae84f0e62dfbf,zest-v2,SP1A27KFY4XERQCCRCARCYD1CC5N7M6688BSYADJ7.v0-8-market,borrow,SPCDCWBEZ9ZEK49BNMDE2MDMJ0E01W02H9SA4TVZ,2026-09-03T01:39:42Z,13,120,107,success,(ok true),ok,
2026-09-03T02:18:45Z,8906120,0x0f9cbb36d57b31ab2b4ad10b779cd56ae39f96eaa5799b292d0ac7b61413d778,zest-v2,SP1A27KFY4XERQCCRCARCYD1CC5N7M6688BSYADJ7.v0-8-market,supply-collateral-add,SP2A0VW071VE5QXZ9699FK29F0XXQ0B8AQ5BSC431,2026-09-03T02:18:06Z,39,120,81,success,(ok u885114771),ok,
2026-09-03T02:20:20Z,8906126,0xe64ecdba4fe46728b7fc235ccd63d83177b1cb88bbad6a1c660cb9d0c5ecfb32,zest-v2,SP1A27KFY4XERQCCRCARCYD1CC5N7M6688BSYADJ7.v0-8-market,borrow,SP2A0VW071VE5QXZ9699FK29F0XXQ0B8AQ5BSC431,2026-09-03T02:20:04Z,16,120,104,success,(ok true),ok,
2026-09-03T02:31:43Z,8906185,0xfbfccafc0647b6338defe3414cafec8602dce4b4419c022e9885ee42bb71898a,zest-v2,SP1A27KFY4XERQCCRCARCYD1CC5N7M6688BSYADJ7.v0-8-market,collateral-remove-redeem,SP7YZSPZTESYZ9QP3XAJGH2XXQ2J2ASP0SEY7Y2B,2026-09-03T02:31:33Z,10,120,110,success,(ok u515103031),ok,
2026-09-03T02:48:00Z,8906267,0x11f103de280eb0a721d3b515ef68b95af4e00120a48f3b7c4952917d83c37000,zest-v2,SP1A27KFY4XERQCCRCARCYD1CC5N7M6688BSYADJ7.v0-8-market,supply-collateral-add,SP1MZ5N6YCQ5BFHK4N9NFGXG2K4N53BQ0MFXAKAC1,2026-09-03T02:47:40Z,20,120,100,success,(ok u29643877913),ok,
2026-09-03T02:48:47Z,8906272,0x5201fb14338f5730498958cc22f6c08f084f14d42935dbd765b4510179d2fe35,zest-v2,SP1A27KFY4XERQCCRCARCYD1CC5N7M6688BSYADJ7.v0-8-market,borrow,SP1MZ5N6YCQ5BFHK4N9NFGXG2K4N53BQ0MFXAKAC1,2026-09-03T02:48:31Z,16,120,104,success,(ok true),ok,
2026-09-03T02:50:40Z,8906284,0x071a3dd9ef6493805ac9978bf89a830b0c2f76b9a2ec01b8eb36f8ceb7b339b1,zest-v2,SP1A27KFY4XERQCCRCARCYD1CC5N7M6688BSYADJ7.v0-8-market,supply-collateral-add,SP3A7MGAH0SKC1ACS854PHXHVWE031FYQCBA8M51D,2026-09-03T02:50:27Z,13,120,107,success,(ok u98812919777),ok,
2026-09-03T02:51:29Z,8906289,0x7343f4b6aedbdb1bb1eadea0d1a93ac0731eddd28f65fc5dba54817470f2ceab,zest-v2,SP1A27KFY4XERQCCRCARCYD1CC5N7M6688BSYADJ7.v0-8-market,borrow,SP3A7MGAH0SKC1ACS854PHXHVWE031FYQCBA8M51D,2026-09-03T02:51:17Z,12,120,108,success,(ok true),ok,
2026-09-03T02:54:15Z,8906301,0x6c41bab07c8611c6e8d45a42050a5269437c78eb5633518b63fee4cfe0219668,zest-v2,SP1A27KFY4XERQCCRCARCYD1CC5N7M6688BSYADJ7.v0-8-market,supply-collateral-add,SP1MZ5N6YCQ5BFHK4N9NFGXG2K4N53BQ0MFXAKAC1,2026-09-03T02:53:16Z,59,120,61,success,(ok u59287751233),ok,
2026-09-03T03:01:53Z,8906330,0xaffb280df4d3bacdb7ee21d66ca84f37246a0bcac41cfa2e46ff345b874e3301,zest-v2,SP1A27KFY4XERQCCRCARCYD1CC5N7M6688BSYADJ7.v0-8-market,supply-collateral-add,SP3A7MGAH0SKC1ACS854PHXHVWE031FYQCBA8M51D,2026-09-03T03:01:38Z,15,120,105,success,(ok u197625812425),ok,
2026-09-03T03:02:41Z,8906333,0x0ed3ee0253ce4f3bc116e6634b37060bcbc691e82444205efc472c89e5dab6f3,zest-v2,SP1A27KFY4XERQCCRCARCYD1CC5N7M6688BSYADJ7.v0-8-market,borrow,SP3A7MGAH0SKC1ACS854PHXHVWE031FYQCBA8M51D,2026-09-03T03:02:23Z,18,120,102,success,(ok true),ok,
2026-09-03T03:05:12Z,8906343,0x3a8b3ab16ac6958f38e71084eeb56f5266768b3768408a21662790a683f786b4,zest-v2,SP1A27KFY4XERQCCRCARCYD1CC5N7M6688BSYADJ7.v0-8-market,supply-collateral-add,SP3TGF6BJZWPZMHVXAP6BT8D9V5JW6X4JDD8MPNTD,2026-09-03T03:04:58Z,14,120,106,success,(ok u69169019353),ok,
2026-09-03T03:09:54Z,8906366,0xc6b21253812f2a96fd23151907e8d12b4b7749ea4ae6debf5a3e7a26104d7c65,zest-v2,SP1A27KFY4XERQCCRCARCYD1CC5N7M6688BSYADJ7.v0-8-market,borrow,SP3TGF6BJZWPZMHVXAP6BT8D9V5JW6X4JDD8MPNTD,2026-09-03T03:09:38Z,16,120,104,success,(ok true),ok,
2026-09-03T03:15:05Z,8906388,0xdeff4be981d4344cd8a8bc5e43161ed5f064fcbc53a2841597f5e57859f375ef,zest-v2,SP1A27KFY4XERQCCRCARCYD1CC5N7M6688BSYADJ7.v0-8-market,borrow,SP1MZ5N6YCQ5BFHK4N9NFGXG2K4N53BQ0MFXAKAC1,2026-09-03T03:14:52Z,13,120,107,success,(ok true),ok,
2026-09-03T03:21:22Z,8906416,0xb9d1bedd8d14c9e0d104dfe0b4ccf8bdb4fbc24c1ec8286cd2b3978b363153a7,zest-v2,SP1A27KFY4XERQCCRCARCYD1CC5N7M6688BSYADJ7.v0-8-market,borrow,SP3XBCE7R73W9TPWSM3B1NYKHYY9P5K81HE0TWPRP,2026-09-03T03:19:48Z,94,120,26,success,(ok true),ok,
2026-09-03T03:33:52Z,8906469,0x3fdb35a2dc8bdd8307c740a809b9b7da0961195a883c884ccb5beadbc68b13a1,zest-v2,SP1A27KFY4XERQCCRCARCYD1CC5N7M6688BSYADJ7.v0-8-market,collateral-remove-redeem,SP3A7MGAH0SKC1ACS854PHXHVWE031FYQCBA8M51D,2026-09-03T03:33:37Z,15,120,105,success,(ok u120000053866),ok,
2026-09-03T03:53:26Z,8906575,0xbbc8096a119f1e30054226deccac50a13d2d6af25dcfb939b0713dcaaee84c0a,zest-v2,SP1A27KFY4XERQCCRCARCYD1CC5N7M6688BSYADJ7.v0-8-market,supply-collateral-add,SP3A7MGAH0SKC1ACS854PHXHVWE031FYQCBA8M51D,2026-09-03T03:53:10Z,16,120,104,success,(ok u148219317491),ok,
2026-09-03T03:54:26Z,8906580,0x746a07bf1e4906dc2cac2c98dab3ef6f51d06dde77559f8a5fd3d38766241ac3,zest-v2,SP1A27KFY4XERQCCRCARCYD1CC5N7M6688BSYADJ7.v0-8-market,borrow,SP3A7MGAH0SKC1ACS854PHXHVWE031FYQCBA8M51D,2026-09-03T03:54:16Z,10,120,110,success,(ok true),ok,
2026-09-03T04:03:41Z,8906605,0xf02044ba18cf024e8913c41b35cac09e1d6c610bffde163fe0f29cca37d6f6e7,zest-v2,SP1A27KFY4XERQCCRCARCYD1CC5N7M6688BSYADJ7.v0-8-market,supply-collateral-add,SP1MZ5N6YCQ5BFHK4N9NFGXG2K4N53BQ0MFXAKAC1,2026-09-03T04:03:33Z,8,120,112,success,(ok u118575399433),ok,
2026-09-03T04:04:42Z,8906608,0x7393df5ed6478dd83cc53c8ef95a72667a10a2640121c1f2ece7f921a82a047f,zest-v2,SP1A27KFY4XERQCCRCARCYD1CC5N7M6688BSYADJ7.v0-8-market,borrow,SP1MZ5N6YCQ5BFHK4N9NFGXG2K4N53BQ0MFXAKAC1,2026-09-03T04:04:15Z,27,120,93,abort_by_post_condition,(err u400005),revert:non-oracle,
2026-09-03T04:05:27Z,8906611,0x61c2323b07033cb914137d16508cdf26bfe2f51bd0d53c3183407232e0025f70,zest-v2,SP1A27KFY4XERQCCRCARCYD1CC5N7M6688BSYADJ7.v0-8-market,borrow,SP1MZ5N6YCQ5BFHK4N9NFGXG2K4N53BQ0MFXAKAC1,2026-09-03T04:05:16Z,11,120,109,success,(ok true),ok,
2026-09-03T04:06:48Z,8906616,0xd4b47f9ed2e2dc527622b1c278e4f2f76916d57bcab46cea6234dd2be9ac8b7f,zest-v2,SP1A27KFY4XERQCCRCARCYD1CC5N7M6688BSYADJ7.v0-8-market,supply-collateral-add,SP1MZ5N6YCQ5BFHK4N9NFGXG2K4N53BQ0MFXAKAC1,2026-09-03T04:06:37Z,11,120,109,success,(ok u177863043275),ok,
2026-09-03T04:07:31Z,8906619,0x74f6198de90a551531d16577333ea32dede3998023fc0bbc5ab7da68b67f1cbc,zest-v2,SP1A27KFY4XERQCCRCARCYD1CC5N7M6688BSYADJ7.v0-8-market,borrow,SP1MZ5N6YCQ5BFHK4N9NFGXG2K4N53BQ0MFXAKAC1,2026-09-03T04:07:13Z,18,120,102,success,(ok true),ok,
2026-09-03T04:09:12Z,8906627,0xeba53f6d095653046921d6c6df55a4023f7b66eea163c5323ef3f4cbfdd68f93,zest-v2,SP1A27KFY4XERQCCRCARCYD1CC5N7M6688BSYADJ7.v0-8-market,supply-collateral-add,SP3A7MGAH0SKC1ACS854PHXHVWE031FYQCBA8M51D,2026-09-03T04:08:58Z,14,120,106,success,(ok u345844785940),ok,
2026-09-03T04:10:04Z,8906631,0xa42d3b57ef8d11f10ec6936b90c50a8664c843ac48bdee0926f0560ab5685f7e,zest-v2,SP1A27KFY4XERQCCRCARCYD1CC5N7M6688BSYADJ7.v0-8-market,borrow,SP3A7MGAH0SKC1ACS854PHXHVWE031FYQCBA8M51D,2026-09-03T04:09:41Z,23,120,97,success,(ok true),ok,
2026-09-03T04:11:04Z,8906634,0x31400ea7eb24e7cc0cca4f90401d8b379e869457d2e44a7ce21ee9205f41a298,zest-v2,SP1A27KFY4XERQCCRCARCYD1CC5N7M6688BSYADJ7.v0-8-market,supply-collateral-add,SP3TGF6BJZWPZMHVXAP6BT8D9V5JW6X4JDD8MPNTD,2026-09-03T04:10:45Z,19,120,101,success,(ok u118575384398),ok,
2026-09-03T04:11:22Z,8906635,0x5e84406eeebd07353cb14591326cfea2f3c835f4aca96cf8165c68991a8ea341,zest-v2,SP1A27KFY4XERQCCRCARCYD1CC5N7M6688BSYADJ7.v0-8-market,supply-collateral-add,SP1MZ5N6YCQ5BFHK4N9NFGXG2K4N53BQ0MFXAKAC1,2026-09-03T04:11:07Z,15,120,105,success,(ok u207506862104),ok,
2026-09-03T04:12:20Z,8906639,0x04bcf78282263773e8049593ee41cb189b75ad59d2fc6e226aacb0e3efd2307a,zest-v2,SP1A27KFY4XERQCCRCARCYD1CC5N7M6688BSYADJ7.v0-8-market,borrow,SP3TGF6BJZWPZMHVXAP6BT8D9V5JW6X4JDD8MPNTD,2026-09-03T04:12:01Z,19,120,101,success,(ok true),ok,
2026-09-03T04:12:20Z,8906639,0xf7f8e217e099b1849ce9d898e01e0f7e3cf5ef3cd639848fbf08de70b9a6d98e,zest-v2,SP1A27KFY4XERQCCRCARCYD1CC5N7M6688BSYADJ7.v0-8-market,borrow,SP1MZ5N6YCQ5BFHK4N9NFGXG2K4N53BQ0MFXAKAC1,2026-09-03T04:12:01Z,19,120,101,success,(ok true),ok,
2026-09-03T04:13:54Z,8906646,0x9914574b3f0eae9e16a98e546ee1eb2ae65a16e86aba5370ad968d71744ffe64,zest-v2,SP1A27KFY4XERQCCRCARCYD1CC5N7M6688BSYADJ7.v0-8-market,borrow,SP3A7MGAH0SKC1ACS854PHXHVWE031FYQCBA8M51D,2026-09-03T04:13:25Z,29,120,91,success,(ok true),ok,
2026-09-03T04:19:32Z,8906669,0xc91df11e9dddaf0917207411c04dd71aef93f4d366ad4b92acf13c7f9e665baf,zest-v2,SP1A27KFY4XERQCCRCARCYD1CC5N7M6688BSYADJ7.v0-8-market,borrow,SP3TGF6BJZWPZMHVXAP6BT8D9V5JW6X4JDD8MPNTD,2026-09-03T04:19:16Z,16,120,104,success,(ok true),ok,
2026-09-03T04:20:06Z,8906670,0x1c43c198cfad84f8811e4fef905913d3616b750a0a6385fe3eae45ce0441b565,zest-v2,SP1A27KFY4XERQCCRCARCYD1CC5N7M6688BSYADJ7.v0-8-market,supply-collateral-add,SP1MZ5N6YCQ5BFHK4N9NFGXG2K4N53BQ0MFXAKAC1,2026-09-03T04:19:33Z,33,120,87,success,(ok u237150675226),ok,
2026-09-03T04:20:58Z,8906672,0x121bcc531414d756a3d7bda715a62d2214498bf6fef0eacd92256c53c6727eb2,zest-v2,SP1A27KFY4XERQCCRCARCYD1CC5N7M6688BSYADJ7.v0-8-market,borrow,SP1MZ5N6YCQ5BFHK4N9NFGXG2K4N53BQ0MFXAKAC1,2026-09-03T04:20:44Z,14,120,106,success,(ok true),ok,
2026-09-03T04:24:02Z,8906682,0xf97a9f6ac01f1d36180d91596330985afe4b8931a7c2eefdc2254d76fec9dc3c,zest-v2,SP1A27KFY4XERQCCRCARCYD1CC5N7M6688BSYADJ7.v0-8-market,borrow,SP3TGF6BJZWPZMHVXAP6BT8D9V5JW6X4JDD8MPNTD,2026-09-03T04:23:07Z,55,120,65,success,(ok true),ok,
2026-09-03T04:28:42Z,8906699,0xe669389b8ab9f057434c21b16a18abb864322ea6f2c7bf00b61c6a1b7f37cbb6,zest-v2,SP1A27KFY4XERQCCRCARCYD1CC5N7M6688BSYADJ7.v0-8-market,supply-collateral-add,SP3XBCE7R73W9TPWSM3B1NYKHYY9P5K81HE0TWPRP,2026-09-03T04:28:03Z,39,120,81,success,(ok u9024544078),ok,
2026-09-03T04:30:51Z,8906705,0xa2e2c38f0fd2f19cce3655c1155eaa76f6e3608013f3a84a67ff2f6c3eb3647d,zest-v2,SP1A27KFY4XERQCCRCARCYD1CC5N7M6688BSYADJ7.v0-8-market,borrow,SP3XBCE7R73W9TPWSM3B1NYKHYY9P5K81HE0TWPRP,2026-09-03T04:30:07Z,44,120,76,success,(ok true),ok,
2026-09-03T04:35:15Z,8906725,0x688a61641f7988cf42e6ed5aa643cf60392c2bf44877e89f9f5b6c16bca36882,zest-v2,SP1A27KFY4XERQCCRCARCYD1CC5N7M6688BSYADJ7.v0-8-market,supply-collateral-add,SP3XBCE7R73W9TPWSM3B1NYKHYY9P5K81HE0TWPRP,2026-09-03T04:34:40Z,35,120,85,success,(ok u9404304070),ok,
2026-09-03T04:35:43Z,8906727,0x34ac96cfb3a1c0ee92d516d754c0fb31f12a75476a736bac5953542335bfe2b7,zest-v2,SP1A27KFY4XERQCCRCARCYD1CC5N7M6688BSYADJ7.v0-8-market,borrow,SP3TGF6BJZWPZMHVXAP6BT8D9V5JW6X4JDD8MPNTD,2026-09-03T04:35:19Z,24,120,96,success,(ok true),ok,
2026-09-03T04:40:03Z,8906751,0x0196b6ee3b017071508338e0f46f02dcb602556c174c1ebf20f758da293170f6,zest-v2,SP1A27KFY4XERQCCRCARCYD1CC5N7M6688BSYADJ7.v0-8-market,supply-collateral-add,SP2ZM1KNQNS96RM1MAJTZV7WE7F38GFGRND4E80DW,2026-09-03T04:39:45Z,18,120,102,success,(ok u153058029),ok,
2026-09-03T04:45:20Z,8906778,0x392a40aa36ee7219f2f2a6d06e408cf5fd0cf66221184ef78ca2fb1face9d089,zest-v2,SP1A27KFY4XERQCCRCARCYD1CC5N7M6688BSYADJ7.v0-8-market,collateral-remove-redeem,SP3A7MGAH0SKC1ACS854PHXHVWE031FYQCBA8M51D,2026-09-03T04:45:05Z,15,120,105,success,(ok u80000009026),ok,
2026-09-03T05:10:18Z,8906876,0x04afd6a96367fc27d3630a62a67921bb9c50a23e900bc580555ac763da23489a,zest-v2,SP1A27KFY4XERQCCRCARCYD1CC5N7M6688BSYADJ7.v0-8-market,collateral-remove-redeem,SP1MZ5N6YCQ5BFHK4N9NFGXG2K4N53BQ0MFXAKAC1,2026-09-03T05:10:09Z,9,120,111,success,(ok u69161907866),ok,
2026-09-03T05:18:58Z,8906908,0xd0d909b9e38e6c3a09f4b66442caaa7404680ced88287287d5bacadd44563f09,zest-v2,SP1A27KFY4XERQCCRCARCYD1CC5N7M6688BSYADJ7.v0-8-market,supply-collateral-add,SP2ZM1KNQNS96RM1MAJTZV7WE7F38GFGRND4E80DW,2026-09-03T05:17:57Z,61,120,59,success,(ok u153125381),ok,
2026-09-03T05:21:34Z,8906917,0x1091296fbe159ae31c82622ec5e9fb819fef43fac5137c71bffeb6a463d8213a,zest-v2,SP1A27KFY4XERQCCRCARCYD1CC5N7M6688BSYADJ7.v0-8-market,supply-collateral-add,SP2ZM1KNQNS96RM1MAJTZV7WE7F38GFGRND4E80DW,2026-09-03T05:21:14Z,20,120,100,success,(ok u153147496),ok,
2026-09-03T05:29:36Z,8906950,0xaa613e289e963518b5fccd008f6a13b268756db40970a4abf22757c09595e72d,zest-v2,SP1A27KFY4XERQCCRCARCYD1CC5N7M6688BSYADJ7.v0-8-market,collateral-remove-redeem,SP1MZ5N6YCQ5BFHK4N9NFGXG2K4N53BQ0MFXAKAC1,2026-09-03T05:28:52Z,44,120,76,abort_by_post_condition,(err u400015),oracle-revert:other,"ERR-ORACLE-MULTI (stale, monotonic race, confidence)"
2026-09-03T05:29:36Z,8906950,0xcbacd384b28bd2582a6cb3fff6a74b9235b7f13c37f772414843e35bdf671a3a,zest-v2,SP1A27KFY4XERQCCRCARCYD1CC5N7M6688BSYADJ7.v0-8-market,borrow,SP1G5F70FF2FT66PAQVDKQDHK14EKQS4SP6FRXGGK,2026-09-03T05:29:06Z,30,120,90,success,(ok true),ok,
2026-09-03T05:29:49Z,8906951,0xeb0ca3bd05d51105d37f57786a7f5c46318b65b0f9087c92f1c4b43d287c78d4,zest-v2,SP1A27KFY4XERQCCRCARCYD1CC5N7M6688BSYADJ7.v0-8-market,collateral-remove-redeem,SP3A7MGAH0SKC1ACS854PHXHVWE031FYQCBA8M51D,2026-09-03T05:29:26Z,23,120,97,success,(ok u80000009685),ok,
2026-09-03T05:30:40Z,8906954,0xc001e816d0cff14c44f1cedde31471e0dc004a1fd96bb2f7a87364cedc286898,zest-v2,SP1A27KFY4XERQCCRCARCYD1CC5N7M6688BSYADJ7.v0-8-market,collateral-remove-redeem,SP1MZ5N6YCQ5BFHK4N9NFGXG2K4N53BQ0MFXAKAC1,2026-09-03T05:30:18Z,22,120,98,success,(ok u113423020558),ok,
2026-09-03T05:31:16Z,8906957,0xc49c5c5e4da06dd144fc95229cf96bb3219434fcb5116453552414d6296a5f78,zest-v2,SP1A27KFY4XERQCCRCARCYD1CC5N7M6688BSYADJ7.v0-8-market,supply-collateral-add,SP1G5F70FF2FT66PAQVDKQDHK14EKQS4SP6FRXGGK,2026-09-03T05:30:49Z,27,120,93,success,(ok u49280403719),ok,
2026-09-03T05:32:20Z,8906963,0x36ccf7c4d9b9ea9eb459d9ed2a15d59ccc5d96fa3f0cd3316219e5d5b711841d,zest-v2,SP1A27KFY4XERQCCRCARCYD1CC5N7M6688BSYADJ7.v0-8-market,borrow,SP1G5F70FF2FT66PAQVDKQDHK14EKQS4SP6FRXGGK,2026-09-03T05:32:12Z,8,120,112,success,(ok true),ok,
2026-09-03T05:33:13Z,8906967,0x9b4841a86cbf111ccea461812c787a858492704ff42d4b37b599f9ea42f06a58,zest-v2,SP1A27KFY4XERQCCRCARCYD1CC5N7M6688BSYADJ7.v0-8-market,supply-collateral-add,SP1G5F70FF2FT66PAQVDKQDHK14EKQS4SP6FRXGGK,2026-09-03T05:33:00Z,13,120,107,success,(ok u50513624233),ok,
2026-09-03T06:14:20Z,8907182,0x2400f447ecd08b9ce902abfa040c9f7e2934a07fc6df4aa6f411e3ab6cc72627,zest-v2,SP1A27KFY4XERQCCRCARCYD1CC5N7M6688BSYADJ7.v0-8-market,collateral-remove-redeem,SP3A7MGAH0SKC1ACS854PHXHVWE031FYQCBA8M51D,2026-09-03T06:14:08Z,12,120,108,success,(ok u90000015762),ok,
2026-09-03T06:16:15Z,8907192,0x04dcf8dd0f3ee4ec6a3f8fb5135ce7fcfbe84fe296427a8f3f66dda0d3af6312,zest-v2,SP1A27KFY4XERQCCRCARCYD1CC5N7M6688BSYADJ7.v0-8-market,collateral-remove-redeem,SP3A7MGAH0SKC1ACS854PHXHVWE031FYQCBA8M51D,2026-09-03T06:16:09Z,6,120,114,success,(ok u100000933511),ok,
2026-09-03T06:16:50Z,8907196,0xb44b92e07454f467f5b54bb8f7b51545b91ce4e3e2e22acbf0bd717e0bbd910d,zest-v2,SP1A27KFY4XERQCCRCARCYD1CC5N7M6688BSYADJ7.v0-8-market,collateral-remove-redeem,SP1MZ5N6YCQ5BFHK4N9NFGXG2K4N53BQ0MFXAKAC1,2026-09-03T06:16:44Z,6,120,114,success,(ok u57415650510),ok,
2026-09-03T06:56:42Z,8907419,0xf59ff9f4f132fc226297a17b6ad88dcaef76ed9646f21ae5684bd5da41983eae,zest-v2,SP1A27KFY4XERQCCRCARCYD1CC5N7M6688BSYADJ7.v0-8-market,collateral-remove-redeem,SP3TGF6BJZWPZMHVXAP6BT8D9V5JW6X4JDD8MPNTD,2026-09-03T06:56:28Z,14,120,106,success,(ok u120000569362),ok,
2026-09-03T09:05:42Z,8908063,0x14b1441b15e559a4871ad088d30c005bc790e6dd8c1b6c46a48b1d6f898ddedf,zest-v2,SP1A27KFY4XERQCCRCARCYD1CC5N7M6688BSYADJ7.v0-8-market,collateral-remove-redeem,SP3XBCE7R73W9TPWSM3B1NYKHYY9P5K81HE0TWPRP,2026-09-03T09:05:00Z,42,120,78,success,(ok u2070000738),ok,
2026-09-03T09:32:05Z,8908225,0x5fc0039269c8693038d5dfadb34ee8779ad509d3750e72dfe84e3680ae385f0b,zest-v2,SP1A27KFY4XERQCCRCARCYD1CC5N7M6688BSYADJ7.v0-8-market,supply-collateral-add,SP14YFFWP15FJCYRFY6Z0JN71QMMXZYS4CY25HVR2,2026-09-03T09:31:28Z,37,120,83,success,(ok u322286372),ok,
2026-09-03T09:33:06Z,8908230,0x6253b2f514f766fa190d57b4dbfda26980d084bbfe4bcbbf9a509344509f9d39,zest-v2,SP1A27KFY4XERQCCRCARCYD1CC5N7M6688BSYADJ7.v0-8-market,borrow,SP14YFFWP15FJCYRFY6Z0JN71QMMXZYS4CY25HVR2,2026-09-03T09:32:42Z,24,120,96,success,(ok true),ok,
2026-09-03T09:34:48Z,8908240,0x19d27b5bc233f33053c2f839eec7ca06def6b3be782ae8e1eaffcfa2c4e459ea,zest-v2,SP1A27KFY4XERQCCRCARCYD1CC5N7M6688BSYADJ7.v0-8-market,borrow,SPWH7ERBH90XFXQWXV1E5HVSMGBPGF8A8T5BYNBW,2026-09-03T09:34:21Z,27,120,93,success,(ok true),ok,
2026-09-03T09:38:30Z,8908258,0x2b9f24a730902785f2ee9dd7283b3daab984a6165e45b786480b91cdd952cc39,zest-v2,SP1A27KFY4XERQCCRCARCYD1CC5N7M6688BSYADJ7.v0-8-market,supply-collateral-add,SPWH7ERBH90XFXQWXV1E5HVSMGBPGF8A8T5BYNBW,2026-09-03T09:38:01Z,29,120,91,success,(ok u107699914),ok,
2026-09-03T09:39:32Z,8908263,0x6c42ff6a2737a2d95c95f6fce2142036cf465568ea1af15055e708a97386b4f4,zest-v2,SP1A27KFY4XERQCCRCARCYD1CC5N7M6688BSYADJ7.v0-8-market,borrow,SPWH7ERBH90XFXQWXV1E5HVSMGBPGF8A8T5BYNBW,2026-09-03T09:39:05Z,27,120,93,success,(ok true),ok,
2026-09-03T10:00:25Z,8908364,0x2e169ffda029ff0b973e4e1dd279005d8f8d76112b49f6eb0b4f626f67d41125,zest-v2,SP1A27KFY4XERQCCRCARCYD1CC5N7M6688BSYADJ7.v0-8-market,borrow,SP25SJZ2KDZMZY4MJNE9QNP41XRKKFWXYHN82SZSN,2026-09-03T09:59:24Z,61,120,59,success,(ok true),ok,
2026-09-03T10:06:45Z,8908390,0xc192db4b92321ff06e4d4bf2415ebbc2d20afccdd10f3497efbad8163ddf2b59,zest-v2,SP1A27KFY4XERQCCRCARCYD1CC5N7M6688BSYADJ7.v0-8-market,borrow,SP2WH24ZBG0956J91J7J5W54NB51K2MYE8YVM4JVS,2026-09-03T10:05:36Z,69,120,51,success,(ok true),ok,
2026-09-03T10:25:13Z,8908479,0xc90d308b3ca17cbb84a4d7c4dd042bdf0e060810f6a6e142e882bef51723896b,zest-v2,SP1A27KFY4XERQCCRCARCYD1CC5N7M6688BSYADJ7.v0-8-market,collateral-remove,SP2VRJFZD62SB6GE7DSDJ1Z0M6SXJX7JNHSQ6Q187,2026-09-03T10:25:01Z,12,120,108,success,(ok u0),ok,
2026-09-03T10:25:49Z,8908482,0x778aa87c5a0dcd964be2930668225d944e54abfbdaa3f08488963a3562c7ff47,zest-v2,SP1A27KFY4XERQCCRCARCYD1CC5N7M6688BSYADJ7.v0-8-market,collateral-add,SP2VRJFZD62SB6GE7DSDJ1Z0M6SXJX7JNHSQ6Q187,2026-09-03T10:25:35Z,14,120,106,success,(ok u186225),ok,
2026-09-03T10:44:41Z,8908564,0x2db397d8cbc007dc2d0e634ebc6527ec8601b666a7e5168b9945297be1e05a49,zest-v2,SP1A27KFY4XERQCCRCARCYD1CC5N7M6688BSYADJ7.v0-8-market,supply-collateral-add,SP1MZ5N6YCQ5BFHK4N9NFGXG2K4N53BQ0MFXAKAC1,2026-09-03T10:44:29Z,12,120,108,success,(ok u19957555219),ok,
2026-09-03T10:45:20Z,8908567,0xb8445ec139dc9b4b42b90d896821242c1a7ff34d54d9d47828a17bc94af547ca,zest-v2,SP1A27KFY4XERQCCRCARCYD1CC5N7M6688BSYADJ7.v0-8-market,borrow,SP1MZ5N6YCQ5BFHK4N9NFGXG2K4N53BQ0MFXAKAC1,2026-09-03T10:45:13Z,7,120,113,success,(ok true),ok,
2026-09-03T11:32:03Z,8908796,0xc250e4b54227ce481bbced20dd54a38993b1326b710450e2d2ef93cf7cfcea6b,zest-v2,SP1A27KFY4XERQCCRCARCYD1CC5N7M6688BSYADJ7.v0-8-market,supply-collateral-add,SP25DP4A9QDM42KC40EXTYQPMQCT1P0R5243GWEGS,2026-09-03T11:31:24Z,39,120,81,success,(ok u622183351),ok,
2026-09-03T11:36:55Z,8908821,0x5f46ccf9e606d06254565d1d1a592f42cc9b1a05e7fb6239dba4e68596b0fa15,zest-v2,SP1A27KFY4XERQCCRCARCYD1CC5N7M6688BSYADJ7.v0-8-market,collateral-remove-redeem,SP1BQZ7QBWMRCYYFB51F5SGH2NJJ33R3BJQA71AQ0,2026-09-03T11:36:11Z,44,120,76,success,(ok u2000),ok,
2026-09-03T12:03:29Z,8908974,0xef304c9dff910a82d4f7206f6bfaa085550067fdcac83eaee8b4b38d0210fb77,zest-v2,SP1A27KFY4XERQCCRCARCYD1CC5N7M6688BSYADJ7.v0-8-market,supply-collateral-add,SP22H4KA8XSCKTT39J8JJSJ8MYMGJW1WV21X3634C,2026-09-03T12:03:23Z,6,120,114,success,(ok u1260952),ok,
2026-09-03T12:11:03Z,8909023,0x6f15de1bab1e2306173d149da1f5eb86e040cddcda6b098dc693ee1f19c4bc73,zest-v2,SP1A27KFY4XERQCCRCARCYD1CC5N7M6688BSYADJ7.v0-8-market,supply-collateral-add,SP2ZM1KNQNS96RM1MAJTZV7WE7F38GFGRND4E80DW,2026-09-03T12:10:43Z,20,120,100,success,(ok u153201930),ok,
2026-09-03T12:33:32Z,8909161,0xa903a7413fcd9dca70cb44237076cad809f16dc193e15f7565e70f4b6b338864,zest-v2,SP1A27KFY4XERQCCRCARCYD1CC5N7M6688BSYADJ7.v0-8-market,supply-collateral-add,SP1BQZ7QBWMRCYYFB51F5SGH2NJJ33R3BJQA71AQ0,2026-09-03T12:32:51Z,41,120,79,success,(ok u1434),ok,
2026-09-03T12:35:04Z,8909166,0xd47ddddc2c32d6574966bff8ede60d23e2ebd4a3e2b50485b7d369d555557e2c,zest-v2,SP1A27KFY4XERQCCRCARCYD1CC5N7M6688BSYADJ7.v0-8-market,collateral-remove-redeem,SP1BQZ7QBWMRCYYFB51F5SGH2NJJ33R3BJQA71AQ0,2026-09-03T12:34:13Z,51,120,69,success,(ok u1434),ok,
2026-09-03T12:36:30Z,8909173,0x6f8e222506e9c0fab4f43dc3f073cec53e98a433ea7aebb944d7804ca3833be9,zest-v2,SP1A27KFY4XERQCCRCARCYD1CC5N7M6688BSYADJ7.v0-8-market,supply-collateral-add,SP1BQZ7QBWMRCYYFB51F5SGH2NJJ33R3BJQA71AQ0,2026-09-03T12:36:18Z,12,120,108,success,(ok u1434),ok,
2026-09-03T12:37:37Z,8909177,0x5904e5ca809102f8dbed826bc124074d908e7b4d88ef125e04aaeb2a37f2e3ad,zest-v2,SP1A27KFY4XERQCCRCARCYD1CC5N7M6688BSYADJ7.v0-8-market,borrow,SP2ZM1KNQNS96RM1MAJTZV7WE7F38GFGRND4E80DW,2026-09-03T12:36:46Z,51,120,69,success,(ok true),ok,
2026-09-03T12:38:37Z,8909181,0x77e85aad1dbb1879b20581f504ce7e9134c8d527b4dca0d8e1bd0fad505e190d,zest-v2,SP1A27KFY4XERQCCRCARCYD1CC5N7M6688BSYADJ7.v0-8-market,supply-collateral-add,SP2ZM1KNQNS96RM1MAJTZV7WE7F38GFGRND4E80DW,2026-09-03T12:38:19Z,18,120,102,success,(ok u153223756),ok,
2026-09-03T12:45:49Z,8909214,0xd496836c8641a57a75891c7a8875befdedde54325ff8575c50112a002f143da7,zest-v2,SP1A27KFY4XERQCCRCARCYD1CC5N7M6688BSYADJ7.v0-8-market,supply-collateral-add,SP1BQZ7QBWMRCYYFB51F5SGH2NJJ33R3BJQA71AQ0,2026-09-03T12:45:27Z,22,120,98,success,(ok u2151),ok,
2026-09-03T13:05:46Z,8909308,0x5a2633ef05fbdda7fb87cafae039283638d6d2d442f110742860bf5ec9e06687,zest-v2,SP1A27KFY4XERQCCRCARCYD1CC5N7M6688BSYADJ7.v0-8-market,supply-collateral-add,SP2ZM1KNQNS96RM1MAJTZV7WE7F38GFGRND4E80DW,2026-09-03T13:05:20Z,26,120,94,success,(ok u153420469),ok,
2026-09-03T13:11:51Z,8909341,0x0aef3a7ccd43284fc946638c2366da4dda5d438b9a0e6abc3c0700c692b8c63f,zest-v2,SP1A27KFY4XERQCCRCARCYD1CC5N7M6688BSYADJ7.v0-8-market,borrow,SP1BQZ7QBWMRCYYFB51F5SGH2NJJ33R3BJQA71AQ0,2026-09-03T13:11:15Z,36,120,84,success,(ok true),ok,
2026-09-03T13:14:08Z,8909350,0x707278e28ca83b713c69efaba10dfece8c2021149e70adfeec04b95aae534b5c,zest-v2,SP1A27KFY4XERQCCRCARCYD1CC5N7M6688BSYADJ7.v0-8-market,borrow,SP1BQZ7QBWMRCYYFB51F5SGH2NJJ33R3BJQA71AQ0,2026-09-03T13:13:47Z,21,120,99,success,(ok true),ok,
2026-09-03T13:48:21Z,8909528,0x31dac5736739da372b0343ef486e0a2e66bfe94f40490c1cd2e399014019d07b,zest-v2,SP1A27KFY4XERQCCRCARCYD1CC5N7M6688BSYADJ7.v0-8-market,borrow,SP3KPRN53ZGD45B3WRTDMZZEHBJSFQ8AKN9RE6FKS,2026-09-03T13:47:48Z,33,120,87,success,(ok true),ok,
2026-09-03T13:51:35Z,8909543,0xb9551264eec7199e92f31a128b732fe54c4aa45f9a55d496f1de040cdf60a189,zest-v2,SP1A27KFY4XERQCCRCARCYD1CC5N7M6688BSYADJ7.v0-8-market,supply-collateral-add,SP2ZM1KNQNS96RM1MAJTZV7WE7F38GFGRND4E80DW,2026-09-03T13:51:10Z,25,120,95,success,(ok u153474743),ok,
2026-09-03T14:21:52Z,8909682,0xf5b6810081681a966852049111e3dc795d2cb55fdb2acd027dbdc455c9b8e894,zest-v2,SP1A27KFY4XERQCCRCARCYD1CC5N7M6688BSYADJ7.v0-8-market,borrow,SP2WH24ZBG0956J91J7J5W54NB51K2MYE8YVM4JVS,2026-09-03T14:21:39Z,13,120,107,success,(ok true),ok,
2026-09-03T14:23:32Z,8909688,0xcfef024c0cc956df93696b19644ba079bd7a88f7a41408944f1f8267811d68b5,zest-v2,SP1A27KFY4XERQCCRCARCYD1CC5N7M6688BSYADJ7.v0-8-market,supply-collateral-add,SP2ZM1KNQNS96RM1MAJTZV7WE7F38GFGRND4E80DW,2026-09-03T14:23:08Z,24,120,96,success,(ok u153512065),ok,
2026-09-03T14:31:51Z,8909721,0x158ffdc4e7ac55424ad655e807d3c82c38137cde4bf858251c9188d28f0277e9,zest-v2,SP1A27KFY4XERQCCRCARCYD1CC5N7M6688BSYADJ7.v0-8-market,supply-collateral-add,SP2ZM1KNQNS96RM1MAJTZV7WE7F38GFGRND4E80DW,2026-09-03T14:31:14Z,37,120,83,success,(ok u153529673),ok,
2026-09-03T14:36:50Z,8909738,0xea0600d1e9da0b32b1c139c266c911d7218927cca62a56a567592a11e045459f,zest-v2,SP1A27KFY4XERQCCRCARCYD1CC5N7M6688BSYADJ7.v0-8-market,supply-collateral-add,SP2ZM1KNQNS96RM1MAJTZV7WE7F38GFGRND4E80DW,2026-09-03T14:35:53Z,57,120,63,success,(ok u153625346),ok,
2026-09-03T14:37:01Z,8909739,0x8937d42f0e7c82beab7cfcc714d55d28249d4ae490f966daf2e48d76fe943998,zest-v2,SP1A27KFY4XERQCCRCARCYD1CC5N7M6688BSYADJ7.v0-8-market,collateral-remove-redeem,SP1MZ5N6YCQ5BFHK4N9NFGXG2K4N53BQ0MFXAKAC1,2026-09-03T14:36:52Z,9,120,111,success,(ok u20000067668),ok,
2026-09-03T14:47:55Z,8909790,0x383dde42c1692c3a57381561ae16bdf9bcbc25fede481f37cd3ad98c7c6d715b,zest-v2,SP1A27KFY4XERQCCRCARCYD1CC5N7M6688BSYADJ7.v0-8-market,borrow,SP3XBCE7R73W9TPWSM3B1NYKHYY9P5K81HE0TWPRP,2026-09-03T14:46:54Z,61,120,59,success,(ok true),ok,
2026-09-03T14:50:43Z,8909803,0xaba18d5a8acfe80ba9b1b527720ec0ff45a8a12f9209c279a5baecd05bc55640,zest-v2,SP1A27KFY4XERQCCRCARCYD1CC5N7M6688BSYADJ7.v0-8-market,supply-collateral-add,SP3XBCE7R73W9TPWSM3B1NYKHYY9P5K81HE0TWPRP,2026-09-03T14:50:11Z,32,120,88,success,(ok u8944593291),ok,
2026-09-03T15:06:41Z,8909869,0xe4e6384b4cdc1c4a9866299450b7dbe8904b162a4d208cbb05f2469d6a7d54b7,zest-v2,SP1A27KFY4XERQCCRCARCYD1CC5N7M6688BSYADJ7.v0-8-market,borrow,SP7GR8SS1739C66D58NRC8N0DDZ9FXZ5Q7RWZW8Q,2026-09-03T15:06:24Z,17,120,103,success,(ok true),ok,
2026-09-03T15:26:53Z,8909971,0xde22e7bf6f658644129b3eada177076cc7e751c66e1acfd0060bbf188032b2d1,zest-v2,SP1A27KFY4XERQCCRCARCYD1CC5N7M6688BSYADJ7.v0-8-market,supply-collateral-add,SP2ZM1KNQNS96RM1MAJTZV7WE7F38GFGRND4E80DW,2026-09-03T15:26:26Z,27,120,93,success,(ok u153654120),ok,
2026-09-03T15:52:32Z,8910077,0x1492a4617bcde0ac1465d8fae500dbccc21ddf84aa4752bf535804c9193761ee,zest-v2,SP1A27KFY4XERQCCRCARCYD1CC5N7M6688BSYADJ7.v0-8-market,collateral-remove-redeem,SPW7YD7KERH17N8900ZVMC2641KEM3N5PQZBPAZM,2026-09-03T15:52:01Z,31,120,89,success,(ok u1999999),ok,
2026-09-03T16:16:23Z,8910181,0x3f10ccc9b5d4a636a0a46179d92d6037ef980fd525d5771cc73f957851f812cd,zest-v1,SP2VCQJGH7PHP2DJK7Z0V48AGBHQAW3R3ZW1QF4N.borrow-helper-v2-1-8,liquidation-call,SPP6CG3E4VKDGC1NW7AQMMHCD6053152X9DNT12C,2026-09-03T16:15:57Z,26,360,334,abort_by_response,(err u90000),revert:non-oracle,
2026-09-03T16:20:19Z,8910195,0xe5c843ce8c4c5e26094107c37dedc5dfaea546bd8ab48a4543eab838208b8f25,zest-v1,SP2VCQJGH7PHP2DJK7Z0V48AGBHQAW3R3ZW1QF4N.borrow-helper-v2-1-8,liquidation-call,SPP6CG3E4VKDGC1NW7AQMMHCD6053152X9DNT12C,2026-09-03T16:20:03Z,16,360,344,abort_by_response,(err u90000),revert:non-oracle,
2026-09-03T16:24:53Z,8910213,0xf021172e60a88dcefbe8431e9477048d5bc32944d1dbfde9a4fd9c915341a6e7,zest-v2,SP1A27KFY4XERQCCRCARCYD1CC5N7M6688BSYADJ7.v0-8-market,borrow,SP2ZM1KNQNS96RM1MAJTZV7WE7F38GFGRND4E80DW,2026-09-03T16:23:48Z,65,120,55,success,(ok true),ok,
2026-09-03T16:34:09Z,8910249,0xe310e3cf52f9e6382088463cbb5f09ac8497f24481b04ad65c8e7b2e2d947e46,zest-v2,SP1A27KFY4XERQCCRCARCYD1CC5N7M6688BSYADJ7.v0-8-market,collateral-remove-redeem,SPYR85QEKH9M8DRD04CE36AWGR4JH4C0RYT92WH0,2026-09-03T16:33:56Z,13,120,107,success,(ok u213063),ok,
2026-09-03T16:36:26Z,8910257,0xd08159d73c4588562ee5659f17ccf54898b296c192ac79b98f5b747380c4849a,zest-v2,SP1A27KFY4XERQCCRCARCYD1CC5N7M6688BSYADJ7.v0-8-market,supply-collateral-add,SPYR85QEKH9M8DRD04CE36AWGR4JH4C0RYT92WH0,2026-09-03T16:36:18Z,8,120,112,success,(ok u45115330),ok,
2026-09-03T16:55:55Z,8910345,0xfebd3dfb7186e0eae241c8a6a8d43016fd14e1873441d07645a0c00c475a8973,zest-v1,SP2VCQJGH7PHP2DJK7Z0V48AGBHQAW3R3ZW1QF4N.borrow-helper-v2-1-8,liquidation-call,SPP6CG3E4VKDGC1NW7AQMMHCD6053152X9DNT12C,2026-09-03T16:55:50Z,5,360,355,abort_by_response,(err u90000),revert:non-oracle,
2026-09-03T16:57:09Z,8910349,0x5ee2462658bdc54b570edb766915bb8c1bfa3ab9b9651fc6ee40e05b14f4d98a,zest-v1,SP2VCQJGH7PHP2DJK7Z0V48AGBHQAW3R3ZW1QF4N.borrow-helper-v2-1-8,liquidation-call,SPP6CG3E4VKDGC1NW7AQMMHCD6053152X9DNT12C,2026-09-03T16:55:50Z,79,360,281,abort_by_response,(err u90000),revert:non-oracle,
2026-09-03T16:57:09Z,8910349,0xb4ac91e2150bd6da4e6da5197dfe1739521c993a196874e367143ac9c1450ae0,zest-v1,SP2VCQJGH7PHP2DJK7Z0V48AGBHQAW3R3ZW1QF4N.borrow-helper-v2-1-8,liquidation-call,SPP6CG3E4VKDGC1NW7AQMMHCD6053152X9DNT12C,2026-09-03T16:55:50Z,79,360,281,abort_by_response,(err u90000),revert:non-oracle,
2026-09-03T17:53:33Z,8910648,0x5b7ab0cf3e755171a7b387d3482fe2491b34322dffe477ac4437412b1550bdd3,zest-v2,SP1A27KFY4XERQCCRCARCYD1CC5N7M6688BSYADJ7.v0-8-market,borrow,SP3XBCE7R73W9TPWSM3B1NYKHYY9P5K81HE0TWPRP,2026-09-03T17:52:51Z,42,120,78,success,(ok true),ok,
2026-09-03T17:56:36Z,8910665,0x3392e63c5550e877fb090b34578dab65c0c8401c89b410cf32cbc85c08e7637f,zest-v2,SP1A27KFY4XERQCCRCARCYD1CC5N7M6688BSYADJ7.v0-8-market,supply-collateral-add,SP3XBCE7R73W9TPWSM3B1NYKHYY9P5K81HE0TWPRP,2026-09-03T17:56:04Z,32,120,88,success,(ok u9364327571),ok,
2026-09-03T18:06:55Z,8910724,0x58aa1cccd940b6f197c7a48dc0cdda003bb24e39294ed348c54dce59b98dfb86,zest-v2,SP1A27KFY4XERQCCRCARCYD1CC5N7M6688BSYADJ7.v0-8-market,collateral-remove-redeem,SP2CCCQP1WN3FG67K3V4S85JG9SRZN2KKRJ3M3GNG,2026-09-03T18:06:09Z,46,120,74,success,(ok u100000000),ok,
2026-09-03T18:30:44Z,8910829,0xf72a95398ef4296f30e9f9b8c3a6f1e8fc2221048479c78376e15058079c4a80,zest-v2,SP1A27KFY4XERQCCRCARCYD1CC5N7M6688BSYADJ7.v0-8-market,borrow,SP2410YCCWEFF99XHCNGSBDC60WBWXFC8B5433C56,2026-09-03T18:30:35Z,9,120,111,success,(ok true),ok,
2026-09-03T18:32:38Z,8910841,0xc349d93ae28b83ab06660d37b26e0438bc5aa681214908b7e682a929b8e4ac34,zest-v2,SP1A27KFY4XERQCCRCARCYD1CC5N7M6688BSYADJ7.v0-8-market,supply-collateral-add,SP2410YCCWEFF99XHCNGSBDC60WBWXFC8B5433C56,2026-09-03T18:32:30Z,8,120,112,success,(ok u12004166723),ok,
2026-09-03T18:33:35Z,8910846,0xf4776e964b5e85451ba0f86553b25051a1e7e2d7ad8c1c0ece8f1c1ac9403668,zest-v2,SP1A27KFY4XERQCCRCARCYD1CC5N7M6688BSYADJ7.v0-8-market,borrow,SP2410YCCWEFF99XHCNGSBDC60WBWXFC8B5433C56,2026-09-03T18:33:21Z,14,120,106,success,(ok true),ok,
2026-09-03T18:35:36Z,8910857,0xa0cc4f815e331eafaa632083c4df8d7a744f38c1ce236c6984cc79cb8fbe5f1b,zest-v2,SP1A27KFY4XERQCCRCARCYD1CC5N7M6688BSYADJ7.v0-8-market,supply-collateral-add,SP2410YCCWEFF99XHCNGSBDC60WBWXFC8B5433C56,2026-09-03T18:35:25Z,11,120,109,success,(ok u15820737828),ok,
2026-09-03T18:36:50Z,8910864,0xf0a98afb3b5611e710d178a32239b870ce60c9e98980d98b451fdda171c99818,zest-v2,SP1A27KFY4XERQCCRCARCYD1CC5N7M6688BSYADJ7.v0-8-market,borrow,SP2410YCCWEFF99XHCNGSBDC60WBWXFC8B5433C56,2026-09-03T18:36:43Z,7,120,113,success,(ok true),ok,
2026-09-03T18:38:37Z,8910874,0x089fd64cb47435bd7bcf460c39e96149013f0587d30816b5df8ccb151fa621d0,zest-v2,SP1A27KFY4XERQCCRCARCYD1CC5N7M6688BSYADJ7.v0-8-market,supply-collateral-add,SP2410YCCWEFF99XHCNGSBDC60WBWXFC8B5433C56,2026-09-03T18:38:24Z,13,120,107,success,(ok u18974297616),ok,
2026-09-03T18:43:36Z,8910903,0xf4b2ee7d58dc219b90314bcacaf7c89c88777f64d24d1d7eb0f0d6053ca498f1,zest-v2,SP1A27KFY4XERQCCRCARCYD1CC5N7M6688BSYADJ7.v0-8-market,borrow,SP32EJ990ZD2KY666E8FT76N3M3AVDDCH2T1ET8WB,2026-09-03T18:43:25Z,11,120,109,success,(ok true),ok,
2026-09-03T18:46:10Z,8910917,0x17cc49ce2b310166e27547cf555dae30a8264c174307b2aaa4c8fca215f3539f,zest-v2,SP1A27KFY4XERQCCRCARCYD1CC5N7M6688BSYADJ7.v0-8-market,supply-collateral-add,SP32EJ990ZD2KY666E8FT76N3M3AVDDCH2T1ET8WB,2026-09-03T18:45:58Z,12,120,108,success,(ok u1726598650),ok,
2026-09-03T18:57:39Z,8910973,0x93e79571bdc2f08adfa16030175e5f6d783f420fde7fc6abbdc4cb4092c983e5,zest-v2,SP1A27KFY4XERQCCRCARCYD1CC5N7M6688BSYADJ7.v0-8-market,supply-collateral-add,SPJPXWG2NGCP9T47BAX6F9EC91VWH4QZ209H6ZGN,2026-09-03T18:57:35Z,4,120,116,success,(ok u8437329),ok,
2026-09-03T19:11:47Z,8911028,0xd8856325836467f8a9e3714fe993d5e88d397762b19940d57dee48e0cfa17401,zest-v2,SP1A27KFY4XERQCCRCARCYD1CC5N7M6688BSYADJ7.v0-8-market,collateral-remove-redeem,SP19XT66MMJ80ZXYT371T364PP910E0KA5GE9X4T4,2026-09-03T19:11:31Z,16,120,104,success,(ok u2255327),ok,
2026-09-03T19:26:20Z,8911103,0x4329779ba2ac4cb53af78092047af1eef8159641914ff1a7f6ae74d05d2d5b0e,zest-v2,SP1A27KFY4XERQCCRCARCYD1CC5N7M6688BSYADJ7.v0-8-market,borrow,SP1V28Y1H88HFNZZFG1715X99S7P74ARXEAFJHYNN,2026-09-03T19:25:58Z,22,120,98,success,(ok true),ok,
2026-09-03T20:13:55Z,8911335,0xfea345bd1613c7f57eeadb668afbcc9a02651884eca5566ed3a2f19b69853f7b,zest-v2,SP1A27KFY4XERQCCRCARCYD1CC5N7M6688BSYADJ7.v0-8-market,collateral-remove-redeem,SP919TMG926VPZFC380XNMZPXGDXWWDQXGTCNM49,2026-09-03T20:13:20Z,35,120,85,success,(ok u150178302),ok,
2026-09-03T20:22:26Z,8911374,0x66c08ddc00c3e9572c4d30d814dd668d85bc30eb00a62cadf1f4694ff0863384,zest-v2,SP1A27KFY4XERQCCRCARCYD1CC5N7M6688BSYADJ7.v0-8-market,supply-collateral-add,SP919TMG926VPZFC380XNMZPXGDXWWDQXGTCNM49,2026-09-03T20:22:09Z,17,120,103,success,(ok u150002301),ok,
2026-09-03T20:32:54Z,8911420,0x996404d6184dcfeb9b91919257c19c3506e2d4b9ccd8d9d918964024dd98547e,zest-v2,SP1A27KFY4XERQCCRCARCYD1CC5N7M6688BSYADJ7.v0-8-market,borrow,SPTWWMRF4ECHHJV8RSJF3057DNBFQCEMJH1DGTF,2026-09-03T20:32:28Z,26,120,94,success,(ok true),ok,
2026-09-03T20:38:07Z,8911442,0x9f2c3d0cc9b3d4f2e3f0e76a825350ce0a0ec412cce14e384622ce5ba041c4b4,zest-v2,SP1A27KFY4XERQCCRCARCYD1CC5N7M6688BSYADJ7.v0-8-market,supply-collateral-add,SPTWWMRF4ECHHJV8RSJF3057DNBFQCEMJH1DGTF,2026-09-03T20:37:29Z,38,120,82,success,(ok u23730306451),ok,
2026-09-03T20:56:11Z,8911544,0x774e00e54c6d7e0dd2552d28f4e7b19cce8157ca8345d1a74466b7f0016f8dec,zest-v2,SP1A27KFY4XERQCCRCARCYD1CC5N7M6688BSYADJ7.v0-8-market,supply-collateral-add,SP2FAFHWZAB8MRKDRDACVQSZVQ4BVF7K6DBCDBR2P,2026-09-03T20:55:52Z,19,120,101,success,(ok u45117974),ok,
2026-09-03T20:57:43Z,8911554,0xb59d9770aaf1ab9ea94d291369e763772e126e59a537428a89d6635ae6317543,zest-v2,SP1A27KFY4XERQCCRCARCYD1CC5N7M6688BSYADJ7.v0-8-market,collateral-remove-redeem,SP36RBBMH2KTHE9KW799S7FAVSXW3CHP7HRY4H59E,2026-09-03T20:57:03Z,40,120,80,success,(ok u1368543),ok,
2026-09-03T20:57:43Z,8911554,0xcd45031e5c59bccb2a7e92629c728dd21e1bf579a8f8341ead08509df8882d5c,zest-v2,SP1A27KFY4XERQCCRCARCYD1CC5N7M6688BSYADJ7.v0-8-market,borrow,SP2FAFHWZAB8MRKDRDACVQSZVQ4BVF7K6DBCDBR2P,2026-09-03T20:57:34Z,9,120,111,success,(ok true),ok,
2026-09-03T21:00:58Z,8911572,0xa2f3065c6fb319419ec5ac80db9f68131435acbc8a0042e31a4b10782054275b,zest-v2,SP1A27KFY4XERQCCRCARCYD1CC5N7M6688BSYADJ7.v0-8-market,borrow,SP1S9V348SY2H77AH4B008KX0K2GPW2EGEW29847M,2026-09-03T21:00:38Z,20,120,100,success,(ok true),ok,
2026-09-03T21:02:32Z,8911582,0xd06864ccfc793cd326aed68a7227720b73209cdf65947cb2bb869434e743c0c8,zest-v2,SP1A27KFY4XERQCCRCARCYD1CC5N7M6688BSYADJ7.v0-8-market,supply-collateral-add,SP36RBBMH2KTHE9KW799S7FAVSXW3CHP7HRY4H59E,2026-09-03T21:02:07Z,25,120,95,success,(ok u2265766),ok,
2026-09-03T21:03:08Z,8911585,0xa9b9bd2116c6ee4d8f59c9a49bf7f5063aec1f06f02dbc72ab0f437ecc58a0f0,zest-v2,SP1A27KFY4XERQCCRCARCYD1CC5N7M6688BSYADJ7.v0-8-market,borrow,SP1S9V348SY2H77AH4B008KX0K2GPW2EGEW29847M,2026-09-03T21:02:59Z,9,120,111,success,(ok true),ok,
2026-09-03T21:06:22Z,8911603,0x6273f5f8abcd0aa2cf8d4306bdd1e0ae02cb5f8c0c00be3354299e1e66231bc1,zest-v2,SP1A27KFY4XERQCCRCARCYD1CC5N7M6688BSYADJ7.v0-8-market,collateral-remove-redeem,SP36RBBMH2KTHE9KW799S7FAVSXW3CHP7HRY4H59E,2026-09-03T21:05:28Z,54,120,66,success,(ok u2265766),ok,
2026-09-03T21:09:51Z,8911619,0x33b731706e0ab87a32b63fce51190f2c5e5615227cdd71ee12feedcf8681021f,zest-v2,SP1A27KFY4XERQCCRCARCYD1CC5N7M6688BSYADJ7.v0-8-market,supply-collateral-add,SP1S9V348SY2H77AH4B008KX0K2GPW2EGEW29847M,2026-09-03T21:09:40Z,11,120,109,success,(ok u7830512574),ok,
2026-09-03T22:02:46Z,8911863,0x2485aac4e5b225d57e00fbbb8e4ab94f5a407bf457fc96132ebbfd82e0f92478,zest-v1,SP2VCQJGH7PHP2DJK7Z0V48AGBHQAW3R3ZW1QF4N.borrow-helper-v2-1-8,liquidation-call,SPP6CG3E4VKDGC1NW7AQMMHCD6053152X9DNT12C,2026-09-03T22:02:31Z,15,360,345,abort_by_response,(err u90000),revert:non-oracle,
2026-09-03T22:02:46Z,8911863,0xad9bda7e44b7c0c51333904272153e97d0f5b5954759a01120cf6f24f802baa1,zest-v1,SP2VCQJGH7PHP2DJK7Z0V48AGBHQAW3R3ZW1QF4N.borrow-helper-v2-1-8,liquidation-call,SPP6CG3E4VKDGC1NW7AQMMHCD6053152X9DNT12C,2026-09-03T22:02:31Z,15,360,345,abort_by_response,(err u90000),revert:non-oracle,
2026-09-03T22:02:46Z,8911863,0x8b72d6f9acada0a99292645b832494977faa48417804b6b857c0ebe82d2be2dc,zest-v1,SP2VCQJGH7PHP2DJK7Z0V48AGBHQAW3R3ZW1QF4N.borrow-helper-v2-1-8,liquidation-call,SPP6CG3E4VKDGC1NW7AQMMHCD6053152X9DNT12C,2026-09-03T22:02:31Z,15,360,345,abort_by_response,(err u90000),revert:non-oracle,
2026-09-03T22:02:46Z,8911863,0x16c201d27004d16057c7128b45f110661beb4803c28cb8657d0286e02c9dcb24,zest-v1,SP2VCQJGH7PHP2DJK7Z0V48AGBHQAW3R3ZW1QF4N.borrow-helper-v2-1-8,liquidation-call,SPP6CG3E4VKDGC1NW7AQMMHCD6053152X9DNT12C,2026-09-03T22:02:31Z,15,360,345,abort_by_response,(err u90000),revert:non-oracle,
2026-09-03T22:07:33Z,8911890,0x6e8430531c417994d36df5d5e74179c3a8da048c734bd148ee7c940e50da4fc9,zest-v2,SP1A27KFY4XERQCCRCARCYD1CC5N7M6688BSYADJ7.v0-8-market,supply-collateral-add,SP3KPRN53ZGD45B3WRTDMZZEHBJSFQ8AKN9RE6FKS,2026-09-03T22:07:23Z,10,120,110,success,(ok u227636672940),ok,
2026-09-03T22:50:07Z,8912088,0x103eed14b3e110122aae1f5b5942d02b0bdf0ddbf8e0ab80e1effaf324219402,zest-v2,SP1A27KFY4XERQCCRCARCYD1CC5N7M6688BSYADJ7.v0-8-market,collateral-remove-redeem,SP3EXTRKM97577JFSC11TER2B8HTXJPQJB94MJ31S,2026-09-03T22:50:03Z,4,120,116,success,(ok u379176),ok,
2026-09-03T22:51:12Z,8912094,0xdc9394e70c8ea67da33f88ccdfefc6752dfb0a224fb3f5eb8aa51d30e86eb1ec,zest-v2,SP1A27KFY4XERQCCRCARCYD1CC5N7M6688BSYADJ7.v0-8-market,collateral-remove-redeem,SP31N0R8GGBY9320JYN213BNQ0RXZMYDKC2Q9J6M,2026-09-03T22:51:02Z,10,120,110,success,(ok u327827),ok,
2026-09-03T23:02:13Z,8912156,0x687a10e6df5e17ab07897ea2c9e7f83d47d3d2edfbe2e681c55c31d1f2eaa6b4,zest-v2,SP1A27KFY4XERQCCRCARCYD1CC5N7M6688BSYADJ7.v0-8-market,liquidate,SP3SNFY2DNRA3M1YFPXRH6NW3AAAD6HV0MX2HEH7H,2026-09-03T22:51:02Z,671,120,-551,abort_by_response,(err u400015),oracle-revert:stale,"ERR-ORACLE-MULTI (stale, monotonic race, confidence)"
2026-09-03T23:02:13Z,8912156,0x75a5756a4c991c66a97af944c6d57fa4fce4992ede6c0b6d0cc673f36e0597f5,zest-v2,SP1A27KFY4XERQCCRCARCYD1CC5N7M6688BSYADJ7.v0-8-market,liquidate,SP3SNFY2DNRA3M1YFPXRH6NW3AAAD6HV0MX2HEH7H,2026-09-03T22:51:02Z,671,120,-551,abort_by_response,(err u400015),oracle-revert:stale,"ERR-ORACLE-MULTI (stale, monotonic race, confidence)"
2026-09-03T23:02:26Z,8912157,0x921f13fbf72160704e35e4791b6c26a7427ba22faf6ecd66dec926c3c1732c61,zest-v2,SP1A27KFY4XERQCCRCARCYD1CC5N7M6688BSYADJ7.v0-8-market,liquidate,SP3SNFY2DNRA3M1YFPXRH6NW3AAAD6HV0MX2HEH7H,2026-09-03T22:51:02Z,684,120,-564,abort_by_response,(err u400015),oracle-revert:stale,"ERR-ORACLE-MULTI (stale, monotonic race, confidence)"
2026-09-03T23:02:44Z,8912158,0xa1ddea8087769d4df5fb9b7ec369569338bda6545bc10a9fc67b1a85c2eccb6a,zest-v2,SP1A27KFY4XERQCCRCARCYD1CC5N7M6688BSYADJ7.v0-8-market,liquidate,SP3SNFY2DNRA3M1YFPXRH6NW3AAAD6HV0MX2HEH7H,2026-09-03T22:51:02Z,702,120,-582,abort_by_response,(err u400015),oracle-revert:stale,"ERR-ORACLE-MULTI (stale, monotonic race, confidence)"
2026-09-03T23:02:44Z,8912158,0x9fbc9815e1a74b80bb96948b9aeee47a5bb83a75a7886651e58e41c3e49786c3,zest-v2,SP1A27KFY4XERQCCRCARCYD1CC5N7M6688BSYADJ7.v0-8-market,liquidate,SP3SNFY2DNRA3M1YFPXRH6NW3AAAD6HV0MX2HEH7H,2026-09-03T22:51:02Z,702,120,-582,abort_by_response,(err u400015),oracle-revert:stale,"ERR-ORACLE-MULTI (stale, monotonic race, confidence)"
2026-09-03T23:02:44Z,8912158,0x517c0e01bb4118085654d4f360af19db724ca1b0f934a20a019a4a4e57ec812b,zest-v2,SP1A27KFY4XERQCCRCARCYD1CC5N7M6688BSYADJ7.v0-8-market,liquidate,SP3SNFY2DNRA3M1YFPXRH6NW3AAAD6HV0MX2HEH7H,2026-09-03T22:51:02Z,702,120,-582,abort_by_response,(err u400015),oracle-revert:stale,"ERR-ORACLE-MULTI (stale, monotonic race, confidence)"
2026-09-03T23:02:44Z,8912158,0x6e764bcef616f8f0b77f64881349b64fdcc52604078f1d29114a9d76d7613cab,zest-v2,SP1A27KFY4XERQCCRCARCYD1CC5N7M6688BSYADJ7.v0-8-market,liquidate,SP3SNFY2DNRA3M1YFPXRH6NW3AAAD6HV0MX2HEH7H,2026-09-03T22:51:02Z,702,120,-582,abort_by_response,(err u400015),oracle-revert:stale,"ERR-ORACLE-MULTI (stale, monotonic race, confidence)"
2026-09-03T23:02:44Z,8912158,0x238748ee554950da5b31f359dc264d25ef2f9230aca90d850f3ef63097741bd6,zest-v2,SP1A27KFY4XERQCCRCARCYD1CC5N7M6688BSYADJ7.v0-8-market,liquidate,SP3SNFY2DNRA3M1YFPXRH6NW3AAAD6HV0MX2HEH7H,2026-09-03T22:51:02Z,702,120,-582,abort_by_response,(err u400015),oracle-revert:stale,"ERR-ORACLE-MULTI (stale, monotonic race, confidence)"
2026-09-03T23:02:44Z,8912158,0xd81063c57d264c91da997efad16df878ffeaaee8cc3d31212d8e3c08e21a7d92,zest-v2,SP1A27KFY4XERQCCRCARCYD1CC5N7M6688BSYADJ7.v0-8-market,liquidate,SP3SNFY2DNRA3M1YFPXRH6NW3AAAD6HV0MX2HEH7H,2026-09-03T22:51:02Z,702,120,-582,abort_by_response,(err u400015),oracle-revert:stale,"ERR-ORACLE-MULTI (stale, monotonic race, confidence)"
2026-09-03T23:02:44Z,8912158,0x797b91ebfb45f2348f9dd73511f4d02eee17b726fa3b900f6468418ac72bd91c,zest-v2,SP1A27KFY4XERQCCRCARCYD1CC5N7M6688BSYADJ7.v0-8-market,liquidate,SP3SNFY2DNRA3M1YFPXRH6NW3AAAD6HV0MX2HEH7H,2026-09-03T22:51:02Z,702,120,-582,abort_by_response,(err u400015),oracle-revert:stale,"ERR-ORACLE-MULTI (stale, monotonic race, confidence)"
2026-09-03T23:02:44Z,8912158,0xca6e5fe93e46b57c2a0da89bd966f9aad9562d2f49f06162b33fa9f7e0a10c5f,zest-v2,SP1A27KFY4XERQCCRCARCYD1CC5N7M6688BSYADJ7.v0-8-market,liquidate,SP3SNFY2DNRA3M1YFPXRH6NW3AAAD6HV0MX2HEH7H,2026-09-03T22:51:02Z,702,120,-582,abort_by_response,(err u400015),oracle-revert:stale,"ERR-ORACLE-MULTI (stale, monotonic race, confidence)"
2026-09-03T23:02:44Z,8912158,0x0df61e67b6ed8d19c68da723a96cfdd00766475d06a0989db3e70ee7e750bc48,zest-v2,SP1A27KFY4XERQCCRCARCYD1CC5N7M6688BSYADJ7.v0-8-market,liquidate,SP3SNFY2DNRA3M1YFPXRH6NW3AAAD6HV0MX2HEH7H,2026-09-03T22:51:02Z,702,120,-582,abort_by_response,(err u400015),oracle-revert:stale,"ERR-ORACLE-MULTI (stale, monotonic race, confidence)"
2026-09-03T23:02:44Z,8912158,0xbc440cb33eca70ce0085948547fbd710527f16e96eaca99250c5498bbd8e78ef,zest-v2,SP1A27KFY4XERQCCRCARCYD1CC5N7M6688BSYADJ7.v0-8-market,liquidate,SP3SNFY2DNRA3M1YFPXRH6NW3AAAD6HV0MX2HEH7H,2026-09-03T22:51:02Z,702,120,-582,abort_by_response,(err u400015),oracle-revert:stale,"ERR-ORACLE-MULTI (stale, monotonic race, confidence)"
2026-09-03T23:02:44Z,8912158,0x5381b31c80bac4b40058a86b5d25872dfaf46c62f6f5cc15c733387fb01798e8,zest-v2,SP1A27KFY4XERQCCRCARCYD1CC5N7M6688BSYADJ7.v0-8-market,liquidate,SP3SNFY2DNRA3M1YFPXRH6NW3AAAD6HV0MX2HEH7H,2026-09-03T22:51:02Z,702,120,-582,abort_by_response,(err u400015),oracle-revert:stale,"ERR-ORACLE-MULTI (stale, monotonic race, confidence)"
2026-09-03T23:02:44Z,8912158,0x08ad93bddcbe22444d6f478e0aef921aa17b1f1a1b6783dba5610ad12e98bf0a,zest-v2,SP1A27KFY4XERQCCRCARCYD1CC5N7M6688BSYADJ7.v0-8-market,liquidate,SP3SNFY2DNRA3M1YFPXRH6NW3AAAD6HV0MX2HEH7H,2026-09-03T22:51:02Z,702,120,-582,abort_by_response,(err u400015),oracle-revert:stale,"ERR-ORACLE-MULTI (stale, monotonic race, confidence)"
2026-09-03T23:02:44Z,8912158,0x8150554b3632403c788f68773b3267cdf6994be280e060dcc5a2469f81499d7a,zest-v2,SP1A27KFY4XERQCCRCARCYD1CC5N7M6688BSYADJ7.v0-8-market,liquidate,SP3SNFY2DNRA3M1YFPXRH6NW3AAAD6HV0MX2HEH7H,2026-09-03T22:51:02Z,702,120,-582,abort_by_response,(err u400015),oracle-revert:stale,"ERR-ORACLE-MULTI (stale, monotonic race, confidence)"
2026-09-03T23:02:44Z,8912158,0x33de5a3198612bb0eee3a061f258e535b0e146a71d07e93c0991bbd3c2edef1a,zest-v2,SP1A27KFY4XERQCCRCARCYD1CC5N7M6688BSYADJ7.v0-8-market,liquidate,SP3SNFY2DNRA3M1YFPXRH6NW3AAAD6HV0MX2HEH7H,2026-09-03T22:51:02Z,702,120,-582,abort_by_response,(err u400015),oracle-revert:stale,"ERR-ORACLE-MULTI (stale, monotonic race, confidence)"
2026-09-03T23:02:44Z,8912158,0x4bc64cde1b389273c1bd7449c1c300b4442c4ed431058535cc55ce33c8d4e4b6,zest-v2,SP1A27KFY4XERQCCRCARCYD1CC5N7M6688BSYADJ7.v0-8-market,liquidate,SP3SNFY2DNRA3M1YFPXRH6NW3AAAD6HV0MX2HEH7H,2026-09-03T22:51:02Z,702,120,-582,abort_by_response,(err u400015),oracle-revert:stale,"ERR-ORACLE-MULTI (stale, monotonic race, confidence)"
2026-09-03T23:02:44Z,8912158,0xd874bed20bc8ecca89fe18a12af28f7cbd38c133f0d3af8f8b0aec757f95b749,zest-v2,SP1A27KFY4XERQCCRCARCYD1CC5N7M6688BSYADJ7.v0-8-market,liquidate,SP3SNFY2DNRA3M1YFPXRH6NW3AAAD6HV0MX2HEH7H,2026-09-03T22:51:02Z,702,120,-582,abort_by_response,(err u400015),oracle-revert:stale,"ERR-ORACLE-MULTI (stale, monotonic race, confidence)"
2026-09-03T23:02:44Z,8912158,0x4c7daa4b02b477e86263b1edd746e9c2c32d5e7b68dbd7915386cf4c277c1eb3,zest-v2,SP1A27KFY4XERQCCRCARCYD1CC5N7M6688BSYADJ7.v0-8-market,liquidate,SP3SNFY2DNRA3M1YFPXRH6NW3AAAD6HV0MX2HEH7H,2026-09-03T22:51:02Z,702,120,-582,abort_by_response,(err u400015),oracle-revert:stale,"ERR-ORACLE-MULTI (stale, monotonic race, confidence)"
2026-09-03T23:02:44Z,8912158,0x7c0b195cd0b957902ac64b8364f69c15aec8d2570182384785583172ea11becf,zest-v2,SP1A27KFY4XERQCCRCARCYD1CC5N7M6688BSYADJ7.v0-8-market,liquidate,SP3SNFY2DNRA3M1YFPXRH6NW3AAAD6HV0MX2HEH7H,2026-09-03T22:51:02Z,702,120,-582,abort_by_response,(err u400015),oracle-revert:stale,"ERR-ORACLE-MULTI (stale, monotonic race, confidence)"
2026-09-03T23:02:44Z,8912158,0x248c0c81a8c93c3415d6f0e2e3798a7e1b122412ba4486e49133317c7f3d3043,zest-v2,SP1A27KFY4XERQCCRCARCYD1CC5N7M6688BSYADJ7.v0-8-market,liquidate,SP3SNFY2DNRA3M1YFPXRH6NW3AAAD6HV0MX2HEH7H,2026-09-03T22:51:02Z,702,120,-582,abort_by_response,(err u400015),oracle-revert:stale,"ERR-ORACLE-MULTI (stale, monotonic race, confidence)"
2026-09-03T23:02:44Z,8912158,0x5335629698d9c9be4d597ea6191c67d2cbdac2b181c1902b2f9ea643147d9e8c,zest-v2,SP1A27KFY4XERQCCRCARCYD1CC5N7M6688BSYADJ7.v0-8-market,liquidate,SP3SNFY2DNRA3M1YFPXRH6NW3AAAD6HV0MX2HEH7H,2026-09-03T22:51:02Z,702,120,-582,abort_by_response,(err u400015),oracle-revert:stale,"ERR-ORACLE-MULTI (stale, monotonic race, confidence)"
2026-09-03T23:02:44Z,8912158,0x1b214fbc7310f815c36bc0eaf56c4a013f35c3892f3bb25edc3324f0f7946d9b,zest-v2,SP1A27KFY4XERQCCRCARCYD1CC5N7M6688BSYADJ7.v0-8-market,liquidate,SP3SNFY2DNRA3M1YFPXRH6NW3AAAD6HV0MX2HEH7H,2026-09-03T22:51:02Z,702,120,-582,abort_by_response,(err u400015),oracle-revert:stale,"ERR-ORACLE-MULTI (stale, monotonic race, confidence)"
2026-09-03T23:02:44Z,8912158,0x1aef9191f6e2648c5f6b5153a8d74171373f9d47ab18c8b2e89506454f6c0eb8,zest-v2,SP1A27KFY4XERQCCRCARCYD1CC5N7M6688BSYADJ7.v0-8-market,liquidate,SP3SNFY2DNRA3M1YFPXRH6NW3AAAD6HV0MX2HEH7H,2026-09-03T22:51:02Z,702,120,-582,abort_by_response,(err u400015),oracle-revert:stale,"ERR-ORACLE-MULTI (stale, monotonic race, confidence)"
2026-09-03T23:02:44Z,8912158,0xadccbe4e18874b49dd57a5fee124729286f9359bddc405f21d14157754f89957,zest-v2,SP1A27KFY4XERQCCRCARCYD1CC5N7M6688BSYADJ7.v0-8-market,liquidate,SP3SNFY2DNRA3M1YFPXRH6NW3AAAD6HV0MX2HEH7H,2026-09-03T22:51:02Z,702,120,-582,abort_by_response,(err u400015),oracle-revert:stale,"ERR-ORACLE-MULTI (stale, monotonic race, confidence)"
2026-09-03T23:02:44Z,8912158,0xb12449f44285b090ef91f83a086306c474de6d12bbd15210f878eba86036d9c0,zest-v2,SP1A27KFY4XERQCCRCARCYD1CC5N7M6688BSYADJ7.v0-8-market,liquidate,SP3SNFY2DNRA3M1YFPXRH6NW3AAAD6HV0MX2HEH7H,2026-09-03T22:51:02Z,702,120,-582,abort_by_response,(err u400015),oracle-revert:stale,"ERR-ORACLE-MULTI (stale, monotonic race, confidence)"
2026-09-03T23:08:01Z,8912187,0x81e49a4a4c78f472de8e964f96c5690432c49eb535a861743488f38cb62e897b,zest-v2,SP1A27KFY4XERQCCRCARCYD1CC5N7M6688BSYADJ7.v0-8-market,supply-collateral-add,SP3EXTRKM97577JFSC11TER2B8HTXJPQJB94MJ31S,2026-09-03T23:07:50Z,11,120,109,success,(ok u400650),ok,
2026-09-03T23:09:50Z,8912198,0x00ccc9eae5ec6f3f3e8bacee21a99195e968366889d31f2fadea160d95066152,zest-v2,SP1A27KFY4XERQCCRCARCYD1CC5N7M6688BSYADJ7.v0-8-market,supply-collateral-add,SP31N0R8GGBY9320JYN213BNQ0RXZMYDKC2Q9J6M,2026-09-03T23:09:38Z,12,120,108,success,(ok u349572),ok,
2026-09-03T23:36:15Z,8912337,0x2fc660c88a70c7ec9484c1d6a80f53f3c36a6271f61b39dc5d8c24bd0d173ff3,zest-v2,SP1A27KFY4XERQCCRCARCYD1CC5N7M6688BSYADJ7.v0-8-market,borrow,SPCE87V29VDPEAS925YMV2VG3CMBHY0BXKB08NA4,2026-09-03T23:35:48Z,27,120,93,success,(ok true),ok,
2026-09-03T23:52:37Z,8912426,0x9ed2c1af43b17be8f3f7dfe45cc4df64df348b92601f05fc0cb7b15afd82b9a2,granite-usdcx,SP3M2BYF7RGF8WKW5FVDNJ6WR8D7AR9BHDXAKPXZE.state-v1,borrow,SPWEA3BQ1KRXGDGGTN5W8TDKHGZWGMAWTNN4QNWT,2026-09-03T23:51:04Z,93,300,207,success,(ok true),ok,
2026-09-03T23:56:05Z,8912442,0x6e3ef1b0fb0558be8efac559959c3c3dd0a6f9284ac8fe2838a2b06a22e413d3,zest-v2,SP1A27KFY4XERQCCRCARCYD1CC5N7M6688BSYADJ7.v0-8-market,borrow,SP1E0FWX3Q5PRZRHW9A205YBXMRX7YYS14CDN8RA7,2026-09-03T23:55:41Z,24,120,96,success,(ok true),ok,
2026-09-03T23:57:46Z,8912452,0xb52e644c70aa9e19304d8cad052be449154cd200f6536fd9fb9809559ba6143b,zest-v2,SP1A27KFY4XERQCCRCARCYD1CC5N7M6688BSYADJ7.v0-8-market,supply-collateral-add,SPN3AV2KQ8HYFHGKC34SGVSS9TNMJXG56GXRSR70,2026-09-03T23:57:36Z,10,120,110,success,(ok u127182712),ok,
2026-09-03T23:58:49Z,8912458,0xed694b7f7231889cc2db6e3e9447a4e8980bc7dff3436f87a8fa7b5cad64125b,zest-v2,SP1A27KFY4XERQCCRCARCYD1CC5N7M6688BSYADJ7.v0-8-market,collateral-remove-redeem,SP2QGMXH21KFDX99PWNB7Z7WNQ92TWFAECEEK10GE,2026-09-03T23:58:19Z,30,120,90,success,(ok u1000000003),ok,
2026-09-04T00:15:45Z,8912539,0xee14c31c2db9a345159aca54eb141d1708ba03021dfa1cc0774549e37bdb390b,zest-v2,SP1A27KFY4XERQCCRCARCYD1CC5N7M6688BSYADJ7.v0-8-market,collateral-remove-redeem,SP34M22KZDV4TYQZEAM10XC96TZR1G5W75FRHG3KA,2026-09-04T00:15:36Z,9,120,111,success,(ok u99999),ok,
2026-09-04T00:21:02Z,8912558,0x2ed167cfad22fe3770d0b87e80e624b8a9045e20aa4551dcac7c8c9eb6b9671a,zest-v2,SP1A27KFY4XERQCCRCARCYD1CC5N7M6688BSYADJ7.v0-8-market,supply-collateral-add,SP11ED0PQ29DH9BBRSFCVGZ7KP1XK5J94QW6AHPRP,2026-09-04T00:19:17Z,105,120,15,success,(ok u156089761),ok,
2026-09-04T00:21:25Z,8912560,0x7cc41d4f53b013836eca8ded45f94cc31e2a8f6d7513b67b9ee9840547d2ac5d,zest-v2,SP1A27KFY4XERQCCRCARCYD1CC5N7M6688BSYADJ7.v0-8-market,liquidate,SP3SNFY2DNRA3M1YFPXRH6NW3AAAD6HV0MX2HEH7H,2026-09-04T00:19:17Z,128,120,-8,abort_by_response,(err u400015),oracle-revert:stale,"ERR-ORACLE-MULTI (stale, monotonic race, confidence)"
2026-09-04T00:21:25Z,8912560,0x15fb08642d86f7f5b4b1f70b86c0dec50fc080caba657ac30c2b599b2c95af8c,zest-v2,SP1A27KFY4XERQCCRCARCYD1CC5N7M6688BSYADJ7.v0-8-market,liquidate,SP3SNFY2DNRA3M1YFPXRH6NW3AAAD6HV0MX2HEH7H,2026-09-04T00:19:17Z,128,120,-8,abort_by_response,(err u400015),oracle-revert:stale,"ERR-ORACLE-MULTI (stale, monotonic race, confidence)"
2026-09-04T00:21:25Z,8912560,0xac2c5bf7541852788608fc406ace99695f175b7e19e42c268ed171e1d155ba1e,zest-v2,SP1A27KFY4XERQCCRCARCYD1CC5N7M6688BSYADJ7.v0-8-market,liquidate,SP3SNFY2DNRA3M1YFPXRH6NW3AAAD6HV0MX2HEH7H,2026-09-04T00:19:17Z,128,120,-8,abort_by_response,(err u400015),oracle-revert:stale,"ERR-ORACLE-MULTI (stale, monotonic race, confidence)"
2026-09-04T00:21:37Z,8912561,0x01a1fc1f3c4b10a1b3af7a11818f0e9f835c00c58c201724a90122283911b089,zest-v2,SP1A27KFY4XERQCCRCARCYD1CC5N7M6688BSYADJ7.v0-8-market,liquidate,SP3SNFY2DNRA3M1YFPXRH6NW3AAAD6HV0MX2HEH7H,2026-09-04T00:19:17Z,140,120,-20,abort_by_response,(err u400015),oracle-revert:stale,"ERR-ORACLE-MULTI (stale, monotonic race, confidence)"
2026-09-04T00:21:49Z,8912562,0xed7be3a35f32b2e457e0f39debc9fabb3c6e5d6e1789ff0f85c0cb9618a2612b,zest-v2,SP1A27KFY4XERQCCRCARCYD1CC5N7M6688BSYADJ7.v0-8-market,liquidate,SP3SNFY2DNRA3M1YFPXRH6NW3AAAD6HV0MX2HEH7H,2026-09-04T00:19:17Z,152,120,-32,abort_by_response,(err u400015),oracle-revert:stale,"ERR-ORACLE-MULTI (stale, monotonic race, confidence)"
2026-09-04T00:21:49Z,8912562,0x52104e9d4b014c574602e0ac18fcee994671330df46cf118ab2508424f7dbd34,zest-v2,SP1A27KFY4XERQCCRCARCYD1CC5N7M6688BSYADJ7.v0-8-market,liquidate,SP3SNFY2DNRA3M1YFPXRH6NW3AAAD6HV0MX2HEH7H,2026-09-04T00:19:17Z,152,120,-32,abort_by_response,(err u400015),oracle-revert:stale,"ERR-ORACLE-MULTI (stale, monotonic race, confidence)"
2026-09-04T00:21:49Z,8912562,0xc7fc4a38e9cfbdb7f25ce5cdc1a0dd310ff1cd70302106119c044fd6b5d00326,zest-v2,SP1A27KFY4XERQCCRCARCYD1CC5N7M6688BSYADJ7.v0-8-market,liquidate,SP3SNFY2DNRA3M1YFPXRH6NW3AAAD6HV0MX2HEH7H,2026-09-04T00:19:17Z,152,120,-32,abort_by_response,(err u400015),oracle-revert:stale,"ERR-ORACLE-MULTI (stale, monotonic race, confidence)"
2026-09-04T00:21:49Z,8912562,0xd9a27e19e59037c49be11a6a3ebb4a26e0eae4cca0cbbed947ccc70bc236e29a,zest-v2,SP1A27KFY4XERQCCRCARCYD1CC5N7M6688BSYADJ7.v0-8-market,liquidate,SP3SNFY2DNRA3M1YFPXRH6NW3AAAD6HV0MX2HEH7H,2026-09-04T00:19:17Z,152,120,-32,abort_by_response,(err u400015),oracle-revert:stale,"ERR-ORACLE-MULTI (stale, monotonic race, confidence)"
2026-09-04T00:21:49Z,8912562,0xbe554806ccf8cff5a82e2779a4571b58bcc683d099ff15be7f3e7b1f844c29bf,zest-v2,SP1A27KFY4XERQCCRCARCYD1CC5N7M6688BSYADJ7.v0-8-market,liquidate,SP3SNFY2DNRA3M1YFPXRH6NW3AAAD6HV0MX2HEH7H,2026-09-04T00:19:17Z,152,120,-32,abort_by_response,(err u400015),oracle-revert:stale,"ERR-ORACLE-MULTI (stale, monotonic race, confidence)"
2026-09-04T00:21:49Z,8912562,0xa9bcc0124bcf75f71a83bf50668189e9ba2ada5bfae87aa12eeb209838464dbb,zest-v2,SP1A27KFY4XERQCCRCARCYD1CC5N7M6688BSYADJ7.v0-8-market,liquidate,SP3SNFY2DNRA3M1YFPXRH6NW3AAAD6HV0MX2HEH7H,2026-09-04T00:19:17Z,152,120,-32,abort_by_response,(err u400015),oracle-revert:stale,"ERR-ORACLE-MULTI (stale, monotonic race, confidence)"
2026-09-04T00:21:49Z,8912562,0x7d6c37ef427213f1628702b6dad6af364c84723aa9d4132d6ee8bc0677db021b,zest-v2,SP1A27KFY4XERQCCRCARCYD1CC5N7M6688BSYADJ7.v0-8-market,liquidate,SP3SNFY2DNRA3M1YFPXRH6NW3AAAD6HV0MX2HEH7H,2026-09-04T00:19:17Z,152,120,-32,abort_by_response,(err u400015),oracle-revert:stale,"ERR-ORACLE-MULTI (stale, monotonic race, confidence)"
2026-09-04T00:21:49Z,8912562,0x83672cff8220a933ceaa2ac18121038899c028de1318c88e68dc40f35ac530a8,zest-v2,SP1A27KFY4XERQCCRCARCYD1CC5N7M6688BSYADJ7.v0-8-market,liquidate,SP3SNFY2DNRA3M1YFPXRH6NW3AAAD6HV0MX2HEH7H,2026-09-04T00:19:17Z,152,120,-32,abort_by_response,(err u400015),oracle-revert:stale,"ERR-ORACLE-MULTI (stale, monotonic race, confidence)"
2026-09-04T00:21:49Z,8912562,0x1358034894376296e03da7339755b026a4f2b38d2008579b60c1b9f19f0933f9,zest-v2,SP1A27KFY4XERQCCRCARCYD1CC5N7M6688BSYADJ7.v0-8-market,liquidate,SP3SNFY2DNRA3M1YFPXRH6NW3AAAD6HV0MX2HEH7H,2026-09-04T00:19:17Z,152,120,-32,abort_by_response,(err u400015),oracle-revert:stale,"ERR-ORACLE-MULTI (stale, monotonic race, confidence)"
2026-09-04T00:21:49Z,8912562,0x27d13276b818614ab806401268a39d6b9de51dce4bd3fb26d744ef4aa2e7b19d,zest-v2,SP1A27KFY4XERQCCRCARCYD1CC5N7M6688BSYADJ7.v0-8-market,liquidate,SP3SNFY2DNRA3M1YFPXRH6NW3AAAD6HV0MX2HEH7H,2026-09-04T00:19:17Z,152,120,-32,abort_by_response,(err u400015),oracle-revert:stale,"ERR-ORACLE-MULTI (stale, monotonic race, confidence)"
2026-09-04T00:21:49Z,8912562,0x9b4939bec016d67ea476b06ad71895afae5c038ad3df5b757c632b192859b9da,zest-v2,SP1A27KFY4XERQCCRCARCYD1CC5N7M6688BSYADJ7.v0-8-market,liquidate,SP3SNFY2DNRA3M1YFPXRH6NW3AAAD6HV0MX2HEH7H,2026-09-04T00:19:17Z,152,120,-32,abort_by_response,(err u400015),oracle-revert:stale,"ERR-ORACLE-MULTI (stale, monotonic race, confidence)"
2026-09-04T00:21:49Z,8912562,0x68a4a283e078c20a79e85417f31d5b2b555599af6bcbbd8f5bf88c18632dbc52,zest-v2,SP1A27KFY4XERQCCRCARCYD1CC5N7M6688BSYADJ7.v0-8-market,liquidate,SP3SNFY2DNRA3M1YFPXRH6NW3AAAD6HV0MX2HEH7H,2026-09-04T00:19:17Z,152,120,-32,abort_by_response,(err u400015),oracle-revert:stale,"ERR-ORACLE-MULTI (stale, monotonic race, confidence)"
2026-09-04T00:21:49Z,8912562,0x135898c57152f8e65a5451f3c1b8b9a928c15aa67671b4bdcbde85bf2fdd1334,zest-v2,SP1A27KFY4XERQCCRCARCYD1CC5N7M6688BSYADJ7.v0-8-market,liquidate,SP3SNFY2DNRA3M1YFPXRH6NW3AAAD6HV0MX2HEH7H,2026-09-04T00:19:17Z,152,120,-32,abort_by_response,(err u400015),oracle-revert:stale,"ERR-ORACLE-MULTI (stale, monotonic race, confidence)"
2026-09-04T00:21:49Z,8912562,0x612d1b16ea4ccea850da5a9a099943ed7b392d79a173de17fd88c6b0bfe9a133,zest-v2,SP1A27KFY4XERQCCRCARCYD1CC5N7M6688BSYADJ7.v0-8-market,liquidate,SP3SNFY2DNRA3M1YFPXRH6NW3AAAD6HV0MX2HEH7H,2026-09-04T00:19:17Z,152,120,-32,abort_by_response,(err u400015),oracle-revert:stale,"ERR-ORACLE-MULTI (stale, monotonic race, confidence)"
2026-09-04T00:21:49Z,8912562,0xf44c7c07b9c7fac2821acbc0da0403675996c95afd18b7ddc88468be06765607,zest-v2,SP1A27KFY4XERQCCRCARCYD1CC5N7M6688BSYADJ7.v0-8-market,liquidate,SP3SNFY2DNRA3M1YFPXRH6NW3AAAD6HV0MX2HEH7H,2026-09-04T00:19:17Z,152,120,-32,abort_by_response,(err u400015),oracle-revert:stale,"ERR-ORACLE-MULTI (stale, monotonic race, confidence)"
2026-09-04T00:21:49Z,8912562,0x1accd2d1f93e313e44795cfe9025ea1b82adaef071535d536a653865842f70ef,zest-v2,SP1A27KFY4XERQCCRCARCYD1CC5N7M6688BSYADJ7.v0-8-market,liquidate,SP3SNFY2DNRA3M1YFPXRH6NW3AAAD6HV0MX2HEH7H,2026-09-04T00:19:17Z,152,120,-32,abort_by_response,(err u400015),oracle-revert:stale,"ERR-ORACLE-MULTI (stale, monotonic race, confidence)"
2026-09-04T00:21:49Z,8912562,0xe946a2428f145394809223a68e8dad91fd953457e3264f05496db465cd3436b5,zest-v2,SP1A27KFY4XERQCCRCARCYD1CC5N7M6688BSYADJ7.v0-8-market,liquidate,SP3SNFY2DNRA3M1YFPXRH6NW3AAAD6HV0MX2HEH7H,2026-09-04T00:19:17Z,152,120,-32,abort_by_response,(err u400015),oracle-revert:stale,"ERR-ORACLE-MULTI (stale, monotonic race, confidence)"
2026-09-04T00:21:49Z,8912562,0x162f6121a4c6dfaff9e4e74ddd7b1f21b0e097af470fd64e2d0dda181d7204f0,zest-v2,SP1A27KFY4XERQCCRCARCYD1CC5N7M6688BSYADJ7.v0-8-market,liquidate,SP3SNFY2DNRA3M1YFPXRH6NW3AAAD6HV0MX2HEH7H,2026-09-04T00:19:17Z,152,120,-32,abort_by_response,(err u400015),oracle-revert:stale,"ERR-ORACLE-MULTI (stale, monotonic race, confidence)"
2026-09-04T00:21:49Z,8912562,0x84eb3da40186e4f73ea3b5aebd18a4d8e7c8652a8116e383f8c8e0883ce1f4a4,zest-v2,SP1A27KFY4XERQCCRCARCYD1CC5N7M6688BSYADJ7.v0-8-market,liquidate,SP3SNFY2DNRA3M1YFPXRH6NW3AAAD6HV0MX2HEH7H,2026-09-04T00:19:17Z,152,120,-32,abort_by_response,(err u400015),oracle-revert:stale,"ERR-ORACLE-MULTI (stale, monotonic race, confidence)"
2026-09-04T00:21:49Z,8912562,0xdabba627bf7e8d3c4af736d5f429e1ebe6e4885f80c19a8185f8dda6cfdf1e47,zest-v2,SP1A27KFY4XERQCCRCARCYD1CC5N7M6688BSYADJ7.v0-8-market,liquidate,SP3SNFY2DNRA3M1YFPXRH6NW3AAAD6HV0MX2HEH7H,2026-09-04T00:19:17Z,152,120,-32,abort_by_response,(err u400015),oracle-revert:stale,"ERR-ORACLE-MULTI (stale, monotonic race, confidence)"
2026-09-04T00:21:49Z,8912562,0x472bd1e8bc346e9559ad8d48077b0549992cf0908c6ccb32373c27d08082e8b9,zest-v2,SP1A27KFY4XERQCCRCARCYD1CC5N7M6688BSYADJ7.v0-8-market,liquidate,SP3SNFY2DNRA3M1YFPXRH6NW3AAAD6HV0MX2HEH7H,2026-09-04T00:19:17Z,152,120,-32,abort_by_response,(err u400015),oracle-revert:stale,"ERR-ORACLE-MULTI (stale, monotonic race, confidence)"
2026-09-04T00:21:49Z,8912562,0x26bab3786f91b8e63e8d6161d71c1d5a0faf7963de6caa84283d2db2f6230f68,zest-v2,SP1A27KFY4XERQCCRCARCYD1CC5N7M6688BSYADJ7.v0-8-market,liquidate,SP3SNFY2DNRA3M1YFPXRH6NW3AAAD6HV0MX2HEH7H,2026-09-04T00:19:17Z,152,120,-32,abort_by_response,(err u400015),oracle-revert:stale,"ERR-ORACLE-MULTI (stale, monotonic race, confidence)"
2026-09-04T00:21:49Z,8912562,0x3fa5b4ce322277a826c31d64fedd049f44a14218a828db106f4f57dc8049ca4d,zest-v2,SP1A27KFY4XERQCCRCARCYD1CC5N7M6688BSYADJ7.v0-8-market,liquidate,SP3SNFY2DNRA3M1YFPXRH6NW3AAAD6HV0MX2HEH7H,2026-09-04T00:19:17Z,152,120,-32,abort_by_response,(err u400015),oracle-revert:stale,"ERR-ORACLE-MULTI (stale, monotonic race, confidence)"
2026-09-04T00:21:49Z,8912562,0x986b49e1e07259b139313d9ee3bb198c7c83f81e7a5f27aa35c48d0fa09186be,zest-v2,SP1A27KFY4XERQCCRCARCYD1CC5N7M6688BSYADJ7.v0-8-market,liquidate,SP3SNFY2DNRA3M1YFPXRH6NW3AAAD6HV0MX2HEH7H,2026-09-04T00:19:17Z,152,120,-32,abort_by_response,(err u400015),oracle-revert:stale,"ERR-ORACLE-MULTI (stale, monotonic race, confidence)"
2026-09-04T00:21:49Z,8912562,0x230fbccf82e6f09113801e327cc2d6a54809e6317fc8dcbdc02855877760703f,zest-v2,SP1A27KFY4XERQCCRCARCYD1CC5N7M6688BSYADJ7.v0-8-market,liquidate,SP3SNFY2DNRA3M1YFPXRH6NW3AAAD6HV0MX2HEH7H,2026-09-04T00:19:17Z,152,120,-32,abort_by_response,(err u400015),oracle-revert:stale,"ERR-ORACLE-MULTI (stale, monotonic race, confidence)"
2026-09-04T00:21:49Z,8912562,0xe76e36053448b34bc24d719a1c41fedea4a912cfe9e098033f4863a477982131,zest-v2,SP1A27KFY4XERQCCRCARCYD1CC5N7M6688BSYADJ7.v0-8-market,liquidate,SP3SNFY2DNRA3M1YFPXRH6NW3AAAD6HV0MX2HEH7H,2026-09-04T00:19:17Z,152,120,-32,abort_by_response,(err u400015),oracle-revert:stale,"ERR-ORACLE-MULTI (stale, monotonic race, confidence)"
2026-09-04T00:28:56Z,8912605,0x3e51cf0cec5774a491859df64556c8a07c44cd241a83fc257f55c6dba9bfd86b,zest-v2,SP1A27KFY4XERQCCRCARCYD1CC5N7M6688BSYADJ7.v0-8-market,borrow,SPCE87V29VDPEAS925YMV2VG3CMBHY0BXKB08NA4,2026-09-04T00:28:42Z,14,120,106,success,(ok true),ok,
2026-09-04T00:48:52Z,8912711,0x1f0d10746390f486826681da1a1c2fad1eef8887f899b1adfa2926c3c3127aff,zest-v2,SP1A27KFY4XERQCCRCARCYD1CC5N7M6688BSYADJ7.v0-8-market,collateral-remove-redeem,SP34M22KZDV4TYQZEAM10XC96TZR1G5W75FRHG3KA,2026-09-04T00:48:32Z,20,120,100,success,(ok u1282783),ok,
2026-09-04T00:49:34Z,8912714,0x155a27c26d489012a9befc14a53255b1f2a11a92a3fbf4461057e4d983964bd4,zest-v2,SP1A27KFY4XERQCCRCARCYD1CC5N7M6688BSYADJ7.v0-8-market,liquidate,SP3SNFY2DNRA3M1YFPXRH6NW3AAAD6HV0MX2HEH7H,2026-09-04T00:48:32Z,62,120,58,abort_by_response,(err u400018),revert:non-oracle,
2026-09-04T00:49:34Z,8912714,0x875c8d308d4cf3fe85a336966430400e2757f64428f61c26d9924b65bcb891d1,zest-v2,SP1A27KFY4XERQCCRCARCYD1CC5N7M6688BSYADJ7.v0-8-market,liquidate,SP3SNFY2DNRA3M1YFPXRH6NW3AAAD6HV0MX2HEH7H,2026-09-04T00:48:32Z,62,120,58,abort_by_response,(err u400018),revert:non-oracle,
2026-09-04T00:49:34Z,8912714,0x5e07b2077d7cf9e7ccb15dfa11dc346bf09dab37b4a606014471a23e3a2d52ef,zest-v2,SP1A27KFY4XERQCCRCARCYD1CC5N7M6688BSYADJ7.v0-8-market,liquidate,SP3SNFY2DNRA3M1YFPXRH6NW3AAAD6HV0MX2HEH7H,2026-09-04T00:48:32Z,62,120,58,abort_by_response,(err u400018),revert:non-oracle,
2026-09-04T00:49:34Z,8912714,0x05525f8c1eb52aeea371f9dd3e947e92b1dc1fd34bf07aef5a38a6596032661d,zest-v2,SP1A27KFY4XERQCCRCARCYD1CC5N7M6688BSYADJ7.v0-8-market,liquidate,SP3SNFY2DNRA3M1YFPXRH6NW3AAAD6HV0MX2HEH7H,2026-09-04T00:48:32Z,62,120,58,abort_by_response,(err u400018),revert:non-oracle,
2026-09-04T00:49:34Z,8912714,0xef8aedaa0784c6a593d1dee49440a0bf8552796b9ee1e564bff5b43558e327d2,zest-v2,SP1A27KFY4XERQCCRCARCYD1CC5N7M6688BSYADJ7.v0-8-market,liquidate,SP3SNFY2DNRA3M1YFPXRH6NW3AAAD6HV0MX2HEH7H,2026-09-04T00:48:32Z,62,120,58,abort_by_response,(err u400018),revert:non-oracle,
2026-09-04T00:49:34Z,8912714,0xeca797691950a8ccedc6f6720f6cbe6b6e016bfe331e8a5804c82026ab77361e,zest-v2,SP1A27KFY4XERQCCRCARCYD1CC5N7M6688BSYADJ7.v0-8-market,liquidate,SP3SNFY2DNRA3M1YFPXRH6NW3AAAD6HV0MX2HEH7H,2026-09-04T00:48:32Z,62,120,58,abort_by_response,(err u400018),revert:non-oracle,
2026-09-04T00:49:34Z,8912714,0x42e842920b407ba93ed069ba0753415b204149bad641f0915c19befd996a7952,zest-v2,SP1A27KFY4XERQCCRCARCYD1CC5N7M6688BSYADJ7.v0-8-market,liquidate,SP3SNFY2DNRA3M1YFPXRH6NW3AAAD6HV0MX2HEH7H,2026-09-04T00:48:32Z,62,120,58,abort_by_response,(err u400018),revert:non-oracle,
2026-09-04T00:49:34Z,8912714,0x1d9a3767f73b0ad8b4ba6a3f4fa6dd7a72313aa2ad2381b4736bfb5f8f47daf8,zest-v2,SP1A27KFY4XERQCCRCARCYD1CC5N7M6688BSYADJ7.v0-8-market,liquidate,SP3SNFY2DNRA3M1YFPXRH6NW3AAAD6HV0MX2HEH7H,2026-09-04T00:48:32Z,62,120,58,abort_by_response,(err u400018),revert:non-oracle,
2026-09-04T00:49:34Z,8912714,0x90fc5f9cc7655f6473b50d964a7ce2bc79a54d9f4789a475c0b9ecea753e6e3b,zest-v2,SP1A27KFY4XERQCCRCARCYD1CC5N7M6688BSYADJ7.v0-8-market,liquidate,SP3SNFY2DNRA3M1YFPXRH6NW3AAAD6HV0MX2HEH7H,2026-09-04T00:48:32Z,62,120,58,abort_by_response,(err u400018),revert:non-oracle,
2026-09-04T00:49:34Z,8912714,0xae4663133f172d9c440ddd44ee6ab3d77261eea46aa298bda3552fb003c5d50c,zest-v2,SP1A27KFY4XERQCCRCARCYD1CC5N7M6688BSYADJ7.v0-8-market,liquidate,SP3SNFY2DNRA3M1YFPXRH6NW3AAAD6HV0MX2HEH7H,2026-09-04T00:48:32Z,62,120,58,abort_by_response,(err u400018),revert:non-oracle,
2026-09-04T00:49:34Z,8912714,0xcd8ce2139f3bc8bb3018ddb559d6ee5819f46ae0766c5d1d370d7f853644ab1e,zest-v2,SP1A27KFY4XERQCCRCARCYD1CC5N7M6688BSYADJ7.v0-8-market,liquidate,SP3SNFY2DNRA3M1YFPXRH6NW3AAAD6HV0MX2HEH7H,2026-09-04T00:48:32Z,62,120,58,abort_by_response,(err u400018),revert:non-oracle,
2026-09-04T00:49:34Z,8912714,0xc9206e6a20b230afe989b2790da373d5e569352380b96eb9663b48226ffdba20,zest-v2,SP1A27KFY4XERQCCRCARCYD1CC5N7M6688BSYADJ7.v0-8-market,liquidate,SP3SNFY2DNRA3M1YFPXRH6NW3AAAD6HV0MX2HEH7H,2026-09-04T00:48:32Z,62,120,58,abort_by_response,(err u400018),revert:non-oracle,
2026-09-04T00:49:34Z,8912714,0xe7af47d6389c340a1b320b3827db4bb394db48637de058c0d1252ce40ff0bebd,zest-v2,SP1A27KFY4XERQCCRCARCYD1CC5N7M6688BSYADJ7.v0-8-market,liquidate,SP3SNFY2DNRA3M1YFPXRH6NW3AAAD6HV0MX2HEH7H,2026-09-04T00:48:32Z,62,120,58,abort_by_response,(err u400018),revert:non-oracle,
2026-09-04T00:49:34Z,8912714,0xff36a75eca5f68abde4c9020a80fdea0a952fb959a35cc71dd014d2302816578,zest-v2,SP1A27KFY4XERQCCRCARCYD1CC5N7M6688BSYADJ7.v0-8-market,liquidate,SP3SNFY2DNRA3M1YFPXRH6NW3AAAD6HV0MX2HEH7H,2026-09-04T00:48:32Z,62,120,58,abort_by_response,(err u400018),revert:non-oracle,
2026-09-04T00:49:34Z,8912714,0x2928b6edd81d97663bfc165ab7269a97b2b38a48cc86102f474e2ead08343a3d,zest-v2,SP1A27KFY4XERQCCRCARCYD1CC5N7M6688BSYADJ7.v0-8-market,liquidate,SP3SNFY2DNRA3M1YFPXRH6NW3AAAD6HV0MX2HEH7H,2026-09-04T00:48:32Z,62,120,58,abort_by_response,(err u400018),revert:non-oracle,
2026-09-04T00:49:34Z,8912714,0x15df9490746d02d4b9994796c00e2a414ae936aeba396559479b3fc4bf3a7d36,zest-v2,SP1A27KFY4XERQCCRCARCYD1CC5N7M6688BSYADJ7.v0-8-market,liquidate,SP3SNFY2DNRA3M1YFPXRH6NW3AAAD6HV0MX2HEH7H,2026-09-04T00:48:32Z,62,120,58,abort_by_response,(err u400018),revert:non-oracle,
2026-09-04T00:49:34Z,8912714,0x58e52a49db54fe630d5b4284bbee2a0fab3173f36c691193251d6c5686b81c21,zest-v2,SP1A27KFY4XERQCCRCARCYD1CC5N7M6688BSYADJ7.v0-8-market,liquidate,SP3SNFY2DNRA3M1YFPXRH6NW3AAAD6HV0MX2HEH7H,2026-09-04T00:48:32Z,62,120,58,abort_by_response,(err u400018),revert:non-oracle,
2026-09-04T00:49:34Z,8912714,0x393c41eca2c4cb5fb61bc62fa50ec2db521f6f27b1b9dce4abda0c6265d009a2,zest-v2,SP1A27KFY4XERQCCRCARCYD1CC5N7M6688BSYADJ7.v0-8-market,liquidate,SP3SNFY2DNRA3M1YFPXRH6NW3AAAD6HV0MX2HEH7H,2026-09-04T00:48:32Z,62,120,58,abort_by_response,(err u400018),revert:non-oracle,
2026-09-04T00:49:34Z,8912714,0x7a4f5ebe986d9d78937ffed682b03207fa31f821b0b692a680e744a2f3e44b01,zest-v2,SP1A27KFY4XERQCCRCARCYD1CC5N7M6688BSYADJ7.v0-8-market,liquidate,SP3SNFY2DNRA3M1YFPXRH6NW3AAAD6HV0MX2HEH7H,2026-09-04T00:48:32Z,62,120,58,abort_by_response,(err u400018),revert:non-oracle,
2026-09-04T00:49:34Z,8912714,0xcc793d3c3bf27b5c73d68adaac204445ae3e4e8d3a766567514edd957ca6bb34,zest-v2,SP1A27KFY4XERQCCRCARCYD1CC5N7M6688BSYADJ7.v0-8-market,liquidate,SP3SNFY2DNRA3M1YFPXRH6NW3AAAD6HV0MX2HEH7H,2026-09-04T00:48:32Z,62,120,58,abort_by_response,(err u400018),revert:non-oracle,
2026-09-04T00:49:34Z,8912714,0x836cd63f851df5ae8f5ff9663c4a02ba800fb31618293a116a3e5acc728ad894,zest-v2,SP1A27KFY4XERQCCRCARCYD1CC5N7M6688BSYADJ7.v0-8-market,liquidate,SP3SNFY2DNRA3M1YFPXRH6NW3AAAD6HV0MX2HEH7H,2026-09-04T00:48:32Z,62,120,58,abort_by_response,(err u400018),revert:non-oracle,
2026-09-04T00:49:34Z,8912714,0x2d8c2b59fe226e778f87bfeefdd0cb920c37f2f4fbc5a07ab8e01d6ed6e57515,zest-v2,SP1A27KFY4XERQCCRCARCYD1CC5N7M6688BSYADJ7.v0-8-market,liquidate,SP3SNFY2DNRA3M1YFPXRH6NW3AAAD6HV0MX2HEH7H,2026-09-04T00:48:32Z,62,120,58,abort_by_response,(err u400018),revert:non-oracle,
2026-09-04T00:49:34Z,8912714,0x23d58fc0d947adaaa3c2d5b3228bd11728c68b662964942f89d936459cb696d5,zest-v2,SP1A27KFY4XERQCCRCARCYD1CC5N7M6688BSYADJ7.v0-8-market,liquidate,SP3SNFY2DNRA3M1YFPXRH6NW3AAAD6HV0MX2HEH7H,2026-09-04T00:48:32Z,62,120,58,abort_by_response,(err u400018),revert:non-oracle,
2026-09-04T00:49:34Z,8912714,0xb9f6a56abaac8b084e1f052d496f825d992d3c410cff5ea717eeca513512c566,zest-v2,SP1A27KFY4XERQCCRCARCYD1CC5N7M6688BSYADJ7.v0-8-market,liquidate,SP3SNFY2DNRA3M1YFPXRH6NW3AAAD6HV0MX2HEH7H,2026-09-04T00:48:32Z,62,120,58,abort_by_response,(err u400018),revert:non-oracle,
2026-09-04T00:49:34Z,8912714,0x825afd7f3fd509cfb70e1c6cddb5be6d48d832152982b2e49898d18b5ee430e6,zest-v2,SP1A27KFY4XERQCCRCARCYD1CC5N7M6688BSYADJ7.v0-8-market,liquidate,SP3SNFY2DNRA3M1YFPXRH6NW3AAAD6HV0MX2HEH7H,2026-09-04T00:48:32Z,62,120,58,abort_by_response,(err u400018),revert:non-oracle,
2026-09-04T00:49:34Z,8912714,0x367241053f948c8682506d6b713b7178948b27a99617313039cdeb8887c01818,zest-v2,SP1A27KFY4XERQCCRCARCYD1CC5N7M6688BSYADJ7.v0-8-market,liquidate,SP3SNFY2DNRA3M1YFPXRH6NW3AAAD6HV0MX2HEH7H,2026-09-04T00:48:32Z,62,120,58,abort_by_response,(err u400018),revert:non-oracle,
2026-09-04T00:49:34Z,8912714,0xa4e5ae2e7e3e791b5d13bc56e8006227840f7b94082ba92311a4d3879f68a161,zest-v2,SP1A27KFY4XERQCCRCARCYD1CC5N7M6688BSYADJ7.v0-8-market,liquidate,SP3SNFY2DNRA3M1YFPXRH6NW3AAAD6HV0MX2HEH7H,2026-09-04T00:48:32Z,62,120,58,abort_by_response,(err u400018),revert:non-oracle,
2026-09-04T01:09:16Z,8912802,0x34e0ec5ba466e11c67394a17e30bc615cdcd0ff041709f0d9d6d44840b442a69,granite-usdcx,SP3M2BYF7RGF8WKW5FVDNJ6WR8D7AR9BHDXAKPXZE.state-v1,borrow,SPWEA3BQ1KRXGDGGTN5W8TDKHGZWGMAWTNN4QNWT,2026-09-04T01:08:33Z,43,300,257,success,(ok true),ok,
2026-09-04T01:17:32Z,8912836,0x9c7740c9aaeeb68a0d1cd69d2e73bd48f52e3afa83d97028e73413f668418bdf,zest-v2,SP1A27KFY4XERQCCRCARCYD1CC5N7M6688BSYADJ7.v0-8-market,collateral-remove-redeem,SPCE87V29VDPEAS925YMV2VG3CMBHY0BXKB08NA4,2026-09-04T01:17:23Z,9,120,111,success,(ok u2499999),ok,
2026-09-04T01:44:50Z,8912986,0x31849cbde976fffdf4bdb512486d7cb8d4cfe2865287f204b75fd2111679d7bd,zest-v2,SP1A27KFY4XERQCCRCARCYD1CC5N7M6688BSYADJ7.v0-8-market,collateral-remove-redeem,SP34M22KZDV4TYQZEAM10XC96TZR1G5W75FRHG3KA,2026-09-04T01:44:33Z,17,120,103,success,(ok u638978),ok,
2026-09-04T01:45:08Z,8912988,0x705ca98e3d9dae727e02d6ca31b1cdc66043fcbf2443cdc84f12dc07fe32162a,zest-v2,SP1A27KFY4XERQCCRCARCYD1CC5N7M6688BSYADJ7.v0-8-market,liquidate,SP3SNFY2DNRA3M1YFPXRH6NW3AAAD6HV0MX2HEH7H,2026-09-04T01:44:33Z,35,120,85,abort_by_response,(err u400018),revert:non-oracle,
2026-09-04T01:45:08Z,8912988,0x4c2cae096856fe632823f811e761aa88a671a355276bc7ab839023c25dc86f0b,zest-v2,SP1A27KFY4XERQCCRCARCYD1CC5N7M6688BSYADJ7.v0-8-market,liquidate,SP3SNFY2DNRA3M1YFPXRH6NW3AAAD6HV0MX2HEH7H,2026-09-04T01:44:33Z,35,120,85,abort_by_response,(err u400018),revert:non-oracle,
2026-09-04T01:45:17Z,8912989,0x01fa1703c9423ecfb419c0ab04c0d091440aa220a628d30d12b5e7c6bce79998,zest-v2,SP1A27KFY4XERQCCRCARCYD1CC5N7M6688BSYADJ7.v0-8-market,liquidate,SP3SNFY2DNRA3M1YFPXRH6NW3AAAD6HV0MX2HEH7H,2026-09-04T01:44:33Z,44,120,76,abort_by_response,(err u400018),revert:non-oracle,
2026-09-04T01:45:17Z,8912989,0x3ab56ccb495b4277f0987a4964e3a3e65d2d418eab8c72e83adbda8650ffc02f,zest-v2,SP1A27KFY4XERQCCRCARCYD1CC5N7M6688BSYADJ7.v0-8-market,liquidate,SP3SNFY2DNRA3M1YFPXRH6NW3AAAD6HV0MX2HEH7H,2026-09-04T01:44:33Z,44,120,76,abort_by_response,(err u400018),revert:non-oracle,
2026-09-04T01:45:17Z,8912989,0xc80f46b34179edc9fa2be9d6a95dc28025367c45774eaf454b0ae40f9be0a3ab,zest-v2,SP1A27KFY4XERQCCRCARCYD1CC5N7M6688BSYADJ7.v0-8-market,liquidate,SP3SNFY2DNRA3M1YFPXRH6NW3AAAD6HV0MX2HEH7H,2026-09-04T01:44:33Z,44,120,76,abort_by_response,(err u400018),revert:non-oracle,
2026-09-04T01:45:17Z,8912989,0xd4240853a9db9d6296522f221a190dc48e634ba0a7054ea6a07af145a936178e,zest-v2,SP1A27KFY4XERQCCRCARCYD1CC5N7M6688BSYADJ7.v0-8-market,liquidate,SP3SNFY2DNRA3M1YFPXRH6NW3AAAD6HV0MX2HEH7H,2026-09-04T01:44:33Z,44,120,76,abort_by_response,(err u400018),revert:non-oracle,
2026-09-04T01:45:17Z,8912989,0x459865f3e94261fd9909217aed8d9e5d8c2e53b20c70dd7fb745cdc50d5bda71,zest-v2,SP1A27KFY4XERQCCRCARCYD1CC5N7M6688BSYADJ7.v0-8-market,liquidate,SP3SNFY2DNRA3M1YFPXRH6NW3AAAD6HV0MX2HEH7H,2026-09-04T01:44:33Z,44,120,76,abort_by_response,(err u400018),revert:non-oracle,
2026-09-04T01:45:17Z,8912989,0xfff16ea779157be1d820fa86cb3b5e8ef156cb1ed81a0c0fec4bf4c8b86b9ea4,zest-v2,SP1A27KFY4XERQCCRCARCYD1CC5N7M6688BSYADJ7.v0-8-market,liquidate,SP3SNFY2DNRA3M1YFPXRH6NW3AAAD6HV0MX2HEH7H,2026-09-04T01:44:33Z,44,120,76,abort_by_response,(err u400018),revert:non-oracle,
2026-09-04T01:45:17Z,8912989,0x9e01235928c94bd2b3400691b77dbfea250d49cab3662e1fecb5e89f07039a7d,zest-v2,SP1A27KFY4XERQCCRCARCYD1CC5N7M6688BSYADJ7.v0-8-market,liquidate,SP3SNFY2DNRA3M1YFPXRH6NW3AAAD6HV0MX2HEH7H,2026-09-04T01:44:33Z,44,120,76,abort_by_response,(err u400018),revert:non-oracle,
2026-09-04T01:45:17Z,8912989,0x9c0ccf4426a8c21a5201348577db962fe885829610ff45902eb73beacb77189e,zest-v2,SP1A27KFY4XERQCCRCARCYD1CC5N7M6688BSYADJ7.v0-8-market,liquidate,SP3SNFY2DNRA3M1YFPXRH6NW3AAAD6HV0MX2HEH7H,2026-09-04T01:44:33Z,44,120,76,abort_by_response,(err u400018),revert:non-oracle,
2026-09-04T01:45:17Z,8912989,0x1671c54732b55dfa1a5f57346ec4824691331a119e836b5004c82d9849a8e9e1,zest-v2,SP1A27KFY4XERQCCRCARCYD1CC5N7M6688BSYADJ7.v0-8-market,liquidate,SP3SNFY2DNRA3M1YFPXRH6NW3AAAD6HV0MX2HEH7H,2026-09-04T01:44:33Z,44,120,76,abort_by_response,(err u400018),revert:non-oracle,
2026-09-04T01:45:17Z,8912989,0x02e85e8a88f7fd07cd77f77c272f44f5012e02b6b1141cba95fc617ecb13a96c,zest-v2,SP1A27KFY4XERQCCRCARCYD1CC5N7M6688BSYADJ7.v0-8-market,liquidate,SP3SNFY2DNRA3M1YFPXRH6NW3AAAD6HV0MX2HEH7H,2026-09-04T01:44:33Z,44,120,76,abort_by_response,(err u400018),revert:non-oracle,
2026-09-04T01:45:17Z,8912989,0x22a32b4d22d7a4d708a5692e12c3ad6072daf093389bf9a2604855205936dd3f,zest-v2,SP1A27KFY4XERQCCRCARCYD1CC5N7M6688BSYADJ7.v0-8-market,liquidate,SP3SNFY2DNRA3M1YFPXRH6NW3AAAD6HV0MX2HEH7H,2026-09-04T01:44:33Z,44,120,76,abort_by_response,(err u400018),revert:non-oracle,
2026-09-04T01:45:17Z,8912989,0xce7a723c6d85547514838184876f7298d4798c10cbb52c0e85a37811ecf52328,zest-v2,SP1A27KFY4XERQCCRCARCYD1CC5N7M6688BSYADJ7.v0-8-market,liquidate,SP3SNFY2DNRA3M1YFPXRH6NW3AAAD6HV0MX2HEH7H,2026-09-04T01:44:33Z,44,120,76,abort_by_response,(err u400018),revert:non-oracle,
2026-09-04T01:45:17Z,8912989,0xc090c4cf867b2fcfcf2b87406a4083f061dd36fe89e31ac714ad9225ff1fa42b,zest-v2,SP1A27KFY4XERQCCRCARCYD1CC5N7M6688BSYADJ7.v0-8-market,liquidate,SP3SNFY2DNRA3M1YFPXRH6NW3AAAD6HV0MX2HEH7H,2026-09-04T01:44:33Z,44,120,76,abort_by_response,(err u400018),revert:non-oracle,
2026-09-04T01:45:17Z,8912989,0xae93be86f7e0cc73a388d313aee8f126a8459e9af3eb75b12072e71362ac730f,zest-v2,SP1A27KFY4XERQCCRCARCYD1CC5N7M6688BSYADJ7.v0-8-market,liquidate,SP3SNFY2DNRA3M1YFPXRH6NW3AAAD6HV0MX2HEH7H,2026-09-04T01:44:33Z,44,120,76,abort_by_response,(err u400018),revert:non-oracle,
2026-09-04T01:45:27Z,8912990,0xc7c2a2615edea563e4dd8fa1c4b932025a0c2efbc73f02d156395d33ad1fd8d3,zest-v2,SP1A27KFY4XERQCCRCARCYD1CC5N7M6688BSYADJ7.v0-8-market,liquidate,SP3SNFY2DNRA3M1YFPXRH6NW3AAAD6HV0MX2HEH7H,2026-09-04T01:44:33Z,54,120,66,abort_by_response,(err u400018),revert:non-oracle,
2026-09-04T01:45:41Z,8912991,0xeb663cb0db0dfd17fe6ba227695223d4ad6e509227374fad74c3faa43634de78,zest-v2,SP1A27KFY4XERQCCRCARCYD1CC5N7M6688BSYADJ7.v0-8-market,liquidate,SP3SNFY2DNRA3M1YFPXRH6NW3AAAD6HV0MX2HEH7H,2026-09-04T01:44:33Z,68,120,52,abort_by_response,(err u400018),revert:non-oracle,
2026-09-04T01:45:41Z,8912991,0x3f7e37383f5253f612ae092b40e77745bdbe2ac4d6ad94e79d127bacad545d2f,zest-v2,SP1A27KFY4XERQCCRCARCYD1CC5N7M6688BSYADJ7.v0-8-market,liquidate,SP3SNFY2DNRA3M1YFPXRH6NW3AAAD6HV0MX2HEH7H,2026-09-04T01:44:33Z,68,120,52,abort_by_response,(err u400018),revert:non-oracle,
2026-09-04T01:45:41Z,8912991,0x0d76cf8dd8997b4654cd1e43bb8c9e7285f71ad92cefa18210a42cfd199c7539,zest-v2,SP1A27KFY4XERQCCRCARCYD1CC5N7M6688BSYADJ7.v0-8-market,liquidate,SP3SNFY2DNRA3M1YFPXRH6NW3AAAD6HV0MX2HEH7H,2026-09-04T01:44:33Z,68,120,52,abort_by_response,(err u400018),revert:non-oracle,
2026-09-04T01:45:41Z,8912991,0x4639662cb9cd9807e153f248f99fe79f033cbd5717a20323b31803382fa4e917,zest-v2,SP1A27KFY4XERQCCRCARCYD1CC5N7M6688BSYADJ7.v0-8-market,liquidate,SP3SNFY2DNRA3M1YFPXRH6NW3AAAD6HV0MX2HEH7H,2026-09-04T01:44:33Z,68,120,52,abort_by_response,(err u400018),revert:non-oracle,
2026-09-04T01:45:41Z,8912991,0xa8afc8aea91f73ce06c4d94eb88fa864c31a24d36a8078b84876f4878ccdb63b,zest-v2,SP1A27KFY4XERQCCRCARCYD1CC5N7M6688BSYADJ7.v0-8-market,liquidate,SP3SNFY2DNRA3M1YFPXRH6NW3AAAD6HV0MX2HEH7H,2026-09-04T01:44:33Z,68,120,52,abort_by_response,(err u400018),revert:non-oracle,
2026-09-04T01:45:41Z,8912991,0x84476d4b6cd883c14eb4b03007b25a1c72025afec382100ac13a33b7394a045f,zest-v2,SP1A27KFY4XERQCCRCARCYD1CC5N7M6688BSYADJ7.v0-8-market,liquidate,SP3SNFY2DNRA3M1YFPXRH6NW3AAAD6HV0MX2HEH7H,2026-09-04T01:44:33Z,68,120,52,abort_by_response,(err u400018),revert:non-oracle,
2026-09-04T01:45:41Z,8912991,0x0039a56289e0d7c8aedfa2a19cbbe037210a302aa5802344847bf963710ba16d,zest-v2,SP1A27KFY4XERQCCRCARCYD1CC5N7M6688BSYADJ7.v0-8-market,liquidate,SP3SNFY2DNRA3M1YFPXRH6NW3AAAD6HV0MX2HEH7H,2026-09-04T01:44:33Z,68,120,52,abort_by_response,(err u400018),revert:non-oracle,
2026-09-04T01:45:41Z,8912991,0x17d3d262008a2f2fafae29692ca76b71d888b8bc9403ea01e01f36d528e5e4b7,zest-v2,SP1A27KFY4XERQCCRCARCYD1CC5N7M6688BSYADJ7.v0-8-market,liquidate,SP3SNFY2DNRA3M1YFPXRH6NW3AAAD6HV0MX2HEH7H,2026-09-04T01:44:33Z,68,120,52,abort_by_response,(err u400018),revert:non-oracle,
2026-09-04T01:45:41Z,8912991,0x91df099c5ea985d7e25de48aed7914624a9f47a7584c1072716890548341b31e,zest-v2,SP1A27KFY4XERQCCRCARCYD1CC5N7M6688BSYADJ7.v0-8-market,liquidate,SP3SNFY2DNRA3M1YFPXRH6NW3AAAD6HV0MX2HEH7H,2026-09-04T01:44:33Z,68,120,52,abort_by_response,(err u400018),revert:non-oracle,
2026-09-04T01:45:41Z,8912991,0xf9bacda70613c925aa79e64d792e2713bf97a76cf21ad3dbe8464c091d6aba12,zest-v2,SP1A27KFY4XERQCCRCARCYD1CC5N7M6688BSYADJ7.v0-8-market,liquidate,SP3SNFY2DNRA3M1YFPXRH6NW3AAAD6HV0MX2HEH7H,2026-09-04T01:44:33Z,68,120,52,abort_by_response,(err u400018),revert:non-oracle,
2026-09-04T01:45:41Z,8912991,0x6681b98e0e1947c43c54fed6c52221b6fd41f2a25d54d9a29d5e818152233521,zest-v2,SP1A27KFY4XERQCCRCARCYD1CC5N7M6688BSYADJ7.v0-8-market,liquidate,SP3SNFY2DNRA3M1YFPXRH6NW3AAAD6HV0MX2HEH7H,2026-09-04T01:44:33Z,68,120,52,abort_by_response,(err u400018),revert:non-oracle,
2026-09-04T01:45:41Z,8912991,0x500172b96c0c5abc6311d0f2d1c1213c76cbf3100afc932615efa93098d8d02e,zest-v2,SP1A27KFY4XERQCCRCARCYD1CC5N7M6688BSYADJ7.v0-8-market,liquidate,SP3SNFY2DNRA3M1YFPXRH6NW3AAAD6HV0MX2HEH7H,2026-09-04T01:44:33Z,68,120,52,abort_by_response,(err u400018),revert:non-oracle,
2026-09-04T03:03:41Z,8913378,0x42801cfa0f34cd418be6cbaf8714fdd654b5af503c221c106669ba4faacac254,zest-v2,SP1A27KFY4XERQCCRCARCYD1CC5N7M6688BSYADJ7.v0-8-market,collateral-add,SPN3AV2KQ8HYFHGKC34SGVSS9TNMJXG56GXRSR70,2026-09-04T03:03:28Z,13,120,107,success,(ok u146922002),ok,
2026-09-04T03:46:34Z,8913600,0xc4103bf8ed05cacab68d2f01af8e58c64cd28775d13fd99596ace24aa0e3f9df,zest-v2,SP1A27KFY4XERQCCRCARCYD1CC5N7M6688BSYADJ7.v0-8-market,collateral-remove-redeem,SP2R8C36A8KVBBWYC4ASD6V36S2E9VJ0FXWV2T4CP,2026-09-04T03:46:16Z,18,120,102,success,(ok u99999999),ok,
2026-09-04T03:51:28Z,8913623,0xf643b171c03a10ce5e028b28c136f5df638d0f633069ff83e805852484209dc5,zest-v2,SP1A27KFY4XERQCCRCARCYD1CC5N7M6688BSYADJ7.v0-8-market,supply-collateral-add,SP2R8C36A8KVBBWYC4ASD6V36S2E9VJ0FXWV2T4CP,2026-09-04T03:51:16Z,12,120,108,success,(ok u696086974),ok,
2026-09-04T03:52:07Z,8913626,0x30eeeae6f8e37c95fcbd6670f01e5f700e1c49c3497279685a4678da77ecb765,granite-usdcx,SP3M2BYF7RGF8WKW5FVDNJ6WR8D7AR9BHDXAKPXZE.state-v1,remove-collateral,SP33HRNWBTQK9GEPQN7G4SD9D7RCNGAQZDM53EHX4,2026-09-04T03:51:33Z,34,300,266,success,(ok true),ok,
2026-09-04T03:54:09Z,8913636,0xa028877e97bc8dfd89fd4738b5303600b8825d982b2958918429f94f108d7e52,zest-v2,SP1A27KFY4XERQCCRCARCYD1CC5N7M6688BSYADJ7.v0-8-market,borrow,SP16GZQEWNJ8S05KQY0T0Z2KQ070WSSK96B99EN0E,2026-09-04T03:53:49Z,20,120,100,success,(ok true),ok,
2026-09-04T04:22:07Z,8913781,0xfedc7929f0528bb7fa5f6bddea7f63070f879381155b72ba568e08aeb71a5554,zest-v2,SP1A27KFY4XERQCCRCARCYD1CC5N7M6688BSYADJ7.v0-8-market,supply-collateral-add,SPSGJJQFY6ETD2ZFZR141ZDDRYGWAM2GKPBCASMB,2026-09-04T04:21:35Z,32,120,88,success,(ok u214935),ok,
2026-09-04T04:23:28Z,8913789,0xd18900b1f20256844b4c5c183588d43e3ddf70dc248fcef9cbef03a53097c0bd,zest-v2,SP1A27KFY4XERQCCRCARCYD1CC5N7M6688BSYADJ7.v0-8-market,collateral-remove-redeem,SPCE87V29VDPEAS925YMV2VG3CMBHY0BXKB08NA4,2026-09-04T04:23:13Z,15,120,105,success,(ok u5120099),ok,
2026-09-04T04:35:40Z,8913844,0x3f2b4af6b2a10ed97de5c5b8062628b972bbb2fcafaa90d7eb6311f2dbf35f7a,zest-v2,SP1A27KFY4XERQCCRCARCYD1CC5N7M6688BSYADJ7.v0-8-market,borrow,SP16GZQEWNJ8S05KQY0T0Z2KQ070WSSK96B99EN0E,2026-09-04T04:35:27Z,13,120,107,success,(ok true),ok,
2026-09-04T05:10:50Z,8914030,0xe6198cc854a0e71b22eef4b9bc524e9e49187b8ea9d78545a91fbd94d53b6eba,zest-v2,SP1A27KFY4XERQCCRCARCYD1CC5N7M6688BSYADJ7.v0-8-market,borrow,SP1NQCKQFGYKX95N3X65Y6JJQ01NCR923RS93YEDP,2026-09-04T05:10:08Z,42,120,78,success,(ok true),ok,
2026-09-04T05:27:54Z,8914138,0xb60426a66889b128916c748968b56980b29e0b1862ec85c810eaafc30e393587,zest-v2,SP1A27KFY4XERQCCRCARCYD1CC5N7M6688BSYADJ7.v0-8-market,collateral-remove-redeem,SP2R8C36A8KVBBWYC4ASD6V36S2E9VJ0FXWV2T4CP,2026-09-04T05:27:38Z,16,120,104,success,(ok u999999),ok,
2026-09-04T05:42:21Z,8914228,0x95469eaef7ddf8db9907e870c19cc7e0e0d82a001bd0676f38d99154ad10ab7d,zest-v2,SP1A27KFY4XERQCCRCARCYD1CC5N7M6688BSYADJ7.v0-8-market,borrow,SP3WAAYXPC6WZNEC7SHGR36D32RJPZVXRR1BG0QSY,2026-09-04T05:41:47Z,34,120,86,success,(ok true),ok,
2026-09-04T05:46:03Z,8914251,0xa75406724f1778ce0de29f93894f21edf08ee232b54cc88da74ce6941f1325d6,zest-v2,SP1A27KFY4XERQCCRCARCYD1CC5N7M6688BSYADJ7.v0-8-market,supply-collateral-add,SP288D9CSDS3C10Z5C5J0R2ZE51HKZ35W4XWXKW7H,2026-09-04T05:45:52Z,11,120,109,success,(ok u2012337868),ok,
2026-09-04T07:24:20Z,8914722,0x14778ec70ef47098a6a1fc2a50e94a14fd3c3414050aa1c322a1cfef90e334c9,zest-v2,SP1A27KFY4XERQCCRCARCYD1CC5N7M6688BSYADJ7.v0-8-market,collateral-remove-redeem,SP158378PVRA077MC9851WTVSF7G3MES99HPJ26DW,2026-09-04T07:23:52Z,28,120,92,success,(ok u7003091),ok,
2026-09-04T07:53:01Z,8914884,0xfc5795d5c7f0bd374d2a50ffdb26d988414bd23805dc54f704cf180ec8b69b60,granite-usdcx,SP3M2BYF7RGF8WKW5FVDNJ6WR8D7AR9BHDXAKPXZE.state-v1,borrow,SP3QXCV3CDV124V6XXJN1HXY3KXCSG30P9XFT3ZSK,2026-09-04T07:51:18Z,103,300,197,success,(ok true),ok,
2026-09-04T07:56:44Z,8914909,0xa47963a6b800bfa065ab4166e88abd1caeb56a9dc2b897d48713247af90d5bb4,granite-usdcx,SP3M2BYF7RGF8WKW5FVDNJ6WR8D7AR9BHDXAKPXZE.state-v1,borrow,SP17MRV60MP61BRP9QJC92GHV1PQYDCE5KH99AEHQ,2026-09-04T07:55:19Z,85,300,215,success,(ok true),ok,
2026-09-04T08:11:05Z,8914976,0x8ed04aec63321d1ee6afe54a4530a430f42ae969828864502b0475252088b0fd,zest-v2,SP1A27KFY4XERQCCRCARCYD1CC5N7M6688BSYADJ7.v0-8-market,borrow,SP288D9CSDS3C10Z5C5J0R2ZE51HKZ35W4XWXKW7H,2026-09-04T08:10:20Z,45,120,75,success,(ok true),ok,
2026-09-04T08:11:53Z,8914981,0xada845d80afceee9b699afb2db0206a30e120d99f19eae3fa299601ce0b3959a,zest-v2,SP1A27KFY4XERQCCRCARCYD1CC5N7M6688BSYADJ7.v0-8-market,supply-collateral-add,SP288D9CSDS3C10Z5C5J0R2ZE51HKZ35W4XWXKW7H,2026-09-04T08:11:41Z,12,120,108,success,(ok u3011704024),ok,
2026-09-04T09:27:52Z,8915397,0x8a6ebf674e9f42bd1721a451e23ecabb08c16c13a90c4f9f2f20d3ccbbbfc0f8,zest-v2,SP1A27KFY4XERQCCRCARCYD1CC5N7M6688BSYADJ7.v0-8-market,supply-collateral-add,SP25K9JNFTSTGFDG89BZT121CE0S1DZP91QFHJ0W5,2026-09-04T09:26:28Z,84,120,36,success,(ok u36354339536),ok,
2026-09-04T10:17:12Z,8915636,0xc2525e33b9d3dd4c4ed16711e0f6c0bdd4cbfe0a0077100f63ce2f316f95d45d,zest-v1,SP2VCQJGH7PHP2DJK7Z0V48AGBHQAW3R3ZW1QF4N.borrow-helper-v2-1-8,liquidation-call,SPP6CG3E4VKDGC1NW7AQMMHCD6053152X9DNT12C,2026-09-04T10:16:46Z,26,360,334,abort_by_response,(err u90000),revert:non-oracle,
2026-09-04T10:17:12Z,8915636,0x6fa09658dc1a39bf8c0c85eaa498c61275f0a03479c8e880e4b680f1b90e489e,zest-v1,SP2VCQJGH7PHP2DJK7Z0V48AGBHQAW3R3ZW1QF4N.borrow-helper-v2-1-8,liquidation-call,SPP6CG3E4VKDGC1NW7AQMMHCD6053152X9DNT12C,2026-09-04T10:16:46Z,26,360,334,abort_by_response,(err u90000),revert:non-oracle,
2026-09-04T11:19:25Z,8915943,0xdfd55794bd1393b4dba49e9bab6b240078ab32cb665034995791bf330783aa2c,zest-v2,SP1A27KFY4XERQCCRCARCYD1CC5N7M6688BSYADJ7.v0-8-market,open-position,SP169B16CWAQCCP764H7SDGBVN7QMT0M2G57FYJV4,2026-09-04T11:19:15Z,10,120,110,success,(ok true),ok,
2026-09-04T11:19:52Z,8915945,0x171a36a7df9dc6b1a7fbee3272a4f82cb112212c47e745bf8caaa6f96b1515dc,zest-v2,SP1A27KFY4XERQCCRCARCYD1CC5N7M6688BSYADJ7.v0-8-market,add-collateral,SP169B16CWAQCCP764H7SDGBVN7QMT0M2G57FYJV4,2026-09-04T11:19:42Z,10,120,110,success,(ok true),ok,
2026-09-04T11:20:55Z,8915951,0xbdf0669995d75e05a67d204c7de1bde421db8f767686b6f83ff5a91dcf43effe,zest-v2,SP1A27KFY4XERQCCRCARCYD1CC5N7M6688BSYADJ7.v0-8-market,add-collateral,SP169B16CWAQCCP764H7SDGBVN7QMT0M2G57FYJV4,2026-09-04T11:20:36Z,19,120,101,success,(ok true),ok,
2026-09-04T11:21:43Z,8915955,0xc17c29fcb4c00749db2bef144af221b7ae80f10d175099ea4e062117d3cd6311,zest-v2,SP1A27KFY4XERQCCRCARCYD1CC5N7M6688BSYADJ7.v0-8-market,add-collateral,SP169B16CWAQCCP764H7SDGBVN7QMT0M2G57FYJV4,2026-09-04T11:21:39Z,4,120,116,success,(ok true),ok,
2026-09-04T11:22:40Z,8915961,0x98732cfde26c69ea801d6c6c58af87fa49db3cb3d073d576f5d2b657de9bc395,zest-v2,SP1A27KFY4XERQCCRCARCYD1CC5N7M6688BSYADJ7.v0-8-market,add-collateral,SP169B16CWAQCCP764H7SDGBVN7QMT0M2G57FYJV4,2026-09-04T11:22:23Z,17,120,103,success,(ok true),ok,
2026-09-04T11:23:53Z,8915968,0x9072502464dce9873ec414393fc3ba1270a79e71797e1f98a16162f519864643,zest-v2,SP1A27KFY4XERQCCRCARCYD1CC5N7M6688BSYADJ7.v0-8-market,add-collateral,SP169B16CWAQCCP764H7SDGBVN7QMT0M2G57FYJV4,2026-09-04T11:23:37Z,16,120,104,success,(ok true),ok,
2026-09-04T11:24:58Z,8915974,0xbd1305198deae2558a8823c898263a1795f1480f6c27f435b94214a64f2b3175,zest-v2,SP1A27KFY4XERQCCRCARCYD1CC5N7M6688BSYADJ7.v0-8-market,add-collateral,SP169B16CWAQCCP764H7SDGBVN7QMT0M2G57FYJV4,2026-09-04T11:24:47Z,11,120,109,success,(ok true),ok,
2026-09-04T11:25:59Z,8915980,0x75d8b1c0540ded32b80d9a177a7c097890cf2265a0576ccfbff5c2f869ce2d19,zest-v2,SP1A27KFY4XERQCCRCARCYD1CC5N7M6688BSYADJ7.v0-8-market,add-collateral,SP169B16CWAQCCP764H7SDGBVN7QMT0M2G57FYJV4,2026-09-04T11:25:39Z,20,120,100,success,(ok true),ok,
2026-09-04T11:26:45Z,8915985,0xe9cfa0365a10ad151ad12650ac38d764f82eaf960b21b41c51613623b13c13c4,zest-v2,SP1A27KFY4XERQCCRCARCYD1CC5N7M6688BSYADJ7.v0-8-market,add-collateral,SP169B16CWAQCCP764H7SDGBVN7QMT0M2G57FYJV4,2026-09-04T11:26:39Z,6,120,114,success,(ok true),ok,
2026-09-04T11:38:45Z,8916056,0x911c92aabdae1bdefe846df00315de0b5217cb9b9bc695e81e337d0de7421c62,zest-v2,SP1A27KFY4XERQCCRCARCYD1CC5N7M6688BSYADJ7.v0-8-market,add-collateral,SP169B16CWAQCCP764H7SDGBVN7QMT0M2G57FYJV4,2026-09-04T11:38:31Z,14,120,106,success,(ok true),ok,
2026-09-04T11:50:23Z,8916121,0x2b7b737eae7afe571180501fde22ee8009ba06b45aa2354aff4d0b3bd37283a2,zest-v2,SP1A27KFY4XERQCCRCARCYD1CC5N7M6688BSYADJ7.v0-8-market,borrow,SP3KPRN53ZGD45B3WRTDMZZEHBJSFQ8AKN9RE6FKS,2026-09-04T11:49:58Z,25,120,95,success,(ok true),ok,
2026-09-04T12:14:44Z,8916250,0x5639796da8f4bdcc24e495d646a95839221c63d9baa42ae35495448c09b6f0bf,zest-v2,SP1A27KFY4XERQCCRCARCYD1CC5N7M6688BSYADJ7.v0-8-market,supply-collateral-add,SP3A7MGAH0SKC1ACS854PHXHVWE031FYQCBA8M51D,2026-09-04T12:14:32Z,12,120,108,success,(ok u49892769621),ok,
2026-09-04T12:15:23Z,8916253,0x11adb67772140ff90961aeb5521ccb8b6306f4fa45b2458f863f0ccce0a6c622,zest-v2,SP1A27KFY4XERQCCRCARCYD1CC5N7M6688BSYADJ7.v0-8-market,borrow,SP3A7MGAH0SKC1ACS854PHXHVWE031FYQCBA8M51D,2026-09-04T12:15:08Z,15,120,105,success,(ok true),ok,
2026-09-04T13:07:37Z,8916498,0x954d45a8b37b5c9cae5a4b1363164672de4eb27a9c48a4ed1fecabc2b3c2661d,zest-v2,SP1A27KFY4XERQCCRCARCYD1CC5N7M6688BSYADJ7.v0-8-market,borrow,SP2KT5QAA7WP41DC83BR5J6T8TZXSDX7YXFFSPXV,2026-09-04T13:06:55Z,42,120,78,success,(ok true),ok,
2026-09-04T13:13:06Z,8916519,0xdc39fbbdedf84cc964b8a9a36a3d4f34af310a6ffef7ec9b99f6f847181d3e9d,zest-v2,SP1A27KFY4XERQCCRCARCYD1CC5N7M6688BSYADJ7.v0-8-market,borrow,SP2Y8413YYHHEY7XVV9Z9NSHJCN5Y4AVPA70P11FJ,2026-09-04T13:12:31Z,35,120,85,success,(ok true),ok,
2026-09-04T13:16:28Z,8916535,0xacb55c0f162ddd1b30e4109803da5f6f3a116143672ed1dda8e8a8ace78e9633,zest-v2,SP1A27KFY4XERQCCRCARCYD1CC5N7M6688BSYADJ7.v0-8-market,borrow,SP2TZ63CQSBF7AD4DKK291JMXD19SJJX593K29QFK,2026-09-04T13:15:35Z,53,120,67,success,(ok true),ok,
2026-09-04T13:21:05Z,8916561,0x9e615c297da2e3f6a48c475986ba88864faef9116542c47e04a2701389f5b52f,zest-v2,SP1A27KFY4XERQCCRCARCYD1CC5N7M6688BSYADJ7.v0-8-market,borrow,SP39DC776TVRWSPSXNXCCM80APY6EBV4J1Y3HAZYJ,2026-09-04T13:20:23Z,42,120,78,success,(ok true),ok,
2026-09-04T13:52:23Z,8916735,0xac45f970d8bd34980c56a2606b1934696cfeab38c6d0e0675983cdc0ee45b409,zest-v2,SP1A27KFY4XERQCCRCARCYD1CC5N7M6688BSYADJ7.v0-8-market,borrow,SPCE87V29VDPEAS925YMV2VG3CMBHY0BXKB08NA4,2026-09-04T13:51:53Z,30,120,90,success,(ok true),ok,
2026-09-04T14:42:03Z,8916959,0xc3b2aacf12bba12e38b8ce85429624d22781e932997e1da6a6d4d74f9733869c,zest-v2,SP1A27KFY4XERQCCRCARCYD1CC5N7M6688BSYADJ7.v0-8-market,collateral-remove,SP3QK9QYVEND2VRNMV263SCZF8H52HT3JTPHGZFHT,2026-09-04T14:41:51Z,12,120,108,success,(ok u0),ok,
2026-09-04T14:55:44Z,8917016,0xc2069482e5cd5350141e4fb62e0b21bc18b128b66efae74f926b4a5c96ff40a0,zest-v2,SP1A27KFY4XERQCCRCARCYD1CC5N7M6688BSYADJ7.v0-8-market,collateral-remove-redeem,SP3XBCE7R73W9TPWSM3B1NYKHYY9P5K81HE0TWPRP,2026-09-04T14:55:02Z,42,120,78,success,(ok u2090001665),ok,
2026-09-04T15:35:51Z,8917220,0x16a216bd0bbee741bacf6ccb567027cce7f7c701fcd1677824bc4971ea53e084,zest-v1,SP2VCQJGH7PHP2DJK7Z0V48AGBHQAW3R3ZW1QF4N.borrow-helper-v2-1-8,withdraw,SP1T12938AEDPVPK0QMK6FAB1JMJZMBZVFJXQTV1P,2026-09-04T15:35:43Z,8,360,352,success,(ok true),ok,
2026-09-04T15:38:48Z,8917238,0x03f22d9c119a415ac0afefdf5362172a9bd04d44b0db19f294be8e0abd42efe3,zest-v1,SP2VCQJGH7PHP2DJK7Z0V48AGBHQAW3R3ZW1QF4N.borrow-helper-v2-1-8,withdraw,SP1T12938AEDPVPK0QMK6FAB1JMJZMBZVFJXQTV1P,2026-09-04T15:38:36Z,12,360,348,success,(ok true),ok,
2026-09-04T15:48:48Z,8917292,0x6ec94b75943362c13176c920f47ba1655338ca60dafbb2798cc19bf99a9da3d1,zest-v1,SP2VCQJGH7PHP2DJK7Z0V48AGBHQAW3R3ZW1QF4N.borrow-helper-v2-1-8,withdraw,SP1T12938AEDPVPK0QMK6FAB1JMJZMBZVFJXQTV1P,2026-09-04T15:48:08Z,40,360,320,success,(ok true),ok,
2026-09-04T15:53:56Z,8917315,0x4c3497fd03d592876902c3d35e3cae3d8cc1a2a1adbe808c6c08f5c2b3c39e75,zest-v2,SP1A27KFY4XERQCCRCARCYD1CC5N7M6688BSYADJ7.v0-8-market,borrow,SP2ZM1KNQNS96RM1MAJTZV7WE7F38GFGRND4E80DW,2026-09-04T15:53:26Z,30,120,90,success,(ok true),ok,
2026-09-04T15:56:30Z,8917324,0x949c0291aba64a2bad25a3f12c50c630d2d7ae29f620a0c065ef5d7cab3b2f82,zest-v2,SP1A27KFY4XERQCCRCARCYD1CC5N7M6688BSYADJ7.v0-8-market,supply-collateral-add,SP2ZM1KNQNS96RM1MAJTZV7WE7F38GFGRND4E80DW,2026-09-04T15:56:14Z,16,120,104,success,(ok u153654721),ok,
2026-09-04T16:11:11Z,8917399,0xcafdf09bb94ed308f6a25abcb5db946a4e0b8f570139db7d2afc0df32e337479,zest-v2,SP1A27KFY4XERQCCRCARCYD1CC5N7M6688BSYADJ7.v0-8-market,supply-collateral-add,SP2CCCQP1WN3FG67K3V4S85JG9SRZN2KKRJ3M3GNG,2026-09-04T16:10:30Z,41,120,79,success,(ok u309692448),ok,
2026-09-04T16:14:34Z,8917422,0xc6f414fd2c277b244a3cd4aecac6f1fc8b94ebdd277feb91ce6a88146a275593,zest-v2,SP1A27KFY4XERQCCRCARCYD1CC5N7M6688BSYADJ7.v0-8-market,borrow,SP2CCCQP1WN3FG67K3V4S85JG9SRZN2KKRJ3M3GNG,2026-09-04T16:14:07Z,27,120,93,success,(ok true),ok,
2026-09-04T16:23:38Z,8917479,0xf99c01f60309f6c99ffc2d574fe35e4b1b6911573f20dfacc9baf3c99709f4cc,zest-v2,SP1A27KFY4XERQCCRCARCYD1CC5N7M6688BSYADJ7.v0-8-market,supply-collateral-add,SP3KMYS5X3XJ1K9H7J39J1ZZYRGRM8VFEXG46W1V6,2026-09-04T16:23:27Z,11,120,109,success,(ok u10298),ok,
2026-09-04T16:25:14Z,8917486,0x04f6488f8b98c0ebf8e13327a31fa42e3f365f1acf158f375d6c4b933f543da9,zest-v2,SP1A27KFY4XERQCCRCARCYD1CC5N7M6688BSYADJ7.v0-8-market,supply-collateral-add,SP2YXABHBC6HPV6NZHGFQW46AKK37EPAKR6NJPE5D,2026-09-04T16:25:06Z,8,120,112,success,(ok u9913),ok,
2026-09-04T16:25:59Z,8917490,0xca5a9e6f8b5a4493ef1b1559b26d2bbd3f11233c430e80b3bc56a230c30d0afa,zest-v2,SP1A27KFY4XERQCCRCARCYD1CC5N7M6688BSYADJ7.v0-8-market,collateral-remove-redeem,SP11V06SCB4TZYNPX0M5G03BCH81CZCQTV84673M5,2026-09-04T16:25:37Z,22,120,98,success,(ok u4981353),ok,
2026-09-04T16:26:19Z,8917492,0xc5f9af214e7a3a0598d3fad663c794250d71dd3f047340221c041fc243e5258b,zest-v2,SP1A27KFY4XERQCCRCARCYD1CC5N7M6688BSYADJ7.v0-8-market,supply-collateral-add,SP2GM0EQ6Y666AXN5JP78FXEAHJAWVXZ42T5V3MVV,2026-09-04T16:26:06Z,13,120,107,success,(ok u10280),ok,
2026-09-04T16:28:58Z,8917506,0xbc85bf8915d42d1d27e5499e631f6816df042f287a8fc6713230fbec4bceb8bf,zest-v2,SP1A27KFY4XERQCCRCARCYD1CC5N7M6688BSYADJ7.v0-8-market,supply-collateral-add,SP2TXQBW3GMWJTD5QB8A9QP60VH8AMQWKFWWXWN6G,2026-09-04T16:28:10Z,48,120,72,success,(ok u8306),ok,
2026-09-04T16:40:48Z,8917556,0xa155a40d9620039583b4e6a3d3c9f97aef768ca20ad5c04572eccc2a1b009ebf,zest-v2,SP1A27KFY4XERQCCRCARCYD1CC5N7M6688BSYADJ7.v0-8-market,supply-collateral-add,SP3Z2867B5R95YWGQ7B2RYRETKVK766D4483EJBDR,2026-09-04T16:40:37Z,11,120,109,success,(ok u170670241114),ok,
2026-09-04T16:55:01Z,8917626,0x74f4d7d77de0cf70fb19e2a1005c87d5ef57d911aed4955b29a555fc2798ae4a,zest-v2,SP1A27KFY4XERQCCRCARCYD1CC5N7M6688BSYADJ7.v0-8-market,supply-collateral-add,SP3B1CZJ53P3Y5WEY2A1JFJ6QJYTPA44MY3HXTKEF,2026-09-04T16:54:48Z,13,120,107,success,(ok u82611),ok,
2026-09-04T19:32:00Z,8918393,0x74680d9498699caacb14a7763e5d9301fdc869e0c4e5cb47e892e3469688236e,zest-v2,SP1A27KFY4XERQCCRCARCYD1CC5N7M6688BSYADJ7.v0-8-market,collateral-remove-redeem,SP22H4KA8XSCKTT39J8JJSJ8MYMGJW1WV21X3634C,2026-09-04T19:31:48Z,12,120,108,success,(ok u319999),ok,
2026-09-04T19:43:40Z,8918450,0x1879aa33d3e07debfc4a4766993c3195d27bf5ba97ead312388daf8413959fcd,zest-v2,SP1A27KFY4XERQCCRCARCYD1CC5N7M6688BSYADJ7.v0-8-market,supply-collateral-add,SP2ZM1KNQNS96RM1MAJTZV7WE7F38GFGRND4E80DW,2026-09-04T19:43:17Z,23,120,97,success,(ok u153678371),ok,
2026-09-04T22:29:43Z,8919348,0xe1f7e5688991dbe5dbe03665e6274f02084cc919f2f70e2e3158abbb2e2947ca,zest-v2,SP1A27KFY4XERQCCRCARCYD1CC5N7M6688BSYADJ7.v0-8-market,collateral-remove-redeem,SP11ED0PQ29DH9BBRSFCVGZ7KP1XK5J94QW6AHPRP,2026-09-04T22:29:21Z,22,120,98,success,(ok u156188943),ok,
2026-09-04T22:47:11Z,8919434,0x887655d2191a5fe3926aa16e8c0eb81782e906febd9c552777746d088b1e1048,zest-v1,SP2VCQJGH7PHP2DJK7Z0V48AGBHQAW3R3ZW1QF4N.borrow-helper-v2-1-8,withdraw,SM1EXAREHM9QJ71MDMC810N6HF3QYQHKR01XM36JP,2026-09-04T22:43:24Z,227,360,133,success,(ok true),ok,
2026-09-04T23:31:02Z,8919654,0x12dd8c83664d3afecdd540bbf4ee532411a939ad442c1af5f4d7b22321459dd4,zest-v2,SP1A27KFY4XERQCCRCARCYD1CC5N7M6688BSYADJ7.v0-8-market,collateral-remove-redeem,SP288D9CSDS3C10Z5C5J0R2ZE51HKZ35W4XWXKW7H,2026-09-04T23:30:53Z,9,120,111,success,(ok u1000000500),ok,
2026-09-05T00:12:23Z,8919848,0x3d9dbc4d76c98b7ee0cdb3388ec9c27ff24f559b720ef8a61d222999c81c9890,zest-v2,SP1A27KFY4XERQCCRCARCYD1CC5N7M6688BSYADJ7.v0-8-market,supply-collateral-add,SP288D9CSDS3C10Z5C5J0R2ZE51HKZ35W4XWXKW7H,2026-09-05T00:12:12Z,11,120,109,success,(ok u2016210567),ok,
2026-09-05T00:42:00Z,8919959,0x59e490a372d65ca301d8f9606decd061aeca8b26d20f74fd0e8a882b201d1c02,zest-v2,SP1A27KFY4XERQCCRCARCYD1CC5N7M6688BSYADJ7.v0-8-market,collateral-remove-redeem,SP19J34B0X3XQM4KV41X3BF3NX50PE41JPSMNXT6M,2026-09-05T00:41:49Z,11,120,109,success,(ok u4272467603),ok,
2026-09-05T00:47:33Z,8919980,0xf48ec74e3b8e6ea42348705373ed0f05a1183ae15081ab4c92d76e1acb0df156,zest-v2,SP1A27KFY4XERQCCRCARCYD1CC5N7M6688BSYADJ7.v0-8-market,borrow,SP1EKDMMG508FY96RSEQ1EFGGZ6J8T8DCDPAM12HS,2026-09-05T00:47:11Z,22,120,98,success,(ok true),ok,
2026-09-05T00:50:16Z,8919993,0x38eb5a16f276e9bb324d48259d1e9f1102fb57ad486ba90f8564bca72ea47d70,zest-v2,SP1A27KFY4XERQCCRCARCYD1CC5N7M6688BSYADJ7.v0-8-market,supply-collateral-add,SP2ZM1KNQNS96RM1MAJTZV7WE7F38GFGRND4E80DW,2026-09-05T00:49:57Z,19,120,101,success,(ok u153689250),ok,
2026-09-05T00:57:37Z,8920033,0x30a2395559f623c9702877e10b165d35b01e112b7951e143e74b6b4a6a67187f,zest-v2,SP1A27KFY4XERQCCRCARCYD1CC5N7M6688BSYADJ7.v0-8-market,supply-collateral-add,SP2ZM1KNQNS96RM1MAJTZV7WE7F38GFGRND4E80DW,2026-09-05T00:57:10Z,27,120,93,success,(ok u153695546),ok,
2026-09-05T00:57:37Z,8920033,0x92570eafb50fc450c1b6f68262e148c8804c1975e8a92626a7e379bfa85d87a5,zest-v2,SP1A27KFY4XERQCCRCARCYD1CC5N7M6688BSYADJ7.v0-8-market,supply-collateral-add,SP19J34B0X3XQM4KV41X3BF3NX50PE41JPSMNXT6M,2026-09-05T00:57:24Z,13,120,107,success,(ok u4269753664),ok,
2026-09-05T01:04:58Z,8920071,0x3c8263c2720110cf66078fee5acf0c7e40c6341fc5af073f4a593ea7c24c0b6f,zest-v2,SP1A27KFY4XERQCCRCARCYD1CC5N7M6688BSYADJ7.v0-8-market,supply-collateral-add,SP2ZM1KNQNS96RM1MAJTZV7WE7F38GFGRND4E80DW,2026-09-05T01:04:39Z,19,120,101,success,(ok u153733525),ok,
2026-09-05T01:10:11Z,8920100,0x74faaac2110bec39cb2f2155c8c9c99c6f5d17a109e6916c076bc3b10d90c5ea,zest-v1,SP2VCQJGH7PHP2DJK7Z0V48AGBHQAW3R3ZW1QF4N.borrow-helper-v2-1-8,withdraw,SP2GMT23R9WWF12B9S1795RPV18PG50S1V66DNK22,2026-09-05T01:09:42Z,29,360,331,success,(ok true),ok,
2026-09-05T01:18:25Z,8920148,0xb77fc278e9b85a0c6a3c873bd1c3cde07caf2cd646330dea4b87ecfcbd1f3f65,zest-v2,SP1A27KFY4XERQCCRCARCYD1CC5N7M6688BSYADJ7.v0-8-market,supply-collateral-add,SP1ZJHN74VH26SPHHJB4YP6NSEYVKFZD1W0ZK5K9H,2026-09-05T01:18:11Z,14,120,106,success,(ok u3754630516),ok,
2026-09-05T01:39:06Z,8920263,0xd7a92d98ad6967b8c2bf4a560cdae06a7d37fe5dd121b13297644cee8a25f50a,zest-v1,SP2VCQJGH7PHP2DJK7Z0V48AGBHQAW3R3ZW1QF4N.borrow-helper-v2-1-8,withdraw,SP1273QGV0M6K7982ZEWPZKB06RHRXM3NM7G4X0CS,2026-09-05T01:38:58Z,8,360,352,success,(ok true),ok,
2026-09-05T01:39:59Z,8920268,0x42f5963254c0954482f5dcaeffd6e9a6ebe8ed3238e89c042778aeb6b58c4773,zest-v2,SP1A27KFY4XERQCCRCARCYD1CC5N7M6688BSYADJ7.v0-8-market,supply-collateral-add,SP1273QGV0M6K7982ZEWPZKB06RHRXM3NM7G4X0CS,2026-09-05T01:39:40Z,19,120,101,success,(ok u4171075209),ok,
2026-09-05T02:17:55Z,8920455,0x2cd5b134d3080975c13eb1ea9d91a73aab7c9985cb92e0f750e3ef14fe7ab3ea,zest-v2,SP1A27KFY4XERQCCRCARCYD1CC5N7M6688BSYADJ7.v0-8-market,collateral-remove-redeem,SP3A7MGAH0SKC1ACS854PHXHVWE031FYQCBA8M51D,2026-09-05T02:17:39Z,16,120,104,success,(ok u50000614474),ok,
2026-09-05T04:16:43Z,8921064,0x966741006ccd343b5488d28f61f55a802f9fc8cdf6784ddb0b205a912c06c27d,zest-v2,SP1A27KFY4XERQCCRCARCYD1CC5N7M6688BSYADJ7.v0-8-market,supply-collateral-add,SP3A7MGAH0SKC1ACS854PHXHVWE031FYQCBA8M51D,2026-09-05T04:16:28Z,15,120,105,success,(ok u49892068941),ok,
2026-09-05T04:17:13Z,8921067,0xc32a9e6376107c63b9d640abff63a90dd8d4e4fdbfe65bcc02bd4b4d63e0226f,zest-v2,SP1A27KFY4XERQCCRCARCYD1CC5N7M6688BSYADJ7.v0-8-market,borrow,SP3A7MGAH0SKC1ACS854PHXHVWE031FYQCBA8M51D,2026-09-05T04:17:04Z,9,120,111,success,(ok true),ok,
2026-09-05T05:52:10Z,8921561,0x94447cde3aa0d7382dbf9358f2abec8ad831f428cd9037ff6ebddfd42f5f12c1,zest-v2,SP1A27KFY4XERQCCRCARCYD1CC5N7M6688BSYADJ7.v0-8-market,supply-collateral-add,SP2TZ63CQSBF7AD4DKK291JMXD19SJJX593K29QFK,2026-09-05T05:51:02Z,68,120,52,success,(ok u1094165800),ok,
2026-09-05T07:06:15Z,8921926,0x58966941af226503f6f4678166837c967bbef24a307a67bb912fff71f6d79e87,zest-v2,SP1A27KFY4XERQCCRCARCYD1CC5N7M6688BSYADJ7.v0-8-market,supply-collateral-add,SP2R8C36A8KVBBWYC4ASD6V36S2E9VJ0FXWV2T4CP,2026-09-05T07:05:17Z,58,120,62,success,(ok u696086973),ok,
2026-09-05T07:40:18Z,8922096,0x197dc2245451116b55407ef7ca8d520c74493fc48fb95440f1a51a0731b647ed,zest-v1,SP2VCQJGH7PHP2DJK7Z0V48AGBHQAW3R3ZW1QF4N.borrow-helper-v2-1-8,withdraw,SP2M3DMQZCC70RGKH6VKYY81RYGCDYWSNVRC934G0,2026-09-05T07:39:50Z,28,360,332,success,(ok true),ok,
2026-09-05T08:16:03Z,8922285,0xc05f904d9193135255fab0665a3fda8bb360705998125cb7b4cae1d9d255c13a,zest-v2,SP1A27KFY4XERQCCRCARCYD1CC5N7M6688BSYADJ7.v0-8-market,borrow,SP2PKX3NAER3T40ECAYAVZESCGA42B6BP50K6ENKM,2026-09-05T08:15:33Z,30,120,90,success,(ok true),ok,
2026-09-05T08:36:37Z,8922378,0x18704e1421379d6b2d9b587997ab7283d63ab2e3112dab7064b186551ad4be4d,zest-v2,SP1A27KFY4XERQCCRCARCYD1CC5N7M6688BSYADJ7.v0-8-market,supply-collateral-add,SP2JKYBD7EG4EGZADC6DTJ9Y86KAVFB0NQHTQY1EB,2026-09-05T08:36:10Z,27,120,93,success,(ok u57000000),ok,
2026-09-05T09:08:40Z,8922539,0x727e96bb30cde89529e78a5a47ee76b7276fe60bddb9a38a35cf2bfbeb8651a8,zest-v2,SP1A27KFY4XERQCCRCARCYD1CC5N7M6688BSYADJ7.v0-8-market,supply-collateral-add,SP31A0B5K60KHWM3S3JD0B47TG3R43PT1KRV7V53B,2026-09-05T09:08:15Z,25,120,95,success,(ok u27691236),ok,
2026-09-05T09:08:58Z,8922541,0x3e330d37567dce8d6a38ab8f7f40713f0c6c4192c6d7f7300519f4c869478ee0,zest-v2,SP1A27KFY4XERQCCRCARCYD1CC5N7M6688BSYADJ7.v0-8-market,collateral-remove-redeem,SP1GWNW9GKX5WT7GPPB8S0BKXD257VGFYY24X0C74,2026-09-05T09:08:47Z,11,120,109,success,(ok u1499999),ok,
2026-09-05T09:41:22Z,8922700,0x691a9e2c7491a203b2ebf03c89823530656e5015870b5e066f1deb012a77cbd1,zest-v2,SP1A27KFY4XERQCCRCARCYD1CC5N7M6688BSYADJ7.v0-8-market,supply-collateral-add,SP1NCG226XTNTTW0H34735VW446WR8AEYCY8Z3YBA,2026-09-05T09:41:00Z,22,120,98,success,(ok u10124833),ok,
2026-09-05T09:53:55Z,8922766,0xef3540f8ff3c55ff60e49318be0ff56732c9ae81b9da65cdd81e54ca12718628,zest-v2,SP1A27KFY4XERQCCRCARCYD1CC5N7M6688BSYADJ7.v0-8-market,collateral-remove-redeem,SP1KMAA7TPZ5AZZ4W67X74MJNFKMN576604CWNBQS,2026-09-05T09:53:32Z,23,120,97,success,(ok u1722663587),ok,
2026-09-05T09:58:33Z,8922785,0x7a2754c18cfdd1c5322138e7bcd840c1cfd361b1f2b31774d4858ab5ef8f34e3,zest-v2,SP1A27KFY4XERQCCRCARCYD1CC5N7M6688BSYADJ7.v0-8-market,supply-collateral-add,SP3RHMSDP789FGABRWPEMDPC3C3A0HX44RVB9CD3,2026-09-05T09:58:14Z,19,120,101,success,(ok u97836),ok,
2026-09-05T09:58:46Z,8922786,0x22c105969fae6c3c52112e11f6a32452dcbb56f6917066851adf01682dce1c91,zest-v2,SP1A27KFY4XERQCCRCARCYD1CC5N7M6688BSYADJ7.v0-8-market,collateral-remove-redeem,SP1KMAA7TPZ5AZZ4W67X74MJNFKMN576604CWNBQS,2026-09-05T09:58:32Z,14,120,106,success,(ok u5160097322),ok,
2026-09-05T10:10:04Z,8922833,0x1160a74af418347c7140a50852f485eb3bd9cbff6a485364a451739f8fa15bdd,zest-v1,SP2VCQJGH7PHP2DJK7Z0V48AGBHQAW3R3ZW1QF4N.borrow-helper-v2-1-8,withdraw,SP1F2992ZXH56SK8FDQPHQZRVWYMRG23XCDHAVGF3,2026-09-05T10:09:54Z,10,360,350,success,(ok true),ok,
2026-09-05T10:42:57Z,8922990,0xe75e3e87e7cc89a9d7c26fa4dccc3879189259ecb82b33d8f62fc9a5622f0871,zest-v1,SP2VCQJGH7PHP2DJK7Z0V48AGBHQAW3R3ZW1QF4N.borrow-helper-v2-1-8,withdraw,SP1BQZ7QBWMRCYYFB51F5SGH2NJJ33R3BJQA71AQ0,2026-09-05T10:42:34Z,23,360,337,success,(ok true),ok,
2026-09-05T11:13:34Z,8923155,0xf652decff2d20b80aaadf9457f808172576188f5fc1ca780aef42dede8abd64a,zest-v1,SP2VCQJGH7PHP2DJK7Z0V48AGBHQAW3R3ZW1QF4N.borrow-helper-v2-1-8,withdraw,SP3SMT10XH6H5ECT6D1TMHBM1AEMJMQ0VVRK0E00A,2026-09-05T11:13:18Z,16,360,344,success,(ok true),ok,
2026-09-05T11:24:43Z,8923216,0xb1c61fe3cf82d88bc6dd28bb0acc34d16f3c5295bd810308e85ece1234d425f5,zest-v2,SP1A27KFY4XERQCCRCARCYD1CC5N7M6688BSYADJ7.v0-8-market,collateral-remove-redeem,SPCE87V29VDPEAS925YMV2VG3CMBHY0BXKB08NA4,2026-09-05T11:24:30Z,13,120,107,success,(ok u12580899),ok,
2026-09-05T11:33:04Z,8923260,0x0842724f3f8a67345f46b67259e8a145f015787b70c3783c1363222a1b1046ce,zest-v2,SP1A27KFY4XERQCCRCARCYD1CC5N7M6688BSYADJ7.v0-8-market,supply-collateral-add,SP3KPRN53ZGD45B3WRTDMZZEHBJSFQ8AKN9RE6FKS,2026-09-05T11:32:52Z,12,120,108,success,(ok u276841364551),ok,
2026-09-05T11:35:03Z,8923271,0x481d5cc0598001c82866b029a6c91da9e2481343cf6514eba6a06698b9b77250,zest-v2,SP1A27KFY4XERQCCRCARCYD1CC5N7M6688BSYADJ7.v0-8-market,supply-collateral-add,SP1P6YHX7YKEGHVZ4CQRV3D78RP3FZ9MM9XC5Q8GG,2026-09-05T11:34:46Z,17,120,103,success,(ok u1232),ok,
2026-09-05T11:35:51Z,8923276,0x42bd3f7d8534fc22fbc81ee2699868d55b18daf41a6389b12cf760dd1d00e397,zest-v2,SP1A27KFY4XERQCCRCARCYD1CC5N7M6688BSYADJ7.v0-8-market,collateral-remove,SP1P6YHX7YKEGHVZ4CQRV3D78RP3FZ9MM9XC5Q8GG,2026-09-05T11:35:37Z,14,120,106,success,(ok u0),ok,
2026-09-05T11:48:35Z,8923350,0xe3c7d46ce84aa1ae81fc7e042be6694308ef49da540e36545aca69e8f6b7d74c,zest-v2,SP1A27KFY4XERQCCRCARCYD1CC5N7M6688BSYADJ7.v0-8-market,supply-collateral-add,SP3SMT10XH6H5ECT6D1TMHBM1AEMJMQ0VVRK0E00A,2026-09-05T11:48:16Z,19,120,101,success,(ok u282327574),ok,
2026-09-05T12:35:30Z,8923603,0x684c6794225130621071222dec8f42b141f8aea0c95e4300cf04fd6207d65823,zest-v2,SP1A27KFY4XERQCCRCARCYD1CC5N7M6688BSYADJ7.v0-8-market,liquidate,SP3SNFY2DNRA3M1YFPXRH6NW3AAAD6HV0MX2HEH7H,2026-09-04T01:44:33Z,125457,120,-125337,abort_by_response,(err u400022),oracle-revert:stale,"payload failed verification (> 7,200 s or signature)"
2026-09-05T12:35:30Z,8923603,0xe9ef4732a082da25faa21fc15529ebace69d6ccccc6d069d99b7cb795222dc08,zest-v2,SP1A27KFY4XERQCCRCARCYD1CC5N7M6688BSYADJ7.v0-8-market,liquidate,SP3SNFY2DNRA3M1YFPXRH6NW3AAAD6HV0MX2HEH7H,2026-09-04T01:44:33Z,125457,120,-125337,abort_by_response,(err u400022),oracle-revert:stale,"payload failed verification (> 7,200 s or signature)"
2026-09-05T12:35:30Z,8923603,0x1cc6e1ed9b93716a87066108213c83efdd44ab7fea473e100bb36736234cc895,zest-v2,SP1A27KFY4XERQCCRCARCYD1CC5N7M6688BSYADJ7.v0-8-market,liquidate,SP3SNFY2DNRA3M1YFPXRH6NW3AAAD6HV0MX2HEH7H,2026-09-04T01:44:33Z,125457,120,-125337,abort_by_response,(err u400022),oracle-revert:stale,"payload failed verification (> 7,200 s or signature)"
2026-09-05T12:35:30Z,8923603,0x22fa76c88901644538c1e1e238038a07f4a51bb9f9b957e975a9b175610f2afc,zest-v2,SP1A27KFY4XERQCCRCARCYD1CC5N7M6688BSYADJ7.v0-8-market,liquidate,SP3SNFY2DNRA3M1YFPXRH6NW3AAAD6HV0MX2HEH7H,2026-09-04T01:44:33Z,125457,120,-125337,abort_by_response,(err u400022),oracle-revert:stale,"payload failed verification (> 7,200 s or signature)"
2026-09-05T12:35:30Z,8923603,0xbd6e157cfc53075234bad16dcc2d975965cf91101fb48cce7f418e95b3c443f9,zest-v2,SP1A27KFY4XERQCCRCARCYD1CC5N7M6688BSYADJ7.v0-8-market,liquidate,SP3SNFY2DNRA3M1YFPXRH6NW3AAAD6HV0MX2HEH7H,2026-09-04T01:44:33Z,125457,120,-125337,abort_by_response,(err u400022),oracle-revert:stale,"payload failed verification (> 7,200 s or signature)"
2026-09-05T12:35:30Z,8923603,0xb73b09d200c24aa2373746f0dabe36e4121a321ba644733146780fa2f0897df7,zest-v2,SP1A27KFY4XERQCCRCARCYD1CC5N7M6688BSYADJ7.v0-8-market,liquidate,SP3SNFY2DNRA3M1YFPXRH6NW3AAAD6HV0MX2HEH7H,2026-09-04T01:44:33Z,125457,120,-125337,abort_by_response,(err u400022),oracle-revert:stale,"payload failed verification (> 7,200 s or signature)"
2026-09-05T12:35:30Z,8923603,0xcb77113d62490031fffee5e99fe86516aa178c6c5917c166f60144474a7bf6f4,zest-v2,SP1A27KFY4XERQCCRCARCYD1CC5N7M6688BSYADJ7.v0-8-market,liquidate,SP3SNFY2DNRA3M1YFPXRH6NW3AAAD6HV0MX2HEH7H,2026-09-04T01:44:33Z,125457,120,-125337,abort_by_response,(err u400022),oracle-revert:stale,"payload failed verification (> 7,200 s or signature)"
2026-09-05T13:46:47Z,8923960,0xc14deff4e2e7f4a90c4989ceb34e1d19b8d6f81d5534893032983b5a531438a4,zest-v2,SP1A27KFY4XERQCCRCARCYD1CC5N7M6688BSYADJ7.v0-8-market,borrow,SP2EM5T1YJNVDRKXC4M7J1EJV9NTN84K9PN1ZS8GE,2026-09-05T13:46:24Z,23,120,97,success,(ok true),ok,
2026-09-05T13:51:46Z,8923982,0xfc82bba289e93c2fb62b69da95fbfcfdfcfd0f23c2745da649de121f9f8e8fb1,zest-v2,SP1A27KFY4XERQCCRCARCYD1CC5N7M6688BSYADJ7.v0-8-market,borrow,SP31A0B5K60KHWM3S3JD0B47TG3R43PT1KRV7V53B,2026-09-05T13:51:24Z,22,120,98,success,(ok true),ok,
2026-09-05T15:32:28Z,8924499,0x85774737a751b73b11e96fba59d60b30a5c836d287c9fd75c46eb7846994fc9b,zest-v2,SP1A27KFY4XERQCCRCARCYD1CC5N7M6688BSYADJ7.v0-8-market,supply-collateral-add,SP1VA6890RJFTVKV9BVXR16Z19DX2EAC3MB8GXX3D,2026-09-05T15:32:17Z,11,120,109,success,(ok u3952865727),ok,
2026-09-05T18:00:23Z,8925244,0x6b077b689c1d28bcb49e1b9fff1420ba6b1e03647e1f4a9e2ec1fa13537a9325,zest-v2,SP1A27KFY4XERQCCRCARCYD1CC5N7M6688BSYADJ7.v0-8-market,supply-collateral-add,SP3TGF6BJZWPZMHVXAP6BT8D9V5JW6X4JDD8MPNTD,2026-09-05T18:00:05Z,18,120,102,success,(ok u24986376),ok,
2026-09-05T18:01:33Z,8925249,0xca52acf77408a1fb5295d75c85c63a4b60a201f288380a5be05571be4bfe2c3e,zest-v2,SP1A27KFY4XERQCCRCARCYD1CC5N7M6688BSYADJ7.v0-8-market,borrow,SP3TGF6BJZWPZMHVXAP6BT8D9V5JW6X4JDD8MPNTD,2026-09-05T18:00:49Z,44,120,76,success,(ok true),ok,
2026-09-05T18:17:08Z,8925309,0x6296dbc52a9583bb1b77c13505bd3224371a022556ac03d4012bc5d397232205,zest-v2,SP1A27KFY4XERQCCRCARCYD1CC5N7M6688BSYADJ7.v0-8-market,collateral-remove-redeem,SP3TGF6BJZWPZMHVXAP6BT8D9V5JW6X4JDD8MPNTD,2026-09-05T18:17:03Z,5,120,115,success,(ok u24999999),ok,
2026-09-05T18:23:11Z,8925336,0xb6b116d8c5cb19f6ece42412e6a962d87448c8b6bd42a9966ead9dc441e3eb45,zest-v2,SP1A27KFY4XERQCCRCARCYD1CC5N7M6688BSYADJ7.v0-8-market,supply-collateral-add,SP3TGF6BJZWPZMHVXAP6BT8D9V5JW6X4JDD8MPNTD,2026-09-05T18:23:02Z,9,120,111,success,(ok u19989101),ok,
2026-09-05T18:24:50Z,8925344,0x1400e30b14d5638faf4ca623f8ca7aa4205f3e3be328a6b7848c29d315590ffc,zest-v2,SP1A27KFY4XERQCCRCARCYD1CC5N7M6688BSYADJ7.v0-8-market,borrow,SP3TGF6BJZWPZMHVXAP6BT8D9V5JW6X4JDD8MPNTD,2026-09-05T18:24:42Z,8,120,112,success,(ok true),ok,
2026-09-05T18:27:59Z,8925359,0x6874ffb7696580f9a5e420f7426fbc17ced723d95ede73ada0ab2b2bbba16723,zest-v2,SP1A27KFY4XERQCCRCARCYD1CC5N7M6688BSYADJ7.v0-8-market,supply-collateral-add,SP2M7K3YM8813404G1R7AXV106CPWH0Z5ZA80JVAV,2026-09-05T18:27:49Z,10,120,110,success,(ok u47099923096),ok,
2026-09-05T18:27:59Z,8925359,0x76db7ee37b0726d75f3f1feba344316e6e34cafca35ad50654a94152ea1ad386,zest-v2,SP1A27KFY4XERQCCRCARCYD1CC5N7M6688BSYADJ7.v0-8-market,collateral-remove-redeem,SP3A7MGAH0SKC1ACS854PHXHVWE031FYQCBA8M51D,2026-09-05T18:27:51Z,8,120,112,success,(ok u50000621760),ok,
2026-09-05T18:43:56Z,8925433,0x8a7955d966300833b7fd1d300d644994722f4440d1522f103d228aba90545bca,zest-v2,SP1A27KFY4XERQCCRCARCYD1CC5N7M6688BSYADJ7.v0-8-market,collateral-remove-redeem,SP3TGF6BJZWPZMHVXAP6BT8D9V5JW6X4JDD8MPNTD,2026-09-05T18:43:52Z,4,120,116,success,(ok u19999999),ok,
2026-09-05T19:46:27Z,8925717,0x19f720915e7698cb0e4af9325f88bba6756c0afbe6269822b1ba1acfe706d10f,zest-v2,SP1A27KFY4XERQCCRCARCYD1CC5N7M6688BSYADJ7.v0-8-market,supply-collateral-add,SPJMB9JKC2BS9DKBH7MZWN2C6XDH43X4HDT4QRV8,2026-09-05T19:45:41Z,46,120,74,success,(ok u543582),ok,
2026-09-05T22:53:36Z,8926622,0x97d9000cb07db1fe101806660848094d5958a84e4b3cc6000bd9cb6087aa8c1a,granite-usdcx,SP3M2BYF7RGF8WKW5FVDNJ6WR8D7AR9BHDXAKPXZE.state-v1,borrow,SP3Z7511VWR5WG9J3MAKER3NRZYKWT83K2XTP36EV,2026-09-05T22:52:55Z,41,300,259,success,(ok true),ok,
2026-09-05T23:04:28Z,8926672,0x72d6f7e46d5b37110a613eb57434ce8fdcdfcf22a05116260efb1706c6996a0f,zest-v2,SP1A27KFY4XERQCCRCARCYD1CC5N7M6688BSYADJ7.v0-8-market,supply-collateral-add,SP3Z7511VWR5WG9J3MAKER3NRZYKWT83K2XTP36EV,2026-09-05T23:04:17Z,11,120,109,success,(ok u398069219),ok,
2026-09-06T01:04:13Z,8927253,0x8737ceb59435908b53a0c80bf94defeccf9597745cbaeb6fc9022f6f8f82b021,zest-v2,SP1A27KFY4XERQCCRCARCYD1CC5N7M6688BSYADJ7.v0-8-market,collateral-remove-redeem,SP2B8MMREFPPPEAJVA2AEZA08BM94N3YJ743AHPZT,2026-09-06T01:04:01Z,12,120,108,success,(ok u1981629269),ok,
2026-09-06T01:10:33Z,8927277,0xc75ecb397e7b6a91ac87d33d42e18c1437d0665ef8f59ee53370bb3eb8ecde6a,zest-v2,SP1A27KFY4XERQCCRCARCYD1CC5N7M6688BSYADJ7.v0-8-market,borrow,SPCE87V29VDPEAS925YMV2VG3CMBHY0BXKB08NA4,2026-09-06T01:10:21Z,12,120,108,success,(ok true),ok,
2026-09-06T01:32:09Z,8927282,0xfc551e6779a9ebbb1c44c4f9629ba8e1176886c1fab619779b5740fb45d214a9,zest-v2,SP1A27KFY4XERQCCRCARCYD1CC5N7M6688BSYADJ7.v0-8-market,borrow,SP3WAAYXPC6WZNEC7SHGR36D32RJPZVXRR1BG0QSY,2026-09-06T01:30:45Z,84,120,36,success,(ok true),ok,
2026-09-06T02:00:04Z,8927413,0xb267673d5e09ffc42af14804f7f3201ac5527b1b7157b85ba76ef349a76a4539,zest-v2,SP1A27KFY4XERQCCRCARCYD1CC5N7M6688BSYADJ7.v0-8-market,collateral-remove-redeem,SP33HRNWBTQK9GEPQN7G4SD9D7RCNGAQZDM53EHX4,2026-09-06T01:59:55Z,9,120,111,success,(ok u10651448303),ok,
2026-09-06T02:00:14Z,8927414,0xbbbcff9662eaca83e58492d16bb70996d197a366a01f876c6568cc9329d058a2,zest-v2,SP1A27KFY4XERQCCRCARCYD1CC5N7M6688BSYADJ7.v0-8-market,supply-collateral-add,SP3A7MGAH0SKC1ACS854PHXHVWE031FYQCBA8M51D,2026-09-06T02:00:05Z,9,120,111,success,(ok u49891115047),ok,
2026-09-06T02:01:07Z,8927417,0x12dfbed81663693f6ddcf46706729ae3f161afdfcbab36eb80943191c1fd2a04,zest-v2,SP1A27KFY4XERQCCRCARCYD1CC5N7M6688BSYADJ7.v0-8-market,borrow,SP3A7MGAH0SKC1ACS854PHXHVWE031FYQCBA8M51D,2026-09-06T02:00:50Z,17,120,103,success,(ok true),ok,
2026-09-06T04:29:22Z,8928146,0x204b6029cfbb69c651fbb85a1642c98f1ae85e5110172640d79f97ab94f1d37e,zest-v2,SP1A27KFY4XERQCCRCARCYD1CC5N7M6688BSYADJ7.v0-8-market,borrow,SP2WH24ZBG0956J91J7J5W54NB51K2MYE8YVM4JVS,2026-09-06T04:29:01Z,21,120,99,success,(ok true),ok,
2026-09-06T07:24:17Z,8928915,0xd63902239c947e0b23b022b3a709add5b932cd27c42c6e5fbd19046c5a313749,zest-v2,SP1A27KFY4XERQCCRCARCYD1CC5N7M6688BSYADJ7.v0-8-market,borrow,SP1GWNW9GKX5WT7GPPB8S0BKXD257VGFYY24X0C74,2026-09-06T07:23:54Z,23,120,97,success,(ok true),ok,
2026-09-06T08:10:00Z,8929117,0x4945a59c97541a2ce543ca4d8683d2e59c262f753c44c4db3c3a96c95f652391,zest-v2,SP1A27KFY4XERQCCRCARCYD1CC5N7M6688BSYADJ7.v0-8-market,collateral-remove-redeem,SP38QXTKKN29YTHJA2WVJ37X7FF7YNDGP3S63YZR0,2026-09-06T08:09:19Z,41,120,79,abort_by_post_condition,(err u600006),revert:non-oracle,
2026-09-06T08:11:30Z,8929125,0x24c08ae9750ceffee8f8cac55998c7a30a63b73e197f79a029306854c8896246,zest-v2,SP1A27KFY4XERQCCRCARCYD1CC5N7M6688BSYADJ7.v0-8-market,collateral-remove-redeem,SP38QXTKKN29YTHJA2WVJ37X7FF7YNDGP3S63YZR0,2026-09-06T08:10:46Z,44,120,76,abort_by_post_condition,(err u600006),revert:non-oracle,
2026-09-06T08:13:12Z,8929136,0xf83931e60ab0b66d0d539ced7ad97ea38b77b55c592abdbfd09562ec2f5b545f,zest-v2,SP1A27KFY4XERQCCRCARCYD1CC5N7M6688BSYADJ7.v0-8-market,collateral-remove-redeem,SP24V5991H6XX2WPMH53MBBBEZ8XZRPG87F0TNY6X,2026-09-06T08:12:33Z,39,120,81,success,(ok u30000005299),ok,
2026-09-06T10:49:39Z,8929923,0x0f478b198eb2bd7d418ee47074d60d7af8e3019a1efec66acedf28a1e5809dca,zest-v2,SP1A27KFY4XERQCCRCARCYD1CC5N7M6688BSYADJ7.v0-8-market,supply-collateral-add,SP2ZM1KNQNS96RM1MAJTZV7WE7F38GFGRND4E80DW,2026-09-06T10:49:17Z,22,120,98,success,(ok u153747900),ok,
2026-09-06T10:53:37Z,8929940,0x0a695e532075f082a438c127d637a16ede7e1dc117ac7e39c397fa6f953f9cab,zest-v2,SP1A27KFY4XERQCCRCARCYD1CC5N7M6688BSYADJ7.v0-8-market,supply-collateral-add,SP2ZM1KNQNS96RM1MAJTZV7WE7F38GFGRND4E80DW,2026-09-06T10:53:04Z,33,120,87,success,(ok u153761382),ok,
2026-09-06T10:54:38Z,8929945,0x6283056f8dae20e250a54f05965b3babea29c577024a2d6a3680f6d17d713f18,zest-v2,SP1A27KFY4XERQCCRCARCYD1CC5N7M6688BSYADJ7.v0-8-market,borrow,SP2ZM1KNQNS96RM1MAJTZV7WE7F38GFGRND4E80DW,2026-09-06T10:54:10Z,28,120,92,success,(ok true),ok,
2026-09-06T12:05:17Z,8930308,0x4cf6d123ed72f1ea6e61fc0f768fa0e1744d0ba82bf6e3289f7484088d984a06,zest-v2,SP1A27KFY4XERQCCRCARCYD1CC5N7M6688BSYADJ7.v0-8-market,collateral-remove-redeem,SP3Z7511VWR5WG9J3MAKER3NRZYKWT83K2XTP36EV,2026-09-06T12:04:59Z,18,120,102,success,(ok u398941523),ok,
2026-09-06T13:29:40Z,8930726,0x4dd009d2aa9221025ec6e5fc1044156fd2e3e1cbdcaf286fec67de1047507706,zest-v1,SP2VCQJGH7PHP2DJK7Z0V48AGBHQAW3R3ZW1QF4N.borrow-helper-v2-1-8,withdraw,SP768TZZ50Q4RWB2R5RJYZS333RYR6YK83YTEX22,2026-09-06T13:29:27Z,13,360,347,success,(ok true),ok,
2026-09-06T14:24:27Z,8930970,0xb59c201a0240a708e79e268584a48ce6d38b9761100e9bf0f1da78c49499b0fe,zest-v2,SP1A27KFY4XERQCCRCARCYD1CC5N7M6688BSYADJ7.v0-8-market,collateral-remove-redeem,SP3RHMSDP789FGABRWPEMDPC3C3A0HX44RVB9CD3,2026-09-06T14:24:16Z,11,120,109,success,(ok u97889),ok,
2026-09-06T14:27:10Z,8930985,0x8abe50cc8d9d7315650bcf052fe49f63ed2421e5ffa1385d29c112e8fc059009,zest-v1,SP2VCQJGH7PHP2DJK7Z0V48AGBHQAW3R3ZW1QF4N.borrow-helper-v2-1-8,withdraw,SP3PYWTSJA8X2ANJ0GFAXV8QXTDR3KX5DE7TT1GW7,2026-09-06T14:27:02Z,8,360,352,success,(ok true),ok,
2026-09-06T15:00:16Z,8931128,0x785af2f7595ed528ca30fedc6fe4bc7fcbfd45718d7331eea7a7e61e1743e65c,zest-v1,SP2VCQJGH7PHP2DJK7Z0V48AGBHQAW3R3ZW1QF4N.borrow-helper-v2-1-8,withdraw,SP30W6DD86PVMF45CBSJS330ZAZ2T76VT36206VHR,2026-09-06T14:59:32Z,44,360,316,success,(ok true),ok,
2026-09-06T15:01:04Z,8931131,0xfb3e4055f7b3d8d66beee27af2ee48e9f2012d27d81186a340619b48bc3eaedf,zest-v1,SP2VCQJGH7PHP2DJK7Z0V48AGBHQAW3R3ZW1QF4N.borrow-helper-v2-1-8,withdraw,SP30W6DD86PVMF45CBSJS330ZAZ2T76VT36206VHR,2026-09-06T15:00:50Z,14,360,346,success,(ok true),ok,
2026-09-06T15:01:48Z,8931133,0x1a2b4214918706a8667e1f5eee5541c02f8c072559c4a46fed0266735b688812,zest-v1,SP2VCQJGH7PHP2DJK7Z0V48AGBHQAW3R3ZW1QF4N.borrow-helper-v2-1-8,withdraw,SP30W6DD86PVMF45CBSJS330ZAZ2T76VT36206VHR,2026-09-06T15:01:33Z,15,360,345,success,(ok true),ok,
2026-09-06T15:08:38Z,8931160,0x11fbea9cce156129a7e439d8ec68bce64533b30bdfe884f4e891a7fcdc17c275,zest-v1,SP2VCQJGH7PHP2DJK7Z0V48AGBHQAW3R3ZW1QF4N.borrow-helper-v2-1-8,withdraw,SP30W6DD86PVMF45CBSJS330ZAZ2T76VT36206VHR,2026-09-06T15:08:28Z,10,360,350,success,(ok true),ok,
2026-09-06T15:12:32Z,8931175,0x8ba62a7966ee68a7d517c7d42676ac58d7a3f7a5644c8b0dcc5e538a0590fd14,zest-v1,SP2VCQJGH7PHP2DJK7Z0V48AGBHQAW3R3ZW1QF4N.borrow-helper-v2-1-8,withdraw,SP30W6DD86PVMF45CBSJS330ZAZ2T76VT36206VHR,2026-09-06T15:11:58Z,34,360,326,success,(ok true),ok,
2026-09-06T15:14:55Z,8931185,0x68286150d5f61e7e0585fa0a291cefcf01a42238d230b543c52cfb3d6058869d,zest-v1,SP2VCQJGH7PHP2DJK7Z0V48AGBHQAW3R3ZW1QF4N.borrow-helper-v2-1-8,withdraw,SP30W6DD86PVMF45CBSJS330ZAZ2T76VT36206VHR,2026-09-06T15:14:46Z,9,360,351,success,(ok true),ok,
2026-09-06T15:17:12Z,8931195,0x0108e2806d29fc6fe72eee7bd425c1d20e2dda7e77de65a3a1e6e50d62cce927,zest-v1,SP2VCQJGH7PHP2DJK7Z0V48AGBHQAW3R3ZW1QF4N.borrow-helper-v2-1-8,withdraw,SP30W6DD86PVMF45CBSJS330ZAZ2T76VT36206VHR,2026-09-06T15:17:06Z,6,360,354,success,(ok true),ok,
2026-09-06T15:19:41Z,8931207,0x372ea83ed45138d49d2854816615c4860b82d09eb5bc62815c58361e862f67cc,zest-v1,SP2VCQJGH7PHP2DJK7Z0V48AGBHQAW3R3ZW1QF4N.borrow-helper-v2-1-8,withdraw,SP30W6DD86PVMF45CBSJS330ZAZ2T76VT36206VHR,2026-09-06T15:19:37Z,4,360,356,success,(ok true),ok,
2026-09-06T15:45:22Z,8931331,0x9b76db7b49bb5f21131bdf044f851bf49ca7139008e7dcad2ba6ac2552a31a5d,zest-v1,SP2VCQJGH7PHP2DJK7Z0V48AGBHQAW3R3ZW1QF4N.borrow-helper-v2-1-8,withdraw,SP3PYWTSJA8X2ANJ0GFAXV8QXTDR3KX5DE7TT1GW7,2026-09-06T15:45:03Z,19,360,341,success,(ok true),ok,
2026-09-06T16:02:09Z,8931401,0x69a976abf723fea8200d08cf8a5911206f2da9cf37a36e51e3af730164f2918e,zest-v1,SP2VCQJGH7PHP2DJK7Z0V48AGBHQAW3R3ZW1QF4N.borrow-helper-v2-1-8,withdraw,SP3PYWTSJA8X2ANJ0GFAXV8QXTDR3KX5DE7TT1GW7,2026-09-06T16:01:59Z,10,360,350,success,(ok true),ok,
2026-09-06T18:50:58Z,8932223,0x581cd8e00c212db23590be7bfd63e0c748dd8531d7eb3c3721caea38f2d41872,zest-v1,SP2VCQJGH7PHP2DJK7Z0V48AGBHQAW3R3ZW1QF4N.borrow-helper-v2-1-8,withdraw,SP3TF77S4XWBMZ455YTYWRMRMHTM7AZDM6258ACR3,2026-09-06T18:50:45Z,13,360,347,success,(ok true),ok,
2026-09-06T19:29:07Z,8932427,0x7027654180dca706d09fb560ed16e633140d0ec709c2f2b6679d29c4807f76a0,zest-v2,SP1A27KFY4XERQCCRCARCYD1CC5N7M6688BSYADJ7.v0-8-market,supply-collateral-add,SP2G87YTRHEG50N73JQVMAD9J2GJFA0VCDMM7W50A,2026-09-06T19:28:17Z,50,120,70,success,(ok u199891),ok,
2026-09-06T19:45:05Z,8932505,0x5aa27513c121664b9c2640cc85731cedd8ddff5f64a9650dd20c54fa1707d93e,zest-v2,SP1A27KFY4XERQCCRCARCYD1CC5N7M6688BSYADJ7.v0-8-market,collateral-remove-redeem,SP26E434SDGRSA9QF5D65A3WZ29Y0MXD9AMXFJYDC,2026-09-06T19:44:13Z,52,120,68,success,(ok u794926124568),ok,
2026-09-06T19:49:26Z,8932522,0x6e1807c7337e5dec29178ac38a45bf5d82ccbccd01d3e739291fbfd3ed3975a5,zest-v2,SP1A27KFY4XERQCCRCARCYD1CC5N7M6688BSYADJ7.v0-8-market,collateral-remove-redeem,SP1BJGDG8MSM64DMH33A0F1NB0DT40YGBPSW00NES,2026-09-06T19:48:52Z,34,120,86,success,(ok u1686061531264),ok,
2026-09-06T20:03:21Z,8932582,0x926c3baff843b85de22773d028c8e4b255a184fda1629d95738f33dfad819210,zest-v2,SP1A27KFY4XERQCCRCARCYD1CC5N7M6688BSYADJ7.v0-8-market,supply-collateral-add,SP36RBBMH2KTHE9KW799S7FAVSXW3CHP7HRY4H59E,2026-09-06T20:02:53Z,28,120,92,success,(ok u99782),ok,
2026-09-06T20:03:51Z,8932585,0x91e5834be53a432498428eb7fec1c7ebe9fae7aef4ac582102899e5079a76a07,zest-v2,SP1A27KFY4XERQCCRCARCYD1CC5N7M6688BSYADJ7.v0-8-market,collateral-remove-redeem,SP1BJGDG8MSM64DMH33A0F1NB0DT40YGBPSW00NES,2026-09-06T20:03:02Z,49,120,71,success,(ok u512000043180),ok,
2026-09-06T20:50:32Z,8932840,0x9d59360a2e97b8fb1a8fb505121df2917e09298f610da896a23e264dda140b2e,zest-v2,SP1A27KFY4XERQCCRCARCYD1CC5N7M6688BSYADJ7.v0-8-market,supply-collateral-add,SPJMB9JKC2BS9DKBH7MZWN2C6XDH43X4HDT4QRV8,2026-09-06T20:49:44Z,48,120,72,success,(ok u1083287),ok,
2026-09-06T21:14:15Z,8932960,0xc417827e70628f8f2bec2f2e5af305e22981f35ae7c291e2c4574da38059f530,zest-v2,SP1A27KFY4XERQCCRCARCYD1CC5N7M6688BSYADJ7.v0-8-market,collateral-remove-redeem,SP34M22KZDV4TYQZEAM10XC96TZR1G5W75FRHG3KA,2026-09-06T21:13:45Z,30,120,90,success,(ok u381729),ok,
2026-09-06T21:22:11Z,8932998,0xad96527e55145d30008310846c3c565033146c88801370f0f545179f1c55ce9a,zest-v2,SP1A27KFY4XERQCCRCARCYD1CC5N7M6688BSYADJ7.v0-8-market,collateral-remove-redeem,SP34M22KZDV4TYQZEAM10XC96TZR1G5W75FRHG3KA,2026-09-06T21:21:38Z,33,120,87,success,(ok u1088836),ok,
2026-09-06T21:25:46Z,8933014,0xa950b6464e84c38cad4efb7a91e49327d3f372f66b3268a5908568243576e36e,zest-v2,SP1A27KFY4XERQCCRCARCYD1CC5N7M6688BSYADJ7.v0-8-market,collateral-remove,SP34M22KZDV4TYQZEAM10XC96TZR1G5W75FRHG3KA,2026-09-06T21:25:26Z,20,120,100,success,(ok u0),ok,
2026-09-06T21:26:33Z,8933017,0xf26a394f6c3e45b96501752fba945619905586d99667e7f95b3b6877053376bd,zest-v2,SP1A27KFY4XERQCCRCARCYD1CC5N7M6688BSYADJ7.v0-8-market,collateral-add,SP34M22KZDV4TYQZEAM10XC96TZR1G5W75FRHG3KA,2026-09-06T21:26:26Z,7,120,113,success,(ok u15940878569),ok,
2026-09-06T21:28:53Z,8933027,0x49bd5f03f1b5c31ca98aae3cf8638ab97ef15ab94622abe0fbc4c16315b6252c,zest-v2,SP1A27KFY4XERQCCRCARCYD1CC5N7M6688BSYADJ7.v0-8-market,supply-collateral-add,SP34M22KZDV4TYQZEAM10XC96TZR1G5W75FRHG3KA,2026-09-06T21:28:44Z,9,120,111,success,(ok u15974643522),ok,
2026-09-06T21:33:23Z,8933051,0x98d9cab80a73945afb2ebb71ce56919186714174f47f8d8e6a1ddd904b6901df,zest-v2,SP1A27KFY4XERQCCRCARCYD1CC5N7M6688BSYADJ7.v0-8-market,borrow,SP34M22KZDV4TYQZEAM10XC96TZR1G5W75FRHG3KA,2026-09-06T21:33:08Z,15,120,105,success,(ok true),ok,
2026-09-06T21:35:29Z,8933064,0xca619b8835a0508608cf277a4473dcbc48bd62fc055b7adba4d50a999126b726,zest-v2,SP1A27KFY4XERQCCRCARCYD1CC5N7M6688BSYADJ7.v0-8-market,supply-collateral-add,SP34M22KZDV4TYQZEAM10XC96TZR1G5W75FRHG3KA,2026-09-06T21:35:14Z,15,120,105,success,(ok u19166409188),ok,
2026-09-06T21:40:33Z,8933090,0xe09c61e5bf9642abf165c4056e745f54f44c0a68db18d78d7c73923854f1bfe4,zest-v2,SP1A27KFY4XERQCCRCARCYD1CC5N7M6688BSYADJ7.v0-8-market,supply-collateral-add,SP34M22KZDV4TYQZEAM10XC96TZR1G5W75FRHG3KA,2026-09-06T21:40:19Z,14,120,106,success,(ok u19170517892),ok,
2026-09-06T22:52:10Z,8933419,0x49593bb77688ea96c33b706576b2ff2d3e35a5298738405ef08a082a6edad0fd,zest-v2,SP1A27KFY4XERQCCRCARCYD1CC5N7M6688BSYADJ7.v0-8-market,collateral-remove-redeem,SP1YQ1KYKD6462KN90K6357MK1C6164XWWP5T5PVV,2026-09-06T22:51:57Z,13,120,107,success,(ok u205515228),ok,
2026-09-06T23:27:26Z,8933581,0x2cf06d55353a2861e14713176a879e9709541d1a14059f661d7d726021665cd0,zest-v2,SP1A27KFY4XERQCCRCARCYD1CC5N7M6688BSYADJ7.v0-8-market,borrow,SP2CCCQP1WN3FG67K3V4S85JG9SRZN2KKRJ3M3GNG,2026-09-06T23:26:05Z,81,120,39,success,(ok true),ok,
2026-09-07T01:16:45Z,8933988,0x0d4567be7140c0a1ae15226925a146eabafad0ed558df5026fce12fe48b20897,zest-v2,SP1A27KFY4XERQCCRCARCYD1CC5N7M6688BSYADJ7.v0-8-market,supply-collateral-add,SP1MZ5N6YCQ5BFHK4N9NFGXG2K4N53BQ0MFXAKAC1,2026-09-07T01:16:34Z,11,120,109,success,(ok u19956037419),ok,
2026-09-07T01:18:08Z,8933993,0x2812acc2b0cff21924e62dc57dc6554bdb2b0fd28e12b0108a215d210989780e,zest-v2,SP1A27KFY4XERQCCRCARCYD1CC5N7M6688BSYADJ7.v0-8-market,borrow,SP1MZ5N6YCQ5BFHK4N9NFGXG2K4N53BQ0MFXAKAC1,2026-09-07T01:17:50Z,18,120,102,success,(ok true),ok,
2026-09-07T02:21:43Z,8934250,0xcab9a637f347bbf9bc434def09f32563c0fb9664266cde6efb314fa18690cbc4,zest-v2,SP1A27KFY4XERQCCRCARCYD1CC5N7M6688BSYADJ7.v0-8-market,supply-collateral-add,SP2ZM1KNQNS96RM1MAJTZV7WE7F38GFGRND4E80DW,2026-09-07T02:21:20Z,23,120,97,success,(ok u153804437),ok,
2026-09-07T02:33:57Z,8934296,0x77c35ab62e420c30d0386717c24f7c11017e7202604a2e741a6fd35a53425e17,zest-v2,SP1A27KFY4XERQCCRCARCYD1CC5N7M6688BSYADJ7.v0-8-market,borrow,SP3KPRN53ZGD45B3WRTDMZZEHBJSFQ8AKN9RE6FKS,2026-09-07T02:33:39Z,18,120,102,success,(ok true),ok,
2026-09-07T02:34:49Z,8934300,0x765477eadb179ceca4efc56c27f53b13a17ff1eace01dcafc03ff31d357916ea,zest-v2,SP1A27KFY4XERQCCRCARCYD1CC5N7M6688BSYADJ7.v0-8-market,supply-collateral-add,SP2ZM1KNQNS96RM1MAJTZV7WE7F38GFGRND4E80DW,2026-09-07T02:34:29Z,20,120,100,success,(ok u153860708),ok,
2026-09-07T03:27:53Z,8934549,0x2f232df80455e1965a6bcfc0485c777bf3076724623d8d36b89893a993bf298b,zest-v2,SP1A27KFY4XERQCCRCARCYD1CC5N7M6688BSYADJ7.v0-8-market,collateral-remove-redeem,SP1GWNW9GKX5WT7GPPB8S0BKXD257VGFYY24X0C74,2026-09-07T03:27:30Z,23,120,97,success,(ok u1299999),ok,
2026-09-07T03:39:24Z,8934595,0x624c0aa4ac0ddb1f1189afe36e1a28a1503e124e348ec7d8a822e439dfbd0b23,zest-v1,SP2VCQJGH7PHP2DJK7Z0V48AGBHQAW3R3ZW1QF4N.borrow-helper-v2-1-8,withdraw,SP11HW0TCRHMVW75C89FKBHJ19GZWYSNPBN6GM0MQ,2026-09-07T03:38:55Z,29,360,331,success,(ok true),ok,
2026-09-07T04:24:11Z,8934797,0xfd57c26478a5bf3cb5c28833b433227dc018045cddbedf3d7cf7097cc4a79ff5,zest-v2,SP1A27KFY4XERQCCRCARCYD1CC5N7M6688BSYADJ7.v0-8-market,supply-collateral-add,SP237HW75F3KFZQ95WC4BJTJR9C73A39NSBDJ6BC1,2026-09-07T04:23:48Z,23,120,97,success,(ok u17988490),ok,
2026-09-07T08:24:39Z,8935866,0x0d6f89c1e5bb54e34efd9c3951cbfdb19f47217dfce28050ecbdbf8f3066fae5,zest-v2,SP1A27KFY4XERQCCRCARCYD1CC5N7M6688BSYADJ7.v0-8-market,collateral-remove-redeem,SP1MZ5N6YCQ5BFHK4N9NFGXG2K4N53BQ0MFXAKAC1,2026-09-07T08:24:30Z,9,120,111,success,(ok u20000125428),ok,
2026-09-07T09:16:35Z,8936107,0x6060dbbbcb60e44e31bee82782becb681a00ac7ab0fd28bf17fdc203f00fcc05,zest-v2,SP1A27KFY4XERQCCRCARCYD1CC5N7M6688BSYADJ7.v0-8-market,supply-collateral-add,SP3KPRN53ZGD45B3WRTDMZZEHBJSFQ8AKN9RE6FKS,2026-09-07T09:16:20Z,15,120,105,success,(ok u295711426883),ok,
2026-09-07T09:20:27Z,8936121,0x84ff906e6d83edc2b56ae6ae4817aaeeb681d735ec29c234e9ee2985b3b4c29c,zest-v2,SP1A27KFY4XERQCCRCARCYD1CC5N7M6688BSYADJ7.v0-8-market,collateral-remove-redeem,SP3A7MGAH0SKC1ACS854PHXHVWE031FYQCBA8M51D,2026-09-07T09:19:51Z,36,120,84,success,(ok u50001378299),ok,
2026-09-07T09:23:50Z,8936135,0x11e13730c7c689d516809af566084f0767bb10fd95a7b1aa0bef2c8f88a04c58,zest-v2,SP1A27KFY4XERQCCRCARCYD1CC5N7M6688BSYADJ7.v0-8-market,borrow,SP25SJZ2KDZMZY4MJNE9QNP41XRKKFWXYHN82SZSN,2026-09-07T09:22:58Z,52,120,68,success,(ok true),ok,
2026-09-07T10:22:13Z,8936389,0x79e3cbca0f23454d3068e55bfdfdc1d84013dca606e1a098a5ff298c2bf78392,zest-v2,SP1A27KFY4XERQCCRCARCYD1CC5N7M6688BSYADJ7.v0-8-market,borrow,SPCE87V29VDPEAS925YMV2VG3CMBHY0BXKB08NA4,2026-09-07T10:21:51Z,22,120,98,success,(ok true),ok,
2026-09-07T11:00:00Z,8936570,0x6e572ba28cfc6cd54efcbc89661226809669b0e8077c316096fa2a4377f079c5,zest-v2,SP1A27KFY4XERQCCRCARCYD1CC5N7M6688BSYADJ7.v0-8-market,supply-collateral-add,SP3A7MGAH0SKC1ACS854PHXHVWE031FYQCBA8M51D,2026-09-07T10:59:46Z,14,120,106,success,(ok u98795650589),ok,
2026-09-07T11:00:41Z,8936573,0x692724e096e2a287a20e1795082705fbf44c898a3fbe23dc72803ff61b9afb80,zest-v2,SP1A27KFY4XERQCCRCARCYD1CC5N7M6688BSYADJ7.v0-8-market,borrow,SP3A7MGAH0SKC1ACS854PHXHVWE031FYQCBA8M51D,2026-09-07T11:00:29Z,12,120,108,success,(ok true),ok,
2026-09-07T11:41:13Z,8936729,0x7aed42d956d68d04a774b4d4227cd73eb663056418892cb461514988d339b176,zest-v2,SP1A27KFY4XERQCCRCARCYD1CC5N7M6688BSYADJ7.v0-8-market,supply-collateral-add,SP1MZ5N6YCQ5BFHK4N9NFGXG2K4N53BQ0MFXAKAC1,2026-09-07T11:40:54Z,19,120,101,success,(ok u59277276704),ok,
2026-09-07T11:42:23Z,8936734,0xcbf6b667685468d8f2f278c79962815a9b2b6472a38c519ecfb7972e9966300b,zest-v2,SP1A27KFY4XERQCCRCARCYD1CC5N7M6688BSYADJ7.v0-8-market,borrow,SP1MZ5N6YCQ5BFHK4N9NFGXG2K4N53BQ0MFXAKAC1,2026-09-07T11:42:04Z,19,120,101,success,(ok true),ok,
2026-09-07T11:47:34Z,8936755,0x2cd5e0334ad944726701b20bfc097af783957e9b4e7fa83e908df55d01d128da,zest-v2,SP1A27KFY4XERQCCRCARCYD1CC5N7M6688BSYADJ7.v0-8-market,borrow,SP3A7MGAH0SKC1ACS854PHXHVWE031FYQCBA8M51D,2026-09-07T11:47:08Z,26,120,94,success,(ok true),ok,
2026-09-07T11:52:29Z,8936770,0xefdce05c67d1b765b5eed81b19ee15de21efaffc1708dfb528cc7c8a98e8154a,zest-v2,SP1A27KFY4XERQCCRCARCYD1CC5N7M6688BSYADJ7.v0-8-market,supply-collateral-add,SP3A7MGAH0SKC1ACS854PHXHVWE031FYQCBA8M51D,2026-09-07T11:52:11Z,18,120,102,success,(ok u197591060878),ok,
2026-09-07T11:53:10Z,8936772,0xd1c991cfb3569b2857709f27b3d6499f9226c7463296fe014745f1aa5b18d975,zest-v2,SP1A27KFY4XERQCCRCARCYD1CC5N7M6688BSYADJ7.v0-8-market,borrow,SP3A7MGAH0SKC1ACS854PHXHVWE031FYQCBA8M51D,2026-09-07T11:52:56Z,14,120,106,success,(ok true),ok,
2026-09-07T12:15:43Z,8936880,0x5e1edfc3752eef05488067b9a941ca9674f9a4469404d32cfb3196b2d65c758e,zest-v2,SP1A27KFY4XERQCCRCARCYD1CC5N7M6688BSYADJ7.v0-8-market,collateral-remove-redeem,SP3A7MGAH0SKC1ACS854PHXHVWE031FYQCBA8M51D,2026-09-07T12:15:20Z,23,120,97,success,(ok u200000450203),ok,
2026-09-07T12:17:22Z,8936886,0x6b65c2010017c8a2fbd67fc311733f5cc3d390a31c23fec0489b1d6e39a912d7,zest-v2,SP1A27KFY4XERQCCRCARCYD1CC5N7M6688BSYADJ7.v0-8-market,supply-collateral-add,SP1T8N5ZMZKEPX30RESBX0PX7FG7VJ85RVYMPHPW0,2026-09-07T12:16:47Z,35,120,85,success,(ok u1972622453),ok,
2026-09-07T12:31:18Z,8936940,0x4044d027aa6ceed906e268da64e2d9c76a8fcf2731547c53eaf8e38e7a79230f,zest-v2,SP1A27KFY4XERQCCRCARCYD1CC5N7M6688BSYADJ7.v0-8-market,borrow,SP3XBCE7R73W9TPWSM3B1NYKHYY9P5K81HE0TWPRP,2026-09-07T12:30:37Z,41,120,79,success,(ok true),ok,
2026-09-07T12:35:03Z,8936958,0xb6f852f2e7808fd74dc55dd2b8b429da6bc8eecd871633ba2cd9c60fd7f130af,zest-v2,SP1A27KFY4XERQCCRCARCYD1CC5N7M6688BSYADJ7.v0-8-market,supply-collateral-add,SP3XBCE7R73W9TPWSM3B1NYKHYY9P5K81HE0TWPRP,2026-09-07T12:34:11Z,52,120,68,success,(ok u8874627599),ok,
2026-09-07T12:38:11Z,8936973,0x871afed2b2df1d0c04b15a18722346129f8bc4ba8afa9563944f1566468f98c4,zest-v2,SP1A27KFY4XERQCCRCARCYD1CC5N7M6688BSYADJ7.v0-8-market,borrow,SP3XBCE7R73W9TPWSM3B1NYKHYY9P5K81HE0TWPRP,2026-09-07T12:37:24Z,47,120,73,success,(ok true),ok,
2026-09-07T12:41:01Z,8936987,0x426d48bce84b9cbce425e2054696b886792a15086877d3f34365a345601a72e0,zest-v2,SP1A27KFY4XERQCCRCARCYD1CC5N7M6688BSYADJ7.v0-8-market,supply-collateral-add,SP3XBCE7R73W9TPWSM3B1NYKHYY9P5K81HE0TWPRP,2026-09-07T12:40:28Z,33,120,87,success,(ok u9224403553),ok,
2026-09-07T12:46:49Z,8937012,0x372f6578b92acb96de15b236cba0c20d86da70240c1098d89dccb5dad9ddaa1b,zest-v2,SP1A27KFY4XERQCCRCARCYD1CC5N7M6688BSYADJ7.v0-8-market,borrow,SP3KPRN53ZGD45B3WRTDMZZEHBJSFQ8AKN9RE6FKS,2026-09-07T12:46:40Z,9,120,111,success,(ok true),ok,
2026-09-07T12:59:27Z,8937052,0x82981b48e4d2eb0c85f25165fad193d06ecdfef46b3ba00cb1867b51d4d3a0e9,zest-v2,SP1A27KFY4XERQCCRCARCYD1CC5N7M6688BSYADJ7.v0-8-market,supply-collateral-add,SP3A7MGAH0SKC1ACS854PHXHVWE031FYQCBA8M51D,2026-09-07T12:58:55Z,32,120,88,success,(ok u148192656549),ok,
2026-09-07T13:00:21Z,8937054,0x7240bcef7e0cde5cfe278a8351bb95ede807472c6e46bf2cd75ad0fdc134a3c6,zest-v2,SP1A27KFY4XERQCCRCARCYD1CC5N7M6688BSYADJ7.v0-8-market,borrow,SP3A7MGAH0SKC1ACS854PHXHVWE031FYQCBA8M51D,2026-09-07T12:59:58Z,23,120,97,success,(ok true),ok,
2026-09-07T13:01:06Z,8937056,0x4b53e46984db5ab3e4277543698975d884fa0ef6e239faa50d9959ceaeb168fe,zest-v2,SP1A27KFY4XERQCCRCARCYD1CC5N7M6688BSYADJ7.v0-8-market,supply-collateral-add,SP1MZ5N6YCQ5BFHK4N9NFGXG2K4N53BQ0MFXAKAC1,2026-09-07T12:56:50Z,256,120,-136,success,(ok u118554334883),ok,
2026-09-07T13:02:33Z,8937060,0x8e29ea3c1e246617eaa9ef56fcb2c22fc4fdd075bf6b0af6b2d40dbfd4607ee2,zest-v2,SP1A27KFY4XERQCCRCARCYD1CC5N7M6688BSYADJ7.v0-8-market,borrow,SP1MZ5N6YCQ5BFHK4N9NFGXG2K4N53BQ0MFXAKAC1,2026-09-07T13:02:07Z,26,120,94,success,(ok true),ok,
2026-09-07T13:07:20Z,8937075,0xab53b58d4ba625b8e000e7b90da681a1d38fe2b4ece2d59e74364b96a8d046dc,zest-v2,SP1A27KFY4XERQCCRCARCYD1CC5N7M6688BSYADJ7.v0-8-market,supply-collateral-add,SP3KPRN53ZGD45B3WRTDMZZEHBJSFQ8AKN9RE6FKS,2026-09-07T13:07:09Z,11,120,109,success,(ok u296699377577),ok,
2026-09-07T13:15:55Z,8937105,0xad891f4efeda2953d5098a48a5b21e065466c2bf7c2b980b8b7dbbe8e2b642e5,zest-v2,SP1A27KFY4XERQCCRCARCYD1CC5N7M6688BSYADJ7.v0-8-market,borrow,SPCE87V29VDPEAS925YMV2VG3CMBHY0BXKB08NA4,2026-09-07T13:15:19Z,36,120,84,success,(ok true),ok,
2026-09-07T13:17:26Z,8937110,0x4dadc44666560f8456a30bf003e305bf8ab29ac707136392db07df216ad3a402,zest-v2,SP1A27KFY4XERQCCRCARCYD1CC5N7M6688BSYADJ7.v0-8-market,borrow,SP3XBCE7R73W9TPWSM3B1NYKHYY9P5K81HE0TWPRP,2026-09-07T13:16:40Z,46,120,74,success,(ok true),ok,
2026-09-07T13:20:17Z,8937120,0xe4ce601b93aeb2b1e47443a56a8d137e681f2606d83159ff0230ec7e33aa3999,zest-v2,SP1A27KFY4XERQCCRCARCYD1CC5N7M6688BSYADJ7.v0-8-market,supply-collateral-add,SP2Y7BAT6DE5JTQZZ7KTR3XHHBQJ7AQMNQFGKVRMW,2026-09-07T13:20:02Z,15,120,105,success,(ok u1162),ok,
2026-09-07T13:20:17Z,8937120,0xbb691818fa9f9322d49c710dd99b9c5337f9d791062bd3aae657b7a26432dbb5,zest-v2,SP1A27KFY4XERQCCRCARCYD1CC5N7M6688BSYADJ7.v0-8-market,supply-collateral-add,SP3XBCE7R73W9TPWSM3B1NYKHYY9P5K81HE0TWPRP,2026-09-07T13:19:34Z,43,120,77,success,(ok u9374307525),ok,
2026-09-07T13:25:43Z,8937140,0x7a2cc6e90f03a8bdf692eec66ef04a34c73461454abf833e9c6bf990bc92f50b,zest-v2,SP1A27KFY4XERQCCRCARCYD1CC5N7M6688BSYADJ7.v0-8-market,supply-collateral-add,SP1MZ5N6YCQ5BFHK4N9NFGXG2K4N53BQ0MFXAKAC1,2026-09-07T13:25:35Z,8,120,112,success,(ok u167951828991),ok,
2026-09-07T13:26:31Z,8937144,0x74a4bc62ccb97299f4ea3e1541d4a3a533a34233b69fd2d18f7e1c558139c94d,zest-v2,SP1A27KFY4XERQCCRCARCYD1CC5N7M6688BSYADJ7.v0-8-market,borrow,SP1MZ5N6YCQ5BFHK4N9NFGXG2K4N53BQ0MFXAKAC1,2026-09-07T13:26:13Z,18,120,102,success,(ok true),ok,
2026-09-07T13:30:30Z,8937166,0x42546e7e7c8e5fdf8193cfb741085d6f7417c333f36dfd958c5ee7957ab68e8e,zest-v2,SP1A27KFY4XERQCCRCARCYD1CC5N7M6688BSYADJ7.v0-8-market,collateral-remove-redeem,SP1MZ5N6YCQ5BFHK4N9NFGXG2K4N53BQ0MFXAKAC1,2026-09-07T13:30:22Z,8,120,112,success,(ok u54854461085),ok,
2026-09-07T13:31:35Z,8937172,0x52ac739f3314830bbb9f4ab5f2b3e74d877d63de8b97d34d014223e47daf4c2d,zest-v2,SP1A27KFY4XERQCCRCARCYD1CC5N7M6688BSYADJ7.v0-8-market,collateral-remove-redeem,SP3A7MGAH0SKC1ACS854PHXHVWE031FYQCBA8M51D,2026-09-07T13:31:26Z,9,120,111,success,(ok u60000021214),ok,
2026-09-07T13:38:58Z,8937209,0xadfb9fb57a8ca118f778e0621907e8945991c4a3af04032aaedab780d679e922,zest-v2,SP1A27KFY4XERQCCRCARCYD1CC5N7M6688BSYADJ7.v0-8-market,collateral-remove-redeem,SP3A7MGAH0SKC1ACS854PHXHVWE031FYQCBA8M51D,2026-09-07T13:38:45Z,13,120,107,success,(ok u90000224560),ok,
2026-09-07T13:42:53Z,8937225,0x4b261a51b8616e0087b4d9f4f79c250ee526670de2fcc2608afc5a3342e4de39,zest-v2,SP1A27KFY4XERQCCRCARCYD1CC5N7M6688BSYADJ7.v0-8-market,supply-collateral-add,SP3ZNGTHP8ZQQ4ETZT1BH9DWMPYF0Z10RX8BSWQN2,2026-09-07T13:42:31Z,22,120,98,success,(ok u187333680),ok,
2026-09-07T13:44:47Z,8937233,0x0b42b570b6a6a9034450be9282043bdd34fcead06966bc9dc8ff1a79a2f1aa1e,zest-v1,SP2VCQJGH7PHP2DJK7Z0V48AGBHQAW3R3ZW1QF4N.borrow-helper-v2-1-8,withdraw,SP2PS9JBJ37NRHVMSDWDH47T4NMWVSWHRX19M4H2F,2026-09-07T13:44:20Z,27,360,333,success,(ok true),ok,
2026-09-07T13:46:27Z,8937240,0x025499849a0261d1e4f04f3b2c3c798f410841916cdc0dfc37e3c7d5f27db982,zest-v2,SP1A27KFY4XERQCCRCARCYD1CC5N7M6688BSYADJ7.v0-8-market,supply-collateral-add,SP2PS9JBJ37NRHVMSDWDH47T4NMWVSWHRX19M4H2F,2026-09-07T13:45:52Z,35,120,85,success,(ok u105072265),ok,
2026-09-07T13:51:01Z,8937257,0x3c94c2c0cd928b51428018bcd10418cc29d11b8e73771832a333f530c2394c89,zest-v2,SP1A27KFY4XERQCCRCARCYD1CC5N7M6688BSYADJ7.v0-8-market,supply-collateral-add,SP2DK6S5P9GEQVASGYXC98Y85FQ49J2ZGS74HH6WK,2026-09-07T13:49:32Z,89,120,31,success,(ok u987948734),ok,
2026-09-07T13:52:22Z,8937261,0x39300a85132614b5e14f92b1be16aca03e57d06dc25b70f143aaf207ea6984bf,zest-v2,SP1A27KFY4XERQCCRCARCYD1CC5N7M6688BSYADJ7.v0-8-market,borrow,SP2DK6S5P9GEQVASGYXC98Y85FQ49J2ZGS74HH6WK,2026-09-07T13:51:52Z,30,120,90,success,(ok true),ok,
2026-09-07T13:55:26Z,8937272,0xf67f08c7c67d075aaa0f153612678ac2c53bbebbfc02c7e4f6554d1e39744437,zest-v2,SP1A27KFY4XERQCCRCARCYD1CC5N7M6688BSYADJ7.v0-8-market,supply-collateral-add,SP2DK6S5P9GEQVASGYXC98Y85FQ49J2ZGS74HH6WK,2026-09-07T13:54:57Z,29,120,91,success,(ok u1246791248),ok,
2026-09-07T13:59:07Z,8937285,0xa8534f60b3e91bb45ed585682eaf0edf49ddfa9b872628edcc93a8dcf203fa5c,zest-v2,SP1A27KFY4XERQCCRCARCYD1CC5N7M6688BSYADJ7.v0-8-market,collateral-remove-redeem,SP1MZ5N6YCQ5BFHK4N9NFGXG2K4N53BQ0MFXAKAC1,2026-09-07T13:58:50Z,17,120,103,success,(ok u68339433878),ok,
2026-09-07T14:09:55Z,8937325,0xddf58aea5a849fb623c9d4a9f9a00d90f3922eb0c537d230434b6a17dcf0a72b,zest-v2,SP1A27KFY4XERQCCRCARCYD1CC5N7M6688BSYADJ7.v0-8-market,supply-collateral-add,SP16GZQEWNJ8S05KQY0T0Z2KQ070WSSK96B99EN0E,2026-09-07T14:09:34Z,21,120,99,success,(ok u13215827),ok,
2026-09-07T14:18:14Z,8937356,0xc6d60f89ce90c5d244c81a508521cad88e4adc78734089da97b96dc936a9caf8,zest-v2,SP1A27KFY4XERQCCRCARCYD1CC5N7M6688BSYADJ7.v0-8-market,supply-collateral-add,SP1FHGCSC72VB0XDAFCWWJ3PBKPFR8ZENZYEHYFQZ,2026-09-07T14:17:46Z,28,120,92,success,(ok u17333228),ok,
2026-09-07T14:41:15Z,8937442,0xbf69173762cb1bf921cdef9308540daf086465d504513481b064bcc0cc1e8097,zest-v1,SP2VCQJGH7PHP2DJK7Z0V48AGBHQAW3R3ZW1QF4N.borrow-helper-v2-1-8,withdraw,SP99GMESHFA1WBXXNY7R1V2SD9TV9VWGM62GRT7S,2026-09-07T14:41:07Z,8,360,352,success,(ok true),ok,
2026-09-07T14:42:34Z,8937447,0x15c7159198d4d947bc9136edac9a6a029ff0451479d208f29ebb6c79b64082aa,zest-v1,SP2VCQJGH7PHP2DJK7Z0V48AGBHQAW3R3ZW1QF4N.borrow-helper-v2-1-8,withdraw,SP99GMESHFA1WBXXNY7R1V2SD9TV9VWGM62GRT7S,2026-09-07T14:42:24Z,10,360,350,success,(ok true),ok,
2026-09-07T14:45:05Z,8937456,0xdd46fceae7774a588e87be9c4c66ef6fe78f2e8cdab4eb7400c182c02c2dfa0c,zest-v1,SP2VCQJGH7PHP2DJK7Z0V48AGBHQAW3R3ZW1QF4N.borrow-helper-v2-1-8,withdraw,SP99GMESHFA1WBXXNY7R1V2SD9TV9VWGM62GRT7S,2026-09-07T14:44:50Z,15,360,345,success,(ok true),ok,
2026-09-07T14:57:43Z,8937501,0x1098ae68d45a1a7730e1ea1f5e4d600150f2fed4444400cc543e2c5e8bf5672a,zest-v2,SP1A27KFY4XERQCCRCARCYD1CC5N7M6688BSYADJ7.v0-8-market,supply-collateral-add,SP99GMESHFA1WBXXNY7R1V2SD9TV9VWGM62GRT7S,2026-09-07T14:57:24Z,19,120,101,abort_by_post_condition,(err u720007),revert:non-oracle,
2026-09-07T14:57:43Z,8937501,0xdbe57e5290ffae5fb1c743bb28a747516f1f288b926dccfec421529428df7f06,zest-v2,SP1A27KFY4XERQCCRCARCYD1CC5N7M6688BSYADJ7.v0-8-market,supply-collateral-add,SP99GMESHFA1WBXXNY7R1V2SD9TV9VWGM62GRT7S,2026-09-07T14:56:44Z,59,120,61,success,(ok u59276735),ok,
2026-09-07T15:06:32Z,8937537,0xead75627ec6819c8f7f13fea16b01dd5578b82ab295c2075974cf22f2d84dfb7,zest-v2,SP1A27KFY4XERQCCRCARCYD1CC5N7M6688BSYADJ7.v0-8-market,borrow,SP99GMESHFA1WBXXNY7R1V2SD9TV9VWGM62GRT7S,2026-09-07T15:06:20Z,12,120,108,success,(ok true),ok,
2026-09-07T15:40:15Z,8937689,0xcb026dea395df2f1c94ab0f6ec6bd126a32d056ba7d93889fef3fc6ebb35df94,zest-v1,SP2VCQJGH7PHP2DJK7Z0V48AGBHQAW3R3ZW1QF4N.borrow-helper-v2-1-8,withdraw,SP3F3DS8H1368NZY6FHRM104CYNTDT6Q5V57N3FAC,2026-09-07T15:39:42Z,33,360,327,success,(ok true),ok,
2026-09-07T16:41:02Z,8937987,0xbb033ed435e2f186119cf70f9440c3cad66d72250816c7e3de809c3df7b65633,zest-v2,SP1A27KFY4XERQCCRCARCYD1CC5N7M6688BSYADJ7.v0-8-market,borrow,SP2A0VW071VE5QXZ9699FK29F0XXQ0B8AQ5BSC431,2026-09-07T16:40:46Z,16,120,104,success,(ok true),ok,
2026-09-07T16:46:22Z,8938014,0xd432027465f572f75b56dcb984d003b28c2c17515556ac802bc20716c40eaf8a,zest-v2,SP1A27KFY4XERQCCRCARCYD1CC5N7M6688BSYADJ7.v0-8-market,supply-collateral-add,SP1MZ5N6YCQ5BFHK4N9NFGXG2K4N53BQ0MFXAKAC1,2026-09-07T16:46:03Z,19,120,101,success,(ok u105518979319),ok,
2026-09-07T16:46:55Z,8938017,0xc68e519d9d6a4eb9ba32f9f108edafe8ab669fc3fc887af2691237fe4f537cdb,zest-v2,SP1A27KFY4XERQCCRCARCYD1CC5N7M6688BSYADJ7.v0-8-market,borrow,SP1MZ5N6YCQ5BFHK4N9NFGXG2K4N53BQ0MFXAKAC1,2026-09-07T16:46:46Z,9,120,111,success,(ok true),ok,
2026-09-07T17:38:55Z,8938231,0x491e11aee49f7868059b11093e9a487ca943b574aa30d7d912aa093af1a7d848,zest-v2,SP1A27KFY4XERQCCRCARCYD1CC5N7M6688BSYADJ7.v0-8-market,supply-collateral-add,SP05DFRP139PJ8YSX34ZB34MZWA65H5TTD7N1NEN,2026-09-07T17:38:32Z,23,120,97,success,(ok u5827729426),ok,
2026-09-07T17:43:46Z,8938254,0x61c98e5442b69a872f5bf2f3cdbe2cc2356f8cc0cd27b596e683027c9f8497b7,zest-v2,SP1A27KFY4XERQCCRCARCYD1CC5N7M6688BSYADJ7.v0-8-market,collateral-remove-redeem,SP1MZ5N6YCQ5BFHK4N9NFGXG2K4N53BQ0MFXAKAC1,2026-09-07T17:43:31Z,15,120,105,success,(ok u106807308880),ok,
2026-09-07T19:37:21Z,8938754,0x1705ddaac4df8e441025b319658b1e99222cbf6dbfa1d4b7db5060a86d906ec1,zest-v2,SP1A27KFY4XERQCCRCARCYD1CC5N7M6688BSYADJ7.v0-8-market,supply-collateral-add,SP1S9V348SY2H77AH4B008KX0K2GPW2EGEW29847M,2026-09-07T19:37:03Z,18,120,102,success,(ok u12681574707),ok,
2026-09-07T19:39:07Z,8938763,0xb2c72425224fdffab2742f9010d32e5453e98780822640e23273367e06736eb5,zest-v2,SP1A27KFY4XERQCCRCARCYD1CC5N7M6688BSYADJ7.v0-8-market,borrow,SP1S9V348SY2H77AH4B008KX0K2GPW2EGEW29847M,2026-09-07T19:38:50Z,17,120,103,success,(ok true),ok,
2026-09-07T19:41:31Z,8938775,0x32e84ad3febb5341c9af5c039ab2974c6207cf92b58d25e97a6902e5a812bbfa,zest-v2,SP1A27KFY4XERQCCRCARCYD1CC5N7M6688BSYADJ7.v0-8-market,supply-collateral-add,SP1S9V348SY2H77AH4B008KX0K2GPW2EGEW29847M,2026-09-07T19:41:17Z,14,120,106,success,(ok u14399244471),ok,
2026-09-07T20:19:49Z,8938963,0x7ba6e76e390e5b5c20b8b2b61d3a3dfb16373f00c98e5e5142b860cc87b6c824,zest-v1,SP2VCQJGH7PHP2DJK7Z0V48AGBHQAW3R3ZW1QF4N.borrow-helper-v2-1-8,withdraw,SP1YWFP80QE1GD65MPGCXE509R0662DXJ9ANCKWDD,2026-09-07T20:19:41Z,8,360,352,success,(ok true),ok,
2026-09-07T20:26:07Z,8938999,0xf5ee51049bf8848ccbca0df19585a85152d0fb32ae6f4137a2d64c90ca5e3df1,zest-v1,SP2VCQJGH7PHP2DJK7Z0V48AGBHQAW3R3ZW1QF4N.borrow-helper-v2-1-8,withdraw,SP1YWFP80QE1GD65MPGCXE509R0662DXJ9ANCKWDD,2026-09-07T20:25:56Z,11,360,349,success,(ok true),ok,
2026-09-07T20:30:45Z,8939022,0x7e54fe09d3f8c1789668f256281ac94778b8744821e81c0009c745013ed6020f,zest-v2,SP1A27KFY4XERQCCRCARCYD1CC5N7M6688BSYADJ7.v0-8-market,borrow,SP3KPRN53ZGD45B3WRTDMZZEHBJSFQ8AKN9RE6FKS,2026-09-07T20:30:28Z,17,120,103,success,(ok true),ok,
2026-09-07T21:13:55Z,8939241,0x0ce22bfd73f1ba698b3872b09283655d691b7ec9927361ead817c05756d3bcf0,zest-v2,SP1A27KFY4XERQCCRCARCYD1CC5N7M6688BSYADJ7.v0-8-market,supply-collateral-add,SP3QBZWS31P01XB5VSR8X7E788A8R40X7WTV0SBAT,2026-09-07T21:13:37Z,18,120,102,success,(ok u16988158),ok,
2026-09-07T21:43:02Z,8939405,0x17809c4fc41166075e3b58f6b67a81173c9e1b601bd87a8a467c647993f8a4c5,zest-v2,SP1A27KFY4XERQCCRCARCYD1CC5N7M6688BSYADJ7.v0-8-market,borrow,SP2RNHHQDTHGHPEVX83291K4AQZVGWEJ7WCQQDA9R,2026-09-07T21:42:51Z,11,120,109,success,(ok true),ok,
2026-09-07T22:22:29Z,8939600,0xca0c5dc34b2419a9bb31f2917489586caa4e932c009ec428fb5d7ce179f9b0b7,zest-v2,SP1A27KFY4XERQCCRCARCYD1CC5N7M6688BSYADJ7.v0-8-market,supply-collateral-add,SP3A7MGAH0SKC1ACS854PHXHVWE031FYQCBA8M51D,2026-09-07T22:22:12Z,17,120,103,success,(ok u49889158875),ok,
2026-09-07T22:23:50Z,8939606,0x0bc01317e647691d951d710f472c6a8d9680a31517fdeffb49b1d630e5b2ca47,zest-v2,SP1A27KFY4XERQCCRCARCYD1CC5N7M6688BSYADJ7.v0-8-market,borrow,SP3A7MGAH0SKC1ACS854PHXHVWE031FYQCBA8M51D,2026-09-07T22:23:29Z,21,120,99,success,(ok true),ok,
2026-09-07T22:50:11Z,8939740,0x4be4029b3aa80a024a65a8e77bc60ac313bac8f194742de4de0cb20678ccaaec,zest-v2,SP1A27KFY4XERQCCRCARCYD1CC5N7M6688BSYADJ7.v0-8-market,borrow,SP2VH5C759NFW2XJ5CNCG9H0BRP7X9FFD9S4MQ85B,2026-09-07T22:49:45Z,26,120,94,success,(ok true),ok,
2026-09-07T23:47:33Z,8940053,0x0516478bfd04a10901d18596dc4bfd097b30c2ba7f310602d27be599883e550c,zest-v1,SP2VCQJGH7PHP2DJK7Z0V48AGBHQAW3R3ZW1QF4N.borrow-helper-v2-1-8,withdraw,SPVC8MR15DWYCFJWNQ9YBAAVWA65R2ESACDTCXK3,2026-09-07T23:46:32Z,61,360,299,success,(ok true),ok,
2026-09-08T02:24:39Z,8940849,0x333ca403b4636f43cfa912bfd95c762b0334da7eaad43d3f9b74c7be0e25051f,zest-v1,SP2VCQJGH7PHP2DJK7Z0V48AGBHQAW3R3ZW1QF4N.borrow-helper-v2-1-8,withdraw,SPZ6PGKFTE9G7CMJCBF0T6SRKMMNH47X46RSDTBZ,2026-09-08T02:24:00Z,39,360,321,success,(ok true),ok,
2026-09-08T02:25:37Z,8940853,0xa31bd21f768b0346a305e8704300b531a6cb0fd7da5f05997e6c962490e08c3b,zest-v1,SP2VCQJGH7PHP2DJK7Z0V48AGBHQAW3R3ZW1QF4N.borrow-helper-v2-1-8,withdraw,SPZ6PGKFTE9G7CMJCBF0T6SRKMMNH47X46RSDTBZ,2026-09-08T02:25:02Z,35,360,325,success,(ok true),ok,
2026-09-08T06:39:19Z,8942154,0xbe08886099ce73912bc897205a8d9dbb379978b28c544c91c3f0f679a753ba03,zest-v2,SP1A27KFY4XERQCCRCARCYD1CC5N7M6688BSYADJ7.v0-8-market,borrow,SP2PKX3NAER3T40ECAYAVZESCGA42B6BP50K6ENKM,2026-09-08T06:38:47Z,32,120,88,success,(ok true),ok,
2026-09-08T08:35:15Z,8942744,0x74c394391a2b5961fcaa0470b50ec22758d24e969a40ad5022081ee9e36983c5,zest-v1,SP2VCQJGH7PHP2DJK7Z0V48AGBHQAW3R3ZW1QF4N.borrow-helper-v2-1-8,withdraw,SP2F0AHP4Y35AF74YK0VZN5AEZCXQK4REKBC0D8M6,2026-09-08T08:34:43Z,32,360,328,success,(ok true),ok,
2026-09-08T08:37:33Z,8942755,0xcd5750f1831cb6f3b54ac329902ae83689e07bbf9326b03b4206b87d8abeeeee,zest-v1,SP2VCQJGH7PHP2DJK7Z0V48AGBHQAW3R3ZW1QF4N.borrow-helper-v2-1-8,withdraw,SP2F0AHP4Y35AF74YK0VZN5AEZCXQK4REKBC0D8M6,2026-09-08T08:37:15Z,18,360,342,success,(ok true),ok,
2026-09-08T09:24:43Z,8943007,0x144ccd7d51564c634044e8f10b3f97934c673f3c0d2fdd325652877c6f79b78f,zest-v2,SP1A27KFY4XERQCCRCARCYD1CC5N7M6688BSYADJ7.v0-8-market,borrow,SP3KPRN53ZGD45B3WRTDMZZEHBJSFQ8AKN9RE6FKS,2026-09-08T09:24:31Z,12,120,108,success,(ok true),ok,
2026-09-08T11:04:38Z,8943469,0xe30337722117581f87883ea61ecc1b747fb5ca66fad155467b78f43b431ea4f5,zest-v2,SP1A27KFY4XERQCCRCARCYD1CC5N7M6688BSYADJ7.v0-8-market,borrow,SP1BQZ7QBWMRCYYFB51F5SGH2NJJ33R3BJQA71AQ0,2026-09-08T11:04:17Z,21,120,99,success,(ok true),ok,
2026-09-08T11:07:52Z,8943477,0x9c50d3b18f77cea97438cc42972fb050ed7524f9e26d235fa3d95fb96ed5be45,zest-v2,SP1A27KFY4XERQCCRCARCYD1CC5N7M6688BSYADJ7.v0-8-market,borrow,SP1BQZ7QBWMRCYYFB51F5SGH2NJJ33R3BJQA71AQ0,2026-09-08T11:07:37Z,15,120,105,success,(ok true),ok,
2026-09-08T12:01:47Z,8943717,0x80cb375ab33891429cef7d802e0f74978562425268bad97f519ddb76acd24871,zest-v2,SP1A27KFY4XERQCCRCARCYD1CC5N7M6688BSYADJ7.v0-8-market,supply-collateral-add,SPEJGJBR2Q2WW0065HFD0Z8RH0KE04CXE41NK6AG,2026-09-08T12:01:07Z,40,120,80,success,(ok u97292777944),ok,
2026-09-08T12:06:33Z,8943741,0x18de34061a95952d0e2016bb985af423ed2cceb50d00f98c3ea7fcf77bdbf1d9,zest-v2,SP1A27KFY4XERQCCRCARCYD1CC5N7M6688BSYADJ7.v0-8-market,borrow,SPEJGJBR2Q2WW0065HFD0Z8RH0KE04CXE41NK6AG,2026-09-08T12:05:51Z,42,120,78,success,(ok true),ok,
2026-09-08T12:42:22Z,8943923,0xd599ea8766f35ae1597ad6fba21a1506a81ee74ae2bc636b2258f925c02910bf,granite-usdcx,SP3M2BYF7RGF8WKW5FVDNJ6WR8D7AR9BHDXAKPXZE.state-v1,borrow,SP2N7SK0W83NJSZHFH8HH31ZT3DXJG7NFE5VYT9SJ,2026-09-08T12:41:32Z,50,300,250,success,(ok true),ok,
2026-09-08T12:45:49Z,8943938,0x0b597aa61e10a053ffc8a02ab5306c845294efe8d0797f0c1aa7007f3da6761e,granite-usdcx,SP3M2BYF7RGF8WKW5FVDNJ6WR8D7AR9BHDXAKPXZE.state-v1,remove-collateral,SP2N7SK0W83NJSZHFH8HH31ZT3DXJG7NFE5VYT9SJ,2026-09-08T12:45:32Z,17,300,283,success,(ok true),ok,
2026-09-08T14:44:32Z,8944483,0x9e0e7e0ee6668c4d461fcf70441f832062c3665b073be69dcfd5fc0082ed9dcd,zest-v1,SP2VCQJGH7PHP2DJK7Z0V48AGBHQAW3R3ZW1QF4N.borrow-helper-v2-1-8,withdraw,SP1CQNAAJ4H7YWQCR1065FMCNT658HY05P7RYGG7,2026-09-08T14:44:22Z,10,360,350,success,(ok true),ok,
2026-09-08T14:44:43Z,8944484,0x81f54d2818edefc484a5d0f7e384086d6a3ff8d4bf2e43fce7ba3fe30b88da53,zest-v1,SP2VCQJGH7PHP2DJK7Z0V48AGBHQAW3R3ZW1QF4N.borrow-helper-v2-1-8,withdraw,SP1CQNAAJ4H7YWQCR1065FMCNT658HY05P7RYGG7,2026-09-08T14:44:35Z,8,360,352,success,(ok true),ok,
2026-09-08T15:47:00Z,8944807,0xc4006bca5617b6eee4f4fa50b90da01c75d82d394c41db99c1deb75bafb6d82c,zest-v2,SP1A27KFY4XERQCCRCARCYD1CC5N7M6688BSYADJ7.v0-8-market,borrow,SP3ZNGTHP8ZQQ4ETZT1BH9DWMPYF0Z10RX8BSWQN2,2026-09-08T15:46:28Z,32,120,88,success,(ok true),ok,
2026-09-08T15:48:43Z,8944817,0x7a115065ddfba4fadf6faf1088c1927b27d7c3d1089105399c6b2a044b2e09f2,zest-v2,SP1A27KFY4XERQCCRCARCYD1CC5N7M6688BSYADJ7.v0-8-market,supply-collateral-add,SP3ZNGTHP8ZQQ4ETZT1BH9DWMPYF0Z10RX8BSWQN2,2026-09-08T15:48:27Z,16,120,104,success,(ok u220312474),ok,
2026-09-08T16:00:24Z,8944883,0xe0d8b481a8d26c2fcca71441ed4b502ae624c0a07af742684f7f70e4cd8fb414,zest-v2,SP1A27KFY4XERQCCRCARCYD1CC5N7M6688BSYADJ7.v0-8-market,collateral-remove-redeem,SP3A7MGAH0SKC1ACS854PHXHVWE031FYQCBA8M51D,2026-09-08T16:00:11Z,13,120,107,success,(ok u50000781132),ok,
2026-09-08T16:09:59Z,8944927,0x00131ac9afb8186db4601551f3f1b9e2edd9d84ac353bf13c193e87b755345a8,zest-v2,SP1A27KFY4XERQCCRCARCYD1CC5N7M6688BSYADJ7.v0-8-market,borrow,SP25SJZ2KDZMZY4MJNE9QNP41XRKKFWXYHN82SZSN,2026-09-08T16:09:36Z,23,120,97,success,(ok true),ok,
2026-09-08T19:17:48Z,8945870,0x4cdefeeda9f31ec16a7abbd07383a630bdf941ae759c8f4a97919d0ae6892e84,zest-v2,SP1A27KFY4XERQCCRCARCYD1CC5N7M6688BSYADJ7.v0-8-market,collateral-remove-redeem,SP2TBW5EM2JEH10756JC1FSG784P0SVYZ9F2ZBJ7K,2026-09-08T19:17:01Z,47,120,73,success,(ok u3448500983),ok,
2026-09-08T19:22:21Z,8945891,0xb43e161abb761f791e84d7ea4beb77e9e259db55f6be8b3e17f863b96576db08,zest-v2,SP1A27KFY4XERQCCRCARCYD1CC5N7M6688BSYADJ7.v0-8-market,collateral-remove-redeem,SP2TBW5EM2JEH10756JC1FSG784P0SVYZ9F2ZBJ7K,2026-09-08T19:21:46Z,35,120,85,success,(ok u4353619328),ok,
2026-09-08T19:24:57Z,8945903,0xa7f6b5c753d4357ac22b4a8acf1977a6c090a0fc399eb37a28fadb73b6400887,zest-v2,SP1A27KFY4XERQCCRCARCYD1CC5N7M6688BSYADJ7.v0-8-market,supply-collateral-add,SP2TBW5EM2JEH10756JC1FSG784P0SVYZ9F2ZBJ7K,2026-09-08T19:24:23Z,34,120,86,success,(ok u5107870732),ok,
2026-09-08T20:43:22Z,8946236,0xcaa376e495021399d9f21c9f715d2d7d6bc89feca083cef329f1d8363c3ba978,zest-v2,SP1A27KFY4XERQCCRCARCYD1CC5N7M6688BSYADJ7.v0-8-market,collateral-remove-redeem,SP4FWJSAFVCRX1R2C6K6BYJ2N2PK6JSY8THWEJ3T,2026-09-08T20:43:08Z,14,120,106,success,(ok u50001),ok,
2026-09-08T21:11:40Z,8946348,0xcaa91bbf5e33f680b741091f80c8ffbd1fbd7f0d310ff867d1a7ad0212863845,zest-v2,SP1A27KFY4XERQCCRCARCYD1CC5N7M6688BSYADJ7.v0-8-market,supply-collateral-add,SP25DP4A9QDM42KC40EXTYQPMQCT1P0R5243GWEGS,2026-09-08T21:11:17Z,23,120,97,success,(ok u646833138),ok,
2026-09-08T21:55:39Z,8946586,0xdd4df18eabbe0bba1c813c3cfb4d4c1a32b52ad6efbd24908e8404744bc72976,zest-v2,SP1A27KFY4XERQCCRCARCYD1CC5N7M6688BSYADJ7.v0-8-market,supply-collateral-add,SP1ZJANFG3H554MB4T32ZQKE9ZSN8SMX68G03NH4M,2026-09-08T21:55:28Z,11,120,109,success,(ok u166),ok,
2026-09-08T22:03:15Z,8946621,0x89389a66fd64c5fe7b6a8a0e807ca0d88823fe0b29d0a4cc994de3d0604053da,zest-v2,SP1A27KFY4XERQCCRCARCYD1CC5N7M6688BSYADJ7.v0-8-market,supply-collateral-add,SP3J3HK9HDZCT7XXDZ345E4MX5XZ3SCCNKMWEV5PN,2026-09-08T22:01:21Z,114,120,6,success,(ok u17314454),ok,
2026-09-08T22:04:47Z,8946627,0x353c2f5ca131d3660ae411a76d37271ad0788108c55edc1b30b2f875aa366753,zest-v2,SP1A27KFY4XERQCCRCARCYD1CC5N7M6688BSYADJ7.v0-8-market,supply-collateral-add,SP1VA6890RJFTVKV9BVXR16Z19DX2EAC3MB8GXX3D,2026-09-08T22:04:03Z,44,120,76,success,(ok u4940721757),ok,
2026-09-08T23:07:10Z,8946951,0xb15dbe3a56ff091ec174b6014567a1e870c13fbc79e8f3e6e8cc75fd0685eb3c,zest-v2,SP1A27KFY4XERQCCRCARCYD1CC5N7M6688BSYADJ7.v0-8-market,supply-collateral-add,SP17C9NQA2HT248FDS6PGA5EB756BXAPH8ZNGDAZP,2026-09-08T23:06:29Z,41,120,79,success,(ok u20095963),ok,
2026-09-09T01:03:27Z,8947356,0x5c484fbf0b807a00c848bb030687b9fa14baa3005614ba6d4db7be54e0405439,zest-v2,SP1A27KFY4XERQCCRCARCYD1CC5N7M6688BSYADJ7.v0-8-market,supply-collateral-add,SP3A7MGAH0SKC1ACS854PHXHVWE031FYQCBA8M51D,2026-09-09T01:03:15Z,12,120,108,success,(ok u49887973347),ok,
2026-09-09T01:04:04Z,8947359,0x25354362803bcd9b0b85fdb62eda9af572ecd15ed7f8129e236eea251034bd3e,zest-v2,SP1A27KFY4XERQCCRCARCYD1CC5N7M6688BSYADJ7.v0-8-market,borrow,SP3A7MGAH0SKC1ACS854PHXHVWE031FYQCBA8M51D,2026-09-09T01:03:53Z,11,120,109,success,(ok true),ok,
2026-09-09T01:08:05Z,8947373,0xa005c3daa0c36686098c762a214e0b651feedb7febc31135cbb04d9afed11e49,zest-v2,SP1A27KFY4XERQCCRCARCYD1CC5N7M6688BSYADJ7.v0-8-market,borrow,SP1T2KHDQ76813XP5HDSM4PG27AWVB87XH79HXNF0,2026-09-09T01:07:00Z,65,120,55,success,(ok true),ok,
2026-09-09T01:17:47Z,8947410,0x1ec4cd5951eaafb996d89247c734d09451e226c3b7026d7254a921a56f29bec5,zest-v2,SP1A27KFY4XERQCCRCARCYD1CC5N7M6688BSYADJ7.v0-8-market,supply-collateral-add,SP1VA6890RJFTVKV9BVXR16Z19DX2EAC3MB8GXX3D,2026-09-09T01:17:37Z,10,120,110,success,(ok u5928568792),ok,
2026-09-09T01:23:59Z,8947432,0xeae747f5ad89528fdd2a0bef113a56e87a9fe2f833bdd85ea916bc8ad7f85dfa,zest-v2,SP1A27KFY4XERQCCRCARCYD1CC5N7M6688BSYADJ7.v0-8-market,supply-collateral-add,SP119ATKFM412X7WB4JTCNHVT02D6X919BZHPQR69,2026-09-09T01:23:38Z,21,120,99,success,(ok u100470546),ok,
2026-09-09T01:45:18Z,8947530,0x33be0b19a8873adddd15d75004a4c947d6fc2fbc9a99ac6fc1efbee8fb7bc1ec,zest-v2,SP1A27KFY4XERQCCRCARCYD1CC5N7M6688BSYADJ7.v0-8-market,supply-collateral-add,SP2CCCQP1WN3FG67K3V4S85JG9SRZN2KKRJ3M3GNG,2026-09-09T01:44:47Z,31,120,89,success,(ok u309755514),ok,
2026-09-09T01:45:54Z,8947533,0x9fce65699d988cd2897dd3f3e1e954dc38e6e89165961258ead3fc179d9385ba,zest-v2,SP1A27KFY4XERQCCRCARCYD1CC5N7M6688BSYADJ7.v0-8-market,supply-collateral-add,SPG90HHG9DQSZRC921S56CRYJ89K229YDE0N5SN1,2026-09-09T01:45:40Z,14,120,106,success,(ok u724388971),ok,
2026-09-09T02:29:14Z,8947731,0x8779d1c880140cbbd3c91d695693b101129250820db5f3cc8bcf29883f6823f2,zest-v2,SP1A27KFY4XERQCCRCARCYD1CC5N7M6688BSYADJ7.v0-8-market,supply-collateral-add,SP2ZM1KNQNS96RM1MAJTZV7WE7F38GFGRND4E80DW,2026-09-09T02:28:04Z,70,120,50,success,(ok u154461600),ok,
2026-09-09T02:32:47Z,8947746,0x751e2d7a73fa495f46851988dd32646232c581a16c84a7e2fa6a06fc97201bb9,zest-v2,SP1A27KFY4XERQCCRCARCYD1CC5N7M6688BSYADJ7.v0-8-market,supply-collateral-add,SP2ZM1KNQNS96RM1MAJTZV7WE7F38GFGRND4E80DW,2026-09-09T02:32:07Z,40,120,80,success,(ok u154480082),ok,
2026-09-09T02:34:06Z,8947753,0x6c73fc251ba01dec9e9bffe90ec380b19fccf845800d0c8685fba2d736799469,zest-v2,SP1A27KFY4XERQCCRCARCYD1CC5N7M6688BSYADJ7.v0-8-market,borrow,SP2ZM1KNQNS96RM1MAJTZV7WE7F38GFGRND4E80DW,2026-09-09T02:33:50Z,16,120,104,success,(ok true),ok,
2026-09-09T03:06:10Z,8947929,0xd0befa452335f4701caabb73ee6af8688ba8b141ca93d9529b5f2eb4bdbce066,zest-v2,SP1A27KFY4XERQCCRCARCYD1CC5N7M6688BSYADJ7.v0-8-market,collateral-remove,SP2JKYBD7EG4EGZADC6DTJ9Y86KAVFB0NQHTQY1EB,2026-09-09T03:05:59Z,11,120,109,success,(ok u0),ok,
2026-09-09T04:35:56Z,8948336,0x229c035f92d22c1fb86a7fd3b40b5b8e013edecdada4d4c554c430b2ed9363fa,zest-v1,SP2VCQJGH7PHP2DJK7Z0V48AGBHQAW3R3ZW1QF4N.borrow-helper-v2-1-8,withdraw,SP1245MQVQMCAHHV8XEJAXP2QQZDP9GEMF8N0A7B5,2026-09-09T04:35:38Z,18,360,342,success,(ok true),ok,
2026-09-09T05:42:13Z,8948586,0xff1442ed1b5719bffc7bfb6108ebe9dc645907874dcc5cf17769fd20df611c69,zest-v2,SP1A27KFY4XERQCCRCARCYD1CC5N7M6688BSYADJ7.v0-8-market,supply-collateral-add,SP34M22KZDV4TYQZEAM10XC96TZR1G5W75FRHG3KA,2026-09-09T05:41:54Z,19,120,101,success,(ok u19174672138),ok,
2026-09-09T07:17:20Z,8949012,0x4861c0f0502d071993060f5a9bbd32e47e8e9d3678684f7815b47ce8913f23cf,zest-v2,SP1A27KFY4XERQCCRCARCYD1CC5N7M6688BSYADJ7.v0-8-market,collateral-remove-redeem,SP3A7MGAH0SKC1ACS854PHXHVWE031FYQCBA8M51D,2026-09-09T07:16:57Z,23,120,97,success,(ok u50000277970),ok,
2026-09-09T07:22:48Z,8949032,0x32fe0f49ee9ebbbdf3e87aa9536381aa46939186075b026b5be73b6a31a6b870,zest-v2,SP1A27KFY4XERQCCRCARCYD1CC5N7M6688BSYADJ7.v0-8-market,borrow,SPFGGV634BBAS2V9TBZ5WMNMDSW446S7SK9W48JH,2026-09-09T07:22:32Z,16,120,104,success,(ok true),ok,
2026-09-09T07:29:02Z,8949058,0x498c2e147d89b8f4e6eec1cb1739646d6bf310d65f15169e9774319ab5b8d177,zest-v2,SP1A27KFY4XERQCCRCARCYD1CC5N7M6688BSYADJ7.v0-8-market,supply-collateral-add,SPFGGV634BBAS2V9TBZ5WMNMDSW446S7SK9W48JH,2026-09-09T07:28:36Z,26,120,94,success,(ok u130353364637),ok,
2026-09-09T07:50:06Z,8949145,0xd533966b045de7a90844a7df0e7394d383ca66b7bb58a58f155c2e2a2ca550f6,zest-v2,SP1A27KFY4XERQCCRCARCYD1CC5N7M6688BSYADJ7.v0-8-market,supply-collateral-add,SP2R8C36A8KVBBWYC4ASD6V36S2E9VJ0FXWV2T4CP,2026-09-09T07:49:47Z,19,120,101,success,(ok u696375127),ok,
2026-09-09T08:00:55Z,8949198,0xe9c9a5d47886a7368bf7153e6ba2affc9dead7d41421c52d1d8e6fc1933fee1e,zest-v2,SP1A27KFY4XERQCCRCARCYD1CC5N7M6688BSYADJ7.v0-8-market,borrow,SP25SJZ2KDZMZY4MJNE9QNP41XRKKFWXYHN82SZSN,2026-09-09T08:00:14Z,41,120,79,success,(ok true),ok,
2026-09-09T09:13:01Z,8949478,0xa0bc18cf2523b83d712ec47cf27fec7557d05ac2b3c78ed61628df16135cf955,zest-v2,SP1A27KFY4XERQCCRCARCYD1CC5N7M6688BSYADJ7.v0-8-market,collateral-remove-redeem,SP25DP4A9QDM42KC40EXTYQPMQCT1P0R5243GWEGS,2026-09-09T09:12:08Z,53,120,67,success,(ok u246000000),ok,
2026-09-09T11:21:15Z,8950075,0x467ea10e2b086f423a4d352f31d160c088b92a948650ea98f4533400313501a9,zest-v2,SP1A27KFY4XERQCCRCARCYD1CC5N7M6688BSYADJ7.v0-8-market,supply-collateral-add,SP2ZM1KNQNS96RM1MAJTZV7WE7F38GFGRND4E80DW,2026-09-09T11:20:53Z,22,120,98,success,(ok u154637013),ok,
2026-09-09T12:01:01Z,8950260,0xf42b4590a8f0966f75907e4cf0945fe16d55b8970ac5f27047947d0e7aecf2d6,zest-v2,SP1A27KFY4XERQCCRCARCYD1CC5N7M6688BSYADJ7.v0-8-market,supply-collateral-add,SP2QGMXH21KFDX99PWNB7Z7WNQ92TWFAECEEK10GE,2026-09-09T12:00:45Z,16,120,104,success,(ok u5240647618),ok,
2026-09-09T12:24:04Z,8950366,0x1ed48a8bd726a8b4b8a32a1f76bd5e76c5e6edd0e7933d668b890cb7c4173ea0,zest-v2,SP1A27KFY4XERQCCRCARCYD1CC5N7M6688BSYADJ7.v0-8-market,supply-collateral-add,SP2ZM1KNQNS96RM1MAJTZV7WE7F38GFGRND4E80DW,2026-09-09T12:23:37Z,27,120,93,success,(ok u154763245),ok,
2026-09-09T12:28:41Z,8950388,0xde3892e313fd926df07f85aa5841bd5eb27a75eb7a69fd5b21fadeb7f15aec8b,zest-v2,SP1A27KFY4XERQCCRCARCYD1CC5N7M6688BSYADJ7.v0-8-market,collateral-remove-redeem,SPCWSSHF9ATPJQSWSWV121Z5GNMZ4Y0H7Q5KY9P4,2026-09-09T12:28:02Z,39,120,81,success,(ok u2000000000),ok,
2026-09-09T12:30:31Z,8950396,0xde3b1136c39204777df47785aca09fbf851163d2b4814cf40b5a4c1f634af905,zest-v2,SP1A27KFY4XERQCCRCARCYD1CC5N7M6688BSYADJ7.v0-8-market,supply-collateral-add,SP3A7MGAH0SKC1ACS854PHXHVWE031FYQCBA8M51D,2026-09-09T12:30:07Z,24,120,96,success,(ok u98781544932),ok,
2026-09-09T12:31:02Z,8950399,0xf7cc482c8cd769af232f95d81cec61d55d205b8a84ff061719842891a3bde0bc,zest-v2,SP1A27KFY4XERQCCRCARCYD1CC5N7M6688BSYADJ7.v0-8-market,borrow,SP3A7MGAH0SKC1ACS854PHXHVWE031FYQCBA8M51D,2026-09-09T12:30:50Z,12,120,108,success,(ok true),ok,
2026-09-09T12:50:31Z,8950467,0x61089da89f0bf172e1d20aaf58840b41bf08b9b775488f94113986a171a2a93d,zest-v2,SP1A27KFY4XERQCCRCARCYD1CC5N7M6688BSYADJ7.v0-8-market,supply-collateral-add,SP1S9V348SY2H77AH4B008KX0K2GPW2EGEW29847M,2026-09-09T12:50:22Z,9,120,111,success,(ok u19207979588),ok,
2026-09-09T12:52:39Z,8950475,0xfc552d93651e4c1e3bf7bdd0dbabc41a777147e8c7fdda28f1a311c454c8779f,zest-v2,SP1A27KFY4XERQCCRCARCYD1CC5N7M6688BSYADJ7.v0-8-market,borrow,SP1S9V348SY2H77AH4B008KX0K2GPW2EGEW29847M,2026-09-09T12:51:31Z,68,120,52,success,(ok true),ok,
2026-09-09T12:56:23Z,8950495,0x34c6fdb64de1adf8ffa5f0632c4b5d831852b6ef871b7afc76ffc7fdee113f24,zest-v2,SP1A27KFY4XERQCCRCARCYD1CC5N7M6688BSYADJ7.v0-8-market,supply-collateral-add,SP1S9V348SY2H77AH4B008KX0K2GPW2EGEW29847M,2026-09-09T12:56:12Z,11,120,109,success,(ok u22498166732),ok,
2026-09-09T13:17:35Z,8950571,0xdc6394a3220422df31860bb606995174fe8871d350f68b989294ce672d211d28,zest-v2,SP1A27KFY4XERQCCRCARCYD1CC5N7M6688BSYADJ7.v0-8-market,supply-collateral-add,SP1MZ5N6YCQ5BFHK4N9NFGXG2K4N53BQ0MFXAKAC1,2026-09-09T13:17:20Z,15,120,105,success,(ok u49390666165),ok,
2026-09-09T13:18:14Z,8950574,0xab05e462534fbf125fc6b3938ef375bf68c1ac72af61ee9a0800f6fdb99d2c1d,zest-v2,SP1A27KFY4XERQCCRCARCYD1CC5N7M6688BSYADJ7.v0-8-market,borrow,SP1MZ5N6YCQ5BFHK4N9NFGXG2K4N53BQ0MFXAKAC1,2026-09-09T13:17:55Z,19,120,101,success,(ok true),ok,
2026-09-09T13:26:56Z,8950604,0xc8ce550b4023c84067ea859d418576ed7a2004b4840296fcec658612167df2d6,zest-v2,SP1A27KFY4XERQCCRCARCYD1CC5N7M6688BSYADJ7.v0-8-market,collateral-remove-redeem,SP3A7MGAH0SKC1ACS854PHXHVWE031FYQCBA8M51D,2026-09-09T13:26:46Z,10,120,110,success,(ok u100000257429),ok,
2026-09-09T13:39:56Z,8950654,0x07fd1f996ffa7d1479c6ad789661bf384aa3e5633d98ac65cc78faa30fd49657,zest-v2,SP1A27KFY4XERQCCRCARCYD1CC5N7M6688BSYADJ7.v0-8-market,collateral-remove-redeem,SP1MZ5N6YCQ5BFHK4N9NFGXG2K4N53BQ0MFXAKAC1,2026-09-09T13:39:39Z,17,120,103,success,(ok u50000051303),ok,
2026-09-09T14:04:20Z,8950740,0x2bbba0f61a7b9497b6009f19d0f8cc8cd8ae470ce964c35a9e463a0e84509238,zest-v2,SP1A27KFY4XERQCCRCARCYD1CC5N7M6688BSYADJ7.v0-8-market,supply-collateral-add,SP3A7MGAH0SKC1ACS854PHXHVWE031FYQCBA8M51D,2026-09-09T14:04:12Z,8,120,112,success,(ok u49887391353),ok,
2026-09-09T14:05:21Z,8950743,0x6068afad8fd8418992f876c9d245284c6b336fb28008ec402dc818880cbf0493,zest-v2,SP1A27KFY4XERQCCRCARCYD1CC5N7M6688BSYADJ7.v0-8-market,borrow,SP3A7MGAH0SKC1ACS854PHXHVWE031FYQCBA8M51D,2026-09-09T14:04:59Z,22,120,98,success,(ok true),ok,
2026-09-09T15:34:39Z,8951100,0xb0e4020c3ed1928668a3837ef30102077974b9570d74886cc72d6896b2a3bac4,zest-v2,SP1A27KFY4XERQCCRCARCYD1CC5N7M6688BSYADJ7.v0-8-market,supply-collateral-add,SP1ACM69YW4EK5TQQ5MKTFN4WYXC61XREHHM56MGJ,2026-09-09T15:33:53Z,46,120,74,success,(ok u1414322167602),ok,
2026-09-09T15:36:36Z,8951107,0x3551a909f10ae4fee88341db91d292027693d4e0c81f6a9007d13ad703f50a4b,zest-v2,SP1A27KFY4XERQCCRCARCYD1CC5N7M6688BSYADJ7.v0-8-market,borrow,SP1ACM69YW4EK5TQQ5MKTFN4WYXC61XREHHM56MGJ,2026-09-09T15:35:57Z,39,120,81,success,(ok true),ok,
2026-09-09T15:52:27Z,8951164,0x38f03da7fa6481e0deb161fbd676df43b5e63f0eb52751083d8fb9e12599515e,zest-v2,SP1A27KFY4XERQCCRCARCYD1CC5N7M6688BSYADJ7.v0-8-market,collateral-remove-redeem,SP1ACM69YW4EK5TQQ5MKTFN4WYXC61XREHHM56MGJ,2026-09-09T15:51:41Z,46,120,74,success,(ok u1431687897553),ok,
2026-09-09T16:13:39Z,8951238,0xf555fb87499adcbe98905a94b54807a3dcfb0bd79b8f672bad4b1fa9f2312138,zest-v2,SP1A27KFY4XERQCCRCARCYD1CC5N7M6688BSYADJ7.v0-8-market,collateral-remove-redeem,SP2VRJFZD62SB6GE7DSDJ1Z0M6SXJX7JNHSQ6Q187,2026-09-09T16:13:11Z,28,120,92,success,(ok u186326),ok,
2026-09-09T16:22:46Z,8951272,0xa14bd70507529fa1744241213eceeeaa4afd0f924ed71b2a485927fa117b9fbd,zest-v2,SP1A27KFY4XERQCCRCARCYD1CC5N7M6688BSYADJ7.v0-8-market,supply-collateral-add,SP2VRJFZD62SB6GE7DSDJ1Z0M6SXJX7JNHSQ6Q187,2026-09-09T16:22:22Z,24,120,96,success,(ok u186224),ok,
2026-09-09T16:27:39Z,8951288,0x2242e7cacd05b72277115c53ffaa19e8292e6d393141797eb1b7d601d3e4f06b,zest-v2,SP1A27KFY4XERQCCRCARCYD1CC5N7M6688BSYADJ7.v0-8-market,supply-collateral-add,SPH2WEH8T6FA73QFE43MAF4G3QY0H5TJ407ERJ6B,2026-09-09T16:27:13Z,26,120,94,success,(ok u3450889),ok,
2026-09-09T17:30:30Z,8951498,0x856c2fbcbdd52c0001728d37900a4c70ee954c67f59916fceb08c2761301e38d,zest-v2,SP1A27KFY4XERQCCRCARCYD1CC5N7M6688BSYADJ7.v0-8-market,supply-collateral-add,SP2YNMHY9367FSCN07593RHQYC5TKPCXC25V6XWB5,2026-09-09T17:29:17Z,73,120,47,success,(ok u63777),ok,
2026-09-09T18:50:32Z,8951854,0x72dd16bfe46f4d081d375ddefd682e42ee3e1d21e4b1606727a8a3d32b9d9adf,zest-v2,SP1A27KFY4XERQCCRCARCYD1CC5N7M6688BSYADJ7.v0-8-market,collateral-remove-redeem,SPZ6PGKFTE9G7CMJCBF0T6SRKMMNH47X46RSDTBZ,2026-09-09T18:49:51Z,41,120,79,success,(ok u3328924713),ok,
2026-09-09T18:52:10Z,8951863,0x71a52169521e5c6ad0b0c214889b1f072298801138c4b829c0eb7b5a4dd18612,zest-v2,SP1A27KFY4XERQCCRCARCYD1CC5N7M6688BSYADJ7.v0-8-market,collateral-remove-redeem,SP3B1CZJ53P3Y5WEY2A1JFJ6QJYTPA44MY3HXTKEF,2026-09-09T18:51:49Z,21,120,99,success,(ok u82656),ok,
2026-09-09T18:55:24Z,8951880,0x25bc7975a587bfdca61063f9932477b26efa5c466078c23440da92b78f7232b1,zest-v2,SP1A27KFY4XERQCCRCARCYD1CC5N7M6688BSYADJ7.v0-8-market,borrow,SPETRC149CY5PSKEK1K2Q160MR8YQ924GETDJRSS,2026-09-09T18:53:24Z,120,120,0,success,(ok true),ok,
2026-09-09T18:59:48Z,8951900,0xc88870c87d921e1699bc9c16602c21328811dc85b95b2ea133dd9185dfdd5e85,zest-v2,SP1A27KFY4XERQCCRCARCYD1CC5N7M6688BSYADJ7.v0-8-market,supply-collateral-add,SPZ6PGKFTE9G7CMJCBF0T6SRKMMNH47X46RSDTBZ,2026-09-09T18:59:20Z,28,120,92,success,(ok u4229728597),ok,
2026-09-09T19:00:36Z,8951904,0x0c1c3a3cdc720b8f103d2eb224ecc8492b8a8b3de677356e9f20715b83db917d,zest-v2,SP1A27KFY4XERQCCRCARCYD1CC5N7M6688BSYADJ7.v0-8-market,borrow,SPZ6PGKFTE9G7CMJCBF0T6SRKMMNH47X46RSDTBZ,2026-09-09T19:00:11Z,25,120,95,success,(ok true),ok,
2026-09-09T19:02:33Z,8951912,0x2aa596eac505c7f3fc3a4f1726b2c485bc604b4ce569cd28c9f772fd6cdc9885,zest-v2,SP1A27KFY4XERQCCRCARCYD1CC5N7M6688BSYADJ7.v0-8-market,supply-collateral-add,SPZ6PGKFTE9G7CMJCBF0T6SRKMMNH47X46RSDTBZ,2026-09-09T19:02:06Z,27,120,93,success,(ok u7611533303),ok,
2026-09-09T19:03:26Z,8951916,0x2514b8b7c0617256b84b335c724d4c83f5f658bc367e038fbedc2108e37fe71b,zest-v2,SP1A27KFY4XERQCCRCARCYD1CC5N7M6688BSYADJ7.v0-8-market,borrow,SPZ6PGKFTE9G7CMJCBF0T6SRKMMNH47X46RSDTBZ,2026-09-09T19:02:59Z,27,120,93,success,(ok true),ok,
2026-09-09T19:06:15Z,8951926,0xc099726aefccb136225a98101e648c78fb066c2f1e9d6f27e39b01487e17f2d8,zest-v2,SP1A27KFY4XERQCCRCARCYD1CC5N7M6688BSYADJ7.v0-8-market,supply-collateral-add,SPZ6PGKFTE9G7CMJCBF0T6SRKMMNH47X46RSDTBZ,2026-09-09T19:05:32Z,43,120,77,success,(ok u10313334056),ok,
2026-09-09T19:07:23Z,8951931,0x6bf4ff0e78ac8ffa4da8a1a855c7373cc41c16c14886fc62e1e18c4a67529e14,zest-v2,SP1A27KFY4XERQCCRCARCYD1CC5N7M6688BSYADJ7.v0-8-market,borrow,SPZ6PGKFTE9G7CMJCBF0T6SRKMMNH47X46RSDTBZ,2026-09-09T19:07:05Z,18,120,102,success,(ok true),ok,
2026-09-09T19:09:23Z,8951938,0xc04bc01a32faa5115defe4350e0e97fd115cfe1fc1606201795d351939043086,zest-v2,SP1A27KFY4XERQCCRCARCYD1CC5N7M6688BSYADJ7.v0-8-market,supply-collateral-add,SPZ6PGKFTE9G7CMJCBF0T6SRKMMNH47X46RSDTBZ,2026-09-09T19:08:44Z,39,120,81,success,(ok u12478723015),ok,
2026-09-09T19:13:42Z,8951955,0x7dbab308cf2631e28cbde1721d8085eee0002ee608e92a4121eef066d6cc5b58,zest-v2,SP1A27KFY4XERQCCRCARCYD1CC5N7M6688BSYADJ7.v0-8-market,borrow,SPZ6PGKFTE9G7CMJCBF0T6SRKMMNH47X46RSDTBZ,2026-09-09T19:13:17Z,25,120,95,success,(ok true),ok,
2026-09-09T19:25:12Z,8951999,0xdecbe9548ab80badda02394789c5189ed778668b819f785588c809d96c3956f7,zest-v1,SP2VCQJGH7PHP2DJK7Z0V48AGBHQAW3R3ZW1QF4N.borrow-helper-v2-1-8,set-user-use-reserve-as-collateral,SP3Q33C69JTEA5MFEWF2RVSPZKBSHCYX4Q6MZWAT,2026-09-09T19:24:39Z,33,360,327,success,(ok true),ok,
2026-09-09T19:26:14Z,8952004,0x6d3780f4ada91f7a9d2f8c19e4e9aaf164b1139de3ca57e60f00f93c16eb2ce8,zest-v1,SP2VCQJGH7PHP2DJK7Z0V48AGBHQAW3R3ZW1QF4N.borrow-helper-v2-1-8,withdraw,SP3Q33C69JTEA5MFEWF2RVSPZKBSHCYX4Q6MZWAT,2026-09-09T19:26:02Z,12,360,348,success,(ok true),ok,
2026-09-09T19:35:00Z,8952048,0x27519090a5250e61d1a0904107e7ea40361d4c2349a75d267a874eb0ada31745,zest-v2,SP1A27KFY4XERQCCRCARCYD1CC5N7M6688BSYADJ7.v0-8-market,borrow,SP2HFXN1EWBSQ1MG8S7YMYA4RPYG7EKBTVZCKA0FJ,2026-09-09T19:34:42Z,18,120,102,success,(ok true),ok,
2026-09-09T20:37:56Z,8952336,0xbf7e8b9c9f6ad49b471ef2149b3114b52d70572bc13fd40b97e0546f7eea3527,zest-v2,SP1A27KFY4XERQCCRCARCYD1CC5N7M6688BSYADJ7.v0-8-market,collateral-remove-redeem,SP2YNMHY9367FSCN07593RHQYC5TKPCXC25V6XWB5,2026-09-09T20:37:17Z,39,120,81,success,(ok u63811),ok,
2026-09-09T20:56:07Z,8952405,0x2b1ec3de95e7c68d0c84e18ac5a9608488dadc5031bf70bcd5d68e34776ac3d6,zest-v1,SP2VCQJGH7PHP2DJK7Z0V48AGBHQAW3R3ZW1QF4N.borrow-helper-v2-1-8,withdraw,SP34F13AW4K5DYV7RJQ7JZ8M8GBG8VHGH1JRB6J3H,2026-09-09T20:55:53Z,14,360,346,success,(ok true),ok,
2026-09-09T20:56:28Z,8952406,0xe414c4ca904e7991fb8339caf707215377114d4c5e569b7a2d44b7aff3a6eaf1,zest-v1,SP2VCQJGH7PHP2DJK7Z0V48AGBHQAW3R3ZW1QF4N.borrow-helper-v2-1-8,withdraw,SP34F13AW4K5DYV7RJQ7JZ8M8GBG8VHGH1JRB6J3H,2026-09-09T20:56:15Z,13,360,347,success,(ok true),ok,
2026-09-09T20:57:08Z,8952408,0x7a6cd80b86b65483113d6363e2fa2541dc2e36617ab215fe3ed7c67e6160ed8c,zest-v1,SP2VCQJGH7PHP2DJK7Z0V48AGBHQAW3R3ZW1QF4N.borrow-helper-v2-1-8,withdraw,SP34F13AW4K5DYV7RJQ7JZ8M8GBG8VHGH1JRB6J3H,2026-09-09T20:56:42Z,26,360,334,success,(ok true),ok,
2026-09-09T21:45:33Z,8952644,0xf591a6616fd5c9d962d1f4064135d5ab8839814ba18cd7a1a9458f8a093acecd,zest-v2,SP1A27KFY4XERQCCRCARCYD1CC5N7M6688BSYADJ7.v0-8-market,borrow,SP34M22KZDV4TYQZEAM10XC96TZR1G5W75FRHG3KA,2026-09-09T21:45:12Z,21,120,99,success,(ok true),ok,
2026-09-09T21:47:09Z,8952653,0x67ee724489cef0d0c87d9ba74c7dd1062e60e56b1d0c0ca2fef3967961a0bce0,zest-v2,SP1A27KFY4XERQCCRCARCYD1CC5N7M6688BSYADJ7.v0-8-market,supply-collateral-add,SP34M22KZDV4TYQZEAM10XC96TZR1G5W75FRHG3KA,2026-09-09T21:46:51Z,18,120,102,success,(ok u19293130638),ok,
2026-09-09T21:47:39Z,8952656,0x06205555c36ac5316a7dbf5ed7dab3bb582bc98682d7a80e24ba65967cd080a7,zest-v2,SP1A27KFY4XERQCCRCARCYD1CC5N7M6688BSYADJ7.v0-8-market,borrow,SP34M22KZDV4TYQZEAM10XC96TZR1G5W75FRHG3KA,2026-09-09T21:47:31Z,8,120,112,success,(ok true),ok,
2026-09-09T21:49:20Z,8952664,0xa23f9c232d5cbd9f564062a12115fa20eb795a52d15661c13d5599065d4ce51d,zest-v2,SP1A27KFY4XERQCCRCARCYD1CC5N7M6688BSYADJ7.v0-8-market,supply-collateral-add,SP34M22KZDV4TYQZEAM10XC96TZR1G5W75FRHG3KA,2026-09-09T21:49:13Z,7,120,113,success,(ok u19411589138),ok,
2026-09-09T22:11:10Z,8952771,0x78b07157d29cfe9d49eda5af07977f14ea9d3f69db4ddaabd41bed48731825c2,zest-v2,SP1A27KFY4XERQCCRCARCYD1CC5N7M6688BSYADJ7.v0-8-market,borrow,SP34M22KZDV4TYQZEAM10XC96TZR1G5W75FRHG3KA,2026-09-09T22:11:00Z,10,120,110,success,(ok true),ok,
2026-09-09T22:15:28Z,8952785,0xcd79a071862cf7f7844b50bd183acafb73367c238eb39d85ca1299f7e9ec7aba,zest-v2,SP1A27KFY4XERQCCRCARCYD1CC5N7M6688BSYADJ7.v0-8-market,supply-collateral-add,SP34M22KZDV4TYQZEAM10XC96TZR1G5W75FRHG3KA,2026-09-09T22:15:11Z,17,120,103,success,(ok u19648506338),ok,
2026-09-09T23:32:06Z,8953142,0xa4b64139cf87f4c4355bc40e07e1f87fee73273f1c51854d6fa92e14edfc9bce,zest-v2,SP1A27KFY4XERQCCRCARCYD1CC5N7M6688BSYADJ7.v0-8-market,borrow,SP2CCCQP1WN3FG67K3V4S85JG9SRZN2KKRJ3M3GNG,2026-09-09T23:31:25Z,41,120,79,success,(ok true),ok,
2026-09-09T23:36:22Z,8953166,0x57b60357b277c1044e026660d68561ded7e1ee26728aa5c2231fa0247d89b8ea,zest-v2,SP1A27KFY4XERQCCRCARCYD1CC5N7M6688BSYADJ7.v0-8-market,borrow,SP34M22KZDV4TYQZEAM10XC96TZR1G5W75FRHG3KA,2026-09-09T23:35:55Z,27,120,93,success,(ok true),ok,
2026-09-09T23:38:41Z,8953177,0x62f080eb3a625e10789c45a20dbaa5f846a9998577158a1e0fd60f41090d3137,zest-v2,SP1A27KFY4XERQCCRCARCYD1CC5N7M6688BSYADJ7.v0-8-market,supply-collateral-add,SP34M22KZDV4TYQZEAM10XC96TZR1G5W75FRHG3KA,2026-09-09T23:38:02Z,39,120,81,success,(ok u19885423738),ok,
2026-09-10T00:21:55Z,8953390,0x7c34ccf9f14dc4fe2dd78dc177946063d913ecae353421e6eb00f0d1687e7bbf,zest-v2,SP1A27KFY4XERQCCRCARCYD1CC5N7M6688BSYADJ7.v0-8-market,supply-collateral-add,SP2YNMHY9367FSCN07593RHQYC5TKPCXC25V6XWB5,2026-09-10T00:21:03Z,52,120,68,success,(ok u99686937),ok,
2026-09-10T03:15:23Z,8954225,0x13584e7d4e9e56f6570a3917a87020c615fd92a7cd52ad103b2f0386a1e6197c,zest-v2,SP1A27KFY4XERQCCRCARCYD1CC5N7M6688BSYADJ7.v0-8-market,collateral-remove-redeem,SP2A0VW071VE5QXZ9699FK29F0XXQ0B8AQ5BSC431,2026-09-10T03:15:08Z,15,120,105,success,(ok u885687928),ok,
2026-09-10T03:22:07Z,8954258,0x74f84e0530d6aeb686431a2e0ff679870b322dff16f533199160e7834a1b0293,zest-v2,SP1A27KFY4XERQCCRCARCYD1CC5N7M6688BSYADJ7.v0-8-market,supply-collateral-add,SP2ZM1KNQNS96RM1MAJTZV7WE7F38GFGRND4E80DW,2026-09-10T03:21:30Z,37,120,83,success,(ok u154870735),ok,
2026-09-10T05:53:22Z,8954968,0x6e45757c6e56f30c3ae32ffe2d204b4c8beebb8015a56d4188e24b4b277c3465,zest-v2,SP1A27KFY4XERQCCRCARCYD1CC5N7M6688BSYADJ7.v0-8-market,collateral-remove-redeem,SP37WP07K6M2FEBEDB7W97QQ5WVC0JWXQZ94DVCJB,2026-09-10T05:52:01Z,81,120,39,success,(ok u1599999),ok,
2026-09-10T06:35:15Z,8955148,0xa90c2c82997d2b156ccc88a1fb4e3686090955db2faffbfbcf32605dbf6dce9b,zest-v2,SP1A27KFY4XERQCCRCARCYD1CC5N7M6688BSYADJ7.v0-8-market,supply-collateral-add,SP3WAAYXPC6WZNEC7SHGR36D32RJPZVXRR1BG0QSY,2026-09-10T06:35:05Z,10,120,110,success,(ok u39582649650),ok,
2026-09-10T06:52:38Z,8955234,0x96a0956d91229c9e4fb13e2afcfa2154b2394ed839146e34efd4aace3078a261,zest-v2,SP1A27KFY4XERQCCRCARCYD1CC5N7M6688BSYADJ7.v0-8-market,collateral-remove-redeem,SP3A7MGAH0SKC1ACS854PHXHVWE031FYQCBA8M51D,2026-09-10T06:52:29Z,9,120,111,success,(ok u50000752801),ok,
2026-09-10T08:21:45Z,8955650,0xe1e2fc417950da3bf5e9c1b387a10a567e12ba99d9d89f6c0dcca4bbf5e9afa5,granite-usdcx,SP3M2BYF7RGF8WKW5FVDNJ6WR8D7AR9BHDXAKPXZE.state-v1,borrow,SP2Z0HPNE0EN7BRSESTPEMRBB4EB6KTYFE9CC82CW,2026-09-10T08:20:07Z,98,300,202,success,(ok true),ok,
2026-09-10T09:01:32Z,8955820,0x0a56d2c1d5f83c09d1d081aa57b5a55e85847d5db488068fd52ead0852d65557,zest-v2,SP1A27KFY4XERQCCRCARCYD1CC5N7M6688BSYADJ7.v0-8-market,supply-collateral-add,SP3A7MGAH0SKC1ACS854PHXHVWE031FYQCBA8M51D,2026-09-10T09:01:20Z,12,120,108,success,(ok u49886543067),ok,
2026-09-10T09:02:19Z,8955823,0x49505a68cb590c395bd78bdfd836b92538d49a15c092ed7f2b0d43cedbaf3500,zest-v2,SP1A27KFY4XERQCCRCARCYD1CC5N7M6688BSYADJ7.v0-8-market,borrow,SP3A7MGAH0SKC1ACS854PHXHVWE031FYQCBA8M51D,2026-09-10T09:01:58Z,21,120,99,success,(ok true),ok,
2026-09-10T11:16:44Z,8956346,0xe1bbb5517a3f91678c053201232e0af06920a305ea8f0ce582b81a7624d6d36b,zest-v2,SP1A27KFY4XERQCCRCARCYD1CC5N7M6688BSYADJ7.v0-8-market,supply-collateral-add,SP2ZM1KNQNS96RM1MAJTZV7WE7F38GFGRND4E80DW,2026-09-10T11:15:56Z,48,120,72,success,(ok u155037546),ok,
2026-09-10T11:32:04Z,8956423,0x748fd2f78eb63c588d1ccd1914303e7bbf85ac0670175db90ece86e9b8ba5d6a,zest-v2,SP1A27KFY4XERQCCRCARCYD1CC5N7M6688BSYADJ7.v0-8-market,supply-collateral-add,SPVPAQ35P35JZYQA11A0E5DPY62E7P3HX0GA2RPH,2026-09-10T11:31:47Z,17,120,103,success,(ok u1329200326),ok,
2026-09-10T11:33:04Z,8956429,0xc380bbf8a6884439b9505c80bb511c5bccc2f8d3254a9daa48d907cd7de8c30b,zest-v2,SP1A27KFY4XERQCCRCARCYD1CC5N7M6688BSYADJ7.v0-8-market,borrow,SPVPAQ35P35JZYQA11A0E5DPY62E7P3HX0GA2RPH,2026-09-10T11:32:49Z,15,120,105,success,(ok true),ok,
2026-09-10T12:20:58Z,8956790,0x325bb07a0423db1ee81876cb04b5f997ba3a8d9377289fbc0a77ae8f2f9968e9,zest-v2,SP1A27KFY4XERQCCRCARCYD1CC5N7M6688BSYADJ7.v0-8-market,supply-collateral-add,SP2QGMXH21KFDX99PWNB7Z7WNQ92TWFAECEEK10GE,2026-09-10T12:20:46Z,12,120,108,success,(ok u5241542063),ok,
2026-09-10T12:32:29Z,8956876,0x80172dd2ede9608624f65aff51b39315c2ebfe575ea299633f25ed36d1c18763,zest-v2,SP1A27KFY4XERQCCRCARCYD1CC5N7M6688BSYADJ7.v0-8-market,borrow,SP3KPRN53ZGD45B3WRTDMZZEHBJSFQ8AKN9RE6FKS,2026-09-10T12:32:10Z,19,120,101,success,(ok true),ok,
2026-09-10T12:38:54Z,8956919,0x44efe41cfe9ad4eebf5cd8bb0531af4270aa4d3d4e9795d1cb6e4b91e807fda2,zest-v2,SP1A27KFY4XERQCCRCARCYD1CC5N7M6688BSYADJ7.v0-8-market,borrow,SP3KPRN53ZGD45B3WRTDMZZEHBJSFQ8AKN9RE6FKS,2026-09-10T12:38:43Z,11,120,109,success,(ok true),ok,
2026-09-10T13:22:22Z,8957130,0x37b131406320a5e9f76d2406f5deaa0a137c0f74086b32868c28a77572818c78,zest-v2,SP1A27KFY4XERQCCRCARCYD1CC5N7M6688BSYADJ7.v0-8-market,supply-collateral-add,SP2QPKZPPEBZ7ZB7E558TTW15X75S9VDHC09M9SJF,2026-09-10T13:22:13Z,9,120,111,success,(ok u8850273),ok,
2026-09-10T13:23:29Z,8957138,0xc2056976bbb4652b4102b6033c74db8d13e0ff04ff117eaa760c447ecd9d84e0,zest-v2,SP1A27KFY4XERQCCRCARCYD1CC5N7M6688BSYADJ7.v0-8-market,borrow,SP3RY185H0R8TNX4PGRYFZ07AV001N23N1FJX9MEE,2026-09-10T13:23:12Z,17,120,103,success,(ok true),ok,
2026-09-10T13:25:21Z,8957151,0xbe1c8564c6ce3960d829189112494860e1cdadbdc3ac65e9f00769af6a52702e,zest-v2,SP1A27KFY4XERQCCRCARCYD1CC5N7M6688BSYADJ7.v0-8-market,collateral-remove-redeem,SP1Y3FBARS8CVANS1GCYVN3B6NZFMA7H61Z6TP6RK,2026-09-10T13:24:53Z,28,120,92,success,(ok u18045104105),ok,
2026-09-10T14:15:11Z,8957525,0xb90403625cf524a815e3e1637f849ee4779decf75a7895d7dc02bf963e84a234,zest-v2,SP1A27KFY4XERQCCRCARCYD1CC5N7M6688BSYADJ7.v0-8-market,collateral-remove-redeem,SP3D0ZDN3E8M33MY88REE1NQQR7H6ZQWEYKQ3JP1V,2026-09-10T14:15:01Z,10,120,110,success,(ok u5000000000),ok,
2026-09-10T14:19:08Z,8957551,0xd2c12dd0d1090f80835805ba037db009554a46b7726093fc6cd0489138ae3043,zest-v2,SP1A27KFY4XERQCCRCARCYD1CC5N7M6688BSYADJ7.v0-8-market,collateral-remove-redeem,SP3D0ZDN3E8M33MY88REE1NQQR7H6ZQWEYKQ3JP1V,2026-09-10T14:18:58Z,10,120,110,success,(ok u1900000000),ok,
2026-09-10T15:05:16Z,8957778,0x296cea7323d88857a09f9ffcf3dae7e6daf60e0bdbf7c58fd2d98c1abd008ad2,zest-v1,SP2VCQJGH7PHP2DJK7Z0V48AGBHQAW3R3ZW1QF4N.borrow-helper-v2-1-8,withdraw,SP2JFW1CBXJD3P0EJ0QNGBWY4W5NQBV066V8BCARC,2026-09-10T15:04:56Z,20,360,340,success,(ok true),ok,
2026-09-10T15:14:25Z,8957802,0xc6fa15aa983d8c1bb4b08cadecd102714724cb3c6454de4ee8a798076695849d,zest-v2,SP1A27KFY4XERQCCRCARCYD1CC5N7M6688BSYADJ7.v0-8-market,supply-collateral-add,SP2JFW1CBXJD3P0EJ0QNGBWY4W5NQBV066V8BCARC,2026-09-10T15:13:43Z,42,120,78,success,(ok u2894796),ok,
2026-09-10T15:17:53Z,8957821,0x9ca73818864a5ff1fb97a7279a7f6a925f5880c217ba57f95f5f52b6821ca512,zest-v2,SP1A27KFY4XERQCCRCARCYD1CC5N7M6688BSYADJ7.v0-8-market,borrow,SP2JFW1CBXJD3P0EJ0QNGBWY4W5NQBV066V8BCARC,2026-09-10T15:17:35Z,18,120,102,success,(ok true),ok,
2026-09-10T15:21:50Z,8957839,0xd2e305717f366bca837361b0421788968940bc2c576ff864d686eea96d7cabea,zest-v1,SP2VCQJGH7PHP2DJK7Z0V48AGBHQAW3R3ZW1QF4N.borrow-helper-v2-1-8,withdraw,SP2JFW1CBXJD3P0EJ0QNGBWY4W5NQBV066V8BCARC,2026-09-10T15:21:31Z,19,360,341,success,(ok true),ok,
2026-09-10T15:51:30Z,8957961,0xe1049eef02a1e28f8deaf8f6f6a70c452f1c6438bf3461cc64095d8f02db2712,zest-v2,SP1A27KFY4XERQCCRCARCYD1CC5N7M6688BSYADJ7.v0-8-market,borrow,SP2RNHHQDTHGHPEVX83291K4AQZVGWEJ7WCQQDA9R,2026-09-10T15:51:02Z,28,120,92,success,(ok true),ok,
2026-09-10T15:53:46Z,8957964,0x4d743916eb3aba39e27779399fdd75b9d7aea19bfe14ba3d2008b7afc24099d5,zest-v2,SP1A27KFY4XERQCCRCARCYD1CC5N7M6688BSYADJ7.v0-8-market,supply-collateral-add,SP2JFW1CBXJD3P0EJ0QNGBWY4W5NQBV066V8BCARC,2026-09-10T15:48:28Z,318,120,-198,success,(ok u7525967),ok,
2026-09-10T15:58:28Z,8957997,0x9b33c487cbd94ae0f3d613caf64ac5663a1a30b58758b2e535513d54d34930e4,granite-usdcx,SP3M2BYF7RGF8WKW5FVDNJ6WR8D7AR9BHDXAKPXZE.state-v1,borrow,SP2JFW1CBXJD3P0EJ0QNGBWY4W5NQBV066V8BCARC,2026-09-10T15:56:52Z,96,300,204,success,(ok true),ok,
2026-09-10T17:25:31Z,8958580,0x729ec4fbd125789cf28136335e46843c12628906c21793adcf02083464b9b33b,zest-v1,SP2VCQJGH7PHP2DJK7Z0V48AGBHQAW3R3ZW1QF4N.borrow-helper-v2-1-8,liquidation-call,SPP6CG3E4VKDGC1NW7AQMMHCD6053152X9DNT12C,2026-09-10T17:25:22Z,9,360,351,success,(ok u0),ok,
2026-09-10T17:28:19Z,8958595,0xc905f817082e8b4f6dcfb515a06bcebc124e496c2b8e89fad7d74f825f44e2f8,zest-v1,SP2VCQJGH7PHP2DJK7Z0V48AGBHQAW3R3ZW1QF4N.borrow-helper-v2-1-8,liquidation-call,SPP6CG3E4VKDGC1NW7AQMMHCD6053152X9DNT12C,2026-09-10T17:28:13Z,6,360,354,abort_by_response,(err u90000),revert:non-oracle,
2026-09-10T17:28:19Z,8958595,0xf51f997060ba67d90533803b8c1fc4a6271b042169ddba847f8a8fd2d35bd785,zest-v1,SP2VCQJGH7PHP2DJK7Z0V48AGBHQAW3R3ZW1QF4N.borrow-helper-v2-1-8,liquidation-call,SPP6CG3E4VKDGC1NW7AQMMHCD6053152X9DNT12C,2026-09-10T17:28:13Z,6,360,354,success,(ok u0),ok,
2026-09-10T17:28:19Z,8958595,0x7ce23afcb9130252bba7a47296b76dbdceb8dfd9942651a0162a0b65ba1692ae,zest-v1,SP2VCQJGH7PHP2DJK7Z0V48AGBHQAW3R3ZW1QF4N.borrow-helper-v2-1-8,liquidation-call,SPP6CG3E4VKDGC1NW7AQMMHCD6053152X9DNT12C,2026-09-10T17:28:13Z,6,360,354,abort_by_response,(err u90000),revert:non-oracle,
2026-09-10T17:28:19Z,8958595,0xb50e1835c7e34f7001bc24f5219fcf36b6d0994d7ce7d5d91cd2fde4c1ed548c,zest-v1,SP2VCQJGH7PHP2DJK7Z0V48AGBHQAW3R3ZW1QF4N.borrow-helper-v2-1-8,liquidation-call,SPP6CG3E4VKDGC1NW7AQMMHCD6053152X9DNT12C,2026-09-10T17:28:13Z,6,360,354,success,(ok u0),ok,
2026-09-10T17:39:18Z,8958667,0xd9e8b234b2f15d4e910422aac4053cf2eb9879baaca866dcf9f6264eaee75daa,zest-v1,SP2VCQJGH7PHP2DJK7Z0V48AGBHQAW3R3ZW1QF4N.borrow-helper-v2-1-8,liquidation-call,SPP6CG3E4VKDGC1NW7AQMMHCD6053152X9DNT12C,2026-09-10T17:39:01Z,17,360,343,abort_by_response,(err u90000),revert:non-oracle,
2026-09-10T17:39:39Z,8958668,0x778b61504d5424ba6033de6046b9ff3daf2b4d0337e1466717ac10cac9f0df5b,zest-v1,SP2VCQJGH7PHP2DJK7Z0V48AGBHQAW3R3ZW1QF4N.borrow-helper-v2-1-8,liquidation-call,SPP6CG3E4VKDGC1NW7AQMMHCD6053152X9DNT12C,2026-09-10T17:39:01Z,38,360,322,abort_by_response,(err u90000),revert:non-oracle,
2026-09-10T17:39:39Z,8958668,0xfed80554c7352936f3b1e08548cf6d8c24e590b372182e7b434e9338fd7053e0,zest-v1,SP2VCQJGH7PHP2DJK7Z0V48AGBHQAW3R3ZW1QF4N.borrow-helper-v2-1-8,liquidation-call,SPP6CG3E4VKDGC1NW7AQMMHCD6053152X9DNT12C,2026-09-10T17:39:01Z,38,360,322,abort_by_response,(err u90000),revert:non-oracle,
2026-09-10T17:40:15Z,8958670,0xdfd01b8f274cc82966699cd9d60c2aebaf7a312f535bbe847f14cf6e2f64f915,zest-v1,SP2VCQJGH7PHP2DJK7Z0V48AGBHQAW3R3ZW1QF4N.borrow-helper-v2-1-8,liquidation-call,SPP6CG3E4VKDGC1NW7AQMMHCD6053152X9DNT12C,2026-09-10T17:39:01Z,74,360,286,abort_by_response,(err u90000),revert:non-oracle,
2026-09-10T18:08:18Z,8958835,0xeeda3579bc6e2aca352af880455a032092b7d975cb08b7278d4b1d48e16428b7,zest-v2,SP1A27KFY4XERQCCRCARCYD1CC5N7M6688BSYADJ7.v0-8-market,supply-collateral-add,SP1DAXNCGZGD9K1405PWE5QNB7EMXPT32N3HK7AWB,2026-09-10T18:07:29Z,49,120,71,success,(ok u1500000000),ok,
2026-09-10T18:13:18Z,8958853,0x4e27251aff4f840c386a62773e5683d272e52f4c6d2b68d4564f61008d2958ad,zest-v1,SP2VCQJGH7PHP2DJK7Z0V48AGBHQAW3R3ZW1QF4N.borrow-helper-v2-1-8,liquidation-call,SPP6CG3E4VKDGC1NW7AQMMHCD6053152X9DNT12C,2026-09-10T18:13:04Z,14,360,346,success,(ok u0),ok,
2026-09-10T18:31:09Z,8958969,0x6a7d446f6a407ad4e4fa6be9e1263a8b96b0bd9a15544feffbf5c17b0968055d,zest-v2,SP1A27KFY4XERQCCRCARCYD1CC5N7M6688BSYADJ7.v0-8-market,supply-collateral-add,SP34M22KZDV4TYQZEAM10XC96TZR1G5W75FRHG3KA,2026-09-10T18:30:57Z,12,120,108,success,(ok u19889139798),ok,
2026-09-10T18:44:41Z,8959058,0x6def886b1d34af268e13ba2684b0a619b140452eae04b2442a1e494a2c4f753b,zest-v2,SP1A27KFY4XERQCCRCARCYD1CC5N7M6688BSYADJ7.v0-8-market,borrow,SP2JFW1CBXJD3P0EJ0QNGBWY4W5NQBV066V8BCARC,2026-09-10T18:44:13Z,28,120,92,success,(ok true),ok,
2026-09-10T19:15:47Z,8959232,0xb96c0164c42abe73bbcee12a3ce2316d033dc2765d88a767f2142b16dcb943d0,zest-v2,SP1A27KFY4XERQCCRCARCYD1CC5N7M6688BSYADJ7.v0-8-market,supply-collateral-add,SP1ZZ11HKFBV55VZZY1BX97F00PJ41C1ZYGA13HN9,2026-09-10T19:15:27Z,20,120,100,success,(ok u5195250654),ok,
2026-09-10T19:21:07Z,8959257,0x7177f697e92113f84ef1ed1b1de506f937e2594cc7bb3b306709f7621df25b4e,zest-v2,SP1A27KFY4XERQCCRCARCYD1CC5N7M6688BSYADJ7.v0-8-market,borrow,SP1ZZ11HKFBV55VZZY1BX97F00PJ41C1ZYGA13HN9,2026-09-10T19:20:50Z,17,120,103,success,(ok true),ok,
2026-09-10T20:07:23Z,8959525,0x3eaa7dd136bec5c21ed5fa59b7191672ce78ca909008a6a0c83ab1b860115a07,zest-v2,SP1A27KFY4XERQCCRCARCYD1CC5N7M6688BSYADJ7.v0-8-market,supply-collateral-add,SP3V8SJ3X3A9922MKFBWK06AK9D81E77H1NTDHNQH,2026-09-10T20:07:12Z,11,120,109,success,(ok u6700116863),ok,
2026-09-10T20:18:40Z,8959588,0xc866854e449127a5738d787cb748e8521eb3c5201ff21f1ea29fb1c9ea5e41ea,zest-v2,SP1A27KFY4XERQCCRCARCYD1CC5N7M6688BSYADJ7.v0-8-market,supply-collateral-add,SP10MVED07QR11QHBTQP96G6YM6C6VQK7CVQE3AHJ,2026-09-10T20:18:17Z,23,120,97,success,(ok u1175),ok,
2026-09-10T20:19:36Z,8959593,0x21e19b549f6f3614ba1d164a6f96648f568fecc552855e1ba121da91741af9c6,zest-v2,SP1A27KFY4XERQCCRCARCYD1CC5N7M6688BSYADJ7.v0-8-market,borrow,SP10MVED07QR11QHBTQP96G6YM6C6VQK7CVQE3AHJ,2026-09-10T20:19:22Z,14,120,106,success,(ok true),ok,
2026-09-10T21:11:29Z,8959881,0x7ec26c8d0ff84ca1e901cfaec3caa7ebc004f89a99c49a9027875104697dba68,zest-v2,SP1A27KFY4XERQCCRCARCYD1CC5N7M6688BSYADJ7.v0-8-market,supply-collateral-add,SP2C22P7AJTZ5N931TEEARCHMR72Q5EKCNQ38ZVC5,2026-09-10T21:11:16Z,13,120,107,success,(ok u2617289),ok,
2026-09-10T21:45:31Z,8960065,0xb51c05e1e3774b235f265bcbfa42491b360ac60df62e04d8900b6869a5d71717,zest-v2,SP1A27KFY4XERQCCRCARCYD1CC5N7M6688BSYADJ7.v0-8-market,collateral-remove-redeem,SP34M22KZDV4TYQZEAM10XC96TZR1G5W75FRHG3KA,2026-09-10T21:45:16Z,15,120,105,success,(ok u4000000000),ok,
2026-09-10T21:49:14Z,8960085,0x401ded49911861ff301295c19dffac6d5de918e95f523db02b2ad86700107fad,zest-v2,SP1A27KFY4XERQCCRCARCYD1CC5N7M6688BSYADJ7.v0-8-market,supply-collateral-add,SP34M22KZDV4TYQZEAM10XC96TZR1G5W75FRHG3KA,2026-09-10T21:48:42Z,32,120,88,success,(ok u15984536350),ok,
2026-09-10T21:50:28Z,8960089,0x4975272ccc525798ea1e5900e6fd1f4235243134f4cda7c7ac0b297135f7d359,zest-v2,SP1A27KFY4XERQCCRCARCYD1CC5N7M6688BSYADJ7.v0-8-market,borrow,SP34M22KZDV4TYQZEAM10XC96TZR1G5W75FRHG3KA,2026-09-10T21:50:21Z,7,120,113,success,(ok true),ok,
2026-09-10T21:52:21Z,8960100,0x1fbe1ef96a95285c9858fe85637fa80537ea4b0124c89b95df6a40e1a3a33ac9,zest-v2,SP1A27KFY4XERQCCRCARCYD1CC5N7M6688BSYADJ7.v0-8-market,supply-collateral-add,SP34M22KZDV4TYQZEAM10XC96TZR1G5W75FRHG3KA,2026-09-10T21:52:14Z,7,120,113,success,(ok u19173643265),ok,
2026-09-10T22:49:53Z,8960447,0x5a4ece548b17200f656bb9508389122bbdd8720a0b2fab712d491ffefce2661d,zest-v2,SP1A27KFY4XERQCCRCARCYD1CC5N7M6688BSYADJ7.v0-8-market,supply-collateral-add,SP1GC3PNWA18FNJ949N0S98CN4WGS1P9NPJ551R7P,2026-09-10T22:49:19Z,34,120,86,success,(ok u58152563),ok,
2026-09-10T23:03:57Z,8960539,0xdbd6c58ce66e680aeb5db56dfbbeff2765488568bdc0ed3971233c541c38abd1,zest-v2,SP1A27KFY4XERQCCRCARCYD1CC5N7M6688BSYADJ7.v0-8-market,borrow,SP3KPRN53ZGD45B3WRTDMZZEHBJSFQ8AKN9RE6FKS,2026-09-10T23:02:52Z,65,120,55,success,(ok true),ok,
2026-09-10T23:11:03Z,8960589,0x61494ad112f1ac862439f72fe668a7dbda0afb12ae22877448197e492a0f6cb6,zest-v2,SP1A27KFY4XERQCCRCARCYD1CC5N7M6688BSYADJ7.v0-8-market,collateral-remove,SP1GC3PNWA18FNJ949N0S98CN4WGS1P9NPJ551R7P,2026-09-10T23:09:00Z,123,120,-3,success,(ok u0),ok,
2026-09-10T23:21:29Z,8960654,0x1052b85c9e0de363f98c9affea5b1167e2a1c5923bcf2f9515774bc809cefb9a,granite-usdcx,SP3M2BYF7RGF8WKW5FVDNJ6WR8D7AR9BHDXAKPXZE.state-v1,borrow,SP21GTVTEEDQBBQSK6FPEG4G4XGQRJGJDQV41CAD,2026-09-10T23:20:15Z,74,300,226,success,(ok true),ok,
2026-09-10T23:37:51Z,8960775,0x2d1ce999bc730712b36105d0cf20cc0179553b775b667ebf68413efa2a4b5f3e,zest-v2,SP1A27KFY4XERQCCRCARCYD1CC5N7M6688BSYADJ7.v0-8-market,borrow,SP3A7MGAH0SKC1ACS854PHXHVWE031FYQCBA8M51D,2026-09-10T23:37:38Z,13,120,107,success,(ok true),ok,
2026-09-10T23:42:52Z,8960804,0x0a1f35db716ae190ebf2e74bfd07adce527174476b40845f6cb20e5f1d80c788,zest-v2,SP1A27KFY4XERQCCRCARCYD1CC5N7M6688BSYADJ7.v0-8-market,borrow,SPF5VC4PPKY9MYZMJEAXA5M9JWJQY9HBPKQVQTYV,2026-09-10T23:42:12Z,40,120,80,success,(ok true),ok,
2026-09-10T23:49:45Z,8960825,0x3a6b9eaea24cc1b75e72b2e2218991b3016626f798f766d645da9c454eea6ff0,zest-v2,SP1A27KFY4XERQCCRCARCYD1CC5N7M6688BSYADJ7.v0-8-market,supply-collateral-add,SP3KPRN53ZGD45B3WRTDMZZEHBJSFQ8AKN9RE6FKS,2026-09-10T23:49:27Z,18,120,102,success,(ok u313194194805),ok,
2026-09-11T01:23:32Z,8961320,0x099708edf4b528b6fca28f83550e6b36fb383a618cf789ad63bad2e09b7ce6ff,zest-v2,SP1A27KFY4XERQCCRCARCYD1CC5N7M6688BSYADJ7.v0-8-market,supply-collateral-add,SP6KXYPBM5C62GHY2XAVPQXZ3C6PZ64XXWTRQ9JW,2026-09-11T01:22:59Z,33,120,87,success,(ok u1289161571),ok,
2026-09-11T01:30:35Z,8961370,0x2f75731c0b96be38375584ff671a611d466cd110d182fa41736ab0ea87e14d17,granite-usdcx,SP3M2BYF7RGF8WKW5FVDNJ6WR8D7AR9BHDXAKPXZE.state-v1,remove-collateral,SP6KXYPBM5C62GHY2XAVPQXZ3C6PZ64XXWTRQ9JW,2026-09-11T01:29:30Z,65,300,235,success,(ok true),ok,
2026-09-11T01:48:23Z,8961480,0x10f240ecd72f7dd55034cc7abd3b7281f12a051219b459dfe90e222394d1f802,granite-usdcx,SP3M2BYF7RGF8WKW5FVDNJ6WR8D7AR9BHDXAKPXZE.state-v1,borrow,SP23ZSH34VFD9WC6FVWYNKJAVME1SN89ZWHHR5NCC,2026-09-11T01:47:00Z,83,300,217,success,(ok true),ok,
2026-09-11T02:34:59Z,8961802,0x10b18ef8400883c0d0cd3a2fb83ddb38666d94093e61ee976666bba0d408366e,zest-v2,SP1A27KFY4XERQCCRCARCYD1CC5N7M6688BSYADJ7.v0-8-market,supply-collateral-add,SPKQCYTHMXWXP75YA40419K4WTK3QBPBE48PR9S8,2026-09-11T02:34:40Z,19,120,101,success,(ok u4828424558),ok,
2026-09-11T03:08:21Z,8962029,0x42592b506d1fa014594fd0f0d96669fecf31abf5e3990f7de3b8835f8d8084ee,zest-v2,SP1A27KFY4XERQCCRCARCYD1CC5N7M6688BSYADJ7.v0-8-market,borrow,SP3WAAYXPC6WZNEC7SHGR36D32RJPZVXRR1BG0QSY,2026-09-11T03:07:30Z,51,120,69,success,(ok true),ok,
2026-09-11T03:23:22Z,8962106,0x147415b8170de71430c7c5645ca399d999c077f0603417473374ccb541cf3a09,zest-v2,SP1A27KFY4XERQCCRCARCYD1CC5N7M6688BSYADJ7.v0-8-market,supply-collateral-add,SP1GC3PNWA18FNJ949N0S98CN4WGS1P9NPJ551R7P,2026-09-11T03:22:43Z,39,120,81,success,(ok u1148596515),ok,
2026-09-11T03:27:06Z,8962134,0x24d446d1ff7a9262c207cd9fb19fae9f53958e2fcee425dc2ec03ffd54236a41,zest-v2,SP1A27KFY4XERQCCRCARCYD1CC5N7M6688BSYADJ7.v0-8-market,supply-collateral-add,SP3KF338F5A6KNCVBFANM08AKNVNV4ZZKT12HEBXH,2026-09-11T03:26:49Z,17,120,103,success,(ok u354192754),ok,
2026-09-11T03:29:41Z,8962154,0xfbc0f8eb4ad16063557cfabdd2f3a81d7b360011db86b5b098f7a365e9caac59,zest-v2,SP1A27KFY4XERQCCRCARCYD1CC5N7M6688BSYADJ7.v0-8-market,borrow,SP3KF338F5A6KNCVBFANM08AKNVNV4ZZKT12HEBXH,2026-09-11T03:29:19Z,22,120,98,success,(ok true),ok,
2026-09-11T03:33:45Z,8962181,0x4ab20c55b98223b3a3d7bf6bda84b1d6532b4a75d7e6c431a5986505da37411a,zest-v2,SP1A27KFY4XERQCCRCARCYD1CC5N7M6688BSYADJ7.v0-8-market,borrow,SPCE87V29VDPEAS925YMV2VG3CMBHY0BXKB08NA4,2026-09-11T03:33:31Z,14,120,106,success,(ok true),ok,
2026-09-11T04:04:50Z,8962380,0x24d4f6473eadfa1878c4e71d4223f4064a9fe63e50c87154b5df964b418c02e4,zest-v2,SP1A27KFY4XERQCCRCARCYD1CC5N7M6688BSYADJ7.v0-8-market,collateral-remove,SP1GC3PNWA18FNJ949N0S98CN4WGS1P9NPJ551R7P,2026-09-11T04:04:37Z,13,120,107,success,(ok u0),ok,
2026-09-11T04:28:32Z,8962489,0x528c38bf8cc1e6ec3a230f613d5f74d3b26ef66c5a219c843bbcacb78ec560b5,zest-v2,SP1A27KFY4XERQCCRCARCYD1CC5N7M6688BSYADJ7.v0-8-market,borrow,SPFGGV634BBAS2V9TBZ5WMNMDSW446S7SK9W48JH,2026-09-11T04:28:03Z,29,120,91,success,(ok true),ok,
2026-09-11T04:32:04Z,8962507,0x18476a155eed61ce770334013b8e3d84cb213bd2b5e59b7c7297b5f3becc0427,zest-v2,SP1A27KFY4XERQCCRCARCYD1CC5N7M6688BSYADJ7.v0-8-market,supply-collateral-add,SPFGGV634BBAS2V9TBZ5WMNMDSW446S7SK9W48JH,2026-09-11T04:31:33Z,31,120,89,success,(ok u134379382684),ok,
2026-09-11T04:46:48Z,8962599,0xd64fe524dba449b141cbd1a6d725fc5dc979c7c121715cef90b4714246c36538,zest-v2,SP1A27KFY4XERQCCRCARCYD1CC5N7M6688BSYADJ7.v0-8-market,supply-collateral-add,SP17V915QXXTRP4WDGRH348X538HA9HDSWKRMR4CY,2026-09-11T04:45:37Z,71,120,49,success,(ok u17865618145),ok,
2026-09-11T07:24:14Z,8963436,0xb6132ebfce2a6cfbc6ca53b76c9f1138b8bff237221633bc6cfb17436ff61612,zest-v2,SP1A27KFY4XERQCCRCARCYD1CC5N7M6688BSYADJ7.v0-8-market,supply-collateral-add,SP7PSDAPGQ2A36G1EPX363AZFWS017Q6FXFFF2BX,2026-09-11T07:23:58Z,16,120,104,success,(ok u10082),ok,
2026-09-11T07:55:39Z,8963558,0x2131377d6e3ca8deae60cee284299fabcbfe295412ba0eb88916091815a1e757,zest-v1,SP2VCQJGH7PHP2DJK7Z0V48AGBHQAW3R3ZW1QF4N.borrow-helper-v2-1-8,withdraw,SP3RVS7MGTBXHXSNF674Z3X2N166VX158SKHDPE42,2026-09-11T07:55:22Z,17,360,343,success,(ok true),ok,
2026-09-11T08:58:45Z,8963928,0x513a6f5dc6a847a6e9eba4e57da1ab34a6c8943f70ae1549ea0bf4f8974e6af2,zest-v2,SP1A27KFY4XERQCCRCARCYD1CC5N7M6688BSYADJ7.v0-8-market,supply-collateral-add,SP3ZNGTHP8ZQQ4ETZT1BH9DWMPYF0Z10RX8BSWQN2,2026-09-11T08:58:30Z,15,120,105,success,(ok u330388767),ok,
2026-09-11T09:06:49Z,8963977,0x40883b92596ffcfeb14eecbb703b67e82621c7dfd70a6ea8c8e6fc381bdbe93e,zest-v2,SP1A27KFY4XERQCCRCARCYD1CC5N7M6688BSYADJ7.v0-8-market,borrow,SP3ZNGTHP8ZQQ4ETZT1BH9DWMPYF0Z10RX8BSWQN2,2026-09-11T09:06:35Z,14,120,106,success,(ok true),ok,
2026-09-11T09:07:26Z,8963981,0x9957b034e1eccfb10d5bab5edc1cc1777b9e9cedd212371c4a2f3b1e8ed8edb6,zest-v2,SP1A27KFY4XERQCCRCARCYD1CC5N7M6688BSYADJ7.v0-8-market,supply-collateral-add,SP3ZNGTHP8ZQQ4ETZT1BH9DWMPYF0Z10RX8BSWQN2,2026-09-11T09:07:16Z,10,120,110,success,(ok u380356221),ok,
2026-09-11T09:34:32Z,8964171,0xf2b81a89e6c51e4f34a0f028ead80321c99c54dc3b5c0853a713b21c6a8219a8,zest-v1,SP2VCQJGH7PHP2DJK7Z0V48AGBHQAW3R3ZW1QF4N.borrow-helper-v2-1-8,withdraw,SP3QR6R9SXXF4YMMK7VGDXR7JC6V6X9QDC9EY55A,2026-09-11T09:33:55Z,37,360,323,success,(ok true),ok,
2026-09-11T10:52:17Z,8964598,0xa6afd510eaea0452cd22c3911b33bb9455a91d4e31f3857ae3c9f9de88a8c8ba,zest-v1,SP2VCQJGH7PHP2DJK7Z0V48AGBHQAW3R3ZW1QF4N.borrow-helper-v2-1-8,withdraw,SP10MVED07QR11QHBTQP96G6YM6C6VQK7CVQE3AHJ,2026-09-11T10:52:09Z,8,360,352,success,(ok true),ok,
2026-09-11T10:59:18Z,8964624,0x3e93f891df58a2573618d66787ceb9e046e8576a6f8a620c00db16ee7a7e5535,zest-v2,SP1A27KFY4XERQCCRCARCYD1CC5N7M6688BSYADJ7.v0-8-market,borrow,SP10MVED07QR11QHBTQP96G6YM6C6VQK7CVQE3AHJ,2026-09-11T10:58:50Z,28,120,92,success,(ok true),ok,
2026-09-11T12:40:04Z,8965048,0xf16e6518fc4787eaf0c0ab1f4169e2d4890def9ca3e5c4f829c4c328b694da50,zest-v2,SP1A27KFY4XERQCCRCARCYD1CC5N7M6688BSYADJ7.v0-8-market,supply-collateral-add,SP1MZ5N6YCQ5BFHK4N9NFGXG2K4N53BQ0MFXAKAC1,2026-09-11T12:39:27Z,37,120,83,success,(ok u98767685484),ok,
2026-09-11T12:40:39Z,8965050,0x54092469ca36b2dd80f4155c96a602e3a8d0f8ad94b0dbd8791d39fa2e01d7a3,zest-v2,SP1A27KFY4XERQCCRCARCYD1CC5N7M6688BSYADJ7.v0-8-market,borrow,SP1MZ5N6YCQ5BFHK4N9NFGXG2K4N53BQ0MFXAKAC1,2026-09-11T12:40:34Z,5,120,115,success,(ok true),ok,
2026-09-11T14:04:37Z,8965500,0x896033708ed7a641a463fa7565b19e3966928e96460c7b20169ea9764e3f6826,zest-v2,SP1A27KFY4XERQCCRCARCYD1CC5N7M6688BSYADJ7.v0-8-market,collateral-remove-redeem,SP3A7MGAH0SKC1ACS854PHXHVWE031FYQCBA8M51D,2026-09-11T14:04:18Z,19,120,101,success,(ok u50001310344),ok,
2026-09-11T14:26:59Z,8965608,0x1377e48b922671eb081ff929286c822843820ad617f68be0de9414b78f864c24,zest-v2,SP1A27KFY4XERQCCRCARCYD1CC5N7M6688BSYADJ7.v0-8-market,supply-collateral-add,SP2ZM1KNQNS96RM1MAJTZV7WE7F38GFGRND4E80DW,2026-09-11T14:26:39Z,20,120,100,success,(ok u155924510),ok,
2026-09-11T14:46:07Z,8965739,0x89e79537cb1fe0c5851e1f1419081f4a8eb6c4abbc9aeec938848bdc8e470142,zest-v2,SP1A27KFY4XERQCCRCARCYD1CC5N7M6688BSYADJ7.v0-8-market,borrow,SP3TZHPYHKBG7RSMJFK72EQQ9N9JD5ZM614QASC0J,2026-09-11T14:45:08Z,59,120,61,success,(ok true),ok,
2026-09-11T14:55:36Z,8965806,0xd1cf0ec9298303bb3b7c9b6074a1b2379740ab5f7e6410c296f4a5c70b2727fe,zest-v2,SP1A27KFY4XERQCCRCARCYD1CC5N7M6688BSYADJ7.v0-8-market,collateral-remove-redeem,SP1MZ5N6YCQ5BFHK4N9NFGXG2K4N53BQ0MFXAKAC1,2026-09-11T14:55:18Z,18,120,102,success,(ok u100000628485),ok,
2026-09-11T14:57:10Z,8965816,0x1c66c8fd8e3d142f64cf0c6db353d14211f9ea43f99873ce4a1749f15201a374,zest-v1,SP2VCQJGH7PHP2DJK7Z0V48AGBHQAW3R3ZW1QF4N.borrow-helper-v2-1-8,withdraw,SP175NZDA6ZPH95SMS0N0X6VYS2WJ1FDDR99739RH,2026-09-11T14:56:42Z,28,360,332,success,(ok true),ok,
2026-09-11T14:58:01Z,8965820,0x5a131cb304cd398d11934ed2818907535f7ca664de2bf6ebdb4698b4c960c84a,zest-v2,SP1A27KFY4XERQCCRCARCYD1CC5N7M6688BSYADJ7.v0-8-market,supply-collateral-add,SP175NZDA6ZPH95SMS0N0X6VYS2WJ1FDDR99739RH,2026-09-11T14:57:53Z,8,120,112,success,(ok u4718460391),ok,
2026-09-11T15:40:07Z,8966094,0x47101f074aee4a179115bf9e6c643b1332fa71961db23d1995f4ecc57aac95ae,zest-v2,SP1A27KFY4XERQCCRCARCYD1CC5N7M6688BSYADJ7.v0-8-market,collateral-remove,SPN3AV2KQ8HYFHGKC34SGVSS9TNMJXG56GXRSR70,2026-09-11T15:39:59Z,8,120,112,success,(ok u0),ok,
2026-09-11T15:43:13Z,8966116,0xfd91512697d0f24a844b6fdfdacb5f35b0f7301b97ee8b06c191714c90a7b632,zest-v2,SP1A27KFY4XERQCCRCARCYD1CC5N7M6688BSYADJ7.v0-8-market,collateral-add,SPN3AV2KQ8HYFHGKC34SGVSS9TNMJXG56GXRSR70,2026-09-11T15:43:03Z,10,120,110,success,(ok u4997274),ok,
2026-09-11T15:43:49Z,8966121,0xf2ec17ca256f004d4b723e4ce7164c4e5679b92036dd83584a070555cf598f76,zest-v2,SP1A27KFY4XERQCCRCARCYD1CC5N7M6688BSYADJ7.v0-8-market,supply-collateral-add,SP3TZHPYHKBG7RSMJFK72EQQ9N9JD5ZM614QASC0J,2026-09-11T15:43:27Z,22,120,98,success,(ok u89151613067),ok,
2026-09-11T15:45:10Z,8966132,0xfa0f0219720bd0c182c26ccba57236109716f32423e2b2d10033dbfa35a233f6,zest-v2,SP1A27KFY4XERQCCRCARCYD1CC5N7M6688BSYADJ7.v0-8-market,borrow,SPKQCYTHMXWXP75YA40419K4WTK3QBPBE48PR9S8,2026-09-11T15:44:58Z,12,120,108,success,(ok true),ok,
2026-09-11T16:05:44Z,8966235,0x80be23a153e0c37a8106ac9bbacd6d1cca8f38161f0d17b87e0a4deee26b0338,zest-v2,SP1A27KFY4XERQCCRCARCYD1CC5N7M6688BSYADJ7.v0-8-market,borrow,SP3TZHPYHKBG7RSMJFK72EQQ9N9JD5ZM614QASC0J,2026-09-11T16:05:25Z,19,120,101,success,(ok true),ok,
2026-09-11T16:08:33Z,8966251,0x22bfaa7a87bf6689c2b0401ed0a51c34df7cc888021507888ecaf5c071070681,zest-v2,SP1A27KFY4XERQCCRCARCYD1CC5N7M6688BSYADJ7.v0-8-market,borrow,SPN3AV2KQ8HYFHGKC34SGVSS9TNMJXG56GXRSR70,2026-09-11T16:08:22Z,11,120,109,success,(ok true),ok,
2026-09-11T16:15:53Z,8966300,0xc3deacadc3454dfbda6c8d6abb8cb6b10eef9b4e8ff154698dd1e8231b5f920a,zest-v2,SP1A27KFY4XERQCCRCARCYD1CC5N7M6688BSYADJ7.v0-8-market,borrow,SP3TZHPYHKBG7RSMJFK72EQQ9N9JD5ZM614QASC0J,2026-09-11T16:15:36Z,17,120,103,success,(ok true),ok,
2026-09-11T16:17:23Z,8966311,0x34bb6fc44cf9129c56423dcbc552f4e3daf43f1675eac448ba6201fc3c9656f8,zest-v2,SP1A27KFY4XERQCCRCARCYD1CC5N7M6688BSYADJ7.v0-8-market,borrow,SPN3AV2KQ8HYFHGKC34SGVSS9TNMJXG56GXRSR70,2026-09-11T16:17:10Z,13,120,107,success,(ok true),ok,
2026-09-11T16:22:48Z,8966344,0x15b6adf79ca9cb0b620e0bd551f3e5ebdedf93ddd5ac9d32a62674691b9063e2,zest-v2,SP1A27KFY4XERQCCRCARCYD1CC5N7M6688BSYADJ7.v0-8-market,supply-collateral-add,SPN3AV2KQ8HYFHGKC34SGVSS9TNMJXG56GXRSR70,2026-09-11T16:22:27Z,21,120,99,success,(ok u5030768),ok,
2026-09-11T16:28:03Z,8966372,0xf07776f5b53db052d0ce459d83666c6911db06442e75e905c5d796dc89386127,zest-v2,SP1A27KFY4XERQCCRCARCYD1CC5N7M6688BSYADJ7.v0-8-market,collateral-remove-redeem,SP11EBWRDRHWHWBM8XMNTD45VM5Z41XM29TBV7ECD,2026-09-11T16:27:46Z,17,120,103,success,(ok u1004396),ok,
2026-09-11T16:34:33Z,8966417,0x2ff449a4842021137138e2094e84a9b299910119a105ecc9fce69e7361470bcd,zest-v2,SP1A27KFY4XERQCCRCARCYD1CC5N7M6688BSYADJ7.v0-8-market,supply-collateral-add,SP11EBWRDRHWHWBM8XMNTD45VM5Z41XM29TBV7ECD,2026-09-11T16:34:23Z,10,120,110,success,(ok u333),ok,
2026-09-11T16:50:48Z,8966523,0xf5ec3e751129f3c47812489b3558098aff3b7644f4499409b87c763fedf79cf6,zest-v2,SP1A27KFY4XERQCCRCARCYD1CC5N7M6688BSYADJ7.v0-8-market,collateral-remove-redeem,SP1DAXNCGZGD9K1405PWE5QNB7EMXPT32N3HK7AWB,2026-09-11T16:49:56Z,52,120,68,success,(ok u1500000000),ok,
2026-09-11T17:10:04Z,8966656,0x9ed288c8a63bd2557d619de997792eab10886be236e69fe6a86751409589a18f,zest-v2,SP1A27KFY4XERQCCRCARCYD1CC5N7M6688BSYADJ7.v0-8-market,borrow,SP1CM0AWD5FCT7RMNCQJ29XTX7ANXH4HMDDY3QW9H,2026-09-11T17:09:43Z,21,120,99,success,(ok true),ok,
2026-09-11T17:11:29Z,8966664,0x15238cec90cd7eec270bddd3fb026f9ed38731b05e9b1c090469b818f9466e6c,zest-v2,SP1A27KFY4XERQCCRCARCYD1CC5N7M6688BSYADJ7.v0-8-market,collateral-remove-redeem,SP21CPVYZQTTQAEWNV8T1TXJW9YQSSWQYB5SSD408,2026-09-11T17:10:22Z,67,120,53,success,(ok u76179),ok,
2026-09-11T17:53:27Z,8966913,0xc8cba73421b0841a372e0e4dd86a579f6a4756ef077e9e671b0d2e0c0a5ccc49,zest-v1,SP2VCQJGH7PHP2DJK7Z0V48AGBHQAW3R3ZW1QF4N.borrow-helper-v2-1-8,withdraw,SP3JC0HPY4J3ST9BGGC2WN64VGPB20S1DPQA5B7N5,2026-09-11T17:52:21Z,66,360,294,success,(ok true),ok,
2026-09-11T18:16:22Z,8967000,0xbd917cd698c9876cb8149ae9638174552e817c80b7ba6f5f1de111003c84a208,zest-v2,SP1A27KFY4XERQCCRCARCYD1CC5N7M6688BSYADJ7.v0-8-market,supply-collateral-add,SP3TGF6BJZWPZMHVXAP6BT8D9V5JW6X4JDD8MPNTD,2026-09-11T18:15:40Z,42,120,78,success,(ok u39908035475),ok,
2026-09-11T18:28:37Z,8967039,0xf783e0262da4c43d1b8302f3dbdc1ff956279093b1320c61fdf7767937e7e690,zest-v2,SP1A27KFY4XERQCCRCARCYD1CC5N7M6688BSYADJ7.v0-8-market,borrow,SP1BQZ7QBWMRCYYFB51F5SGH2NJJ33R3BJQA71AQ0,2026-09-11T18:28:23Z,14,120,106,success,(ok true),ok,
2026-09-11T18:49:48Z,8967107,0x77775b7a1762e9356eb643954d5ed8b0072d68f9c3e460d2274dfe424a8fa1a4,zest-v2,SP1A27KFY4XERQCCRCARCYD1CC5N7M6688BSYADJ7.v0-8-market,supply-collateral-add,SP2DK6S5P9GEQVASGYXC98Y85FQ49J2ZGS74HH6WK,2026-09-11T18:48:41Z,67,120,53,success,(ok u2234451001),ok,
2026-09-11T18:51:05Z,8967114,0x699915c664dbe4575a5e739a2dcf92c03ae6ed746d7a1d570590682866901ff0,zest-v2,SP1A27KFY4XERQCCRCARCYD1CC5N7M6688BSYADJ7.v0-8-market,borrow,SP2DK6S5P9GEQVASGYXC98Y85FQ49J2ZGS74HH6WK,2026-09-11T18:50:33Z,32,120,88,success,(ok true),ok,
2026-09-11T18:54:49Z,8967134,0xbc4787e0c2764d3ac6595a03bb1562b0f3c1d7f375bc1ca75a00492dff181d07,zest-v2,SP1A27KFY4XERQCCRCARCYD1CC5N7M6688BSYADJ7.v0-8-market,supply-collateral-add,SP2DK6S5P9GEQVASGYXC98Y85FQ49J2ZGS74HH6WK,2026-09-11T18:54:17Z,32,120,88,success,(ok u2520872261),ok,
2026-09-11T21:56:20Z,8968242,0x2050217b0397ba3265ddbe5151a95937277020e34ff28ceb814643d1f2faa420,zest-v2,SP1A27KFY4XERQCCRCARCYD1CC5N7M6688BSYADJ7.v0-8-market,supply-collateral-add,SP34M22KZDV4TYQZEAM10XC96TZR1G5W75FRHG3KA,2026-09-11T21:56:06Z,14,120,106,success,(ok u19177279735),ok,
2026-09-11T22:29:45Z,8968395,0x6a309f1d1192ffbdf2454f8f67beb12e78a61ee66baf33b8be51fe18d56dfb42,zest-v2,SP1A27KFY4XERQCCRCARCYD1CC5N7M6688BSYADJ7.v0-8-market,supply-collateral-add,SP3A7MGAH0SKC1ACS854PHXHVWE031FYQCBA8M51D,2026-09-11T22:29:39Z,6,120,114,success,(ok u69838794338),ok,
2026-09-11T22:31:24Z,8968404,0x58366b9dcf4918e577164ceeeef77a5a62d464b4d598977e4728b7a24b1d9060,zest-v2,SP1A27KFY4XERQCCRCARCYD1CC5N7M6688BSYADJ7.v0-8-market,borrow,SP3A7MGAH0SKC1ACS854PHXHVWE031FYQCBA8M51D,2026-09-11T22:31:17Z,7,120,113,success,(ok true),ok,
2026-09-11T22:48:58Z,8968511,0xa4bf2ccf1945c59716ef456e8fa675c6777676ddbc9185f7ed1039197e2d1d51,zest-v2,SP1A27KFY4XERQCCRCARCYD1CC5N7M6688BSYADJ7.v0-8-market,supply-collateral-add,SP1A9C2R2HVTQ9T3XGB76S57GW4VBAB0JC8D1TZPW,2026-09-11T22:48:47Z,11,120,109,success,(ok u50594787589),ok,
2026-09-11T23:00:42Z,8968574,0xa5dac1c135eb936e4e611c883aaf905f98670b5ff48214918704fad9a0ff0ff0,zest-v2,SP1A27KFY4XERQCCRCARCYD1CC5N7M6688BSYADJ7.v0-8-market,supply-collateral-add,SP1N6QYMS4771B58J5WDQMX917F2ZQJVD48RJH047,2026-09-11T22:59:07Z,95,120,25,success,(ok u105088),ok,
2026-09-11T23:28:31Z,8968742,0xdc4c695f3a50c10fbf04e8e6aea9fcee8c475807da25d73a365a34ae832b7b21,zest-v2,SP1A27KFY4XERQCCRCARCYD1CC5N7M6688BSYADJ7.v0-8-market,borrow,SP2CCCQP1WN3FG67K3V4S85JG9SRZN2KKRJ3M3GNG,2026-09-11T23:27:49Z,42,120,78,success,(ok true),ok,
2026-09-11T23:35:30Z,8968790,0x995c41df09eacabc5555e80c6db73e6f10c9a83bf204033ef6aaa68042f6b688,zest-v2,SP1A27KFY4XERQCCRCARCYD1CC5N7M6688BSYADJ7.v0-8-market,supply-collateral-add,SPH40Y15AE69ESTBVV36VX3SKS7DZT111ST4SAAS,2026-09-11T23:35:18Z,12,120,108,success,(ok u90044),ok,
2026-09-12T01:37:37Z,8969499,0xa41d36b329d8adca39f487d3b315a4a76bcd1172e5b2e0808d5807286f443c52,zest-v2,SP1A27KFY4XERQCCRCARCYD1CC5N7M6688BSYADJ7.v0-8-market,collateral-remove-redeem,SP3A7MGAH0SKC1ACS854PHXHVWE031FYQCBA8M51D,2026-09-12T01:37:15Z,22,120,98,success,(ok u26000001891),ok,
2026-09-12T01:51:49Z,8969587,0xe066ba5efc6ac4de05cd41e5e5c8874dc3c3d684d5daa50f00b9d2098ec9c252,zest-v2,SP1A27KFY4XERQCCRCARCYD1CC5N7M6688BSYADJ7.v0-8-market,supply-collateral-add,SP1NQCKQFGYKX95N3X65Y6JJQ01NCR923RS93YEDP,2026-09-12T01:51:21Z,28,120,92,success,(ok u51112653),ok,
2026-09-12T02:17:43Z,8969780,0x2751155327ae0485537176cb5bb21fa844fd3789c6a675b620b24b31ab1abfc6,zest-v2,SP1A27KFY4XERQCCRCARCYD1CC5N7M6688BSYADJ7.v0-8-market,collateral-remove-redeem,SP3A7MGAH0SKC1ACS854PHXHVWE031FYQCBA8M51D,2026-09-12T02:17:29Z,14,120,106,success,(ok u44000221620),ok,
2026-09-12T02:23:13Z,8969806,0xe3988e608594791eeb94485407e0a7516fb3a6f45a5f8cbc47c50bc92dc20fcf,zest-v2,SP1A27KFY4XERQCCRCARCYD1CC5N7M6688BSYADJ7.v0-8-market,borrow,SP2RNHHQDTHGHPEVX83291K4AQZVGWEJ7WCQQDA9R,2026-09-12T02:22:51Z,22,120,98,success,(ok true),ok,
2026-09-12T04:28:20Z,8970546,0xa15cdb67a55447715c5530d83821e98f6cb2d01bbfdeff71c09ea35b149e363a,zest-v2,SP1A27KFY4XERQCCRCARCYD1CC5N7M6688BSYADJ7.v0-8-market,supply-collateral-add,SP1G5F70FF2FT66PAQVDKQDHK14EKQS4SP6FRXGGK,2026-09-12T04:27:49Z,31,120,89,success,(ok u50514467446),ok,
2026-09-12T04:32:35Z,8970569,0xf4002512f5d2817e4e4eaf5652fbc21e1f296a89a71e1b633df9e03e16b1a9a6,zest-v2,SP1A27KFY4XERQCCRCARCYD1CC5N7M6688BSYADJ7.v0-8-market,collateral-remove-redeem,SP3TGF6BJZWPZMHVXAP6BT8D9V5JW6X4JDD8MPNTD,2026-09-12T04:32:18Z,17,120,103,success,(ok u40000372125),ok,
2026-09-12T05:13:32Z,8970796,0x603253c704d110fa4d77915b5983b25f8a0dfb31e54c6be465348eada48abfa3,zest-v2,SP1A27KFY4XERQCCRCARCYD1CC5N7M6688BSYADJ7.v0-8-market,borrow,SPSGJJQFY6ETD2ZFZR141ZDDRYGWAM2GKPBCASMB,2026-09-12T05:13:21Z,11,120,109,success,(ok true),ok,
2026-09-12T05:54:53Z,8971100,0x2e43042557a0263ab835fd44d4e7c4d7b8a3ea9c2382870539f4121c5e70a828,zest-v2,SP1A27KFY4XERQCCRCARCYD1CC5N7M6688BSYADJ7.v0-8-market,supply-collateral-add,SP24H94V7S19VBC7KFT2K8GAPENV4H1F6B0VFM7MC,2026-09-12T05:54:36Z,17,120,103,success,(ok u8487979552),ok,
2026-09-12T06:02:21Z,8971131,0xbd9c7230fec294b4a5131cd056d574dc7cedbcfb58276a5af412ad0232f236c9,zest-v2,SP1A27KFY4XERQCCRCARCYD1CC5N7M6688BSYADJ7.v0-8-market,supply-collateral-add,SP2JKYBD7EG4EGZADC6DTJ9Y86KAVFB0NQHTQY1EB,2026-09-12T06:01:55Z,26,120,94,success,(ok u76000000),ok,
2026-09-12T06:03:08Z,8971138,0xb4d5eb55214a51d5ad7dcfef740f318c156a76db57fbbf95f38f4cdb4c26b4ba,zest-v2,SP1A27KFY4XERQCCRCARCYD1CC5N7M6688BSYADJ7.v0-8-market,collateral-remove,SP2JKYBD7EG4EGZADC6DTJ9Y86KAVFB0NQHTQY1EB,2026-09-12T06:02:57Z,11,120,109,success,(ok u0),ok,
2026-09-12T06:07:44Z,8971176,0x5ffc1af5f8cf19fdc1a8d5e1dc091850042e5b0a3fc2c0193f2c7827c212dcf5,zest-v2,SP1A27KFY4XERQCCRCARCYD1CC5N7M6688BSYADJ7.v0-8-market,supply-collateral-add,SPSAQVX01P4BWSRCHAACFY6DQP3G1367A578XWTM,2026-09-12T06:07:22Z,22,120,98,success,(ok u180349),ok,
2026-09-12T06:37:54Z,8971358,0xaa33a1d6f00bc5d2945b066d51af563721f8ce040589f8618a32e6a4b036de06,zest-v2,SP1A27KFY4XERQCCRCARCYD1CC5N7M6688BSYADJ7.v0-8-market,supply-collateral-add,SP3A7MGAH0SKC1ACS854PHXHVWE031FYQCBA8M51D,2026-09-12T06:37:36Z,18,120,102,success,(ok u98762653945),ok,
2026-09-12T06:38:29Z,8971360,0x14892377643901c0aac1da5d3481f3e8a99de7290b73de13b1a7e0928c66af5b,zest-v2,SP1A27KFY4XERQCCRCARCYD1CC5N7M6688BSYADJ7.v0-8-market,borrow,SP3A7MGAH0SKC1ACS854PHXHVWE031FYQCBA8M51D,2026-09-12T06:38:17Z,12,120,108,success,(ok true),ok,
2026-09-12T06:54:58Z,8971427,0xf32f48f02dff3f12a2af8c458210f11868ec6f3ce608b9284770a474807fc413,zest-v2,SP1A27KFY4XERQCCRCARCYD1CC5N7M6688BSYADJ7.v0-8-market,collateral-remove-redeem,SP3KPRN53ZGD45B3WRTDMZZEHBJSFQ8AKN9RE6FKS,2026-09-12T06:54:43Z,15,120,105,success,(ok u8500002280),ok,
2026-09-12T07:00:21Z,8971450,0x498efdf3e64357dc7a114aa146ab445929501b7cb221b626a6d93768617b0fa3,zest-v2,SP1A27KFY4XERQCCRCARCYD1CC5N7M6688BSYADJ7.v0-8-market,borrow,SP39DC776TVRWSPSXNXCCM80APY6EBV4J1Y3HAZYJ,2026-09-12T06:59:15Z,66,120,54,success,(ok true),ok,
2026-09-12T07:04:57Z,8971482,0x46fb3060e56b15217ace5d79e7523b6a6106e7c9e419e6d9350bfb5ba3a53ed2,zest-v2,SP1A27KFY4XERQCCRCARCYD1CC5N7M6688BSYADJ7.v0-8-market,collateral-remove-redeem,SP3KPRN53ZGD45B3WRTDMZZEHBJSFQ8AKN9RE6FKS,2026-09-12T07:04:35Z,22,120,98,success,(ok u37000026895),ok,
2026-09-12T07:41:16Z,8971704,0xc481f2410a877a4123a4521646c62795ac7ecff8e1cc4140d58f234ef1e0a4de,zest-v2,SP1A27KFY4XERQCCRCARCYD1CC5N7M6688BSYADJ7.v0-8-market,borrow,SP1J0J97DJ6BQ8MDA1YYMZ6064Z3GYJMEKJWPGCEG,2026-09-12T07:41:07Z,8.6,120,111.4,success,(ok true),ok,
2026-09-12T07:41:16Z,8971704,0x8f5464e93d37e9e56a4a81dc935ecd4a79340ff45000ceb93b3862088d1a72b8,zest-v2,SP1A27KFY4XERQCCRCARCYD1CC5N7M6688BSYADJ7.v0-8-market,collateral-add,SP1J0J97DJ6BQ8MDA1YYMZ6064Z3GYJMEKJWPGCEG,2026-09-12T07:41:07Z,8.6,120,111.4,success,(ok u12),ok,
2026-09-12T08:04:12Z,8971830,0x4383357109cfb5483beb328101ee0346e0f1833e8ae8d0a1664634dca47cbec8,zest-v2,SP1A27KFY4XERQCCRCARCYD1CC5N7M6688BSYADJ7.v0-8-market,collateral-remove,SP1J0J97DJ6BQ8MDA1YYMZ6064Z3GYJMEKJWPGCEG,2026-09-12T08:04:02Z,10,120,110,success,(ok u0),ok,
2026-09-12T08:22:10Z,8971940,0x0cc783e77f557b5ae05b4b5ca316d2441c44764a793db7ed856ef181ea974300,zest-v2,SP1A27KFY4XERQCCRCARCYD1CC5N7M6688BSYADJ7.v0-8-market,supply-collateral-add,SP22YFNH4BYXM6QK3XN55JTJSRBHE99K5VPH8S4BR,2026-09-12T08:21:50Z,20,120,100,success,(ok u33851724298),ok,
2026-09-12T08:22:51Z,8971944,0x501d555eab20a2bebca5ba4c8017af2d54ca9d6a90bc1841466efcd270b87308,zest-v2,SP1A27KFY4XERQCCRCARCYD1CC5N7M6688BSYADJ7.v0-8-market,borrow,SPN3AV2KQ8HYFHGKC34SGVSS9TNMJXG56GXRSR70,2026-09-12T08:22:41Z,10,120,110,success,(ok true),ok,
2026-09-12T08:23:13Z,8971946,0x069bf13621065ced0196cb2c84e3e5f62c37d8e98f0c74f98e731c6c042e786d,zest-v2,SP1A27KFY4XERQCCRCARCYD1CC5N7M6688BSYADJ7.v0-8-market,collateral-remove,SP22YFNH4BYXM6QK3XN55JTJSRBHE99K5VPH8S4BR,2026-09-12T08:22:54Z,19,120,101,success,(ok u0),ok,
2026-09-12T08:24:21Z,8971950,0x9e5164b0608db9f2a4191fe35c7689506ce55ddb5581658bdb715fe5def639ca,zest-v2,SP1A27KFY4XERQCCRCARCYD1CC5N7M6688BSYADJ7.v0-8-market,collateral-add,SP22YFNH4BYXM6QK3XN55JTJSRBHE99K5VPH8S4BR,2026-09-12T08:23:43Z,38,120,82,success,(ok u82965323905),ok,
2026-09-12T08:40:42Z,8972042,0x2293dd509f335bb7e10af271f0b0af7de438157febdad5075c0e6f096662687b,zest-v2,SP1A27KFY4XERQCCRCARCYD1CC5N7M6688BSYADJ7.v0-8-market,collateral-remove-redeem,SP3KPRN53ZGD45B3WRTDMZZEHBJSFQ8AKN9RE6FKS,2026-09-12T08:40:29Z,13,120,107,success,(ok u21960005195),ok,
2026-09-12T09:08:46Z,8972182,0xdd0b74baabde8ebff35dc65eac54afe5f6f3130c7d079d0ce78ac346e41afd0d,zest-v2,SP1A27KFY4XERQCCRCARCYD1CC5N7M6688BSYADJ7.v0-8-market,borrow,SP186AJ38C3F3W3MN2BH989GJGZ5MAVTC5MPSC86E,2026-09-12T09:08:27Z,19,120,101,success,(ok true),ok,
2026-09-12T09:14:01Z,8972215,0x5bafbf4c0e2308245bbcf24ea0e787512a3c1500e455bc37595f31c51199fac0,granite-usdcx,SP3M2BYF7RGF8WKW5FVDNJ6WR8D7AR9BHDXAKPXZE.state-v1,remove-collateral,SP186AJ38C3F3W3MN2BH989GJGZ5MAVTC5MPSC86E,2026-09-12T09:12:36Z,85,300,215,success,(ok true),ok,
2026-09-12T09:25:28Z,8972278,0x7d2f36d569f84bb4d6936564e04d1064f195d6c434ada59a820c0c4647380b63,zest-v2,SP1A27KFY4XERQCCRCARCYD1CC5N7M6688BSYADJ7.v0-8-market,supply-collateral-add,SP186AJ38C3F3W3MN2BH989GJGZ5MAVTC5MPSC86E,2026-09-12T09:25:11Z,17,120,103,success,(ok u50321477),ok,
2026-09-12T09:27:42Z,8972293,0x44519f51fef30b4f970141d841f44a0db66e2d7960e01221d3ddd19874594300,zest-v2,SP1A27KFY4XERQCCRCARCYD1CC5N7M6688BSYADJ7.v0-8-market,borrow,SP186AJ38C3F3W3MN2BH989GJGZ5MAVTC5MPSC86E,2026-09-12T09:27:28Z,14,120,106,success,(ok true),ok,
2026-09-12T09:46:21Z,8972411,0x1e974045e82ee9061c3b45c01f5abf6949bed40d0f2d90c3e3bfef4a077d33b5,zest-v2,SP1A27KFY4XERQCCRCARCYD1CC5N7M6688BSYADJ7.v0-8-market,collateral-remove-redeem,SP3A7MGAH0SKC1ACS854PHXHVWE031FYQCBA8M51D,2026-09-12T09:46:08Z,13,120,107,success,(ok u100000875529),ok,
2026-09-12T10:05:48Z,8972507,0x998a4afca6d95340853f85c0db33644a292efda9560717b3caaf6e5b7d7445ab,zest-v2,SP1A27KFY4XERQCCRCARCYD1CC5N7M6688BSYADJ7.v0-8-market,borrow,SP1J0J97DJ6BQ8MDA1YYMZ6064Z3GYJMEKJWPGCEG,2026-09-12T10:05:38Z,9.8,120,110.2,success,(ok true),ok,
2026-09-12T10:05:48Z,8972507,0x8950e38debc4624aa338cd55b5b8a7f4d1d34918afd1f9c254ff3689bdd1f3fd,zest-v2,SP1A27KFY4XERQCCRCARCYD1CC5N7M6688BSYADJ7.v0-8-market,collateral-add,SP1J0J97DJ6BQ8MDA1YYMZ6064Z3GYJMEKJWPGCEG,2026-09-12T10:05:38Z,9.8,120,110.2,success,(ok u16),ok,
2026-09-12T10:07:56Z,8972517,0xe3dc320652211c2bfdaafb347340620d8cadc75d893efb4079f069703c3c0606,zest-v2,SP1A27KFY4XERQCCRCARCYD1CC5N7M6688BSYADJ7.v0-8-market,collateral-remove,SP1J0J97DJ6BQ8MDA1YYMZ6064Z3GYJMEKJWPGCEG,2026-09-12T10:07:43Z,12.8,120,107.2,success,(ok u0),ok,
2026-09-12T10:38:23Z,8972677,0x8ea55836eb5c5f1d18cdb106b0c84379d80a0c2b4e0c76a822e2905ae6d8d73f,zest-v2,SP1A27KFY4XERQCCRCARCYD1CC5N7M6688BSYADJ7.v0-8-market,supply-collateral-add,SP3A7MGAH0SKC1ACS854PHXHVWE031FYQCBA8M51D,2026-09-12T10:38:14Z,9,120,111,success,(ok u98761542030),ok,
2026-09-12T10:39:04Z,8972680,0xf0d31efe2248ec8945a055b3999310ee38d3e26d7e9b549af984faf0a25365be,zest-v2,SP1A27KFY4XERQCCRCARCYD1CC5N7M6688BSYADJ7.v0-8-market,borrow,SP3A7MGAH0SKC1ACS854PHXHVWE031FYQCBA8M51D,2026-09-12T10:38:54Z,10,120,110,success,(ok true),ok,
2026-09-12T11:21:57Z,8972925,0x5580179958902b44ba65242d0c496c9419b7c4fb3abd249cb8ae47aa344b4b1f,zest-v2,SP1A27KFY4XERQCCRCARCYD1CC5N7M6688BSYADJ7.v0-8-market,borrow,SP10MVED07QR11QHBTQP96G6YM6C6VQK7CVQE3AHJ,2026-09-12T11:21:43Z,14,120,106,success,(ok true),ok,
2026-09-12T11:23:34Z,8972933,0x301c75b0add4a33fd5c37bea648025fea7b697d0e4d185e118bbf02e4bfbb077,zest-v2,SP1A27KFY4XERQCCRCARCYD1CC5N7M6688BSYADJ7.v0-8-market,collateral-remove-redeem,SP3A7MGAH0SKC1ACS854PHXHVWE031FYQCBA8M51D,2026-09-12T11:23:18Z,16,120,104,success,(ok u100000211165),ok,
2026-09-12T11:49:58Z,8973093,0xe6e717f33c12be33d664f547a190003c76fc7c8bd54c425f15f3542c5fc1f608,zest-v2,SP1A27KFY4XERQCCRCARCYD1CC5N7M6688BSYADJ7.v0-8-market,collateral-remove-redeem,SP3KPRN53ZGD45B3WRTDMZZEHBJSFQ8AKN9RE6FKS,2026-09-12T11:49:49Z,9,120,111,success,(ok u30000009036),ok,
2026-09-12T12:04:30Z,8973181,0xf9f6fe297c840c25e46933bc92af4e0416ed7b913e0444b03a8efd9a6d1dc8e7,zest-v2,SP1A27KFY4XERQCCRCARCYD1CC5N7M6688BSYADJ7.v0-8-market,supply-collateral-add,SP19V9VRVC00TXJQYNQ3FGP4V1PKNFH5HPS3F32JN,2026-09-12T12:04:08Z,22,120,98,success,(ok u7345),ok,
2026-09-12T12:22:20Z,8973275,0xc7d70250c99fddcf7262d84136f3687a780c01d23513da8e3ca24bad13dfe120,zest-v2,SP1A27KFY4XERQCCRCARCYD1CC5N7M6688BSYADJ7.v0-8-market,supply-collateral-add,SP2W6Z864GQC3SPK7XHNCVQY7V0JHVPMDYD4A0ZMB,2026-09-12T12:21:36Z,44,120,76,success,(ok u35048),ok,
2026-09-12T12:47:56Z,8973453,0xe023fb4a840f1f665a28e8d4ca54b6fba79e323ee19faf419616e060b245b9ee,granite-usdcx,SP3M2BYF7RGF8WKW5FVDNJ6WR8D7AR9BHDXAKPXZE.state-v1,remove-collateral,SP22YFNH4BYXM6QK3XN55JTJSRBHE99K5VPH8S4BR,2026-09-12T12:47:07Z,49,300,251,success,(ok true),ok,
2026-09-12T12:58:37Z,8973519,0xc0baae00cdf77fa7022ecbd66ea8d09f9448c08a37cb232e4054f7f5b37e92c3,zest-v2,SP1A27KFY4XERQCCRCARCYD1CC5N7M6688BSYADJ7.v0-8-market,borrow,SP22YFNH4BYXM6QK3XN55JTJSRBHE99K5VPH8S4BR,2026-09-12T12:58:04Z,33,120,87,success,(ok true),ok,
2026-09-12T12:59:44Z,8973524,0x45f24c2a62454149678713c6f24712665ed8ef609577d95f945443a1ce4f64a9,zest-v2,SP1A27KFY4XERQCCRCARCYD1CC5N7M6688BSYADJ7.v0-8-market,borrow,SP22YFNH4BYXM6QK3XN55JTJSRBHE99K5VPH8S4BR,2026-09-12T12:59:28Z,16,120,104,success,(ok true),ok,
2026-09-12T13:01:06Z,8973531,0x632d2de1f6b38c255cad85dbcf2d072e01cf846e00c1edcc79f0a978dad0cfc5,zest-v2,SP1A27KFY4XERQCCRCARCYD1CC5N7M6688BSYADJ7.v0-8-market,borrow,SP22YFNH4BYXM6QK3XN55JTJSRBHE99K5VPH8S4BR,2026-09-12T13:00:39Z,27,120,93,success,(ok true),ok,
2026-09-12T13:02:15Z,8973537,0x2bef53e709ed3b70cbe6be938c8b46956e72149ebc80beb9d65a214981f17a6a,zest-v2,SP1A27KFY4XERQCCRCARCYD1CC5N7M6688BSYADJ7.v0-8-market,borrow,SP22YFNH4BYXM6QK3XN55JTJSRBHE99K5VPH8S4BR,2026-09-12T13:01:51Z,24,120,96,success,(ok true),ok,
2026-09-12T13:26:42Z,8973653,0x2c90fc8868b928c9f6c428ea57a1cc40fb8972b2b0e6e6b4fdfcd2b49a4f4eb9,zest-v2,SP1A27KFY4XERQCCRCARCYD1CC5N7M6688BSYADJ7.v0-8-market,borrow,SP22YFNH4BYXM6QK3XN55JTJSRBHE99K5VPH8S4BR,2026-09-12T13:26:16Z,26,120,94,success,(ok true),ok,
2026-09-12T14:01:29Z,8973886,0x4af73ee93d38352cda2ef6c0d095f31f1c0be5c007038de966bfdad56e97390d,zest-v2,SP1A27KFY4XERQCCRCARCYD1CC5N7M6688BSYADJ7.v0-8-market,borrow,SP17WH9WXDENGR4EXFVZNDE9RW2M19H5C8SQAMTG3,2026-09-12T14:00:49Z,40,120,80,success,(ok true),ok,
2026-09-12T14:16:46Z,8973971,0x731410d495ea43d1676139216ab43ea62fb5a60f069c322d41d30a325993b47d,zest-v2,SP1A27KFY4XERQCCRCARCYD1CC5N7M6688BSYADJ7.v0-8-market,borrow,SPAVTRFAKSERRCX95PHR41JAB7Q6DP7Z27MSN1G3,2026-09-12T14:15:59Z,47,120,73,success,(ok true),ok,
2026-09-12T18:32:17Z,8975292,0x4a72880545e1ca4bbba2f2c11c7a7e57951e08f22ed80b8bda2d0563ebd7ef50,zest-v1,SP2VCQJGH7PHP2DJK7Z0V48AGBHQAW3R3ZW1QF4N.borrow-helper-v2-1-8,withdraw,SP36GSEC1W1P101YMCJG2S9P2J2VHQ8Q384H7VK0V,2026-09-12T18:31:19Z,58,360,302,success,(ok true),ok,
2026-09-12T18:36:36Z,8975315,0x05d4c58f64596e17115e64490fff1db8361a30fdf9a3dfa9f9618d3fc7630335,zest-v2,SP1A27KFY4XERQCCRCARCYD1CC5N7M6688BSYADJ7.v0-8-market,supply-collateral-add,SP3A7MGAH0SKC1ACS854PHXHVWE031FYQCBA8M51D,2026-09-12T18:36:29Z,7,120,113,success,(ok u49883934147),ok,
2026-09-12T18:37:07Z,8975319,0xcf7a7672dd5b7671b3ac22ad03d8156f736b8f070e18e34ed14ef6cf60bd4c71,zest-v2,SP1A27KFY4XERQCCRCARCYD1CC5N7M6688BSYADJ7.v0-8-market,borrow,SP3A7MGAH0SKC1ACS854PHXHVWE031FYQCBA8M51D,2026-09-12T18:37:01Z,6,120,114,success,(ok true),ok,
2026-09-12T20:08:35Z,8975730,0x744cde1b4fe18993c4b6975cf2dbddf6abecf182180a4eb8f544dfcdc43a8acb,zest-v2,SP1A27KFY4XERQCCRCARCYD1CC5N7M6688BSYADJ7.v0-8-market,supply-collateral-add,SP1AS5P2X351V8KGCMZTF8567J3XYK4RYEQB4HHQ1,2026-09-12T20:08:23Z,12,120,108,success,(ok u25484000),ok,
2026-09-12T20:17:54Z,8975766,0x96f595204601296ce63d7c630f379187b0383c68e2e8ae539fb3b558fb3e26c8,zest-v2,SP1A27KFY4XERQCCRCARCYD1CC5N7M6688BSYADJ7.v0-8-market,collateral-remove,SP1AS5P2X351V8KGCMZTF8567J3XYK4RYEQB4HHQ1,2026-09-12T20:17:13Z,41,120,79,success,(ok u0),ok,
2026-09-12T20:32:16Z,8975840,0xfb1d4ad339ec5331799bea1a768341b16515e9c5f2f3cad841719d409e0bb65a,zest-v2,SP1A27KFY4XERQCCRCARCYD1CC5N7M6688BSYADJ7.v0-8-market,supply-collateral-add,SP1CQ4D640TNM998S1K50FP2BF78J6AVS2BT6E3HP,2026-09-12T20:32:03Z,13,120,107,success,(ok u20631133),ok,
2026-09-12T20:41:12Z,8975873,0x61a6af409267f6cac9217b6b170db82fb83c26ab85a9fdbc1c8c3366fbd7853f,zest-v2,SP1A27KFY4XERQCCRCARCYD1CC5N7M6688BSYADJ7.v0-8-market,supply-collateral-add,SP3KMYS5X3XJ1K9H7J39J1ZZYRGRM8VFEXG46W1V6,2026-09-12T20:41:09Z,3,120,117,success,(ok u20867),ok,
2026-09-12T20:42:17Z,8975877,0x422579ec65507fc95e886b0a1083e53ddea97301467f528a226b1f2f063d304e,zest-v2,SP1A27KFY4XERQCCRCARCYD1CC5N7M6688BSYADJ7.v0-8-market,supply-collateral-add,SP2YXABHBC6HPV6NZHGFQW46AKK37EPAKR6NJPE5D,2026-09-12T20:42:06Z,11,120,109,success,(ok u20084),ok,
2026-09-12T20:51:31Z,8975916,0xf57ab63d84410c79aa041f3ccb3d5374d77b53c19b17163679ccfbdc8da5a4ae,zest-v2,SP1A27KFY4XERQCCRCARCYD1CC5N7M6688BSYADJ7.v0-8-market,supply-collateral-add,SP2GM0EQ6Y666AXN5JP78FXEAHJAWVXZ42T5V3MVV,2026-09-12T20:51:22Z,9,120,111,success,(ok u15558),ok,
2026-09-12T20:52:17Z,8975920,0xf476c7e71d6165249c9f8ea36c077d2cbd3e0e7d9f62fd6d8b468a2d56f0ebd7,zest-v2,SP1A27KFY4XERQCCRCARCYD1CC5N7M6688BSYADJ7.v0-8-market,supply-collateral-add,SP2TXQBW3GMWJTD5QB8A9QP60VH8AMQWKFWWXWN6G,2026-09-12T20:52:12Z,5,120,115,success,(ok u12571),ok,
2026-09-12T21:55:40Z,8976252,0xa32e7d437e0e4e1766c6a9327de6f21958a6268fe6b59e8cc7fcdd14128369b0,zest-v2,SP1A27KFY4XERQCCRCARCYD1CC5N7M6688BSYADJ7.v0-8-market,borrow,SPCE87V29VDPEAS925YMV2VG3CMBHY0BXKB08NA4,2026-09-12T21:55:31Z,9,120,111,success,(ok true),ok,
2026-09-12T22:11:33Z,8976331,0xfc18f5511cc6af97dad3cd912476559eb53375f0b5936329359b5ce6be5483cf,zest-v2,SP1A27KFY4XERQCCRCARCYD1CC5N7M6688BSYADJ7.v0-8-market,supply-collateral-add,SP34M22KZDV4TYQZEAM10XC96TZR1G5W75FRHG3KA,2026-09-12T22:11:23Z,10,120,110,success,(ok u19180162695),ok,
2026-09-12T22:56:40Z,8976572,0x8afaf8f3f5ca076b10f2f89bc53c19571f20810c9fc92ed00c47b1eccb3951a0,zest-v2,SP1A27KFY4XERQCCRCARCYD1CC5N7M6688BSYADJ7.v0-8-market,collateral-remove-redeem,SP3KF338F5A6KNCVBFANM08AKNVNV4ZZKT12HEBXH,2026-09-12T22:56:20Z,20,120,100,success,(ok u354425086),ok,
2026-09-13T00:43:04Z,8977156,0x05430ae99eeb0da112bb08a125d01aff4ba9409737f3ff01c01ee203f3867b50,zest-v2,SP1A27KFY4XERQCCRCARCYD1CC5N7M6688BSYADJ7.v0-8-market,borrow,SPJN63YWJP48HDQP24HBPW3HAXTQHCNSQKKEQ8CR,2026-09-13T00:42:52Z,12,120,108,success,(ok true),ok,
2026-09-13T00:45:34Z,8977168,0x51ace4cd37167523b278ca83153bea04fdc60edde19f4e50358e767d4d843ef6,zest-v2,SP1A27KFY4XERQCCRCARCYD1CC5N7M6688BSYADJ7.v0-8-market,supply-collateral-add,SPJN63YWJP48HDQP24HBPW3HAXTQHCNSQKKEQ8CR,2026-09-13T00:45:22Z,12,120,108,success,(ok u3522890),ok,
2026-09-13T00:50:52Z,8977197,0x4a28135728701e4654e9ef04eebb3f417a45c4e0a5df64b123d12dfb5d809c4e,zest-v2,SP1A27KFY4XERQCCRCARCYD1CC5N7M6688BSYADJ7.v0-8-market,collateral-remove-redeem,SP3A7MGAH0SKC1ACS854PHXHVWE031FYQCBA8M51D,2026-09-13T00:50:46Z,6,120,114,success,(ok u50000284965),ok,
2026-09-13T02:13:15Z,8977612,0x0a02fdfb281357cdf2951925229ebba4a8ac048c6bca3be9db64e11d54d91dbe,zest-v2,SP1A27KFY4XERQCCRCARCYD1CC5N7M6688BSYADJ7.v0-8-market,supply-collateral-add,SP3A7MGAH0SKC1ACS854PHXHVWE031FYQCBA8M51D,2026-09-13T02:12:59Z,16,120,104,success,(ok u148135566461),ok,
2026-09-13T02:15:01Z,8977620,0x5ac8208b839c1c7f89ef0e515412bf754bda6229296dc251fe73f1bd7d2cee7b,zest-v2,SP1A27KFY4XERQCCRCARCYD1CC5N7M6688BSYADJ7.v0-8-market,borrow,SP3A7MGAH0SKC1ACS854PHXHVWE031FYQCBA8M51D,2026-09-13T02:14:50Z,11,120,109,success,(ok true),ok,
2026-09-13T02:15:12Z,8977621,0x6fe567d7ee98046dc41a950374588593f025a2428c4b8dedfd4eb9f723177f42,zest-v2,SP1A27KFY4XERQCCRCARCYD1CC5N7M6688BSYADJ7.v0-8-market,supply-collateral-add,SP1MZ5N6YCQ5BFHK4N9NFGXG2K4N53BQ0MFXAKAC1,2026-09-13T02:14:54Z,18,120,102,success,(ok u59254221214),ok,
2026-09-13T02:16:25Z,8977625,0x0a3d2d92e45c7957e332c732bd8d280d34be50987c92ec8b35000e00eb979967,zest-v2,SP1A27KFY4XERQCCRCARCYD1CC5N7M6688BSYADJ7.v0-8-market,borrow,SP1MZ5N6YCQ5BFHK4N9NFGXG2K4N53BQ0MFXAKAC1,2026-09-13T02:15:47Z,38,120,82,success,(ok true),ok,
2026-09-13T02:21:31Z,8977646,0xa1613377c0e5552d061974792d8460a64809797be64bbc25bab70661b5b18815,zest-v2,SP1A27KFY4XERQCCRCARCYD1CC5N7M6688BSYADJ7.v0-8-market,supply-collateral-add,SP1MZ5N6YCQ5BFHK4N9NFGXG2K4N53BQ0MFXAKAC1,2026-09-13T02:21:21Z,10,120,110,success,(ok u108632724645),ok,
2026-09-13T02:22:02Z,8977649,0xad88e7f781e765b3bd87de9438f3f71f0f0d356a4a2dd4a8eb01fdf872f23a0b,zest-v2,SP1A27KFY4XERQCCRCARCYD1CC5N7M6688BSYADJ7.v0-8-market,borrow,SP1MZ5N6YCQ5BFHK4N9NFGXG2K4N53BQ0MFXAKAC1,2026-09-13T02:21:50Z,12,120,108,success,(ok true),ok,
2026-09-13T02:24:28Z,8977657,0x81cf65ea57f81b2a652cbce69334a7e95a79bdf5f24a907fea71e934b3bc8f7f,zest-v2,SP1A27KFY4XERQCCRCARCYD1CC5N7M6688BSYADJ7.v0-8-market,supply-collateral-add,SP1MZ5N6YCQ5BFHK4N9NFGXG2K4N53BQ0MFXAKAC1,2026-09-13T02:24:07Z,21,120,99,success,(ok u158011221508),ok,
2026-09-13T02:25:38Z,8977662,0x7beafbe584c0bfa997a70c08341385acb4c0ddff2748f734496adf9febec8fc7,zest-v2,SP1A27KFY4XERQCCRCARCYD1CC5N7M6688BSYADJ7.v0-8-market,borrow,SP1MZ5N6YCQ5BFHK4N9NFGXG2K4N53BQ0MFXAKAC1,2026-09-13T02:25:17Z,21,120,99,abort_by_post_condition,(err u400005),revert:non-oracle,
2026-09-13T02:26:25Z,8977665,0x06af875bc0bff269732583d165fdb204cdb7177786077834c9ca07dff574d582,zest-v2,SP1A27KFY4XERQCCRCARCYD1CC5N7M6688BSYADJ7.v0-8-market,borrow,SP1MZ5N6YCQ5BFHK4N9NFGXG2K4N53BQ0MFXAKAC1,2026-09-13T02:25:59Z,26,120,94,success,(ok true),ok,
2026-09-13T02:48:45Z,8977770,0x868786b7bdd195ceeae5d4c3cce3d4fc4b5354e9523f853811fcd209fc62cb64,zest-v2,SP1A27KFY4XERQCCRCARCYD1CC5N7M6688BSYADJ7.v0-8-market,collateral-remove-redeem,SP3A7MGAH0SKC1ACS854PHXHVWE031FYQCBA8M51D,2026-09-13T02:48:13Z,32,120,88,success,(ok u150000238447),ok,
2026-09-13T02:51:09Z,8977783,0x9225e93504f16984123d562b501d33c18f7faa2694057784fd335ba89f3419f6,zest-v2,SP1A27KFY4XERQCCRCARCYD1CC5N7M6688BSYADJ7.v0-8-market,borrow,SP186AJ38C3F3W3MN2BH989GJGZ5MAVTC5MPSC86E,2026-09-13T02:50:37Z,32,120,88,success,(ok true),ok,
2026-09-13T03:31:58Z,8977996,0x51fbe145dd0ead1b9f61ad05c9a0f3314f745cbd3b33f625cd69a630a2b032fe,zest-v2,SP1A27KFY4XERQCCRCARCYD1CC5N7M6688BSYADJ7.v0-8-market,supply-collateral-add,SP2JKYBD7EG4EGZADC6DTJ9Y86KAVFB0NQHTQY1EB,2026-09-13T03:31:51Z,7,120,113,success,(ok u17000000),ok,
2026-09-13T03:32:53Z,8978001,0x1d59cde3602d0e219a48a339e275d52397ddb662ba706db9e6337f88ee2a45e9,zest-v2,SP1A27KFY4XERQCCRCARCYD1CC5N7M6688BSYADJ7.v0-8-market,collateral-remove,SP2JKYBD7EG4EGZADC6DTJ9Y86KAVFB0NQHTQY1EB,2026-09-13T03:32:38Z,15,120,105,success,(ok u0),ok,
2026-09-13T04:16:06Z,8978246,0xdd1470084b3fb6335189ad8cdabcf97f201849be887f7d98c7726c83c4a9babf,zest-v2,SP1A27KFY4XERQCCRCARCYD1CC5N7M6688BSYADJ7.v0-8-market,borrow,SP24H94V7S19VBC7KFT2K8GAPENV4H1F6B0VFM7MC,2026-09-13T04:15:43Z,23,120,97,success,(ok true),ok,
2026-09-13T04:21:43Z,8978268,0xc6e0e69d3d8316ff73a26ded2cd6287172e512968fc407ff658a49acb521e8f5,zest-v2,SP1A27KFY4XERQCCRCARCYD1CC5N7M6688BSYADJ7.v0-8-market,supply-collateral-add,SP24H94V7S19VBC7KFT2K8GAPENV4H1F6B0VFM7MC,2026-09-13T04:21:29Z,14,120,106,success,(ok u14429549150),ok,
2026-09-13T05:18:22Z,8978511,0x463c5ff36bab60935bad2b59c4fc28975fcf2d27b497d3523e6f885f18f3f7e6,zest-v2,SP1A27KFY4XERQCCRCARCYD1CC5N7M6688BSYADJ7.v0-8-market,collateral-remove-redeem,SP24H94V7S19VBC7KFT2K8GAPENV4H1F6B0VFM7MC,2026-09-13T05:17:43Z,39,120,81,success,(ok u5952004252),ok,
2026-09-13T06:47:42Z,8978845,0x81295fdcb3cb0fdc7e3498d7cc00eadd504bc338e4575dc828c1d48bfaeb2841,zest-v2,SP1A27KFY4XERQCCRCARCYD1CC5N7M6688BSYADJ7.v0-8-market,borrow,SPCE87V29VDPEAS925YMV2VG3CMBHY0BXKB08NA4,2026-09-13T06:47:24Z,18,120,102,success,(ok true),ok,
2026-09-13T06:54:07Z,8978866,0xbacf7600a53ebcef48619ea799bd02acc46d0e8972f40ccf2db8d5ed8f4578da,zest-v2,SP1A27KFY4XERQCCRCARCYD1CC5N7M6688BSYADJ7.v0-8-market,collateral-remove-redeem,SP3KPRN53ZGD45B3WRTDMZZEHBJSFQ8AKN9RE6FKS,2026-09-13T06:53:51Z,16,120,104,success,(ok u15000001791),ok,
2026-09-13T07:01:12Z,8978888,0xe5e52db612a7d918272f4e6e6cd0c02b3d02963fa987fa67dd4374810a755843,zest-v2,SP1A27KFY4XERQCCRCARCYD1CC5N7M6688BSYADJ7.v0-8-market,borrow,SP3KPRN53ZGD45B3WRTDMZZEHBJSFQ8AKN9RE6FKS,2026-09-13T07:00:43Z,29,120,91,success,(ok true),ok,
2026-09-13T07:21:07Z,8978946,0x548ff69f210c97a4f261e371fd5de6f57f363b2e483dbb6a32d71c6c3af56640,zest-v2,SP1A27KFY4XERQCCRCARCYD1CC5N7M6688BSYADJ7.v0-8-market,collateral-remove-redeem,SP1MZ5N6YCQ5BFHK4N9NFGXG2K4N53BQ0MFXAKAC1,2026-09-13T07:20:42Z,25,120,95,success,(ok u69619091050),ok,
2026-09-13T07:43:46Z,8979011,0xc8e5b1076f9acc28d535268079c92e703add04c5f7ce4555bd7c6ef8dba5f73e,zest-v2,SP1A27KFY4XERQCCRCARCYD1CC5N7M6688BSYADJ7.v0-8-market,collateral-remove-redeem,SP1MZ5N6YCQ5BFHK4N9NFGXG2K4N53BQ0MFXAKAC1,2026-09-13T07:43:26Z,20,120,100,success,(ok u90383232377),ok,
2026-09-13T08:20:03Z,8979134,0xbb8fc9993fdab9b42f088c561cb0f6d6c656d693d00f372f54d57c5cc35b129a,zest-v2,SP1A27KFY4XERQCCRCARCYD1CC5N7M6688BSYADJ7.v0-8-market,supply-collateral-add,SP2DV7QK4N1C79XVA9QMJ4WD3SHFJX7YBMDDWMZNE,2026-09-13T08:19:44Z,19,120,101,success,(ok u187413288),ok,
2026-09-13T08:42:56Z,8979211,0xe43a1e68a471ffe1621ce2972d0dbf214cee8a3836c7792c3716e297a236be26,zest-v2,SP1A27KFY4XERQCCRCARCYD1CC5N7M6688BSYADJ7.v0-8-market,supply-collateral-add,SP3A7MGAH0SKC1ACS854PHXHVWE031FYQCBA8M51D,2026-09-13T08:42:25Z,31,120,89,success,(ok u49883286830),ok,
2026-09-13T08:44:02Z,8979215,0x2b730f6c96d36cede942a9b063ca08fc2a2e7394e61dd6cdf8b99672552a9587,zest-v2,SP1A27KFY4XERQCCRCARCYD1CC5N7M6688BSYADJ7.v0-8-market,borrow,SP3A7MGAH0SKC1ACS854PHXHVWE031FYQCBA8M51D,2026-09-13T08:43:53Z,9,120,111,success,(ok true),ok,
2026-09-13T10:44:56Z,8979775,0xf1345d4a17cfc44e488cb191693691464a23af0f97e3cfca405a2ca73094f0c4,zest-v2,SP1A27KFY4XERQCCRCARCYD1CC5N7M6688BSYADJ7.v0-8-market,supply-collateral-add,SP379QM3CHY64YERK62MFYBDWVAX16RP3GA9KG7J6,2026-09-13T10:44:47Z,9,120,111,success,(ok u518367601),ok,
2026-09-13T10:46:13Z,8979782,0xa3d5d5e0910885c2d5c8f9e150972e58fc42b1acddd60d71d4fa5965e56be3f9,zest-v2,SP1A27KFY4XERQCCRCARCYD1CC5N7M6688BSYADJ7.v0-8-market,borrow,SP379QM3CHY64YERK62MFYBDWVAX16RP3GA9KG7J6,2026-09-13T10:46:06Z,7,120,113,success,(ok true),ok,
2026-09-13T11:01:05Z,8979881,0x7e87023f793fa40fad2c419f160beb640e3448b0979a0a9f5433e857777b8c08,zest-v1,SP2VCQJGH7PHP2DJK7Z0V48AGBHQAW3R3ZW1QF4N.borrow-helper-v2-1-8,liquidation-call,SPP6CG3E4VKDGC1NW7AQMMHCD6053152X9DNT12C,2026-09-13T11:00:59Z,6,360,354,abort_by_response,(err u90000),revert:non-oracle,
2026-09-13T11:10:50Z,8979944,0x31687b8bfa7d4297757d054f8120a24a0a8d52b950f30512670081c893ac68bd,zest-v2,SP1A27KFY4XERQCCRCARCYD1CC5N7M6688BSYADJ7.v0-8-market,borrow,SP3KPRN53ZGD45B3WRTDMZZEHBJSFQ8AKN9RE6FKS,2026-09-13T11:10:31Z,19,120,101,success,(ok true),ok,
2026-09-13T11:14:22Z,8979965,0xaa9db08c6c3016e6a18e6168dbe539580644690536ee0465e37200fff41eb5f1,zest-v1,SP2VCQJGH7PHP2DJK7Z0V48AGBHQAW3R3ZW1QF4N.borrow-helper-v2-1-8,liquidation-call,SPP6CG3E4VKDGC1NW7AQMMHCD6053152X9DNT12C,2026-09-13T11:13:58Z,24,360,336,abort_by_response,(err u90000),revert:non-oracle,
2026-09-13T11:16:35Z,8979977,0x3cd6804881b3da7644d925a0e592340a426b82656862d59d4528350f2227a713,zest-v2,SP1A27KFY4XERQCCRCARCYD1CC5N7M6688BSYADJ7.v0-8-market,borrow,SPCE87V29VDPEAS925YMV2VG3CMBHY0BXKB08NA4,2026-09-13T11:16:28Z,7,120,113,success,(ok true),ok,
2026-09-13T11:20:48Z,8980002,0xa6945ac19ad2553826c309e02df2037f6b4de708b0b76204d9f14fe611b8ed2f,zest-v2,SP1A27KFY4XERQCCRCARCYD1CC5N7M6688BSYADJ7.v0-8-market,borrow,SPCE87V29VDPEAS925YMV2VG3CMBHY0BXKB08NA4,2026-09-13T11:20:33Z,15,120,105,success,(ok true),ok,
2026-09-13T12:11:20Z,8980302,0xa379402863a2a0d389d29535972c0a06387664fbf3d87b35755691ee00e22ab6,zest-v2,SP1A27KFY4XERQCCRCARCYD1CC5N7M6688BSYADJ7.v0-8-market,borrow,SP3D0ZDN3E8M33MY88REE1NQQR7H6ZQWEYKQ3JP1V,2026-09-13T12:11:09Z,11,120,109,success,(ok true),ok,
2026-09-13T12:14:31Z,8980319,0x6864a602bdf56df9a5920e885d57c44d0bfe4a56c6ae240f3957a91757450e9f,zest-v2,SP1A27KFY4XERQCCRCARCYD1CC5N7M6688BSYADJ7.v0-8-market,borrow,SP3D0ZDN3E8M33MY88REE1NQQR7H6ZQWEYKQ3JP1V,2026-09-13T12:14:18Z,13,120,107,success,(ok true),ok,
2026-09-13T12:20:59Z,8980356,0xbd2325210b1bb2092035126280f4f9c0f56461178f8ad3f838f0e818e26acc55,zest-v1,SP2VCQJGH7PHP2DJK7Z0V48AGBHQAW3R3ZW1QF4N.borrow-helper-v2-1-8,liquidation-call,SPP6CG3E4VKDGC1NW7AQMMHCD6053152X9DNT12C,2026-09-13T12:20:36Z,23,360,337,abort_by_response,(err u90000),revert:non-oracle,
2026-09-13T16:02:13Z,8981604,0x8ced8f9fbe48a83b1fbc0d38f2e4bfca320247041b5188dd95f294fc7499fef5,zest-v2,SP1A27KFY4XERQCCRCARCYD1CC5N7M6688BSYADJ7.v0-8-market,supply-collateral-add,SP3PKRBPR9JVA3C4DB1X6AB8BPWWMZFK158GC7RA1,2026-09-13T16:02:01Z,12,120,108,success,(ok u4494588574),ok,
2026-09-13T16:13:08Z,8981665,0x1ddb3408d657a1fc7d8d2383a4ed72f47587f20e5b71cd9db98c9f3c85312fab,zest-v2,SP1A27KFY4XERQCCRCARCYD1CC5N7M6688BSYADJ7.v0-8-market,collateral-remove-redeem,SP3A7MGAH0SKC1ACS854PHXHVWE031FYQCBA8M51D,2026-09-13T16:12:45Z,23,120,97,success,(ok u50000342529),ok,
2026-09-13T16:40:57Z,8981809,0xcfd28be7428f776b57c7b58dae196a13dde817c978bcddedd889c33b3097629f,zest-v2,SP1A27KFY4XERQCCRCARCYD1CC5N7M6688BSYADJ7.v0-8-market,supply-collateral-add,SP3T0QFP76A4GP8NKWKSCDE70N5JM89CHVJKP0ZH,2026-09-13T16:40:40Z,17,120,103,success,(ok u10703795567),ok,
2026-09-13T17:02:24Z,8981946,0x71fb3bb1c220a58f4702c020f32fcc585569d0ca0e9366c487c1aa0f48712233,zest-v2,SP1A27KFY4XERQCCRCARCYD1CC5N7M6688BSYADJ7.v0-8-market,borrow,SP2CCCQP1WN3FG67K3V4S85JG9SRZN2KKRJ3M3GNG,2026-09-13T17:01:13Z,71,120,49,success,(ok true),ok,
2026-09-13T17:12:10Z,8982000,0xc0e4f41b4348558f77aa205f6002a2676372accd8b9c6e55b2e861e3e64f6167,zest-v2,SP1A27KFY4XERQCCRCARCYD1CC5N7M6688BSYADJ7.v0-8-market,borrow,SP2CCCQP1WN3FG67K3V4S85JG9SRZN2KKRJ3M3GNG,2026-09-13T17:11:43Z,27,120,93,success,(ok true),ok,
2026-09-13T17:58:36Z,8982196,0xb90fa2526f0c986a77c5e7baf757ce84dfb47772026451c0a5fb63fef1850fc5,zest-v2,SP1A27KFY4XERQCCRCARCYD1CC5N7M6688BSYADJ7.v0-8-market,supply-collateral-add,SP1VA6890RJFTVKV9BVXR16Z19DX2EAC3MB8GXX3D,2026-09-13T17:58:24Z,12,120,108,success,(ok u7903618781),ok,
2026-09-13T18:48:30Z,8982451,0xc6abc5f6010af2bc4592bc80e93b94402837f619b5cf04ae7145c4a965ebd970,zest-v2,SP1A27KFY4XERQCCRCARCYD1CC5N7M6688BSYADJ7.v0-8-market,supply-collateral-add,SP34M22KZDV4TYQZEAM10XC96TZR1G5W75FRHG3KA,2026-09-13T18:48:14Z,16,120,104,success,(ok u19182413946),ok,
2026-09-13T19:00:53Z,8982502,0x47c46066856dd25dba554caea3c2c26a160a19ce63e03979dff406d7b0f62c4c,zest-v1,SP2VCQJGH7PHP2DJK7Z0V48AGBHQAW3R3ZW1QF4N.borrow-helper-v2-1-8,liquidation-call,SPP6CG3E4VKDGC1NW7AQMMHCD6053152X9DNT12C,2026-09-13T19:00:11Z,42,360,318,abort_by_response,(err u90000),revert:non-oracle,
2026-09-13T21:31:48Z,8983209,0xf9e288467e32a274e19ff15403fb263c1d90326eae2dbed3b9e326d0ef7726fb,zest-v2,SP1A27KFY4XERQCCRCARCYD1CC5N7M6688BSYADJ7.v0-8-market,supply-collateral-add,SP3A7MGAH0SKC1ACS854PHXHVWE031FYQCBA8M51D,2026-09-13T21:31:38Z,10,120,110,success,(ok u49882699898),ok,
2026-09-13T21:32:22Z,8983212,0x02ed582a2f69077896091dae9bc2959354c3d9b382fc4c2275a0c06d471f8a3c,zest-v2,SP1A27KFY4XERQCCRCARCYD1CC5N7M6688BSYADJ7.v0-8-market,borrow,SP3A7MGAH0SKC1ACS854PHXHVWE031FYQCBA8M51D,2026-09-13T21:32:12Z,10,120,110,success,(ok true),ok,
2026-09-13T22:03:39Z,8983332,0x91804bca5eea3f5a750b5b92e996bc5e75b786fc6605ce897d8b5278ac557961,zest-v2,SP1A27KFY4XERQCCRCARCYD1CC5N7M6688BSYADJ7.v0-8-market,collateral-remove-redeem,SPH40Y15AE69ESTBVV36VX3SKS7DZT111ST4SAAS,2026-09-13T22:03:33Z,6,120,114,success,(ok u90093),ok,
2026-09-14T00:54:42Z,8984279,0xd1fd30552ab3c4c9124e0d22d8d127ead02d1f2a5d5ece71ebe5a6942d3b0196,zest-v2,SP1A27KFY4XERQCCRCARCYD1CC5N7M6688BSYADJ7.v0-8-market,collateral-remove-redeem,SP3KPRN53ZGD45B3WRTDMZZEHBJSFQ8AKN9RE6FKS,2026-09-14T00:54:21Z,21,120,99,success,(ok u50000028072),ok,
2026-09-14T01:01:39Z,8984322,0xe9a078b42f7de9cbbab0e05ecf928bc7e3d849f73d6ea64cfa9bc373de19a288,zest-v2,SP1A27KFY4XERQCCRCARCYD1CC5N7M6688BSYADJ7.v0-8-market,borrow,SP3KPRN53ZGD45B3WRTDMZZEHBJSFQ8AKN9RE6FKS,2026-09-14T01:01:27Z,12,120,108,success,(ok true),ok,
2026-09-14T02:20:09Z,8984744,0x6316fa8333216c9c219dfc6d61299a2ba41f4a5066d354510820f151dfe67c07,zest-v2,SP1A27KFY4XERQCCRCARCYD1CC5N7M6688BSYADJ7.v0-8-market,collateral-remove-redeem,SP3A7MGAH0SKC1ACS854PHXHVWE031FYQCBA8M51D,2026-09-14T02:20:03Z,6,120,114,success,(ok u50000220911),ok,
2026-09-14T02:35:47Z,8984842,0x540048099e5961c7a643c3be46caa21e7d1e62608a497e6a36f5337d9f3d6931,zest-v2,SP1A27KFY4XERQCCRCARCYD1CC5N7M6688BSYADJ7.v0-8-market,supply-collateral-add,SP1VA6890RJFTVKV9BVXR16Z19DX2EAC3MB8GXX3D,2026-09-14T02:35:36Z,11,120,109,success,(ok u8891118299),ok,
2026-09-14T03:39:16Z,8985191,0x9fc4a6c8bab58a3d0b651da886641cc84f44c8f1030a198cdd4d8222dd8b2643,zest-v2,SP1A27KFY4XERQCCRCARCYD1CC5N7M6688BSYADJ7.v0-8-market,supply-collateral-add,SP2ZM1KNQNS96RM1MAJTZV7WE7F38GFGRND4E80DW,2026-09-14T03:38:49Z,27,120,93,success,(ok u156171533),ok,
2026-09-14T03:41:40Z,8985202,0xcbbcd18d99212d7057f89ec122fd6805314385b937e1cfa8134cb5c2fe9e97e6,zest-v2,SP1A27KFY4XERQCCRCARCYD1CC5N7M6688BSYADJ7.v0-8-market,supply-collateral-add,SP2ZM1KNQNS96RM1MAJTZV7WE7F38GFGRND4E80DW,2026-09-14T03:41:21Z,19,120,101,success,(ok u156175953),ok,
2026-09-14T04:48:13Z,8985542,0x2363215605c9ac612d85bb83c6f02dbfc0658ba4258c070dcde16e15d03f5616,zest-v2,SP1A27KFY4XERQCCRCARCYD1CC5N7M6688BSYADJ7.v0-8-market,borrow,SP34M22KZDV4TYQZEAM10XC96TZR1G5W75FRHG3KA,2026-09-14T04:47:52Z,21,120,99,success,(ok true),ok,
2026-09-14T04:48:54Z,8985547,0xc76767c972ac32db6571eec622feba5908a9384da38cf373b2555e7a1fef4457,zest-v2,SP1A27KFY4XERQCCRCARCYD1CC5N7M6688BSYADJ7.v0-8-market,borrow,SP34M22KZDV4TYQZEAM10XC96TZR1G5W75FRHG3KA,2026-09-14T04:48:42Z,12,120,108,success,(ok true),ok,
2026-09-14T04:49:44Z,8985552,0xfd6197698960f1f32dda5bb0d868947621235290025e51ec54153b082ad18d7e,zest-v2,SP1A27KFY4XERQCCRCARCYD1CC5N7M6688BSYADJ7.v0-8-market,borrow,SP34M22KZDV4TYQZEAM10XC96TZR1G5W75FRHG3KA,2026-09-14T04:49:30Z,14,120,106,success,(ok true),ok,
2026-09-14T04:51:20Z,8985562,0xd5bb7ba0332fc93d328b3150a9d03284a0a6493f2bed00737f1a544481df11fb,zest-v2,SP1A27KFY4XERQCCRCARCYD1CC5N7M6688BSYADJ7.v0-8-market,supply-collateral-add,SP34M22KZDV4TYQZEAM10XC96TZR1G5W75FRHG3KA,2026-09-14T04:51:13Z,7,120,113,success,(ok u19931295175),ok,
2026-09-14T05:07:29Z,8985673,0x58852c43f73846a054b3052c0f05539b51558f6a825fa0291e8445f78560108a,zest-v2,SP1A27KFY4XERQCCRCARCYD1CC5N7M6688BSYADJ7.v0-8-market,supply-collateral-add,SP3ZNGTHP8ZQQ4ETZT1BH9DWMPYF0Z10RX8BSWQN2,2026-09-14T05:07:02Z,27,120,93,success,(ok u459269560),ok,
2026-09-14T05:34:55Z,8985838,0x7d5a474787f3c0a76fcaed5d02c99e169fa6dd054981862854f733498a589712,zest-v2,SP1A27KFY4XERQCCRCARCYD1CC5N7M6688BSYADJ7.v0-8-market,borrow,SP3ZNGTHP8ZQQ4ETZT1BH9DWMPYF0Z10RX8BSWQN2,2026-09-14T05:34:43Z,12,120,108,success,(ok true),ok,
2026-09-14T05:35:35Z,8985841,0x3f83655bec053ca3c0a6a9616d22d1f86135ed509c4b5687fe130d8b156494af,zest-v2,SP1A27KFY4XERQCCRCARCYD1CC5N7M6688BSYADJ7.v0-8-market,supply-collateral-add,SP3ZNGTHP8ZQQ4ETZT1BH9DWMPYF0Z10RX8BSWQN2,2026-09-14T05:35:24Z,11,120,109,success,(ok u485252420),ok,
2026-09-14T07:25:25Z,8986438,0x404521cdbdeef85643c8b617334ed15036f4e61d123d17c3f7a39cc0ff07fb1e,zest-v2,SP1A27KFY4XERQCCRCARCYD1CC5N7M6688BSYADJ7.v0-8-market,supply-collateral-add,SP3A7MGAH0SKC1ACS854PHXHVWE031FYQCBA8M51D,2026-09-14T07:25:12Z,13,120,107,success,(ok u39905794305),ok,
2026-09-14T07:26:00Z,8986441,0xf0072cc4d64d11382b8ba47a25e1583cde4065802f7b4285e68b8fb5b80d0967,zest-v2,SP1A27KFY4XERQCCRCARCYD1CC5N7M6688BSYADJ7.v0-8-market,borrow,SP3A7MGAH0SKC1ACS854PHXHVWE031FYQCBA8M51D,2026-09-14T07:25:52Z,8,120,112,success,(ok true),ok,
2026-09-14T09:56:52Z,8987145,0x4c2aee750e7f51bb2441b9f2b59670f4acdbeab1d2c0f587f3ab6ea34092702e,zest-v2,SP1A27KFY4XERQCCRCARCYD1CC5N7M6688BSYADJ7.v0-8-market,collateral-remove-redeem,SP3A7MGAH0SKC1ACS854PHXHVWE031FYQCBA8M51D,2026-09-14T09:56:43Z,9,120,111,success,(ok u40000093428),ok,
2026-09-14T10:47:39Z,8987392,0x70ab6af6f2a648e4a29d8e976aabe7240d3e3e7c6e73c95e9d0ccc5d6d49bb95,zest-v2,SP1A27KFY4XERQCCRCARCYD1CC5N7M6688BSYADJ7.v0-8-market,supply-collateral-add,SP1P6YHX7YKEGHVZ4CQRV3D78RP3FZ9MM9XC5Q8GG,2026-09-14T10:47:22Z,17,120,103,success,(ok u1440),ok,
2026-09-14T10:48:48Z,8987399,0x20c649a1957e74a673cae92976e3e1b99e099c9e048c205fa1eb7084baf628ba,zest-v2,SP1A27KFY4XERQCCRCARCYD1CC5N7M6688BSYADJ7.v0-8-market,collateral-remove,SP1P6YHX7YKEGHVZ4CQRV3D78RP3FZ9MM9XC5Q8GG,2026-09-14T10:48:27Z,21,120,99,success,(ok u0),ok,
2026-09-14T12:14:03Z,8987875,0x805e61f993333077574307a2a792fe38c6a0a7f4f493d52509299e50ad85be7d,zest-v2,SP1A27KFY4XERQCCRCARCYD1CC5N7M6688BSYADJ7.v0-8-market,supply-collateral-add,SP2ZM1KNQNS96RM1MAJTZV7WE7F38GFGRND4E80DW,2026-09-14T12:13:46Z,17,120,103,success,(ok u156368727),ok,
2026-09-14T12:17:45Z,8987899,0x6dd2d7cf59e5949aa9269e183fac9f5fb9adf530f483e7bb37c6e38c17126957,zest-v2,SP1A27KFY4XERQCCRCARCYD1CC5N7M6688BSYADJ7.v0-8-market,borrow,SP2ZM1KNQNS96RM1MAJTZV7WE7F38GFGRND4E80DW,2026-09-14T12:17:21Z,24,120,96,success,(ok true),ok,
2026-09-14T12:18:40Z,8987905,0xdf6f5fc68bfcc0a921b1851812ec6e6b38416e45856b41200171b405f80e4719,zest-v2,SP1A27KFY4XERQCCRCARCYD1CC5N7M6688BSYADJ7.v0-8-market,supply-collateral-add,SP2ZM1KNQNS96RM1MAJTZV7WE7F38GFGRND4E80DW,2026-09-14T12:18:20Z,20,120,100,success,(ok u156373176),ok,
2026-09-14T12:29:54Z,8987960,0x0af7a63a9b02582dc8170bc4a43329fd11f2a85125481d0fe713513f14c5423c,zest-v2,SP1A27KFY4XERQCCRCARCYD1CC5N7M6688BSYADJ7.v0-8-market,supply-collateral-add,SP2ZM1KNQNS96RM1MAJTZV7WE7F38GFGRND4E80DW,2026-09-14T12:29:20Z,34,120,86,success,(ok u156413008),ok,
2026-09-14T12:38:45Z,8988006,0xa0867cc9b7c765169d5bb7dff753fb5dbb887c502d1a9d048a64319993135f02,zest-v2,SP1A27KFY4XERQCCRCARCYD1CC5N7M6688BSYADJ7.v0-8-market,supply-collateral-add,SP2ZM1KNQNS96RM1MAJTZV7WE7F38GFGRND4E80DW,2026-09-14T12:38:04Z,41,120,79,success,(ok u156476942),ok,
2026-09-14T12:48:58Z,8988049,0x8ecf415b67d51349ba0064723011af99bfe70af64cfa348b1ee43acb8ce991b0,zest-v2,SP1A27KFY4XERQCCRCARCYD1CC5N7M6688BSYADJ7.v0-8-market,supply-collateral-add,SP2ZM1KNQNS96RM1MAJTZV7WE7F38GFGRND4E80DW,2026-09-14T12:48:34Z,24,120,96,success,(ok u156508908),ok,
2026-09-14T12:57:35Z,8988087,0x433fb4c80d487896966e97ff2f7d68550c179908a5c8d31183b17a0ebf5ffdb5,zest-v2,SP1A27KFY4XERQCCRCARCYD1CC5N7M6688BSYADJ7.v0-8-market,borrow,SPVPAQ35P35JZYQA11A0E5DPY62E7P3HX0GA2RPH,2026-09-14T12:57:13Z,22,120,98,success,(ok true),ok,
2026-09-14T13:04:46Z,8988116,0x07e8e87cc8ab6d186e58d4cf9cff698a45fbcd18ba4319ea3fdff7342f8d9160,zest-v2,SP1A27KFY4XERQCCRCARCYD1CC5N7M6688BSYADJ7.v0-8-market,borrow,SP1MX7J2TYR250GAYRF7M9927EEM16H52GX72PRPV,2026-09-14T13:04:09Z,37,120,83,success,(ok true),ok,
2026-09-14T13:17:44Z,8988184,0x272d8954230b108f38a2ee7b5635506d3fedd6d86fe654d1ade1bd4ae1f10691,granite-usdcx,SP3M2BYF7RGF8WKW5FVDNJ6WR8D7AR9BHDXAKPXZE.state-v1,remove-collateral,SP33HRNWBTQK9GEPQN7G4SD9D7RCNGAQZDM53EHX4,2026-09-14T13:16:31Z,73,300,227,success,(ok true),ok,
2026-09-14T13:18:25Z,8988188,0x8c2022a4b46dd8e2c216e65b016b1f4f69b01148a51d076d6ca7206988a6c5ff,granite-usdcx,SP3M2BYF7RGF8WKW5FVDNJ6WR8D7AR9BHDXAKPXZE.state-v1,remove-collateral,SP33HRNWBTQK9GEPQN7G4SD9D7RCNGAQZDM53EHX4,2026-09-14T13:16:31Z,114,300,186,success,(ok true),ok,
2026-09-14T13:19:23Z,8988194,0x3e3b6200bfd5fb84bad48ed6b5b0d5ea506a19a0da7617ed2f0db7d8c876c2af,granite-usdcx,SP3M2BYF7RGF8WKW5FVDNJ6WR8D7AR9BHDXAKPXZE.state-v1,remove-collateral,SP33HRNWBTQK9GEPQN7G4SD9D7RCNGAQZDM53EHX4,2026-09-14T13:18:26Z,57,300,243,success,(ok true),ok,
2026-09-14T13:32:38Z,8988277,0xec6439650781713c81e445ef8ed842fe0efc8b09ddc6ae6f2831959da06e8f87,zest-v2,SP1A27KFY4XERQCCRCARCYD1CC5N7M6688BSYADJ7.v0-8-market,borrow,SP39DC776TVRWSPSXNXCCM80APY6EBV4J1Y3HAZYJ,2026-09-14T13:31:58Z,40,120,80,success,(ok true),ok,
2026-09-14T13:38:08Z,8988304,0x5ab62fcfd2083f2e8293701801e7e013c6809cb250b33ef37c28849b1297752a,zest-v2,SP1A27KFY4XERQCCRCARCYD1CC5N7M6688BSYADJ7.v0-8-market,supply-collateral-add,SPCE87V29VDPEAS925YMV2VG3CMBHY0BXKB08NA4,2026-09-14T13:37:38Z,30,120,90,success,(ok u86442528),ok,
2026-09-14T13:43:58Z,8988332,0x77e47e6e9d574a6d2e54649f380413a4ef50883bb9be963db981ead4cfa9e2f5,zest-v2,SP1A27KFY4XERQCCRCARCYD1CC5N7M6688BSYADJ7.v0-8-market,borrow,SP39DC776TVRWSPSXNXCCM80APY6EBV4J1Y3HAZYJ,2026-09-14T13:41:37Z,141,120,-21,abort_by_post_condition,(err u400015),oracle-revert:stale,"ERR-ORACLE-MULTI (stale, monotonic race, confidence)"
2026-09-14T13:45:43Z,8988341,0xa031aae24ed90ed0a5699a5e292765533edf55eb569d6524338b55fde00bbf41,zest-v2,SP1A27KFY4XERQCCRCARCYD1CC5N7M6688BSYADJ7.v0-8-market,supply-collateral-add,SP2ZM1KNQNS96RM1MAJTZV7WE7F38GFGRND4E80DW,2026-09-14T13:45:23Z,20,120,100,success,(ok u156549210),ok,
2026-09-14T13:52:57Z,8988379,0x13668eecfc3ccd435f0dfe24c89c28a6a1204d00859a83b60d07b579029e49df,zest-v2,SP1A27KFY4XERQCCRCARCYD1CC5N7M6688BSYADJ7.v0-8-market,borrow,SP2CCCQP1WN3FG67K3V4S85JG9SRZN2KKRJ3M3GNG,2026-09-14T13:52:17Z,40,120,80,success,(ok true),ok,
2026-09-14T13:54:01Z,8988386,0x54e931d95e2c1dd562bfae81e8ff5fffa8bb582296ed8efa29e826dfcf7f6913,zest-v2,SP1A27KFY4XERQCCRCARCYD1CC5N7M6688BSYADJ7.v0-8-market,supply-collateral-add,SP2ZM1KNQNS96RM1MAJTZV7WE7F38GFGRND4E80DW,2026-09-14T13:53:37Z,24,120,96,success,(ok u156644420),ok,
2026-09-14T13:57:16Z,8988406,0xbd82e74f301e761adc298f63afd91be9bf4cfd0c7300fc6dcf275932b93dcb64,zest-v2,SP1A27KFY4XERQCCRCARCYD1CC5N7M6688BSYADJ7.v0-8-market,supply-collateral-add,SP2ZM1KNQNS96RM1MAJTZV7WE7F38GFGRND4E80DW,2026-09-14T13:56:58Z,18,120,102,success,(ok u156733736),ok,
2026-09-14T14:42:55Z,8988633,0x9780f82a72216a725cde8fe804b2a00ef46501007aca1eb8a5b88fb1702c1a26,zest-v2,SP1A27KFY4XERQCCRCARCYD1CC5N7M6688BSYADJ7.v0-8-market,supply-collateral-add,SP2ZM1KNQNS96RM1MAJTZV7WE7F38GFGRND4E80DW,2026-09-14T14:42:31Z,24,120,96,success,(ok u156813801),ok,
2026-09-14T15:27:38Z,8988896,0x774ac69112f3f499d0be0eee0d67dac791b17282e4850bf0d8d9385521b800a9,zest-v2,SP1A27KFY4XERQCCRCARCYD1CC5N7M6688BSYADJ7.v0-8-market,supply-collateral-add,SP3E7ET3HSWV0T16AH87TE46ERKDXQ6QKE0BEBCNX,2026-09-14T15:27:06Z,32,120,88,success,(ok u1717233748),ok,
2026-09-14T15:54:25Z,8989011,0x80dd510cf10f74f55677eeecad5d7205c8252a8c3358da9451061b0eab38a0d7,zest-v2,SP1A27KFY4XERQCCRCARCYD1CC5N7M6688BSYADJ7.v0-8-market,borrow,SPW7YD7KERH17N8900ZVMC2641KEM3N5PQZBPAZM,2026-09-14T15:54:14Z,11,120,109,success,(ok true),ok,
2026-09-14T15:59:25Z,8989035,0x330b6c7292abc3e0562c96e7b07566c1f041db14212753b27fc7e08d6601c97a,zest-v2,SP1A27KFY4XERQCCRCARCYD1CC5N7M6688BSYADJ7.v0-8-market,collateral-remove-redeem,SP3DTQCET0EA44C9BP2HG387YHNW5XPWDV5Q0ZKKG,2026-09-14T15:58:46Z,39,120,81,success,(ok u83117722),ok,
2026-09-14T16:03:17Z,8989050,0x6bebe42476cc427bf788c989e4e1e935240a5b6f140f27af9dd8b9492890b3c1,zest-v2,SP1A27KFY4XERQCCRCARCYD1CC5N7M6688BSYADJ7.v0-8-market,collateral-remove-redeem,SP3DTQCET0EA44C9BP2HG387YHNW5XPWDV5Q0ZKKG,2026-09-14T16:02:59Z,18,120,102,success,(ok u1644650846),ok,
2026-09-14T16:09:37Z,8989089,0x0ddfa6c538fa9d7b49142b4ce698f625ed2324ceabab1597a2e09b3b30e0ddf4,zest-v2,SP1A27KFY4XERQCCRCARCYD1CC5N7M6688BSYADJ7.v0-8-market,supply-collateral-add,SPH2WEH8T6FA73QFE43MAF4G3QY0H5TJ407ERJ6B,2026-09-14T16:09:08Z,29,120,91,success,(ok u3587816),ok,
2026-09-14T16:10:20Z,8989093,0x2c4a2f242b134ee68f3055fcb707daa4e094155d4ba253cf03ed8429d2e4326e,zest-v2,SP1A27KFY4XERQCCRCARCYD1CC5N7M6688BSYADJ7.v0-8-market,borrow,SP2W358G5BQF76DPWV93TPCBTGW9RTP6JCFG92Y2X,2026-09-14T16:10:09Z,11,120,109,success,(ok true),ok,
2026-09-14T16:49:13Z,8989317,0x6bdcbc64f398482d3221a7ae8c7b95403486416beb195e2926b45201261ca312,zest-v2,SP1A27KFY4XERQCCRCARCYD1CC5N7M6688BSYADJ7.v0-8-market,supply-collateral-add,SP2ZM1KNQNS96RM1MAJTZV7WE7F38GFGRND4E80DW,2026-09-14T16:48:54Z,19,120,101,success,(ok u156878400),ok,
2026-09-14T16:54:12Z,8989338,0xb6e88da6b0d56b33ca354f203c49a0d287d7f8eda37e2c27cdc13647f6b64ac3,zest-v2,SP1A27KFY4XERQCCRCARCYD1CC5N7M6688BSYADJ7.v0-8-market,supply-collateral-add,SP2ZM1KNQNS96RM1MAJTZV7WE7F38GFGRND4E80DW,2026-09-14T16:53:55Z,17,120,103,success,(ok u156887481),ok,
2026-09-14T17:29:14Z,8989544,0x24f7afebe4f49268a800085ee40e1286f360c386610717e2fbd121ff73ef236c,zest-v2,SP1A27KFY4XERQCCRCARCYD1CC5N7M6688BSYADJ7.v0-8-market,supply-collateral-add,SP2Z2AQM22D9AZ5YZKZPWYBFWKJ7YGVVWT1C5M66P,2026-09-14T17:28:56Z,18,120,102,success,(ok u98745563),ok,
2026-09-14T17:31:19Z,8989556,0x970b176293072e89a1e05ff19c4dfc3fb05e29fd80ab3aa6aaa79e0138000a4c,zest-v2,SP1A27KFY4XERQCCRCARCYD1CC5N7M6688BSYADJ7.v0-8-market,borrow,SP2Z2AQM22D9AZ5YZKZPWYBFWKJ7YGVVWT1C5M66P,2026-09-14T17:31:00Z,19,120,101,success,(ok true),ok,
2026-09-14T17:32:46Z,8989565,0xc9c28f82d4e96ab33e9d4b8d9b00279c37cebaeb5d973a46f961779f87c7fdae,zest-v2,SP1A27KFY4XERQCCRCARCYD1CC5N7M6688BSYADJ7.v0-8-market,supply-collateral-add,SP2Z2AQM22D9AZ5YZKZPWYBFWKJ7YGVVWT1C5M66P,2026-09-14T17:32:29Z,17,120,103,success,(ok u128369226),ok,
2026-09-14T18:36:26Z,8989910,0x3467ad2c62b8b31d10d27bef103b35dab1b26651cc8b61b9c58f6e93c8292cd6,zest-v2,SP1A27KFY4XERQCCRCARCYD1CC5N7M6688BSYADJ7.v0-8-market,supply-collateral-add,SP2ZM1KNQNS96RM1MAJTZV7WE7F38GFGRND4E80DW,2026-09-14T18:35:55Z,31,120,89,success,(ok u156939115),ok,
2026-09-14T18:39:55Z,8989927,0xb73a29c96a986e1aaea337029d60ec832362c0ab3835f2f9f604ca08fbd1e9aa,zest-v2,SP1A27KFY4XERQCCRCARCYD1CC5N7M6688BSYADJ7.v0-8-market,supply-collateral-add,SP2ZM1KNQNS96RM1MAJTZV7WE7F38GFGRND4E80DW,2026-09-14T18:39:38Z,17,120,103,success,(ok u156995747),ok,
2026-09-14T18:40:30Z,8989930,0xd0750fb2fa65c9486b9a7af73dda66f7ea09b36c9019dbf5e9ff792e75c20590,zest-v2,SP1A27KFY4XERQCCRCARCYD1CC5N7M6688BSYADJ7.v0-8-market,borrow,SP3V8SJ3X3A9922MKFBWK06AK9D81E77H1NTDHNQH,2026-09-14T18:40:19Z,11,120,109,success,(ok true),ok,
2026-09-14T18:55:33Z,8989995,0xa2d01278445b637af7ef2a3c9036b4f926915735d5548ad4640a4687e5b85a18,zest-v2,SP1A27KFY4XERQCCRCARCYD1CC5N7M6688BSYADJ7.v0-8-market,supply-collateral-add,SP2ZM1KNQNS96RM1MAJTZV7WE7F38GFGRND4E80DW,2026-09-14T18:55:12Z,21,120,99,success,(ok u157020063),ok,
2026-09-14T19:01:40Z,8990023,0xa68f083b33bf8ebc2f7db0573d73566d2cb102d6943831259c30501ef4d29b45,zest-v2,SP1A27KFY4XERQCCRCARCYD1CC5N7M6688BSYADJ7.v0-8-market,supply-collateral-add,SP3TGRP71Q5CMXQD0PQTEDMHS2A0JDZ64F6MGHVM7,2026-09-14T19:01:22Z,18,120,102,success,(ok u6176275),ok,
2026-09-14T19:12:08Z,8990065,0x44e0121b145fb8c02ec179b6780ea625fd2a9cb0e78d94fc2ace8f52ca936c45,zest-v2,SP1A27KFY4XERQCCRCARCYD1CC5N7M6688BSYADJ7.v0-8-market,borrow,SP2CCCQP1WN3FG67K3V4S85JG9SRZN2KKRJ3M3GNG,2026-09-14T19:11:34Z,34,120,86,success,(ok true),ok,
2026-09-14T20:38:44Z,8990458,0xb527e4b5d23dab3fc99d94d2e67798cdf624bcd264999a43fd4b21879cb551f8,zest-v2,SP1A27KFY4XERQCCRCARCYD1CC5N7M6688BSYADJ7.v0-8-market,supply-collateral-add,SP1VA6890RJFTVKV9BVXR16Z19DX2EAC3MB8GXX3D,2026-09-14T20:38:10Z,34,120,86,success,(ok u9878564650),ok,
2026-09-14T20:47:29Z,8990501,0x53902bd553b0f9855b2fe721e0ae8642887b8643a04bf01c0d4a7aa8d82c754a,zest-v1,SP2VCQJGH7PHP2DJK7Z0V48AGBHQAW3R3ZW1QF4N.borrow-helper-v2-1-8,withdraw,SP2DH0WAMJ13BGGRDVEVYKDXMDDKXJYX79305GY1K,2026-09-14T20:47:17Z,12,360,348,abort_by_post_condition,(err u30002),revert:non-oracle,
2026-09-14T20:47:29Z,8990501,0x569e5c85c3e7ba08c1fafe013da77ce9e5f09cb0908f2c9f82a9153356d08d76,zest-v1,SP2VCQJGH7PHP2DJK7Z0V48AGBHQAW3R3ZW1QF4N.borrow-helper-v2-1-8,withdraw,SP2DH0WAMJ13BGGRDVEVYKDXMDDKXJYX79305GY1K,2026-09-14T20:47:17Z,12,360,348,success,(ok true),ok,
2026-09-14T21:45:53Z,8990809,0x623b22ce3cad11e0568914425e980bca2b3df4cb2af6483d4d5f2039c77b0647,zest-v2,SP1A27KFY4XERQCCRCARCYD1CC5N7M6688BSYADJ7.v0-8-market,supply-collateral-add,SP2GVZZTHY10XZ24K1PQ3SGD6NYXD0GXZZQ8PSA3B,2026-09-14T21:45:09Z,44,120,76,success,(ok u339040303),ok,
2026-09-14T21:46:57Z,8990812,0x10fdb694e7aef1ab07ccd85c70fdd08e6b445853ad30c072b35794ae575a4a6f,zest-v2,SP1A27KFY4XERQCCRCARCYD1CC5N7M6688BSYADJ7.v0-8-market,supply-collateral-add,SP2ZM1KNQNS96RM1MAJTZV7WE7F38GFGRND4E80DW,2026-09-14T21:46:22Z,35,120,85,success,(ok u157042834),ok,
2026-09-14T21:49:07Z,8990822,0x39a4a257ba2ac0614b22878752f2c3aab61ec2102362402fc76f3f914855a146,zest-v2,SP1A27KFY4XERQCCRCARCYD1CC5N7M6688BSYADJ7.v0-8-market,supply-collateral-add,SP36RBBMH2KTHE9KW799S7FAVSXW3CHP7HRY4H59E,2026-09-14T21:48:45Z,22,120,98,success,(ok u102035),ok,
2026-09-14T21:51:42Z,8990833,0x262d646021485e53ad17d625343f97a39b4d8c8619029503d3f2341993ceed7c,zest-v2,SP1A27KFY4XERQCCRCARCYD1CC5N7M6688BSYADJ7.v0-8-market,collateral-remove,SP36RBBMH2KTHE9KW799S7FAVSXW3CHP7HRY4H59E,2026-09-14T21:51:22Z,20,120,100,success,(ok u0),ok,
2026-09-14T21:52:27Z,8990836,0xfc619c41db68cbeafabf9671758af60bd2e596c17aba457785b2a6df940c3f48,zest-v2,SP1A27KFY4XERQCCRCARCYD1CC5N7M6688BSYADJ7.v0-8-market,collateral-add,SP36RBBMH2KTHE9KW799S7FAVSXW3CHP7HRY4H59E,2026-09-14T21:52:03Z,24,120,96,success,(ok u2265766),ok,
2026-09-14T21:53:58Z,8990843,0x444c38a1b8fe1289888d3e62a05ac58cb99da58ed937e824ca5526d1ce425122,zest-v2,SP1A27KFY4XERQCCRCARCYD1CC5N7M6688BSYADJ7.v0-8-market,borrow,SP36RBBMH2KTHE9KW799S7FAVSXW3CHP7HRY4H59E,2026-09-14T21:53:35Z,23,120,97,success,(ok true),ok,
2026-09-14T22:01:25Z,8990881,0x5a46d018a72b4bedb036ea61550f62d6649c5401cf5b516c68a23c45febf3de4,zest-v2,SP1A27KFY4XERQCCRCARCYD1CC5N7M6688BSYADJ7.v0-8-market,supply-collateral-add,SP2ZM1KNQNS96RM1MAJTZV7WE7F38GFGRND4E80DW,2026-09-14T22:01:07Z,18,120,102,success,(ok u157045899),ok,
2026-09-14T22:43:16Z,8991094,0x52874adb3c65b87742097675429f8d8cae642b0ba57dafc9922f3e132ecdd32e,zest-v2,SP1A27KFY4XERQCCRCARCYD1CC5N7M6688BSYADJ7.v0-8-market,supply-collateral-add,SP2ZM1KNQNS96RM1MAJTZV7WE7F38GFGRND4E80DW,2026-09-14T22:42:43Z,33,120,87,success,(ok u157140553),ok,
2026-09-14T23:07:13Z,8991220,0xe76f0d11c78c22b35574a33fcd16da62c41328ea86effa1a7bb0ba0a06c6b278,zest-v2,SP1A27KFY4XERQCCRCARCYD1CC5N7M6688BSYADJ7.v0-8-market,supply-collateral-add,SP2ZM1KNQNS96RM1MAJTZV7WE7F38GFGRND4E80DW,2026-09-14T23:06:55Z,18,120,102,success,(ok u157149435),ok,
2026-09-14T23:34:07Z,8991404,0x8a473b8c29cfc36db3da908bd51e2f3255619bc23cdb7be02689b4c843c924dd,zest-v2,SP1A27KFY4XERQCCRCARCYD1CC5N7M6688BSYADJ7.v0-8-market,supply-collateral-add,SP3A7MGAH0SKC1ACS854PHXHVWE031FYQCBA8M51D,2026-09-14T23:33:57Z,10,120,110,success,(ok u49881484641),ok,
2026-09-14T23:34:56Z,8991408,0x847299aac4175a6042eeaabe977c5de7e99ac7fa93045ae0d9abdcd246264761,zest-v2,SP1A27KFY4XERQCCRCARCYD1CC5N7M6688BSYADJ7.v0-8-market,borrow,SP3A7MGAH0SKC1ACS854PHXHVWE031FYQCBA8M51D,2026-09-14T23:34:44Z,12,120,108,success,(ok true),ok,
2026-09-15T00:20:37Z,8991621,0x24f597fa1d99838201fa35211206b703c38ae37fe02ad947c3b3650eff706d3e,zest-v2,SP1A27KFY4XERQCCRCARCYD1CC5N7M6688BSYADJ7.v0-8-market,borrow,SP2ZM1KNQNS96RM1MAJTZV7WE7F38GFGRND4E80DW,2026-09-15T00:19:36Z,61,120,59,success,(ok true),ok,
2026-09-15T04:14:23Z,8992877,0x20f12fa48e775937f5e5c32472f92d6d37571226f3d87ba9590d5eb8eb58de45,zest-v2,SP1A27KFY4XERQCCRCARCYD1CC5N7M6688BSYADJ7.v0-8-market,collateral-remove-redeem,SPCE87V29VDPEAS925YMV2VG3CMBHY0BXKB08NA4,2026-09-15T04:14:15Z,8,120,112,success,(ok u3992009),ok,
2026-09-15T06:03:55Z,8993519,0xa260785f8305beab3bc491f6b19d9b45a206787530912db2bb03235e2b9bd96a,zest-v2,SP1A27KFY4XERQCCRCARCYD1CC5N7M6688BSYADJ7.v0-8-market,supply-collateral-add,SP3WAAYXPC6WZNEC7SHGR36D32RJPZVXRR1BG0QSY,2026-09-15T06:03:26Z,29,120,91,success,(ok u40540649650),ok,
2026-09-15T07:24:30Z,8993938,0x8e8802ecbc4215962478cc7c497c198c0158a4f95d17b056bad93685730bbdee,zest-v2,SP1A27KFY4XERQCCRCARCYD1CC5N7M6688BSYADJ7.v0-8-market,supply-collateral-add,SPCNBNZB17NW722M265BRXVDQ20YBEVBM5ZVNTTY,2026-09-15T07:24:08Z,22,120,98,success,(ok u206630),ok,
2026-09-15T07:44:45Z,8994040,0x906fc89103d51fab0a195006eef948c5306562ae452937e2799cefa71e7c2af8,zest-v2,SP1A27KFY4XERQCCRCARCYD1CC5N7M6688BSYADJ7.v0-8-market,supply-collateral-add,SP31VE0CK33ZJ5TD2MTDR03MY25GE4DZEKGWFMB42,2026-09-15T07:44:29Z,16,120,104,success,(ok u9994),ok,
2026-09-15T07:47:24Z,8994055,0xc2353152afc0298fe24941588ccfccdb4d0308db9f1e7e01398c9dbe539254a1,zest-v2,SP1A27KFY4XERQCCRCARCYD1CC5N7M6688BSYADJ7.v0-8-market,borrow,SP31VE0CK33ZJ5TD2MTDR03MY25GE4DZEKGWFMB42,2026-09-15T07:47:12Z,12,120,108,success,(ok true),ok,
2026-09-15T07:50:43Z,8994071,0x084f02d67e5144c809b183c50420e299e3466a48959393016664b7c8c78cd891,zest-v2,SP1A27KFY4XERQCCRCARCYD1CC5N7M6688BSYADJ7.v0-8-market,collateral-remove-redeem,SP31VE0CK33ZJ5TD2MTDR03MY25GE4DZEKGWFMB42,2026-09-15T07:50:31Z,12,120,108,success,(ok u9993),ok,
2026-09-15T07:53:07Z,8994085,0x7fe2d0490143bb779adcd27fce7e1a4674957be12790086007c13b7edf717aef,zest-v2,SP1A27KFY4XERQCCRCARCYD1CC5N7M6688BSYADJ7.v0-8-market,supply-collateral-add,SP31VE0CK33ZJ5TD2MTDR03MY25GE4DZEKGWFMB42,2026-09-15T07:52:53Z,14,120,106,success,(ok u124930),ok,
2026-09-15T07:54:22Z,8994089,0x16a50cbf0fe0db09bf310b4935ebd497bf7b6495f753ef0eb9107667af6ebaf8,zest-v2,SP1A27KFY4XERQCCRCARCYD1CC5N7M6688BSYADJ7.v0-8-market,borrow,SP31VE0CK33ZJ5TD2MTDR03MY25GE4DZEKGWFMB42,2026-09-15T07:53:55Z,27,120,93,success,(ok true),ok,
2026-09-15T07:56:05Z,8994098,0x9bef6dfcdcfa23288fd10916e6ce5c74458b98e2f5aff373cc93168c142e8524,zest-v2,SP1A27KFY4XERQCCRCARCYD1CC5N7M6688BSYADJ7.v0-8-market,collateral-remove-redeem,SP31VE0CK33ZJ5TD2MTDR03MY25GE4DZEKGWFMB42,2026-09-15T07:55:53Z,12,120,108,success,(ok u124565),ok,
2026-09-15T08:10:25Z,8994163,0xd7b232f698f5d9b371d956db76de7fc3aed2aa75b3fd5c024fd8a43f0533a351,zest-v2,SP1A27KFY4XERQCCRCARCYD1CC5N7M6688BSYADJ7.v0-8-market,borrow,SP3KPRN53ZGD45B3WRTDMZZEHBJSFQ8AKN9RE6FKS,2026-09-15T08:10:09Z,16,120,104,success,(ok true),ok,
2026-09-15T08:42:01Z,8994350,0x6445c41029c9877e09fe020215f3ce9ef1101b76bc9caa39c869418b3b210df1,zest-v2,SP1A27KFY4XERQCCRCARCYD1CC5N7M6688BSYADJ7.v0-8-market,supply-collateral-add,SP31VE0CK33ZJ5TD2MTDR03MY25GE4DZEKGWFMB42,2026-09-15T08:41:47Z,14,120,106,success,(ok u124929),ok,
2026-09-15T08:45:46Z,8994369,0xfc6187793da95ccc76880d5f9bab064e61c3016e5708af2d4b42535a51db833a,zest-v2,SP1A27KFY4XERQCCRCARCYD1CC5N7M6688BSYADJ7.v0-8-market,borrow,SP31VE0CK33ZJ5TD2MTDR03MY25GE4DZEKGWFMB42,2026-09-15T08:45:32Z,14,120,106,success,(ok true),ok,
2026-09-15T09:44:40Z,8994678,0x2dfb60bd1ed3cfa175eae1d81bf0160927a4688d761fbfa9dbdeedde38cbb009,zest-v2,SP1A27KFY4XERQCCRCARCYD1CC5N7M6688BSYADJ7.v0-8-market,collateral-remove-redeem,SP3TB3AJ0XMZ9S6CGY2CQ6R06H1Z6DJQ1SH15ZP2H,2026-09-15T09:44:10Z,30,120,90,success,(ok u21102),ok,
2026-09-15T10:21:51Z,8994873,0xc1fe6bdbdbc91c852412c04e132f691020dfa5487b0fed28fcbcd8d759cb0c36,zest-v2,SP1A27KFY4XERQCCRCARCYD1CC5N7M6688BSYADJ7.v0-8-market,collateral-remove-redeem,SP31VE0CK33ZJ5TD2MTDR03MY25GE4DZEKGWFMB42,2026-09-15T10:21:35Z,16,120,104,success,(ok u4999),ok,
2026-09-15T10:39:05Z,8994967,0x4b376be78aecce7b6c57c792b50efe3223f42fad74038c3b72a378342472dbbc,zest-v2,SP1A27KFY4XERQCCRCARCYD1CC5N7M6688BSYADJ7.v0-8-market,borrow,SP31VE0CK33ZJ5TD2MTDR03MY25GE4DZEKGWFMB42,2026-09-15T10:38:57Z,8,120,112,success,(ok true),ok,
2026-09-15T10:56:54Z,8995081,0x66a1e9842346aea6cbebe2504f2d0e2ad41b0f34738fe0229f8710f1ffaa32ee,zest-v2,SP1A27KFY4XERQCCRCARCYD1CC5N7M6688BSYADJ7.v0-8-market,borrow,SP31VE0CK33ZJ5TD2MTDR03MY25GE4DZEKGWFMB42,2026-09-15T10:56:33Z,21,120,99,success,(ok true),ok,
2026-09-15T10:59:34Z,8995094,0xbec92cc8fb9ea4bcfadfcbc2d924f3decaa1ec4b592e2d310a7208c9398a5b43,zest-v2,SP1A27KFY4XERQCCRCARCYD1CC5N7M6688BSYADJ7.v0-8-market,supply-collateral-add,SP31VE0CK33ZJ5TD2MTDR03MY25GE4DZEKGWFMB42,2026-09-15T10:59:17Z,17,120,103,success,(ok u159184),ok,
2026-09-15T11:00:31Z,8995098,0x1ad801b8516920f8264f716a77fd4203feedc3b6f202eb02970e5f41183427bc,zest-v2,SP1A27KFY4XERQCCRCARCYD1CC5N7M6688BSYADJ7.v0-8-market,borrow,SP31VE0CK33ZJ5TD2MTDR03MY25GE4DZEKGWFMB42,2026-09-15T11:00:17Z,14,120,106,success,(ok true),ok,
2026-09-15T11:02:19Z,8995107,0xac04f8635acf43e358c0473a407e86ab532669e8314c8b77c1d599944ffbfeb0,zest-v2,SP1A27KFY4XERQCCRCARCYD1CC5N7M6688BSYADJ7.v0-8-market,supply-collateral-add,SP31VE0CK33ZJ5TD2MTDR03MY25GE4DZEKGWFMB42,2026-09-15T11:02:05Z,14,120,106,success,(ok u172101),ok,
2026-09-15T11:19:48Z,8995198,0x484b9a0af7d5387252fe9174e3428a9c062bb38124c4c39aa437cc3c57859272,zest-v2,SP1A27KFY4XERQCCRCARCYD1CC5N7M6688BSYADJ7.v0-8-market,borrow,SP2TZ63CQSBF7AD4DKK291JMXD19SJJX593K29QFK,2026-09-15T11:19:06Z,42,120,78,success,(ok true),ok,
2026-09-15T13:30:32Z,8995946,0x3002e39007f21171f11cba549bfbfa44d039123eead230549b448dd0d938633b,zest-v2,SP1A27KFY4XERQCCRCARCYD1CC5N7M6688BSYADJ7.v0-8-market,supply-collateral-add,SP2ZM1KNQNS96RM1MAJTZV7WE7F38GFGRND4E80DW,2026-09-15T13:30:02Z,30,120,90,success,(ok u157158081),ok,
2026-09-15T13:49:59Z,8996032,0x7bc720586740556082dd82d7a61f6cfd0af2f062414fa2adb9b97245b58a7066,zest-v2,SP1A27KFY4XERQCCRCARCYD1CC5N7M6688BSYADJ7.v0-8-market,supply-collateral-add,SP1AX2ND6NE41YNN9C0SDJV2N11X7684RBKQWB9XD,2026-09-15T13:49:47Z,12,120,108,success,(ok u25896975),ok,
2026-09-15T13:50:46Z,8996037,0x1a72847005330f20dc2466cd64cbe5a2e2bd39fff3852aed4a4209a4edea2396,zest-v2,SP1A27KFY4XERQCCRCARCYD1CC5N7M6688BSYADJ7.v0-8-market,borrow,SP1AX2ND6NE41YNN9C0SDJV2N11X7684RBKQWB9XD,2026-09-15T13:50:36Z,10,120,110,success,(ok true),ok,
2026-09-15T15:16:21Z,8996408,0x354da7961f31ebd9278077c2d98ecff64b3a46e59fd9c943370379b52e364a3a,zest-v2,SP1A27KFY4XERQCCRCARCYD1CC5N7M6688BSYADJ7.v0-8-market,collateral-remove-redeem,SP3F2W2J9QPZPV3EWWEA09KWK61V6PTD006B911MG,2026-09-15T15:15:48Z,33,120,87,success,(ok u1072372222),ok,
2026-09-15T16:04:07Z,8996655,0xef52b0aacb282862e4d144eb0e9ecdc7702d5663c55345192f0aa695753fb812,zest-v2,SP1A27KFY4XERQCCRCARCYD1CC5N7M6688BSYADJ7.v0-8-market,collateral-remove-redeem,SP1VA6890RJFTVKV9BVXR16Z19DX2EAC3MB8GXX3D,2026-09-15T16:03:08Z,59,120,61,success,(ok u10000003491),ok,
2026-09-15T17:58:29Z,8997251,0x4e8edbb9d03012e8d58d5a4e8f7dc8f04fc1be7312030eec42f5e1e5da010570,zest-v2,SP1A27KFY4XERQCCRCARCYD1CC5N7M6688BSYADJ7.v0-8-market,supply-collateral-add,SP128GZBHCW2J6N5S9GBJJG2KFDHV8TPZA6NJKVT5,2026-09-15T17:58:20Z,9,120,111,success,(ok u493691),ok,
2026-09-15T20:56:42Z,8997895,0x384e69ff4abc0b9085d19ff876e2576af471eabaec0fb3c9ec23badbde5f38f1,zest-v2,SP1A27KFY4XERQCCRCARCYD1CC5N7M6688BSYADJ7.v0-8-market,collateral-remove-redeem,SP1D6WJMETM08X6FAEXMQFPJ5R96GGTDE4REQYF39,2026-09-15T20:55:52Z,50,120,70,success,(ok u100000000),ok,
2026-09-15T20:58:36Z,8997904,0x030d0e3d9bb310eec2609b2bcea04d2b59ba85367d9e6542e8a90c575c6a4b16,zest-v2,SP1A27KFY4XERQCCRCARCYD1CC5N7M6688BSYADJ7.v0-8-market,borrow,SPCE87V29VDPEAS925YMV2VG3CMBHY0BXKB08NA4,2026-09-15T20:58:25Z,11,120,109,success,(ok true),ok,
2026-09-15T21:16:40Z,8997990,0xdba70be462116c5dee80adf83a05d959603047bf3583620a6c6ae797ffedea82,zest-v1,SP2VCQJGH7PHP2DJK7Z0V48AGBHQAW3R3ZW1QF4N.borrow-helper-v2-1-8,withdraw,SPDVCHPD7HQKZETX2RQKMXXRK03PR5ATX9YNMS87,2026-09-15T21:16:31Z,9,360,351,success,(ok true),ok,
2026-09-15T21:17:21Z,8997994,0x0a53a90201e0db8a567c0fa236ba09c63ae3c0ed727e6db33f9f930278c1d57a,zest-v2,SP1A27KFY4XERQCCRCARCYD1CC5N7M6688BSYADJ7.v0-8-market,collateral-remove-redeem,SP1D6WJMETM08X6FAEXMQFPJ5R96GGTDE4REQYF39,2026-09-15T21:17:02Z,19,120,101,success,(ok u150000000),ok,
2026-09-15T21:19:28Z,8998007,0x2b8519d331d94f4e0deacb750264590758eee52c7178256cd1eb22f5653c0096,zest-v1,SP2VCQJGH7PHP2DJK7Z0V48AGBHQAW3R3ZW1QF4N.borrow-helper-v2-1-8,withdraw,SPDVCHPD7HQKZETX2RQKMXXRK03PR5ATX9YNMS87,2026-09-15T21:19:18Z,10,360,350,success,(ok true),ok,
2026-09-15T21:23:20Z,8998029,0x9476d74d51d72931d862cb1c5c06a1a1e283c593dae01a60ef562025e079d235,zest-v2,SP1A27KFY4XERQCCRCARCYD1CC5N7M6688BSYADJ7.v0-8-market,collateral-remove-redeem,SP1D6WJMETM08X6FAEXMQFPJ5R96GGTDE4REQYF39,2026-09-15T21:22:58Z,22,120,98,success,(ok u70000000),ok,
2026-09-15T21:31:52Z,8998067,0xae24237e2d9a15d94618e1d4d18724149ebc716cb77bd135519d25cbb26dcb5b,zest-v2,SP1A27KFY4XERQCCRCARCYD1CC5N7M6688BSYADJ7.v0-8-market,collateral-remove-redeem,SP1D6WJMETM08X6FAEXMQFPJ5R96GGTDE4REQYF39,2026-09-15T21:31:12Z,40,120,80,success,(ok u511117103),ok,
2026-09-15T22:00:33Z,8998214,0x29264a748ddb7fd2b0b13a6ad985a846552a06be4e4c690d9db3732f4791d3d0,zest-v2,SP1A27KFY4XERQCCRCARCYD1CC5N7M6688BSYADJ7.v0-8-market,supply-collateral-add,SP1D6WJMETM08X6FAEXMQFPJ5R96GGTDE4REQYF39,2026-09-15T21:59:57Z,36,120,84,success,(ok u376595),ok,
2026-09-15T22:05:33Z,8998236,0x88d021dd612fb2694fe3a621d11bc9d2c645ffc5b3a3a304b2c2e2ed7065173c,zest-v2,SP1A27KFY4XERQCCRCARCYD1CC5N7M6688BSYADJ7.v0-8-market,borrow,SPKQCYTHMXWXP75YA40419K4WTK3QBPBE48PR9S8,2026-09-15T22:04:39Z,54,120,66,success,(ok true),ok,
2026-09-15T22:06:18Z,8998240,0x4f67940a374866c6e0c875f2f2d4706766bf216721a65d3af6f3ff5f33169561,zest-v2,SP1A27KFY4XERQCCRCARCYD1CC5N7M6688BSYADJ7.v0-8-market,collateral-add,SP1D6WJMETM08X6FAEXMQFPJ5R96GGTDE4REQYF39,2026-09-15T22:05:55Z,23,120,97,success,(ok u392866),ok,
2026-09-15T22:21:40Z,8998325,0x9ca572b513870f94ed18dd0277bf855a06dc07eb42739a96c5093c39ea29b16e,zest-v2,SP1A27KFY4XERQCCRCARCYD1CC5N7M6688BSYADJ7.v0-8-market,borrow,SP1D6WJMETM08X6FAEXMQFPJ5R96GGTDE4REQYF39,2026-09-15T22:21:04Z,36,120,84,success,(ok true),ok,
2026-09-15T23:01:21Z,8998471,0xa435619fc91092466ddae4175938ea163ae2c7ea8b3639d599133ce4cbaf16c3,zest-v2,SP1A27KFY4XERQCCRCARCYD1CC5N7M6688BSYADJ7.v0-8-market,supply-collateral-add,SP3KPRN53ZGD45B3WRTDMZZEHBJSFQ8AKN9RE6FKS,2026-09-15T23:01:10Z,11,120,109,success,(ok u278838956489),ok,
2026-09-15T23:05:38Z,8998494,0x664806140724b86d8833b11290dc3a3cb2358da0439dd55b2e07b3f8580e475c,zest-v2,SP1A27KFY4XERQCCRCARCYD1CC5N7M6688BSYADJ7.v0-8-market,borrow,SPCE87V29VDPEAS925YMV2VG3CMBHY0BXKB08NA4,2026-09-15T23:05:21Z,17,120,103,success,(ok true),ok,
2026-09-15T23:09:20Z,8998511,0x63c567e58ee8c266b0ae596a4f429191c34ed4211a7a775dc35604b44a4929c3,zest-v2,SP1A27KFY4XERQCCRCARCYD1CC5N7M6688BSYADJ7.v0-8-market,supply-collateral-add,SPCE87V29VDPEAS925YMV2VG3CMBHY0BXKB08NA4,2026-09-15T23:09:06Z,14,120,106,success,(ok u92541372),ok,
2026-09-15T23:24:13Z,8998610,0x030689b271dce8567507a63f4c94ca3e3198ff0c1a8d664bfefc4b4b5ad8bc1a,zest-v2,SP1A27KFY4XERQCCRCARCYD1CC5N7M6688BSYADJ7.v0-8-market,supply-collateral-add,SPM81ZEEDG7ARG9R4SWMAG519H3KD6Y379YSE7SK,2026-09-15T23:24:07Z,6,120,114,success,(ok u119934),ok,
2026-09-15T23:40:46Z,8998721,0xf763bab0629e8800c5eb6ebaceca0fb65d2a97887a44b0e62c386955a286fe69,zest-v2,SP1A27KFY4XERQCCRCARCYD1CC5N7M6688BSYADJ7.v0-8-market,supply-collateral-add,SP1VA6890RJFTVKV9BVXR16Z19DX2EAC3MB8GXX3D,2026-09-15T23:40:35Z,11,120,109,success,(ok u9878335593),ok,
2026-09-16T00:19:00Z,8998919,0x8f2e48d61868cd10de0620adb268370b019823ad4ab6d7770eadd83749b01b44,zest-v2,SP1A27KFY4XERQCCRCARCYD1CC5N7M6688BSYADJ7.v0-8-market,collateral-add,SP3J0Z8YSJD20TGEBE6M992CWFDG18VB0PR599VY9,2026-09-16T00:18:47Z,13,120,107,success,(ok u8509866293),ok,
2026-09-16T00:21:41Z,8998934,0x9b42d4092fb1dc1f4f75ac11a60ef999c15babdf6d1ede6bd4b19613a951bb30,zest-v2,SP1A27KFY4XERQCCRCARCYD1CC5N7M6688BSYADJ7.v0-8-market,borrow,SP3J0Z8YSJD20TGEBE6M992CWFDG18VB0PR599VY9,2026-09-16T00:21:32Z,9,120,111,success,(ok true),ok,
2026-09-16T00:48:10Z,8999081,0x3fc95b92615251fe65a7b98605b827304a11189c3047cb1577866f0552085174,zest-v2,SP1A27KFY4XERQCCRCARCYD1CC5N7M6688BSYADJ7.v0-8-market,supply-collateral-add,SP2JFW1CBXJD3P0EJ0QNGBWY4W5NQBV066V8BCARC,2026-09-16T00:47:58Z,12,120,108,success,(ok u8123240),ok,
2026-09-16T01:00:59Z,8999145,0xa375669964e0489ca77acaba9296a998a84e8aa527a3db746f3a04aef09ffc22,zest-v2,SP1A27KFY4XERQCCRCARCYD1CC5N7M6688BSYADJ7.v0-8-market,supply-collateral-add,SP16GZQEWNJ8S05KQY0T0Z2KQ070WSSK96B99EN0E,2026-09-16T01:00:46Z,13,120,107,success,(ok u16219277),ok,
2026-09-16T01:01:13Z,8999146,0x5228229d0aec9fae8b99e76d6e99f11c75285fe0aa3628ca801dc2c4b202b09d,zest-v2,SP1A27KFY4XERQCCRCARCYD1CC5N7M6688BSYADJ7.v0-8-market,collateral-remove-redeem,SP3CA3WGSEEY7FDN93920187NN6JZAFWWGA09D63S,2026-09-16T01:00:55Z,18,120,102,success,(ok u2131675),ok,
2026-09-16T01:01:58Z,8999150,0x31edbf68c1278e2271b8323966e37748bc0c7d0dbd0b4ea2c899ffe199bc991a,granite-usdcx,SP3M2BYF7RGF8WKW5FVDNJ6WR8D7AR9BHDXAKPXZE.state-v1,borrow,SP2JFW1CBXJD3P0EJ0QNGBWY4W5NQBV066V8BCARC,2026-09-16T01:00:34Z,84,300,216,success,(ok true),ok,
2026-09-16T01:02:18Z,8999152,0x2c981187ae6015aac12151f401d9325d0c0fefa23a6b8f58e0928548908d1b7f,zest-v2,SP1A27KFY4XERQCCRCARCYD1CC5N7M6688BSYADJ7.v0-8-market,borrow,SP3KPRN53ZGD45B3WRTDMZZEHBJSFQ8AKN9RE6FKS,2026-09-16T01:02:03Z,15,120,105,success,(ok true),ok,
2026-09-16T01:04:17Z,8999163,0xdf282108c05bb92a0a2768b7c38a30731b861a8b033f17c755e027d70c802771,zest-v2,SP1A27KFY4XERQCCRCARCYD1CC5N7M6688BSYADJ7.v0-8-market,borrow,SP2JFW1CBXJD3P0EJ0QNGBWY4W5NQBV066V8BCARC,2026-09-16T01:03:56Z,21,120,99,success,(ok true),ok,
2026-09-16T01:08:22Z,8999185,0x55a35f9727eda4ba078bb3ece27f57f478b553f1d0e18d5682a422cb80a9e926,zest-v2,SP1A27KFY4XERQCCRCARCYD1CC5N7M6688BSYADJ7.v0-8-market,supply-collateral-add,SP2JFW1CBXJD3P0EJ0QNGBWY4W5NQBV066V8BCARC,2026-09-16T01:08:05Z,17,120,103,success,(ok u12039070),ok,
2026-09-16T01:12:10Z,8999201,0x448a665b55b3650f9dc41e1faca7df252b0560ceee3d7bf450ef3d77718cb92e,zest-v2,SP1A27KFY4XERQCCRCARCYD1CC5N7M6688BSYADJ7.v0-8-market,borrow,SP2JFW1CBXJD3P0EJ0QNGBWY4W5NQBV066V8BCARC,2026-09-16T01:11:40Z,30,120,90,success,(ok true),ok,
2026-09-16T01:13:40Z,8999205,0x934f056ea65cbdd87cad627d4e25c876c4ebdf8a99fc25de72712e5bd014fc56,zest-v2,SP1A27KFY4XERQCCRCARCYD1CC5N7M6688BSYADJ7.v0-8-market,borrow,SP16GZQEWNJ8S05KQY0T0Z2KQ070WSSK96B99EN0E,2026-09-16T01:13:13Z,27,120,93,success,(ok true),ok,
2026-09-16T03:22:02Z,8999808,0x572d76ce0c35e5ee9c9121847942f9a60fc8eae9c49b7016253d167aa2c2ac77,zest-v2,SP1A27KFY4XERQCCRCARCYD1CC5N7M6688BSYADJ7.v0-8-market,supply-collateral-add,SP3JCAF094F0PHA7S85XAYAZM5Z4GWM9VZQ6GTMGP,2026-09-16T03:21:45Z,17,120,103,success,(ok u22698785),ok,
2026-09-16T03:28:20Z,8999844,0x2b20e7d58a20a0c6dde544212dfc77776781d37adf4ce9a4397c4340c7b462e1,zest-v2,SP1A27KFY4XERQCCRCARCYD1CC5N7M6688BSYADJ7.v0-8-market,borrow,SP3JCAF094F0PHA7S85XAYAZM5Z4GWM9VZQ6GTMGP,2026-09-16T03:28:00Z,20,120,100,success,(ok true),ok,
2026-09-16T04:11:41Z,9000098,0x88e1fa7be2f2ef03f45a6e4abc141d225dabefc99456c3a4d32a82484e7ac227,zest-v2,SP1A27KFY4XERQCCRCARCYD1CC5N7M6688BSYADJ7.v0-8-market,collateral-remove-redeem,SP3A7MGAH0SKC1ACS854PHXHVWE031FYQCBA8M51D,2026-09-16T04:11:33Z,8,120,112,success,(ok u50001353554),ok,
2026-09-16T05:14:40Z,9000446,0x2c0cec9bb9e25ca6ce5affd5bb15cdc9763565f502a9755b4e84d37e71588e52,zest-v2,SP1A27KFY4XERQCCRCARCYD1CC5N7M6688BSYADJ7.v0-8-market,collateral-remove-redeem,SP1T8N5ZMZKEPX30RESBX0PX7FG7VJ85RVYMPHPW0,2026-09-16T05:14:31Z,9,120,111,success,(ok u1972622453),ok,
2026-09-16T05:39:03Z,9000586,0x90b84023b0440859577d5297585e02461b6af26ccc5576eae295b60632f6b109,zest-v2,SP1A27KFY4XERQCCRCARCYD1CC5N7M6688BSYADJ7.v0-8-market,borrow,SPCNBNZB17NW722M265BRXVDQ20YBEVBM5ZVNTTY,2026-09-16T05:38:43Z,20,120,100,success,(ok true),ok,
2026-09-16T06:31:10Z,9000912,0x0da33a062879982970764d5bb92a3092f7b07607fb533d9bdf46630badc37887,zest-v2,SP1A27KFY4XERQCCRCARCYD1CC5N7M6688BSYADJ7.v0-8-market,borrow,SP2WH24ZBG0956J91J7J5W54NB51K2MYE8YVM4JVS,2026-09-16T06:30:57Z,13,120,107,success,(ok true),ok,
2026-09-16T07:14:43Z,9001159,0x9b64158ee260bd11c3ad6f59ef34b629fce76caf7f325274db22ecc8eacaa109,zest-v2,SP1A27KFY4XERQCCRCARCYD1CC5N7M6688BSYADJ7.v0-8-market,borrow,SPJN63YWJP48HDQP24HBPW3HAXTQHCNSQKKEQ8CR,2026-09-16T07:14:25Z,18,120,102,success,(ok true),ok,
2026-09-16T08:09:59Z,9001508,0x6d3aeba2b40ec8574ba64e9fb4708d6fcfdd6ad604f27c89f9201fe20095470c,zest-v2,SP1A27KFY4XERQCCRCARCYD1CC5N7M6688BSYADJ7.v0-8-market,supply-collateral-add,SP3A7MGAH0SKC1ACS854PHXHVWE031FYQCBA8M51D,2026-09-16T08:09:51Z,8,120,112,success,(ok u49879943426),ok,
2026-09-16T08:11:16Z,9001515,0x7defb09717eefc5d73454590d370e7b99d2ee53d88e1e5d8aced2df0bdd0bc75,zest-v2,SP1A27KFY4XERQCCRCARCYD1CC5N7M6688BSYADJ7.v0-8-market,borrow,SP3A7MGAH0SKC1ACS854PHXHVWE031FYQCBA8M51D,2026-09-16T08:11:06Z,10,120,110,success,(ok true),ok,
2026-09-16T08:17:11Z,9001548,0xe55469288bcc5e079a929609e1a60cc28e9c6c7ef560df33d0315dbce413207c,zest-v2,SP1A27KFY4XERQCCRCARCYD1CC5N7M6688BSYADJ7.v0-8-market,supply-collateral-add,SPN3AV2KQ8HYFHGKC34SGVSS9TNMJXG56GXRSR70,2026-09-16T08:16:52Z,19,120,101,success,(ok u5065734),ok,
2026-09-16T09:54:07Z,9002112,0x0e2256c29a1a8fea53d99aa1351e123514f5952b44a4cc9fad922bf5dbc02c06,zest-v2,SP1A27KFY4XERQCCRCARCYD1CC5N7M6688BSYADJ7.v0-8-market,borrow,SPM81ZEEDG7ARG9R4SWMAG519H3KD6Y379YSE7SK,2026-09-16T09:53:55Z,12,120,108,success,(ok true),ok,
2026-09-16T09:59:05Z,9002146,0xdc87bbba73ccbf4db8c0853aeecdeb3df81fcbd9081de0c9c64ce7e4db243eff,zest-v2,SP1A27KFY4XERQCCRCARCYD1CC5N7M6688BSYADJ7.v0-8-market,supply-collateral-add,SPM81ZEEDG7ARG9R4SWMAG519H3KD6Y379YSE7SK,2026-09-16T09:58:59Z,6,120,114,success,(ok u171905),ok,
2026-09-16T10:30:04Z,9002344,0x85fa4a3cc9aeb08fb34a104b91059ac6f352535ce5968970118ef3a6a2d81daf,zest-v2,SP1A27KFY4XERQCCRCARCYD1CC5N7M6688BSYADJ7.v0-8-market,supply-collateral-add,SP1CQ4D640TNM998S1K50FP2BF78J6AVS2BT6E3HP,2026-09-16T10:29:52Z,12,120,108,success,(ok u20636767),ok,
2026-09-16T10:32:37Z,9002358,0xb60f1bdb89787a106043a5dfad8dc62522142e83b983902a59e1c891c382890c,zest-v2,SP1A27KFY4XERQCCRCARCYD1CC5N7M6688BSYADJ7.v0-8-market,supply-collateral-add,SP1KMAA7TPZ5AZZ4W67X74MJNFKMN576604CWNBQS,2026-09-16T10:32:21Z,16,120,104,success,(ok u5771756180),ok,
2026-09-16T10:34:50Z,9002370,0xd044c6692858ae6d127ba3cc1f2c3210361fbc6d9fc7f4477bd4f982ad45a60f,zest-v2,SP1A27KFY4XERQCCRCARCYD1CC5N7M6688BSYADJ7.v0-8-market,borrow,SP1KMAA7TPZ5AZZ4W67X74MJNFKMN576604CWNBQS,2026-09-16T10:34:39Z,11,120,109,success,(ok true),ok,
2026-09-16T10:37:48Z,9002385,0xfa00bb85dc2cd5ee3411d80dc6cb41e9413ad2599c638fb630b1a17ab5c0940f,zest-v2,SP1A27KFY4XERQCCRCARCYD1CC5N7M6688BSYADJ7.v0-8-market,supply-collateral-add,SP1KMAA7TPZ5AZZ4W67X74MJNFKMN576604CWNBQS,2026-09-16T10:37:40Z,8,120,112,success,(ok u7916199566),ok,
2026-09-16T10:38:54Z,9002391,0xaed10ec83b7ee6618d4e37e81cc67c90de0b8abcbcce2177f9e64d499a66b034,zest-v2,SP1A27KFY4XERQCCRCARCYD1CC5N7M6688BSYADJ7.v0-8-market,borrow,SP1KMAA7TPZ5AZZ4W67X74MJNFKMN576604CWNBQS,2026-09-16T10:38:37Z,17,120,103,success,(ok true),ok,
2026-09-16T10:41:03Z,9002401,0x44876f1a47ea15af6481711dcbeeed8354ab5fe73c78ba1be6b14333e23f471d,zest-v2,SP1A27KFY4XERQCCRCARCYD1CC5N7M6688BSYADJ7.v0-8-market,supply-collateral-add,SP1KMAA7TPZ5AZZ4W67X74MJNFKMN576604CWNBQS,2026-09-16T10:40:45Z,18,120,102,success,(ok u8952680529),ok,
2026-09-16T10:48:08Z,9002434,0x127c98f424c96bcc5411f2042ca7f6a55be9fe668ce8465125866ee9f8a774e8,zest-v2,SP1A27KFY4XERQCCRCARCYD1CC5N7M6688BSYADJ7.v0-8-market,borrow,SP1NQCKQFGYKX95N3X65Y6JJQ01NCR923RS93YEDP,2026-09-16T10:47:36Z,32,120,88,success,(ok true),ok,
2026-09-16T10:49:49Z,9002443,0x3eb893c41ffdb83e048de02f1e2d2d9d6720649dd374f0fd4d9405b2b8b6c8d6,zest-v2,SP1A27KFY4XERQCCRCARCYD1CC5N7M6688BSYADJ7.v0-8-market,borrow,SP1NQCKQFGYKX95N3X65Y6JJQ01NCR923RS93YEDP,2026-09-16T10:49:27Z,22,120,98,success,(ok true),ok,
2026-09-16T10:53:04Z,9002457,0xf92133d90139ccf2bed0769edcba7dc4d83d2f3a0b38a38406fa0fe3618d1fd5,zest-v2,SP1A27KFY4XERQCCRCARCYD1CC5N7M6688BSYADJ7.v0-8-market,supply-collateral-add,SP1NQCKQFGYKX95N3X65Y6JJQ01NCR923RS93YEDP,2026-09-16T10:52:49Z,15,120,105,success,(ok u64384987),ok,
2026-09-16T11:15:22Z,9002560,0x33762f3c772646c358268cc8f46f4fb82e3ceb6c7b356f69635ae5cec3fd5696,zest-v2,SP1A27KFY4XERQCCRCARCYD1CC5N7M6688BSYADJ7.v0-8-market,supply-collateral-add,SP232MNC98HCVS4N165GZEXSPKERR8H6ASRW3TCQN,2026-09-16T11:15:00Z,22,120,98,success,(ok u53094621),ok,
2026-09-16T11:21:42Z,9002588,0x0a4d1470a0a7c309e66aa0beef0fc53c966ef423425bab8885be63d4f78601a6,zest-v2,SP1A27KFY4XERQCCRCARCYD1CC5N7M6688BSYADJ7.v0-8-market,borrow,SPM81ZEEDG7ARG9R4SWMAG519H3KD6Y379YSE7SK,2026-09-16T11:21:12Z,30,120,90,success,(ok true),ok,
2026-09-16T12:18:50Z,9002886,0x652cc55c937e8fd35cfeac6632462e24caeca3bf3798b6f3d05d127015e41e1a,zest-v2,SP1A27KFY4XERQCCRCARCYD1CC5N7M6688BSYADJ7.v0-8-market,borrow,SP1R6EB0P5AFNA0G47QNJRJFNFZHHV51WSMW0AJS9,2026-09-16T12:18:22Z,28,120,92,success,(ok true),ok,
2026-09-16T12:37:50Z,9002990,0xac7f4ca8736e613b37852c5bcb9124afe8789e65807a20e3f0f0ca8d1e6324f6,zest-v2,SP1A27KFY4XERQCCRCARCYD1CC5N7M6688BSYADJ7.v0-8-market,supply-collateral-add,SPM81ZEEDG7ARG9R4SWMAG519H3KD6Y379YSE7SK,2026-09-16T12:37:38Z,12,120,108,success,(ok u201145),ok,
2026-09-16T12:39:37Z,9002999,0x1b9273b6120a3f0657b6a52eb1663ea0e2104ea2f1e10c8673ebc15b21534faa,zest-v2,SP1A27KFY4XERQCCRCARCYD1CC5N7M6688BSYADJ7.v0-8-market,borrow,SPM81ZEEDG7ARG9R4SWMAG519H3KD6Y379YSE7SK,2026-09-16T12:39:25Z,12,120,108,success,(ok true),ok,
2026-09-16T12:42:44Z,9003016,0xc02166e3b3738b26a7ea12195311640721ae57971ea8c6498793301f60d01cf6,zest-v2,SP1A27KFY4XERQCCRCARCYD1CC5N7M6688BSYADJ7.v0-8-market,supply-collateral-add,SPM81ZEEDG7ARG9R4SWMAG519H3KD6Y379YSE7SK,2026-09-16T12:42:36Z,8,120,112,success,(ok u227194),ok,
2026-09-16T12:43:42Z,9003022,0x2cd9bbe476e0fa478f65ab22295519dc8809241367ae84c3e5b42d03f6974910,zest-v2,SP1A27KFY4XERQCCRCARCYD1CC5N7M6688BSYADJ7.v0-8-market,borrow,SPM81ZEEDG7ARG9R4SWMAG519H3KD6Y379YSE7SK,2026-09-16T12:43:28Z,14,120,106,success,(ok true),ok,
2026-09-16T12:44:47Z,9003029,0x166db5274c5494eb1d24b3b813d38b619098f6d8e0685493374ad0e8af331753,zest-v2,SP1A27KFY4XERQCCRCARCYD1CC5N7M6688BSYADJ7.v0-8-market,supply-collateral-add,SPM81ZEEDG7ARG9R4SWMAG519H3KD6Y379YSE7SK,2026-09-16T12:44:38Z,9,120,111,success,(ok u253238),ok,
2026-09-16T13:14:51Z,9003222,0xff0bda91b2429d7a6e80bd7a285ca009eeee9dc44369353f650e108c3ef63ae8,zest-v2,SP1A27KFY4XERQCCRCARCYD1CC5N7M6688BSYADJ7.v0-8-market,supply-collateral-add,SP30HNZBF70T85SX828P2G205WH1KPMFAG4EF7B13,2026-09-16T13:14:03Z,48,120,72,success,(ok u51707971),ok,
2026-09-16T13:22:20Z,9003261,0xcf4bf26d549936aff7cfdf78a9efde8927ef4bdbff87e3ec4b3de17854247cf5,zest-v2,SP1A27KFY4XERQCCRCARCYD1CC5N7M6688BSYADJ7.v0-8-market,supply-collateral-add,SP2ZM1KNQNS96RM1MAJTZV7WE7F38GFGRND4E80DW,2026-09-16T13:21:53Z,27,120,93,success,(ok u157168701),ok,
2026-09-16T13:24:11Z,9003271,0x40a7cf61290cde5cf5ebf142412bd9034e20948785898e2f520bc30d0d278178,zest-v2,SP1A27KFY4XERQCCRCARCYD1CC5N7M6688BSYADJ7.v0-8-market,borrow,SPM81ZEEDG7ARG9R4SWMAG519H3KD6Y379YSE7SK,2026-09-16T13:23:57Z,14,120,106,success,(ok true),ok,
2026-09-16T13:34:37Z,9003329,0xabcca9b56b5581171ee64a8d84b221caea7c3f7e330fa7d11dd8eb71b5646dd6,zest-v2,SP1A27KFY4XERQCCRCARCYD1CC5N7M6688BSYADJ7.v0-8-market,collateral-remove-redeem,SPM81ZEEDG7ARG9R4SWMAG519H3KD6Y379YSE7SK,2026-09-16T13:34:22Z,15,120,105,success,(ok u30628),ok,
2026-09-16T13:35:35Z,9003334,0x6aa2f2eab8322f1d6046687d74436a03cc56ee685f48871174bd84b23a6ba398,zest-v2,SP1A27KFY4XERQCCRCARCYD1CC5N7M6688BSYADJ7.v0-8-market,supply-collateral-add,SP3KPRN53ZGD45B3WRTDMZZEHBJSFQ8AKN9RE6FKS,2026-09-16T13:35:13Z,22,120,98,success,(ok u328600214537),ok,
2026-09-16T13:37:39Z,9003345,0x2d8608fd5d3f3e8a6d9a4355fbede8fc65885842f7456f77e6c58a84fc0f05ef,zest-v2,SP1A27KFY4XERQCCRCARCYD1CC5N7M6688BSYADJ7.v0-8-market,collateral-remove-redeem,SPM81ZEEDG7ARG9R4SWMAG519H3KD6Y379YSE7SK,2026-09-16T13:37:16Z,23,120,97,success,(ok u51691),ok,
2026-09-16T13:41:37Z,9003367,0xa72076adc0b251910b339403c619ca17e6ee9bf43c008da16b5b46f8d9d5db1e,zest-v2,SP1A27KFY4XERQCCRCARCYD1CC5N7M6688BSYADJ7.v0-8-market,borrow,SPCE87V29VDPEAS925YMV2VG3CMBHY0BXKB08NA4,2026-09-16T13:41:28Z,9,120,111,success,(ok true),ok,
2026-09-16T13:53:19Z,9003431,0x744cfa836e498607b70f50e44b400135c897b43a71ee5fcc5c4d7636151eec5f,zest-v2,SP1A27KFY4XERQCCRCARCYD1CC5N7M6688BSYADJ7.v0-8-market,collateral-remove-redeem,SP1VVR95BWF35KY592602WX1YH0YG302CBT8AJWZZ,2026-09-16T13:53:08Z,11,120,109,success,(ok u1115740906),ok,
2026-09-16T13:54:35Z,9003438,0xffa73f0e73e750f1114ae423037e14582d6e47351b45e7ae5068cfd0a485bf4f,zest-v2,SP1A27KFY4XERQCCRCARCYD1CC5N7M6688BSYADJ7.v0-8-market,collateral-remove-redeem,SP1VVR95BWF35KY592602WX1YH0YG302CBT8AJWZZ,2026-09-16T13:54:27Z,8,120,112,success,(ok u1408672656),ok,
2026-09-16T13:56:07Z,9003446,0xf4c8c0c4312172b99069df20d333be1fe2c797a911099e9c452b9a225817b606,zest-v2,SP1A27KFY4XERQCCRCARCYD1CC5N7M6688BSYADJ7.v0-8-market,collateral-remove-redeem,SP1VVR95BWF35KY592602WX1YH0YG302CBT8AJWZZ,2026-09-16T13:55:56Z,11,120,109,success,(ok u1778720885),ok,
2026-09-16T13:58:57Z,9003462,0x9c2a4dc2d3f66af21a8791e0b4dcd08cfd784a4c6195669d038511fcf7753211,zest-v2,SP1A27KFY4XERQCCRCARCYD1CC5N7M6688BSYADJ7.v0-8-market,collateral-remove-redeem,SP1VVR95BWF35KY592602WX1YH0YG302CBT8AJWZZ,2026-09-16T13:58:45Z,12,120,108,success,(ok u2246078240),ok,
2026-09-16T14:00:42Z,9003471,0xf5c633fe77b1312da2eee58bf7ef625a576935e8ef84f2f880ac672b07078304,zest-v2,SP1A27KFY4XERQCCRCARCYD1CC5N7M6688BSYADJ7.v0-8-market,collateral-remove-redeem,SP1VVR95BWF35KY592602WX1YH0YG302CBT8AJWZZ,2026-09-16T14:00:29Z,13,120,107,success,(ok u2699630488),ok,
2026-09-16T14:09:20Z,9003515,0xa197f41d7cb04bee0e6dba831678bde5405b99686582602cb3f96b24080cfab2,zest-v2,SP1A27KFY4XERQCCRCARCYD1CC5N7M6688BSYADJ7.v0-8-market,supply-collateral-add,SP1CQ4D640TNM998S1K50FP2BF78J6AVS2BT6E3HP,2026-09-16T14:08:47Z,33,120,87,success,(ok u20700935),ok,
2026-09-16T15:28:30Z,9003936,0x07c764cf3689fb6ebcb82dfc144c729ab5f2c3ca80c75debf4e8835e674a55d0,zest-v2,SP1A27KFY4XERQCCRCARCYD1CC5N7M6688BSYADJ7.v0-8-market,collateral-remove-redeem,SP3XBCE7R73W9TPWSM3B1NYKHYY9P5K81HE0TWPRP,2026-09-16T15:28:01Z,29,120,91,success,(ok u1930001152),ok,
2026-09-16T15:49:32Z,9004074,0x11530390c1e053cfb3b74df85eb82ce970f341dc1e6e08b4920ccabe266365e9,zest-v2,SP1A27KFY4XERQCCRCARCYD1CC5N7M6688BSYADJ7.v0-8-market,borrow,SP1CM0AWD5FCT7RMNCQJ29XTX7ANXH4HMDDY3QW9H,2026-09-16T15:49:12Z,20,120,100,success,(ok true),ok,
2026-09-16T15:52:43Z,9004091,0x97e585a241a6be4b02e1acb3e10cdb5f89fbe769225f969466142723b3bf8fed,zest-v2,SP1A27KFY4XERQCCRCARCYD1CC5N7M6688BSYADJ7.v0-8-market,supply-collateral-add,SP1CM0AWD5FCT7RMNCQJ29XTX7ANXH4HMDDY3QW9H,2026-09-16T15:52:23Z,20,120,100,success,(ok u116037269796),ok,
2026-09-16T16:31:09Z,9004290,0x07a9a2d5ec8100b79c17b969cc455117e6b3d572313eb024954b67aa3a114b91,zest-v2,SP1A27KFY4XERQCCRCARCYD1CC5N7M6688BSYADJ7.v0-8-market,supply-collateral-add,SP34M22KZDV4TYQZEAM10XC96TZR1G5W75FRHG3KA,2026-09-16T16:30:57Z,12,120,108,success,(ok u19935587272),ok,
2026-09-16T16:57:00Z,9004455,0xbefd769a3fecba1cfaf4e1155797b03ff7b7cbb14af1bd5936ec74e1580247d2,zest-v2,SP1A27KFY4XERQCCRCARCYD1CC5N7M6688BSYADJ7.v0-8-market,supply-collateral-add,SP2DK6S5P9GEQVASGYXC98Y85FQ49J2ZGS74HH6WK,2026-09-16T16:56:26Z,34,120,86,success,(ok u3508189329),ok,
2026-09-16T16:58:55Z,9004468,0x752f1218b059afb7243a18b4928d2c2b0ddfd1c25e2ba0746120f8e45e6fa018,zest-v2,SP1A27KFY4XERQCCRCARCYD1CC5N7M6688BSYADJ7.v0-8-market,borrow,SP2DK6S5P9GEQVASGYXC98Y85FQ49J2ZGS74HH6WK,2026-09-16T16:58:26Z,29,120,91,success,(ok true),ok,
2026-09-16T17:01:27Z,9004484,0x68dade7885d328d90cb99469fbcffabda3aa3281a0a089b0c598d99c977ec6fa,zest-v2,SP1A27KFY4XERQCCRCARCYD1CC5N7M6688BSYADJ7.v0-8-market,supply-collateral-add,SP2DK6S5P9GEQVASGYXC98Y85FQ49J2ZGS74HH6WK,2026-09-16T17:00:53Z,34,120,86,success,(ok u3928786311),ok,
2026-09-16T18:10:29Z,9004841,0x4838222e6ecd1711d82577fcc34f1607ac59dbf9a1d11d56c02cc86e61d1f1b5,zest-v1,SP2VCQJGH7PHP2DJK7Z0V48AGBHQAW3R3ZW1QF4N.borrow-helper-v2-1-8,withdraw,SP6R1EKY8QYG4MPWXT6NZHXCDZDF1RVMJMKMYN7R,2026-09-16T18:09:52Z,37,360,323,success,(ok true),ok,
2026-09-16T18:57:16Z,9005009,0xdcf83ec47a9d91213b499287567683aa6c0333b8ff174070804a6543f401f1b5,zest-v2,SP1A27KFY4XERQCCRCARCYD1CC5N7M6688BSYADJ7.v0-8-market,supply-collateral-add,SP3MAHT4Q6MBBWVTW21RQ6H17ENE7TNGS9YK9WH72,2026-09-16T18:56:12Z,64,120,56,success,(ok u19989),ok,
2026-09-16T19:22:58Z,9005106,0x41cfd90428c75ab7c58791678f39b0e2a65a191fc6408e7e4be5b70b392d0916,zest-v2,SP1A27KFY4XERQCCRCARCYD1CC5N7M6688BSYADJ7.v0-8-market,supply-collateral-add,SP1D6WJMETM08X6FAEXMQFPJ5R96GGTDE4REQYF39,2026-09-16T19:22:17Z,41,120,79,success,(ok u508679),ok,
2026-09-16T19:26:02Z,9005119,0x5913077c507a570f36d0e3de5f77566d3feb784a36ee4ddebe284587b127504a,zest-v2,SP1A27KFY4XERQCCRCARCYD1CC5N7M6688BSYADJ7.v0-8-market,supply-collateral-add,SP1NAAJHMAVTM581N250602CP0B083YCH8V212D1P,2026-09-16T19:25:08Z,54,120,66,success,(ok u5213),ok,
2026-09-16T19:33:17Z,9005149,0x4a68e2b41827cbe4dd1a455da790acef5aa93a45635c4eb1269d2e2215ce9f6f,zest-v2,SP1A27KFY4XERQCCRCARCYD1CC5N7M6688BSYADJ7.v0-8-market,borrow,SP1D6WJMETM08X6FAEXMQFPJ5R96GGTDE4REQYF39,2026-09-16T19:32:51Z,26,120,94,success,(ok true),ok,
2026-09-16T19:41:34Z,9005185,0x6ee96afdaf7b320a64380737070bda70c6ec6bc6899c74e425f9bf218dc9b0b8,zest-v1,SP2VCQJGH7PHP2DJK7Z0V48AGBHQAW3R3ZW1QF4N.borrow-helper-v2-1-8,withdraw,SP6R1EKY8QYG4MPWXT6NZHXCDZDF1RVMJMKMYN7R,2026-09-16T19:41:20Z,14,360,346,success,(ok true),ok,
2026-09-16T19:42:28Z,9005189,0x516c901546025deb7dfa405abc3fb520c769bfbc9e77322fd2a518c0e659b5ad,zest-v1,SP2VCQJGH7PHP2DJK7Z0V48AGBHQAW3R3ZW1QF4N.borrow-helper-v2-1-8,withdraw,SP6R1EKY8QYG4MPWXT6NZHXCDZDF1RVMJMKMYN7R,2026-09-16T19:42:10Z,18,360,342,success,(ok true),ok,
2026-09-16T19:51:40Z,9005230,0x771eb8fc43ce0b3147c5d27b693e638139190603e64d0757ab3c3897498cde20,zest-v2,SP1A27KFY4XERQCCRCARCYD1CC5N7M6688BSYADJ7.v0-8-market,borrow,SP1D6WJMETM08X6FAEXMQFPJ5R96GGTDE4REQYF39,2026-09-16T19:51:21Z,19,120,101,success,(ok true),ok,
2026-09-16T20:04:28Z,9005282,0x0027bc315dd18e1089544232667eeb8653aab2e125c02cdc2743698d248f8d11,zest-v2,SP1A27KFY4XERQCCRCARCYD1CC5N7M6688BSYADJ7.v0-8-market,supply-collateral-add,SP1D6WJMETM08X6FAEXMQFPJ5R96GGTDE4REQYF39,2026-09-16T20:04:13Z,15,120,105,success,(ok u595870),ok,
2026-09-16T22:03:57Z,9005762,0x042af48a8a208596913cdc6f17d7d0e6dab66a2b59fffdb622f7c423ee2ee9cf,zest-v2,SP1A27KFY4XERQCCRCARCYD1CC5N7M6688BSYADJ7.v0-8-market,collateral-remove-redeem,SP3A7MGAH0SKC1ACS854PHXHVWE031FYQCBA8M51D,2026-09-16T22:03:45Z,12,120,108,success,(ok u50000665581),ok,
2026-09-16T23:27:51Z,9006203,0x090d9a243ff1b4c8440ddd7d20851b3beba7955df3f52ee849dd112f9d34f299,zest-v2,SP1A27KFY4XERQCCRCARCYD1CC5N7M6688BSYADJ7.v0-8-market,borrow,SPETRC149CY5PSKEK1K2Q160MR8YQ924GETDJRSS,2026-09-16T23:27:10Z,41,120,79,success,(ok true),ok,
2026-09-16T23:56:58Z,9006319,0xc67f991faadf20ba8541fb77d9e613bb9d4a9f8f107eabc0e0e0ec81d60872d8,zest-v2,SP1A27KFY4XERQCCRCARCYD1CC5N7M6688BSYADJ7.v0-8-market,supply-collateral-add,SP2ZM1KNQNS96RM1MAJTZV7WE7F38GFGRND4E80DW,2026-09-16T23:56:20Z,38,120,82,success,(ok u157173155),ok,
2026-09-17T00:03:32Z,9006349,0xbce3b86481af4aa774d84fa18510ee718d8e868e0399f404edfe11c92fd389dd,zest-v2,SP1A27KFY4XERQCCRCARCYD1CC5N7M6688BSYADJ7.v0-8-market,collateral-remove,SPSGJJQFY6ETD2ZFZR141ZDDRYGWAM2GKPBCASMB,2026-09-17T00:02:10Z,82,120,38,success,(ok u0),ok,
2026-09-17T00:05:16Z,9006357,0xf29032afceac2ee8cd9543752d39d61aa8f28fc8e695baba731c87c995e991bd,zest-v2,SP1A27KFY4XERQCCRCARCYD1CC5N7M6688BSYADJ7.v0-8-market,borrow,SPCE87V29VDPEAS925YMV2VG3CMBHY0BXKB08NA4,2026-09-17T00:05:10Z,6,120,114,success,(ok true),ok,
2026-09-17T00:05:46Z,9006359,0x7dd3a6e69abfd19d9319593ba4a2ffb53e9e82c31717bdc25015c43ffc1c1966,zest-v2,SP1A27KFY4XERQCCRCARCYD1CC5N7M6688BSYADJ7.v0-8-market,collateral-add,SPSGJJQFY6ETD2ZFZR141ZDDRYGWAM2GKPBCASMB,2026-09-17T00:05:10Z,36,120,84,success,(ok u3872689),ok,
2026-09-17T00:08:44Z,9006374,0x7921e3349deee5d2c6fa6f18dba2b34ffe323b589aa18897eef4621fbc017386,zest-v2,SP1A27KFY4XERQCCRCARCYD1CC5N7M6688BSYADJ7.v0-8-market,borrow,SPSGJJQFY6ETD2ZFZR141ZDDRYGWAM2GKPBCASMB,2026-09-17T00:08:28Z,16,120,104,success,(ok true),ok,
2026-09-17T01:10:56Z,9006756,0x438fc526fb23fe6342a855a84bdd9d80b19f89cd7261ff7e1aa946d46ff83fd3,zest-v2,SP1A27KFY4XERQCCRCARCYD1CC5N7M6688BSYADJ7.v0-8-market,supply-collateral-add,SPN3AV2KQ8HYFHGKC34SGVSS9TNMJXG56GXRSR70,2026-09-17T01:10:36Z,20,120,100,success,(ok u5098991),ok,
2026-09-17T02:22:53Z,9007174,0x8dfdca2c557045e3194e2cfb017d8f6360be88b0a26e7b846b4481955707c1bd,zest-v2,SP1A27KFY4XERQCCRCARCYD1CC5N7M6688BSYADJ7.v0-8-market,borrow,SP1NQCKQFGYKX95N3X65Y6JJQ01NCR923RS93YEDP,2026-09-17T02:22:10Z,43,120,77,success,(ok true),ok,
2026-09-17T02:27:09Z,9007198,0x452e2515387951000c5a198587355d39fb3ad43df48f325163dfcb8eaa920e74,zest-v2,SP1A27KFY4XERQCCRCARCYD1CC5N7M6688BSYADJ7.v0-8-market,supply-collateral-add,SP3A7MGAH0SKC1ACS854PHXHVWE031FYQCBA8M51D,2026-09-17T02:26:56Z,13,120,107,success,(ok u49879067413),ok,
2026-09-17T02:27:49Z,9007201,0x53fadb52c66a11f41508a33c25682854df08730aace93027e3f621fbf32c3545,zest-v2,SP1A27KFY4XERQCCRCARCYD1CC5N7M6688BSYADJ7.v0-8-market,borrow,SP3A7MGAH0SKC1ACS854PHXHVWE031FYQCBA8M51D,2026-09-17T02:27:31Z,18,120,102,success,(ok true),ok,
2026-09-17T04:15:03Z,9007686,0x7a971c8fffba1c1e56cc4da3aa06c12fe6d8d4b4fde250bbe1b8b13db38f67df,zest-v2,SP1A27KFY4XERQCCRCARCYD1CC5N7M6688BSYADJ7.v0-8-market,borrow,SP21GTVTEEDQBBQSK6FPEG4G4XGQRJGJDQV41CAD,2026-09-17T04:14:50Z,13,120,107,success,(ok true),ok,
2026-09-17T05:05:34Z,9007998,0xa8c05474b01ec0e59af928c732badb310f9af82499bba82e7a802cc6607ec474,zest-v1,SP2VCQJGH7PHP2DJK7Z0V48AGBHQAW3R3ZW1QF4N.borrow-helper-v2-1-8,withdraw,SP3X56D96AA7QD6Y112WN9D91692SKRY8AY7PJYA5,2026-09-17T05:05:22Z,12,360,348,success,(ok true),ok,
2026-09-17T05:08:28Z,9008016,0xcb72b770cc21f26407d13e1b24cd51fca14ba3bcf1044c55f81baf62f65566b7,zest-v2,SP1A27KFY4XERQCCRCARCYD1CC5N7M6688BSYADJ7.v0-8-market,supply-collateral-add,SP3X56D96AA7QD6Y112WN9D91692SKRY8AY7PJYA5,2026-09-17T05:08:17Z,11,120,109,success,(ok u101922728),ok,
2026-09-17T05:50:29Z,9008282,0x861378a6792858ef56c6dfc9a2c5ce21e940440fd6ef904210aee777ddc0dd82,zest-v2,SP1A27KFY4XERQCCRCARCYD1CC5N7M6688BSYADJ7.v0-8-market,collateral-remove-redeem,SPCE87V29VDPEAS925YMV2VG3CMBHY0BXKB08NA4,2026-09-17T05:50:20Z,9,120,111,success,(ok u9999999),ok,
2026-09-17T07:40:18Z,9008724,0x18fda4701d6f742906d751e664cf25070a4a687b2e6f32023ec2089314403da4,zest-v2,SP1A27KFY4XERQCCRCARCYD1CC5N7M6688BSYADJ7.v0-8-market,borrow,SP1D6WJMETM08X6FAEXMQFPJ5R96GGTDE4REQYF39,2026-09-17T07:39:59Z,19,120,101,success,(ok true),ok,
2026-09-17T08:12:39Z,9008897,0x3f5dd1be563c97f55057fb0bc07121b9269a533c016a7ff2bd6e3bd5221e7077,zest-v2,SP1A27KFY4XERQCCRCARCYD1CC5N7M6688BSYADJ7.v0-8-market,supply-collateral-add,SP3KPRN53ZGD45B3WRTDMZZEHBJSFQ8AKN9RE6FKS,2026-09-17T08:12:28Z,11,120,109,success,(ok u418244722407),ok,
2026-09-17T08:13:33Z,9008903,0x6369204ead7db347db42ed10a8d8e6caa07eae172feccf03a24424f67aa5b325,zest-v2,SP1A27KFY4XERQCCRCARCYD1CC5N7M6688BSYADJ7.v0-8-market,borrow,SP3KPRN53ZGD45B3WRTDMZZEHBJSFQ8AKN9RE6FKS,2026-09-17T08:13:26Z,7,120,113,success,(ok true),ok,
2026-09-17T09:13:59Z,9009268,0xb1f855993d3a9947cea73c19c8bc9fb05b402384a7e74184fc0663879c2388c6,zest-v2,SP1A27KFY4XERQCCRCARCYD1CC5N7M6688BSYADJ7.v0-8-market,supply-collateral-add,SP3RW6BW9F5STYG2K8XS5EP5PM33E0DNQT4XEG864,2026-09-17T09:13:47Z,12,120,108,success,(ok u9993374),ok,
2026-09-17T09:31:44Z,9009380,0xa79d4b7333c437a71122d88074ca8454694d5956d9e186d60e077820e3a658bf,zest-v2,SP1A27KFY4XERQCCRCARCYD1CC5N7M6688BSYADJ7.v0-8-market,collateral-remove-redeem,SP105GNSZG9S5M6G89K6ZR257C9A1YZF0VY8CVVGZ,2026-09-17T09:31:38Z,6,120,114,success,(ok u8187152132),ok,
2026-09-17T09:34:08Z,9009392,0x8a1f8623412db4db178aebaf578071b32c2ba8315c25012bc8b698b6036da0c9,zest-v2,SP1A27KFY4XERQCCRCARCYD1CC5N7M6688BSYADJ7.v0-8-market,supply-collateral-add,SP105GNSZG9S5M6G89K6ZR257C9A1YZF0VY8CVVGZ,2026-09-17T09:34:03Z,5,120,115,success,(ok u9708799852),ok,
2026-09-17T09:35:16Z,9009398,0xba44c544dd8bd974196055c70800b25dabc432cb96d79d69400dbfef29433804,zest-v2,SP1A27KFY4XERQCCRCARCYD1CC5N7M6688BSYADJ7.v0-8-market,collateral-add,SP105GNSZG9S5M6G89K6ZR257C9A1YZF0VY8CVVGZ,2026-09-17T09:35:01Z,15,120,105,success,(ok u36868799852),ok,
2026-09-17T09:35:41Z,9009400,0x992a5794cd3198bd7476466e9dc3da85bfe3ff258a285295c1671a3ab0a0b139,zest-v2,SP1A27KFY4XERQCCRCARCYD1CC5N7M6688BSYADJ7.v0-8-market,collateral-add,SP105GNSZG9S5M6G89K6ZR257C9A1YZF0VY8CVVGZ,2026-09-17T09:35:32Z,9,120,111,abort_by_post_condition,(err u1),revert:non-oracle,
2026-09-17T10:21:12Z,9009630,0x6f812bdcb58f58db27c3126d9d3136e4be8f4510a36defc4e90d0c5617ea4f82,zest-v2,SP1A27KFY4XERQCCRCARCYD1CC5N7M6688BSYADJ7.v0-8-market,borrow,SP3K2TRG9VDVHK5NG5GQH2AR66VRVXZQDYABZH139,2026-09-17T10:20:52Z,20,120,100,success,(ok true),ok,
2026-09-17T10:44:09Z,9009778,0xb012c62cb7430c40b1d4d22a2838facfb915a081d1992cde093c8edcabe43767,zest-v2,SP1A27KFY4XERQCCRCARCYD1CC5N7M6688BSYADJ7.v0-8-market,supply-collateral-add,SP2W358G5BQF76DPWV93TPCBTGW9RTP6JCFG92Y2X,2026-09-17T10:43:56Z,13,120,107,success,(ok u6331800000),ok,
2026-09-17T10:51:00Z,9009813,0x21e3811d68ee98ed88139ceadddbc488c18275cb6c0fb985bc085f1bfb392228,zest-v2,SP1A27KFY4XERQCCRCARCYD1CC5N7M6688BSYADJ7.v0-8-market,borrow,SP21GTVTEEDQBBQSK6FPEG4G4XGQRJGJDQV41CAD,2026-09-17T10:50:52Z,8,120,112,success,(ok true),ok,
2026-09-17T10:53:07Z,9009823,0x53f3d65b086254c11437672498300d1768b9ae2482deb6b0a8250c689fb4f4e6,zest-v2,SP1A27KFY4XERQCCRCARCYD1CC5N7M6688BSYADJ7.v0-8-market,supply-collateral-add,SP158378PVRA077MC9851WTVSF7G3MES99HPJ26DW,2026-09-17T10:52:49Z,18,120,102,success,(ok u7002165),ok,
2026-09-17T10:58:29Z,9009848,0x2c8c94c709821c447633b66c7a520f28c28b8adb93a9655740b5961e6b510aea,zest-v2,SP1A27KFY4XERQCCRCARCYD1CC5N7M6688BSYADJ7.v0-8-market,borrow,SP3PJNWBNEFR01Q77QA8K7YGVJARP3BYW2ZAKAGPY,2026-09-17T10:58:04Z,25,120,95,success,(ok true),ok,
2026-09-17T11:20:03Z,9009947,0xb4b501e1d4f6dd5934a0dad3e0477d0ccf6568bf0245d717a0976f376c65261b,zest-v2,SP1A27KFY4XERQCCRCARCYD1CC5N7M6688BSYADJ7.v0-8-market,supply-collateral-add,SP119ATKFM412X7WB4JTCNHVT02D6X919BZHPQR69,2026-09-17T11:19:51Z,12,120,108,success,(ok u100530288),ok,
2026-09-17T11:51:51Z,9010135,0x3485e5ef72c3b2dd798f116d9ed2750b6629e3b8e8ad8c280aecbf828ce0f80a,zest-v2,SP1A27KFY4XERQCCRCARCYD1CC5N7M6688BSYADJ7.v0-8-market,supply-collateral-add,SP119ATKFM412X7WB4JTCNHVT02D6X919BZHPQR69,2026-09-17T11:51:46Z,5,120,115,success,(ok u100533059),ok,
2026-09-17T12:02:55Z,9010202,0xf8f99f1dc4b7f68f27eb8c34920f783cd076baa3fbd1829172f130330a67c19f,zest-v2,SP1A27KFY4XERQCCRCARCYD1CC5N7M6688BSYADJ7.v0-8-market,supply-collateral-add,SP2ZM1KNQNS96RM1MAJTZV7WE7F38GFGRND4E80DW,2026-09-17T12:02:35Z,20,120,100,success,(ok u157233131),ok,
2026-09-17T12:23:46Z,9010336,0x8963a4f3ab717d3a11ec969ec5ecca4fa55187705c546354cce36c760d6a5620,zest-v2,SP1A27KFY4XERQCCRCARCYD1CC5N7M6688BSYADJ7.v0-8-market,supply-collateral-add,SP1FHGCSC72VB0XDAFCWWJ3PBKPFR8ZENZYEHYFQZ,2026-09-17T12:23:26Z,20,120,100,success,(ok u19819491),ok,
2026-09-17T12:54:18Z,9010490,0xe1aea9b37e475f76f93623494cbb71402a2b0ae5df615d061cda1bf673da3262,zest-v2,SP1A27KFY4XERQCCRCARCYD1CC5N7M6688BSYADJ7.v0-8-market,collateral-remove-redeem,SP3A7MGAH0SKC1ACS854PHXHVWE031FYQCBA8M51D,2026-09-17T12:54:05Z,13,120,107,success,(ok u50000504451),ok,
2026-09-17T13:37:05Z,9010672,0xcadacbd828492ee557f8f6fdc168374a00eb535b88af7f5259d8c626a648e8d8,zest-v2,SP1A27KFY4XERQCCRCARCYD1CC5N7M6688BSYADJ7.v0-8-market,borrow,SP2RNHHQDTHGHPEVX83291K4AQZVGWEJ7WCQQDA9R,2026-09-17T13:36:48Z,17,120,103,success,(ok true),ok,
2026-09-17T13:45:52Z,9010713,0xe1a49ee6b83cee2532f808b8a49849b33bb2e89b762d0d649baa05d01d862094,zest-v2,SP1A27KFY4XERQCCRCARCYD1CC5N7M6688BSYADJ7.v0-8-market,borrow,SPCDCWBEZ9ZEK49BNMDE2MDMJ0E01W02H9SA4TVZ,2026-09-17T13:45:45Z,7,120,113,abort_by_post_condition,(err u400005),revert:non-oracle,
2026-09-17T13:46:56Z,9010717,0x9759f81da84dc918cce2b48136b324c6660439b03e76919c7e7e1e3921ea9a32,zest-v2,SP1A27KFY4XERQCCRCARCYD1CC5N7M6688BSYADJ7.v0-8-market,borrow,SPCDCWBEZ9ZEK49BNMDE2MDMJ0E01W02H9SA4TVZ,2026-09-17T13:46:25Z,31,120,89,success,(ok true),ok,
2026-09-17T14:36:45Z,9010952,0x7ea840059bb94b5220635fbc76869e8adfcb81283ff623badc72559f1c3a6012,zest-v2,SP1A27KFY4XERQCCRCARCYD1CC5N7M6688BSYADJ7.v0-8-market,collateral-remove,SP1MEXY5V9V52HMTFAK3XKPSEG8A5TSGZG0NK68FV,2026-09-17T14:36:32Z,13,120,107,success,(ok u0),ok,
2026-09-17T14:52:29Z,9011045,0x048b9bb968a26999e33a3d235743fe9b7c89a0f911e0a96c4d29cd8c032256c5,zest-v2,SP1A27KFY4XERQCCRCARCYD1CC5N7M6688BSYADJ7.v0-8-market,supply-collateral-add,SP2ZM1KNQNS96RM1MAJTZV7WE7F38GFGRND4E80DW,2026-09-17T14:52:02Z,27,120,93,success,(ok u157279927),ok,
2026-09-17T15:10:40Z,9011117,0xc6b5510318a2cf168f1a0479c3be0652b8c1854c042eba9af33b6a332aabc69c,zest-v2,SP1A27KFY4XERQCCRCARCYD1CC5N7M6688BSYADJ7.v0-8-market,borrow,SPVPAQ35P35JZYQA11A0E5DPY62E7P3HX0GA2RPH,2026-09-17T15:10:27Z,13,120,107,success,(ok true),ok,
2026-09-17T15:35:08Z,9011206,0xa3c6433fd07727920e408bd1bcd1122ca0e2fb0879eb54e9d7295fb92565bc0f,zest-v2,SP1A27KFY4XERQCCRCARCYD1CC5N7M6688BSYADJ7.v0-8-market,supply-collateral-add,SP1F919MMKCFJJBTPMTHZM9YNM7QF62VK19QM5RSQ,2026-09-17T15:34:30Z,38,120,82,success,(ok u7322530),ok,
2026-09-17T16:03:33Z,9011323,0x8a928932d25c33964ee5245092d9ba4d200abe66d2da127abdc68618c056cf9d,zest-v2,SP1A27KFY4XERQCCRCARCYD1CC5N7M6688BSYADJ7.v0-8-market,supply-collateral-add,SP19QFBC2GW56HQ19W4CZWPH7PE27KCV6N313S8AC,2026-09-17T16:03:11Z,22,120,98,success,(ok u5118145446),ok,
2026-09-17T16:51:38Z,9011522,0x2fff1f1396747c7a951fcaf7b634e928f037d316bdf5f52f8747fab5b889079b,zest-v1,SP2VCQJGH7PHP2DJK7Z0V48AGBHQAW3R3ZW1QF4N.borrow-helper-v2-1-8,liquidation-call,SPP6CG3E4VKDGC1NW7AQMMHCD6053152X9DNT12C,2026-09-17T16:50:19Z,79,360,281,abort_by_response,(err u90000),revert:non-oracle,
2026-09-17T17:20:50Z,9011653,0x4f5113dc742f38dc6a811dd64f603844f0e471c84a95278716f0e6579a534eb7,zest-v1,SP2VCQJGH7PHP2DJK7Z0V48AGBHQAW3R3ZW1QF4N.borrow-helper-v2-1-8,liquidation-call,SPP6CG3E4VKDGC1NW7AQMMHCD6053152X9DNT12C,2026-09-17T17:19:35Z,75,360,285,abort_by_response,(err u90000),revert:non-oracle,
2026-09-17T17:41:35Z,9011759,0x0cf1203dc0b4455ce409d89bfb5439c6713f7c4e6e1c490c92ec62c88e168116,zest-v1,SP2VCQJGH7PHP2DJK7Z0V48AGBHQAW3R3ZW1QF4N.borrow-helper-v2-1-8,withdraw,SP7CD8EB3GT9N5PFW8TPY9CMF84208V7KB0EPAPR,2026-09-17T17:41:26Z,9,360,351,success,(ok true),ok,
2026-09-17T17:48:08Z,9011798,0xfce22352296e18126fac7242452387130a8afb3092f7b16cebc37d05d632e533,zest-v2,SP1A27KFY4XERQCCRCARCYD1CC5N7M6688BSYADJ7.v0-8-market,supply-collateral-add,SP1TPYSSG52FKCDHHN8Y76ABMA12P069BZBFAYEAF,2026-09-17T17:47:55Z,13,120,107,success,(ok u48439),ok,
2026-09-17T17:52:42Z,9011822,0x3f932363ba56c6cf86baa2a9028576d8473767d049d6ec6b8d0fb85312962e82,zest-v1,SP2VCQJGH7PHP2DJK7Z0V48AGBHQAW3R3ZW1QF4N.borrow-helper-v2-1-8,withdraw,SP7CD8EB3GT9N5PFW8TPY9CMF84208V7KB0EPAPR,2026-09-17T17:52:18Z,24,360,336,success,(ok true),ok,
2026-09-17T17:52:51Z,9011823,0x100269a7432bc975bc01c039b330857fed92850106fdb181cb4722c6fc579962,zest-v1,SP2VCQJGH7PHP2DJK7Z0V48AGBHQAW3R3ZW1QF4N.borrow-helper-v2-1-8,withdraw,SP7CD8EB3GT9N5PFW8TPY9CMF84208V7KB0EPAPR,2026-09-17T17:52:37Z,14,360,346,success,(ok true),ok,
2026-09-17T17:53:11Z,9011825,0xd0ab2bffa020c4fc6c6af9e9553382b00d942876d2621471ace4bfd4099ede0c,zest-v2,SP1A27KFY4XERQCCRCARCYD1CC5N7M6688BSYADJ7.v0-8-market,borrow,SP1TPYSSG52FKCDHHN8Y76ABMA12P069BZBFAYEAF,2026-09-17T17:52:53Z,18,120,102,success,(ok true),ok,
2026-09-17T17:55:11Z,9011838,0xf40955586634f919382adeddf9a937fae000a879ea352e2cbf1dc7bcf3868873,zest-v2,SP1A27KFY4XERQCCRCARCYD1CC5N7M6688BSYADJ7.v0-8-market,supply-collateral-add,SP1TPYSSG52FKCDHHN8Y76ABMA12P069BZBFAYEAF,2026-09-17T17:55:01Z,10,120,110,success,(ok u54933),ok,
2026-09-17T18:06:19Z,9011905,0x5f66d2fa9d4093a72bbfdbab54cd674acb5d5042713e15ecdad5488ddd18b250,zest-v2,SP1A27KFY4XERQCCRCARCYD1CC5N7M6688BSYADJ7.v0-8-market,supply-collateral-add,SP7CD8EB3GT9N5PFW8TPY9CMF84208V7KB0EPAPR,2026-09-17T18:06:11Z,8,120,112,success,(ok u3541247285),ok,
2026-09-17T18:16:06Z,9011963,0x01561e471e31410ad2b843481a5e1d3e85461e7ef3d08fbb1deead1ed3576b03,zest-v2,SP1A27KFY4XERQCCRCARCYD1CC5N7M6688BSYADJ7.v0-8-market,borrow,SP7CD8EB3GT9N5PFW8TPY9CMF84208V7KB0EPAPR,2026-09-17T18:15:58Z,8,120,112,success,(ok true),ok,
2026-09-17T18:18:21Z,9011976,0x59a64ac9cf1bdec43ede2a035a4e6bf108249b5f7eab66ffe87472f1ab8df275,zest-v2,SP1A27KFY4XERQCCRCARCYD1CC5N7M6688BSYADJ7.v0-8-market,supply-collateral-add,SP7CD8EB3GT9N5PFW8TPY9CMF84208V7KB0EPAPR,2026-09-17T18:18:12Z,9,120,111,success,(ok u3831965717),ok,
2026-09-17T18:29:32Z,9012049,0xe301b8ea652c3ca477015be8ef96454ade3d42d6873c2a4fcae0efa8156618f9,zest-v2,SP1A27KFY4XERQCCRCARCYD1CC5N7M6688BSYADJ7.v0-8-market,supply-collateral-add,SP7CD8EB3GT9N5PFW8TPY9CMF84208V7KB0EPAPR,2026-09-17T18:29:21Z,11,120,109,success,(ok u4507511297),ok,
2026-09-17T20:18:26Z,9012657,0x4479004c328c61d2cbe09f1a017fbd4a45ef0cbfb0e3fcfe63bedd85dfb5633b,zest-v2,SP1A27KFY4XERQCCRCARCYD1CC5N7M6688BSYADJ7.v0-8-market,supply-collateral-add,SP119ATKFM412X7WB4JTCNHVT02D6X919BZHPQR69,2026-09-17T20:18:19Z,7,120,113,success,(ok u100534698),ok,
2026-09-17T20:40:23Z,9012765,0x88acfef6ef9cf4ece96215dd3e29bda0ec659641f8a46e9dcdb385c76e2cba8a,zest-v2,SP1A27KFY4XERQCCRCARCYD1CC5N7M6688BSYADJ7.v0-8-market,borrow,SP3D0ZDN3E8M33MY88REE1NQQR7H6ZQWEYKQ3JP1V,2026-09-17T20:40:10Z,13,120,107,success,(ok true),ok,
2026-09-17T20:51:01Z,9012812,0xf7eb3885bd8fa8360f3be47caef2126f4af7462975be74efe7312c74a2077ad8,zest-v1,SP2VCQJGH7PHP2DJK7Z0V48AGBHQAW3R3ZW1QF4N.borrow-helper-v2-1-8,withdraw,SP1R20VE5FECBGY79NR1KF6NR0J8A2EMDNEK70X08,2026-09-17T20:50:53Z,8,360,352,success,(ok true),ok,
2026-09-17T20:56:26Z,9012826,0xb40918b3bd1dbbdfbd9f6b3ecc1917001e8828d1c95eb9fcc55d16d67edd3f95,zest-v2,SP1A27KFY4XERQCCRCARCYD1CC5N7M6688BSYADJ7.v0-8-market,collateral-remove-redeem,SP3KPRN53ZGD45B3WRTDMZZEHBJSFQ8AKN9RE6FKS,2026-09-17T20:33:12Z,1394,120,-1274,abort_by_post_condition,(err u400015),oracle-revert:stale,"ERR-ORACLE-MULTI (stale, monotonic race, confidence)"
2026-09-17T20:58:43Z,9012840,0x8e6d7f2aca967b79acc8f2d11a8bfba2711f917cac842fdd2c8b189f6d94fa39,zest-v2,SP1A27KFY4XERQCCRCARCYD1CC5N7M6688BSYADJ7.v0-8-market,collateral-remove-redeem,SP3KPRN53ZGD45B3WRTDMZZEHBJSFQ8AKN9RE6FKS,2026-09-17T20:58:34Z,9,120,111,success,(ok u30000004549),ok,
2026-09-17T23:31:36Z,9013697,0x3440ec0c42d696270b9299755bf76cf71328ae2dd0480f02b0d353894a420568,zest-v2,SP1A27KFY4XERQCCRCARCYD1CC5N7M6688BSYADJ7.v0-8-market,supply-collateral-add,SP1N6QYMS4771B58J5WDQMX917F2ZQJVD48RJH047,2026-09-17T23:31:13Z,23,120,97,success,(ok u153639),ok,
2026-09-18T00:08:10Z,9013920,0xba7b617e7cd86844c2a7f4f6c3ce53873c16a9ce0bc90b0506de1d125e78594d,zest-v2,SP1A27KFY4XERQCCRCARCYD1CC5N7M6688BSYADJ7.v0-8-market,collateral-remove,SP1N6SYQHVBMKR62RR8JXCBFFX45EPGXEW8NQJV7E,2026-09-18T00:07:57Z,13,120,107,success,(ok u0),ok,
2026-09-18T00:09:10Z,9013926,0x632cce8d54f063f53414d7e3e0078db0d9c23751d0378cf0443cc24b25a5e0f1,zest-v2,SP1A27KFY4XERQCCRCARCYD1CC5N7M6688BSYADJ7.v0-8-market,collateral-add,SP1N6SYQHVBMKR62RR8JXCBFFX45EPGXEW8NQJV7E,2026-09-18T00:08:46Z,24,120,96,success,(ok u7332637231),ok,
2026-09-18T01:09:00Z,9014252,0x2cebcea0b8e538b024b1d7a82559fac61ffef4c09fe18254c63b3fd6cf92a1a5,zest-v2,SP1A27KFY4XERQCCRCARCYD1CC5N7M6688BSYADJ7.v0-8-market,borrow,SP27S3S4W7VDGSSFXVNQ193VMMK1WFYRKJ9PSZBMK,2026-09-18T01:08:44Z,16,120,104,success,(ok true),ok,
2026-09-18T01:41:58Z,9014454,0xac4c7e0702d85105754dfaad333934af81934cb3634403b3ef4db5550194ac0f,zest-v2,SP1A27KFY4XERQCCRCARCYD1CC5N7M6688BSYADJ7.v0-8-market,supply-collateral-add,SP3A7MGAH0SKC1ACS854PHXHVWE031FYQCBA8M51D,2026-09-18T01:41:43Z,15,120,105,success,(ok u148084049647),ok,
2026-09-18T01:42:31Z,9014457,0xe76c7d031d15ea041aac054287267b6023a4cb81467c9bcca635e44b2f314a5a,zest-v2,SP1A27KFY4XERQCCRCARCYD1CC5N7M6688BSYADJ7.v0-8-market,borrow,SP3A7MGAH0SKC1ACS854PHXHVWE031FYQCBA8M51D,2026-09-18T01:42:22Z,9,120,111,success,(ok true),ok,
2026-09-18T01:53:19Z,9014512,0x60c29e65b90abfb2d0a1966701c93c56958a5eef2c70a210dd1b2e199df5ae58,zest-v2,SP1A27KFY4XERQCCRCARCYD1CC5N7M6688BSYADJ7.v0-8-market,borrow,SP3KPRN53ZGD45B3WRTDMZZEHBJSFQ8AKN9RE6FKS,2026-09-18T01:53:05Z,14,120,106,success,(ok true),ok,
2026-09-18T02:21:24Z,9014638,0x955fd75d17a5d46b8611298d7b0d2909ab829cc8ee00671f238b2d0b0bbe1479,zest-v2,SP1A27KFY4XERQCCRCARCYD1CC5N7M6688BSYADJ7.v0-8-market,borrow,SP3KPRN53ZGD45B3WRTDMZZEHBJSFQ8AKN9RE6FKS,2026-09-18T02:21:10Z,14,120,106,success,(ok true),ok,
2026-09-18T02:52:33Z,9014800,0xc7e1105e13a69d6b685f69e6f36704857fdb25c8e469607f0bd1e838db67db88,zest-v2,SP1A27KFY4XERQCCRCARCYD1CC5N7M6688BSYADJ7.v0-8-market,collateral-remove-redeem,SP3A7MGAH0SKC1ACS854PHXHVWE031FYQCBA8M51D,2026-09-18T02:52:27Z,6,120,114,success,(ok u150000466108),ok,
2026-09-18T03:16:26Z,9014934,0x0ca71b638d652a96421e87610291a774b1f281b620dcbc1918bb36fed2a5c701,zest-v2,SP1A27KFY4XERQCCRCARCYD1CC5N7M6688BSYADJ7.v0-8-market,supply-collateral-add,SP3TGF6BJZWPZMHVXAP6BT8D9V5JW6X4JDD8MPNTD,2026-09-18T03:16:20Z,6,120,114,success,(ok u98722284603),ok,
2026-09-18T03:17:30Z,9014940,0xc89b33fb8711813c5a61a2b1138f922f3660f2716dd393bb80be37dfbc933a50,zest-v2,SP1A27KFY4XERQCCRCARCYD1CC5N7M6688BSYADJ7.v0-8-market,borrow,SP3TGF6BJZWPZMHVXAP6BT8D9V5JW6X4JDD8MPNTD,2026-09-18T03:17:24Z,6,120,114,success,(ok true),ok,
2026-09-18T03:18:21Z,9014945,0x3b240fffeeacae51ca5c8647569b285ee7afb17e7e4c435d94e476ab83d6aa8b,zest-v2,SP1A27KFY4XERQCCRCARCYD1CC5N7M6688BSYADJ7.v0-8-market,borrow,SP3KPRN53ZGD45B3WRTDMZZEHBJSFQ8AKN9RE6FKS,2026-09-18T03:18:04Z,17,120,103,success,(ok true),ok,
2026-09-18T03:19:53Z,9014954,0xffa8765bb21168cb30701fd00cfb8da03b193ba1e6ba6b05968f8ef314e2186d,zest-v2,SP1A27KFY4XERQCCRCARCYD1CC5N7M6688BSYADJ7.v0-8-market,borrow,SP3KPRN53ZGD45B3WRTDMZZEHBJSFQ8AKN9RE6FKS,2026-09-18T03:19:46Z,7,120,113,success,(ok true),ok,
2026-09-18T03:23:18Z,9014975,0x3001b273a3342bf98989be5eea53179fac00e076843ad2bb7c7a81262687c783,zest-v2,SP1A27KFY4XERQCCRCARCYD1CC5N7M6688BSYADJ7.v0-8-market,borrow,SP3KPRN53ZGD45B3WRTDMZZEHBJSFQ8AKN9RE6FKS,2026-09-18T03:23:09Z,9,120,111,success,(ok true),ok,
2026-09-18T03:25:34Z,9014988,0x59dc990adb71077645d1305497a44fedc1bcc27850ca5a86c36c7ab6214dd65b,zest-v2,SP1A27KFY4XERQCCRCARCYD1CC5N7M6688BSYADJ7.v0-8-market,borrow,SP3TGF6BJZWPZMHVXAP6BT8D9V5JW6X4JDD8MPNTD,2026-09-18T03:25:21Z,13,120,107,success,(ok true),ok,
2026-09-18T03:26:57Z,9014996,0xd103b2f5579455be7fe99202feb98b00903668c662d339f55d7e3cde43281fc7,zest-v2,SP1A27KFY4XERQCCRCARCYD1CC5N7M6688BSYADJ7.v0-8-market,borrow,SP3XBCE7R73W9TPWSM3B1NYKHYY9P5K81HE0TWPRP,2026-09-18T03:26:16Z,41,120,79,success,(ok true),ok,
2026-09-18T03:27:48Z,9015001,0xe3c5c8b0a39a54b875e54c14236ebe3e36e48ea2d27815954958a9a3e8ad468d,zest-v2,SP1A27KFY4XERQCCRCARCYD1CC5N7M6688BSYADJ7.v0-8-market,collateral-remove-redeem,SP3KPRN53ZGD45B3WRTDMZZEHBJSFQ8AKN9RE6FKS,2026-09-18T03:27:31Z,17,120,103,success,(ok u25000025629),ok,
2026-09-18T03:29:39Z,9015012,0x83a7e21bed84ce0949f655ccc4a5de741e251e7b46671cf4cdac5e7f6aba3e2a,zest-v2,SP1A27KFY4XERQCCRCARCYD1CC5N7M6688BSYADJ7.v0-8-market,collateral-remove-redeem,SPFGGV634BBAS2V9TBZ5WMNMDSW446S7SK9W48JH,2026-09-18T03:29:25Z,14,120,106,success,(ok u2000000000),ok,
2026-09-18T03:29:58Z,9015014,0x969491c5a3b2e222f1c4415fc9899450443e99d75e3731ecdf652204e6d52fea,zest-v2,SP1A27KFY4XERQCCRCARCYD1CC5N7M6688BSYADJ7.v0-8-market,supply-collateral-add,SP3XBCE7R73W9TPWSM3B1NYKHYY9P5K81HE0TWPRP,2026-09-18T03:29:16Z,42,120,78,success,(ok u8564841238),ok,
2026-09-18T03:33:06Z,9015032,0x565060e27d5304777f809a87bd997cbde56eab6eed412ed7ebfe95993817599d,zest-v2,SP1A27KFY4XERQCCRCARCYD1CC5N7M6688BSYADJ7.v0-8-market,borrow,SP3XBCE7R73W9TPWSM3B1NYKHYY9P5K81HE0TWPRP,2026-09-18T03:32:28Z,38,120,82,success,(ok true),ok,
2026-09-18T03:38:21Z,9015065,0xbd689cc718621b211ecd682bec2bdfd1b00ed0d5ad19ab91cc254d61cb44e21d,zest-v2,SP1A27KFY4XERQCCRCARCYD1CC5N7M6688BSYADJ7.v0-8-market,supply-collateral-add,SP3XBCE7R73W9TPWSM3B1NYKHYY9P5K81HE0TWPRP,2026-09-18T03:37:44Z,37,120,83,success,(ok u8824666938),ok,
2026-09-18T03:56:19Z,9015175,0x8a6657078fa6ebcc0d0baf359ced70701df6a2e711295b18db635d732f658b56,zest-v2,SP1A27KFY4XERQCCRCARCYD1CC5N7M6688BSYADJ7.v0-8-market,supply-collateral-add,SP1MZ5N6YCQ5BFHK4N9NFGXG2K4N53BQ0MFXAKAC1,2026-09-18T03:55:58Z,21,120,99,success,(ok u59233264836),ok,
2026-09-18T03:56:59Z,9015179,0xa5ebea533b9a5e46c68b8aef94c0d5bc16cb99bf4fd2064a3cfb2f1da2837c89,zest-v2,SP1A27KFY4XERQCCRCARCYD1CC5N7M6688BSYADJ7.v0-8-market,borrow,SP1MZ5N6YCQ5BFHK4N9NFGXG2K4N53BQ0MFXAKAC1,2026-09-18T03:56:45Z,14,120,106,success,(ok true),ok,
2026-09-18T04:03:55Z,9015213,0x0cd14cafa0f1865fc556fc644768cdecee7856888be8ad3e0fdbc787cfa3c5eb,zest-v2,SP1A27KFY4XERQCCRCARCYD1CC5N7M6688BSYADJ7.v0-8-market,collateral-remove-redeem,SP3TGF6BJZWPZMHVXAP6BT8D9V5JW6X4JDD8MPNTD,2026-09-18T04:03:42Z,13,120,107,success,(ok u100000212318),ok,
2026-09-18T04:13:14Z,9015256,0x86552ceeedb92d0cff8865de42dd447af005566bc1e3d83ec7ad17b81d158755,zest-v2,SP1A27KFY4XERQCCRCARCYD1CC5N7M6688BSYADJ7.v0-8-market,supply-collateral-add,SP1MZ5N6YCQ5BFHK4N9NFGXG2K4N53BQ0MFXAKAC1,2026-09-18T04:12:57Z,17,120,103,success,(ok u108594281472),ok,
2026-09-18T04:13:59Z,9015260,0x77f8016acb880fee91e1010acf1e07a10703cff337afc59c0a97991e965983c5,zest-v2,SP1A27KFY4XERQCCRCARCYD1CC5N7M6688BSYADJ7.v0-8-market,borrow,SP1MZ5N6YCQ5BFHK4N9NFGXG2K4N53BQ0MFXAKAC1,2026-09-18T04:13:40Z,19,120,101,success,(ok true),ok,
2026-09-18T04:24:45Z,9015311,0xd4dea4e05cf35c034d2bdedfd8eaa0846c757d6b4473690a07f4bd34b44dd2b8,zest-v2,SP1A27KFY4XERQCCRCARCYD1CC5N7M6688BSYADJ7.v0-8-market,supply-collateral-add,SP3TGF6BJZWPZMHVXAP6BT8D9V5JW6X4JDD8MPNTD,2026-09-18T04:24:34Z,11,120,109,success,(ok u98721982515),ok,
2026-09-18T04:26:15Z,9015319,0x55cc7d9af711315d386f1d9af082ab5224c4e68666ee777175f64c6dfef6c465,zest-v2,SP1A27KFY4XERQCCRCARCYD1CC5N7M6688BSYADJ7.v0-8-market,borrow,SP3TGF6BJZWPZMHVXAP6BT8D9V5JW6X4JDD8MPNTD,2026-09-18T04:26:08Z,7,120,113,abort_by_post_condition,(err u400005),revert:non-oracle,
2026-09-18T04:32:12Z,9015346,0xb296238e8bc65417d9b926ee2deeef218f7f4922f360b587e264c430a9f38edd,zest-v2,SP1A27KFY4XERQCCRCARCYD1CC5N7M6688BSYADJ7.v0-8-market,collateral-remove-redeem,SP3TGF6BJZWPZMHVXAP6BT8D9V5JW6X4JDD8MPNTD,2026-09-18T04:31:00Z,72,120,48,success,(ok u100000032407),ok,
2026-09-18T05:00:24Z,9015501,0xc3d88e08d8ad2707e71a5df759d0663929f4ed6f839aa953913c7d487885835e,zest-v2,SP1A27KFY4XERQCCRCARCYD1CC5N7M6688BSYADJ7.v0-8-market,borrow,SP3KPRN53ZGD45B3WRTDMZZEHBJSFQ8AKN9RE6FKS,2026-09-18T05:00:10Z,14,120,106,success,(ok true),ok,
2026-09-18T05:05:20Z,9015527,0xfff8d853483e3ef31fbd32ebc7f210fbace339719abc4ca7ed9ac5d98e0acbdd,zest-v2,SP1A27KFY4XERQCCRCARCYD1CC5N7M6688BSYADJ7.v0-8-market,borrow,SP3KPRN53ZGD45B3WRTDMZZEHBJSFQ8AKN9RE6FKS,2026-09-18T05:05:07Z,13,120,107,success,(ok true),ok,
2026-09-18T06:09:35Z,9015876,0x69156e344d25905a9b4fdc712e0dddc3078bf3f8ef86858f752ea8ac45632202,zest-v1,SP2VCQJGH7PHP2DJK7Z0V48AGBHQAW3R3ZW1QF4N.borrow-helper-v2-1-8,liquidation-call,SPP6CG3E4VKDGC1NW7AQMMHCD6053152X9DNT12C,2026-09-18T06:09:21Z,14,360,346,abort_by_response,(err u90000),revert:non-oracle,
2026-09-18T06:09:35Z,9015876,0x867da987dd2c29bb5a921fe2d76710f9cbbdc3249254474bbeec414740bba499,zest-v1,SP2VCQJGH7PHP2DJK7Z0V48AGBHQAW3R3ZW1QF4N.borrow-helper-v2-1-8,liquidation-call,SPP6CG3E4VKDGC1NW7AQMMHCD6053152X9DNT12C,2026-09-18T06:09:21Z,14,360,346,success,(ok u0),ok,
2026-09-18T06:09:35Z,9015876,0xef4efa0e29cacd86a74d744faef1a6eca906c2381830ce3d2a08155bee49e433,zest-v1,SP2VCQJGH7PHP2DJK7Z0V48AGBHQAW3R3ZW1QF4N.borrow-helper-v2-1-8,liquidation-call,SPP6CG3E4VKDGC1NW7AQMMHCD6053152X9DNT12C,2026-09-18T06:09:21Z,14,360,346,abort_by_response,(err u90000),revert:non-oracle,
2026-09-18T06:09:35Z,9015876,0x74b073cdd9cb250e82aef5c528d1976db1d74662d1ee7501281ad9216189836d,zest-v1,SP2VCQJGH7PHP2DJK7Z0V48AGBHQAW3R3ZW1QF4N.borrow-helper-v2-1-8,liquidation-call,SPP6CG3E4VKDGC1NW7AQMMHCD6053152X9DNT12C,2026-09-18T06:09:21Z,14,360,346,abort_by_response,(err u90000),revert:non-oracle,
2026-09-18T06:09:35Z,9015876,0x3c61833c5c3da83785fbb10742a5be2b439c3026b9ca23907dc4b2f5280e23dc,zest-v1,SP2VCQJGH7PHP2DJK7Z0V48AGBHQAW3R3ZW1QF4N.borrow-helper-v2-1-8,liquidation-call,SPP6CG3E4VKDGC1NW7AQMMHCD6053152X9DNT12C,2026-09-18T06:09:21Z,14,360,346,abort_by_response,(err u90000),revert:non-oracle,
2026-09-18T06:09:35Z,9015876,0xd79d16a46add6a0dffe3b3adb01993399a2c67449d87d4f3f74a8f59aa19dccc,zest-v1,SP2VCQJGH7PHP2DJK7Z0V48AGBHQAW3R3ZW1QF4N.borrow-helper-v2-1-8,liquidation-call,SPP6CG3E4VKDGC1NW7AQMMHCD6053152X9DNT12C,2026-09-18T06:09:21Z,14,360,346,abort_by_response,(err u90000),revert:non-oracle,
2026-09-18T06:20:38Z,9015941,0x624d52533df1aa52085a78350c644ecb8dba86bfce66481f9e233388b6aa7b22,zest-v1,SP2VCQJGH7PHP2DJK7Z0V48AGBHQAW3R3ZW1QF4N.borrow-helper-v2-1-8,liquidation-call,SPP6CG3E4VKDGC1NW7AQMMHCD6053152X9DNT12C,2026-09-18T06:20:30Z,8,360,352,abort_by_response,(err u90000),revert:non-oracle,
2026-09-18T06:20:38Z,9015941,0x2f1ec7a1de4e649895ca6b8391947e68961cc0171a6907c088c97bf7346b7332,zest-v1,SP2VCQJGH7PHP2DJK7Z0V48AGBHQAW3R3ZW1QF4N.borrow-helper-v2-1-8,liquidation-call,SPP6CG3E4VKDGC1NW7AQMMHCD6053152X9DNT12C,2026-09-18T06:20:30Z,8,360,352,abort_by_response,(err u90000),revert:non-oracle,
2026-09-18T06:20:38Z,9015941,0x8a1ad7c48aace4d385feece6d091fd9cec55ec9b32fe8d228e0cdebaeef96bc1,zest-v1,SP2VCQJGH7PHP2DJK7Z0V48AGBHQAW3R3ZW1QF4N.borrow-helper-v2-1-8,liquidation-call,SPP6CG3E4VKDGC1NW7AQMMHCD6053152X9DNT12C,2026-09-18T06:20:30Z,8,360,352,abort_by_response,(err u90000),revert:non-oracle,
2026-09-18T06:20:38Z,9015941,0x97c7a243c68a11c4612b65724317b5b2e62b83ab82cb1a3f394ed00a112dd8dd,zest-v1,SP2VCQJGH7PHP2DJK7Z0V48AGBHQAW3R3ZW1QF4N.borrow-helper-v2-1-8,liquidation-call,SPP6CG3E4VKDGC1NW7AQMMHCD6053152X9DNT12C,2026-09-18T06:20:30Z,8,360,352,abort_by_response,(err u90000),revert:non-oracle,
2026-09-18T06:20:38Z,9015941,0x67238094bf2602cf3dfe4b53f0229857e48dfb26310531a153b889a3bb4618e1,zest-v1,SP2VCQJGH7PHP2DJK7Z0V48AGBHQAW3R3ZW1QF4N.borrow-helper-v2-1-8,liquidation-call,SPP6CG3E4VKDGC1NW7AQMMHCD6053152X9DNT12C,2026-09-18T06:20:30Z,8,360,352,abort_by_response,(err u90000),revert:non-oracle,
2026-09-18T06:20:38Z,9015941,0x4db4f93931a8ccf87fa9ceb50705105a00a7b07557f9e31c0177171d4f321712,zest-v1,SP2VCQJGH7PHP2DJK7Z0V48AGBHQAW3R3ZW1QF4N.borrow-helper-v2-1-8,liquidation-call,SPP6CG3E4VKDGC1NW7AQMMHCD6053152X9DNT12C,2026-09-18T06:20:30Z,8,360,352,abort_by_response,(err u90000),revert:non-oracle,
2026-09-18T06:33:29Z,9016012,0xc6d61c0eab0253804d19f088f1592e8587daa03fc1b1608c4228f0ec713e0240,zest-v2,SP1A27KFY4XERQCCRCARCYD1CC5N7M6688BSYADJ7.v0-8-market,borrow,SP3KPRN53ZGD45B3WRTDMZZEHBJSFQ8AKN9RE6FKS,2026-09-18T06:33:17Z,12,120,108,success,(ok true),ok,
2026-09-18T06:42:14Z,9016066,0xcaca43c81f806b25714b7d607674afa909b3e97195a9ff30b06633944a73d452,zest-v2,SP1A27KFY4XERQCCRCARCYD1CC5N7M6688BSYADJ7.v0-8-market,supply-collateral-add,SPCE87V29VDPEAS925YMV2VG3CMBHY0BXKB08NA4,2026-09-18T06:41:59Z,15,120,105,success,(ok u92259287),ok,
2026-09-18T06:42:14Z,9016066,0x100afceaaf1e68631be63b81e7688ca8fee2cb6f1a1d31f1a74178302eb27fdd,zest-v2,SP1A27KFY4XERQCCRCARCYD1CC5N7M6688BSYADJ7.v0-8-market,borrow,SP3XBCE7R73W9TPWSM3B1NYKHYY9P5K81HE0TWPRP,2026-09-18T06:41:24Z,50,120,70,success,(ok true),ok,
2026-09-18T06:44:43Z,9016082,0x8cd7858d9ec8a3f765184e4c35bbb246b80fc095f8858bac13b651a37613232c,zest-v2,SP1A27KFY4XERQCCRCARCYD1CC5N7M6688BSYADJ7.v0-8-market,supply-collateral-add,SP3XBCE7R73W9TPWSM3B1NYKHYY9P5K81HE0TWPRP,2026-09-18T06:44:09Z,34,120,86,success,(ok u8914606570),ok,
2026-09-18T06:48:11Z,9016103,0xdcc5e6b9f52be772097d857ffcb942a38a3cc901235626737933190004e2f2f0,zest-v2,SP1A27KFY4XERQCCRCARCYD1CC5N7M6688BSYADJ7.v0-8-market,borrow,SP288D9CSDS3C10Z5C5J0R2ZE51HKZ35W4XWXKW7H,2026-09-18T06:47:54Z,17,120,103,success,(ok true),ok,
2026-09-18T06:48:31Z,9016105,0x1e4ba72d246e73e7bcf5c7fcb5d0e32766abe52016288197742201442cbefb95,zest-v2,SP1A27KFY4XERQCCRCARCYD1CC5N7M6688BSYADJ7.v0-8-market,borrow,SP3KPRN53ZGD45B3WRTDMZZEHBJSFQ8AKN9RE6FKS,2026-09-18T06:48:24Z,7,120,113,success,(ok true),ok,
2026-09-18T06:51:20Z,9016122,0xbf43ce25202e60cad361ff346c4437d480b05019dd201e1402d8d1d7a6759af1,zest-v2,SP1A27KFY4XERQCCRCARCYD1CC5N7M6688BSYADJ7.v0-8-market,borrow,SP3KPRN53ZGD45B3WRTDMZZEHBJSFQ8AKN9RE6FKS,2026-09-18T06:51:06Z,14,120,106,success,(ok true),ok,
2026-09-18T06:53:47Z,9016136,0x01163d55bbdba38cfc267ca792a576e2759d83828eb5350633c6f53981677629,zest-v2,SP1A27KFY4XERQCCRCARCYD1CC5N7M6688BSYADJ7.v0-8-market,supply-collateral-add,SP2TZ63CQSBF7AD4DKK291JMXD19SJJX593K29QFK,2026-09-18T06:52:36Z,71,120,49,success,(ok u1101450863),ok,
2026-09-18T07:01:24Z,9016183,0x629f80bbff40e879e919afe7c38e24896499021d4281cc82aec8f6d8f99f1e99,zest-v2,SP1A27KFY4XERQCCRCARCYD1CC5N7M6688BSYADJ7.v0-8-market,borrow,SP3KPRN53ZGD45B3WRTDMZZEHBJSFQ8AKN9RE6FKS,2026-09-18T07:01:12Z,12,120,108,success,(ok true),ok,
2026-09-18T07:07:32Z,9016218,0xae915e42b9dd38ac6bb04d8ef221cbac0ce9340a9c7c102f7c76c809d1d87760,zest-v2,SP1A27KFY4XERQCCRCARCYD1CC5N7M6688BSYADJ7.v0-8-market,borrow,SPCE87V29VDPEAS925YMV2VG3CMBHY0BXKB08NA4,2026-09-18T07:07:15Z,17,120,103,success,(ok true),ok,
2026-09-18T07:28:51Z,9016320,0xa30d757a647a92a64d4c8e6484abd3c32b3aabe4fbb0367f328c38d1e38b6e03,zest-v2,SP1A27KFY4XERQCCRCARCYD1CC5N7M6688BSYADJ7.v0-8-market,borrow,SPCE87V29VDPEAS925YMV2VG3CMBHY0BXKB08NA4,2026-09-18T07:28:31Z,20,120,100,success,(ok true),ok,
2026-09-18T07:42:18Z,9016375,0xf677af3a174136f48eb9f1e86553b3d3096bcdd9c6453abc9b64ca60abe91c85,zest-v2,SP1A27KFY4XERQCCRCARCYD1CC5N7M6688BSYADJ7.v0-8-market,borrow,SPCE87V29VDPEAS925YMV2VG3CMBHY0BXKB08NA4,2026-09-18T07:42:08Z,10,120,110,success,(ok true),ok,
2026-09-18T07:45:15Z,9016393,0x45c68d3f2f55bf0079c6c040859a6b6ac69830c30214fa69bed47cc064620b4d,zest-v2,SP1A27KFY4XERQCCRCARCYD1CC5N7M6688BSYADJ7.v0-8-market,borrow,SPCE87V29VDPEAS925YMV2VG3CMBHY0BXKB08NA4,2026-09-18T07:45:06Z,9,120,111,success,(ok true),ok,
2026-09-18T07:48:32Z,9016413,0x732f74d23c55ad21836c2f4d9ddad088f52fb060f662a1b7af2791313431080d,zest-v2,SP1A27KFY4XERQCCRCARCYD1CC5N7M6688BSYADJ7.v0-8-market,borrow,SPCE87V29VDPEAS925YMV2VG3CMBHY0BXKB08NA4,2026-09-18T07:48:20Z,12,120,108,success,(ok true),ok,
2026-09-18T07:53:48Z,9016444,0xba90761eb7bcaf9b43d5f2444b3b25a75e5a63ff57f096a057e2bf1c911ea30b,zest-v2,SP1A27KFY4XERQCCRCARCYD1CC5N7M6688BSYADJ7.v0-8-market,collateral-remove-redeem,SP2W6Z864GQC3SPK7XHNCVQY7V0JHVPMDYD4A0ZMB,2026-09-18T07:53:12Z,36,120,84,success,(ok u35067),ok,
2026-09-18T08:33:51Z,9016680,0x019a977754ec7317bbacfd8990e57f72c8dda38130b33215da681ddd3ff6fcad,zest-v1,SP2VCQJGH7PHP2DJK7Z0V48AGBHQAW3R3ZW1QF4N.borrow-helper-v2-1-8,liquidation-call,SPP6CG3E4VKDGC1NW7AQMMHCD6053152X9DNT12C,2026-09-18T08:33:38Z,13,360,347,abort_by_response,(err u90000),revert:non-oracle,
2026-09-18T08:33:51Z,9016680,0x737de3a55b5d9ee211d118a0e4e1b0328a9dc9fe1185a94ba72f3cf6af02e975,zest-v1,SP2VCQJGH7PHP2DJK7Z0V48AGBHQAW3R3ZW1QF4N.borrow-helper-v2-1-8,liquidation-call,SPP6CG3E4VKDGC1NW7AQMMHCD6053152X9DNT12C,2026-09-18T08:33:38Z,13,360,347,abort_by_response,(err u90000),revert:non-oracle,
2026-09-18T08:33:51Z,9016680,0x126b997e1bf37e7de1aefed0093f66f9c10b55cd967969bd88455822ed252106,zest-v1,SP2VCQJGH7PHP2DJK7Z0V48AGBHQAW3R3ZW1QF4N.borrow-helper-v2-1-8,liquidation-call,SPP6CG3E4VKDGC1NW7AQMMHCD6053152X9DNT12C,2026-09-18T08:33:38Z,13,360,347,abort_by_response,(err u90000),revert:non-oracle,
2026-09-18T08:34:08Z,9016681,0x5065b8d983a2446741f024f460498dbc8f2648c2cd9283389082bf1550857170,zest-v1,SP2VCQJGH7PHP2DJK7Z0V48AGBHQAW3R3ZW1QF4N.borrow-helper-v2-1-8,liquidation-call,SPP6CG3E4VKDGC1NW7AQMMHCD6053152X9DNT12C,2026-09-18T08:33:38Z,30,360,330,abort_by_response,(err u90000),revert:non-oracle,
2026-09-18T08:34:31Z,9016682,0xe45fa6c45b680ad3abf798625c559351b965c795675cf0788798191e22e7c4ff,zest-v1,SP2VCQJGH7PHP2DJK7Z0V48AGBHQAW3R3ZW1QF4N.borrow-helper-v2-1-8,liquidation-call,SPP6CG3E4VKDGC1NW7AQMMHCD6053152X9DNT12C,2026-09-18T08:33:38Z,53,360,307,abort_by_response,(err u90000),revert:non-oracle,
2026-09-18T08:34:31Z,9016682,0xdd20cb96a0e59dac827746e879d61be5ca934eeffa1d1cc1910b04e4c7ccc28e,zest-v1,SP2VCQJGH7PHP2DJK7Z0V48AGBHQAW3R3ZW1QF4N.borrow-helper-v2-1-8,liquidation-call,SPP6CG3E4VKDGC1NW7AQMMHCD6053152X9DNT12C,2026-09-18T08:33:38Z,53,360,307,abort_by_response,(err u90000),revert:non-oracle,
2026-09-18T08:34:31Z,9016682,0xd937d606eec680f83d69087898c2e2e750eead36f994915e919d594a279c9232,zest-v1,SP2VCQJGH7PHP2DJK7Z0V48AGBHQAW3R3ZW1QF4N.borrow-helper-v2-1-8,liquidation-call,SPP6CG3E4VKDGC1NW7AQMMHCD6053152X9DNT12C,2026-09-18T08:33:38Z,53,360,307,abort_by_response,(err u90000),revert:non-oracle,
2026-09-18T08:34:31Z,9016682,0x0dc66e387afc311430cbc8654fd4b873db274ac87ef8d18677e94fa863a416e3,zest-v1,SP2VCQJGH7PHP2DJK7Z0V48AGBHQAW3R3ZW1QF4N.borrow-helper-v2-1-8,liquidation-call,SPP6CG3E4VKDGC1NW7AQMMHCD6053152X9DNT12C,2026-09-18T08:33:38Z,53,360,307,abort_by_response,(err u90000),revert:non-oracle,
2026-09-18T09:02:15Z,9016821,0xebcf275ed39d46c76026dd7db177ddaa0692f63ff7aeebfd0833192f52cccc80,zest-v1,SP2VCQJGH7PHP2DJK7Z0V48AGBHQAW3R3ZW1QF4N.borrow-helper-v2-1-8,liquidation-call,SPP6CG3E4VKDGC1NW7AQMMHCD6053152X9DNT12C,2026-09-18T09:02:05Z,10,360,350,abort_by_response,(err u90000),revert:non-oracle,
2026-09-18T09:02:15Z,9016821,0xf28400747895ce42ed3f4cc92917ab91c34f0d3b298db7996405087f831271c3,zest-v1,SP2VCQJGH7PHP2DJK7Z0V48AGBHQAW3R3ZW1QF4N.borrow-helper-v2-1-8,liquidation-call,SPP6CG3E4VKDGC1NW7AQMMHCD6053152X9DNT12C,2026-09-18T09:02:05Z,10,360,350,abort_by_response,(err u90000),revert:non-oracle,
2026-09-18T09:02:15Z,9016821,0x4397e649cfd87a71631d78be0808fd463b24c8a79383c2746a17091ed4335f40,zest-v1,SP2VCQJGH7PHP2DJK7Z0V48AGBHQAW3R3ZW1QF4N.borrow-helper-v2-1-8,liquidation-call,SPP6CG3E4VKDGC1NW7AQMMHCD6053152X9DNT12C,2026-09-18T09:02:05Z,10,360,350,abort_by_response,(err u90000),revert:non-oracle,
2026-09-18T09:02:15Z,9016821,0xce49b676dc9aff7370af8e8919a372ef60c6e2e7e90046caf197420c78f8d583,zest-v1,SP2VCQJGH7PHP2DJK7Z0V48AGBHQAW3R3ZW1QF4N.borrow-helper-v2-1-8,liquidation-call,SPP6CG3E4VKDGC1NW7AQMMHCD6053152X9DNT12C,2026-09-18T09:02:05Z,10,360,350,abort_by_response,(err u90000),revert:non-oracle,
2026-09-18T09:02:15Z,9016821,0x3100559f158a8769dd40204b192a92450ff736efb4f4353abd62b42ec32aba97,zest-v1,SP2VCQJGH7PHP2DJK7Z0V48AGBHQAW3R3ZW1QF4N.borrow-helper-v2-1-8,liquidation-call,SPP6CG3E4VKDGC1NW7AQMMHCD6053152X9DNT12C,2026-09-18T09:02:05Z,10,360,350,abort_by_response,(err u90000),revert:non-oracle,
2026-09-18T09:02:15Z,9016821,0x05d6bb05da2e754d43e4267604b56c6e9f37ec139e4ab89329a555f13c7bbd7a,zest-v1,SP2VCQJGH7PHP2DJK7Z0V48AGBHQAW3R3ZW1QF4N.borrow-helper-v2-1-8,liquidation-call,SPP6CG3E4VKDGC1NW7AQMMHCD6053152X9DNT12C,2026-09-18T09:02:05Z,10,360,350,abort_by_response,(err u90000),revert:non-oracle,
2026-09-18T09:02:15Z,9016821,0x475283d6de42460949a5869b0d259011db7ec69c79628e4e37fe18da62d1c10e,zest-v1,SP2VCQJGH7PHP2DJK7Z0V48AGBHQAW3R3ZW1QF4N.borrow-helper-v2-1-8,liquidation-call,SPP6CG3E4VKDGC1NW7AQMMHCD6053152X9DNT12C,2026-09-18T09:02:05Z,10,360,350,abort_by_response,(err u90000),revert:non-oracle,
2026-09-18T09:02:15Z,9016821,0x71439b4aa6e8a1ed355ffb88b42dda357df4e5e6b7c8d642470e026a3aae8b8c,zest-v1,SP2VCQJGH7PHP2DJK7Z0V48AGBHQAW3R3ZW1QF4N.borrow-helper-v2-1-8,liquidation-call,SPP6CG3E4VKDGC1NW7AQMMHCD6053152X9DNT12C,2026-09-18T09:02:05Z,10,360,350,abort_by_response,(err u90000),revert:non-oracle,
2026-09-18T09:55:50Z,9017108,0x3f7f14cd5495e211c4494e5b333bd0eb80112a8b7ab2173d0a10a6568d7386e4,zest-v2,SP1A27KFY4XERQCCRCARCYD1CC5N7M6688BSYADJ7.v0-8-market,supply-collateral-add,SP3TGF6BJZWPZMHVXAP6BT8D9V5JW6X4JDD8MPNTD,2026-09-18T09:55:39Z,11,120,109,success,(ok u98720469405),ok,
2026-09-18T09:57:20Z,9017115,0x1de1d9ae0cce845ca8f9b62e4bf83cc3155644ceb38d6a1cc0734f1b96185a08,zest-v2,SP1A27KFY4XERQCCRCARCYD1CC5N7M6688BSYADJ7.v0-8-market,borrow,SP3TGF6BJZWPZMHVXAP6BT8D9V5JW6X4JDD8MPNTD,2026-09-18T09:57:11Z,9,120,111,success,(ok true),ok,
2026-09-18T10:18:29Z,9017224,0xce10c8e4973b6012f4acfdf3e22a976d3eeef47e0fb3e17f3b68dc0443894cc1,zest-v2,SP1A27KFY4XERQCCRCARCYD1CC5N7M6688BSYADJ7.v0-8-market,collateral-remove-redeem,SP3TGF6BJZWPZMHVXAP6BT8D9V5JW6X4JDD8MPNTD,2026-09-18T10:18:23Z,6,120,114,success,(ok u100000104626),ok,
2026-09-18T10:29:23Z,9017291,0x2df2c11bda291c1f150108da4189c5ac1fd90e00e9decbb81bf91e01b49a711a,zest-v2,SP1A27KFY4XERQCCRCARCYD1CC5N7M6688BSYADJ7.v0-8-market,borrow,SPCE87V29VDPEAS925YMV2VG3CMBHY0BXKB08NA4,2026-09-18T10:29:08Z,15,120,105,success,(ok true),ok,
2026-09-18T10:30:00Z,9017295,0x44f14b95ada0a406bcb99ff229c4922118f065ac4f2e645ff0053be71084ab43,zest-v2,SP1A27KFY4XERQCCRCARCYD1CC5N7M6688BSYADJ7.v0-8-market,borrow,SP2N4T0ZBNME1HAYY5MHBNMYX0KD120QDN67RJY2G,2026-09-18T10:29:07Z,53,120,67,abort_by_post_condition,(err u400015),oracle-revert:other,"ERR-ORACLE-MULTI (stale, monotonic race, confidence)"
2026-09-18T10:32:01Z,9017306,0xc86ad8359dc5289ec9516a57ea81b35fd87a865dbc41ac8426f952fdc1e54637,zest-v2,SP1A27KFY4XERQCCRCARCYD1CC5N7M6688BSYADJ7.v0-8-market,supply-collateral-add,SPCE87V29VDPEAS925YMV2VG3CMBHY0BXKB08NA4,2026-09-18T10:31:41Z,20,120,100,success,(ok u97387767),ok,
2026-09-18T10:34:20Z,9017318,0x5ec758e3eec3f20b0731b7b2f92cc8754765bf6e2007ee08521c3449e772c3ab,zest-v2,SP1A27KFY4XERQCCRCARCYD1CC5N7M6688BSYADJ7.v0-8-market,borrow,SP3KPRN53ZGD45B3WRTDMZZEHBJSFQ8AKN9RE6FKS,2026-09-18T10:34:13Z,7,120,113,success,(ok true),ok,
2026-09-18T10:36:10Z,9017326,0x09207f14b563ce5dcce68326c6ab7a45de940e37c6080a4466ddc93606351118,zest-v2,SP1A27KFY4XERQCCRCARCYD1CC5N7M6688BSYADJ7.v0-8-market,borrow,SP2N4T0ZBNME1HAYY5MHBNMYX0KD120QDN67RJY2G,2026-09-18T10:35:31Z,39,120,81,success,(ok true),ok,
2026-09-18T10:39:40Z,9017341,0x0a86b9dab3f593bac1a38f51207042947f48c293648c93e58d7a4225be312dd6,zest-v2,SP1A27KFY4XERQCCRCARCYD1CC5N7M6688BSYADJ7.v0-8-market,supply-collateral-add,SP3TGF6BJZWPZMHVXAP6BT8D9V5JW6X4JDD8MPNTD,2026-09-18T10:39:31Z,9,120,111,success,(ok u88848239038),ok,
2026-09-18T10:40:35Z,9017345,0x1eb6fa44230bb9f6548d81ce47b48ad0e8132d495bf4de3539c003c88d95088c,zest-v2,SP1A27KFY4XERQCCRCARCYD1CC5N7M6688BSYADJ7.v0-8-market,borrow,SP3TGF6BJZWPZMHVXAP6BT8D9V5JW6X4JDD8MPNTD,2026-09-18T10:40:22Z,13,120,107,abort_by_post_condition,(err u400005),revert:non-oracle,
2026-09-18T10:42:59Z,9017356,0x076031ba335079f4d73d47e4b8974107903451902837b3ac5bf1120b81ef6949,zest-v2,SP1A27KFY4XERQCCRCARCYD1CC5N7M6688BSYADJ7.v0-8-market,supply-collateral-add,SP3A7MGAH0SKC1ACS854PHXHVWE031FYQCBA8M51D,2026-09-18T10:42:36Z,23,120,97,success,(ok u148080374874),ok,
2026-09-18T10:43:35Z,9017359,0x0008c1b1b147f461e1bb70d19d6c154602dfd6f0eae1f0f796f52363f2b66441,zest-v2,SP1A27KFY4XERQCCRCARCYD1CC5N7M6688BSYADJ7.v0-8-market,borrow,SP3A7MGAH0SKC1ACS854PHXHVWE031FYQCBA8M51D,2026-09-18T10:43:21Z,14,120,106,success,(ok true),ok,
2026-09-18T11:00:58Z,9017444,0xce67b608df0618deab7b16b513487636a76a02737e74d954e2569f5166b2e173,zest-v2,SP1A27KFY4XERQCCRCARCYD1CC5N7M6688BSYADJ7.v0-8-market,collateral-remove-redeem,SP3A7MGAH0SKC1ACS854PHXHVWE031FYQCBA8M51D,2026-09-18T11:00:44Z,14,120,106,success,(ok u150000124007),ok,
2026-09-18T11:05:48Z,9017466,0xae9738f7afc9922c4bad0e49093e9416fb714236a8d0751f90cf18b8d30de09a,zest-v2,SP1A27KFY4XERQCCRCARCYD1CC5N7M6688BSYADJ7.v0-8-market,borrow,SP3XBCE7R73W9TPWSM3B1NYKHYY9P5K81HE0TWPRP,2026-09-18T11:05:18Z,30,120,90,success,(ok true),ok,
2026-09-18T11:08:42Z,9017478,0xf19e020ca4a3dd93146ddc86797fd1a981e5db696fd5055be5ba118795bf5def,zest-v2,SP1A27KFY4XERQCCRCARCYD1CC5N7M6688BSYADJ7.v0-8-market,supply-collateral-add,SP3XBCE7R73W9TPWSM3B1NYKHYY9P5K81HE0TWPRP,2026-09-18T11:08:07Z,35,120,85,success,(ok u9074499168),ok,
2026-09-18T11:13:59Z,9017503,0x7acd3a728a148541918d191a6db17dedc9fc071b9f6ddbb104c944ef8d9faaee,zest-v2,SP1A27KFY4XERQCCRCARCYD1CC5N7M6688BSYADJ7.v0-8-market,collateral-remove-redeem,SP1MZ5N6YCQ5BFHK4N9NFGXG2K4N53BQ0MFXAKAC1,2026-09-18T11:13:52Z,7,120,113,success,(ok u25730579480),ok,
2026-09-18T11:19:58Z,9017533,0x17f6b1fa2a8ea0d88013c780f3aeade647502148efb283215d5fed61bc9cd074,zest-v2,SP1A27KFY4XERQCCRCARCYD1CC5N7M6688BSYADJ7.v0-8-market,collateral-remove-redeem,SP1MZ5N6YCQ5BFHK4N9NFGXG2K4N53BQ0MFXAKAC1,2026-09-18T11:19:39Z,19,120,101,success,(ok u25090490106),ok,
2026-09-18T11:26:54Z,9017566,0x92171596f9d687332abfc4cebad2b944c0954c089d96c4b283544d410bb1587a,zest-v2,SP1A27KFY4XERQCCRCARCYD1CC5N7M6688BSYADJ7.v0-8-market,collateral-remove-redeem,SP1MZ5N6YCQ5BFHK4N9NFGXG2K4N53BQ0MFXAKAC1,2026-09-18T11:26:26Z,28,120,92,success,(ok u50523284460),ok,
2026-09-18T11:27:05Z,9017567,0xa10e90bc0c79f9575ccd207db31b64ffd44e5d45c634beabe25f50d55ca4ab37,zest-v2,SP1A27KFY4XERQCCRCARCYD1CC5N7M6688BSYADJ7.v0-8-market,supply-collateral-add,SP3A7MGAH0SKC1ACS854PHXHVWE031FYQCBA8M51D,2026-09-18T11:26:51Z,14,120,106,success,(ok u49877469793),ok,
2026-09-18T11:27:43Z,9017570,0xe650649594f0750d7e2cae5be0afa5df7a13d04d0fab018d6681dd7084fcfa8d,zest-v2,SP1A27KFY4XERQCCRCARCYD1CC5N7M6688BSYADJ7.v0-8-market,borrow,SP3A7MGAH0SKC1ACS854PHXHVWE031FYQCBA8M51D,2026-09-18T11:27:25Z,18,120,102,success,(ok true),ok,
2026-09-18T11:33:52Z,9017600,0xa96870aa99c5326fe49db492d43a1767e7e354cd4c9dc3bd19cfa3794fe162f1,zest-v2,SP1A27KFY4XERQCCRCARCYD1CC5N7M6688BSYADJ7.v0-8-market,collateral-remove-redeem,SP1MZ5N6YCQ5BFHK4N9NFGXG2K4N53BQ0MFXAKAC1,2026-09-18T11:33:31Z,21,120,99,success,(ok u62203496),ok,
2026-09-18T11:34:27Z,9017603,0xcbc3f8667c7dc6cd5189f052cc61f387fe2a8ab22d3c5286a0c3023bfe23c7e9,zest-v2,SP1A27KFY4XERQCCRCARCYD1CC5N7M6688BSYADJ7.v0-8-market,collateral-remove-redeem,SP1MZ5N6YCQ5BFHK4N9NFGXG2K4N53BQ0MFXAKAC1,2026-09-18T11:34:21Z,6,120,114,success,(ok u8595682034),ok,
2026-09-18T12:57:33Z,9018056,0xd044cf86b1f784f7fe9e6facd52569acc8d1841f03057e55cfbe2ee185e17b3e,zest-v2,SP1A27KFY4XERQCCRCARCYD1CC5N7M6688BSYADJ7.v0-8-market,borrow,SP1AX2ND6NE41YNN9C0SDJV2N11X7684RBKQWB9XD,2026-09-18T12:57:13Z,20,120,100,success,(ok true),ok,
2026-09-18T13:23:35Z,9018194,0x881e6f4c1b02c7f7015049b2b75e204e709ceede2a32c899ef8d4c7cd1d0abdb,zest-v2,SP1A27KFY4XERQCCRCARCYD1CC5N7M6688BSYADJ7.v0-8-market,collateral-remove-redeem,SP3TGF6BJZWPZMHVXAP6BT8D9V5JW6X4JDD8MPNTD,2026-09-18T13:23:19Z,16,120,104,success,(ok u90000727904),ok,
2026-09-18T13:32:59Z,9018247,0x13026d54162c49286ecabd1d93ad907b84340c865b8c7b1c55245f519964531b,zest-v2,SP1A27KFY4XERQCCRCARCYD1CC5N7M6688BSYADJ7.v0-8-market,borrow,SP33HRNWBTQK9GEPQN7G4SD9D7RCNGAQZDM53EHX4,2026-09-18T13:32:50Z,9,120,111,success,(ok true),ok,
2026-09-18T13:49:38Z,9018343,0x28773e54e7dfe2a5fc5404d5c7f92d7b56b6102c39577160706a0267359a14c2,zest-v2,SP1A27KFY4XERQCCRCARCYD1CC5N7M6688BSYADJ7.v0-8-market,collateral-remove-redeem,SP3A7MGAH0SKC1ACS854PHXHVWE031FYQCBA8M51D,2026-09-18T13:49:23Z,15,120,105,success,(ok u50000113974),ok,
2026-09-18T14:00:43Z,9018394,0x84c277dfbe2f41f5bb82eee4b9ca43db6bdfeb4061e01d66e946f35a66d19e9f,zest-v2,SP1A27KFY4XERQCCRCARCYD1CC5N7M6688BSYADJ7.v0-8-market,supply-collateral-add,SP2ZM1KNQNS96RM1MAJTZV7WE7F38GFGRND4E80DW,2026-09-18T14:00:17Z,26,120,94,success,(ok u157334616),ok,
2026-09-18T14:02:50Z,9018404,0x7f0654c5949dd57f18e39d0c0445b84b5e0dab54337d807714153c6392d8aed1,zest-v2,SP1A27KFY4XERQCCRCARCYD1CC5N7M6688BSYADJ7.v0-8-market,supply-collateral-add,SP3A7MGAH0SKC1ACS854PHXHVWE031FYQCBA8M51D,2026-09-18T14:02:29Z,21,120,99,success,(ok u39978005),ok,
2026-09-18T14:03:29Z,9018407,0x963acc853c663462a9b3b8d3e9718a46ea5372d42589612271940916f8fa23cc,zest-v2,SP1A27KFY4XERQCCRCARCYD1CC5N7M6688BSYADJ7.v0-8-market,borrow,SP3A7MGAH0SKC1ACS854PHXHVWE031FYQCBA8M51D,2026-09-18T14:03:20Z,9,120,111,success,(ok true),ok,
2026-09-18T14:13:12Z,9018455,0x86c5a3fce01640796669184e299aca2c9a01866ee54834ddfa2bb347de715519,zest-v2,SP1A27KFY4XERQCCRCARCYD1CC5N7M6688BSYADJ7.v0-8-market,supply-collateral-add,SP2ZM1KNQNS96RM1MAJTZV7WE7F38GFGRND4E80DW,2026-09-18T14:12:44Z,28,120,92,success,(ok u157416153),ok,
2026-09-18T14:27:55Z,9018540,0xed312984328f0417ed956514fc8dbbf8f81d861d770701eeff00decf871f5fac,zest-v2,SP1A27KFY4XERQCCRCARCYD1CC5N7M6688BSYADJ7.v0-8-market,supply-collateral-add,SP2ZM1KNQNS96RM1MAJTZV7WE7F38GFGRND4E80DW,2026-09-18T14:27:35Z,20,120,100,success,(ok u157436964),ok,
2026-09-18T14:30:18Z,9018555,0x6394e759125d8c4464fdcf7e87b39185af3ff3912c7306ae5f8bc2a92c987530,zest-v2,SP1A27KFY4XERQCCRCARCYD1CC5N7M6688BSYADJ7.v0-8-market,collateral-remove-redeem,SP091SCEQ46G2KKXZ6Q3FJACVPE45CERG48J0G9A,2026-09-18T14:30:04Z,14,120,106,success,(ok u654891644),ok,
2026-09-18T14:30:38Z,9018557,0x5d8dfdef9214be43fd7c928fde30bba697b98f8fb179058e59a2bbd016234ece,zest-v2,SP1A27KFY4XERQCCRCARCYD1CC5N7M6688BSYADJ7.v0-8-market,supply-collateral-add,SP1CQ4D640TNM998S1K50FP2BF78J6AVS2BT6E3HP,2026-09-18T14:30:22Z,16,120,104,success,(ok u20704370),ok,
2026-09-18T14:30:56Z,9018559,0x3cca5f856ef109ad6edd6758b3644cafe355aea35fb781f172359e6c8a7b9ee3,zest-v2,SP1A27KFY4XERQCCRCARCYD1CC5N7M6688BSYADJ7.v0-8-market,supply-collateral-add,SP1CQ4D640TNM998S1K50FP2BF78J6AVS2BT6E3HP,2026-09-18T14:30:49Z,7,120,113,abort_by_post_condition,(err u1),revert:non-oracle,
2026-09-18T14:31:36Z,9018563,0x737caa772be57a1a2541c4c2e9645eff3f82639530ab89ba5718159c04611204,zest-v2,SP1A27KFY4XERQCCRCARCYD1CC5N7M6688BSYADJ7.v0-8-market,borrow,SP1CQ4D640TNM998S1K50FP2BF78J6AVS2BT6E3HP,2026-09-18T14:31:28Z,8,120,112,success,(ok true),ok,
2026-09-18T14:38:46Z,9018606,0x2dd83a2a703409d300f2fcf6726cff887695e84a68e68b83866d35a71f6d9eb6,zest-v2,SP1A27KFY4XERQCCRCARCYD1CC5N7M6688BSYADJ7.v0-8-market,supply-collateral-add,SP091SCEQ46G2KKXZ6Q3FJACVPE45CERG48J0G9A,2026-09-18T14:38:23Z,23,120,97,success,(ok u654451773),ok,
2026-09-18T14:39:34Z,9018611,0x6cd3eca806d3ade01fe342da0c9ecade2a605ff784df799bdabcc86f9b45cb7a,zest-v2,SP1A27KFY4XERQCCRCARCYD1CC5N7M6688BSYADJ7.v0-8-market,borrow,SPTWWMRF4ECHHJV8RSJF3057DNBFQCEMJH1DGTF,2026-09-18T14:39:13Z,21,120,99,success,(ok true),ok,
2026-09-18T14:50:18Z,9018677,0x094a1c151e47c142b6c2717edbb1294b47c1ec8d45ca5c91f11ecd9dacde51c6,zest-v2,SP1A27KFY4XERQCCRCARCYD1CC5N7M6688BSYADJ7.v0-8-market,supply-collateral-add,SPTWWMRF4ECHHJV8RSJF3057DNBFQCEMJH1DGTF,2026-09-18T14:50:04Z,14,120,106,success,(ok u24653977669),ok,
2026-09-18T14:56:37Z,9018717,0xd3fdb3189eda90b1a4fefdd2e25bfc3262de596cb2d65228f008ee19b7ef9173,zest-v2,SP1A27KFY4XERQCCRCARCYD1CC5N7M6688BSYADJ7.v0-8-market,supply-collateral-add,SP2ZM1KNQNS96RM1MAJTZV7WE7F38GFGRND4E80DW,2026-09-18T14:56:09Z,28,120,92,success,(ok u157459148),ok,
2026-09-18T15:31:53Z,9018911,0x4e307c64362b3486f75423c92c46fbda24d6795f2b5ce4eb3ace88f0e52814a1,zest-v2,SP1A27KFY4XERQCCRCARCYD1CC5N7M6688BSYADJ7.v0-8-market,supply-collateral-add,SP2ZM1KNQNS96RM1MAJTZV7WE7F38GFGRND4E80DW,2026-09-18T15:31:35Z,18,120,102,success,(ok u157473680),ok,
2026-09-18T16:25:50Z,9019195,0x0b29bbc06073d128b52aeb865853abd10dc4b70dd748e1e04596d0535014895e,zest-v1,SP2VCQJGH7PHP2DJK7Z0V48AGBHQAW3R3ZW1QF4N.borrow-helper-v2-1-8,withdraw,SPCW19JT7K2T5RZ4HFA5FKTX9EZDY4TBPZCV0EEB,2026-09-18T16:24:54Z,56,360,304,success,(ok true),ok,
2026-09-18T16:36:53Z,9019241,0x936af907857ce6df6a601015beafdb26aeff87c8d79fb1210a9489a8cc2b1821,zest-v2,SP1A27KFY4XERQCCRCARCYD1CC5N7M6688BSYADJ7.v0-8-market,collateral-remove-redeem,SP3A7MGAH0SKC1ACS854PHXHVWE031FYQCBA8M51D,2026-09-18T16:36:34Z,19,120,101,success,(ok u40000014),ok,
2026-09-18T16:37:54Z,9019246,0x477c088df70661a1b323d669d4fd91f72c43ee1e885edb6da715b2be0cb55891,zest-v2,SP1A27KFY4XERQCCRCARCYD1CC5N7M6688BSYADJ7.v0-8-market,borrow,SP2RNHHQDTHGHPEVX83291K4AQZVGWEJ7WCQQDA9R,2026-09-18T16:37:46Z,8,120,112,success,(ok true),ok,
2026-09-18T16:46:50Z,9019288,0xb1219355df1f8988e433d34eb436cf6fa16ed78ab20ee706bab4bdd5e292b76e,zest-v2,SP1A27KFY4XERQCCRCARCYD1CC5N7M6688BSYADJ7.v0-8-market,borrow,SP3WAAYXPC6WZNEC7SHGR36D32RJPZVXRR1BG0QSY,2026-09-18T16:46:23Z,27,120,93,success,(ok true),ok,
2026-09-18T16:47:16Z,9019290,0x7683edc192912684aab4472be80802c7de184ce9e78309c43b5738c045bfcc8f,zest-v2,SP1A27KFY4XERQCCRCARCYD1CC5N7M6688BSYADJ7.v0-8-market,supply-collateral-add,SP1TPYSSG52FKCDHHN8Y76ABMA12P069BZBFAYEAF,2026-09-18T16:47:06Z,10,120,110,success,(ok u63609),ok,
2026-09-18T16:48:57Z,9019298,0x0858ee602046bbc6a2cb964ff05ebbe23f1f24388b1a66189b12ab4fa277917a,zest-v2,SP1A27KFY4XERQCCRCARCYD1CC5N7M6688BSYADJ7.v0-8-market,borrow,SP1TPYSSG52FKCDHHN8Y76ABMA12P069BZBFAYEAF,2026-09-18T16:48:47Z,10,120,110,success,(ok true),ok,
2026-09-18T16:55:27Z,9019327,0x6a126b584e4de000a993dca26a1ed093105ab1a4091cb723449e2b9d00d368e6,zest-v2,SP1A27KFY4XERQCCRCARCYD1CC5N7M6688BSYADJ7.v0-8-market,collateral-remove,SP3RW6BW9F5STYG2K8XS5EP5PM33E0DNQT4XEG864,2026-09-18T16:55:05Z,22,120,98,success,(ok u0),ok,
2026-09-18T17:49:55Z,9019572,0xeed3a2ea3540e45081a497fe092432bca2eecb2f413ca22972eef0fc928befdb,zest-v2,SP1A27KFY4XERQCCRCARCYD1CC5N7M6688BSYADJ7.v0-8-market,supply-collateral-add,SP1P6YHX7YKEGHVZ4CQRV3D78RP3FZ9MM9XC5Q8GG,2026-09-18T17:49:40Z,15,120,105,success,(ok u1153),ok,
2026-09-18T17:50:29Z,9019575,0xfa51387cd737026bbd2b5dc328402c1a871bcf202dcad493988e11b6dc134701,zest-v2,SP1A27KFY4XERQCCRCARCYD1CC5N7M6688BSYADJ7.v0-8-market,collateral-remove,SP1P6YHX7YKEGHVZ4CQRV3D78RP3FZ9MM9XC5Q8GG,2026-09-18T17:50:17Z,12,120,108,success,(ok u0),ok,
2026-09-18T18:51:14Z,9019906,0x7f72224b26e2b553efb09507650525231c6c5ec6bd3a5986fcb0e650e4c0048e,zest-v1,SP2VCQJGH7PHP2DJK7Z0V48AGBHQAW3R3ZW1QF4N.borrow-helper-v2-1-8,withdraw,SP207JAX08YB9QYM0090P8W9FYVEXDGGPMEEHR0Z1,2026-09-18T18:51:08Z,6,360,354,success,(ok true),ok,
2026-09-18T19:26:17Z,9020080,0x35f9617c4d7229e9e029d81ad0e8012272ffb1438666f94c6e9fbbc80a76e5da,zest-v2,SP1A27KFY4XERQCCRCARCYD1CC5N7M6688BSYADJ7.v0-8-market,borrow,SP1JBBGYFQ7M19C2C8N08HGP3M57NZYE3QZKKT79K,2026-09-18T19:25:36Z,41,120,79,success,(ok true),ok,
2026-09-18T19:27:04Z,9020085,0xa21de05e676fbc6a2b9a4197c657fb77d26d9624f1f97935910b90c0cb0dda7b,zest-v2,SP1A27KFY4XERQCCRCARCYD1CC5N7M6688BSYADJ7.v0-8-market,supply-collateral-add,SP2ZM1KNQNS96RM1MAJTZV7WE7F38GFGRND4E80DW,2026-09-18T19:26:48Z,16,120,104,success,(ok u157494583),ok,
2026-09-18T19:29:37Z,9020101,0x4d978dda4c0014122fcd2dd3f65c97495d9273705a0059d4e31c2a6568c2b94b,zest-v2,SP1A27KFY4XERQCCRCARCYD1CC5N7M6688BSYADJ7.v0-8-market,borrow,SP1ZCA2YV8TGX1NCJ8K04P5WJSGJVM1XD44APZD9Q,2026-09-18T19:29:20Z,17,120,103,success,(ok true),ok,
2026-09-18T19:34:16Z,9020130,0x68a7e33bfb001f75e0c053c5a074c3ff223ea789ecd496f9f5c5f3b2d625d43f,zest-v2,SP1A27KFY4XERQCCRCARCYD1CC5N7M6688BSYADJ7.v0-8-market,supply-collateral-add,SP2ZM1KNQNS96RM1MAJTZV7WE7F38GFGRND4E80DW,2026-09-18T19:33:57Z,19,120,101,success,(ok u157497651),ok,
2026-09-18T20:13:30Z,9020338,0x3334ba4068b604495813d1c14518d86385ca940b58b173c5607bca61b6204eb9,zest-v2,SP1A27KFY4XERQCCRCARCYD1CC5N7M6688BSYADJ7.v0-8-market,collateral-remove-redeem,SP3BA2YF4KX2SKVPCA0P0YX6NZRP0K6T3Z9131G86,2026-09-18T20:12:56Z,34,120,86,success,(ok u164193),ok,
2026-09-18T20:32:16Z,9020430,0x5515321c055f840e7e38e7659ca096fb8b4196fbb87ef2476c064cf975270024,zest-v2,SP1A27KFY4XERQCCRCARCYD1CC5N7M6688BSYADJ7.v0-8-market,supply-collateral-add,SP3TGF6BJZWPZMHVXAP6BT8D9V5JW6X4JDD8MPNTD,2026-09-18T20:31:27Z,49,120,71,success,(ok u118460659180),ok,
2026-09-18T20:32:16Z,9020430,0x54bac34ccd74598294cf76a144c0aed58e4e24d2d68caf098ad4e1b59880612c,zest-v2,SP1A27KFY4XERQCCRCARCYD1CC5N7M6688BSYADJ7.v0-8-market,supply-collateral-add,SP3BA2YF4KX2SKVPCA0P0YX6NZRP0K6T3Z9131G86,2026-09-18T20:31:36Z,40,120,80,success,(ok u50000000),ok,
2026-09-18T20:33:01Z,9020432,0xd34f8565346cd61e8aa8c3d82496106bfb8a05f4a954cdbabc515c51dbc7fbc1,zest-v2,SP1A27KFY4XERQCCRCARCYD1CC5N7M6688BSYADJ7.v0-8-market,borrow,SP3TGF6BJZWPZMHVXAP6BT8D9V5JW6X4JDD8MPNTD,2026-09-18T20:32:48Z,13,120,107,success,(ok true),ok,
2026-09-18T20:39:24Z,9020454,0x4576fa0a863afba8d1e36b40711fdf0483f4af3cad372a1bf6110e1ec9f03e9f,zest-v2,SP1A27KFY4XERQCCRCARCYD1CC5N7M6688BSYADJ7.v0-8-market,supply-collateral-add,SP3TGF6BJZWPZMHVXAP6BT8D9V5JW6X4JDD8MPNTD,2026-09-18T20:39:10Z,14,120,106,success,(ok u182626827139),ok,
2026-09-18T20:40:15Z,9020457,0x0f759f0ca5b94743fc350f0d524cafb31f2ab798e40e8ee3354b620b5bdd9136,zest-v2,SP1A27KFY4XERQCCRCARCYD1CC5N7M6688BSYADJ7.v0-8-market,borrow,SP3TGF6BJZWPZMHVXAP6BT8D9V5JW6X4JDD8MPNTD,2026-09-18T20:40:03Z,12,120,108,success,(ok true),ok,
2026-09-18T20:56:11Z,9020532,0xe950b9cb6b4bc2bc0ecc4c2a4c14e2227d8b53209d5761ea4a1a7386e1615487,zest-v2,SP1A27KFY4XERQCCRCARCYD1CC5N7M6688BSYADJ7.v0-8-market,supply-collateral-add,SP190SB44V748QCM9MC8QVK1JH13NB3T21177XB90,2026-09-18T20:55:22Z,49,120,71,success,(ok u548000000),ok,
2026-09-18T21:02:45Z,9020563,0x44c6bc59c9ff2094f6e0d0fee5a11bc613055f7924c2334d6b2a121dad193968,zest-v2,SP1A27KFY4XERQCCRCARCYD1CC5N7M6688BSYADJ7.v0-8-market,collateral-remove-redeem,SP3TGF6BJZWPZMHVXAP6BT8D9V5JW6X4JDD8MPNTD,2026-09-18T20:57:24Z,321,120,-201,success,(ok u185000249932),ok,
2026-09-18T21:21:33Z,9020651,0x42f1820539ddf16eb411595074fe71dda196717c08590e9a28c769f5a1872ea2,zest-v2,SP1A27KFY4XERQCCRCARCYD1CC5N7M6688BSYADJ7.v0-8-market,supply-collateral-add,SP3TGF6BJZWPZMHVXAP6BT8D9V5JW6X4JDD8MPNTD,2026-09-18T21:21:25Z,8,120,112,success,(ok u148075464609),ok,
2026-09-18T21:22:23Z,9020655,0xbdd971e28bf3a650de141555ce6aa3ccab183b8868f567ee4bc526521d2ddd73,zest-v2,SP1A27KFY4XERQCCRCARCYD1CC5N7M6688BSYADJ7.v0-8-market,borrow,SP3TGF6BJZWPZMHVXAP6BT8D9V5JW6X4JDD8MPNTD,2026-09-18T21:22:08Z,15,120,105,success,(ok true),ok,
2026-09-18T21:36:59Z,9020716,0x946d4f55f96f54672f078d84de4481924d7bc54f1b2f897f0d40ea7af07f1e9d,zest-v2,SP1A27KFY4XERQCCRCARCYD1CC5N7M6688BSYADJ7.v0-8-market,supply-collateral-add,SP3TGF6BJZWPZMHVXAP6BT8D9V5JW6X4JDD8MPNTD,2026-09-18T21:36:49Z,10,120,110,success,(ok u177690535354),ok,
2026-09-18T21:37:27Z,9020719,0xd806e04c845d00ff56b7a08b0438b272c3ab37c62cc69e98d349b2f5fae3ec7f,zest-v2,SP1A27KFY4XERQCCRCARCYD1CC5N7M6688BSYADJ7.v0-8-market,borrow,SP3TGF6BJZWPZMHVXAP6BT8D9V5JW6X4JDD8MPNTD,2026-09-18T21:37:18Z,9,120,111,success,(ok true),ok,
2026-09-18T22:12:42Z,9020911,0x5f77cdfc164e1668537440173e973bc6f6403486bd646a32c2528b3788e8d61d,zest-v2,SP1A27KFY4XERQCCRCARCYD1CC5N7M6688BSYADJ7.v0-8-market,supply-collateral-add,SP3A7MGAH0SKC1ACS854PHXHVWE031FYQCBA8M51D,2026-09-18T22:12:31Z,11,120,109,success,(ok u197433465219),ok,
2026-09-18T22:13:22Z,9020915,0x320d9c0ed3b88a51f29641dd369d9d5d1730c8323f804431f659a82413f288f5,zest-v2,SP1A27KFY4XERQCCRCARCYD1CC5N7M6688BSYADJ7.v0-8-market,borrow,SP3A7MGAH0SKC1ACS854PHXHVWE031FYQCBA8M51D,2026-09-18T22:13:12Z,10,120,110,success,(ok true),ok,
2026-09-18T22:17:13Z,9020937,0xb5e608b55912bca3c0e75d7aae89b36074d88a9edef419bf25b52a86b0229640,zest-v2,SP1A27KFY4XERQCCRCARCYD1CC5N7M6688BSYADJ7.v0-8-market,collateral-remove-redeem,SP3KPRN53ZGD45B3WRTDMZZEHBJSFQ8AKN9RE6FKS,2026-09-18T22:17:02Z,11,120,109,success,(ok u50000034603),ok,
2026-09-18T22:18:19Z,9020943,0xf2fa5e63d869460691377e59ed944093e250eb8a237fb39083c8bc91ab89a01d,zest-v2,SP1A27KFY4XERQCCRCARCYD1CC5N7M6688BSYADJ7.v0-8-market,borrow,SP3A7MGAH0SKC1ACS854PHXHVWE031FYQCBA8M51D,2026-09-18T22:18:11Z,8,120,112,success,(ok true),ok,
2026-09-18T22:21:03Z,9020959,0x0fa41cea548a0f3ce09c21acbea14a27631b958e98d3b11b8f0540c02ab14685,zest-v2,SP1A27KFY4XERQCCRCARCYD1CC5N7M6688BSYADJ7.v0-8-market,collateral-remove-redeem,SPCE87V29VDPEAS925YMV2VG3CMBHY0BXKB08NA4,2026-09-18T22:20:48Z,15,120,105,success,(ok u19999999),ok,
2026-09-18T22:23:34Z,9020974,0xae5a43dc7c02959a3bc59cd06b5e99bfec809c33a8f58ac8955d025d23d9c450,zest-v2,SP1A27KFY4XERQCCRCARCYD1CC5N7M6688BSYADJ7.v0-8-market,borrow,SP3A7MGAH0SKC1ACS854PHXHVWE031FYQCBA8M51D,2026-09-18T22:23:25Z,9,120,111,success,(ok true),ok,
2026-09-18T22:27:05Z,9020994,0xc828aec309478ab566aaa2e19783ae4b208989023d4aad392b7db1160aba055c,zest-v2,SP1A27KFY4XERQCCRCARCYD1CC5N7M6688BSYADJ7.v0-8-market,supply-collateral-add,SP34M22KZDV4TYQZEAM10XC96TZR1G5W75FRHG3KA,2026-09-18T22:26:45Z,20,120,100,success,(ok u19938275316),ok,
2026-09-18T22:30:17Z,9021010,0x9b00ea74e29f22a19d9859120cb49a4fddd6b9793e2ca6c0200a4039ff9a0735,zest-v2,SP1A27KFY4XERQCCRCARCYD1CC5N7M6688BSYADJ7.v0-8-market,collateral-remove-redeem,SP3TGF6BJZWPZMHVXAP6BT8D9V5JW6X4JDD8MPNTD,2026-09-18T22:29:58Z,19,120,101,success,(ok u180000566498),ok,
2026-09-18T22:30:43Z,9021012,0x4ba50535d7bcfe85383c057d8ef07df2c8d229830fd2793cfa7b2c1519bab3bf,zest-v2,SP1A27KFY4XERQCCRCARCYD1CC5N7M6688BSYADJ7.v0-8-market,collateral-remove-redeem,SP3KPRN53ZGD45B3WRTDMZZEHBJSFQ8AKN9RE6FKS,2026-09-18T22:30:26Z,17,120,103,success,(ok u50000016087),ok,
2026-09-18T22:34:37Z,9021031,0x9f6f31ab53d3fe76e3032165e9b953e3be4e48089ae149336d6b42a1e2368c23,zest-v2,SP1A27KFY4XERQCCRCARCYD1CC5N7M6688BSYADJ7.v0-8-market,collateral-remove-redeem,SP3A7MGAH0SKC1ACS854PHXHVWE031FYQCBA8M51D,2026-09-18T22:34:21Z,16,120,104,success,(ok u200000201941),ok,
2026-09-18T22:40:58Z,9021060,0xcc906bd0ae180210e77b7070a288d74d017bc053d811d2c2952100360f5b74fe,zest-v2,SP1A27KFY4XERQCCRCARCYD1CC5N7M6688BSYADJ7.v0-8-market,borrow,SPCE87V29VDPEAS925YMV2VG3CMBHY0BXKB08NA4,2026-09-18T22:40:38Z,20,120,100,success,(ok true),ok,
2026-09-18T23:03:56Z,9021171,0x63136be20af4dd1273dcd3e1073a8e508732b83942ac9d75c7e9920fe34b3647,zest-v2,SP1A27KFY4XERQCCRCARCYD1CC5N7M6688BSYADJ7.v0-8-market,supply-collateral-add,SP1D6WJMETM08X6FAEXMQFPJ5R96GGTDE4REQYF39,2026-09-18T23:03:31Z,25,120,95,success,(ok u668666),ok,
2026-09-18T23:06:51Z,9021185,0x3d672fda0ecb54df0281b8dfad282acfa136229a6b9c8c3da5d6d4899c7ab751,zest-v2,SP1A27KFY4XERQCCRCARCYD1CC5N7M6688BSYADJ7.v0-8-market,borrow,SP1D6WJMETM08X6FAEXMQFPJ5R96GGTDE4REQYF39,2026-09-18T23:06:36Z,15,120,105,success,(ok true),ok,
2026-09-18T23:12:57Z,9021215,0xcf38c086edba81e25842b9c387174dc7a377b82a906f5479db5bb8cf9d98635b,zest-v2,SP1A27KFY4XERQCCRCARCYD1CC5N7M6688BSYADJ7.v0-8-market,borrow,SP1D6WJMETM08X6FAEXMQFPJ5R96GGTDE4REQYF39,2026-09-18T23:12:34Z,23,120,97,success,(ok true),ok,
2026-09-18T23:37:30Z,9021329,0xff08fcf1c673e5f98bae5b7f36ba09c146fcba5f9fd52bf7602736c76589347c,zest-v2,SP1A27KFY4XERQCCRCARCYD1CC5N7M6688BSYADJ7.v0-8-market,supply-collateral-add,SPN9X5E8BB166J7S0NT50Q224QPVQW6M7X7CVCT6,2026-09-18T23:37:02Z,28,120,92,success,(ok u44208612756),ok,
2026-09-18T23:41:17Z,9021345,0x2ccb837ffdb2653665d3fdc997b3cd10dbb82ccb7025bfcc88c9416efb73afcb,zest-v2,SP1A27KFY4XERQCCRCARCYD1CC5N7M6688BSYADJ7.v0-8-market,borrow,SPN9X5E8BB166J7S0NT50Q224QPVQW6M7X7CVCT6,2026-09-18T23:41:05Z,12,120,108,success,(ok true),ok,
2026-09-18T23:43:18Z,9021355,0xf68fa2771697a2f93c26cbfa05b686070cc971604abfe00e2a858e6954ec782d,zest-v2,SP1A27KFY4XERQCCRCARCYD1CC5N7M6688BSYADJ7.v0-8-market,supply-collateral-add,SPN9X5E8BB166J7S0NT50Q224QPVQW6M7X7CVCT6,2026-09-18T23:43:11Z,7,120,113,success,(ok u47578601754),ok,
2026-09-18T23:47:04Z,9021373,0xf611f560a6d3b087fc6885bf734b685cef2ac47fa40b70192ae18cf592461b75,zest-v2,SP1A27KFY4XERQCCRCARCYD1CC5N7M6688BSYADJ7.v0-8-market,collateral-remove,SP2B1TPRCCYK5WVE5QSD1JBD9NA03BM7ZWFH186Z,2026-09-18T23:46:40Z,24,120,96,success,(ok u0),ok,
2026-09-18T23:47:54Z,9021377,0xb39b9c4e9401ef80070b91a88ec03a11bf7174d2a450d0f7496a483dc3e7a0ba,zest-v2,SP1A27KFY4XERQCCRCARCYD1CC5N7M6688BSYADJ7.v0-8-market,collateral-add,SP2B1TPRCCYK5WVE5QSD1JBD9NA03BM7ZWFH186Z,2026-09-18T23:47:37Z,17,120,103,success,(ok u325358157),ok,
2026-09-18T23:49:20Z,9021384,0x005eb0b78c52a2820f15052923000933a76df138e050e6f7d846d5284257450b,zest-v2,SP1A27KFY4XERQCCRCARCYD1CC5N7M6688BSYADJ7.v0-8-market,collateral-remove,SP2B1TPRCCYK5WVE5QSD1JBD9NA03BM7ZWFH186Z,2026-09-18T23:49:03Z,17,120,103,success,(ok u0),ok,
2026-09-18T23:49:59Z,9021387,0x1e49ebdfcdcf73597805d921199375b50da2e7c2251ed986c9a4c4d79c358d71,zest-v2,SP1A27KFY4XERQCCRCARCYD1CC5N7M6688BSYADJ7.v0-8-market,collateral-remove-redeem,SP1VA6890RJFTVKV9BVXR16Z19DX2EAC3MB8GXX3D,2026-09-18T23:49:46Z,13,120,107,success,(ok u10000003813),ok,
2026-09-18T23:51:07Z,9021392,0xf886c112277a9bd753385532dbfac5396de048eea0edc50a663b49978ba6404b,zest-v2,SP1A27KFY4XERQCCRCARCYD1CC5N7M6688BSYADJ7.v0-8-market,collateral-add,SP2B1TPRCCYK5WVE5QSD1JBD9NA03BM7ZWFH186Z,2026-09-18T23:50:11Z,56,120,64,success,(ok u212758),ok,
2026-09-18T23:55:02Z,9021409,0x6a42cabd4899fe152e35d6b9217b5a3e635824d8f3b9525fbf695b206c0c3beb,zest-v2,SP1A27KFY4XERQCCRCARCYD1CC5N7M6688BSYADJ7.v0-8-market,borrow,SP2B1TPRCCYK5WVE5QSD1JBD9NA03BM7ZWFH186Z,2026-09-18T23:54:37Z,25,120,95,success,(ok true),ok,
2026-09-18T23:57:15Z,9021419,0x8cf489ca78637e3f540e4f0f6390abcdc39c4abdbb19e2a130c03f93544611fe,zest-v2,SP1A27KFY4XERQCCRCARCYD1CC5N7M6688BSYADJ7.v0-8-market,collateral-remove-redeem,SP2VG7S0R4Z8PYNYCAQ04HCBX1MH75VT11VXCWQ6G,2026-09-18T23:56:58Z,17,120,103,success,(ok u2004905),ok,
2026-09-18T23:59:57Z,9021431,0xfcf7f7cd2a49162aa04bc80b3723c1ad00464f9096708d46ccc2ed29607fef5d,zest-v2,SP1A27KFY4XERQCCRCARCYD1CC5N7M6688BSYADJ7.v0-8-market,borrow,SP2B1TPRCCYK5WVE5QSD1JBD9NA03BM7ZWFH186Z,2026-09-18T23:59:23Z,34,120,86,success,(ok true),ok,
2026-09-19T00:18:37Z,9021525,0x1d41d886a906c08e74f400458136c318adecbacab043d0709a589b5e06c0b46c,zest-v2,SP1A27KFY4XERQCCRCARCYD1CC5N7M6688BSYADJ7.v0-8-market,collateral-remove-redeem,SP2Y55WKSPB1ACM5RZDAKPDKHECZJD4GZ4V311NP7,2026-09-19T00:18:21Z,16,120,104,success,(ok u3000000752),ok,
2026-09-19T00:43:13Z,9021635,0x3fa03be23dcac4e2f9072eb0636210d94ea5db9a4f04b4a43cc211fc83439d58,zest-v2,SP1A27KFY4XERQCCRCARCYD1CC5N7M6688BSYADJ7.v0-8-market,supply-collateral-add,SP2KAM4A6W2F7NNSA8W21WABP0QW5WANZ4QK67RNR,2026-09-19T00:42:59Z,14,120,106,success,(ok u11991925845),ok,
2026-09-19T00:45:27Z,9021646,0xb7bf02741817aa5f94095d9c66dbf5588b54657702b9c9f68654af912cd2e343,zest-v2,SP1A27KFY4XERQCCRCARCYD1CC5N7M6688BSYADJ7.v0-8-market,borrow,SPN3AV2KQ8HYFHGKC34SGVSS9TNMJXG56GXRSR70,2026-09-19T00:45:10Z,17,120,103,success,(ok true),ok,
2026-09-19T01:14:15Z,9021802,0x05b5fd6ed5efd8e166efe043b2d301e20f4f6127bd280b23ce1fe8e35d484bcc,zest-v2,SP1A27KFY4XERQCCRCARCYD1CC5N7M6688BSYADJ7.v0-8-market,supply-collateral-add,SP2ZM1KNQNS96RM1MAJTZV7WE7F38GFGRND4E80DW,2026-09-19T01:13:51Z,24,120,96,success,(ok u157515233),ok,
2026-09-19T01:18:03Z,9021825,0xde6f96388c9a9c9aeaa8057d438e23ef1a854889db32f79d4df0c79976de3f75,zest-v2,SP1A27KFY4XERQCCRCARCYD1CC5N7M6688BSYADJ7.v0-8-market,supply-collateral-add,SP2ZM1KNQNS96RM1MAJTZV7WE7F38GFGRND4E80DW,2026-09-19T01:17:39Z,24,120,96,success,(ok u157535836),ok,
2026-09-19T01:29:57Z,9021897,0x9e607f87e82e1ed03eee7f0e7fb043ad3f67a4e8c42f8cefd247bd9288a5e30c,zest-v2,SP1A27KFY4XERQCCRCARCYD1CC5N7M6688BSYADJ7.v0-8-market,borrow,SP21GTVTEEDQBBQSK6FPEG4G4XGQRJGJDQV41CAD,2026-09-19T01:29:52Z,5,120,115,success,(ok true),ok,
2026-09-19T01:44:06Z,9021979,0x20dfcb22ea9dda952ac5aff34b504228c3cb55b73caee6756371134b0ec8f593,zest-v2,SP1A27KFY4XERQCCRCARCYD1CC5N7M6688BSYADJ7.v0-8-market,supply-collateral-add,SP3A7MGAH0SKC1ACS854PHXHVWE031FYQCBA8M51D,2026-09-19T01:43:51Z,15,120,105,success,(ok u49876780560),ok,
2026-09-19T01:45:52Z,9021990,0x591d296f472188816e0e49c75fb57a1b767f9215d332efaa5218911fef7d5be0,zest-v2,SP1A27KFY4XERQCCRCARCYD1CC5N7M6688BSYADJ7.v0-8-market,borrow,SP3A7MGAH0SKC1ACS854PHXHVWE031FYQCBA8M51D,2026-09-19T01:45:45Z,7,120,113,success,(ok true),ok,
2026-09-19T02:46:00Z,9022326,0x03c0305eb59067699e75197b3c93c1261301867b1458c80a881f0f8759124c03,zest-v2,SP1A27KFY4XERQCCRCARCYD1CC5N7M6688BSYADJ7.v0-8-market,supply-collateral-add,SPCDCWBEZ9ZEK49BNMDE2MDMJ0E01W02H9SA4TVZ,2026-09-19T02:45:49Z,11,120,109,success,(ok u657232862905),ok,
2026-09-19T02:48:42Z,9022339,0x3abee864d35a388728d6624a177e0026e8e92ebcbec61ac30068b4ed3823c391,zest-v2,SP1A27KFY4XERQCCRCARCYD1CC5N7M6688BSYADJ7.v0-8-market,borrow,SPCDCWBEZ9ZEK49BNMDE2MDMJ0E01W02H9SA4TVZ,2026-09-19T02:48:30Z,12,120,108,success,(ok true),ok,
2026-09-19T06:00:50Z,9023319,0x501c36b7c1abea49421183c033b304e883a343b6041ab7025a589f22d20298a1,zest-v2,SP1A27KFY4XERQCCRCARCYD1CC5N7M6688BSYADJ7.v0-8-market,collateral-add,SP1YVB3MFVN7DFQF3VEBRE3R24066BVGMX6FHBD90,2026-09-19T06:00:16Z,34,120,86,success,(ok u999945),ok,
2026-09-19T06:05:03Z,9023340,0xa13ad533ba0b019e25aa3492e36541f66dac18f348c6b85723eb43ba5665fea6,zest-v2,SP1A27KFY4XERQCCRCARCYD1CC5N7M6688BSYADJ7.v0-8-market,collateral-remove,SP1YVB3MFVN7DFQF3VEBRE3R24066BVGMX6FHBD90,2026-09-19T06:03:56Z,67,120,53,success,(ok u0),ok,
2026-09-19T06:47:55Z,9023572,0xa02b4e8b4de257de2288ddc320d56538eb6a8d405531a28f3304925034b5564d,zest-v2,SP1A27KFY4XERQCCRCARCYD1CC5N7M6688BSYADJ7.v0-8-market,collateral-add,SP1YVB3MFVN7DFQF3VEBRE3R24066BVGMX6FHBD90,2026-09-19T06:47:19Z,36,120,84,success,(ok u199999520),ok,
2026-09-19T06:52:14Z,9023599,0xfaa794f12e152d74cefe8b70d8e8d898ab95fc0a6b3d761d48305201f4c31dbf,zest-v2,SP1A27KFY4XERQCCRCARCYD1CC5N7M6688BSYADJ7.v0-8-market,borrow,SP1YVB3MFVN7DFQF3VEBRE3R24066BVGMX6FHBD90,2026-09-19T06:51:51Z,23,120,97,success,(ok true),ok,
2026-09-19T06:56:33Z,9023621,0x81561f89e0497e511e8d9aea59657352306f3890ebe9808bab39277a6554c31d,zest-v2,SP1A27KFY4XERQCCRCARCYD1CC5N7M6688BSYADJ7.v0-8-market,collateral-add,SP1YVB3MFVN7DFQF3VEBRE3R24066BVGMX6FHBD90,2026-09-19T06:56:05Z,28,120,92,success,(ok u210055307),ok,
2026-09-19T07:05:32Z,9023664,0xb1ba6b86db19aa1abf8e4b37b3706235fd9c0c26ff36d4f4e772fc1435421222,zest-v2,SP1A27KFY4XERQCCRCARCYD1CC5N7M6688BSYADJ7.v0-8-market,collateral-add,SP1YVB3MFVN7DFQF3VEBRE3R24066BVGMX6FHBD90,2026-09-19T07:05:00Z,32,120,88,success,(ok u220082132),ok,
2026-09-19T07:13:02Z,9023701,0x11386c07f0d982e2f8384e6e6d61414e238c2cf55668eb43493ea6a0190a8ea9,zest-v2,SP1A27KFY4XERQCCRCARCYD1CC5N7M6688BSYADJ7.v0-8-market,collateral-add,SP1YVB3MFVN7DFQF3VEBRE3R24066BVGMX6FHBD90,2026-09-19T07:12:41Z,21,120,99,success,(ok u240102985),ok,
2026-09-19T07:17:08Z,9023720,0xa4076c41ad2353138aa6b1c032636c33e93fb651411e5be826f567cd4354a4af,zest-v2,SP1A27KFY4XERQCCRCARCYD1CC5N7M6688BSYADJ7.v0-8-market,collateral-remove-redeem,SP3A7MGAH0SKC1ACS854PHXHVWE031FYQCBA8M51D,2026-09-19T07:17:00Z,8,120,112,success,(ok u50000267017),ok,
2026-09-19T07:27:54Z,9023775,0xd1999c168903b2c33f479ff879429233695e0eda143712101a8a0b2bc38ee744,zest-v2,SP1A27KFY4XERQCCRCARCYD1CC5N7M6688BSYADJ7.v0-8-market,supply-collateral-add,SP3A7MGAH0SKC1ACS854PHXHVWE031FYQCBA8M51D,2026-09-19T07:27:40Z,14,120,106,success,(ok u98713546357),ok,
2026-09-19T07:28:45Z,9023780,0xd0969d79f3b178aa64e1b46beafac4eb7d741fc2e0875ddd4b029378236f08a3,zest-v2,SP1A27KFY4XERQCCRCARCYD1CC5N7M6688BSYADJ7.v0-8-market,borrow,SP3A7MGAH0SKC1ACS854PHXHVWE031FYQCBA8M51D,2026-09-19T07:28:29Z,16,120,104,success,(ok true),ok,
2026-09-19T07:47:08Z,9023885,0x4c073f863d28a7b082e686d4585ce2f71e77791d953fb3882cd9f0052a7c4f5f,zest-v2,SP1A27KFY4XERQCCRCARCYD1CC5N7M6688BSYADJ7.v0-8-market,collateral-remove-redeem,SP3A7MGAH0SKC1ACS854PHXHVWE031FYQCBA8M51D,2026-09-19T07:46:54Z,14,120,106,success,(ok u100000095255),ok,
2026-09-19T07:59:29Z,9023940,0x05ff0d81c8adf01b3c4556e89ec2d4a81fa97b19d0e9f334da2ed5459ef7c415,zest-v2,SP1A27KFY4XERQCCRCARCYD1CC5N7M6688BSYADJ7.v0-8-market,supply-collateral-add,SP1MZ5N6YCQ5BFHK4N9NFGXG2K4N53BQ0MFXAKAC1,2026-09-19T07:59:20Z,9,120,111,success,(ok u49356694925),ok,
2026-09-19T07:59:59Z,9023943,0xa92e8b0c03849a7f26205346ada9c6d2360e5551fe1d26ef2e2631e5ed6048c0,zest-v2,SP1A27KFY4XERQCCRCARCYD1CC5N7M6688BSYADJ7.v0-8-market,borrow,SP1MZ5N6YCQ5BFHK4N9NFGXG2K4N53BQ0MFXAKAC1,2026-09-19T07:59:51Z,8,120,112,success,(ok true),ok,
2026-09-19T08:01:01Z,9023949,0xaf25f24f80817d1a255ebf559aa022d5d0a59181f8cfdc62ce8e222ed6293320,zest-v1,SP2VCQJGH7PHP2DJK7Z0V48AGBHQAW3R3ZW1QF4N.borrow-helper-v2-1-8,withdraw,SPVGHVMWEE5PE0PJPQ0XVKAGCM5VRVEMSYKB3VY3,2026-09-19T08:00:49Z,12,360,348,success,(ok true),ok,
2026-09-19T08:01:51Z,9023954,0xfe4b1517545cc16b85c3d23ba3c5f2378ae474b292164ad69440dbd995c55d38,zest-v1,SP2VCQJGH7PHP2DJK7Z0V48AGBHQAW3R3ZW1QF4N.borrow-helper-v2-1-8,withdraw,SPVGHVMWEE5PE0PJPQ0XVKAGCM5VRVEMSYKB3VY3,2026-09-19T08:01:46Z,5,360,355,success,(ok true),ok,
2026-09-19T08:03:34Z,9023963,0xf073e318240f06f5dbc19ffe64ddc5fc71c651ab06a1ac5547378dd0bf0a9ea4,zest-v2,SP1A27KFY4XERQCCRCARCYD1CC5N7M6688BSYADJ7.v0-8-market,supply-collateral-add,SPVGHVMWEE5PE0PJPQ0XVKAGCM5VRVEMSYKB3VY3,2026-09-19T08:03:25Z,9,120,111,success,(ok u99932629),ok,
2026-09-19T08:06:33Z,9023979,0x2704db227104acba1ca5ebc93471ecada32a224f5ed7401b98d41aca109d4f5c,zest-v2,SP1A27KFY4XERQCCRCARCYD1CC5N7M6688BSYADJ7.v0-8-market,borrow,SPVGHVMWEE5PE0PJPQ0XVKAGCM5VRVEMSYKB3VY3,2026-09-19T08:06:26Z,7,120,113,success,(ok true),ok,
2026-09-19T08:40:55Z,9024159,0xd5f7f6c0cea116affb77350f96faa6e31216dfe02c13199b9ad2c20e4c17259e,zest-v2,SP1A27KFY4XERQCCRCARCYD1CC5N7M6688BSYADJ7.v0-8-market,collateral-add,SP1YVB3MFVN7DFQF3VEBRE3R24066BVGMX6FHBD90,2026-09-19T08:40:36Z,19,120,101,success,(ok u260032618),ok,
2026-09-19T09:19:30Z,9024334,0x9fe430976341972a57eacdf9c901d0e0d4a3c41f5597f267d3ea03c45ac8ec4d,granite-usdcx,SP3M2BYF7RGF8WKW5FVDNJ6WR8D7AR9BHDXAKPXZE.state-v1,borrow,SP14YFFWP15FJCYRFY6Z0JN71QMMXZYS4CY25HVR2,2026-09-19T09:16:58Z,152,300,148,success,(ok true),ok,
2026-09-19T09:23:15Z,9024352,0xc97733fe2fec78eb6153b6b9d55c47225cd6ac9d3b2dfbf54f37a565b5018808,zest-v2,SP1A27KFY4XERQCCRCARCYD1CC5N7M6688BSYADJ7.v0-8-market,collateral-add,SP1YVB3MFVN7DFQF3VEBRE3R24066BVGMX6FHBD90,2026-09-19T09:22:38Z,37,120,83,success,(ok u269984107),ok,
2026-09-19T09:24:41Z,9024359,0x804aeef416f060b1eafca8719730847481d958341bb5599d85f33914764eba48,zest-v2,SP1A27KFY4XERQCCRCARCYD1CC5N7M6688BSYADJ7.v0-8-market,collateral-add,SP1YVB3MFVN7DFQF3VEBRE3R24066BVGMX6FHBD90,2026-09-19T09:24:17Z,24,120,96,success,(ok u279928649),ok,
2026-09-19T09:26:49Z,9024366,0xe8747b2f15362734d6fb63ba451c3959af780ae4b4bd4988a1a7b351159fda57,zest-v2,SP1A27KFY4XERQCCRCARCYD1CC5N7M6688BSYADJ7.v0-8-market,collateral-add,SP1YVB3MFVN7DFQF3VEBRE3R24066BVGMX6FHBD90,2026-09-19T09:26:09Z,40,120,80,success,(ok u289853966),ok,
2026-09-19T09:28:19Z,9024374,0x94565d6d940eb0c60ffd209d54cd9975f0027d5bd35f70dec1e7a79a998f5340,zest-v2,SP1A27KFY4XERQCCRCARCYD1CC5N7M6688BSYADJ7.v0-8-market,borrow,SP1YVB3MFVN7DFQF3VEBRE3R24066BVGMX6FHBD90,2026-09-19T09:27:48Z,31,120,89,success,(ok true),ok,
2026-09-19T09:30:21Z,9024384,0x9564204656d9d648debd60ee41f5aa60c1cbdc0c4edcd2dae893e626c6774e0f,zest-v2,SP1A27KFY4XERQCCRCARCYD1CC5N7M6688BSYADJ7.v0-8-market,supply-collateral-add,SP3TGF6BJZWPZMHVXAP6BT8D9V5JW6X4JDD8MPNTD,2026-09-19T09:29:57Z,24,120,96,success,(ok u98712939885),ok,
2026-09-19T09:30:51Z,9024386,0x66f6697955d1dd04d56f8753507ccdd8df1d879e213f36053fcc03ff7386fdd4,zest-v2,SP1A27KFY4XERQCCRCARCYD1CC5N7M6688BSYADJ7.v0-8-market,collateral-add,SP1YVB3MFVN7DFQF3VEBRE3R24066BVGMX6FHBD90,2026-09-19T09:30:34Z,17,120,103,success,(ok u299896716),ok,
2026-09-19T09:31:03Z,9024387,0x508f47776df7d3119cec6ecabfd01a357d528fdc07cdd7835817fae0da09f9c7,zest-v2,SP1A27KFY4XERQCCRCARCYD1CC5N7M6688BSYADJ7.v0-8-market,borrow,SP3TGF6BJZWPZMHVXAP6BT8D9V5JW6X4JDD8MPNTD,2026-09-19T09:30:52Z,11,120,109,success,(ok true),ok,
2026-09-19T09:41:50Z,9024437,0x6facec43d18afe9d2cf1beb0980085be160f514f9ba2f25dd67d02813ff06ee8,zest-v2,SP1A27KFY4XERQCCRCARCYD1CC5N7M6688BSYADJ7.v0-8-market,borrow,SP3KPRN53ZGD45B3WRTDMZZEHBJSFQ8AKN9RE6FKS,2026-09-19T09:41:37Z,13,120,107,success,(ok true),ok,
2026-09-19T09:43:46Z,9024449,0x88c13aefc04392636636b0214113bf7d95cafd3bf06823ac2f5c66ad76ec4be3,zest-v2,SP1A27KFY4XERQCCRCARCYD1CC5N7M6688BSYADJ7.v0-8-market,collateral-remove-redeem,SP3KPRN53ZGD45B3WRTDMZZEHBJSFQ8AKN9RE6FKS,2026-09-19T09:43:34Z,12,120,108,success,(ok u40000003042),ok,
2026-09-19T09:48:56Z,9024480,0x52a8946e515730f28c93ddb8e13c3c7555ec027f97da8dd65b49ca0425fb82ab,zest-v2,SP1A27KFY4XERQCCRCARCYD1CC5N7M6688BSYADJ7.v0-8-market,borrow,SPCE87V29VDPEAS925YMV2VG3CMBHY0BXKB08NA4,2026-09-19T09:48:41Z,15,120,105,success,(ok true),ok,
2026-09-19T09:57:28Z,9024530,0xf01e379493671fed0dc805d0b4aff890ca679193e7e9da177ffb8b583c409c2e,zest-v2,SP1A27KFY4XERQCCRCARCYD1CC5N7M6688BSYADJ7.v0-8-market,supply-collateral-add,SP3A7MGAH0SKC1ACS854PHXHVWE031FYQCBA8M51D,2026-09-19T09:57:10Z,18,120,102,success,(ok u98712808286),ok,
2026-09-19T09:58:03Z,9024534,0x26249beb09d63aeb870ede25d3e19585f0c4731e5dd9991ad97e380e242d4983,zest-v2,SP1A27KFY4XERQCCRCARCYD1CC5N7M6688BSYADJ7.v0-8-market,borrow,SP3A7MGAH0SKC1ACS854PHXHVWE031FYQCBA8M51D,2026-09-19T09:57:51Z,12,120,108,success,(ok true),ok,
2026-09-19T10:11:54Z,9024613,0xfda5dd25a691eb93fdc9812e9ddb10345499fce5edbbd4558ee79329254ca3cc,zest-v2,SP1A27KFY4XERQCCRCARCYD1CC5N7M6688BSYADJ7.v0-8-market,supply-collateral-add,SP1MZ5N6YCQ5BFHK4N9NFGXG2K4N53BQ0MFXAKAC1,2026-09-19T10:11:35Z,19,120,101,success,(ok u108584338734),ok,
2026-09-19T10:12:16Z,9024615,0xf636d8ffea8fe4c5cf79c93dec9e2f0318324838e3659b86adc976746c48f1c9,zest-v2,SP1A27KFY4XERQCCRCARCYD1CC5N7M6688BSYADJ7.v0-8-market,supply-collateral-add,SP3A7MGAH0SKC1ACS854PHXHVWE031FYQCBA8M51D,2026-09-19T10:11:58Z,18,120,102,success,(ok u197425546254),ok,
2026-09-19T10:12:27Z,9024616,0x0278b80e4774664a56378657de240bdf9087452ce643ae072828492bd61334f0,zest-v2,SP1A27KFY4XERQCCRCARCYD1CC5N7M6688BSYADJ7.v0-8-market,borrow,SP1MZ5N6YCQ5BFHK4N9NFGXG2K4N53BQ0MFXAKAC1,2026-09-19T10:12:13Z,14,120,106,abort_by_post_condition,(err u400005),revert:non-oracle,
2026-09-19T10:12:45Z,9024618,0x931f18195700aa7f2c3120250dcc96863914753ffd8cf92fd62c8d998b5e258d,zest-v2,SP1A27KFY4XERQCCRCARCYD1CC5N7M6688BSYADJ7.v0-8-market,borrow,SP3A7MGAH0SKC1ACS854PHXHVWE031FYQCBA8M51D,2026-09-19T10:12:33Z,12,120,108,success,(ok true),ok,
2026-09-19T10:13:06Z,9024620,0x1c524782ef8bda7c2833812ff18f2bbd288d26e3ede61ef02d25a05ffe6eabc8,zest-v2,SP1A27KFY4XERQCCRCARCYD1CC5N7M6688BSYADJ7.v0-8-market,borrow,SP1MZ5N6YCQ5BFHK4N9NFGXG2K4N53BQ0MFXAKAC1,2026-09-19T10:12:50Z,16,120,104,success,(ok true),ok,
2026-09-19T10:32:40Z,9024734,0xa6cc031d53b638074bfc5c02817185d6a540b6edb08917e7121c98736ecf9c87,zest-v2,SP1A27KFY4XERQCCRCARCYD1CC5N7M6688BSYADJ7.v0-8-market,supply-collateral-add,SP3A7MGAH0SKC1ACS854PHXHVWE031FYQCBA8M51D,2026-09-19T10:32:23Z,17,120,103,success,(ok u296138191620),ok,
2026-09-19T10:33:12Z,9024737,0xf0b77b245148e98aad69573ac2a1c7ba749a42711b3af2f5a364bb791dad01ba,zest-v2,SP1A27KFY4XERQCCRCARCYD1CC5N7M6688BSYADJ7.v0-8-market,borrow,SP3A7MGAH0SKC1ACS854PHXHVWE031FYQCBA8M51D,2026-09-19T10:32:58Z,14,120,106,success,(ok true),ok,
2026-09-19T10:54:09Z,9024851,0x0aeccf3837588e8c91f399fde354182b3a5610b10fc8b062c605f7c23263419f,zest-v2,SP1A27KFY4XERQCCRCARCYD1CC5N7M6688BSYADJ7.v0-8-market,borrow,SP3XBCE7R73W9TPWSM3B1NYKHYY9P5K81HE0TWPRP,2026-09-19T10:53:26Z,43,120,77,success,(ok true),ok,
2026-09-19T10:56:48Z,9024861,0xb7c98cce0c5d8f4e7a4e00240e7c104d7bdf46fe4bc0c6b717586c4dcc2164a6,zest-v2,SP1A27KFY4XERQCCRCARCYD1CC5N7M6688BSYADJ7.v0-8-market,supply-collateral-add,SP3TGF6BJZWPZMHVXAP6BT8D9V5JW6X4JDD8MPNTD,2026-09-19T10:56:44Z,4,120,116,success,(ok u157940463052),ok,
2026-09-19T10:57:00Z,9024862,0xc39d6fd306494852f00e2d8ec4ad0f876fc4d6a3ec20063006bdd4fbc391099e,zest-v2,SP1A27KFY4XERQCCRCARCYD1CC5N7M6688BSYADJ7.v0-8-market,supply-collateral-add,SP3XBCE7R73W9TPWSM3B1NYKHYY9P5K81HE0TWPRP,2026-09-19T10:56:27Z,33,120,87,success,(ok u9214404802),ok,
2026-09-19T10:59:03Z,9024871,0x853064df328bf8fbe7df7191a589461b7d9e0800a52dc19a49a3d1563ac55a6b,zest-v2,SP1A27KFY4XERQCCRCARCYD1CC5N7M6688BSYADJ7.v0-8-market,borrow,SP3TGF6BJZWPZMHVXAP6BT8D9V5JW6X4JDD8MPNTD,2026-09-19T10:58:44Z,19,120,101,success,(ok true),ok,
2026-09-19T11:04:14Z,9024892,0xc06f17cf5bea63ef242036e3e1f06d5d8daa8c4496e5b9b759f7942c7580369b,zest-v2,SP1A27KFY4XERQCCRCARCYD1CC5N7M6688BSYADJ7.v0-8-market,collateral-remove-redeem,SP3A7MGAH0SKC1ACS854PHXHVWE031FYQCBA8M51D,2026-09-19T11:04:00Z,14,120,106,success,(ok u300000681526),ok,
2026-09-19T11:18:04Z,9024950,0x96077d138a64d69f22e86225acc501a16c4b3ea40d4106621390283e41accdf7,zest-v2,SP1A27KFY4XERQCCRCARCYD1CC5N7M6688BSYADJ7.v0-8-market,borrow,SPTWWMRF4ECHHJV8RSJF3057DNBFQCEMJH1DGTF,2026-09-19T11:16:59Z,65,120,55,success,(ok true),ok,
2026-09-19T11:24:30Z,9024985,0xa12bcd2519106c991acc33bdbb9c9ce39c0831097f20e6fd1b79b0c8e5dcd761,zest-v2,SP1A27KFY4XERQCCRCARCYD1CC5N7M6688BSYADJ7.v0-8-market,supply-collateral-add,SP3RCF2AH2MPYEJEYDR8533V8RG94GZ1TBCS92PE2,2026-09-19T11:24:17Z,13,120,107,success,(ok u249867),ok,
2026-09-19T11:24:44Z,9024986,0x34967bab2d65d555a0c417d82bb4987111ca564782d5a83ddcd5d5d3fabad3f6,zest-v2,SP1A27KFY4XERQCCRCARCYD1CC5N7M6688BSYADJ7.v0-8-market,collateral-add,SP1YVB3MFVN7DFQF3VEBRE3R24066BVGMX6FHBD90,2026-09-19T11:24:16Z,28,120,92,success,(ok u300015776),ok,
2026-09-19T11:27:18Z,9024993,0xec15c7b6b91c0b2954d84b7e4c823d6d44f71f3f04acaa259ea471d3140bf425,zest-v2,SP1A27KFY4XERQCCRCARCYD1CC5N7M6688BSYADJ7.v0-8-market,supply-collateral-add,SPTWWMRF4ECHHJV8RSJF3057DNBFQCEMJH1DGTF,2026-09-19T11:27:07Z,11,120,109,success,(ok u25493523736),ok,
2026-09-19T11:27:18Z,9024993,0xcb332d53dad35df6fb9c1c9c313d2cfeccd35b8ae4df171de1cf9b369352dc55,zest-v2,SP1A27KFY4XERQCCRCARCYD1CC5N7M6688BSYADJ7.v0-8-market,borrow,SP3XBCE7R73W9TPWSM3B1NYKHYY9P5K81HE0TWPRP,2026-09-19T11:26:30Z,48,120,72,success,(ok true),ok,
2026-09-19T11:30:33Z,9025004,0xcb0b3d379955486a2effd59f28e8b9814546d0a76ffaff7a8c641b95b66e1baf,zest-v2,SP1A27KFY4XERQCCRCARCYD1CC5N7M6688BSYADJ7.v0-8-market,supply-collateral-add,SP3XBCE7R73W9TPWSM3B1NYKHYY9P5K81HE0TWPRP,2026-09-19T11:29:56Z,37,120,83,success,(ok u9354310427),ok,
2026-09-19T11:49:47Z,9025081,0x56e524e7493ab64b728d75bfe822fb490efd973229d6cb2c65af3b09e52fac16,zest-v2,SP1A27KFY4XERQCCRCARCYD1CC5N7M6688BSYADJ7.v0-8-market,supply-collateral-add,SP3A7MGAH0SKC1ACS854PHXHVWE031FYQCBA8M51D,2026-09-19T11:49:35Z,12,120,108,success,(ok u197424582385),ok,
2026-09-19T11:50:22Z,9025084,0xba343047f7934b82532bb0ae9b239b67858ff4fbe1ca00fea2d45282624cd21c,zest-v2,SP1A27KFY4XERQCCRCARCYD1CC5N7M6688BSYADJ7.v0-8-market,borrow,SP3A7MGAH0SKC1ACS854PHXHVWE031FYQCBA8M51D,2026-09-19T11:50:13Z,9,120,111,success,(ok true),ok,
2026-09-19T11:54:15Z,9025101,0xa809bf097a2f000d315c7affa9f08844c33139f8e08b82459267001aba063585,zest-v2,SP1A27KFY4XERQCCRCARCYD1CC5N7M6688BSYADJ7.v0-8-market,supply-collateral-add,SP15WYZ6SEFCFKTBXH3F3G0BGZZEZBKZKPCXVHE6R,2026-09-19T11:54:05Z,10,120,110,success,(ok u19742454253),ok,
2026-09-19T11:55:41Z,9025110,0x77f93b02c654c516f9decfce462c4a45a8cc1c47b4e472df1c106cfdda661f73,zest-v2,SP1A27KFY4XERQCCRCARCYD1CC5N7M6688BSYADJ7.v0-8-market,supply-collateral-add,SP3A7MGAH0SKC1ACS854PHXHVWE031FYQCBA8M51D,2026-09-19T11:55:22Z,19,120,101,success,(ok u296136847296),ok,
2026-09-19T11:56:19Z,9025114,0x2df61604276229612e28863e5e885159df31eb9680ffbc72799fe4af2f9aa5d6,zest-v2,SP1A27KFY4XERQCCRCARCYD1CC5N7M6688BSYADJ7.v0-8-market,borrow,SP15WYZ6SEFCFKTBXH3F3G0BGZZEZBKZKPCXVHE6R,2026-09-19T11:56:10Z,9,120,111,success,(ok true),ok,
2026-09-19T11:56:19Z,9025114,0x3d9c9d4292f5453dd06bbeaa66e0c6aa18845b70e6e4dc6b8a71bd2da66a8848,zest-v2,SP1A27KFY4XERQCCRCARCYD1CC5N7M6688BSYADJ7.v0-8-market,borrow,SP3A7MGAH0SKC1ACS854PHXHVWE031FYQCBA8M51D,2026-09-19T11:56:10Z,9,120,111,success,(ok true),ok,
2026-09-19T12:00:58Z,9025139,0x738e8aa61384bd0727372564e66372e9235f343185fd78881c9fdbdfb2615a20,zest-v2,SP1A27KFY4XERQCCRCARCYD1CC5N7M6688BSYADJ7.v0-8-market,supply-collateral-add,SP15WYZ6SEFCFKTBXH3F3G0BGZZEZBKZKPCXVHE6R,2026-09-19T12:00:46Z,12,120,108,success,(ok u29613678459),ok,
2026-09-19T12:02:06Z,9025144,0x1f6834f2c1c0116e95c2c5ed2981dc8354673e0b1912007d8a0f472c5cb59131,zest-v2,SP1A27KFY4XERQCCRCARCYD1CC5N7M6688BSYADJ7.v0-8-market,borrow,SP15WYZ6SEFCFKTBXH3F3G0BGZZEZBKZKPCXVHE6R,2026-09-19T12:01:42Z,24,120,96,success,(ok true),ok,
2026-09-19T12:03:42Z,9025149,0x052f7843fe27e919d3166e1241ff735cbfd5358ad58a7fc0a2c277aed604e9d6,zest-v2,SP1A27KFY4XERQCCRCARCYD1CC5N7M6688BSYADJ7.v0-8-market,borrow,SP3XBCE7R73W9TPWSM3B1NYKHYY9P5K81HE0TWPRP,2026-09-19T12:03:01Z,41,120,79,success,(ok true),ok,
2026-09-19T12:07:28Z,9025168,0xdae892fe93651ef810b93ac212421ee2fefd6260ca6a465127f442602f270b83,zest-v2,SP1A27KFY4XERQCCRCARCYD1CC5N7M6688BSYADJ7.v0-8-market,supply-collateral-add,SP3XBCE7R73W9TPWSM3B1NYKHYY9P5K81HE0TWPRP,2026-09-19T12:06:56Z,32,120,88,success,(ok u9624128399),ok,
2026-09-19T12:14:29Z,9025204,0x840bf6c00d2bbc9db207ddbe0e75d99c680c9a3aa5a4d84c835a2db099544736,zest-v2,SP1A27KFY4XERQCCRCARCYD1CC5N7M6688BSYADJ7.v0-8-market,collateral-remove-redeem,SP3A7MGAH0SKC1ACS854PHXHVWE031FYQCBA8M51D,2026-09-19T12:14:18Z,11,120,109,success,(ok u100000017147),ok,
2026-09-19T12:16:00Z,9025210,0x74ab77941954a2ead3c430ce923ac0095b28516dbfad56910bba62614d8071e2,zest-v2,SP1A27KFY4XERQCCRCARCYD1CC5N7M6688BSYADJ7.v0-8-market,collateral-remove-redeem,SP15WYZ6SEFCFKTBXH3F3G0BGZZEZBKZKPCXVHE6R,2026-09-19T12:15:42Z,18,120,102,success,(ok u9870040699),ok,
2026-09-19T12:22:00Z,9025236,0xdf73b812bf974ecb19208314a81f239360ccb2c59227d0d3e8af180f9d9676ea,zest-v1,SP2VCQJGH7PHP2DJK7Z0V48AGBHQAW3R3ZW1QF4N.borrow-helper-v2-1-8,withdraw,SPX7PYKYZQYEJNPYVNTCK3KVFVW05FNQZMA38Q52,2026-09-19T12:19:16Z,164,360,196,success,(ok true),ok,
2026-09-19T12:26:07Z,9025254,0xf406746052824d8a264ee15107bfcfa9354566931f2c80eda1a1c6267358787b,zest-v2,SP1A27KFY4XERQCCRCARCYD1CC5N7M6688BSYADJ7.v0-8-market,supply-collateral-add,SPX7PYKYZQYEJNPYVNTCK3KVFVW05FNQZMA38Q52,2026-09-19T12:25:59Z,8,120,112,success,(ok u61282),ok,
2026-09-19T12:26:35Z,9025256,0x057311cf34cf21b8f562fda3b22ae0cdf6ab2dd791e0f4ee0491197b021dbe19,zest-v2,SP1A27KFY4XERQCCRCARCYD1CC5N7M6688BSYADJ7.v0-8-market,supply-collateral-add,SPCE87V29VDPEAS925YMV2VG3CMBHY0BXKB08NA4,2026-09-19T12:26:23Z,12,120,108,success,(ok u82408997),ok,
2026-09-19T12:29:53Z,9025271,0x3bbfbc5bb24690e2b94512af6088c0aa43417363af670d48cbf86fd5086c62cd,zest-v2,SP1A27KFY4XERQCCRCARCYD1CC5N7M6688BSYADJ7.v0-8-market,collateral-remove-redeem,SP3A7MGAH0SKC1ACS854PHXHVWE031FYQCBA8M51D,2026-09-19T12:29:32Z,21,120,99,success,(ok u200000421207),ok,
2026-09-19T12:31:04Z,9025276,0x04947afda550702f0ac2d072c51800db41c463c92893cfacbdc9601c5532836e,zest-v2,SP1A27KFY4XERQCCRCARCYD1CC5N7M6688BSYADJ7.v0-8-market,collateral-remove,SPX7PYKYZQYEJNPYVNTCK3KVFVW05FNQZMA38Q52,2026-09-19T12:30:56Z,8,120,112,success,(ok u0),ok,
2026-09-19T12:31:41Z,9025279,0x83bd1961d390f4049591ebe00fced3fd73e94357b60303f9a2e1bf3b84d0f24f,zest-v2,SP1A27KFY4XERQCCRCARCYD1CC5N7M6688BSYADJ7.v0-8-market,collateral-add,SPX7PYKYZQYEJNPYVNTCK3KVFVW05FNQZMA38Q52,2026-09-19T12:31:32Z,9,120,111,success,(ok u227455105),ok,
2026-09-19T12:33:54Z,9025288,0x9d60c8b82283bd56e2cfdbbcdef3e426ea02861887802ec4a0debcb102ea8a94,zest-v2,SP1A27KFY4XERQCCRCARCYD1CC5N7M6688BSYADJ7.v0-8-market,collateral-remove-redeem,SP1KMAA7TPZ5AZZ4W67X74MJNFKMN576604CWNBQS,2026-09-19T12:33:32Z,22,120,98,success,(ok u2955067701),ok,
2026-09-19T12:35:04Z,9025293,0x876bfbc78f105560ac5b7ed71d31b3e4e5ce63ba0b62109d9684d23ff95af237,zest-v1,SP2VCQJGH7PHP2DJK7Z0V48AGBHQAW3R3ZW1QF4N.borrow-helper-v2-1-8,withdraw,SPVMY3KNEF6VZ6NXG0VCRR88XGZQ6AQQWB9ACWP0,2026-09-19T12:34:49Z,15,360,345,success,(ok true),ok,
2026-09-19T12:36:54Z,9025301,0x7cb4b80adc10d6728b0dbe7f93d08dfe6bbd55f094f9fb679dca1c821b0186c6,zest-v2,SP1A27KFY4XERQCCRCARCYD1CC5N7M6688BSYADJ7.v0-8-market,collateral-remove-redeem,SP1KMAA7TPZ5AZZ4W67X74MJNFKMN576604CWNBQS,2026-09-19T12:36:34Z,20,120,100,success,(ok u6003653078),ok,
2026-09-19T12:39:09Z,9025311,0xfab800ba44bf7444f7648c068bfe7e8371797baaeab327884bdf14442827e339,zest-v2,SP1A27KFY4XERQCCRCARCYD1CC5N7M6688BSYADJ7.v0-8-market,collateral-remove-redeem,SP1MZ5N6YCQ5BFHK4N9NFGXG2K4N53BQ0MFXAKAC1,2026-09-19T12:38:49Z,20,120,100,success,(ok u57772316505),ok,
2026-09-19T12:41:12Z,9025320,0x90d047ab4dcefcffcfa7f354b6fa6ae95e1e8026cc4d26f4682261ea83bb5477,zest-v2,SP1A27KFY4XERQCCRCARCYD1CC5N7M6688BSYADJ7.v0-8-market,collateral-remove-redeem,SP15WYZ6SEFCFKTBXH3F3G0BGZZEZBKZKPCXVHE6R,2026-09-19T12:40:52Z,20,120,100,success,(ok u9649893429),ok,
2026-09-19T12:44:38Z,9025334,0x50eb5ebf948b8fc21ae751396369a2891c548f9aca0aff7ca38592c693a79848,zest-v1,SP2VCQJGH7PHP2DJK7Z0V48AGBHQAW3R3ZW1QF4N.borrow-helper-v2-1-8,withdraw,SP1AX55VTKFT1C03XYQGSHZ3CRCCNXZ8ZT0MP8ZP9,2026-09-19T12:44:21Z,17,360,343,success,(ok true),ok,
2026-09-19T12:46:16Z,9025341,0x6bdcd6214b87c01092791d0221e93023dccfda884acb4f1df6241a577b78a949,zest-v1,SP2VCQJGH7PHP2DJK7Z0V48AGBHQAW3R3ZW1QF4N.borrow-helper-v2-1-8,withdraw,SP2GW688R7ES529VSFG52RKNT5ASJ8NZ9DZR0EFJT,2026-09-19T12:45:54Z,22,360,338,success,(ok true),ok,
2026-09-19T12:49:47Z,9025356,0x0290ee6664187236b2443106b77042ef21c53ca8d54a9edd40ef84f69456afef,zest-v2,SP1A27KFY4XERQCCRCARCYD1CC5N7M6688BSYADJ7.v0-8-market,collateral-remove-redeem,SP15WYZ6SEFCFKTBXH3F3G0BGZZEZBKZKPCXVHE6R,2026-09-19T12:49:22Z,25,120,95,success,(ok u10480119270),ok,
2026-09-19T12:55:05Z,9025383,0xe2e56051af9de93a0e7a3e587f94b52d232f34e18e69e98a806b98db5ced95bc,zest-v2,SP1A27KFY4XERQCCRCARCYD1CC5N7M6688BSYADJ7.v0-8-market,collateral-remove-redeem,SP3TGF6BJZWPZMHVXAP6BT8D9V5JW6X4JDD8MPNTD,2026-09-19T12:54:54Z,11,120,109,success,(ok u160001285681),ok,
2026-09-19T13:11:45Z,9025476,0xc752fdf5f49d19011d10077e41d7e891115004e9612689e7ffa4a40829eaef30,zest-v2,SP1A27KFY4XERQCCRCARCYD1CC5N7M6688BSYADJ7.v0-8-market,collateral-remove-redeem,SP1MZ5N6YCQ5BFHK4N9NFGXG2K4N53BQ0MFXAKAC1,2026-09-19T13:11:16Z,29,120,91,success,(ok u52228840993),ok,
2026-09-19T13:29:03Z,9025546,0xe09b7198401e75f70eb0fb9b33788e4efb1e070b1984634714ac975667ce3b6c,zest-v2,SP1A27KFY4XERQCCRCARCYD1CC5N7M6688BSYADJ7.v0-8-market,borrow,SP2CCCQP1WN3FG67K3V4S85JG9SRZN2KKRJ3M3GNG,2026-09-19T13:28:30Z,33,120,87,success,(ok true),ok,
2026-09-19T13:38:49Z,9025588,0x25f43bb545f052a2f73dbc811b77651a25747754110b94e324616da2c5690730,granite-usdcx,SP3M2BYF7RGF8WKW5FVDNJ6WR8D7AR9BHDXAKPXZE.state-v1,remove-collateral,SP2JFW1CBXJD3P0EJ0QNGBWY4W5NQBV066V8BCARC,2026-09-19T13:36:26Z,143,300,157,success,(ok true),ok,
2026-09-19T13:40:18Z,9025596,0xbdabb743be137653a49365233e88e481ccf1ed259109196a8e1da11eca00baf1,zest-v2,SP1A27KFY4XERQCCRCARCYD1CC5N7M6688BSYADJ7.v0-8-market,supply-collateral-add,SP2JFW1CBXJD3P0EJ0QNGBWY4W5NQBV066V8BCARC,2026-09-19T13:39:57Z,21,120,99,success,(ok u16670202),ok,
2026-09-19T13:41:50Z,9025604,0xbffe31f5b459c2c92a0761a836f85beed1bcb11a945d17c12b9fef6a2a76e740,zest-v2,SP1A27KFY4XERQCCRCARCYD1CC5N7M6688BSYADJ7.v0-8-market,borrow,SP2JFW1CBXJD3P0EJ0QNGBWY4W5NQBV066V8BCARC,2026-09-19T13:41:36Z,14,120,106,success,(ok true),ok,
2026-09-19T13:49:19Z,9025640,0x64cb5f6aca04be6de4cdf3d36118b35e55140d67b08668d7393f93fac839c495,zest-v2,SP1A27KFY4XERQCCRCARCYD1CC5N7M6688BSYADJ7.v0-8-market,borrow,SP1D6WJMETM08X6FAEXMQFPJ5R96GGTDE4REQYF39,2026-09-19T13:49:04Z,15,120,105,success,(ok true),ok,
2026-09-19T13:49:42Z,9025642,0x51ac2dc93ec39cf17699527862553f5b0420d0e8a72f51159b3656f1e6deb533,zest-v2,SP1A27KFY4XERQCCRCARCYD1CC5N7M6688BSYADJ7.v0-8-market,borrow,SP2JFW1CBXJD3P0EJ0QNGBWY4W5NQBV066V8BCARC,2026-09-19T13:49:20Z,22,120,98,success,(ok true),ok,
2026-09-19T13:51:24Z,9025649,0xe91a97e99c720874ee41aa9231a000fd1632ab87a961cb0c8091bdc3170a139d,zest-v2,SP1A27KFY4XERQCCRCARCYD1CC5N7M6688BSYADJ7.v0-8-market,supply-collateral-add,SP1Y3FBARS8CVANS1GCYVN3B6NZFMA7H61Z6TP6RK,2026-09-19T13:51:07Z,17,120,103,success,(ok u5274887804),ok,
2026-09-19T13:56:22Z,9025673,0x6bf98b047649f1884438602639b583c3d864c9980aa3648d3b2a995f4f6f44b1,zest-v2,SP1A27KFY4XERQCCRCARCYD1CC5N7M6688BSYADJ7.v0-8-market,borrow,SP1Y3FBARS8CVANS1GCYVN3B6NZFMA7H61Z6TP6RK,2026-09-19T13:54:35Z,107,120,13,success,(ok true),ok,
2026-09-19T13:58:36Z,9025685,0xb767e936e64a2dae79d65770c3a7cebeb9b02c6b0de04856e8a24c2355fc38d1,zest-v2,SP1A27KFY4XERQCCRCARCYD1CC5N7M6688BSYADJ7.v0-8-market,supply-collateral-add,SP1CQ4D640TNM998S1K50FP2BF78J6AVS2BT6E3HP,2026-09-19T13:58:28Z,8,120,112,success,(ok u20705894),ok,
2026-09-19T14:03:46Z,9025709,0x800fe25e586814e3236387e07d8210c7e0b403510695c485d761f50b9ca942e7,zest-v2,SP1A27KFY4XERQCCRCARCYD1CC5N7M6688BSYADJ7.v0-8-market,supply-collateral-add,SP2ZM1KNQNS96RM1MAJTZV7WE7F38GFGRND4E80DW,2026-09-19T14:03:20Z,26,120,94,success,(ok u157542786),ok,
2026-09-19T14:08:42Z,9025734,0x1c576ab0b5d5738b71b492761b18ff05628d09dcd9dd86c9ca484946c32a6e3f,zest-v2,SP1A27KFY4XERQCCRCARCYD1CC5N7M6688BSYADJ7.v0-8-market,supply-collateral-add,SP2ZM1KNQNS96RM1MAJTZV7WE7F38GFGRND4E80DW,2026-09-19T14:08:11Z,31,120,89,success,(ok u161031388),ok,
2026-09-19T14:39:57Z,9025879,0x6bd63de7129e324f31275585ad56ec10055d75de4b2a72788c5e0fe57787c4a0,zest-v2,SP1A27KFY4XERQCCRCARCYD1CC5N7M6688BSYADJ7.v0-8-market,supply-collateral-add,SP1TPYSSG52FKCDHHN8Y76ABMA12P069BZBFAYEAF,2026-09-19T14:39:47Z,10,120,110,success,(ok u96044),ok,
2026-09-19T14:42:10Z,9025887,0x329e2b1afbd0cd3c74a7227eb891cd202eac97d6d5cc5b4260e4bf4754902041,zest-v2,SP1A27KFY4XERQCCRCARCYD1CC5N7M6688BSYADJ7.v0-8-market,borrow,SP1TPYSSG52FKCDHHN8Y76ABMA12P069BZBFAYEAF,2026-09-19T14:41:59Z,11,120,109,success,(ok true),ok,
2026-09-19T14:44:35Z,9025896,0x800e374a72797a981703f38b3aae608b2cf781bcd95080a11167aa5e6bcf05ca,zest-v2,SP1A27KFY4XERQCCRCARCYD1CC5N7M6688BSYADJ7.v0-8-market,supply-collateral-add,SP1TPYSSG52FKCDHHN8Y76ABMA12P069BZBFAYEAF,2026-09-19T14:44:18Z,17,120,103,success,(ok u105807),ok,
2026-09-19T15:31:17Z,9026098,0x312f1e3f7f511764410edc28a929b76abe2e0ae832c07dca23cfe5fcf37bbdb4,zest-v2,SP1A27KFY4XERQCCRCARCYD1CC5N7M6688BSYADJ7.v0-8-market,supply-collateral-add,SP1KMAA7TPZ5AZZ4W67X74MJNFKMN576604CWNBQS,2026-09-19T15:31:02Z,15,120,105,success,(ok u6688678410),ok,
2026-09-19T15:32:46Z,9026105,0x8a45814056d28adcd275f2a622ea65d9ae9a9e0f7c9c5ef3ba02983e2585aab0,zest-v2,SP1A27KFY4XERQCCRCARCYD1CC5N7M6688BSYADJ7.v0-8-market,borrow,SP1KMAA7TPZ5AZZ4W67X74MJNFKMN576604CWNBQS,2026-09-19T15:32:32Z,14,120,106,success,(ok true),ok,
2026-09-19T15:36:12Z,9026121,0x5f3fc1d5a7ea31ffd9e220dc1f41add6f19f2461a2508b71dba07577898ecf11,zest-v2,SP1A27KFY4XERQCCRCARCYD1CC5N7M6688BSYADJ7.v0-8-market,supply-collateral-add,SP1KMAA7TPZ5AZZ4W67X74MJNFKMN576604CWNBQS,2026-09-19T15:35:58Z,14,120,106,success,(ok u9199986392),ok,
2026-09-19T15:39:31Z,9026140,0x02951807f65bf32dc6f238de12f585b47c8cd00c52ab392f6ab1e57379804d5f,zest-v2,SP1A27KFY4XERQCCRCARCYD1CC5N7M6688BSYADJ7.v0-8-market,borrow,SP1KMAA7TPZ5AZZ4W67X74MJNFKMN576604CWNBQS,2026-09-19T15:39:16Z,15,120,105,success,(ok true),ok,
2026-09-19T15:41:19Z,9026150,0x80526a128e5bcdec3731a10228fc3acb5243d9c5d66600f302c6759085fa1daa,zest-v2,SP1A27KFY4XERQCCRCARCYD1CC5N7M6688BSYADJ7.v0-8-market,supply-collateral-add,SP1KMAA7TPZ5AZZ4W67X74MJNFKMN576604CWNBQS,2026-09-19T15:41:05Z,14,120,106,success,(ok u9752149418),ok,
2026-09-19T15:44:23Z,9026166,0x87a6fce33013fbd92dd08d011a096cbe2d89eac37ad680703363513f93139d08,zest-v2,SP1A27KFY4XERQCCRCARCYD1CC5N7M6688BSYADJ7.v0-8-market,borrow,SP14YFFWP15FJCYRFY6Z0JN71QMMXZYS4CY25HVR2,2026-09-19T15:43:52Z,31,120,89,success,(ok true),ok,
2026-09-19T16:05:23Z,9026284,0x51fd9de368eeda9cf43b59d5d7090b29968bf3ab89e34b0f0c58048d0536d0b7,zest-v2,SP1A27KFY4XERQCCRCARCYD1CC5N7M6688BSYADJ7.v0-8-market,borrow,SP1TPYSSG52FKCDHHN8Y76ABMA12P069BZBFAYEAF,2026-09-19T16:05:12Z,11,120,109,success,(ok true),ok,
2026-09-19T16:06:13Z,9026289,0x07c89ede4a6612d9a8e345047c73f93530415de94e9763b796722db516ba8878,zest-v2,SP1A27KFY4XERQCCRCARCYD1CC5N7M6688BSYADJ7.v0-8-market,borrow,SP1TPYSSG52FKCDHHN8Y76ABMA12P069BZBFAYEAF,2026-09-19T16:06:06Z,7,120,113,success,(ok true),ok,
2026-09-19T16:23:00Z,9026386,0x58acaea97c6d3ac92c64858f4a19b318995ad5b213ccde6b2c1f062478bc6a4e,zest-v2,SP1A27KFY4XERQCCRCARCYD1CC5N7M6688BSYADJ7.v0-8-market,supply-collateral-add,SP34M22KZDV4TYQZEAM10XC96TZR1G5W75FRHG3KA,2026-09-19T16:22:40Z,20,120,100,success,(ok u19939899436),ok,
2026-09-19T17:26:16Z,9026731,0x590516a1197eb8b09eca5bcd1f58f473e1527d04fa96684d825195ad924088c6,zest-v1,SP2VCQJGH7PHP2DJK7Z0V48AGBHQAW3R3ZW1QF4N.borrow-helper-v2-1-8,withdraw,SP2H1XNA9WN57EZMH2HKTPGJ5ZRVVFWFHGE8S4SW6,2026-09-19T17:25:30Z,46,360,314,success,(ok true),ok,
2026-09-19T17:46:30Z,9026823,0x78293ea0200af96937194c6adf8df75504c7e1f33e9002a0d146642d7cfa8d63,zest-v2,SP1A27KFY4XERQCCRCARCYD1CC5N7M6688BSYADJ7.v0-8-market,supply-collateral-add,SP2ZM1KNQNS96RM1MAJTZV7WE7F38GFGRND4E80DW,2026-09-19T17:46:10Z,20,120,100,success,(ok u161446822),ok,
2026-09-19T19:37:38Z,9027392,0xbdcf82cf501e371ba0c2c0d825e3eb4e4096f2e1e943afa8777ac90185e55b0d,zest-v2,SP1A27KFY4XERQCCRCARCYD1CC5N7M6688BSYADJ7.v0-8-market,supply-collateral-add,SP2ZM1KNQNS96RM1MAJTZV7WE7F38GFGRND4E80DW,2026-09-19T19:37:14Z,24,120,96,success,(ok u161581053),ok,
2026-09-19T20:00:51Z,9027495,0xe4b487386bdc1107dd4d47672f99563f7138ab7c4867118fd8981e21c59658ff,zest-v2,SP1A27KFY4XERQCCRCARCYD1CC5N7M6688BSYADJ7.v0-8-market,supply-collateral-add,SPST0PJYH9JB0X2VNYDKQYT2A8H9EZG4X5G7E5YW,2026-09-19T20:00:11Z,40,120,80,success,(ok u87410000),ok,
2026-09-19T20:03:04Z,9027505,0x560c9379f636e4f88ff7cbf2fb79ed62cea941e908460c54cbe31d99b10a5030,zest-v2,SP1A27KFY4XERQCCRCARCYD1CC5N7M6688BSYADJ7.v0-8-market,borrow,SPST0PJYH9JB0X2VNYDKQYT2A8H9EZG4X5G7E5YW,2026-09-19T20:02:48Z,16,120,104,success,(ok true),ok,
2026-09-19T20:12:48Z,9027550,0xebea103a586f28ee64fd9ca18ef13c00a4b69aa1154445e9d8d8e212234bdac0,zest-v2,SP1A27KFY4XERQCCRCARCYD1CC5N7M6688BSYADJ7.v0-8-market,supply-collateral-add,SPST0PJYH9JB0X2VNYDKQYT2A8H9EZG4X5G7E5YW,2026-09-19T20:12:11Z,37,120,83,success,(ok u122753891),ok,
2026-09-19T20:14:49Z,9027560,0x42ad79cb13f3d69d4388a3af8538577e7b468c89134cb09476376bdf315a8323,zest-v2,SP1A27KFY4XERQCCRCARCYD1CC5N7M6688BSYADJ7.v0-8-market,borrow,SPST0PJYH9JB0X2VNYDKQYT2A8H9EZG4X5G7E5YW,2026-09-19T20:14:35Z,14,120,106,success,(ok true),ok,
2026-09-19T20:17:31Z,9027573,0x44c26f2a56fcda7e6d61a32b7e4dce4dbe417822df123762dbc82d883a2ed154,zest-v2,SP1A27KFY4XERQCCRCARCYD1CC5N7M6688BSYADJ7.v0-8-market,supply-collateral-add,SPST0PJYH9JB0X2VNYDKQYT2A8H9EZG4X5G7E5YW,2026-09-19T20:17:05Z,26,120,94,success,(ok u154860543),ok,
2026-09-19T20:22:52Z,9027604,0x295d2ae45a8fd688fda4a979529cd3b62c803479099beb74dac43443ec4171f7,zest-v2,SP1A27KFY4XERQCCRCARCYD1CC5N7M6688BSYADJ7.v0-8-market,collateral-remove-redeem,SPST0PJYH9JB0X2VNYDKQYT2A8H9EZG4X5G7E5YW,2026-09-19T20:22:37Z,15,120,105,success,(ok u22000000),ok,
2026-09-19T20:50:41Z,9027755,0x9ddb53ee2aa45a87819f80f8fa02adf9c519ba16c01e093e6b4e9de68adf76c4,zest-v2,SP1A27KFY4XERQCCRCARCYD1CC5N7M6688BSYADJ7.v0-8-market,borrow,SP1D6WJMETM08X6FAEXMQFPJ5R96GGTDE4REQYF39,2026-09-19T20:48:57Z,104,120,16,success,(ok true),ok,
2026-09-19T20:55:00Z,9027780,0x8c035772a9270b84e5b74e57e80927f71de698afa5d5ade897a324d2e20f285a,zest-v2,SP1A27KFY4XERQCCRCARCYD1CC5N7M6688BSYADJ7.v0-8-market,supply-collateral-add,SP2ZM1KNQNS96RM1MAJTZV7WE7F38GFGRND4E80DW,2026-09-19T20:54:40Z,20,120,100,success,(ok u161659367),ok,
2026-09-19T21:51:53Z,9028091,0x7c4a47a4c0985615619e67d31c4adff601317fcdfe67bdd503f88b50a8138916,zest-v2,SP1A27KFY4XERQCCRCARCYD1CC5N7M6688BSYADJ7.v0-8-market,supply-collateral-add,SP119ATKFM412X7WB4JTCNHVT02D6X919BZHPQR69,2026-09-19T21:51:37Z,16,120,104,success,(ok u100537585),ok,
2026-09-19T23:10:39Z,9028483,0x4afe5451a58415e07f9c49f5fa97a0acf1e4514bb1b924eb151b4b574220cdc4,zest-v2,SP1A27KFY4XERQCCRCARCYD1CC5N7M6688BSYADJ7.v0-8-market,supply-collateral-add,SP3A7MGAH0SKC1ACS854PHXHVWE031FYQCBA8M51D,2026-09-19T23:10:29Z,10,120,110,success,(ok u98708479423),ok,
2026-09-19T23:11:09Z,9028485,0x0d7eafe093b330636d0a796333681c764fcc253752aad5dc590280adec26076e,zest-v2,SP1A27KFY4XERQCCRCARCYD1CC5N7M6688BSYADJ7.v0-8-market,borrow,SP3A7MGAH0SKC1ACS854PHXHVWE031FYQCBA8M51D,2026-09-19T23:11:02Z,7,120,113,success,(ok true),ok,
2026-09-19T23:45:34Z,9028643,0x923e1d5c600b414cb843538951d4bb6f4b072008bb2396843df15aa50f04d270,zest-v2,SP1A27KFY4XERQCCRCARCYD1CC5N7M6688BSYADJ7.v0-8-market,supply-collateral-add,SP2ZM1KNQNS96RM1MAJTZV7WE7F38GFGRND4E80DW,2026-09-19T23:45:14Z,20,120,100,success,(ok u161769972),ok,
2026-09-20T00:04:56Z,9028680,0x728a0d1a374bde2957f82c5ffacec94883841ca63e55839c9be8c669151ff28c,zest-v2,SP1A27KFY4XERQCCRCARCYD1CC5N7M6688BSYADJ7.v0-8-market,collateral-remove-redeem,SP3A7MGAH0SKC1ACS854PHXHVWE031FYQCBA8M51D,2026-09-20T00:04:50Z,6,120,114,success,(ok u100000270915),ok,
2026-09-20T00:19:45Z,9028761,0x58503eecb77d2c7450b656e98e1edb212b9d421f1d74735bf98de82b3833d27d,zest-v2,SP1A27KFY4XERQCCRCARCYD1CC5N7M6688BSYADJ7.v0-8-market,supply-collateral-add,SP2ZM1KNQNS96RM1MAJTZV7WE7F38GFGRND4E80DW,2026-09-20T00:19:18Z,27,120,93,success,(ok u161785242),ok,
2026-09-20T00:37:10Z,9028844,0x057ffd008f433292ab3c1e15cbf83cbe36713cb7bea7ad1865813634bd05d9ef,zest-v2,SP1A27KFY4XERQCCRCARCYD1CC5N7M6688BSYADJ7.v0-8-market,collateral-add,SP39TAEWH0DYMK8DZ00D61DMA4D4N544HVGQHVJR7,2026-09-20T00:36:41Z,29,120,91,success,(ok u200008255),ok,
2026-09-20T00:38:44Z,9028851,0x52b3dbbc5c9e76465ca6f2ec138ca5e2c1f786b2af12e1092bfcf0eb537ae00b,zest-v2,SP1A27KFY4XERQCCRCARCYD1CC5N7M6688BSYADJ7.v0-8-market,borrow,SP39TAEWH0DYMK8DZ00D61DMA4D4N544HVGQHVJR7,2026-09-20T00:38:01Z,43,120,77,success,(ok true),ok,
2026-09-20T01:28:11Z,9029073,0xa2dbeb9f6240bc59c0548dbce03cba3749c07d0694f2cb1c795ab95556ff6d98,zest-v2,SP1A27KFY4XERQCCRCARCYD1CC5N7M6688BSYADJ7.v0-8-market,supply-collateral-add,SP2ZM1KNQNS96RM1MAJTZV7WE7F38GFGRND4E80DW,2026-09-20T01:27:54Z,17,120,103,success,(ok u161858949),ok,
2026-09-20T01:47:58Z,9029180,0xd25037ce6d3a9ac2d5faf4c9928ee35deac2141b92ce2de6dbde95ab088a9182,zest-v2,SP1A27KFY4XERQCCRCARCYD1CC5N7M6688BSYADJ7.v0-8-market,supply-collateral-add,SP3TGF6BJZWPZMHVXAP6BT8D9V5JW6X4JDD8MPNTD,2026-09-20T01:47:48Z,10,120,110,success,(ok u59224572800),ok,
2026-09-20T01:48:37Z,9029184,0xbc00cacc0e2356d5fe9463124c0f3bd692e94b13ba6c1dd43cfade0197ab7699,zest-v2,SP1A27KFY4XERQCCRCARCYD1CC5N7M6688BSYADJ7.v0-8-market,supply-collateral-add,SP3A7MGAH0SKC1ACS854PHXHVWE031FYQCBA8M51D,2026-09-20T01:48:27Z,10,120,110,success,(ok u98707618094),ok,
2026-09-20T01:49:08Z,9029187,0xb8233213031d85d29fce5cacabc78157f5c52359147f20053cf243a63e1ec1b8,zest-v2,SP1A27KFY4XERQCCRCARCYD1CC5N7M6688BSYADJ7.v0-8-market,borrow,SP3TGF6BJZWPZMHVXAP6BT8D9V5JW6X4JDD8MPNTD,2026-09-20T01:48:53Z,15,120,105,success,(ok true),ok,
2026-09-20T01:49:30Z,9029189,0x87b4c4671799c84f7775f21e748dccce3a8b4fde1c88b01942c017cf57a2d04b,zest-v2,SP1A27KFY4XERQCCRCARCYD1CC5N7M6688BSYADJ7.v0-8-market,borrow,SP3A7MGAH0SKC1ACS854PHXHVWE031FYQCBA8M51D,2026-09-20T01:49:22Z,8,120,112,success,(ok true),ok,
2026-09-20T01:52:43Z,9029207,0xdf99fa454c394d1264fb4d3559382d0e0fc12a4eb04893202bd07392a9b2031c,zest-v2,SP1A27KFY4XERQCCRCARCYD1CC5N7M6688BSYADJ7.v0-8-market,borrow,SPTWWMRF4ECHHJV8RSJF3057DNBFQCEMJH1DGTF,2026-09-20T01:52:23Z,20,120,100,success,(ok true),ok,
2026-09-20T01:57:15Z,9029233,0xa62caf08d6e6d0515255eec34e641083dee5457ac17bf1f4218cdbddb4a9a48e,zest-v2,SP1A27KFY4XERQCCRCARCYD1CC5N7M6688BSYADJ7.v0-8-market,supply-collateral-add,SPTWWMRF4ECHHJV8RSJF3057DNBFQCEMJH1DGTF,2026-09-20T01:56:50Z,25,120,95,success,(ok u26267241482),ok,
2026-09-20T02:12:53Z,9029316,0x7fc9cd1756dcfcf5cfacdda5f8d5fc172e0bb32913ec5f659f89f4cf6dcbadd1,zest-v2,SP1A27KFY4XERQCCRCARCYD1CC5N7M6688BSYADJ7.v0-8-market,supply-collateral-add,SPV6H9CGNZWRBA9PEFMNQAJWZBZCX0SFV4J0FQF2,2026-09-20T02:12:41Z,12,120,108,success,(ok u1134649),ok,
2026-09-20T02:18:00Z,9029338,0x5ead96509ccf125b504e2f7365bdc5622748eeacfa524914953638d8fc3a9c51,zest-v2,SP1A27KFY4XERQCCRCARCYD1CC5N7M6688BSYADJ7.v0-8-market,borrow,SPV6H9CGNZWRBA9PEFMNQAJWZBZCX0SFV4J0FQF2,2026-09-20T02:17:36Z,24,120,96,success,(ok true),ok,
2026-09-20T02:21:57Z,9029355,0x79f2affe23d30903d2b14862f055e77ce90ef7934a3d689bfc653efea3cd5c38,zest-v2,SP1A27KFY4XERQCCRCARCYD1CC5N7M6688BSYADJ7.v0-8-market,supply-collateral-add,SP2ZM1KNQNS96RM1MAJTZV7WE7F38GFGRND4E80DW,2026-09-20T02:21:35Z,22,120,98,success,(ok u162037577),ok,
2026-09-20T02:25:18Z,9029371,0x8ab13c8dedba71472cb642b4c780761570aa1ef22cbf8eadef355e87cf105d28,zest-v2,SP1A27KFY4XERQCCRCARCYD1CC5N7M6688BSYADJ7.v0-8-market,collateral-remove-redeem,SP3TGF6BJZWPZMHVXAP6BT8D9V5JW6X4JDD8MPNTD,2026-09-20T02:24:59Z,19,120,101,success,(ok u60000109954),ok,
2026-09-20T02:36:15Z,9029421,0xcf67d5b4eae714c4b9523560b176b19ad549083db46dcb9305f729606df8f470,zest-v2,SP1A27KFY4XERQCCRCARCYD1CC5N7M6688BSYADJ7.v0-8-market,borrow,SP1FHGCSC72VB0XDAFCWWJ3PBKPFR8ZENZYEHYFQZ,2026-09-20T02:35:57Z,18,120,102,success,(ok true),ok,
2026-09-20T02:44:10Z,9029455,0x6538e03a69c9599c2b2653a7cbadf25fcdd2ce6c7a792facdcca8227d5f1b589,zest-v2,SP1A27KFY4XERQCCRCARCYD1CC5N7M6688BSYADJ7.v0-8-market,collateral-remove-redeem,SP3A7MGAH0SKC1ACS854PHXHVWE031FYQCBA8M51D,2026-09-20T02:43:45Z,25,120,95,success,(ok u100000274135),ok,
2026-09-20T02:57:00Z,9029505,0xeffdd9fa89f490c3ecf6ae0356706375064c53f319536927f8b3aba443d80316,zest-v2,SP1A27KFY4XERQCCRCARCYD1CC5N7M6688BSYADJ7.v0-8-market,collateral-remove-redeem,SP3KPRN53ZGD45B3WRTDMZZEHBJSFQ8AKN9RE6FKS,2026-09-20T02:56:39Z,21,120,99,success,(ok u39000021687),ok,
2026-09-20T03:26:42Z,9029654,0xb010c03fd8f0d8dbf53d90ad4a5c788b7197abda54192043d5414f223a304910,zest-v2,SP1A27KFY4XERQCCRCARCYD1CC5N7M6688BSYADJ7.v0-8-market,borrow,SP39TAEWH0DYMK8DZ00D61DMA4D4N544HVGQHVJR7,2026-09-20T03:26:18Z,24,120,96,success,(ok true),ok,
2026-09-20T03:27:53Z,9029659,0x768d36a6d6c6385f60506b90ed810c72c0cd5ae8b163b6619972cbbc9cd2807b,zest-v2,SP1A27KFY4XERQCCRCARCYD1CC5N7M6688BSYADJ7.v0-8-market,borrow,SP39TAEWH0DYMK8DZ00D61DMA4D4N544HVGQHVJR7,2026-09-20T03:27:19Z,34,120,86,success,(ok true),ok,
2026-09-20T03:29:05Z,9029664,0x1ec6934b5fd85ca982454176b7c0e816459d42e7d9097c21c4b0a20f2163d196,zest-v2,SP1A27KFY4XERQCCRCARCYD1CC5N7M6688BSYADJ7.v0-8-market,borrow,SP39TAEWH0DYMK8DZ00D61DMA4D4N544HVGQHVJR7,2026-09-20T03:28:39Z,26,120,94,success,(ok true),ok,
2026-09-20T03:32:09Z,9029677,0xe4e499e182237a7ed2ae0b5325deb31b8a3a3f48e243d17f3062132acc895da5,zest-v2,SP1A27KFY4XERQCCRCARCYD1CC5N7M6688BSYADJ7.v0-8-market,borrow,SP39TAEWH0DYMK8DZ00D61DMA4D4N544HVGQHVJR7,2026-09-20T03:31:42Z,27,120,93,success,(ok true),ok,
2026-09-20T04:04:26Z,9029817,0xe6f3512795acfcc9363217074a2604ee9fbc3fa5586c31dc0139b2ea8bcd18bd,zest-v2,SP1A27KFY4XERQCCRCARCYD1CC5N7M6688BSYADJ7.v0-8-market,supply-collateral-add,SP1ZQW7QTJ7YDZ64RZ3C9Z8B887QJ8Q7BGKEV691S,2026-09-20T04:04:12Z,14,120,106,success,(ok u5458210238),ok,
2026-09-20T05:21:40Z,9030186,0x07ee9ff5b882ac226214cadec6c2033aec312a6486c12cc8b6d6d467f2fdf2a8,zest-v2,SP1A27KFY4XERQCCRCARCYD1CC5N7M6688BSYADJ7.v0-8-market,supply-collateral-add,SP491K9J80XN2KYA2DNB484PHPKQWNR8RHJ0ZFJ6,2026-09-20T05:21:09Z,31,120,89,success,(ok u14805959650),ok,
2026-09-20T05:23:01Z,9030192,0x9fabf704505c957273c6edd4c8eadb8ec3197a0107337a4a5488a061c3586091,zest-v2,SP1A27KFY4XERQCCRCARCYD1CC5N7M6688BSYADJ7.v0-8-market,collateral-remove-redeem,SP3KPRN53ZGD45B3WRTDMZZEHBJSFQ8AKN9RE6FKS,2026-09-20T05:22:23Z,38,120,82,success,(ok u24000015078),ok,
2026-09-20T05:23:36Z,9030195,0x257a178df3c3aad78a23105e9ce3b49e4c29bb054643defcd94b53915ac4b4bb,zest-v2,SP1A27KFY4XERQCCRCARCYD1CC5N7M6688BSYADJ7.v0-8-market,borrow,SP491K9J80XN2KYA2DNB484PHPKQWNR8RHJ0ZFJ6,2026-09-20T05:23:27Z,9,120,111,success,(ok true),ok,
2026-09-20T05:26:07Z,9030208,0xdfe44e97be796d4cd7a6821b9ad963473a96bb9ad4f0e0f960b27f284f1f83a2,zest-v2,SP1A27KFY4XERQCCRCARCYD1CC5N7M6688BSYADJ7.v0-8-market,supply-collateral-add,SP491K9J80XN2KYA2DNB484PHPKQWNR8RHJ0ZFJ6,2026-09-20T05:25:54Z,13,120,107,success,(ok u17737538897),ok,
2026-09-20T05:26:41Z,9030211,0x931128fe49f4a264c8ed742a8712c881a885207e9b0af0fa7c9ff67b61ad735b,zest-v2,SP1A27KFY4XERQCCRCARCYD1CC5N7M6688BSYADJ7.v0-8-market,supply-collateral-add,SPCE87V29VDPEAS925YMV2VG3CMBHY0BXKB08NA4,2026-09-20T05:26:29Z,12,120,108,success,(ok u90312233),ok,
2026-09-20T05:27:55Z,9030217,0xa84d3d05e9d03e5f3b0534f64f197c2d922cb4780748fe0da5dfd937d32ea393,zest-v2,SP1A27KFY4XERQCCRCARCYD1CC5N7M6688BSYADJ7.v0-8-market,borrow,SP491K9J80XN2KYA2DNB484PHPKQWNR8RHJ0ZFJ6,2026-09-20T05:27:38Z,17,120,103,success,(ok true),ok,
2026-09-20T05:30:20Z,9030228,0x96cec4cb58a8306400599a2ca8c7fab68a811c566f1d78af56480898e5029faa,zest-v2,SP1A27KFY4XERQCCRCARCYD1CC5N7M6688BSYADJ7.v0-8-market,supply-collateral-add,SP491K9J80XN2KYA2DNB484PHPKQWNR8RHJ0ZFJ6,2026-09-20T05:30:13Z,7,120,113,success,(ok u18537060319),ok,
2026-09-20T05:56:49Z,9030342,0xca8897df8c8c25353c09c6c044d59e1b71ec222a57eb21d23d2a56c0018e49bf,zest-v2,SP1A27KFY4XERQCCRCARCYD1CC5N7M6688BSYADJ7.v0-8-market,borrow,SP21GTVTEEDQBBQSK6FPEG4G4XGQRJGJDQV41CAD,2026-09-20T05:56:42Z,7,120,113,success,(ok true),ok,
2026-09-20T05:58:36Z,9030347,0x29f1160b87a33751e21dde55e35c8a0b6b7335088370fe7334e43c88b6f873a2,zest-v2,SP1A27KFY4XERQCCRCARCYD1CC5N7M6688BSYADJ7.v0-8-market,borrow,SP21GTVTEEDQBBQSK6FPEG4G4XGQRJGJDQV41CAD,2026-09-20T05:58:31Z,5,120,115,success,(ok true),ok,
2026-09-20T09:09:02Z,9031129,0x7f8d477c2f0ffe2743449014d33fb41d0743a731a5cae4bc3ab299654fa72ba0,zest-v1,SP2VCQJGH7PHP2DJK7Z0V48AGBHQAW3R3ZW1QF4N.borrow-helper-v2-1-8,withdraw,SP3FJ1YYGZ9ZYDQVBJPKC8CG7N2GY10VZZFEN7AN3,2026-09-20T09:08:41Z,21,360,339,success,(ok true),ok,
2026-09-20T09:14:42Z,9031162,0xfd583029d6c185fbf47fbfc7736a4dd3673abac7f6c97344d61913c85ccdb653,zest-v1,SP2VCQJGH7PHP2DJK7Z0V48AGBHQAW3R3ZW1QF4N.borrow-helper-v2-1-8,withdraw,SP1N2PX67B0GNVH76AB246F0WDYFRN7YDZ71KCZR2,2026-09-20T09:14:31Z,11,360,349,success,(ok true),ok,
2026-09-20T09:18:59Z,9031187,0xfd0d5a53633942b303ee6495a26053128fb2b54e7f4f549a20cd71bf394e9995,zest-v1,SP2VCQJGH7PHP2DJK7Z0V48AGBHQAW3R3ZW1QF4N.borrow-helper-v2-1-8,withdraw,SP3W315ATQ028F6AXN3EACDBWH1JJX156TTCHZPHD,2026-09-20T09:18:46Z,13,360,347,success,(ok true),ok,
2026-09-20T10:45:40Z,9031605,0x92cc12d19728b9c2832131bf35500b33f11be4f9efbbb8103bf4af27d1db5341,zest-v1,SP2VCQJGH7PHP2DJK7Z0V48AGBHQAW3R3ZW1QF4N.borrow-helper-v2-1-8,withdraw,SP27Z6YQP3AXG22H1M8FQYWERYAZCW839C246YR58,2026-09-20T10:45:18Z,22,360,338,success,(ok true),ok,
2026-09-20T11:04:08Z,9031691,0xefaaf6ace61f8a9fad9728590eaf7b89d9154d411e03afbabd29648cc9715879,granite-usdcx,SP3M2BYF7RGF8WKW5FVDNJ6WR8D7AR9BHDXAKPXZE.state-v1,borrow,SP10GK6MG2GM7BCVYV7XBHK1JVJDHFDMNBENNBRC3,2026-09-20T11:02:39Z,89,300,211,success,(ok true),ok,
2026-09-20T11:05:31Z,9031697,0x3d62373075fe0252b9ea6320ca34774604dfd138607f666595dab1370a1fa19a,zest-v2,SP1A27KFY4XERQCCRCARCYD1CC5N7M6688BSYADJ7.v0-8-market,borrow,SP10GK6MG2GM7BCVYV7XBHK1JVJDHFDMNBENNBRC3,2026-09-20T11:05:00Z,31,120,89,success,(ok true),ok,
2026-09-20T11:44:50Z,9031924,0xb8b5015b943115f7653abc6fec43a1b708fb9c74e465d971724bc383807fb0d4,zest-v2,SP1A27KFY4XERQCCRCARCYD1CC5N7M6688BSYADJ7.v0-8-market,collateral-remove-redeem,SP3KPRN53ZGD45B3WRTDMZZEHBJSFQ8AKN9RE6FKS,2026-09-20T11:44:38Z,12,120,108,success,(ok u31000014161),ok,
2026-09-20T11:52:14Z,9031968,0x459e5b0b213a6e6135bc2bb270a9c9f553911db16ba1d604ce3f421bdf4648d1,zest-v2,SP1A27KFY4XERQCCRCARCYD1CC5N7M6688BSYADJ7.v0-8-market,supply-collateral-add,SP119ATKFM412X7WB4JTCNHVT02D6X919BZHPQR69,2026-09-20T11:52:02Z,12,120,108,success,(ok u100540621),ok,
2026-09-20T11:54:19Z,9031981,0x8394947f8c7ddaee8455a27c47ee27741276a96fcf72e4c994420028ee87f882,zest-v2,SP1A27KFY4XERQCCRCARCYD1CC5N7M6688BSYADJ7.v0-8-market,supply-collateral-add,SPCE87V29VDPEAS925YMV2VG3CMBHY0BXKB08NA4,2026-09-20T11:54:02Z,17,120,103,success,(ok u96166830),ok,
2026-09-20T12:35:23Z,9032176,0x14fe7ad90aa11b74c1fc49db2eac11633f776de90c2198dd98580b24c0f40f53,zest-v1,SP2VCQJGH7PHP2DJK7Z0V48AGBHQAW3R3ZW1QF4N.borrow-helper-v2-1-8,withdraw,SP2PDZX5ED2P4TCDS2ADEA8J2Y3SGXCRPJM8YQC89,2026-09-20T12:35:10Z,13,360,347,success,(ok true),ok,
2026-09-20T12:37:53Z,9032188,0x70b0dfe969f37969715abad537ee92510ae05901855a392fbee931796d8db982,zest-v2,SP1A27KFY4XERQCCRCARCYD1CC5N7M6688BSYADJ7.v0-8-market,supply-collateral-add,SP2WEPFRFH6KJWJK6JDZQH9B4J9JJRZ3CPQ3MDWVC,2026-09-20T12:37:44Z,9,120,111,success,(ok u42532578),ok,
2026-09-20T12:44:15Z,9032213,0xa23239659f9f01e427d431610f2f6a35e16eeb916576488c0541b001b22619f8,zest-v2,SP1A27KFY4XERQCCRCARCYD1CC5N7M6688BSYADJ7.v0-8-market,supply-collateral-add,SPVPAQ35P35JZYQA11A0E5DPY62E7P3HX0GA2RPH,2026-09-20T12:43:55Z,20,120,100,success,(ok u1399041051),ok,
2026-09-20T13:08:09Z,9032324,0xa370c69bf06a266506dbef2c7535918861550e9aaa5f3fe4a26b9dcd277552e5,zest-v2,SP1A27KFY4XERQCCRCARCYD1CC5N7M6688BSYADJ7.v0-8-market,borrow,SP2WEPFRFH6KJWJK6JDZQH9B4J9JJRZ3CPQ3MDWVC,2026-09-20T13:07:56Z,13,120,107,success,(ok true),ok,
2026-09-20T13:11:33Z,9032343,0x77b04bab5dfc08b1957b4152499c9291b00ddf5c1dedd7cdb8570c914c1bc545,zest-v2,SP1A27KFY4XERQCCRCARCYD1CC5N7M6688BSYADJ7.v0-8-market,supply-collateral-add,SP2WEPFRFH6KJWJK6JDZQH9B4J9JJRZ3CPQ3MDWVC,2026-09-20T13:11:20Z,13,120,107,success,(ok u58816300),ok,
2026-09-20T13:24:52Z,9032411,0x6ad6df11fd723d23bad6a4ef36f373f2ade1e47122fa4b6da808d41bbea88de2,zest-v1,SP2VCQJGH7PHP2DJK7Z0V48AGBHQAW3R3ZW1QF4N.borrow-helper-v2-1-8,withdraw,SP3XQ8KWMADDXP8YHRDGK9NGWTAXFJTEWYXAA52VE,2026-09-20T13:24:38Z,14,360,346,success,(ok true),ok,
2026-09-20T15:28:33Z,9033046,0x6bd78fd31aee6bfc726ed138cc0f357033a72fda37fac0a05a6314a5281f67d1,zest-v2,SP1A27KFY4XERQCCRCARCYD1CC5N7M6688BSYADJ7.v0-8-market,supply-collateral-add,SP1TPYSSG52FKCDHHN8Y76ABMA12P069BZBFAYEAF,2026-09-20T15:28:20Z,13,120,107,success,(ok u121862),ok,
2026-09-20T15:30:09Z,9033054,0x9f84d01c0708588fb05ced92f6508b8899d4733ccac541c4ae60ef03fb084d64,zest-v2,SP1A27KFY4XERQCCRCARCYD1CC5N7M6688BSYADJ7.v0-8-market,borrow,SP1TPYSSG52FKCDHHN8Y76ABMA12P069BZBFAYEAF,2026-09-20T15:30:02Z,7,120,113,success,(ok true),ok,
2026-09-20T15:33:40Z,9033070,0xe02dbadbe09a7b92cefc64fe84f3539919b789defd26359d515ec9580bd5dd7e,zest-v2,SP1A27KFY4XERQCCRCARCYD1CC5N7M6688BSYADJ7.v0-8-market,borrow,SP3TZHPYHKBG7RSMJFK72EQQ9N9JD5ZM614QASC0J,2026-09-20T15:33:12Z,28,120,92,success,(ok true),ok,
2026-09-20T16:28:45Z,9033336,0x10d0f79a5f5ea8bdaa1b0e4c0f553f97553c1dd093fb168dd57d569ad84623b4,zest-v2,SP1A27KFY4XERQCCRCARCYD1CC5N7M6688BSYADJ7.v0-8-market,borrow,SP3TZHPYHKBG7RSMJFK72EQQ9N9JD5ZM614QASC0J,2026-09-20T16:28:32Z,13,120,107,success,(ok true),ok,
2026-09-20T16:28:45Z,9033336,0xf86e5612cf9cf47378adc9d943d12ef52fef13c1aa1b97b546125ee30e0868c1,zest-v2,SP1A27KFY4XERQCCRCARCYD1CC5N7M6688BSYADJ7.v0-8-market,borrow,SPX57R396NHN6F3WNAHNP2CME3TSHVRWA0XYD556,2026-09-20T16:28:10Z,35,120,85,success,(ok true),ok,
2026-09-20T16:29:53Z,9033341,0xc09a51e508b7888c34f8386a6914ac02b6a7e2b4fd39cec9bd21949ecbb9db32,zest-v2,SP1A27KFY4XERQCCRCARCYD1CC5N7M6688BSYADJ7.v0-8-market,borrow,SP3TZHPYHKBG7RSMJFK72EQQ9N9JD5ZM614QASC0J,2026-09-20T16:29:23Z,30,120,90,success,(ok true),ok,
2026-09-20T16:32:56Z,9033354,0xc2b380471347aa83b0ea0d13141347e37d81ed7b3f06f61f439e838f20290a87,zest-v2,SP1A27KFY4XERQCCRCARCYD1CC5N7M6688BSYADJ7.v0-8-market,supply-collateral-add,SPX57R396NHN6F3WNAHNP2CME3TSHVRWA0XYD556,2026-09-20T16:32:32Z,24,120,96,success,(ok u91812487404),ok,
2026-09-20T16:35:03Z,9033363,0x734f881f366c1ddaf0881362d21e79426bb926e9d04850a40957df8b822362cb,zest-v2,SP1A27KFY4XERQCCRCARCYD1CC5N7M6688BSYADJ7.v0-8-market,borrow,SPX57R396NHN6F3WNAHNP2CME3TSHVRWA0XYD556,2026-09-20T16:34:37Z,26,120,94,success,(ok true),ok,
2026-09-20T16:50:46Z,9033427,0x9e4daf4da2c397b2168311e12de983b33b38fa70f0e03ca830fdadda1e8b5856,zest-v2,SP1A27KFY4XERQCCRCARCYD1CC5N7M6688BSYADJ7.v0-8-market,supply-collateral-add,SP1D6WJMETM08X6FAEXMQFPJ5R96GGTDE4REQYF39,2026-09-20T16:50:22Z,24,120,96,success,(ok u713441),ok,
2026-09-20T17:01:24Z,9033473,0x7423030de18b6369841651b34f952da96f5be6d596c7acddbb5954640a955814,zest-v2,SP1A27KFY4XERQCCRCARCYD1CC5N7M6688BSYADJ7.v0-8-market,borrow,SPMFQ2D13MVAGD73SYPXN1TDK7NBGDZDAQDZG1D6,2026-09-20T17:00:42Z,42,120,78,success,(ok true),ok,
2026-09-20T17:05:40Z,9033496,0x5b34779e94905d41797ab5a2269be6af0fcadf5152c829f63a7facba67cd573a,zest-v2,SP1A27KFY4XERQCCRCARCYD1CC5N7M6688BSYADJ7.v0-8-market,supply-collateral-add,SPMFQ2D13MVAGD73SYPXN1TDK7NBGDZDAQDZG1D6,2026-09-20T17:05:09Z,31,120,89,success,(ok u110000004897),ok,
2026-09-20T17:08:31Z,9033509,0x42e5df2dc13f0efb6f2ddff63aeba94a3a550072957effdc0a1e3cd14c078abf,zest-v2,SP1A27KFY4XERQCCRCARCYD1CC5N7M6688BSYADJ7.v0-8-market,borrow,SPF5VC4PPKY9MYZMJEAXA5M9JWJQY9HBPKQVQTYV,2026-09-20T17:07:58Z,33,120,87,success,(ok true),ok,
2026-09-20T18:33:32Z,9033914,0x288c5796ec0ff9ca816875dfc6a7022b7418a3e4a3aefaa3f1431faf3f1e363d,zest-v2,SP1A27KFY4XERQCCRCARCYD1CC5N7M6688BSYADJ7.v0-8-market,collateral-remove-redeem,SP1GWNW9GKX5WT7GPPB8S0BKXD257VGFYY24X0C74,2026-09-20T18:33:24Z,8,120,112,success,(ok u1499999),ok,
2026-09-20T18:46:38Z,9033973,0x06e3c428120bc878ff1eaaf1c986063c8b4f48fa8c643925e7bf21ae9f603386,zest-v2,SP1A27KFY4XERQCCRCARCYD1CC5N7M6688BSYADJ7.v0-8-market,borrow,SP491K9J80XN2KYA2DNB484PHPKQWNR8RHJ0ZFJ6,2026-09-20T18:46:24Z,14,120,106,success,(ok true),ok,
2026-09-20T19:08:26Z,9034067,0x5ebec24a5f68bc57dcb60f7626901a5f601d9c4f290383c7dea57096e6903da5,zest-v2,SP1A27KFY4XERQCCRCARCYD1CC5N7M6688BSYADJ7.v0-8-market,supply-collateral-add,SP2ZM1KNQNS96RM1MAJTZV7WE7F38GFGRND4E80DW,2026-09-20T19:08:03Z,23,120,97,success,(ok u162048495),ok,
2026-09-20T19:35:18Z,9034206,0x2d902ba1ec2638c834ed4968acc59f763ac2fadcda9ce508ad33a1e7743873ad,zest-v2,SP1A27KFY4XERQCCRCARCYD1CC5N7M6688BSYADJ7.v0-8-market,supply-collateral-add,SPX57R396NHN6F3WNAHNP2CME3TSHVRWA0XYD556,2026-09-20T19:34:49Z,29,120,91,success,(ok u98971939724),ok,
2026-09-20T19:39:49Z,9034226,0x7ba6bf3ed79c7f3b2b4cb9543aeb839bbe8dba87dfaac62ad54f9f213e802b89,zest-v2,SP1A27KFY4XERQCCRCARCYD1CC5N7M6688BSYADJ7.v0-8-market,supply-collateral-add,SPMFQ2D13MVAGD73SYPXN1TDK7NBGDZDAQDZG1D6,2026-09-20T19:38:46Z,63,120,57,success,(ok u117500004897),ok,
2026-09-20T19:51:33Z,9034279,0xf14be4563fb4d2e897264f43a5722aa8efea08d3a788aa77fb2cf9dea10b386b,zest-v2,SP1A27KFY4XERQCCRCARCYD1CC5N7M6688BSYADJ7.v0-8-market,borrow,SP1D6WJMETM08X6FAEXMQFPJ5R96GGTDE4REQYF39,2026-09-20T19:51:18Z,15,120,105,success,(ok true),ok,
2026-09-20T20:07:27Z,9034367,0x6796bd3ed8a2ef0c0a5ab3fe9761e309ec304b94613cedb100eb35234160f4fc,zest-v2,SP1A27KFY4XERQCCRCARCYD1CC5N7M6688BSYADJ7.v0-8-market,supply-collateral-add,SP3J0Z8YSJD20TGEBE6M992CWFDG18VB0PR599VY9,2026-09-20T20:07:09Z,18,120,102,success,(ok u12945720231),ok,
2026-09-20T20:08:37Z,9034374,0x343311b26e94802583bbc2eb8a4d6614542093bc9a4456f73ac464b54533c9cb,zest-v2,SP1A27KFY4XERQCCRCARCYD1CC5N7M6688BSYADJ7.v0-8-market,borrow,SP3J0Z8YSJD20TGEBE6M992CWFDG18VB0PR599VY9,2026-09-20T20:08:28Z,9,120,111,success,(ok true),ok,
2026-09-20T20:11:40Z,9034391,0xca7ddc8548170c9a899adfca7ef1ae5da6731cf253ca396c0e0de665487f639a,zest-v2,SP1A27KFY4XERQCCRCARCYD1CC5N7M6688BSYADJ7.v0-8-market,supply-collateral-add,SP34M22KZDV4TYQZEAM10XC96TZR1G5W75FRHG3KA,2026-09-20T20:11:24Z,16,120,104,success,(ok u19942869882),ok,
2026-09-20T20:22:11Z,9034452,0x91ec1b22f17a775329a9866fcc45d88f984f9c99400d59b0a3e8e1247d86a42f,zest-v2,SP1A27KFY4XERQCCRCARCYD1CC5N7M6688BSYADJ7.v0-8-market,borrow,SP34M22KZDV4TYQZEAM10XC96TZR1G5W75FRHG3KA,2026-09-20T20:21:59Z,12,120,108,success,(ok true),ok,
2026-09-20T20:23:06Z,9034457,0x9d19800f630032b7805180f3186a37cac7049afd9d81643224e9df468e27fb36,zest-v2,SP1A27KFY4XERQCCRCARCYD1CC5N7M6688BSYADJ7.v0-8-market,borrow,SP34M22KZDV4TYQZEAM10XC96TZR1G5W75FRHG3KA,2026-09-20T20:22:55Z,11,120,109,success,(ok true),ok,
2026-09-20T20:25:22Z,9034465,0xbe1992a3d93b733698f045d738670485a547ca999e1a1e863e288f5b00c96dd7,zest-v2,SP1A27KFY4XERQCCRCARCYD1CC5N7M6688BSYADJ7.v0-8-market,supply-collateral-add,SP34M22KZDV4TYQZEAM10XC96TZR1G5W75FRHG3KA,2026-09-20T20:24:46Z,36,120,84,success,(ok u20728623509),ok,
2026-09-20T21:01:43Z,9034623,0xc2382d0432ff803dbf6868f48c3484413a5640ac2b7db1a10a4e2afe45570d5a,zest-v2,SP1A27KFY4XERQCCRCARCYD1CC5N7M6688BSYADJ7.v0-8-market,supply-collateral-add,SP2ZM1KNQNS96RM1MAJTZV7WE7F38GFGRND4E80DW,2026-09-20T21:01:22Z,21,120,99,success,(ok u162099290),ok,
2026-09-20T21:50:03Z,9034807,0x1b72957f062f14b054c68704394a5574d8cd7a057cae2afea8f1490798459c4a,zest-v1,SP2VCQJGH7PHP2DJK7Z0V48AGBHQAW3R3ZW1QF4N.borrow-helper-v2-1-8,withdraw,SP2MFYJ6CM1V70MMEETV55JD22TGZJ7SBZEJ7NWW8,2026-09-20T21:48:55Z,68,360,292,success,(ok true),ok,
2026-09-20T22:15:04Z,9034904,0xc655fd69e051e4cf1b5f4df8a4f6736a1fe3a702f8ab3dad43f84ad140367661,zest-v2,SP1A27KFY4XERQCCRCARCYD1CC5N7M6688BSYADJ7.v0-8-market,supply-collateral-add,SP3A7MGAH0SKC1ACS854PHXHVWE031FYQCBA8M51D,2026-09-20T22:14:52Z,12,120,108,success,(ok u148050919086),ok,
2026-09-20T22:15:51Z,9034907,0xbbae04dc49902e0bb8b29bc0130847cc8997ad45d8218f2e424ce49665fc8545,zest-v2,SP1A27KFY4XERQCCRCARCYD1CC5N7M6688BSYADJ7.v0-8-market,borrow,SP3A7MGAH0SKC1ACS854PHXHVWE031FYQCBA8M51D,2026-09-20T22:15:44Z,7,120,113,success,(ok true),ok,
2026-09-20T22:47:07Z,9035053,0x0c0ae4880d11a75fc4a45cd07d7c3558b8e37e47b46f23e848342247af68342a,zest-v2,SP1A27KFY4XERQCCRCARCYD1CC5N7M6688BSYADJ7.v0-8-market,collateral-remove-redeem,SP3A7MGAH0SKC1ACS854PHXHVWE031FYQCBA8M51D,2026-09-20T22:47:02Z,5,120,115,success,(ok u150000236902),ok,
2026-09-20T22:55:20Z,9035086,0x70080a08da6b6e910b0246994351ecc4c666f0d484ab537ffb831bff2cb963b1,zest-v2,SP1A27KFY4XERQCCRCARCYD1CC5N7M6688BSYADJ7.v0-8-market,supply-collateral-add,SP2ZM1KNQNS96RM1MAJTZV7WE7F38GFGRND4E80DW,2026-09-20T22:54:48Z,32,120,88,success,(ok u162111922),ok,
2026-09-21T00:17:56Z,9035457,0xafd3d6ea814eac6446a45879af23bad31333437d8fe81f290faf9041a035c915,zest-v2,SP1A27KFY4XERQCCRCARCYD1CC5N7M6688BSYADJ7.v0-8-market,collateral-remove-redeem,SP491K9J80XN2KYA2DNB484PHPKQWNR8RHJ0ZFJ6,2026-09-21T00:17:43Z,13,120,107,success,(ok u1780001619),ok,
2026-09-21T00:22:22Z,9035478,0x5c9a2e6ed68f4b6b11c5b2f81ce50797ebb4f80d1310770d0aba4d23f2ada9a0,zest-v2,SP1A27KFY4XERQCCRCARCYD1CC5N7M6688BSYADJ7.v0-8-market,collateral-remove-redeem,SP491K9J80XN2KYA2DNB484PHPKQWNR8RHJ0ZFJ6,2026-09-21T00:22:06Z,16,120,104,success,(ok u1900000349),ok,
2026-09-21T00:28:22Z,9035511,0x817a0e328b8e55c17679abe7c899e13a9fae1133f15b9f27de135301b2e92792,zest-v2,SP1A27KFY4XERQCCRCARCYD1CC5N7M6688BSYADJ7.v0-8-market,borrow,SP491K9J80XN2KYA2DNB484PHPKQWNR8RHJ0ZFJ6,2026-09-21T00:28:09Z,13,120,107,success,(ok true),ok,
2026-09-21T00:29:49Z,9035519,0xf118d58f9b725b543fcf3dd3cdc1488d3a7f5531cb12d7b42628564357b88f96,zest-v2,SP1A27KFY4XERQCCRCARCYD1CC5N7M6688BSYADJ7.v0-8-market,borrow,SP491K9J80XN2KYA2DNB484PHPKQWNR8RHJ0ZFJ6,2026-09-21T00:29:42Z,7,120,113,success,(ok true),ok,
2026-09-21T00:51:46Z,9035642,0x2ad48cd338ec2c8f9437cc35a978870b9da8d2f08b07df2b92eaf5e67dbde9b9,zest-v2,SP1A27KFY4XERQCCRCARCYD1CC5N7M6688BSYADJ7.v0-8-market,collateral-remove-redeem,SP2X7D44FKYJNPTY3M99V7CMTKYDA4YPVY9TBDJQ8,2026-09-21T00:51:24Z,22,120,98,success,(ok u2100001699),ok,
2026-09-21T01:14:16Z,9035761,0x4fb53644b1811e27d64767db9604d900b20c77457aba80993f4447d3e6c2be75,zest-v2,SP1A27KFY4XERQCCRCARCYD1CC5N7M6688BSYADJ7.v0-8-market,collateral-remove-redeem,SPEJGJBR2Q2WW0065HFD0Z8RH0KE04CXE41NK6AG,2026-09-21T01:13:28Z,48,120,72,success,(ok u98574639952),ok,
2026-09-21T01:15:51Z,9035768,0x5366e1cc2be620a9f95a0ff6048291eee56e20f1156fbc555f81e4771f761b10,zest-v2,SP1A27KFY4XERQCCRCARCYD1CC5N7M6688BSYADJ7.v0-8-market,borrow,SP3WAAYXPC6WZNEC7SHGR36D32RJPZVXRR1BG0QSY,2026-09-21T01:15:17Z,34,120,86,success,(ok true),ok,
2026-09-21T01:23:46Z,9035797,0x4ffa97011fba0da34191d3c15673927ce71c53346b94b2aa0018c7e7db111bd6,zest-v2,SP1A27KFY4XERQCCRCARCYD1CC5N7M6688BSYADJ7.v0-8-market,supply-collateral-add,SP2ZM1KNQNS96RM1MAJTZV7WE7F38GFGRND4E80DW,2026-09-21T01:23:21Z,25,120,95,success,(ok u162208213),ok,
2026-09-21T01:46:43Z,9035895,0x5cd9c905b960a3a7e06307ba79bde272ec316c2d871d2239674c118562b2df31,zest-v2,SP1A27KFY4XERQCCRCARCYD1CC5N7M6688BSYADJ7.v0-8-market,supply-collateral-add,SP2ZM1KNQNS96RM1MAJTZV7WE7F38GFGRND4E80DW,2026-09-21T01:46:23Z,20,120,100,success,(ok u162254090),ok,
2026-09-21T02:12:24Z,9036011,0x92aa72b19cae2f1def6cb445cc1a8670dc1b7a940e5108e8c88d24fa98ea6716,zest-v2,SP1A27KFY4XERQCCRCARCYD1CC5N7M6688BSYADJ7.v0-8-market,borrow,SP288D9CSDS3C10Z5C5J0R2ZE51HKZ35W4XWXKW7H,2026-09-21T02:12:07Z,17,120,103,success,(ok true),ok,
2026-09-21T03:21:53Z,9036348,0x09fe6f746d2c27d7e312c683b11ff4ac0ed0a5617ff707efa7da2fa69aea6e6a,zest-v2,SP1A27KFY4XERQCCRCARCYD1CC5N7M6688BSYADJ7.v0-8-market,collateral-remove-redeem,SP24H94V7S19VBC7KFT2K8GAPENV4H1F6B0VFM7MC,2026-09-21T03:21:33Z,20,120,100,success,(ok u8487210617),ok,
2026-09-21T03:49:40Z,9036494,0x465893065f76e3571aec9eae2a432925ece0f7578ba1cd7340a4bacaa8d16a4d,zest-v2,SP1A27KFY4XERQCCRCARCYD1CC5N7M6688BSYADJ7.v0-8-market,supply-collateral-add,SP10QTPW74S8T96EJ9PQ5C6DR49Y1CEXX4QC9425Q,2026-09-21T03:49:21Z,19,120,101,success,(ok u99932134),ok,
2026-09-21T05:07:38Z,9036769,0xa16f2be7b8d995457691e3886ddf6acc861675976af840b5bdfb07772936f8c5,zest-v2,SP1A27KFY4XERQCCRCARCYD1CC5N7M6688BSYADJ7.v0-8-market,borrow,SPCE87V29VDPEAS925YMV2VG3CMBHY0BXKB08NA4,2026-09-21T05:07:09Z,29,120,91,success,(ok true),ok,
2026-09-21T05:20:09Z,9036815,0xf9313595f3f60ce17bbf855ac98191edb031fb45f95f0e75a432469f3de08c4d,zest-v2,SP1A27KFY4XERQCCRCARCYD1CC5N7M6688BSYADJ7.v0-8-market,supply-collateral-add,SPCE87V29VDPEAS925YMV2VG3CMBHY0BXKB08NA4,2026-09-21T05:20:00Z,9,120,111,success,(ok u100113674),ok,
2026-09-21T05:28:21Z,9036846,0x6977fad15f5c1fd5aee71b87067ac779a6fc7a7a56a9f334d52428a80dfe881b,zest-v2,SP1A27KFY4XERQCCRCARCYD1CC5N7M6688BSYADJ7.v0-8-market,borrow,SP1S9V348SY2H77AH4B008KX0K2GPW2EGEW29847M,2026-09-21T05:28:01Z,20,120,100,success,(ok true),ok,
2026-09-21T05:49:27Z,9036901,0xd044c907917258aa9160616178daa9a795bbb4e7f7f15956fd6f5c02c7b73bb7,zest-v2,SP1A27KFY4XERQCCRCARCYD1CC5N7M6688BSYADJ7.v0-8-market,supply-collateral-add,SP1S9V348SY2H77AH4B008KX0K2GPW2EGEW29847M,2026-09-21T05:49:07Z,20,120,100,success,(ok u26540894891),ok,
2026-09-21T05:50:40Z,9036906,0xce84eaa409e4165912a3dfaad052ca0979b40e4a21c17528f44b5e48a2bb9403,zest-v2,SP1A27KFY4XERQCCRCARCYD1CC5N7M6688BSYADJ7.v0-8-market,borrow,SP1S9V348SY2H77AH4B008KX0K2GPW2EGEW29847M,2026-09-21T05:50:24Z,16,120,104,success,(ok true),ok,
2026-09-21T05:53:16Z,9036916,0xfad36381b267d0ccd5721d1b31436c60ccad0f54cd8b77293b5dd7a345851beb,zest-v2,SP1A27KFY4XERQCCRCARCYD1CC5N7M6688BSYADJ7.v0-8-market,supply-collateral-add,SP1S9V348SY2H77AH4B008KX0K2GPW2EGEW29847M,2026-09-21T05:53:12Z,4,120,116,success,(ok u28090606035),ok,
2026-09-21T07:52:40Z,9037414,0xf8ec88afd681c152822ee8272080815f6f07c5b233474afdd0637f7c04513787,zest-v2,SP1A27KFY4XERQCCRCARCYD1CC5N7M6688BSYADJ7.v0-8-market,collateral-remove-redeem,SP1ZJANFG3H554MB4T32ZQKE9ZSN8SMX68G03NH4M,2026-09-21T07:52:23Z,17,120,103,success,(ok u166),ok,
2026-09-21T07:55:26Z,9037424,0x379fc3c73b671b2af67397ab10193882a89fbb2334443b5282f31cd6af1f8cbe,zest-v2,SP1A27KFY4XERQCCRCARCYD1CC5N7M6688BSYADJ7.v0-8-market,supply-collateral-add,SP1ZJANFG3H554MB4T32ZQKE9ZSN8SMX68G03NH4M,2026-09-21T07:54:45Z,41,120,79,success,(ok u10963155),ok,
2026-09-21T08:39:39Z,9037575,0xca1419d980bad1c816061e9f9609a564025862f283b0e223385baaa8e6865723,zest-v2,SP1A27KFY4XERQCCRCARCYD1CC5N7M6688BSYADJ7.v0-8-market,supply-collateral-add,SP7PSDAPGQ2A36G1EPX363AZFWS017Q6FXFFF2BX,2026-09-21T08:38:55Z,44,120,76,success,(ok u13454),ok,
2026-09-21T08:56:55Z,9037630,0x5d1730153466947a8c58088595dcc662e8a0c7d68a2dfabc83305c01afba5b5d,zest-v2,SP1A27KFY4XERQCCRCARCYD1CC5N7M6688BSYADJ7.v0-8-market,collateral-remove-redeem,SP1A9C2R2HVTQ9T3XGB76S57GW4VBAB0JC8D1TZPW,2026-09-21T08:56:34Z,21,120,99,success,(ok u50629174555),ok,
2026-09-21T09:14:12Z,9037696,0xe0c0e73230194fd33e8748d1f5a794fb91b0d96095f8fb9a24a79b1ae86a8962,zest-v2,SP1A27KFY4XERQCCRCARCYD1CC5N7M6688BSYADJ7.v0-8-market,borrow,SP3D0ZDN3E8M33MY88REE1NQQR7H6ZQWEYKQ3JP1V,2026-09-21T09:13:44Z,28,120,92,success,(ok true),ok,
2026-09-21T09:19:38Z,9037722,0x159b43c48dc9c5e95f493e33ca824dbde67a885aa8ef69cf7a8551b6823f6b35,zest-v2,SP1A27KFY4XERQCCRCARCYD1CC5N7M6688BSYADJ7.v0-8-market,borrow,SPCE87V29VDPEAS925YMV2VG3CMBHY0BXKB08NA4,2026-09-21T09:19:13Z,25,120,95,success,(ok true),ok,
2026-09-21T09:26:44Z,9037753,0xbb558e63ac0df7673ccb11f0b70ecca0a55b8e7d10887f5e491495e0c520cd2d,zest-v2,SP1A27KFY4XERQCCRCARCYD1CC5N7M6688BSYADJ7.v0-8-market,supply-collateral-add,SP2ZM1KNQNS96RM1MAJTZV7WE7F38GFGRND4E80DW,2026-09-21T09:26:27Z,17,120,103,success,(ok u162455586),ok,
2026-09-21T09:38:53Z,9037803,0xc0ca941eba313aa3863873c1737cad8d3c8720a1b3b700e61d8f7b9f2e78d50a,zest-v2,SP1A27KFY4XERQCCRCARCYD1CC5N7M6688BSYADJ7.v0-8-market,borrow,SP2DK6S5P9GEQVASGYXC98Y85FQ49J2ZGS74HH6WK,2026-09-21T09:37:37Z,76,120,44,success,(ok true),ok,
2026-09-21T09:42:12Z,9037811,0x60131abf98b0f73372c3e91947fd32632deb7887c4c7f2d701f81b54a333a8cd,zest-v1,SP2VCQJGH7PHP2DJK7Z0V48AGBHQAW3R3ZW1QF4N.borrow-helper-v2-1-8,liquidation-call,SPP6CG3E4VKDGC1NW7AQMMHCD6053152X9DNT12C,2026-09-21T09:40:20Z,112,360,248,success,(ok u0),ok,
2026-09-21T09:42:12Z,9037811,0x6b0349d3b4adc5d0df61c1d4ed61e5c4150bd18974c5fe7d3a158e2bd3b78d5a,zest-v1,SP2VCQJGH7PHP2DJK7Z0V48AGBHQAW3R3ZW1QF4N.borrow-helper-v2-1-8,liquidation-call,SPP6CG3E4VKDGC1NW7AQMMHCD6053152X9DNT12C,2026-09-21T09:40:20Z,112,360,248,abort_by_response,(err u90000),revert:non-oracle,
2026-09-21T09:42:43Z,9037812,0x99b20091c152d6da6827df34ce782024a661bef4a8b9558ff1babfeb8c6b6743,zest-v2,SP1A27KFY4XERQCCRCARCYD1CC5N7M6688BSYADJ7.v0-8-market,supply-collateral-add,SP2DK6S5P9GEQVASGYXC98Y85FQ49J2ZGS74HH6WK,2026-09-21T09:40:13Z,150,120,-30,success,(ok u4407460098),ok,
2026-09-21T09:42:43Z,9037812,0xe46656ab99474aaeddfdb88b4b7850845181f22737159c09080398007a175397,zest-v1,SP2VCQJGH7PHP2DJK7Z0V48AGBHQAW3R3ZW1QF4N.borrow-helper-v2-1-8,liquidation-call,SPP6CG3E4VKDGC1NW7AQMMHCD6053152X9DNT12C,2026-09-21T09:40:20Z,143,360,217,success,(ok u0),ok,
2026-09-21T09:45:39Z,9037820,0x76698421dad16290d7aa2a6d22e539d68e8186a996c5adf49b96619e0418ac13,zest-v2,SP1A27KFY4XERQCCRCARCYD1CC5N7M6688BSYADJ7.v0-8-market,supply-collateral-add,SP2ZM1KNQNS96RM1MAJTZV7WE7F38GFGRND4E80DW,2026-09-21T09:45:18Z,21,120,99,success,(ok u162497228),ok,
2026-09-21T10:00:13Z,9037878,0x7546259eceb88c4d019638ae3d7a2b08a743fcde3c86a5df0f5f15d3178dcf6c,zest-v2,SP1A27KFY4XERQCCRCARCYD1CC5N7M6688BSYADJ7.v0-8-market,collateral-remove-redeem,SP2R8C36A8KVBBWYC4ASD6V36S2E9VJ0FXWV2T4CP,2026-09-21T09:59:56Z,17,120,103,success,(ok u10999999),ok,
2026-09-21T10:05:05Z,9037898,0x4aab65c1843aa3631b1fb40e708c4ebab1132d84ffd770ef9470971b63641b73,zest-v2,SP1A27KFY4XERQCCRCARCYD1CC5N7M6688BSYADJ7.v0-8-market,supply-collateral-add,SP2ZM1KNQNS96RM1MAJTZV7WE7F38GFGRND4E80DW,2026-09-21T10:04:38Z,27,120,93,success,(ok u162503718),ok,
2026-09-21T10:10:27Z,9037920,0x4b6117d1eb3d97ec9cb06b63dade0c2b195e1e82acb5067431daffefef66450e,zest-v2,SP1A27KFY4XERQCCRCARCYD1CC5N7M6688BSYADJ7.v0-8-market,collateral-remove-redeem,SP2R8C36A8KVBBWYC4ASD6V36S2E9VJ0FXWV2T4CP,2026-09-21T10:09:58Z,29,120,91,success,(ok u999),ok,
2026-09-21T10:29:37Z,9037989,0x8b82c2076430de35cdfbbc1b9caec54d035970fc12fa524b1dc3be34c4d5558f,zest-v2,SP1A27KFY4XERQCCRCARCYD1CC5N7M6688BSYADJ7.v0-8-market,supply-collateral-add,SP2ZM1KNQNS96RM1MAJTZV7WE7F38GFGRND4E80DW,2026-09-21T10:28:58Z,39,120,81,success,(ok u162506357),ok,
2026-09-21T10:33:23Z,9038000,0x5b1d03705f20d53e55e947acde74ed9164356ec17b95e31ccd34eb0f36ccd0ec,zest-v2,SP1A27KFY4XERQCCRCARCYD1CC5N7M6688BSYADJ7.v0-8-market,supply-collateral-add,SP2ZM1KNQNS96RM1MAJTZV7WE7F38GFGRND4E80DW,2026-09-21T10:32:05Z,78,120,42,success,(ok u162523765),ok,
2026-09-21T10:43:18Z,9038033,0xd1ae7cbcc782673ab5516b91617c52ec635ac434f4b3d6ed15efc74cb2418353,zest-v1,SP2VCQJGH7PHP2DJK7Z0V48AGBHQAW3R3ZW1QF4N.borrow-helper-v2-1-8,withdraw,SP340HP3XW950EWX4FM448T5S1RK25VEYPCEJQ02V,2026-09-21T10:42:56Z,22,360,338,success,(ok true),ok,
2026-09-21T12:21:48Z,9038414,0x930401162d205bd8d9c4e5bde1d1343b5aec914bc5b1fd05ae645d3efb8b51b3,zest-v2,SP1A27KFY4XERQCCRCARCYD1CC5N7M6688BSYADJ7.v0-8-market,borrow,SP3D0ZDN3E8M33MY88REE1NQQR7H6ZQWEYKQ3JP1V,2026-09-21T12:21:42Z,6,120,114,success,(ok true),ok,
2026-09-21T12:57:58Z,9038543,0xa44dab513074808525fb02071ee22215397b63cec7fe30b1722a9f343488138d,zest-v2,SP1A27KFY4XERQCCRCARCYD1CC5N7M6688BSYADJ7.v0-8-market,collateral-remove-redeem,SP3FMJ4S45WQWVMAYAXR7ETNTD01Q7TFHG1XEDJA6,2026-09-21T12:57:42Z,16,120,104,success,(ok u193206),ok,
2026-09-21T13:10:17Z,9038586,0xcf37abd28db360a4a51fba4e5f8178de23872e8f5fc2b7b21a8526609424da0d,zest-v2,SP1A27KFY4XERQCCRCARCYD1CC5N7M6688BSYADJ7.v0-8-market,supply-collateral-add,SPEXZRQCZC9V6RXY4DS6H0466593D26BW5QAZAS4,2026-09-21T13:10:08Z,9,120,111,success,(ok u394777264579),ok,
2026-09-21T13:20:04Z,9038622,0xce0dd0a72283bf732d5f29739084b82bd234f3e0c470f618cc747fd70ac44b98,zest-v2,SP1A27KFY4XERQCCRCARCYD1CC5N7M6688BSYADJ7.v0-8-market,collateral-remove-redeem,SP1VA6890RJFTVKV9BVXR16Z19DX2EAC3MB8GXX3D,2026-09-21T13:19:36Z,28,120,92,success,(ok u6794985),ok,
2026-09-21T13:30:58Z,9038659,0x9c3ca59da153ac8fb4b2cf24fed740cd881c090998ba0a14a6986d81baf3a283,zest-v2,SP1A27KFY4XERQCCRCARCYD1CC5N7M6688BSYADJ7.v0-8-market,borrow,SPEXZRQCZC9V6RXY4DS6H0466593D26BW5QAZAS4,2026-09-21T13:30:32Z,26,120,94,success,(ok true),ok,
2026-09-21T14:02:10Z,9038771,0x5614aa0bc2c16d1345aa73d328e9cdb400d3b40a76d7c12048428a6cc404aa78,zest-v2,SP1A27KFY4XERQCCRCARCYD1CC5N7M6688BSYADJ7.v0-8-market,borrow,SPEXZRQCZC9V6RXY4DS6H0466593D26BW5QAZAS4,2026-09-21T14:01:34Z,36,120,84,success,(ok true),ok,
2026-09-21T14:04:47Z,9038781,0x667d62798e0ae3b566193bd63d4620d3d63ef208ee49ec4817315386761da855,zest-v2,SP1A27KFY4XERQCCRCARCYD1CC5N7M6688BSYADJ7.v0-8-market,supply-collateral-add,SP1CQ4D640TNM998S1K50FP2BF78J6AVS2BT6E3HP,2026-09-21T14:04:25Z,22,120,98,success,(ok u20709373),ok,
2026-09-21T14:05:17Z,9038783,0xad6533a7a4939ddb75f5f0f985a7b8127a76857c3b69b2edfb7674a96b4d62ac,zest-v2,SP1A27KFY4XERQCCRCARCYD1CC5N7M6688BSYADJ7.v0-8-market,borrow,SP1CQ4D640TNM998S1K50FP2BF78J6AVS2BT6E3HP,2026-09-21T14:05:02Z,15,120,105,success,(ok true),ok,
2026-09-21T14:08:27Z,9038793,0x54cf20a1825260dca53f5b9d7f548daee9f6504e4961e34f0c6b486aa5d53013,zest-v2,SP1A27KFY4XERQCCRCARCYD1CC5N7M6688BSYADJ7.v0-8-market,supply-collateral-add,SP1CQ4D640TNM998S1K50FP2BF78J6AVS2BT6E3HP,2026-09-21T14:08:02Z,25,120,95,success,(ok u21581332),ok,
2026-09-21T14:36:58Z,9038891,0xe56289bc5c509349a1f89a57f961ae22c764ac521b784ff0bf66a593d95c9a8b,zest-v2,SP1A27KFY4XERQCCRCARCYD1CC5N7M6688BSYADJ7.v0-8-market,supply-collateral-add,SP2ZM1KNQNS96RM1MAJTZV7WE7F38GFGRND4E80DW,2026-09-21T14:36:09Z,49,120,71,success,(ok u162534033),ok,
2026-09-21T14:40:58Z,9038904,0xb9f3a37c70ba7ea1ca90fd680c8449fba08eae14958262c45bc04f9c3e1420ab,zest-v2,SP1A27KFY4XERQCCRCARCYD1CC5N7M6688BSYADJ7.v0-8-market,supply-collateral-add,SP1TPYSSG52FKCDHHN8Y76ABMA12P069BZBFAYEAF,2026-09-21T14:40:28Z,30,120,90,success,(ok u131832),ok,
2026-09-21T14:41:15Z,9038905,0x5491febce9385fbd6dccfff6c3778e5ee6e5133bd086c5c50a476abd81e05c49,zest-v2,SP1A27KFY4XERQCCRCARCYD1CC5N7M6688BSYADJ7.v0-8-market,supply-collateral-add,SP2VRJFZD62SB6GE7DSDJ1Z0M6SXJX7JNHSQ6Q187,2026-09-21T14:40:56Z,19,120,101,success,(ok u692792),ok,
2026-09-21T14:42:10Z,9038908,0xf5e6cf60bba2af36cd3c36e7b7d04370c9e50bb5a9ac6f9ad1c83a4550e2594a,zest-v2,SP1A27KFY4XERQCCRCARCYD1CC5N7M6688BSYADJ7.v0-8-market,borrow,SP1TPYSSG52FKCDHHN8Y76ABMA12P069BZBFAYEAF,2026-09-21T14:41:42Z,28,120,92,success,(ok true),ok,
2026-09-21T14:50:35Z,9038937,0xa1255ac455180612daf79707f8682a3915cc6e93b844d1152fa134cc18016355,zest-v2,SP1A27KFY4XERQCCRCARCYD1CC5N7M6688BSYADJ7.v0-8-market,borrow,SP3TZHPYHKBG7RSMJFK72EQQ9N9JD5ZM614QASC0J,2026-09-21T14:49:47Z,48,120,72,success,(ok true),ok,
2026-09-21T14:59:25Z,9038972,0x34e11c6cd97076a5008ef08a96d7b7a2fa76858da05b8313a0966c93c45b9237,zest-v1,SP2VCQJGH7PHP2DJK7Z0V48AGBHQAW3R3ZW1QF4N.borrow-helper-v2-1-8,withdraw,SPXH4RFHRWC6FGGSZ64M3EFVY6XBS8VR8ATTXAV7,2026-09-21T14:59:04Z,21,360,339,success,(ok true),ok,
2026-09-21T15:02:13Z,9038982,0x09378ec5d7dd43229a3169647d47f2d6b23c889eabf398ca8821b3d6827d9049,zest-v1,SP2VCQJGH7PHP2DJK7Z0V48AGBHQAW3R3ZW1QF4N.borrow-helper-v2-1-8,withdraw,SPXH4RFHRWC6FGGSZ64M3EFVY6XBS8VR8ATTXAV7,2026-09-21T15:01:34Z,39,360,321,success,(ok true),ok,
2026-09-21T15:02:49Z,9038985,0x636c6e35ea4109222a31e110caa8ccdd795b6cbb18fbcc5a7055f267b2d99270,zest-v2,SP1A27KFY4XERQCCRCARCYD1CC5N7M6688BSYADJ7.v0-8-market,supply-collateral-add,SP2M7K3YM8813404G1R7AXV106CPWH0Z5ZA80JVAV,2026-09-21T15:02:41Z,8,120,112,success,(ok u51334898532),ok,
2026-09-21T15:19:59Z,9039054,0x9bebb60a5994ec98acf830812a222d7c62b92537cafaa6204134cd764f595361,zest-v2,SP1A27KFY4XERQCCRCARCYD1CC5N7M6688BSYADJ7.v0-8-market,borrow,SM3VKWZV070TKN3C0413JNTSKH3EV7608P4CDKD04,2026-09-21T15:09:35Z,624,120,-504,abort_by_post_condition,(err u400015),oracle-revert:stale,"ERR-ORACLE-MULTI (stale, monotonic race, confidence)"
2026-09-21T15:22:18Z,9039062,0x66d58bef2512c1096033839a838a442a3e2da6b1d08c4b6d237b067148b23f21,zest-v2,SP1A27KFY4XERQCCRCARCYD1CC5N7M6688BSYADJ7.v0-8-market,borrow,SM3VKWZV070TKN3C0413JNTSKH3EV7608P4CDKD04,2026-09-21T15:10:53Z,685,120,-565,abort_by_post_condition,(err u400015),oracle-revert:stale,"ERR-ORACLE-MULTI (stale, monotonic race, confidence)"
2026-09-21T15:23:34Z,9039066,0x1bc72b7f25f5d65cbea5feb084069fcd753a55f433998ce66f80f46b484b2118,zest-v2,SP1A27KFY4XERQCCRCARCYD1CC5N7M6688BSYADJ7.v0-8-market,supply-collateral-add,SP3T0QFP76A4GP8NKWKSCDE70N5JM89CHVJKP0ZH,2026-09-21T15:23:12Z,22,120,98,success,(ok u12388168831),ok,
2026-09-21T15:25:08Z,9039071,0xaee88a61bcc876702915e8dee6994a70015335dcaa1808932848d3fffd94c150,zest-v2,SP1A27KFY4XERQCCRCARCYD1CC5N7M6688BSYADJ7.v0-8-market,borrow,SM3VKWZV070TKN3C0413JNTSKH3EV7608P4CDKD04,2026-09-21T15:23:12Z,116,120,4,success,(ok true),ok,
2026-09-21T16:28:41Z,9039299,0x330877f59ab7f7a60f63a2e0e14c815df945a579152b471c87c3730fb6146cb5,zest-v1,SP2VCQJGH7PHP2DJK7Z0V48AGBHQAW3R3ZW1QF4N.borrow-helper-v2-1-8,withdraw,SP15M881ED8JGZ5CAXTR6VM4FRH61C0SJQ3H9BAFR,2026-09-21T16:28:24Z,17,360,343,success,(ok true),ok,
2026-09-21T16:35:17Z,9039319,0x5a7e2f9d509ec6037dec7aa35239a063eed33fe678f800787b6d46d889c76682,zest-v1,SP2VCQJGH7PHP2DJK7Z0V48AGBHQAW3R3ZW1QF4N.borrow-helper-v2-1-8,withdraw,SP15M881ED8JGZ5CAXTR6VM4FRH61C0SJQ3H9BAFR,2026-09-21T16:34:57Z,20,360,340,success,(ok true),ok,
2026-09-21T16:41:20Z,9039338,0xcc0e2227524dad692c4d0eb2fe7f74145224301556b0d77a4eae73ddd9d7a31f,zest-v1,SP2VCQJGH7PHP2DJK7Z0V48AGBHQAW3R3ZW1QF4N.borrow-helper-v2-1-8,withdraw,SP15M881ED8JGZ5CAXTR6VM4FRH61C0SJQ3H9BAFR,2026-09-21T16:41:01Z,19,360,341,success,(ok true),ok,
2026-09-21T16:46:26Z,9039355,0xce011b4356001a8834a17cc93bdcb7bcc60414197a86357152aead99ed3c22e8,zest-v1,SP2VCQJGH7PHP2DJK7Z0V48AGBHQAW3R3ZW1QF4N.borrow-helper-v2-1-8,withdraw,SP15M881ED8JGZ5CAXTR6VM4FRH61C0SJQ3H9BAFR,2026-09-21T16:45:23Z,63,360,297,success,(ok true),ok,
2026-09-21T16:47:50Z,9039359,0x17b72f73756437056860ddf01654e5c0f3f518c189c085afd247f45f9e294aa1,zest-v1,SP2VCQJGH7PHP2DJK7Z0V48AGBHQAW3R3ZW1QF4N.borrow-helper-v2-1-8,withdraw,SP15M881ED8JGZ5CAXTR6VM4FRH61C0SJQ3H9BAFR,2026-09-21T16:47:19Z,31,360,329,success,(ok true),ok,
2026-09-21T16:49:04Z,9039363,0xbf8f8cea2a91793b402cbbeb18b0ba2bb544221a019b6727f07c069fcc9f8ab9,zest-v2,SP1A27KFY4XERQCCRCARCYD1CC5N7M6688BSYADJ7.v0-8-market,supply-collateral-add,SP15M881ED8JGZ5CAXTR6VM4FRH61C0SJQ3H9BAFR,2026-09-21T16:48:29Z,35,120,85,success,(ok u2412183885),ok,
2026-09-21T16:51:35Z,9039370,0x1b0664cdf21c00bae045654a557d3130debcfc1f82122a06e632ea5db7afc9c6,zest-v2,SP1A27KFY4XERQCCRCARCYD1CC5N7M6688BSYADJ7.v0-8-market,supply-collateral-add,SP15M881ED8JGZ5CAXTR6VM4FRH61C0SJQ3H9BAFR,2026-09-21T16:50:45Z,50,120,70,success,(ok u2430183885),ok,
2026-09-21T16:54:25Z,9039381,0x2f219d5cb4fd7d758831c02fb862915d9e45a1ef1c84f9785a83d2a5c76cdbad,zest-v2,SP1A27KFY4XERQCCRCARCYD1CC5N7M6688BSYADJ7.v0-8-market,borrow,SP15M881ED8JGZ5CAXTR6VM4FRH61C0SJQ3H9BAFR,2026-09-21T16:53:48Z,37,120,83,success,(ok true),ok,
2026-09-21T16:56:38Z,9039389,0xcd9254364292395675ff8af40af95d44ff63f64b6edb130c4e7089882529006f,zest-v2,SP1A27KFY4XERQCCRCARCYD1CC5N7M6688BSYADJ7.v0-8-market,supply-collateral-add,SP15M881ED8JGZ5CAXTR6VM4FRH61C0SJQ3H9BAFR,2026-09-21T16:56:23Z,15,120,105,success,(ok u4370183885),ok,
2026-09-21T16:58:38Z,9039397,0x077588c08c6d3b7f2f436fed02eca7ef2ae339260214be11b7e2c72a7cfb9b3d,zest-v2,SP1A27KFY4XERQCCRCARCYD1CC5N7M6688BSYADJ7.v0-8-market,borrow,SP15M881ED8JGZ5CAXTR6VM4FRH61C0SJQ3H9BAFR,2026-09-21T16:58:24Z,14,120,106,success,(ok true),ok,
2026-09-21T16:59:20Z,9039399,0x136bf451698835f0323b8c5f8e9a2c775134dc570d2f987032ffd3c745d79d7f,zest-v2,SP1A27KFY4XERQCCRCARCYD1CC5N7M6688BSYADJ7.v0-8-market,supply-collateral-add,SP2ZM1KNQNS96RM1MAJTZV7WE7F38GFGRND4E80DW,2026-09-21T16:58:47Z,33,120,87,success,(ok u162604482),ok,
2026-09-21T17:01:10Z,9039404,0x5d6785ed82bfe53e3b57bfae13fd2fd2ebd8194c3503636e1794a40071ed5be8,zest-v2,SP1A27KFY4XERQCCRCARCYD1CC5N7M6688BSYADJ7.v0-8-market,supply-collateral-add,SP15M881ED8JGZ5CAXTR6VM4FRH61C0SJQ3H9BAFR,2026-09-21T17:00:56Z,14,120,106,success,(ok u5920183885),ok,
2026-09-21T17:03:37Z,9039412,0x26a95bdfa97e880c2514025f2e09a0e138cfbde06a1f579c82a1873bb44eab5e,zest-v2,SP1A27KFY4XERQCCRCARCYD1CC5N7M6688BSYADJ7.v0-8-market,borrow,SP15M881ED8JGZ5CAXTR6VM4FRH61C0SJQ3H9BAFR,2026-09-21T17:03:04Z,33,120,87,success,(ok true),ok,
2026-09-21T17:04:42Z,9039415,0x392f41142de5411f48cf5ebadded1a7f019ad3b16e1c488484b745c3088c89a8,zest-v2,SP1A27KFY4XERQCCRCARCYD1CC5N7M6688BSYADJ7.v0-8-market,collateral-remove-redeem,SP2ZM1KNQNS96RM1MAJTZV7WE7F38GFGRND4E80DW,2026-09-21T17:04:08Z,34,120,86,success,(ok u5100000),ok,
2026-09-21T17:05:42Z,9039418,0xba4bc6a70d73bc77345690af10672b91988230f20d266ac503112fd54ff08bad,zest-v2,SP1A27KFY4XERQCCRCARCYD1CC5N7M6688BSYADJ7.v0-8-market,collateral-remove-redeem,SP2Y7BAT6DE5JTQZZ7KTR3XHHBQJ7AQMNQFGKVRMW,2026-09-21T17:05:26Z,16,120,104,success,(ok u1162),ok,
2026-09-21T17:06:12Z,9039420,0x2fe3c98893ca2f120e7fbc7bc13cec4ca4f2144003c0fde2655ef5c680921884,zest-v2,SP1A27KFY4XERQCCRCARCYD1CC5N7M6688BSYADJ7.v0-8-market,supply-collateral-add,SP15M881ED8JGZ5CAXTR6VM4FRH61C0SJQ3H9BAFR,2026-09-21T17:06:00Z,12,120,108,success,(ok u7160183885),ok,
2026-09-21T17:08:31Z,9039430,0xc0e611a1c2c244d44f75647656633edd732c6194dd6a7b6250aa0cca2dabedfe,zest-v2,SP1A27KFY4XERQCCRCARCYD1CC5N7M6688BSYADJ7.v0-8-market,supply-collateral-add,SP2ZM1KNQNS96RM1MAJTZV7WE7F38GFGRND4E80DW,2026-09-21T17:08:02Z,29,120,91,success,(ok u157617461),ok,
2026-09-21T17:43:50Z,9039571,0xf70e02c50eb52733b882d9eb06b886e1723d9825b4df91e83f97f64b50ba6cbb,zest-v2,SP1A27KFY4XERQCCRCARCYD1CC5N7M6688BSYADJ7.v0-8-market,supply-collateral-add,SP3T0QFP76A4GP8NKWKSCDE70N5JM89CHVJKP0ZH,2026-09-21T17:43:28Z,22,120,98,success,(ok u13482993653),ok,
2026-09-21T18:58:05Z,9039871,0xa8ea5299f0dc5b0d9bca483345c03186ed85ea07d436e324877286af972f7e92,zest-v2,SP1A27KFY4XERQCCRCARCYD1CC5N7M6688BSYADJ7.v0-8-market,borrow,SP1JMTQXF50R6X6NJRHRSP5S5NBWQS4CKMSCQYSPM,2026-09-21T18:56:48Z,77,120,43,success,(ok true),ok,
2026-09-21T19:13:52Z,9039916,0xef4d54c552f3d79c2c9da832affd86f489bf26a07586362bb71239f004a273b1,zest-v2,SP1A27KFY4XERQCCRCARCYD1CC5N7M6688BSYADJ7.v0-8-market,borrow,SP2RNHHQDTHGHPEVX83291K4AQZVGWEJ7WCQQDA9R,2026-09-21T19:12:34Z,78,120,42,success,(ok true),ok,
2026-09-21T19:45:31Z,9040003,0xfb258f5c2d50a403223403c8889424a81c59251cd4d0465e7e16e7c3ddc670f0,zest-v2,SP1A27KFY4XERQCCRCARCYD1CC5N7M6688BSYADJ7.v0-8-market,borrow,SP2RNHHQDTHGHPEVX83291K4AQZVGWEJ7WCQQDA9R,2026-09-21T19:45:24Z,7,120,113,success,(ok true),ok,
2026-09-21T19:49:13Z,9040015,0x84e0c997b5244fd44f1e02fcd3d7aa8d22f5bde3b782b7da201622870e25253a,zest-v2,SP1A27KFY4XERQCCRCARCYD1CC5N7M6688BSYADJ7.v0-8-market,supply-collateral-add,SPM942AQAYEX6GVMRN3TZRWRETGEE2YN3RCYY03A,2026-09-21T19:48:58Z,15,120,105,success,(ok u55304698),ok,
2026-09-21T19:49:40Z,9040016,0xd359a4bda3632604c37b0ecd47eab8896bb013fc01592aaed98a892dbc09161d,zest-v2,SP1A27KFY4XERQCCRCARCYD1CC5N7M6688BSYADJ7.v0-8-market,collateral-remove-redeem,SP1D6WJMETM08X6FAEXMQFPJ5R96GGTDE4REQYF39,2026-09-21T19:49:14Z,26,120,94,success,(ok u17770),ok,
2026-09-21T20:19:06Z,9040126,0xf0ed84c20886eed4a53fe436e003931ffad72f96ffddc7502f167e97284189eb,zest-v2,SP1A27KFY4XERQCCRCARCYD1CC5N7M6688BSYADJ7.v0-8-market,borrow,SP1D6WJMETM08X6FAEXMQFPJ5R96GGTDE4REQYF39,2026-09-21T20:18:41Z,25,120,95,success,(ok true),ok,
2026-09-21T20:19:36Z,9040128,0xb351d0e1e645474d823b283890758da8c5ae3bb4b5b4d6fc8b492c5b29d9ac7d,zest-v2,SP1A27KFY4XERQCCRCARCYD1CC5N7M6688BSYADJ7.v0-8-market,supply-collateral-add,SP3RRGMNH6NVP2NNKTN9QQBVXWZJ2H9XDP6Y38GMG,2026-09-21T20:19:10Z,26,120,94,success,(ok u257224822),ok,
2026-09-21T20:27:49Z,9040157,0x34343f80b46d21ed084e5c9738deea15021271a1f00b48e9101c97aa4b251d06,zest-v2,SP1A27KFY4XERQCCRCARCYD1CC5N7M6688BSYADJ7.v0-8-market,borrow,SP7CD8EB3GT9N5PFW8TPY9CMF84208V7KB0EPAPR,2026-09-21T20:27:31Z,18,120,102,success,(ok true),ok,
2026-09-21T20:34:01Z,9040180,0xaa19233e7121706059ad3fc51a9d3958e8199674c5b136f093e65b7ca7c61dec,zest-v2,SP1A27KFY4XERQCCRCARCYD1CC5N7M6688BSYADJ7.v0-8-market,supply-collateral-add,SP7CD8EB3GT9N5PFW8TPY9CMF84208V7KB0EPAPR,2026-09-21T20:33:41Z,20,120,100,success,(ok u4996491104),ok,
2026-09-21T21:03:19Z,9040274,0xc42fe0017bf4c98a08d2c25c7d7cfe4fd352c6d223f28e270d57c1945584aee8,zest-v2,SP1A27KFY4XERQCCRCARCYD1CC5N7M6688BSYADJ7.v0-8-market,borrow,SP3XBCE7R73W9TPWSM3B1NYKHYY9P5K81HE0TWPRP,2026-09-21T21:02:35Z,44,120,76,success,(ok true),ok,
2026-09-21T21:06:44Z,9040284,0xdbbef18999a90b9b019704a1aef8478a7e3e6591f164cdbf386d54f0c2f3de01,zest-v2,SP1A27KFY4XERQCCRCARCYD1CC5N7M6688BSYADJ7.v0-8-market,supply-collateral-add,SP3XBCE7R73W9TPWSM3B1NYKHYY9P5K81HE0TWPRP,2026-09-21T21:05:57Z,47,120,73,success,(ok u9794012719),ok,
2026-09-21T21:09:17Z,9040291,0x666af98f1e3e73b373bae1df3971187d11094d6e473b0636f539d682f43e5229,zest-v2,SP1A27KFY4XERQCCRCARCYD1CC5N7M6688BSYADJ7.v0-8-market,supply-collateral-add,SP3XBCE7R73W9TPWSM3B1NYKHYY9P5K81HE0TWPRP,2026-09-21T21:07:39Z,98,120,22,success,(ok u9993876624),ok,
2026-09-21T21:25:32Z,9040352,0x730b481e54b9998bbe12aad09595c2196db6ddf574b1bce97d7e97add12b0828,zest-v2,SP1A27KFY4XERQCCRCARCYD1CC5N7M6688BSYADJ7.v0-8-market,borrow,SPTWWMRF4ECHHJV8RSJF3057DNBFQCEMJH1DGTF,2026-09-21T21:25:18Z,14,120,106,success,(ok true),ok,
2026-09-21T21:28:34Z,9040366,0x00e7226280586cdd660f453bee360e2e2dd2d20459d63ac11fc902179b616421,zest-v2,SP1A27KFY4XERQCCRCARCYD1CC5N7M6688BSYADJ7.v0-8-market,supply-collateral-add,SPTWWMRF4ECHHJV8RSJF3057DNBFQCEMJH1DGTF,2026-09-21T21:28:15Z,19,120,101,success,(ok u27000251571),ok,
2026-09-21T22:37:43Z,9040626,0xdeba02c056964caec2acd3cb195a09d527257cc457b11f5748f4ee0c7797cd45,zest-v2,SP1A27KFY4XERQCCRCARCYD1CC5N7M6688BSYADJ7.v0-8-market,supply-collateral-add,SP2ZM1KNQNS96RM1MAJTZV7WE7F38GFGRND4E80DW,2026-09-21T22:36:45Z,58,120,62,success,(ok u157648273),ok,
2026-09-21T22:39:44Z,9040632,0xae058a2d12cc78a019fb7947e953724cdda4dd5c308f4f163b794a7901deb3a3,zest-v2,SP1A27KFY4XERQCCRCARCYD1CC5N7M6688BSYADJ7.v0-8-market,borrow,SPCE87V29VDPEAS925YMV2VG3CMBHY0BXKB08NA4,2026-09-21T22:39:34Z,10,120,110,success,(ok true),ok,
2026-09-21T23:09:45Z,9040736,0x563456473daddf2eae3111747fa021be8625007a53c18ac6599d2e2a635fecf2,zest-v2,SP1A27KFY4XERQCCRCARCYD1CC5N7M6688BSYADJ7.v0-8-market,supply-collateral-add,SP2790Q8SEKRJ14BHERSNAHBQCPCBC02ZRD44TAS2,2026-09-21T23:09:21Z,24,120,96,success,(ok u14309),ok,
2026-09-21T23:10:38Z,9040740,0x35932a17c57880127c5afc0a59f20d03f18c64d03b7884a0c88a895cd46f1f34,zest-v2,SP1A27KFY4XERQCCRCARCYD1CC5N7M6688BSYADJ7.v0-8-market,collateral-remove,SP2790Q8SEKRJ14BHERSNAHBQCPCBC02ZRD44TAS2,2026-09-21T23:10:22Z,16,120,104,success,(ok u0),ok,
2026-09-21T23:23:16Z,9040781,0x73dbec820713328b5256e087bc9d23001289328dc9c403b2e855864b617a6d1c,zest-v2,SP1A27KFY4XERQCCRCARCYD1CC5N7M6688BSYADJ7.v0-8-market,supply-collateral-add,SPYK0B07DVM059RARCA23BARRZT5P42QH8KKP4QF,2026-09-21T23:22:08Z,68,120,52,success,(ok u5141160398),ok,
2026-09-21T23:33:55Z,9040816,0xb5166d738b6c2d047d0bfdd128fe3fc1cd0dce2374db6e7e6299cb0a1fd33f65,zest-v2,SP1A27KFY4XERQCCRCARCYD1CC5N7M6688BSYADJ7.v0-8-market,supply-collateral-add,SP3HF4NS6MAD0D17MJJ3J4HXP7JTQ4SN5F5P0YKEK,2026-09-21T23:33:44Z,11,120,109,success,(ok u2188544),ok,
2026-09-21T23:35:04Z,9040819,0x2c99fb2cbc5ace034fe6ae13877c9bf6aa291c62d4c3959c10b379e92a71f51c,zest-v2,SP1A27KFY4XERQCCRCARCYD1CC5N7M6688BSYADJ7.v0-8-market,borrow,SPYK0B07DVM059RARCA23BARRZT5P42QH8KKP4QF,2026-09-21T23:34:17Z,47,120,73,success,(ok true),ok,
2026-09-21T23:36:16Z,9040823,0x59631db748bf6d4ef1e8900c75bf11be0c927ba2362e671b0e335dc07f2c1124,zest-v2,SP1A27KFY4XERQCCRCARCYD1CC5N7M6688BSYADJ7.v0-8-market,borrow,SP3HF4NS6MAD0D17MJJ3J4HXP7JTQ4SN5F5P0YKEK,2026-09-21T23:35:23Z,53,120,67,success,(ok true),ok,
2026-09-21T23:48:23Z,9040861,0xd48099fe6d29b502f74ef72ad052a3967ccece2c47376b5a4e90ccb7be417d5c,zest-v2,SP1A27KFY4XERQCCRCARCYD1CC5N7M6688BSYADJ7.v0-8-market,borrow,SP1RA8D51TD76TP91ND8C9D47RNPKDQ2ZQS2YZ6B,2026-09-21T23:46:59Z,84,120,36,success,(ok true),ok,
2026-09-21T23:53:06Z,9040881,0x55453863970f16dec48716c2d4df7a063877f5639fd5639cbbbdca61de2583b9,zest-v2,SP1A27KFY4XERQCCRCARCYD1CC5N7M6688BSYADJ7.v0-8-market,supply-collateral-add,SPM942AQAYEX6GVMRN3TZRWRETGEE2YN3RCYY03A,2026-09-21T23:52:56Z,10,120,110,success,(ok u85899003),ok,
2026-09-21T23:54:39Z,9040888,0x00fddd66a0adffcad1b07e0c0f9bd83278c19859a7bdcbc75f134d4932d79ac7,zest-v2,SP1A27KFY4XERQCCRCARCYD1CC5N7M6688BSYADJ7.v0-8-market,supply-collateral-add,SP2ZM1KNQNS96RM1MAJTZV7WE7F38GFGRND4E80DW,2026-09-21T23:54:24Z,15,120,105,success,(ok u157665551),ok,
2026-09-22T00:08:22Z,9040934,0xb8c44f7186833828aabc72c027974fe2d67930d4eaf5c91af7e304f408e0ed10,zest-v2,SP1A27KFY4XERQCCRCARCYD1CC5N7M6688BSYADJ7.v0-8-market,supply-collateral-add,SP34M22KZDV4TYQZEAM10XC96TZR1G5W75FRHG3KA,2026-09-22T00:08:12Z,10,120,110,success,(ok u20731074599),ok,
2026-09-22T00:16:58Z,9040963,0x77a5b12d5ea69b3ba5b128f99bdcc4d01acfb7e2ab0990a4946ccc7b8a4a99ea,zest-v2,SP1A27KFY4XERQCCRCARCYD1CC5N7M6688BSYADJ7.v0-8-market,collateral-remove-redeem,SP33HRNWBTQK9GEPQN7G4SD9D7RCNGAQZDM53EHX4,2026-09-22T00:16:43Z,15,120,105,success,(ok u11701447288),ok,
2026-09-22T00:29:06Z,9041014,0xbd143a026e9c6a183c885d2324408eec5b3417ebf871a76e9c608f12a3ca1818,zest-v2,SP1A27KFY4XERQCCRCARCYD1CC5N7M6688BSYADJ7.v0-8-market,collateral-remove-redeem,SP33HRNWBTQK9GEPQN7G4SD9D7RCNGAQZDM53EHX4,2026-09-22T00:28:49Z,17,120,103,success,(ok u14627819307),ok,
2026-09-22T00:31:12Z,9041022,0x75ee6f90abfe3d81dffdd4f7a925ff1dcc7c2843dfe99efe9166938c006acb16,granite-usdcx,SP3M2BYF7RGF8WKW5FVDNJ6WR8D7AR9BHDXAKPXZE.state-v1,borrow,SP1ZJHN74VH26SPHHJB4YP6NSEYVKFZD1W0ZK5K9H,2026-09-22T00:29:45Z,87,300,213,success,(ok true),ok,
2026-09-22T00:36:54Z,9041040,0x94282c257de8024857a626e1d0e9fa418a15bb3d2b0677cda2b5d3785ff23248,zest-v2,SP1A27KFY4XERQCCRCARCYD1CC5N7M6688BSYADJ7.v0-8-market,collateral-remove-redeem,SP33HRNWBTQK9GEPQN7G4SD9D7RCNGAQZDM53EHX4,2026-09-22T00:36:17Z,37,120,83,success,(ok u18313609858),ok,
2026-09-22T00:37:13Z,9041041,0x3c6447f20cac11ca0745c87a0e2f47899a8ef7da95af35324db75821673e4d56,zest-v2,SP1A27KFY4XERQCCRCARCYD1CC5N7M6688BSYADJ7.v0-8-market,collateral-remove-redeem,SP33HRNWBTQK9GEPQN7G4SD9D7RCNGAQZDM53EHX4,2026-09-22T00:37:03Z,10,120,110,abort_by_post_condition,(err u400005),revert:non-oracle,
2026-09-22T00:43:19Z,9041060,0xb8c45af7c44ebcb5bb476f316ebb281df05fcaffb3f9016bce980fc4e60a2fd8,zest-v2,SP1A27KFY4XERQCCRCARCYD1CC5N7M6688BSYADJ7.v0-8-market,collateral-remove-redeem,SP33HRNWBTQK9GEPQN7G4SD9D7RCNGAQZDM53EHX4,2026-09-22T00:42:57Z,22,120,98,success,(ok u22925883492),ok,
2026-09-22T00:50:56Z,9041082,0x7a99126b3d06ba022a28f7af26d04638a475ed1627a542c23beb4b2538a9b038,zest-v2,SP1A27KFY4XERQCCRCARCYD1CC5N7M6688BSYADJ7.v0-8-market,collateral-remove-redeem,SP33HRNWBTQK9GEPQN7G4SD9D7RCNGAQZDM53EHX4,2026-09-22T00:50:47Z,9,120,111,success,(ok u28676971035),ok,
2026-09-22T00:51:25Z,9041084,0x58f92dd0cac51fc5b0071b4ddee807d19669b5907dc13a90d39b518eb72c6857,zest-v2,SP1A27KFY4XERQCCRCARCYD1CC5N7M6688BSYADJ7.v0-8-market,supply-collateral-add,SPM942AQAYEX6GVMRN3TZRWRETGEE2YN3RCYY03A,2026-09-22T00:51:18Z,7,120,113,success,(ok u216171172),ok,
2026-09-22T00:57:28Z,9041105,0x1636db966562ccb9ad2aa9728f493d7457b8b8ee24339d1228565a69bd0864f4,zest-v2,SP1A27KFY4XERQCCRCARCYD1CC5N7M6688BSYADJ7.v0-8-market,collateral-remove-redeem,SP33HRNWBTQK9GEPQN7G4SD9D7RCNGAQZDM53EHX4,2026-09-22T00:57:14Z,14,120,106,success,(ok u29000000000),ok,
2026-09-22T01:01:03Z,9041118,0xdda248536d9b26ee94fba05003da4f752f84e7f5d0ec48a5d9dfe9267e383d0c,zest-v2,SP1A27KFY4XERQCCRCARCYD1CC5N7M6688BSYADJ7.v0-8-market,borrow,SPG90HHG9DQSZRC921S56CRYJ89K229YDE0N5SN1,2026-09-22T01:00:20Z,43,120,77,success,(ok true),ok,
2026-09-22T01:03:35Z,9041127,0xd1992f5f7050ccdf858c93201ac8604ff27ab4a14854fb6808addba05a392978,zest-v2,SP1A27KFY4XERQCCRCARCYD1CC5N7M6688BSYADJ7.v0-8-market,collateral-remove-redeem,SP33HRNWBTQK9GEPQN7G4SD9D7RCNGAQZDM53EHX4,2026-09-22T01:02:32Z,63,120,57,success,(ok u43140072471),ok,
2026-09-22T01:13:31Z,9041163,0x0bf3588c30fef8e176a02818053fe9ff5c8283ea94f620e03c61456b43bb69a7,zest-v2,SP1A27KFY4XERQCCRCARCYD1CC5N7M6688BSYADJ7.v0-8-market,collateral-remove,SP33HRNWBTQK9GEPQN7G4SD9D7RCNGAQZDM53EHX4,2026-09-22T01:13:22Z,9,120,111,success,(ok u0),ok,
2026-09-22T01:14:34Z,9041167,0xe4345797e8574c13332bc8549801b18f9afe5615081c57206b901ef9416b6afd,zest-v2,SP1A27KFY4XERQCCRCARCYD1CC5N7M6688BSYADJ7.v0-8-market,collateral-add,SP33HRNWBTQK9GEPQN7G4SD9D7RCNGAQZDM53EHX4,2026-09-22T01:14:17Z,17,120,103,success,(ok u14441057),ok,
2026-09-22T01:17:34Z,9041179,0xa6da3f425022e65c425c03a2f781a0fc512571769713b6180735109f8b54a044,zest-v2,SP1A27KFY4XERQCCRCARCYD1CC5N7M6688BSYADJ7.v0-8-market,borrow,SP33HRNWBTQK9GEPQN7G4SD9D7RCNGAQZDM53EHX4,2026-09-22T01:17:28Z,6,120,114,success,(ok true),ok,
2026-09-22T01:19:48Z,9041189,0x93088be2517f2cbd3393f9e7bb9778a309fd7b91d050021581b8b5f729040ea9,granite-usdcx,SP3M2BYF7RGF8WKW5FVDNJ6WR8D7AR9BHDXAKPXZE.state-v1,remove-collateral,SP33HRNWBTQK9GEPQN7G4SD9D7RCNGAQZDM53EHX4,2026-09-22T01:18:09Z,99,300,201,success,(ok true),ok,
2026-09-22T01:23:00Z,9041203,0x53b7b84f8dc354bc86e48bde7e0d067a69097afec0bf9f92624eef282372e405,zest-v2,SP1A27KFY4XERQCCRCARCYD1CC5N7M6688BSYADJ7.v0-8-market,supply-collateral-add,SP33HRNWBTQK9GEPQN7G4SD9D7RCNGAQZDM53EHX4,2026-09-22T01:22:48Z,12,120,108,success,(ok u64412945),ok,
2026-09-22T01:24:38Z,9041210,0x4076b39f50d07e379d6efe9f2d2df4d600b4922e901ea7b8435fbbf301dc2b41,zest-v2,SP1A27KFY4XERQCCRCARCYD1CC5N7M6688BSYADJ7.v0-8-market,borrow,SP33HRNWBTQK9GEPQN7G4SD9D7RCNGAQZDM53EHX4,2026-09-22T01:24:31Z,7,120,113,success,(ok true),ok,
2026-09-22T01:49:39Z,9041287,0x8f4ddc585ed5d23b89d818b45ae262f3fd106b333780bb0edd0b3f46e2620718,granite-usdcx,SP3M2BYF7RGF8WKW5FVDNJ6WR8D7AR9BHDXAKPXZE.state-v1,remove-collateral,SP33HRNWBTQK9GEPQN7G4SD9D7RCNGAQZDM53EHX4,2026-09-22T01:48:14Z,85,300,215,success,(ok true),ok,
2026-09-22T01:50:42Z,9041290,0xc0cdcd9a6d932d24120900ca5dc66cbfc3f18e5326709bdf7825097967523393,zest-v2,SP1A27KFY4XERQCCRCARCYD1CC5N7M6688BSYADJ7.v0-8-market,supply-collateral-add,SP33HRNWBTQK9GEPQN7G4SD9D7RCNGAQZDM53EHX4,2026-09-22T01:50:23Z,19,120,101,success,(ok u114384830),ok,
2026-09-22T01:52:48Z,9041296,0xf36621d2d0a89defa40dfcd56c86451f051077620470e4862427f52d95f31710,zest-v2,SP1A27KFY4XERQCCRCARCYD1CC5N7M6688BSYADJ7.v0-8-market,borrow,SP33HRNWBTQK9GEPQN7G4SD9D7RCNGAQZDM53EHX4,2026-09-22T01:52:21Z,27,120,93,success,(ok true),ok,
2026-09-22T01:59:09Z,9041312,0xb42cadaaf93cac113eb814ef9e8fc8c2bc5a7971b36030a5b4f630d86b61f4b5,granite-usdcx,SP3M2BYF7RGF8WKW5FVDNJ6WR8D7AR9BHDXAKPXZE.state-v1,remove-collateral,SP33HRNWBTQK9GEPQN7G4SD9D7RCNGAQZDM53EHX4,2026-09-22T01:58:28Z,41,300,259,success,(ok true),ok,
2026-09-22T02:00:16Z,9041316,0xde52bee3a2fcfc4ada9db86f10f90c5babe145cbdaad35a1d82831e7ccd1938e,zest-v2,SP1A27KFY4XERQCCRCARCYD1CC5N7M6688BSYADJ7.v0-8-market,supply-collateral-add,SP33HRNWBTQK9GEPQN7G4SD9D7RCNGAQZDM53EHX4,2026-09-22T02:00:07Z,9,120,111,success,(ok u164356752),ok,
2026-09-22T02:51:06Z,9041465,0x331aaa1f9650dbfac6987bc617720a0992b3b7e9f81155ad2ed3a994c2e414ae,zest-v2,SP1A27KFY4XERQCCRCARCYD1CC5N7M6688BSYADJ7.v0-8-market,collateral-remove-redeem,SP1EKDMMG508FY96RSEQ1EFGGZ6J8T8DCDPAM12HS,2026-09-22T02:50:52Z,14,120,106,success,(ok u10803448328),ok,
2026-09-22T03:30:12Z,9041592,0x0a697b9a154cad20a158bcf80d13a474b38f24d69fbfdbce9a11a9fbf5bc3f8f,zest-v2,SP1A27KFY4XERQCCRCARCYD1CC5N7M6688BSYADJ7.v0-8-market,supply-collateral-add,SP2ZM1KNQNS96RM1MAJTZV7WE7F38GFGRND4E80DW,2026-09-22T03:29:53Z,19,120,101,success,(ok u157674454),ok,
2026-09-22T04:05:23Z,9041702,0xdfdeb274bb6faaff732ec299d2688c7073a53a9443b4678ce13ed5f27d3c0428,zest-v2,SP1A27KFY4XERQCCRCARCYD1CC5N7M6688BSYADJ7.v0-8-market,borrow,SPCE87V29VDPEAS925YMV2VG3CMBHY0BXKB08NA4,2026-09-22T04:05:09Z,14,120,106,success,(ok true),ok,
2026-09-22T04:08:21Z,9041708,0x3194e8967d6422bad3b5e62ca7985b0c56fea12af07fa9b317e45ed11e00a945,zest-v2,SP1A27KFY4XERQCCRCARCYD1CC5N7M6688BSYADJ7.v0-8-market,supply-collateral-add,SP1RA8D51TD76TP91ND8C9D47RNPKDQ2ZQS2YZ6B,2026-09-22T04:05:02Z,199,120,-79,success,(ok u188315),ok,
2026-09-22T04:21:14Z,9041747,0x236c0d4cd2af67cfc4eb748958e65be3670dbd16fd21730f96c7f691d7ca1dae,zest-v1,SP2VCQJGH7PHP2DJK7Z0V48AGBHQAW3R3ZW1QF4N.borrow-helper-v2-1-8,withdraw,SP348V8458YH82ZWN7TE3VQYX3BV5607KAFB1648D,2026-09-22T04:20:06Z,68,360,292,success,(ok true),ok,
2026-09-22T04:45:57Z,9041821,0xc8779a0925c046c4ba776f359b99696acb996b82dd35a86d036b53bbcd08142e,zest-v1,SP2VCQJGH7PHP2DJK7Z0V48AGBHQAW3R3ZW1QF4N.borrow-helper-v2-1-8,withdraw,SP348V8458YH82ZWN7TE3VQYX3BV5607KAFB1648D,2026-09-22T04:45:22Z,35,360,325,success,(ok true),ok,
2026-09-22T04:59:11Z,9041876,0x6ca7f3bef227baafd61c027fb65fbdf6ecd9239e1538635920a9a2e6b0b7d932,zest-v1,SP2VCQJGH7PHP2DJK7Z0V48AGBHQAW3R3ZW1QF4N.borrow-helper-v2-1-8,withdraw,SP348V8458YH82ZWN7TE3VQYX3BV5607KAFB1648D,2026-09-22T04:59:04Z,7,360,353,success,(ok true),ok,
2026-09-22T05:14:40Z,9041935,0xd95b6fb6ccc94a35f20ed62506e274d062b89f1ad646d228f8ff0cc45f6f890c,zest-v2,SP1A27KFY4XERQCCRCARCYD1CC5N7M6688BSYADJ7.v0-8-market,supply-collateral-add,SP348V8458YH82ZWN7TE3VQYX3BV5607KAFB1648D,2026-09-22T05:14:29Z,11,120,109,success,(ok u7499072),ok,
2026-09-22T05:25:04Z,9041970,0x17f1eaaea4401d52f7d3e4c09362292b49a89abadf31d31e0bd3953827d7d230,zest-v2,SP1A27KFY4XERQCCRCARCYD1CC5N7M6688BSYADJ7.v0-8-market,borrow,SP33HRNWBTQK9GEPQN7G4SD9D7RCNGAQZDM53EHX4,2026-09-22T05:24:40Z,24,120,96,success,(ok true),ok,
2026-09-22T06:04:10Z,9042101,0xa376b11b2e6e99e41ca1887afd14f2e6cdf02e07680de086175bc73e20462790,zest-v2,SP1A27KFY4XERQCCRCARCYD1CC5N7M6688BSYADJ7.v0-8-market,borrow,SP3D0ZDN3E8M33MY88REE1NQQR7H6ZQWEYKQ3JP1V,2026-09-22T06:03:51Z,19,120,101,success,(ok true),ok,
2026-09-22T06:04:22Z,9042102,0x16fdb47b0576d74125e9d7bcda610ab92c332bc27e7b88b48f1e7bbdb39840b2,zest-v2,SP1A27KFY4XERQCCRCARCYD1CC5N7M6688BSYADJ7.v0-8-market,supply-collateral-add,SP33HRNWBTQK9GEPQN7G4SD9D7RCNGAQZDM53EHX4,2026-09-22T06:04:17Z,5,120,115,success,(ok u164396810),ok,
2026-09-22T06:16:46Z,9042142,0x87b1bed4f3ffc6bddb59ffce449ca8687b9caa82a565e76acfcffd492c5cdf47,zest-v2,SP1A27KFY4XERQCCRCARCYD1CC5N7M6688BSYADJ7.v0-8-market,borrow,SP3D0ZDN3E8M33MY88REE1NQQR7H6ZQWEYKQ3JP1V,2026-09-22T06:16:12Z,34,120,86,success,(ok true),ok,
2026-09-22T06:52:19Z,9042253,0xcc02d2abee85d177cfd5465947d8e1ef67596a6b0b55beacbb29716d1da9f05d,zest-v2,SP1A27KFY4XERQCCRCARCYD1CC5N7M6688BSYADJ7.v0-8-market,collateral-remove-redeem,SP3KPRN53ZGD45B3WRTDMZZEHBJSFQ8AKN9RE6FKS,2026-09-22T06:51:49Z,30,120,90,success,(ok u20000017011),ok,
2026-09-22T06:55:25Z,9042261,0x509f1f4515bb87037fa5daf47c7378782a3d3532aac7a743b8a23eb818e9746f,zest-v2,SP1A27KFY4XERQCCRCARCYD1CC5N7M6688BSYADJ7.v0-8-market,collateral-remove-redeem,SP3KPRN53ZGD45B3WRTDMZZEHBJSFQ8AKN9RE6FKS,2026-09-22T06:55:14Z,11,120,109,success,(ok u25000024799),ok,
2026-09-22T07:41:19Z,9042424,0x38db1eaa8d11ff50c838825f90ae0d2a33f6124a8ba0e51e300a228bb5647e4d,zest-v2,SP1A27KFY4XERQCCRCARCYD1CC5N7M6688BSYADJ7.v0-8-market,collateral-remove-redeem,SP3NEPVM5EP97JZKNKYW8EF22Q4G98HV6HZ5TEM5,2026-09-22T07:40:21Z,58,120,62,success,(ok u22018733),ok,
2026-09-22T08:13:23Z,9042496,0xd9eea3929f6f0639e8e5519ab8ed7497b7484da24a1eac6a81b8a40fff25cbf3,zest-v2,SP1A27KFY4XERQCCRCARCYD1CC5N7M6688BSYADJ7.v0-8-market,collateral-remove,SP2BTY360BEBF6A9CAARMHX4B6HHZ20CMZ23E9SV5,2026-09-22T08:12:32Z,51,120,69,success,(ok u0),ok,
2026-09-22T08:32:30Z,9042562,0xacd15b292f170da7ccd43538a94d08e8903f99bcbbfed76c1bc26d7aa2ef905d,zest-v2,SP1A27KFY4XERQCCRCARCYD1CC5N7M6688BSYADJ7.v0-8-market,supply-collateral-add,SP2BTY360BEBF6A9CAARMHX4B6HHZ20CMZ23E9SV5,2026-09-22T08:32:10Z,20,120,100,success,(ok u95024),ok,
2026-09-22T08:34:20Z,9042570,0x56d4808bf26b1e601b05189a9f58e7cd3f49f9e291c6f86bec34029a1cd27c03,zest-v2,SP1A27KFY4XERQCCRCARCYD1CC5N7M6688BSYADJ7.v0-8-market,collateral-remove,SP2BTY360BEBF6A9CAARMHX4B6HHZ20CMZ23E9SV5,2026-09-22T08:33:55Z,25,120,95,success,(ok u0),ok,
2026-09-22T09:03:49Z,9042656,0xe63b67cfb9baacd4aab77f4c9bf8ec702d82286d997c3c99a71802d90b6b435b,zest-v2,SP1A27KFY4XERQCCRCARCYD1CC5N7M6688BSYADJ7.v0-8-market,supply-collateral-add,SP1P6YHX7YKEGHVZ4CQRV3D78RP3FZ9MM9XC5Q8GG,2026-09-22T09:02:58Z,51,120,69,success,(ok u46866),ok,
2026-09-22T09:05:31Z,9042661,0x0434b7339273cf11a6880152fd23c951564302eb88da9a40f52c69c46a86a4fb,zest-v2,SP1A27KFY4XERQCCRCARCYD1CC5N7M6688BSYADJ7.v0-8-market,collateral-remove,SP1P6YHX7YKEGHVZ4CQRV3D78RP3FZ9MM9XC5Q8GG,2026-09-22T09:05:06Z,25,120,95,success,(ok u0),ok,
2026-09-22T09:09:25Z,9042672,0x0d3ec354a0b52ae1284b77bdd1c6ed75f4bdefe59eb79d5e5c2517cca85eccfd,zest-v2,SP1A27KFY4XERQCCRCARCYD1CC5N7M6688BSYADJ7.v0-8-market,supply-collateral-add,SP1P6YHX7YKEGHVZ4CQRV3D78RP3FZ9MM9XC5Q8GG,2026-09-22T09:08:57Z,28,120,92,success,(ok u46867),ok,
2026-09-22T09:10:18Z,9042675,0x0f6bcd818058872a108c58dabc929743a64a5716ddcee2dc046cc305614f595e,zest-v2,SP1A27KFY4XERQCCRCARCYD1CC5N7M6688BSYADJ7.v0-8-market,collateral-remove,SP1P6YHX7YKEGHVZ4CQRV3D78RP3FZ9MM9XC5Q8GG,2026-09-22T09:09:59Z,19,120,101,success,(ok u0),ok,
2026-09-22T10:02:33Z,9042833,0x7418e64536b472199a84b8d7bc983da68211171c49093eaa9b5dd7a0712f8ff5,zest-v2,SP1A27KFY4XERQCCRCARCYD1CC5N7M6688BSYADJ7.v0-8-market,borrow,SP2PKX3NAER3T40ECAYAVZESCGA42B6BP50K6ENKM,2026-09-22T10:01:56Z,37,120,83,success,(ok true),ok,
2026-09-22T10:04:42Z,9042839,0x4d115dabf1f4222d71a6e64dac3c3d751bebadd7cc447fbb43049988200b8283,zest-v2,SP1A27KFY4XERQCCRCARCYD1CC5N7M6688BSYADJ7.v0-8-market,supply-collateral-add,SPCDCWBEZ9ZEK49BNMDE2MDMJ0E01W02H9SA4TVZ,2026-09-22T10:03:51Z,51,120,69,success,(ok u707232862905),ok,
2026-09-22T10:14:55Z,9042866,0x0eb8d127f8f95699fe6aea76b7a930adbd2ef685e0e0fb1926611a98cdabf600,zest-v2,SP1A27KFY4XERQCCRCARCYD1CC5N7M6688BSYADJ7.v0-8-market,borrow,SP2WH24ZBG0956J91J7J5W54NB51K2MYE8YVM4JVS,2026-09-22T10:13:07Z,108,120,12,success,(ok true),ok,
2026-09-22T10:20:42Z,9042882,0x3a78c8c2270bc63335619df68120057cd85cd63ea336ab10f792efbd0bd780ca,zest-v1,SP2VCQJGH7PHP2DJK7Z0V48AGBHQAW3R3ZW1QF4N.borrow-helper-v2-1-8,withdraw,SP2HWSAW4QKEADTCNACQ7AMTRKM0EH66C5E047SG7,2026-09-22T10:19:57Z,45,360,315,success,(ok true),ok,
2026-09-22T10:32:21Z,9042915,0x3dbbea2fc35defa26ba3ea5ddbcdca344a4093e7cf6ce8bad28c022460f87365,zest-v2,SP1A27KFY4XERQCCRCARCYD1CC5N7M6688BSYADJ7.v0-8-market,supply-collateral-add,SP27S3S4W7VDGSSFXVNQ193VMMK1WFYRKJ9PSZBMK,2026-09-22T10:32:02Z,19,120,101,success,(ok u565868344),ok,
2026-09-22T11:13:50Z,9043049,0x9fb4d4504903256ab0d9785a94fbc71426c7cd1504e52491105d2d276269b7cc,zest-v2,SP1A27KFY4XERQCCRCARCYD1CC5N7M6688BSYADJ7.v0-8-market,supply-collateral-add,SP2HWK2PHPC0F2T5H9P0CHB1A8MRGZJ4GJNJYVHPR,2026-09-22T11:11:57Z,113,120,7,success,(ok u508244436),ok,
2026-09-22T11:16:53Z,9043056,0x698f719f67842a160b901fe60639d023203f10463a9051bb69b49d2593edb5b4,zest-v2,SP1A27KFY4XERQCCRCARCYD1CC5N7M6688BSYADJ7.v0-8-market,borrow,SP2HWK2PHPC0F2T5H9P0CHB1A8MRGZJ4GJNJYVHPR,2026-09-22T11:15:33Z,80,120,40,success,(ok true),ok,
2026-09-22T11:19:51Z,9043064,0x5ee25c10abaec40f2fc8c633c7b7f4bb2c21cf8c3a1e8cd67a8d61d62d3467ec,zest-v2,SP1A27KFY4XERQCCRCARCYD1CC5N7M6688BSYADJ7.v0-8-market,borrow,SP3PJNWBNEFR01Q77QA8K7YGVJARP3BYW2ZAKAGPY,2026-09-22T11:19:10Z,41,120,79,success,(ok true),ok,
2026-09-22T11:54:52Z,9043153,0xfb07f62f83d10331c447f1ddd7d4b059e06017684aac4076562c25df522fc9de,zest-v2,SP1A27KFY4XERQCCRCARCYD1CC5N7M6688BSYADJ7.v0-8-market,supply-collateral-add,SP2BTY360BEBF6A9CAARMHX4B6HHZ20CMZ23E9SV5,2026-09-22T11:53:24Z,88,120,32,abort_by_post_condition,(err u720007),revert:non-oracle,
2026-09-22T11:54:52Z,9043153,0xb354f919f0b400d4c47234d806924fcb1ac44511a3825da88b2b5b9ca835f12c,zest-v2,SP1A27KFY4XERQCCRCARCYD1CC5N7M6688BSYADJ7.v0-8-market,supply-collateral-add,SP2BTY360BEBF6A9CAARMHX4B6HHZ20CMZ23E9SV5,2026-09-22T11:53:01Z,111,120,9,success,(ok u499342362),ok,
2026-09-22T11:57:19Z,9043158,0x9d0d227b766ee008ef64cfb42525537934c928abdc8155987cb3df527ecd1ebf,zest-v2,SP1A27KFY4XERQCCRCARCYD1CC5N7M6688BSYADJ7.v0-8-market,borrow,SP2CCCQP1WN3FG67K3V4S85JG9SRZN2KKRJ3M3GNG,2026-09-22T11:55:50Z,89,120,31,success,(ok true),ok,
2026-09-22T11:57:19Z,9043158,0xacd8a9a625ecb2c2f59ca635a160b6a59edca0849137e56dfc85a3996f8e400a,zest-v2,SP1A27KFY4XERQCCRCARCYD1CC5N7M6688BSYADJ7.v0-8-market,collateral-remove,SP2BTY360BEBF6A9CAARMHX4B6HHZ20CMZ23E9SV5,2026-09-22T11:56:10Z,69,120,51,success,(ok u0),ok,
2026-09-22T11:59:19Z,9043162,0xa10beed0c715841d2ea4fb68ae14885a96c82c697f116eceb5074ac257b64c18,zest-v2,SP1A27KFY4XERQCCRCARCYD1CC5N7M6688BSYADJ7.v0-8-market,supply-collateral-add,SP2BTY360BEBF6A9CAARMHX4B6HHZ20CMZ23E9SV5,2026-09-22T11:58:19Z,60,120,60,success,(ok u593000000),ok,
2026-09-22T12:06:02Z,9043165,0xed98def42a143d01777aaa37cfffbc8fa02cc752db67598627276db0101c39d2,zest-v2,SP1A27KFY4XERQCCRCARCYD1CC5N7M6688BSYADJ7.v0-8-market,collateral-remove,SP2BTY360BEBF6A9CAARMHX4B6HHZ20CMZ23E9SV5,2026-09-22T12:00:09Z,353,120,-233,success,(ok u0),ok,
2026-09-22T12:06:02Z,9043165,0x67a999bb265421979f8a36cf3ea17e6a5703e7e43bf7b0b2e81f6ad3c8f9b702,zest-v1,SP2VCQJGH7PHP2DJK7Z0V48AGBHQAW3R3ZW1QF4N.borrow-helper-v2-1-8,withdraw,SP3706BZ3G2237A96AB64AGNBTRQYKM7HNPM4ZRRX,2026-09-22T12:05:31Z,31,360,329,success,(ok true),ok,
2026-09-22T12:06:23Z,9043166,0x3c72f8da0407d29ac89e93bf9565c147ce0a6a013ff4bbdde29aee778f5b7b63,zest-v2,SP1A27KFY4XERQCCRCARCYD1CC5N7M6688BSYADJ7.v0-8-market,collateral-remove,SP2BTY360BEBF6A9CAARMHX4B6HHZ20CMZ23E9SV5,2026-09-22T12:04:10Z,133,120,-13,abort_by_post_condition,(err u600004),revert:non-oracle,
2026-09-22T12:15:51Z,9043186,0xab35257f93e1956c024e0f423ba4322b41f8c987340d87369931d415b78bc7ac,zest-v1,SP2VCQJGH7PHP2DJK7Z0V48AGBHQAW3R3ZW1QF4N.borrow-helper-v2-1-8,withdraw,SP3706BZ3G2237A96AB64AGNBTRQYKM7HNPM4ZRRX,2026-09-22T12:15:25Z,26,360,334,success,(ok true),ok,
2026-09-22T12:25:48Z,9043201,0xf43e71994c8f787fae6767705781ac3e37b5acf0b1641655758f3df6ee0445c8,zest-v1,SP2VCQJGH7PHP2DJK7Z0V48AGBHQAW3R3ZW1QF4N.borrow-helper-v2-1-8,withdraw,SP3706BZ3G2237A96AB64AGNBTRQYKM7HNPM4ZRRX,2026-09-22T12:24:32Z,76,360,284,success,(ok true),ok,
2026-09-22T13:04:27Z,9043301,0xb686cb96b09539638f70eef6a512bc66cf2d9885a1d22e479c4216666629e1f0,zest-v2,SP1A27KFY4XERQCCRCARCYD1CC5N7M6688BSYADJ7.v0-8-market,collateral-remove-redeem,SP2HY3ZNRF1ZA202KQKW7C59M24QR0NZ2NXWSBBP3,2026-09-22T13:04:19Z,8,120,112,success,(ok u25460716466),ok,
2026-09-22T13:43:37Z,9043378,0xbe8f624b05862efab88f7b08d76101350e6770f7ed1a51f46059aa1aa31d34a2,zest-v2,SP1A27KFY4XERQCCRCARCYD1CC5N7M6688BSYADJ7.v0-8-market,supply-collateral-add,SP2ZM1KNQNS96RM1MAJTZV7WE7F38GFGRND4E80DW,2026-09-22T13:42:42Z,55,120,65,success,(ok u157759006),ok,
2026-09-22T13:49:41Z,9043386,0x95c07b1983df29d89ef5a9b51bee1946593ba13f85edaf5ca58968b208b5f829,zest-v2,SP1A27KFY4XERQCCRCARCYD1CC5N7M6688BSYADJ7.v0-8-market,collateral-remove,SP3BA2YF4KX2SKVPCA0P0YX6NZRP0K6T3Z9131G86,2026-09-22T13:49:04Z,37,120,83,success,(ok u0),ok,
2026-09-22T13:51:33Z,9043391,0xe19c8042721fb56df5fb62c35b24ed1143b6d9f93db099317669f2c0405578dc,zest-v2,SP1A27KFY4XERQCCRCARCYD1CC5N7M6688BSYADJ7.v0-8-market,collateral-add,SP3BA2YF4KX2SKVPCA0P0YX6NZRP0K6T3Z9131G86,2026-09-22T13:50:32Z,61,120,59,success,(ok u319131453),ok,
2026-09-22T13:53:57Z,9043394,0xb1a0045152d8bf6a406f3ad669b79cfb6278c317a696fbc6d48f44ec86220089,zest-v2,SP1A27KFY4XERQCCRCARCYD1CC5N7M6688BSYADJ7.v0-8-market,borrow,SP5HDFC0M27SCMK2ZZ63RJBKDK6GBX309JKFW2HD,2026-09-22T13:53:27Z,30,120,90,success,(ok true),ok,
2026-09-22T14:00:56Z,9043404,0xcdbec00d780bbc9d91b8a143d8fb42cc45705886689e8ca08d207707fb28ef14,zest-v2,SP1A27KFY4XERQCCRCARCYD1CC5N7M6688BSYADJ7.v0-8-market,supply-collateral-add,SP26Q69G9J28Q2A2JE50ZQWAATPW42K4R063VMYJN,2026-09-22T13:59:58Z,58,120,62,success,(ok u307360157),ok,
2026-09-22T14:29:46Z,9043458,0xd7edc237c8444695470ee8a123751f6e90640a5d8bb2a31c0a8ba609361a289a,zest-v2,SP1A27KFY4XERQCCRCARCYD1CC5N7M6688BSYADJ7.v0-8-market,supply-collateral-add,SP1TPYSSG52FKCDHHN8Y76ABMA12P069BZBFAYEAF,2026-09-22T14:27:02Z,164,120,-44,success,(ok u138828),ok,
2026-09-22T14:33:51Z,9043470,0xd20c1b16d1429b6e1a844f84954c7b59cdcbaaa578838f53e5d7c955f6e2b3b9,zest-v2,SP1A27KFY4XERQCCRCARCYD1CC5N7M6688BSYADJ7.v0-8-market,borrow,SP1TPYSSG52FKCDHHN8Y76ABMA12P069BZBFAYEAF,2026-09-22T14:33:29Z,22,120,98,success,(ok true),ok,
2026-09-22T14:57:22Z,9043520,0x17cc646e78760b5319ee979aec5b64b34eff28d14b63598c6804c37862f525ab,zest-v2,SP1A27KFY4XERQCCRCARCYD1CC5N7M6688BSYADJ7.v0-8-market,borrow,SP1TPYSSG52FKCDHHN8Y76ABMA12P069BZBFAYEAF,2026-09-22T14:55:08Z,134,120,-14,abort_by_post_condition,(err u400015),oracle-revert:stale,"ERR-ORACLE-MULTI (stale, monotonic race, confidence)"
2026-09-22T15:00:19Z,9043524,0x6d33111c38872e2b7020c67cb2e27b92ca6c246c166c84f44b21a23e13d56606,zest-v2,SP1A27KFY4XERQCCRCARCYD1CC5N7M6688BSYADJ7.v0-8-market,borrow,SP1TPYSSG52FKCDHHN8Y76ABMA12P069BZBFAYEAF,2026-09-22T14:58:25Z,114,120,6,success,(ok true),ok,
2026-09-22T15:01:07Z,9043526,0x490712bebc4f03c04423c610f06304a3de6a696c7fd6fec94f7d22224ba3294a,zest-v1,SP2VCQJGH7PHP2DJK7Z0V48AGBHQAW3R3ZW1QF4N.borrow-helper-v2-1-8,withdraw,SP2WWXTV6PEKSNK5ZK6R74MF9PY5R6FMS6QT8GEE8,2026-09-22T15:00:20Z,47,360,313,success,(ok true),ok,
2026-09-22T15:02:50Z,9043530,0xc8de29250e5ffbef0272ecc74967b2929532f02a1c9ac961359cab9dc24809f8,zest-v2,SP1A27KFY4XERQCCRCARCYD1CC5N7M6688BSYADJ7.v0-8-market,supply-collateral-add,SP2WWXTV6PEKSNK5ZK6R74MF9PY5R6FMS6QT8GEE8,2026-09-22T15:02:11Z,39,120,81,success,(ok u48563014996),ok,
2026-09-22T15:07:02Z,9043538,0x606b5a1e4e58165cd2d88c82993f0115580e8a069a710d2bf8b1b9f7a72e29da,zest-v2,SP1A27KFY4XERQCCRCARCYD1CC5N7M6688BSYADJ7.v0-8-market,supply-collateral-add,SP1TPYSSG52FKCDHHN8Y76ABMA12P069BZBFAYEAF,2026-09-22T15:06:05Z,57,120,63,success,(ok u140826),ok,
2026-09-22T15:15:39Z,9043560,0x736504dcb823f917d2a7f5f90c1f1aeece0b85facb772ada003b578a867e3f7f,zest-v2,SP1A27KFY4XERQCCRCARCYD1CC5N7M6688BSYADJ7.v0-8-market,supply-collateral-add,SP2WEPFRFH6KJWJK6JDZQH9B4J9JJRZ3CPQ3MDWVC,2026-09-22T15:14:04Z,95,120,25,success,(ok u108390141),ok,
2026-09-22T15:17:31Z,9043565,0x6ca1308838ba09c79524e54003375bdb2465f30ae12c187beef5b96939d748d3,zest-v2,SP1A27KFY4XERQCCRCARCYD1CC5N7M6688BSYADJ7.v0-8-market,borrow,SP2WEPFRFH6KJWJK6JDZQH9B4J9JJRZ3CPQ3MDWVC,2026-09-22T15:16:44Z,47,120,73,success,(ok true),ok,
2026-09-22T15:24:48Z,9043584,0xe01cfcc6bd8206b2106d8ca16011b2c1da117f30c6f945bf45a6ddf9f3ccc739,zest-v2,SP1A27KFY4XERQCCRCARCYD1CC5N7M6688BSYADJ7.v0-8-market,supply-collateral-add,SP2WEPFRFH6KJWJK6JDZQH9B4J9JJRZ3CPQ3MDWVC,2026-09-22T15:24:21Z,27,120,93,success,(ok u135749930),ok,
2026-09-22T15:31:18Z,9043599,0x6d36d308cf5e8b883135619cb640c84f831430c2a78133c15b06f7918f36c0e4,zest-v2,SP1A27KFY4XERQCCRCARCYD1CC5N7M6688BSYADJ7.v0-8-market,collateral-remove-redeem,SP3TZHPYHKBG7RSMJFK72EQQ9N9JD5ZM614QASC0J,2026-09-22T15:30:56Z,22,120,98,success,(ok u5000004412),ok,
2026-09-22T15:51:10Z,9043618,0x4a1cc2fd107773c0717834a50307ab7c126cf6f7eec28974bac76fc01c116104,zest-v2,SP1A27KFY4XERQCCRCARCYD1CC5N7M6688BSYADJ7.v0-8-market,collateral-add,SP1P6YHX7YKEGHVZ4CQRV3D78RP3FZ9MM9XC5Q8GG,2026-09-22T15:50:46Z,24,120,96,success,(ok u108986),ok,
2026-09-22T15:55:17Z,9043632,0xbbb5f0ffd417bb301ecc49d9e89115259688377c650e2330d3d9f7badbe00e34,zest-v2,SP1A27KFY4XERQCCRCARCYD1CC5N7M6688BSYADJ7.v0-8-market,collateral-remove,SP1P6YHX7YKEGHVZ4CQRV3D78RP3FZ9MM9XC5Q8GG,2026-09-22T15:54:24Z,53,120,67,success,(ok u0),ok,
2026-09-22T15:56:02Z,9043634,0xec3e12e20d26c4f883b65f072b21c4284c72c2ec9bc369e5a6b82e061b7d39ef,zest-v2,SP1A27KFY4XERQCCRCARCYD1CC5N7M6688BSYADJ7.v0-8-market,collateral-add,SP1P6YHX7YKEGHVZ4CQRV3D78RP3FZ9MM9XC5Q8GG,2026-09-22T15:55:50Z,12,120,108,success,(ok u1256023294),ok,
2026-09-22T15:58:04Z,9043640,0x532153653cdc655f5d0edae30d06911380f67e883124db9ed41e39f36a875735,zest-v2,SP1A27KFY4XERQCCRCARCYD1CC5N7M6688BSYADJ7.v0-8-market,borrow,SP1P6YHX7YKEGHVZ4CQRV3D78RP3FZ9MM9XC5Q8GG,2026-09-22T15:57:19Z,45,120,75,success,(ok true),ok,
2026-09-22T16:23:21Z,9043731,0xb9f37a28e2d4fc1196125a3e3c7b90634acc8bf470cfb67c78a79c39eb3dfa6d,zest-v2,SP1A27KFY4XERQCCRCARCYD1CC5N7M6688BSYADJ7.v0-8-market,collateral-remove-redeem,SP2TZ63CQSBF7AD4DKK291JMXD19SJJX593K29QFK,2026-09-22T16:20:11Z,190,120,-70,abort_by_post_condition,(err u400015),oracle-revert:stale,"ERR-ORACLE-MULTI (stale, monotonic race, confidence)"
2026-09-22T16:32:28Z,9043770,0xf452404ddb41088474619a3cd65b927f239331a1cffcdfd6cddf3a587074f151,zest-v2,SP1A27KFY4XERQCCRCARCYD1CC5N7M6688BSYADJ7.v0-8-market,collateral-remove-redeem,SP39DC776TVRWSPSXNXCCM80APY6EBV4J1Y3HAZYJ,2026-09-22T16:31:35Z,53,120,67,success,(ok u29999999),ok,
2026-09-22T16:35:59Z,9043785,0x7bfb328228aeece01eb92708943435abea22ea20153115081848207821b266ec,zest-v2,SP1A27KFY4XERQCCRCARCYD1CC5N7M6688BSYADJ7.v0-8-market,collateral-remove-redeem,SP39DC776TVRWSPSXNXCCM80APY6EBV4J1Y3HAZYJ,2026-09-22T16:34:43Z,76,120,44,success,(ok u270000002),ok,
2026-09-22T16:40:01Z,9043800,0x1b774f15b99ad91906f3dc110df2ae49ef610152a45f5abcadbee21b231e5703,zest-v2,SP1A27KFY4XERQCCRCARCYD1CC5N7M6688BSYADJ7.v0-8-market,collateral-remove-redeem,SP39DC776TVRWSPSXNXCCM80APY6EBV4J1Y3HAZYJ,2026-09-22T16:38:26Z,95,120,25,success,(ok u150000001),ok,
2026-09-22T16:45:33Z,9043823,0x9a81c433b77454094c7c7cf478bdba245f3eb87efe040ce2deeb2504f58a06fd,zest-v2,SP1A27KFY4XERQCCRCARCYD1CC5N7M6688BSYADJ7.v0-8-market,borrow,SP39DC776TVRWSPSXNXCCM80APY6EBV4J1Y3HAZYJ,2026-09-22T16:44:31Z,62,120,58,success,(ok true),ok,
2026-09-22T16:59:50Z,9043893,0x0f34e218b57d6a1b32f72aab23ded3d4fb593c07eab47d0238369707d79f3375,zest-v2,SP1A27KFY4XERQCCRCARCYD1CC5N7M6688BSYADJ7.v0-8-market,collateral-remove-redeem,SP2TZ63CQSBF7AD4DKK291JMXD19SJJX593K29QFK,2026-09-22T16:56:53Z,177,120,-57,abort_by_post_condition,(err u400015),oracle-revert:stale,"ERR-ORACLE-MULTI (stale, monotonic race, confidence)"
2026-09-22T17:02:53Z,9043908,0x21cf9d1195b5df6aec35218332fc9ab2539294a2d77cbdd51b01551b791095bf,zest-v2,SP1A27KFY4XERQCCRCARCYD1CC5N7M6688BSYADJ7.v0-8-market,collateral-remove-redeem,SP2TZ63CQSBF7AD4DKK291JMXD19SJJX593K29QFK,2026-09-22T17:01:43Z,70,120,50,success,(ok u100000000),ok,
2026-09-22T17:05:29Z,9043919,0xf8c9c976a69bb990fa5fe22a330870b889e069e6d832bf4c16e7c984e8f3cfc8,zest-v2,SP1A27KFY4XERQCCRCARCYD1CC5N7M6688BSYADJ7.v0-8-market,collateral-remove-redeem,SP2TZ63CQSBF7AD4DKK291JMXD19SJJX593K29QFK,2026-09-22T17:04:12Z,77,120,43,success,(ok u220000003),ok,
2026-09-22T17:11:43Z,9043947,0x7e2e2d84a020685b3b7c6cb7b6d67a629ae040ebcf959884c0541a7bd9ee3a2b,zest-v2,SP1A27KFY4XERQCCRCARCYD1CC5N7M6688BSYADJ7.v0-8-market,supply-collateral-add,SP2ZM1KNQNS96RM1MAJTZV7WE7F38GFGRND4E80DW,2026-09-22T17:10:51Z,52,120,68,success,(ok u157773199),ok,
2026-09-22T17:12:25Z,9043949,0x620968479d23d68fd16215eaf67d66fee268f4c88ba30fa0b0cd62dd93082d5b,zest-v2,SP1A27KFY4XERQCCRCARCYD1CC5N7M6688BSYADJ7.v0-8-market,collateral-remove-redeem,SP2KT5QAA7WP41DC83BR5J6T8TZXSDX7YXFFSPXV,2026-09-22T17:11:31Z,54,120,66,success,(ok u135000001),ok,
2026-09-22T17:15:52Z,9043961,0x3c9209e37dc570b3eef8dc19b746ffb9c5f21001e214f31826d807bc90dcf826,zest-v2,SP1A27KFY4XERQCCRCARCYD1CC5N7M6688BSYADJ7.v0-8-market,collateral-remove-redeem,SP2ZM1KNQNS96RM1MAJTZV7WE7F38GFGRND4E80DW,2026-09-22T17:15:23Z,29,120,91,success,(ok u5000999),ok,
2026-09-22T17:16:21Z,9043963,0x3bb99c9c6e60994d19fe60a0e6b6117f6f2e9c9180cfd57882a55ad410ddfbfd,zest-v2,SP1A27KFY4XERQCCRCARCYD1CC5N7M6688BSYADJ7.v0-8-market,collateral-remove-redeem,SP2Y8413YYHHEY7XVV9Z9NSHJCN5Y4AVPA70P11FJ,2026-09-22T17:15:20Z,61,120,59,abort_by_post_condition,(err u400015),oracle-revert:other,"ERR-ORACLE-MULTI (stale, monotonic race, confidence)"
2026-09-22T17:17:15Z,9043966,0x6ea490e9e543664e006457d38f0be8c9a37f2c7a7a281330d4f3737b98932359,zest-v2,SP1A27KFY4XERQCCRCARCYD1CC5N7M6688BSYADJ7.v0-8-market,collateral-remove-redeem,SP2ZM1KNQNS96RM1MAJTZV7WE7F38GFGRND4E80DW,2026-09-22T17:16:52Z,23,120,97,success,(ok u499999),ok,
2026-09-22T17:19:09Z,9043974,0xacd6b8ad302a16ecd36511b57c8cbc68e7d4c7f155a68df3e4f52e8ce200835d,zest-v2,SP1A27KFY4XERQCCRCARCYD1CC5N7M6688BSYADJ7.v0-8-market,collateral-remove-redeem,SP2Y8413YYHHEY7XVV9Z9NSHJCN5Y4AVPA70P11FJ,2026-09-22T17:18:11Z,58,120,62,success,(ok u9999999),ok,
2026-09-22T17:20:41Z,9043980,0xa801107d84a0fc5bf913cde6fe77c24f2fdd8652d1bbdd37d0f2fee524ab339b,zest-v2,SP1A27KFY4XERQCCRCARCYD1CC5N7M6688BSYADJ7.v0-8-market,supply-collateral-add,SP2ZM1KNQNS96RM1MAJTZV7WE7F38GFGRND4E80DW,2026-09-22T17:20:15Z,26,120,94,success,(ok u152774177),ok,
2026-09-22T17:25:25Z,9043996,0x4fbcc8170dc70559e6b5ee85f53c56f50cc9ccbafe873fc65a97b918b4122bb5,zest-v2,SP1A27KFY4XERQCCRCARCYD1CC5N7M6688BSYADJ7.v0-8-market,collateral-remove-redeem,SP2Y8413YYHHEY7XVV9Z9NSHJCN5Y4AVPA70P11FJ,2026-09-22T17:20:08Z,317,120,-197,abort_by_post_condition,(err u400015),oracle-revert:stale,"ERR-ORACLE-MULTI (stale, monotonic race, confidence)"
2026-09-22T17:27:11Z,9044003,0x833c71f959679cf2785efea67d5ac1351eeea6011321bfac8aeccdd9652e3fd1,zest-v2,SP1A27KFY4XERQCCRCARCYD1CC5N7M6688BSYADJ7.v0-8-market,collateral-remove-redeem,SP2Y8413YYHHEY7XVV9Z9NSHJCN5Y4AVPA70P11FJ,2026-09-22T17:26:06Z,65,120,55,success,(ok u30000000),ok,
2026-09-22T17:30:22Z,9044012,0x0b4b8b5811026bf0bd1f75e028a308db95f0473c8fc041a61848dd23994ae4ae,zest-v2,SP1A27KFY4XERQCCRCARCYD1CC5N7M6688BSYADJ7.v0-8-market,collateral-remove-redeem,SP2Y8413YYHHEY7XVV9Z9NSHJCN5Y4AVPA70P11FJ,2026-09-22T17:29:02Z,80,120,40,success,(ok u19999999),ok,
2026-09-22T17:35:49Z,9044032,0xc6ed09edb520507aac96526abd44ec86579baed421eedd67b14f62617d9d22a5,zest-v2,SP1A27KFY4XERQCCRCARCYD1CC5N7M6688BSYADJ7.v0-8-market,borrow,SP2TZ63CQSBF7AD4DKK291JMXD19SJJX593K29QFK,2026-09-22T17:35:13Z,36,120,84,success,(ok true),ok,
2026-09-22T18:12:35Z,9044157,0x9bb1aecc06601bcb35836d61e6ec22b867cc759778201c34652109596f7baec7,zest-v1,SP2VCQJGH7PHP2DJK7Z0V48AGBHQAW3R3ZW1QF4N.borrow-helper-v2-1-8,withdraw,SPJXWDR6YPME7X4BZ8PK6WDG76B7DZVHKEPAACF3,2026-09-22T18:12:13Z,22,360,338,success,(ok true),ok,
2026-09-22T18:14:26Z,9044164,0x82b9a5fce555d27dbd7721b5a4a62bc9898eab5800cb12fce0f3fef356f613e5,zest-v1,SP2VCQJGH7PHP2DJK7Z0V48AGBHQAW3R3ZW1QF4N.borrow-helper-v2-1-8,withdraw,SPJXWDR6YPME7X4BZ8PK6WDG76B7DZVHKEPAACF3,2026-09-22T18:14:07Z,19,360,341,success,(ok true),ok,
2026-09-22T18:15:51Z,9044169,0xf0b72711588571230e1b0d08e3a9f1e3ad9476b96177e758b2b641296474fbbf,zest-v2,SP1A27KFY4XERQCCRCARCYD1CC5N7M6688BSYADJ7.v0-8-market,supply-collateral-add,SP39DC776TVRWSPSXNXCCM80APY6EBV4J1Y3HAZYJ,2026-09-22T18:14:09Z,102,120,18,success,(ok u1449334659),ok,
2026-09-22T18:17:28Z,9044174,0xad557fe0775a45ba8d7be0d15d496fd6066d48639b4aa28d87aac4ba95cec795,zest-v2,SP1A27KFY4XERQCCRCARCYD1CC5N7M6688BSYADJ7.v0-8-market,supply-collateral-add,SPJXWDR6YPME7X4BZ8PK6WDG76B7DZVHKEPAACF3,2026-09-22T18:17:15Z,13,120,107,success,(ok u18880615798),ok,
2026-09-22T18:18:37Z,9044177,0x5a92d4a1637708ba2309f7a7bdbbc6d3990a97de3709cde2988114159bd83009,zest-v2,SP1A27KFY4XERQCCRCARCYD1CC5N7M6688BSYADJ7.v0-8-market,supply-collateral-add,SP2TZ63CQSBF7AD4DKK291JMXD19SJJX593K29QFK,2026-09-22T18:17:13Z,84,120,36,success,(ok u1101450803),ok,
2026-09-22T18:21:23Z,9044185,0x8df6acb764d616d72864ed66f6d1e802fe47ff49fae5a89bb242623aa2480e26,zest-v2,SP1A27KFY4XERQCCRCARCYD1CC5N7M6688BSYADJ7.v0-8-market,supply-collateral-add,SP2KT5QAA7WP41DC83BR5J6T8TZXSDX7YXFFSPXV,2026-09-22T18:20:07Z,76,120,44,success,(ok u449791948),ok,
2026-09-22T18:24:35Z,9044196,0x6efa188bb510f5a438dbf34972a5c191c1f0b77a6883a25fd309d3b37b34069a,zest-v2,SP1A27KFY4XERQCCRCARCYD1CC5N7M6688BSYADJ7.v0-8-market,supply-collateral-add,SP2Y8413YYHHEY7XVV9Z9NSHJCN5Y4AVPA70P11FJ,2026-09-22T18:23:12Z,83,120,37,success,(ok u199921522),ok,
2026-09-22T21:03:37Z,9044812,0x660ad3ae6cc164e75863c88821907bf83ce0938b3ef4d1e4d86f58966b857af1,zest-v2,SP1A27KFY4XERQCCRCARCYD1CC5N7M6688BSYADJ7.v0-8-market,supply-collateral-add,SPM942AQAYEX6GVMRN3TZRWRETGEE2YN3RCYY03A,2026-09-22T21:03:02Z,35,120,85,success,(ok u250711125),ok,
2026-09-22T21:11:38Z,9044842,0xb1916780991d1a13d16178ea0ed2d5fa4637c941a5dfb5008f142df0a5c45674,zest-v2,SP1A27KFY4XERQCCRCARCYD1CC5N7M6688BSYADJ7.v0-8-market,collateral-remove-redeem,SP2FY8MV3EZVRTG2Q9J1KMMRVKC86DQ00BGGCQJXQ,2026-09-22T21:11:31Z,7,120,113,success,(ok u516361935),ok,
2026-09-22T22:24:26Z,9045111,0xbac79d0fbd495f53267a5baa04ef4d30ea7e6285ef5644474cf0a74804e92d24,zest-v1,SP2VCQJGH7PHP2DJK7Z0V48AGBHQAW3R3ZW1QF4N.borrow-helper-v2-1-8,set-user-use-reserve-as-collateral,SP3DYX83AXCQCRBV13B0R37N3TEYFA9J2D1JGGZ3S,2026-09-22T22:24:01Z,25,360,335,success,(ok true),ok,
2026-09-22T22:25:53Z,9045117,0x58fb5f8dc504f6f7fcfae5d4534ab5d4ecfd065c9f9dea7622c10fd16bde1497,zest-v1,SP2VCQJGH7PHP2DJK7Z0V48AGBHQAW3R3ZW1QF4N.borrow-helper-v2-1-8,withdraw,SP3DYX83AXCQCRBV13B0R37N3TEYFA9J2D1JGGZ3S,2026-09-22T22:25:26Z,27,360,333,success,(ok true),ok,
2026-09-22T22:26:35Z,9045120,0x2abe0b559ee99a6c22999712c6af94b269007345cfff783264e3d79e6291c1c1,zest-v1,SP2VCQJGH7PHP2DJK7Z0V48AGBHQAW3R3ZW1QF4N.borrow-helper-v2-1-8,withdraw,SP3DYX83AXCQCRBV13B0R37N3TEYFA9J2D1JGGZ3S,2026-09-22T22:26:22Z,13,360,347,success,(ok true),ok,
2026-09-22T22:27:06Z,9045122,0xe9aee5387f0321789ca804eada93ccbe4fc2dfb2e6299190fdba12a2522d3c30,zest-v1,SP2VCQJGH7PHP2DJK7Z0V48AGBHQAW3R3ZW1QF4N.borrow-helper-v2-1-8,withdraw,SP3DYX83AXCQCRBV13B0R37N3TEYFA9J2D1JGGZ3S,2026-09-22T22:26:22Z,44,360,316,abort_by_post_condition,(err u30002),revert:non-oracle,
2026-09-22T22:28:17Z,9045127,0xb4e40363b0cb55bbd1da426463ffb5e2dcbb09d592f5917ef61cf5df2358f09b,zest-v2,SP1A27KFY4XERQCCRCARCYD1CC5N7M6688BSYADJ7.v0-8-market,supply-collateral-add,SP3DYX83AXCQCRBV13B0R37N3TEYFA9J2D1JGGZ3S,2026-09-22T22:28:01Z,16,120,104,success,(ok u2273668064),ok,
2026-09-22T22:32:17Z,9045146,0x1e2e08bf532f5b14fb617838c7f967a24f1af19c101a7f6ac11e0809e0a94628,zest-v2,SP1A27KFY4XERQCCRCARCYD1CC5N7M6688BSYADJ7.v0-8-market,borrow,SP3DYX83AXCQCRBV13B0R37N3TEYFA9J2D1JGGZ3S,2026-09-22T22:32:11Z,6,120,114,success,(ok true),ok,
2026-09-22T22:32:32Z,9045147,0x716e8d97ad6fe761334312132354a7c80b00d6a4bc43614303d446c5ac67479e,zest-v2,SP1A27KFY4XERQCCRCARCYD1CC5N7M6688BSYADJ7.v0-8-market,supply-collateral-add,SP2ZM1KNQNS96RM1MAJTZV7WE7F38GFGRND4E80DW,2026-09-22T22:31:55Z,37,120,83,success,(ok u152825481),ok,
2026-09-22T22:53:07Z,9045232,0x4a8b4236760572899722caf58fe2a88cebe391bbfa5f393da0c7bad04d029c66,zest-v2,SP1A27KFY4XERQCCRCARCYD1CC5N7M6688BSYADJ7.v0-8-market,supply-collateral-add,SP2QGMXH21KFDX99PWNB7Z7WNQ92TWFAECEEK10GE,2026-09-22T22:52:56Z,11,120,109,success,(ok u5242335706),ok,
2026-09-22T23:06:15Z,9045283,0xf80dddab6cf70d4ec90b2b20120fa9f9490c49bf1e68dec6d445508b35ce82a6,zest-v2,SP1A27KFY4XERQCCRCARCYD1CC5N7M6688BSYADJ7.v0-8-market,supply-collateral-add,SP34M22KZDV4TYQZEAM10XC96TZR1G5W75FRHG3KA,2026-09-22T23:06:02Z,13,120,107,success,(ok u20733502592),ok,
2026-09-23T01:17:20Z,9045755,0xd22b0ea3f135dcda9440caf854ea50e39f92905e5d7a8972549a30e3be56358b,zest-v2,SP1A27KFY4XERQCCRCARCYD1CC5N7M6688BSYADJ7.v0-8-market,collateral-remove,SP3KMYS5X3XJ1K9H7J39J1ZZYRGRM8VFEXG46W1V6,2026-09-23T01:16:55Z,25,120,95,success,(ok u0),ok,
2026-09-23T01:29:02Z,9045808,0x025cdbea03c10e39a710302e2d276483d662bea3a6c019cb8099e78dbb7d2635,zest-v2,SP1A27KFY4XERQCCRCARCYD1CC5N7M6688BSYADJ7.v0-8-market,borrow,SP33HRNWBTQK9GEPQN7G4SD9D7RCNGAQZDM53EHX4,2026-09-23T01:28:54Z,8,120,112,success,(ok true),ok,
2026-09-23T01:30:58Z,9045816,0x92224ec3c1c2bbab2a85782d41536c32077eca413abd7baddd363505183831c2,zest-v2,SP1A27KFY4XERQCCRCARCYD1CC5N7M6688BSYADJ7.v0-8-market,collateral-remove,SP2GM0EQ6Y666AXN5JP78FXEAHJAWVXZ42T5V3MVV,2026-09-23T01:30:28Z,30,120,90,success,(ok u0),ok,
2026-09-23T01:32:57Z,9045826,0x50bf4b26861c119e79cec956efafd13949eb77efc1733ab060c697742c67e0e7,zest-v2,SP1A27KFY4XERQCCRCARCYD1CC5N7M6688BSYADJ7.v0-8-market,collateral-remove,SP2TXQBW3GMWJTD5QB8A9QP60VH8AMQWKFWWXWN6G,2026-09-23T01:32:42Z,15,120,105,success,(ok u0),ok,
2026-09-23T01:59:53Z,9045929,0x738f579aa02f7172bcf364222a5050edfde986b4bef121098c58e9ffa951a156,zest-v2,SP1A27KFY4XERQCCRCARCYD1CC5N7M6688BSYADJ7.v0-8-market,supply-collateral-add,SP2C22P7AJTZ5N931TEEARCHMR72Q5EKCNQ38ZVC5,2026-09-23T01:59:01Z,52,120,68,success,(ok u2686599),ok,
2026-09-23T02:03:17Z,9045944,0xf2390a82123f678a9027f50aa28cab892a404b34ece76e3aee2bdfe2b159999b,zest-v2,SP1A27KFY4XERQCCRCARCYD1CC5N7M6688BSYADJ7.v0-8-market,borrow,SP2C22P7AJTZ5N931TEEARCHMR72Q5EKCNQ38ZVC5,2026-09-23T02:02:56Z,21,120,99,success,(ok true),ok,
2026-09-23T02:03:40Z,9045946,0x61c4d6cebeff8f5ec49c7c739a0e368523d76490cd66feda3a94e470c67bed10,zest-v2,SP1A27KFY4XERQCCRCARCYD1CC5N7M6688BSYADJ7.v0-8-market,borrow,SPCDCWBEZ9ZEK49BNMDE2MDMJ0E01W02H9SA4TVZ,2026-09-23T02:03:31Z,9,120,111,success,(ok true),ok,
2026-09-23T03:42:55Z,9046362,0xcd28230b3d2f9aa7c0de8e3ed21b13bc48b3046fcfaef9aa058e44894552c8b7,zest-v1,SP2VCQJGH7PHP2DJK7Z0V48AGBHQAW3R3ZW1QF4N.borrow-helper-v2-1-8,withdraw,SP1AGYQ6AE317F873EQ5Q98T4X32X37TR5E8XJ0HF,2026-09-23T03:42:43Z,12,360,348,success,(ok true),ok,
2026-09-23T04:55:31Z,9046601,0x863d11051a3369811c3da965a5f57ac6ac885b75e363694b2fbc04dd729b0a4b,zest-v2,SP1A27KFY4XERQCCRCARCYD1CC5N7M6688BSYADJ7.v0-8-market,borrow,SP33HRNWBTQK9GEPQN7G4SD9D7RCNGAQZDM53EHX4,2026-09-23T04:55:05Z,26,120,94,success,(ok true),ok,
2026-09-23T05:12:52Z,9046654,0x464c30597b9bada411c0d5becd3a9fe5df033391de0c382a00afeee36e389d26,zest-v2,SP1A27KFY4XERQCCRCARCYD1CC5N7M6688BSYADJ7.v0-8-market,supply-collateral-add,SP2ZM1KNQNS96RM1MAJTZV7WE7F38GFGRND4E80DW,2026-09-23T05:12:35Z,17,120,103,success,(ok u152860603),ok,
2026-09-23T05:32:33Z,9046719,0xdf9cb30a0abb16a72a633b5878bd7304fd2416a3595675930bb9bf12fcadc973,zest-v2,SP1A27KFY4XERQCCRCARCYD1CC5N7M6688BSYADJ7.v0-8-market,borrow,SP1E0FWX3Q5PRZRHW9A205YBXMRX7YYS14CDN8RA7,2026-09-23T05:30:38Z,115,120,5,success,(ok true),ok,
2026-09-23T05:33:37Z,9046722,0xc6e526a5ad15d3b60261937f23ebf047152670bf5d42a058f940cf731b879638,zest-v2,SP1A27KFY4XERQCCRCARCYD1CC5N7M6688BSYADJ7.v0-8-market,borrow,SP1CM0AWD5FCT7RMNCQJ29XTX7ANXH4HMDDY3QW9H,2026-09-23T05:32:40Z,57,120,63,success,(ok true),ok,
2026-09-23T05:33:52Z,9046723,0xf1f322a52f080f4de7a49aea3283655274733abe71c0e879444795645adabfd3,zest-v2,SP1A27KFY4XERQCCRCARCYD1CC5N7M6688BSYADJ7.v0-8-market,borrow,SP1CM0AWD5FCT7RMNCQJ29XTX7ANXH4HMDDY3QW9H,2026-09-23T05:32:40Z,72,120,48,abort_by_post_condition,(err u400005),revert:non-oracle,
2026-09-23T06:19:53Z,9046900,0xfba83da240ab6623a2d115ac2e3903927430bcfebb4ffeb8e9c58f2b0bfdc680,zest-v2,SP1A27KFY4XERQCCRCARCYD1CC5N7M6688BSYADJ7.v0-8-market,supply-collateral-add,SP491K9J80XN2KYA2DNB484PHPKQWNR8RHJ0ZFJ6,2026-09-23T06:19:26Z,27,120,93,success,(ok u17964115004),ok,
2026-09-23T06:22:40Z,9046911,0x8b7acab441cf3de863e0f03540cba23d6df4e906c7bcfdf2cb8750706d76e151,zest-v2,SP1A27KFY4XERQCCRCARCYD1CC5N7M6688BSYADJ7.v0-8-market,borrow,SP491K9J80XN2KYA2DNB484PHPKQWNR8RHJ0ZFJ6,2026-09-23T06:22:30Z,10,120,110,success,(ok true),ok,
2026-09-23T06:25:37Z,9046921,0x4c0d4e14fbb3f9e787ad2a813b4dda41bf5d5a2cf67ea5e844d42681cc0bc9e2,granite-usdcx,SP3M2BYF7RGF8WKW5FVDNJ6WR8D7AR9BHDXAKPXZE.state-v1,borrow,SPWEA3BQ1KRXGDGGTN5W8TDKHGZWGMAWTNN4QNWT,2026-09-23T06:23:43Z,114,300,186,success,(ok true),ok,
2026-09-23T06:30:34Z,9046943,0x02a228df1c2e2764db3dc8e59c103babff3805e89c1a5a6973c2a82b3818ff71,granite-usdcx,SP3M2BYF7RGF8WKW5FVDNJ6WR8D7AR9BHDXAKPXZE.state-v1,borrow,SP17MRV60MP61BRP9QJC92GHV1PQYDCE5KH99AEHQ,2026-09-23T06:29:43Z,51,300,249,success,(ok true),ok,
2026-09-23T06:34:28Z,9046959,0x58575cd98c9125078b3f18c9d6b6ce0dc4bb99928dcb8d7843f49de2bfff65e5,granite-usdcx,SP3M2BYF7RGF8WKW5FVDNJ6WR8D7AR9BHDXAKPXZE.state-v1,borrow,SP3QXCV3CDV124V6XXJN1HXY3KXCSG30P9XFT3ZSK,2026-09-23T06:33:43Z,45,300,255,success,(ok true),ok,
2026-09-23T06:37:00Z,9046971,0xdaf50dabd0982eaabdc2a403a283012ccd97cc0305e6e62a1bebad972d8f0d1f,zest-v2,SP1A27KFY4XERQCCRCARCYD1CC5N7M6688BSYADJ7.v0-8-market,borrow,SPWH7ERBH90XFXQWXV1E5HVSMGBPGF8A8T5BYNBW,2026-09-23T06:36:34Z,26,120,94,success,(ok true),ok,
2026-09-23T06:43:25Z,9046993,0xd7d4151a0778c675282139f6570bf0b134dcffa07b40bfe02b976e18c32b4c97,zest-v2,SP1A27KFY4XERQCCRCARCYD1CC5N7M6688BSYADJ7.v0-8-market,borrow,SP10GK6MG2GM7BCVYV7XBHK1JVJDHFDMNBENNBRC3,2026-09-23T06:42:02Z,83,120,37,success,(ok true),ok,
2026-09-23T07:25:25Z,9047124,0xbed4be530e2623edbbfadcffeb5021d05c27bc0d347c2b72e17cf4b86148d040,zest-v1,SP2VCQJGH7PHP2DJK7Z0V48AGBHQAW3R3ZW1QF4N.borrow-helper-v2-1-8,withdraw,SP3Q03WZ7V1Q1K9S8GC4AYG9CQ7P1RN4BVP9GQFW0,2026-09-23T07:25:08Z,17,360,343,success,(ok true),ok,
2026-09-23T08:20:27Z,9047337,0x47cb35ccc77065dce213d7225bb8970cf5a34134c6dc4737a170743c4db34734,zest-v2,SP1A27KFY4XERQCCRCARCYD1CC5N7M6688BSYADJ7.v0-8-market,supply-collateral-add,SP2C6WA81XA5XHBS60FZG2KKNHS9M4T5KQAMH2P4Y,2026-09-23T08:20:18Z,9,120,111,success,(ok u1008264),ok,
2026-09-23T09:18:37Z,9047576,0x6c24531afe66c6e5d9474b3c1c0e256db44cf4618365d42ccf81d60943728f42,zest-v2,SP1A27KFY4XERQCCRCARCYD1CC5N7M6688BSYADJ7.v0-8-market,collateral-remove-redeem,SP3XBCE7R73W9TPWSM3B1NYKHYY9P5K81HE0TWPRP,2026-09-23T09:17:51Z,46,120,74,success,(ok u1500001061),ok,
2026-09-23T09:23:39Z,9047598,0xdb729cb3cf4fd684c16b8689ea8301b1e653feeda79dfdb15b1fd448765b190f,zest-v2,SP1A27KFY4XERQCCRCARCYD1CC5N7M6688BSYADJ7.v0-8-market,collateral-remove-redeem,SP3XBCE7R73W9TPWSM3B1NYKHYY9P5K81HE0TWPRP,2026-09-23T09:23:00Z,39,120,81,success,(ok u1800001289),ok,
2026-09-23T10:25:12Z,9047858,0x8f41cdd6ba6a297fdcbb3598170e4b67b1a140da591bb4ab13ca81f31027e254,zest-v2,SP1A27KFY4XERQCCRCARCYD1CC5N7M6688BSYADJ7.v0-8-market,supply-collateral-add,SP119ATKFM412X7WB4JTCNHVT02D6X919BZHPQR69,2026-09-23T10:24:59Z,13,120,107,success,(ok u100543974),ok,
2026-09-23T11:17:54Z,9048053,0x296e6546d0eebffc5ae20c11ef23696e03e0ccce55c9c1e69899569f8f642703,zest-v2,SP1A27KFY4XERQCCRCARCYD1CC5N7M6688BSYADJ7.v0-8-market,borrow,SP119ATKFM412X7WB4JTCNHVT02D6X919BZHPQR69,2026-09-23T11:17:43Z,11,120,109,success,(ok true),ok,
2026-09-23T11:44:36Z,9048162,0x10ca5dd252b156399db800dac4311b8f1d045c447168d86fcc5e497a0ea87a65,zest-v1,SP2VCQJGH7PHP2DJK7Z0V48AGBHQAW3R3ZW1QF4N.borrow-helper-v2-1-8,withdraw,SP2YSFPT19S2S5FGT8WVTRAH02F1KS3QY72WCK45P,2026-09-23T11:44:27Z,9,360,351,success,(ok true),ok,
2026-09-23T12:21:12Z,9048300,0x4e1104531cbd122f4ba71206bd0c0ed99152ed703d4c27c85580fa6136fca0bd,granite-usdcx,SP3M2BYF7RGF8WKW5FVDNJ6WR8D7AR9BHDXAKPXZE.state-v1,remove-collateral,SP2N7SK0W83NJSZHFH8HH31ZT3DXJG7NFE5VYT9SJ,2026-09-23T12:19:44Z,88,300,212,success,(ok true),ok,
2026-09-23T12:37:23Z,9048369,0x56d967b0570c07b0219eac111128178d322c5b37afa5230f850df7ac9a453e00,zest-v2,SP1A27KFY4XERQCCRCARCYD1CC5N7M6688BSYADJ7.v0-8-market,borrow,SPCE87V29VDPEAS925YMV2VG3CMBHY0BXKB08NA4,2026-09-23T12:37:10Z,13,120,107,success,(ok true),ok,
2026-09-23T12:39:33Z,9048379,0xe3553785a334c9c6f98ac47ced2eb330e0c78b6a79ffe88d8fddf3540074204a,zest-v1,SP2VCQJGH7PHP2DJK7Z0V48AGBHQAW3R3ZW1QF4N.borrow-helper-v2-1-8,withdraw,SP1222YJD8VC4TQB26MCYSM25SAE44ZBYRZYDBSDB,2026-09-23T12:38:53Z,40,360,320,success,(ok true),ok,
2026-09-23T12:39:33Z,9048379,0xde00bb13300b25df7efa8ce0169867ca423ffe97dd2c30ce710b01a7a45e6362,zest-v1,SP2VCQJGH7PHP2DJK7Z0V48AGBHQAW3R3ZW1QF4N.borrow-helper-v2-1-8,withdraw,SP1222YJD8VC4TQB26MCYSM25SAE44ZBYRZYDBSDB,2026-09-23T12:39:13Z,20,360,340,success,(ok true),ok,
2026-09-23T12:41:30Z,9048386,0xf9f42928cb7761d1cd253e724d48205755c644c5a27340116ec26ada4d701a62,zest-v1,SP2VCQJGH7PHP2DJK7Z0V48AGBHQAW3R3ZW1QF4N.borrow-helper-v2-1-8,withdraw,SP1222YJD8VC4TQB26MCYSM25SAE44ZBYRZYDBSDB,2026-09-23T12:41:12Z,18,360,342,success,(ok true),ok,
2026-09-23T12:43:55Z,9048395,0xff6d7b4bba0b95852f4632732e5694e33b6c7bee9fa164401587333d5e371dc3,zest-v1,SP2VCQJGH7PHP2DJK7Z0V48AGBHQAW3R3ZW1QF4N.borrow-helper-v2-1-8,withdraw,SP1222YJD8VC4TQB26MCYSM25SAE44ZBYRZYDBSDB,2026-09-23T12:43:39Z,16,360,344,success,(ok true),ok,
2026-09-23T12:48:04Z,9048404,0x2bca07eea3b46caa79f736464d364680b2bdc84c9b390407bfcd6421b9414873,zest-v1,SP2VCQJGH7PHP2DJK7Z0V48AGBHQAW3R3ZW1QF4N.borrow-helper-v2-1-8,withdraw,SP1222YJD8VC4TQB26MCYSM25SAE44ZBYRZYDBSDB,2026-09-23T12:47:44Z,20,360,340,success,(ok true),ok,
2026-09-23T12:48:45Z,9048406,0x4c7f746b43f55567e829dbd07f1d29d791d59b25559eb70cfa8469b7496579cb,zest-v2,SP1A27KFY4XERQCCRCARCYD1CC5N7M6688BSYADJ7.v0-8-market,supply-collateral-add,SP2ZM1KNQNS96RM1MAJTZV7WE7F38GFGRND4E80DW,2026-09-23T12:48:15Z,30,120,90,success,(ok u152927409),ok,
2026-09-23T12:50:13Z,9048409,0xd1e8305d4ef4fa0fe21fc58301229bc42da76a350ea1b8232969a7dd7a10b6fa,zest-v1,SP2VCQJGH7PHP2DJK7Z0V48AGBHQAW3R3ZW1QF4N.borrow-helper-v2-1-8,withdraw,SP1222YJD8VC4TQB26MCYSM25SAE44ZBYRZYDBSDB,2026-09-23T12:50:06Z,7,360,353,success,(ok true),ok,
2026-09-23T12:51:25Z,9048413,0x4fa9065ed30e76b9448911ceccc9024db09e78c0172472a653112692ff294266,zest-v1,SP2VCQJGH7PHP2DJK7Z0V48AGBHQAW3R3ZW1QF4N.borrow-helper-v2-1-8,withdraw,SP1222YJD8VC4TQB26MCYSM25SAE44ZBYRZYDBSDB,2026-09-23T12:51:10Z,15,360,345,success,(ok true),ok,
2026-09-23T12:52:09Z,9048416,0x5d777e79e5fdba14283130627c8a02949559b909a1dae45407f4ff8a4c63f0d3,zest-v1,SP2VCQJGH7PHP2DJK7Z0V48AGBHQAW3R3ZW1QF4N.borrow-helper-v2-1-8,withdraw,SP1222YJD8VC4TQB26MCYSM25SAE44ZBYRZYDBSDB,2026-09-23T12:51:51Z,18,360,342,success,(ok true),ok,
2026-09-23T12:59:29Z,9048450,0x371bc99adbafa58943baa668dd0189a4c383be03cbcfee62d42842ac93bd4e19,zest-v2,SP1A27KFY4XERQCCRCARCYD1CC5N7M6688BSYADJ7.v0-8-market,supply-collateral-add,SPGMVPJY9PDA76V455R8QZFV4YWT4C47CGP7CH19,2026-09-23T12:59:05Z,24,120,96,success,(ok u15191),ok,
2026-09-23T13:04:26Z,9048467,0x57145f42d532d6bd29d381b98dff7dab62c5b9109d6107ebc9637243feb54304,zest-v2,SP1A27KFY4XERQCCRCARCYD1CC5N7M6688BSYADJ7.v0-8-market,supply-collateral-add,SP2M7K3YM8813404G1R7AXV106CPWH0Z5ZA80JVAV,2026-09-23T13:04:14Z,12,120,108,success,(ok u60615000269),ok,
2026-09-23T14:19:12Z,9048752,0x22a53c436732ce70c8432b1edc508ad11d768f4ddd845f58e29ecd5ac5dda73e,zest-v2,SP1A27KFY4XERQCCRCARCYD1CC5N7M6688BSYADJ7.v0-8-market,borrow,SP1CQ4D640TNM998S1K50FP2BF78J6AVS2BT6E3HP,2026-09-23T14:18:46Z,26,120,94,success,(ok true),ok,
2026-09-23T14:26:35Z,9048771,0xa441c4732d653edb20b76411db095dac0d56423d5be8b7cc2f72decafb485cdf,zest-v2,SP1A27KFY4XERQCCRCARCYD1CC5N7M6688BSYADJ7.v0-8-market,supply-collateral-add,SP1CQ4D640TNM998S1K50FP2BF78J6AVS2BT6E3HP,2026-09-23T14:26:26Z,9,120,111,success,(ok u22174016),ok,
2026-09-23T14:30:44Z,9048784,0x8d6286bc2bc2713811f83308c28bb134af6dcacb4d8b4aba2528c2f1c273e357,zest-v2,SP1A27KFY4XERQCCRCARCYD1CC5N7M6688BSYADJ7.v0-8-market,borrow,SPCE87V29VDPEAS925YMV2VG3CMBHY0BXKB08NA4,2026-09-23T14:30:31Z,13,120,107,success,(ok true),ok,
2026-09-23T14:32:24Z,9048788,0x3a392e8129aa228983fac75d0e0b18076b98f431bb7fb551fb1c54a6c894101a,zest-v2,SP1A27KFY4XERQCCRCARCYD1CC5N7M6688BSYADJ7.v0-8-market,borrow,SP1CQ4D640TNM998S1K50FP2BF78J6AVS2BT6E3HP,2026-09-23T14:31:23Z,61,120,59,success,(ok true),ok,
2026-09-23T14:58:43Z,9048885,0xb8afe554de790f96fe782cdeadb135eadf5e0ffe260e955b3e1159ec1b325334,zest-v2,SP1A27KFY4XERQCCRCARCYD1CC5N7M6688BSYADJ7.v0-8-market,borrow,SP1Y3FBARS8CVANS1GCYVN3B6NZFMA7H61Z6TP6RK,2026-09-23T14:58:20Z,23,120,97,success,(ok true),ok,
2026-09-23T15:08:18Z,9048918,0xc342cb7616498a84a8dcfac62a991c31c037d8c6f98a11f987f0719fd619e672,zest-v2,SP1A27KFY4XERQCCRCARCYD1CC5N7M6688BSYADJ7.v0-8-market,supply-collateral-add,SP1TPYSSG52FKCDHHN8Y76ABMA12P069BZBFAYEAF,2026-09-23T15:08:03Z,15,120,105,success,(ok u155817),ok,
2026-09-23T15:08:47Z,9048920,0xa04b8bfd82189513d5ce59ced80b5c29794baba545d7d7ac5ac96f19f69f62d7,zest-v2,SP1A27KFY4XERQCCRCARCYD1CC5N7M6688BSYADJ7.v0-8-market,borrow,SP2JFW1CBXJD3P0EJ0QNGBWY4W5NQBV066V8BCARC,2026-09-23T15:08:30Z,17,120,103,success,(ok true),ok,
2026-09-23T15:12:18Z,9048935,0xe1eac05863aff0582bc48555e8b770f722919080967ff29ad9ab172b4d97f4d6,zest-v2,SP1A27KFY4XERQCCRCARCYD1CC5N7M6688BSYADJ7.v0-8-market,borrow,SP1TPYSSG52FKCDHHN8Y76ABMA12P069BZBFAYEAF,2026-09-23T15:12:07Z,11,120,109,success,(ok true),ok,
2026-09-23T15:15:54Z,9048950,0xaee4dde7ba611994d04949005568a97c3e8930544c256dc09ddb8ed024faffb2,zest-v2,SP1A27KFY4XERQCCRCARCYD1CC5N7M6688BSYADJ7.v0-8-market,supply-collateral-add,SP1TPYSSG52FKCDHHN8Y76ABMA12P069BZBFAYEAF,2026-09-23T15:15:35Z,19,120,101,success,(ok u159938),ok,
2026-09-23T16:09:24Z,9049163,0x2402a7b11b47b62049afed6cd81177dd3791c27de303f443a1915e48574e6348,zest-v2,SP1A27KFY4XERQCCRCARCYD1CC5N7M6688BSYADJ7.v0-8-market,borrow,SP2K8KMB5KFZHHPEGDH0X7Y8KVQSG3CYHJVSX3FHQ,2026-09-23T16:08:55Z,29,120,91,success,(ok true),ok,
2026-09-23T16:22:38Z,9049207,0xb4b73c4e3c6ff38521a782e9127d6430b0176d1da7021543e9eed088f02febac,zest-v2,SP1A27KFY4XERQCCRCARCYD1CC5N7M6688BSYADJ7.v0-8-market,supply-collateral-add,SP491K9J80XN2KYA2DNB484PHPKQWNR8RHJ0ZFJ6,2026-09-23T16:22:25Z,13,120,107,success,(ok u20125278436),ok,
2026-09-23T16:28:13Z,9049222,0xaeb388d0e634c10ec1927e1447655d3ae978838206f72ff227461900226133f6,zest-v1,SP2VCQJGH7PHP2DJK7Z0V48AGBHQAW3R3ZW1QF4N.borrow-helper-v2-1-8,withdraw,SP3WR5719TYHMA5W8K8K4K3GYRTXCTG6T6084Z6HG,2026-09-23T16:28:02Z,11,360,349,success,(ok true),ok,
2026-09-23T16:35:11Z,9049251,0xd6217073081323a6438a7f9f22f0961bd0abcae63278a1d54e429ed70154553c,zest-v2,SP1A27KFY4XERQCCRCARCYD1CC5N7M6688BSYADJ7.v0-8-market,supply-collateral-add,SP2WEPFRFH6KJWJK6JDZQH9B4J9JJRZ3CPQ3MDWVC,2026-09-23T16:34:51Z,20,120,100,success,(ok u196907519),ok,
2026-09-23T18:50:26Z,9049703,0xe20cdb5d36cb4c71212a5c1ec31703038cfa2ed366d59aa4e4b29025e122cda1,zest-v2,SP1A27KFY4XERQCCRCARCYD1CC5N7M6688BSYADJ7.v0-8-market,supply-collateral-add,SP2WEPFRFH6KJWJK6JDZQH9B4J9JJRZ3CPQ3MDWVC,2026-09-23T18:50:14Z,12,120,108,success,(ok u202996208),ok,
2026-09-23T20:07:26Z,9049881,0x07780f4456de55452741374abefacb52a039589be1d6bea122adc11f13fcbff9,zest-v2,SP1A27KFY4XERQCCRCARCYD1CC5N7M6688BSYADJ7.v0-8-market,supply-collateral-add,SP2ZM1KNQNS96RM1MAJTZV7WE7F38GFGRND4E80DW,2026-09-23T20:06:59Z,27,120,93,success,(ok u152944089),ok,
2026-09-23T20:08:05Z,9049884,0xd2ca40d9e7267e51140d69f2558f44d5cc82b207d7e686f166e3c52e3a727093,zest-v2,SP1A27KFY4XERQCCRCARCYD1CC5N7M6688BSYADJ7.v0-8-market,supply-collateral-add,SP3A7MGAH0SKC1ACS854PHXHVWE031FYQCBA8M51D,2026-09-23T20:07:45Z,20,120,100,success,(ok u49870481578),ok,
2026-09-23T20:09:05Z,9049888,0x86880366abc657f1255fe570eb2c614816917761a7ccd5893692a1d06bccce10,zest-v2,SP1A27KFY4XERQCCRCARCYD1CC5N7M6688BSYADJ7.v0-8-market,borrow,SP3A7MGAH0SKC1ACS854PHXHVWE031FYQCBA8M51D,2026-09-23T20:08:57Z,8,120,112,success,(ok true),ok,
2026-09-23T20:11:55Z,9049900,0xa6c384649c069148cb4946a41d9e9a45806c2f68368a4011e0f7d87f397e06f2,zest-v2,SP1A27KFY4XERQCCRCARCYD1CC5N7M6688BSYADJ7.v0-8-market,supply-collateral-add,SP2ZM1KNQNS96RM1MAJTZV7WE7F38GFGRND4E80DW,2026-09-23T20:11:24Z,31,120,89,success,(ok u152947752),ok,
2026-09-23T20:18:48Z,9049929,0x8ff841430d1e6485d376359ecdf2c3a95be9a5e04d1fa775d8e62983d33597a3,zest-v2,SP1A27KFY4XERQCCRCARCYD1CC5N7M6688BSYADJ7.v0-8-market,supply-collateral-add,SP3A7MGAH0SKC1ACS854PHXHVWE031FYQCBA8M51D,2026-09-23T20:18:27Z,21,120,99,success,(ok u69818669740),ok,
2026-09-23T20:19:32Z,9049932,0xa3d1be9cb8f4a7c8e5772983b9215c03d4c23beeec5eb6363df2b7883d6f1af5,zest-v2,SP1A27KFY4XERQCCRCARCYD1CC5N7M6688BSYADJ7.v0-8-market,borrow,SP3A7MGAH0SKC1ACS854PHXHVWE031FYQCBA8M51D,2026-09-23T20:19:22Z,10,120,110,success,(ok true),ok,
2026-09-23T20:21:32Z,9049940,0xfc6ed1aeaaacf4cd2609f7caddcdc85971893ed9c37962d137a5a526d40bb45c,zest-v2,SP1A27KFY4XERQCCRCARCYD1CC5N7M6688BSYADJ7.v0-8-market,collateral-remove-redeem,SP6CZTHB6SQP7S2GCWF0QEK22GS1XX2WPSBXQBE8,2026-09-23T20:21:10Z,22,120,98,success,(ok u90),ok,
2026-09-23T20:24:20Z,9049951,0x2bcb6a2a00147d8907b27063f44d5805b5c0d82e168ca8e5e295b1f372506ca8,zest-v2,SP1A27KFY4XERQCCRCARCYD1CC5N7M6688BSYADJ7.v0-8-market,supply-collateral-add,SP6CZTHB6SQP7S2GCWF0QEK22GS1XX2WPSBXQBE8,2026-09-23T20:23:56Z,24,120,96,success,(ok u74675317238),ok,
2026-09-23T20:25:51Z,9049958,0xc2cf88dcc9576629e7f37e82bacf035ba542733ef78cefa7af6dbf658a022b27,zest-v2,SP1A27KFY4XERQCCRCARCYD1CC5N7M6688BSYADJ7.v0-8-market,borrow,SP6CZTHB6SQP7S2GCWF0QEK22GS1XX2WPSBXQBE8,2026-09-23T20:25:16Z,35,120,85,success,(ok true),ok,
2026-09-23T21:45:43Z,9050231,0xbc1ee9f25a87c7e15764cafb2fe233b69aba0632fb488f1343c4664a7ad0846e,zest-v2,SP1A27KFY4XERQCCRCARCYD1CC5N7M6688BSYADJ7.v0-8-market,collateral-remove-redeem,SP3A7MGAH0SKC1ACS854PHXHVWE031FYQCBA8M51D,2026-09-23T21:45:07Z,36,120,84,success,(ok u17000002375),ok,
2026-09-23T21:48:42Z,9050242,0x86067b4e6a7695cce0679cac8683f992847c834510f9a064dc166b08c3a4fe67,zest-v2,SP1A27KFY4XERQCCRCARCYD1CC5N7M6688BSYADJ7.v0-8-market,borrow,SPCE87V29VDPEAS925YMV2VG3CMBHY0BXKB08NA4,2026-09-23T21:48:13Z,29,120,91,success,(ok true),ok,
2026-09-23T21:53:06Z,9050257,0xfb04b33f2c992343bf32816e4c3275e2b3261f8d272a347262e73e0fcdecb927,zest-v2,SP1A27KFY4XERQCCRCARCYD1CC5N7M6688BSYADJ7.v0-8-market,borrow,SP24YJDP5R2F4BJNR3EMMFE3QVR1HJ2T6XPGC1N7S,2026-09-23T21:52:44Z,22,120,98,success,(ok true),ok,
2026-09-23T21:56:04Z,9050266,0x7802bccfa6e6e5c19e7c9c7d49931243a28ba87b4fe889ca836ab21e3b346e91,zest-v2,SP1A27KFY4XERQCCRCARCYD1CC5N7M6688BSYADJ7.v0-8-market,collateral-remove-redeem,SPZKWN8EC8DHXYW6D6DVHFVMX2HBWMRTSZET8YHM,2026-09-23T21:55:03Z,61,120,59,success,(ok u6831078388),ok,
2026-09-23T21:59:40Z,9050277,0xc0d3e77a77e9548d313bf77cb1793010d7bbc28458a622953cb85b411613a3f8,zest-v2,SP1A27KFY4XERQCCRCARCYD1CC5N7M6688BSYADJ7.v0-8-market,supply-collateral-add,SP24YJDP5R2F4BJNR3EMMFE3QVR1HJ2T6XPGC1N7S,2026-09-23T21:59:19Z,21,120,99,success,(ok u7225059612),ok,
2026-09-23T22:04:57Z,9050292,0x8ba971eedee0681eb741053c6b40ee6a98d2a1bf6b304c8fffba0d45be538312,zest-v2,SP1A27KFY4XERQCCRCARCYD1CC5N7M6688BSYADJ7.v0-8-market,collateral-remove-redeem,SPZKWN8EC8DHXYW6D6DVHFVMX2HBWMRTSZET8YHM,2026-09-23T22:04:24Z,33,120,87,success,(ok u14335000000),ok,
2026-09-23T22:12:16Z,9050313,0xeacdfce8e31d46f945864bf3119a07b3fa2d3fa74d55c96152533a9729937492,zest-v2,SP1A27KFY4XERQCCRCARCYD1CC5N7M6688BSYADJ7.v0-8-market,supply-collateral-add,SP119ATKFM412X7WB4JTCNHVT02D6X919BZHPQR69,2026-09-23T22:11:55Z,21,120,99,success,(ok u100546293),ok,
2026-09-23T22:34:59Z,9050380,0x4017f8ea326d0a5d2e189eb9b254ac65b9230d02adc7e2cae3c7f4fd95be5ffd,zest-v2,SP1A27KFY4XERQCCRCARCYD1CC5N7M6688BSYADJ7.v0-8-market,collateral-remove-redeem,SPZKWN8EC8DHXYW6D6DVHFVMX2HBWMRTSZET8YHM,2026-09-23T22:34:32Z,27,120,93,success,(ok u6000000000),ok,
2026-09-23T22:47:30Z,9050422,0xf517539a1e2f5d96774780fe039aaccd16bdbe0275f34692f3dc2b5df188d67b,zest-v2,SP1A27KFY4XERQCCRCARCYD1CC5N7M6688BSYADJ7.v0-8-market,collateral-remove-redeem,SPZKWN8EC8DHXYW6D6DVHFVMX2HBWMRTSZET8YHM,2026-09-23T22:47:03Z,27,120,93,success,(ok u6510000000),ok,
2026-09-23T22:57:34Z,9050463,0xaf12c85d9ce832e478b0c3b667ca9bba022a7e41b91cbbc17cdb4ab52793aed2,zest-v2,SP1A27KFY4XERQCCRCARCYD1CC5N7M6688BSYADJ7.v0-8-market,collateral-remove-redeem,SPZKWN8EC8DHXYW6D6DVHFVMX2HBWMRTSZET8YHM,2026-09-23T22:56:51Z,43,120,77,success,(ok u4607000000),ok,
2026-09-23T23:04:36Z,9050488,0xc9187420955d4fb8158f9fa1806c2625d42efb49c9b760bbac2d9aeb31227087,zest-v2,SP1A27KFY4XERQCCRCARCYD1CC5N7M6688BSYADJ7.v0-8-market,collateral-remove-redeem,SPZKWN8EC8DHXYW6D6DVHFVMX2HBWMRTSZET8YHM,2026-09-23T23:04:08Z,28,120,92,success,(ok u5761000000),ok,
2026-09-23T23:10:05Z,9050507,0xf1f64d863ea228a127ca7a47a3e5527f09e875e2b9621eded410577bf144c8ad,zest-v2,SP1A27KFY4XERQCCRCARCYD1CC5N7M6688BSYADJ7.v0-8-market,collateral-remove-redeem,SPZKWN8EC8DHXYW6D6DVHFVMX2HBWMRTSZET8YHM,2026-09-23T23:09:33Z,32,120,88,success,(ok u7208301313),ok,
2026-09-23T23:19:12Z,9050547,0x5622ae04519a47213ddac064734a4ef63f54b64acd3631a4e9bd4dd9ac149f4b,zest-v2,SP1A27KFY4XERQCCRCARCYD1CC5N7M6688BSYADJ7.v0-8-market,collateral-remove-redeem,SPZKWN8EC8DHXYW6D6DVHFVMX2HBWMRTSZET8YHM,2026-09-23T23:18:43Z,29,120,91,success,(ok u6315000000),ok,
2026-09-23T23:24:47Z,9050565,0x939643cf7283ce04d06017d41764f64d85cc57b7758630a7f442a76cf6a673a3,zest-v2,SP1A27KFY4XERQCCRCARCYD1CC5N7M6688BSYADJ7.v0-8-market,collateral-remove-redeem,SPZKWN8EC8DHXYW6D6DVHFVMX2HBWMRTSZET8YHM,2026-09-23T23:24:24Z,23,120,97,success,(ok u7903000000),ok,
2026-09-23T23:41:22Z,9050621,0xdf9111a04e67d64fbd4e2c51db6713df5264a1052992d0fa52cf191cdc35c3f6,zest-v2,SP1A27KFY4XERQCCRCARCYD1CC5N7M6688BSYADJ7.v0-8-market,supply-collateral-add,SP2ZM1KNQNS96RM1MAJTZV7WE7F38GFGRND4E80DW,2026-09-23T23:40:32Z,50,120,70,success,(ok u152964986),ok,
2026-09-23T23:44:57Z,9050634,0x9ee6ab9ce2a7f6d3f14e5033ba9ab5da818708e78caf5904a7e33ddeb26f5cab,zest-v2,SP1A27KFY4XERQCCRCARCYD1CC5N7M6688BSYADJ7.v0-8-market,borrow,SP2ZM1KNQNS96RM1MAJTZV7WE7F38GFGRND4E80DW,2026-09-23T23:44:18Z,39,120,81,success,(ok true),ok,
2026-09-24T00:27:29Z,9050783,0x69db9d8f44d2eb89731254fc7e4383a248f80296b445ea45c0b8473c85196d8f,zest-v2,SP1A27KFY4XERQCCRCARCYD1CC5N7M6688BSYADJ7.v0-8-market,borrow,SP1S9V348SY2H77AH4B008KX0K2GPW2EGEW29847M,2026-09-24T00:27:10Z,19,120,101,success,(ok true),ok,
2026-09-24T00:30:45Z,9050797,0x28a59782ca52c7ace586aec2bda9d1c0d9172ce9100494ebd4183f2683e4dbd1,zest-v2,SP1A27KFY4XERQCCRCARCYD1CC5N7M6688BSYADJ7.v0-8-market,borrow,SPCE87V29VDPEAS925YMV2VG3CMBHY0BXKB08NA4,2026-09-24T00:30:37Z,8,120,112,success,(ok true),ok,
2026-09-24T01:29:26Z,9051035,0x80cda3621143728e43b8c981be1fb6ab85d834ac9b146e5707e75d935cf5c792,zest-v2,SP1A27KFY4XERQCCRCARCYD1CC5N7M6688BSYADJ7.v0-8-market,collateral-remove-redeem,SPZKWN8EC8DHXYW6D6DVHFVMX2HBWMRTSZET8YHM,2026-09-24T01:28:45Z,41,120,79,success,(ok u6312000000),ok,
2026-09-24T01:44:50Z,9051093,0x1309f3c6661a55070d31e7b7c7b7e4541d33121f07a2fe35026f10bdb4baf741,zest-v2,SP1A27KFY4XERQCCRCARCYD1CC5N7M6688BSYADJ7.v0-8-market,collateral-remove-redeem,SPZKWN8EC8DHXYW6D6DVHFVMX2HBWMRTSZET8YHM,2026-09-24T01:43:42Z,68,120,52,success,(ok u7894000000),ok,
2026-09-24T02:09:20Z,9051192,0xa07e062703e85187528292a8198e5b3b62b4284ddd417c46bafbbefaf92b8b00,zest-v2,SP1A27KFY4XERQCCRCARCYD1CC5N7M6688BSYADJ7.v0-8-market,borrow,SPCE87V29VDPEAS925YMV2VG3CMBHY0BXKB08NA4,2026-09-24T02:09:04Z,16,120,104,success,(ok true),ok,
2026-09-24T02:21:22Z,9051238,0x043c84a77b4f0fff104243e9c42a01ac708d687b5531e6a4ca15fcf6277b19d1,zest-v2,SP1A27KFY4XERQCCRCARCYD1CC5N7M6688BSYADJ7.v0-8-market,collateral-remove-redeem,SP3A7MGAH0SKC1ACS854PHXHVWE031FYQCBA8M51D,2026-09-24T02:21:04Z,18,120,102,success,(ok u53000441413),ok,
2026-09-24T02:47:31Z,9051323,0x09702974efdb744e82db45f7e444608a36a15d71da589beb5868f6e70ec7d083,zest-v2,SP1A27KFY4XERQCCRCARCYD1CC5N7M6688BSYADJ7.v0-8-market,collateral-remove-redeem,SP1RKSWR61ZAGV35DJKKQ87MF3GD9X0ZG9T88VXWM,2026-09-24T02:43:33Z,238,120,-118,abort_by_post_condition,(err u400015),oracle-revert:stale,"ERR-ORACLE-MULTI (stale, monotonic race, confidence)"
2026-09-24T02:50:32Z,9051329,0xc19bb1bf5c47e74514a57c0f0b0825c4fd4f96a0303272219ad61a7b6259e557,zest-v2,SP1A27KFY4XERQCCRCARCYD1CC5N7M6688BSYADJ7.v0-8-market,collateral-remove-redeem,SP1RKSWR61ZAGV35DJKKQ87MF3GD9X0ZG9T88VXWM,2026-09-24T02:49:47Z,45,120,75,success,(ok u16250000000),ok,
2026-09-24T03:35:29Z,9051490,0x13ce30d2d8af74ca6ff4a3422d288b94c5a479a3ffe6790c893c77c9e9d34ff9,zest-v2,SP1A27KFY4XERQCCRCARCYD1CC5N7M6688BSYADJ7.v0-8-market,collateral-remove-redeem,SPZKWN8EC8DHXYW6D6DVHFVMX2HBWMRTSZET8YHM,2026-09-24T03:34:36Z,53,120,67,success,(ok u6318000000),ok,
2026-09-24T03:43:51Z,9051523,0xeb01d1cd34bccf9313a10651c1526a18552655ce0b839c827c24c19505ec866c,zest-v2,SP1A27KFY4XERQCCRCARCYD1CC5N7M6688BSYADJ7.v0-8-market,collateral-remove-redeem,SPZKWN8EC8DHXYW6D6DVHFVMX2HBWMRTSZET8YHM,2026-09-24T03:42:54Z,57,120,63,success,(ok u7900000000),ok,
2026-09-24T04:01:17Z,9051579,0x67cf35f72a3d85ba01417e3b4ded13348d418a752114f66ab1daa1432f7f6ef6,zest-v2,SP1A27KFY4XERQCCRCARCYD1CC5N7M6688BSYADJ7.v0-8-market,collateral-remove-redeem,SP1RKSWR61ZAGV35DJKKQ87MF3GD9X0ZG9T88VXWM,2026-09-24T04:00:41Z,36,120,84,success,(ok u20500000000),ok,
2026-09-24T04:02:30Z,9051583,0xdf0a32440102b85bef30f8291fa07e497ae6ee03e412a002f11ca69fccfe7d0b,zest-v2,SP1A27KFY4XERQCCRCARCYD1CC5N7M6688BSYADJ7.v0-8-market,supply-collateral-add,SP33KDCH2WHGAJW4YXQFN7KYCX1WEVS9ZMK8051AY,2026-09-24T04:01:26Z,64,120,56,success,(ok u84022293718),ok,
2026-09-24T04:05:01Z,9051594,0x670b1a0728debd62e5d3daa3a5beae403e041b5cd9dc10258a185fc317964dc8,zest-v2,SP1A27KFY4XERQCCRCARCYD1CC5N7M6688BSYADJ7.v0-8-market,collateral-remove-redeem,SP1RKSWR61ZAGV35DJKKQ87MF3GD9X0ZG9T88VXWM,2026-09-24T04:04:34Z,27,120,93,success,(ok u25650000000),ok,
2026-09-24T04:06:19Z,9051600,0x78d2878e9c962853f337fad37d6c5f892726aad3c863b8a01301ca784469be83,zest-v2,SP1A27KFY4XERQCCRCARCYD1CC5N7M6688BSYADJ7.v0-8-market,borrow,SP33KDCH2WHGAJW4YXQFN7KYCX1WEVS9ZMK8051AY,2026-09-24T04:05:33Z,46,120,74,success,(ok true),ok,
2026-09-24T04:10:07Z,9051615,0x69b14261fea13e5b87304fe107b6b047fd2a2af353e35d94bb316a7729334a2f,zest-v2,SP1A27KFY4XERQCCRCARCYD1CC5N7M6688BSYADJ7.v0-8-market,collateral-remove-redeem,SP1RKSWR61ZAGV35DJKKQ87MF3GD9X0ZG9T88VXWM,2026-09-24T04:09:19Z,48,120,72,success,(ok u32045000000),ok,
2026-09-24T04:21:39Z,9051660,0xc3ebdad3b25aedba6288f269e267e8b892a27017611701cde133cae63d916c8e,zest-v2,SP1A27KFY4XERQCCRCARCYD1CC5N7M6688BSYADJ7.v0-8-market,supply-collateral-add,SP34M22KZDV4TYQZEAM10XC96TZR1G5W75FRHG3KA,2026-09-24T04:21:12Z,27,120,93,success,(ok u20736333662),ok,
2026-09-24T04:40:55Z,9051722,0x1dc58c9a920a39068562951510e0c8f5ad887c0f49a933220bc3e948bf2eabbe,zest-v2,SP1A27KFY4XERQCCRCARCYD1CC5N7M6688BSYADJ7.v0-8-market,borrow,SP3WAAYXPC6WZNEC7SHGR36D32RJPZVXRR1BG0QSY,2026-09-24T04:40:27Z,28,120,92,success,(ok true),ok,
2026-09-24T04:47:11Z,9051748,0xfaaa22a91cab79b82dc5c20d56f6bc7fc3c3640a874fc07def6f7ba20d330360,zest-v2,SP1A27KFY4XERQCCRCARCYD1CC5N7M6688BSYADJ7.v0-8-market,borrow,SP3WAAYXPC6WZNEC7SHGR36D32RJPZVXRR1BG0QSY,2026-09-24T04:46:49Z,22,120,98,success,(ok true),ok,
2026-09-24T04:52:04Z,9051767,0x19b38f15172c0b16c9c1e6c1a30f9d4ba2567a338ecf64531bb381da9fa5845e,zest-v2,SP1A27KFY4XERQCCRCARCYD1CC5N7M6688BSYADJ7.v0-8-market,borrow,SP3WAAYXPC6WZNEC7SHGR36D32RJPZVXRR1BG0QSY,2026-09-24T04:51:06Z,58,120,62,success,(ok true),ok,
2026-09-24T05:44:51Z,9051963,0x8492124fae4c9198e56aca0bdf9e0bd2949faa8b8b5eb6cc7a4d7079166dedea,zest-v2,SP1A27KFY4XERQCCRCARCYD1CC5N7M6688BSYADJ7.v0-8-market,collateral-remove-redeem,SP1RKSWR61ZAGV35DJKKQ87MF3GD9X0ZG9T88VXWM,2026-09-24T05:44:27Z,24,120,96,success,(ok u25275000000),ok,
2026-09-24T06:05:33Z,9052046,0x48cb710dea027c3a2ab4608713e7c158285733000dc140c770afab70bf669f29,zest-v2,SP1A27KFY4XERQCCRCARCYD1CC5N7M6688BSYADJ7.v0-8-market,supply-collateral-add,SP2ZM1KNQNS96RM1MAJTZV7WE7F38GFGRND4E80DW,2026-09-24T06:04:54Z,39,120,81,success,(ok u152977395),ok,
2026-09-24T06:11:11Z,9052064,0x6dfac8f7f9a3a07479c1a0a4560d00674794adf6327af9e34f51ed2166d6a468,zest-v2,SP1A27KFY4XERQCCRCARCYD1CC5N7M6688BSYADJ7.v0-8-market,collateral-remove-redeem,SP2ZM1KNQNS96RM1MAJTZV7WE7F38GFGRND4E80DW,2026-09-24T06:10:35Z,36,120,84,success,(ok u5199999),ok,
2026-09-24T06:13:48Z,9052074,0xc4bc76c80164966f93bc66bc57f8cc3f411869202e9ea58e89ab1e93809075c3,zest-v2,SP1A27KFY4XERQCCRCARCYD1CC5N7M6688BSYADJ7.v0-8-market,supply-collateral-add,SP2ZM1KNQNS96RM1MAJTZV7WE7F38GFGRND4E80DW,2026-09-24T06:13:09Z,39,120,81,success,(ok u147979335),ok,
2026-09-24T06:18:32Z,9052089,0xb48f6b38cc516d055e33878b21bd97472b04f47c927fa8cc8e6537a35560b9cc,zest-v2,SP1A27KFY4XERQCCRCARCYD1CC5N7M6688BSYADJ7.v0-8-market,borrow,SPSGJJQFY6ETD2ZFZR141ZDDRYGWAM2GKPBCASMB,2026-09-24T06:18:16Z,16,120,104,success,(ok true),ok,
2026-09-24T06:19:42Z,9052093,0x10511fd25a17e1399e0f50eb51d6eca7301fd121cdaaf4d44b67b65da2904f61,zest-v2,SP1A27KFY4XERQCCRCARCYD1CC5N7M6688BSYADJ7.v0-8-market,collateral-remove-redeem,SP1RKSWR61ZAGV35DJKKQ87MF3GD9X0ZG9T88VXWM,2026-09-24T06:19:07Z,35,120,85,success,(ok u25260000000),ok,
2026-09-24T08:19:01Z,9052521,0x1670d95a301c2b790730d73e2c7874b7b3aeb51413679d37b2054c119c4d291c,zest-v2,SP1A27KFY4XERQCCRCARCYD1CC5N7M6688BSYADJ7.v0-8-market,supply-collateral-add,SPM942AQAYEX6GVMRN3TZRWRETGEE2YN3RCYY03A,2026-09-24T08:18:45Z,16,120,104,success,(ok u278342003),ok,
2026-09-24T09:17:29Z,9052733,0x790e6289c188dfcc1ba7a0daac81d6c88df9bf5afe4ddb5c1c937e468435258c,zest-v2,SP1A27KFY4XERQCCRCARCYD1CC5N7M6688BSYADJ7.v0-8-market,supply-collateral-add,SP3A7MGAH0SKC1ACS854PHXHVWE031FYQCBA8M51D,2026-09-24T09:17:21Z,8,120,112,success,(ok u49869653201),ok,
2026-09-24T09:18:39Z,9052738,0x3496361d71c18763300d3b4b867dc976916763646553d8c79bec425d0f0b6375,zest-v2,SP1A27KFY4XERQCCRCARCYD1CC5N7M6688BSYADJ7.v0-8-market,borrow,SP3A7MGAH0SKC1ACS854PHXHVWE031FYQCBA8M51D,2026-09-24T09:18:25Z,14,120,106,success,(ok true),ok,
2026-09-24T09:22:01Z,9052750,0xfeb58ae7bbea426f71db72ac01c04dfbdf2434c7cbbe6d9cc10c8145351007eb,zest-v2,SP1A27KFY4XERQCCRCARCYD1CC5N7M6688BSYADJ7.v0-8-market,collateral-remove-redeem,SP1RKSWR61ZAGV35DJKKQ87MF3GD9X0ZG9T88VXWM,2026-09-24T09:21:36Z,25,120,95,success,(ok u18900000000),ok,
2026-09-24T09:27:06Z,9052768,0xe00c81ad1911255aae84df330b1dbaea341261827386df78b06d7edcca819d55,zest-v2,SP1A27KFY4XERQCCRCARCYD1CC5N7M6688BSYADJ7.v0-8-market,collateral-remove-redeem,SPZKWN8EC8DHXYW6D6DVHFVMX2HBWMRTSZET8YHM,2026-09-24T09:26:33Z,33,120,87,success,(ok u6305000000),ok,
2026-09-24T09:35:00Z,9052796,0xb25921ce5d6e166d7096a1962e30254f3edff259ff6f0c0448931fece9a255df,zest-v2,SP1A27KFY4XERQCCRCARCYD1CC5N7M6688BSYADJ7.v0-8-market,collateral-remove-redeem,SP1RKSWR61ZAGV35DJKKQ87MF3GD9X0ZG9T88VXWM,2026-09-24T09:34:28Z,32,120,88,success,(ok u12600000000),ok,
2026-09-24T09:37:56Z,9052809,0xf65345dff9f6f1912d88ee1d8bd69abb30857993a92c9b1b764bb64d2570da55,zest-v2,SP1A27KFY4XERQCCRCARCYD1CC5N7M6688BSYADJ7.v0-8-market,collateral-remove-redeem,SPZKWN8EC8DHXYW6D6DVHFVMX2HBWMRTSZET8YHM,2026-09-24T09:37:07Z,49,120,71,success,(ok u6320000000),ok,
2026-09-24T10:06:01Z,9052904,0x34f1df9d26d9add900ee4f1a4d787dad9a11046b476588687f1f791bae8fa992,zest-v2,SP1A27KFY4XERQCCRCARCYD1CC5N7M6688BSYADJ7.v0-8-market,supply-collateral-add,SP16GZQEWNJ8S05KQY0T0Z2KQ070WSSK96B99EN0E,2026-09-24T10:05:30Z,31,120,89,success,(ok u24261507),ok,
2026-09-24T10:11:50Z,9052921,0xcac7965d7acc15bb6ff84e20504c0ee06a985a48130adaa6b21dfc3afb2ec932,zest-v2,SP1A27KFY4XERQCCRCARCYD1CC5N7M6688BSYADJ7.v0-8-market,borrow,SP16GZQEWNJ8S05KQY0T0Z2KQ070WSSK96B99EN0E,2026-09-24T10:10:31Z,79,120,41,success,(ok true),ok,
2026-09-24T10:19:00Z,9052942,0x3276a6db6046aa1ad282eb52e2e04fc9eafba67383aabd48935559492f452813,zest-v2,SP1A27KFY4XERQCCRCARCYD1CC5N7M6688BSYADJ7.v0-8-market,supply-collateral-add,SP119ATKFM412X7WB4JTCNHVT02D6X919BZHPQR69,2026-09-24T10:18:39Z,21,120,99,success,(ok u100548599),ok,
2026-09-24T10:28:00Z,9052969,0x1443d6d2f4045bee868285793439fb11fe13a05a3ab8bad45508925c5236af31,zest-v2,SP1A27KFY4XERQCCRCARCYD1CC5N7M6688BSYADJ7.v0-8-market,collateral-remove-redeem,SPCWSSHF9ATPJQSWSWV121Z5GNMZ4Y0H7Q5KY9P4,2026-09-24T10:27:21Z,39,120,81,success,(ok u2000000000),ok,
2026-09-24T11:20:55Z,9053181,0x1cf59770eee59de38489c5b0de28c520db3e91988f8a3514754077cbe9bc6cd9,zest-v2,SP1A27KFY4XERQCCRCARCYD1CC5N7M6688BSYADJ7.v0-8-market,collateral-remove-redeem,SPCWSSHF9ATPJQSWSWV121Z5GNMZ4Y0H7Q5KY9P4,2026-09-24T11:20:16Z,39,120,81,success,(ok u2000000000),ok,
2026-09-24T12:11:02Z,9053389,0xa867fb9c930686b3c011135d433f8bd43aa9a99cb2499ea12da05dd2e6a7db99,zest-v2,SP1A27KFY4XERQCCRCARCYD1CC5N7M6688BSYADJ7.v0-8-market,supply-collateral-add,SP2642699XFS6DQ6E2MB5BZ2V7F61EPZCZQH7HZPT,2026-09-24T12:10:43Z,19,120,101,success,(ok u12722),ok,
2026-09-24T12:12:12Z,9053392,0x2296f5d28a2d7a2cace2f6fc9154d5078fa5016da80bda94f118a1c1ed7fd097,zest-v2,SP1A27KFY4XERQCCRCARCYD1CC5N7M6688BSYADJ7.v0-8-market,borrow,SP2642699XFS6DQ6E2MB5BZ2V7F61EPZCZQH7HZPT,2026-09-24T12:12:01Z,11,120,109,success,(ok true),ok,
2026-09-24T13:07:32Z,9053588,0x85f9341c85fd61286d9503c21b5990b832435fed9dd01b8f16c83ae7edbddc2d,zest-v2,SP1A27KFY4XERQCCRCARCYD1CC5N7M6688BSYADJ7.v0-8-market,collateral-remove-redeem,SP3A7MGAH0SKC1ACS854PHXHVWE031FYQCBA8M51D,2026-09-24T13:07:20Z,12,120,108,success,(ok u50000241663),ok,
2026-09-24T13:13:58Z,9053619,0x1a776a157c14f14434cc86b7c6ee1582235edea1d04fccd0c7b9a733a267bf04,zest-v2,SP1A27KFY4XERQCCRCARCYD1CC5N7M6688BSYADJ7.v0-8-market,supply-collateral-add,SP1TPYSSG52FKCDHHN8Y76ABMA12P069BZBFAYEAF,2026-09-24T13:13:45Z,13,120,107,success,(ok u179926),ok,
2026-09-24T13:17:38Z,9053636,0x2220710b6f16b44aab3517387dc036d5fa203115b441e506e9d3880e581230b1,zest-v2,SP1A27KFY4XERQCCRCARCYD1CC5N7M6688BSYADJ7.v0-8-market,borrow,SP1TPYSSG52FKCDHHN8Y76ABMA12P069BZBFAYEAF,2026-09-24T13:17:23Z,15,120,105,success,(ok true),ok,
2026-09-24T13:19:42Z,9053646,0x0fca107fb6b97451a4616fdf851bbddb6bf15491e066706425b98d37e98c14cd,zest-v2,SP1A27KFY4XERQCCRCARCYD1CC5N7M6688BSYADJ7.v0-8-market,borrow,SP1TPYSSG52FKCDHHN8Y76ABMA12P069BZBFAYEAF,2026-09-24T13:19:28Z,14,120,106,success,(ok true),ok,
2026-09-24T13:22:47Z,9053661,0x5b259abd467e26798a1b133cf531c0122f0afb99622e4bb77e64d128f212dc83,zest-v2,SP1A27KFY4XERQCCRCARCYD1CC5N7M6688BSYADJ7.v0-8-market,supply-collateral-add,SP1TPYSSG52FKCDHHN8Y76ABMA12P069BZBFAYEAF,2026-09-24T13:22:38Z,9,120,111,success,(ok u183523),ok,
