block_height,market,position,account,side,asset,amount_base_units
9049309,granite-aeusdc,SP03Y0DSX1N4DCHKS82RGVGEQBB1ZZ74XZGN0YJ2,SP03Y0DSX1N4DCHKS82RGVGEQBB1ZZ74XZGN0YJ2,collateral,sBTC,9
9049309,granite-aeusdc,SP03Y0DSX1N4DCHKS82RGVGEQBB1ZZ74XZGN0YJ2,SP03Y0DSX1N4DCHKS82RGVGEQBB1ZZ74XZGN0YJ2,debt,token-aeusdc,424
9049309,granite-aeusdc,SP03Y0DSX1N4DCHKS82RGVGEQBB1ZZ74XZGN0YJ2,SP03Y0DSX1N4DCHKS82RGVGEQBB1ZZ74XZGN0YJ2,debt_stored,shares,274
9049309,granite-aeusdc,SP0E61P7VQE3YKGXM0G17WNXS5A0J94TRFVM7VV1,SP0E61P7VQE3YKGXM0G17WNXS5A0J94TRFVM7VV1,collateral,sBTC,88
9049309,granite-aeusdc,SP0E61P7VQE3YKGXM0G17WNXS5A0J94TRFVM7VV1,SP0E61P7VQE3YKGXM0G17WNXS5A0J94TRFVM7VV1,debt,token-aeusdc,13
9049309,granite-aeusdc,SP0E61P7VQE3YKGXM0G17WNXS5A0J94TRFVM7VV1,SP0E61P7VQE3YKGXM0G17WNXS5A0J94TRFVM7VV1,debt_stored,shares,8
9049309,granite-aeusdc,SP10MG83XFMTMSKR7237D817D9DGWXBWBCNB3W2BK,SP10MG83XFMTMSKR7237D817D9DGWXBWBCNB3W2BK,collateral,sBTC,202389
9049309,granite-aeusdc,SP10P477N9V60C2NXEAW5Y8APPS64N0G43JNHRP47,SP10P477N9V60C2NXEAW5Y8APPS64N0G43JNHRP47,collateral,sBTC,28
9049309,granite-aeusdc,SP10P477N9V60C2NXEAW5Y8APPS64N0G43JNHRP47,SP10P477N9V60C2NXEAW5Y8APPS64N0G43JNHRP47,debt,token-aeusdc,567
9049309,granite-aeusdc,SP10P477N9V60C2NXEAW5Y8APPS64N0G43JNHRP47,SP10P477N9V60C2NXEAW5Y8APPS64N0G43JNHRP47,debt_stored,shares,367
9049309,granite-aeusdc,SP10PPJAWYJHNK1DJYP54NNWBJHNRBJW25J8WEJXN,SP10PPJAWYJHNK1DJYP54NNWBJHNRBJW25J8WEJXN,collateral,sBTC,99
9049309,granite-aeusdc,SP10PPJAWYJHNK1DJYP54NNWBJHNRBJW25J8WEJXN,SP10PPJAWYJHNK1DJYP54NNWBJHNRBJW25J8WEJXN,debt,token-aeusdc,283
9049309,granite-aeusdc,SP10PPJAWYJHNK1DJYP54NNWBJHNRBJW25J8WEJXN,SP10PPJAWYJHNK1DJYP54NNWBJHNRBJW25J8WEJXN,debt_stored,shares,183
9049309,granite-aeusdc,SP116AWAZF9EF5GR7Q524F2RNJBDWB4TD6AAG5DXX,SP116AWAZF9EF5GR7Q524F2RNJBDWB4TD6AAG5DXX,collateral,sBTC,100
9049309,granite-aeusdc,SP116AWAZF9EF5GR7Q524F2RNJBDWB4TD6AAG5DXX,SP116AWAZF9EF5GR7Q524F2RNJBDWB4TD6AAG5DXX,debt,token-aeusdc,4
9049309,granite-aeusdc,SP116AWAZF9EF5GR7Q524F2RNJBDWB4TD6AAG5DXX,SP116AWAZF9EF5GR7Q524F2RNJBDWB4TD6AAG5DXX,debt_stored,shares,2
9049309,granite-aeusdc,SP116C2RS4BZWWF7D6RF2HJ0QN7TW53B4WM9FEPY9,SP116C2RS4BZWWF7D6RF2HJ0QN7TW53B4WM9FEPY9,collateral,sBTC,48
9049309,granite-aeusdc,SP116C2RS4BZWWF7D6RF2HJ0QN7TW53B4WM9FEPY9,SP116C2RS4BZWWF7D6RF2HJ0QN7TW53B4WM9FEPY9,debt,token-aeusdc,2
9049309,granite-aeusdc,SP116C2RS4BZWWF7D6RF2HJ0QN7TW53B4WM9FEPY9,SP116C2RS4BZWWF7D6RF2HJ0QN7TW53B4WM9FEPY9,debt_stored,shares,1
9049309,granite-aeusdc,SP116Z95PQYPC0CHQX5KJFCW5T2WWQBXJ73ZTAFP9,SP116Z95PQYPC0CHQX5KJFCW5T2WWQBXJ73ZTAFP9,collateral,sBTC,100
9049309,granite-aeusdc,SP116Z95PQYPC0CHQX5KJFCW5T2WWQBXJ73ZTAFP9,SP116Z95PQYPC0CHQX5KJFCW5T2WWQBXJ73ZTAFP9,debt,token-aeusdc,2
9049309,granite-aeusdc,SP116Z95PQYPC0CHQX5KJFCW5T2WWQBXJ73ZTAFP9,SP116Z95PQYPC0CHQX5KJFCW5T2WWQBXJ73ZTAFP9,debt_stored,shares,1
9049309,granite-aeusdc,SP11EBWRDRHWHWBM8XMNTD45VM5Z41XM29TBV7ECD,SP11EBWRDRHWHWBM8XMNTD45VM5Z41XM29TBV7ECD,collateral,sBTC,872
9049309,granite-aeusdc,SP11F9RDXFPP8XCQ4V1QSE1E0CM3X2DQVEKB6WXT8,SP11F9RDXFPP8XCQ4V1QSE1E0CM3X2DQVEKB6WXT8,collateral,sBTC,100
9049309,granite-aeusdc,SP11F9RDXFPP8XCQ4V1QSE1E0CM3X2DQVEKB6WXT8,SP11F9RDXFPP8XCQ4V1QSE1E0CM3X2DQVEKB6WXT8,debt,token-aeusdc,558
9049309,granite-aeusdc,SP11F9RDXFPP8XCQ4V1QSE1E0CM3X2DQVEKB6WXT8,SP11F9RDXFPP8XCQ4V1QSE1E0CM3X2DQVEKB6WXT8,debt_stored,shares,361
9049309,granite-aeusdc,SP11TSY6Q0ER893HNKZ44JZV78YTW1PNG2YCRHVQC,SP11TSY6Q0ER893HNKZ44JZV78YTW1PNG2YCRHVQC,collateral,sBTC,11700
9049309,granite-aeusdc,SP11TSY6Q0ER893HNKZ44JZV78YTW1PNG2YCRHVQC,SP11TSY6Q0ER893HNKZ44JZV78YTW1PNG2YCRHVQC,debt,token-aeusdc,5382880
9049309,granite-aeusdc,SP11TSY6Q0ER893HNKZ44JZV78YTW1PNG2YCRHVQC,SP11TSY6Q0ER893HNKZ44JZV78YTW1PNG2YCRHVQC,debt_stored,shares,3484551
9049309,granite-aeusdc,SP122PJZQPAZA4X9QWGV1EVNEFRFKE8MPKC0SZ58B,SP122PJZQPAZA4X9QWGV1EVNEFRFKE8MPKC0SZ58B,collateral,sBTC,54
9049309,granite-aeusdc,SP122PJZQPAZA4X9QWGV1EVNEFRFKE8MPKC0SZ58B,SP122PJZQPAZA4X9QWGV1EVNEFRFKE8MPKC0SZ58B,debt,token-aeusdc,4
9049309,granite-aeusdc,SP122PJZQPAZA4X9QWGV1EVNEFRFKE8MPKC0SZ58B,SP122PJZQPAZA4X9QWGV1EVNEFRFKE8MPKC0SZ58B,debt_stored,shares,2
9049309,granite-aeusdc,SP134GFFMQS2BVHVGYHYRTT7APV68Z2T27YYRZ78,SP134GFFMQS2BVHVGYHYRTT7APV68Z2T27YYRZ78,collateral,sBTC,103
9049309,granite-aeusdc,SP134GFFMQS2BVHVGYHYRTT7APV68Z2T27YYRZ78,SP134GFFMQS2BVHVGYHYRTT7APV68Z2T27YYRZ78,debt,token-aeusdc,3433
9049309,granite-aeusdc,SP134GFFMQS2BVHVGYHYRTT7APV68Z2T27YYRZ78,SP134GFFMQS2BVHVGYHYRTT7APV68Z2T27YYRZ78,debt_stored,shares,2222
9049309,granite-aeusdc,SP1376739EMZBE3TT22MGA3JQ18GH1TM88CK86VMV,SP1376739EMZBE3TT22MGA3JQ18GH1TM88CK86VMV,collateral,sBTC,49
9049309,granite-aeusdc,SP1376739EMZBE3TT22MGA3JQ18GH1TM88CK86VMV,SP1376739EMZBE3TT22MGA3JQ18GH1TM88CK86VMV,debt,token-aeusdc,2
9049309,granite-aeusdc,SP1376739EMZBE3TT22MGA3JQ18GH1TM88CK86VMV,SP1376739EMZBE3TT22MGA3JQ18GH1TM88CK86VMV,debt_stored,shares,1
9049309,granite-aeusdc,SP144VCG1E9ZJYYHB57WPF0FCBH234J847KYCH9YP,SP144VCG1E9ZJYYHB57WPF0FCBH234J847KYCH9YP,collateral,sBTC,20
9049309,granite-aeusdc,SP144VCG1E9ZJYYHB57WPF0FCBH234J847KYCH9YP,SP144VCG1E9ZJYYHB57WPF0FCBH234J847KYCH9YP,debt,token-aeusdc,1683
9049309,granite-aeusdc,SP144VCG1E9ZJYYHB57WPF0FCBH234J847KYCH9YP,SP144VCG1E9ZJYYHB57WPF0FCBH234J847KYCH9YP,debt_stored,shares,1089
9049309,granite-aeusdc,SP14EBQ926P4APDDMT6VP1F0X867F7Z2TDW5CV69A,SP14EBQ926P4APDDMT6VP1F0X867F7Z2TDW5CV69A,collateral,sBTC,2
9049309,granite-aeusdc,SP14JPKZT1AGJWXHTVBPMVZQ11T7PGT0205DACDTB,SP14JPKZT1AGJWXHTVBPMVZQ11T7PGT0205DACDTB,collateral,sBTC,100
9049309,granite-aeusdc,SP14JPKZT1AGJWXHTVBPMVZQ11T7PGT0205DACDTB,SP14JPKZT1AGJWXHTVBPMVZQ11T7PGT0205DACDTB,debt,token-aeusdc,2
9049309,granite-aeusdc,SP14JPKZT1AGJWXHTVBPMVZQ11T7PGT0205DACDTB,SP14JPKZT1AGJWXHTVBPMVZQ11T7PGT0205DACDTB,debt_stored,shares,1
9049309,granite-aeusdc,SP14PW4M1XM9NQPVWXXJPCYGZ8GCXGTVA93G9GC86,SP14PW4M1XM9NQPVWXXJPCYGZ8GCXGTVA93G9GC86,collateral,sBTC,49
9049309,granite-aeusdc,SP14PW4M1XM9NQPVWXXJPCYGZ8GCXGTVA93G9GC86,SP14PW4M1XM9NQPVWXXJPCYGZ8GCXGTVA93G9GC86,debt,token-aeusdc,1786
9049309,granite-aeusdc,SP14PW4M1XM9NQPVWXXJPCYGZ8GCXGTVA93G9GC86,SP14PW4M1XM9NQPVWXXJPCYGZ8GCXGTVA93G9GC86,debt_stored,shares,1156
9049309,granite-aeusdc,SP14W78Q821B3HQ3ED30624Z1F13X4JMFZY3N5SK4,SP14W78Q821B3HQ3ED30624Z1F13X4JMFZY3N5SK4,collateral,sBTC,79
9049309,granite-aeusdc,SP14W78Q821B3HQ3ED30624Z1F13X4JMFZY3N5SK4,SP14W78Q821B3HQ3ED30624Z1F13X4JMFZY3N5SK4,debt,token-aeusdc,2
9049309,granite-aeusdc,SP14W78Q821B3HQ3ED30624Z1F13X4JMFZY3N5SK4,SP14W78Q821B3HQ3ED30624Z1F13X4JMFZY3N5SK4,debt_stored,shares,1
9049309,granite-aeusdc,SP152K3QSGGHWXEKEC9Y34ARH0P034XSXPT3GE47Q,SP152K3QSGGHWXEKEC9Y34ARH0P034XSXPT3GE47Q,collateral,sBTC,51
9049309,granite-aeusdc,SP152K3QSGGHWXEKEC9Y34ARH0P034XSXPT3GE47Q,SP152K3QSGGHWXEKEC9Y34ARH0P034XSXPT3GE47Q,debt,token-aeusdc,2
9049309,granite-aeusdc,SP152K3QSGGHWXEKEC9Y34ARH0P034XSXPT3GE47Q,SP152K3QSGGHWXEKEC9Y34ARH0P034XSXPT3GE47Q,debt_stored,shares,1
9049309,granite-aeusdc,SP1536TSFBZ7SYF8GEMY7D2WRJ7QWRKDMCTR9NDXJ,SP1536TSFBZ7SYF8GEMY7D2WRJ7QWRKDMCTR9NDXJ,collateral,sBTC,100
9049309,granite-aeusdc,SP1536TSFBZ7SYF8GEMY7D2WRJ7QWRKDMCTR9NDXJ,SP1536TSFBZ7SYF8GEMY7D2WRJ7QWRKDMCTR9NDXJ,debt,token-aeusdc,66718
9049309,granite-aeusdc,SP1536TSFBZ7SYF8GEMY7D2WRJ7QWRKDMCTR9NDXJ,SP1536TSFBZ7SYF8GEMY7D2WRJ7QWRKDMCTR9NDXJ,debt_stored,shares,43189
9049309,granite-aeusdc,SP15A48CNM9YG6EJAZT5XKM7ZGVZBCWHGEV39QGA3,SP15A48CNM9YG6EJAZT5XKM7ZGVZBCWHGEV39QGA3,collateral,sBTC,49
9049309,granite-aeusdc,SP15A48CNM9YG6EJAZT5XKM7ZGVZBCWHGEV39QGA3,SP15A48CNM9YG6EJAZT5XKM7ZGVZBCWHGEV39QGA3,debt,token-aeusdc,4
9049309,granite-aeusdc,SP15A48CNM9YG6EJAZT5XKM7ZGVZBCWHGEV39QGA3,SP15A48CNM9YG6EJAZT5XKM7ZGVZBCWHGEV39QGA3,debt_stored,shares,2
9049309,granite-aeusdc,SP15F71PTZ135MNW7ENTVERFFCNAG7Z98WRHSBNET,SP15F71PTZ135MNW7ENTVERFFCNAG7Z98WRHSBNET,collateral,sBTC,34
9049309,granite-aeusdc,SP15F71PTZ135MNW7ENTVERFFCNAG7Z98WRHSBNET,SP15F71PTZ135MNW7ENTVERFFCNAG7Z98WRHSBNET,debt,token-aeusdc,2
9049309,granite-aeusdc,SP15F71PTZ135MNW7ENTVERFFCNAG7Z98WRHSBNET,SP15F71PTZ135MNW7ENTVERFFCNAG7Z98WRHSBNET,debt_stored,shares,1
9049309,granite-aeusdc,SP15NQTJHF5QN063S6P87JRF78K4XWBFT9RZ1BVX3,SP15NQTJHF5QN063S6P87JRF78K4XWBFT9RZ1BVX3,collateral,sBTC,4978
9049309,granite-aeusdc,SP1687V0EX1SE5E9APYX2QNHTQ4598ADGRTWEP1Q6,SP1687V0EX1SE5E9APYX2QNHTQ4598ADGRTWEP1Q6,collateral,sBTC,18
9049309,granite-aeusdc,SP1687V0EX1SE5E9APYX2QNHTQ4598ADGRTWEP1Q6,SP1687V0EX1SE5E9APYX2QNHTQ4598ADGRTWEP1Q6,debt,token-aeusdc,951
9049309,granite-aeusdc,SP1687V0EX1SE5E9APYX2QNHTQ4598ADGRTWEP1Q6,SP1687V0EX1SE5E9APYX2QNHTQ4598ADGRTWEP1Q6,debt_stored,shares,615
9049309,granite-aeusdc,SP17Y608F82R6HAJ581MM88E4G1SYRQDNXW7F5A7Q,SP17Y608F82R6HAJ581MM88E4G1SYRQDNXW7F5A7Q,collateral,sBTC,10000
9049309,granite-aeusdc,SP17Y608F82R6HAJ581MM88E4G1SYRQDNXW7F5A7Q,SP17Y608F82R6HAJ581MM88E4G1SYRQDNXW7F5A7Q,debt,token-aeusdc,2267844
9049309,granite-aeusdc,SP17Y608F82R6HAJ581MM88E4G1SYRQDNXW7F5A7Q,SP17Y608F82R6HAJ581MM88E4G1SYRQDNXW7F5A7Q,debt_stored,shares,1468065
9049309,granite-aeusdc,SP18136VCEXAM4T48VE6T369S7NHPBNPCPZYPYHPX,SP18136VCEXAM4T48VE6T369S7NHPBNPCPZYPYHPX,collateral,sBTC,25
9049309,granite-aeusdc,SP18136VCEXAM4T48VE6T369S7NHPBNPCPZYPYHPX,SP18136VCEXAM4T48VE6T369S7NHPBNPCPZYPYHPX,debt,token-aeusdc,28
9049309,granite-aeusdc,SP18136VCEXAM4T48VE6T369S7NHPBNPCPZYPYHPX,SP18136VCEXAM4T48VE6T369S7NHPBNPCPZYPYHPX,debt_stored,shares,18
9049309,granite-aeusdc,SP19JRV6RAXYJFF3HPD18PMA1209VEAN50J1FVZVA,SP19JRV6RAXYJFF3HPD18PMA1209VEAN50J1FVZVA,collateral,sBTC,91
9049309,granite-aeusdc,SP19JRV6RAXYJFF3HPD18PMA1209VEAN50J1FVZVA,SP19JRV6RAXYJFF3HPD18PMA1209VEAN50J1FVZVA,debt,token-aeusdc,1462
9049309,granite-aeusdc,SP19JRV6RAXYJFF3HPD18PMA1209VEAN50J1FVZVA,SP19JRV6RAXYJFF3HPD18PMA1209VEAN50J1FVZVA,debt_stored,shares,946
9049309,granite-aeusdc,SP19KN9Z8QXS6106X4FY1FKGCS84GN0VCACVGEG1M,SP19KN9Z8QXS6106X4FY1FKGCS84GN0VCACVGEG1M,collateral,sBTC,100
9049309,granite-aeusdc,SP19KN9Z8QXS6106X4FY1FKGCS84GN0VCACVGEG1M,SP19KN9Z8QXS6106X4FY1FKGCS84GN0VCACVGEG1M,debt,token-aeusdc,7
9049309,granite-aeusdc,SP19KN9Z8QXS6106X4FY1FKGCS84GN0VCACVGEG1M,SP19KN9Z8QXS6106X4FY1FKGCS84GN0VCACVGEG1M,debt_stored,shares,4
9049309,granite-aeusdc,SP19NY5VP4922XR4K3P9DJJHS8JWM3ZKEW3G2XNW,SP19NY5VP4922XR4K3P9DJJHS8JWM3ZKEW3G2XNW,collateral,sBTC,10
9049309,granite-aeusdc,SP19NY5VP4922XR4K3P9DJJHS8JWM3ZKEW3G2XNW,SP19NY5VP4922XR4K3P9DJJHS8JWM3ZKEW3G2XNW,debt,token-aeusdc,56
9049309,granite-aeusdc,SP19NY5VP4922XR4K3P9DJJHS8JWM3ZKEW3G2XNW,SP19NY5VP4922XR4K3P9DJJHS8JWM3ZKEW3G2XNW,debt_stored,shares,36
9049309,granite-aeusdc,SP1AC38VQBJTP37R0017TT4RQ9WD16EBXPE1PY6C2,SP1AC38VQBJTP37R0017TT4RQ9WD16EBXPE1PY6C2,collateral,sBTC,100
9049309,granite-aeusdc,SP1AC38VQBJTP37R0017TT4RQ9WD16EBXPE1PY6C2,SP1AC38VQBJTP37R0017TT4RQ9WD16EBXPE1PY6C2,debt,token-aeusdc,2
9049309,granite-aeusdc,SP1AC38VQBJTP37R0017TT4RQ9WD16EBXPE1PY6C2,SP1AC38VQBJTP37R0017TT4RQ9WD16EBXPE1PY6C2,debt_stored,shares,1
9049309,granite-aeusdc,SP1ARC8PTHHY7C9P076ZHH5MM6WDWA0XP2EXKVZJE,SP1ARC8PTHHY7C9P076ZHH5MM6WDWA0XP2EXKVZJE,collateral,sBTC,86
9049309,granite-aeusdc,SP1ARC8PTHHY7C9P076ZHH5MM6WDWA0XP2EXKVZJE,SP1ARC8PTHHY7C9P076ZHH5MM6WDWA0XP2EXKVZJE,debt,token-aeusdc,2
9049309,granite-aeusdc,SP1ARC8PTHHY7C9P076ZHH5MM6WDWA0XP2EXKVZJE,SP1ARC8PTHHY7C9P076ZHH5MM6WDWA0XP2EXKVZJE,debt_stored,shares,1
9049309,granite-aeusdc,SP1BQPR680MBSPX36C8BGK8F9DMQYSVQ92KPYZ7Y4,SP1BQPR680MBSPX36C8BGK8F9DMQYSVQ92KPYZ7Y4,collateral,sBTC,18
9049309,granite-aeusdc,SP1BQPR680MBSPX36C8BGK8F9DMQYSVQ92KPYZ7Y4,SP1BQPR680MBSPX36C8BGK8F9DMQYSVQ92KPYZ7Y4,debt,token-aeusdc,833
9049309,granite-aeusdc,SP1BQPR680MBSPX36C8BGK8F9DMQYSVQ92KPYZ7Y4,SP1BQPR680MBSPX36C8BGK8F9DMQYSVQ92KPYZ7Y4,debt_stored,shares,539
9049309,granite-aeusdc,SP1C326P0GPVGTXHBF8NKEC00ZJP4Q3YPTK1H8BBK,SP1C326P0GPVGTXHBF8NKEC00ZJP4Q3YPTK1H8BBK,collateral,sBTC,91
9049309,granite-aeusdc,SP1C326P0GPVGTXHBF8NKEC00ZJP4Q3YPTK1H8BBK,SP1C326P0GPVGTXHBF8NKEC00ZJP4Q3YPTK1H8BBK,debt,token-aeusdc,2
9049309,granite-aeusdc,SP1C326P0GPVGTXHBF8NKEC00ZJP4Q3YPTK1H8BBK,SP1C326P0GPVGTXHBF8NKEC00ZJP4Q3YPTK1H8BBK,debt_stored,shares,1
9049309,granite-aeusdc,SP1CJTRQ7TK1B1PH4FS9HVQZ9JQ39714SD6DG165V,SP1CJTRQ7TK1B1PH4FS9HVQZ9JQ39714SD6DG165V,collateral,sBTC,19
9049309,granite-aeusdc,SP1CJTRQ7TK1B1PH4FS9HVQZ9JQ39714SD6DG165V,SP1CJTRQ7TK1B1PH4FS9HVQZ9JQ39714SD6DG165V,debt,token-aeusdc,1706
9049309,granite-aeusdc,SP1CJTRQ7TK1B1PH4FS9HVQZ9JQ39714SD6DG165V,SP1CJTRQ7TK1B1PH4FS9HVQZ9JQ39714SD6DG165V,debt_stored,shares,1104
9049309,granite-aeusdc,SP1CPWR7BEP7NRG0T2JXS5KY0Z4QH1T313EW8932,SP1CPWR7BEP7NRG0T2JXS5KY0Z4QH1T313EW8932,collateral,sBTC,71
9049309,granite-aeusdc,SP1CPWR7BEP7NRG0T2JXS5KY0Z4QH1T313EW8932,SP1CPWR7BEP7NRG0T2JXS5KY0Z4QH1T313EW8932,debt,token-aeusdc,7
9049309,granite-aeusdc,SP1CPWR7BEP7NRG0T2JXS5KY0Z4QH1T313EW8932,SP1CPWR7BEP7NRG0T2JXS5KY0Z4QH1T313EW8932,debt_stored,shares,4
9049309,granite-aeusdc,SP1DKGF8Z3S3RMFPQBNK3SCFA4M4K260718GBR495,SP1DKGF8Z3S3RMFPQBNK3SCFA4M4K260718GBR495,collateral,sBTC,60
9049309,granite-aeusdc,SP1DKGF8Z3S3RMFPQBNK3SCFA4M4K260718GBR495,SP1DKGF8Z3S3RMFPQBNK3SCFA4M4K260718GBR495,debt,token-aeusdc,2
9049309,granite-aeusdc,SP1DKGF8Z3S3RMFPQBNK3SCFA4M4K260718GBR495,SP1DKGF8Z3S3RMFPQBNK3SCFA4M4K260718GBR495,debt_stored,shares,1
9049309,granite-aeusdc,SP1EGM42GJSPY9QPCCNXG8SSKED03G764HEP1CHED,SP1EGM42GJSPY9QPCCNXG8SSKED03G764HEP1CHED,collateral,sBTC,49
9049309,granite-aeusdc,SP1EGM42GJSPY9QPCCNXG8SSKED03G764HEP1CHED,SP1EGM42GJSPY9QPCCNXG8SSKED03G764HEP1CHED,debt,token-aeusdc,2
9049309,granite-aeusdc,SP1EGM42GJSPY9QPCCNXG8SSKED03G764HEP1CHED,SP1EGM42GJSPY9QPCCNXG8SSKED03G764HEP1CHED,debt_stored,shares,1
9049309,granite-aeusdc,SP1H9A5ZAVD2TTT7GSH5KYEYG5H94T15PS10KQJRF,SP1H9A5ZAVD2TTT7GSH5KYEYG5H94T15PS10KQJRF,collateral,sBTC,100
9049309,granite-aeusdc,SP1H9A5ZAVD2TTT7GSH5KYEYG5H94T15PS10KQJRF,SP1H9A5ZAVD2TTT7GSH5KYEYG5H94T15PS10KQJRF,debt,token-aeusdc,2
9049309,granite-aeusdc,SP1H9A5ZAVD2TTT7GSH5KYEYG5H94T15PS10KQJRF,SP1H9A5ZAVD2TTT7GSH5KYEYG5H94T15PS10KQJRF,debt_stored,shares,1
9049309,granite-aeusdc,SP1J79YZTX747WWHSNJM84K1586W5ZNZ8JY9J5WFN,SP1J79YZTX747WWHSNJM84K1586W5ZNZ8JY9J5WFN,collateral,sBTC,18945
9049309,granite-aeusdc,SP1J79YZTX747WWHSNJM84K1586W5ZNZ8JY9J5WFN,SP1J79YZTX747WWHSNJM84K1586W5ZNZ8JY9J5WFN,debt,token-aeusdc,7927289
9049309,granite-aeusdc,SP1J79YZTX747WWHSNJM84K1586W5ZNZ8JY9J5WFN,SP1J79YZTX747WWHSNJM84K1586W5ZNZ8JY9J5WFN,debt_stored,shares,5131648
9049309,granite-aeusdc,SP1JB6RQMGP3Q33NG2ZBN17CJRAJXWJDPJ9SJZ7Q5,SP1JB6RQMGP3Q33NG2ZBN17CJRAJXWJDPJ9SJZ7Q5,collateral,sBTC,56
9049309,granite-aeusdc,SP1JB6RQMGP3Q33NG2ZBN17CJRAJXWJDPJ9SJZ7Q5,SP1JB6RQMGP3Q33NG2ZBN17CJRAJXWJDPJ9SJZ7Q5,debt,token-aeusdc,1806
9049309,granite-aeusdc,SP1JB6RQMGP3Q33NG2ZBN17CJRAJXWJDPJ9SJZ7Q5,SP1JB6RQMGP3Q33NG2ZBN17CJRAJXWJDPJ9SJZ7Q5,debt_stored,shares,1169
9049309,granite-aeusdc,SP1JNBD5CS0JD1WCJBY1XDNMS7J48N0RC1DHRXCSA,SP1JNBD5CS0JD1WCJBY1XDNMS7J48N0RC1DHRXCSA,collateral,sBTC,30
9049309,granite-aeusdc,SP1JNBD5CS0JD1WCJBY1XDNMS7J48N0RC1DHRXCSA,SP1JNBD5CS0JD1WCJBY1XDNMS7J48N0RC1DHRXCSA,debt,token-aeusdc,2
9049309,granite-aeusdc,SP1JNBD5CS0JD1WCJBY1XDNMS7J48N0RC1DHRXCSA,SP1JNBD5CS0JD1WCJBY1XDNMS7J48N0RC1DHRXCSA,debt_stored,shares,1
9049309,granite-aeusdc,SP1K092RK0FVE8XTMH6T8YHJM4Z06X5CKKRXD9P78,SP1K092RK0FVE8XTMH6T8YHJM4Z06X5CKKRXD9P78,collateral,sBTC,68
9049309,granite-aeusdc,SP1K092RK0FVE8XTMH6T8YHJM4Z06X5CKKRXD9P78,SP1K092RK0FVE8XTMH6T8YHJM4Z06X5CKKRXD9P78,debt,token-aeusdc,2
9049309,granite-aeusdc,SP1K092RK0FVE8XTMH6T8YHJM4Z06X5CKKRXD9P78,SP1K092RK0FVE8XTMH6T8YHJM4Z06X5CKKRXD9P78,debt_stored,shares,1
9049309,granite-aeusdc,SP1K78P0K99DT9QXJD0K2HA5EYFN2K0M5645DVEEC,SP1K78P0K99DT9QXJD0K2HA5EYFN2K0M5645DVEEC,collateral,sBTC,8
9049309,granite-aeusdc,SP1K78P0K99DT9QXJD0K2HA5EYFN2K0M5645DVEEC,SP1K78P0K99DT9QXJD0K2HA5EYFN2K0M5645DVEEC,debt,token-aeusdc,1777
9049309,granite-aeusdc,SP1K78P0K99DT9QXJD0K2HA5EYFN2K0M5645DVEEC,SP1K78P0K99DT9QXJD0K2HA5EYFN2K0M5645DVEEC,debt_stored,shares,1150
9049309,granite-aeusdc,SP1K7QH9K7QPY3T6GTYVFG98NVD7ZHGMAT97VKW0,SP1K7QH9K7QPY3T6GTYVFG98NVD7ZHGMAT97VKW0,collateral,sBTC,112
9049309,granite-aeusdc,SP1K7QH9K7QPY3T6GTYVFG98NVD7ZHGMAT97VKW0,SP1K7QH9K7QPY3T6GTYVFG98NVD7ZHGMAT97VKW0,debt,token-aeusdc,32918
9049309,granite-aeusdc,SP1K7QH9K7QPY3T6GTYVFG98NVD7ZHGMAT97VKW0,SP1K7QH9K7QPY3T6GTYVFG98NVD7ZHGMAT97VKW0,debt_stored,shares,21309
9049309,granite-aeusdc,SP1KAVMBCAHJQYFZN5TT56XR1RJGCVTDFBMSSBYKW,SP1KAVMBCAHJQYFZN5TT56XR1RJGCVTDFBMSSBYKW,collateral,sBTC,100
9049309,granite-aeusdc,SP1KAVMBCAHJQYFZN5TT56XR1RJGCVTDFBMSSBYKW,SP1KAVMBCAHJQYFZN5TT56XR1RJGCVTDFBMSSBYKW,debt,token-aeusdc,2
9049309,granite-aeusdc,SP1KAVMBCAHJQYFZN5TT56XR1RJGCVTDFBMSSBYKW,SP1KAVMBCAHJQYFZN5TT56XR1RJGCVTDFBMSSBYKW,debt_stored,shares,1
9049309,granite-aeusdc,SP1KD2BS98HCAEZQB3A4AXNS2KNAFTXF2CTJBQWF6,SP1KD2BS98HCAEZQB3A4AXNS2KNAFTXF2CTJBQWF6,collateral,sBTC,207
9049309,granite-aeusdc,SP1KD2BS98HCAEZQB3A4AXNS2KNAFTXF2CTJBQWF6,SP1KD2BS98HCAEZQB3A4AXNS2KNAFTXF2CTJBQWF6,debt,token-aeusdc,77556
9049309,granite-aeusdc,SP1KD2BS98HCAEZQB3A4AXNS2KNAFTXF2CTJBQWF6,SP1KD2BS98HCAEZQB3A4AXNS2KNAFTXF2CTJBQWF6,debt_stored,shares,50205
9049309,granite-aeusdc,SP1M4N6YS1FKT75K7J449G6Q2TNZW3EEG1304D8J0,SP1M4N6YS1FKT75K7J449G6Q2TNZW3EEG1304D8J0,collateral,sBTC,87
9049309,granite-aeusdc,SP1M4N6YS1FKT75K7J449G6Q2TNZW3EEG1304D8J0,SP1M4N6YS1FKT75K7J449G6Q2TNZW3EEG1304D8J0,debt,token-aeusdc,7
9049309,granite-aeusdc,SP1M4N6YS1FKT75K7J449G6Q2TNZW3EEG1304D8J0,SP1M4N6YS1FKT75K7J449G6Q2TNZW3EEG1304D8J0,debt_stored,shares,4
9049309,granite-aeusdc,SP1NFT6BYY40QW6F4WG9ZAEX082F0X6CGAKCAHK3G,SP1NFT6BYY40QW6F4WG9ZAEX082F0X6CGAKCAHK3G,collateral,sBTC,100
9049309,granite-aeusdc,SP1NFT6BYY40QW6F4WG9ZAEX082F0X6CGAKCAHK3G,SP1NFT6BYY40QW6F4WG9ZAEX082F0X6CGAKCAHK3G,debt,token-aeusdc,12363
9049309,granite-aeusdc,SP1NFT6BYY40QW6F4WG9ZAEX082F0X6CGAKCAHK3G,SP1NFT6BYY40QW6F4WG9ZAEX082F0X6CGAKCAHK3G,debt_stored,shares,8003
9049309,granite-aeusdc,SP1NP8CYY1XE9ZB132WFY33HS0EA692Y0V2XBNWPF,SP1NP8CYY1XE9ZB132WFY33HS0EA692Y0V2XBNWPF,collateral,sBTC,102
9049309,granite-aeusdc,SP1NP8CYY1XE9ZB132WFY33HS0EA692Y0V2XBNWPF,SP1NP8CYY1XE9ZB132WFY33HS0EA692Y0V2XBNWPF,debt,token-aeusdc,41
9049309,granite-aeusdc,SP1NP8CYY1XE9ZB132WFY33HS0EA692Y0V2XBNWPF,SP1NP8CYY1XE9ZB132WFY33HS0EA692Y0V2XBNWPF,debt_stored,shares,26
9049309,granite-aeusdc,SP1PHM9RRFFD55WPK023BPHXN70WD1JETHK40B67B,SP1PHM9RRFFD55WPK023BPHXN70WD1JETHK40B67B,collateral,sBTC,78
9049309,granite-aeusdc,SP1PHM9RRFFD55WPK023BPHXN70WD1JETHK40B67B,SP1PHM9RRFFD55WPK023BPHXN70WD1JETHK40B67B,debt,token-aeusdc,4
9049309,granite-aeusdc,SP1PHM9RRFFD55WPK023BPHXN70WD1JETHK40B67B,SP1PHM9RRFFD55WPK023BPHXN70WD1JETHK40B67B,debt_stored,shares,2
9049309,granite-aeusdc,SP1PR3H2YBAX87FP3FWDT2X274BXX43W93TK5DZWT,SP1PR3H2YBAX87FP3FWDT2X274BXX43W93TK5DZWT,collateral,sBTC,99
9049309,granite-aeusdc,SP1PR3H2YBAX87FP3FWDT2X274BXX43W93TK5DZWT,SP1PR3H2YBAX87FP3FWDT2X274BXX43W93TK5DZWT,debt,token-aeusdc,2
9049309,granite-aeusdc,SP1PR3H2YBAX87FP3FWDT2X274BXX43W93TK5DZWT,SP1PR3H2YBAX87FP3FWDT2X274BXX43W93TK5DZWT,debt_stored,shares,1
9049309,granite-aeusdc,SP1Q5XXZBERQZMGSVG72PCXT2EJVQPTS8K3DXE7FY,SP1Q5XXZBERQZMGSVG72PCXT2EJVQPTS8K3DXE7FY,collateral,sBTC,36
9049309,granite-aeusdc,SP1Q5XXZBERQZMGSVG72PCXT2EJVQPTS8K3DXE7FY,SP1Q5XXZBERQZMGSVG72PCXT2EJVQPTS8K3DXE7FY,debt,token-aeusdc,2
9049309,granite-aeusdc,SP1Q5XXZBERQZMGSVG72PCXT2EJVQPTS8K3DXE7FY,SP1Q5XXZBERQZMGSVG72PCXT2EJVQPTS8K3DXE7FY,debt_stored,shares,1
9049309,granite-aeusdc,SP1RB4ZYT06DCQG420RJ249Z8V0SA6P1K4TJR4ABN,SP1RB4ZYT06DCQG420RJ249Z8V0SA6P1K4TJR4ABN,collateral,sBTC,100
9049309,granite-aeusdc,SP1RB4ZYT06DCQG420RJ249Z8V0SA6P1K4TJR4ABN,SP1RB4ZYT06DCQG420RJ249Z8V0SA6P1K4TJR4ABN,debt,token-aeusdc,11
9049309,granite-aeusdc,SP1RB4ZYT06DCQG420RJ249Z8V0SA6P1K4TJR4ABN,SP1RB4ZYT06DCQG420RJ249Z8V0SA6P1K4TJR4ABN,debt_stored,shares,7
9049309,granite-aeusdc,SP1RF3QMV4M9GE2NWCSSYNYT3WQY9H34WN21SNPEK,SP1RF3QMV4M9GE2NWCSSYNYT3WQY9H34WN21SNPEK,collateral,sBTC,100
9049309,granite-aeusdc,SP1RF3QMV4M9GE2NWCSSYNYT3WQY9H34WN21SNPEK,SP1RF3QMV4M9GE2NWCSSYNYT3WQY9H34WN21SNPEK,debt,token-aeusdc,4
9049309,granite-aeusdc,SP1RF3QMV4M9GE2NWCSSYNYT3WQY9H34WN21SNPEK,SP1RF3QMV4M9GE2NWCSSYNYT3WQY9H34WN21SNPEK,debt_stored,shares,2
9049309,granite-aeusdc,SP1RNRWWNY052GAT7B3E8S3TWM7D7MRP6HPEDF215,SP1RNRWWNY052GAT7B3E8S3TWM7D7MRP6HPEDF215,collateral,sBTC,1762
9049309,granite-aeusdc,SP1RZK8N9VV9GSCBE0HE1AR2G0QPKBSDEGCNTN9KH,SP1RZK8N9VV9GSCBE0HE1AR2G0QPKBSDEGCNTN9KH,collateral,sBTC,18
9049309,granite-aeusdc,SP1RZK8N9VV9GSCBE0HE1AR2G0QPKBSDEGCNTN9KH,SP1RZK8N9VV9GSCBE0HE1AR2G0QPKBSDEGCNTN9KH,debt,token-aeusdc,1683
9049309,granite-aeusdc,SP1RZK8N9VV9GSCBE0HE1AR2G0QPKBSDEGCNTN9KH,SP1RZK8N9VV9GSCBE0HE1AR2G0QPKBSDEGCNTN9KH,debt_stored,shares,1089
9049309,granite-aeusdc,SP1SB8TQQPPSHXSK2BYSTDVMNX9HVC7FBAWEXNK6K,SP1SB8TQQPPSHXSK2BYSTDVMNX9HVC7FBAWEXNK6K,collateral,sBTC,100
9049309,granite-aeusdc,SP1SB8TQQPPSHXSK2BYSTDVMNX9HVC7FBAWEXNK6K,SP1SB8TQQPPSHXSK2BYSTDVMNX9HVC7FBAWEXNK6K,debt,token-aeusdc,2
9049309,granite-aeusdc,SP1SB8TQQPPSHXSK2BYSTDVMNX9HVC7FBAWEXNK6K,SP1SB8TQQPPSHXSK2BYSTDVMNX9HVC7FBAWEXNK6K,debt_stored,shares,1
9049309,granite-aeusdc,SP1SKK956EZW61ZKHVYVZFKV1ZTYP1BJDR33TKK6S,SP1SKK956EZW61ZKHVYVZFKV1ZTYP1BJDR33TKK6S,collateral,sBTC,77
9049309,granite-aeusdc,SP1SKK956EZW61ZKHVYVZFKV1ZTYP1BJDR33TKK6S,SP1SKK956EZW61ZKHVYVZFKV1ZTYP1BJDR33TKK6S,debt,token-aeusdc,2
9049309,granite-aeusdc,SP1SKK956EZW61ZKHVYVZFKV1ZTYP1BJDR33TKK6S,SP1SKK956EZW61ZKHVYVZFKV1ZTYP1BJDR33TKK6S,debt_stored,shares,1
9049309,granite-aeusdc,SP1SMVA05CGXCZRF9STPRCHN4E48H535HCWYMV7GJ,SP1SMVA05CGXCZRF9STPRCHN4E48H535HCWYMV7GJ,collateral,sBTC,7
9049309,granite-aeusdc,SP1SMVA05CGXCZRF9STPRCHN4E48H535HCWYMV7GJ,SP1SMVA05CGXCZRF9STPRCHN4E48H535HCWYMV7GJ,debt,token-aeusdc,2395
9049309,granite-aeusdc,SP1SMVA05CGXCZRF9STPRCHN4E48H535HCWYMV7GJ,SP1SMVA05CGXCZRF9STPRCHN4E48H535HCWYMV7GJ,debt_stored,shares,1550
9049309,granite-aeusdc,SP1SXWV30T4NTJ3Z7AAPQSD3QQXB4TFVMQT4C6MQZ,SP1SXWV30T4NTJ3Z7AAPQSD3QQXB4TFVMQT4C6MQZ,collateral,sBTC,100
9049309,granite-aeusdc,SP1SXWV30T4NTJ3Z7AAPQSD3QQXB4TFVMQT4C6MQZ,SP1SXWV30T4NTJ3Z7AAPQSD3QQXB4TFVMQT4C6MQZ,debt,token-aeusdc,5
9049309,granite-aeusdc,SP1SXWV30T4NTJ3Z7AAPQSD3QQXB4TFVMQT4C6MQZ,SP1SXWV30T4NTJ3Z7AAPQSD3QQXB4TFVMQT4C6MQZ,debt_stored,shares,3
9049309,granite-aeusdc,SP1T3H7CVZK3AXR1F1VZGR1XPXD1T5X8RNCMF57CD,SP1T3H7CVZK3AXR1F1VZGR1XPXD1T5X8RNCMF57CD,collateral,sBTC,48
9049309,granite-aeusdc,SP1T3H7CVZK3AXR1F1VZGR1XPXD1T5X8RNCMF57CD,SP1T3H7CVZK3AXR1F1VZGR1XPXD1T5X8RNCMF57CD,debt,token-aeusdc,1797
9049309,granite-aeusdc,SP1T3H7CVZK3AXR1F1VZGR1XPXD1T5X8RNCMF57CD,SP1T3H7CVZK3AXR1F1VZGR1XPXD1T5X8RNCMF57CD,debt_stored,shares,1163
9049309,granite-aeusdc,SP1TCA7QER9J9NKCKBB78K48TADDFC2GXYM3QQV3X,SP1TCA7QER9J9NKCKBB78K48TADDFC2GXYM3QQV3X,collateral,sBTC,470255
9049309,granite-aeusdc,SP1THWE2H3KMCJ3P5TACHTBM7P192XY65W4MX476V,SP1THWE2H3KMCJ3P5TACHTBM7P192XY65W4MX476V,collateral,sBTC,100
9049309,granite-aeusdc,SP1THWE2H3KMCJ3P5TACHTBM7P192XY65W4MX476V,SP1THWE2H3KMCJ3P5TACHTBM7P192XY65W4MX476V,debt,token-aeusdc,2
9049309,granite-aeusdc,SP1THWE2H3KMCJ3P5TACHTBM7P192XY65W4MX476V,SP1THWE2H3KMCJ3P5TACHTBM7P192XY65W4MX476V,debt_stored,shares,1
9049309,granite-aeusdc,SP1V1BS06A7PGHTRHMW9ZZMYVRAJGKNE7F215YVER,SP1V1BS06A7PGHTRHMW9ZZMYVRAJGKNE7F215YVER,collateral,sBTC,12110
9049309,granite-aeusdc,SP1V1BS06A7PGHTRHMW9ZZMYVRAJGKNE7F215YVER,SP1V1BS06A7PGHTRHMW9ZZMYVRAJGKNE7F215YVER,debt,token-aeusdc,35188
9049309,granite-aeusdc,SP1V1BS06A7PGHTRHMW9ZZMYVRAJGKNE7F215YVER,SP1V1BS06A7PGHTRHMW9ZZMYVRAJGKNE7F215YVER,debt_stored,shares,22778
9049309,granite-aeusdc,SP1VNKAB9759YBQ4ZERKRDNDVX24ZKP3RZK96FAJ3,SP1VNKAB9759YBQ4ZERKRDNDVX24ZKP3RZK96FAJ3,collateral,sBTC,87
9049309,granite-aeusdc,SP1VNKAB9759YBQ4ZERKRDNDVX24ZKP3RZK96FAJ3,SP1VNKAB9759YBQ4ZERKRDNDVX24ZKP3RZK96FAJ3,debt,token-aeusdc,289
9049309,granite-aeusdc,SP1VNKAB9759YBQ4ZERKRDNDVX24ZKP3RZK96FAJ3,SP1VNKAB9759YBQ4ZERKRDNDVX24ZKP3RZK96FAJ3,debt_stored,shares,187
9049309,granite-aeusdc,SP1WVAK9FTYF89BJXDKDSW2KBTC1266C5DCSK4494,SP1WVAK9FTYF89BJXDKDSW2KBTC1266C5DCSK4494,collateral,sBTC,1388
9049309,granite-aeusdc,SP1XESTNST2W003KY4ZH3RJRAF7FBYK5PPWQ70NZC,SP1XESTNST2W003KY4ZH3RJRAF7FBYK5PPWQ70NZC,collateral,sBTC,121
9049309,granite-aeusdc,SP1XESTNST2W003KY4ZH3RJRAF7FBYK5PPWQ70NZC,SP1XESTNST2W003KY4ZH3RJRAF7FBYK5PPWQ70NZC,debt,token-aeusdc,15334
9049309,granite-aeusdc,SP1XESTNST2W003KY4ZH3RJRAF7FBYK5PPWQ70NZC,SP1XESTNST2W003KY4ZH3RJRAF7FBYK5PPWQ70NZC,debt_stored,shares,9926
9049309,granite-aeusdc,SP1XFE0A0TW2KZVCJZ7KTZBARSW01RN34RKZEWN6D,SP1XFE0A0TW2KZVCJZ7KTZBARSW01RN34RKZEWN6D,collateral,sBTC,100
9049309,granite-aeusdc,SP1XFE0A0TW2KZVCJZ7KTZBARSW01RN34RKZEWN6D,SP1XFE0A0TW2KZVCJZ7KTZBARSW01RN34RKZEWN6D,debt,token-aeusdc,2
9049309,granite-aeusdc,SP1XFE0A0TW2KZVCJZ7KTZBARSW01RN34RKZEWN6D,SP1XFE0A0TW2KZVCJZ7KTZBARSW01RN34RKZEWN6D,debt_stored,shares,1
9049309,granite-aeusdc,SP1XT055HFDYNNQC4FWX7JFXF9X4QBW84MRJQCYM1,SP1XT055HFDYNNQC4FWX7JFXF9X4QBW84MRJQCYM1,collateral,sBTC,100
9049309,granite-aeusdc,SP1XT055HFDYNNQC4FWX7JFXF9X4QBW84MRJQCYM1,SP1XT055HFDYNNQC4FWX7JFXF9X4QBW84MRJQCYM1,debt,token-aeusdc,2146
9049309,granite-aeusdc,SP1XT055HFDYNNQC4FWX7JFXF9X4QBW84MRJQCYM1,SP1XT055HFDYNNQC4FWX7JFXF9X4QBW84MRJQCYM1,debt_stored,shares,1389
9049309,granite-aeusdc,SP1XXXRE9T8553D3RH1J2HVX5G9FB9KSCGV4EFETK,SP1XXXRE9T8553D3RH1J2HVX5G9FB9KSCGV4EFETK,collateral,sBTC,46
9049309,granite-aeusdc,SP1XXXRE9T8553D3RH1J2HVX5G9FB9KSCGV4EFETK,SP1XXXRE9T8553D3RH1J2HVX5G9FB9KSCGV4EFETK,debt,token-aeusdc,1780
9049309,granite-aeusdc,SP1XXXRE9T8553D3RH1J2HVX5G9FB9KSCGV4EFETK,SP1XXXRE9T8553D3RH1J2HVX5G9FB9KSCGV4EFETK,debt_stored,shares,1152
9049309,granite-aeusdc,SP1XZGFQRK6EZ7CF16NWPMVTBDBSH123KMYTK969J,SP1XZGFQRK6EZ7CF16NWPMVTBDBSH123KMYTK969J,collateral,sBTC,17
9049309,granite-aeusdc,SP1XZGFQRK6EZ7CF16NWPMVTBDBSH123KMYTK969J,SP1XZGFQRK6EZ7CF16NWPMVTBDBSH123KMYTK969J,debt,token-aeusdc,19
9049309,granite-aeusdc,SP1XZGFQRK6EZ7CF16NWPMVTBDBSH123KMYTK969J,SP1XZGFQRK6EZ7CF16NWPMVTBDBSH123KMYTK969J,debt_stored,shares,12
9049309,granite-aeusdc,SP1Y2EEKA46TCT09QN02ZHT8GDDP3WF56H8DMRKX1,SP1Y2EEKA46TCT09QN02ZHT8GDDP3WF56H8DMRKX1,collateral,sBTC,26
9049309,granite-aeusdc,SP1Y2EEKA46TCT09QN02ZHT8GDDP3WF56H8DMRKX1,SP1Y2EEKA46TCT09QN02ZHT8GDDP3WF56H8DMRKX1,debt,token-aeusdc,4
9049309,granite-aeusdc,SP1Y2EEKA46TCT09QN02ZHT8GDDP3WF56H8DMRKX1,SP1Y2EEKA46TCT09QN02ZHT8GDDP3WF56H8DMRKX1,debt_stored,shares,2
9049309,granite-aeusdc,SP1Y3VX4DC6RZ3FWZ75392XXW6ZPW6Y7JVCM0FQFZ,SP1Y3VX4DC6RZ3FWZ75392XXW6ZPW6Y7JVCM0FQFZ,collateral,sBTC,50
9049309,granite-aeusdc,SP1Y3VX4DC6RZ3FWZ75392XXW6ZPW6Y7JVCM0FQFZ,SP1Y3VX4DC6RZ3FWZ75392XXW6ZPW6Y7JVCM0FQFZ,debt,token-aeusdc,4
9049309,granite-aeusdc,SP1Y3VX4DC6RZ3FWZ75392XXW6ZPW6Y7JVCM0FQFZ,SP1Y3VX4DC6RZ3FWZ75392XXW6ZPW6Y7JVCM0FQFZ,debt_stored,shares,2
9049309,granite-aeusdc,SP1Y5S7Y8R3FBEVD4NFDVYGVXQSKCCQGJEH1XWSF0,SP1Y5S7Y8R3FBEVD4NFDVYGVXQSKCCQGJEH1XWSF0,collateral,sBTC,241
9049309,granite-aeusdc,SP1YA7KZAPMFCKSA3NJ1PJH6S73WQY69EFRB36F2P,SP1YA7KZAPMFCKSA3NJ1PJH6S73WQY69EFRB36F2P,collateral,sBTC,100
9049309,granite-aeusdc,SP1YA7KZAPMFCKSA3NJ1PJH6S73WQY69EFRB36F2P,SP1YA7KZAPMFCKSA3NJ1PJH6S73WQY69EFRB36F2P,debt,token-aeusdc,33
9049309,granite-aeusdc,SP1YA7KZAPMFCKSA3NJ1PJH6S73WQY69EFRB36F2P,SP1YA7KZAPMFCKSA3NJ1PJH6S73WQY69EFRB36F2P,debt_stored,shares,21
9049309,granite-aeusdc,SP1Z6G9SS15AWYP8YP66SRDM4PGZHHEXDKCZK1Y6J,SP1Z6G9SS15AWYP8YP66SRDM4PGZHHEXDKCZK1Y6J,collateral,sBTC,67
9049309,granite-aeusdc,SP1Z6G9SS15AWYP8YP66SRDM4PGZHHEXDKCZK1Y6J,SP1Z6G9SS15AWYP8YP66SRDM4PGZHHEXDKCZK1Y6J,debt,token-aeusdc,1457
9049309,granite-aeusdc,SP1Z6G9SS15AWYP8YP66SRDM4PGZHHEXDKCZK1Y6J,SP1Z6G9SS15AWYP8YP66SRDM4PGZHHEXDKCZK1Y6J,debt_stored,shares,943
9049309,granite-aeusdc,SP1Z6XQ2PF10A7P7Y87RNK1R3QX0V9KC9VKAV3BRV,SP1Z6XQ2PF10A7P7Y87RNK1R3QX0V9KC9VKAV3BRV,collateral,sBTC,100
9049309,granite-aeusdc,SP1Z6XQ2PF10A7P7Y87RNK1R3QX0V9KC9VKAV3BRV,SP1Z6XQ2PF10A7P7Y87RNK1R3QX0V9KC9VKAV3BRV,debt,token-aeusdc,2
9049309,granite-aeusdc,SP1Z6XQ2PF10A7P7Y87RNK1R3QX0V9KC9VKAV3BRV,SP1Z6XQ2PF10A7P7Y87RNK1R3QX0V9KC9VKAV3BRV,debt_stored,shares,1
9049309,granite-aeusdc,SP1ZENTH44EFJJM1867F79GC6NW5AGXEPCHED2811,SP1ZENTH44EFJJM1867F79GC6NW5AGXEPCHED2811,collateral,sBTC,6242164
9049309,granite-aeusdc,SP1ZENTH44EFJJM1867F79GC6NW5AGXEPCHED2811,SP1ZENTH44EFJJM1867F79GC6NW5AGXEPCHED2811,debt,token-aeusdc,2583312744
9049309,granite-aeusdc,SP1ZENTH44EFJJM1867F79GC6NW5AGXEPCHED2811,SP1ZENTH44EFJJM1867F79GC6NW5AGXEPCHED2811,debt_stored,shares,1672280650
9049309,granite-aeusdc,SP21E9YFCDHFA098Q82PS9MARFV74124PYJQ319SD,SP21E9YFCDHFA098Q82PS9MARFV74124PYJQ319SD,collateral,sBTC,65
9049309,granite-aeusdc,SP21E9YFCDHFA098Q82PS9MARFV74124PYJQ319SD,SP21E9YFCDHFA098Q82PS9MARFV74124PYJQ319SD,debt,token-aeusdc,2
9049309,granite-aeusdc,SP21E9YFCDHFA098Q82PS9MARFV74124PYJQ319SD,SP21E9YFCDHFA098Q82PS9MARFV74124PYJQ319SD,debt_stored,shares,1
9049309,granite-aeusdc,SP21HS9P4PNHJ1GRZ8A4AFXD3JM432B416SAVM3EC,SP21HS9P4PNHJ1GRZ8A4AFXD3JM432B416SAVM3EC,collateral,sBTC,23
9049309,granite-aeusdc,SP21HS9P4PNHJ1GRZ8A4AFXD3JM432B416SAVM3EC,SP21HS9P4PNHJ1GRZ8A4AFXD3JM432B416SAVM3EC,debt,token-aeusdc,2
9049309,granite-aeusdc,SP21HS9P4PNHJ1GRZ8A4AFXD3JM432B416SAVM3EC,SP21HS9P4PNHJ1GRZ8A4AFXD3JM432B416SAVM3EC,debt_stored,shares,1
9049309,granite-aeusdc,SP21ST5MTGH478AFW1CC38QJB9BJKWCS9NGZK741F,SP21ST5MTGH478AFW1CC38QJB9BJKWCS9NGZK741F,collateral,sBTC,100
9049309,granite-aeusdc,SP21ST5MTGH478AFW1CC38QJB9BJKWCS9NGZK741F,SP21ST5MTGH478AFW1CC38QJB9BJKWCS9NGZK741F,debt,token-aeusdc,241
9049309,granite-aeusdc,SP21ST5MTGH478AFW1CC38QJB9BJKWCS9NGZK741F,SP21ST5MTGH478AFW1CC38QJB9BJKWCS9NGZK741F,debt_stored,shares,156
9049309,granite-aeusdc,SP22544HM6M3384S1ZANQ9WCVW0FX6R34QPEGW4JR,SP22544HM6M3384S1ZANQ9WCVW0FX6R34QPEGW4JR,collateral,sBTC,19
9049309,granite-aeusdc,SP22544HM6M3384S1ZANQ9WCVW0FX6R34QPEGW4JR,SP22544HM6M3384S1ZANQ9WCVW0FX6R34QPEGW4JR,debt,token-aeusdc,1737
9049309,granite-aeusdc,SP22544HM6M3384S1ZANQ9WCVW0FX6R34QPEGW4JR,SP22544HM6M3384S1ZANQ9WCVW0FX6R34QPEGW4JR,debt_stored,shares,1124
9049309,granite-aeusdc,SP235T4QMFY3SEFMEMFTXF36G840QFBVTJJYJZYEF,SP235T4QMFY3SEFMEMFTXF36G840QFBVTJJYJZYEF,collateral,sBTC,151800
9049309,granite-aeusdc,SP236FFCREY39JKPS8N3JPG2HRHA7YM3Z21J5PVC3,SP236FFCREY39JKPS8N3JPG2HRHA7YM3Z21J5PVC3,collateral,sBTC,91
9049309,granite-aeusdc,SP236FFCREY39JKPS8N3JPG2HRHA7YM3Z21J5PVC3,SP236FFCREY39JKPS8N3JPG2HRHA7YM3Z21J5PVC3,debt,token-aeusdc,889
9049309,granite-aeusdc,SP236FFCREY39JKPS8N3JPG2HRHA7YM3Z21J5PVC3,SP236FFCREY39JKPS8N3JPG2HRHA7YM3Z21J5PVC3,debt_stored,shares,575
9049309,granite-aeusdc,SP23ZYQ1EGJHTR84X0GB2QN6GWM2MRB249C6E495Q,SP23ZYQ1EGJHTR84X0GB2QN6GWM2MRB249C6E495Q,collateral,sBTC,63
9049309,granite-aeusdc,SP23ZYQ1EGJHTR84X0GB2QN6GWM2MRB249C6E495Q,SP23ZYQ1EGJHTR84X0GB2QN6GWM2MRB249C6E495Q,debt,token-aeusdc,2
9049309,granite-aeusdc,SP23ZYQ1EGJHTR84X0GB2QN6GWM2MRB249C6E495Q,SP23ZYQ1EGJHTR84X0GB2QN6GWM2MRB249C6E495Q,debt_stored,shares,1
9049309,granite-aeusdc,SP246Y5E7M9P0KNWV0HR4HRTSWNJ89D78ZSYG75GT,SP246Y5E7M9P0KNWV0HR4HRTSWNJ89D78ZSYG75GT,collateral,sBTC,70
9049309,granite-aeusdc,SP246Y5E7M9P0KNWV0HR4HRTSWNJ89D78ZSYG75GT,SP246Y5E7M9P0KNWV0HR4HRTSWNJ89D78ZSYG75GT,debt,token-aeusdc,4
9049309,granite-aeusdc,SP246Y5E7M9P0KNWV0HR4HRTSWNJ89D78ZSYG75GT,SP246Y5E7M9P0KNWV0HR4HRTSWNJ89D78ZSYG75GT,debt_stored,shares,2
9049309,granite-aeusdc,SP248SCQSMC79C0WTWEW72K3563F7ZGAP5CT9MZP1,SP248SCQSMC79C0WTWEW72K3563F7ZGAP5CT9MZP1,collateral,sBTC,100
9049309,granite-aeusdc,SP248SCQSMC79C0WTWEW72K3563F7ZGAP5CT9MZP1,SP248SCQSMC79C0WTWEW72K3563F7ZGAP5CT9MZP1,debt,token-aeusdc,2
9049309,granite-aeusdc,SP248SCQSMC79C0WTWEW72K3563F7ZGAP5CT9MZP1,SP248SCQSMC79C0WTWEW72K3563F7ZGAP5CT9MZP1,debt_stored,shares,1
9049309,granite-aeusdc,SP24VM2P27G4ZKAFJASJ19WD5882YWKKBNC3F785Q,SP24VM2P27G4ZKAFJASJ19WD5882YWKKBNC3F785Q,collateral,sBTC,100
9049309,granite-aeusdc,SP24VM2P27G4ZKAFJASJ19WD5882YWKKBNC3F785Q,SP24VM2P27G4ZKAFJASJ19WD5882YWKKBNC3F785Q,debt,token-aeusdc,5
9049309,granite-aeusdc,SP24VM2P27G4ZKAFJASJ19WD5882YWKKBNC3F785Q,SP24VM2P27G4ZKAFJASJ19WD5882YWKKBNC3F785Q,debt_stored,shares,3
9049309,granite-aeusdc,SP24VMXVZR51SCHV10EJEM1FBCYMGJRYMN1EEV2SR,SP24VMXVZR51SCHV10EJEM1FBCYMGJRYMN1EEV2SR,collateral,sBTC,20
9049309,granite-aeusdc,SP24VMXVZR51SCHV10EJEM1FBCYMGJRYMN1EEV2SR,SP24VMXVZR51SCHV10EJEM1FBCYMGJRYMN1EEV2SR,debt,token-aeusdc,2
9049309,granite-aeusdc,SP24VMXVZR51SCHV10EJEM1FBCYMGJRYMN1EEV2SR,SP24VMXVZR51SCHV10EJEM1FBCYMGJRYMN1EEV2SR,debt_stored,shares,1
9049309,granite-aeusdc,SP257C3DMTE0QVV452JC0WC0J3JVF77367KMH8WDH,SP257C3DMTE0QVV452JC0WC0J3JVF77367KMH8WDH,collateral,sBTC,317982
9049309,granite-aeusdc,SP2587T3K81EM6F77WEAFDGPTNF14BHG80EFCJM33,SP2587T3K81EM6F77WEAFDGPTNF14BHG80EFCJM33,collateral,sBTC,18200
9049309,granite-aeusdc,SP25CAETNR2F8AF2JAA851PA08RXY6BB7W8JBHJ43,SP25CAETNR2F8AF2JAA851PA08RXY6BB7W8JBHJ43,collateral,sBTC,100
9049309,granite-aeusdc,SP25CAETNR2F8AF2JAA851PA08RXY6BB7W8JBHJ43,SP25CAETNR2F8AF2JAA851PA08RXY6BB7W8JBHJ43,debt,token-aeusdc,2
9049309,granite-aeusdc,SP25CAETNR2F8AF2JAA851PA08RXY6BB7W8JBHJ43,SP25CAETNR2F8AF2JAA851PA08RXY6BB7W8JBHJ43,debt_stored,shares,1
9049309,granite-aeusdc,SP25PC7FDKWKRK2KG2YS8TVWGJFG1RJXVNQPBAT3N,SP25PC7FDKWKRK2KG2YS8TVWGJFG1RJXVNQPBAT3N,collateral,sBTC,100
9049309,granite-aeusdc,SP25PC7FDKWKRK2KG2YS8TVWGJFG1RJXVNQPBAT3N,SP25PC7FDKWKRK2KG2YS8TVWGJFG1RJXVNQPBAT3N,debt,token-aeusdc,2
9049309,granite-aeusdc,SP25PC7FDKWKRK2KG2YS8TVWGJFG1RJXVNQPBAT3N,SP25PC7FDKWKRK2KG2YS8TVWGJFG1RJXVNQPBAT3N,debt_stored,shares,1
9049309,granite-aeusdc,SP25RYDC5TN84W9Y68A8J3193R9BQY78Y1SK8AGYC,SP25RYDC5TN84W9Y68A8J3193R9BQY78Y1SK8AGYC,collateral,sBTC,100
9049309,granite-aeusdc,SP25RYDC5TN84W9Y68A8J3193R9BQY78Y1SK8AGYC,SP25RYDC5TN84W9Y68A8J3193R9BQY78Y1SK8AGYC,debt,token-aeusdc,2
9049309,granite-aeusdc,SP25RYDC5TN84W9Y68A8J3193R9BQY78Y1SK8AGYC,SP25RYDC5TN84W9Y68A8J3193R9BQY78Y1SK8AGYC,debt_stored,shares,1
9049309,granite-aeusdc,SP25V846EXWPC9XMCGMGK54FEX9DJ427WX28ZH98D,SP25V846EXWPC9XMCGMGK54FEX9DJ427WX28ZH98D,collateral,sBTC,14
9049309,granite-aeusdc,SP25V846EXWPC9XMCGMGK54FEX9DJ427WX28ZH98D,SP25V846EXWPC9XMCGMGK54FEX9DJ427WX28ZH98D,debt,token-aeusdc,889
9049309,granite-aeusdc,SP25V846EXWPC9XMCGMGK54FEX9DJ427WX28ZH98D,SP25V846EXWPC9XMCGMGK54FEX9DJ427WX28ZH98D,debt_stored,shares,575
9049309,granite-aeusdc,SP26NTZTP3C3FTN7W4FGTKGPHJQ2T8SG89X1A53A3,SP26NTZTP3C3FTN7W4FGTKGPHJQ2T8SG89X1A53A3,collateral,sBTC,100
9049309,granite-aeusdc,SP26NTZTP3C3FTN7W4FGTKGPHJQ2T8SG89X1A53A3,SP26NTZTP3C3FTN7W4FGTKGPHJQ2T8SG89X1A53A3,debt,token-aeusdc,2
9049309,granite-aeusdc,SP26NTZTP3C3FTN7W4FGTKGPHJQ2T8SG89X1A53A3,SP26NTZTP3C3FTN7W4FGTKGPHJQ2T8SG89X1A53A3,debt_stored,shares,1
9049309,granite-aeusdc,SP26PWX4VJY49WH3MZCDZQ3XKTVKH8QNV7TZ3DHA,SP26PWX4VJY49WH3MZCDZQ3XKTVKH8QNV7TZ3DHA,collateral,sBTC,43
9049309,granite-aeusdc,SP26PWX4VJY49WH3MZCDZQ3XKTVKH8QNV7TZ3DHA,SP26PWX4VJY49WH3MZCDZQ3XKTVKH8QNV7TZ3DHA,debt,token-aeusdc,2
9049309,granite-aeusdc,SP26PWX4VJY49WH3MZCDZQ3XKTVKH8QNV7TZ3DHA,SP26PWX4VJY49WH3MZCDZQ3XKTVKH8QNV7TZ3DHA,debt_stored,shares,1
9049309,granite-aeusdc,SP26QMFEDRBGVNMANH5XJ7KX0NG9QDP2KAJVBGZD0,SP26QMFEDRBGVNMANH5XJ7KX0NG9QDP2KAJVBGZD0,collateral,sBTC,92
9049309,granite-aeusdc,SP26QMFEDRBGVNMANH5XJ7KX0NG9QDP2KAJVBGZD0,SP26QMFEDRBGVNMANH5XJ7KX0NG9QDP2KAJVBGZD0,debt,token-aeusdc,27010
9049309,granite-aeusdc,SP26QMFEDRBGVNMANH5XJ7KX0NG9QDP2KAJVBGZD0,SP26QMFEDRBGVNMANH5XJ7KX0NG9QDP2KAJVBGZD0,debt_stored,shares,17484
9049309,granite-aeusdc,SP2964GKHPESZB3FEMG86CVFACH7GSVDVHESA47DX,SP2964GKHPESZB3FEMG86CVFACH7GSVDVHESA47DX,collateral,sBTC,100
9049309,granite-aeusdc,SP2964GKHPESZB3FEMG86CVFACH7GSVDVHESA47DX,SP2964GKHPESZB3FEMG86CVFACH7GSVDVHESA47DX,debt,token-aeusdc,13
9049309,granite-aeusdc,SP2964GKHPESZB3FEMG86CVFACH7GSVDVHESA47DX,SP2964GKHPESZB3FEMG86CVFACH7GSVDVHESA47DX,debt_stored,shares,8
9049309,granite-aeusdc,SP298TX7MBC848DGTXYP0594AGSHJAKBFZE3VH1E9,SP298TX7MBC848DGTXYP0594AGSHJAKBFZE3VH1E9,collateral,sBTC,3000
9049309,granite-aeusdc,SP299PAE8YNRT1B16KNCRSP2ZQ05F0QQJ6M7BQAZQ,SP299PAE8YNRT1B16KNCRSP2ZQ05F0QQJ6M7BQAZQ,collateral,sBTC,1117118
9049309,granite-aeusdc,SP299PAE8YNRT1B16KNCRSP2ZQ05F0QQJ6M7BQAZQ,SP299PAE8YNRT1B16KNCRSP2ZQ05F0QQJ6M7BQAZQ,debt,token-aeusdc,462313225
9049309,granite-aeusdc,SP299PAE8YNRT1B16KNCRSP2ZQ05F0QQJ6M7BQAZQ,SP299PAE8YNRT1B16KNCRSP2ZQ05F0QQJ6M7BQAZQ,debt_stored,shares,299273660
9049309,granite-aeusdc,SP29B8XZK27YV4NXEMH2QQT2634V4Q7NJZEBZCADC,SP29B8XZK27YV4NXEMH2QQT2634V4Q7NJZEBZCADC,collateral,sBTC,67
9049309,granite-aeusdc,SP29B8XZK27YV4NXEMH2QQT2634V4Q7NJZEBZCADC,SP29B8XZK27YV4NXEMH2QQT2634V4Q7NJZEBZCADC,debt,token-aeusdc,4
9049309,granite-aeusdc,SP29B8XZK27YV4NXEMH2QQT2634V4Q7NJZEBZCADC,SP29B8XZK27YV4NXEMH2QQT2634V4Q7NJZEBZCADC,debt_stored,shares,2
9049309,granite-aeusdc,SP2A4GRXGZXKNJ0YGXW115EEY95KK3M4Y9H9ZXMVZ,SP2A4GRXGZXKNJ0YGXW115EEY95KK3M4Y9H9ZXMVZ,collateral,sBTC,83
9049309,granite-aeusdc,SP2A4GRXGZXKNJ0YGXW115EEY95KK3M4Y9H9ZXMVZ,SP2A4GRXGZXKNJ0YGXW115EEY95KK3M4Y9H9ZXMVZ,debt,token-aeusdc,14
9049309,granite-aeusdc,SP2A4GRXGZXKNJ0YGXW115EEY95KK3M4Y9H9ZXMVZ,SP2A4GRXGZXKNJ0YGXW115EEY95KK3M4Y9H9ZXMVZ,debt_stored,shares,9
9049309,granite-aeusdc,SP2AAT82GGVZA4P11HMNQTFN4J7W494AB7ZR45GGQ,SP2AAT82GGVZA4P11HMNQTFN4J7W494AB7ZR45GGQ,collateral,sBTC,100
9049309,granite-aeusdc,SP2AAT82GGVZA4P11HMNQTFN4J7W494AB7ZR45GGQ,SP2AAT82GGVZA4P11HMNQTFN4J7W494AB7ZR45GGQ,debt,token-aeusdc,2
9049309,granite-aeusdc,SP2AAT82GGVZA4P11HMNQTFN4J7W494AB7ZR45GGQ,SP2AAT82GGVZA4P11HMNQTFN4J7W494AB7ZR45GGQ,debt_stored,shares,1
9049309,granite-aeusdc,SP2B6VTWDWA5A2YPRVFWKX0YAHZEE6JM9SN5CH63Z,SP2B6VTWDWA5A2YPRVFWKX0YAHZEE6JM9SN5CH63Z,collateral,sBTC,42
9049309,granite-aeusdc,SP2B6VTWDWA5A2YPRVFWKX0YAHZEE6JM9SN5CH63Z,SP2B6VTWDWA5A2YPRVFWKX0YAHZEE6JM9SN5CH63Z,debt,token-aeusdc,1775
9049309,granite-aeusdc,SP2B6VTWDWA5A2YPRVFWKX0YAHZEE6JM9SN5CH63Z,SP2B6VTWDWA5A2YPRVFWKX0YAHZEE6JM9SN5CH63Z,debt_stored,shares,1149
9049309,granite-aeusdc,SP2C9CZF3YCSMMZ19PNBTDENBSBZBEH8QMT3SMMZY,SP2C9CZF3YCSMMZ19PNBTDENBSBZBEH8QMT3SMMZY,collateral,sBTC,20
9049309,granite-aeusdc,SP2D21TSA9RB2TXT67E2A0K76JVG1NBEWC93FZE8Q,SP2D21TSA9RB2TXT67E2A0K76JVG1NBEWC93FZE8Q,collateral,sBTC,145751
9049309,granite-aeusdc,SP2D21TSA9RB2TXT67E2A0K76JVG1NBEWC93FZE8Q,SP2D21TSA9RB2TXT67E2A0K76JVG1NBEWC93FZE8Q,debt,token-aeusdc,11530943
9049309,granite-aeusdc,SP2D21TSA9RB2TXT67E2A0K76JVG1NBEWC93FZE8Q,SP2D21TSA9RB2TXT67E2A0K76JVG1NBEWC93FZE8Q,debt_stored,shares,7464436
9049309,granite-aeusdc,SP2D7NK2Z21B8PH14M2AKMWDNE0AN2B5KFVGQBJ6A,SP2D7NK2Z21B8PH14M2AKMWDNE0AN2B5KFVGQBJ6A,collateral,sBTC,28
9049309,granite-aeusdc,SP2D7NK2Z21B8PH14M2AKMWDNE0AN2B5KFVGQBJ6A,SP2D7NK2Z21B8PH14M2AKMWDNE0AN2B5KFVGQBJ6A,debt,token-aeusdc,1463
9049309,granite-aeusdc,SP2D7NK2Z21B8PH14M2AKMWDNE0AN2B5KFVGQBJ6A,SP2D7NK2Z21B8PH14M2AKMWDNE0AN2B5KFVGQBJ6A,debt_stored,shares,947
9049309,granite-aeusdc,SP2DM8E8Z9GZJXBPV8Z0HM21KN6B9MSTBVSR5GP8Y,SP2DM8E8Z9GZJXBPV8Z0HM21KN6B9MSTBVSR5GP8Y,collateral,sBTC,18506
9049309,granite-aeusdc,SP2DRPT3AA170EK5DC4T22CMSXZ6HACATPXHPAT7H,SP2DRPT3AA170EK5DC4T22CMSXZ6HACATPXHPAT7H,collateral,sBTC,100
9049309,granite-aeusdc,SP2DRPT3AA170EK5DC4T22CMSXZ6HACATPXHPAT7H,SP2DRPT3AA170EK5DC4T22CMSXZ6HACATPXHPAT7H,debt,token-aeusdc,11245
9049309,granite-aeusdc,SP2DRPT3AA170EK5DC4T22CMSXZ6HACATPXHPAT7H,SP2DRPT3AA170EK5DC4T22CMSXZ6HACATPXHPAT7H,debt_stored,shares,7279
9049309,granite-aeusdc,SP2DT1MBTPCQEW250SNB07HE7N6WF28N9AFAKQTF2,SP2DT1MBTPCQEW250SNB07HE7N6WF28N9AFAKQTF2,collateral,sBTC,11
9049309,granite-aeusdc,SP2DT1MBTPCQEW250SNB07HE7N6WF28N9AFAKQTF2,SP2DT1MBTPCQEW250SNB07HE7N6WF28N9AFAKQTF2,debt,token-aeusdc,5
9049309,granite-aeusdc,SP2DT1MBTPCQEW250SNB07HE7N6WF28N9AFAKQTF2,SP2DT1MBTPCQEW250SNB07HE7N6WF28N9AFAKQTF2,debt_stored,shares,3
9049309,granite-aeusdc,SP2DT4TKEH2KDQ33T8TNTHRSQWRMENN8KKVESNCHH,SP2DT4TKEH2KDQ33T8TNTHRSQWRMENN8KKVESNCHH,collateral,sBTC,80
9049309,granite-aeusdc,SP2DT4TKEH2KDQ33T8TNTHRSQWRMENN8KKVESNCHH,SP2DT4TKEH2KDQ33T8TNTHRSQWRMENN8KKVESNCHH,debt,token-aeusdc,4
9049309,granite-aeusdc,SP2DT4TKEH2KDQ33T8TNTHRSQWRMENN8KKVESNCHH,SP2DT4TKEH2KDQ33T8TNTHRSQWRMENN8KKVESNCHH,debt_stored,shares,2
9049309,granite-aeusdc,SP2DTNC9BGNKTTB2APQAH0M723ZD6VK3X7T0HR5SB,SP2DTNC9BGNKTTB2APQAH0M723ZD6VK3X7T0HR5SB,collateral,sBTC,1
9049309,granite-aeusdc,SP2DTNC9BGNKTTB2APQAH0M723ZD6VK3X7T0HR5SB,SP2DTNC9BGNKTTB2APQAH0M723ZD6VK3X7T0HR5SB,debt,token-aeusdc,2
9049309,granite-aeusdc,SP2DTNC9BGNKTTB2APQAH0M723ZD6VK3X7T0HR5SB,SP2DTNC9BGNKTTB2APQAH0M723ZD6VK3X7T0HR5SB,debt_stored,shares,1
9049309,granite-aeusdc,SP2DY31R23H3EH7HX12J7WB3Q08GAXTMJGY6KMBXK,SP2DY31R23H3EH7HX12J7WB3Q08GAXTMJGY6KMBXK,collateral,sBTC,879
9049309,granite-aeusdc,SP2EC3X1K9EFND32VTEDJKGEZ07HDK91VE86RRCJS,SP2EC3X1K9EFND32VTEDJKGEZ07HDK91VE86RRCJS,collateral,sBTC,9800
9049309,granite-aeusdc,SP2EC3X1K9EFND32VTEDJKGEZ07HDK91VE86RRCJS,SP2EC3X1K9EFND32VTEDJKGEZ07HDK91VE86RRCJS,debt,token-aeusdc,4506448
9049309,granite-aeusdc,SP2EC3X1K9EFND32VTEDJKGEZ07HDK91VE86RRCJS,SP2EC3X1K9EFND32VTEDJKGEZ07HDK91VE86RRCJS,debt_stored,shares,2917202
9049309,granite-aeusdc,SP2EXMN550VDB61DNKZJC62DWBN7AW2F0A9PFPQVA,SP2EXMN550VDB61DNKZJC62DWBN7AW2F0A9PFPQVA,collateral,sBTC,15165
9049309,granite-aeusdc,SP2FAFHWZAB8MRKDRDACVQSZVQ4BVF7K6DBCDBR2P,SP2FAFHWZAB8MRKDRDACVQSZVQ4BVF7K6DBCDBR2P,collateral,sBTC,1
9049309,granite-aeusdc,SP2FHB45675K6CXYAPZ96A79WA6W5Y82FJS24ZR28,SP2FHB45675K6CXYAPZ96A79WA6W5Y82FJS24ZR28,collateral,sBTC,57
9049309,granite-aeusdc,SP2FHB45675K6CXYAPZ96A79WA6W5Y82FJS24ZR28,SP2FHB45675K6CXYAPZ96A79WA6W5Y82FJS24ZR28,debt,token-aeusdc,115
9049309,granite-aeusdc,SP2FHB45675K6CXYAPZ96A79WA6W5Y82FJS24ZR28,SP2FHB45675K6CXYAPZ96A79WA6W5Y82FJS24ZR28,debt_stored,shares,74
9049309,granite-aeusdc,SP2FKMV4PCDPCP7Q563TK78P6S0Y6F3B04FM35H78,SP2FKMV4PCDPCP7Q563TK78P6S0Y6F3B04FM35H78,collateral,sBTC,500
9049309,granite-aeusdc,SP2FKMV4PCDPCP7Q563TK78P6S0Y6F3B04FM35H78,SP2FKMV4PCDPCP7Q563TK78P6S0Y6F3B04FM35H78,debt,token-aeusdc,250441
9049309,granite-aeusdc,SP2FKMV4PCDPCP7Q563TK78P6S0Y6F3B04FM35H78,SP2FKMV4PCDPCP7Q563TK78P6S0Y6F3B04FM35H78,debt_stored,shares,162120
9049309,granite-aeusdc,SP2G0870GAGSXJJKZ0KQZETY0WN9H85C4YEYCFJ26,SP2G0870GAGSXJJKZ0KQZETY0WN9H85C4YEYCFJ26,collateral,sBTC,23009
9049309,granite-aeusdc,SP2G0870GAGSXJJKZ0KQZETY0WN9H85C4YEYCFJ26,SP2G0870GAGSXJJKZ0KQZETY0WN9H85C4YEYCFJ26,debt,token-aeusdc,17
9049309,granite-aeusdc,SP2G0870GAGSXJJKZ0KQZETY0WN9H85C4YEYCFJ26,SP2G0870GAGSXJJKZ0KQZETY0WN9H85C4YEYCFJ26,debt_stored,shares,11
9049309,granite-aeusdc,SP2G6P95563NTC2GG219P455MEPQWX20B02X7ANRG,SP2G6P95563NTC2GG219P455MEPQWX20B02X7ANRG,collateral,sBTC,67
9049309,granite-aeusdc,SP2G6P95563NTC2GG219P455MEPQWX20B02X7ANRG,SP2G6P95563NTC2GG219P455MEPQWX20B02X7ANRG,debt,token-aeusdc,1775
9049309,granite-aeusdc,SP2G6P95563NTC2GG219P455MEPQWX20B02X7ANRG,SP2G6P95563NTC2GG219P455MEPQWX20B02X7ANRG,debt_stored,shares,1149
9049309,granite-aeusdc,SP2GCNGY2CGV9Z2B9SZXWPJ2DA4E0M2HKRYTZ8FAC,SP2GCNGY2CGV9Z2B9SZXWPJ2DA4E0M2HKRYTZ8FAC,collateral,sBTC,69
9049309,granite-aeusdc,SP2GCNGY2CGV9Z2B9SZXWPJ2DA4E0M2HKRYTZ8FAC,SP2GCNGY2CGV9Z2B9SZXWPJ2DA4E0M2HKRYTZ8FAC,debt,token-aeusdc,297
9049309,granite-aeusdc,SP2GCNGY2CGV9Z2B9SZXWPJ2DA4E0M2HKRYTZ8FAC,SP2GCNGY2CGV9Z2B9SZXWPJ2DA4E0M2HKRYTZ8FAC,debt_stored,shares,192
9049309,granite-aeusdc,SP2H5HYXG4N3KEJWBHS2615DXXJ6F6SDEZ3TDY17S,SP2H5HYXG4N3KEJWBHS2615DXXJ6F6SDEZ3TDY17S,collateral,sBTC,5
9049309,granite-aeusdc,SP2H5HYXG4N3KEJWBHS2615DXXJ6F6SDEZ3TDY17S,SP2H5HYXG4N3KEJWBHS2615DXXJ6F6SDEZ3TDY17S,debt,token-aeusdc,2
9049309,granite-aeusdc,SP2H5HYXG4N3KEJWBHS2615DXXJ6F6SDEZ3TDY17S,SP2H5HYXG4N3KEJWBHS2615DXXJ6F6SDEZ3TDY17S,debt_stored,shares,1
9049309,granite-aeusdc,SP2H7EJ7RBBEZEZ18N0TJ6H3S4PAYQHV93KQZZYXW,SP2H7EJ7RBBEZEZ18N0TJ6H3S4PAYQHV93KQZZYXW,collateral,sBTC,39
9049309,granite-aeusdc,SP2H7EJ7RBBEZEZ18N0TJ6H3S4PAYQHV93KQZZYXW,SP2H7EJ7RBBEZEZ18N0TJ6H3S4PAYQHV93KQZZYXW,debt,token-aeusdc,1774
9049309,granite-aeusdc,SP2H7EJ7RBBEZEZ18N0TJ6H3S4PAYQHV93KQZZYXW,SP2H7EJ7RBBEZEZ18N0TJ6H3S4PAYQHV93KQZZYXW,debt_stored,shares,1148
9049309,granite-aeusdc,SP2H9S76Q2QRNCGVS1VXG0DJ310WXR2ZYMQX2TZBH,SP2H9S76Q2QRNCGVS1VXG0DJ310WXR2ZYMQX2TZBH,collateral,sBTC,10000
9049309,granite-aeusdc,SP2HRXBNDCMYKZQE4QJ3F1P1PQM1HH872ZE48JQFX,SP2HRXBNDCMYKZQE4QJ3F1P1PQM1HH872ZE48JQFX,collateral,sBTC,60
9049309,granite-aeusdc,SP2HRXBNDCMYKZQE4QJ3F1P1PQM1HH872ZE48JQFX,SP2HRXBNDCMYKZQE4QJ3F1P1PQM1HH872ZE48JQFX,debt,token-aeusdc,5386
9049309,granite-aeusdc,SP2HRXBNDCMYKZQE4QJ3F1P1PQM1HH872ZE48JQFX,SP2HRXBNDCMYKZQE4QJ3F1P1PQM1HH872ZE48JQFX,debt_stored,shares,3486
9049309,granite-aeusdc,SP2HXBTVTF2BG7CPAZXGA399839B0FCDN8C0XCM4R,SP2HXBTVTF2BG7CPAZXGA399839B0FCDN8C0XCM4R,collateral,sBTC,87
9049309,granite-aeusdc,SP2HXBTVTF2BG7CPAZXGA399839B0FCDN8C0XCM4R,SP2HXBTVTF2BG7CPAZXGA399839B0FCDN8C0XCM4R,debt,token-aeusdc,4
9049309,granite-aeusdc,SP2HXBTVTF2BG7CPAZXGA399839B0FCDN8C0XCM4R,SP2HXBTVTF2BG7CPAZXGA399839B0FCDN8C0XCM4R,debt_stored,shares,2
9049309,granite-aeusdc,SP2J425PBDANKYRB475XHBWZAYK9M69CS6F0VWK05,SP2J425PBDANKYRB475XHBWZAYK9M69CS6F0VWK05,collateral,sBTC,99
9049309,granite-aeusdc,SP2J425PBDANKYRB475XHBWZAYK9M69CS6F0VWK05,SP2J425PBDANKYRB475XHBWZAYK9M69CS6F0VWK05,debt,token-aeusdc,294
9049309,granite-aeusdc,SP2J425PBDANKYRB475XHBWZAYK9M69CS6F0VWK05,SP2J425PBDANKYRB475XHBWZAYK9M69CS6F0VWK05,debt_stored,shares,190
9049309,granite-aeusdc,SP2J45CXXJJKQPS5X13F7DJ88B5YGV5345BZ6VH9W,SP2J45CXXJJKQPS5X13F7DJ88B5YGV5345BZ6VH9W,collateral,sBTC,64
9049309,granite-aeusdc,SP2J45CXXJJKQPS5X13F7DJ88B5YGV5345BZ6VH9W,SP2J45CXXJJKQPS5X13F7DJ88B5YGV5345BZ6VH9W,debt,token-aeusdc,2171
9049309,granite-aeusdc,SP2J45CXXJJKQPS5X13F7DJ88B5YGV5345BZ6VH9W,SP2J45CXXJJKQPS5X13F7DJ88B5YGV5345BZ6VH9W,debt_stored,shares,1405
9049309,granite-aeusdc,SP2J4F8V7YJ2182JA9TD7TWSK6YED0QR8NYMA0KMZ,SP2J4F8V7YJ2182JA9TD7TWSK6YED0QR8NYMA0KMZ,collateral,sBTC,100
9049309,granite-aeusdc,SP2J4F8V7YJ2182JA9TD7TWSK6YED0QR8NYMA0KMZ,SP2J4F8V7YJ2182JA9TD7TWSK6YED0QR8NYMA0KMZ,debt,token-aeusdc,2
9049309,granite-aeusdc,SP2J4F8V7YJ2182JA9TD7TWSK6YED0QR8NYMA0KMZ,SP2J4F8V7YJ2182JA9TD7TWSK6YED0QR8NYMA0KMZ,debt_stored,shares,1
9049309,granite-aeusdc,SP2JFW1CBXJD3P0EJ0QNGBWY4W5NQBV066V8BCARC,SP2JFW1CBXJD3P0EJ0QNGBWY4W5NQBV066V8BCARC,collateral,sBTC,18
9049309,granite-aeusdc,SP2JFW1CBXJD3P0EJ0QNGBWY4W5NQBV066V8BCARC,SP2JFW1CBXJD3P0EJ0QNGBWY4W5NQBV066V8BCARC,debt,token-aeusdc,782
9049309,granite-aeusdc,SP2JFW1CBXJD3P0EJ0QNGBWY4W5NQBV066V8BCARC,SP2JFW1CBXJD3P0EJ0QNGBWY4W5NQBV066V8BCARC,debt_stored,shares,506
9049309,granite-aeusdc,SP2JY00HQSN17BBZ068GW2QZ50FGA0K0N8SAFE7CY,SP2JY00HQSN17BBZ068GW2QZ50FGA0K0N8SAFE7CY,collateral,sBTC,15
9049309,granite-aeusdc,SP2JY00HQSN17BBZ068GW2QZ50FGA0K0N8SAFE7CY,SP2JY00HQSN17BBZ068GW2QZ50FGA0K0N8SAFE7CY,debt,token-aeusdc,2
9049309,granite-aeusdc,SP2JY00HQSN17BBZ068GW2QZ50FGA0K0N8SAFE7CY,SP2JY00HQSN17BBZ068GW2QZ50FGA0K0N8SAFE7CY,debt_stored,shares,1
9049309,granite-aeusdc,SP2JYKYV8Z0HTJNE16HSDM6GKBDR9DEZ14P2TK995,SP2JYKYV8Z0HTJNE16HSDM6GKBDR9DEZ14P2TK995,collateral,sBTC,26
9049309,granite-aeusdc,SP2JYKYV8Z0HTJNE16HSDM6GKBDR9DEZ14P2TK995,SP2JYKYV8Z0HTJNE16HSDM6GKBDR9DEZ14P2TK995,debt,token-aeusdc,2
9049309,granite-aeusdc,SP2JYKYV8Z0HTJNE16HSDM6GKBDR9DEZ14P2TK995,SP2JYKYV8Z0HTJNE16HSDM6GKBDR9DEZ14P2TK995,debt_stored,shares,1
9049309,granite-aeusdc,SP2JZR6EBXC4MXYG7SPK6KQ4YEZSFFBKGT5E33T7B,SP2JZR6EBXC4MXYG7SPK6KQ4YEZSFFBKGT5E33T7B,collateral,sBTC,99
9049309,granite-aeusdc,SP2JZR6EBXC4MXYG7SPK6KQ4YEZSFFBKGT5E33T7B,SP2JZR6EBXC4MXYG7SPK6KQ4YEZSFFBKGT5E33T7B,debt,token-aeusdc,2
9049309,granite-aeusdc,SP2JZR6EBXC4MXYG7SPK6KQ4YEZSFFBKGT5E33T7B,SP2JZR6EBXC4MXYG7SPK6KQ4YEZSFFBKGT5E33T7B,debt_stored,shares,1
9049309,granite-aeusdc,SP2K87H96EBFF6Y16Z9GQHW8JP50G7R0B0FMFZRXC,SP2K87H96EBFF6Y16Z9GQHW8JP50G7R0B0FMFZRXC,collateral,sBTC,20084
9049309,granite-aeusdc,SP2KCSJCDYD7D6731HQ49PRHRQG61D701CDDDRNQQ,SP2KCSJCDYD7D6731HQ49PRHRQG61D701CDDDRNQQ,collateral,sBTC,100
9049309,granite-aeusdc,SP2KCSJCDYD7D6731HQ49PRHRQG61D701CDDDRNQQ,SP2KCSJCDYD7D6731HQ49PRHRQG61D701CDDDRNQQ,debt,token-aeusdc,4
9049309,granite-aeusdc,SP2KCSJCDYD7D6731HQ49PRHRQG61D701CDDDRNQQ,SP2KCSJCDYD7D6731HQ49PRHRQG61D701CDDDRNQQ,debt_stored,shares,2
9049309,granite-aeusdc,SP2KR5R6C0RA6YE4Y13W378R6CCS6XZX8QWWQVNZW,SP2KR5R6C0RA6YE4Y13W378R6CCS6XZX8QWWQVNZW,collateral,sBTC,26
9049309,granite-aeusdc,SP2KR5R6C0RA6YE4Y13W378R6CCS6XZX8QWWQVNZW,SP2KR5R6C0RA6YE4Y13W378R6CCS6XZX8QWWQVNZW,debt,token-aeusdc,2
9049309,granite-aeusdc,SP2KR5R6C0RA6YE4Y13W378R6CCS6XZX8QWWQVNZW,SP2KR5R6C0RA6YE4Y13W378R6CCS6XZX8QWWQVNZW,debt_stored,shares,1
9049309,granite-aeusdc,SP2KZ24AM4X9HGTG8314MS4VSY1CVAFH0G1KBZZ1D,SP2KZ24AM4X9HGTG8314MS4VSY1CVAFH0G1KBZZ1D,collateral,sBTC,1
9049309,granite-aeusdc,SP2M97DK26MGP0JVDDHCTEYMRJ6SS70N60NR14TPE,SP2M97DK26MGP0JVDDHCTEYMRJ6SS70N60NR14TPE,collateral,sBTC,52
9049309,granite-aeusdc,SP2M97DK26MGP0JVDDHCTEYMRJ6SS70N60NR14TPE,SP2M97DK26MGP0JVDDHCTEYMRJ6SS70N60NR14TPE,debt,token-aeusdc,17586
9049309,granite-aeusdc,SP2M97DK26MGP0JVDDHCTEYMRJ6SS70N60NR14TPE,SP2M97DK26MGP0JVDDHCTEYMRJ6SS70N60NR14TPE,debt_stored,shares,11384
9049309,granite-aeusdc,SP2M9NZJWE0QMDA3C4V4QCBQ7KSRFSRDHEGBC74FV,SP2M9NZJWE0QMDA3C4V4QCBQ7KSRFSRDHEGBC74FV,collateral,sBTC,1
9049309,granite-aeusdc,SP2M9NZJWE0QMDA3C4V4QCBQ7KSRFSRDHEGBC74FV,SP2M9NZJWE0QMDA3C4V4QCBQ7KSRFSRDHEGBC74FV,debt,token-aeusdc,4
9049309,granite-aeusdc,SP2M9NZJWE0QMDA3C4V4QCBQ7KSRFSRDHEGBC74FV,SP2M9NZJWE0QMDA3C4V4QCBQ7KSRFSRDHEGBC74FV,debt_stored,shares,2
9049309,granite-aeusdc,SP2MYQF316JWNY0M6MBGRFPZS17GJKRA26ZPB35HM,SP2MYQF316JWNY0M6MBGRFPZS17GJKRA26ZPB35HM,collateral,sBTC,1
9049309,granite-aeusdc,SP2N5HF4KKC26VZZY9ZK2XQBFSFD917WQWQ5EF6GY,SP2N5HF4KKC26VZZY9ZK2XQBFSFD917WQWQ5EF6GY,collateral,sBTC,100
9049309,granite-aeusdc,SP2N5HF4KKC26VZZY9ZK2XQBFSFD917WQWQ5EF6GY,SP2N5HF4KKC26VZZY9ZK2XQBFSFD917WQWQ5EF6GY,debt,token-aeusdc,66720
9049309,granite-aeusdc,SP2N5HF4KKC26VZZY9ZK2XQBFSFD917WQWQ5EF6GY,SP2N5HF4KKC26VZZY9ZK2XQBFSFD917WQWQ5EF6GY,debt_stored,shares,43190
9049309,granite-aeusdc,SP2NSXJKKJBG0T5WX7RTCQ9SA6DAGZZB17BY4C6RM,SP2NSXJKKJBG0T5WX7RTCQ9SA6DAGZZB17BY4C6RM,collateral,sBTC,170000
9049309,granite-aeusdc,SP2P25TND680MMX0EWZS8HQ7JG5X6P3K32BXEMRNC,SP2P25TND680MMX0EWZS8HQ7JG5X6P3K32BXEMRNC,collateral,sBTC,18499
9049309,granite-aeusdc,SP2P25TND680MMX0EWZS8HQ7JG5X6P3K32BXEMRNC,SP2P25TND680MMX0EWZS8HQ7JG5X6P3K32BXEMRNC,debt,token-aeusdc,2
9049309,granite-aeusdc,SP2P25TND680MMX0EWZS8HQ7JG5X6P3K32BXEMRNC,SP2P25TND680MMX0EWZS8HQ7JG5X6P3K32BXEMRNC,debt_stored,shares,1
9049309,granite-aeusdc,SP2P427FR37K1Q0XH6134X9TKRDV2G2T6XMD5VD1Z,SP2P427FR37K1Q0XH6134X9TKRDV2G2T6XMD5VD1Z,collateral,sBTC,8803
9049309,granite-aeusdc,SP2P427FR37K1Q0XH6134X9TKRDV2G2T6XMD5VD1Z,SP2P427FR37K1Q0XH6134X9TKRDV2G2T6XMD5VD1Z,debt,token-aeusdc,3866946
9049309,granite-aeusdc,SP2P427FR37K1Q0XH6134X9TKRDV2G2T6XMD5VD1Z,SP2P427FR37K1Q0XH6134X9TKRDV2G2T6XMD5VD1Z,debt_stored,shares,2503227
9049309,granite-aeusdc,SP2PDGRPD7YDQ0N20D6XDB61ER00DP0JPPYXE5B0F,SP2PDGRPD7YDQ0N20D6XDB61ER00DP0JPPYXE5B0F,collateral,sBTC,58
9049309,granite-aeusdc,SP2PDGRPD7YDQ0N20D6XDB61ER00DP0JPPYXE5B0F,SP2PDGRPD7YDQ0N20D6XDB61ER00DP0JPPYXE5B0F,debt,token-aeusdc,2148
9049309,granite-aeusdc,SP2PDGRPD7YDQ0N20D6XDB61ER00DP0JPPYXE5B0F,SP2PDGRPD7YDQ0N20D6XDB61ER00DP0JPPYXE5B0F,debt_stored,shares,1390
9049309,granite-aeusdc,SP2PFA5C9ZCKPEGCPJD6NMN3NVBBPZGMTT3YR3A7M,SP2PFA5C9ZCKPEGCPJD6NMN3NVBBPZGMTT3YR3A7M,collateral,sBTC,100
9049309,granite-aeusdc,SP2PFA5C9ZCKPEGCPJD6NMN3NVBBPZGMTT3YR3A7M,SP2PFA5C9ZCKPEGCPJD6NMN3NVBBPZGMTT3YR3A7M,debt,token-aeusdc,4
9049309,granite-aeusdc,SP2PFA5C9ZCKPEGCPJD6NMN3NVBBPZGMTT3YR3A7M,SP2PFA5C9ZCKPEGCPJD6NMN3NVBBPZGMTT3YR3A7M,debt_stored,shares,2
9049309,granite-aeusdc,SP2PJPDJ7Z30K58M15KNJDZH390JVC1AEKJEPEFJN,SP2PJPDJ7Z30K58M15KNJDZH390JVC1AEKJEPEFJN,collateral,sBTC,1
9049309,granite-aeusdc,SP2PJPDJ7Z30K58M15KNJDZH390JVC1AEKJEPEFJN,SP2PJPDJ7Z30K58M15KNJDZH390JVC1AEKJEPEFJN,debt,token-aeusdc,2
9049309,granite-aeusdc,SP2PJPDJ7Z30K58M15KNJDZH390JVC1AEKJEPEFJN,SP2PJPDJ7Z30K58M15KNJDZH390JVC1AEKJEPEFJN,debt_stored,shares,1
9049309,granite-aeusdc,SP2PTY77Z6G35NKYS2XC7VH4XW6J94EKR0MYRDGDX,SP2PTY77Z6G35NKYS2XC7VH4XW6J94EKR0MYRDGDX,collateral,sBTC,98
9049309,granite-aeusdc,SP2PTY77Z6G35NKYS2XC7VH4XW6J94EKR0MYRDGDX,SP2PTY77Z6G35NKYS2XC7VH4XW6J94EKR0MYRDGDX,debt,token-aeusdc,58446
9049309,granite-aeusdc,SP2PTY77Z6G35NKYS2XC7VH4XW6J94EKR0MYRDGDX,SP2PTY77Z6G35NKYS2XC7VH4XW6J94EKR0MYRDGDX,debt_stored,shares,37834
9049309,granite-aeusdc,SP2PY7YBEN1KG6MZQS70B6K2CVTVZDM1TFFVHWQCC,SP2PY7YBEN1KG6MZQS70B6K2CVTVZDM1TFFVHWQCC,collateral,sBTC,18
9049309,granite-aeusdc,SP2PY7YBEN1KG6MZQS70B6K2CVTVZDM1TFFVHWQCC,SP2PY7YBEN1KG6MZQS70B6K2CVTVZDM1TFFVHWQCC,debt,token-aeusdc,1681
9049309,granite-aeusdc,SP2PY7YBEN1KG6MZQS70B6K2CVTVZDM1TFFVHWQCC,SP2PY7YBEN1KG6MZQS70B6K2CVTVZDM1TFFVHWQCC,debt_stored,shares,1088
9049309,granite-aeusdc,SP2PZYA27E8MRBQHQXE0JQH5CHM9JJNM00YEMC4QJ,SP2PZYA27E8MRBQHQXE0JQH5CHM9JJNM00YEMC4QJ,collateral,sBTC,837
9049309,granite-aeusdc,SP2Q0YNXDTVEEBFSYE2KKPXM0GAYJE9SJQA50YPTX,SP2Q0YNXDTVEEBFSYE2KKPXM0GAYJE9SJQA50YPTX,collateral,sBTC,11314313
9049309,granite-aeusdc,SP2Q0YNXDTVEEBFSYE2KKPXM0GAYJE9SJQA50YPTX,SP2Q0YNXDTVEEBFSYE2KKPXM0GAYJE9SJQA50YPTX,debt,token-aeusdc,4682406493
9049309,granite-aeusdc,SP2Q0YNXDTVEEBFSYE2KKPXM0GAYJE9SJQA50YPTX,SP2Q0YNXDTVEEBFSYE2KKPXM0GAYJE9SJQA50YPTX,debt_stored,shares,3031107168
9049309,granite-aeusdc,SP2QEVE8PJCY3Y7AWB89GKDJCX53SSX07M0ZJA6D0,SP2QEVE8PJCY3Y7AWB89GKDJCX53SSX07M0ZJA6D0,collateral,sBTC,63
9049309,granite-aeusdc,SP2QEVE8PJCY3Y7AWB89GKDJCX53SSX07M0ZJA6D0,SP2QEVE8PJCY3Y7AWB89GKDJCX53SSX07M0ZJA6D0,debt,token-aeusdc,1769
9049309,granite-aeusdc,SP2QEVE8PJCY3Y7AWB89GKDJCX53SSX07M0ZJA6D0,SP2QEVE8PJCY3Y7AWB89GKDJCX53SSX07M0ZJA6D0,debt_stored,shares,1145
9049309,granite-aeusdc,SP2QFPHR0EAJKBSZ1E8PA3PRGVE2SGS7TN1KS1CZ4,SP2QFPHR0EAJKBSZ1E8PA3PRGVE2SGS7TN1KS1CZ4,collateral,sBTC,75
9049309,granite-aeusdc,SP2QFPHR0EAJKBSZ1E8PA3PRGVE2SGS7TN1KS1CZ4,SP2QFPHR0EAJKBSZ1E8PA3PRGVE2SGS7TN1KS1CZ4,debt,token-aeusdc,4
9049309,granite-aeusdc,SP2QFPHR0EAJKBSZ1E8PA3PRGVE2SGS7TN1KS1CZ4,SP2QFPHR0EAJKBSZ1E8PA3PRGVE2SGS7TN1KS1CZ4,debt_stored,shares,2
9049309,granite-aeusdc,SP2QKERRNTWRZ253NFYMT41YGWQZMEQ5SGF13H5B4,SP2QKERRNTWRZ253NFYMT41YGWQZMEQ5SGF13H5B4,collateral,sBTC,24
9049309,granite-aeusdc,SP2QKERRNTWRZ253NFYMT41YGWQZMEQ5SGF13H5B4,SP2QKERRNTWRZ253NFYMT41YGWQZMEQ5SGF13H5B4,debt,token-aeusdc,4
9049309,granite-aeusdc,SP2QKERRNTWRZ253NFYMT41YGWQZMEQ5SGF13H5B4,SP2QKERRNTWRZ253NFYMT41YGWQZMEQ5SGF13H5B4,debt_stored,shares,2
9049309,granite-aeusdc,SP2QMKG63FN6B00ME3F3S77DRA16CMFBPXWJ7ZKBP,SP2QMKG63FN6B00ME3F3S77DRA16CMFBPXWJ7ZKBP,collateral,sBTC,83
9049309,granite-aeusdc,SP2QMKG63FN6B00ME3F3S77DRA16CMFBPXWJ7ZKBP,SP2QMKG63FN6B00ME3F3S77DRA16CMFBPXWJ7ZKBP,debt,token-aeusdc,2
9049309,granite-aeusdc,SP2QMKG63FN6B00ME3F3S77DRA16CMFBPXWJ7ZKBP,SP2QMKG63FN6B00ME3F3S77DRA16CMFBPXWJ7ZKBP,debt_stored,shares,1
9049309,granite-aeusdc,SP2QTT9D8717TQPHW59YTEVNV07T8BEM6PKYMRVVP,SP2QTT9D8717TQPHW59YTEVNV07T8BEM6PKYMRVVP,collateral,sBTC,58302
9049309,granite-aeusdc,SP2QXZM2T50WD0SH8TD6SA02T8KQTJ7AS3T335C17,SP2QXZM2T50WD0SH8TD6SA02T8KQTJ7AS3T335C17,collateral,sBTC,23771413
9049309,granite-aeusdc,SP2QXZM2T50WD0SH8TD6SA02T8KQTJ7AS3T335C17,SP2QXZM2T50WD0SH8TD6SA02T8KQTJ7AS3T335C17,debt,token-aeusdc,9837757441
9049309,granite-aeusdc,SP2QXZM2T50WD0SH8TD6SA02T8KQTJ7AS3T335C17,SP2QXZM2T50WD0SH8TD6SA02T8KQTJ7AS3T335C17,debt_stored,shares,6368370012
9049309,granite-aeusdc,SP2R16MD6GASMNHF2KDCW941MGNWMSEMP4VRCCVV4,SP2R16MD6GASMNHF2KDCW941MGNWMSEMP4VRCCVV4,collateral,sBTC,50
9049309,granite-aeusdc,SP2R16MD6GASMNHF2KDCW941MGNWMSEMP4VRCCVV4,SP2R16MD6GASMNHF2KDCW941MGNWMSEMP4VRCCVV4,debt,token-aeusdc,4
9049309,granite-aeusdc,SP2R16MD6GASMNHF2KDCW941MGNWMSEMP4VRCCVV4,SP2R16MD6GASMNHF2KDCW941MGNWMSEMP4VRCCVV4,debt_stored,shares,2
9049309,granite-aeusdc,SP2R1GDS2JWZJPF6CCQRPWD0NWAWARE3TDT41YVC6,SP2R1GDS2JWZJPF6CCQRPWD0NWAWARE3TDT41YVC6,collateral,sBTC,52
9049309,granite-aeusdc,SP2R1GDS2JWZJPF6CCQRPWD0NWAWARE3TDT41YVC6,SP2R1GDS2JWZJPF6CCQRPWD0NWAWARE3TDT41YVC6,debt,token-aeusdc,4
9049309,granite-aeusdc,SP2R1GDS2JWZJPF6CCQRPWD0NWAWARE3TDT41YVC6,SP2R1GDS2JWZJPF6CCQRPWD0NWAWARE3TDT41YVC6,debt_stored,shares,2
9049309,granite-aeusdc,SP2RHQW8S8E9JXA3CWJ993S6FEM9KBH9XSSNX71K,SP2RHQW8S8E9JXA3CWJ993S6FEM9KBH9XSSNX71K,collateral,sBTC,5
9049309,granite-aeusdc,SP2RHQW8S8E9JXA3CWJ993S6FEM9KBH9XSSNX71K,SP2RHQW8S8E9JXA3CWJ993S6FEM9KBH9XSSNX71K,debt,token-aeusdc,4
9049309,granite-aeusdc,SP2RHQW8S8E9JXA3CWJ993S6FEM9KBH9XSSNX71K,SP2RHQW8S8E9JXA3CWJ993S6FEM9KBH9XSSNX71K,debt_stored,shares,2
9049309,granite-aeusdc,SP2RRYDDX23XS380YB8TAQC07YN52WKP6YCYRV5RB,SP2RRYDDX23XS380YB8TAQC07YN52WKP6YCYRV5RB,collateral,sBTC,100
9049309,granite-aeusdc,SP2RRYDDX23XS380YB8TAQC07YN52WKP6YCYRV5RB,SP2RRYDDX23XS380YB8TAQC07YN52WKP6YCYRV5RB,debt,token-aeusdc,5
9049309,granite-aeusdc,SP2RRYDDX23XS380YB8TAQC07YN52WKP6YCYRV5RB,SP2RRYDDX23XS380YB8TAQC07YN52WKP6YCYRV5RB,debt_stored,shares,3
9049309,granite-aeusdc,SP2S27KSQQYHTC585E5E49GHMY1P4095TJWMR7YHW,SP2S27KSQQYHTC585E5E49GHMY1P4095TJWMR7YHW,collateral,sBTC,41
9049309,granite-aeusdc,SP2S27KSQQYHTC585E5E49GHMY1P4095TJWMR7YHW,SP2S27KSQQYHTC585E5E49GHMY1P4095TJWMR7YHW,debt,token-aeusdc,4
9049309,granite-aeusdc,SP2S27KSQQYHTC585E5E49GHMY1P4095TJWMR7YHW,SP2S27KSQQYHTC585E5E49GHMY1P4095TJWMR7YHW,debt_stored,shares,2
9049309,granite-aeusdc,SP2S5PVZKF1VHCXYMJKX3D33BF304B9Y0JQNDGK8W,SP2S5PVZKF1VHCXYMJKX3D33BF304B9Y0JQNDGK8W,collateral,sBTC,81
9049309,granite-aeusdc,SP2S5PVZKF1VHCXYMJKX3D33BF304B9Y0JQNDGK8W,SP2S5PVZKF1VHCXYMJKX3D33BF304B9Y0JQNDGK8W,debt,token-aeusdc,1623
9049309,granite-aeusdc,SP2S5PVZKF1VHCXYMJKX3D33BF304B9Y0JQNDGK8W,SP2S5PVZKF1VHCXYMJKX3D33BF304B9Y0JQNDGK8W,debt_stored,shares,1050
9049309,granite-aeusdc,SP2SJ6K28A6NTJ8DG29AW0P3V0SGYTGCRQ6PEDHXF,SP2SJ6K28A6NTJ8DG29AW0P3V0SGYTGCRQ6PEDHXF,collateral,sBTC,17
9049309,granite-aeusdc,SP2SJ6K28A6NTJ8DG29AW0P3V0SGYTGCRQ6PEDHXF,SP2SJ6K28A6NTJ8DG29AW0P3V0SGYTGCRQ6PEDHXF,debt,token-aeusdc,1678
9049309,granite-aeusdc,SP2SJ6K28A6NTJ8DG29AW0P3V0SGYTGCRQ6PEDHXF,SP2SJ6K28A6NTJ8DG29AW0P3V0SGYTGCRQ6PEDHXF,debt_stored,shares,1086
9049309,granite-aeusdc,SP2SRRDZTNBZGYN98WYVV90R1ANYD0VHMEY8D7AHP,SP2SRRDZTNBZGYN98WYVV90R1ANYD0VHMEY8D7AHP,collateral,sBTC,100
9049309,granite-aeusdc,SP2SRRDZTNBZGYN98WYVV90R1ANYD0VHMEY8D7AHP,SP2SRRDZTNBZGYN98WYVV90R1ANYD0VHMEY8D7AHP,debt,token-aeusdc,2
9049309,granite-aeusdc,SP2SRRDZTNBZGYN98WYVV90R1ANYD0VHMEY8D7AHP,SP2SRRDZTNBZGYN98WYVV90R1ANYD0VHMEY8D7AHP,debt_stored,shares,1
9049309,granite-aeusdc,SP2T5628E85QNJ642D9NCYF7F7BPGV8Y3DG2RSPNV,SP2T5628E85QNJ642D9NCYF7F7BPGV8Y3DG2RSPNV,collateral,sBTC,25
9049309,granite-aeusdc,SP2T5628E85QNJ642D9NCYF7F7BPGV8Y3DG2RSPNV,SP2T5628E85QNJ642D9NCYF7F7BPGV8Y3DG2RSPNV,debt,token-aeusdc,13
9049309,granite-aeusdc,SP2T5628E85QNJ642D9NCYF7F7BPGV8Y3DG2RSPNV,SP2T5628E85QNJ642D9NCYF7F7BPGV8Y3DG2RSPNV,debt_stored,shares,8
9049309,granite-aeusdc,SP2TD66WY9V3WRF7WS8WCN313BMW58F0AN7AEW9RG,SP2TD66WY9V3WRF7WS8WCN313BMW58F0AN7AEW9RG,collateral,sBTC,16
9049309,granite-aeusdc,SP2TD66WY9V3WRF7WS8WCN313BMW58F0AN7AEW9RG,SP2TD66WY9V3WRF7WS8WCN313BMW58F0AN7AEW9RG,debt,token-aeusdc,1740
9049309,granite-aeusdc,SP2TD66WY9V3WRF7WS8WCN313BMW58F0AN7AEW9RG,SP2TD66WY9V3WRF7WS8WCN313BMW58F0AN7AEW9RG,debt_stored,shares,1126
9049309,granite-aeusdc,SP2TJYSQE2RBDBAWF205V81H93N62XDJ0BKGXA5XP,SP2TJYSQE2RBDBAWF205V81H93N62XDJ0BKGXA5XP,collateral,sBTC,100
9049309,granite-aeusdc,SP2TJYSQE2RBDBAWF205V81H93N62XDJ0BKGXA5XP,SP2TJYSQE2RBDBAWF205V81H93N62XDJ0BKGXA5XP,debt,token-aeusdc,4
9049309,granite-aeusdc,SP2TJYSQE2RBDBAWF205V81H93N62XDJ0BKGXA5XP,SP2TJYSQE2RBDBAWF205V81H93N62XDJ0BKGXA5XP,debt_stored,shares,2
9049309,granite-aeusdc,SP2TKVG6D8BK67EQSZ0A273CQMXMF6GFSJMJRKJKS,SP2TKVG6D8BK67EQSZ0A273CQMXMF6GFSJMJRKJKS,collateral,sBTC,100
9049309,granite-aeusdc,SP2TKVG6D8BK67EQSZ0A273CQMXMF6GFSJMJRKJKS,SP2TKVG6D8BK67EQSZ0A273CQMXMF6GFSJMJRKJKS,debt,token-aeusdc,875
9049309,granite-aeusdc,SP2TKVG6D8BK67EQSZ0A273CQMXMF6GFSJMJRKJKS,SP2TKVG6D8BK67EQSZ0A273CQMXMF6GFSJMJRKJKS,debt_stored,shares,566
9049309,granite-aeusdc,SP2V8JC4CHPAS9QDT2MZTDBE4931CMWDPCH6AW7F0,SP2V8JC4CHPAS9QDT2MZTDBE4931CMWDPCH6AW7F0,collateral,sBTC,100
9049309,granite-aeusdc,SP2V8JC4CHPAS9QDT2MZTDBE4931CMWDPCH6AW7F0,SP2V8JC4CHPAS9QDT2MZTDBE4931CMWDPCH6AW7F0,debt,token-aeusdc,2171
9049309,granite-aeusdc,SP2V8JC4CHPAS9QDT2MZTDBE4931CMWDPCH6AW7F0,SP2V8JC4CHPAS9QDT2MZTDBE4931CMWDPCH6AW7F0,debt_stored,shares,1405
9049309,granite-aeusdc,SP2VTKYJMWRY5FXMEYXQYRF5FGVSXM4S68ST3CDR8,SP2VTKYJMWRY5FXMEYXQYRF5FGVSXM4S68ST3CDR8,collateral,sBTC,100
9049309,granite-aeusdc,SP2VTKYJMWRY5FXMEYXQYRF5FGVSXM4S68ST3CDR8,SP2VTKYJMWRY5FXMEYXQYRF5FGVSXM4S68ST3CDR8,debt,token-aeusdc,2
9049309,granite-aeusdc,SP2VTKYJMWRY5FXMEYXQYRF5FGVSXM4S68ST3CDR8,SP2VTKYJMWRY5FXMEYXQYRF5FGVSXM4S68ST3CDR8,debt_stored,shares,1
9049309,granite-aeusdc,SP2W1DW4YMKMZWTBJA2FRVCHE3Y47WEGZ00ZBF84R,SP2W1DW4YMKMZWTBJA2FRVCHE3Y47WEGZ00ZBF84R,collateral,sBTC,20
9049309,granite-aeusdc,SP2W1DW4YMKMZWTBJA2FRVCHE3Y47WEGZ00ZBF84R,SP2W1DW4YMKMZWTBJA2FRVCHE3Y47WEGZ00ZBF84R,debt,token-aeusdc,2
9049309,granite-aeusdc,SP2W1DW4YMKMZWTBJA2FRVCHE3Y47WEGZ00ZBF84R,SP2W1DW4YMKMZWTBJA2FRVCHE3Y47WEGZ00ZBF84R,debt_stored,shares,1
9049309,granite-aeusdc,SP2W69C81XYZCNBRSDKMVQC7NDQ5WTJX50E472NEV,SP2W69C81XYZCNBRSDKMVQC7NDQ5WTJX50E472NEV,collateral,sBTC,100
9049309,granite-aeusdc,SP2W69C81XYZCNBRSDKMVQC7NDQ5WTJX50E472NEV,SP2W69C81XYZCNBRSDKMVQC7NDQ5WTJX50E472NEV,debt,token-aeusdc,2
9049309,granite-aeusdc,SP2W69C81XYZCNBRSDKMVQC7NDQ5WTJX50E472NEV,SP2W69C81XYZCNBRSDKMVQC7NDQ5WTJX50E472NEV,debt_stored,shares,1
9049309,granite-aeusdc,SP2W7WMZBYCE8H26XF7H9PB3QSPHMNEFXRY54NNYM,SP2W7WMZBYCE8H26XF7H9PB3QSPHMNEFXRY54NNYM,collateral,sBTC,10
9049309,granite-aeusdc,SP2W7WMZBYCE8H26XF7H9PB3QSPHMNEFXRY54NNYM,SP2W7WMZBYCE8H26XF7H9PB3QSPHMNEFXRY54NNYM,debt,token-aeusdc,3435
9049309,granite-aeusdc,SP2W7WMZBYCE8H26XF7H9PB3QSPHMNEFXRY54NNYM,SP2W7WMZBYCE8H26XF7H9PB3QSPHMNEFXRY54NNYM,debt_stored,shares,2223
9049309,granite-aeusdc,SP2W86YWKGPG0ZY7WRT1RJGMS3H0EZHFJJFMCQN7E,SP2W86YWKGPG0ZY7WRT1RJGMS3H0EZHFJJFMCQN7E,collateral,sBTC,8
9049309,granite-aeusdc,SP2W86YWKGPG0ZY7WRT1RJGMS3H0EZHFJJFMCQN7E,SP2W86YWKGPG0ZY7WRT1RJGMS3H0EZHFJJFMCQN7E,debt,token-aeusdc,291
9049309,granite-aeusdc,SP2W86YWKGPG0ZY7WRT1RJGMS3H0EZHFJJFMCQN7E,SP2W86YWKGPG0ZY7WRT1RJGMS3H0EZHFJJFMCQN7E,debt_stored,shares,188
9049309,granite-aeusdc,SP2WRX7ZAR4Z1SJ5V1NHBXZHWX2112HATSDV4R0Y5,SP2WRX7ZAR4Z1SJ5V1NHBXZHWX2112HATSDV4R0Y5,collateral,sBTC,1765
9049309,granite-aeusdc,SP2WRX7ZAR4Z1SJ5V1NHBXZHWX2112HATSDV4R0Y5,SP2WRX7ZAR4Z1SJ5V1NHBXZHWX2112HATSDV4R0Y5,debt,token-aeusdc,848313
9049309,granite-aeusdc,SP2WRX7ZAR4Z1SJ5V1NHBXZHWX2112HATSDV4R0Y5,SP2WRX7ZAR4Z1SJ5V1NHBXZHWX2112HATSDV4R0Y5,debt_stored,shares,549146
9049309,granite-aeusdc,SP2WV7XPZ0AJRHNYV02YQC3FDEF29YWMBPG26BBZR,SP2WV7XPZ0AJRHNYV02YQC3FDEF29YWMBPG26BBZR,collateral,sBTC,100
9049309,granite-aeusdc,SP2WV7XPZ0AJRHNYV02YQC3FDEF29YWMBPG26BBZR,SP2WV7XPZ0AJRHNYV02YQC3FDEF29YWMBPG26BBZR,debt,token-aeusdc,2
9049309,granite-aeusdc,SP2WV7XPZ0AJRHNYV02YQC3FDEF29YWMBPG26BBZR,SP2WV7XPZ0AJRHNYV02YQC3FDEF29YWMBPG26BBZR,debt_stored,shares,1
9049309,granite-aeusdc,SP2Y6J8S976D1T0TGYZ0KFE3FZ8X25PX2NN7BT0JN,SP2Y6J8S976D1T0TGYZ0KFE3FZ8X25PX2NN7BT0JN,collateral,sBTC,28
9049309,granite-aeusdc,SP2Y6J8S976D1T0TGYZ0KFE3FZ8X25PX2NN7BT0JN,SP2Y6J8S976D1T0TGYZ0KFE3FZ8X25PX2NN7BT0JN,debt,token-aeusdc,4
9049309,granite-aeusdc,SP2Y6J8S976D1T0TGYZ0KFE3FZ8X25PX2NN7BT0JN,SP2Y6J8S976D1T0TGYZ0KFE3FZ8X25PX2NN7BT0JN,debt_stored,shares,2
9049309,granite-aeusdc,SP2YJ3JANF1WDV5B0NZT90K4RHYS06D138Z8DRPEF,SP2YJ3JANF1WDV5B0NZT90K4RHYS06D138Z8DRPEF,collateral,sBTC,386500
9049309,granite-aeusdc,SP2YWMJCGXXGZ4R5AKBK61V3CBRKMQ25HRB5K594J,SP2YWMJCGXXGZ4R5AKBK61V3CBRKMQ25HRB5K594J,collateral,sBTC,75
9049309,granite-aeusdc,SP2YWMJCGXXGZ4R5AKBK61V3CBRKMQ25HRB5K594J,SP2YWMJCGXXGZ4R5AKBK61V3CBRKMQ25HRB5K594J,debt,token-aeusdc,2
9049309,granite-aeusdc,SP2YWMJCGXXGZ4R5AKBK61V3CBRKMQ25HRB5K594J,SP2YWMJCGXXGZ4R5AKBK61V3CBRKMQ25HRB5K594J,debt_stored,shares,1
9049309,granite-aeusdc,SP2Z4NVRW5NP97NS7VZSPKF3J0HFT027X22MXA84E,SP2Z4NVRW5NP97NS7VZSPKF3J0HFT027X22MXA84E,collateral,sBTC,100
9049309,granite-aeusdc,SP2Z4NVRW5NP97NS7VZSPKF3J0HFT027X22MXA84E,SP2Z4NVRW5NP97NS7VZSPKF3J0HFT027X22MXA84E,debt,token-aeusdc,2
9049309,granite-aeusdc,SP2Z4NVRW5NP97NS7VZSPKF3J0HFT027X22MXA84E,SP2Z4NVRW5NP97NS7VZSPKF3J0HFT027X22MXA84E,debt_stored,shares,1
9049309,granite-aeusdc,SP2ZC472YRFPHSMSZKSQTCRCJX7YHAHSJMWYNS9SF,SP2ZC472YRFPHSMSZKSQTCRCJX7YHAHSJMWYNS9SF,collateral,sBTC,25
9049309,granite-aeusdc,SP2ZC472YRFPHSMSZKSQTCRCJX7YHAHSJMWYNS9SF,SP2ZC472YRFPHSMSZKSQTCRCJX7YHAHSJMWYNS9SF,debt,token-aeusdc,2
9049309,granite-aeusdc,SP2ZC472YRFPHSMSZKSQTCRCJX7YHAHSJMWYNS9SF,SP2ZC472YRFPHSMSZKSQTCRCJX7YHAHSJMWYNS9SF,debt_stored,shares,1
9049309,granite-aeusdc,SP2ZEEJMA7PWA0R3WADMCEKR7DW4W97SM2G7MJSZ3,SP2ZEEJMA7PWA0R3WADMCEKR7DW4W97SM2G7MJSZ3,collateral,sBTC,49
9049309,granite-aeusdc,SP2ZEEJMA7PWA0R3WADMCEKR7DW4W97SM2G7MJSZ3,SP2ZEEJMA7PWA0R3WADMCEKR7DW4W97SM2G7MJSZ3,debt,token-aeusdc,4
9049309,granite-aeusdc,SP2ZEEJMA7PWA0R3WADMCEKR7DW4W97SM2G7MJSZ3,SP2ZEEJMA7PWA0R3WADMCEKR7DW4W97SM2G7MJSZ3,debt_stored,shares,2
9049309,granite-aeusdc,SP2ZHYW00Q2TFHZFN1RTRWEBYFZYCY1P4QJ0BR89B,SP2ZHYW00Q2TFHZFN1RTRWEBYFZYCY1P4QJ0BR89B,collateral,sBTC,100
9049309,granite-aeusdc,SP2ZHYW00Q2TFHZFN1RTRWEBYFZYCY1P4QJ0BR89B,SP2ZHYW00Q2TFHZFN1RTRWEBYFZYCY1P4QJ0BR89B,debt,token-aeusdc,5
9049309,granite-aeusdc,SP2ZHYW00Q2TFHZFN1RTRWEBYFZYCY1P4QJ0BR89B,SP2ZHYW00Q2TFHZFN1RTRWEBYFZYCY1P4QJ0BR89B,debt_stored,shares,3
9049309,granite-aeusdc,SP2ZV6ZW1EHXXJ9FF7FHM318Q8GTR03827XJ3FA66,SP2ZV6ZW1EHXXJ9FF7FHM318Q8GTR03827XJ3FA66,collateral,sBTC,83
9049309,granite-aeusdc,SP2ZV6ZW1EHXXJ9FF7FHM318Q8GTR03827XJ3FA66,SP2ZV6ZW1EHXXJ9FF7FHM318Q8GTR03827XJ3FA66,debt,token-aeusdc,4
9049309,granite-aeusdc,SP2ZV6ZW1EHXXJ9FF7FHM318Q8GTR03827XJ3FA66,SP2ZV6ZW1EHXXJ9FF7FHM318Q8GTR03827XJ3FA66,debt_stored,shares,2
9049309,granite-aeusdc,SP30C7FCBNPV8AASPYZQ2SE61ZCE3E787QY1DR2SG,SP30C7FCBNPV8AASPYZQ2SE61ZCE3E787QY1DR2SG,collateral,sBTC,10
9049309,granite-aeusdc,SP30C7FCBNPV8AASPYZQ2SE61ZCE3E787QY1DR2SG,SP30C7FCBNPV8AASPYZQ2SE61ZCE3E787QY1DR2SG,debt,token-aeusdc,2
9049309,granite-aeusdc,SP30C7FCBNPV8AASPYZQ2SE61ZCE3E787QY1DR2SG,SP30C7FCBNPV8AASPYZQ2SE61ZCE3E787QY1DR2SG,debt_stored,shares,1
9049309,granite-aeusdc,SP30GZT60YD042MC1FH9WQ770QMHHPPGY96XBEPB4,SP30GZT60YD042MC1FH9WQ770QMHHPPGY96XBEPB4,collateral,sBTC,10047079
9049309,granite-aeusdc,SP30GZT60YD042MC1FH9WQ770QMHHPPGY96XBEPB4,SP30GZT60YD042MC1FH9WQ770QMHHPPGY96XBEPB4,debt,token-aeusdc,4157947136
9049309,granite-aeusdc,SP30GZT60YD042MC1FH9WQ770QMHHPPGY96XBEPB4,SP30GZT60YD042MC1FH9WQ770QMHHPPGY96XBEPB4,debt_stored,shares,2691603855
9049309,granite-aeusdc,SP30HJZ9TQEXF7XMRNHVJ3RBGV27SRSJEJ1BRZD3E,SP30HJZ9TQEXF7XMRNHVJ3RBGV27SRSJEJ1BRZD3E,collateral,sBTC,36
9049309,granite-aeusdc,SP30HJZ9TQEXF7XMRNHVJ3RBGV27SRSJEJ1BRZD3E,SP30HJZ9TQEXF7XMRNHVJ3RBGV27SRSJEJ1BRZD3E,debt,token-aeusdc,1775
9049309,granite-aeusdc,SP30HJZ9TQEXF7XMRNHVJ3RBGV27SRSJEJ1BRZD3E,SP30HJZ9TQEXF7XMRNHVJ3RBGV27SRSJEJ1BRZD3E,debt_stored,shares,1149
9049309,granite-aeusdc,SP312MPJQT3M1J32VGBCE9DZ67MWW34VAPN6A1G57,SP312MPJQT3M1J32VGBCE9DZ67MWW34VAPN6A1G57,collateral,sBTC,100
9049309,granite-aeusdc,SP312MPJQT3M1J32VGBCE9DZ67MWW34VAPN6A1G57,SP312MPJQT3M1J32VGBCE9DZ67MWW34VAPN6A1G57,debt,token-aeusdc,2
9049309,granite-aeusdc,SP312MPJQT3M1J32VGBCE9DZ67MWW34VAPN6A1G57,SP312MPJQT3M1J32VGBCE9DZ67MWW34VAPN6A1G57,debt_stored,shares,1
9049309,granite-aeusdc,SP318BH9KTSQFXBEX6DZ6N3SEVYKVJRMETK83VN7X,SP318BH9KTSQFXBEX6DZ6N3SEVYKVJRMETK83VN7X,collateral,sBTC,100
9049309,granite-aeusdc,SP31QET820BNNS6HET0MGXMKWC6HF0D5V4YXDKFG2,SP31QET820BNNS6HET0MGXMKWC6HF0D5V4YXDKFG2,collateral,sBTC,9000
9049309,granite-aeusdc,SP31QET820BNNS6HET0MGXMKWC6HF0D5V4YXDKFG2,SP31QET820BNNS6HET0MGXMKWC6HF0D5V4YXDKFG2,debt,token-aeusdc,4149075
9049309,granite-aeusdc,SP31QET820BNNS6HET0MGXMKWC6HF0D5V4YXDKFG2,SP31QET820BNNS6HET0MGXMKWC6HF0D5V4YXDKFG2,debt_stored,shares,2685860
9049309,granite-aeusdc,SP31QH1M2PD3ZSFJEE190AA7C9ENRBW228KSXCH6V,SP31QH1M2PD3ZSFJEE190AA7C9ENRBW228KSXCH6V,collateral,sBTC,25
9049309,granite-aeusdc,SP31QH1M2PD3ZSFJEE190AA7C9ENRBW228KSXCH6V,SP31QH1M2PD3ZSFJEE190AA7C9ENRBW228KSXCH6V,debt,token-aeusdc,4289
9049309,granite-aeusdc,SP31QH1M2PD3ZSFJEE190AA7C9ENRBW228KSXCH6V,SP31QH1M2PD3ZSFJEE190AA7C9ENRBW228KSXCH6V,debt_stored,shares,2776
9049309,granite-aeusdc,SP33EBRAP8WCMRQ3HNS71WMR8RB2YTD9F1D6E2B09,SP33EBRAP8WCMRQ3HNS71WMR8RB2YTD9F1D6E2B09,collateral,sBTC,32
9049309,granite-aeusdc,SP33EBRAP8WCMRQ3HNS71WMR8RB2YTD9F1D6E2B09,SP33EBRAP8WCMRQ3HNS71WMR8RB2YTD9F1D6E2B09,debt,token-aeusdc,1769
9049309,granite-aeusdc,SP33EBRAP8WCMRQ3HNS71WMR8RB2YTD9F1D6E2B09,SP33EBRAP8WCMRQ3HNS71WMR8RB2YTD9F1D6E2B09,debt_stored,shares,1145
9049309,granite-aeusdc,SP33FF1SMBHC8RFRDAE8PXM92MVDC3K2NNGRVW8XS,SP33FF1SMBHC8RFRDAE8PXM92MVDC3K2NNGRVW8XS,collateral,sBTC,29
9049309,granite-aeusdc,SP33FF1SMBHC8RFRDAE8PXM92MVDC3K2NNGRVW8XS,SP33FF1SMBHC8RFRDAE8PXM92MVDC3K2NNGRVW8XS,debt,token-aeusdc,2
9049309,granite-aeusdc,SP33FF1SMBHC8RFRDAE8PXM92MVDC3K2NNGRVW8XS,SP33FF1SMBHC8RFRDAE8PXM92MVDC3K2NNGRVW8XS,debt_stored,shares,1
9049309,granite-aeusdc,SP33H8GHR991CYQ4CY8WCKKXTDE15XXAXRV5W0YC,SP33H8GHR991CYQ4CY8WCKKXTDE15XXAXRV5W0YC,collateral,sBTC,100
9049309,granite-aeusdc,SP33H8GHR991CYQ4CY8WCKKXTDE15XXAXRV5W0YC,SP33H8GHR991CYQ4CY8WCKKXTDE15XXAXRV5W0YC,debt,token-aeusdc,4
9049309,granite-aeusdc,SP33H8GHR991CYQ4CY8WCKKXTDE15XXAXRV5W0YC,SP33H8GHR991CYQ4CY8WCKKXTDE15XXAXRV5W0YC,debt_stored,shares,2
9049309,granite-aeusdc,SP33HCYHWSCT3Q97E9G46SWWA3M3SRR0XPH70HT55,SP33HCYHWSCT3Q97E9G46SWWA3M3SRR0XPH70HT55,collateral,sBTC,1
9049309,granite-aeusdc,SP33HCYHWSCT3Q97E9G46SWWA3M3SRR0XPH70HT55,SP33HCYHWSCT3Q97E9G46SWWA3M3SRR0XPH70HT55,debt,token-aeusdc,4
9049309,granite-aeusdc,SP33HCYHWSCT3Q97E9G46SWWA3M3SRR0XPH70HT55,SP33HCYHWSCT3Q97E9G46SWWA3M3SRR0XPH70HT55,debt_stored,shares,2
9049309,granite-aeusdc,SP34A9Z7W5N7YC9JS7V3T6ECGSS4CVZRDR6NFHQHQ,SP34A9Z7W5N7YC9JS7V3T6ECGSS4CVZRDR6NFHQHQ,collateral,sBTC,84
9049309,granite-aeusdc,SP34A9Z7W5N7YC9JS7V3T6ECGSS4CVZRDR6NFHQHQ,SP34A9Z7W5N7YC9JS7V3T6ECGSS4CVZRDR6NFHQHQ,debt,token-aeusdc,1779
9049309,granite-aeusdc,SP34A9Z7W5N7YC9JS7V3T6ECGSS4CVZRDR6NFHQHQ,SP34A9Z7W5N7YC9JS7V3T6ECGSS4CVZRDR6NFHQHQ,debt_stored,shares,1151
9049309,granite-aeusdc,SP34PVWWC8ZC05MVAXHPK9A92PKQBKAZFYJN4E8K1,SP34PVWWC8ZC05MVAXHPK9A92PKQBKAZFYJN4E8K1,collateral,sBTC,2
9049309,granite-aeusdc,SP34PVWWC8ZC05MVAXHPK9A92PKQBKAZFYJN4E8K1,SP34PVWWC8ZC05MVAXHPK9A92PKQBKAZFYJN4E8K1,debt,token-aeusdc,5
9049309,granite-aeusdc,SP34PVWWC8ZC05MVAXHPK9A92PKQBKAZFYJN4E8K1,SP34PVWWC8ZC05MVAXHPK9A92PKQBKAZFYJN4E8K1,debt_stored,shares,3
9049309,granite-aeusdc,SP34Y4WVRCJK27E61E99SA3KJQNB10HC6J2G383RC,SP34Y4WVRCJK27E61E99SA3KJQNB10HC6J2G383RC,collateral,sBTC,100
9049309,granite-aeusdc,SP34Y4WVRCJK27E61E99SA3KJQNB10HC6J2G383RC,SP34Y4WVRCJK27E61E99SA3KJQNB10HC6J2G383RC,debt,token-aeusdc,4
9049309,granite-aeusdc,SP34Y4WVRCJK27E61E99SA3KJQNB10HC6J2G383RC,SP34Y4WVRCJK27E61E99SA3KJQNB10HC6J2G383RC,debt_stored,shares,2
9049309,granite-aeusdc,SP35EFBZ7S64YKV76AE49198ZFKZ933J07YWRMXBZ,SP35EFBZ7S64YKV76AE49198ZFKZ933J07YWRMXBZ,collateral,sBTC,72
9049309,granite-aeusdc,SP35EFBZ7S64YKV76AE49198ZFKZ933J07YWRMXBZ,SP35EFBZ7S64YKV76AE49198ZFKZ933J07YWRMXBZ,debt,token-aeusdc,2
9049309,granite-aeusdc,SP35EFBZ7S64YKV76AE49198ZFKZ933J07YWRMXBZ,SP35EFBZ7S64YKV76AE49198ZFKZ933J07YWRMXBZ,debt_stored,shares,1
9049309,granite-aeusdc,SP35Q0J032X8KWFBEYE7BJ1AEP4KWFB51PKJVDGM9,SP35Q0J032X8KWFBEYE7BJ1AEP4KWFB51PKJVDGM9,collateral,sBTC,9082900
9049309,granite-aeusdc,SP35Q0J032X8KWFBEYE7BJ1AEP4KWFB51PKJVDGM9,SP35Q0J032X8KWFBEYE7BJ1AEP4KWFB51PKJVDGM9,debt,token-aeusdc,3758943196
9049309,granite-aeusdc,SP35Q0J032X8KWFBEYE7BJ1AEP4KWFB51PKJVDGM9,SP35Q0J032X8KWFBEYE7BJ1AEP4KWFB51PKJVDGM9,debt_stored,shares,2433312802
9049309,granite-aeusdc,SP35R4DXWZRPMPTSNK0FFW714H9HPWH3R35Z4GVJC,SP35R4DXWZRPMPTSNK0FFW714H9HPWH3R35Z4GVJC,collateral,sBTC,1175
9049309,granite-aeusdc,SP35Z2QMWD8P16RMVCYZ6F7685GPB5PZFTSVJT0MK,SP35Z2QMWD8P16RMVCYZ6F7685GPB5PZFTSVJT0MK,collateral,sBTC,53
9049309,granite-aeusdc,SP35Z2QMWD8P16RMVCYZ6F7685GPB5PZFTSVJT0MK,SP35Z2QMWD8P16RMVCYZ6F7685GPB5PZFTSVJT0MK,debt,token-aeusdc,8
9049309,granite-aeusdc,SP35Z2QMWD8P16RMVCYZ6F7685GPB5PZFTSVJT0MK,SP35Z2QMWD8P16RMVCYZ6F7685GPB5PZFTSVJT0MK,debt_stored,shares,5
9049309,granite-aeusdc,SP3666C2NYH5HVDZ8X323EQ327D6WNCZEVX4G3QCZ,SP3666C2NYH5HVDZ8X323EQ327D6WNCZEVX4G3QCZ,collateral,sBTC,59
9049309,granite-aeusdc,SP3666C2NYH5HVDZ8X323EQ327D6WNCZEVX4G3QCZ,SP3666C2NYH5HVDZ8X323EQ327D6WNCZEVX4G3QCZ,debt,token-aeusdc,13684
9049309,granite-aeusdc,SP3666C2NYH5HVDZ8X323EQ327D6WNCZEVX4G3QCZ,SP3666C2NYH5HVDZ8X323EQ327D6WNCZEVX4G3QCZ,debt_stored,shares,8858
9049309,granite-aeusdc,SP36KE5AZ2GQ6KY30T8RVTPYMYHQ8ARXDCBDXEJ2V,SP36KE5AZ2GQ6KY30T8RVTPYMYHQ8ARXDCBDXEJ2V,collateral,sBTC,100
9049309,granite-aeusdc,SP36KE5AZ2GQ6KY30T8RVTPYMYHQ8ARXDCBDXEJ2V,SP36KE5AZ2GQ6KY30T8RVTPYMYHQ8ARXDCBDXEJ2V,debt,token-aeusdc,2
9049309,granite-aeusdc,SP36KE5AZ2GQ6KY30T8RVTPYMYHQ8ARXDCBDXEJ2V,SP36KE5AZ2GQ6KY30T8RVTPYMYHQ8ARXDCBDXEJ2V,debt_stored,shares,1
9049309,granite-aeusdc,SP37QXVJ7KGKZ9793K70W2WB8EZV707Y55FKC8FT7,SP37QXVJ7KGKZ9793K70W2WB8EZV707Y55FKC8FT7,collateral,sBTC,100
9049309,granite-aeusdc,SP37QXVJ7KGKZ9793K70W2WB8EZV707Y55FKC8FT7,SP37QXVJ7KGKZ9793K70W2WB8EZV707Y55FKC8FT7,debt,token-aeusdc,2
9049309,granite-aeusdc,SP37QXVJ7KGKZ9793K70W2WB8EZV707Y55FKC8FT7,SP37QXVJ7KGKZ9793K70W2WB8EZV707Y55FKC8FT7,debt_stored,shares,1
9049309,granite-aeusdc,SP37RWETPSDEHRQTMN8RKEPAMVFGTPTKW8PF79TW6,SP37RWETPSDEHRQTMN8RKEPAMVFGTPTKW8PF79TW6,collateral,sBTC,15
9049309,granite-aeusdc,SP37RWETPSDEHRQTMN8RKEPAMVFGTPTKW8PF79TW6,SP37RWETPSDEHRQTMN8RKEPAMVFGTPTKW8PF79TW6,debt,token-aeusdc,1738
9049309,granite-aeusdc,SP37RWETPSDEHRQTMN8RKEPAMVFGTPTKW8PF79TW6,SP37RWETPSDEHRQTMN8RKEPAMVFGTPTKW8PF79TW6,debt_stored,shares,1125
9049309,granite-aeusdc,SP38HQAS98DMEJK86CTVT96ZQ43Y7N9FY0CGG7NS9,SP38HQAS98DMEJK86CTVT96ZQ43Y7N9FY0CGG7NS9,collateral,sBTC,39
9049309,granite-aeusdc,SP38HQAS98DMEJK86CTVT96ZQ43Y7N9FY0CGG7NS9,SP38HQAS98DMEJK86CTVT96ZQ43Y7N9FY0CGG7NS9,debt,token-aeusdc,2
9049309,granite-aeusdc,SP38HQAS98DMEJK86CTVT96ZQ43Y7N9FY0CGG7NS9,SP38HQAS98DMEJK86CTVT96ZQ43Y7N9FY0CGG7NS9,debt_stored,shares,1
9049309,granite-aeusdc,SP38XSJ91XTY6ARN2W58AKKPBJAJ0AM02W1QJ497F,SP38XSJ91XTY6ARN2W58AKKPBJAJ0AM02W1QJ497F,collateral,sBTC,18704500
9049309,granite-aeusdc,SP38XSJ91XTY6ARN2W58AKKPBJAJ0AM02W1QJ497F,SP38XSJ91XTY6ARN2W58AKKPBJAJ0AM02W1QJ497F,debt,token-aeusdc,6812091174
9049309,granite-aeusdc,SP38XSJ91XTY6ARN2W58AKKPBJAJ0AM02W1QJ497F,SP38XSJ91XTY6ARN2W58AKKPBJAJ0AM02W1QJ497F,debt_stored,shares,4409736407
9049309,granite-aeusdc,SP396N373QF0894B6YZ9DN50DVCDT9Y1A6HKQV891,SP396N373QF0894B6YZ9DN50DVCDT9Y1A6HKQV891,collateral,sBTC,87
9049309,granite-aeusdc,SP396N373QF0894B6YZ9DN50DVCDT9Y1A6HKQV891,SP396N373QF0894B6YZ9DN50DVCDT9Y1A6HKQV891,debt,token-aeusdc,10
9049309,granite-aeusdc,SP396N373QF0894B6YZ9DN50DVCDT9Y1A6HKQV891,SP396N373QF0894B6YZ9DN50DVCDT9Y1A6HKQV891,debt_stored,shares,6
9049309,granite-aeusdc,SP39E0J9GDSP0KZ9PS8SKKRSKWC3ZXVPV1NTD7P7K,SP39E0J9GDSP0KZ9PS8SKKRSKWC3ZXVPV1NTD7P7K,collateral,sBTC,17
9049309,granite-aeusdc,SP39E0J9GDSP0KZ9PS8SKKRSKWC3ZXVPV1NTD7P7K,SP39E0J9GDSP0KZ9PS8SKKRSKWC3ZXVPV1NTD7P7K,debt,token-aeusdc,2
9049309,granite-aeusdc,SP39E0J9GDSP0KZ9PS8SKKRSKWC3ZXVPV1NTD7P7K,SP39E0J9GDSP0KZ9PS8SKKRSKWC3ZXVPV1NTD7P7K,debt_stored,shares,1
9049309,granite-aeusdc,SP3A2SDGTY09XCP9VAE2DE8H8G8Q392GDDYTYV1M7,SP3A2SDGTY09XCP9VAE2DE8H8G8Q392GDDYTYV1M7,collateral,sBTC,70
9049309,granite-aeusdc,SP3A2SDGTY09XCP9VAE2DE8H8G8Q392GDDYTYV1M7,SP3A2SDGTY09XCP9VAE2DE8H8G8Q392GDDYTYV1M7,debt,token-aeusdc,4
9049309,granite-aeusdc,SP3A2SDGTY09XCP9VAE2DE8H8G8Q392GDDYTYV1M7,SP3A2SDGTY09XCP9VAE2DE8H8G8Q392GDDYTYV1M7,debt_stored,shares,2
9049309,granite-aeusdc,SP3A6VQR8QBT26KBHW47W58FV816ZS5DVKBQTQ04B,SP3A6VQR8QBT26KBHW47W58FV816ZS5DVKBQTQ04B,collateral,sBTC,7
9049309,granite-aeusdc,SP3A6VQR8QBT26KBHW47W58FV816ZS5DVKBQTQ04B,SP3A6VQR8QBT26KBHW47W58FV816ZS5DVKBQTQ04B,debt,token-aeusdc,4
9049309,granite-aeusdc,SP3A6VQR8QBT26KBHW47W58FV816ZS5DVKBQTQ04B,SP3A6VQR8QBT26KBHW47W58FV816ZS5DVKBQTQ04B,debt_stored,shares,2
9049309,granite-aeusdc,SP3B7B3XDEEKQPDETF6YVKMF3TKQ72KCG6PJP0XF2,SP3B7B3XDEEKQPDETF6YVKMF3TKQ72KCG6PJP0XF2,collateral,sBTC,77
9049309,granite-aeusdc,SP3B7B3XDEEKQPDETF6YVKMF3TKQ72KCG6PJP0XF2,SP3B7B3XDEEKQPDETF6YVKMF3TKQ72KCG6PJP0XF2,debt,token-aeusdc,1772
9049309,granite-aeusdc,SP3B7B3XDEEKQPDETF6YVKMF3TKQ72KCG6PJP0XF2,SP3B7B3XDEEKQPDETF6YVKMF3TKQ72KCG6PJP0XF2,debt_stored,shares,1147
9049309,granite-aeusdc,SP3BEYCVV6C93XMCG05JKBB8YHCKCVJRQG0VY5TWC,SP3BEYCVV6C93XMCG05JKBB8YHCKCVJRQG0VY5TWC,collateral,sBTC,20
9049309,granite-aeusdc,SP3BEYCVV6C93XMCG05JKBB8YHCKCVJRQG0VY5TWC,SP3BEYCVV6C93XMCG05JKBB8YHCKCVJRQG0VY5TWC,debt,token-aeusdc,2
9049309,granite-aeusdc,SP3BEYCVV6C93XMCG05JKBB8YHCKCVJRQG0VY5TWC,SP3BEYCVV6C93XMCG05JKBB8YHCKCVJRQG0VY5TWC,debt_stored,shares,1
9049309,granite-aeusdc,SP3BZKVQM2RSXBMNZ4E2YC9TQT15S8PG7Z6W3V5NR,SP3BZKVQM2RSXBMNZ4E2YC9TQT15S8PG7Z6W3V5NR,collateral,sBTC,100
9049309,granite-aeusdc,SP3BZKVQM2RSXBMNZ4E2YC9TQT15S8PG7Z6W3V5NR,SP3BZKVQM2RSXBMNZ4E2YC9TQT15S8PG7Z6W3V5NR,debt,token-aeusdc,11339
9049309,granite-aeusdc,SP3BZKVQM2RSXBMNZ4E2YC9TQT15S8PG7Z6W3V5NR,SP3BZKVQM2RSXBMNZ4E2YC9TQT15S8PG7Z6W3V5NR,debt_stored,shares,7340
9049309,granite-aeusdc,SP3C1T5CK11FFX9648TNKGPXQ4N4XEKNFEMZBGRRQ,SP3C1T5CK11FFX9648TNKGPXQ4N4XEKNFEMZBGRRQ,collateral,sBTC,36
9049309,granite-aeusdc,SP3C1T5CK11FFX9648TNKGPXQ4N4XEKNFEMZBGRRQ,SP3C1T5CK11FFX9648TNKGPXQ4N4XEKNFEMZBGRRQ,debt,token-aeusdc,4
9049309,granite-aeusdc,SP3C1T5CK11FFX9648TNKGPXQ4N4XEKNFEMZBGRRQ,SP3C1T5CK11FFX9648TNKGPXQ4N4XEKNFEMZBGRRQ,debt_stored,shares,2
9049309,granite-aeusdc,SP3CDSAJ1AYVE77C2MC3M1QJJ711DTFC8DBYM7XBH,SP3CDSAJ1AYVE77C2MC3M1QJJ711DTFC8DBYM7XBH,collateral,sBTC,64
9049309,granite-aeusdc,SP3CDSAJ1AYVE77C2MC3M1QJJ711DTFC8DBYM7XBH,SP3CDSAJ1AYVE77C2MC3M1QJJ711DTFC8DBYM7XBH,debt,token-aeusdc,2
9049309,granite-aeusdc,SP3CDSAJ1AYVE77C2MC3M1QJJ711DTFC8DBYM7XBH,SP3CDSAJ1AYVE77C2MC3M1QJJ711DTFC8DBYM7XBH,debt_stored,shares,1
9049309,granite-aeusdc,SP3CG4HYB3CWEW1QP1WTMYXCYEDH8ZV4XX3P87S12,SP3CG4HYB3CWEW1QP1WTMYXCYEDH8ZV4XX3P87S12,collateral,sBTC,72
9049309,granite-aeusdc,SP3CG4HYB3CWEW1QP1WTMYXCYEDH8ZV4XX3P87S12,SP3CG4HYB3CWEW1QP1WTMYXCYEDH8ZV4XX3P87S12,debt,token-aeusdc,3433
9049309,granite-aeusdc,SP3CG4HYB3CWEW1QP1WTMYXCYEDH8ZV4XX3P87S12,SP3CG4HYB3CWEW1QP1WTMYXCYEDH8ZV4XX3P87S12,debt_stored,shares,2222
9049309,granite-aeusdc,SP3CQQSZ0SZNWQH1DEXQBVMVWRFYEB2FNGJMEZ2JH,SP3CQQSZ0SZNWQH1DEXQBVMVWRFYEB2FNGJMEZ2JH,collateral,sBTC,76
9049309,granite-aeusdc,SP3CQQSZ0SZNWQH1DEXQBVMVWRFYEB2FNGJMEZ2JH,SP3CQQSZ0SZNWQH1DEXQBVMVWRFYEB2FNGJMEZ2JH,debt,token-aeusdc,2
9049309,granite-aeusdc,SP3CQQSZ0SZNWQH1DEXQBVMVWRFYEB2FNGJMEZ2JH,SP3CQQSZ0SZNWQH1DEXQBVMVWRFYEB2FNGJMEZ2JH,debt_stored,shares,1
9049309,granite-aeusdc,SP3CQR2PP11AC392Y259END2GMTXEEK74DVNPX821,SP3CQR2PP11AC392Y259END2GMTXEEK74DVNPX821,collateral,sBTC,21
9049309,granite-aeusdc,SP3CQR2PP11AC392Y259END2GMTXEEK74DVNPX821,SP3CQR2PP11AC392Y259END2GMTXEEK74DVNPX821,debt,token-aeusdc,2
9049309,granite-aeusdc,SP3CQR2PP11AC392Y259END2GMTXEEK74DVNPX821,SP3CQR2PP11AC392Y259END2GMTXEEK74DVNPX821,debt_stored,shares,1
9049309,granite-aeusdc,SP3CVR2N8MB1W9VRFDJGPPRZZYDHKF9SW3ZCSPCZP,SP3CVR2N8MB1W9VRFDJGPPRZZYDHKF9SW3ZCSPCZP,collateral,sBTC,17
9049309,granite-aeusdc,SP3CVR2N8MB1W9VRFDJGPPRZZYDHKF9SW3ZCSPCZP,SP3CVR2N8MB1W9VRFDJGPPRZZYDHKF9SW3ZCSPCZP,debt,token-aeusdc,2
9049309,granite-aeusdc,SP3CVR2N8MB1W9VRFDJGPPRZZYDHKF9SW3ZCSPCZP,SP3CVR2N8MB1W9VRFDJGPPRZZYDHKF9SW3ZCSPCZP,debt_stored,shares,1
9049309,granite-aeusdc,SP3D0YJ4VTB07FNWC96EAKKVEG7WBTRR7R0F1TKWJ,SP3D0YJ4VTB07FNWC96EAKKVEG7WBTRR7R0F1TKWJ,collateral,sBTC,100
9049309,granite-aeusdc,SP3D0YJ4VTB07FNWC96EAKKVEG7WBTRR7R0F1TKWJ,SP3D0YJ4VTB07FNWC96EAKKVEG7WBTRR7R0F1TKWJ,debt,token-aeusdc,2
9049309,granite-aeusdc,SP3D0YJ4VTB07FNWC96EAKKVEG7WBTRR7R0F1TKWJ,SP3D0YJ4VTB07FNWC96EAKKVEG7WBTRR7R0F1TKWJ,debt_stored,shares,1
9049309,granite-aeusdc,SP3DD1YG6EYKR3GPH8KBMQ6H4BNBHK4WSDZFY0J4,SP3DD1YG6EYKR3GPH8KBMQ6H4BNBHK4WSDZFY0J4,collateral,sBTC,14
9049309,granite-aeusdc,SP3DD1YG6EYKR3GPH8KBMQ6H4BNBHK4WSDZFY0J4,SP3DD1YG6EYKR3GPH8KBMQ6H4BNBHK4WSDZFY0J4,debt,token-aeusdc,520
9049309,granite-aeusdc,SP3DD1YG6EYKR3GPH8KBMQ6H4BNBHK4WSDZFY0J4,SP3DD1YG6EYKR3GPH8KBMQ6H4BNBHK4WSDZFY0J4,debt_stored,shares,336
9049309,granite-aeusdc,SP3DX059YNMYFHRXHXAHJQDJPFXN6JCFZS1C56WA7,SP3DX059YNMYFHRXHXAHJQDJPFXN6JCFZS1C56WA7,collateral,sBTC,598
9049309,granite-aeusdc,SP3DX059YNMYFHRXHXAHJQDJPFXN6JCFZS1C56WA7,SP3DX059YNMYFHRXHXAHJQDJPFXN6JCFZS1C56WA7,debt,token-aeusdc,341769
9049309,granite-aeusdc,SP3DX059YNMYFHRXHXAHJQDJPFXN6JCFZS1C56WA7,SP3DX059YNMYFHRXHXAHJQDJPFXN6JCFZS1C56WA7,debt_stored,shares,221240
9049309,granite-aeusdc,SP3E08XZFY2C1SRTDBW55FGE03249NXEECX9NKQQC,SP3E08XZFY2C1SRTDBW55FGE03249NXEECX9NKQQC,collateral,sBTC,100
9049309,granite-aeusdc,SP3E08XZFY2C1SRTDBW55FGE03249NXEECX9NKQQC,SP3E08XZFY2C1SRTDBW55FGE03249NXEECX9NKQQC,debt,token-aeusdc,2
9049309,granite-aeusdc,SP3E08XZFY2C1SRTDBW55FGE03249NXEECX9NKQQC,SP3E08XZFY2C1SRTDBW55FGE03249NXEECX9NKQQC,debt_stored,shares,1
9049309,granite-aeusdc,SP3E5Y7GE0HEQQTPSEJ06CV1PF8H7R4FQHSE0ZM51,SP3E5Y7GE0HEQQTPSEJ06CV1PF8H7R4FQHSE0ZM51,collateral,sBTC,60
9049309,granite-aeusdc,SP3E5Y7GE0HEQQTPSEJ06CV1PF8H7R4FQHSE0ZM51,SP3E5Y7GE0HEQQTPSEJ06CV1PF8H7R4FQHSE0ZM51,debt,token-aeusdc,4
9049309,granite-aeusdc,SP3E5Y7GE0HEQQTPSEJ06CV1PF8H7R4FQHSE0ZM51,SP3E5Y7GE0HEQQTPSEJ06CV1PF8H7R4FQHSE0ZM51,debt_stored,shares,2
9049309,granite-aeusdc,SP3E7PEKJ2VHKCRFZ95B7JWR8DYMQDWQ03RJ2CJGX,SP3E7PEKJ2VHKCRFZ95B7JWR8DYMQDWQ03RJ2CJGX,collateral,sBTC,70
9049309,granite-aeusdc,SP3E7PEKJ2VHKCRFZ95B7JWR8DYMQDWQ03RJ2CJGX,SP3E7PEKJ2VHKCRFZ95B7JWR8DYMQDWQ03RJ2CJGX,debt,token-aeusdc,2
9049309,granite-aeusdc,SP3E7PEKJ2VHKCRFZ95B7JWR8DYMQDWQ03RJ2CJGX,SP3E7PEKJ2VHKCRFZ95B7JWR8DYMQDWQ03RJ2CJGX,debt_stored,shares,1
9049309,granite-aeusdc,SP3E7SS230C1Z4MGV3CV7FJRF21AXB3XNH50FEH8S,SP3E7SS230C1Z4MGV3CV7FJRF21AXB3XNH50FEH8S,collateral,sBTC,21
9049309,granite-aeusdc,SP3E7SS230C1Z4MGV3CV7FJRF21AXB3XNH50FEH8S,SP3E7SS230C1Z4MGV3CV7FJRF21AXB3XNH50FEH8S,debt,token-aeusdc,2
9049309,granite-aeusdc,SP3E7SS230C1Z4MGV3CV7FJRF21AXB3XNH50FEH8S,SP3E7SS230C1Z4MGV3CV7FJRF21AXB3XNH50FEH8S,debt_stored,shares,1
9049309,granite-aeusdc,SP3EAB6NKWV1QQ449W9N2CPQEPZVPS13N6VAWKP6T,SP3EAB6NKWV1QQ449W9N2CPQEPZVPS13N6VAWKP6T,collateral,sBTC,1
9049309,granite-aeusdc,SP3EM5YSC7NA10S7XE9CT73E4G7VMT889B3KNJBB8,SP3EM5YSC7NA10S7XE9CT73E4G7VMT889B3KNJBB8,collateral,sBTC,54
9049309,granite-aeusdc,SP3EM5YSC7NA10S7XE9CT73E4G7VMT889B3KNJBB8,SP3EM5YSC7NA10S7XE9CT73E4G7VMT889B3KNJBB8,debt,token-aeusdc,13
9049309,granite-aeusdc,SP3EM5YSC7NA10S7XE9CT73E4G7VMT889B3KNJBB8,SP3EM5YSC7NA10S7XE9CT73E4G7VMT889B3KNJBB8,debt_stored,shares,8
9049309,granite-aeusdc,SP3FG3HGK6R7SGV5G4M9JKQGR962JA6BFBPWFB3HT,SP3FG3HGK6R7SGV5G4M9JKQGR962JA6BFBPWFB3HT,collateral,sBTC,15
9049309,granite-aeusdc,SP3FG3HGK6R7SGV5G4M9JKQGR962JA6BFBPWFB3HT,SP3FG3HGK6R7SGV5G4M9JKQGR962JA6BFBPWFB3HT,debt,token-aeusdc,561
9049309,granite-aeusdc,SP3FG3HGK6R7SGV5G4M9JKQGR962JA6BFBPWFB3HT,SP3FG3HGK6R7SGV5G4M9JKQGR962JA6BFBPWFB3HT,debt_stored,shares,363
9049309,granite-aeusdc,SP3FZ65D61BVDWNB9ZFBV10YYR9GFC5S2FR2AWY1T,SP3FZ65D61BVDWNB9ZFBV10YYR9GFC5S2FR2AWY1T,collateral,sBTC,30
9049309,granite-aeusdc,SP3FZ65D61BVDWNB9ZFBV10YYR9GFC5S2FR2AWY1T,SP3FZ65D61BVDWNB9ZFBV10YYR9GFC5S2FR2AWY1T,debt,token-aeusdc,2
9049309,granite-aeusdc,SP3FZ65D61BVDWNB9ZFBV10YYR9GFC5S2FR2AWY1T,SP3FZ65D61BVDWNB9ZFBV10YYR9GFC5S2FR2AWY1T,debt_stored,shares,1
9049309,granite-aeusdc,SP3G0PJBR8TRVXP7YYZVR5XX0FAKQ50YC1BD9JZTR,SP3G0PJBR8TRVXP7YYZVR5XX0FAKQ50YC1BD9JZTR,collateral,sBTC,100
9049309,granite-aeusdc,SP3G0PJBR8TRVXP7YYZVR5XX0FAKQ50YC1BD9JZTR,SP3G0PJBR8TRVXP7YYZVR5XX0FAKQ50YC1BD9JZTR,debt,token-aeusdc,2
9049309,granite-aeusdc,SP3G0PJBR8TRVXP7YYZVR5XX0FAKQ50YC1BD9JZTR,SP3G0PJBR8TRVXP7YYZVR5XX0FAKQ50YC1BD9JZTR,debt_stored,shares,1
9049309,granite-aeusdc,SP3G5R09XPSYTCQ8JW12M2X16DTE7T2ZSZNBGA32Z,SP3G5R09XPSYTCQ8JW12M2X16DTE7T2ZSZNBGA32Z,collateral,sBTC,31
9049309,granite-aeusdc,SP3G5R09XPSYTCQ8JW12M2X16DTE7T2ZSZNBGA32Z,SP3G5R09XPSYTCQ8JW12M2X16DTE7T2ZSZNBGA32Z,debt,token-aeusdc,4
9049309,granite-aeusdc,SP3G5R09XPSYTCQ8JW12M2X16DTE7T2ZSZNBGA32Z,SP3G5R09XPSYTCQ8JW12M2X16DTE7T2ZSZNBGA32Z,debt_stored,shares,2
9049309,granite-aeusdc,SP3GKJ4X1G779RDQ64CXX0ZZZJGZC5YQ9DN3BHVZV,SP3GKJ4X1G779RDQ64CXX0ZZZJGZC5YQ9DN3BHVZV,collateral,sBTC,56
9049309,granite-aeusdc,SP3GKJ4X1G779RDQ64CXX0ZZZJGZC5YQ9DN3BHVZV,SP3GKJ4X1G779RDQ64CXX0ZZZJGZC5YQ9DN3BHVZV,debt,token-aeusdc,1453
9049309,granite-aeusdc,SP3GKJ4X1G779RDQ64CXX0ZZZJGZC5YQ9DN3BHVZV,SP3GKJ4X1G779RDQ64CXX0ZZZJGZC5YQ9DN3BHVZV,debt_stored,shares,940
9049309,granite-aeusdc,SP3GPV7YEVS2VNFYYXEJA4HWXA0HFX4SMFK9F12P7,SP3GPV7YEVS2VNFYYXEJA4HWXA0HFX4SMFK9F12P7,collateral,sBTC,223096
9049309,granite-aeusdc,SP3GPV7YEVS2VNFYYXEJA4HWXA0HFX4SMFK9F12P7,SP3GPV7YEVS2VNFYYXEJA4HWXA0HFX4SMFK9F12P7,debt,token-aeusdc,58784598
9049309,granite-aeusdc,SP3GPV7YEVS2VNFYYXEJA4HWXA0HFX4SMFK9F12P7,SP3GPV7YEVS2VNFYYXEJA4HWXA0HFX4SMFK9F12P7,debt_stored,shares,38053598
9049309,granite-aeusdc,SP3J0Z8YSJD20TGEBE6M992CWFDG18VB0PR599VY9,SP3J0Z8YSJD20TGEBE6M992CWFDG18VB0PR599VY9,collateral,sBTC,1
9049309,granite-aeusdc,SP3J185HXPCKNC7BQW2G37V00PZ65AHADECCRE0EN,SP3J185HXPCKNC7BQW2G37V00PZ65AHADECCRE0EN,collateral,sBTC,58
9049309,granite-aeusdc,SP3J185HXPCKNC7BQW2G37V00PZ65AHADECCRE0EN,SP3J185HXPCKNC7BQW2G37V00PZ65AHADECCRE0EN,debt,token-aeusdc,4
9049309,granite-aeusdc,SP3J185HXPCKNC7BQW2G37V00PZ65AHADECCRE0EN,SP3J185HXPCKNC7BQW2G37V00PZ65AHADECCRE0EN,debt_stored,shares,2
9049309,granite-aeusdc,SP3JJEP7MD3R1VFFNRH5F2YT78S36NK1MK9GD7YCF,SP3JJEP7MD3R1VFFNRH5F2YT78S36NK1MK9GD7YCF,collateral,sBTC,100
9049309,granite-aeusdc,SP3JJEP7MD3R1VFFNRH5F2YT78S36NK1MK9GD7YCF,SP3JJEP7MD3R1VFFNRH5F2YT78S36NK1MK9GD7YCF,debt,token-aeusdc,5
9049309,granite-aeusdc,SP3JJEP7MD3R1VFFNRH5F2YT78S36NK1MK9GD7YCF,SP3JJEP7MD3R1VFFNRH5F2YT78S36NK1MK9GD7YCF,debt_stored,shares,3
9049309,granite-aeusdc,SP3KCKZBA9Z3C97QPTD7C3F1VSRVBCH613JXYSMSQ,SP3KCKZBA9Z3C97QPTD7C3F1VSRVBCH613JXYSMSQ,collateral,sBTC,100
9049309,granite-aeusdc,SP3KCKZBA9Z3C97QPTD7C3F1VSRVBCH613JXYSMSQ,SP3KCKZBA9Z3C97QPTD7C3F1VSRVBCH613JXYSMSQ,debt,token-aeusdc,2
9049309,granite-aeusdc,SP3KCKZBA9Z3C97QPTD7C3F1VSRVBCH613JXYSMSQ,SP3KCKZBA9Z3C97QPTD7C3F1VSRVBCH613JXYSMSQ,debt_stored,shares,1
9049309,granite-aeusdc,SP3KF338F5A6KNCVBFANM08AKNVNV4ZZKT12HEBXH,SP3KF338F5A6KNCVBFANM08AKNVNV4ZZKT12HEBXH,collateral,sBTC,90
9049309,granite-aeusdc,SP3KF338F5A6KNCVBFANM08AKNVNV4ZZKT12HEBXH,SP3KF338F5A6KNCVBFANM08AKNVNV4ZZKT12HEBXH,debt,token-aeusdc,5
9049309,granite-aeusdc,SP3KF338F5A6KNCVBFANM08AKNVNV4ZZKT12HEBXH,SP3KF338F5A6KNCVBFANM08AKNVNV4ZZKT12HEBXH,debt_stored,shares,3
9049309,granite-aeusdc,SP3KS74B0QET366V1GQ24M7DCYFAG4H5XBG9DWQVS,SP3KS74B0QET366V1GQ24M7DCYFAG4H5XBG9DWQVS,collateral,sBTC,19149
9049309,granite-aeusdc,SP3KS74B0QET366V1GQ24M7DCYFAG4H5XBG9DWQVS,SP3KS74B0QET366V1GQ24M7DCYFAG4H5XBG9DWQVS,debt,token-aeusdc,8513445
9049309,granite-aeusdc,SP3KS74B0QET366V1GQ24M7DCYFAG4H5XBG9DWQVS,SP3KS74B0QET366V1GQ24M7DCYFAG4H5XBG9DWQVS,debt_stored,shares,5511090
9049309,granite-aeusdc,SP3MAF1GEYR6DGW1X1WKZZKCBTWA285VXHMG6Y681,SP3MAF1GEYR6DGW1X1WKZZKCBTWA285VXHMG6Y681,collateral,sBTC,100
9049309,granite-aeusdc,SP3MAF1GEYR6DGW1X1WKZZKCBTWA285VXHMG6Y681,SP3MAF1GEYR6DGW1X1WKZZKCBTWA285VXHMG6Y681,debt,token-aeusdc,2
9049309,granite-aeusdc,SP3MAF1GEYR6DGW1X1WKZZKCBTWA285VXHMG6Y681,SP3MAF1GEYR6DGW1X1WKZZKCBTWA285VXHMG6Y681,debt_stored,shares,1
9049309,granite-aeusdc,SP3MDQYVFM829MPNBMJ7G6WJAR93XGSRHS69YHJKQ,SP3MDQYVFM829MPNBMJ7G6WJAR93XGSRHS69YHJKQ,collateral,sBTC,100
9049309,granite-aeusdc,SP3MDQYVFM829MPNBMJ7G6WJAR93XGSRHS69YHJKQ,SP3MDQYVFM829MPNBMJ7G6WJAR93XGSRHS69YHJKQ,debt,token-aeusdc,17
9049309,granite-aeusdc,SP3MDQYVFM829MPNBMJ7G6WJAR93XGSRHS69YHJKQ,SP3MDQYVFM829MPNBMJ7G6WJAR93XGSRHS69YHJKQ,debt_stored,shares,11
9049309,granite-aeusdc,SP3MGEE9QS470SNH8GNKEKNMRJ71JXW8508Y5KFXD,SP3MGEE9QS470SNH8GNKEKNMRJ71JXW8508Y5KFXD,collateral,sBTC,37
9049309,granite-aeusdc,SP3MGEE9QS470SNH8GNKEKNMRJ71JXW8508Y5KFXD,SP3MGEE9QS470SNH8GNKEKNMRJ71JXW8508Y5KFXD,debt,token-aeusdc,2
9049309,granite-aeusdc,SP3MGEE9QS470SNH8GNKEKNMRJ71JXW8508Y5KFXD,SP3MGEE9QS470SNH8GNKEKNMRJ71JXW8508Y5KFXD,debt_stored,shares,1
9049309,granite-aeusdc,SP3MJ81XYEA3ED9Z8YXR4ZGDD407XHSZM1ZKE4QEA,SP3MJ81XYEA3ED9Z8YXR4ZGDD407XHSZM1ZKE4QEA,collateral,sBTC,70
9049309,granite-aeusdc,SP3MJ81XYEA3ED9Z8YXR4ZGDD407XHSZM1ZKE4QEA,SP3MJ81XYEA3ED9Z8YXR4ZGDD407XHSZM1ZKE4QEA,debt,token-aeusdc,4
9049309,granite-aeusdc,SP3MJ81XYEA3ED9Z8YXR4ZGDD407XHSZM1ZKE4QEA,SP3MJ81XYEA3ED9Z8YXR4ZGDD407XHSZM1ZKE4QEA,debt_stored,shares,2
9049309,granite-aeusdc,SP3MXAXM2B5FGR5YMD9JAWZNTE5R3Q25AP86D41G7,SP3MXAXM2B5FGR5YMD9JAWZNTE5R3Q25AP86D41G7,collateral,sBTC,14
9049309,granite-aeusdc,SP3MXAXM2B5FGR5YMD9JAWZNTE5R3Q25AP86D41G7,SP3MXAXM2B5FGR5YMD9JAWZNTE5R3Q25AP86D41G7,debt,token-aeusdc,1737
9049309,granite-aeusdc,SP3MXAXM2B5FGR5YMD9JAWZNTE5R3Q25AP86D41G7,SP3MXAXM2B5FGR5YMD9JAWZNTE5R3Q25AP86D41G7,debt_stored,shares,1124
9049309,granite-aeusdc,SP3N0XTB1E16TY4ZV5XH14YVZG08WNFS6W41DEFHX,SP3N0XTB1E16TY4ZV5XH14YVZG08WNFS6W41DEFHX,collateral,sBTC,71
9049309,granite-aeusdc,SP3N0XTB1E16TY4ZV5XH14YVZG08WNFS6W41DEFHX,SP3N0XTB1E16TY4ZV5XH14YVZG08WNFS6W41DEFHX,debt,token-aeusdc,4
9049309,granite-aeusdc,SP3N0XTB1E16TY4ZV5XH14YVZG08WNFS6W41DEFHX,SP3N0XTB1E16TY4ZV5XH14YVZG08WNFS6W41DEFHX,debt_stored,shares,2
9049309,granite-aeusdc,SP3NHP2YH0T56ABYT0FXYGS6B7TEFQB1EHV9TVV83,SP3NHP2YH0T56ABYT0FXYGS6B7TEFQB1EHV9TVV83,collateral,sBTC,51
9049309,granite-aeusdc,SP3NHP2YH0T56ABYT0FXYGS6B7TEFQB1EHV9TVV83,SP3NHP2YH0T56ABYT0FXYGS6B7TEFQB1EHV9TVV83,debt,token-aeusdc,4
9049309,granite-aeusdc,SP3NHP2YH0T56ABYT0FXYGS6B7TEFQB1EHV9TVV83,SP3NHP2YH0T56ABYT0FXYGS6B7TEFQB1EHV9TVV83,debt_stored,shares,2
9049309,granite-aeusdc,SP3NWF6HYAJJPPVH3NMG5847WHGP6C3QS00WWR3A1,SP3NWF6HYAJJPPVH3NMG5847WHGP6C3QS00WWR3A1,collateral,sBTC,100
9049309,granite-aeusdc,SP3NWF6HYAJJPPVH3NMG5847WHGP6C3QS00WWR3A1,SP3NWF6HYAJJPPVH3NMG5847WHGP6C3QS00WWR3A1,debt,token-aeusdc,4
9049309,granite-aeusdc,SP3NWF6HYAJJPPVH3NMG5847WHGP6C3QS00WWR3A1,SP3NWF6HYAJJPPVH3NMG5847WHGP6C3QS00WWR3A1,debt_stored,shares,2
9049309,granite-aeusdc,SP3P8GFF3QH1ZQYHMAQ0777FT0Y89AWVDBH2K613A,SP3P8GFF3QH1ZQYHMAQ0777FT0Y89AWVDBH2K613A,collateral,sBTC,100
9049309,granite-aeusdc,SP3P8GFF3QH1ZQYHMAQ0777FT0Y89AWVDBH2K613A,SP3P8GFF3QH1ZQYHMAQ0777FT0Y89AWVDBH2K613A,debt,token-aeusdc,3231
9049309,granite-aeusdc,SP3P8GFF3QH1ZQYHMAQ0777FT0Y89AWVDBH2K613A,SP3P8GFF3QH1ZQYHMAQ0777FT0Y89AWVDBH2K613A,debt_stored,shares,2091
9049309,granite-aeusdc,SP3PGNADH4TE0PJ3XDCHF139STQ8N0583CNPYDVV8,SP3PGNADH4TE0PJ3XDCHF139STQ8N0583CNPYDVV8,collateral,sBTC,33
9049309,granite-aeusdc,SP3PGNADH4TE0PJ3XDCHF139STQ8N0583CNPYDVV8,SP3PGNADH4TE0PJ3XDCHF139STQ8N0583CNPYDVV8,debt,token-aeusdc,2
9049309,granite-aeusdc,SP3PGNADH4TE0PJ3XDCHF139STQ8N0583CNPYDVV8,SP3PGNADH4TE0PJ3XDCHF139STQ8N0583CNPYDVV8,debt_stored,shares,1
9049309,granite-aeusdc,SP3PZHFW0YNX6X64T5HSMK8TQ8101CF9JBAB59JQ,SP3PZHFW0YNX6X64T5HSMK8TQ8101CF9JBAB59JQ,collateral,sBTC,47
9049309,granite-aeusdc,SP3PZHFW0YNX6X64T5HSMK8TQ8101CF9JBAB59JQ,SP3PZHFW0YNX6X64T5HSMK8TQ8101CF9JBAB59JQ,debt,token-aeusdc,27
9049309,granite-aeusdc,SP3PZHFW0YNX6X64T5HSMK8TQ8101CF9JBAB59JQ,SP3PZHFW0YNX6X64T5HSMK8TQ8101CF9JBAB59JQ,debt_stored,shares,17
9049309,granite-aeusdc,SP3Q153X2W85JN7K05V1PPCY4MXMZ60BV3DX3P74,SP3Q153X2W85JN7K05V1PPCY4MXMZ60BV3DX3P74,collateral,sBTC,73
9049309,granite-aeusdc,SP3Q153X2W85JN7K05V1PPCY4MXMZ60BV3DX3P74,SP3Q153X2W85JN7K05V1PPCY4MXMZ60BV3DX3P74,debt,token-aeusdc,45692
9049309,granite-aeusdc,SP3Q153X2W85JN7K05V1PPCY4MXMZ60BV3DX3P74,SP3Q153X2W85JN7K05V1PPCY4MXMZ60BV3DX3P74,debt_stored,shares,29578
9049309,granite-aeusdc,SP3QC4R6M7M0DAZBXSZCW4FWGDCNDD05FV8Y0AY8C,SP3QC4R6M7M0DAZBXSZCW4FWGDCNDD05FV8Y0AY8C,collateral,sBTC,8186
9049309,granite-aeusdc,SP3QC4R6M7M0DAZBXSZCW4FWGDCNDD05FV8Y0AY8C,SP3QC4R6M7M0DAZBXSZCW4FWGDCNDD05FV8Y0AY8C,debt,token-aeusdc,3771495
9049309,granite-aeusdc,SP3QC4R6M7M0DAZBXSZCW4FWGDCNDD05FV8Y0AY8C,SP3QC4R6M7M0DAZBXSZCW4FWGDCNDD05FV8Y0AY8C,debt_stored,shares,2441438
9049309,granite-aeusdc,SP3QVD1D18RBSRKCRAQGS3T89E3D7RS07Q70005XJ,SP3QVD1D18RBSRKCRAQGS3T89E3D7RS07Q70005XJ,collateral,sBTC,16
9049309,granite-aeusdc,SP3QVD1D18RBSRKCRAQGS3T89E3D7RS07Q70005XJ,SP3QVD1D18RBSRKCRAQGS3T89E3D7RS07Q70005XJ,debt,token-aeusdc,4
9049309,granite-aeusdc,SP3QVD1D18RBSRKCRAQGS3T89E3D7RS07Q70005XJ,SP3QVD1D18RBSRKCRAQGS3T89E3D7RS07Q70005XJ,debt_stored,shares,2
9049309,granite-aeusdc,SP3RAC0Q8M4Z14VBC2ZKZAQQJWZRN5G87S7V1BRB,SP3RAC0Q8M4Z14VBC2ZKZAQQJWZRN5G87S7V1BRB,collateral,sBTC,17644
9049309,granite-aeusdc,SP3RAC0Q8M4Z14VBC2ZKZAQQJWZRN5G87S7V1BRB,SP3RAC0Q8M4Z14VBC2ZKZAQQJWZRN5G87S7V1BRB,debt,token-aeusdc,7747180
9049309,granite-aeusdc,SP3RAC0Q8M4Z14VBC2ZKZAQQJWZRN5G87S7V1BRB,SP3RAC0Q8M4Z14VBC2ZKZAQQJWZRN5G87S7V1BRB,debt_stored,shares,5015056
9049309,granite-aeusdc,SP3RJ4B1HEN31XDQF1ZDY33WC2PWKFCGGH7PR7PQR,SP3RJ4B1HEN31XDQF1ZDY33WC2PWKFCGGH7PR7PQR,collateral,sBTC,100
9049309,granite-aeusdc,SP3RJ4B1HEN31XDQF1ZDY33WC2PWKFCGGH7PR7PQR,SP3RJ4B1HEN31XDQF1ZDY33WC2PWKFCGGH7PR7PQR,debt,token-aeusdc,640
9049309,granite-aeusdc,SP3RJ4B1HEN31XDQF1ZDY33WC2PWKFCGGH7PR7PQR,SP3RJ4B1HEN31XDQF1ZDY33WC2PWKFCGGH7PR7PQR,debt_stored,shares,414
9049309,granite-aeusdc,SP3SP4SAC752RVFMZ7D7KTVM3875WQJP8CHT7J2DB,SP3SP4SAC752RVFMZ7D7KTVM3875WQJP8CHT7J2DB,collateral,sBTC,51
9049309,granite-aeusdc,SP3SP4SAC752RVFMZ7D7KTVM3875WQJP8CHT7J2DB,SP3SP4SAC752RVFMZ7D7KTVM3875WQJP8CHT7J2DB,debt,token-aeusdc,5
9049309,granite-aeusdc,SP3SP4SAC752RVFMZ7D7KTVM3875WQJP8CHT7J2DB,SP3SP4SAC752RVFMZ7D7KTVM3875WQJP8CHT7J2DB,debt_stored,shares,3
9049309,granite-aeusdc,SP3TB3AJ0XMZ9S6CGY2CQ6R06H1Z6DJQ1SH15ZP2H,SP3TB3AJ0XMZ9S6CGY2CQ6R06H1Z6DJQ1SH15ZP2H,collateral,sBTC,4388
9049309,granite-aeusdc,SP3TB3AJ0XMZ9S6CGY2CQ6R06H1Z6DJQ1SH15ZP2H,SP3TB3AJ0XMZ9S6CGY2CQ6R06H1Z6DJQ1SH15ZP2H,debt,token-aeusdc,1127542
9049309,granite-aeusdc,SP3TB3AJ0XMZ9S6CGY2CQ6R06H1Z6DJQ1SH15ZP2H,SP3TB3AJ0XMZ9S6CGY2CQ6R06H1Z6DJQ1SH15ZP2H,debt_stored,shares,729902
9049309,granite-aeusdc,SP3TQ70DVG7P8BR98TC5HK1ZZDHZ9N7679GP1K12,SP3TQ70DVG7P8BR98TC5HK1ZZDHZ9N7679GP1K12,collateral,sBTC,29
9049309,granite-aeusdc,SP3TQ70DVG7P8BR98TC5HK1ZZDHZ9N7679GP1K12,SP3TQ70DVG7P8BR98TC5HK1ZZDHZ9N7679GP1K12,debt,token-aeusdc,1771
9049309,granite-aeusdc,SP3TQ70DVG7P8BR98TC5HK1ZZDHZ9N7679GP1K12,SP3TQ70DVG7P8BR98TC5HK1ZZDHZ9N7679GP1K12,debt_stored,shares,1146
9049309,granite-aeusdc,SP3V4WE14W7A9Q7ZEHGX8T7T17765XE8PRDQNADNP,SP3V4WE14W7A9Q7ZEHGX8T7T17765XE8PRDQNADNP,collateral,sBTC,35266
9049309,granite-aeusdc,SP3V6F74NJKS0V7B1TK5ZVFQYBZYTAQGVX4X42NDX,SP3V6F74NJKS0V7B1TK5ZVFQYBZYTAQGVX4X42NDX,collateral,sBTC,100
9049309,granite-aeusdc,SP3V6F74NJKS0V7B1TK5ZVFQYBZYTAQGVX4X42NDX,SP3V6F74NJKS0V7B1TK5ZVFQYBZYTAQGVX4X42NDX,debt,token-aeusdc,2
9049309,granite-aeusdc,SP3V6F74NJKS0V7B1TK5ZVFQYBZYTAQGVX4X42NDX,SP3V6F74NJKS0V7B1TK5ZVFQYBZYTAQGVX4X42NDX,debt_stored,shares,1
9049309,granite-aeusdc,SP3V8RSTAG4AVNX913MVZG97GS1B3849W4H2G5A0D,SP3V8RSTAG4AVNX913MVZG97GS1B3849W4H2G5A0D,collateral,sBTC,46537
9049309,granite-aeusdc,SP3VCBM1ZH8QRKT38YH4H4K1N3JQ8G2RCH5SGX3BY,SP3VCBM1ZH8QRKT38YH4H4K1N3JQ8G2RCH5SGX3BY,collateral,sBTC,34
9049309,granite-aeusdc,SP3VCBM1ZH8QRKT38YH4H4K1N3JQ8G2RCH5SGX3BY,SP3VCBM1ZH8QRKT38YH4H4K1N3JQ8G2RCH5SGX3BY,debt,token-aeusdc,2409
9049309,granite-aeusdc,SP3VCBM1ZH8QRKT38YH4H4K1N3JQ8G2RCH5SGX3BY,SP3VCBM1ZH8QRKT38YH4H4K1N3JQ8G2RCH5SGX3BY,debt_stored,shares,1559
9049309,granite-aeusdc,SP3VMANHCB3G8E00DREXD406B3SDWKB4R9GAFA6HA,SP3VMANHCB3G8E00DREXD406B3SDWKB4R9GAFA6HA,collateral,sBTC,100
9049309,granite-aeusdc,SP3VMANHCB3G8E00DREXD406B3SDWKB4R9GAFA6HA,SP3VMANHCB3G8E00DREXD406B3SDWKB4R9GAFA6HA,debt,token-aeusdc,66718
9049309,granite-aeusdc,SP3VMANHCB3G8E00DREXD406B3SDWKB4R9GAFA6HA,SP3VMANHCB3G8E00DREXD406B3SDWKB4R9GAFA6HA,debt_stored,shares,43189
9049309,granite-aeusdc,SP3WR82RTMQZNN1YN8JR7C34KEPK44RHEEQYYRAXB,SP3WR82RTMQZNN1YN8JR7C34KEPK44RHEEQYYRAXB,collateral,sBTC,100
9049309,granite-aeusdc,SP3WR82RTMQZNN1YN8JR7C34KEPK44RHEEQYYRAXB,SP3WR82RTMQZNN1YN8JR7C34KEPK44RHEEQYYRAXB,debt,token-aeusdc,2
9049309,granite-aeusdc,SP3WR82RTMQZNN1YN8JR7C34KEPK44RHEEQYYRAXB,SP3WR82RTMQZNN1YN8JR7C34KEPK44RHEEQYYRAXB,debt_stored,shares,1
9049309,granite-aeusdc,SP3X1PPX49N1MHFSHQJASZHNS4K6MDA4MKTGMJ08V,SP3X1PPX49N1MHFSHQJASZHNS4K6MDA4MKTGMJ08V,collateral,sBTC,4803995
9049309,granite-aeusdc,SP3X1PPX49N1MHFSHQJASZHNS4K6MDA4MKTGMJ08V,SP3X1PPX49N1MHFSHQJASZHNS4K6MDA4MKTGMJ08V,debt,token-aeusdc,1840720340
9049309,granite-aeusdc,SP3X1PPX49N1MHFSHQJASZHNS4K6MDA4MKTGMJ08V,SP3X1PPX49N1MHFSHQJASZHNS4K6MDA4MKTGMJ08V,debt_stored,shares,1191571177
9049309,granite-aeusdc,SP3XR3MWG2KFK7PYG5JVQ515B430VFFER4ZC9T8QD,SP3XR3MWG2KFK7PYG5JVQ515B430VFFER4ZC9T8QD,collateral,sBTC,65
9049309,granite-aeusdc,SP3XR3MWG2KFK7PYG5JVQ515B430VFFER4ZC9T8QD,SP3XR3MWG2KFK7PYG5JVQ515B430VFFER4ZC9T8QD,debt,token-aeusdc,2
9049309,granite-aeusdc,SP3XR3MWG2KFK7PYG5JVQ515B430VFFER4ZC9T8QD,SP3XR3MWG2KFK7PYG5JVQ515B430VFFER4ZC9T8QD,debt_stored,shares,1
9049309,granite-aeusdc,SP3Y60X9413Y2ARD5803JY5XX03XSYJ16C89J6R5W,SP3Y60X9413Y2ARD5803JY5XX03XSYJ16C89J6R5W,collateral,sBTC,72
9049309,granite-aeusdc,SP3Y60X9413Y2ARD5803JY5XX03XSYJ16C89J6R5W,SP3Y60X9413Y2ARD5803JY5XX03XSYJ16C89J6R5W,debt,token-aeusdc,2
9049309,granite-aeusdc,SP3Y60X9413Y2ARD5803JY5XX03XSYJ16C89J6R5W,SP3Y60X9413Y2ARD5803JY5XX03XSYJ16C89J6R5W,debt_stored,shares,1
9049309,granite-aeusdc,SP3YCV8P0N596ERA2KY6EZV6RRK85B0VTBXRWZRHR,SP3YCV8P0N596ERA2KY6EZV6RRK85B0VTBXRWZRHR,collateral,sBTC,94
9049309,granite-aeusdc,SP3YCV8P0N596ERA2KY6EZV6RRK85B0VTBXRWZRHR,SP3YCV8P0N596ERA2KY6EZV6RRK85B0VTBXRWZRHR,debt,token-aeusdc,7
9049309,granite-aeusdc,SP3YCV8P0N596ERA2KY6EZV6RRK85B0VTBXRWZRHR,SP3YCV8P0N596ERA2KY6EZV6RRK85B0VTBXRWZRHR,debt_stored,shares,4
9049309,granite-aeusdc,SP3YVVCXEZGGXZ26J099J5BA0J5ZN03YC6WPDRJE8,SP3YVVCXEZGGXZ26J099J5BA0J5ZN03YC6WPDRJE8,collateral,sBTC,45
9049309,granite-aeusdc,SP3YVVCXEZGGXZ26J099J5BA0J5ZN03YC6WPDRJE8,SP3YVVCXEZGGXZ26J099J5BA0J5ZN03YC6WPDRJE8,debt,token-aeusdc,2
9049309,granite-aeusdc,SP3YVVCXEZGGXZ26J099J5BA0J5ZN03YC6WPDRJE8,SP3YVVCXEZGGXZ26J099J5BA0J5ZN03YC6WPDRJE8,debt_stored,shares,1
9049309,granite-aeusdc,SP3Z0M1RRAWD5KW95R2PAJXWJSN9TVH2PSG9C559X,SP3Z0M1RRAWD5KW95R2PAJXWJSN9TVH2PSG9C559X,collateral,sBTC,100
9049309,granite-aeusdc,SP3Z0M1RRAWD5KW95R2PAJXWJSN9TVH2PSG9C559X,SP3Z0M1RRAWD5KW95R2PAJXWJSN9TVH2PSG9C559X,debt,token-aeusdc,10
9049309,granite-aeusdc,SP3Z0M1RRAWD5KW95R2PAJXWJSN9TVH2PSG9C559X,SP3Z0M1RRAWD5KW95R2PAJXWJSN9TVH2PSG9C559X,debt_stored,shares,6
9049309,granite-aeusdc,SP3ZEH9717B5EE23FBTQGQAS0JVXFQVP57Z9PGQ8Q,SP3ZEH9717B5EE23FBTQGQAS0JVXFQVP57Z9PGQ8Q,collateral,sBTC,100
9049309,granite-aeusdc,SP3ZEH9717B5EE23FBTQGQAS0JVXFQVP57Z9PGQ8Q,SP3ZEH9717B5EE23FBTQGQAS0JVXFQVP57Z9PGQ8Q,debt,token-aeusdc,4
9049309,granite-aeusdc,SP3ZEH9717B5EE23FBTQGQAS0JVXFQVP57Z9PGQ8Q,SP3ZEH9717B5EE23FBTQGQAS0JVXFQVP57Z9PGQ8Q,debt_stored,shares,2
9049309,granite-aeusdc,SP3ZQS9P8Q3V4V1D8GN21VA2YXJXW0VDPN1FH33QT,SP3ZQS9P8Q3V4V1D8GN21VA2YXJXW0VDPN1FH33QT,collateral,sBTC,100
9049309,granite-aeusdc,SP3ZQS9P8Q3V4V1D8GN21VA2YXJXW0VDPN1FH33QT,SP3ZQS9P8Q3V4V1D8GN21VA2YXJXW0VDPN1FH33QT,debt,token-aeusdc,2
9049309,granite-aeusdc,SP3ZQS9P8Q3V4V1D8GN21VA2YXJXW0VDPN1FH33QT,SP3ZQS9P8Q3V4V1D8GN21VA2YXJXW0VDPN1FH33QT,debt_stored,shares,1
9049309,granite-aeusdc,SP3ZRRPPW4PXA8M7D69XEC6VSDDAYQCBABGP7WHA7,SP3ZRRPPW4PXA8M7D69XEC6VSDDAYQCBABGP7WHA7,collateral,sBTC,64865
9049309,granite-aeusdc,SP3ZRRPPW4PXA8M7D69XEC6VSDDAYQCBABGP7WHA7,SP3ZRRPPW4PXA8M7D69XEC6VSDDAYQCBABGP7WHA7,debt,token-aeusdc,27648902
9049309,granite-aeusdc,SP3ZRRPPW4PXA8M7D69XEC6VSDDAYQCBABGP7WHA7,SP3ZRRPPW4PXA8M7D69XEC6VSDDAYQCBABGP7WHA7,debt_stored,shares,17898229
9049309,granite-aeusdc,SP47MER78CX86JKVJKCBYCQ3QJ9DTX46E35ZEZPD,SP47MER78CX86JKVJKCBYCQ3QJ9DTX46E35ZEZPD,collateral,sBTC,100
9049309,granite-aeusdc,SP47MER78CX86JKVJKCBYCQ3QJ9DTX46E35ZEZPD,SP47MER78CX86JKVJKCBYCQ3QJ9DTX46E35ZEZPD,debt,token-aeusdc,3849
9049309,granite-aeusdc,SP47MER78CX86JKVJKCBYCQ3QJ9DTX46E35ZEZPD,SP47MER78CX86JKVJKCBYCQ3QJ9DTX46E35ZEZPD,debt_stored,shares,2491
9049309,granite-aeusdc,SP4X4WBQ5EM557GZCYRBG6W938QY87AGERABVGGG,SP4X4WBQ5EM557GZCYRBG6W938QY87AGERABVGGG,collateral,sBTC,38
9049309,granite-aeusdc,SP4X4WBQ5EM557GZCYRBG6W938QY87AGERABVGGG,SP4X4WBQ5EM557GZCYRBG6W938QY87AGERABVGGG,debt,token-aeusdc,22
9049309,granite-aeusdc,SP4X4WBQ5EM557GZCYRBG6W938QY87AGERABVGGG,SP4X4WBQ5EM557GZCYRBG6W938QY87AGERABVGGG,debt_stored,shares,14
9049309,granite-aeusdc,SP5625A8XHJFGK0VWXK1CR0NGQTZSQ1D87BYPD9Q,SP5625A8XHJFGK0VWXK1CR0NGQTZSQ1D87BYPD9Q,collateral,sBTC,12
9049309,granite-aeusdc,SP5625A8XHJFGK0VWXK1CR0NGQTZSQ1D87BYPD9Q,SP5625A8XHJFGK0VWXK1CR0NGQTZSQ1D87BYPD9Q,debt,token-aeusdc,1675
9049309,granite-aeusdc,SP5625A8XHJFGK0VWXK1CR0NGQTZSQ1D87BYPD9Q,SP5625A8XHJFGK0VWXK1CR0NGQTZSQ1D87BYPD9Q,debt_stored,shares,1084
9049309,granite-aeusdc,SP57XQ6K1WRC9SRYE58Y6Y88T0TPPRPSR3CSYN2H,SP57XQ6K1WRC9SRYE58Y6Y88T0TPPRPSR3CSYN2H,collateral,sBTC,28
9049309,granite-aeusdc,SP57XQ6K1WRC9SRYE58Y6Y88T0TPPRPSR3CSYN2H,SP57XQ6K1WRC9SRYE58Y6Y88T0TPPRPSR3CSYN2H,debt,token-aeusdc,7
9049309,granite-aeusdc,SP57XQ6K1WRC9SRYE58Y6Y88T0TPPRPSR3CSYN2H,SP57XQ6K1WRC9SRYE58Y6Y88T0TPPRPSR3CSYN2H,debt_stored,shares,4
9049309,granite-aeusdc,SP6C6FDC0JYJY0Z4NJHGA4YF0VN5RJ6VX84ZCXXX,SP6C6FDC0JYJY0Z4NJHGA4YF0VN5RJ6VX84ZCXXX,collateral,sBTC,60
9049309,granite-aeusdc,SP6C6FDC0JYJY0Z4NJHGA4YF0VN5RJ6VX84ZCXXX,SP6C6FDC0JYJY0Z4NJHGA4YF0VN5RJ6VX84ZCXXX,debt,token-aeusdc,1448
9049309,granite-aeusdc,SP6C6FDC0JYJY0Z4NJHGA4YF0VN5RJ6VX84ZCXXX,SP6C6FDC0JYJY0Z4NJHGA4YF0VN5RJ6VX84ZCXXX,debt_stored,shares,937
9049309,granite-aeusdc,SP6D46PKMRXECXVBRHFDQ1B5X0ZJ0BS3T4W1SJSX,SP6D46PKMRXECXVBRHFDQ1B5X0ZJ0BS3T4W1SJSX,collateral,sBTC,12
9049309,granite-aeusdc,SP6D46PKMRXECXVBRHFDQ1B5X0ZJ0BS3T4W1SJSX,SP6D46PKMRXECXVBRHFDQ1B5X0ZJ0BS3T4W1SJSX,debt,token-aeusdc,1741
9049309,granite-aeusdc,SP6D46PKMRXECXVBRHFDQ1B5X0ZJ0BS3T4W1SJSX,SP6D46PKMRXECXVBRHFDQ1B5X0ZJ0BS3T4W1SJSX,debt_stored,shares,1127
9049309,granite-aeusdc,SP73FGVQ7C0K1JS2PVHM2T4PS9X6SB3SPSJN51HX,SP73FGVQ7C0K1JS2PVHM2T4PS9X6SB3SPSJN51HX,collateral,sBTC,25300701
9049309,granite-aeusdc,SP73FGVQ7C0K1JS2PVHM2T4PS9X6SB3SPSJN51HX,SP73FGVQ7C0K1JS2PVHM2T4PS9X6SB3SPSJN51HX,debt,token-aeusdc,10470649799
9049309,granite-aeusdc,SP73FGVQ7C0K1JS2PVHM2T4PS9X6SB3SPSJN51HX,SP73FGVQ7C0K1JS2PVHM2T4PS9X6SB3SPSJN51HX,debt_stored,shares,6778066301
9049309,granite-aeusdc,SP77KASPKD56M9VYPVEF76DEBSR4BFYVQEED1BFM,SP77KASPKD56M9VYPVEF76DEBSR4BFYVQEED1BFM,collateral,sBTC,63
9049309,granite-aeusdc,SP77KASPKD56M9VYPVEF76DEBSR4BFYVQEED1BFM,SP77KASPKD56M9VYPVEF76DEBSR4BFYVQEED1BFM,debt,token-aeusdc,4
9049309,granite-aeusdc,SP77KASPKD56M9VYPVEF76DEBSR4BFYVQEED1BFM,SP77KASPKD56M9VYPVEF76DEBSR4BFYVQEED1BFM,debt_stored,shares,2
9049309,granite-aeusdc,SP7H3DGCRGYNPX375QD7TJWQ7SG0PD3MMAXAMEZ8,SP7H3DGCRGYNPX375QD7TJWQ7SG0PD3MMAXAMEZ8,collateral,sBTC,51
9049309,granite-aeusdc,SP7H3DGCRGYNPX375QD7TJWQ7SG0PD3MMAXAMEZ8,SP7H3DGCRGYNPX375QD7TJWQ7SG0PD3MMAXAMEZ8,debt,token-aeusdc,2
9049309,granite-aeusdc,SP7H3DGCRGYNPX375QD7TJWQ7SG0PD3MMAXAMEZ8,SP7H3DGCRGYNPX375QD7TJWQ7SG0PD3MMAXAMEZ8,debt_stored,shares,1
9049309,granite-aeusdc,SP8EA3SDJ5WQ49A0529KV9N6HT594G0J2WNQ4AW8,SP8EA3SDJ5WQ49A0529KV9N6HT594G0J2WNQ4AW8,collateral,sBTC,41
9049309,granite-aeusdc,SP8EA3SDJ5WQ49A0529KV9N6HT594G0J2WNQ4AW8,SP8EA3SDJ5WQ49A0529KV9N6HT594G0J2WNQ4AW8,debt,token-aeusdc,2
9049309,granite-aeusdc,SP8EA3SDJ5WQ49A0529KV9N6HT594G0J2WNQ4AW8,SP8EA3SDJ5WQ49A0529KV9N6HT594G0J2WNQ4AW8,debt_stored,shares,1
9049309,granite-aeusdc,SP8FHVKHMAVSMTF75Y0T6PN8X2G84EWS9FESGPNF,SP8FHVKHMAVSMTF75Y0T6PN8X2G84EWS9FESGPNF,collateral,sBTC,5
9049309,granite-aeusdc,SP8FHVKHMAVSMTF75Y0T6PN8X2G84EWS9FESGPNF,SP8FHVKHMAVSMTF75Y0T6PN8X2G84EWS9FESGPNF,debt,token-aeusdc,4
9049309,granite-aeusdc,SP8FHVKHMAVSMTF75Y0T6PN8X2G84EWS9FESGPNF,SP8FHVKHMAVSMTF75Y0T6PN8X2G84EWS9FESGPNF,debt_stored,shares,2
9049309,granite-aeusdc,SP8NF7G324PDTB48QVQKPADWHVJNKN0QEZ6FSX07,SP8NF7G324PDTB48QVQKPADWHVJNKN0QEZ6FSX07,collateral,sBTC,11
9049309,granite-aeusdc,SP8NF7G324PDTB48QVQKPADWHVJNKN0QEZ6FSX07,SP8NF7G324PDTB48QVQKPADWHVJNKN0QEZ6FSX07,debt,token-aeusdc,2
9049309,granite-aeusdc,SP8NF7G324PDTB48QVQKPADWHVJNKN0QEZ6FSX07,SP8NF7G324PDTB48QVQKPADWHVJNKN0QEZ6FSX07,debt_stored,shares,1
9049309,granite-aeusdc,SP8NVDKTMK970HHH0VGNBTPNR7RAWQ24DJ4ANSX6,SP8NVDKTMK970HHH0VGNBTPNR7RAWQ24DJ4ANSX6,collateral,sBTC,87
9049309,granite-aeusdc,SP8NVDKTMK970HHH0VGNBTPNR7RAWQ24DJ4ANSX6,SP8NVDKTMK970HHH0VGNBTPNR7RAWQ24DJ4ANSX6,debt,token-aeusdc,2
9049309,granite-aeusdc,SP8NVDKTMK970HHH0VGNBTPNR7RAWQ24DJ4ANSX6,SP8NVDKTMK970HHH0VGNBTPNR7RAWQ24DJ4ANSX6,debt_stored,shares,1
9049309,granite-aeusdc,SP95S24KF7JV99XGW2W5NVXWR5ZWX4QSTGE2825E,SP95S24KF7JV99XGW2W5NVXWR5ZWX4QSTGE2825E,collateral,sBTC,100
9049309,granite-aeusdc,SP95S24KF7JV99XGW2W5NVXWR5ZWX4QSTGE2825E,SP95S24KF7JV99XGW2W5NVXWR5ZWX4QSTGE2825E,debt,token-aeusdc,10
9049309,granite-aeusdc,SP95S24KF7JV99XGW2W5NVXWR5ZWX4QSTGE2825E,SP95S24KF7JV99XGW2W5NVXWR5ZWX4QSTGE2825E,debt_stored,shares,6
9049309,granite-aeusdc,SP99P54X45ST636W8CFT4CRMWEK81QV53W44STY9,SP99P54X45ST636W8CFT4CRMWEK81QV53W44STY9,collateral,sBTC,47
9049309,granite-aeusdc,SP99P54X45ST636W8CFT4CRMWEK81QV53W44STY9,SP99P54X45ST636W8CFT4CRMWEK81QV53W44STY9,debt,token-aeusdc,2172
9049309,granite-aeusdc,SP99P54X45ST636W8CFT4CRMWEK81QV53W44STY9,SP99P54X45ST636W8CFT4CRMWEK81QV53W44STY9,debt_stored,shares,1406
9049309,granite-aeusdc,SP9DPT3NTHZDD7FZDEDRHM06DHH14Q9AGDJEQW7J,SP9DPT3NTHZDD7FZDEDRHM06DHH14Q9AGDJEQW7J,collateral,sBTC,24
9049309,granite-aeusdc,SP9DPT3NTHZDD7FZDEDRHM06DHH14Q9AGDJEQW7J,SP9DPT3NTHZDD7FZDEDRHM06DHH14Q9AGDJEQW7J,debt,token-aeusdc,5
9049309,granite-aeusdc,SP9DPT3NTHZDD7FZDEDRHM06DHH14Q9AGDJEQW7J,SP9DPT3NTHZDD7FZDEDRHM06DHH14Q9AGDJEQW7J,debt_stored,shares,3
9049309,granite-aeusdc,SP9K7ZFR2VMQTFWR7RZX9DPQ3EBZZQ3N26QNMXHX,SP9K7ZFR2VMQTFWR7RZX9DPQ3EBZZQ3N26QNMXHX,collateral,sBTC,9
9049309,granite-aeusdc,SP9K7ZFR2VMQTFWR7RZX9DPQ3EBZZQ3N26QNMXHX,SP9K7ZFR2VMQTFWR7RZX9DPQ3EBZZQ3N26QNMXHX,debt,token-aeusdc,493
9049309,granite-aeusdc,SP9K7ZFR2VMQTFWR7RZX9DPQ3EBZZQ3N26QNMXHX,SP9K7ZFR2VMQTFWR7RZX9DPQ3EBZZQ3N26QNMXHX,debt_stored,shares,319
9049309,granite-aeusdc,SP9RC2KW5XD79XHP41CEYSKTHXFQTFJTE6T05QVM,SP9RC2KW5XD79XHP41CEYSKTHXFQTFJTE6T05QVM,collateral,sBTC,100
9049309,granite-aeusdc,SP9RC2KW5XD79XHP41CEYSKTHXFQTFJTE6T05QVM,SP9RC2KW5XD79XHP41CEYSKTHXFQTFJTE6T05QVM,debt,token-aeusdc,2
9049309,granite-aeusdc,SP9RC2KW5XD79XHP41CEYSKTHXFQTFJTE6T05QVM,SP9RC2KW5XD79XHP41CEYSKTHXFQTFJTE6T05QVM,debt_stored,shares,1
9049309,granite-aeusdc,SP9XKFETDDVXCACG4501SDWGV3R8AEDRMKZNHP4Y,SP9XKFETDDVXCACG4501SDWGV3R8AEDRMKZNHP4Y,collateral,sBTC,49108
9049309,granite-aeusdc,SP9XKFETDDVXCACG4501SDWGV3R8AEDRMKZNHP4Y,SP9XKFETDDVXCACG4501SDWGV3R8AEDRMKZNHP4Y,debt,token-aeusdc,17119194
9049309,granite-aeusdc,SP9XKFETDDVXCACG4501SDWGV3R8AEDRMKZNHP4Y,SP9XKFETDDVXCACG4501SDWGV3R8AEDRMKZNHP4Y,debt_stored,shares,11081932
9049309,granite-aeusdc,SPA6N09HQT5XG6J0KTNFQH2D625MDFZ19DEJ71N5,SPA6N09HQT5XG6J0KTNFQH2D625MDFZ19DEJ71N5,collateral,sBTC,100
9049309,granite-aeusdc,SPA6N09HQT5XG6J0KTNFQH2D625MDFZ19DEJ71N5,SPA6N09HQT5XG6J0KTNFQH2D625MDFZ19DEJ71N5,debt,token-aeusdc,2
9049309,granite-aeusdc,SPA6N09HQT5XG6J0KTNFQH2D625MDFZ19DEJ71N5,SPA6N09HQT5XG6J0KTNFQH2D625MDFZ19DEJ71N5,debt_stored,shares,1
9049309,granite-aeusdc,SPASC66YVGNPY76K36YEF52HGM8F4MFWBQQ80VDT,SPASC66YVGNPY76K36YEF52HGM8F4MFWBQQ80VDT,collateral,sBTC,44
9049309,granite-aeusdc,SPASC66YVGNPY76K36YEF52HGM8F4MFWBQQ80VDT,SPASC66YVGNPY76K36YEF52HGM8F4MFWBQQ80VDT,debt,token-aeusdc,867
9049309,granite-aeusdc,SPASC66YVGNPY76K36YEF52HGM8F4MFWBQQ80VDT,SPASC66YVGNPY76K36YEF52HGM8F4MFWBQQ80VDT,debt_stored,shares,561
9049309,granite-aeusdc,SPAYGCTZJ3HZGGKZF98QQGC1RMAD351G9YW8QFYM,SPAYGCTZJ3HZGGKZF98QQGC1RMAD351G9YW8QFYM,collateral,sBTC,65
9049309,granite-aeusdc,SPAYGCTZJ3HZGGKZF98QQGC1RMAD351G9YW8QFYM,SPAYGCTZJ3HZGGKZF98QQGC1RMAD351G9YW8QFYM,debt,token-aeusdc,1077
9049309,granite-aeusdc,SPAYGCTZJ3HZGGKZF98QQGC1RMAD351G9YW8QFYM,SPAYGCTZJ3HZGGKZF98QQGC1RMAD351G9YW8QFYM,debt_stored,shares,697
9049309,granite-aeusdc,SPBE4R18NJMHWEV9R1Z1QJSK00YNBFPR509ATWPW,SPBE4R18NJMHWEV9R1Z1QJSK00YNBFPR509ATWPW,collateral,sBTC,100
9049309,granite-aeusdc,SPBE4R18NJMHWEV9R1Z1QJSK00YNBFPR509ATWPW,SPBE4R18NJMHWEV9R1Z1QJSK00YNBFPR509ATWPW,debt,token-aeusdc,359
9049309,granite-aeusdc,SPBE4R18NJMHWEV9R1Z1QJSK00YNBFPR509ATWPW,SPBE4R18NJMHWEV9R1Z1QJSK00YNBFPR509ATWPW,debt_stored,shares,232
9049309,granite-aeusdc,SPBJFB1RA9SA5W85CWY4GWGFKYH59V50KEXER8M9,SPBJFB1RA9SA5W85CWY4GWGFKYH59V50KEXER8M9,collateral,sBTC,100
9049309,granite-aeusdc,SPBJFB1RA9SA5W85CWY4GWGFKYH59V50KEXER8M9,SPBJFB1RA9SA5W85CWY4GWGFKYH59V50KEXER8M9,debt,token-aeusdc,350
9049309,granite-aeusdc,SPBJFB1RA9SA5W85CWY4GWGFKYH59V50KEXER8M9,SPBJFB1RA9SA5W85CWY4GWGFKYH59V50KEXER8M9,debt_stored,shares,226
9049309,granite-aeusdc,SPBKPRPJQG3MT2HFXD2ZVSTGFTXZDWSV75KJ82FF,SPBKPRPJQG3MT2HFXD2ZVSTGFTXZDWSV75KJ82FF,collateral,sBTC,17285
9049309,granite-aeusdc,SPC4VRQT8TBV877VD15HTM1JZGQ9BER24ZNHCYKH,SPC4VRQT8TBV877VD15HTM1JZGQ9BER24ZNHCYKH,collateral,sBTC,88
9049309,granite-aeusdc,SPC4VRQT8TBV877VD15HTM1JZGQ9BER24ZNHCYKH,SPC4VRQT8TBV877VD15HTM1JZGQ9BER24ZNHCYKH,debt,token-aeusdc,10
9049309,granite-aeusdc,SPC4VRQT8TBV877VD15HTM1JZGQ9BER24ZNHCYKH,SPC4VRQT8TBV877VD15HTM1JZGQ9BER24ZNHCYKH,debt_stored,shares,6
9049309,granite-aeusdc,SPCETFX7D0MSPKS4FXJS54Y0GM51NQHE7GKJGMP3,SPCETFX7D0MSPKS4FXJS54Y0GM51NQHE7GKJGMP3,collateral,sBTC,25
9049309,granite-aeusdc,SPCETFX7D0MSPKS4FXJS54Y0GM51NQHE7GKJGMP3,SPCETFX7D0MSPKS4FXJS54Y0GM51NQHE7GKJGMP3,debt,token-aeusdc,1766
9049309,granite-aeusdc,SPCETFX7D0MSPKS4FXJS54Y0GM51NQHE7GKJGMP3,SPCETFX7D0MSPKS4FXJS54Y0GM51NQHE7GKJGMP3,debt_stored,shares,1143
9049309,granite-aeusdc,SPCGM9C01XEVV8YX10QBWESEBVB2PG4TFEDD1T4C,SPCGM9C01XEVV8YX10QBWESEBVB2PG4TFEDD1T4C,collateral,sBTC,22
9049309,granite-aeusdc,SPCGM9C01XEVV8YX10QBWESEBVB2PG4TFEDD1T4C,SPCGM9C01XEVV8YX10QBWESEBVB2PG4TFEDD1T4C,debt,token-aeusdc,1769
9049309,granite-aeusdc,SPCGM9C01XEVV8YX10QBWESEBVB2PG4TFEDD1T4C,SPCGM9C01XEVV8YX10QBWESEBVB2PG4TFEDD1T4C,debt_stored,shares,1145
9049309,granite-aeusdc,SPDTC07XA1RX32X05WW4KQZGV0H7TXG9WRJYEXMC,SPDTC07XA1RX32X05WW4KQZGV0H7TXG9WRJYEXMC,collateral,sBTC,91
9049309,granite-aeusdc,SPDTC07XA1RX32X05WW4KQZGV0H7TXG9WRJYEXMC,SPDTC07XA1RX32X05WW4KQZGV0H7TXG9WRJYEXMC,debt,token-aeusdc,2
9049309,granite-aeusdc,SPDTC07XA1RX32X05WW4KQZGV0H7TXG9WRJYEXMC,SPDTC07XA1RX32X05WW4KQZGV0H7TXG9WRJYEXMC,debt_stored,shares,1
9049309,granite-aeusdc,SPE7274VFNX7718SDXYWS4M1NVX3WMF52BH4KTCV,SPE7274VFNX7718SDXYWS4M1NVX3WMF52BH4KTCV,collateral,sBTC,96
9049309,granite-aeusdc,SPE7274VFNX7718SDXYWS4M1NVX3WMF52BH4KTCV,SPE7274VFNX7718SDXYWS4M1NVX3WMF52BH4KTCV,debt,token-aeusdc,4
9049309,granite-aeusdc,SPE7274VFNX7718SDXYWS4M1NVX3WMF52BH4KTCV,SPE7274VFNX7718SDXYWS4M1NVX3WMF52BH4KTCV,debt_stored,shares,2
9049309,granite-aeusdc,SPE87ZHC11FJJKXCFSG4TYK12FFHH00VR494XF0P,SPE87ZHC11FJJKXCFSG4TYK12FFHH00VR494XF0P,collateral,sBTC,32
9049309,granite-aeusdc,SPE87ZHC11FJJKXCFSG4TYK12FFHH00VR494XF0P,SPE87ZHC11FJJKXCFSG4TYK12FFHH00VR494XF0P,debt,token-aeusdc,50
9049309,granite-aeusdc,SPE87ZHC11FJJKXCFSG4TYK12FFHH00VR494XF0P,SPE87ZHC11FJJKXCFSG4TYK12FFHH00VR494XF0P,debt_stored,shares,32
9049309,granite-aeusdc,SPEC1TKF08M1AWAWRS0PMD61PM9PQS3C4861A7H0,SPEC1TKF08M1AWAWRS0PMD61PM9PQS3C4861A7H0,collateral,sBTC,100
9049309,granite-aeusdc,SPEC1TKF08M1AWAWRS0PMD61PM9PQS3C4861A7H0,SPEC1TKF08M1AWAWRS0PMD61PM9PQS3C4861A7H0,debt,token-aeusdc,4
9049309,granite-aeusdc,SPEC1TKF08M1AWAWRS0PMD61PM9PQS3C4861A7H0,SPEC1TKF08M1AWAWRS0PMD61PM9PQS3C4861A7H0,debt_stored,shares,2
9049309,granite-aeusdc,SPETR4W27S84W30AA5VAXAYYZBSHK7FX5MTFTBHQ,SPETR4W27S84W30AA5VAXAYYZBSHK7FX5MTFTBHQ,collateral,sBTC,29
9049309,granite-aeusdc,SPETR4W27S84W30AA5VAXAYYZBSHK7FX5MTFTBHQ,SPETR4W27S84W30AA5VAXAYYZBSHK7FX5MTFTBHQ,debt,token-aeusdc,1457
9049309,granite-aeusdc,SPETR4W27S84W30AA5VAXAYYZBSHK7FX5MTFTBHQ,SPETR4W27S84W30AA5VAXAYYZBSHK7FX5MTFTBHQ,debt_stored,shares,943
9049309,granite-aeusdc,SPFEG5NTNYET3SDSTMH1SA9V4WNGM0X46DJ5VW7H,SPFEG5NTNYET3SDSTMH1SA9V4WNGM0X46DJ5VW7H,collateral,sBTC,100
9049309,granite-aeusdc,SPFEG5NTNYET3SDSTMH1SA9V4WNGM0X46DJ5VW7H,SPFEG5NTNYET3SDSTMH1SA9V4WNGM0X46DJ5VW7H,debt,token-aeusdc,127
9049309,granite-aeusdc,SPFEG5NTNYET3SDSTMH1SA9V4WNGM0X46DJ5VW7H,SPFEG5NTNYET3SDSTMH1SA9V4WNGM0X46DJ5VW7H,debt_stored,shares,82
9049309,granite-aeusdc,SPFWV4SD4CB6JX36FJKMTDZ8FHTJWR4R9KFNT2CE,SPFWV4SD4CB6JX36FJKMTDZ8FHTJWR4R9KFNT2CE,collateral,sBTC,14
9049309,granite-aeusdc,SPFWV4SD4CB6JX36FJKMTDZ8FHTJWR4R9KFNT2CE,SPFWV4SD4CB6JX36FJKMTDZ8FHTJWR4R9KFNT2CE,debt,token-aeusdc,289
9049309,granite-aeusdc,SPFWV4SD4CB6JX36FJKMTDZ8FHTJWR4R9KFNT2CE,SPFWV4SD4CB6JX36FJKMTDZ8FHTJWR4R9KFNT2CE,debt_stored,shares,187
9049309,granite-aeusdc,SPGDQ0NPDRCF1S4FDV9ERSDFR71AJ6MSNP3B9SEG,SPGDQ0NPDRCF1S4FDV9ERSDFR71AJ6MSNP3B9SEG,collateral,sBTC,54
9049309,granite-aeusdc,SPGDQ0NPDRCF1S4FDV9ERSDFR71AJ6MSNP3B9SEG,SPGDQ0NPDRCF1S4FDV9ERSDFR71AJ6MSNP3B9SEG,debt,token-aeusdc,544
9049309,granite-aeusdc,SPGDQ0NPDRCF1S4FDV9ERSDFR71AJ6MSNP3B9SEG,SPGDQ0NPDRCF1S4FDV9ERSDFR71AJ6MSNP3B9SEG,debt_stored,shares,352
9049309,granite-aeusdc,SPGKZHBNFTBGBDJQXYP95BV1PMPF9JESS53RJ71X,SPGKZHBNFTBGBDJQXYP95BV1PMPF9JESS53RJ71X,collateral,sBTC,25
9049309,granite-aeusdc,SPGKZHBNFTBGBDJQXYP95BV1PMPF9JESS53RJ71X,SPGKZHBNFTBGBDJQXYP95BV1PMPF9JESS53RJ71X,debt,token-aeusdc,2
9049309,granite-aeusdc,SPGKZHBNFTBGBDJQXYP95BV1PMPF9JESS53RJ71X,SPGKZHBNFTBGBDJQXYP95BV1PMPF9JESS53RJ71X,debt_stored,shares,1
9049309,granite-aeusdc,SPH2XHC2XGHVK42PPPPY7KJMRE29SKATJKTRRG9E,SPH2XHC2XGHVK42PPPPY7KJMRE29SKATJKTRRG9E,collateral,sBTC,20
9049309,granite-aeusdc,SPH2XHC2XGHVK42PPPPY7KJMRE29SKATJKTRRG9E,SPH2XHC2XGHVK42PPPPY7KJMRE29SKATJKTRRG9E,debt,token-aeusdc,4
9049309,granite-aeusdc,SPH2XHC2XGHVK42PPPPY7KJMRE29SKATJKTRRG9E,SPH2XHC2XGHVK42PPPPY7KJMRE29SKATJKTRRG9E,debt_stored,shares,2
9049309,granite-aeusdc,SPH85KRAD77SKPETN5T494XJ7EEZB265ZWGKSJ4G,SPH85KRAD77SKPETN5T494XJ7EEZB265ZWGKSJ4G,collateral,sBTC,67
9049309,granite-aeusdc,SPH85KRAD77SKPETN5T494XJ7EEZB265ZWGKSJ4G,SPH85KRAD77SKPETN5T494XJ7EEZB265ZWGKSJ4G,debt,token-aeusdc,2
9049309,granite-aeusdc,SPH85KRAD77SKPETN5T494XJ7EEZB265ZWGKSJ4G,SPH85KRAD77SKPETN5T494XJ7EEZB265ZWGKSJ4G,debt_stored,shares,1
9049309,granite-aeusdc,SPHRBC57NXSAGXGC30XMXF2D4AEHME36J900B8J0,SPHRBC57NXSAGXGC30XMXF2D4AEHME36J900B8J0,collateral,sBTC,88
9049309,granite-aeusdc,SPHRBC57NXSAGXGC30XMXF2D4AEHME36J900B8J0,SPHRBC57NXSAGXGC30XMXF2D4AEHME36J900B8J0,debt,token-aeusdc,2
9049309,granite-aeusdc,SPHRBC57NXSAGXGC30XMXF2D4AEHME36J900B8J0,SPHRBC57NXSAGXGC30XMXF2D4AEHME36J900B8J0,debt_stored,shares,1
9049309,granite-aeusdc,SPHVMSKDTBASH0EFD3CPVZQ2DTP36AFZ9TJ9NBB7,SPHVMSKDTBASH0EFD3CPVZQ2DTP36AFZ9TJ9NBB7,collateral,sBTC,100
9049309,granite-aeusdc,SPHVMSKDTBASH0EFD3CPVZQ2DTP36AFZ9TJ9NBB7,SPHVMSKDTBASH0EFD3CPVZQ2DTP36AFZ9TJ9NBB7,debt,token-aeusdc,66695
9049309,granite-aeusdc,SPHVMSKDTBASH0EFD3CPVZQ2DTP36AFZ9TJ9NBB7,SPHVMSKDTBASH0EFD3CPVZQ2DTP36AFZ9TJ9NBB7,debt_stored,shares,43174
9049309,granite-aeusdc,SPHZW8N7EMXHY7N72JNE2EE1TD4Z1FZ8GENAHYFS,SPHZW8N7EMXHY7N72JNE2EE1TD4Z1FZ8GENAHYFS,collateral,sBTC,3
9049309,granite-aeusdc,SPHZW8N7EMXHY7N72JNE2EE1TD4Z1FZ8GENAHYFS,SPHZW8N7EMXHY7N72JNE2EE1TD4Z1FZ8GENAHYFS,debt,token-aeusdc,353
9049309,granite-aeusdc,SPHZW8N7EMXHY7N72JNE2EE1TD4Z1FZ8GENAHYFS,SPHZW8N7EMXHY7N72JNE2EE1TD4Z1FZ8GENAHYFS,debt_stored,shares,228
9049309,granite-aeusdc,SPJ1C5K6Z66JAMXQWCVXV5PHJ3WN59VTA7R4PKZ7,SPJ1C5K6Z66JAMXQWCVXV5PHJ3WN59VTA7R4PKZ7,collateral,sBTC,100
9049309,granite-aeusdc,SPJ1C5K6Z66JAMXQWCVXV5PHJ3WN59VTA7R4PKZ7,SPJ1C5K6Z66JAMXQWCVXV5PHJ3WN59VTA7R4PKZ7,debt,token-aeusdc,4
9049309,granite-aeusdc,SPJ1C5K6Z66JAMXQWCVXV5PHJ3WN59VTA7R4PKZ7,SPJ1C5K6Z66JAMXQWCVXV5PHJ3WN59VTA7R4PKZ7,debt_stored,shares,2
9049309,granite-aeusdc,SPJCVZ68JVSSWGGXKDKCCN9QVGM30DRVNB0JXKPX,SPJCVZ68JVSSWGGXKDKCCN9QVGM30DRVNB0JXKPX,collateral,sBTC,100
9049309,granite-aeusdc,SPJCVZ68JVSSWGGXKDKCCN9QVGM30DRVNB0JXKPX,SPJCVZ68JVSSWGGXKDKCCN9QVGM30DRVNB0JXKPX,debt,token-aeusdc,7
9049309,granite-aeusdc,SPJCVZ68JVSSWGGXKDKCCN9QVGM30DRVNB0JXKPX,SPJCVZ68JVSSWGGXKDKCCN9QVGM30DRVNB0JXKPX,debt_stored,shares,4
9049309,granite-aeusdc,SPJZ1C0AC0VMB3VM1AFSQASSS1D2JXDRPZ9Z17HT,SPJZ1C0AC0VMB3VM1AFSQASSS1D2JXDRPZ9Z17HT,collateral,sBTC,94
9049309,granite-aeusdc,SPJZ1C0AC0VMB3VM1AFSQASSS1D2JXDRPZ9Z17HT,SPJZ1C0AC0VMB3VM1AFSQASSS1D2JXDRPZ9Z17HT,debt,token-aeusdc,1797
9049309,granite-aeusdc,SPJZ1C0AC0VMB3VM1AFSQASSS1D2JXDRPZ9Z17HT,SPJZ1C0AC0VMB3VM1AFSQASSS1D2JXDRPZ9Z17HT,debt_stored,shares,1163
9049309,granite-aeusdc,SPK3JSTFTP5AW4R16R9NAE6D68ENF2JDQMA31S4N,SPK3JSTFTP5AW4R16R9NAE6D68ENF2JDQMA31S4N,collateral,sBTC,8
9049309,granite-aeusdc,SPK3JSTFTP5AW4R16R9NAE6D68ENF2JDQMA31S4N,SPK3JSTFTP5AW4R16R9NAE6D68ENF2JDQMA31S4N,debt,token-aeusdc,4
9049309,granite-aeusdc,SPK3JSTFTP5AW4R16R9NAE6D68ENF2JDQMA31S4N,SPK3JSTFTP5AW4R16R9NAE6D68ENF2JDQMA31S4N,debt_stored,shares,2
9049309,granite-aeusdc,SPK6CMBDENYB71F34E20H7SEJQ7BMZM1CMH51Z35,SPK6CMBDENYB71F34E20H7SEJQ7BMZM1CMH51Z35,collateral,sBTC,100
9049309,granite-aeusdc,SPK6CMBDENYB71F34E20H7SEJQ7BMZM1CMH51Z35,SPK6CMBDENYB71F34E20H7SEJQ7BMZM1CMH51Z35,debt,token-aeusdc,2
9049309,granite-aeusdc,SPK6CMBDENYB71F34E20H7SEJQ7BMZM1CMH51Z35,SPK6CMBDENYB71F34E20H7SEJQ7BMZM1CMH51Z35,debt_stored,shares,1
9049309,granite-aeusdc,SPK6M71051EADZEK3GC8G3JASBRF9G1NNHPYWNXV,SPK6M71051EADZEK3GC8G3JASBRF9G1NNHPYWNXV,collateral,sBTC,100
9049309,granite-aeusdc,SPK6M71051EADZEK3GC8G3JASBRF9G1NNHPYWNXV,SPK6M71051EADZEK3GC8G3JASBRF9G1NNHPYWNXV,debt,token-aeusdc,2
9049309,granite-aeusdc,SPK6M71051EADZEK3GC8G3JASBRF9G1NNHPYWNXV,SPK6M71051EADZEK3GC8G3JASBRF9G1NNHPYWNXV,debt_stored,shares,1
9049309,granite-aeusdc,SPKBHR2D2AT4F62KSTKS1KVJHD5RM7DXH2J27B50,SPKBHR2D2AT4F62KSTKS1KVJHD5RM7DXH2J27B50,collateral,sBTC,1
9049309,granite-aeusdc,SPKBHR2D2AT4F62KSTKS1KVJHD5RM7DXH2J27B50,SPKBHR2D2AT4F62KSTKS1KVJHD5RM7DXH2J27B50,debt,token-aeusdc,38
9049309,granite-aeusdc,SPKBHR2D2AT4F62KSTKS1KVJHD5RM7DXH2J27B50,SPKBHR2D2AT4F62KSTKS1KVJHD5RM7DXH2J27B50,debt_stored,shares,24
9049309,granite-aeusdc,SPKF142YTSJXF0V75Z20JCGCKEEZZWTJ4D5VVKC3,SPKF142YTSJXF0V75Z20JCGCKEEZZWTJ4D5VVKC3,collateral,sBTC,100
9049309,granite-aeusdc,SPKF142YTSJXF0V75Z20JCGCKEEZZWTJ4D5VVKC3,SPKF142YTSJXF0V75Z20JCGCKEEZZWTJ4D5VVKC3,debt,token-aeusdc,53
9049309,granite-aeusdc,SPKF142YTSJXF0V75Z20JCGCKEEZZWTJ4D5VVKC3,SPKF142YTSJXF0V75Z20JCGCKEEZZWTJ4D5VVKC3,debt_stored,shares,34
9049309,granite-aeusdc,SPKRKWT9EDVC1ZQKWYPF7HSSJM9FS4PNYAF2N8F2,SPKRKWT9EDVC1ZQKWYPF7HSSJM9FS4PNYAF2N8F2,collateral,sBTC,88049
9049309,granite-aeusdc,SPM3N1TF7BATYWZSN05TRVNE6TFV2CGNHMKEVETK,SPM3N1TF7BATYWZSN05TRVNE6TFV2CGNHMKEVETK,collateral,sBTC,76
9049309,granite-aeusdc,SPM3N1TF7BATYWZSN05TRVNE6TFV2CGNHMKEVETK,SPM3N1TF7BATYWZSN05TRVNE6TFV2CGNHMKEVETK,debt,token-aeusdc,2
9049309,granite-aeusdc,SPM3N1TF7BATYWZSN05TRVNE6TFV2CGNHMKEVETK,SPM3N1TF7BATYWZSN05TRVNE6TFV2CGNHMKEVETK,debt_stored,shares,1
9049309,granite-aeusdc,SPMA4G7FYX926EQSD0J36B8AN4NS7823H7JRY414,SPMA4G7FYX926EQSD0J36B8AN4NS7823H7JRY414,collateral,sBTC,11000
9049309,granite-aeusdc,SPMDPB515FFGZE56KQPZRFMMY0HCT674QXAK0CH0,SPMDPB515FFGZE56KQPZRFMMY0HCT674QXAK0CH0,collateral,sBTC,100
9049309,granite-aeusdc,SPMDPB515FFGZE56KQPZRFMMY0HCT674QXAK0CH0,SPMDPB515FFGZE56KQPZRFMMY0HCT674QXAK0CH0,debt,token-aeusdc,7
9049309,granite-aeusdc,SPMDPB515FFGZE56KQPZRFMMY0HCT674QXAK0CH0,SPMDPB515FFGZE56KQPZRFMMY0HCT674QXAK0CH0,debt_stored,shares,4
9049309,granite-aeusdc,SPMZ7H40C7FHR6AW8HK0F21MWEAD21H5J3CAJ0PJ,SPMZ7H40C7FHR6AW8HK0F21MWEAD21H5J3CAJ0PJ,collateral,sBTC,2202
9049309,granite-aeusdc,SPN5FPJJQ6CVAHV1C82QK9Q6315230VF4H2D6JBN,SPN5FPJJQ6CVAHV1C82QK9Q6315230VF4H2D6JBN,collateral,sBTC,19
9049309,granite-aeusdc,SPN5FPJJQ6CVAHV1C82QK9Q6315230VF4H2D6JBN,SPN5FPJJQ6CVAHV1C82QK9Q6315230VF4H2D6JBN,debt,token-aeusdc,1771
9049309,granite-aeusdc,SPN5FPJJQ6CVAHV1C82QK9Q6315230VF4H2D6JBN,SPN5FPJJQ6CVAHV1C82QK9Q6315230VF4H2D6JBN,debt_stored,shares,1146
9049309,granite-aeusdc,SPN81965G1WZ1143K0KS4R553X9V1VWMDN3YXAYC,SPN81965G1WZ1143K0KS4R553X9V1VWMDN3YXAYC,collateral,sBTC,70
9049309,granite-aeusdc,SPN81965G1WZ1143K0KS4R553X9V1VWMDN3YXAYC,SPN81965G1WZ1143K0KS4R553X9V1VWMDN3YXAYC,debt,token-aeusdc,1766
9049309,granite-aeusdc,SPN81965G1WZ1143K0KS4R553X9V1VWMDN3YXAYC,SPN81965G1WZ1143K0KS4R553X9V1VWMDN3YXAYC,debt_stored,shares,1143
9049309,granite-aeusdc,SPNB8NKMHP8J8MF6ZTE8R94NWQ2H0Q2JCX78JXM2,SPNB8NKMHP8J8MF6ZTE8R94NWQ2H0Q2JCX78JXM2,collateral,sBTC,68
9049309,granite-aeusdc,SPNB8NKMHP8J8MF6ZTE8R94NWQ2H0Q2JCX78JXM2,SPNB8NKMHP8J8MF6ZTE8R94NWQ2H0Q2JCX78JXM2,debt,token-aeusdc,2
9049309,granite-aeusdc,SPNB8NKMHP8J8MF6ZTE8R94NWQ2H0Q2JCX78JXM2,SPNB8NKMHP8J8MF6ZTE8R94NWQ2H0Q2JCX78JXM2,debt_stored,shares,1
9049309,granite-aeusdc,SPNCMGY9QZB0V5NWF88PTGQHHG09MBCBHD44RD9E,SPNCMGY9QZB0V5NWF88PTGQHHG09MBCBHD44RD9E,collateral,sBTC,69
9049309,granite-aeusdc,SPNCMGY9QZB0V5NWF88PTGQHHG09MBCBHD44RD9E,SPNCMGY9QZB0V5NWF88PTGQHHG09MBCBHD44RD9E,debt,token-aeusdc,4
9049309,granite-aeusdc,SPNCMGY9QZB0V5NWF88PTGQHHG09MBCBHD44RD9E,SPNCMGY9QZB0V5NWF88PTGQHHG09MBCBHD44RD9E,debt_stored,shares,2
9049309,granite-aeusdc,SPPDRBQN72YPFCMV86CMR235GHC34S0ZW8P87V23,SPPDRBQN72YPFCMV86CMR235GHC34S0ZW8P87V23,collateral,sBTC,71
9049309,granite-aeusdc,SPPDRBQN72YPFCMV86CMR235GHC34S0ZW8P87V23,SPPDRBQN72YPFCMV86CMR235GHC34S0ZW8P87V23,debt,token-aeusdc,4
9049309,granite-aeusdc,SPPDRBQN72YPFCMV86CMR235GHC34S0ZW8P87V23,SPPDRBQN72YPFCMV86CMR235GHC34S0ZW8P87V23,debt_stored,shares,2
9049309,granite-aeusdc,SPPEYQ5DZW6EAP96WXVRP1RR1MNKM82QQB00SSHE,SPPEYQ5DZW6EAP96WXVRP1RR1MNKM82QQB00SSHE,collateral,sBTC,100
9049309,granite-aeusdc,SPPEYQ5DZW6EAP96WXVRP1RR1MNKM82QQB00SSHE,SPPEYQ5DZW6EAP96WXVRP1RR1MNKM82QQB00SSHE,debt,token-aeusdc,39
9049309,granite-aeusdc,SPPEYQ5DZW6EAP96WXVRP1RR1MNKM82QQB00SSHE,SPPEYQ5DZW6EAP96WXVRP1RR1MNKM82QQB00SSHE,debt_stored,shares,25
9049309,granite-aeusdc,SPPJ3SK8QFFXPSNCN4SS5XZ0MSB0FBC5SZSBWAWG,SPPJ3SK8QFFXPSNCN4SS5XZ0MSB0FBC5SZSBWAWG,collateral,sBTC,100
9049309,granite-aeusdc,SPPJ3SK8QFFXPSNCN4SS5XZ0MSB0FBC5SZSBWAWG,SPPJ3SK8QFFXPSNCN4SS5XZ0MSB0FBC5SZSBWAWG,debt,token-aeusdc,2
9049309,granite-aeusdc,SPPJ3SK8QFFXPSNCN4SS5XZ0MSB0FBC5SZSBWAWG,SPPJ3SK8QFFXPSNCN4SS5XZ0MSB0FBC5SZSBWAWG,debt_stored,shares,1
9049309,granite-aeusdc,SPQ9B3SYFV0AFYY96QN5ZJBNGCRRZCCMFHY0M34Z,SPQ9B3SYFV0AFYY96QN5ZJBNGCRRZCCMFHY0M34Z,collateral,sBTC,5
9049309,granite-aeusdc,SPQDPEQP2NERAW7VN6KHKPAQV1QVXHYK9BR7MD8M,SPQDPEQP2NERAW7VN6KHKPAQV1QVXHYK9BR7MD8M,collateral,sBTC,100
9049309,granite-aeusdc,SPQDPEQP2NERAW7VN6KHKPAQV1QVXHYK9BR7MD8M,SPQDPEQP2NERAW7VN6KHKPAQV1QVXHYK9BR7MD8M,debt,token-aeusdc,4
9049309,granite-aeusdc,SPQDPEQP2NERAW7VN6KHKPAQV1QVXHYK9BR7MD8M,SPQDPEQP2NERAW7VN6KHKPAQV1QVXHYK9BR7MD8M,debt_stored,shares,2
9049309,granite-aeusdc,SPQZB84K0ZW6BNAVWETXHY6THQT1RYEMF930QZS2,SPQZB84K0ZW6BNAVWETXHY6THQT1RYEMF930QZS2,collateral,sBTC,2488
9049309,granite-aeusdc,SPR0GAA2A1GV1CDQ71NNSTPBNSY5GW05X7PREVBY,SPR0GAA2A1GV1CDQ71NNSTPBNSY5GW05X7PREVBY,collateral,sBTC,100
9049309,granite-aeusdc,SPR0GAA2A1GV1CDQ71NNSTPBNSY5GW05X7PREVBY,SPR0GAA2A1GV1CDQ71NNSTPBNSY5GW05X7PREVBY,debt,token-aeusdc,7
9049309,granite-aeusdc,SPR0GAA2A1GV1CDQ71NNSTPBNSY5GW05X7PREVBY,SPR0GAA2A1GV1CDQ71NNSTPBNSY5GW05X7PREVBY,debt_stored,shares,4
9049309,granite-aeusdc,SPR57R11NXQNBH674072AV6AD3AHZ0MD6NT46RPW,SPR57R11NXQNBH674072AV6AD3AHZ0MD6NT46RPW,collateral,sBTC,8788
9049309,granite-aeusdc,SPR57R11NXQNBH674072AV6AD3AHZ0MD6NT46RPW,SPR57R11NXQNBH674072AV6AD3AHZ0MD6NT46RPW,debt,token-aeusdc,4044792
9049309,granite-aeusdc,SPR57R11NXQNBH674072AV6AD3AHZ0MD6NT46RPW,SPR57R11NXQNBH674072AV6AD3AHZ0MD6NT46RPW,debt_stored,shares,2618354
9049309,granite-aeusdc,SPR9CWCGRV4N1R58960BK8MN61T7WHS7450KSRP4,SPR9CWCGRV4N1R58960BK8MN61T7WHS7450KSRP4,collateral,sBTC,100
9049309,granite-aeusdc,SPR9CWCGRV4N1R58960BK8MN61T7WHS7450KSRP4,SPR9CWCGRV4N1R58960BK8MN61T7WHS7450KSRP4,debt,token-aeusdc,2
9049309,granite-aeusdc,SPR9CWCGRV4N1R58960BK8MN61T7WHS7450KSRP4,SPR9CWCGRV4N1R58960BK8MN61T7WHS7450KSRP4,debt_stored,shares,1
9049309,granite-aeusdc,SPRSMJ5QYQM8T0YRJGAFZXRFXN3K6PCDRDYE6B2T,SPRSMJ5QYQM8T0YRJGAFZXRFXN3K6PCDRDYE6B2T,collateral,sBTC,240385
9049309,granite-aeusdc,SPRSMJ5QYQM8T0YRJGAFZXRFXN3K6PCDRDYE6B2T,SPRSMJ5QYQM8T0YRJGAFZXRFXN3K6PCDRDYE6B2T,debt,token-aeusdc,67892194
9049309,granite-aeusdc,SPRSMJ5QYQM8T0YRJGAFZXRFXN3K6PCDRDYE6B2T,SPRSMJ5QYQM8T0YRJGAFZXRFXN3K6PCDRDYE6B2T,debt_stored,shares,43949306
9049309,granite-aeusdc,SPS9Z1ZRR1BMHQ3601AMQZ21HM3VSN057QJ1TS6K,SPS9Z1ZRR1BMHQ3601AMQZ21HM3VSN057QJ1TS6K,collateral,sBTC,37
9049309,granite-aeusdc,SPS9Z1ZRR1BMHQ3601AMQZ21HM3VSN057QJ1TS6K,SPS9Z1ZRR1BMHQ3601AMQZ21HM3VSN057QJ1TS6K,debt,token-aeusdc,2
9049309,granite-aeusdc,SPS9Z1ZRR1BMHQ3601AMQZ21HM3VSN057QJ1TS6K,SPS9Z1ZRR1BMHQ3601AMQZ21HM3VSN057QJ1TS6K,debt_stored,shares,1
9049309,granite-aeusdc,SPSFDTQXTN62FM260RKA50PY4FKMHWBY7AGXAD86,SPSFDTQXTN62FM260RKA50PY4FKMHWBY7AGXAD86,collateral,sBTC,1189
9049309,granite-aeusdc,SPSFDTQXTN62FM260RKA50PY4FKMHWBY7AGXAD86,SPSFDTQXTN62FM260RKA50PY4FKMHWBY7AGXAD86,debt,token-aeusdc,457641
9049309,granite-aeusdc,SPSFDTQXTN62FM260RKA50PY4FKMHWBY7AGXAD86,SPSFDTQXTN62FM260RKA50PY4FKMHWBY7AGXAD86,debt_stored,shares,296249
9049309,granite-aeusdc,SPSR4ATBY6GV26GXC6QZCA4WVGN56HTCBN9JHRE1,SPSR4ATBY6GV26GXC6QZCA4WVGN56HTCBN9JHRE1,collateral,sBTC,12
9049309,granite-aeusdc,SPSR4ATBY6GV26GXC6QZCA4WVGN56HTCBN9JHRE1,SPSR4ATBY6GV26GXC6QZCA4WVGN56HTCBN9JHRE1,debt,token-aeusdc,1735
9049309,granite-aeusdc,SPSR4ATBY6GV26GXC6QZCA4WVGN56HTCBN9JHRE1,SPSR4ATBY6GV26GXC6QZCA4WVGN56HTCBN9JHRE1,debt_stored,shares,1123
9049309,granite-aeusdc,SPSV9MX1QEKD3DRN2SXA2VXDGXF7N79AS7NFFW8G,SPSV9MX1QEKD3DRN2SXA2VXDGXF7N79AS7NFFW8G,collateral,sBTC,13
9049309,granite-aeusdc,SPSV9MX1QEKD3DRN2SXA2VXDGXF7N79AS7NFFW8G,SPSV9MX1QEKD3DRN2SXA2VXDGXF7N79AS7NFFW8G,debt,token-aeusdc,2
9049309,granite-aeusdc,SPSV9MX1QEKD3DRN2SXA2VXDGXF7N79AS7NFFW8G,SPSV9MX1QEKD3DRN2SXA2VXDGXF7N79AS7NFFW8G,debt_stored,shares,1
9049309,granite-aeusdc,SPT3SN9MAFWKVHPWQEJ53V3W1W3XPF3YH43X53GB,SPT3SN9MAFWKVHPWQEJ53V3W1W3XPF3YH43X53GB,collateral,sBTC,14
9049309,granite-aeusdc,SPT3SN9MAFWKVHPWQEJ53V3W1W3XPF3YH43X53GB,SPT3SN9MAFWKVHPWQEJ53V3W1W3XPF3YH43X53GB,debt,token-aeusdc,2
9049309,granite-aeusdc,SPT3SN9MAFWKVHPWQEJ53V3W1W3XPF3YH43X53GB,SPT3SN9MAFWKVHPWQEJ53V3W1W3XPF3YH43X53GB,debt_stored,shares,1
9049309,granite-aeusdc,SPT8Z3AWJ860DP6S96RSEY4D846Z723WJ8VSDJDY,SPT8Z3AWJ860DP6S96RSEY4D846Z723WJ8VSDJDY,collateral,sBTC,100
9049309,granite-aeusdc,SPT8Z3AWJ860DP6S96RSEY4D846Z723WJ8VSDJDY,SPT8Z3AWJ860DP6S96RSEY4D846Z723WJ8VSDJDY,debt,token-aeusdc,2
9049309,granite-aeusdc,SPT8Z3AWJ860DP6S96RSEY4D846Z723WJ8VSDJDY,SPT8Z3AWJ860DP6S96RSEY4D846Z723WJ8VSDJDY,debt_stored,shares,1
9049309,granite-aeusdc,SPTFZ31EEVCQ10CR7HKM0SERF8T3T07HMEKATH4F,SPTFZ31EEVCQ10CR7HKM0SERF8T3T07HMEKATH4F,collateral,sBTC,100
9049309,granite-aeusdc,SPTFZ31EEVCQ10CR7HKM0SERF8T3T07HMEKATH4F,SPTFZ31EEVCQ10CR7HKM0SERF8T3T07HMEKATH4F,debt,token-aeusdc,4
9049309,granite-aeusdc,SPTFZ31EEVCQ10CR7HKM0SERF8T3T07HMEKATH4F,SPTFZ31EEVCQ10CR7HKM0SERF8T3T07HMEKATH4F,debt_stored,shares,2
9049309,granite-aeusdc,SPVJD6XAFTWKG0N48JD6ND1F7K7C4FJRQC3JD5CD,SPVJD6XAFTWKG0N48JD6ND1F7K7C4FJRQC3JD5CD,collateral,sBTC,100
9049309,granite-aeusdc,SPVJD6XAFTWKG0N48JD6ND1F7K7C4FJRQC3JD5CD,SPVJD6XAFTWKG0N48JD6ND1F7K7C4FJRQC3JD5CD,debt,token-aeusdc,2
9049309,granite-aeusdc,SPVJD6XAFTWKG0N48JD6ND1F7K7C4FJRQC3JD5CD,SPVJD6XAFTWKG0N48JD6ND1F7K7C4FJRQC3JD5CD,debt_stored,shares,1
9049309,granite-aeusdc,SPVPP9B90H6EPJTGW9W1H4CEARCASYR0BQJ33125,SPVPP9B90H6EPJTGW9W1H4CEARCASYR0BQJ33125,collateral,sBTC,100
9049309,granite-aeusdc,SPVPP9B90H6EPJTGW9W1H4CEARCASYR0BQJ33125,SPVPP9B90H6EPJTGW9W1H4CEARCASYR0BQJ33125,debt,token-aeusdc,2
9049309,granite-aeusdc,SPVPP9B90H6EPJTGW9W1H4CEARCASYR0BQJ33125,SPVPP9B90H6EPJTGW9W1H4CEARCASYR0BQJ33125,debt_stored,shares,1
9049309,granite-aeusdc,SPVTDVJWDAGBF75QNTV8P30VV15KCHXHVB1PY9EF,SPVTDVJWDAGBF75QNTV8P30VV15KCHXHVB1PY9EF,collateral,sBTC,94
9049309,granite-aeusdc,SPVTDVJWDAGBF75QNTV8P30VV15KCHXHVB1PY9EF,SPVTDVJWDAGBF75QNTV8P30VV15KCHXHVB1PY9EF,debt,token-aeusdc,1453
9049309,granite-aeusdc,SPVTDVJWDAGBF75QNTV8P30VV15KCHXHVB1PY9EF,SPVTDVJWDAGBF75QNTV8P30VV15KCHXHVB1PY9EF,debt_stored,shares,940
9049309,granite-aeusdc,SPVY7SXW4WWJ8DV2664DNS3SW8CZCCD3HSMCZ05M,SPVY7SXW4WWJ8DV2664DNS3SW8CZCCD3HSMCZ05M,collateral,sBTC,100000
9049309,granite-aeusdc,SPW1SGXZKGAVFEH4XTWEK374AQ0CAB7G7QH4PVFM,SPW1SGXZKGAVFEH4XTWEK374AQ0CAB7G7QH4PVFM,collateral,sBTC,80
9049309,granite-aeusdc,SPW1SGXZKGAVFEH4XTWEK374AQ0CAB7G7QH4PVFM,SPW1SGXZKGAVFEH4XTWEK374AQ0CAB7G7QH4PVFM,debt,token-aeusdc,45297
9049309,granite-aeusdc,SPW1SGXZKGAVFEH4XTWEK374AQ0CAB7G7QH4PVFM,SPW1SGXZKGAVFEH4XTWEK374AQ0CAB7G7QH4PVFM,debt_stored,shares,29322
9049309,granite-aeusdc,SPW31WYCP7R2KTVV6CPXPEWZ0M39QJR9TS4V0X99,SPW31WYCP7R2KTVV6CPXPEWZ0M39QJR9TS4V0X99,collateral,sBTC,13
9049309,granite-aeusdc,SPW31WYCP7R2KTVV6CPXPEWZ0M39QJR9TS4V0X99,SPW31WYCP7R2KTVV6CPXPEWZ0M39QJR9TS4V0X99,debt,token-aeusdc,2
9049309,granite-aeusdc,SPW31WYCP7R2KTVV6CPXPEWZ0M39QJR9TS4V0X99,SPW31WYCP7R2KTVV6CPXPEWZ0M39QJR9TS4V0X99,debt_stored,shares,1
9049309,granite-aeusdc,SPW6A5V3PDA7NKNW9SQ39XBB703116QFDMM1PEB4,SPW6A5V3PDA7NKNW9SQ39XBB703116QFDMM1PEB4,collateral,sBTC,100
9049309,granite-aeusdc,SPW6A5V3PDA7NKNW9SQ39XBB703116QFDMM1PEB4,SPW6A5V3PDA7NKNW9SQ39XBB703116QFDMM1PEB4,debt,token-aeusdc,2
9049309,granite-aeusdc,SPW6A5V3PDA7NKNW9SQ39XBB703116QFDMM1PEB4,SPW6A5V3PDA7NKNW9SQ39XBB703116QFDMM1PEB4,debt_stored,shares,1
9049309,granite-aeusdc,SPWATDWW39K7ZD1CH47Z5ECFTCK2FBW512SDM7HA,SPWATDWW39K7ZD1CH47Z5ECFTCK2FBW512SDM7HA,collateral,sBTC,81
9049309,granite-aeusdc,SPWATDWW39K7ZD1CH47Z5ECFTCK2FBW512SDM7HA,SPWATDWW39K7ZD1CH47Z5ECFTCK2FBW512SDM7HA,debt,token-aeusdc,4
9049309,granite-aeusdc,SPWATDWW39K7ZD1CH47Z5ECFTCK2FBW512SDM7HA,SPWATDWW39K7ZD1CH47Z5ECFTCK2FBW512SDM7HA,debt_stored,shares,2
9049309,granite-aeusdc,SPWKGAWXJSCBS4X7PMF77817ZMGY75K9JX0013JW,SPWKGAWXJSCBS4X7PMF77817ZMGY75K9JX0013JW,collateral,sBTC,61
9049309,granite-aeusdc,SPWKGAWXJSCBS4X7PMF77817ZMGY75K9JX0013JW,SPWKGAWXJSCBS4X7PMF77817ZMGY75K9JX0013JW,debt,token-aeusdc,2
9049309,granite-aeusdc,SPWKGAWXJSCBS4X7PMF77817ZMGY75K9JX0013JW,SPWKGAWXJSCBS4X7PMF77817ZMGY75K9JX0013JW,debt_stored,shares,1
9049309,granite-aeusdc,SPWQ24G55GB4RH03R6F70GV6X2MBY0VYAT66EH79,SPWQ24G55GB4RH03R6F70GV6X2MBY0VYAT66EH79,collateral,sBTC,54
9049309,granite-aeusdc,SPWQ24G55GB4RH03R6F70GV6X2MBY0VYAT66EH79,SPWQ24G55GB4RH03R6F70GV6X2MBY0VYAT66EH79,debt,token-aeusdc,51
9049309,granite-aeusdc,SPWQ24G55GB4RH03R6F70GV6X2MBY0VYAT66EH79,SPWQ24G55GB4RH03R6F70GV6X2MBY0VYAT66EH79,debt_stored,shares,33
9049309,granite-aeusdc,SPWW4G2XJNQETHBQRZ5D9G96KVFQK5DSGPJHJ38G,SPWW4G2XJNQETHBQRZ5D9G96KVFQK5DSGPJHJ38G,collateral,sBTC,100
9049309,granite-aeusdc,SPWW4G2XJNQETHBQRZ5D9G96KVFQK5DSGPJHJ38G,SPWW4G2XJNQETHBQRZ5D9G96KVFQK5DSGPJHJ38G,debt,token-aeusdc,4
9049309,granite-aeusdc,SPWW4G2XJNQETHBQRZ5D9G96KVFQK5DSGPJHJ38G,SPWW4G2XJNQETHBQRZ5D9G96KVFQK5DSGPJHJ38G,debt_stored,shares,2
9049309,granite-aeusdc,SPWX2G8M701826NYV0E42R7EW1GVCX58SNPGVXYB,SPWX2G8M701826NYV0E42R7EW1GVCX58SNPGVXYB,collateral,sBTC,100
9049309,granite-aeusdc,SPWX2G8M701826NYV0E42R7EW1GVCX58SNPGVXYB,SPWX2G8M701826NYV0E42R7EW1GVCX58SNPGVXYB,debt,token-aeusdc,2
9049309,granite-aeusdc,SPWX2G8M701826NYV0E42R7EW1GVCX58SNPGVXYB,SPWX2G8M701826NYV0E42R7EW1GVCX58SNPGVXYB,debt_stored,shares,1
9049309,granite-aeusdc,SPXB2SGAZEEKR6D8WZ5AVNDAJ6VY9G067S5257X,SPXB2SGAZEEKR6D8WZ5AVNDAJ6VY9G067S5257X,collateral,sBTC,15
9049309,granite-aeusdc,SPXB2SGAZEEKR6D8WZ5AVNDAJ6VY9G067S5257X,SPXB2SGAZEEKR6D8WZ5AVNDAJ6VY9G067S5257X,debt,token-aeusdc,1771
9049309,granite-aeusdc,SPXB2SGAZEEKR6D8WZ5AVNDAJ6VY9G067S5257X,SPXB2SGAZEEKR6D8WZ5AVNDAJ6VY9G067S5257X,debt_stored,shares,1146
9049309,granite-aeusdc,SPXRTE1VXRSWF0F872F1FVE42MQBX4H3TY658DSF,SPXRTE1VXRSWF0F872F1FVE42MQBX4H3TY658DSF,collateral,sBTC,12
9049309,granite-aeusdc,SPXRTE1VXRSWF0F872F1FVE42MQBX4H3TY658DSF,SPXRTE1VXRSWF0F872F1FVE42MQBX4H3TY658DSF,debt,token-aeusdc,1768
9049309,granite-aeusdc,SPXRTE1VXRSWF0F872F1FVE42MQBX4H3TY658DSF,SPXRTE1VXRSWF0F872F1FVE42MQBX4H3TY658DSF,debt_stored,shares,1144
9049309,granite-aeusdc,SPXV0NSQ0FAPJ7P7ZAD5X10NEXZZMTZVF1N32MGN,SPXV0NSQ0FAPJ7P7ZAD5X10NEXZZMTZVF1N32MGN,collateral,sBTC,100
9049309,granite-aeusdc,SPXV0NSQ0FAPJ7P7ZAD5X10NEXZZMTZVF1N32MGN,SPXV0NSQ0FAPJ7P7ZAD5X10NEXZZMTZVF1N32MGN,debt,token-aeusdc,2
9049309,granite-aeusdc,SPXV0NSQ0FAPJ7P7ZAD5X10NEXZZMTZVF1N32MGN,SPXV0NSQ0FAPJ7P7ZAD5X10NEXZZMTZVF1N32MGN,debt_stored,shares,1
9049309,granite-aeusdc,SPY8WG7E7XMS1MYQM7ACTDASM9PQKR3GKXNXQRKH,SPY8WG7E7XMS1MYQM7ACTDASM9PQKR3GKXNXQRKH,collateral,sBTC,19001
9049309,granite-aeusdc,SPYJXF703VTBNC9GCV06KAP535V136SCSYJGBXE5,SPYJXF703VTBNC9GCV06KAP535V136SCSYJGBXE5,collateral,sBTC,100
9049309,granite-aeusdc,SPYJXF703VTBNC9GCV06KAP535V136SCSYJGBXE5,SPYJXF703VTBNC9GCV06KAP535V136SCSYJGBXE5,debt,token-aeusdc,13
9049309,granite-aeusdc,SPYJXF703VTBNC9GCV06KAP535V136SCSYJGBXE5,SPYJXF703VTBNC9GCV06KAP535V136SCSYJGBXE5,debt_stored,shares,8
9049309,granite-aeusdc,SPYNAD65T2EFJG0YVNP76J7XATJHSQC343K2MSFG,SPYNAD65T2EFJG0YVNP76J7XATJHSQC343K2MSFG,collateral,sBTC,5600
9049309,granite-aeusdc,SPYNAD65T2EFJG0YVNP76J7XATJHSQC343K2MSFG,SPYNAD65T2EFJG0YVNP76J7XATJHSQC343K2MSFG,debt,token-aeusdc,2642862
9049309,granite-aeusdc,SPYNAD65T2EFJG0YVNP76J7XATJHSQC343K2MSFG,SPYNAD65T2EFJG0YVNP76J7XATJHSQC343K2MSFG,debt_stored,shares,1710829
9049309,granite-aeusdc,SPYR57JERTKZHMZ9Z25S2PYF31E2DWADHPCQZX9F,SPYR57JERTKZHMZ9Z25S2PYF31E2DWADHPCQZX9F,collateral,sBTC,91
9049309,granite-aeusdc,SPYR57JERTKZHMZ9Z25S2PYF31E2DWADHPCQZX9F,SPYR57JERTKZHMZ9Z25S2PYF31E2DWADHPCQZX9F,debt,token-aeusdc,2
9049309,granite-aeusdc,SPYR57JERTKZHMZ9Z25S2PYF31E2DWADHPCQZX9F,SPYR57JERTKZHMZ9Z25S2PYF31E2DWADHPCQZX9F,debt_stored,shares,1
9049309,granite-aeusdc,SPZ8EM5YHEZWCMCM23Z3MR5M42ZJ07W20KQ9AGNF,SPZ8EM5YHEZWCMCM23Z3MR5M42ZJ07W20KQ9AGNF,collateral,sBTC,45
9049309,granite-aeusdc,SPZ8EM5YHEZWCMCM23Z3MR5M42ZJ07W20KQ9AGNF,SPZ8EM5YHEZWCMCM23Z3MR5M42ZJ07W20KQ9AGNF,debt,token-aeusdc,5
9049309,granite-aeusdc,SPZ8EM5YHEZWCMCM23Z3MR5M42ZJ07W20KQ9AGNF,SPZ8EM5YHEZWCMCM23Z3MR5M42ZJ07W20KQ9AGNF,debt_stored,shares,3
9049309,granite-aeusdc,SPZFQBAZCE633AY8E6NMJSH7N0FV1RXP4ZSV917M,SPZFQBAZCE633AY8E6NMJSH7N0FV1RXP4ZSV917M,collateral,sBTC,89
9049309,granite-aeusdc,SPZFQBAZCE633AY8E6NMJSH7N0FV1RXP4ZSV917M,SPZFQBAZCE633AY8E6NMJSH7N0FV1RXP4ZSV917M,debt,token-aeusdc,2
9049309,granite-aeusdc,SPZFQBAZCE633AY8E6NMJSH7N0FV1RXP4ZSV917M,SPZFQBAZCE633AY8E6NMJSH7N0FV1RXP4ZSV917M,debt_stored,shares,1
9049309,granite-aeusdc,SPZJVRSB02DN1N51E3FG1DMZCJZ5X2RNMJWHWATB,SPZJVRSB02DN1N51E3FG1DMZCJZ5X2RNMJWHWATB,collateral,sBTC,100
9049309,granite-aeusdc,SPZJVRSB02DN1N51E3FG1DMZCJZ5X2RNMJWHWATB,SPZJVRSB02DN1N51E3FG1DMZCJZ5X2RNMJWHWATB,debt,token-aeusdc,2
9049309,granite-aeusdc,SPZJVRSB02DN1N51E3FG1DMZCJZ5X2RNMJWHWATB,SPZJVRSB02DN1N51E3FG1DMZCJZ5X2RNMJWHWATB,debt_stored,shares,1
9049309,granite-aeusdc,SPZSMJ08BSF7YBN3Z7FATY1KTC3K2R7HER9ZC015,SPZSMJ08BSF7YBN3Z7FATY1KTC3K2R7HER9ZC015,collateral,sBTC,100
9049309,granite-aeusdc,SPZSMJ08BSF7YBN3Z7FATY1KTC3K2R7HER9ZC015,SPZSMJ08BSF7YBN3Z7FATY1KTC3K2R7HER9ZC015,debt,token-aeusdc,294
9049309,granite-aeusdc,SPZSMJ08BSF7YBN3Z7FATY1KTC3K2R7HER9ZC015,SPZSMJ08BSF7YBN3Z7FATY1KTC3K2R7HER9ZC015,debt_stored,shares,190
9049309,granite-aeusdc,SPZSNKMH19V7077VQW2ECPK78BF14BVQK3RQWWAQ,SPZSNKMH19V7077VQW2ECPK78BF14BVQK3RQWWAQ,collateral,sBTC,81
9049309,granite-aeusdc,SPZSNKMH19V7077VQW2ECPK78BF14BVQK3RQWWAQ,SPZSNKMH19V7077VQW2ECPK78BF14BVQK3RQWWAQ,debt,token-aeusdc,2
9049309,granite-aeusdc,SPZSNKMH19V7077VQW2ECPK78BF14BVQK3RQWWAQ,SPZSNKMH19V7077VQW2ECPK78BF14BVQK3RQWWAQ,debt_stored,shares,1
