block_height,market,position,account,side,asset,amount_base_units
9049309,zest-v2,SP3V34ZZ9XHR1GA9Y79ANT19EVFNN26MQY3A1JGT0,SP3V34ZZ9XHR1GA9Y79ANT19EVFNN26MQY3A1JGT0,collateral,zstSTXbtc,4999015
9049309,zest-v2,SP1T8R1GD27431K2C8C6NJCD5HDP84D33D52TTMQC,SP1T8R1GD27431K2C8C6NJCD5HDP84D33D52TTMQC,collateral,zUSDC,999465
9049309,zest-v2,SP1T8R1GD27431K2C8C6NJCD5HDP84D33D52TTMQC,SP1T8R1GD27431K2C8C6NJCD5HDP84D33D52TTMQC,debt,STX,1010166
9049309,zest-v2,SP1T8R1GD27431K2C8C6NJCD5HDP84D33D52TTMQC,SP1T8R1GD27431K2C8C6NJCD5HDP84D33D52TTMQC,debt_stored,STX,988234
9049309,zest-v2,SP1A91KESHC6E2D4M18ZSGC6120TZBTT8D6RCD0CE,SP1A91KESHC6E2D4M18ZSGC6120TZBTT8D6RCD0CE,collateral,zstSTXbtc,250000
9049309,zest-v2,SP1E0FWX3Q5PRZRHW9A205YBXMRX7YYS14CDN8RA7,SP1E0FWX3Q5PRZRHW9A205YBXMRX7YYS14CDN8RA7,collateral,zsBTC,310077069
9049309,zest-v2,SP1E0FWX3Q5PRZRHW9A205YBXMRX7YYS14CDN8RA7,SP1E0FWX3Q5PRZRHW9A205YBXMRX7YYS14CDN8RA7,debt,USDC,161231278184
9049309,zest-v2,SP1E0FWX3Q5PRZRHW9A205YBXMRX7YYS14CDN8RA7,SP1E0FWX3Q5PRZRHW9A205YBXMRX7YYS14CDN8RA7,debt_stored,USDC,159487211335
9049309,zest-v2,SP26E434SDGRSA9QF5D65A3WZ29Y0MXD9AMXFJYDC,SP26E434SDGRSA9QF5D65A3WZ29Y0MXD9AMXFJYDC,collateral,zSTX,2182068040736
9049309,zest-v2,SP26E434SDGRSA9QF5D65A3WZ29Y0MXD9AMXFJYDC,SP26E434SDGRSA9QF5D65A3WZ29Y0MXD9AMXFJYDC,debt,USDC,151331306724
9049309,zest-v2,SP26E434SDGRSA9QF5D65A3WZ29Y0MXD9AMXFJYDC,SP26E434SDGRSA9QF5D65A3WZ29Y0MXD9AMXFJYDC,debt_stored,USDC,149694329592
9049309,zest-v2,SP39H80JHGD2QXVFSM1VN3NEVKHVXF5CV9B0A9RQH,SP39H80JHGD2QXVFSM1VN3NEVKHVXF5CV9B0A9RQH,collateral,zUSDC,9998435719062
9049309,zest-v2,SP1RBRTZVFADS0K26SHWFWDA2G9QJFNE0HXQ4NX8P,SP1RBRTZVFADS0K26SHWFWDA2G9QJFNE0HXQ4NX8P,collateral,zsBTC,189
9049309,zest-v2,SP1BQZ7QBWMRCYYFB51F5SGH2NJJ33R3BJQA71AQ0,SP1BQZ7QBWMRCYYFB51F5SGH2NJJ33R3BJQA71AQ0,collateral,zstBTC,2151
9049309,zest-v2,SP1BQZ7QBWMRCYYFB51F5SGH2NJJ33R3BJQA71AQ0,SP1BQZ7QBWMRCYYFB51F5SGH2NJJ33R3BJQA71AQ0,debt,USDC,252117
9049309,zest-v2,SP1BQZ7QBWMRCYYFB51F5SGH2NJJ33R3BJQA71AQ0,SP1BQZ7QBWMRCYYFB51F5SGH2NJJ33R3BJQA71AQ0,debt_stored,USDC,249389
9049309,zest-v2,SP3D0ZDN3E8M33MY88REE1NQQR7H6ZQWEYKQ3JP1V,SP3D0ZDN3E8M33MY88REE1NQQR7H6ZQWEYKQ3JP1V,collateral,zstSTXbtc,10002775560
9049309,zest-v2,SP3D0ZDN3E8M33MY88REE1NQQR7H6ZQWEYKQ3JP1V,SP3D0ZDN3E8M33MY88REE1NQQR7H6ZQWEYKQ3JP1V,debt,USDC,699498661
9049309,zest-v2,SP3D0ZDN3E8M33MY88REE1NQQR7H6ZQWEYKQ3JP1V,SP3D0ZDN3E8M33MY88REE1NQQR7H6ZQWEYKQ3JP1V,debt_stored,USDC,691932062
9049309,zest-v2,SP306XMK02QDR1W13ENEYCF5TMDAKHB2GX3F2KGK3,SP306XMK02QDR1W13ENEYCF5TMDAKHB2GX3F2KGK3,collateral,zstSTXbtc,2260000000000
9049309,zest-v2,SP306XMK02QDR1W13ENEYCF5TMDAKHB2GX3F2KGK3,SP306XMK02QDR1W13ENEYCF5TMDAKHB2GX3F2KGK3,debt,USDC,63360163033
9049309,zest-v2,SP306XMK02QDR1W13ENEYCF5TMDAKHB2GX3F2KGK3,SP306XMK02QDR1W13ENEYCF5TMDAKHB2GX3F2KGK3,debt_stored,USDC,62674785101
9049309,zest-v2,SP2QPKZPPEBZ7ZB7E558TTW15X75S9VDHC09M9SJF,SP2QPKZPPEBZ7ZB7E558TTW15X75S9VDHC09M9SJF,collateral,zsBTC,8850273
9049309,zest-v2,SP2QPKZPPEBZ7ZB7E558TTW15X75S9VDHC09M9SJF,SP2QPKZPPEBZ7ZB7E558TTW15X75S9VDHC09M9SJF,debt,USDC,2122011770
9049309,zest-v2,SP2QPKZPPEBZ7ZB7E558TTW15X75S9VDHC09M9SJF,SP2QPKZPPEBZ7ZB7E558TTW15X75S9VDHC09M9SJF,debt_stored,USDC,2099057598
9049309,zest-v2,SP16ZK94PMJRK01A74CET3HYPT59SAVXYFJMD0GKN,SP16ZK94PMJRK01A74CET3HYPT59SAVXYFJMD0GKN,collateral,zstSTX,1999739
9049309,zest-v2,SPN3AV2KQ8HYFHGKC34SGVSS9TNMJXG56GXRSR70,SPN3AV2KQ8HYFHGKC34SGVSS9TNMJXG56GXRSR70,collateral,zsBTC,5098991
9049309,zest-v2,SPN3AV2KQ8HYFHGKC34SGVSS9TNMJXG56GXRSR70,SPN3AV2KQ8HYFHGKC34SGVSS9TNMJXG56GXRSR70,debt,USDC,1269184072
9049309,zest-v2,SPN3AV2KQ8HYFHGKC34SGVSS9TNMJXG56GXRSR70,SPN3AV2KQ8HYFHGKC34SGVSS9TNMJXG56GXRSR70,debt_stored,USDC,1255455086
9049309,zest-v2,SP203AZJZHBTCJ3D9HD1FH5G0PFDPWP1NJJSXS1T5,SP203AZJZHBTCJ3D9HD1FH5G0PFDPWP1NJJSXS1T5,collateral,zSTX,2997589
9049309,zest-v2,SP1CM0AWD5FCT7RMNCQJ29XTX7ANXH4HMDDY3QW9H,SP1CM0AWD5FCT7RMNCQJ29XTX7ANXH4HMDDY3QW9H,collateral,zstSTX,116037269796
9049309,zest-v2,SP1CM0AWD5FCT7RMNCQJ29XTX7ANXH4HMDDY3QW9H,SP1CM0AWD5FCT7RMNCQJ29XTX7ANXH4HMDDY3QW9H,debt,USDC,16259905511
9049309,zest-v2,SP1CM0AWD5FCT7RMNCQJ29XTX7ANXH4HMDDY3QW9H,SP1CM0AWD5FCT7RMNCQJ29XTX7ANXH4HMDDY3QW9H,debt_stored,USDC,16084019277
9049309,zest-v2,SP31SXJHBV3YN94HQX7NR7TV9RBM8NSNYAGXG9R6X,SP31SXJHBV3YN94HQX7NR7TV9RBM8NSNYAGXG9R6X,collateral,zsBTC,1415751
9049309,zest-v2,SP31SXJHBV3YN94HQX7NR7TV9RBM8NSNYAGXG9R6X,SP31SXJHBV3YN94HQX7NR7TV9RBM8NSNYAGXG9R6X,debt,USDC,308783705
9049309,zest-v2,SP31SXJHBV3YN94HQX7NR7TV9RBM8NSNYAGXG9R6X,SP31SXJHBV3YN94HQX7NR7TV9RBM8NSNYAGXG9R6X,debt,USDH,14242457176
9049309,zest-v2,SP31SXJHBV3YN94HQX7NR7TV9RBM8NSNYAGXG9R6X,SP31SXJHBV3YN94HQX7NR7TV9RBM8NSNYAGXG9R6X,debt_stored,USDC,305443537
9049309,zest-v2,SP31SXJHBV3YN94HQX7NR7TV9RBM8NSNYAGXG9R6X,SP31SXJHBV3YN94HQX7NR7TV9RBM8NSNYAGXG9R6X,debt_stored,USDH,14099234591
9049309,zest-v2,SP19XT66MMJ80ZXYT371T364PP910E0KA5GE9X4T4,SP19XT66MMJ80ZXYT371T364PP910E0KA5GE9X4T4,collateral,zsBTC,94382634
9049309,zest-v2,SP19XT66MMJ80ZXYT371T364PP910E0KA5GE9X4T4,SP19XT66MMJ80ZXYT371T364PP910E0KA5GE9X4T4,debt,USDC,45624745652
9049309,zest-v2,SP19XT66MMJ80ZXYT371T364PP910E0KA5GE9X4T4,SP19XT66MMJ80ZXYT371T364PP910E0KA5GE9X4T4,debt_stored,USDC,45131214823
9049309,zest-v2,SP39WR7DRCPK9AHRFC0YF96S43QMZ0S8XWQKTJP0X,SP39WR7DRCPK9AHRFC0YF96S43QMZ0S8XWQKTJP0X,collateral,zsBTC,407185
9049309,zest-v2,SP1ZQW7QTJ7YDZ64RZ3C9Z8B887QJ8Q7BGKEV691S,SP1ZQW7QTJ7YDZ64RZ3C9Z8B887QJ8Q7BGKEV691S,collateral,zstSTX,5458210238
9049309,zest-v2,SP1AZMDNVMPR13VYKVEXHFGCXP9JETA2W8G5YTPAQ,SP1AZMDNVMPR13VYKVEXHFGCXP9JETA2W8G5YTPAQ,collateral,zsBTC,7559431
9049309,zest-v2,SP1AZMDNVMPR13VYKVEXHFGCXP9JETA2W8G5YTPAQ,SP1AZMDNVMPR13VYKVEXHFGCXP9JETA2W8G5YTPAQ,debt,stSTX,3529004968
9049309,zest-v2,SP1AZMDNVMPR13VYKVEXHFGCXP9JETA2W8G5YTPAQ,SP1AZMDNVMPR13VYKVEXHFGCXP9JETA2W8G5YTPAQ,debt_stored,stSTX,3500536435
9049309,zest-v2,SP18QG8A8943KY9S15M08AMAWWF58W9X1M90BRCSJ,SP18QG8A8943KY9S15M08AMAWWF58W9X1M90BRCSJ,collateral,zstSTX,18845832859
9049309,zest-v2,SP1PSYNK6TC5ZN8VZRRE5FWCDS6WKGYM3HDG20P7S,SP1PSYNK6TC5ZN8VZRRE5FWCDS6WKGYM3HDG20P7S,collateral,zsBTC,5873249
9049309,zest-v2,SP1PSYNK6TC5ZN8VZRRE5FWCDS6WKGYM3HDG20P7S,SP1PSYNK6TC5ZN8VZRRE5FWCDS6WKGYM3HDG20P7S,debt,USDC,1433737416
9049309,zest-v2,SP1PSYNK6TC5ZN8VZRRE5FWCDS6WKGYM3HDG20P7S,SP1PSYNK6TC5ZN8VZRRE5FWCDS6WKGYM3HDG20P7S,debt_stored,USDC,1418228428
9049309,zest-v2,SPN1N23CVHGY42Q427G2FTKV5ACCRGM2YW297S2H,SPN1N23CVHGY42Q427G2FTKV5ACCRGM2YW297S2H,collateral,zsBTC,525051
9049309,zest-v2,SPWR8S1HA6NMAVA303586N9155SRVWMW2E9FNF7W,SPWR8S1HA6NMAVA303586N9155SRVWMW2E9FNF7W,collateral,zstSTX,4722236273
9049309,zest-v2,SPWR8S1HA6NMAVA303586N9155SRVWMW2E9FNF7W,SPWR8S1HA6NMAVA303586N9155SRVWMW2E9FNF7W,debt,STX,1819496695
9049309,zest-v2,SPWR8S1HA6NMAVA303586N9155SRVWMW2E9FNF7W,SPWR8S1HA6NMAVA303586N9155SRVWMW2E9FNF7W,debt_stored,STX,1779994227
9049309,zest-v2,SP1BF4EVVHGA3NP0272SWTFG2HMNNVGEZ849SMJKV,SP1BF4EVVHGA3NP0272SWTFG2HMNNVGEZ849SMJKV,collateral,zUSDC,999987
9049309,zest-v2,SP2JF9JVQ6AYYG3VDYYSM7B87DZTK2QAX783H3T5R,SP2JF9JVQ6AYYG3VDYYSM7B87DZTK2QAX783H3T5R,collateral,zUSDC,1009987
9049309,zest-v2,SP3N0TGQW4GDYHCFZ6K7CS6W3JV0E5P7ZFJ99CRNV,SP3N0TGQW4GDYHCFZ6K7CS6W3JV0E5P7ZFJ99CRNV,collateral,zUSDC,9959878
9049309,zest-v2,SP30HNZBF70T85SX828P2G205WH1KPMFAG4EF7B13,SP30HNZBF70T85SX828P2G205WH1KPMFAG4EF7B13,collateral,zsBTC,51707971
9049309,zest-v2,SP21GTVTEEDQBBQSK6FPEG4G4XGQRJGJDQV41CAD,SP21GTVTEEDQBBQSK6FPEG4G4XGQRJGJDQV41CAD,collateral,zstSTXbtc,270145020904
9049309,zest-v2,SP21GTVTEEDQBBQSK6FPEG4G4XGQRJGJDQV41CAD,SP21GTVTEEDQBBQSK6FPEG4G4XGQRJGJDQV41CAD,debt,USDC,8003750995
9049309,zest-v2,SP21GTVTEEDQBBQSK6FPEG4G4XGQRJGJDQV41CAD,SP21GTVTEEDQBBQSK6FPEG4G4XGQRJGJDQV41CAD,debt,USDH,3695
9049309,zest-v2,SP21GTVTEEDQBBQSK6FPEG4G4XGQRJGJDQV41CAD,SP21GTVTEEDQBBQSK6FPEG4G4XGQRJGJDQV41CAD,debt_stored,USDC,7917173024
9049309,zest-v2,SP21GTVTEEDQBBQSK6FPEG4G4XGQRJGJDQV41CAD,SP21GTVTEEDQBBQSK6FPEG4G4XGQRJGJDQV41CAD,debt_stored,USDH,3657
9049309,zest-v2,SP39AHHCMG916GWSN5Y76HVCVGNJ17TPN8EQQC0C,SP39AHHCMG916GWSN5Y76HVCVGNJ17TPN8EQQC0C,collateral,zsBTC,1034183
9049309,zest-v2,SP1KWXY7SS74W9MS9AZCS6928V8S9G6QBPG63J3Z5,SP1KWXY7SS74W9MS9AZCS6928V8S9G6QBPG63J3Z5,collateral,zsBTC,149932916
9049309,zest-v2,SP33HRNWBTQK9GEPQN7G4SD9D7RCNGAQZDM53EHX4,SP33HRNWBTQK9GEPQN7G4SD9D7RCNGAQZDM53EHX4,collateral,zsBTC,164396810
9049309,zest-v2,SP33HRNWBTQK9GEPQN7G4SD9D7RCNGAQZDM53EHX4,SP33HRNWBTQK9GEPQN7G4SD9D7RCNGAQZDM53EHX4,debt,USDC,84611889076
9049309,zest-v2,SP33HRNWBTQK9GEPQN7G4SD9D7RCNGAQZDM53EHX4,SP33HRNWBTQK9GEPQN7G4SD9D7RCNGAQZDM53EHX4,debt_stored,USDC,83696627518
9049309,zest-v2,SP34M22KZDV4TYQZEAM10XC96TZR1G5W75FRHG3KA,SP34M22KZDV4TYQZEAM10XC96TZR1G5W75FRHG3KA,collateral,zstSTXbtc,20733502592
9049309,zest-v2,SP34M22KZDV4TYQZEAM10XC96TZR1G5W75FRHG3KA,SP34M22KZDV4TYQZEAM10XC96TZR1G5W75FRHG3KA,debt,USDC,1285963851
9049309,zest-v2,SP34M22KZDV4TYQZEAM10XC96TZR1G5W75FRHG3KA,SP34M22KZDV4TYQZEAM10XC96TZR1G5W75FRHG3KA,debt_stored,USDC,1272053355
9049309,zest-v2,SP3EY8W8ZEXHM7ZV54CV04TJZDWNFK05YRXG9Z784,SP3EY8W8ZEXHM7ZV54CV04TJZDWNFK05YRXG9Z784,collateral,zUSDC,2999963
9049309,zest-v2,SP2EM5T1YJNVDRKXC4M7J1EJV9NTN84K9PN1ZS8GE,SP2EM5T1YJNVDRKXC4M7J1EJV9NTN84K9PN1ZS8GE,collateral,zstSTX,77339538386
9049309,zest-v2,SP2EM5T1YJNVDRKXC4M7J1EJV9NTN84K9PN1ZS8GE,SP2EM5T1YJNVDRKXC4M7J1EJV9NTN84K9PN1ZS8GE,debt,USDC,6037483850
9049309,zest-v2,SP2EM5T1YJNVDRKXC4M7J1EJV9NTN84K9PN1ZS8GE,SP2EM5T1YJNVDRKXC4M7J1EJV9NTN84K9PN1ZS8GE,debt_stored,USDC,5972175334
9049309,zest-v2,SP3P9YYQGNK092YZY6G2VNEDS88S5X4THY0GY0QEH,SP3P9YYQGNK092YZY6G2VNEDS88S5X4THY0GY0QEH,collateral,zsBTC,12211
9049309,zest-v2,SP3P9YYQGNK092YZY6G2VNEDS88S5X4THY0GY0QEH,SP3P9YYQGNK092YZY6G2VNEDS88S5X4THY0GY0QEH,debt,stSTX,6910332
9049309,zest-v2,SP3P9YYQGNK092YZY6G2VNEDS88S5X4THY0GY0QEH,SP3P9YYQGNK092YZY6G2VNEDS88S5X4THY0GY0QEH,debt_stored,stSTX,6854586
9049309,zest-v2,SP27S3S4W7VDGSSFXVNQ193VMMK1WFYRKJ9PSZBMK,SP27S3S4W7VDGSSFXVNQ193VMMK1WFYRKJ9PSZBMK,collateral,zsBTC,565868344
9049309,zest-v2,SP27S3S4W7VDGSSFXVNQ193VMMK1WFYRKJ9PSZBMK,SP27S3S4W7VDGSSFXVNQ193VMMK1WFYRKJ9PSZBMK,debt,USDC,139892828624
9049309,zest-v2,SP27S3S4W7VDGSSFXVNQ193VMMK1WFYRKJ9PSZBMK,SP27S3S4W7VDGSSFXVNQ193VMMK1WFYRKJ9PSZBMK,debt_stored,USDC,138379583504
9049309,zest-v2,SP2W2RGEQVNXD20JPMJ5CHD4X57Z0N4HTTSZZGSWX,SP2W2RGEQVNXD20JPMJ5CHD4X57Z0N4HTTSZZGSWX,collateral,zsBTC,9917504
9049309,zest-v2,SP2W2RGEQVNXD20JPMJ5CHD4X57Z0N4HTTSZZGSWX,SP2W2RGEQVNXD20JPMJ5CHD4X57Z0N4HTTSZZGSWX,debt,USDC,917242792
9049309,zest-v2,SP2W2RGEQVNXD20JPMJ5CHD4X57Z0N4HTTSZZGSWX,SP2W2RGEQVNXD20JPMJ5CHD4X57Z0N4HTTSZZGSWX,debt_stored,USDC,907320816
9049309,zest-v2,SP22YFNH4BYXM6QK3XN55JTJSRBHE99K5VPH8S4BR,SP22YFNH4BYXM6QK3XN55JTJSRBHE99K5VPH8S4BR,collateral,zstSTX,82965323905
9049309,zest-v2,SP22YFNH4BYXM6QK3XN55JTJSRBHE99K5VPH8S4BR,SP22YFNH4BYXM6QK3XN55JTJSRBHE99K5VPH8S4BR,debt,USDC,9467265179
9049309,zest-v2,SP22YFNH4BYXM6QK3XN55JTJSRBHE99K5VPH8S4BR,SP22YFNH4BYXM6QK3XN55JTJSRBHE99K5VPH8S4BR,debt_stored,USDC,9364856120
9049309,zest-v2,SP2Y8413YYHHEY7XVV9Z9NSHJCN5Y4AVPA70P11FJ,SP2Y8413YYHHEY7XVV9Z9NSHJCN5Y4AVPA70P11FJ,collateral,zsBTC,199921522
9049309,zest-v2,SP2Y8413YYHHEY7XVV9Z9NSHJCN5Y4AVPA70P11FJ,SP2Y8413YYHHEY7XVV9Z9NSHJCN5Y4AVPA70P11FJ,debt,USDC,49647836004
9049309,zest-v2,SP2Y8413YYHHEY7XVV9Z9NSHJCN5Y4AVPA70P11FJ,SP2Y8413YYHHEY7XVV9Z9NSHJCN5Y4AVPA70P11FJ,debt_stored,USDC,49110786705
9049309,zest-v2,SP3GPV7YEVS2VNFYYXEJA4HWXA0HFX4SMFK9F12P7,SP3GPV7YEVS2VNFYYXEJA4HWXA0HFX4SMFK9F12P7,collateral,zUSDC,19432317
9049309,zest-v2,SP2KT5QAA7WP41DC83BR5J6T8TZXSDX7YXFFSPXV,SP2KT5QAA7WP41DC83BR5J6T8TZXSDX7YXFFSPXV,collateral,zsBTC,449791948
9049309,zest-v2,SP2KT5QAA7WP41DC83BR5J6T8TZXSDX7YXFFSPXV,SP2KT5QAA7WP41DC83BR5J6T8TZXSDX7YXFFSPXV,debt,USDC,112137649796
9049309,zest-v2,SP2KT5QAA7WP41DC83BR5J6T8TZXSDX7YXFFSPXV,SP2KT5QAA7WP41DC83BR5J6T8TZXSDX7YXFFSPXV,debt_stored,USDC,110924637285
9049309,zest-v2,SP1GWNW9GKX5WT7GPPB8S0BKXD257VGFYY24X0C74,SP1GWNW9GKX5WT7GPPB8S0BKXD257VGFYY24X0C74,collateral,zsBTC,6095183
9049309,zest-v2,SP1GWNW9GKX5WT7GPPB8S0BKXD257VGFYY24X0C74,SP1GWNW9GKX5WT7GPPB8S0BKXD257VGFYY24X0C74,debt,USDH,232599038646
9049309,zest-v2,SP1GWNW9GKX5WT7GPPB8S0BKXD257VGFYY24X0C74,SP1GWNW9GKX5WT7GPPB8S0BKXD257VGFYY24X0C74,debt_stored,USDH,230260015604
9049309,zest-v2,SP2BZV3QAJ137RP1GZBE3M7V05HP7D8D7M3MNMQZ5,SP2BZV3QAJ137RP1GZBE3M7V05HP7D8D7M3MNMQZ5,collateral,zUSDC,999987
9049309,zest-v2,SP2TZ63CQSBF7AD4DKK291JMXD19SJJX593K29QFK,SP2TZ63CQSBF7AD4DKK291JMXD19SJJX593K29QFK,collateral,zsBTC,1101450803
9049309,zest-v2,SP2TZ63CQSBF7AD4DKK291JMXD19SJJX593K29QFK,SP2TZ63CQSBF7AD4DKK291JMXD19SJJX593K29QFK,debt,USDC,277243005892
9049309,zest-v2,SP2TZ63CQSBF7AD4DKK291JMXD19SJJX593K29QFK,SP2TZ63CQSBF7AD4DKK291JMXD19SJJX593K29QFK,debt_stored,USDC,274244019956
9049309,zest-v2,SP2YJ3JANF1WDV5B0NZT90K4RHYS06D138Z8DRPEF,SP2YJ3JANF1WDV5B0NZT90K4RHYS06D138Z8DRPEF,collateral,zsBTC,772706
9049309,zest-v2,SP39DC776TVRWSPSXNXCCM80APY6EBV4J1Y3HAZYJ,SP39DC776TVRWSPSXNXCCM80APY6EBV4J1Y3HAZYJ,collateral,zsBTC,1449334659
9049309,zest-v2,SP39DC776TVRWSPSXNXCCM80APY6EBV4J1Y3HAZYJ,SP39DC776TVRWSPSXNXCCM80APY6EBV4J1Y3HAZYJ,debt,USDC,336889655646
9049309,zest-v2,SP39DC776TVRWSPSXNXCCM80APY6EBV4J1Y3HAZYJ,SP39DC776TVRWSPSXNXCCM80APY6EBV4J1Y3HAZYJ,debt,USDH,3522538759689
9049309,zest-v2,SP39DC776TVRWSPSXNXCCM80APY6EBV4J1Y3HAZYJ,SP39DC776TVRWSPSXNXCCM80APY6EBV4J1Y3HAZYJ,debt_stored,USDC,333245461499
9049309,zest-v2,SP39DC776TVRWSPSXNXCCM80APY6EBV4J1Y3HAZYJ,SP39DC776TVRWSPSXNXCCM80APY6EBV4J1Y3HAZYJ,debt_stored,USDH,3487116002269
9049309,zest-v2,SP1FM9PFWR9V3529C9HC1Z3CGBDA9ZPFXNJQ3KW26,SP1FM9PFWR9V3529C9HC1Z3CGBDA9ZPFXNJQ3KW26,collateral,zUSDC,999985
9049309,zest-v2,SPYWXJD80VG7FF3MQTVWF35F4Z1E288KHYB4XZ7D,SPYWXJD80VG7FF3MQTVWF35F4Z1E288KHYB4XZ7D,collateral,zstSTX,2196679291
9049309,zest-v2,SPYWXJD80VG7FF3MQTVWF35F4Z1E288KHYB4XZ7D,SPYWXJD80VG7FF3MQTVWF35F4Z1E288KHYB4XZ7D,debt,stSTX,1500022416
9049309,zest-v2,SPYWXJD80VG7FF3MQTVWF35F4Z1E288KHYB4XZ7D,SPYWXJD80VG7FF3MQTVWF35F4Z1E288KHYB4XZ7D,debt_stored,stSTX,1487921714
9049309,zest-v2,SPCE87V29VDPEAS925YMV2VG3CMBHY0BXKB08NA4,SPCE87V29VDPEAS925YMV2VG3CMBHY0BXKB08NA4,collateral,zsBTC,100113674
9049309,zest-v2,SPCE87V29VDPEAS925YMV2VG3CMBHY0BXKB08NA4,SPCE87V29VDPEAS925YMV2VG3CMBHY0BXKB08NA4,debt,STX,32691121222
9049309,zest-v2,SPCE87V29VDPEAS925YMV2VG3CMBHY0BXKB08NA4,SPCE87V29VDPEAS925YMV2VG3CMBHY0BXKB08NA4,debt,sBTC,10000050
9049309,zest-v2,SPCE87V29VDPEAS925YMV2VG3CMBHY0BXKB08NA4,SPCE87V29VDPEAS925YMV2VG3CMBHY0BXKB08NA4,debt_stored,STX,31981375531
9049309,zest-v2,SPCE87V29VDPEAS925YMV2VG3CMBHY0BXKB08NA4,SPCE87V29VDPEAS925YMV2VG3CMBHY0BXKB08NA4,debt_stored,sBTC,9849236
9049309,zest-v2,SPJN63YWJP48HDQP24HBPW3HAXTQHCNSQKKEQ8CR,SPJN63YWJP48HDQP24HBPW3HAXTQHCNSQKKEQ8CR,collateral,zsBTC,3522890
9049309,zest-v2,SPJN63YWJP48HDQP24HBPW3HAXTQHCNSQKKEQ8CR,SPJN63YWJP48HDQP24HBPW3HAXTQHCNSQKKEQ8CR,debt,USDH,7312260697
9049309,zest-v2,SPJN63YWJP48HDQP24HBPW3HAXTQHCNSQKKEQ8CR,SPJN63YWJP48HDQP24HBPW3HAXTQHCNSQKKEQ8CR,debt,stSTX,2018481933
9049309,zest-v2,SPJN63YWJP48HDQP24HBPW3HAXTQHCNSQKKEQ8CR,SPJN63YWJP48HDQP24HBPW3HAXTQHCNSQKKEQ8CR,debt_stored,USDH,7238728379
9049309,zest-v2,SPJN63YWJP48HDQP24HBPW3HAXTQHCNSQKKEQ8CR,SPJN63YWJP48HDQP24HBPW3HAXTQHCNSQKKEQ8CR,debt_stored,stSTX,2002198811
9049309,zest-v2,SP1NBXW464PR9JB39KZVX22MEB09V00J0T2EDTKT8,SP1NBXW464PR9JB39KZVX22MEB09V00J0T2EDTKT8,collateral,zUSDC,11990714
9049309,zest-v2,SP7FK90J99KBY7NG66WE2H2PZ4VHMCXD05700JEB,SP7FK90J99KBY7NG66WE2H2PZ4VHMCXD05700JEB,collateral,zsBTC,13813280
9049309,zest-v2,SP7FK90J99KBY7NG66WE2H2PZ4VHMCXD05700JEB,SP7FK90J99KBY7NG66WE2H2PZ4VHMCXD05700JEB,debt,USDC,5951214810
9049309,zest-v2,SP7FK90J99KBY7NG66WE2H2PZ4VHMCXD05700JEB,SP7FK90J99KBY7NG66WE2H2PZ4VHMCXD05700JEB,debt_stored,USDC,5886839481
9049309,zest-v2,SP2W1SVB87R7XZ1Z3DS70PG6B40MZ732V9X4EM7CJ,SP2W1SVB87R7XZ1Z3DS70PG6B40MZ732V9X4EM7CJ,collateral,zUSDC,999984
9049309,zest-v2,SP1XSRW2PAZ2MNVNRTA0BE2PV4JT4AM4S8MTQWXBM,SP1XSRW2PAZ2MNVNRTA0BE2PV4JT4AM4S8MTQWXBM,collateral,zsBTC,8131683
9049309,zest-v2,SP1XSRW2PAZ2MNVNRTA0BE2PV4JT4AM4S8MTQWXBM,SP1XSRW2PAZ2MNVNRTA0BE2PV4JT4AM4S8MTQWXBM,debt,USDC,1577825248
9049309,zest-v2,SP1XSRW2PAZ2MNVNRTA0BE2PV4JT4AM4S8MTQWXBM,SP1XSRW2PAZ2MNVNRTA0BE2PV4JT4AM4S8MTQWXBM,debt_stored,USDC,1560757637
9049309,zest-v2,SP36MA6C287NE2QVQ41B2HPDXGMMPW2VZQPHGQQPD,SP36MA6C287NE2QVQ41B2HPDXGMMPW2VZQPHGQQPD,collateral,zstSTX,3668362790
9049309,zest-v2,SP36GM02ZN51CR5R5PN6BXJXA5WNF6FNT5HJZ1BH2,SP36GM02ZN51CR5R5PN6BXJXA5WNF6FNT5HJZ1BH2,collateral,zUSDC,999984
9049309,zest-v2,SP2M7K3YM8813404G1R7AXV106CPWH0Z5ZA80JVAV,SP2M7K3YM8813404G1R7AXV106CPWH0Z5ZA80JVAV,collateral,zstSTX,60615000269
9049309,zest-v2,SP2M7K3YM8813404G1R7AXV106CPWH0Z5ZA80JVAV,SP2M7K3YM8813404G1R7AXV106CPWH0Z5ZA80JVAV,debt,USDC,1002389451
9049309,zest-v2,SP2M7K3YM8813404G1R7AXV106CPWH0Z5ZA80JVAV,SP2M7K3YM8813404G1R7AXV106CPWH0Z5ZA80JVAV,debt_stored,USDC,991546429
9049309,zest-v2,SP23DZ9XYT3YNF70MHAV9Y3622H8B3DX10WMWT2T9,SP23DZ9XYT3YNF70MHAV9Y3622H8B3DX10WMWT2T9,collateral,zsBTC,4844139
9049309,zest-v2,SP23DZ9XYT3YNF70MHAV9Y3622H8B3DX10WMWT2T9,SP23DZ9XYT3YNF70MHAV9Y3622H8B3DX10WMWT2T9,debt,stSTX,2520143926
9049309,zest-v2,SP23DZ9XYT3YNF70MHAV9Y3622H8B3DX10WMWT2T9,SP23DZ9XYT3YNF70MHAV9Y3622H8B3DX10WMWT2T9,debt_stored,stSTX,2499813889
9049309,zest-v2,SP16GZQEWNJ8S05KQY0T0Z2KQ070WSSK96B99EN0E,SP16GZQEWNJ8S05KQY0T0Z2KQ070WSSK96B99EN0E,collateral,zsBTC,16219277
9049309,zest-v2,SP16GZQEWNJ8S05KQY0T0Z2KQ070WSSK96B99EN0E,SP16GZQEWNJ8S05KQY0T0Z2KQ070WSSK96B99EN0E,debt,USDC,4457918955
9049309,zest-v2,SP16GZQEWNJ8S05KQY0T0Z2KQ070WSSK96B99EN0E,SP16GZQEWNJ8S05KQY0T0Z2KQ070WSSK96B99EN0E,debt_stored,USDC,4409696868
9049309,zest-v2,SPF5VC4PPKY9MYZMJEAXA5M9JWJQY9HBPKQVQTYV,SPF5VC4PPKY9MYZMJEAXA5M9JWJQY9HBPKQVQTYV,collateral,zsBTC,210153455
9049309,zest-v2,SPF5VC4PPKY9MYZMJEAXA5M9JWJQY9HBPKQVQTYV,SPF5VC4PPKY9MYZMJEAXA5M9JWJQY9HBPKQVQTYV,debt,USDC,77013810041
9049309,zest-v2,SPF5VC4PPKY9MYZMJEAXA5M9JWJQY9HBPKQVQTYV,SPF5VC4PPKY9MYZMJEAXA5M9JWJQY9HBPKQVQTYV,debt_stored,USDC,76180738229
9049309,zest-v2,SP2CCCQP1WN3FG67K3V4S85JG9SRZN2KKRJ3M3GNG,SP2CCCQP1WN3FG67K3V4S85JG9SRZN2KKRJ3M3GNG,collateral,zsBTC,309755514
9049309,zest-v2,SP2CCCQP1WN3FG67K3V4S85JG9SRZN2KKRJ3M3GNG,SP2CCCQP1WN3FG67K3V4S85JG9SRZN2KKRJ3M3GNG,debt,USDC,87557681218
9049309,zest-v2,SP2CCCQP1WN3FG67K3V4S85JG9SRZN2KKRJ3M3GNG,SP2CCCQP1WN3FG67K3V4S85JG9SRZN2KKRJ3M3GNG,debt,USDH,1806931128915
9049309,zest-v2,SP2CCCQP1WN3FG67K3V4S85JG9SRZN2KKRJ3M3GNG,SP2CCCQP1WN3FG67K3V4S85JG9SRZN2KKRJ3M3GNG,debt_stored,USDC,86610554513
9049309,zest-v2,SP2CCCQP1WN3FG67K3V4S85JG9SRZN2KKRJ3M3GNG,SP2CCCQP1WN3FG67K3V4S85JG9SRZN2KKRJ3M3GNG,debt_stored,USDH,1788760574261
9049309,zest-v2,SP1S3JBC47G2VVK0C6W7GT221C4CH3605GH95EAD9,SP1S3JBC47G2VVK0C6W7GT221C4CH3605GH95EAD9,collateral,zsBTC,399787221
9049309,zest-v2,SP1S3JBC47G2VVK0C6W7GT221C4CH3605GH95EAD9,SP1S3JBC47G2VVK0C6W7GT221C4CH3605GH95EAD9,debt,USDC,71758634326
9049309,zest-v2,SP1S3JBC47G2VVK0C6W7GT221C4CH3605GH95EAD9,SP1S3JBC47G2VVK0C6W7GT221C4CH3605GH95EAD9,debt_stored,USDC,70982408666
9049309,zest-v2,SP3R0QDSN9RWK9BK7M56SHQM0RT5RRDRKD7TXDHWS,SP3R0QDSN9RWK9BK7M56SHQM0RT5RRDRKD7TXDHWS,collateral,zstSTX,244323238
9049309,zest-v2,SPW02JA8DY901YCB6VRJNB9YG6PWPE85BJR1EFN0,SPW02JA8DY901YCB6VRJNB9YG6PWPE85BJR1EFN0,collateral,zstSTX,3155382325
9049309,zest-v2,SPDJ718REZ9JKKNY49MX6YPDKD33GJN0DFGCAKSW,SPDJ718REZ9JKKNY49MX6YPDKD33GJN0DFGCAKSW,collateral,zsBTC,2283942
9049309,zest-v2,SPDJ718REZ9JKKNY49MX6YPDKD33GJN0DFGCAKSW,SPDJ718REZ9JKKNY49MX6YPDKD33GJN0DFGCAKSW,debt,USDC,3
9049309,zest-v2,SPDJ718REZ9JKKNY49MX6YPDKD33GJN0DFGCAKSW,SPDJ718REZ9JKKNY49MX6YPDKD33GJN0DFGCAKSW,debt,USDH,94393770096
9049309,zest-v2,SPDJ718REZ9JKKNY49MX6YPDKD33GJN0DFGCAKSW,SPDJ718REZ9JKKNY49MX6YPDKD33GJN0DFGCAKSW,debt_stored,USDC,2
9049309,zest-v2,SPDJ718REZ9JKKNY49MX6YPDKD33GJN0DFGCAKSW,SPDJ718REZ9JKKNY49MX6YPDKD33GJN0DFGCAKSW,debt_stored,USDH,93444543459
9049309,zest-v2,SP1HFKSHW80G693GR78AB0TFZYQKRVVC5A4PWWR7M,SP1HFKSHW80G693GR78AB0TFZYQKRVVC5A4PWWR7M,collateral,zSTX,99907
9049309,zest-v2,SPTWWMRF4ECHHJV8RSJF3057DNBFQCEMJH1DGTF,SPTWWMRF4ECHHJV8RSJF3057DNBFQCEMJH1DGTF,collateral,zstSTX,27000251571
9049309,zest-v2,SPTWWMRF4ECHHJV8RSJF3057DNBFQCEMJH1DGTF,SPTWWMRF4ECHHJV8RSJF3057DNBFQCEMJH1DGTF,debt,USDC,2712921538
9049309,zest-v2,SPTWWMRF4ECHHJV8RSJF3057DNBFQCEMJH1DGTF,SPTWWMRF4ECHHJV8RSJF3057DNBFQCEMJH1DGTF,debt,USDH,121222826681
9049309,zest-v2,SPTWWMRF4ECHHJV8RSJF3057DNBFQCEMJH1DGTF,SPTWWMRF4ECHHJV8RSJF3057DNBFQCEMJH1DGTF,debt_stored,USDC,2683575392
9049309,zest-v2,SPTWWMRF4ECHHJV8RSJF3057DNBFQCEMJH1DGTF,SPTWWMRF4ECHHJV8RSJF3057DNBFQCEMJH1DGTF,debt_stored,USDH,120003806231
9049309,zest-v2,SP6P4SYXEPH76C7PANGTKY4K157E8W4BF3Q5VS38,SP6P4SYXEPH76C7PANGTKY4K157E8W4BF3Q5VS38,collateral,zsBTC,1014107
9049309,zest-v2,SP6P4SYXEPH76C7PANGTKY4K157E8W4BF3Q5VS38,SP6P4SYXEPH76C7PANGTKY4K157E8W4BF3Q5VS38,debt,USDH,30972593171
9049309,zest-v2,SP6P4SYXEPH76C7PANGTKY4K157E8W4BF3Q5VS38,SP6P4SYXEPH76C7PANGTKY4K157E8W4BF3Q5VS38,debt_stored,USDH,30661131827
9049309,zest-v2,SP31VD9ZBK2ZPE822YMJ64VZBFCFH6N104P9CGS9,SP31VD9ZBK2ZPE822YMJ64VZBFCFH6N104P9CGS9,collateral,zstSTX,687987295
9049309,zest-v2,SP1JBBGYFQ7M19C2C8N08HGP3M57NZYE3QZKKT79K,SP1JBBGYFQ7M19C2C8N08HGP3M57NZYE3QZKKT79K,collateral,zsBTC,22629573
9049309,zest-v2,SP1JBBGYFQ7M19C2C8N08HGP3M57NZYE3QZKKT79K,SP1JBBGYFQ7M19C2C8N08HGP3M57NZYE3QZKKT79K,debt,USDC,1551335273
9049309,zest-v2,SP1JBBGYFQ7M19C2C8N08HGP3M57NZYE3QZKKT79K,SP1JBBGYFQ7M19C2C8N08HGP3M57NZYE3QZKKT79K,debt,USDH,60014799256
9049309,zest-v2,SP1JBBGYFQ7M19C2C8N08HGP3M57NZYE3QZKKT79K,SP1JBBGYFQ7M19C2C8N08HGP3M57NZYE3QZKKT79K,debt_stored,USDC,1534554208
9049309,zest-v2,SP1JBBGYFQ7M19C2C8N08HGP3M57NZYE3QZKKT79K,SP1JBBGYFQ7M19C2C8N08HGP3M57NZYE3QZKKT79K,debt_stored,USDH,59411288600
9049309,zest-v2,SP1ZCA2YV8TGX1NCJ8K04P5WJSGJVM1XD44APZD9Q,SP1ZCA2YV8TGX1NCJ8K04P5WJSGJVM1XD44APZD9Q,collateral,zsBTC,26813756
9049309,zest-v2,SP1ZCA2YV8TGX1NCJ8K04P5WJSGJVM1XD44APZD9Q,SP1ZCA2YV8TGX1NCJ8K04P5WJSGJVM1XD44APZD9Q,debt,USDC,1556388066
9049309,zest-v2,SP1ZCA2YV8TGX1NCJ8K04P5WJSGJVM1XD44APZD9Q,SP1ZCA2YV8TGX1NCJ8K04P5WJSGJVM1XD44APZD9Q,debt,USDH,75020213160
9049309,zest-v2,SP1ZCA2YV8TGX1NCJ8K04P5WJSGJVM1XD44APZD9Q,SP1ZCA2YV8TGX1NCJ8K04P5WJSGJVM1XD44APZD9Q,debt_stored,USDC,1539552344
9049309,zest-v2,SP1ZCA2YV8TGX1NCJ8K04P5WJSGJVM1XD44APZD9Q,SP1ZCA2YV8TGX1NCJ8K04P5WJSGJVM1XD44APZD9Q,debt_stored,USDH,74265807603
9049309,zest-v2,SP3E79RBQ5TEJEE0EAVM3EGGT1RYE2MXER76ZY5HX,SP3E79RBQ5TEJEE0EAVM3EGGT1RYE2MXER76ZY5HX,collateral,zstSTXbtc,775000000
9049309,zest-v2,SP3PJNWBNEFR01Q77QA8K7YGVJARP3BYW2ZAKAGPY,SP3PJNWBNEFR01Q77QA8K7YGVJARP3BYW2ZAKAGPY,collateral,zstSTXbtc,4967949245
9049309,zest-v2,SP3PJNWBNEFR01Q77QA8K7YGVJARP3BYW2ZAKAGPY,SP3PJNWBNEFR01Q77QA8K7YGVJARP3BYW2ZAKAGPY,debt,USDH,54739708393
9049309,zest-v2,SP3PJNWBNEFR01Q77QA8K7YGVJARP3BYW2ZAKAGPY,SP3PJNWBNEFR01Q77QA8K7YGVJARP3BYW2ZAKAGPY,debt_stored,USDH,54189244212
9049309,zest-v2,SP297X0FT0DEX920VJAK3SBWZX5JWR0D9VKWCQN9J,SP297X0FT0DEX920VJAK3SBWZX5JWR0D9VKWCQN9J,collateral,zSTX,2995930
9049309,zest-v2,SPCDCWBEZ9ZEK49BNMDE2MDMJ0E01W02H9SA4TVZ,SPCDCWBEZ9ZEK49BNMDE2MDMJ0E01W02H9SA4TVZ,collateral,zstSTXbtc,707232862905
9049309,zest-v2,SPCDCWBEZ9ZEK49BNMDE2MDMJ0E01W02H9SA4TVZ,SPCDCWBEZ9ZEK49BNMDE2MDMJ0E01W02H9SA4TVZ,debt,USDC,55350517841
9049309,zest-v2,SPCDCWBEZ9ZEK49BNMDE2MDMJ0E01W02H9SA4TVZ,SPCDCWBEZ9ZEK49BNMDE2MDMJ0E01W02H9SA4TVZ,debt,USDH,2537855826933
9049309,zest-v2,SPCDCWBEZ9ZEK49BNMDE2MDMJ0E01W02H9SA4TVZ,SPCDCWBEZ9ZEK49BNMDE2MDMJ0E01W02H9SA4TVZ,debt_stored,USDC,54751781638
9049309,zest-v2,SPCDCWBEZ9ZEK49BNMDE2MDMJ0E01W02H9SA4TVZ,SPCDCWBEZ9ZEK49BNMDE2MDMJ0E01W02H9SA4TVZ,debt_stored,USDH,2512335071178
9049309,zest-v2,SP17WH9WXDENGR4EXFVZNDE9RW2M19H5C8SQAMTG3,SP17WH9WXDENGR4EXFVZNDE9RW2M19H5C8SQAMTG3,collateral,zstSTX,87209762339
9049309,zest-v2,SP17WH9WXDENGR4EXFVZNDE9RW2M19H5C8SQAMTG3,SP17WH9WXDENGR4EXFVZNDE9RW2M19H5C8SQAMTG3,debt,USDC,11120196805
9049309,zest-v2,SP17WH9WXDENGR4EXFVZNDE9RW2M19H5C8SQAMTG3,SP17WH9WXDENGR4EXFVZNDE9RW2M19H5C8SQAMTG3,debt_stored,USDC,10999907697
9049309,zest-v2,SP22T9GSQ4XP8K546CFV8V1QSA4PANXJH7Q5C335Y,SP22T9GSQ4XP8K546CFV8V1QSA4PANXJH7Q5C335Y,collateral,zSTX,229123754
9049309,zest-v2,SPG99HRA08KD448X2HJBPX79M6EM63H7YHD8V8Z1,SPG99HRA08KD448X2HJBPX79M6EM63H7YHD8V8Z1,collateral,zstSTX,38290860406
9049309,zest-v2,SPG99HRA08KD448X2HJBPX79M6EM63H7YHD8V8Z1,SPG99HRA08KD448X2HJBPX79M6EM63H7YHD8V8Z1,debt,stSTX,12571564264
9049309,zest-v2,SPG99HRA08KD448X2HJBPX79M6EM63H7YHD8V8Z1,SPG99HRA08KD448X2HJBPX79M6EM63H7YHD8V8Z1,debt_stored,stSTX,12470149279
9049309,zest-v2,SPCWSSHF9ATPJQSWSWV121Z5GNMZ4Y0H7Q5KY9P4,SPCWSSHF9ATPJQSWSWV121Z5GNMZ4Y0H7Q5KY9P4,collateral,zstSTXbtc,7232929171
9049309,zest-v2,SPCWSSHF9ATPJQSWSWV121Z5GNMZ4Y0H7Q5KY9P4,SPCWSSHF9ATPJQSWSWV121Z5GNMZ4Y0H7Q5KY9P4,debt,USDC,236839225
9049309,zest-v2,SPCWSSHF9ATPJQSWSWV121Z5GNMZ4Y0H7Q5KY9P4,SPCWSSHF9ATPJQSWSWV121Z5GNMZ4Y0H7Q5KY9P4,debt_stored,USDC,234277293
9049309,zest-v2,SP2TBW5EM2JEH10756JC1FSG784P0SVYZ9F2ZBJ7K,SP2TBW5EM2JEH10756JC1FSG784P0SVYZ9F2ZBJ7K,collateral,zstSTX,5107870732
9049309,zest-v2,SP3YJCY4SJHGJNVNC4925EC4YHPQRGTW8FS2YG50S,SP3YJCY4SJHGJNVNC4925EC4YHPQRGTW8FS2YG50S,collateral,zsBTC,968826
9049309,zest-v2,SP1JMTQXF50R6X6NJRHRSP5S5NBWQS4CKMSCQYSPM,SP1JMTQXF50R6X6NJRHRSP5S5NBWQS4CKMSCQYSPM,collateral,zstSTXbtc,8636600000
9049309,zest-v2,SP1JMTQXF50R6X6NJRHRSP5S5NBWQS4CKMSCQYSPM,SP1JMTQXF50R6X6NJRHRSP5S5NBWQS4CKMSCQYSPM,debt,USDC,620430050
9049309,zest-v2,SP1JMTQXF50R6X6NJRHRSP5S5NBWQS4CKMSCQYSPM,SP1JMTQXF50R6X6NJRHRSP5S5NBWQS4CKMSCQYSPM,debt,USDH,26488154362
9049309,zest-v2,SP1JMTQXF50R6X6NJRHRSP5S5NBWQS4CKMSCQYSPM,SP1JMTQXF50R6X6NJRHRSP5S5NBWQS4CKMSCQYSPM,debt_stored,USDC,613718749
9049309,zest-v2,SP1JMTQXF50R6X6NJRHRSP5S5NBWQS4CKMSCQYSPM,SP1JMTQXF50R6X6NJRHRSP5S5NBWQS4CKMSCQYSPM,debt_stored,USDH,26221788672
9049309,zest-v2,SP1MX7J2TYR250GAYRF7M9927EEM16H52GX72PRPV,SP1MX7J2TYR250GAYRF7M9927EEM16H52GX72PRPV,collateral,zstSTXbtc,11810000000
9049309,zest-v2,SP1MX7J2TYR250GAYRF7M9927EEM16H52GX72PRPV,SP1MX7J2TYR250GAYRF7M9927EEM16H52GX72PRPV,debt,USDC,549932466
9049309,zest-v2,SP1MX7J2TYR250GAYRF7M9927EEM16H52GX72PRPV,SP1MX7J2TYR250GAYRF7M9927EEM16H52GX72PRPV,debt_stored,USDC,543983750
9049309,zest-v2,SP2Y55WKSPB1ACM5RZDAKPDKHECZJD4GZ4V311NP7,SP2Y55WKSPB1ACM5RZDAKPDKHECZJD4GZ4V311NP7,collateral,zstSTX,6005512598
9049309,zest-v2,SP1JJ337VVH9Y9W3GA4Q7EV0P4NMJR7E2HXTX4BS6,SP1JJ337VVH9Y9W3GA4Q7EV0P4NMJR7E2HXTX4BS6,collateral,zstSTXbtc,95819436
9049309,zest-v2,SPWC45P8JQP1VG9NDNPJ6ZXPVZ4XXGK06GXR5XN3,SPWC45P8JQP1VG9NDNPJ6ZXPVZ4XXGK06GXR5XN3,collateral,zstSTXbtc,174514520878
9049309,zest-v2,SPWC45P8JQP1VG9NDNPJ6ZXPVZ4XXGK06GXR5XN3,SPWC45P8JQP1VG9NDNPJ6ZXPVZ4XXGK06GXR5XN3,debt,stSTX,105256479199
9049309,zest-v2,SPWC45P8JQP1VG9NDNPJ6ZXPVZ4XXGK06GXR5XN3,SPWC45P8JQP1VG9NDNPJ6ZXPVZ4XXGK06GXR5XN3,debt_stored,stSTX,104407373712
9049309,zest-v2,SP28ZTJS8Q58ERK8MDNFGQA85CHQRP4SYH85B95SG,SP28ZTJS8Q58ERK8MDNFGQA85CHQRP4SYH85B95SG,collateral,zstSTXbtc,16393493573
9049309,zest-v2,SP28ZTJS8Q58ERK8MDNFGQA85CHQRP4SYH85B95SG,SP28ZTJS8Q58ERK8MDNFGQA85CHQRP4SYH85B95SG,debt,stSTX,11391184676
9049309,zest-v2,SP28ZTJS8Q58ERK8MDNFGQA85CHQRP4SYH85B95SG,SP28ZTJS8Q58ERK8MDNFGQA85CHQRP4SYH85B95SG,debt_stored,stSTX,11299291830
9049309,zest-v2,SP1RGW2YQ6W5J8KCTY0MC30AHVX1XE7GS9A6YM73,SP1RGW2YQ6W5J8KCTY0MC30AHVX1XE7GS9A6YM73,collateral,zsBTC,432867197
9049309,zest-v2,SPN6PP6AWX1QXY86M6XT9PY6AF9SRM6RK9GXZ7F7,SPN6PP6AWX1QXY86M6XT9PY6AF9SRM6RK9GXZ7F7,collateral,zSTX,202452
9049309,zest-v2,SPN6PP6AWX1QXY86M6XT9PY6AF9SRM6RK9GXZ7F7,SPN6PP6AWX1QXY86M6XT9PY6AF9SRM6RK9GXZ7F7,debt,stSTX,20953
9049309,zest-v2,SPN6PP6AWX1QXY86M6XT9PY6AF9SRM6RK9GXZ7F7,SPN6PP6AWX1QXY86M6XT9PY6AF9SRM6RK9GXZ7F7,debt_stored,stSTX,20783
9049309,zest-v2,SP1R6EB0P5AFNA0G47QNJRJFNFZHHV51WSMW0AJS9,SP1R6EB0P5AFNA0G47QNJRJFNFZHHV51WSMW0AJS9,collateral,zsBTC,4009558
9049309,zest-v2,SP1R6EB0P5AFNA0G47QNJRJFNFZHHV51WSMW0AJS9,SP1R6EB0P5AFNA0G47QNJRJFNFZHHV51WSMW0AJS9,debt,USDC,1271602561
9049309,zest-v2,SP1R6EB0P5AFNA0G47QNJRJFNFZHHV51WSMW0AJS9,SP1R6EB0P5AFNA0G47QNJRJFNFZHHV51WSMW0AJS9,debt_stored,USDC,1257847414
9049309,zest-v2,SP1D6WJMETM08X6FAEXMQFPJ5R96GGTDE4REQYF39,SP1D6WJMETM08X6FAEXMQFPJ5R96GGTDE4REQYF39,collateral,zsBTC,695680
9049309,zest-v2,SP1D6WJMETM08X6FAEXMQFPJ5R96GGTDE4REQYF39,SP1D6WJMETM08X6FAEXMQFPJ5R96GGTDE4REQYF39,debt,USDC,283553430
9049309,zest-v2,SP1D6WJMETM08X6FAEXMQFPJ5R96GGTDE4REQYF39,SP1D6WJMETM08X6FAEXMQFPJ5R96GGTDE4REQYF39,debt_stored,USDC,280486183
9049309,zest-v2,SP3Q2Q6DEHY9VVZ87B6QPWYEMTB7665H8W1PTZKAK,SP3Q2Q6DEHY9VVZ87B6QPWYEMTB7665H8W1PTZKAK,collateral,zstSTXbtc,101185340
9049309,zest-v2,SP3Q2Q6DEHY9VVZ87B6QPWYEMTB7665H8W1PTZKAK,SP3Q2Q6DEHY9VVZ87B6QPWYEMTB7665H8W1PTZKAK,debt,stSTX,69404051
9049309,zest-v2,SP3Q2Q6DEHY9VVZ87B6QPWYEMTB7665H8W1PTZKAK,SP3Q2Q6DEHY9VVZ87B6QPWYEMTB7665H8W1PTZKAK,debt_stored,stSTX,68844167
9049309,zest-v2,SP3RY185H0R8TNX4PGRYFZ07AV001N23N1FJX9MEE,SP3RY185H0R8TNX4PGRYFZ07AV001N23N1FJX9MEE,collateral,zstBTC,9990
9049309,zest-v2,SP3RY185H0R8TNX4PGRYFZ07AV001N23N1FJX9MEE,SP3RY185H0R8TNX4PGRYFZ07AV001N23N1FJX9MEE,debt,STX,1001249
9049309,zest-v2,SP3RY185H0R8TNX4PGRYFZ07AV001N23N1FJX9MEE,SP3RY185H0R8TNX4PGRYFZ07AV001N23N1FJX9MEE,debt_stored,STX,979511
9049309,zest-v2,SP25SF2MPZZS8Q20QA3VTYJXTHAHCRNM5MSZYDNB0,SP25SF2MPZZS8Q20QA3VTYJXTHAHCRNM5MSZYDNB0,collateral,zstSTX,9623387209
9049309,zest-v2,SP25CTYTHDRXY6WHR5MQB413VANTV48589EH0KGS2,SP25CTYTHDRXY6WHR5MQB413VANTV48589EH0KGS2,collateral,zstSTX,736737784
9049309,zest-v2,SP25CTYTHDRXY6WHR5MQB413VANTV48589EH0KGS2,SP25CTYTHDRXY6WHR5MQB413VANTV48589EH0KGS2,debt,stSTX,302369357
9049309,zest-v2,SP25CTYTHDRXY6WHR5MQB413VANTV48589EH0KGS2,SP25CTYTHDRXY6WHR5MQB413VANTV48589EH0KGS2,debt_stored,stSTX,299930139
9049309,zest-v2,SP3TGRP71Q5CMXQD0PQTEDMHS2A0JDZ64F6MGHVM7,SP3TGRP71Q5CMXQD0PQTEDMHS2A0JDZ64F6MGHVM7,collateral,zsBTC,6176275
9049309,zest-v2,SP3TGRP71Q5CMXQD0PQTEDMHS2A0JDZ64F6MGHVM7,SP3TGRP71Q5CMXQD0PQTEDMHS2A0JDZ64F6MGHVM7,debt,STX,4760900596
9049309,zest-v2,SP3TGRP71Q5CMXQD0PQTEDMHS2A0JDZ64F6MGHVM7,SP3TGRP71Q5CMXQD0PQTEDMHS2A0JDZ64F6MGHVM7,debt_stored,STX,4657538320
9049309,zest-v2,SP3YTSN86F8K72Y1VD1FZZ4CZ01YVC031S61CSRSN,SP3YTSN86F8K72Y1VD1FZZ4CZ01YVC031S61CSRSN,collateral,zstSTXbtc,11519000000
9049309,zest-v2,SP3YTSN86F8K72Y1VD1FZZ4CZ01YVC031S61CSRSN,SP3YTSN86F8K72Y1VD1FZZ4CZ01YVC031S61CSRSN,debt,USDC,342918898
9049309,zest-v2,SP3YTSN86F8K72Y1VD1FZZ4CZ01YVC031S61CSRSN,SP3YTSN86F8K72Y1VD1FZZ4CZ01YVC031S61CSRSN,debt,USDH,17100002938
9049309,zest-v2,SP3YTSN86F8K72Y1VD1FZZ4CZ01YVC031S61CSRSN,SP3YTSN86F8K72Y1VD1FZZ4CZ01YVC031S61CSRSN,debt_stored,USDC,339209484
9049309,zest-v2,SP3YTSN86F8K72Y1VD1FZZ4CZ01YVC031S61CSRSN,SP3YTSN86F8K72Y1VD1FZZ4CZ01YVC031S61CSRSN,debt_stored,USDH,16928044785
9049309,zest-v2,SP1F919MMKCFJJBTPMTHZM9YNM7QF62VK19QM5RSQ,SP1F919MMKCFJJBTPMTHZM9YNM7QF62VK19QM5RSQ,collateral,zsBTC,7322530
9049309,zest-v2,SP1F919MMKCFJJBTPMTHZM9YNM7QF62VK19QM5RSQ,SP1F919MMKCFJJBTPMTHZM9YNM7QF62VK19QM5RSQ,debt,USDC,2565224609
9049309,zest-v2,SP1F919MMKCFJJBTPMTHZM9YNM7QF62VK19QM5RSQ,SP1F919MMKCFJJBTPMTHZM9YNM7QF62VK19QM5RSQ,debt_stored,USDC,2537476127
9049309,zest-v2,SP14W78Q821B3HQ3ED30624Z1F13X4JMFZY3N5SK4,SP14W78Q821B3HQ3ED30624Z1F13X4JMFZY3N5SK4,collateral,zstSTXbtc,997673
9049309,zest-v2,SP14W78Q821B3HQ3ED30624Z1F13X4JMFZY3N5SK4,SP14W78Q821B3HQ3ED30624Z1F13X4JMFZY3N5SK4,debt,USDH,9082131
9049309,zest-v2,SP14W78Q821B3HQ3ED30624Z1F13X4JMFZY3N5SK4,SP14W78Q821B3HQ3ED30624Z1F13X4JMFZY3N5SK4,debt_stored,USDH,8990800
9049309,zest-v2,SP17951KHZ2D8Z8QYFD3YKRHNZTPVPHQ4061EX42J,SP17951KHZ2D8Z8QYFD3YKRHNZTPVPHQ4061EX42J,collateral,zsBTC,1329721
9049309,zest-v2,SP17951KHZ2D8Z8QYFD3YKRHNZTPVPHQ4061EX42J,SP17951KHZ2D8Z8QYFD3YKRHNZTPVPHQ4061EX42J,debt,USDH,40376883994
9049309,zest-v2,SP17951KHZ2D8Z8QYFD3YKRHNZTPVPHQ4061EX42J,SP17951KHZ2D8Z8QYFD3YKRHNZTPVPHQ4061EX42J,debt_stored,USDH,39970852814
9049309,zest-v2,SP20M883T8FJ6S63VJQEXE5ZMP91ZMKVR5RN5N0DR,SP20M883T8FJ6S63VJQEXE5ZMP91ZMKVR5RN5N0DR,collateral,zUSDC,254982823
9049309,zest-v2,SP3W52FFFV8Y1589SF5K9E9D4TE6KKWW5VMREZ0N4,SP3W52FFFV8Y1589SF5K9E9D4TE6KKWW5VMREZ0N4,collateral,zSTX,991983
9049309,zest-v2,SPAVTRFAKSERRCX95PHR41JAB7Q6DP7Z27MSN1G3,SPAVTRFAKSERRCX95PHR41JAB7Q6DP7Z27MSN1G3,collateral,zsBTC,4047466
9049309,zest-v2,SPAVTRFAKSERRCX95PHR41JAB7Q6DP7Z27MSN1G3,SPAVTRFAKSERRCX95PHR41JAB7Q6DP7Z27MSN1G3,debt,STX,2002117889
9049309,zest-v2,SPAVTRFAKSERRCX95PHR41JAB7Q6DP7Z27MSN1G3,SPAVTRFAKSERRCX95PHR41JAB7Q6DP7Z27MSN1G3,debt_stored,STX,1958650596
9049309,zest-v2,SP2WEPFRFH6KJWJK6JDZQH9B4J9JJRZ3CPQ3MDWVC,SP2WEPFRFH6KJWJK6JDZQH9B4J9JJRZ3CPQ3MDWVC,collateral,zstSTXbtc,196907519
9049309,zest-v2,SP2WEPFRFH6KJWJK6JDZQH9B4J9JJRZ3CPQ3MDWVC,SP2WEPFRFH6KJWJK6JDZQH9B4J9JJRZ3CPQ3MDWVC,debt,USDC,15022397
9049309,zest-v2,SP2WEPFRFH6KJWJK6JDZQH9B4J9JJRZ3CPQ3MDWVC,SP2WEPFRFH6KJWJK6JDZQH9B4J9JJRZ3CPQ3MDWVC,debt_stored,USDC,14859897
9049309,zest-v2,SP2KJ1XEC1QW5JMCXREM2EKWGZAY2KY7SJN5ZMR20,SP2KJ1XEC1QW5JMCXREM2EKWGZAY2KY7SJN5ZMR20,collateral,zstSTXbtc,129443628
9049309,zest-v2,SP2KJ1XEC1QW5JMCXREM2EKWGZAY2KY7SJN5ZMR20,SP2KJ1XEC1QW5JMCXREM2EKWGZAY2KY7SJN5ZMR20,debt,stSTX,40314895
9049309,zest-v2,SP2KJ1XEC1QW5JMCXREM2EKWGZAY2KY7SJN5ZMR20,SP2KJ1XEC1QW5JMCXREM2EKWGZAY2KY7SJN5ZMR20,debt_stored,stSTX,39989674
9049309,zest-v2,SP108KSQHW8PT4GK2C8T4ZE9XN738DFY8MXVD1SRT,SP108KSQHW8PT4GK2C8T4ZE9XN738DFY8MXVD1SRT,collateral,zstSTX,4258345536
9049309,zest-v2,SP377VY1GYPGERJDMPR4SJG3RTH2DP3VF6M3PBSJZ,SP377VY1GYPGERJDMPR4SJG3RTH2DP3VF6M3PBSJZ,collateral,zsBTC,4007084
9049309,zest-v2,SP377VY1GYPGERJDMPR4SJG3RTH2DP3VF6M3PBSJZ,SP377VY1GYPGERJDMPR4SJG3RTH2DP3VF6M3PBSJZ,debt,USDC,1009870969
9049309,zest-v2,SP377VY1GYPGERJDMPR4SJG3RTH2DP3VF6M3PBSJZ,SP377VY1GYPGERJDMPR4SJG3RTH2DP3VF6M3PBSJZ,debt_stored,USDC,998947018
9049309,zest-v2,SP3163VNMQR33CXNEKVNAMY9E3Y92R1NPWFVJRGGP,SP3163VNMQR33CXNEKVNAMY9E3Y92R1NPWFVJRGGP,collateral,zstSTX,10349077
9049309,zest-v2,SP28M9DGNGEBAFX1G41DHDNYX0E6JSKR0CFDZ12SS,SP28M9DGNGEBAFX1G41DHDNYX0E6JSKR0CFDZ12SS,collateral,zstSTX,6840625376
9049309,zest-v2,SP28M9DGNGEBAFX1G41DHDNYX0E6JSKR0CFDZ12SS,SP28M9DGNGEBAFX1G41DHDNYX0E6JSKR0CFDZ12SS,debt,stSTX,3917079579
9049309,zest-v2,SP28M9DGNGEBAFX1G41DHDNYX0E6JSKR0CFDZ12SS,SP28M9DGNGEBAFX1G41DHDNYX0E6JSKR0CFDZ12SS,debt_stored,stSTX,3885480443
9049309,zest-v2,SP36RBBMH2KTHE9KW799S7FAVSXW3CHP7HRY4H59E,SP36RBBMH2KTHE9KW799S7FAVSXW3CHP7HRY4H59E,collateral,zstBTC,2265766
9049309,zest-v2,SP36RBBMH2KTHE9KW799S7FAVSXW3CHP7HRY4H59E,SP36RBBMH2KTHE9KW799S7FAVSXW3CHP7HRY4H59E,debt,stSTX,597453829
9049309,zest-v2,SP36RBBMH2KTHE9KW799S7FAVSXW3CHP7HRY4H59E,SP36RBBMH2KTHE9KW799S7FAVSXW3CHP7HRY4H59E,debt_stored,stSTX,592634160
9049309,zest-v2,SP2AA7AHRRX2S47KQBZ6YXRWV2JRM05MDGAM90APN,SP2AA7AHRRX2S47KQBZ6YXRWV2JRM05MDGAM90APN,collateral,zstSTXbtc,17285967046
9049309,zest-v2,SP2AA7AHRRX2S47KQBZ6YXRWV2JRM05MDGAM90APN,SP2AA7AHRRX2S47KQBZ6YXRWV2JRM05MDGAM90APN,debt,STX,7021166176
9049309,zest-v2,SP2AA7AHRRX2S47KQBZ6YXRWV2JRM05MDGAM90APN,SP2AA7AHRRX2S47KQBZ6YXRWV2JRM05MDGAM90APN,debt_stored,STX,6868732051
9049309,zest-v2,SPW7YD7KERH17N8900ZVMC2641KEM3N5PQZBPAZM,SPW7YD7KERH17N8900ZVMC2641KEM3N5PQZBPAZM,collateral,zsBTC,26441699
9049309,zest-v2,SPW7YD7KERH17N8900ZVMC2641KEM3N5PQZBPAZM,SPW7YD7KERH17N8900ZVMC2641KEM3N5PQZBPAZM,debt,USDC,1000720258
9049309,zest-v2,SPW7YD7KERH17N8900ZVMC2641KEM3N5PQZBPAZM,SPW7YD7KERH17N8900ZVMC2641KEM3N5PQZBPAZM,debt,USDH,1063122535686
9049309,zest-v2,SPW7YD7KERH17N8900ZVMC2641KEM3N5PQZBPAZM,SPW7YD7KERH17N8900ZVMC2641KEM3N5PQZBPAZM,debt_stored,USDC,989895292
9049309,zest-v2,SPW7YD7KERH17N8900ZVMC2641KEM3N5PQZBPAZM,SPW7YD7KERH17N8900ZVMC2641KEM3N5PQZBPAZM,debt_stored,USDH,1052431742977
9049309,zest-v2,SP2WH24ZBG0956J91J7J5W54NB51K2MYE8YVM4JVS,SP2WH24ZBG0956J91J7J5W54NB51K2MYE8YVM4JVS,collateral,zstSTXbtc,163116583119
9049309,zest-v2,SP2WH24ZBG0956J91J7J5W54NB51K2MYE8YVM4JVS,SP2WH24ZBG0956J91J7J5W54NB51K2MYE8YVM4JVS,debt,USDC,11973555576
9049309,zest-v2,SP2WH24ZBG0956J91J7J5W54NB51K2MYE8YVM4JVS,SP2WH24ZBG0956J91J7J5W54NB51K2MYE8YVM4JVS,debt,USDH,629718031185
9049309,zest-v2,SP2WH24ZBG0956J91J7J5W54NB51K2MYE8YVM4JVS,SP2WH24ZBG0956J91J7J5W54NB51K2MYE8YVM4JVS,debt_stored,USDC,11844035537
9049309,zest-v2,SP2WH24ZBG0956J91J7J5W54NB51K2MYE8YVM4JVS,SP2WH24ZBG0956J91J7J5W54NB51K2MYE8YVM4JVS,debt_stored,USDH,623385567418
9049309,zest-v2,SPEA7MNNAGXMF8RQ93M7MXAZ6AZ8ED0BQH24G72H,SPEA7MNNAGXMF8RQ93M7MXAZ6AZ8ED0BQH24G72H,collateral,zsBTC,2631948
9049309,zest-v2,SPEA7MNNAGXMF8RQ93M7MXAZ6AZ8ED0BQH24G72H,SPEA7MNNAGXMF8RQ93M7MXAZ6AZ8ED0BQH24G72H,debt,STX,1594261988
9049309,zest-v2,SPEA7MNNAGXMF8RQ93M7MXAZ6AZ8ED0BQH24G72H,SPEA7MNNAGXMF8RQ93M7MXAZ6AZ8ED0BQH24G72H,debt_stored,STX,1559649514
9049309,zest-v2,SP388NTWTSAW7GZC2EJWY5C8XHWJB6NEPJ7ED75HA,SP388NTWTSAW7GZC2EJWY5C8XHWJB6NEPJ7ED75HA,collateral,zstSTX,1414312092
9049309,zest-v2,SP3FJQK31NMDM594YKP1640V5WESX38ENSSJ3YC6B,SP3FJQK31NMDM594YKP1640V5WESX38ENSSJ3YC6B,collateral,zsBTC,2501
9049309,zest-v2,SP2P05RNY7X6DY0YZH3K7DZRQ89PQ2V73NGRC5ZPV,SP2P05RNY7X6DY0YZH3K7DZRQ89PQ2V73NGRC5ZPV,collateral,zsBTC,19990754
9049309,zest-v2,SP2P05RNY7X6DY0YZH3K7DZRQ89PQ2V73NGRC5ZPV,SP2P05RNY7X6DY0YZH3K7DZRQ89PQ2V73NGRC5ZPV,debt,USDC,5961742651
9049309,zest-v2,SP2P05RNY7X6DY0YZH3K7DZRQ89PQ2V73NGRC5ZPV,SP2P05RNY7X6DY0YZH3K7DZRQ89PQ2V73NGRC5ZPV,debt_stored,USDC,5897253441
9049309,zest-v2,SP1RB1V65A1PAAXYT8PVFFFC6T1FN9E8RQX7HMDKC,SP1RB1V65A1PAAXYT8PVFFFC6T1FN9E8RQX7HMDKC,collateral,zstSTX,109208476
9049309,zest-v2,SP1YEPYCQP39HBK44CJG01BNK3C5YGW0C3CY264M2,SP1YEPYCQP39HBK44CJG01BNK3C5YGW0C3CY264M2,collateral,zstSTX,1227869129
9049309,zest-v2,SP2R8C36A8KVBBWYC4ASD6V36S2E9VJ0FXWV2T4CP,SP2R8C36A8KVBBWYC4ASD6V36S2E9VJ0FXWV2T4CP,collateral,zsBTC,685380288
9049309,zest-v2,SP2R8C36A8KVBBWYC4ASD6V36S2E9VJ0FXWV2T4CP,SP2R8C36A8KVBBWYC4ASD6V36S2E9VJ0FXWV2T4CP,debt,USDC,281501641006
9049309,zest-v2,SP2R8C36A8KVBBWYC4ASD6V36S2E9VJ0FXWV2T4CP,SP2R8C36A8KVBBWYC4ASD6V36S2E9VJ0FXWV2T4CP,debt_stored,USDC,278456588671
9049309,zest-v2,SP29VGS4E2P3TTSS27YJ9D581VY1MWTDEE5036PJT,SP29VGS4E2P3TTSS27YJ9D581VY1MWTDEE5036PJT,collateral,zstSTXbtc,181148
9049309,zest-v2,SP29VGS4E2P3TTSS27YJ9D581VY1MWTDEE5036PJT,SP29VGS4E2P3TTSS27YJ9D581VY1MWTDEE5036PJT,debt,USDC,18
9049309,zest-v2,SP29VGS4E2P3TTSS27YJ9D581VY1MWTDEE5036PJT,SP29VGS4E2P3TTSS27YJ9D581VY1MWTDEE5036PJT,debt_stored,USDC,17
9049309,zest-v2,SP23402K8H5S3YFE2MDD0QS063A1DCH15DKJYNY7T,SP23402K8H5S3YFE2MDD0QS063A1DCH15DKJYNY7T,collateral,zstSTX,1968691985
9049309,zest-v2,SP23402K8H5S3YFE2MDD0QS063A1DCH15DKJYNY7T,SP23402K8H5S3YFE2MDD0QS063A1DCH15DKJYNY7T,debt,USDH,14852131309
9049309,zest-v2,SP23402K8H5S3YFE2MDD0QS063A1DCH15DKJYNY7T,SP23402K8H5S3YFE2MDD0QS063A1DCH15DKJYNY7T,debt_stored,USDH,14702777822
9049309,zest-v2,SPVVK6QE71EJBRDDF4WCT8M71F0MPF1MJ4T2Y7S1,SPVVK6QE71EJBRDDF4WCT8M71F0MPF1MJ4T2Y7S1,collateral,zstSTXbtc,16600678129
9049309,zest-v2,SPVVK6QE71EJBRDDF4WCT8M71F0MPF1MJ4T2Y7S1,SPVVK6QE71EJBRDDF4WCT8M71F0MPF1MJ4T2Y7S1,debt,STX,12177124434
9049309,zest-v2,SPVVK6QE71EJBRDDF4WCT8M71F0MPF1MJ4T2Y7S1,SPVVK6QE71EJBRDDF4WCT8M71F0MPF1MJ4T2Y7S1,debt_stored,STX,11912751073
9049309,zest-v2,SP3TZHPYHKBG7RSMJFK72EQQ9N9JD5ZM614QASC0J,SP3TZHPYHKBG7RSMJFK72EQQ9N9JD5ZM614QASC0J,collateral,zstSTX,84155020743
9049309,zest-v2,SP3TZHPYHKBG7RSMJFK72EQQ9N9JD5ZM614QASC0J,SP3TZHPYHKBG7RSMJFK72EQQ9N9JD5ZM614QASC0J,debt,USDC,9064395488
9049309,zest-v2,SP3TZHPYHKBG7RSMJFK72EQQ9N9JD5ZM614QASC0J,SP3TZHPYHKBG7RSMJFK72EQQ9N9JD5ZM614QASC0J,debt_stored,USDC,8966344341
9049309,zest-v2,SP1CQ4D640TNM998S1K50FP2BF78J6AVS2BT6E3HP,SP1CQ4D640TNM998S1K50FP2BF78J6AVS2BT6E3HP,collateral,zsBTC,22174016
9049309,zest-v2,SP1CQ4D640TNM998S1K50FP2BF78J6AVS2BT6E3HP,SP1CQ4D640TNM998S1K50FP2BF78J6AVS2BT6E3HP,debt,USDC,10198251696
9049309,zest-v2,SP1CQ4D640TNM998S1K50FP2BF78J6AVS2BT6E3HP,SP1CQ4D640TNM998S1K50FP2BF78J6AVS2BT6E3HP,debt_stored,USDC,10087935429
9049309,zest-v2,SP2E9Y2CPF7YTAXEXDHAYWJ9GQG3AH0W9HWHE20G7,SP2E9Y2CPF7YTAXEXDHAYWJ9GQG3AH0W9HWHE20G7,collateral,zsBTC,99374289
9049309,zest-v2,SP2E9Y2CPF7YTAXEXDHAYWJ9GQG3AH0W9HWHE20G7,SP2E9Y2CPF7YTAXEXDHAYWJ9GQG3AH0W9HWHE20G7,debt,USDC,19196723321
9049309,zest-v2,SP2E9Y2CPF7YTAXEXDHAYWJ9GQG3AH0W9HWHE20G7,SP2E9Y2CPF7YTAXEXDHAYWJ9GQG3AH0W9HWHE20G7,debt_stored,USDC,18989069017
9049309,zest-v2,SP21QFR1A49TGX8Z8X0ZVPPM5A1CN2CPMCE71NQ3A,SP21QFR1A49TGX8Z8X0ZVPPM5A1CN2CPMCE71NQ3A,collateral,zstSTX,497720050
9049309,zest-v2,SP2C22P7AJTZ5N931TEEARCHMR72Q5EKCNQ38ZVC5,SP2C22P7AJTZ5N931TEEARCHMR72Q5EKCNQ38ZVC5,collateral,zsBTC,2686599
9049309,zest-v2,SP2C22P7AJTZ5N931TEEARCHMR72Q5EKCNQ38ZVC5,SP2C22P7AJTZ5N931TEEARCHMR72Q5EKCNQ38ZVC5,debt,USDH,100417955930
9049309,zest-v2,SP2C22P7AJTZ5N931TEEARCHMR72Q5EKCNQ38ZVC5,SP2C22P7AJTZ5N931TEEARCHMR72Q5EKCNQ38ZVC5,debt_stored,USDH,99408149896
9049309,zest-v2,SP3WAAYXPC6WZNEC7SHGR36D32RJPZVXRR1BG0QSY,SP3WAAYXPC6WZNEC7SHGR36D32RJPZVXRR1BG0QSY,collateral,zstSTXbtc,40540649650
9049309,zest-v2,SP3WAAYXPC6WZNEC7SHGR36D32RJPZVXRR1BG0QSY,SP3WAAYXPC6WZNEC7SHGR36D32RJPZVXRR1BG0QSY,debt,USDC,2061940822
9049309,zest-v2,SP3WAAYXPC6WZNEC7SHGR36D32RJPZVXRR1BG0QSY,SP3WAAYXPC6WZNEC7SHGR36D32RJPZVXRR1BG0QSY,debt,USDH,23136412951
9049309,zest-v2,SP3WAAYXPC6WZNEC7SHGR36D32RJPZVXRR1BG0QSY,SP3WAAYXPC6WZNEC7SHGR36D32RJPZVXRR1BG0QSY,debt_stored,USDC,2039636448
9049309,zest-v2,SP3WAAYXPC6WZNEC7SHGR36D32RJPZVXRR1BG0QSY,SP3WAAYXPC6WZNEC7SHGR36D32RJPZVXRR1BG0QSY,debt_stored,USDH,22903752475
9049309,zest-v2,SP2524SSTBNHE9XVEB07J4DSWRMGKSKN5YTAD0NQ9,SP2524SSTBNHE9XVEB07J4DSWRMGKSKN5YTAD0NQ9,collateral,zsBTC,21214560
9049309,zest-v2,SP2524SSTBNHE9XVEB07J4DSWRMGKSKN5YTAD0NQ9,SP2524SSTBNHE9XVEB07J4DSWRMGKSKN5YTAD0NQ9,debt,USDC,2848895883
9049309,zest-v2,SP2524SSTBNHE9XVEB07J4DSWRMGKSKN5YTAD0NQ9,SP2524SSTBNHE9XVEB07J4DSWRMGKSKN5YTAD0NQ9,debt_stored,USDC,2818078879
9049309,zest-v2,SP26V6PP21440ZGAJWCQA975SNJMBKY92YB5GAT9M,SP26V6PP21440ZGAJWCQA975SNJMBKY92YB5GAT9M,collateral,zstSTXbtc,265199999998
9049309,zest-v2,SP26V6PP21440ZGAJWCQA975SNJMBKY92YB5GAT9M,SP26V6PP21440ZGAJWCQA975SNJMBKY92YB5GAT9M,debt,USDC,3614172145
9049309,zest-v2,SP26V6PP21440ZGAJWCQA975SNJMBKY92YB5GAT9M,SP26V6PP21440ZGAJWCQA975SNJMBKY92YB5GAT9M,debt_stored,USDC,3575077014
9049309,zest-v2,SP119ATKFM412X7WB4JTCNHVT02D6X919BZHPQR69,SP119ATKFM412X7WB4JTCNHVT02D6X919BZHPQR69,collateral,zsBTC,100543974
9049309,zest-v2,SP119ATKFM412X7WB4JTCNHVT02D6X919BZHPQR69,SP119ATKFM412X7WB4JTCNHVT02D6X919BZHPQR69,debt,USDC,24230501042
9049309,zest-v2,SP119ATKFM412X7WB4JTCNHVT02D6X919BZHPQR69,SP119ATKFM412X7WB4JTCNHVT02D6X919BZHPQR69,debt_stored,USDC,23968395487
9049309,zest-v2,SP3TB3AJ0XMZ9S6CGY2CQ6R06H1Z6DJQ1SH15ZP2H,SP3TB3AJ0XMZ9S6CGY2CQ6R06H1Z6DJQ1SH15ZP2H,collateral,zstSTX,21091
9049309,zest-v2,SP341JDD7WDTPDHP13ATH2PDCSE8X0CQAHBCDFQH3,SP341JDD7WDTPDHP13ATH2PDCSE8X0CQAHBCDFQH3,collateral,zstSTX,4586816095
9049309,zest-v2,SP18JM2Z254PJ4XE7TVCEPJNW2Z4FA8FF9DWBC4RW,SP18JM2Z254PJ4XE7TVCEPJNW2Z4FA8FF9DWBC4RW,collateral,zstSTXbtc,5000000000
9049309,zest-v2,SPAFRYT831WS7ZRHGZBPMNCBJRBC0ZT884HFXERA,SPAFRYT831WS7ZRHGZBPMNCBJRBC0ZT884HFXERA,collateral,zsBTC,1181621
9049309,zest-v2,SPBZ4377CWDXB6VCBRGMP20JPSQEE2RD3BS703BV,SPBZ4377CWDXB6VCBRGMP20JPSQEE2RD3BS703BV,collateral,zsBTC,998837
9049309,zest-v2,SPBZ4377CWDXB6VCBRGMP20JPSQEE2RD3BS703BV,SPBZ4377CWDXB6VCBRGMP20JPSQEE2RD3BS703BV,debt,USDC,82781774
9049309,zest-v2,SPBZ4377CWDXB6VCBRGMP20JPSQEE2RD3BS703BV,SPBZ4377CWDXB6VCBRGMP20JPSQEE2RD3BS703BV,debt_stored,USDC,81886309
9049309,zest-v2,SP23ZSH34VFD9WC6FVWYNKJAVME1SN89ZWHHR5NCC,SP23ZSH34VFD9WC6FVWYNKJAVME1SN89ZWHHR5NCC,collateral,zstSTX,3724858869
9049309,zest-v2,SP23ZSH34VFD9WC6FVWYNKJAVME1SN89ZWHHR5NCC,SP23ZSH34VFD9WC6FVWYNKJAVME1SN89ZWHHR5NCC,debt,STX,1415962949
9049309,zest-v2,SP23ZSH34VFD9WC6FVWYNKJAVME1SN89ZWHHR5NCC,SP23ZSH34VFD9WC6FVWYNKJAVME1SN89ZWHHR5NCC,debt_stored,STX,1385221464
9049309,zest-v2,SP2GVZZTHY10XZ24K1PQ3SGD6NYXD0GXZZQ8PSA3B,SP2GVZZTHY10XZ24K1PQ3SGD6NYXD0GXZZQ8PSA3B,collateral,zsBTC,339040303
9049309,zest-v2,SP2GVZZTHY10XZ24K1PQ3SGD6NYXD0GXZZQ8PSA3B,SP2GVZZTHY10XZ24K1PQ3SGD6NYXD0GXZZQ8PSA3B,debt,USDC,41332985106
9049309,zest-v2,SP2GVZZTHY10XZ24K1PQ3SGD6NYXD0GXZZQ8PSA3B,SP2GVZZTHY10XZ24K1PQ3SGD6NYXD0GXZZQ8PSA3B,debt_stored,USDC,40885878999
9049309,zest-v2,SP22H4KA8XSCKTT39J8JJSJ8MYMGJW1WV21X3634C,SP22H4KA8XSCKTT39J8JJSJ8MYMGJW1WV21X3634C,collateral,zsBTC,941127
9049309,zest-v2,SP1XV86PRWKWE0TS00H9RZS4WNCTAX5PVAC8C55A7,SP1XV86PRWKWE0TS00H9RZS4WNCTAX5PVAC8C55A7,collateral,zsBTC,688783
9049309,zest-v2,SP1HMC0Y5YPHJVRN7VS3XSKQK2F9061V9W4Z2M8ET,SP1HMC0Y5YPHJVRN7VS3XSKQK2F9061V9W4Z2M8ET,collateral,zstSTX,45728521240
9049309,zest-v2,SP3BSX57ZEH2KA2FKE3NVNA7SZ4QXEGZN29TC6BZT,SP3BSX57ZEH2KA2FKE3NVNA7SZ4QXEGZN29TC6BZT,collateral,zstSTX,54790551
9049309,zest-v2,SP3XBCE7R73W9TPWSM3B1NYKHYY9P5K81HE0TWPRP,SP3XBCE7R73W9TPWSM3B1NYKHYY9P5K81HE0TWPRP,collateral,zstSTX,6696132282
9049309,zest-v2,SP0DF9KGSHAZ3EFP77PH9549VAW08AX2QAF2RQQK,SP0DF9KGSHAZ3EFP77PH9549VAW08AX2QAF2RQQK,collateral,zsBTC,9734
9049309,zest-v2,SP1PMZT12M7WWPCB41YKK85DYX6AGWAF914QW73GE,SP1PMZT12M7WWPCB41YKK85DYX6AGWAF914QW73GE,collateral,zsBTC,37328177
9049309,zest-v2,SP1ZCT38K25QAB3SKFANT6HY2ERF58SPMJQJYZFRV,SP1ZCT38K25QAB3SKFANT6HY2ERF58SPMJQJYZFRV,collateral,zsBTC,74965
9049309,zest-v2,SP186AJ38C3F3W3MN2BH989GJGZ5MAVTC5MPSC86E,SP186AJ38C3F3W3MN2BH989GJGZ5MAVTC5MPSC86E,collateral,zsBTC,50321477
9049309,zest-v2,SP186AJ38C3F3W3MN2BH989GJGZ5MAVTC5MPSC86E,SP186AJ38C3F3W3MN2BH989GJGZ5MAVTC5MPSC86E,debt,USDC,9341869501
9049309,zest-v2,SP186AJ38C3F3W3MN2BH989GJGZ5MAVTC5MPSC86E,SP186AJ38C3F3W3MN2BH989GJGZ5MAVTC5MPSC86E,debt,USDH,398499483756
9049309,zest-v2,SP186AJ38C3F3W3MN2BH989GJGZ5MAVTC5MPSC86E,SP186AJ38C3F3W3MN2BH989GJGZ5MAVTC5MPSC86E,debt_stored,USDC,9240816869
9049309,zest-v2,SP186AJ38C3F3W3MN2BH989GJGZ5MAVTC5MPSC86E,SP186AJ38C3F3W3MN2BH989GJGZ5MAVTC5MPSC86E,debt_stored,USDH,394492160768
9049309,zest-v2,SP1N6SYQHVBMKR62RR8JXCBFFX45EPGXEW8NQJV7E,SP1N6SYQHVBMKR62RR8JXCBFFX45EPGXEW8NQJV7E,collateral,zstSTX,7332637231
9049309,zest-v2,SP2DRPT3AA170EK5DC4T22CMSXZ6HACATPXHPAT7H,SP2DRPT3AA170EK5DC4T22CMSXZ6HACATPXHPAT7H,collateral,zsBTC,108
9049309,zest-v2,SP2DRPT3AA170EK5DC4T22CMSXZ6HACATPXHPAT7H,SP2DRPT3AA170EK5DC4T22CMSXZ6HACATPXHPAT7H,debt,STX,10193
9049309,zest-v2,SP2DRPT3AA170EK5DC4T22CMSXZ6HACATPXHPAT7H,SP2DRPT3AA170EK5DC4T22CMSXZ6HACATPXHPAT7H,debt_stored,STX,9971
9049309,zest-v2,SP1N6QNB5B05T7ZZZSKMS7TDQ5R5176WFSXVTV4ZS,SP1N6QNB5B05T7ZZZSKMS7TDQ5R5176WFSXVTV4ZS,collateral,zstSTX,85442830
9049309,zest-v2,SP21E0Z40WM7WH92015RJ911222WGX3YWZ6F7042D,SP21E0Z40WM7WH92015RJ911222WGX3YWZ6F7042D,collateral,zsBTC,2804
9049309,zest-v2,SP21E0Z40WM7WH92015RJ911222WGX3YWZ6F7042D,SP21E0Z40WM7WH92015RJ911222WGX3YWZ6F7042D,debt,STX,2419938
9049309,zest-v2,SP21E0Z40WM7WH92015RJ911222WGX3YWZ6F7042D,SP21E0Z40WM7WH92015RJ911222WGX3YWZ6F7042D,debt_stored,STX,2367399
9049309,zest-v2,SPW0CHYR5S4J0DM03ACH2PH9ZHPFJ776Z1EQBPSV,SPW0CHYR5S4J0DM03ACH2PH9ZHPFJ776Z1EQBPSV,collateral,zstSTX,1140035832
9049309,zest-v2,SPW0CHYR5S4J0DM03ACH2PH9ZHPFJ776Z1EQBPSV,SPW0CHYR5S4J0DM03ACH2PH9ZHPFJ776Z1EQBPSV,debt,stSTX,485577847
9049309,zest-v2,SPW0CHYR5S4J0DM03ACH2PH9ZHPFJ776Z1EQBPSV,SPW0CHYR5S4J0DM03ACH2PH9ZHPFJ776Z1EQBPSV,debt_stored,stSTX,481660683
9049309,zest-v2,SPZBF4QFQA6NM0GWVV3MC0DBR4WQ4AQCSF5742ZA,SPZBF4QFQA6NM0GWVV3MC0DBR4WQ4AQCSF5742ZA,collateral,zstSTX,1675661593
9049309,zest-v2,SP2EN73M3M0HJZC67QP09BTDN144D35246VM90PS,SP2EN73M3M0HJZC67QP09BTDN144D35246VM90PS,collateral,zUSDC,765151
9049309,zest-v2,SP2VH5C759NFW2XJ5CNCG9H0BRP7X9FFD9S4MQ85B,SP2VH5C759NFW2XJ5CNCG9H0BRP7X9FFD9S4MQ85B,collateral,zstSTXbtc,593550915
9049309,zest-v2,SP2VH5C759NFW2XJ5CNCG9H0BRP7X9FFD9S4MQ85B,SP2VH5C759NFW2XJ5CNCG9H0BRP7X9FFD9S4MQ85B,debt,USDH,5386959148
9049309,zest-v2,SP2VH5C759NFW2XJ5CNCG9H0BRP7X9FFD9S4MQ85B,SP2VH5C759NFW2XJ5CNCG9H0BRP7X9FFD9S4MQ85B,debt_stored,USDH,5332787722
9049309,zest-v2,SPPJZTBEPNB0GFK3FCY5DFQYHVCWVVV3M8GR69KB,SPPJZTBEPNB0GFK3FCY5DFQYHVCWVVV3M8GR69KB,collateral,zSTX,124228668
9049309,zest-v2,SP3K2TRG9VDVHK5NG5GQH2AR66VRVXZQDYABZH139,SP3K2TRG9VDVHK5NG5GQH2AR66VRVXZQDYABZH139,collateral,zsBTC,313026
9049309,zest-v2,SP3K2TRG9VDVHK5NG5GQH2AR66VRVXZQDYABZH139,SP3K2TRG9VDVHK5NG5GQH2AR66VRVXZQDYABZH139,debt,USDC,90723259
9049309,zest-v2,SP3K2TRG9VDVHK5NG5GQH2AR66VRVXZQDYABZH139,SP3K2TRG9VDVHK5NG5GQH2AR66VRVXZQDYABZH139,debt_stored,USDC,89741889
9049309,zest-v2,SP3VJR6HPGKH5VBMNHRXHPQXYH3P4BWV696WHF594,SP3VJR6HPGKH5VBMNHRXHPQXYH3P4BWV696WHF594,collateral,zsBTC,12362172
9049309,zest-v2,SP3VJR6HPGKH5VBMNHRXHPQXYH3P4BWV696WHF594,SP3VJR6HPGKH5VBMNHRXHPQXYH3P4BWV696WHF594,debt,USDC,2419573199
9049309,zest-v2,SP3VJR6HPGKH5VBMNHRXHPQXYH3P4BWV696WHF594,SP3VJR6HPGKH5VBMNHRXHPQXYH3P4BWV696WHF594,debt_stored,USDC,2393400253
9049309,zest-v2,SP10ECZKBTMVGV9Z41A9QQP80TQFZK2QRSV5BWNMX,SP10ECZKBTMVGV9Z41A9QQP80TQFZK2QRSV5BWNMX,collateral,zstSTX,7023709917
9049309,zest-v2,SP2E8PC06Y3B2M92461FYCSR1Y84RZD3ZCP27SWC3,SP2E8PC06Y3B2M92461FYCSR1Y84RZD3ZCP27SWC3,collateral,zstSTX,4938069341
9049309,zest-v2,SP2E8PC06Y3B2M92461FYCSR1Y84RZD3ZCP27SWC3,SP2E8PC06Y3B2M92461FYCSR1Y84RZD3ZCP27SWC3,debt,USDC,176420135
9049309,zest-v2,SP2E8PC06Y3B2M92461FYCSR1Y84RZD3ZCP27SWC3,SP2E8PC06Y3B2M92461FYCSR1Y84RZD3ZCP27SWC3,debt_stored,USDC,174511767
9049309,zest-v2,SP18ECP6ZY3QMW842WTPCF9E9MZ44XHZP87DJNX54,SP18ECP6ZY3QMW842WTPCF9E9MZ44XHZP87DJNX54,collateral,zsBTC,49786744
9049309,zest-v2,SP232FSXX7AQ91HJSPHSEHBJARJTMGFMN07Z5A63Q,SP232FSXX7AQ91HJSPHSEHBJARJTMGFMN07Z5A63Q,collateral,zsBTC,158051181
9049309,zest-v2,SP6Q2HC6RDEB3KCR3EXK9VJJDMZ28S7JQH4J4SSS,SP6Q2HC6RDEB3KCR3EXK9VJJDMZ28S7JQH4J4SSS,collateral,zsBTC,13186723
9049309,zest-v2,SP32F63SWBJSMRQDSBMVCZ6GPZS36WPESN29SNPAC,SP32F63SWBJSMRQDSBMVCZ6GPZS36WPESN29SNPAC,collateral,zsBTC,20567146
9049309,zest-v2,SP268E5TRQHYKYKX6NW35WFP46SJMBVD3WENZ7N87,SP268E5TRQHYKYKX6NW35WFP46SJMBVD3WENZ7N87,collateral,zsBTC,21067220
9049309,zest-v2,SPYK0B07DVM059RARCA23BARRZT5P42QH8KKP4QF,SPYK0B07DVM059RARCA23BARRZT5P42QH8KKP4QF,collateral,zsBTC,5141160398
9049309,zest-v2,SPYK0B07DVM059RARCA23BARRZT5P42QH8KKP4QF,SPYK0B07DVM059RARCA23BARRZT5P42QH8KKP4QF,debt,USDC,2157322069080
9049309,zest-v2,SPYK0B07DVM059RARCA23BARRZT5P42QH8KKP4QF,SPYK0B07DVM059RARCA23BARRZT5P42QH8KKP4QF,debt_stored,USDC,2133985940101
9049309,zest-v2,SP1N6QYMS4771B58J5WDQMX917F2ZQJVD48RJH047,SP1N6QYMS4771B58J5WDQMX917F2ZQJVD48RJH047,collateral,zsBTC,153639
9049309,zest-v2,SP3SP0D29JN9FB5KSAFVXQYA7V5DQ9BA13ZATCZA3,SP3SP0D29JN9FB5KSAFVXQYA7V5DQ9BA13ZATCZA3,collateral,zstSTXbtc,136266733
9049309,zest-v2,SP3SP0D29JN9FB5KSAFVXQYA7V5DQ9BA13ZATCZA3,SP3SP0D29JN9FB5KSAFVXQYA7V5DQ9BA13ZATCZA3,debt,STX,109390190
9049309,zest-v2,SP3SP0D29JN9FB5KSAFVXQYA7V5DQ9BA13ZATCZA3,SP3SP0D29JN9FB5KSAFVXQYA7V5DQ9BA13ZATCZA3,debt_stored,STX,107015257
9049309,zest-v2,SP3RN09F77176MQXYRWXSA5F0663JQF49QFVB3WZS,SP3RN09F77176MQXYRWXSA5F0663JQF49QFVB3WZS,collateral,zsBTC,36394
9049309,zest-v2,SP3RN09F77176MQXYRWXSA5F0663JQF49QFVB3WZS,SP3RN09F77176MQXYRWXSA5F0663JQF49QFVB3WZS,debt,USDC,12414713
9049309,zest-v2,SP3RN09F77176MQXYRWXSA5F0663JQF49QFVB3WZS,SP3RN09F77176MQXYRWXSA5F0663JQF49QFVB3WZS,debt_stored,USDC,12280420
9049309,zest-v2,SP30RK02S4MV7B6KEXCNYKXKBF8T3B1S5G20ZSV2K,SP30RK02S4MV7B6KEXCNYKXKBF8T3B1S5G20ZSV2K,collateral,zstSTXbtc,2250194
9049309,zest-v2,SP30RK02S4MV7B6KEXCNYKXKBF8T3B1S5G20ZSV2K,SP30RK02S4MV7B6KEXCNYKXKBF8T3B1S5G20ZSV2K,debt,stSTX,1526253
9049309,zest-v2,SP30RK02S4MV7B6KEXCNYKXKBF8T3B1S5G20ZSV2K,SP30RK02S4MV7B6KEXCNYKXKBF8T3B1S5G20ZSV2K,debt_stored,stSTX,1513940
9049309,zest-v2,SP7GR8SS1739C66D58NRC8N0DDZ9FXZ5Q7RWZW8Q,SP7GR8SS1739C66D58NRC8N0DDZ9FXZ5Q7RWZW8Q,collateral,zstSTXbtc,13126187829
9049309,zest-v2,SP7GR8SS1739C66D58NRC8N0DDZ9FXZ5Q7RWZW8Q,SP7GR8SS1739C66D58NRC8N0DDZ9FXZ5Q7RWZW8Q,debt,USDC,756751361
9049309,zest-v2,SP7GR8SS1739C66D58NRC8N0DDZ9FXZ5Q7RWZW8Q,SP7GR8SS1739C66D58NRC8N0DDZ9FXZ5Q7RWZW8Q,debt_stored,USDC,748565449
9049309,zest-v2,SP1BS7EF2KY09BPN7P4WME9EBFB7PEQCE44V6WDXG,SP1BS7EF2KY09BPN7P4WME9EBFB7PEQCE44V6WDXG,collateral,zstSTX,3373880509
9049309,zest-v2,SP2DV7QK4N1C79XVA9QMJ4WD3SHFJX7YBMDDWMZNE,SP2DV7QK4N1C79XVA9QMJ4WD3SHFJX7YBMDDWMZNE,collateral,zsBTC,187413288
9049309,zest-v2,SPMRWFR3A694JWBVA9NNVJMCHM5783E3JNQA9B1H,SPMRWFR3A694JWBVA9NNVJMCHM5783E3JNQA9B1H,collateral,zstSTX,25625752
9049309,zest-v2,SP24F2039KJP0TXFBYMCE5AMFZ980NN0YV8ZZSZ1A,SP24F2039KJP0TXFBYMCE5AMFZ980NN0YV8ZZSZ1A,collateral,zsBTC,5733
9049309,zest-v2,SP1T6D21XKM303E7QT7GVQZBWXFXYBQ044R1FT81V,SP1T6D21XKM303E7QT7GVQZBWXFXYBQ044R1FT81V,collateral,zsBTC,3903506
9049309,zest-v2,SP1T6D21XKM303E7QT7GVQZBWXFXYBQ044R1FT81V,SP1T6D21XKM303E7QT7GVQZBWXFXYBQ044R1FT81V,debt,USDH,150470183468
9049309,zest-v2,SP1T6D21XKM303E7QT7GVQZBWXFXYBQ044R1FT81V,SP1T6D21XKM303E7QT7GVQZBWXFXYBQ044R1FT81V,debt_stored,USDH,148957050704
9049309,zest-v2,SP11EBWRDRHWHWBM8XMNTD45VM5Z41XM29TBV7ECD,SP11EBWRDRHWHWBM8XMNTD45VM5Z41XM29TBV7ECD,collateral,zsBTC,333
9049309,zest-v2,SP86QENQB6S45M2BMPE7Y1XJ76FQA4J5Z5WA5D9M,SP86QENQB6S45M2BMPE7Y1XJ76FQA4J5Z5WA5D9M,collateral,zstSTXbtc,38200000000
9049309,zest-v2,SPG714KDP3142ZTFNDWZN96SPTAEVTZET7NDP4S7,SPG714KDP3142ZTFNDWZN96SPTAEVTZET7NDP4S7,collateral,zstSTX,291822398
9049309,zest-v2,SPG714KDP3142ZTFNDWZN96SPTAEVTZET7NDP4S7,SPG714KDP3142ZTFNDWZN96SPTAEVTZET7NDP4S7,debt,USDC,20093951
9049309,zest-v2,SPG714KDP3142ZTFNDWZN96SPTAEVTZET7NDP4S7,SPG714KDP3142ZTFNDWZN96SPTAEVTZET7NDP4S7,debt_stored,USDC,19876591
9049309,zest-v2,SPJWZ55NMKAK5T448V4VWPS14Z7PS8RHZNC9F5NS,SPJWZ55NMKAK5T448V4VWPS14Z7PS8RHZNC9F5NS,collateral,zstSTX,1616063203
9049309,zest-v2,SPGGSVQT5KN3W34SFMWS9NEYVD0E0229FG5HXJ8Y,SPGGSVQT5KN3W34SFMWS9NEYVD0E0229FG5HXJ8Y,collateral,zsBTC,7996079
9049309,zest-v2,SPGGSVQT5KN3W34SFMWS9NEYVD0E0229FG5HXJ8Y,SPGGSVQT5KN3W34SFMWS9NEYVD0E0229FG5HXJ8Y,debt,USDH,100935265465
9049309,zest-v2,SPGGSVQT5KN3W34SFMWS9NEYVD0E0229FG5HXJ8Y,SPGGSVQT5KN3W34SFMWS9NEYVD0E0229FG5HXJ8Y,debt_stored,USDH,99920257350
9049309,zest-v2,SP919TMG926VPZFC380XNMZPXGDXWWDQXGTCNM49,SP919TMG926VPZFC380XNMZPXGDXWWDQXGTCNM49,collateral,zstBTC,150002301
9049309,zest-v2,SP2WREMJ0X0CZW0N48836T1058MS3YAPRGFKWYBYC,SP2WREMJ0X0CZW0N48836T1058MS3YAPRGFKWYBYC,collateral,zSTX,417783726
9049309,zest-v2,SPETRC149CY5PSKEK1K2Q160MR8YQ924GETDJRSS,SPETRC149CY5PSKEK1K2Q160MR8YQ924GETDJRSS,collateral,zsBTC,200321142
9049309,zest-v2,SPETRC149CY5PSKEK1K2Q160MR8YQ924GETDJRSS,SPETRC149CY5PSKEK1K2Q160MR8YQ924GETDJRSS,debt,USDC,34169565961
9049309,zest-v2,SPETRC149CY5PSKEK1K2Q160MR8YQ924GETDJRSS,SPETRC149CY5PSKEK1K2Q160MR8YQ924GETDJRSS,debt_stored,USDC,33799947808
9049309,zest-v2,SP17175BTCCNHF06Z7TNP3PG9FET3JRFQ85C31WSY,SP17175BTCCNHF06Z7TNP3PG9FET3JRFQ85C31WSY,collateral,zstSTX,99988
9049309,zest-v2,SP23Q62WKQ2476E6DPBX1DSA9027WY1G2Y7MW32FE,SP23Q62WKQ2476E6DPBX1DSA9027WY1G2Y7MW32FE,collateral,zstSTX,3778670339
9049309,zest-v2,SP2X34MVZGQRNBG7S5AT1S44XXA47WVEMTH98CQYN,SP2X34MVZGQRNBG7S5AT1S44XXA47WVEMTH98CQYN,collateral,zstSTX,2062889132
9049309,zest-v2,SP2B1TPRCCYK5WVE5QSD1JBD9NA03BM7ZWFH186Z,SP2B1TPRCCYK5WVE5QSD1JBD9NA03BM7ZWFH186Z,collateral,zsBTC,212758
9049309,zest-v2,SP2B1TPRCCYK5WVE5QSD1JBD9NA03BM7ZWFH186Z,SP2B1TPRCCYK5WVE5QSD1JBD9NA03BM7ZWFH186Z,debt,USDC,22295005
9049309,zest-v2,SP2B1TPRCCYK5WVE5QSD1JBD9NA03BM7ZWFH186Z,SP2B1TPRCCYK5WVE5QSD1JBD9NA03BM7ZWFH186Z,debt_stored,USDC,22053836
9049309,zest-v2,SP1TXVCM6J8F6EBCNW3CS91AWB5KYAJ7Q5X86DTEC,SP1TXVCM6J8F6EBCNW3CS91AWB5KYAJ7Q5X86DTEC,collateral,zsBTC,994408
9049309,zest-v2,SP12K6GVQJHZ6NX4A3DCVFQ2A5AWTN3RHSF908JXT,SP12K6GVQJHZ6NX4A3DCVFQ2A5AWTN3RHSF908JXT,collateral,zstSTX,346221386
9049309,zest-v2,SP1EWFTA1AANYGSRG4E2HDJ1E57FB2BZ4QZQNG64T,SP1EWFTA1AANYGSRG4E2HDJ1E57FB2BZ4QZQNG64T,collateral,zstSTX,543254686913
9049309,zest-v2,SP1EWFTA1AANYGSRG4E2HDJ1E57FB2BZ4QZQNG64T,SP1EWFTA1AANYGSRG4E2HDJ1E57FB2BZ4QZQNG64T,debt,STX,502942469369
9049309,zest-v2,SP1EWFTA1AANYGSRG4E2HDJ1E57FB2BZ4QZQNG64T,SP1EWFTA1AANYGSRG4E2HDJ1E57FB2BZ4QZQNG64T,debt_stored,STX,492023258373
9049309,zest-v2,SPCG3TNZXGFP36E4QGQN92TBM3JYF7E4PHGGR120.stacky-carry-v30,SPCG3TNZXGFP36E4QGQN92TBM3JYF7E4PHGGR120.stacky-carry-v30,collateral,zsBTC,18
9049309,zest-v2,SPCG3TNZXGFP36E4QGQN92TBM3JYF7E4PHGGR120.stacky-carry-v31,SPCG3TNZXGFP36E4QGQN92TBM3JYF7E4PHGGR120.stacky-carry-v31,collateral,zsBTC,35
9049309,zest-v2,SP17AMXKCDMA11WRD4SBQTG6ZFQEKZ291JNN04T26,SP17AMXKCDMA11WRD4SBQTG6ZFQEKZ291JNN04T26,collateral,zstSTX,49257827
9049309,zest-v2,SPCG3TNZXGFP36E4QGQN92TBM3JYF7E4PHGGR120.stacky-stx-staking-v3,SPCG3TNZXGFP36E4QGQN92TBM3JYF7E4PHGGR120.stacky-stx-staking-v3,collateral,zsBTC,33
9049309,zest-v2,SPCG3TNZXGFP36E4QGQN92TBM3JYF7E4PHGGR120.stacky-stx-carry-v5,SPCG3TNZXGFP36E4QGQN92TBM3JYF7E4PHGGR120.stacky-stx-carry-v5,collateral,zsBTC,31
9049309,zest-v2,SPCG3TNZXGFP36E4QGQN92TBM3JYF7E4PHGGR120.stacky-stx-carry-v6,SPCG3TNZXGFP36E4QGQN92TBM3JYF7E4PHGGR120.stacky-stx-carry-v6,collateral,zsBTC,33
9049309,zest-v2,SPCG3TNZXGFP36E4QGQN92TBM3JYF7E4PHGGR120.stacky-granite-carry-v2,SPCG3TNZXGFP36E4QGQN92TBM3JYF7E4PHGGR120.stacky-granite-carry-v2,collateral,zsBTC,35
9049309,zest-v2,SPPB3FNB8BJM77BEQ1E88CN1CJS52BNX56FBZ22W,SPPB3FNB8BJM77BEQ1E88CN1CJS52BNX56FBZ22W,collateral,zstSTXbtc,162244
9049309,zest-v2,SP50SGB6WCY7J58NXJ8WM3M8YC5Q4M751N1Z67CQ,SP50SGB6WCY7J58NXJ8WM3M8YC5Q4M751N1Z67CQ,collateral,zstSTX,44994823
9049309,zest-v2,SP50SGB6WCY7J58NXJ8WM3M8YC5Q4M751N1Z67CQ,SP50SGB6WCY7J58NXJ8WM3M8YC5Q4M751N1Z67CQ,debt,STX,18184969
9049309,zest-v2,SP50SGB6WCY7J58NXJ8WM3M8YC5Q4M751N1Z67CQ,SP50SGB6WCY7J58NXJ8WM3M8YC5Q4M751N1Z67CQ,debt,stSTX,20101000
9049309,zest-v2,SP50SGB6WCY7J58NXJ8WM3M8YC5Q4M751N1Z67CQ,SP50SGB6WCY7J58NXJ8WM3M8YC5Q4M751N1Z67CQ,debt_stored,STX,17790161
9049309,zest-v2,SP50SGB6WCY7J58NXJ8WM3M8YC5Q4M751N1Z67CQ,SP50SGB6WCY7J58NXJ8WM3M8YC5Q4M751N1Z67CQ,debt_stored,stSTX,19938844
9049309,zest-v2,SPWMMYZFEEBJDNHTNWVX2H43M73AD15DSZQC8WE,SPWMMYZFEEBJDNHTNWVX2H43M73AD15DSZQC8WE,collateral,zstSTX,667396668
9049309,zest-v2,SP3E02ECEFHEGSX0S437VRT6VXPRQ18ADS7V50ETH,SP3E02ECEFHEGSX0S437VRT6VXPRQ18ADS7V50ETH,collateral,zsBTC,73557344
9049309,zest-v2,SP3E02ECEFHEGSX0S437VRT6VXPRQ18ADS7V50ETH,SP3E02ECEFHEGSX0S437VRT6VXPRQ18ADS7V50ETH,debt,stSTX,47919290120
9049309,zest-v2,SP3E02ECEFHEGSX0S437VRT6VXPRQ18ADS7V50ETH,SP3E02ECEFHEGSX0S437VRT6VXPRQ18ADS7V50ETH,debt_stored,stSTX,47532724537
9049309,zest-v2,SPFX4V9G2JM33A8QGK49X3Y6JH35N7KM7XY9KCC7,SPFX4V9G2JM33A8QGK49X3Y6JH35N7KM7XY9KCC7,collateral,zstSTX,73994415
9049309,zest-v2,SPXYTMM254PC1B6PD28RQXFG1SMM9R6VFPW3Y68R,SPXYTMM254PC1B6PD28RQXFG1SMM9R6VFPW3Y68R,collateral,zsBTC,101252271
9049309,zest-v2,SPXYTMM254PC1B6PD28RQXFG1SMM9R6VFPW3Y68R,SPXYTMM254PC1B6PD28RQXFG1SMM9R6VFPW3Y68R,debt,USDC,17150304351
9049309,zest-v2,SPXYTMM254PC1B6PD28RQXFG1SMM9R6VFPW3Y68R,SPXYTMM254PC1B6PD28RQXFG1SMM9R6VFPW3Y68R,debt_stored,USDC,16964786518
9049309,zest-v2,SP1TWEQRB442KEK8WS27R9BPADW5CB5JGW9J2KY7D,SP1TWEQRB442KEK8WS27R9BPADW5CB5JGW9J2KY7D,collateral,zstSTX,14361219223
9049309,zest-v2,SPCG3TNZXGFP36E4QGQN92TBM3JYF7E4PHGGR120.stacky-stx-staking-v10,SPCG3TNZXGFP36E4QGQN92TBM3JYF7E4PHGGR120.stacky-stx-staking-v10,collateral,zsBTC,35
9049309,zest-v2,SP3N1FSQMFQGEBDH4SZB7A4FAMZ3FNGMEY3GYGSDF,SP3N1FSQMFQGEBDH4SZB7A4FAMZ3FNGMEY3GYGSDF,collateral,zsBTC,1647367
9049309,zest-v2,SP3N1FSQMFQGEBDH4SZB7A4FAMZ3FNGMEY3GYGSDF,SP3N1FSQMFQGEBDH4SZB7A4FAMZ3FNGMEY3GYGSDF,debt,USDC,302947771
9049309,zest-v2,SP3N1FSQMFQGEBDH4SZB7A4FAMZ3FNGMEY3GYGSDF,SP3N1FSQMFQGEBDH4SZB7A4FAMZ3FNGMEY3GYGSDF,debt_stored,USDC,299670732
9049309,zest-v2,SP3D2MAQ4Q4QXGZAG64E2E6DGJSRWNG8WM813PM58,SP3D2MAQ4Q4QXGZAG64E2E6DGJSRWNG8WM813PM58,collateral,zsBTC,345829
9049309,zest-v2,SP31B2KHDPJYGXCV0SP4P35W72YGA8YNG30SJ3FGT,SP31B2KHDPJYGXCV0SP4P35W72YGA8YNG30SJ3FGT,collateral,zstSTX,286935847
9049309,zest-v2,SP3G9PTDQ03M7DM10HJXAAJWKFY0GED64690PH2RS,SP3G9PTDQ03M7DM10HJXAAJWKFY0GED64690PH2RS,collateral,zstSTX,4917624279
9049309,zest-v2,SP3G9PTDQ03M7DM10HJXAAJWKFY0GED64690PH2RS,SP3G9PTDQ03M7DM10HJXAAJWKFY0GED64690PH2RS,debt,stSTX,2430834517
9049309,zest-v2,SP3G9PTDQ03M7DM10HJXAAJWKFY0GED64690PH2RS,SP3G9PTDQ03M7DM10HJXAAJWKFY0GED64690PH2RS,debt_stored,stSTX,2411224941
9049309,zest-v2,SPG90HHG9DQSZRC921S56CRYJ89K229YDE0N5SN1,SPG90HHG9DQSZRC921S56CRYJ89K229YDE0N5SN1,collateral,zsBTC,724388971
9049309,zest-v2,SPG90HHG9DQSZRC921S56CRYJ89K229YDE0N5SN1,SPG90HHG9DQSZRC921S56CRYJ89K229YDE0N5SN1,debt,USDC,166356346651
9049309,zest-v2,SPG90HHG9DQSZRC921S56CRYJ89K229YDE0N5SN1,SPG90HHG9DQSZRC921S56CRYJ89K229YDE0N5SN1,debt_stored,USDC,164556841042
9049309,zest-v2,SP1WARKTHB35Y638WJMD64HB3XKR6R982CNZCTWNC,SP1WARKTHB35Y638WJMD64HB3XKR6R982CNZCTWNC,collateral,zSTX,99408213
9049309,zest-v2,SP3HKQWHT3YT1Y66FB8BVSZE3JC9QH23ADHCWWTTP,SP3HKQWHT3YT1Y66FB8BVSZE3JC9QH23ADHCWWTTP,collateral,zsBTC,9556716
9049309,zest-v2,SP3HKQWHT3YT1Y66FB8BVSZE3JC9QH23ADHCWWTTP,SP3HKQWHT3YT1Y66FB8BVSZE3JC9QH23ADHCWWTTP,debt,USDC,1551881052
9049309,zest-v2,SP3HKQWHT3YT1Y66FB8BVSZE3JC9QH23ADHCWWTTP,SP3HKQWHT3YT1Y66FB8BVSZE3JC9QH23ADHCWWTTP,debt_stored,USDC,1535094084
9049309,zest-v2,SP1ZHRZX5DMR0CZ4PCN9GJMY3KPEMHD8FJEDJKS0P,SP1ZHRZX5DMR0CZ4PCN9GJMY3KPEMHD8FJEDJKS0P,collateral,zstSTX,1953282300
9049309,zest-v2,SP1Y3FBARS8CVANS1GCYVN3B6NZFMA7H61Z6TP6RK,SP1Y3FBARS8CVANS1GCYVN3B6NZFMA7H61Z6TP6RK,collateral,zstSTX,5274887804
9049309,zest-v2,SP1Y3FBARS8CVANS1GCYVN3B6NZFMA7H61Z6TP6RK,SP1Y3FBARS8CVANS1GCYVN3B6NZFMA7H61Z6TP6RK,debt,USDC,770676282
9049309,zest-v2,SP1Y3FBARS8CVANS1GCYVN3B6NZFMA7H61Z6TP6RK,SP1Y3FBARS8CVANS1GCYVN3B6NZFMA7H61Z6TP6RK,debt_stored,USDC,762339742
9049309,zest-v2,SM8DQ2E5AHDD9PJ5BZF4N3FN23V63K00BVYEW624,SM8DQ2E5AHDD9PJ5BZF4N3FN23V63K00BVYEW624,collateral,zSTX,2485019
9049309,zest-v2,SP3E7ET3HSWV0T16AH87TE46ERKDXQ6QKE0BEBCNX,SP3E7ET3HSWV0T16AH87TE46ERKDXQ6QKE0BEBCNX,collateral,zstSTX,1717233748
9049309,zest-v2,SP2NYD8CNJY2751R290ZRETGS56DV7G0JWSGYBEDN,SP2NYD8CNJY2751R290ZRETGS56DV7G0JWSGYBEDN,collateral,zSTX,2981978
9049309,zest-v2,SP1YS2CJ49W1GF1XC92XSQFCXJZWTS5X3BB78GZK0,SP1YS2CJ49W1GF1XC92XSQFCXJZWTS5X3BB78GZK0,collateral,zsBTC,23
9049309,zest-v2,SP1YS2CJ49W1GF1XC92XSQFCXJZWTS5X3BB78GZK0,SP1YS2CJ49W1GF1XC92XSQFCXJZWTS5X3BB78GZK0,debt,stSTX,5
9049309,zest-v2,SP1YS2CJ49W1GF1XC92XSQFCXJZWTS5X3BB78GZK0,SP1YS2CJ49W1GF1XC92XSQFCXJZWTS5X3BB78GZK0,debt_stored,stSTX,4
9049309,zest-v2,SP3YHVAR9CP9QD2D2HNJ5RH7NT5GXE2X4GXNX4YPX,SP3YHVAR9CP9QD2D2HNJ5RH7NT5GXE2X4GXNX4YPX,collateral,zstSTX,1237140501
9049309,zest-v2,SP19QFBC2GW56HQ19W4CZWPH7PE27KCV6N313S8AC,SP19QFBC2GW56HQ19W4CZWPH7PE27KCV6N313S8AC,collateral,zstSTX,5118145446
9049309,zest-v2,SP2RABCQ01WFSNQR64F0SPPDWBVE168F8J02KKMVH,SP2RABCQ01WFSNQR64F0SPPDWBVE168F8J02KKMVH,collateral,zstSTXbtc,150000000
9049309,zest-v2,SP1EK2BRHDJ7XWG61GPV638KM0MT7PF1AJYXYTTAG,SP1EK2BRHDJ7XWG61GPV638KM0MT7PF1AJYXYTTAG,collateral,zsBTC,13777340
9049309,zest-v2,SP1EK2BRHDJ7XWG61GPV638KM0MT7PF1AJYXYTTAG,SP1EK2BRHDJ7XWG61GPV638KM0MT7PF1AJYXYTTAG,debt,USDC,4526487541
9049309,zest-v2,SP1EK2BRHDJ7XWG61GPV638KM0MT7PF1AJYXYTTAG,SP1EK2BRHDJ7XWG61GPV638KM0MT7PF1AJYXYTTAG,debt_stored,USDC,4477523736
9049309,zest-v2,SP3PKRBPR9JVA3C4DB1X6AB8BPWWMZFK158GC7RA1,SP3PKRBPR9JVA3C4DB1X6AB8BPWWMZFK158GC7RA1,collateral,zstSTXbtc,4494588574
9049309,zest-v2,SP3CJZGB08MY9D1ZMBDH8F3W346G6JHZJ4XJAVF0V,SP3CJZGB08MY9D1ZMBDH8F3W346G6JHZJ4XJAVF0V,collateral,zstSTXbtc,63512971363
9049309,zest-v2,SP2PKX3NAER3T40ECAYAVZESCGA42B6BP50K6ENKM,SP2PKX3NAER3T40ECAYAVZESCGA42B6BP50K6ENKM,collateral,zstSTXbtc,3500001675
9049309,zest-v2,SP2PKX3NAER3T40ECAYAVZESCGA42B6BP50K6ENKM,SP2PKX3NAER3T40ECAYAVZESCGA42B6BP50K6ENKM,debt,USDC,350632517
9049309,zest-v2,SP2PKX3NAER3T40ECAYAVZESCGA42B6BP50K6ENKM,SP2PKX3NAER3T40ECAYAVZESCGA42B6BP50K6ENKM,debt_stored,USDC,346839663
9049309,zest-v2,SP12ASS8ZZ7PS18CTYXRCGEVKN3EZCMCGQZTF1V97,SP12ASS8ZZ7PS18CTYXRCGEVKN3EZCMCGQZTF1V97,collateral,zsBTC,4025328
9049309,zest-v2,SP3DZA8FTAHVD8SMSHVH8GM2Q880ZJWM43AM8RA5E,SP3DZA8FTAHVD8SMSHVH8GM2Q880ZJWM43AM8RA5E,collateral,zsBTC,1396931
9049309,zest-v2,SP2N4T0ZBNME1HAYY5MHBNMYX0KD120QDN67RJY2G,SP2N4T0ZBNME1HAYY5MHBNMYX0KD120QDN67RJY2G,collateral,zsBTC,91251145
9049309,zest-v2,SP2N4T0ZBNME1HAYY5MHBNMYX0KD120QDN67RJY2G,SP2N4T0ZBNME1HAYY5MHBNMYX0KD120QDN67RJY2G,debt,USDC,30176808335
9049309,zest-v2,SP2N4T0ZBNME1HAYY5MHBNMYX0KD120QDN67RJY2G,SP2N4T0ZBNME1HAYY5MHBNMYX0KD120QDN67RJY2G,debt_stored,USDC,29850380537
9049309,zest-v2,SPWCA0NFQM564PHZANZN0NJH0PAKDE4KJ60ZQX57,SPWCA0NFQM564PHZANZN0NJH0PAKDE4KJ60ZQX57,collateral,zsBTC,11080327
9049309,zest-v2,SP20WMC8HC5QMWJXM5VXYAGXEJQ0212D6GXYPXJ5A,SP20WMC8HC5QMWJXM5VXYAGXEJQ0212D6GXYPXJ5A,collateral,zsBTC,4903980
9049309,zest-v2,SP20WMC8HC5QMWJXM5VXYAGXEJQ0212D6GXYPXJ5A,SP20WMC8HC5QMWJXM5VXYAGXEJQ0212D6GXYPXJ5A,debt,USDH,110818562077
9049309,zest-v2,SP20WMC8HC5QMWJXM5VXYAGXEJQ0212D6GXYPXJ5A,SP20WMC8HC5QMWJXM5VXYAGXEJQ0212D6GXYPXJ5A,debt_stored,USDH,109704167230
9049309,zest-v2,SPZTHH9WGBH8C64GYCB5GH6PBPC38518MKMVXP8K,SPZTHH9WGBH8C64GYCB5GH6PBPC38518MKMVXP8K,collateral,zstSTXbtc,6000000000
9049309,zest-v2,SPZTHH9WGBH8C64GYCB5GH6PBPC38518MKMVXP8K,SPZTHH9WGBH8C64GYCB5GH6PBPC38518MKMVXP8K,debt,USDH,32776829233
9049309,zest-v2,SPZTHH9WGBH8C64GYCB5GH6PBPC38518MKMVXP8K,SPZTHH9WGBH8C64GYCB5GH6PBPC38518MKMVXP8K,debt_stored,USDH,32447224436
9049309,zest-v2,SPZHX563D9S9XNTXR91M4J2S5NVWND8449YEB6PE,SPZHX563D9S9XNTXR91M4J2S5NVWND8449YEB6PE,collateral,zstSTX,13198617108
9049309,zest-v2,SPVCTW1FT0WTPRE73PHZRX0DXBB9YQ0W992Q6QZY,SPVCTW1FT0WTPRE73PHZRX0DXBB9YQ0W992Q6QZY,collateral,zsBTC,28509
9049309,zest-v2,SP219TWC8G12CSX5AB093127NC82KYQWEH8ADD1AY,SP219TWC8G12CSX5AB093127NC82KYQWEH8ADD1AY,collateral,zsBTC,9995
9049309,zest-v2,SP219TWC8G12CSX5AB093127NC82KYQWEH8ADD1AY,SP219TWC8G12CSX5AB093127NC82KYQWEH8ADD1AY,debt,USDH,4
9049309,zest-v2,SP219TWC8G12CSX5AB093127NC82KYQWEH8ADD1AY,SP219TWC8G12CSX5AB093127NC82KYQWEH8ADD1AY,debt_stored,USDH,3
9049309,zest-v2,SP2ZQD9D4VGKJPCK2HD3YC78Q9J6PVK52HF1K1A9F,SP2ZQD9D4VGKJPCK2HD3YC78Q9J6PVK52HF1K1A9F,collateral,zSTX,5337123
9049309,zest-v2,SP2ZQD9D4VGKJPCK2HD3YC78Q9J6PVK52HF1K1A9F,SP2ZQD9D4VGKJPCK2HD3YC78Q9J6PVK52HF1K1A9F,debt,sBTC,2
9049309,zest-v2,SP2ZQD9D4VGKJPCK2HD3YC78Q9J6PVK52HF1K1A9F,SP2ZQD9D4VGKJPCK2HD3YC78Q9J6PVK52HF1K1A9F,debt_stored,sBTC,1
9049309,zest-v2,SP1SWC59KPRTGHVTA2BW0RKHHT1MEJWKAWNNQRGZ8,SP1SWC59KPRTGHVTA2BW0RKHHT1MEJWKAWNNQRGZ8,collateral,zsBTC,80693
9049309,zest-v2,SP31YB1E2VCAGW2DKGGNH82ZEYCF7V3P7CZ61N89P,SP31YB1E2VCAGW2DKGGNH82ZEYCF7V3P7CZ61N89P,collateral,zstSTX,28240922365
9049309,zest-v2,SP3VCX5NFQ8VCHFS9M6N40ZJNVTRT4HZ62WFH5C4Q,SP3VCX5NFQ8VCHFS9M6N40ZJNVTRT4HZ62WFH5C4Q,collateral,zstSTXbtc,3000000000
9049309,zest-v2,SP2ZB5YN81ADDT24XBRR7XEJYC1PXQVSJGCNSP2JX,SP2ZB5YN81ADDT24XBRR7XEJYC1PXQVSJGCNSP2JX,collateral,zsBTC,882192
9049309,zest-v2,SP1V28Y1H88HFNZZFG1715X99S7P74ARXEAFJHYNN,SP1V28Y1H88HFNZZFG1715X99S7P74ARXEAFJHYNN,collateral,zsBTC,550059
9049309,zest-v2,SP1V28Y1H88HFNZZFG1715X99S7P74ARXEAFJHYNN,SP1V28Y1H88HFNZZFG1715X99S7P74ARXEAFJHYNN,debt,USDH,15611028396
9049309,zest-v2,SP1V28Y1H88HFNZZFG1715X99S7P74ARXEAFJHYNN,SP1V28Y1H88HFNZZFG1715X99S7P74ARXEAFJHYNN,debt_stored,USDH,15454043417
9049309,zest-v2,SP3FY9BQ6NZ85XT9PBXQVKP47WJAEMZZ7K6KF7TSS,SP3FY9BQ6NZ85XT9PBXQVKP47WJAEMZZ7K6KF7TSS,collateral,zsBTC,198
9049309,zest-v2,SM3VKWZV070TKN3C0413JNTSKH3EV7608P4CDKD04,SM3VKWZV070TKN3C0413JNTSKH3EV7608P4CDKD04,collateral,zstBTC,3995312377
9049309,zest-v2,SM3VKWZV070TKN3C0413JNTSKH3EV7608P4CDKD04,SM3VKWZV070TKN3C0413JNTSKH3EV7608P4CDKD04,debt,USDC,1074572780613
9049309,zest-v2,SM3VKWZV070TKN3C0413JNTSKH3EV7608P4CDKD04,SM3VKWZV070TKN3C0413JNTSKH3EV7608P4CDKD04,debt_stored,USDC,1062948939479
9049309,zest-v2,SP284C79DJQ7TZWTE2GHYS19H8AMRK0FE41NP0CY4,SP284C79DJQ7TZWTE2GHYS19H8AMRK0FE41NP0CY4,collateral,zstSTX,8477417777
9049309,zest-v2,SPA9MEDDBCZGWKJWVFCVR7NR1VNG12SBV3W1SDD0,SPA9MEDDBCZGWKJWVFCVR7NR1VNG12SBV3W1SDD0,collateral,zstSTX,443321946
9049309,zest-v2,SP1ZCWYJ11SRFV0PFEAE5N31GWXNQFB2P7ACJ8E2E,SP1ZCWYJ11SRFV0PFEAE5N31GWXNQFB2P7ACJ8E2E,collateral,zstSTX,239380565
9049309,zest-v2,SP1ZCWYJ11SRFV0PFEAE5N31GWXNQFB2P7ACJ8E2E,SP1ZCWYJ11SRFV0PFEAE5N31GWXNQFB2P7ACJ8E2E,debt,sBTC,6
9049309,zest-v2,SP1ZCWYJ11SRFV0PFEAE5N31GWXNQFB2P7ACJ8E2E,SP1ZCWYJ11SRFV0PFEAE5N31GWXNQFB2P7ACJ8E2E,debt_stored,sBTC,5
9049309,zest-v2,SP1CX5BP6Y3P442SA3V6DPTJ1K9JPET516XE1Y31H,SP1CX5BP6Y3P442SA3V6DPTJ1K9JPET516XE1Y31H,collateral,zstSTX,1583533747
9049309,zest-v2,SP1CX5BP6Y3P442SA3V6DPTJ1K9JPET516XE1Y31H,SP1CX5BP6Y3P442SA3V6DPTJ1K9JPET516XE1Y31H,debt,STX,1476073606
9049309,zest-v2,SP1CX5BP6Y3P442SA3V6DPTJ1K9JPET516XE1Y31H,SP1CX5BP6Y3P442SA3V6DPTJ1K9JPET516XE1Y31H,debt_stored,STX,1444027079
9049309,zest-v2,SM3JEKVKEM4T3W6YXWYDYXJX1NSM2GWJ1WSSE8XXF,SM3JEKVKEM4T3W6YXWYDYXJX1NSM2GWJ1WSSE8XXF,collateral,zsBTC,484262216
9049309,zest-v2,SM3JEKVKEM4T3W6YXWYDYXJX1NSM2GWJ1WSSE8XXF,SM3JEKVKEM4T3W6YXWYDYXJX1NSM2GWJ1WSSE8XXF,debt,sBTC,206418619
9049309,zest-v2,SM3JEKVKEM4T3W6YXWYDYXJX1NSM2GWJ1WSSE8XXF,SM3JEKVKEM4T3W6YXWYDYXJX1NSM2GWJ1WSSE8XXF,debt_stored,sBTC,203305564
9049309,zest-v2,SP2XT8RRK1HA3C7SBFD1H3PCDBHC47KNMF2477G3S,SP2XT8RRK1HA3C7SBFD1H3PCDBHC47KNMF2477G3S,collateral,zsBTC,3199477
9049309,zest-v2,SP2XT8RRK1HA3C7SBFD1H3PCDBHC47KNMF2477G3S,SP2XT8RRK1HA3C7SBFD1H3PCDBHC47KNMF2477G3S,debt,sBTC,1444105
9049309,zest-v2,SP2XT8RRK1HA3C7SBFD1H3PCDBHC47KNMF2477G3S,SP2XT8RRK1HA3C7SBFD1H3PCDBHC47KNMF2477G3S,debt_stored,sBTC,1422326
9049309,zest-v2,SP18YRTEJFSK49R6Q5VVRG2ZKG9WQX939HX0HS0NX,SP18YRTEJFSK49R6Q5VVRG2ZKG9WQX939HX0HS0NX,collateral,zstSTX,5381838476
9049309,zest-v2,SPK95CJBT9ZDFDCBXA19R9QMYH4S5KPK79MFSHCW,SPK95CJBT9ZDFDCBXA19R9QMYH4S5KPK79MFSHCW,collateral,zsBTC,1582
9049309,zest-v2,SP1NAAJHMAVTM581N250602CP0B083YCH8V212D1P,SP1NAAJHMAVTM581N250602CP0B083YCH8V212D1P,collateral,zsBTC,5213
9049309,zest-v2,SP3Q142Y2NW015FGFACYX8G3WVSQQ3FMP4TKBRSM7,SP3Q142Y2NW015FGFACYX8G3WVSQQ3FMP4TKBRSM7,collateral,zstSTXbtc,386580000
9049309,zest-v2,SP1E5KN0NA2YXAM3KRT42568KY1XJ9SWAF7XPRHXM,SP1E5KN0NA2YXAM3KRT42568KY1XJ9SWAF7XPRHXM,collateral,zstSTXbtc,2257375264
9049309,zest-v2,SP21X1GTS9PWQM812AXPK4779CNRPDDS9XF1N3VBS,SP21X1GTS9PWQM812AXPK4779CNRPDDS9XF1N3VBS,collateral,zstSTXbtc,60000000
9049309,zest-v2,SP21X1GTS9PWQM812AXPK4779CNRPDDS9XF1N3VBS,SP21X1GTS9PWQM812AXPK4779CNRPDDS9XF1N3VBS,debt,stSTX,12403744
9049309,zest-v2,SP21X1GTS9PWQM812AXPK4779CNRPDDS9XF1N3VBS,SP21X1GTS9PWQM812AXPK4779CNRPDDS9XF1N3VBS,debt_stored,stSTX,12303682
9049309,zest-v2,SPNTEKCYS2PWDKH92WFTAT66N0NJG45D01G7T9YR,SPNTEKCYS2PWDKH92WFTAT66N0NJG45D01G7T9YR,collateral,zSTX,992801
9049309,zest-v2,SP1QF9157YQRGNCBQX2YXWS8E81CP6MJS5J67FQZJ,SP1QF9157YQRGNCBQX2YXWS8E81CP6MJS5J67FQZJ,collateral,zsBTC,311642
9049309,zest-v2,SPV4H9607JNE9DZBCHJY0ADWBWGTDDWFM0JJGNAS,SPV4H9607JNE9DZBCHJY0ADWBWGTDDWFM0JJGNAS,collateral,zstSTX,49126076
9049309,zest-v2,SP3TQKY8PJ1PYQ0Z2SHPY1HRAFSYNFW72Y657192K,SP3TQKY8PJ1PYQ0Z2SHPY1HRAFSYNFW72Y657192K,collateral,zstSTX,19995298
9049309,zest-v2,SP1P170G0D0WK05XZB8NJDVGTXYS12TJVE3CKVRDW,SP1P170G0D0WK05XZB8NJDVGTXYS12TJVE3CKVRDW,collateral,zsBTC,553659
9049309,zest-v2,SPE7CGB5SFHYRNSZ0JP7MFC2DGE5P2XMD2AHV00A,SPE7CGB5SFHYRNSZ0JP7MFC2DGE5P2XMD2AHV00A,collateral,zsBTC,894487
9049309,zest-v2,SPE7CGB5SFHYRNSZ0JP7MFC2DGE5P2XMD2AHV00A,SPE7CGB5SFHYRNSZ0JP7MFC2DGE5P2XMD2AHV00A,debt,stSTX,769783147
9049309,zest-v2,SPE7CGB5SFHYRNSZ0JP7MFC2DGE5P2XMD2AHV00A,SPE7CGB5SFHYRNSZ0JP7MFC2DGE5P2XMD2AHV00A,debt_stored,stSTX,763573295
9049309,zest-v2,SP2EZBRH2T5A4TPFFTDK48CHR0WG95YZZA4HC1TJE,SP2EZBRH2T5A4TPFFTDK48CHR0WG95YZZA4HC1TJE,collateral,zstSTXbtc,101152902750
9049309,zest-v2,SP2EZBRH2T5A4TPFFTDK48CHR0WG95YZZA4HC1TJE,SP2EZBRH2T5A4TPFFTDK48CHR0WG95YZZA4HC1TJE,debt,STX,1011070499
9049309,zest-v2,SP2EZBRH2T5A4TPFFTDK48CHR0WG95YZZA4HC1TJE,SP2EZBRH2T5A4TPFFTDK48CHR0WG95YZZA4HC1TJE,debt,stSTX,67476791972
9049309,zest-v2,SP2EZBRH2T5A4TPFFTDK48CHR0WG95YZZA4HC1TJE,SP2EZBRH2T5A4TPFFTDK48CHR0WG95YZZA4HC1TJE,debt_stored,STX,989119495
9049309,zest-v2,SP2EZBRH2T5A4TPFFTDK48CHR0WG95YZZA4HC1TJE,SP2EZBRH2T5A4TPFFTDK48CHR0WG95YZZA4HC1TJE,debt_stored,stSTX,66932455749
9049309,zest-v2,SP3FQ2HPJ63E6F9059DC382YFPY1B0Q3KQFPJF6SE,SP3FQ2HPJ63E6F9059DC382YFPY1B0Q3KQFPJF6SE,collateral,zstSTXbtc,2640747588
9049309,zest-v2,SP23G5EZ7ER5HGFWEJ4NK0J31AA3439S0Y9A1SZ1W,SP23G5EZ7ER5HGFWEJ4NK0J31AA3439S0Y9A1SZ1W,collateral,zsBTC,5193937
9049309,zest-v2,SP23G5EZ7ER5HGFWEJ4NK0J31AA3439S0Y9A1SZ1W,SP23G5EZ7ER5HGFWEJ4NK0J31AA3439S0Y9A1SZ1W,debt,USDH,40345416019
9049309,zest-v2,SP23G5EZ7ER5HGFWEJ4NK0J31AA3439S0Y9A1SZ1W,SP23G5EZ7ER5HGFWEJ4NK0J31AA3439S0Y9A1SZ1W,debt,stSTX,352493356
9049309,zest-v2,SP23G5EZ7ER5HGFWEJ4NK0J31AA3439S0Y9A1SZ1W,SP23G5EZ7ER5HGFWEJ4NK0J31AA3439S0Y9A1SZ1W,debt_stored,USDH,39939701282
9049309,zest-v2,SP23G5EZ7ER5HGFWEJ4NK0J31AA3439S0Y9A1SZ1W,SP23G5EZ7ER5HGFWEJ4NK0J31AA3439S0Y9A1SZ1W,debt_stored,stSTX,349649787
9049309,zest-v2,SP2YY93GF8JZKH5BY8H89EH9PX6R1T80WDZRH51QG,SP2YY93GF8JZKH5BY8H89EH9PX6R1T80WDZRH51QG,collateral,zstSTX,142035513876
9049309,zest-v2,SP2YY93GF8JZKH5BY8H89EH9PX6R1T80WDZRH51QG,SP2YY93GF8JZKH5BY8H89EH9PX6R1T80WDZRH51QG,debt,STX,133975825753
9049309,zest-v2,SP2YY93GF8JZKH5BY8H89EH9PX6R1T80WDZRH51QG,SP2YY93GF8JZKH5BY8H89EH9PX6R1T80WDZRH51QG,debt_stored,STX,131067122673
9049309,zest-v2,SP1BJGDG8MSM64DMH33A0F1NB0DT40YGBPSW00NES,SP1BJGDG8MSM64DMH33A0F1NB0DT40YGBPSW00NES,collateral,zSTX,4126974299450
9049309,zest-v2,SP1BJGDG8MSM64DMH33A0F1NB0DT40YGBPSW00NES,SP1BJGDG8MSM64DMH33A0F1NB0DT40YGBPSW00NES,debt,USDC,285671813740
9049309,zest-v2,SP1BJGDG8MSM64DMH33A0F1NB0DT40YGBPSW00NES,SP1BJGDG8MSM64DMH33A0F1NB0DT40YGBPSW00NES,debt_stored,USDC,282581651920
9049309,zest-v2,SP379QM3CHY64YERK62MFYBDWVAX16RP3GA9KG7J6,SP379QM3CHY64YERK62MFYBDWVAX16RP3GA9KG7J6,collateral,zstSTX,518367601
9049309,zest-v2,SP379QM3CHY64YERK62MFYBDWVAX16RP3GA9KG7J6,SP379QM3CHY64YERK62MFYBDWVAX16RP3GA9KG7J6,debt,STX,491838140
9049309,zest-v2,SP379QM3CHY64YERK62MFYBDWVAX16RP3GA9KG7J6,SP379QM3CHY64YERK62MFYBDWVAX16RP3GA9KG7J6,debt_stored,STX,481160011
9049309,zest-v2,SPQ9HXJ0XJ84QXEZACDNAYE2C6T58WAYW6MG6N5Z,SPQ9HXJ0XJ84QXEZACDNAYE2C6T58WAYW6MG6N5Z,collateral,zstSTXbtc,8984662599
9049309,zest-v2,SPQ9HXJ0XJ84QXEZACDNAYE2C6T58WAYW6MG6N5Z,SPQ9HXJ0XJ84QXEZACDNAYE2C6T58WAYW6MG6N5Z,debt,STX,5121564796
9049309,zest-v2,SPQ9HXJ0XJ84QXEZACDNAYE2C6T58WAYW6MG6N5Z,SPQ9HXJ0XJ84QXEZACDNAYE2C6T58WAYW6MG6N5Z,debt_stored,STX,5010372263
9049309,zest-v2,SPFGGV634BBAS2V9TBZ5WMNMDSW446S7SK9W48JH,SPFGGV634BBAS2V9TBZ5WMNMDSW446S7SK9W48JH,collateral,zstSTXbtc,132379382684
9049309,zest-v2,SPFGGV634BBAS2V9TBZ5WMNMDSW446S7SK9W48JH,SPFGGV634BBAS2V9TBZ5WMNMDSW446S7SK9W48JH,debt,STX,104328102799
9049309,zest-v2,SPFGGV634BBAS2V9TBZ5WMNMDSW446S7SK9W48JH,SPFGGV634BBAS2V9TBZ5WMNMDSW446S7SK9W48JH,debt,stSTX,64
9049309,zest-v2,SPFGGV634BBAS2V9TBZ5WMNMDSW446S7SK9W48JH,SPFGGV634BBAS2V9TBZ5WMNMDSW446S7SK9W48JH,debt_stored,STX,102063071236
9049309,zest-v2,SPFGGV634BBAS2V9TBZ5WMNMDSW446S7SK9W48JH,SPFGGV634BBAS2V9TBZ5WMNMDSW446S7SK9W48JH,debt_stored,stSTX,63
9049309,zest-v2,SPGBTHP45F4FC5XCGB12KR2VKSBH6AVHWTKB5EN9,SPGBTHP45F4FC5XCGB12KR2VKSBH6AVHWTKB5EN9,collateral,zstSTX,20943949
9049309,zest-v2,SPGBTHP45F4FC5XCGB12KR2VKSBH6AVHWTKB5EN9,SPGBTHP45F4FC5XCGB12KR2VKSBH6AVHWTKB5EN9,debt,stSTX,3367557
9049309,zest-v2,SPGBTHP45F4FC5XCGB12KR2VKSBH6AVHWTKB5EN9,SPGBTHP45F4FC5XCGB12KR2VKSBH6AVHWTKB5EN9,debt_stored,stSTX,3340390
9049309,zest-v2,SP3B8CM9D78VFBQMRC54CKFGJS9QJWT12WS4JA0ZK,SP3B8CM9D78VFBQMRC54CKFGJS9QJWT12WS4JA0ZK,collateral,zsBTC,139308858
9049309,zest-v2,SP3B8CM9D78VFBQMRC54CKFGJS9QJWT12WS4JA0ZK,SP3B8CM9D78VFBQMRC54CKFGJS9QJWT12WS4JA0ZK,debt,USDC,57552814035
9049309,zest-v2,SP3B8CM9D78VFBQMRC54CKFGJS9QJWT12WS4JA0ZK,SP3B8CM9D78VFBQMRC54CKFGJS9QJWT12WS4JA0ZK,debt_stored,USDC,56930255210
9049309,zest-v2,SPCNBNZB17NW722M265BRXVDQ20YBEVBM5ZVNTTY,SPCNBNZB17NW722M265BRXVDQ20YBEVBM5ZVNTTY,collateral,zsBTC,206630
9049309,zest-v2,SP202X1VHZMN5S90T44N7SSQ496PYQD66XCPA7BNK,SP202X1VHZMN5S90T44N7SSQ496PYQD66XCPA7BNK,collateral,zsBTC,877189
9049309,zest-v2,SP202X1VHZMN5S90T44N7SSQ496PYQD66XCPA7BNK,SP202X1VHZMN5S90T44N7SSQ496PYQD66XCPA7BNK,debt,USDC,381159718
9049309,zest-v2,SP202X1VHZMN5S90T44N7SSQ496PYQD66XCPA7BNK,SP202X1VHZMN5S90T44N7SSQ496PYQD66XCPA7BNK,debt_stored,USDC,377036646
9049309,zest-v2,SPN9X5E8BB166J7S0NT50Q224QPVQW6M7X7CVCT6,SPN9X5E8BB166J7S0NT50Q224QPVQW6M7X7CVCT6,collateral,zstSTX,47578601754
9049309,zest-v2,SPN9X5E8BB166J7S0NT50Q224QPVQW6M7X7CVCT6,SPN9X5E8BB166J7S0NT50Q224QPVQW6M7X7CVCT6,debt,STX,17164037633
9049309,zest-v2,SPN9X5E8BB166J7S0NT50Q224QPVQW6M7X7CVCT6,SPN9X5E8BB166J7S0NT50Q224QPVQW6M7X7CVCT6,debt_stored,STX,16791395114
9049309,zest-v2,SP1JNG2J533ZKN8GZY8VPEJ3PA9JFS7BR9HX7TS4,SP1JNG2J533ZKN8GZY8VPEJ3PA9JFS7BR9HX7TS4,collateral,zstSTX,1910583250
9049309,zest-v2,SP2A0828P02DFE5ZMWSEBDDTB3V96EC86QZ3ACRHY,SP2A0828P02DFE5ZMWSEBDDTB3V96EC86QZ3ACRHY,collateral,zstSTX,18765065478
9049309,zest-v2,SP2A0828P02DFE5ZMWSEBDDTB3V96EC86QZ3ACRHY,SP2A0828P02DFE5ZMWSEBDDTB3V96EC86QZ3ACRHY,debt,STX,16921713540
9049309,zest-v2,SP2A0828P02DFE5ZMWSEBDDTB3V96EC86QZ3ACRHY,SP2A0828P02DFE5ZMWSEBDDTB3V96EC86QZ3ACRHY,debt_stored,STX,16554332036
9049309,zest-v2,SP35GXSTFN6FDVJNMX061GZEM3TN547ASFZBJMH3K,SP35GXSTFN6FDVJNMX061GZEM3TN547ASFZBJMH3K,collateral,sBTC,293850
9049309,zest-v2,SP3SEXMGJ2CX2RBV7DNHKV7FAWDZJ47ZVAEZKWY2P,SP3SEXMGJ2CX2RBV7DNHKV7FAWDZJ47ZVAEZKWY2P,collateral,zstSTX,25074492602
9049309,zest-v2,SP3SEXMGJ2CX2RBV7DNHKV7FAWDZJ47ZVAEZKWY2P,SP3SEXMGJ2CX2RBV7DNHKV7FAWDZJ47ZVAEZKWY2P,debt,STX,22925403543
9049309,zest-v2,SP3SEXMGJ2CX2RBV7DNHKV7FAWDZJ47ZVAEZKWY2P,SP3SEXMGJ2CX2RBV7DNHKV7FAWDZJ47ZVAEZKWY2P,debt,stSTX,116
9049309,zest-v2,SP3SEXMGJ2CX2RBV7DNHKV7FAWDZJ47ZVAEZKWY2P,SP3SEXMGJ2CX2RBV7DNHKV7FAWDZJ47ZVAEZKWY2P,debt_stored,STX,22427677990
9049309,zest-v2,SP3SEXMGJ2CX2RBV7DNHKV7FAWDZJ47ZVAEZKWY2P,SP3SEXMGJ2CX2RBV7DNHKV7FAWDZJ47ZVAEZKWY2P,debt_stored,stSTX,115
9049309,zest-v2,SP1CFD0KXA1G36CPFGDFDAM1JHJ2H7XP100QP6590,SP1CFD0KXA1G36CPFGDFDAM1JHJ2H7XP100QP6590,collateral,zstSTX,7259469850
9049309,zest-v2,SP1CFD0KXA1G36CPFGDFDAM1JHJ2H7XP100QP6590,SP1CFD0KXA1G36CPFGDFDAM1JHJ2H7XP100QP6590,debt,STX,6203505424
9049309,zest-v2,SP1CFD0KXA1G36CPFGDFDAM1JHJ2H7XP100QP6590,SP1CFD0KXA1G36CPFGDFDAM1JHJ2H7XP100QP6590,debt_stored,STX,6068823251
9049309,zest-v2,SP2A5R0RPA43ECZK7QT4KMN22XG6XX7100ADA0R68,SP2A5R0RPA43ECZK7QT4KMN22XG6XX7100ADA0R68,collateral,zstSTX,24260056773
9049309,zest-v2,SP2A5R0RPA43ECZK7QT4KMN22XG6XX7100ADA0R68,SP2A5R0RPA43ECZK7QT4KMN22XG6XX7100ADA0R68,debt,STX,22123166182
9049309,zest-v2,SP2A5R0RPA43ECZK7QT4KMN22XG6XX7100ADA0R68,SP2A5R0RPA43ECZK7QT4KMN22XG6XX7100ADA0R68,debt_stored,STX,21642857728
9049309,zest-v2,SP1S9V348SY2H77AH4B008KX0K2GPW2EGEW29847M,SP1S9V348SY2H77AH4B008KX0K2GPW2EGEW29847M,collateral,zstSTX,28090606035
9049309,zest-v2,SP1S9V348SY2H77AH4B008KX0K2GPW2EGEW29847M,SP1S9V348SY2H77AH4B008KX0K2GPW2EGEW29847M,debt,USDC,3447632860
9049309,zest-v2,SP1S9V348SY2H77AH4B008KX0K2GPW2EGEW29847M,SP1S9V348SY2H77AH4B008KX0K2GPW2EGEW29847M,debt_stored,USDC,3410339214
9049309,zest-v2,SP17C9NQA2HT248FDS6PGA5EB756BXAPH8ZNGDAZP,SP17C9NQA2HT248FDS6PGA5EB756BXAPH8ZNGDAZP,collateral,zsBTC,20095963
9049309,zest-v2,SP17C9NQA2HT248FDS6PGA5EB756BXAPH8ZNGDAZP,SP17C9NQA2HT248FDS6PGA5EB756BXAPH8ZNGDAZP,debt,USDH,311003997455
9049309,zest-v2,SP17C9NQA2HT248FDS6PGA5EB756BXAPH8ZNGDAZP,SP17C9NQA2HT248FDS6PGA5EB756BXAPH8ZNGDAZP,debt_stored,USDH,307876531752
9049309,zest-v2,SPZV2JB3VG1071NCYZBTPDYNPJB638T9VJ6XVZ8T,SPZV2JB3VG1071NCYZBTPDYNPJB638T9VJ6XVZ8T,collateral,zsBTC,34578308
9049309,zest-v2,SPZV2JB3VG1071NCYZBTPDYNPJB638T9VJ6XVZ8T,SPZV2JB3VG1071NCYZBTPDYNPJB638T9VJ6XVZ8T,debt,USDC,10437346017
9049309,zest-v2,SPZV2JB3VG1071NCYZBTPDYNPJB638T9VJ6XVZ8T,SPZV2JB3VG1071NCYZBTPDYNPJB638T9VJ6XVZ8T,debt_stored,USDC,10324443425
9049309,zest-v2,SP3P5R9GR0QTHPFRHPB912329RR82R3R0WC892Y7T,SP3P5R9GR0QTHPFRHPB912329RR82R3R0WC892Y7T,collateral,zsBTC,2498632
9049309,zest-v2,SP195Q21AEE0E3D97F5B4ADZ7308V555FQA1S7GZ3,SP195Q21AEE0E3D97F5B4ADZ7308V555FQA1S7GZ3,collateral,zSTX,992482
9049309,zest-v2,SPGJ0GC92ZE15R1HAP255B3CA41Z3WA462Z027AT,SPGJ0GC92ZE15R1HAP255B3CA41Z3WA462Z027AT,collateral,zSTX,99248
9049309,zest-v2,SP1VGQKPQGSPSPK1GGADB1YBE925DPTPPK2DTKCCW,SP1VGQKPQGSPSPK1GGADB1YBE925DPTPPK2DTKCCW,collateral,zstSTX,105909257
9049309,zest-v2,SP15YJ3NVAYWPVZRQQRPMHRV1148G5ZFVXHM45CEG,SP15YJ3NVAYWPVZRQQRPMHRV1148G5ZFVXHM45CEG,collateral,zstSTX,107652321
9049309,zest-v2,SP211PFP9YN90JRCCCDF21TZ6SB882KVM52YHTS4Z,SP211PFP9YN90JRCCCDF21TZ6SB882KVM52YHTS4Z,collateral,zstSTX,98231803
9049309,zest-v2,SP3VTB9KN0CG458EDZVF26RS6CMJ9AG9S9VCX7GRK,SP3VTB9KN0CG458EDZVF26RS6CMJ9AG9S9VCX7GRK,collateral,zstSTX,98231456
9049309,zest-v2,SP5KDZBX13T1AGBNXYWJPK38GVE27965EEKDSPSC,SP5KDZBX13T1AGBNXYWJPK38GVE27965EEKDSPSC,collateral,zstSTX,98231633
9049309,zest-v2,SP11270JK5V2MVFAY8HYQ12R6NTM6MWN94XTNZNN,SP11270JK5V2MVFAY8HYQ12R6NTM6MWN94XTNZNN,collateral,zstSTX,98231888
9049309,zest-v2,SP2AJQM0DM5H86T3YE3CWQN0FBVPGFMW0D92JX8R8,SP2AJQM0DM5H86T3YE3CWQN0FBVPGFMW0D92JX8R8,collateral,zstSTX,98231551
9049309,zest-v2,SPK1GZTZTG4XWH5XBTKB74FAPB8BERJC1CYQ231Y,SPK1GZTZTG4XWH5XBTKB74FAPB8BERJC1CYQ231Y,collateral,zstSTX,96625483
9049309,zest-v2,SP1C4CE1NDPGA5H5T3D82A8869CXZGK8QRMYP594M,SP1C4CE1NDPGA5H5T3D82A8869CXZGK8QRMYP594M,collateral,zstSTX,96624926
9049309,zest-v2,SPXT9Z2Q2361P078A66HQ3P2A5K5300PEN1D9S88,SPXT9Z2Q2361P078A66HQ3P2A5K5300PEN1D9S88,collateral,zstSTX,96749741
9049309,zest-v2,SPNPJ6Y5GCJDR6D6B4C94KE8C7Z4DRT8HHT81Y0N,SPNPJ6Y5GCJDR6D6B4C94KE8C7Z4DRT8HHT81Y0N,collateral,zstSTX,97174587
9049309,zest-v2,SPXV01FYJVVKANAKXWCS8BX0FMA2JKAWEN9VA618,SPXV01FYJVVKANAKXWCS8BX0FMA2JKAWEN9VA618,collateral,zstSTX,97609006
9049309,zest-v2,SP1YWTKVBZK4AG9DNK6WCNQSQ8H218TVWTGM5YZFX,SP1YWTKVBZK4AG9DNK6WCNQSQ8H218TVWTGM5YZFX,collateral,zstSTX,101477208
9049309,zest-v2,SP3T6BZK3VAQZB7HD7VFX7B59EK1HJTXDCAKT0VP2,SP3T6BZK3VAQZB7HD7VFX7B59EK1HJTXDCAKT0VP2,collateral,zstSTX,99892136
9049309,zest-v2,SP3CE9VCDGMPHYEMDHTR672YT4W7VXJZHRP36SNSR,SP3CE9VCDGMPHYEMDHTR672YT4W7VXJZHRP36SNSR,collateral,zstSTX,102669868
9049309,zest-v2,SP26ZKPJQ8HAM8695NWE6Z9ZAG48YBM1QRM1X61QZ,SP26ZKPJQ8HAM8695NWE6Z9ZAG48YBM1QRM1X61QZ,collateral,zstSTX,98825541
9049309,zest-v2,SP1802P2J4RC02WW7YZZ5S7ZYXFWTJY3R9T32F63Z,SP1802P2J4RC02WW7YZZ5S7ZYXFWTJY3R9T32F63Z,collateral,zstSTX,96156469
9049309,zest-v2,SP10YP2D1ZQATN4BARD3RZAVKKD1FCM3BN6B9N6SC,SP10YP2D1ZQATN4BARD3RZAVKKD1FCM3BN6B9N6SC,collateral,zstSTX,167415937
9049309,zest-v2,SP14PTS6KK1Y6XABT8HTM22GXPJ1S5YVCRX27CQF5,SP14PTS6KK1Y6XABT8HTM22GXPJ1S5YVCRX27CQF5,collateral,zstSTX,167415937
9049309,zest-v2,SP3BVJWMM0XS72WY1G3SH72JCR34CNRG4FVW6KXP5,SP3BVJWMM0XS72WY1G3SH72JCR34CNRG4FVW6KXP5,collateral,zstSTX,684432169
9049309,zest-v2,SP3BVJWMM0XS72WY1G3SH72JCR34CNRG4FVW6KXP5,SP3BVJWMM0XS72WY1G3SH72JCR34CNRG4FVW6KXP5,debt,USDH,2016570118
9049309,zest-v2,SP3BVJWMM0XS72WY1G3SH72JCR34CNRG4FVW6KXP5,SP3BVJWMM0XS72WY1G3SH72JCR34CNRG4FVW6KXP5,debt_stored,USDH,1996291427
9049309,zest-v2,SP2K8KMB5KFZHHPEGDH0X7Y8KVQSG3CYHJVSX3FHQ,SP2K8KMB5KFZHHPEGDH0X7Y8KVQSG3CYHJVSX3FHQ,collateral,zstSTX,144646315491
9049309,zest-v2,SP2K8KMB5KFZHHPEGDH0X7Y8KVQSG3CYHJVSX3FHQ,SP2K8KMB5KFZHHPEGDH0X7Y8KVQSG3CYHJVSX3FHQ,debt,USDC,17032100708
9049309,zest-v2,SP2K8KMB5KFZHHPEGDH0X7Y8KVQSG3CYHJVSX3FHQ,SP2K8KMB5KFZHHPEGDH0X7Y8KVQSG3CYHJVSX3FHQ,debt_stored,USDC,16847861504
9049309,zest-v2,SP301E0FY52B19281VCHP41SAKKZFR761BMKQH4QE,SP301E0FY52B19281VCHP41SAKKZFR761BMKQH4QE,collateral,zsBTC,1
9049309,zest-v2,SP301E0FY52B19281VCHP41SAKKZFR761BMKQH4QE,SP301E0FY52B19281VCHP41SAKKZFR761BMKQH4QE,debt,USDH,2
9049309,zest-v2,SP301E0FY52B19281VCHP41SAKKZFR761BMKQH4QE,SP301E0FY52B19281VCHP41SAKKZFR761BMKQH4QE,debt_stored,USDH,1
9049309,zest-v2,SP1KMAA7TPZ5AZZ4W67X74MJNFKMN576604CWNBQS,SP1KMAA7TPZ5AZZ4W67X74MJNFKMN576604CWNBQS,collateral,zstSTX,9752149418
9049309,zest-v2,SP1KMAA7TPZ5AZZ4W67X74MJNFKMN576604CWNBQS,SP1KMAA7TPZ5AZZ4W67X74MJNFKMN576604CWNBQS,debt,USDC,1100369436
9049309,zest-v2,SP1KMAA7TPZ5AZZ4W67X74MJNFKMN576604CWNBQS,SP1KMAA7TPZ5AZZ4W67X74MJNFKMN576604CWNBQS,debt_stored,USDC,1088466547
9049309,zest-v2,SP1M6YMXN2765KHVDK5AGT1WG1AY9G7SA4BPGWFNB,SP1M6YMXN2765KHVDK5AGT1WG1AY9G7SA4BPGWFNB,collateral,zstSTX,3998315553
9049309,zest-v2,SP3YF2ZN7S95DNWTYC4E98PDR7HD4EYPJ838HMMYJ,SP3YF2ZN7S95DNWTYC4E98PDR7HD4EYPJ838HMMYJ,collateral,zstSTX,1212602627
9049309,zest-v2,SP1RKSWR61ZAGV35DJKKQ87MF3GD9X0ZG9T88VXWM,SP1RKSWR61ZAGV35DJKKQ87MF3GD9X0ZG9T88VXWM,collateral,zstSTXbtc,714790818272
9049309,zest-v2,SP1RKSWR61ZAGV35DJKKQ87MF3GD9X0ZG9T88VXWM,SP1RKSWR61ZAGV35DJKKQ87MF3GD9X0ZG9T88VXWM,debt,STX,577102371833
9049309,zest-v2,SP1RKSWR61ZAGV35DJKKQ87MF3GD9X0ZG9T88VXWM,SP1RKSWR61ZAGV35DJKKQ87MF3GD9X0ZG9T88VXWM,debt,stSTX,342
9049309,zest-v2,SP1RKSWR61ZAGV35DJKKQ87MF3GD9X0ZG9T88VXWM,SP1RKSWR61ZAGV35DJKKQ87MF3GD9X0ZG9T88VXWM,debt_stored,STX,564573100698
9049309,zest-v2,SP1RKSWR61ZAGV35DJKKQ87MF3GD9X0ZG9T88VXWM,SP1RKSWR61ZAGV35DJKKQ87MF3GD9X0ZG9T88VXWM,debt_stored,stSTX,339
9049309,zest-v2,SP2B3AR9ZG3RNSVTRJ1YZ5X631YXHZVJSKZPXWQ5N,SP2B3AR9ZG3RNSVTRJ1YZ5X631YXHZVJSKZPXWQ5N,collateral,zsBTC,170882722
9049309,zest-v2,SP2HYGEWE71F93NSAPS7QK0HR8D4EAB6CYCWVBTV0,SP2HYGEWE71F93NSAPS7QK0HR8D4EAB6CYCWVBTV0,collateral,zstSTXbtc,200000000
9049309,zest-v2,SP10GK6MG2GM7BCVYV7XBHK1JVJDHFDMNBENNBRC3,SP10GK6MG2GM7BCVYV7XBHK1JVJDHFDMNBENNBRC3,collateral,zsBTC,370146481
9049309,zest-v2,SP10GK6MG2GM7BCVYV7XBHK1JVJDHFDMNBENNBRC3,SP10GK6MG2GM7BCVYV7XBHK1JVJDHFDMNBENNBRC3,debt,USDC,191162102951
9049309,zest-v2,SP10GK6MG2GM7BCVYV7XBHK1JVJDHFDMNBENNBRC3,SP10GK6MG2GM7BCVYV7XBHK1JVJDHFDMNBENNBRC3,debt_stored,USDC,189094269151
9049309,zest-v2,SP24V5991H6XX2WPMH53MBBBEZ8XZRPG87F0TNY6X,SP24V5991H6XX2WPMH53MBBBEZ8XZRPG87F0TNY6X,collateral,zstSTX,51009542748
9049309,zest-v2,SP2DQHGKS3VFDY50HMGPYEWRSA3PA2H3QDPEGBNAK,SP2DQHGKS3VFDY50HMGPYEWRSA3PA2H3QDPEGBNAK,collateral,zSTX,99244
9049309,zest-v2,SP158378PVRA077MC9851WTVSF7G3MES99HPJ26DW,SP158378PVRA077MC9851WTVSF7G3MES99HPJ26DW,collateral,zsBTC,7002165
9049309,zest-v2,SP2G6TM8JCRNK6WSPQE8S86FP2W3A4FEVGZCCCQT8,SP2G6TM8JCRNK6WSPQE8S86FP2W3A4FEVGZCCCQT8,collateral,zsBTC,14992
9049309,zest-v2,SP953X8DCHVPNXG2TH2PMGAFZAX8MNE63N0X2P8S,SP953X8DCHVPNXG2TH2PMGAFZAX8MNE63N0X2P8S,collateral,zsBTC,1039510
9049309,zest-v2,SP33YM4CD73DBVXDM1Q0GKGS0DGF8SC9P9SXF4Y7E,SP33YM4CD73DBVXDM1Q0GKGS0DGF8SC9P9SXF4Y7E,collateral,zstSTX,2164017403
9049309,zest-v2,SP33YM4CD73DBVXDM1Q0GKGS0DGF8SC9P9SXF4Y7E,SP33YM4CD73DBVXDM1Q0GKGS0DGF8SC9P9SXF4Y7E,debt,STX,1008246346
9049309,zest-v2,SP33YM4CD73DBVXDM1Q0GKGS0DGF8SC9P9SXF4Y7E,SP33YM4CD73DBVXDM1Q0GKGS0DGF8SC9P9SXF4Y7E,debt_stored,STX,986356656
9049309,zest-v2,SPZ6RE4H52X8MY6PF88YREAC27YWH8WA57K4YVX4,SPZ6RE4H52X8MY6PF88YREAC27YWH8WA57K4YVX4,collateral,zstSTX,11166885778
9049309,zest-v2,SPZ6RE4H52X8MY6PF88YREAC27YWH8WA57K4YVX4,SPZ6RE4H52X8MY6PF88YREAC27YWH8WA57K4YVX4,debt,STX,4753017121
9049309,zest-v2,SPZ6RE4H52X8MY6PF88YREAC27YWH8WA57K4YVX4,SPZ6RE4H52X8MY6PF88YREAC27YWH8WA57K4YVX4,debt_stored,STX,4649826000
9049309,zest-v2,SP19J34B0X3XQM4KV41X3BF3NX50PE41JPSMNXT6M,SP19J34B0X3XQM4KV41X3BF3NX50PE41JPSMNXT6M,collateral,zstSTX,4269753664
9049309,zest-v2,SPJJE3PPC7070BTDB8H8YB537HQCKRQ5QF3TRPW1,SPJJE3PPC7070BTDB8H8YB537HQCKRQ5QF3TRPW1,collateral,zstSTX,973570081
9049309,zest-v2,SP3GRGGT6PFEGFR805JWHV1H4TWM7WZ1SRPF2NM1B,SP3GRGGT6PFEGFR805JWHV1H4TWM7WZ1SRPF2NM1B,collateral,zSTX,9
9049309,zest-v2,SP1ZJANFG3H554MB4T32ZQKE9ZSN8SMX68G03NH4M,SP1ZJANFG3H554MB4T32ZQKE9ZSN8SMX68G03NH4M,collateral,zSTX,10963155
9049309,zest-v2,SP2RNHHQDTHGHPEVX83291K4AQZVGWEJ7WCQQDA9R,SP2RNHHQDTHGHPEVX83291K4AQZVGWEJ7WCQQDA9R,collateral,zstSTX,50043569864
9049309,zest-v2,SP2RNHHQDTHGHPEVX83291K4AQZVGWEJ7WCQQDA9R,SP2RNHHQDTHGHPEVX83291K4AQZVGWEJ7WCQQDA9R,debt,USDC,2728086386
9049309,zest-v2,SP2RNHHQDTHGHPEVX83291K4AQZVGWEJ7WCQQDA9R,SP2RNHHQDTHGHPEVX83291K4AQZVGWEJ7WCQQDA9R,debt_stored,USDC,2698576199
9049309,zest-v2,SP2BM6AQSMQ04CX8KDE62QBFVZTDZ2ZX80GZJSBZ4,SP2BM6AQSMQ04CX8KDE62QBFVZTDZ2ZX80GZJSBZ4,collateral,zSTX,98150
9049309,zest-v2,SP2BM6AQSMQ04CX8KDE62QBFVZTDZ2ZX80GZJSBZ4,SP2BM6AQSMQ04CX8KDE62QBFVZTDZ2ZX80GZJSBZ4,debt,stSTX,15953
9049309,zest-v2,SP2BM6AQSMQ04CX8KDE62QBFVZTDZ2ZX80GZJSBZ4,SP2BM6AQSMQ04CX8KDE62QBFVZTDZ2ZX80GZJSBZ4,debt_stored,stSTX,15824
9049309,zest-v2,SP9W4AF6B578VJMPSVJ6A59NSKK3N8E8SF3T7S5T,SP9W4AF6B578VJMPSVJ6A59NSKK3N8E8SF3T7S5T,collateral,zSTX,28298837
9049309,zest-v2,SM1VEF2GFX77JP19Q46P3S5NMP82BMET1ER7P6RPP,SM1VEF2GFX77JP19Q46P3S5NMP82BMET1ER7P6RPP,collateral,sBTC,511991780
9049309,zest-v2,SM1VEF2GFX77JP19Q46P3S5NMP82BMET1ER7P6RPP,SM1VEF2GFX77JP19Q46P3S5NMP82BMET1ER7P6RPP,debt,USDC,121142692590
9049309,zest-v2,SM1VEF2GFX77JP19Q46P3S5NMP82BMET1ER7P6RPP,SM1VEF2GFX77JP19Q46P3S5NMP82BMET1ER7P6RPP,debt_stored,USDC,119832270961
9049309,zest-v2,SP24YJDP5R2F4BJNR3EMMFE3QVR1HJ2T6XPGC1N7S,SP24YJDP5R2F4BJNR3EMMFE3QVR1HJ2T6XPGC1N7S,collateral,zstSTX,6715797184
9049309,zest-v2,SP24YJDP5R2F4BJNR3EMMFE3QVR1HJ2T6XPGC1N7S,SP24YJDP5R2F4BJNR3EMMFE3QVR1HJ2T6XPGC1N7S,debt,USDH,25147443801
9049309,zest-v2,SP24YJDP5R2F4BJNR3EMMFE3QVR1HJ2T6XPGC1N7S,SP24YJDP5R2F4BJNR3EMMFE3QVR1HJ2T6XPGC1N7S,debt_stored,USDH,24894560337
9049309,zest-v2,SP10TDS4NPHEGXR58HG1BDZ82WX4J4G9EE6XSE58,SP10TDS4NPHEGXR58HG1BDZ82WX4J4G9EE6XSE58,collateral,zstSTX,1215503795505
9049309,zest-v2,SP10TDS4NPHEGXR58HG1BDZ82WX4J4G9EE6XSE58,SP10TDS4NPHEGXR58HG1BDZ82WX4J4G9EE6XSE58,debt,STX,1149589034306
9049309,zest-v2,SP10TDS4NPHEGXR58HG1BDZ82WX4J4G9EE6XSE58,SP10TDS4NPHEGXR58HG1BDZ82WX4J4G9EE6XSE58,debt_stored,STX,1124630702114
9049309,zest-v2,SP3XR4HHP86NWWHV18VG409S6V45VTMHRH3N39FBK,SP3XR4HHP86NWWHV18VG409S6V45VTMHRH3N39FBK,collateral,zstSTX,435498101629
9049309,zest-v2,SP3XR4HHP86NWWHV18VG409S6V45VTMHRH3N39FBK,SP3XR4HHP86NWWHV18VG409S6V45VTMHRH3N39FBK,debt,STX,411976098876
9049309,zest-v2,SP3XR4HHP86NWWHV18VG409S6V45VTMHRH3N39FBK,SP3XR4HHP86NWWHV18VG409S6V45VTMHRH3N39FBK,debt_stored,STX,403031827467
9049309,zest-v2,SP3BA2YF4KX2SKVPCA0P0YX6NZRP0K6T3Z9131G86,SP3BA2YF4KX2SKVPCA0P0YX6NZRP0K6T3Z9131G86,collateral,zstSTX,319131453
9049309,zest-v2,SP15W9F3KC39ZHXS6Q3HA4J3VMXSVDWF4DSND7GAK,SP15W9F3KC39ZHXS6Q3HA4J3VMXSVDWF4DSND7GAK,collateral,zstSTX,23891426150
9049309,zest-v2,SP2P0BBSEPJ00YC6NYAMKX8XW8VWQ8C6PJH8J86X9,SP2P0BBSEPJ00YC6NYAMKX8XW8VWQ8C6PJH8J86X9,collateral,zstSTX,123606610
9049309,zest-v2,SP2P0BBSEPJ00YC6NYAMKX8XW8VWQ8C6PJH8J86X9,SP2P0BBSEPJ00YC6NYAMKX8XW8VWQ8C6PJH8J86X9,debt,stSTX,34965567
9049309,zest-v2,SP2P0BBSEPJ00YC6NYAMKX8XW8VWQ8C6PJH8J86X9,SP2P0BBSEPJ00YC6NYAMKX8XW8VWQ8C6PJH8J86X9,debt_stored,stSTX,34683499
9049309,zest-v2,SP3HWNS8SWN1GPVBWGSSYC9JREEFKGJZ2R87JGYN,SP3HWNS8SWN1GPVBWGSSYC9JREEFKGJZ2R87JGYN,collateral,zstSTX,156439887233
9049309,zest-v2,SP3HWNS8SWN1GPVBWGSSYC9JREEFKGJZ2R87JGYN,SP3HWNS8SWN1GPVBWGSSYC9JREEFKGJZ2R87JGYN,debt,STX,52594134937
9049309,zest-v2,SP3HWNS8SWN1GPVBWGSSYC9JREEFKGJZ2R87JGYN,SP3HWNS8SWN1GPVBWGSSYC9JREEFKGJZ2R87JGYN,debt_stored,STX,51452281760
9049309,zest-v2,SP2TTW6MJKNW23MG69ZTWWMG1GQ6Q1K4TBNM3GPR5,SP2TTW6MJKNW23MG69ZTWWMG1GQ6Q1K4TBNM3GPR5,collateral,zstSTXbtc,359989982
9049309,zest-v2,SP2TTW6MJKNW23MG69ZTWWMG1GQ6Q1K4TBNM3GPR5,SP2TTW6MJKNW23MG69ZTWWMG1GQ6Q1K4TBNM3GPR5,debt,stSTX,238064015
9049309,zest-v2,SP2TTW6MJKNW23MG69ZTWWMG1GQ6Q1K4TBNM3GPR5,SP2TTW6MJKNW23MG69ZTWWMG1GQ6Q1K4TBNM3GPR5,debt_stored,stSTX,236143549
9049309,zest-v2,SP1AX2ND6NE41YNN9C0SDJV2N11X7684RBKQWB9XD,SP1AX2ND6NE41YNN9C0SDJV2N11X7684RBKQWB9XD,collateral,zsBTC,25896975
9049309,zest-v2,SP1AX2ND6NE41YNN9C0SDJV2N11X7684RBKQWB9XD,SP1AX2ND6NE41YNN9C0SDJV2N11X7684RBKQWB9XD,debt,USDC,5007218344
9049309,zest-v2,SP1AX2ND6NE41YNN9C0SDJV2N11X7684RBKQWB9XD,SP1AX2ND6NE41YNN9C0SDJV2N11X7684RBKQWB9XD,debt_stored,USDC,4953054390
9049309,zest-v2,SP1KSPJC9SDTZRKD5P7D9FTF691TSHPYB69KRWKDK,SP1KSPJC9SDTZRKD5P7D9FTF691TSHPYB69KRWKDK,collateral,zUSDC,99938012
9049309,zest-v2,SP1KSPJC9SDTZRKD5P7D9FTF691TSHPYB69KRWKDK,SP1KSPJC9SDTZRKD5P7D9FTF691TSHPYB69KRWKDK,debt,STX,30296254
9049309,zest-v2,SP1KSPJC9SDTZRKD5P7D9FTF691TSHPYB69KRWKDK,SP1KSPJC9SDTZRKD5P7D9FTF691TSHPYB69KRWKDK,debt_stored,STX,29638502
9049309,zest-v2,SP3WTAZBW14RPGHYRFP8TPTQ2V9MTM5GCT4D8KQ9A,SP3WTAZBW14RPGHYRFP8TPTQ2V9MTM5GCT4D8KQ9A,collateral,sBTC,70000000
9049309,zest-v2,SP3WTAZBW14RPGHYRFP8TPTQ2V9MTM5GCT4D8KQ9A,SP3WTAZBW14RPGHYRFP8TPTQ2V9MTM5GCT4D8KQ9A,debt,USDC,19127348357
9049309,zest-v2,SP3WTAZBW14RPGHYRFP8TPTQ2V9MTM5GCT4D8KQ9A,SP3WTAZBW14RPGHYRFP8TPTQ2V9MTM5GCT4D8KQ9A,debt_stored,USDC,18920444494
9049309,zest-v2,SP2M85GQGSHFKJ3H5PQ3Y5V1QQ7FEF8MWYSP51V03,SP2M85GQGSHFKJ3H5PQ3Y5V1QQ7FEF8MWYSP51V03,collateral,zstSTX,215323596
9049309,zest-v2,SPQQN60R9CHARQAXRNGDBAXPS7X19JDPEY96B1NE,SPQQN60R9CHARQAXRNGDBAXPS7X19JDPEY96B1NE,collateral,zsBTC,44096
9049309,zest-v2,SP2FY8MV3EZVRTG2Q9J1KMMRVKC86DQ00BGGCQJXQ,SP2FY8MV3EZVRTG2Q9J1KMMRVKC86DQ00BGGCQJXQ,collateral,zSTX,1475835390
9049309,zest-v2,SP2FY8MV3EZVRTG2Q9J1KMMRVKC86DQ00BGGCQJXQ,SP2FY8MV3EZVRTG2Q9J1KMMRVKC86DQ00BGGCQJXQ,debt,stSTX,226872013
9049309,zest-v2,SP2FY8MV3EZVRTG2Q9J1KMMRVKC86DQ00BGGCQJXQ,SP2FY8MV3EZVRTG2Q9J1KMMRVKC86DQ00BGGCQJXQ,debt_stored,stSTX,225041833
9049309,zest-v2,SP3PA9N3B8QWGT59NDW1NBBFWSBC6E75TMPNVTR5K,SP3PA9N3B8QWGT59NDW1NBBFWSBC6E75TMPNVTR5K,collateral,zsBTC,5709
9049309,zest-v2,SP3NA7GVKR2MXXSY4A9QJ65QY6D75BTG72A5T9EBA,SP3NA7GVKR2MXXSY4A9QJ65QY6D75BTG72A5T9EBA,collateral,zstSTX,61328902
9049309,zest-v2,SP3NA7GVKR2MXXSY4A9QJ65QY6D75BTG72A5T9EBA,SP3NA7GVKR2MXXSY4A9QJ65QY6D75BTG72A5T9EBA,debt,STX,37360467
9049309,zest-v2,SP3NA7GVKR2MXXSY4A9QJ65QY6D75BTG72A5T9EBA,SP3NA7GVKR2MXXSY4A9QJ65QY6D75BTG72A5T9EBA,debt_stored,STX,36549346
9049309,zest-v2,SP110PMDQDEN5EKCDQ8D7GH90C1EM4DK08F7QXTP3,SP110PMDQDEN5EKCDQ8D7GH90C1EM4DK08F7QXTP3,collateral,zstSTX,33233092415
9049309,zest-v2,SP110PMDQDEN5EKCDQ8D7GH90C1EM4DK08F7QXTP3,SP110PMDQDEN5EKCDQ8D7GH90C1EM4DK08F7QXTP3,debt,stSTX,7305693201
9049309,zest-v2,SP110PMDQDEN5EKCDQ8D7GH90C1EM4DK08F7QXTP3,SP110PMDQDEN5EKCDQ8D7GH90C1EM4DK08F7QXTP3,debt_stored,stSTX,7246758071
9049309,zest-v2,SP1R0R6DC3K9E1N7FW8K0C78KE2QBGXRRK80KTBFN,SP1R0R6DC3K9E1N7FW8K0C78KE2QBGXRRK80KTBFN,collateral,zstSTX,21392144582
9049309,zest-v2,SP1B6P8BZ1DQ43ZD92Y1VZFCMWQZ3JX4WH4F0QNTQ,SP1B6P8BZ1DQ43ZD92Y1VZFCMWQZ3JX4WH4F0QNTQ,collateral,zstSTXbtc,223996069405
9049309,zest-v2,SP1B6P8BZ1DQ43ZD92Y1VZFCMWQZ3JX4WH4F0QNTQ,SP1B6P8BZ1DQ43ZD92Y1VZFCMWQZ3JX4WH4F0QNTQ,debt,STX,180619845671
9049309,zest-v2,SP1B6P8BZ1DQ43ZD92Y1VZFCMWQZ3JX4WH4F0QNTQ,SP1B6P8BZ1DQ43ZD92Y1VZFCMWQZ3JX4WH4F0QNTQ,debt_stored,STX,176698470315
9049309,zest-v2,SPGDS0Y17973EN5TCHNHGJJ9B31XWQ5YX8A36C9B,SPGDS0Y17973EN5TCHNHGJJ9B31XWQ5YX8A36C9B,collateral,zSTX,1984407
9049309,zest-v2,SPGDS0Y17973EN5TCHNHGJJ9B31XWQ5YX8A36C9B,SPGDS0Y17973EN5TCHNHGJJ9B31XWQ5YX8A36C9B,debt,stSTX,2
9049309,zest-v2,SPGDS0Y17973EN5TCHNHGJJ9B31XWQ5YX8A36C9B,SPGDS0Y17973EN5TCHNHGJJ9B31XWQ5YX8A36C9B,debt_stored,stSTX,1
9049309,zest-v2,SPVKX91QSHE73VVA89V99M9M81Z04426V4B8KRPN,SPVKX91QSHE73VVA89V99M9M81Z04426V4B8KRPN,collateral,zstSTX,4008365
9049309,zest-v2,SPX57R396NHN6F3WNAHNP2CME3TSHVRWA0XYD556,SPX57R396NHN6F3WNAHNP2CME3TSHVRWA0XYD556,collateral,zstSTX,98971939724
9049309,zest-v2,SPX57R396NHN6F3WNAHNP2CME3TSHVRWA0XYD556,SPX57R396NHN6F3WNAHNP2CME3TSHVRWA0XYD556,debt,USDC,4651119706
9049309,zest-v2,SPX57R396NHN6F3WNAHNP2CME3TSHVRWA0XYD556,SPX57R396NHN6F3WNAHNP2CME3TSHVRWA0XYD556,debt_stored,USDC,4600807733
9049309,zest-v2,SPMFQ2D13MVAGD73SYPXN1TDK7NBGDZDAQDZG1D6,SPMFQ2D13MVAGD73SYPXN1TDK7NBGDZDAQDZG1D6,collateral,zstSTXbtc,117500004897
9049309,zest-v2,SPMFQ2D13MVAGD73SYPXN1TDK7NBGDZDAQDZG1D6,SPMFQ2D13MVAGD73SYPXN1TDK7NBGDZDAQDZG1D6,debt,USDC,4647924905
9049309,zest-v2,SPMFQ2D13MVAGD73SYPXN1TDK7NBGDZDAQDZG1D6,SPMFQ2D13MVAGD73SYPXN1TDK7NBGDZDAQDZG1D6,debt_stored,USDC,4597647490
9049309,zest-v2,SPVPAQ35P35JZYQA11A0E5DPY62E7P3HX0GA2RPH,SPVPAQ35P35JZYQA11A0E5DPY62E7P3HX0GA2RPH,collateral,zstSTX,1399041051
9049309,zest-v2,SPVPAQ35P35JZYQA11A0E5DPY62E7P3HX0GA2RPH,SPVPAQ35P35JZYQA11A0E5DPY62E7P3HX0GA2RPH,debt,USDC,130092480
9049309,zest-v2,SPVPAQ35P35JZYQA11A0E5DPY62E7P3HX0GA2RPH,SPVPAQ35P35JZYQA11A0E5DPY62E7P3HX0GA2RPH,debt_stored,USDC,128685246
9049309,zest-v2,SP1G5F70FF2FT66PAQVDKQDHK14EKQS4SP6FRXGGK,SP1G5F70FF2FT66PAQVDKQDHK14EKQS4SP6FRXGGK,collateral,zstSTX,50514467446
9049309,zest-v2,SP1G5F70FF2FT66PAQVDKQDHK14EKQS4SP6FRXGGK,SP1G5F70FF2FT66PAQVDKQDHK14EKQS4SP6FRXGGK,debt,stSTX,6038393564
9049309,zest-v2,SP1G5F70FF2FT66PAQVDKQDHK14EKQS4SP6FRXGGK,SP1G5F70FF2FT66PAQVDKQDHK14EKQS4SP6FRXGGK,debt_stored,stSTX,5989681758
9049309,zest-v2,SP1J1AXM48HH1DJMCCEBBBEX5WQ92JHQXEP0WH4S8,SP1J1AXM48HH1DJMCCEBBBEX5WQ92JHQXEP0WH4S8,collateral,zsBTC,99952221
9049309,zest-v2,SP2SGTG124NX7XPXFSTD47T77N0K5KX7DGFT2SRV8,SP2SGTG124NX7XPXFSTD47T77N0K5KX7DGFT2SRV8,collateral,zstSTX,2299140999
9049309,zest-v2,SP2SGTG124NX7XPXFSTD47T77N0K5KX7DGFT2SRV8,SP2SGTG124NX7XPXFSTD47T77N0K5KX7DGFT2SRV8,debt,sBTC,10047
9049309,zest-v2,SP2SGTG124NX7XPXFSTD47T77N0K5KX7DGFT2SRV8,SP2SGTG124NX7XPXFSTD47T77N0K5KX7DGFT2SRV8,debt,stSTX,351484917
9049309,zest-v2,SP2SGTG124NX7XPXFSTD47T77N0K5KX7DGFT2SRV8,SP2SGTG124NX7XPXFSTD47T77N0K5KX7DGFT2SRV8,debt_stored,sBTC,9895
9049309,zest-v2,SP2SGTG124NX7XPXFSTD47T77N0K5KX7DGFT2SRV8,SP2SGTG124NX7XPXFSTD47T77N0K5KX7DGFT2SRV8,debt_stored,stSTX,348649483
9049309,zest-v2,SP366GBY1YA9GFGY34FRSG6BXBCNRDPECZBVJ0YJ6,SP366GBY1YA9GFGY34FRSG6BXBCNRDPECZBVJ0YJ6,collateral,zSTX,104174568
9049309,zest-v2,SP31ZXFAT2XCVC1R071A1NMRH1Q3BT816DH0QWSZQ,SP31ZXFAT2XCVC1R071A1NMRH1Q3BT816DH0QWSZQ,collateral,zstSTX,1655384860
9049309,zest-v2,SP10PVE4AK4G7KB0RRDN6MTS181SJWR6VW3JADSVQ,SP10PVE4AK4G7KB0RRDN6MTS181SJWR6VW3JADSVQ,collateral,zsBTC,499146
9049309,zest-v2,SPBZSGWM4F8Q9F7GHXD6HN150S2SNW6F9K42MKA0,SPBZSGWM4F8Q9F7GHXD6HN150S2SNW6F9K42MKA0,collateral,zsBTC,21569
9049309,zest-v2,SP36MCQHXPP0DZ2KPC1KEY6ERC8GKB6QVCAK0PQYG,SP36MCQHXPP0DZ2KPC1KEY6ERC8GKB6QVCAK0PQYG,collateral,zstSTX,10740475484
9049309,zest-v2,SP1ZQX86FCXXRVBP2RA8KZZ29VE2F74C8EH1ER1K2,SP1ZQX86FCXXRVBP2RA8KZZ29VE2F74C8EH1ER1K2,collateral,zSTX,833390529
9049309,zest-v2,SP36G21ABF380WDYHC02VGQX05EA8Q06BSM6P08XQ,SP36G21ABF380WDYHC02VGQX05EA8Q06BSM6P08XQ,collateral,zstSTX,144691271
9049309,zest-v2,SP1NWKTZXRBSNEWBGW71ZNDCE7TCZKHY9BMP08W4Y,SP1NWKTZXRBSNEWBGW71ZNDCE7TCZKHY9BMP08W4Y,collateral,zstSTXbtc,1903073202
9049309,zest-v2,SP2FF3M47FVY2PGE71MCEZ5DEAKK80R3AHDTH3PK7,SP2FF3M47FVY2PGE71MCEZ5DEAKK80R3AHDTH3PK7,collateral,zstSTX,120001861
9049309,zest-v2,SP2FF3M47FVY2PGE71MCEZ5DEAKK80R3AHDTH3PK7,SP2FF3M47FVY2PGE71MCEZ5DEAKK80R3AHDTH3PK7,debt,stSTX,14683
9049309,zest-v2,SP2FF3M47FVY2PGE71MCEZ5DEAKK80R3AHDTH3PK7,SP2FF3M47FVY2PGE71MCEZ5DEAKK80R3AHDTH3PK7,debt_stored,stSTX,14564
9049309,zest-v2,SP15BNXAW2SVFD3HNQ5AT7JN99PTDWWMFJRNWGVDJ,SP15BNXAW2SVFD3HNQ5AT7JN99PTDWWMFJRNWGVDJ,collateral,zsBTC,118772
9049309,zest-v2,SP2QC7W1WR6P7M6SXP4QEEEAEDKVS9PA5VPT60XDX,SP2QC7W1WR6P7M6SXP4QEEEAEDKVS9PA5VPT60XDX,collateral,zstSTX,80102434
9049309,zest-v2,SP2QC7W1WR6P7M6SXP4QEEEAEDKVS9PA5VPT60XDX,SP2QC7W1WR6P7M6SXP4QEEEAEDKVS9PA5VPT60XDX,debt,stSTX,10046
9049309,zest-v2,SP2QC7W1WR6P7M6SXP4QEEEAEDKVS9PA5VPT60XDX,SP2QC7W1WR6P7M6SXP4QEEEAEDKVS9PA5VPT60XDX,debt_stored,stSTX,9964
9049309,zest-v2,SP1BRR4NAJWDKQ1WTDTM7X21YVTRWAW3P4QYWRCYR,SP1BRR4NAJWDKQ1WTDTM7X21YVTRWAW3P4QYWRCYR,collateral,zstSTX,81010129
9049309,zest-v2,SP1BRR4NAJWDKQ1WTDTM7X21YVTRWAW3P4QYWRCYR,SP1BRR4NAJWDKQ1WTDTM7X21YVTRWAW3P4QYWRCYR,debt,stSTX,1184
9049309,zest-v2,SP1BRR4NAJWDKQ1WTDTM7X21YVTRWAW3P4QYWRCYR,SP1BRR4NAJWDKQ1WTDTM7X21YVTRWAW3P4QYWRCYR,debt_stored,stSTX,1174
9049309,zest-v2,SPF1QH9WN8VYP4WQ7WV3Z7HG6E409NYQM2HGYVBF,SPF1QH9WN8VYP4WQ7WV3Z7HG6E409NYQM2HGYVBF,collateral,zstSTX,185003173
9049309,zest-v2,SPF1QH9WN8VYP4WQ7WV3Z7HG6E409NYQM2HGYVBF,SPF1QH9WN8VYP4WQ7WV3Z7HG6E409NYQM2HGYVBF,debt,stSTX,74360609
9049309,zest-v2,SPF1QH9WN8VYP4WQ7WV3Z7HG6E409NYQM2HGYVBF,SPF1QH9WN8VYP4WQ7WV3Z7HG6E409NYQM2HGYVBF,debt_stored,stSTX,73760740
9049309,zest-v2,SP30SBBRKT8FCTSX8K449SZ3ZYDK2T96Y7AEQH4T0,SP30SBBRKT8FCTSX8K449SZ3ZYDK2T96Y7AEQH4T0,collateral,zsBTC,264039
9049309,zest-v2,SPMHFCY2DW238NR6T909XSV2P0SQM6M8PRWKA06K,SPMHFCY2DW238NR6T909XSV2P0SQM6M8PRWKA06K,collateral,zSTX,6166513
9049309,zest-v2,SPT1ZQNA2SKFT9A2HKT1AM902F7FHDH9M2XVRW5Y,SPT1ZQNA2SKFT9A2HKT1AM902F7FHDH9M2XVRW5Y,collateral,zSTX,117797
9049309,zest-v2,SP2M9P7ZXWQQ77QPQC6KMKKVD8BHFHGCY7A5BCN4,SP2M9P7ZXWQQ77QPQC6KMKKVD8BHFHGCY7A5BCN4,collateral,zstSTX,2557982935
9049309,zest-v2,SP35PE5RZDTG398F34S9GVRYRTCZMANMGKST1KDQ1,SP35PE5RZDTG398F34S9GVRYRTCZMANMGKST1KDQ1,collateral,zstSTXbtc,24000000
9049309,zest-v2,SPWHH8PB7NBTS6ZZWM8T7197675TVWDPZYJSH4BX,SPWHH8PB7NBTS6ZZWM8T7197675TVWDPZYJSH4BX,collateral,zstSTX,90002176
9049309,zest-v2,SPWHH8PB7NBTS6ZZWM8T7197675TVWDPZYJSH4BX,SPWHH8PB7NBTS6ZZWM8T7197675TVWDPZYJSH4BX,debt,stSTX,36174851
9049309,zest-v2,SPWHH8PB7NBTS6ZZWM8T7197675TVWDPZYJSH4BX,SPWHH8PB7NBTS6ZZWM8T7197675TVWDPZYJSH4BX,debt_stored,stSTX,35883027
9049309,zest-v2,SP2QGMXH21KFDX99PWNB7Z7WNQ92TWFAECEEK10GE,SP2QGMXH21KFDX99PWNB7Z7WNQ92TWFAECEEK10GE,collateral,zsBTC,5242335706
9049309,zest-v2,SP3RVVNA7MKG8Z4B0C7WKZCQVSKRMQPDQGWACE9SF,SP3RVVNA7MKG8Z4B0C7WKZCQVSKRMQPDQGWACE9SF,collateral,zSTX,99207
9049309,zest-v2,SP3QETB50KMH02PR7510Z39CN17XXHYE5J3DYQF15,SP3QETB50KMH02PR7510Z39CN17XXHYE5J3DYQF15,collateral,zsBTC,19515
9049309,zest-v2,SP3QETB50KMH02PR7510Z39CN17XXHYE5J3DYQF15,SP3QETB50KMH02PR7510Z39CN17XXHYE5J3DYQF15,debt,USDH,373250868
9049309,zest-v2,SP3QETB50KMH02PR7510Z39CN17XXHYE5J3DYQF15,SP3QETB50KMH02PR7510Z39CN17XXHYE5J3DYQF15,debt_stored,USDH,369497445
9049309,zest-v2,SPA43NY1K83W4B64VTBDMDN4MD0YZV2YX54KDZG3,SPA43NY1K83W4B64VTBDMDN4MD0YZV2YX54KDZG3,collateral,zstSTXbtc,4386825651
9049309,zest-v2,SP20P8HD3ES6W5HM8TQHNQ3JQRTWA2JSE78JS9GCD,SP20P8HD3ES6W5HM8TQHNQ3JQRTWA2JSE78JS9GCD,collateral,zSTX,1984093
9049309,zest-v2,SP2FAFHWZAB8MRKDRDACVQSZVQ4BVF7K6DBCDBR2P,SP2FAFHWZAB8MRKDRDACVQSZVQ4BVF7K6DBCDBR2P,collateral,zUSDC,45117974
9049309,zest-v2,SP2FAFHWZAB8MRKDRDACVQSZVQ4BVF7K6DBCDBR2P,SP2FAFHWZAB8MRKDRDACVQSZVQ4BVF7K6DBCDBR2P,debt,USDH,2260615170
9049309,zest-v2,SP2FAFHWZAB8MRKDRDACVQSZVQ4BVF7K6DBCDBR2P,SP2FAFHWZAB8MRKDRDACVQSZVQ4BVF7K6DBCDBR2P,debt_stored,USDH,2237882354
9049309,zest-v2,SP3BNG7HCJ0Y9T5CDHCXGNWPEKTS51R6Y0S2EKDHT,SP3BNG7HCJ0Y9T5CDHCXGNWPEKTS51R6Y0S2EKDHT,collateral,zstSTXbtc,75000000
9049309,zest-v2,SP2H6B8PXJ9TJKD19YKTV0QNDHDGCXFANVHPAB143,SP2H6B8PXJ9TJKD19YKTV0QNDHDGCXFANVHPAB143,collateral,zstSTX,499811531
9049309,zest-v2,SP2EX6YKM52T7GMCTJ8E2CTGMPVB4YBTJE5R0QZY5,SP2EX6YKM52T7GMCTJ8E2CTGMPVB4YBTJE5R0QZY5,collateral,zsBTC,166068
9049309,zest-v2,SP25SJZ2KDZMZY4MJNE9QNP41XRKKFWXYHN82SZSN,SP25SJZ2KDZMZY4MJNE9QNP41XRKKFWXYHN82SZSN,collateral,zsBTC,40451722
9049309,zest-v2,SP25SJZ2KDZMZY4MJNE9QNP41XRKKFWXYHN82SZSN,SP25SJZ2KDZMZY4MJNE9QNP41XRKKFWXYHN82SZSN,debt,USDC,15009550769
9049309,zest-v2,SP25SJZ2KDZMZY4MJNE9QNP41XRKKFWXYHN82SZSN,SP25SJZ2KDZMZY4MJNE9QNP41XRKKFWXYHN82SZSN,debt_stored,USDC,14847189841
9049309,zest-v2,SP3YJ89Z3BXXE2PA8VZKBVQ5J72186T88F12Z1FV7,SP3YJ89Z3BXXE2PA8VZKBVQ5J72186T88F12Z1FV7,collateral,zstSTX,122981408
9049309,zest-v2,SP2BMH1SK80DRA9XZZEPKW057RVHGA0C2B9VZXHBC,SP2BMH1SK80DRA9XZZEPKW057RVHGA0C2B9VZXHBC,collateral,zstSTX,6557922
9049309,zest-v2,SP0AW56JCG6XNAQ8XTRA406QW2MKGK3Q79FNDGF3,SP0AW56JCG6XNAQ8XTRA406QW2MKGK3Q79FNDGF3,collateral,zstSTX,27799159
9049309,zest-v2,SP87MT4CA256R9HD2DZ6ZWF9CMGB9Y7SMK1X7JE4,SP87MT4CA256R9HD2DZ6ZWF9CMGB9Y7SMK1X7JE4,collateral,zstSTX,39984858
9049309,zest-v2,SP2R5ZCYR19YAV40KSEN7JV3F9M7DK2E30WPQ86SJ,SP2R5ZCYR19YAV40KSEN7JV3F9M7DK2E30WPQ86SJ,collateral,zstSTX,229912932
9049309,zest-v2,SP147QHWD1DV845MW4M65000ERC6E8WYSWCVQQ3WE,SP147QHWD1DV845MW4M65000ERC6E8WYSWCVQQ3WE,collateral,zstSTX,49981072
9049309,zest-v2,SP13H86SD27DCXZE5QTE4F6VSSREHRHV6B81G5VAR,SP13H86SD27DCXZE5QTE4F6VSSREHRHV6B81G5VAR,collateral,zstSTX,99961777
9049309,zest-v2,SP1XH2SYNS0N7HJY8PZKXJP8BNJFAFZ0ZSHPM7NT3,SP1XH2SYNS0N7HJY8PZKXJP8BNJFAFZ0ZSHPM7NT3,collateral,zstSTX,89965929
9049309,zest-v2,SP36816TSEHT3EVXTS7ZV7RHZ7R7ZZX46BP5BVKWM,SP36816TSEHT3EVXTS7ZV7RHZ7R7ZZX46BP5BVKWM,collateral,zSTX,22998495
9049309,zest-v2,SP36816TSEHT3EVXTS7ZV7RHZ7R7ZZX46BP5BVKWM,SP36816TSEHT3EVXTS7ZV7RHZ7R7ZZX46BP5BVKWM,debt,stSTX,10590307
9049309,zest-v2,SP36816TSEHT3EVXTS7ZV7RHZ7R7ZZX46BP5BVKWM,SP36816TSEHT3EVXTS7ZV7RHZ7R7ZZX46BP5BVKWM,debt_stored,stSTX,10504874
9049309,zest-v2,SP5X7XNF71SFSDG0HVCB36W982PXRYDTG3WJBKTE,SP5X7XNF71SFSDG0HVCB36W982PXRYDTG3WJBKTE,collateral,zstSTX,13094414368
9049309,zest-v2,SP21F3JVMZN4Y64QZTDFYZZ0FMX5EG285AEK26XAF,SP21F3JVMZN4Y64QZTDFYZZ0FMX5EG285AEK26XAF,collateral,zsBTC,98
9049309,zest-v2,SP2ASBP84JMKC937BVRR6AE13X4P4D3BCTQM5GQH6,SP2ASBP84JMKC937BVRR6AE13X4P4D3BCTQM5GQH6,collateral,zstSTX,604489535
9049309,zest-v2,SP2SHSJGH8WSSWQ7EQYMB1NV1NDXWRVQ9AFWQVP31,SP2SHSJGH8WSSWQ7EQYMB1NV1NDXWRVQ9AFWQVP31,collateral,zstSTX,515770899
9049309,zest-v2,SP1P8SSM0TJDXH4JB9YC5CWMFR530QRWECZ598R3T,SP1P8SSM0TJDXH4JB9YC5CWMFR530QRWECZ598R3T,collateral,zSTX,991996
9049309,zest-v2,SP3H214YS1TTEFEEJZKVR7ZMFVFQN3C9S3543RE20,SP3H214YS1TTEFEEJZKVR7ZMFVFQN3C9S3543RE20,collateral,zstSTX,104876277
9049309,zest-v2,SPHTJ363KKNEZ3GXWX8A1RRWAXSP1M7X9TNFSZK9,SPHTJ363KKNEZ3GXWX8A1RRWAXSP1M7X9TNFSZK9,collateral,zSTX,5951953
9049309,zest-v2,SP3QBRS9YKBNJM3ZMHMJT64HTJPDXP15YJC0C07DX,SP3QBRS9YKBNJM3ZMHMJT64HTJPDXP15YJC0C07DX,collateral,zSTX,48607601
9049309,zest-v2,SP2XSZSQ8XGTF4R1JT3HEHRZB2TD8WWQY939ZSNGQ,SP2XSZSQ8XGTF4R1JT3HEHRZB2TD8WWQY939ZSNGQ,collateral,zstSTX,852037889
9049309,zest-v2,SP2C6WA81XA5XHBS60FZG2KKNHS9M4T5KQAMH2P4Y,SP2C6WA81XA5XHBS60FZG2KKNHS9M4T5KQAMH2P4Y,collateral,zsBTC,1008264
9049309,zest-v2,SP2Z7B3GJ6PPHV0X5GN3P876SQ4VE27FX6HE6FHV2,SP2Z7B3GJ6PPHV0X5GN3P876SQ4VE27FX6HE6FHV2,collateral,zstSTX,944644060
9049309,zest-v2,SP293S8VVNZPVRMPCTHDDVKSXKCW4WMJH4WBTZ9PY,SP293S8VVNZPVRMPCTHDDVKSXKCW4WMJH4WBTZ9PY,collateral,zSTX,1983958
9049309,zest-v2,SP2HFXN1EWBSQ1MG8S7YMYA4RPYG7EKBTVZCKA0FJ,SP2HFXN1EWBSQ1MG8S7YMYA4RPYG7EKBTVZCKA0FJ,collateral,zsBTC,274222
9049309,zest-v2,SP2HFXN1EWBSQ1MG8S7YMYA4RPYG7EKBTVZCKA0FJ,SP2HFXN1EWBSQ1MG8S7YMYA4RPYG7EKBTVZCKA0FJ,debt,stSTX,201462276
9049309,zest-v2,SP2HFXN1EWBSQ1MG8S7YMYA4RPYG7EKBTVZCKA0FJ,SP2HFXN1EWBSQ1MG8S7YMYA4RPYG7EKBTVZCKA0FJ,debt_stored,stSTX,199837077
9049309,zest-v2,SP33JQ5QJVQVQYYWVDMSRCZR81WS4N1KWP6YR94VH,SP33JQ5QJVQVQYYWVDMSRCZR81WS4N1KWP6YR94VH,collateral,zstSTX,49980989
9049309,zest-v2,SPRGRD1F551HF0F0PQCAC0PR1P3WFDMPRHCNCZCQ,SPRGRD1F551HF0F0PQCAC0PR1P3WFDMPRHCNCZCQ,collateral,zsBTC,213221729
9049309,zest-v2,SP1FHGCSC72VB0XDAFCWWJ3PBKPFR8ZENZYEHYFQZ,SP1FHGCSC72VB0XDAFCWWJ3PBKPFR8ZENZYEHYFQZ,collateral,zsBTC,19819491
9049309,zest-v2,SP1FHGCSC72VB0XDAFCWWJ3PBKPFR8ZENZYEHYFQZ,SP1FHGCSC72VB0XDAFCWWJ3PBKPFR8ZENZYEHYFQZ,debt,USDC,9107584022
9049309,zest-v2,SP1FHGCSC72VB0XDAFCWWJ3PBKPFR8ZENZYEHYFQZ,SP1FHGCSC72VB0XDAFCWWJ3PBKPFR8ZENZYEHYFQZ,debt_stored,USDC,9009065697
9049309,zest-v2,SP2ZM1KNQNS96RM1MAJTZV7WE7F38GFGRND4E80DW,SP2ZM1KNQNS96RM1MAJTZV7WE7F38GFGRND4E80DW,collateral,zsBTC,152927409
9049309,zest-v2,SP2ZM1KNQNS96RM1MAJTZV7WE7F38GFGRND4E80DW,SP2ZM1KNQNS96RM1MAJTZV7WE7F38GFGRND4E80DW,debt,USDC,65011553653
9049309,zest-v2,SP2ZM1KNQNS96RM1MAJTZV7WE7F38GFGRND4E80DW,SP2ZM1KNQNS96RM1MAJTZV7WE7F38GFGRND4E80DW,debt_stored,USDC,64308312341
9049309,zest-v2,SP12JM4Z7YFYZ8PMANHV0R1HCQNC4FGQSK95C9DE6,SP12JM4Z7YFYZ8PMANHV0R1HCQNC4FGQSK95C9DE6,collateral,zstSTX,29988561
9049309,zest-v2,SP3JW0V0QDEZAH19SNV71YAB5QSYH9T2AW289RKKC,SP3JW0V0QDEZAH19SNV71YAB5QSYH9T2AW289RKKC,collateral,zstSTX,8191156668
9049309,zest-v2,SPNKSQ0XECRRW6G5F3WMMV2DZ9D01HVKYAQMVQ8K,SPNKSQ0XECRRW6G5F3WMMV2DZ9D01HVKYAQMVQ8K,collateral,zstSTX,150932004
9049309,zest-v2,SPNKSQ0XECRRW6G5F3WMMV2DZ9D01HVKYAQMVQ8K,SPNKSQ0XECRRW6G5F3WMMV2DZ9D01HVKYAQMVQ8K,debt,stSTX,65480718
9049309,zest-v2,SPNKSQ0XECRRW6G5F3WMMV2DZ9D01HVKYAQMVQ8K,SPNKSQ0XECRRW6G5F3WMMV2DZ9D01HVKYAQMVQ8K,debt_stored,stSTX,64952484
9049309,zest-v2,SP161CG3B0H9SC48GRACQB9THE9KD4W93EVSP3C59,SP161CG3B0H9SC48GRACQB9THE9KD4W93EVSP3C59,collateral,zstSTX,201922649
9049309,zest-v2,SP1HVCE9Y1DFGF8VHRPESVGJMXP9VTW0JQRCKMNV,SP1HVCE9Y1DFGF8VHRPESVGJMXP9VTW0JQRCKMNV,collateral,zstSTX,1710756
9049309,zest-v2,SP37T1YT9XYAAP6ZEF1RJD1DAPJKYNG9PRCXNGE65,SP37T1YT9XYAAP6ZEF1RJD1DAPJKYNG9PRCXNGE65,collateral,zstSTX,1710627
9049309,zest-v2,SP1RA8D51TD76TP91ND8C9D47RNPKDQ2ZQS2YZ6B,SP1RA8D51TD76TP91ND8C9D47RNPKDQ2ZQS2YZ6B,collateral,zsBTC,188315
9049309,zest-v2,SP1RA8D51TD76TP91ND8C9D47RNPKDQ2ZQS2YZ6B,SP1RA8D51TD76TP91ND8C9D47RNPKDQ2ZQS2YZ6B,debt,USDC,70305128
9049309,zest-v2,SP1RA8D51TD76TP91ND8C9D47RNPKDQ2ZQS2YZ6B,SP1RA8D51TD76TP91ND8C9D47RNPKDQ2ZQS2YZ6B,debt,USDH,1508866325
9049309,zest-v2,SP1RA8D51TD76TP91ND8C9D47RNPKDQ2ZQS2YZ6B,SP1RA8D51TD76TP91ND8C9D47RNPKDQ2ZQS2YZ6B,debt_stored,USDC,69544625
9049309,zest-v2,SP1RA8D51TD76TP91ND8C9D47RNPKDQ2ZQS2YZ6B,SP1RA8D51TD76TP91ND8C9D47RNPKDQ2ZQS2YZ6B,debt_stored,USDH,1493693119
9049309,zest-v2,SP2G369JC28XY3NHWBTX5JQ6F9QJ4BK7S2W0CQSC3,SP2G369JC28XY3NHWBTX5JQ6F9QJ4BK7S2W0CQSC3,collateral,zstSTX,102127310082
9049309,zest-v2,SP3E53BWC1RAC8QKFGPGDPHZNSP1X2GP2A8SH457S,SP3E53BWC1RAC8QKFGPGDPHZNSP1X2GP2A8SH457S,collateral,zstSTXbtc,36000000
9049309,zest-v2,SP3BG3BB81Q38Y5MKN3XV440Y4VDNF46SZ6MX8Z98,SP3BG3BB81Q38Y5MKN3XV440Y4VDNF46SZ6MX8Z98,collateral,zSTX,66234071
9049309,zest-v2,SP45X0587ECYDYV8G6TTSBE8H0Y9K5JVZKMSQC3S,SP45X0587ECYDYV8G6TTSBE8H0Y9K5JVZKMSQC3S,collateral,zstSTX,40661303
9049309,zest-v2,SP2W358G5BQF76DPWV93TPCBTGW9RTP6JCFG92Y2X,SP2W358G5BQF76DPWV93TPCBTGW9RTP6JCFG92Y2X,collateral,zstSTXbtc,6331800000
9049309,zest-v2,SP2W358G5BQF76DPWV93TPCBTGW9RTP6JCFG92Y2X,SP2W358G5BQF76DPWV93TPCBTGW9RTP6JCFG92Y2X,debt,USDC,613484562
9049309,zest-v2,SP2W358G5BQF76DPWV93TPCBTGW9RTP6JCFG92Y2X,SP2W358G5BQF76DPWV93TPCBTGW9RTP6JCFG92Y2X,debt_stored,USDC,606848392
9049309,zest-v2,SP2VDM89W60BBQQ5100JGBH5GZ5P0578AD6B8MB47,SP2VDM89W60BBQQ5100JGBH5GZ5P0578AD6B8MB47,collateral,zstSTX,338869268
9049309,zest-v2,SP5S76DGBX91Z592TZ1BH0DDM9TAFMC4B840SBZQ,SP5S76DGBX91Z592TZ1BH0DDM9TAFMC4B840SBZQ,collateral,zsBTC,154689
9049309,zest-v2,SP31A0B5K60KHWM3S3JD0B47TG3R43PT1KRV7V53B,SP31A0B5K60KHWM3S3JD0B47TG3R43PT1KRV7V53B,collateral,zsBTC,27691236
9049309,zest-v2,SP31A0B5K60KHWM3S3JD0B47TG3R43PT1KRV7V53B,SP31A0B5K60KHWM3S3JD0B47TG3R43PT1KRV7V53B,debt,USDC,9654164536
9049309,zest-v2,SP31A0B5K60KHWM3S3JD0B47TG3R43PT1KRV7V53B,SP31A0B5K60KHWM3S3JD0B47TG3R43PT1KRV7V53B,debt_stored,USDC,9549733754
9049309,zest-v2,SPYR85QEKH9M8DRD04CE36AWGR4JH4C0RYT92WH0,SPYR85QEKH9M8DRD04CE36AWGR4JH4C0RYT92WH0,collateral,zstSTX,45115330
9049309,zest-v2,SPCGP3JWQ0EZ7K17CAWP1B7WYMZDYH61JKQYR2VW,SPCGP3JWQ0EZ7K17CAWP1B7WYMZDYH61JKQYR2VW,collateral,zstSTX,99961409
9049309,zest-v2,SPHKNB2BHPZZJZAQND4ND16P9N5WRK4JCXDEBNEW,SPHKNB2BHPZZJZAQND4ND16P9N5WRK4JCXDEBNEW,collateral,zstSTX,3425373801
9049309,zest-v2,SP111YAJ6AM4J7PX7EFZBPY7B9CDYF27PHMN09157,SP111YAJ6AM4J7PX7EFZBPY7B9CDYF27PHMN09157,collateral,zstSTX,3041968894
9049309,zest-v2,SP3G44VW81WDKM0G7KG0988VJ33N0YGXH8TP14DP9,SP3G44VW81WDKM0G7KG0988VJ33N0YGXH8TP14DP9,collateral,zsBTC,13538132
9049309,zest-v2,SP3G44VW81WDKM0G7KG0988VJ33N0YGXH8TP14DP9,SP3G44VW81WDKM0G7KG0988VJ33N0YGXH8TP14DP9,debt,USDC,2650774340
9049309,zest-v2,SP3G44VW81WDKM0G7KG0988VJ33N0YGXH8TP14DP9,SP3G44VW81WDKM0G7KG0988VJ33N0YGXH8TP14DP9,debt_stored,USDC,2622100451
9049309,zest-v2,SPAP45V7W2HEY59D9QP6WZJ91RZRA4X64SK34R0G,SPAP45V7W2HEY59D9QP6WZJ91RZRA4X64SK34R0G,collateral,zsBTC,4368103
9049309,zest-v2,SPAP45V7W2HEY59D9QP6WZJ91RZRA4X64SK34R0G,SPAP45V7W2HEY59D9QP6WZJ91RZRA4X64SK34R0G,debt,stSTX,2723291395
9049309,zest-v2,SPAP45V7W2HEY59D9QP6WZJ91RZRA4X64SK34R0G,SPAP45V7W2HEY59D9QP6WZJ91RZRA4X64SK34R0G,debt_stored,stSTX,2701322565
9049309,zest-v2,SP2Y89Z3WBCDCXS1VR0NY9W5BX4AQVAB9S4BFEB02,SP2Y89Z3WBCDCXS1VR0NY9W5BX4AQVAB9S4BFEB02,collateral,zstSTX,299883924
9049309,zest-v2,SP164EEKSKP2K6G4N97553SZTFPS33FMJ3PS1BQGT,SP164EEKSKP2K6G4N97553SZTFPS33FMJ3PS1BQGT,collateral,zstSTX,499806539
9049309,zest-v2,SP19RMSE37WMTTGNZKJHY7J6ABQNFCBN46M05RZHR,SP19RMSE37WMTTGNZKJHY7J6ABQNFCBN46M05RZHR,collateral,zstSTX,10905458
9049309,zest-v2,SPMR93J5G7M76EYKZG4DRQYZEZENYM6XMFXSCVC2,SPMR93J5G7M76EYKZG4DRQYZEZENYM6XMFXSCVC2,collateral,zstSTXbtc,31258835620
9049309,zest-v2,SPMR93J5G7M76EYKZG4DRQYZEZENYM6XMFXSCVC2,SPMR93J5G7M76EYKZG4DRQYZEZENYM6XMFXSCVC2,debt,STX,15045169891
9049309,zest-v2,SPMR93J5G7M76EYKZG4DRQYZEZENYM6XMFXSCVC2,SPMR93J5G7M76EYKZG4DRQYZEZENYM6XMFXSCVC2,debt_stored,STX,14718529381
9049309,zest-v2,SP1QBARWZX0QGVJM9J058JSK4WMTPMNBZ15XCMZG5,SP1QBARWZX0QGVJM9J058JSK4WMTPMNBZ15XCMZG5,collateral,zstSTX,1824375741
9049309,zest-v2,SPH2WEH8T6FA73QFE43MAF4G3QY0H5TJ407ERJ6B,SPH2WEH8T6FA73QFE43MAF4G3QY0H5TJ407ERJ6B,collateral,zsBTC,3587816
9049309,zest-v2,SPH2WEH8T6FA73QFE43MAF4G3QY0H5TJ407ERJ6B,SPH2WEH8T6FA73QFE43MAF4G3QY0H5TJ407ERJ6B,debt,stSTX,2118952791
9049309,zest-v2,SPH2WEH8T6FA73QFE43MAF4G3QY0H5TJ407ERJ6B,SPH2WEH8T6FA73QFE43MAF4G3QY0H5TJ407ERJ6B,debt_stored,stSTX,2101859169
9049309,zest-v2,SP1JJTJAR37HBHFBV73GFRMG07XYPH3VEKWTWT7W1,SP1JJTJAR37HBHFBV73GFRMG07XYPH3VEKWTWT7W1,collateral,zstSTX,579671337
9049309,zest-v2,SP375AE4B6EWDCE852X1RJNQ5NDNQ01RF9WRC05SJ,SP375AE4B6EWDCE852X1RJNQ5NDNQ01RF9WRC05SJ,collateral,zstSTX,5617241006
9049309,zest-v2,SP1FEWH3946B7BYS9W1CVGSPC9FDKK5K32ZTBSVBB,SP1FEWH3946B7BYS9W1CVGSPC9FDKK5K32ZTBSVBB,collateral,zstSTXbtc,1000000000
9049309,zest-v2,SP24PT6J830JM5EP8VSQ0MBNSW4S8S2YB2D2XN781,SP24PT6J830JM5EP8VSQ0MBNSW4S8S2YB2D2XN781,collateral,zstSTX,50933934
9049309,zest-v2,SP24PT6J830JM5EP8VSQ0MBNSW4S8S2YB2D2XN781,SP24PT6J830JM5EP8VSQ0MBNSW4S8S2YB2D2XN781,debt,STX,18299304
9049309,zest-v2,SP24PT6J830JM5EP8VSQ0MBNSW4S8S2YB2D2XN781,SP24PT6J830JM5EP8VSQ0MBNSW4S8S2YB2D2XN781,debt_stored,STX,17902014
9049309,zest-v2,SP3G3GN0K670Q3YN59X2BYH31V7YWQ4Q547HVV1XE,SP3G3GN0K670Q3YN59X2BYH31V7YWQ4Q547HVV1XE,collateral,zstSTX,634530676
9049309,zest-v2,SPBSBH8KGJ9CF40JF099QB9TTP42MDM1SXVQE7PZ,SPBSBH8KGJ9CF40JF099QB9TTP42MDM1SXVQE7PZ,collateral,zstSTX,1037179009
9049309,zest-v2,SP3VF7YG6PXV18WVWQZR3P64AP47XTB3M97BBKFR2,SP3VF7YG6PXV18WVWQZR3P64AP47XTB3M97BBKFR2,collateral,zstSTX,91694763
9049309,zest-v2,SPFQCV70T2Q7HYX65KCJ4YVFAMSXAFMEZBF13C2N,SPFQCV70T2Q7HYX65KCJ4YVFAMSXAFMEZBF13C2N,collateral,zstSTX,258683051
9049309,zest-v2,SP2FMFM8N5X56HBD2TMXJ9R8YSTMCJQ627N0Z6R0V,SP2FMFM8N5X56HBD2TMXJ9R8YSTMCJQ627N0Z6R0V,collateral,zsBTC,19593
9049309,zest-v2,SP7CNKQV68P6RB599T3SV4QTWTMRQ9CWGBS4MJYW,SP7CNKQV68P6RB599T3SV4QTWTMRQ9CWGBS4MJYW,collateral,zstSTX,11510030
9049309,zest-v2,SPM942AQAYEX6GVMRN3TZRWRETGEE2YN3RCYY03A,SPM942AQAYEX6GVMRN3TZRWRETGEE2YN3RCYY03A,collateral,zSTX,250711125
9049309,zest-v2,SP10Q0MJKXWXJ2FH9GZPSJXHJX4K2ERET5TDJQBC5,SP10Q0MJKXWXJ2FH9GZPSJXHJX4K2ERET5TDJQBC5,collateral,zstSTX,4511806214
9049309,zest-v2,SP10Q0MJKXWXJ2FH9GZPSJXHJX4K2ERET5TDJQBC5,SP10Q0MJKXWXJ2FH9GZPSJXHJX4K2ERET5TDJQBC5,debt,STX,3959921401
9049309,zest-v2,SP10Q0MJKXWXJ2FH9GZPSJXHJX4K2ERET5TDJQBC5,SP10Q0MJKXWXJ2FH9GZPSJXHJX4K2ERET5TDJQBC5,debt_stored,STX,3873948909
9049309,zest-v2,SP1KWQWS1G2CFZRW1BPNBYPCD59EY3AZWSMZAFXK9,SP1KWQWS1G2CFZRW1BPNBYPCD59EY3AZWSMZAFXK9,collateral,zsBTC,23089
9049309,zest-v2,SPNW8J1RQDR8H5TYMME1272ZT5NEA059BDYFE0Y2,SPNW8J1RQDR8H5TYMME1272ZT5NEA059BDYFE0Y2,collateral,zstSTX,1160821669
9049309,zest-v2,SMEK7Q5JQ4TRWXJCF1YSGTM0Y4GHVB7VMGFFG6KY,SMEK7Q5JQ4TRWXJCF1YSGTM0Y4GHVB7VMGFFG6KY,collateral,sBTC,50000
9049309,zest-v2,SP37WP07K6M2FEBEDB7W97QQ5WVC0JWXQZ94DVCJB,SP37WP07K6M2FEBEDB7W97QQ5WVC0JWXQZ94DVCJB,collateral,zsBTC,19625791
9049309,zest-v2,SP37WP07K6M2FEBEDB7W97QQ5WVC0JWXQZ94DVCJB,SP37WP07K6M2FEBEDB7W97QQ5WVC0JWXQZ94DVCJB,debt,USDC,1787394177
9049309,zest-v2,SP37WP07K6M2FEBEDB7W97QQ5WVC0JWXQZ94DVCJB,SP37WP07K6M2FEBEDB7W97QQ5WVC0JWXQZ94DVCJB,debt,sBTC,1598258
9049309,zest-v2,SP37WP07K6M2FEBEDB7W97QQ5WVC0JWXQZ94DVCJB,SP37WP07K6M2FEBEDB7W97QQ5WVC0JWXQZ94DVCJB,debt_stored,USDC,1768059622
9049309,zest-v2,SP37WP07K6M2FEBEDB7W97QQ5WVC0JWXQZ94DVCJB,SP37WP07K6M2FEBEDB7W97QQ5WVC0JWXQZ94DVCJB,debt_stored,sBTC,1574154
9049309,zest-v2,SPCXK182GJ517W7AVKEJ1HEVBXT462YMXB20HMW3,SPCXK182GJ517W7AVKEJ1HEVBXT462YMXB20HMW3,collateral,zstSTXbtc,1099758061
9049309,zest-v2,SP17V915QXXTRP4WDGRH348X538HA9HDSWKRMR4CY,SP17V915QXXTRP4WDGRH348X538HA9HDSWKRMR4CY,collateral,zstSTX,17865618145
9049309,zest-v2,SPMX76VFT9C2CTH970BTJR0WQ4CQNVSM96RA7DQ4,SPMX76VFT9C2CTH970BTJR0WQ4CQNVSM96RA7DQ4,collateral,zsBTC,880827
9049309,zest-v2,SPMX76VFT9C2CTH970BTJR0WQ4CQNVSM96RA7DQ4,SPMX76VFT9C2CTH970BTJR0WQ4CQNVSM96RA7DQ4,debt,USDH,24391528960
9049309,zest-v2,SPMX76VFT9C2CTH970BTJR0WQ4CQNVSM96RA7DQ4,SPMX76VFT9C2CTH970BTJR0WQ4CQNVSM96RA7DQ4,debt_stored,USDH,24146246999
9049309,zest-v2,SPB32594FVG7CA29AZTS8YND3JH8WY6CFCP7H57G,SPB32594FVG7CA29AZTS8YND3JH8WY6CFCP7H57G,collateral,zsBTC,100794388
9049309,zest-v2,SPB32594FVG7CA29AZTS8YND3JH8WY6CFCP7H57G,SPB32594FVG7CA29AZTS8YND3JH8WY6CFCP7H57G,debt,stSTX,65541602283
9049309,zest-v2,SPB32594FVG7CA29AZTS8YND3JH8WY6CFCP7H57G,SPB32594FVG7CA29AZTS8YND3JH8WY6CFCP7H57G,debt_stored,stSTX,65012877262
9049309,zest-v2,SPK5A7X7XHRTNK51J4XJ030D6Z3J41A32NXPE3DX,SPK5A7X7XHRTNK51J4XJ030D6Z3J41A32NXPE3DX,collateral,zsBTC,536060
9049309,zest-v2,SPK5A7X7XHRTNK51J4XJ030D6Z3J41A32NXPE3DX,SPK5A7X7XHRTNK51J4XJ030D6Z3J41A32NXPE3DX,debt,USDC,174351408
9049309,zest-v2,SPK5A7X7XHRTNK51J4XJ030D6Z3J41A32NXPE3DX,SPK5A7X7XHRTNK51J4XJ030D6Z3J41A32NXPE3DX,debt_stored,USDC,172465418
9049309,zest-v2,SP19KC16DDY7AN0HD05ZXT91Z3007TERPDC5HGBAS,SP19KC16DDY7AN0HD05ZXT91Z3007TERPDC5HGBAS,collateral,zstSTX,2484291856
9049309,zest-v2,SP19KC16DDY7AN0HD05ZXT91Z3007TERPDC5HGBAS,SP19KC16DDY7AN0HD05ZXT91Z3007TERPDC5HGBAS,debt,STX,2903389
9049309,zest-v2,SP19KC16DDY7AN0HD05ZXT91Z3007TERPDC5HGBAS,SP19KC16DDY7AN0HD05ZXT91Z3007TERPDC5HGBAS,debt_stored,STX,2840354
9049309,zest-v2,SP1T2KHDQ76813XP5HDSM4PG27AWVB87XH79HXNF0,SP1T2KHDQ76813XP5HDSM4PG27AWVB87XH79HXNF0,collateral,zstSTXbtc,34060904603
9049309,zest-v2,SP1T2KHDQ76813XP5HDSM4PG27AWVB87XH79HXNF0,SP1T2KHDQ76813XP5HDSM4PG27AWVB87XH79HXNF0,debt,USDC,3609874620
9049309,zest-v2,SP1T2KHDQ76813XP5HDSM4PG27AWVB87XH79HXNF0,SP1T2KHDQ76813XP5HDSM4PG27AWVB87XH79HXNF0,debt_stored,USDC,3570825976
9049309,zest-v2,SP3CQKXX51J05XRS0FK8Y98C91FYMJSM97WFHDME,SP3CQKXX51J05XRS0FK8Y98C91FYMJSM97WFHDME,collateral,zsBTC,554953
9049309,zest-v2,SP1SC59Y3G1A0WNY5837R9HDCEPWRJSF852YM7GEW,SP1SC59Y3G1A0WNY5837R9HDCEPWRJSF852YM7GEW,collateral,zsBTC,499
9049309,zest-v2,SP2QC479P04G7M9S58DJANWFZN0GHYAWZCZW9DW6X,SP2QC479P04G7M9S58DJANWFZN0GHYAWZCZW9DW6X,collateral,zstSTX,1227765171
9049309,zest-v2,SP2QC479P04G7M9S58DJANWFZN0GHYAWZCZW9DW6X,SP2QC479P04G7M9S58DJANWFZN0GHYAWZCZW9DW6X,debt,USDH,3232555911
9049309,zest-v2,SP2QC479P04G7M9S58DJANWFZN0GHYAWZCZW9DW6X,SP2QC479P04G7M9S58DJANWFZN0GHYAWZCZW9DW6X,debt_stored,USDH,3200049229
9049309,zest-v2,SP3377PNFEANNSSYJKRX3PM1SG4CNH0HD4ESQ6BPM,SP3377PNFEANNSSYJKRX3PM1SG4CNH0HD4ESQ6BPM,collateral,zstSTX,1663935925
9049309,zest-v2,SP3377PNFEANNSSYJKRX3PM1SG4CNH0HD4ESQ6BPM,SP3377PNFEANNSSYJKRX3PM1SG4CNH0HD4ESQ6BPM,debt,STX,1383788738
9049309,zest-v2,SP3377PNFEANNSSYJKRX3PM1SG4CNH0HD4ESQ6BPM,SP3377PNFEANNSSYJKRX3PM1SG4CNH0HD4ESQ6BPM,debt_stored,STX,1353745776
9049309,zest-v2,SP7KZ2AFRRTP53WGKQWY9707Y0W61DK848J1EK2D,SP7KZ2AFRRTP53WGKQWY9707Y0W61DK848J1EK2D,collateral,zstSTX,2029340233
9049309,zest-v2,SP7KZ2AFRRTP53WGKQWY9707Y0W61DK848J1EK2D,SP7KZ2AFRRTP53WGKQWY9707Y0W61DK848J1EK2D,debt,stSTX,1630384083
9049309,zest-v2,SP7KZ2AFRRTP53WGKQWY9707Y0W61DK848J1EK2D,SP7KZ2AFRRTP53WGKQWY9707Y0W61DK848J1EK2D,debt_stored,stSTX,1617231751
9049309,zest-v2,SP20GPDS5RYB2DV03KG4W08EG6HD11KYPK6FQJE1,SP20GPDS5RYB2DV03KG4W08EG6HD11KYPK6FQJE1,collateral,zsBTC,499
9049309,zest-v2,SP9K1JQAF7STSXBK0J5T53FRTP04TT5MFFGPQ1WS,SP9K1JQAF7STSXBK0J5T53FRTP04TT5MFFGPQ1WS,collateral,zsBTC,3400768
9049309,zest-v2,SP9K1JQAF7STSXBK0J5T53FRTP04TT5MFFGPQ1WS,SP9K1JQAF7STSXBK0J5T53FRTP04TT5MFFGPQ1WS,debt,USDC,603994809
9049309,zest-v2,SP9K1JQAF7STSXBK0J5T53FRTP04TT5MFFGPQ1WS,SP9K1JQAF7STSXBK0J5T53FRTP04TT5MFFGPQ1WS,debt_stored,USDC,597461291
9049309,zest-v2,SP114F8BJ5MJEZP561TYWCSCYYBXDV0X023R0P93G,SP114F8BJ5MJEZP561TYWCSCYYBXDV0X023R0P93G,collateral,zsBTC,499
9049309,zest-v2,SP158SVVFP08QWPNMY09RSWTTMTQ8VXF8J0N18453,SP158SVVFP08QWPNMY09RSWTTMTQ8VXF8J0N18453,collateral,zstSTXbtc,24500000000
9049309,zest-v2,SP158SVVFP08QWPNMY09RSWTTMTQ8VXF8J0N18453,SP158SVVFP08QWPNMY09RSWTTMTQ8VXF8J0N18453,debt,STX,19314769722
9049309,zest-v2,SP158SVVFP08QWPNMY09RSWTTMTQ8VXF8J0N18453,SP158SVVFP08QWPNMY09RSWTTMTQ8VXF8J0N18453,debt_stored,STX,18895433398
9049309,zest-v2,SP1M75K525BYRRK1VFQWMAPX7BYWFXE1NPQNETYK0,SP1M75K525BYRRK1VFQWMAPX7BYWFXE1NPQNETYK0,collateral,zstSTX,55298403
9049309,zest-v2,SP1WGJ83GJ1QRTEC4R70K5NBB3SB6YQP3HR3PNTNE,SP1WGJ83GJ1QRTEC4R70K5NBB3SB6YQP3HR3PNTNE,collateral,zsBTC,499
9049309,zest-v2,SPPEJY56P9FBWC6EEV1P8NYAKXD55R18QXMRQ3V5,SPPEJY56P9FBWC6EEV1P8NYAKXD55R18QXMRQ3V5,collateral,zstSTX,280422165
9049309,zest-v2,SP2BBRTJQ8C7ASVX56FPDCH7QT4D51FW41G1AP1FR,SP2BBRTJQ8C7ASVX56FPDCH7QT4D51FW41G1AP1FR,collateral,zstSTX,17014179
9049309,zest-v2,SP2BBRTJQ8C7ASVX56FPDCH7QT4D51FW41G1AP1FR,SP2BBRTJQ8C7ASVX56FPDCH7QT4D51FW41G1AP1FR,debt,STX,7922460
9049309,zest-v2,SP2BBRTJQ8C7ASVX56FPDCH7QT4D51FW41G1AP1FR,SP2BBRTJQ8C7ASVX56FPDCH7QT4D51FW41G1AP1FR,debt_stored,STX,7750458
9049309,zest-v2,SPB30RVWM7W4DWW4PVTGRTEVM01SF04NK29CYJ3F,SPB30RVWM7W4DWW4PVTGRTEVM01SF04NK29CYJ3F,collateral,zstSTX,475768785
9049309,zest-v2,SP3RCF2AH2MPYEJEYDR8533V8RG94GZ1TBCS92PE2,SP3RCF2AH2MPYEJEYDR8533V8RG94GZ1TBCS92PE2,collateral,zsBTC,249867
9049309,zest-v2,SPWCGZ1XRHTMWFQWS6JKF9438PVWEB2C60W50RC1,SPWCGZ1XRHTMWFQWS6JKF9438PVWEB2C60W50RC1,collateral,zstSTX,49671456
9049309,zest-v2,SPZW4B2EMR7CWQT86BF0REKQAMP1RTDEDF37GC1M,SPZW4B2EMR7CWQT86BF0REKQAMP1RTDEDF37GC1M,collateral,zUSDC,124858103
9049309,zest-v2,SP27KSK948DZ3YDZQ6VXHXAWMP255N6MXK58P0P5F,SP27KSK948DZ3YDZQ6VXHXAWMP255N6MXK58P0P5F,collateral,zSTX,9910197
9049309,zest-v2,SP561HDBRSGRZWPHFXFV5D745TWEQ5W61DT9C6K1,SP561HDBRSGRZWPHFXFV5D745TWEQ5W61DT9C6K1,collateral,zstSTX,70997486093
9049309,zest-v2,SP1XWB45KS2HPJ1C25C2NX7FSZQZ7AFFS3HCGZF1K,SP1XWB45KS2HPJ1C25C2NX7FSZQZ7AFFS3HCGZF1K,collateral,zstSTX,415242
9049309,zest-v2,SP3HK4X6JPFEYW4RK5J1KMB65YH9CDH97Q74NZ8KV,SP3HK4X6JPFEYW4RK5J1KMB65YH9CDH97Q74NZ8KV,collateral,zsBTC,5321568
9049309,zest-v2,SP31RM6SWEJ787WADZPHGWNP7XMH463HCX4CYX96A,SP31RM6SWEJ787WADZPHGWNP7XMH463HCX4CYX96A,collateral,zstSTX,612589188
9049309,zest-v2,SP3HQ69JM9MSWAKGJ07HRQ5PAV1XEFE2ATV51PFMZ,SP3HQ69JM9MSWAKGJ07HRQ5PAV1XEFE2ATV51PFMZ,collateral,zstSTX,249857329424
9049309,zest-v2,SP3HQ69JM9MSWAKGJ07HRQ5PAV1XEFE2ATV51PFMZ,SP3HQ69JM9MSWAKGJ07HRQ5PAV1XEFE2ATV51PFMZ,debt,stSTX,110407790876
9049309,zest-v2,SP3HQ69JM9MSWAKGJ07HRQ5PAV1XEFE2ATV51PFMZ,SP3HQ69JM9MSWAKGJ07HRQ5PAV1XEFE2ATV51PFMZ,debt_stored,stSTX,109517129685
9049309,zest-v2,SP3Q94YHQEMEH3C6HYBQ1W56FM9K4VBMDKNDAMY5V,SP3Q94YHQEMEH3C6HYBQ1W56FM9K4VBMDKNDAMY5V,collateral,zSTX,49544912
9049309,zest-v2,SP3Q94YHQEMEH3C6HYBQ1W56FM9K4VBMDKNDAMY5V,SP3Q94YHQEMEH3C6HYBQ1W56FM9K4VBMDKNDAMY5V,debt,STX,5036348
9049309,zest-v2,SP3Q94YHQEMEH3C6HYBQ1W56FM9K4VBMDKNDAMY5V,SP3Q94YHQEMEH3C6HYBQ1W56FM9K4VBMDKNDAMY5V,debt_stored,STX,4927005
9049309,zest-v2,SP3JCAF094F0PHA7S85XAYAZM5Z4GWM9VZQ6GTMGP,SP3JCAF094F0PHA7S85XAYAZM5Z4GWM9VZQ6GTMGP,collateral,zsBTC,22698785
9049309,zest-v2,SP3JCAF094F0PHA7S85XAYAZM5Z4GWM9VZQ6GTMGP,SP3JCAF094F0PHA7S85XAYAZM5Z4GWM9VZQ6GTMGP,debt,USDH,514390217841
9049309,zest-v2,SP3JCAF094F0PHA7S85XAYAZM5Z4GWM9VZQ6GTMGP,SP3JCAF094F0PHA7S85XAYAZM5Z4GWM9VZQ6GTMGP,debt_stored,USDH,509217494090
9049309,zest-v2,SPG6VGJ5GTG5QKBV2ZV03219GSGH37PJGXQYXP47,SPG6VGJ5GTG5QKBV2ZV03219GSGH37PJGXQYXP47,collateral,zsBTC,499
9049309,zest-v2,SP3T0QFP76A4GP8NKWKSCDE70N5JM89CHVJKP0ZH,SP3T0QFP76A4GP8NKWKSCDE70N5JM89CHVJKP0ZH,collateral,zstSTX,13482993653
9049309,zest-v2,SP1ZEFZBJA0Y5P7FKM63DMD3SX9RT7YN1YJNYNMGK,SP1ZEFZBJA0Y5P7FKM63DMD3SX9RT7YN1YJNYNMGK,collateral,zSTX,93486035
9049309,zest-v2,SP1SH0SHZYWMNM7RR8GZGAAF4R9DD3K790N32GC53,SP1SH0SHZYWMNM7RR8GZGAAF4R9DD3K790N32GC53,collateral,zstSTX,249529765
9049309,zest-v2,SP2NHHW4RQTEST6A9VEXXZTJMY0YYYRVTZMCAVNYV,SP2NHHW4RQTEST6A9VEXXZTJMY0YYYRVTZMCAVNYV,collateral,zsBTC,255937
9049309,zest-v2,SP2VRJFZD62SB6GE7DSDJ1Z0M6SXJX7JNHSQ6Q187,SP2VRJFZD62SB6GE7DSDJ1Z0M6SXJX7JNHSQ6Q187,collateral,zsBTC,692792
9049309,zest-v2,SP37PSS4BEG980X40Q6DPP1FD66HBTNMAM13Y6R9T,SP37PSS4BEG980X40Q6DPP1FD66HBTNMAM13Y6R9T,collateral,zSTX,99068
9049309,zest-v2,SP2SREAJS38907X0YMQ1HTR689TBSMHS9JHRS6NZ6,SP2SREAJS38907X0YMQ1HTR689TBSMHS9JHRS6NZ6,collateral,zSTX,24766361
9049309,zest-v2,SP2SREAJS38907X0YMQ1HTR689TBSMHS9JHRS6NZ6,SP2SREAJS38907X0YMQ1HTR689TBSMHS9JHRS6NZ6,debt,sBTC,1005
9049309,zest-v2,SP2SREAJS38907X0YMQ1HTR689TBSMHS9JHRS6NZ6,SP2SREAJS38907X0YMQ1HTR689TBSMHS9JHRS6NZ6,debt_stored,sBTC,989
9049309,zest-v2,SP779SC9CDWQVMTRXT0HZCEHSDBXCHNGG7BC1H9B,SP779SC9CDWQVMTRXT0HZCEHSDBXCHNGG7BC1H9B,collateral,zstSTX,7096994308
9049309,zest-v2,SP636HFPNRGR42XBAB0Y4YR26G2HYBETW7PBX9ZK,SP636HFPNRGR42XBAB0Y4YR26G2HYBETW7PBX9ZK,collateral,zstSTX,328958131
9049309,zest-v2,SP091SCEQ46G2KKXZ6Q3FJACVPE45CERG48J0G9A,SP091SCEQ46G2KKXZ6Q3FJACVPE45CERG48J0G9A,collateral,zstSTX,654451773
9049309,zest-v2,SP7NNFSTEVPMDS8NKRGFRTEQ79DMW8BJ98A20D50,SP7NNFSTEVPMDS8NKRGFRTEQ79DMW8BJ98A20D50,collateral,zstSTX,154116211
9049309,zest-v2,SP2MYQF316JWNY0M6MBGRFPZS17GJKRA26ZPB35HM,SP2MYQF316JWNY0M6MBGRFPZS17GJKRA26ZPB35HM,collateral,zsBTC,25303493
9049309,zest-v2,SP2MYQF316JWNY0M6MBGRFPZS17GJKRA26ZPB35HM,SP2MYQF316JWNY0M6MBGRFPZS17GJKRA26ZPB35HM,debt,STX,5199769425
9049309,zest-v2,SP2MYQF316JWNY0M6MBGRFPZS17GJKRA26ZPB35HM,SP2MYQF316JWNY0M6MBGRFPZS17GJKRA26ZPB35HM,debt,USDH,417433745997
9049309,zest-v2,SP2MYQF316JWNY0M6MBGRFPZS17GJKRA26ZPB35HM,SP2MYQF316JWNY0M6MBGRFPZS17GJKRA26ZPB35HM,debt_stored,STX,5086879019
9049309,zest-v2,SP2MYQF316JWNY0M6MBGRFPZS17GJKRA26ZPB35HM,SP2MYQF316JWNY0M6MBGRFPZS17GJKRA26ZPB35HM,debt_stored,USDH,413236019490
9049309,zest-v2,SPSC9DCTP4GJJB6K2YWHYGPZQ40PW1T32MVV30NF,SPSC9DCTP4GJJB6K2YWHYGPZQ40PW1T32MVV30NF,collateral,zsBTC,120165
9049309,zest-v2,SP2F845QAR3CMT1WFWF52KMFQ4SJK3J3QJXMBCQM3,SP2F845QAR3CMT1WFWF52KMFQ4SJK3J3QJXMBCQM3,collateral,zstSTX,2897773311
9049309,zest-v2,SP2VQWZ2SBZY89Y6NRN9K6KZ17KM2YHHB9NE58E50,SP2VQWZ2SBZY89Y6NRN9K6KZ17KM2YHHB9NE58E50,collateral,zsBTC,6390052
9049309,zest-v2,SP2AEJ8041G8WW08S2XVB0D1WYJSB2Y6PBB05BF8P,SP2AEJ8041G8WW08S2XVB0D1WYJSB2Y6PBB05BF8P,collateral,zstSTX,17412569543
9049309,zest-v2,SM275N04VCDVG27KQSESEKD6X06PS3HH636Z2N1GW,SM275N04VCDVG27KQSESEKD6X06PS3HH636Z2N1GW,collateral,zsBTC,5127
9049309,zest-v2,SP2RKFVGMJK3EPAR6SHZHS5Y7P44BJXNVA6EZ8TCJ,SP2RKFVGMJK3EPAR6SHZHS5Y7P44BJXNVA6EZ8TCJ,collateral,zstSTX,234340086
9049309,zest-v2,SP2RKFVGMJK3EPAR6SHZHS5Y7P44BJXNVA6EZ8TCJ,SP2RKFVGMJK3EPAR6SHZHS5Y7P44BJXNVA6EZ8TCJ,debt,USDC,7497781
9049309,zest-v2,SP2RKFVGMJK3EPAR6SHZHS5Y7P44BJXNVA6EZ8TCJ,SP2RKFVGMJK3EPAR6SHZHS5Y7P44BJXNVA6EZ8TCJ,debt_stored,USDC,7416676
9049309,zest-v2,SP1KA8B12PWAHWVNJT13KM1ZBD9GK7Q7CHXAN9PBA,SP1KA8B12PWAHWVNJT13KM1ZBD9GK7Q7CHXAN9PBA,collateral,zsBTC,9775956
9049309,zest-v2,SP2G0D3PB3W40TDZQQRHA9KD3BNK73VPT2W4J9F9Z,SP2G0D3PB3W40TDZQQRHA9KD3BNK73VPT2W4J9F9Z,collateral,zsBTC,81149624
9049309,zest-v2,SP2G0D3PB3W40TDZQQRHA9KD3BNK73VPT2W4J9F9Z,SP2G0D3PB3W40TDZQQRHA9KD3BNK73VPT2W4J9F9Z,debt,USDC,31118268253
9049309,zest-v2,SP2G0D3PB3W40TDZQQRHA9KD3BNK73VPT2W4J9F9Z,SP2G0D3PB3W40TDZQQRHA9KD3BNK73VPT2W4J9F9Z,debt_stored,USDC,30781656519
9049309,zest-v2,SP3BAD2FH7EZXABTQZ2P7X8S1AHDNYNZVPJKBNF25,SP3BAD2FH7EZXABTQZ2P7X8S1AHDNYNZVPJKBNF25,collateral,zstSTXbtc,53784150
9049309,zest-v2,SP679V9Q1GVVKS9529QMGCTH6JVYWP9JRTH88RCF,SP679V9Q1GVVKS9529QMGCTH6JVYWP9JRTH88RCF,collateral,zstSTXbtc,50000000
9049309,zest-v2,SM2E9GM43J8VFGSGXA6BEQ343AZ8VJF79AJCT2J6X,SM2E9GM43J8VFGSGXA6BEQ343AZ8VJF79AJCT2J6X,collateral,zSTX,99012
9049309,zest-v2,SP3KPRN53ZGD45B3WRTDMZZEHBJSFQ8AKN9RE6FKS,SP3KPRN53ZGD45B3WRTDMZZEHBJSFQ8AKN9RE6FKS,collateral,zSTX,88551037575
9049309,zest-v2,SP3KPRN53ZGD45B3WRTDMZZEHBJSFQ8AKN9RE6FKS,SP3KPRN53ZGD45B3WRTDMZZEHBJSFQ8AKN9RE6FKS,debt,STX,45110767755
9049309,zest-v2,SP3KPRN53ZGD45B3WRTDMZZEHBJSFQ8AKN9RE6FKS,SP3KPRN53ZGD45B3WRTDMZZEHBJSFQ8AKN9RE6FKS,debt,stSTX,122
9049309,zest-v2,SP3KPRN53ZGD45B3WRTDMZZEHBJSFQ8AKN9RE6FKS,SP3KPRN53ZGD45B3WRTDMZZEHBJSFQ8AKN9RE6FKS,debt_stored,STX,44131383389
9049309,zest-v2,SP3KPRN53ZGD45B3WRTDMZZEHBJSFQ8AKN9RE6FKS,SP3KPRN53ZGD45B3WRTDMZZEHBJSFQ8AKN9RE6FKS,debt_stored,stSTX,121
9049309,zest-v2,SP11HW0TCRHMVW75C89FKBHJ19GZWYSNPBN6GM0MQ,SP11HW0TCRHMVW75C89FKBHJ19GZWYSNPBN6GM0MQ,collateral,zstSTX,79248425
9049309,zest-v2,SP3TMBSN8R5CXEC0YX2SHQ23683H3F0M397QF2VH4,SP3TMBSN8R5CXEC0YX2SHQ23683H3F0M397QF2VH4,collateral,zstSTX,7635034
9049309,zest-v2,SP2410YCCWEFF99XHCNGSBDC60WBWXFC8B5433C56,SP2410YCCWEFF99XHCNGSBDC60WBWXFC8B5433C56,collateral,zstSTXbtc,18974297616
9049309,zest-v2,SP2410YCCWEFF99XHCNGSBDC60WBWXFC8B5433C56,SP2410YCCWEFF99XHCNGSBDC60WBWXFC8B5433C56,debt,stSTX,9751473621
9049309,zest-v2,SP2410YCCWEFF99XHCNGSBDC60WBWXFC8B5433C56,SP2410YCCWEFF99XHCNGSBDC60WBWXFC8B5433C56,debt_stored,stSTX,9672808347
9049309,zest-v2,SP1KF13V8QM5JY09T0M24DW36AJF955YCXK2WR09W,SP1KF13V8QM5JY09T0M24DW36AJF955YCXK2WR09W,collateral,zstSTX,847900
9049309,zest-v2,SP3VJK5YV0WVT57DR2HB4GP16810RADFXTCQ7TECF,SP3VJK5YV0WVT57DR2HB4GP16810RADFXTCQ7TECF,collateral,zsBTC,38140
9049309,zest-v2,SP3FZGQS4YTC87PSQGKY43RGSYX41APNM6VQ00SG5,SP3FZGQS4YTC87PSQGKY43RGSYX41APNM6VQ00SG5,collateral,zstSTX,3574070986
9049309,zest-v2,SP231HDX38FA9PB29E3TS64W2XNHFPEG2ZC1RQDFT,SP231HDX38FA9PB29E3TS64W2XNHFPEG2ZC1RQDFT,collateral,zstSTX,1409662778
9049309,zest-v2,SP231HDX38FA9PB29E3TS64W2XNHFPEG2ZC1RQDFT,SP231HDX38FA9PB29E3TS64W2XNHFPEG2ZC1RQDFT,debt,STX,1328847669
9049309,zest-v2,SP231HDX38FA9PB29E3TS64W2XNHFPEG2ZC1RQDFT,SP231HDX38FA9PB29E3TS64W2XNHFPEG2ZC1RQDFT,debt_stored,STX,1299997514
9049309,zest-v2,SP37Q85SAPYZ0E53HBMG64PBSWA9HZ0P7RMW5682H,SP37Q85SAPYZ0E53HBMG64PBSWA9HZ0P7RMW5682H,collateral,zstSTX,5916195283
9049309,zest-v2,SPST0PJYH9JB0X2VNYDKQYT2A8H9EZG4X5G7E5YW,SPST0PJYH9JB0X2VNYDKQYT2A8H9EZG4X5G7E5YW,collateral,zstSTXbtc,132860543
9049309,zest-v2,SPST0PJYH9JB0X2VNYDKQYT2A8H9EZG4X5G7E5YW,SPST0PJYH9JB0X2VNYDKQYT2A8H9EZG4X5G7E5YW,debt,USDC,9899155
9049309,zest-v2,SPST0PJYH9JB0X2VNYDKQYT2A8H9EZG4X5G7E5YW,SPST0PJYH9JB0X2VNYDKQYT2A8H9EZG4X5G7E5YW,debt_stored,USDC,9792074
9049309,zest-v2,SP1P6YHX7YKEGHVZ4CQRV3D78RP3FZ9MM9XC5Q8GG,SP1P6YHX7YKEGHVZ4CQRV3D78RP3FZ9MM9XC5Q8GG,collateral,zstSTX,1256023294
9049309,zest-v2,SP1P6YHX7YKEGHVZ4CQRV3D78RP3FZ9MM9XC5Q8GG,SP1P6YHX7YKEGHVZ4CQRV3D78RP3FZ9MM9XC5Q8GG,debt,USDH,10200481102
9049309,zest-v2,SP1P6YHX7YKEGHVZ4CQRV3D78RP3FZ9MM9XC5Q8GG,SP1P6YHX7YKEGHVZ4CQRV3D78RP3FZ9MM9XC5Q8GG,debt_stored,USDH,10097904752
9049309,zest-v2,SP5HDFC0M27SCMK2ZZ63RJBKDK6GBX309JKFW2HD,SP5HDFC0M27SCMK2ZZ63RJBKDK6GBX309JKFW2HD,collateral,zsBTC,74560416
9049309,zest-v2,SP5HDFC0M27SCMK2ZZ63RJBKDK6GBX309JKFW2HD,SP5HDFC0M27SCMK2ZZ63RJBKDK6GBX309JKFW2HD,debt,stSTX,38914867491
9049309,zest-v2,SP5HDFC0M27SCMK2ZZ63RJBKDK6GBX309JKFW2HD,SP5HDFC0M27SCMK2ZZ63RJBKDK6GBX309JKFW2HD,debt_stored,stSTX,38600940711
9049309,zest-v2,SPWH7ERBH90XFXQWXV1E5HVSMGBPGF8A8T5BYNBW,SPWH7ERBH90XFXQWXV1E5HVSMGBPGF8A8T5BYNBW,collateral,zsBTC,107699914
9049309,zest-v2,SPWH7ERBH90XFXQWXV1E5HVSMGBPGF8A8T5BYNBW,SPWH7ERBH90XFXQWXV1E5HVSMGBPGF8A8T5BYNBW,debt,USDC,55848527706
9049309,zest-v2,SPWH7ERBH90XFXQWXV1E5HVSMGBPGF8A8T5BYNBW,SPWH7ERBH90XFXQWXV1E5HVSMGBPGF8A8T5BYNBW,debt_stored,USDC,55244404443
9049309,zest-v2,SP3V6JNVR02KFE43QAS61DGYGR9GT8GRQR47DN6QP,SP3V6JNVR02KFE43QAS61DGYGR9GT8GRQR47DN6QP,collateral,zsBTC,26968
9049309,zest-v2,SP14YFFWP15FJCYRFY6Z0JN71QMMXZYS4CY25HVR2,SP14YFFWP15FJCYRFY6Z0JN71QMMXZYS4CY25HVR2,collateral,zsBTC,322286372
9049309,zest-v2,SP14YFFWP15FJCYRFY6Z0JN71QMMXZYS4CY25HVR2,SP14YFFWP15FJCYRFY6Z0JN71QMMXZYS4CY25HVR2,debt,USDC,152380963626
9049309,zest-v2,SP14YFFWP15FJCYRFY6Z0JN71QMMXZYS4CY25HVR2,SP14YFFWP15FJCYRFY6Z0JN71QMMXZYS4CY25HVR2,debt_stored,USDC,150732632172
9049309,zest-v2,SP2EV1G9NC43ACQZPCQ3Q4A4YMCH03EVN686C4WDH,SP2EV1G9NC43ACQZPCQ3Q4A4YMCH03EVN686C4WDH,collateral,zstSTX,275195608
9049309,zest-v2,SP2X7D44FKYJNPTY3M99V7CMTKYDA4YPVY9TBDJQ8,SP2X7D44FKYJNPTY3M99V7CMTKYDA4YPVY9TBDJQ8,collateral,zstSTX,1676076604
9049309,zest-v2,SPZKWN8EC8DHXYW6D6DVHFVMX2HBWMRTSZET8YHM,SPZKWN8EC8DHXYW6D6DVHFVMX2HBWMRTSZET8YHM,collateral,zstSTXbtc,232638398241
9049309,zest-v2,SPZKWN8EC8DHXYW6D6DVHFVMX2HBWMRTSZET8YHM,SPZKWN8EC8DHXYW6D6DVHFVMX2HBWMRTSZET8YHM,debt,STX,186427522271
9049309,zest-v2,SPZKWN8EC8DHXYW6D6DVHFVMX2HBWMRTSZET8YHM,SPZKWN8EC8DHXYW6D6DVHFVMX2HBWMRTSZET8YHM,debt_stored,STX,182380058445
9049309,zest-v2,SP1HQKV9WMTB460Z1JQHPG9X0MP8MTV6W1WHRBVWY,SP1HQKV9WMTB460Z1JQHPG9X0MP8MTV6W1WHRBVWY,collateral,zSTX,128603923
9049309,zest-v2,SP3FPDJ1BN9GXY650XJZ3076MD84N3CKJDG7186XF,SP3FPDJ1BN9GXY650XJZ3076MD84N3CKJDG7186XF,collateral,zstSTX,504990094
9049309,zest-v2,SP1754SN9B4BW239WJT94Q964H6PMTJF503TYDYN6,SP1754SN9B4BW239WJT94Q964H6PMTJF503TYDYN6,collateral,zstSTX,419983417
9049309,zest-v2,SP5T6918R9KJPWJG7WTZDAG77BA0W664JYASDR8G,SP5T6918R9KJPWJG7WTZDAG77BA0W664JYASDR8G,collateral,zstSTX,420825059
9049309,zest-v2,SP105GNSZG9S5M6G89K6ZR257C9A1YZF0VY8CVVGZ,SP105GNSZG9S5M6G89K6ZR257C9A1YZF0VY8CVVGZ,collateral,zstSTXbtc,36868799852
9049309,zest-v2,SP3STGMJBA08GMBZNZZ8R9YRHE4N79DE9KRZJQXPQ,SP3STGMJBA08GMBZNZZ8R9YRHE4N79DE9KRZJQXPQ,collateral,zstSTX,206499105
9049309,zest-v2,SP39EHJJM1ZRKYQC92NFVPH87MAVWK22NSND0Q5WK,SP39EHJJM1ZRKYQC92NFVPH87MAVWK22NSND0Q5WK,collateral,zstSTX,453791278
9049309,zest-v2,SP1AZWJFWMAPHPD9AE9WD4388XSG3PVVBRP91PVHB,SP1AZWJFWMAPHPD9AE9WD4388XSG3PVVBRP91PVHB,collateral,zstSTX,103943593
9049309,zest-v2,SP1AZWJFWMAPHPD9AE9WD4388XSG3PVVBRP91PVHB,SP1AZWJFWMAPHPD9AE9WD4388XSG3PVVBRP91PVHB,debt,STX,98786488
9049309,zest-v2,SP1AZWJFWMAPHPD9AE9WD4388XSG3PVVBRP91PVHB,SP1AZWJFWMAPHPD9AE9WD4388XSG3PVVBRP91PVHB,debt_stored,STX,96641768
9049309,zest-v2,SPQMJCMMVEW69ZV1NGP8SFQAE4KYPBP3FCTGNDFE,SPQMJCMMVEW69ZV1NGP8SFQAE4KYPBP3FCTGNDFE,collateral,zSTX,11869572
9049309,zest-v2,SP6CZTHB6SQP7S2GCWF0QEK22GS1XX2WPSBXQBE8,SP6CZTHB6SQP7S2GCWF0QEK22GS1XX2WPSBXQBE8,collateral,zstSTXbtc,90
9049309,zest-v2,SP6CZTHB6SQP7S2GCWF0QEK22GS1XX2WPSBXQBE8,SP6CZTHB6SQP7S2GCWF0QEK22GS1XX2WPSBXQBE8,debt,stSTX,60
9049309,zest-v2,SP6CZTHB6SQP7S2GCWF0QEK22GS1XX2WPSBXQBE8,SP6CZTHB6SQP7S2GCWF0QEK22GS1XX2WPSBXQBE8,debt_stored,stSTX,59
9049309,zest-v2,SP2HRJ91TSXXZ1SGFM0FGVV4CZMP717D7HDPC8E2Y,SP2HRJ91TSXXZ1SGFM0FGVV4CZMP717D7HDPC8E2Y,collateral,zstSTXbtc,1000000000
9049309,zest-v2,SP17YG5A833SDJTSDKF1YY09GBHC2PTY22S0N36FP,SP17YG5A833SDJTSDKF1YY09GBHC2PTY22S0N36FP,collateral,zstSTX,999455266
9049309,zest-v2,SP3EXTRKM97577JFSC11TER2B8HTXJPQJB94MJ31S,SP3EXTRKM97577JFSC11TER2B8HTXJPQJB94MJ31S,collateral,zstBTC,400650
9049309,zest-v2,SP31N0R8GGBY9320JYN213BNQ0RXZMYDKC2Q9J6M,SP31N0R8GGBY9320JYN213BNQ0RXZMYDKC2Q9J6M,collateral,zstBTC,349572
9049309,zest-v2,SP2WA4AAQKK4K1FJNEMZB01FHXTZNF8EWEXPX5VC0,SP2WA4AAQKK4K1FJNEMZB01FHXTZNF8EWEXPX5VC0,collateral,zsBTC,258744198
9049309,zest-v2,SP2WA4AAQKK4K1FJNEMZB01FHXTZNF8EWEXPX5VC0,SP2WA4AAQKK4K1FJNEMZB01FHXTZNF8EWEXPX5VC0,debt,USDC,55174718756
9049309,zest-v2,SP2WA4AAQKK4K1FJNEMZB01FHXTZNF8EWEXPX5VC0,SP2WA4AAQKK4K1FJNEMZB01FHXTZNF8EWEXPX5VC0,debt_stored,USDC,54577884202
9049309,zest-v2,SP3E3CZ0MRATNWFX3SSGMY895HEB1R3Z5D7T7DFND,SP3E3CZ0MRATNWFX3SSGMY895HEB1R3Z5D7T7DFND,collateral,zstSTX,29666448
9049309,zest-v2,SP3J0X4B678MMJW3V7W52MW1KGV1CZAJNGJR6VA0N,SP3J0X4B678MMJW3V7W52MW1KGV1CZAJNGJR6VA0N,collateral,zstSTX,102750145699
9049309,zest-v2,SP3J0X4B678MMJW3V7W52MW1KGV1CZAJNGJR6VA0N,SP3J0X4B678MMJW3V7W52MW1KGV1CZAJNGJR6VA0N,debt,stSTX,71116144022
9049309,zest-v2,SP3J0X4B678MMJW3V7W52MW1KGV1CZAJNGJR6VA0N,SP3J0X4B678MMJW3V7W52MW1KGV1CZAJNGJR6VA0N,debt_stored,stSTX,70542449095
9049309,zest-v2,SP2HW3HV6KT1AE8K1WTY9C517CK9C5X7D6GPB97RM,SP2HW3HV6KT1AE8K1WTY9C517CK9C5X7D6GPB97RM,collateral,zstSTX,2729424869
9049309,zest-v2,SP2P0R0RGMXV6H3GY4489C3CBK0SZT39M7W4BDYD6,SP2P0R0RGMXV6H3GY4489C3CBK0SZT39M7W4BDYD6,collateral,zstSTX,4936520224
9049309,zest-v2,SM2806GZJR38S8FB9QQGJ9M36XMNKJWYVAJASB9WY,SM2806GZJR38S8FB9QQGJ9M36XMNKJWYVAJASB9WY,collateral,zSTX,98892
9049309,zest-v2,SM1KFGR10Q36ACKKF8QRY1D71WR9AYC3BREFV92BT,SM1KFGR10Q36ACKKF8QRY1D71WR9AYC3BREFV92BT,collateral,zSTX,1977834
9049309,zest-v2,SP1GR38P4KNCQRC1BD5HC97DP36W2MBZFZ4WC0NET,SP1GR38P4KNCQRC1BD5HC97DP36W2MBZFZ4WC0NET,collateral,zsBTC,801523
9049309,zest-v2,SP2MVKEPYF8DMR2MF58PCNV84KGNB8GR0EBXDH34N,SP2MVKEPYF8DMR2MF58PCNV84KGNB8GR0EBXDH34N,collateral,zstSTX,1263731205
9049309,zest-v2,SP2E30WE3DN381X2CYT5ZR2AWG3PEKGS6G6GZ8EE8,SP2E30WE3DN381X2CYT5ZR2AWG3PEKGS6G6GZ8EE8,collateral,zstSTX,20270125
9049309,zest-v2,SP2E30WE3DN381X2CYT5ZR2AWG3PEKGS6G6GZ8EE8,SP2E30WE3DN381X2CYT5ZR2AWG3PEKGS6G6GZ8EE8,debt,USDC,18
9049309,zest-v2,SP2E30WE3DN381X2CYT5ZR2AWG3PEKGS6G6GZ8EE8,SP2E30WE3DN381X2CYT5ZR2AWG3PEKGS6G6GZ8EE8,debt_stored,USDC,17
9049309,zest-v2,SPGXWVJBR59RP1XK7H94AYCQFJHNZ7FSPJ1P9814,SPGXWVJBR59RP1XK7H94AYCQFJHNZ7FSPJ1P9814,collateral,zstSTXbtc,159234799
9049309,zest-v2,SP2CTTSDEP6F7NZZ23CKDKT60TWV1KW6K693NVP9C,SP2CTTSDEP6F7NZZ23CKDKT60TWV1KW6K693NVP9C,collateral,zstSTXbtc,4565000000
9049309,zest-v2,SP149D3KMXC3DRAY04QTE7PW9M42FFWZDYW894H0,SP149D3KMXC3DRAY04QTE7PW9M42FFWZDYW894H0,collateral,zstSTX,846880099
9049309,zest-v2,SPV6BJMKY1ANCAD8YVXVNCVQBQA3ZT8BVMGQ79TK,SPV6BJMKY1ANCAD8YVXVNCVQBQA3ZT8BVMGQ79TK,collateral,zstSTX,150755432
9049309,zest-v2,SPV6BJMKY1ANCAD8YVXVNCVQBQA3ZT8BVMGQ79TK,SPV6BJMKY1ANCAD8YVXVNCVQBQA3ZT8BVMGQ79TK,debt,STX,50165000
9049309,zest-v2,SPV6BJMKY1ANCAD8YVXVNCVQBQA3ZT8BVMGQ79TK,SPV6BJMKY1ANCAD8YVXVNCVQBQA3ZT8BVMGQ79TK,debt_stored,STX,49075884
9049309,zest-v2,SPHZW8N7EMXHY7N72JNE2EE1TD4Z1FZ8GENAHYFS,SPHZW8N7EMXHY7N72JNE2EE1TD4Z1FZ8GENAHYFS,collateral,zstSTX,278331641
9049309,zest-v2,SPMBJPERKB6CG1WNT8KRC329S8Y0X6V46YXN3RPC,SPMBJPERKB6CG1WNT8KRC329S8Y0X6V46YXN3RPC,collateral,zstSTXbtc,5550000000
9049309,zest-v2,SP25GRYER8K9S45CACESTANMNGEE7X2XHMD49SADE,SP25GRYER8K9S45CACESTANMNGEE7X2XHMD49SADE,collateral,zUSDC,14972962
9049309,zest-v2,SP14EMH4MZFA21DTC8H3XNTB3SDHQGJHBMEF31SXF,SP14EMH4MZFA21DTC8H3XNTB3SDHQGJHBMEF31SXF,collateral,zstSTXbtc,3200000000
9049309,zest-v2,SP14EMH4MZFA21DTC8H3XNTB3SDHQGJHBMEF31SXF,SP14EMH4MZFA21DTC8H3XNTB3SDHQGJHBMEF31SXF,debt,stSTX,1081035465
9049309,zest-v2,SP14EMH4MZFA21DTC8H3XNTB3SDHQGJHBMEF31SXF,SP14EMH4MZFA21DTC8H3XNTB3SDHQGJHBMEF31SXF,debt_stored,stSTX,1072314736
9049309,zest-v2,SP1NQCKQFGYKX95N3X65Y6JJQ01NCR923RS93YEDP,SP1NQCKQFGYKX95N3X65Y6JJQ01NCR923RS93YEDP,collateral,zsBTC,64384987
9049309,zest-v2,SP1NQCKQFGYKX95N3X65Y6JJQ01NCR923RS93YEDP,SP1NQCKQFGYKX95N3X65Y6JJQ01NCR923RS93YEDP,debt,USDC,15172630128
9049309,zest-v2,SP1NQCKQFGYKX95N3X65Y6JJQ01NCR923RS93YEDP,SP1NQCKQFGYKX95N3X65Y6JJQ01NCR923RS93YEDP,debt_stored,USDC,15008505142
9049309,zest-v2,SP3G324FT2DWGXHSTN1BQM3SZXA0WA1Z1W4WCE7XC,SP3G324FT2DWGXHSTN1BQM3SZXA0WA1Z1W4WCE7XC,collateral,zstSTX,313268721
9049309,zest-v2,SP3G324FT2DWGXHSTN1BQM3SZXA0WA1Z1W4WCE7XC,SP3G324FT2DWGXHSTN1BQM3SZXA0WA1Z1W4WCE7XC,debt,STX,75224606
9049309,zest-v2,SP3G324FT2DWGXHSTN1BQM3SZXA0WA1Z1W4WCE7XC,SP3G324FT2DWGXHSTN1BQM3SZXA0WA1Z1W4WCE7XC,debt,stSTX,66930420
9049309,zest-v2,SP3G324FT2DWGXHSTN1BQM3SZXA0WA1Z1W4WCE7XC,SP3G324FT2DWGXHSTN1BQM3SZXA0WA1Z1W4WCE7XC,debt_stored,STX,73591430
9049309,zest-v2,SP3G324FT2DWGXHSTN1BQM3SZXA0WA1Z1W4WCE7XC,SP3G324FT2DWGXHSTN1BQM3SZXA0WA1Z1W4WCE7XC,debt_stored,stSTX,66390491
9049309,zest-v2,SP32EJ990ZD2KY666E8FT76N3M3AVDDCH2T1ET8WB,SP32EJ990ZD2KY666E8FT76N3M3AVDDCH2T1ET8WB,collateral,zstSTX,1726598650
9049309,zest-v2,SP32EJ990ZD2KY666E8FT76N3M3AVDDCH2T1ET8WB,SP32EJ990ZD2KY666E8FT76N3M3AVDDCH2T1ET8WB,debt,STX,1535461247
9049309,zest-v2,SP32EJ990ZD2KY666E8FT76N3M3AVDDCH2T1ET8WB,SP32EJ990ZD2KY666E8FT76N3M3AVDDCH2T1ET8WB,debt_stored,STX,1502125375
9049309,zest-v2,SP2APBCHA5YWSB4MBRHN4KAVPM6EM84B4YFS88CHB,SP2APBCHA5YWSB4MBRHN4KAVPM6EM84B4YFS88CHB,collateral,zstSTX,598381566
9049309,zest-v2,SP1G3NMPBE5Z0CRDY47F64EZ9Q9M34EN7BN1NARZZ,SP1G3NMPBE5Z0CRDY47F64EZ9Q9M34EN7BN1NARZZ,collateral,zsBTC,787224
9049309,zest-v2,SP1G3NMPBE5Z0CRDY47F64EZ9Q9M34EN7BN1NARZZ,SP1G3NMPBE5Z0CRDY47F64EZ9Q9M34EN7BN1NARZZ,debt,USDC,340863201
9049309,zest-v2,SP1G3NMPBE5Z0CRDY47F64EZ9Q9M34EN7BN1NARZZ,SP1G3NMPBE5Z0CRDY47F64EZ9Q9M34EN7BN1NARZZ,debt_stored,USDC,337176024
9049309,zest-v2,SPK9QPVXFA8P7CSS7NVAR0FXY1KRXQ60FPEKW3F4,SPK9QPVXFA8P7CSS7NVAR0FXY1KRXQ60FPEKW3F4,collateral,zsBTC,158763
9049309,zest-v2,SP6R1EKY8QYG4MPWXT6NZHXCDZDF1RVMJMKMYN7R,SP6R1EKY8QYG4MPWXT6NZHXCDZDF1RVMJMKMYN7R,collateral,zSTX,174993486
9049309,zest-v2,SP34ERP2PVWZD0E8Q094BZW78EHJQQK3ENADMD5S8,SP34ERP2PVWZD0E8Q094BZW78EHJQQK3ENADMD5S8,collateral,zsBTC,408217
9049309,zest-v2,SP34ERP2PVWZD0E8Q094BZW78EHJQQK3ENADMD5S8,SP34ERP2PVWZD0E8Q094BZW78EHJQQK3ENADMD5S8,debt,USDC,185450417
9049309,zest-v2,SP34ERP2PVWZD0E8Q094BZW78EHJQQK3ENADMD5S8,SP34ERP2PVWZD0E8Q094BZW78EHJQQK3ENADMD5S8,debt_stored,USDC,183444367
9049309,zest-v2,SP3BQJKHGAX1GGSN5XYAVJKXEX9QZ413J21TYW1P9,SP3BQJKHGAX1GGSN5XYAVJKXEX9QZ413J21TYW1P9,collateral,zstSTX,13775923
9049309,zest-v2,SPT50F6JRN4ZM11E5FS0RZ9MZ1B8JMWQ8Q1BKHE6,SPT50F6JRN4ZM11E5FS0RZ9MZ1B8JMWQ8Q1BKHE6,collateral,zstSTX,139243288
9049309,zest-v2,SP10B4KJ16AFGCYH7BQKEQ39G1SRYCHVP3XBRPK65,SP10B4KJ16AFGCYH7BQKEQ39G1SRYCHVP3XBRPK65,collateral,zsBTC,20152
9049309,zest-v2,SPEBN6J7BZHKR2B3DXMY4QTJVB75KF1JDG3K1J51,SPEBN6J7BZHKR2B3DXMY4QTJVB75KF1JDG3K1J51,collateral,zSTX,1273383754
9049309,zest-v2,SPEBN6J7BZHKR2B3DXMY4QTJVB75KF1JDG3K1J51,SPEBN6J7BZHKR2B3DXMY4QTJVB75KF1JDG3K1J51,debt,USDC,69992812
9049309,zest-v2,SPEBN6J7BZHKR2B3DXMY4QTJVB75KF1JDG3K1J51,SPEBN6J7BZHKR2B3DXMY4QTJVB75KF1JDG3K1J51,debt_stored,USDC,69235687
9049309,zest-v2,SP15MTDH394PXKWWW46ZWANKBGYS3Z2G4RDTSJD7Y,SP15MTDH394PXKWWW46ZWANKBGYS3Z2G4RDTSJD7Y,collateral,zstSTX,9936336
9049309,zest-v2,SP39VPTP80VSPW1VRVH7C3PW1D212WYMNPDBXWY2K,SP39VPTP80VSPW1VRVH7C3PW1D212WYMNPDBXWY2K,collateral,zstSTX,1143508250
9049309,zest-v2,SP2DFV3QD6MHG82303HWRCE4CKAFC4JKMZ2QARX2N,SP2DFV3QD6MHG82303HWRCE4CKAFC4JKMZ2QARX2N,collateral,zstSTXbtc,3260000000
9049309,zest-v2,SPNK74MX3FTWN7V7S7GEJTJ4BN0A5ZT2YW44CJ6R,SPNK74MX3FTWN7V7S7GEJTJ4BN0A5ZT2YW44CJ6R,collateral,zstSTX,148765143
9049309,zest-v2,SP1F9CYDK1AN3EWMBGMM7VJDS4BH2K9FA95JNATS2,SP1F9CYDK1AN3EWMBGMM7VJDS4BH2K9FA95JNATS2,collateral,sBTC,1000
9049309,zest-v2,SP1F9CYDK1AN3EWMBGMM7VJDS4BH2K9FA95JNATS2,SP1F9CYDK1AN3EWMBGMM7VJDS4BH2K9FA95JNATS2,debt,USDC,370624
9049309,zest-v2,SP1F9CYDK1AN3EWMBGMM7VJDS4BH2K9FA95JNATS2,SP1F9CYDK1AN3EWMBGMM7VJDS4BH2K9FA95JNATS2,debt_stored,USDC,366614
9049309,zest-v2,SP2G87YTRHEG50N73JQVMAD9J2GJFA0VCDMM7W50A,SP2G87YTRHEG50N73JQVMAD9J2GJFA0VCDMM7W50A,collateral,zsBTC,199891
9049309,zest-v2,SP1D16RD0653M0NE1ZTVF2ZK05SGNTT2F7VDHWN7Q,SP1D16RD0653M0NE1ZTVF2ZK05SGNTT2F7VDHWN7Q,collateral,zstSTX,9671669901
9049309,zest-v2,SPN8C4B0CEM2CJTY601196DPX1SJBQXGS5WFE52Q,SPN8C4B0CEM2CJTY601196DPX1SJBQXGS5WFE52Q,collateral,zsBTC,328556
9049309,zest-v2,SP1TYZA2BJGWH1DDHXHMS7SZT8XS2XHVQT5TNYWA3,SP1TYZA2BJGWH1DDHXHMS7SZT8XS2XHVQT5TNYWA3,collateral,zsBTC,6523206
9049309,zest-v2,SPZ6PGKFTE9G7CMJCBF0T6SRKMMNH47X46RSDTBZ,SPZ6PGKFTE9G7CMJCBF0T6SRKMMNH47X46RSDTBZ,collateral,zstSTX,12478723015
9049309,zest-v2,SPZ6PGKFTE9G7CMJCBF0T6SRKMMNH47X46RSDTBZ,SPZ6PGKFTE9G7CMJCBF0T6SRKMMNH47X46RSDTBZ,debt,STX,11846560419
9049309,zest-v2,SPZ6PGKFTE9G7CMJCBF0T6SRKMMNH47X46RSDTBZ,SPZ6PGKFTE9G7CMJCBF0T6SRKMMNH47X46RSDTBZ,debt_stored,STX,11589363819
9049309,zest-v2,SP2C2C0RW0936QWRMVBV81K5MTE21GTA3R5C84XAQ,SP2C2C0RW0936QWRMVBV81K5MTE21GTA3R5C84XAQ,collateral,zstSTX,512194177
9049309,zest-v2,SPCGJ4E9DWK2868YDHH2FBFRCJQWSBTQX7JXBMEZ,SPCGJ4E9DWK2868YDHH2FBFRCJQWSBTQX7JXBMEZ,collateral,zstSTX,57029971
9049309,zest-v2,SP2T1QF8EHK7N54ZC6Q07S65X38XFDKBZ780K512Z,SP2T1QF8EHK7N54ZC6Q07S65X38XFDKBZ780K512Z,collateral,zstSTX,1565214648
9049309,zest-v2,SP2T1QF8EHK7N54ZC6Q07S65X38XFDKBZ780K512Z,SP2T1QF8EHK7N54ZC6Q07S65X38XFDKBZ780K512Z,debt,stSTX,77834187
9049309,zest-v2,SP2T1QF8EHK7N54ZC6Q07S65X38XFDKBZ780K512Z,SP2T1QF8EHK7N54ZC6Q07S65X38XFDKBZ780K512Z,debt_stored,stSTX,77206297
9049309,zest-v2,SP2SAP77138E69Z634JZG0TPT4E70QDJ3ZYJHGQJM,SP2SAP77138E69Z634JZG0TPT4E70QDJ3ZYJHGQJM,collateral,zsBTC,3299479
9049309,zest-v2,SP2SAP77138E69Z634JZG0TPT4E70QDJ3ZYJHGQJM,SP2SAP77138E69Z634JZG0TPT4E70QDJ3ZYJHGQJM,debt,USDH,50089270083
9049309,zest-v2,SP2SAP77138E69Z634JZG0TPT4E70QDJ3ZYJHGQJM,SP2SAP77138E69Z634JZG0TPT4E70QDJ3ZYJHGQJM,debt_stored,USDH,49585570852
9049309,zest-v2,SPQJN9008GBDXCPVS2CZSPXAPYV8251GZX1GX64R,SPQJN9008GBDXCPVS2CZSPXAPYV8251GZX1GX64R,collateral,zstSTX,2565280712
9049309,zest-v2,SPQJN9008GBDXCPVS2CZSPXAPYV8251GZX1GX64R,SPQJN9008GBDXCPVS2CZSPXAPYV8251GZX1GX64R,debt,stSTX,2051324767
9049309,zest-v2,SPQJN9008GBDXCPVS2CZSPXAPYV8251GZX1GX64R,SPQJN9008GBDXCPVS2CZSPXAPYV8251GZX1GX64R,debt_stored,stSTX,2034776701
9049309,zest-v2,SP3Y7DD17K5XNFZV1BQZC0YEYZZGXVAE6QNJB204A,SP3Y7DD17K5XNFZV1BQZC0YEYZZGXVAE6QNJB204A,collateral,zstSTX,1450072605
9049309,zest-v2,SP3N7RQN2E224Z3NQ0GRE9DN3JXFSYWX9GSJN290S,SP3N7RQN2E224Z3NQ0GRE9DN3JXFSYWX9GSJN290S,collateral,zsBTC,26613312
9049309,zest-v2,SP3ZNGTHP8ZQQ4ETZT1BH9DWMPYF0Z10RX8BSWQN2,SP3ZNGTHP8ZQQ4ETZT1BH9DWMPYF0Z10RX8BSWQN2,collateral,zstSTX,485252420
9049309,zest-v2,SP3ZNGTHP8ZQQ4ETZT1BH9DWMPYF0Z10RX8BSWQN2,SP3ZNGTHP8ZQQ4ETZT1BH9DWMPYF0Z10RX8BSWQN2,debt,stSTX,141479524
9049309,zest-v2,SP3ZNGTHP8ZQQ4ETZT1BH9DWMPYF0Z10RX8BSWQN2,SP3ZNGTHP8ZQQ4ETZT1BH9DWMPYF0Z10RX8BSWQN2,debt_stored,stSTX,140338206
9049309,zest-v2,SP3MPAPKAA3AS8P28SFGRR1K0W5181Q8Z26J3WJYE,SP3MPAPKAA3AS8P28SFGRR1K0W5181Q8Z26J3WJYE,collateral,zstSTX,3672993397
9049309,zest-v2,SP194MK9HPHV15YYJG2HX7PDY68WQ78BEBACB3MYM,SP194MK9HPHV15YYJG2HX7PDY68WQ78BEBACB3MYM,collateral,zstSTX,537832105
9049309,zest-v2,SP11F58SSQGZNR0T2EST2BQJ9HAMF8NEXG6FQD2VW,SP11F58SSQGZNR0T2EST2BQJ9HAMF8NEXG6FQD2VW,collateral,zstSTX,82323407
9049309,zest-v2,SP1NM07V4FW2B5206E24VB07F9T3HFCYCCQRVBJ6Y,SP1NM07V4FW2B5206E24VB07F9T3HFCYCCQRVBJ6Y,collateral,zstSTX,57006786
9049309,zest-v2,SPGW9BJR01CAWR50XP563KS4FCTD0AR8YBEQB81V,SPGW9BJR01CAWR50XP563KS4FCTD0AR8YBEQB81V,collateral,zstSTX,545155705
9049309,zest-v2,SP1EQGZT0WN75N5AMJH2C40N5GBJTEVY9E6ZY8EH3,SP1EQGZT0WN75N5AMJH2C40N5GBJTEVY9E6ZY8EH3,collateral,zstSTX,5207771
9049309,zest-v2,SP1P6D5YNBWJG4D0SGQAE4F1BMD7TM2QJ0DKJC4WV,SP1P6D5YNBWJG4D0SGQAE4F1BMD7TM2QJ0DKJC4WV,collateral,zstSTX,44726526
9049309,zest-v2,SP3J0XVA4KXFDJ6VYT2VC9H12WJZ1YSA4SENRVG2E,SP3J0XVA4KXFDJ6VYT2VC9H12WJZ1YSA4SENRVG2E,collateral,zstSTX,10968970749
9049309,zest-v2,SP215NR9D2ZHQK92FKBA7GHN84HB4TJVGN5PZ36P5,SP215NR9D2ZHQK92FKBA7GHN84HB4TJVGN5PZ36P5,collateral,zSTX,1086993
9049309,zest-v2,SP1XXNVF8HNVXGC7HR8GHY278SAJMMZBK333NW27J,SP1XXNVF8HNVXGC7HR8GHY278SAJMMZBK333NW27J,collateral,zstSTX,67833267
9049309,zest-v2,SP25DP4A9QDM42KC40EXTYQPMQCT1P0R5243GWEGS,SP25DP4A9QDM42KC40EXTYQPMQCT1P0R5243GWEGS,collateral,zstSTXbtc,400833138
9049309,zest-v2,SPJPXWG2NGCP9T47BAX6F9EC91VWH4QZ209H6ZGN,SPJPXWG2NGCP9T47BAX6F9EC91VWH4QZ209H6ZGN,collateral,zstSTX,8437329
9049309,zest-v2,SPSGJJQFY6ETD2ZFZR141ZDDRYGWAM2GKPBCASMB,SPSGJJQFY6ETD2ZFZR141ZDDRYGWAM2GKPBCASMB,collateral,zsBTC,3872689
9049309,zest-v2,SPSGJJQFY6ETD2ZFZR141ZDDRYGWAM2GKPBCASMB,SPSGJJQFY6ETD2ZFZR141ZDDRYGWAM2GKPBCASMB,debt,USDC,1000540607
9049309,zest-v2,SPSGJJQFY6ETD2ZFZR141ZDDRYGWAM2GKPBCASMB,SPSGJJQFY6ETD2ZFZR141ZDDRYGWAM2GKPBCASMB,debt_stored,USDC,989717584
9049309,zest-v2,SP288D9CSDS3C10Z5C5J0R2ZE51HKZ35W4XWXKW7H,SP288D9CSDS3C10Z5C5J0R2ZE51HKZ35W4XWXKW7H,collateral,zstSTX,2016210567
9049309,zest-v2,SP288D9CSDS3C10Z5C5J0R2ZE51HKZ35W4XWXKW7H,SP288D9CSDS3C10Z5C5J0R2ZE51HKZ35W4XWXKW7H,debt,USDC,160050818
9049309,zest-v2,SP288D9CSDS3C10Z5C5J0R2ZE51HKZ35W4XWXKW7H,SP288D9CSDS3C10Z5C5J0R2ZE51HKZ35W4XWXKW7H,debt_stored,USDC,158319520
9049309,zest-v2,SP25K9JNFTSTGFDG89BZT121CE0S1DZP91QFHJ0W5,SP25K9JNFTSTGFDG89BZT121CE0S1DZP91QFHJ0W5,collateral,zstSTX,36354339536
9049309,zest-v2,SP1A27KFY4XERQCCRCARCYD1CC5N7M6688BSYADJ7.zv-ops-stbtc-0,SP1A27KFY4XERQCCRCARCYD1CC5N7M6688BSYADJ7.zv-ops-stbtc-0,collateral,zstBTC,8901346193
9049309,zest-v2,SP1A27KFY4XERQCCRCARCYD1CC5N7M6688BSYADJ7.zv-ops-stbtc-0,SP1A27KFY4XERQCCRCARCYD1CC5N7M6688BSYADJ7.zv-ops-stbtc-0,debt,sBTC,7131083478
9049309,zest-v2,SP1A27KFY4XERQCCRCARCYD1CC5N7M6688BSYADJ7.zv-ops-stbtc-0,SP1A27KFY4XERQCCRCARCYD1CC5N7M6688BSYADJ7.zv-ops-stbtc-0,debt_stored,sBTC,7023537702
9049309,zest-v2,SP2YXABHBC6HPV6NZHGFQW46AKK37EPAKR6NJPE5D,SP2YXABHBC6HPV6NZHGFQW46AKK37EPAKR6NJPE5D,collateral,zsBTC,20084
9049309,zest-v2,SP3Z2867B5R95YWGQ7B2RYRETKVK766D4483EJBDR,SP3Z2867B5R95YWGQ7B2RYRETKVK766D4483EJBDR,collateral,zSTX,170670241114
9049309,zest-v2,SP1ZJHN74VH26SPHHJB4YP6NSEYVKFZD1W0ZK5K9H,SP1ZJHN74VH26SPHHJB4YP6NSEYVKFZD1W0ZK5K9H,collateral,zSTX,3754630516
9049309,zest-v2,SP1273QGV0M6K7982ZEWPZKB06RHRXM3NM7G4X0CS,SP1273QGV0M6K7982ZEWPZKB06RHRXM3NM7G4X0CS,collateral,zstSTX,4171075209
9049309,zest-v2,SP1NCG226XTNTTW0H34735VW446WR8AEYCY8Z3YBA,SP1NCG226XTNTTW0H34735VW446WR8AEYCY8Z3YBA,collateral,zstSTX,10124833
9049309,zest-v2,SP3SMT10XH6H5ECT6D1TMHBM1AEMJMQ0VVRK0E00A,SP3SMT10XH6H5ECT6D1TMHBM1AEMJMQ0VVRK0E00A,collateral,zstSTX,282327574
9049309,zest-v2,SPJMB9JKC2BS9DKBH7MZWN2C6XDH43X4HDT4QRV8,SPJMB9JKC2BS9DKBH7MZWN2C6XDH43X4HDT4QRV8,collateral,zsBTC,1083287
9049309,zest-v2,SP237HW75F3KFZQ95WC4BJTJR9C73A39NSBDJ6BC1,SP237HW75F3KFZQ95WC4BJTJR9C73A39NSBDJ6BC1,collateral,zstSTX,17988490
9049309,zest-v2,SP2PS9JBJ37NRHVMSDWDH47T4NMWVSWHRX19M4H2F,SP2PS9JBJ37NRHVMSDWDH47T4NMWVSWHRX19M4H2F,collateral,zstSTX,105072265
9049309,zest-v2,SP2DK6S5P9GEQVASGYXC98Y85FQ49J2ZGS74HH6WK,SP2DK6S5P9GEQVASGYXC98Y85FQ49J2ZGS74HH6WK,collateral,zSTX,4407460098
9049309,zest-v2,SP2DK6S5P9GEQVASGYXC98Y85FQ49J2ZGS74HH6WK,SP2DK6S5P9GEQVASGYXC98Y85FQ49J2ZGS74HH6WK,debt,USDC,415253076
9049309,zest-v2,SP2DK6S5P9GEQVASGYXC98Y85FQ49J2ZGS74HH6WK,SP2DK6S5P9GEQVASGYXC98Y85FQ49J2ZGS74HH6WK,debt_stored,USDC,410761211
9049309,zest-v2,SP99GMESHFA1WBXXNY7R1V2SD9TV9VWGM62GRT7S,SP99GMESHFA1WBXXNY7R1V2SD9TV9VWGM62GRT7S,collateral,zSTX,59276735
9049309,zest-v2,SP05DFRP139PJ8YSX34ZB34MZWA65H5TTD7N1NEN,SP05DFRP139PJ8YSX34ZB34MZWA65H5TTD7N1NEN,collateral,zstSTX,5827729426
9049309,zest-v2,SP3QBZWS31P01XB5VSR8X7E788A8R40X7WTV0SBAT,SP3QBZWS31P01XB5VSR8X7E788A8R40X7WTV0SBAT,collateral,zsBTC,16988158
9049309,zest-v2,SP3J3HK9HDZCT7XXDZ345E4MX5XZ3SCCNKMWEV5PN,SP3J3HK9HDZCT7XXDZ345E4MX5XZ3SCCNKMWEV5PN,collateral,zsBTC,17314454
9049309,zest-v2,SP1ACM69YW4EK5TQQ5MKTFN4WYXC61XREHHM56MGJ,SP1ACM69YW4EK5TQQ5MKTFN4WYXC61XREHHM56MGJ,collateral,zSTX,91814798
9049309,zest-v2,SP1ACM69YW4EK5TQQ5MKTFN4WYXC61XREHHM56MGJ,SP1ACM69YW4EK5TQQ5MKTFN4WYXC61XREHHM56MGJ,debt,sBTC,2
9049309,zest-v2,SP1ACM69YW4EK5TQQ5MKTFN4WYXC61XREHHM56MGJ,SP1ACM69YW4EK5TQQ5MKTFN4WYXC61XREHHM56MGJ,debt_stored,sBTC,1
9049309,zest-v2,SP2YNMHY9367FSCN07593RHQYC5TKPCXC25V6XWB5,SP2YNMHY9367FSCN07593RHQYC5TKPCXC25V6XWB5,collateral,zSTX,99686937
9049309,zest-v2,SP2JFW1CBXJD3P0EJ0QNGBWY4W5NQBV066V8BCARC,SP2JFW1CBXJD3P0EJ0QNGBWY4W5NQBV066V8BCARC,collateral,zsBTC,16670202
9049309,zest-v2,SP2JFW1CBXJD3P0EJ0QNGBWY4W5NQBV066V8BCARC,SP2JFW1CBXJD3P0EJ0QNGBWY4W5NQBV066V8BCARC,debt,USDC,8364883686
9049309,zest-v2,SP2JFW1CBXJD3P0EJ0QNGBWY4W5NQBV066V8BCARC,SP2JFW1CBXJD3P0EJ0QNGBWY4W5NQBV066V8BCARC,debt_stored,USDC,8274399280
9049309,zest-v2,SP1ZZ11HKFBV55VZZY1BX97F00PJ41C1ZYGA13HN9,SP1ZZ11HKFBV55VZZY1BX97F00PJ41C1ZYGA13HN9,collateral,zstSTXbtc,5195250654
9049309,zest-v2,SP1ZZ11HKFBV55VZZY1BX97F00PJ41C1ZYGA13HN9,SP1ZZ11HKFBV55VZZY1BX97F00PJ41C1ZYGA13HN9,debt,USDC,454458786
9049309,zest-v2,SP1ZZ11HKFBV55VZZY1BX97F00PJ41C1ZYGA13HN9,SP1ZZ11HKFBV55VZZY1BX97F00PJ41C1ZYGA13HN9,debt_stored,USDC,449542826
9049309,zest-v2,SP3V8SJ3X3A9922MKFBWK06AK9D81E77H1NTDHNQH,SP3V8SJ3X3A9922MKFBWK06AK9D81E77H1NTDHNQH,collateral,zstSTXbtc,6700116863
9049309,zest-v2,SP3V8SJ3X3A9922MKFBWK06AK9D81E77H1NTDHNQH,SP3V8SJ3X3A9922MKFBWK06AK9D81E77H1NTDHNQH,debt,USDC,18
9049309,zest-v2,SP3V8SJ3X3A9922MKFBWK06AK9D81E77H1NTDHNQH,SP3V8SJ3X3A9922MKFBWK06AK9D81E77H1NTDHNQH,debt_stored,USDC,17
9049309,zest-v2,SP10MVED07QR11QHBTQP96G6YM6C6VQK7CVQE3AHJ,SP10MVED07QR11QHBTQP96G6YM6C6VQK7CVQE3AHJ,collateral,zsBTC,1175
9049309,zest-v2,SP10MVED07QR11QHBTQP96G6YM6C6VQK7CVQE3AHJ,SP10MVED07QR11QHBTQP96G6YM6C6VQK7CVQE3AHJ,debt,USDC,282458
9049309,zest-v2,SP10MVED07QR11QHBTQP96G6YM6C6VQK7CVQE3AHJ,SP10MVED07QR11QHBTQP96G6YM6C6VQK7CVQE3AHJ,debt_stored,USDC,279402
9049309,zest-v2,SP6KXYPBM5C62GHY2XAVPQXZ3C6PZ64XXWTRQ9JW,SP6KXYPBM5C62GHY2XAVPQXZ3C6PZ64XXWTRQ9JW,collateral,zstSTX,1289161571
9049309,zest-v2,SPKQCYTHMXWXP75YA40419K4WTK3QBPBE48PR9S8,SPKQCYTHMXWXP75YA40419K4WTK3QBPBE48PR9S8,collateral,zSTX,4828424558
9049309,zest-v2,SPKQCYTHMXWXP75YA40419K4WTK3QBPBE48PR9S8,SPKQCYTHMXWXP75YA40419K4WTK3QBPBE48PR9S8,debt,STX,3359245636
9049309,zest-v2,SPKQCYTHMXWXP75YA40419K4WTK3QBPBE48PR9S8,SPKQCYTHMXWXP75YA40419K4WTK3QBPBE48PR9S8,debt_stored,STX,3286314209
9049309,zest-v2,SP7PSDAPGQ2A36G1EPX363AZFWS017Q6FXFFF2BX,SP7PSDAPGQ2A36G1EPX363AZFWS017Q6FXFFF2BX,collateral,zsBTC,13454
9049309,zest-v2,SP175NZDA6ZPH95SMS0N0X6VYS2WJ1FDDR99739RH,SP175NZDA6ZPH95SMS0N0X6VYS2WJ1FDDR99739RH,collateral,zstSTX,4718460391
9049309,zest-v2,SPSAQVX01P4BWSRCHAACFY6DQP3G1367A578XWTM,SPSAQVX01P4BWSRCHAACFY6DQP3G1367A578XWTM,collateral,zsBTC,180349
9049309,zest-v2,SP19V9VRVC00TXJQYNQ3FGP4V1PKNFH5HPS3F32JN,SP19V9VRVC00TXJQYNQ3FGP4V1PKNFH5HPS3F32JN,collateral,zsBTC,7345
9049309,zest-v2,SP2Z2AQM22D9AZ5YZKZPWYBFWKJ7YGVVWT1C5M66P,SP2Z2AQM22D9AZ5YZKZPWYBFWKJ7YGVVWT1C5M66P,collateral,zSTX,128369226
9049309,zest-v2,SP2Z2AQM22D9AZ5YZKZPWYBFWKJ7YGVVWT1C5M66P,SP2Z2AQM22D9AZ5YZKZPWYBFWKJ7YGVVWT1C5M66P,debt,STX,30025731
9049309,zest-v2,SP2Z2AQM22D9AZ5YZKZPWYBFWKJ7YGVVWT1C5M66P,SP2Z2AQM22D9AZ5YZKZPWYBFWKJ7YGVVWT1C5M66P,debt_stored,STX,29373852
9049309,zest-v2,SP31VE0CK33ZJ5TD2MTDR03MY25GE4DZEKGWFMB42,SP31VE0CK33ZJ5TD2MTDR03MY25GE4DZEKGWFMB42,collateral,zsBTC,172101
9049309,zest-v2,SP31VE0CK33ZJ5TD2MTDR03MY25GE4DZEKGWFMB42,SP31VE0CK33ZJ5TD2MTDR03MY25GE4DZEKGWFMB42,debt,USDC,40026385
9049309,zest-v2,SP31VE0CK33ZJ5TD2MTDR03MY25GE4DZEKGWFMB42,SP31VE0CK33ZJ5TD2MTDR03MY25GE4DZEKGWFMB42,debt_stored,USDC,39593412
9049309,zest-v2,SP128GZBHCW2J6N5S9GBJJG2KFDHV8TPZA6NJKVT5,SP128GZBHCW2J6N5S9GBJJG2KFDHV8TPZA6NJKVT5,collateral,zSTX,493691
9049309,zest-v2,SPM81ZEEDG7ARG9R4SWMAG519H3KD6Y379YSE7SK,SPM81ZEEDG7ARG9R4SWMAG519H3KD6Y379YSE7SK,collateral,zsBTC,170963
9049309,zest-v2,SPM81ZEEDG7ARG9R4SWMAG519H3KD6Y379YSE7SK,SPM81ZEEDG7ARG9R4SWMAG519H3KD6Y379YSE7SK,debt,USDC,76842282
9049309,zest-v2,SPM81ZEEDG7ARG9R4SWMAG519H3KD6Y379YSE7SK,SPM81ZEEDG7ARG9R4SWMAG519H3KD6Y379YSE7SK,debt_stored,USDC,76011065
9049309,zest-v2,SP3J0Z8YSJD20TGEBE6M992CWFDG18VB0PR599VY9,SP3J0Z8YSJD20TGEBE6M992CWFDG18VB0PR599VY9,collateral,zstSTX,12945720231
9049309,zest-v2,SP3J0Z8YSJD20TGEBE6M992CWFDG18VB0PR599VY9,SP3J0Z8YSJD20TGEBE6M992CWFDG18VB0PR599VY9,debt,USDC,1533867067
9049309,zest-v2,SP3J0Z8YSJD20TGEBE6M992CWFDG18VB0PR599VY9,SP3J0Z8YSJD20TGEBE6M992CWFDG18VB0PR599VY9,debt_stored,USDC,1517274959
9049309,zest-v2,SP232MNC98HCVS4N165GZEXSPKERR8H6ASRW3TCQN,SP232MNC98HCVS4N165GZEXSPKERR8H6ASRW3TCQN,collateral,zstSTX,53094621
9049309,zest-v2,SP3MAHT4Q6MBBWVTW21RQ6H17ENE7TNGS9YK9WH72,SP3MAHT4Q6MBBWVTW21RQ6H17ENE7TNGS9YK9WH72,collateral,zsBTC,19989
9049309,zest-v2,SP3X56D96AA7QD6Y112WN9D91692SKRY8AY7PJYA5,SP3X56D96AA7QD6Y112WN9D91692SKRY8AY7PJYA5,collateral,zstSTX,101922728
9049309,zest-v2,SP1TPYSSG52FKCDHHN8Y76ABMA12P069BZBFAYEAF,SP1TPYSSG52FKCDHHN8Y76ABMA12P069BZBFAYEAF,collateral,zsBTC,159938
9049309,zest-v2,SP1TPYSSG52FKCDHHN8Y76ABMA12P069BZBFAYEAF,SP1TPYSSG52FKCDHHN8Y76ABMA12P069BZBFAYEAF,debt,USDC,42009425
9049309,zest-v2,SP1TPYSSG52FKCDHHN8Y76ABMA12P069BZBFAYEAF,SP1TPYSSG52FKCDHHN8Y76ABMA12P069BZBFAYEAF,debt_stored,USDC,41555001
9049309,zest-v2,SP7CD8EB3GT9N5PFW8TPY9CMF84208V7KB0EPAPR,SP7CD8EB3GT9N5PFW8TPY9CMF84208V7KB0EPAPR,collateral,zstSTX,4996491104
9049309,zest-v2,SP7CD8EB3GT9N5PFW8TPY9CMF84208V7KB0EPAPR,SP7CD8EB3GT9N5PFW8TPY9CMF84208V7KB0EPAPR,debt,USDC,400128760
9049309,zest-v2,SP7CD8EB3GT9N5PFW8TPY9CMF84208V7KB0EPAPR,SP7CD8EB3GT9N5PFW8TPY9CMF84208V7KB0EPAPR,debt_stored,USDC,395800497
9049309,zest-v2,SP190SB44V748QCM9MC8QVK1JH13NB3T21177XB90,SP190SB44V748QCM9MC8QVK1JH13NB3T21177XB90,collateral,zstSTXbtc,548000000
9049309,zest-v2,SP2KAM4A6W2F7NNSA8W21WABP0QW5WANZ4QK67RNR,SP2KAM4A6W2F7NNSA8W21WABP0QW5WANZ4QK67RNR,collateral,zstSTX,11991925845
9049309,zest-v2,SP1YVB3MFVN7DFQF3VEBRE3R24066BVGMX6FHBD90,SP1YVB3MFVN7DFQF3VEBRE3R24066BVGMX6FHBD90,collateral,sBTC,300015776
9049309,zest-v2,SP1YVB3MFVN7DFQF3VEBRE3R24066BVGMX6FHBD90,SP1YVB3MFVN7DFQF3VEBRE3R24066BVGMX6FHBD90,debt,USDC,82229939443
9049309,zest-v2,SP1YVB3MFVN7DFQF3VEBRE3R24066BVGMX6FHBD90,SP1YVB3MFVN7DFQF3VEBRE3R24066BVGMX6FHBD90,debt_stored,USDC,81340443850
9049309,zest-v2,SPVGHVMWEE5PE0PJPQ0XVKAGCM5VRVEMSYKB3VY3,SPVGHVMWEE5PE0PJPQ0XVKAGCM5VRVEMSYKB3VY3,collateral,zstSTX,99932629
9049309,zest-v2,SPVGHVMWEE5PE0PJPQ0XVKAGCM5VRVEMSYKB3VY3,SPVGHVMWEE5PE0PJPQ0XVKAGCM5VRVEMSYKB3VY3,debt,STX,70029466
9049309,zest-v2,SPVGHVMWEE5PE0PJPQ0XVKAGCM5VRVEMSYKB3VY3,SPVGHVMWEE5PE0PJPQ0XVKAGCM5VRVEMSYKB3VY3,debt_stored,STX,68509080
9049309,zest-v2,SPX7PYKYZQYEJNPYVNTCK3KVFVW05FNQZMA38Q52,SPX7PYKYZQYEJNPYVNTCK3KVFVW05FNQZMA38Q52,collateral,zstSTXbtc,227455105
9049309,zest-v2,SP39TAEWH0DYMK8DZ00D61DMA4D4N544HVGQHVJR7,SP39TAEWH0DYMK8DZ00D61DMA4D4N544HVGQHVJR7,collateral,sBTC,200008255
9049309,zest-v2,SP39TAEWH0DYMK8DZ00D61DMA4D4N544HVGQHVJR7,SP39TAEWH0DYMK8DZ00D61DMA4D4N544HVGQHVJR7,debt,USDC,45613774756
9049309,zest-v2,SP39TAEWH0DYMK8DZ00D61DMA4D4N544HVGQHVJR7,SP39TAEWH0DYMK8DZ00D61DMA4D4N544HVGQHVJR7,debt_stored,USDC,45120362601
9049309,zest-v2,SPV6H9CGNZWRBA9PEFMNQAJWZBZCX0SFV4J0FQF2,SPV6H9CGNZWRBA9PEFMNQAJWZBZCX0SFV4J0FQF2,collateral,zsBTC,1134649
9049309,zest-v2,SPV6H9CGNZWRBA9PEFMNQAJWZBZCX0SFV4J0FQF2,SPV6H9CGNZWRBA9PEFMNQAJWZBZCX0SFV4J0FQF2,debt,USDC,231884249
9049309,zest-v2,SPV6H9CGNZWRBA9PEFMNQAJWZBZCX0SFV4J0FQF2,SPV6H9CGNZWRBA9PEFMNQAJWZBZCX0SFV4J0FQF2,debt_stored,USDC,229375916
9049309,zest-v2,SP491K9J80XN2KYA2DNB484PHPKQWNR8RHJ0ZFJ6,SP491K9J80XN2KYA2DNB484PHPKQWNR8RHJ0ZFJ6,collateral,zSTX,20125278436
9049309,zest-v2,SP491K9J80XN2KYA2DNB484PHPKQWNR8RHJ0ZFJ6,SP491K9J80XN2KYA2DNB484PHPKQWNR8RHJ0ZFJ6,debt,USDC,1780645027
9049309,zest-v2,SP491K9J80XN2KYA2DNB484PHPKQWNR8RHJ0ZFJ6,SP491K9J80XN2KYA2DNB484PHPKQWNR8RHJ0ZFJ6,debt_stored,USDC,1761383479
9049309,zest-v2,SP10QTPW74S8T96EJ9PQ5C6DR49Y1CEXX4QC9425Q,SP10QTPW74S8T96EJ9PQ5C6DR49Y1CEXX4QC9425Q,collateral,zstSTX,99932134
9049309,zest-v2,SPEXZRQCZC9V6RXY4DS6H0466593D26BW5QAZAS4,SPEXZRQCZC9V6RXY4DS6H0466593D26BW5QAZAS4,collateral,zSTX,394777264579
9049309,zest-v2,SPEXZRQCZC9V6RXY4DS6H0466593D26BW5QAZAS4,SPEXZRQCZC9V6RXY4DS6H0466593D26BW5QAZAS4,debt,USDC,27505083639
9049309,zest-v2,SPEXZRQCZC9V6RXY4DS6H0466593D26BW5QAZAS4,SPEXZRQCZC9V6RXY4DS6H0466593D26BW5QAZAS4,debt_stored,USDC,27207556353
9049309,zest-v2,SP15M881ED8JGZ5CAXTR6VM4FRH61C0SJQ3H9BAFR,SP15M881ED8JGZ5CAXTR6VM4FRH61C0SJQ3H9BAFR,collateral,zstSTXbtc,7160183885
9049309,zest-v2,SP15M881ED8JGZ5CAXTR6VM4FRH61C0SJQ3H9BAFR,SP15M881ED8JGZ5CAXTR6VM4FRH61C0SJQ3H9BAFR,debt,STX,4735271199
9049309,zest-v2,SP15M881ED8JGZ5CAXTR6VM4FRH61C0SJQ3H9BAFR,SP15M881ED8JGZ5CAXTR6VM4FRH61C0SJQ3H9BAFR,debt_stored,STX,4632465354
9049309,zest-v2,SP3RRGMNH6NVP2NNKTN9QQBVXWZJ2H9XDP6Y38GMG,SP3RRGMNH6NVP2NNKTN9QQBVXWZJ2H9XDP6Y38GMG,collateral,zstSTX,257224822
9049309,zest-v2,SP3HF4NS6MAD0D17MJJ3J4HXP7JTQ4SN5F5P0YKEK,SP3HF4NS6MAD0D17MJJ3J4HXP7JTQ4SN5F5P0YKEK,collateral,zsBTC,2188544
9049309,zest-v2,SP3HF4NS6MAD0D17MJJ3J4HXP7JTQ4SN5F5P0YKEK,SP3HF4NS6MAD0D17MJJ3J4HXP7JTQ4SN5F5P0YKEK,debt,USDC,702673670
9049309,zest-v2,SP3HF4NS6MAD0D17MJJ3J4HXP7JTQ4SN5F5P0YKEK,SP3HF4NS6MAD0D17MJJ3J4HXP7JTQ4SN5F5P0YKEK,debt_stored,USDC,695072726
9049309,zest-v2,SP348V8458YH82ZWN7TE3VQYX3BV5607KAFB1648D,SP348V8458YH82ZWN7TE3VQYX3BV5607KAFB1648D,collateral,zsBTC,7499072
9049309,zest-v2,SP2HWK2PHPC0F2T5H9P0CHB1A8MRGZJ4GJNJYVHPR,SP2HWK2PHPC0F2T5H9P0CHB1A8MRGZJ4GJNJYVHPR,collateral,zSTX,508244436
9049309,zest-v2,SP2HWK2PHPC0F2T5H9P0CHB1A8MRGZJ4GJNJYVHPR,SP2HWK2PHPC0F2T5H9P0CHB1A8MRGZJ4GJNJYVHPR,debt,USDC,71047231
9049309,zest-v2,SP2HWK2PHPC0F2T5H9P0CHB1A8MRGZJ4GJNJYVHPR,SP2HWK2PHPC0F2T5H9P0CHB1A8MRGZJ4GJNJYVHPR,debt_stored,USDC,70278700
9049309,zest-v2,SP26Q69G9J28Q2A2JE50ZQWAATPW42K4R063VMYJN,SP26Q69G9J28Q2A2JE50ZQWAATPW42K4R063VMYJN,collateral,zstSTX,307360157
9049309,zest-v2,SP2WWXTV6PEKSNK5ZK6R74MF9PY5R6FMS6QT8GEE8,SP2WWXTV6PEKSNK5ZK6R74MF9PY5R6FMS6QT8GEE8,collateral,zstSTX,48563014996
9049309,zest-v2,SPJXWDR6YPME7X4BZ8PK6WDG76B7DZVHKEPAACF3,SPJXWDR6YPME7X4BZ8PK6WDG76B7DZVHKEPAACF3,collateral,zstSTX,18880615798
9049309,zest-v2,SP3DYX83AXCQCRBV13B0R37N3TEYFA9J2D1JGGZ3S,SP3DYX83AXCQCRBV13B0R37N3TEYFA9J2D1JGGZ3S,collateral,zstSTX,2273668064
9049309,zest-v2,SP3DYX83AXCQCRBV13B0R37N3TEYFA9J2D1JGGZ3S,SP3DYX83AXCQCRBV13B0R37N3TEYFA9J2D1JGGZ3S,debt,USDH,10000349598
9049309,zest-v2,SP3DYX83AXCQCRBV13B0R37N3TEYFA9J2D1JGGZ3S,SP3DYX83AXCQCRBV13B0R37N3TEYFA9J2D1JGGZ3S,debt_stored,USDH,9899785776
9049309,zest-v2,SPGMVPJY9PDA76V455R8QZFV4YWT4C47CGP7CH19,SPGMVPJY9PDA76V455R8QZFV4YWT4C47CGP7CH19,collateral,zsBTC,15191
