block_height,market,position,account,coll_usd_e8,debt_usd_e8,health,health_low,health_high,liquidatable,dust
9049309,zest-v1,SM1SVFVT6HY7SHBNZ98FHBNJTC10HXAPBSGC8D687,SM1SVFVT6HY7SHBNZ98FHBNJTC10HXAPBSGC8D687,76622624,98420520,0.467114,0.462209,0.472018,yes,true
9049309,zest-v1,SM9RZJ7MKS24RX0CXFQS9G6N9ES8T9HJ8KE0XCQW,SM9RZJ7MKS24RX0CXFQS9G6N9ES8T9HJ8KE0XCQW,6974491,16723800,0.250224,0.247597,0.252851,yes,true
9049309,zest-v1,SP03M23WXVQ4416T4AJKDHY64R311E9NZYF2QD8J,SP03M23WXVQ4416T4AJKDHY64R311E9NZYF2QD8J,226291419,113017120,1.201365,1.201365,1.201365,no,true
9049309,zest-v1,SP04FZTETK9DH5VY5QKABMP1NYCYW40FYBSANGRS,SP04FZTETK9DH5VY5QKABMP1NYCYW40FYBSANGRS,28429535,32804000,0.519989,0.514529,0.525449,yes,true
9049309,zest-v1,SP0864CFTZ2DR8FDCA9PC03AACZRQYWF5A00Y8WZ,SP0864CFTZ2DR8FDCA9PC03AACZRQYWF5A00Y8WZ,3607497142,787554490,2.748379,2.748379,2.748379,no,true
9049309,zest-v1,SP1014BA8MW7DK2CEACDN77RNMSZ91WQG0JTEX8EB,SP1014BA8MW7DK2CEACDN77RNMSZ91WQG0JTEX8EB,503597,5293,47.571982,47.28651,47.857359,no,true
9049309,zest-v1,SP101B76X5WHDRSX57HPGYD6V9DD2VNXG4CHAT3Z1,SP101B76X5WHDRSX57HPGYD6V9DD2VNXG4CHAT3Z1,2144515753,475754300,2.704567,2.676169,2.732965,no,true
9049309,zest-v1,SP1087208W7B3ETPQ8CHP24K0PGNW7GC822SKEFHK,SP1087208W7B3ETPQ8CHP24K0PGNW7GC822SKEFHK,168712073,123132600,0.822099,0.813467,0.830732,yes,true
9049309,zest-v1,SP108PFJNH8ZF0YNH8RDERYTZZW5B135RFYBKCHA3,SP108PFJNH8ZF0YNH8RDERYTZZW5B135RFYBKCHA3,372627976,210143897,1.063922,1.063922,1.063922,no,true
9049309,zest-v1,SP10CRJ9KPTMXGSTJ39GDQYWA1PF09F9HF2RMDEXX,SP10CRJ9KPTMXGSTJ39GDQYWA1PF09F9HF2RMDEXX,7002,1205,3.486473,3.485714,3.487752,no,true
9049309,zest-v1,SP10D4ZCFY7K94W0AHBQPD1MV662FAY7CRWM40VM3,SP10D4ZCFY7K94W0AHBQPD1MV662FAY7CRWM40VM3,43613488,66724400,0.392182,0.388064,0.3963,yes,true
9049309,zest-v1,SP10P477N9V60C2NXEAW5Y8APPS64N0G43JNHRP47,SP10P477N9V60C2NXEAW5Y8APPS64N0G43JNHRP47,251798,240993,0.522418,0.519283,0.525553,yes,true
9049309,zest-v1,SP10RE0D991JAEWTBNH952ANSCCY6H80VSEAFGMJH,SP10RE0D991JAEWTBNH952ANSCCY6H80VSEAFGMJH,5306644904,2762466088,1.152589,1.152589,1.152589,no,false
9049309,zest-v1,SP10VD0X3X2MBYZF52M25Q79QSM3JAB6HBADQRAVC,SP10VD0X3X2MBYZF52M25Q79QSM3JAB6HBADQRAVC,4734571514,762165600,3.727199,3.688063,3.766335,no,true
9049309,zest-v1,SP10X5JQ38APVZSCM8067MJ76987A5EC035Y8BWZK,SP10X5JQ38APVZSCM8067MJ76987A5EC035Y8BWZK,188576308,36977421,3.059861,3.059861,3.059861,no,true
9049309,zest-v1,SP10Y88DW28TRNTYJZXSXG95BSY57ARFAMGYHCRM9,SP10Y88DW28TRNTYJZXSXG95BSY57ARFAMGYHCRM9,64426462,188,205616.368085,205588.231579,205645.109677,no,true
9049309,zest-v1,SP111G0S42TY2TY3QSATH2KZMMRJYY00Q0WA1A1CR,SP111G0S42TY2TY3QSATH2KZMMRJYY00Q0WA1A1CR,3731802101,1850133852,1.210227,1.210227,1.210227,no,false
9049309,zest-v1,SP112B8XRP4BAJ8VKJAA1CD296VCEQX0VBJDEGER5,SP112B8XRP4BAJ8VKJAA1CD296VCEQX0VBJDEGER5,260888738,159862900,0.979172,0.96889,0.989453,yes,true
9049309,zest-v1,SP116Z95PQYPC0CHQX5KJFCW5T2WWQBXJ73ZTAFP9,SP116Z95PQYPC0CHQX5KJFCW5T2WWQBXJ73ZTAFP9,83932,200,209.83,208.5725,211.09,no,true
9049309,zest-v1,SP11877TX1W8QQQH5BXJRD47Q5ZF4WMVP7NF0Y9K9,SP11877TX1W8QQQH5BXJRD47Q5ZF4WMVP7NF0Y9K9,9775470239,4188414622,1.400359,1.400359,1.400359,no,false
9049309,zest-v1,SP11CJX3NEVEE6RZD1M6V06A6Q20B553RJECZY6Q2,SP11CJX3NEVEE6RZD1M6V06A6Q20B553RJECZY6Q2,664166586,7887531,50.522775,50.522775,50.522781,no,true
9049309,zest-v1,SP11EQW67HT9EZFFMFJRBTBMDZ8ED83F41Q47W030,SP11EQW67HT9EZFFMFJRBTBMDZ8ED83F41Q47W030,2955797687,657528700,2.697188,2.668868,2.725509,no,true
9049309,zest-v1,SP11H7YGNJYAPPRMB36S5ZHMPZFHKA0099SADHYP8,SP11H7YGNJYAPPRMB36S5ZHMPZFHKA0099SADHYP8,179205048,130322100,0.825056,0.816393,0.833719,yes,true
9049309,zest-v1,SP11HP6JWVH61F64RR39B33TYPG82VATXTFX20YSJ,SP11HP6JWVH61F64RR39B33TYPG82VATXTFX20YSJ,1938541950,1008139964,1.153734,1.153734,1.153734,no,false
9049309,zest-v1,SP11HW0TCRHMVW75C89FKBHJ19GZWYSNPBN6GM0MQ,SP11HW0TCRHMVW75C89FKBHJ19GZWYSNPBN6GM0MQ,161874481,66512600,1.460245,1.444912,1.475578,no,true
9049309,zest-v1,SP11JJ5RT71B3S5V02WGA77A5TW5SD15A5QZ2WT0F,SP11JJ5RT71B3S5V02WGA77A5TW5SD15A5QZ2WT0F,12691399713,6377221822,1.194069,1.194069,1.194069,no,false
9049309,zest-v1,SP11JS1MKCFR0GCZXTJW52B87QK0GZWA2C2VA2SY9,SP11JS1MKCFR0GCZXTJW52B87QK0GZWA2C2VA2SY9,5052497301,1900602052,1.59502,1.59502,1.59502,no,false
9049309,zest-v1,SP11K4RMT2MVYQD17JWGPZRK2EG0RW7C876BCA662,SP11K4RMT2MVYQD17JWGPZRK2EG0RW7C876BCA662,3058765967,1063303605,1.725998,1.725998,1.725998,no,false
9049309,zest-v1,SP11KG08SDVDGC8QF1D1FE9GGT05WB51CMX1B5DK5,SP11KG08SDVDGC8QF1D1FE9GGT05WB51CMX1B5DK5,385347381,285333118,0.810311,0.810311,0.810311,yes,true
9049309,zest-v1,SP11Q6XVWW91NQG0G1KZGFRVATZPZK2N78VNV52ZQ,SP11Q6XVWW91NQG0G1KZGFRVATZPZK2N78VNV52ZQ,11451,11614,0.591579,0.585328,0.597779,yes,true
9049309,zest-v1,SP11V2Y543KRWF5Z48HVC0EQVJQD5JDVEE70EWRKZ,SP11V2Y543KRWF5Z48HVC0EQVJQD5JDVEE70EWRKZ,4623392515,1660735689,1.670365,1.670365,1.670365,no,false
9049309,zest-v1,SP11VMRK069EPB45ZS20MSW3DGD7QZNBPS2191D49,SP11VMRK069EPB45ZS20MSW3DGD7QZNBPS2191D49,4295115,414,6224.804348,6224.804348,6234.742298,no,true
9049309,zest-v1,SP11WB7FSYTQ9V04H54F4JR36616R4SNK8PH8RQ76,SP11WB7FSYTQ9V04H54F4JR36616R4SNK8PH8RQ76,14645701,150,58582.804,58356.728859,58582.804,no,true
9049309,zest-v1,SP11XCBWERH2V5SFXWPTSAQNCVXZQEW1FF5040FV8,SP11XCBWERH2V5SFXWPTSAQNCVXZQEW1FF5040FV8,3761902055,1865056682,1.210227,1.210227,1.210227,no,false
9049309,zest-v1,SP11XX0PCQVE313J2X3TAHGQ9T1T0NMMEN4XMHABQ,SP11XX0PCQVE313J2X3TAHGQ9T1T0NMMEN4XMHABQ,0,162494300,0,0,0,yes,true
9049309,zest-v1,SP11Z1W6A7HERV06SH414ZE4FK8STF9N244GK3NSZ,SP11Z1W6A7HERV06SH414ZE4FK8STF9N244GK3NSZ,59278107,71172900,0.499725,0.494478,0.504972,yes,true
9049309,zest-v1,SP11ZVV9T0E7D82BFE6T54N1475E2A2EA383X422J,SP11ZVV9T0E7D82BFE6T54N1475E2A2EA383X422J,255561,123752,1.239064,1.239064,1.239072,no,true
9049309,zest-v1,SP1208E4GZ3B52YK5EW7A04FMYK1Q81HCEPQGAPVW,SP1208E4GZ3B52YK5EW7A04FMYK1Q81HCEPQGAPVW,37838072,19674859,1.153901,1.153901,1.153901,no,true
9049309,zest-v1,SP120TSSBSXH9BFJ5MT2XMY5SC4Z5TAGYP4DBZ0V9,SP120TSSBSXH9BFJ5MT2XMY5SC4Z5TAGYP4DBZ0V9,4731384297,1117677239,2.539938,2.539938,2.539938,no,false
9049309,zest-v1,SP1232YJY3NM44265BK37ZC3S6BQ1JXB4MZG1MAZ9,SP1232YJY3NM44265BK37ZC3S6BQ1JXB4MZG1MAZ9,497325406,145580934,2.049686,2.049686,2.049686,no,true
9049309,zest-v1,SP12827T3YEN8812EXXGYCPY1BW4M3KB6FZ1FCRBD,SP12827T3YEN8812EXXGYCPY1BW4M3KB6FZ1FCRBD,54306439,8539227,3.815786,3.776001,3.855566,no,true
9049309,zest-v1,SP12DQSBFRJATP92VET049BJTJ67J8C20EEAZQVT,SP12DQSBFRJATP92VET049BJTJ67J8C20EEAZQVT,70714943,18646837,2.275397,2.275397,2.275398,no,true
9049309,zest-v1,SP12ES6760QNTDV4Z52CKKCR97W4K9JF35M2VYHSW,SP12ES6760QNTDV4Z52CKKCR97W4K9JF35M2VYHSW,111783529,71756100,0.934696,0.924881,0.94451,yes,true
9049309,zest-v1,SP12FXX43RDKMHD2BNQTT6XYQX4AMEEG52XT36N9S,SP12FXX43RDKMHD2BNQTT6XYQX4AMEEG52XT36N9S,1339042667,300726200,2.671618,2.643566,2.69967,no,true
9049309,zest-v1,SP12M9AB90Y8V5V645SZCM2DBE2GS82XET2CXRJE0,SP12M9AB90Y8V5V645SZCM2DBE2GS82XET2CXRJE0,45668,5995,4.570609,4.570518,4.570609,no,true
9049309,zest-v1,SP12MC1AHWA97GXBWWAEPDZG28GKV5HX425Y2W491,SP12MC1AHWA97GXBWWAEPDZG28GKV5HX425Y2W491,2589079208,923360701,1.682384,1.682384,1.682384,no,true
9049309,zest-v1,SP12QAAEH4R5Z9YBPAXG7FBXATDK0AVMCHAKB9AQM,SP12QAAEH4R5Z9YBPAXG7FBXATDK0AVMCHAKB9AQM,1900827328,949313666,1.20139,1.20139,1.201391,no,true
9049309,zest-v1,SP12RM1MZQC1XRW8DVS92D07TJX8CCEK9K3KK6JV,SP12RM1MZQC1XRW8DVS92D07TJX8CCEK9K3KK6JV,0,7436245,0,0,0,yes,true
9049309,zest-v1,SP12TYM182WPP4R73V0542CS8S2RAZRGKQ0NQHFBT,SP12TYM182WPP4R73V0542CS8S2RAZRGKQ0NQHFBT,560851454,185440566,1.814656,1.814656,1.814656,no,true
9049309,zest-v1,SP12VKARQ4SPSS5482G4ZM20VP36J6ER8HFWEDEX,SP12VKARQ4SPSS5482G4ZM20VP36J6ER8HFWEDEX,2015061901280,7487326000,134.564857,133.757468,135.372246,no,false
9049309,zest-v1,SP12ZRK139NWG5AWXXRXT7A1MHAANDDGDZ4H37RYG,SP12ZRK139NWG5AWXXRXT7A1MHAANDDGDZ4H37RYG,0,3379334,0,0,0,yes,true
9049309,zest-v1,SP1317GKQJHCQETSFQZ9MS4YXKVBRR29MMXVFSQJY,SP1317GKQJHCQETSFQZ9MS4YXKVBRR29MMXVFSQJY,15270250808,7890621087,1.161144,1.161144,1.161144,no,false
9049309,zest-v1,SP131T921X82DWY6EFGKXYM5ER9BPHQGN1NQWRWKG,SP131T921X82DWY6EFGKXYM5ER9BPHQGN1NQWRWKG,100184,282500,0.21278,0.210546,0.215015,yes,true
9049309,zest-v1,SP132KFM093E4KV8Q89SYSDCA3H3V8HK9H3E35KTP,SP132KFM093E4KV8Q89SYSDCA3H3V8HK9H3E35KTP,126220990,64940936,1.166177,1.166176,1.166177,no,true
9049309,zest-v1,SP133HFRSC3TQGG5MQD8SG87C4Q1R0N8HS8VXCVG2,SP133HFRSC3TQGG5MQD8SG87C4Q1R0N8HS8VXCVG2,113285,29055,2.339391,2.339391,2.339407,no,true
9049309,zest-v1,SP133VW3D9A5S6V441K2QPC6KNQ7FTQH6Y7C4CHE9,SP133VW3D9A5S6V441K2QPC6KNQ7FTQH6Y7C4CHE9,114009303,32900018,2.079196,2.079196,2.079196,no,true
9049309,zest-v1,SP134ACD749QYM1J4ZTWMJ43MZH38BJB33D24DQB8,SP134ACD749QYM1J4ZTWMJ43MZH38BJB33D24DQB8,854484,60110,8.529203,8.529203,8.529325,no,true
9049309,zest-v1,SP1353CTXA3DHFWFTQPEHCKBKDMYTJQWWK03RFFFN,SP1353CTXA3DHFWFTQPEHCKBKDMYTJQWWK03RFFFN,262257920,11429304,13.767658,13.767658,13.767659,no,true
9049309,zest-v1,SP1398CHCH7S6BT3Q1JCMJP327XGNAZV4FQTTX15H,SP1398CHCH7S6BT3Q1JCMJP327XGNAZV4FQTTX15H,261658096,164302200,0.955525,0.945492,0.965558,yes,true
9049309,zest-v1,SP13B423JDW8N8WB95HHC0735ND4VE5TKCWM83592,SP13B423JDW8N8WB95HHC0735ND4VE5TKCWM83592,8188340410,3526052383,1.393344,1.393344,1.393344,no,false
9049309,zest-v1,SP13BY024J6JHW526XNGNXJVSGXM40VCBM5PJ4HRR,SP13BY024J6JHW526XNGNXJVSGXM40VCBM5PJ4HRR,8973561263,1677025193,3.210528,3.210528,3.210528,no,false
9049309,zest-v1,SP13GAAZ2Y7ZNED8Q2QXX2P7SC5SBP9TSVD54D0XS,SP13GAAZ2Y7ZNED8Q2QXX2P7SC5SBP9TSVD54D0XS,453492665,140112900,1.941974,1.921583,1.962365,no,true
9049309,zest-v1,SP13HQBWPB5ZX6C59VYVY6NVVJEHB1SSYPEJT1DXY,SP13HQBWPB5ZX6C59VYVY6NVVJEHB1SSYPEJT1DXY,3825124690,1930808555,1.18866,1.18866,1.18866,no,false
9049309,zest-v1,SP13N23VJPMDJF838VTKKN8A0Y53MK46CF3726X4A,SP13N23VJPMDJF838VTKKN8A0Y53MK46CF3726X4A,152213842936,39263248986,2.326051,2.326051,2.326051,no,false
9049309,zest-v1,SP13PBPRYHVS6GPQNTE5MX1YZEMNEVHM26FG3KS3Q,SP13PBPRYHVS6GPQNTE5MX1YZEMNEVHM26FG3KS3Q,12014103628,6152546300,1.171623,1.169419,1.173789,no,false
9049309,zest-v1,SP13R7HYNK9HXZSC3P3BSYHVFZA84CB6M697JC46W,SP13R7HYNK9HXZSC3P3BSYHVFZA84CB6M697JC46W,174739496,88460064,1.185209,1.185209,1.185209,no,true
9049309,zest-v1,SP13S4J3BKJESHFVBHHHFNAC5DKKHW6Q4A67N2W2C,SP13S4J3BKJESHFVBHHHFNAC5DKKHW6Q4A67N2W2C,10308042,19108200,0.323674,0.320275,0.327072,yes,true
9049309,zest-v1,SP140D96P51CKBAHYNAGZY7F6184PSVDW14V36DHJ,SP140D96P51CKBAHYNAGZY7F6184PSVDW14V36DHJ,269187677,164302400,0.98302,0.972699,0.993342,yes,true
9049309,zest-v1,SP141GP2MYSE6G8RRRVW3N7R896AF4DG29ZDBAZTB,SP141GP2MYSE6G8RRRVW3N7R896AF4DG29ZDBAZTB,43158182,62657100,0.41328,0.40894,0.417619,yes,true
9049309,zest-v1,SP142CABNW8MASXP6MXTSVJJ0Y7QGD07A76XBTV84,SP142CABNW8MASXP6MXTSVJJ0Y7QGD07A76XBTV84,723971667,167108791,2.599402,2.572109,2.626696,no,true
9049309,zest-v1,SP142SYE5MZ1E1WYV6DMZXDFN9WC643PRNNGVND2Q,SP142SYE5MZ1E1WYV6DMZXDFN9WC643PRNNGVND2Q,93030,941,59.317747,59.31041,59.325242,no,true
9049309,zest-v1,SP143S7QJWE14EYGVTC99HGYEMG70YVG1RT81KA1A,SP143S7QJWE14EYGVTC99HGYEMG70YVG1RT81KA1A,1739536,43800,23.82926,23.579041,24.079466,no,true
9049309,zest-v1,SP144F4JWAGREMXDNJ3TAEN3K5XP30RGB4YRQEAHK,SP144F4JWAGREMXDNJ3TAEN3K5XP30RGB4YRQEAHK,43861,2522,10.434814,10.434814,10.436874,no,true
9049309,zest-v1,SP1454QJJZC5E7Q5D25R32Q1WYCGAN2MZHC1W349D,SP1454QJJZC5E7Q5D25R32Q1WYCGAN2MZHC1W349D,473563178,119147400,2.38476,2.35972,2.4098,no,true
9049309,zest-v1,SP146HRMWDXEC5JVB161N64S5Q40Y7R9TZQKH2DWQ,SP146HRMWDXEC5JVB161N64S5Q40Y7R9TZQKH2DWQ,2589076497,923328346,1.682441,1.682441,1.682442,no,true
9049309,zest-v1,SP14AATYGAPMK2Z5R5R1FAMT87HWQFHNMFFM5D1ZF,SP14AATYGAPMK2Z5R5R1FAMT87HWQFHNMFFM5D1ZF,149621828,108058344,0.830784,0.82206,0.839507,yes,true
9049309,zest-v1,SP14CKWNSJ1YTPH87YJKP2FVRRJJ0SZ430JWWBD42,SP14CKWNSJ1YTPH87YJKP2FVRRJJ0SZ430JWWBD42,37448311,3720485,6.039263,6.039263,6.039263,no,true
9049309,zest-v1,SP14EWQHWR0E0KMF5DEZXHX1HQBSGMNB4JVPWFTAP,SP14EWQHWR0E0KMF5DEZXHX1HQBSGMNB4JVPWFTAP,8674540224,3729502239,1.395555,1.395555,1.395555,no,false
9049309,zest-v1,SP14HZGZN7BNV3PVSY201PCYRQDH1TDKFY1GPM4JN,SP14HZGZN7BNV3PVSY201PCYRQDH1TDKFY1GPM4JN,4838996841,1901023128,1.527282,1.527282,1.527282,no,false
9049309,zest-v1,SP14WZEHZSP2JH861GT0CQ56YJR8JGTAA5RHYX2FX,SP14WZEHZSP2JH861GT0CQ56YJR8JGTAA5RHYX2FX,4860590710,1828901773,1.594593,1.594593,1.594593,no,false
9049309,zest-v1,SP14Z85YT1E5DTSVBKR0ZZ7JYABS7TTYFCFN6DY4P,SP14Z85YT1E5DTSVBKR0ZZ7JYABS7TTYFCFN6DY4P,374254344,74409270,3.017804,3.017804,3.017804,no,true
9049309,zest-v1,SP1501KK51HK431S26R0ZYZD06V38H4S41D77V6B2,SP1501KK51HK431S26R0ZYZD06V38H4S41D77V6B2,700319488,340694493,1.233339,1.233339,1.233339,no,true
9049309,zest-v1,SP151WSSSXWWHRD39S433P6A5XGHGYHVWPFVW8HX7,SP151WSSSXWWHRD39S433P6A5XGHGYHVWPFVW8HX7,149880,983,91.483215,91.453443,91.512991,no,true
9049309,zest-v1,SP15B7SQ231XSA6A4EGM3YKXTK3PZG7X08V00C0Q3,SP15B7SQ231XSA6A4EGM3YKXTK3PZG7X08V00C0Q3,1355095,727831,1.117096,1.117096,1.117097,no,true
9049309,zest-v1,SP15C511T142ZSVJ3SMZP9K8SH5XN9MFB7Q7ZZTJ0,SP15C511T142ZSVJ3SMZP9K8SH5XN9MFB7Q7ZZTJ0,98650717,301,196645.947508,196540.034899,196749.769737,no,true
9049309,zest-v1,SP15DP7F52XA0HR3XRKFSYZ2H9CVQ3JG4Z9BYG9JV,SP15DP7F52XA0HR3XRKFSYZ2H9CVQ3JG4Z9BYG9JV,5673583224,847600,4016.222197,3974.051852,4058.392542,no,true
9049309,zest-v1,SP15ET57VBMPY2F9K6CBDMCC3V8FJSV58VZMZJ4ZZ,SP15ET57VBMPY2F9K6CBDMCC3V8FJSV58VZMZJ4ZZ,1966032,75,15728.256,15684.284211,15773.424324,no,true
9049309,zest-v1,SP15GD4DFAG4X5M0CYNAYMHDPKMMT9Z0NCXNH16HW,SP15GD4DFAG4X5M0CYNAYMHDPKMMT9Z0NCXNH16HW,232106,13576,10.258073,10.258073,10.258478,no,true
9049309,zest-v1,SP15M881ED8JGZ5CAXTR6VM4FRH61C0SJQ3H9BAFR,SP15M881ED8JGZ5CAXTR6VM4FRH61C0SJQ3H9BAFR,708443,941,451.717109,451.660568,451.774866,no,true
9049309,zest-v1,SP15NXA780H0JW0CCBTNVPDP9MN51FAJJ114XWCP,SP15NXA780H0JW0CCBTNVPDP9MN51FAJJ114XWCP,870985150,359580995,1.453333,1.453333,1.453333,no,true
9049309,zest-v1,SP15PDXH4MEW0NZX7P8NM4K1M81E5CRFH705VBCG6,SP15PDXH4MEW0NZX7P8NM4K1M81E5CRFH705VBCG6,9219836301,2200177345,2.514298,2.487898,2.540698,no,false
9049309,zest-v1,SP15Z7WBDTHDGADBYP4DJZH0E3RDCV0CX40181HZM,SP15Z7WBDTHDGADBYP4DJZH0E3RDCV0CX40181HZM,2601918,1392700,0.934127,0.928522,0.939732,yes,true
9049309,zest-v1,SP160N9M3HDGDACNTKJKH0CMPPZMFR2460T6HV7NT,SP160N9M3HDGDACNTKJKH0CMPPZMFR2460T6HV7NT,3815771577,1891763800,1.210227,1.210227,1.210227,no,false
9049309,zest-v1,SP161281WXR94CVTSR3JBQWKY1BXNHTA6QQH656KY,SP161281WXR94CVTSR3JBQWKY1BXNHTA6QQH656KY,78460,1554,30.293436,30.293436,30.306831,no,true
9049309,zest-v1,SP161QHS676YAM88D58Q958DV2XQCSF73DSN7S2DP,SP161QHS676YAM88D58Q958DV2XQCSF73DSN7S2DP,228272285,118031248,1.160399,1.160399,1.160399,no,true
9049309,zest-v1,SP163FWZMXZW7FW8ZD8KHBJQPNTDJMHFVE2Y7EBED,SP163FWZMXZW7FW8ZD8KHBJQPNTDJMHFVE2Y7EBED,414610659,170937734,1.455304,1.455304,1.455304,no,true
9049309,zest-v1,SP166Y3Q445XBHGX4WAJNFH90QDZ5F2QG96KJWA8B,SP166Y3Q445XBHGX4WAJNFH90QDZ5F2QG96KJWA8B,19422400,50043300,0.232867,0.230422,0.235312,yes,true
9049309,zest-v1,SP167DH2FSHMVS3AXXJ50T48Y1VKDPYNTZGEXC6FW,SP167DH2FSHMVS3AXXJ50T48Y1VKDPYNTZGEXC6FW,4892011579,1864358741,1.574379,1.574379,1.574379,no,false
9049309,zest-v1,SP16ADAKN3XK9AVJ1VZX5QMR5E3FSZ88S77V9J0CC,SP16ADAKN3XK9AVJ1VZX5QMR5E3FSZ88S77V9J0CC,0,2507500,0,0,0,yes,true
9049309,zest-v1,SP16CVJT4K2A4Y77T71ZNA13SFX7FB9YJRQ58YGZ4,SP16CVJT4K2A4Y77T71ZNA13SFX7FB9YJRQ58YGZ4,537816,45471940,0.007096,0.007022,0.007171,yes,true
9049309,zest-v1,SP16HXWHTZEHHKBE12AB91PYJ63V0S696G3MZZM8K,SP16HXWHTZEHHKBE12AB91PYJ63V0S696G3MZZM8K,170220611,95961704,1.064303,1.063929,1.06467,no,true
9049309,zest-v1,SP16NWVZETSFCAAWRJCQMV5WZZ6X5E64F9KA0EEDZ,SP16NWVZETSFCAAWRJCQMV5WZZ6X5E64F9KA0EEDZ,68046157,18974350,2.151731,2.151731,2.151731,no,true
9049309,zest-v1,SP16PP6EYRCB7NCTGWAC73DH5X0KXWAPEQ8RKWAKS,SP16PP6EYRCB7NCTGWAC73DH5X0KXWAPEQ8RKWAKS,5793044893,1193021892,2.427887,2.413335,2.442439,no,false
9049309,zest-v1,SP16VJE0XWKRZ8XPQM9RXNR2KC03YYX8910YWWSR,SP16VJE0XWKRZ8XPQM9RXNR2KC03YYX8910YWWSR,17000630442,7068869490,1.443,1.443,1.443,no,false
9049309,zest-v1,SP16WRER12NZMAV63M62FEXHMVWS8V2Q74MHSG04Q,SP16WRER12NZMAV63M62FEXHMVWS8V2Q74MHSG04Q,56398,75,451.184,449.921053,452.481081,no,true
9049309,zest-v1,SP16YGBC7HZDKQAFKJNHNZV1AMEYFANRYCTJ4ZFAC,SP16YGBC7HZDKQAFKJNHNZV1AMEYFANRYCTJ4ZFAC,598457345,176720900,2.031873,2.010538,2.053208,no,true
9049309,zest-v1,SP16ZCNPS9VH8TQM1PMN800TT375YZGPWKP48RQ11,SP16ZCNPS9VH8TQM1PMN800TT375YZGPWKP48RQ11,93557,3552,15.803547,15.802276,15.80496,no,true
9049309,zest-v1,SP174BBVTRQSE3YAMBKD5NKG03TMDQSY6ZMJT14J6,SP174BBVTRQSE3YAMBKD5NKG03TMDQSY6ZMJT14J6,0,12558245142548,0,0,0,yes,false
9049309,zest-v1,SP176ZAN4CW8Q6XC6Y5B5FQE0K5SP4H6K5NNKFPQD,SP176ZAN4CW8Q6XC6Y5B5FQE0K5SP4H6K5NNKFPQD,580961612,290888660,1.198317,1.198317,1.198318,no,true
9049309,zest-v1,SP1779T6BNQ853MTF39HHJAR5E7WVJQZEBGZ2B9VB,SP1779T6BNQ853MTF39HHJAR5E7WVJQZEBGZ2B9VB,0,44594800,0,0,0,yes,true
9049309,zest-v1,SP17BR51JTVDXM97TTWA8AESRSASBWSASN7T47NA,SP17BR51JTVDXM97TTWA8AESRSASBWSASN7T47NA,27499044,716465677,0.023029,0.022787,0.023271,yes,true
9049309,zest-v1,SP17E3Z59RVZDQSMMDVQHYBT156SM5GX3ZFC35MWZ,SP17E3Z59RVZDQSMMDVQHYBT156SM5GX3ZFC35MWZ,14415726194,8012577876,1.079482,1.079482,1.079482,no,false
9049309,zest-v1,SP17K76Z5D963QKB4X8T03ZF0945ZHTER06SK2HJE,SP17K76Z5D963QKB4X8T03ZF0945ZHTER06SK2HJE,2611064815,745839798,2.100503,2.100503,2.100503,no,true
9049309,zest-v1,SP17KV2ZDVGN94KNXTPA9PAR0Q9EZBM623T63WN1R,SP17KV2ZDVGN94KNXTPA9PAR0Q9EZBM623T63WN1R,3641753,1875373,1.165129,1.165129,1.165129,no,true
9049309,zest-v1,SP17KYWCE38C81K43ESJ0R0REC2GTKZVJK927AQH0,SP17KYWCE38C81K43ESJ0R0REC2GTKZVJK927AQH0,29254456,11289477,1.554782,1.554782,1.554782,no,true
9049309,zest-v1,SP17MA2G8RKVR3QHXGZ60V187DVVRT58Q35K91T3C,SP17MA2G8RKVR3QHXGZ60V187DVVRT58Q35K91T3C,10594,112,56.753571,56.342105,56.753571,no,true
9049309,zest-v1,SP17NP61ZCJ6WR52J70A5K3MA76R5MBEGWM6KG3PQ,SP17NP61ZCJ6WR52J70A5K3MA76R5MBEGWM6KG3PQ,2262923530,424900,3195.467446,3161.915028,3229.019864,no,true
9049309,zest-v1,SP17TK3BKFPQADD4Q1CTWSR5GC7GVFY7VE76NJTW5,SP17TK3BKFPQADD4Q1CTWSR5GC7GVFY7VE76NJTW5,17449243001,12701159850,0.824298,0.824298,0.824298,yes,false
9049309,zest-v1,SP17WCRVRXZ2WKQ4FVKJVFTSDYT9VRWC5GPSWZ7KE,SP17WCRVRXZ2WKQ4FVKJVFTSDYT9VRWC5GPSWZ7KE,5840831428,2238924166,1.56526,1.56526,1.56526,no,false
9049309,zest-v1,SP17Y3F4K7MTJH4724RMTZFZ2V15AJFWGJSAJP2YZ,SP17Y3F4K7MTJH4724RMTZFZ2V15AJFWGJSAJP2YZ,170115553,40924962,2.494061,2.494061,2.494061,no,true
9049309,zest-v1,SP17Y608F82R6HAJ581MM88E4G1SYRQDNXW7F5A7Q,SP17Y608F82R6HAJ581MM88E4G1SYRQDNXW7F5A7Q,2769783,1862300,0.743646,0.739184,0.748108,yes,true
9049309,zest-v1,SP17Y80B07H734FWQDJ7Q14R9CVST8B89XG1PBVYE,SP17Y80B07H734FWQDJ7Q14R9CVST8B89XG1PBVYE,787539280,272833234,1.731914,1.731914,1.731914,no,true
9049309,zest-v1,SP17YC7VY423W3DJ42PQGHJQMMRXS1P19SV51G18Z,SP17YC7VY423W3DJ42PQGHJQMMRXS1P19SV51G18Z,174132669,47222245,2.212508,2.212508,2.212508,no,true
9049309,zest-v1,SP180BMQ04G5NHKMTC2GENHEMJMFK4KQ5KENHZ53,SP180BMQ04G5NHKMTC2GENHEMJMFK4KQ5KENHZ53,19422400,50043300,0.232867,0.230422,0.235312,yes,true
9049309,zest-v1,SP18295NSWPNSHYF8CYQYVFAJTPM8855242MPBG96,SP18295NSWPNSHYF8CYQYVFAJTPM8855242MPBG96,379012,112532,2.020823,2.020815,2.020823,no,true
9049309,zest-v1,SP18330JGP6V4ZYGVJXHPQ0JSWNTEQX6YMMQJTP8T,SP18330JGP6V4ZYGVJXHPQ0JSWNTEQX6YMMQJTP8T,7205819365,3497733408,1.236084,1.236084,1.236084,no,false
9049309,zest-v1,SP1843KM1SPSMM8MHE4YFDFKFNKC8FFK8BTM47W1X,SP1843KM1SPSMM8MHE4YFDFKFNKC8FFK8BTM47W1X,1181594479,526771047,1.345854,1.341192,1.35045,no,true
9049309,zest-v1,SP185MT0TN0QRKMSV2KXS6HD9NC8P1RMBWKVNVJXP,SP185MT0TN0QRKMSV2KXS6HD9NC8P1RMBWKVNVJXP,1772755507,372962975,2.851901,2.851901,2.851901,no,true
9049309,zest-v1,SP186MEMH2RD9VM194VRTYDZDYPC6B26B119GDHTK,SP186MEMH2RD9VM194VRTYDZDYPC6B26B119GDHTK,27052677,26799452,0.605669,0.59931,0.612029,yes,true
9049309,zest-v1,SP187S18MC3B6E80QNMGDDWFJTZVZM65PPVCR1QP8,SP187S18MC3B6E80QNMGDDWFJTZVZM65PPVCR1QP8,93663500,37293071,1.506931,1.506931,1.506931,no,true
9049309,zest-v1,SP18A6PSVMYTC9REXF5MED259S5Y9TRHHD8Z7Y69N,SP18A6PSVMYTC9REXF5MED259S5Y9TRHHD8Z7Y69N,0,3108,0,0,0,yes,true
9049309,zest-v1,SP18C9Q2F2FXGR1Z4HFM2M6HNRPCBB8XAZ0SBASA4,SP18C9Q2F2FXGR1Z4HFM2M6HNRPCBB8XAZ0SBASA4,94875,4980,11.430723,11.430723,11.432393,no,true
9049309,zest-v1,SP18NFAVW5MFHM3EWYQ2C5VMJKT2XX7GKN5KQZ0QC,SP18NFAVW5MFHM3EWYQ2C5VMJKT2XX7GKN5KQZ0QC,2720095636,661188740,2.468368,2.468368,2.468368,no,true
9049309,zest-v1,SP18Q554PS648J745RNFFKT90QW7NW8WASQJ06TC8,SP18Q554PS648J745RNFFKT90QW7NW8WASQJ06TC8,79202279,18974350,2.504506,2.504506,2.504506,no,true
9049309,zest-v1,SP18Q757EDXW10RD1TSKS59PXRP1AEEEF8RWVPY37,SP18Q757EDXW10RD1TSKS59PXRP1AEEEF8RWVPY37,411452282,22590380,10.928164,10.928164,10.928164,no,true
9049309,zest-v1,SP18RB0ZXYQJXWSCS089W1MFYEBJWQ7E2895MB8QM,SP18RB0ZXYQJXWSCS089W1MFYEBJWQ7E2895MB8QM,3926825468,2037635156,1.156289,1.156289,1.156289,no,false
9049309,zest-v1,SP18T8G59THD4TZM9E976SQY0F4926C6H708R4RG4,SP18T8G59THD4TZM9E976SQY0F4926C6H708R4RG4,7676328416,3995652577,1.152702,1.152702,1.152702,no,false
9049309,zest-v1,SP18TX7QQAFABXXTZYFR75RGPDPDQ35ZYXFJXRYBC,SP18TX7QQAFABXXTZYFR75RGPDPDQ35ZYXFJXRYBC,20104,539,22.379221,22.379221,22.40625,no,true
9049309,zest-v1,SP18ZCM270DVYG56EVKQKXHSS7FP3QQCZBZ7H5BVW,SP18ZCM270DVYG56EVKQKXHSS7FP3QQCZBZ7H5BVW,63539283589,31570341984,1.207575,1.207575,1.207575,no,false
9049309,zest-v1,SP190VXRZCP3KBTVE5E84GPBY7P9WKY9D5Z4QTA79,SP190VXRZCP3KBTVE5E84GPBY7P9WKY9D5Z4QTA79,1127058070,291291200,2.321508,2.297132,2.345884,no,true
9049309,zest-v1,SP191XBB3YSB93R9HXRSMM6YP47CCHRFT4GTRZQEH,SP191XBB3YSB93R9HXRSMM6YP47CCHRFT4GTRZQEH,68087584,66724300,0.612259,0.60583,0.618688,yes,true
9049309,zest-v1,SP1943YQ7FTHDZ4G7Y5VGRE5EQE8WW1APTJ6MVV0A,SP1943YQ7FTHDZ4G7Y5VGRE5EQE8WW1APTJ6MVV0A,3552059311,1118876777,1.904799,1.904799,1.904799,no,false
9049309,zest-v1,SP195Q21AEE0E3D97F5B4ADZ7308V555FQA1S7GZ3,SP195Q21AEE0E3D97F5B4ADZ7308V555FQA1S7GZ3,3614029325,273991996,7.914164,7.914164,7.914164,no,true
9049309,zest-v1,SP196Q9CYB2NZ24AMZ0XHP5N8MYRJ1NE48XXA0GKK,SP196Q9CYB2NZ24AMZ0XHP5N8MYRJ1NE48XXA0GKK,11111331714,5520256200,1.207697,1.207697,1.207697,no,false
9049309,zest-v1,SP19AZ6MKKXV0JW5R05F7YBY68NF72TSMVB2CF0CB,SP19AZ6MKKXV0JW5R05F7YBY68NF72TSMVB2CF0CB,68747,8500,4.852729,4.801765,4.903624,no,true
9049309,zest-v1,SP19B7JPCGVBP2TEZ32FYHVQPWD9JGVGVBWZJNFCX,SP19B7JPCGVBP2TEZ32FYHVQPWD9JGVGVBWZJNFCX,79740,8600,5.563256,5.50486,5.621651,no,true
9049309,zest-v1,SP19D19PQW69KV4TJDSXVXCXTDSSX7H08A2Y1E90X,SP19D19PQW69KV4TJDSXVXCXTDSSX7H08A2Y1E90X,481083234,175841442,1.641535,1.624299,1.658771,no,true
9049309,zest-v1,SP19EC75DBV7BXMEHGW7XFM2G4NM5R8Y31T06BJK5,SP19EC75DBV7BXMEHGW7XFM2G4NM5R8Y31T06BJK5,188576308,36977421,3.059861,3.059861,3.059861,no,true
9049309,zest-v1,SP19ECAYACEGGD56T9CFNGRQJC32F8P1H50EATCHX,SP19ECAYACEGGD56T9CFNGRQJC32F8P1H50EATCHX,126972193,59735706,1.27534,1.261949,1.288731,no,true
9049309,zest-v1,SP19JJBMB7B5BZ8ZENAFREFWZ4YPDDBV1FDE07264,SP19JJBMB7B5BZ8ZENAFREFWZ4YPDDBV1FDE07264,4886486244,1864266452,1.572678,1.572678,1.572679,no,false
9049309,zest-v1,SP19V54WD431PG6VCS5NE31BAWVQ9DB4WVHN5Z579,SP19V54WD431PG6VCS5NE31BAWVQ9DB4WVHN5Z579,3021332094,978705562,1.852242,1.836708,1.867709,no,true
9049309,zest-v1,SP19VP6TGY5JS6YEFBZHMB1DRAVJE8F49HJ7N3ANN,SP19VP6TGY5JS6YEFBZHMB1DRAVJE8F49HJ7N3ANN,107746427,77039900,0.839148,0.830337,0.847959,yes,true
9049309,zest-v1,SP1A02Z9HE18BXC2800RWXDQW4N7Y128CQHYKG8T5,SP1A02Z9HE18BXC2800RWXDQW4N7Y128CQHYKG8T5,76190167,87399300,0.523049,0.517557,0.528541,yes,true
9049309,zest-v1,SP1A0KMTXFG8R9974ZH1ZJPVCXWVPQ1PEG62D9JQZ,SP1A0KMTXFG8R9974ZH1ZJPVCXWVPQ1PEG62D9JQZ,1094634462,118008572,5.565534,5.565534,5.565534,no,true
9049309,zest-v1,SP1A0T49CAVT2Q2WS3NJQWJXRR47GG2XMZ2Q2XK7F,SP1A0T49CAVT2Q2WS3NJQWJXRR47GG2XMZ2Q2XK7F,1923484970,45300,25476.622119,25209.11751,25744.126728,no,true
9049309,zest-v1,SP1A2XFKZ9KG3Y9SSJK7WMJFJM7RA71M5AR1V5GB,SP1A2XFKZ9KG3Y9SSJK7WMJFJM7RA71M5AR1V5GB,33887601,3671604,5.537787,5.537787,5.537787,no,true
9049309,zest-v1,SP1A3C02M44YXV6NB049PSBE2V7PZ6MNMAK4Q9AZF,SP1A3C02M44YXV6NB049PSBE2V7PZ6MNMAK4Q9AZF,1577155,4758,198.884615,198.882903,198.886364,no,true
9049309,zest-v1,SP1A4MBYCB2DKM0HCVPTCKWBVSAD0J73KWVRJ8RWF,SP1A4MBYCB2DKM0HCVPTCKWBVSAD0J73KWVRJ8RWF,993042395,349989190,1.702411,1.702411,1.702411,no,true
9049309,zest-v1,SP1A7N0043HV6HZVGK3MWYEGTJ0Z6CDZ3CTR7KMXA,SP1A7N0043HV6HZVGK3MWYEGTJ0Z6CDZ3CTR7KMXA,210222885,138951803,0.907752,0.90203,0.913425,yes,true
9049309,zest-v1,SP1A9NJCYPQ8B0B8Q1ETG55T8YYG7X3S5EBEHZXMS,SP1A9NJCYPQ8B0B8Q1ETG55T8YYG7X3S5EBEHZXMS,115924886,60390862,1.151746,1.151746,1.151746,no,true
9049309,zest-v1,SP1AAHHRZ4D47AAGAC74JFMEF70CRE93TVRHG2GZR,SP1AAHHRZ4D47AAGAC74JFMEF70CRE93TVRHG2GZR,4714424009,2555121698,1.107053,1.105401,1.108675,no,false
9049309,zest-v1,SP1ACH08CD1FGTR0P7X1E7JNK5HYMYJPZF48X1NAE,SP1ACH08CD1FGTR0P7X1E7JNK5HYMYJPZF48X1NAE,37715261,7395420,3.059888,3.059888,3.059888,no,true
9049309,zest-v1,SP1AEBF4EB838CWQ3W4HJ596MYDN4KQ2N3DXGE6XC,SP1AEBF4EB838CWQ3W4HJ596MYDN4KQ2N3DXGE6XC,998594699,331696448,1.806341,1.806341,1.806341,no,true
9049309,zest-v1,SP1AEFS4DFN77S096X55273MZX8CHW8Q2VGJKQWVA,SP1AEFS4DFN77S096X55273MZX8CHW8Q2VGJKQWVA,43385951778,19938022276,1.305625,1.305625,1.305625,no,false
9049309,zest-v1,SP1AK1KCKKB6T0EKA86K1DHPRFZ670A1VSSVNV290,SP1AK1KCKKB6T0EKA86K1DHPRFZ670A1VSSVNV290,625170004,193489900,1.938613,1.918257,1.958968,no,true
9049309,zest-v1,SP1AMRSG2DZE6SKWSTJJ5C0GGVVXQMFH2JR1ZNVXM,SP1AMRSG2DZE6SKWSTJJ5C0GGVVXQMFH2JR1ZNVXM,151838,865,105.321156,105.210514,105.321156,no,true
9049309,zest-v1,SP1AQE6H9S85V6S9AXEQ2FAZ6EMC2M83YJM3DKJ47,SP1AQE6H9S85V6S9AXEQ2FAZ6EMC2M83YJM3DKJ47,8859496,4276290,1.243063,1.243063,1.243063,no,true
9049309,zest-v1,SP1AQGDVHGD26NGP5SGVZ85NP6RGPE8DZ57CES1D1,SP1AQGDVHGD26NGP5SGVZ85NP6RGPE8DZ57CES1D1,3414906016,1931473834,1.060819,1.060819,1.060819,no,false
9049309,zest-v1,SP1ASGET1H4KYN7T6CHS2TAXSCASY9WSK37F276N8,SP1ASGET1H4KYN7T6CHS2TAXSCASY9WSK37F276N8,7130429615,3458505822,1.855537,1.855537,1.855537,no,false
9049309,zest-v1,SP1AVKGHDB8W0C0WKA65H68HZPY45TRTMXYZV57AK,SP1AVKGHDB8W0C0WKA65H68HZPY45TRTMXYZV57AK,3771533205,789270985,2.867101,2.867101,2.867101,no,true
9049309,zest-v1,SP1AWFA1CJ71Y306NZJ3JVFC3PHGH5QW8D8JVXW8W,SP1AWFA1CJ71Y306NZJ3JVFC3PHGH5QW8D8JVXW8W,381036227,252300,906.150361,896.635781,915.664944,no,true
9049309,zest-v1,SP1B3VQQNPV28JWT4RPRHS9VSDB9Z3E4TP1BFY4R8,SP1B3VQQNPV28JWT4RPRHS9VSDB9Z3E4TP1BFY4R8,77650270,44988004,1.035613,1.018627,1.052804,no,true
9049309,zest-v1,SP1BBWNR5ND5XFZH1JW15SXSTKBV3YKCZB53DNM8W,SP1BBWNR5ND5XFZH1JW15SXSTKBV3YKCZB53DNM8W,43980778,819591,32.197116,32.197105,32.197127,no,true
9049309,zest-v1,SP1BCG1NS7VTHSD12EFKMCTQTG4X2CXVR40J4PZS2,SP1BCG1NS7VTHSD12EFKMCTQTG4X2CXVR40J4PZS2,7899517404,4104345535,1.154803,1.154803,1.154803,no,false
9049309,zest-v1,SP1BGEZ7BC5Y4Q8GR9S8D04A2BHYEHKR5MYFMJTV8,SP1BGEZ7BC5Y4Q8GR9S8D04A2BHYEHKR5MYFMJTV8,164526,301,327.958804,327.781208,328.130921,no,true
9049309,zest-v1,SP1BKCYPZR74V7WGREYGTN6HX40W66NZ51SJ39XWG,SP1BKCYPZR74V7WGREYGTN6HX40W66NZ51SJ39XWG,41486904,3720485,6.690564,6.690564,6.690564,no,true
9049309,zest-v1,SP1BNF6VVD3PE2XEFMYPGVS21PE6CJBRTQ4PTGDFK,SP1BNF6VVD3PE2XEFMYPGVS21PE6CJBRTQ4PTGDFK,18991288,641418,17.764972,17.764969,17.764975,no,true
9049309,zest-v1,SP1BQBW16Y1PY48M0F5JFWP46076TK7TH5XTSC6Z7,SP1BQBW16Y1PY48M0F5JFWP46076TK7TH5XTSC6Z7,1906199770,447491641,2.555846,2.555846,2.555846,no,true
9049309,zest-v1,SP1BZWYYK75ZJGMPHR8ZT5JVW62DRA816VZ9TR0TK,SP1BZWYYK75ZJGMPHR8ZT5JVW62DRA816VZ9TR0TK,2521359,5800,260.830241,258.091552,263.568931,no,true
9049309,zest-v1,SP1C3RX6Y4M3E2SK305WY65VFWD956GWEGZPSSEVB,SP1C3RX6Y4M3E2SK305WY65VFWD956GWEGZPSSEVB,0,37186459,0,0,0,yes,true
9049309,zest-v1,SP1C4ZN118N6TV5B375WJJWW0Y7PE919FSN9S2PGQ,SP1C4ZN118N6TV5B375WJJWW0Y7PE919FSN9S2PGQ,2036925,4440100,0.275254,0.272364,0.278144,yes,true
9049309,zest-v1,SP1C7AJ04AKA9KAGB41MG2D6W37GYFEXV7R2PBSSJ,SP1C7AJ04AKA9KAGB41MG2D6W37GYFEXV7R2PBSSJ,19658051,3991663,2.954866,2.954866,2.954867,no,true
9049309,zest-v1,SP1CC4F8MVMFKJ3PVMGXJZEC2ZCPV6MMGVF921Y3M,SP1CC4F8MVMFKJ3PVMGXJZEC2ZCPV6MMGVF921Y3M,37753107672,14914555368,1.518776,1.518776,1.518776,no,false
9049309,zest-v1,SP1CCVPBKXT69WRP8VKSK2VJ5W0M5MTBHG2HPS962,SP1CCVPBKXT69WRP8VKSK2VJ5W0M5MTBHG2HPS962,59673,752,47.611436,47.554631,47.611436,no,true
9049309,zest-v1,SP1CDNKMQ473VC0TSKTDWZ2AC6CF4Q2E7Q2FFFG9J,SP1CDNKMQ473VC0TSKTDWZ2AC6CF4Q2E7Q2FFFG9J,1519343,9449,96.476431,96.468489,96.476431,no,true
9049309,zest-v1,SP1CFYP0E00YWR57Q655YQYZWXVHPF8AXVSJA82QC,SP1CFYP0E00YWR57Q655YQYZWXVHPF8AXVSJA82QC,396005409,108129704,2.197391,2.197391,2.197391,no,true
9049309,zest-v1,SP1CH3JGDJVWX8GYHD0BGF3HQ7QTZ7ZQ0YEJH22M,SP1CH3JGDJVWX8GYHD0BGF3HQ7QTZ7ZQ0YEJH22M,2854340280,1425516869,1.201392,1.201392,1.201392,no,false
9049309,zest-v1,SP1CPCHYC3587VW9KXFMM6CYFGQSHYVFVM4YJ64KV,SP1CPCHYC3587VW9KXFMM6CYFGQSHYVFVM4YJ64KV,7718,75,61.744,61.571053,61.921622,no,true
9049309,zest-v1,SP1CQ0KPN64TZTPFCHF6K8FCX8H3Q54BPWW5DQ7WF,SP1CQ0KPN64TZTPFCHF6K8FCX8H3Q54BPWW5DQ7WF,671462,605401,0.55456,0.551232,0.557887,yes,true
9049309,zest-v1,SP1CQXF17BARCXH5FVWJ9RT84PE7SNCNNF4PTTYW6,SP1CQXF17BARCXH5FVWJ9RT84PE7SNCNNF4PTTYW6,7800201277,3067323028,1.5258,1.5258,1.5258,no,false
9049309,zest-v1,SP1CW0XDACDGQQWTT751T6JFJ01JNMZJQEPRN92Y2,SP1CW0XDACDGQQWTT751T6JFJ01JNMZJQEPRN92Y2,0,251740205,0,0,0,yes,true
9049309,zest-v1,SP1D1YXHQAR6KJBARGR556FB1WA55R9P372PN86MB,SP1D1YXHQAR6KJBARGR556FB1WA55R9P372PN86MB,167373838,100803345,0.99624,0.9799,1.012777,band,true
9049309,zest-v1,SP1D3HGT89HWFX56YYF02HFH1VZR4EMVDRH86JRF9,SP1D3HGT89HWFX56YYF02HFH1VZR4EMVDRH86JRF9,376194147,195818401,1.152683,1.152683,1.152683,no,true
9049309,zest-v1,SP1D5RXTDDMJ1PHJ6QQVDC6GY3QCDVNQPKFWS35FK,SP1D5RXTDDMJ1PHJ6QQVDC6GY3QCDVNQPKFWS35FK,212527637822,56079328300,2.273861,2.249985,2.297736,no,false
9049309,zest-v1,SP1DA3QCZE3FG9VCZ8V3CWS6QMHYARK0GD26AGQHM,SP1DA3QCZE3FG9VCZ8V3CWS6QMHYARK0GD26AGQHM,13321119878,36216734,220.690025,220.690024,220.690026,no,true
9049309,zest-v1,SP1DC7R5978SMVF9SK7PA07WKVD6G1GTJ8FHWKZET,SP1DC7R5978SMVF9SK7PA07WKVD6G1GTJ8FHWKZET,3404391,1334500,1.530637,1.514565,1.546709,no,true
9049309,zest-v1,SP1DC9TAV0P22SHK2DN2PAQ8A8PZXKKFWR6NG4G1K,SP1DC9TAV0P22SHK2DN2PAQ8A8PZXKKFWR6NG4G1K,1886856,1036214,1.092548,1.092548,1.092548,no,true
9049309,zest-v1,SP1DFRYMYTY829Y9ZYH7ZQSWD94M0PZB6R0WEFZHF,SP1DFRYMYTY829Y9ZYH7ZQSWD94M0PZB6R0WEFZHF,6096073602,1763903315,2.073608,2.073608,2.073608,no,false
9049309,zest-v1,SP1DMY09AC1716AQ4BQ6F9XC4QK5PRT0C4H3AN0SH,SP1DMY09AC1716AQ4BQ6F9XC4QK5PRT0C4H3AN0SH,1427789541,573266504,1.494373,1.491598,1.497099,no,true
9049309,zest-v1,SP1DP772MMNNEA7PVSSKZMZYA0K2PMTF92AYBWDAJ,SP1DP772MMNNEA7PVSSKZMZYA0K2PMTF92AYBWDAJ,3495886158,1737770679,1.207024,1.207024,1.207024,no,false
9049309,zest-v1,SP1DR90069XVXRQ7ZQPJATABVJF6PFAGJ2FK346FQ,SP1DR90069XVXRQ7ZQPJATABVJF6PFAGJ2FK346FQ,1495593537,559288605,1.60446,1.60446,1.60446,no,true
9049309,zest-v1,SP1DRS6WVXNRKWAMBR66FJFVM1JRRXJJZVJ1NPVWP,SP1DRS6WVXNRKWAMBR66FJFVM1JRRXJJZVJ1NPVWP,30683,63,292.219048,290.68125,293.816129,no,true
9049309,zest-v1,SP1DTNP1973ZGMXPN21RBB4P73Q5G2H4JRMXN35ZR,SP1DTNP1973ZGMXPN21RBB4P73Q5G2H4JRMXN35ZR,277602191913,92391798551,1.802772,1.802772,1.802772,no,false
9049309,zest-v1,SP1E2630AV1RBY3A3D56M2TPF6PH63MGBA1FJSY63,SP1E2630AV1RBY3A3D56M2TPF6PH63MGBA1FJSY63,17009239,3718645,2.744425,2.744425,2.744425,no,true
9049309,zest-v1,SP1E2KMT1DSKZ3CVRWG9470N5TZFFGZBQZAKYWVZH,SP1E2KMT1DSKZ3CVRWG9470N5TZFFGZBQZAKYWVZH,170115553,40924962,2.494061,2.494061,2.494061,no,true
9049309,zest-v1,SP1E3SYVDWCA3TRWT6TF2C3GAHSZB0NSEAQ46WEK2,SP1E3SYVDWCA3TRWT6TF2C3GAHSZB0NSEAQ46WEK2,440267913,230467865,1.146193,1.146193,1.146193,no,true
9049309,zest-v1,SP1E3ZXZFV03GVCRWBBY9677SJ8AGQQNZDQ54EZRF,SP1E3ZXZFV03GVCRWBBY9677SJ8AGQQNZDQ54EZRF,671462,611319,0.549191,0.545896,0.552487,yes,true
9049309,zest-v1,SP1E530A9WSDDKWGTV37BQXGX5PRJPQ951EYGK2HA,SP1E530A9WSDDKWGTV37BQXGX5PRJPQ951EYGK2HA,5028237015,1990144664,1.515941,1.515941,1.515941,no,false
9049309,zest-v1,SP1E5752R0Y8JQNEGZPW77X4CDBJEJFP45QC7XQG2,SP1E5752R0Y8JQNEGZPW77X4CDBJEJFP45QC7XQG2,11400462019,2112525000,3.237963,3.203964,3.271961,no,false
9049309,zest-v1,SP1ECA5M0E3NEYGGV8PNY61VEDA20QPVN23P8HTVS,SP1ECA5M0E3NEYGGV8PNY61VEDA20QPVN23P8HTVS,355007867,148187100,1.437404,1.422311,1.452497,no,true
9049309,zest-v1,SP1ECQJPTA9RREM5RR2TMFPDCE57GX58TR2S86KRT,SP1ECQJPTA9RREM5RR2TMFPDCE57GX58TR2S86KRT,11157438193,3879000273,1.725822,1.725822,1.725822,no,false
9049309,zest-v1,SP1ED2H5ENVTRW8NG3BQ47V3M4W14G71WH4YASD5B,SP1ED2H5ENVTRW8NG3BQ47V3M4W14G71WH4YASD5B,1901251143,1381395349,0.825796,0.825796,0.825796,yes,false
9049309,zest-v1,SP1EK2BRHDJ7XWG61GPV638KM0MT7PF1AJYXYTTAG,SP1EK2BRHDJ7XWG61GPV638KM0MT7PF1AJYXYTTAG,1426858,4635,153.922114,152.998598,154.845631,no,true
9049309,zest-v1,SP1EKDMMG508FY96RSEQ1EFGGZ6J8T8DCDPAM12HS,SP1EKDMMG508FY96RSEQ1EFGGZ6J8T8DCDPAM12HS,1700531,2268800,0.449717,0.444995,0.454439,yes,true
9049309,zest-v1,SP1EM9A5C61ME8X731NKN82HQGEEY61K44YG9QDRG,SP1EM9A5C61ME8X731NKN82HQGEEY61K44YG9QDRG,222826277,39456,3388.477448,3388.477448,3388.539228,no,true
9049309,zest-v1,SP1EP6854YZ8QKV5AVY613BDFQMMEXBN1FRHT2DFZ,SP1EP6854YZ8QKV5AVY613BDFQMMEXBN1FRHT2DFZ,160373226,104776600,0.918372,0.908729,0.928015,yes,true
9049309,zest-v1,SP1EPGQFF64GK4C262XVVCF90XTRMND9C8ZXR7DG4,SP1EPGQFF64GK4C262XVVCF90XTRMND9C8ZXR7DG4,170115553,40925025,2.494057,2.494057,2.494057,no,true
9049309,zest-v1,SP1EQFEYMXFMCCCMQJ6FCNQY65F0KQCJ4DTVPQRDF,SP1EQFEYMXFMCCCMQJ6FCNQY65F0KQCJ4DTVPQRDF,2566091233,1296261632,1.187765,1.187765,1.187765,no,false
9049309,zest-v1,SP1EQGZT0WN75N5AMJH2C40N5GBJTEVY9E6ZY8EH3,SP1EQGZT0WN75N5AMJH2C40N5GBJTEVY9E6ZY8EH3,17486985220,2584231697,4.060081,4.017451,4.102712,no,false
9049309,zest-v1,SP1EQPJS15JMH6YHA079SH15E77ZZB321NQBR5RZ1,SP1EQPJS15JMH6YHA079SH15E77ZZB321NQBR5RZ1,505380229,251613476,1.205135,1.205135,1.205135,no,true
9049309,zest-v1,SP1ES0J06MWHJ0VS0MH1XWJR3V3Z64A1HWF0BQ6MA,SP1ES0J06MWHJ0VS0MH1XWJR3V3Z64A1HWF0BQ6MA,5220757060,2027860029,1.544709,1.544709,1.544709,no,false
9049309,zest-v1,SP1ESHCAMQ1ENPXNXH1J3SK76WDE8YQF3NNK5J1D6,SP1ESHCAMQ1ENPXNXH1J3SK76WDE8YQF3NNK5J1D6,2219210814,922892508,1.442775,1.442775,1.442775,no,true
9049309,zest-v1,SP1EW1NDQG9G73R7TZGJXMRK6E7VERVHRG7HPN5VX,SP1EW1NDQG9G73R7TZGJXMRK6E7VERVHRG7HPN5VX,0,1735927900,0,0,0,yes,false
9049309,zest-v1,SP1EZWR5J704A5G1JSV3V8PS0DWXHEFPYEN913XXC,SP1EZWR5J704A5G1JSV3V8PS0DWXHEFPYEN913XXC,37351217869,3758991490,5.9619,5.9619,5.9619,no,false
9049309,zest-v1,SP1F8ZDT9JXPD5DY3J0RC54DWZSAXETD6QZ98KC4C,SP1F8ZDT9JXPD5DY3J0RC54DWZSAXETD6QZ98KC4C,6645216243,1835619992,2.172089,2.172089,2.172089,no,false
9049309,zest-v1,SP1FARHKYYEEDY9ZDXJ1Z26ADSA2MCDQ4PES1VXJH,SP1FARHKYYEEDY9ZDXJ1Z26ADSA2MCDQ4PES1VXJH,11050562893,5140912603,1.28972,1.28972,1.28972,no,false
9049309,zest-v1,SP1FC4XP3KC8083WB8SB6GMVETKG2TXH9KGX98QFE,SP1FC4XP3KC8083WB8SB6GMVETKG2TXH9KGX98QFE,31700,200,95.1,94.101,96.099,no,true
9049309,zest-v1,SP1FCPT26X5HP0MNHMYD3GBSZANAKGMFZH816W2TM,SP1FCPT26X5HP0MNHMYD3GBSZANAKGMFZH816W2TM,170092365,37186459,2.744424,2.744424,2.744424,no,true
9049309,zest-v1,SP1FGB9YER7MQJSSZ27R75Z1M52XCTCCH9FS20HB0,SP1FGB9YER7MQJSSZ27R75Z1M52XCTCCH9FS20HB0,272254079,182822000,0.893505,0.884124,0.902887,yes,true
9049309,zest-v1,SP1FMGBW83M2SDPE3JSCZ3SACY604BVSTJS2SA1VP,SP1FMGBW83M2SDPE3JSCZ3SACY604BVSTJS2SA1VP,251798,50,2517.98,2502.87,2533.09,no,true
9049309,zest-v1,SP1FNHJVFEHHNMT060JXNA09Z4HPMCEFJXQS31QQZ,SP1FNHJVFEHHNMT060JXNA09Z4HPMCEFJXQS31QQZ,2049002417,744809741,1.650625,1.650625,1.650625,no,true
9049309,zest-v1,SP1FTHMG0MTJ278RX4VY2FR21QNVB46AAV02Y62S8,SP1FTHMG0MTJ278RX4VY2FR21QNVB46AAV02Y62S8,169709595,39456416,2.580715,2.580715,2.580715,no,true
9049309,zest-v1,SP1G0EGYPGT7RQN2JJEQVPP1QRHZA5Y5HHY2CQX0F,SP1G0EGYPGT7RQN2JJEQVPP1QRHZA5Y5HHY2CQX0F,34017020,7436245,2.744693,2.744693,2.744693,no,true
9049309,zest-v1,SP1G2ZMNH1ZCW7BWTE61BFVKXSFVE6DXPQX31HNAA,SP1G2ZMNH1ZCW7BWTE61BFVKXSFVE6DXPQX31HNAA,37715261,7395420,3.059888,3.059888,3.059888,no,true
9049309,zest-v1,SP1G3R4G3Z1P8T3NQ56P2BV32VYBD879ZBCH9CQJ7,SP1G3R4G3Z1P8T3NQ56P2BV32VYBD879ZBCH9CQJ7,104927,1881800,0.033455,0.033104,0.033807,yes,true
9049309,zest-v1,SP1G7SS5NSR89JZVQR8F62GQK7MP86D53823NB0A5,SP1G7SS5NSR89JZVQR8F62GQK7MP86D53823NB0A5,4975782456,1923080209,1.552441,1.552441,1.552442,no,false
9049309,zest-v1,SP1G9XNJSKQ7QA3NRD2Q1QKVVGSJH1THQRAA04738,SP1G9XNJSKQ7QA3NRD2Q1QKVVGSJH1THQRAA04738,1500154492,310104939,2.902542,2.902542,2.902542,no,true
9049309,zest-v1,SP1GDMYCGWEF311Y1SBDB3J8XKC4JD5AJAAYFJZNZ,SP1GDMYCGWEF311Y1SBDB3J8XKC4JD5AJAAYFJZNZ,63890,3679,10.419679,10.418666,10.420714,no,true
9049309,zest-v1,SP1GKBCNG7F0TF6R9NQQRH1R6BMQZZW5DPYW1C515,SP1GKBCNG7F0TF6R9NQQRH1R6BMQZZW5DPYW1C515,43029340739,13148022,1963.61129,1963.611249,1963.61133,no,true
9049309,zest-v1,SP1GNA5PQGA8G5FPQXC9JVHQ7M3PS53S2GGHB4QQN,SP1GNA5PQGA8G5FPQXC9JVHQ7M3PS53S2GGHB4QQN,3331879,427622,4.674987,4.674987,4.674987,no,true
9049309,zest-v1,SP1GR3KAWAMASAP3VM3A0B7S0KNTH28GBP5QXM7Z0,SP1GR3KAWAMASAP3VM3A0B7S0KNTH28GBP5QXM7Z0,4412616828,1803451595,1.468057,1.468057,1.468057,no,false
9049309,zest-v1,SP1GSG9WTQ2B1VQR1QGVE0JYEY73725NKDQK8068K,SP1GSG9WTQ2B1VQR1QGVE0JYEY73725NKDQK8068K,1508615661,393123074,2.302509,2.302509,2.302509,no,true
9049309,zest-v1,SP1GVKNGWJDPSJ326RW4MWZGEP9MXQAXA89DN0V1K,SP1GVKNGWJDPSJ326RW4MWZGEP9MXQAXA89DN0V1K,839664171,376711,1114.467285,1107.780482,1121.154089,no,true
9049309,zest-v1,SP1H25KZJH9BSQR1WHH1HKZPE0TYNN9HWRQZTXA1,SP1H25KZJH9BSQR1WHH1HKZPE0TYNN9HWRQZTXA1,2219208405,922375910,1.443582,1.443582,1.443582,no,true
9049309,zest-v1,SP1H57CJXR9QQC1R88MWB5PWBE3STB470KN1V86F6,SP1H57CJXR9QQC1R88MWB5PWBE3STB470KN1V86F6,1558024082,878125687,1.064557,1.064557,1.064557,no,true
9049309,zest-v1,SP1H6WMP29RXTQQCB3QSA146P6SR7G59BVHTTKWCC,SP1H6WMP29RXTQQCB3QSA146P6SR7G59BVHTTKWCC,50788,6724,4.531945,4.53156,4.531945,no,true
9049309,zest-v1,SP1H7D726T6G13MDJ6SZZZ8SDKZKNNFYEKX4PWN8H,SP1H7D726T6G13MDJ6SZZZ8SDKZKNNFYEKX4PWN8H,3613403,25979,83.453628,83.453628,83.456112,no,true
9049309,zest-v1,SP1HHSDYJ0SGAM6K2W01ZF5K7AJFKWMJNH365ZWS9,SP1HHSDYJ0SGAM6K2W01ZF5K7AJFKWMJNH365ZWS9,6000680618,1581373381,2.27676,2.252854,2.300666,no,false
9049309,zest-v1,SP1HJ9G0SRVDMH2BPRQGR43T2KB5J301BXEP638CB,SP1HJ9G0SRVDMH2BPRQGR43T2KB5J301BXEP638CB,739351,4155,106.765487,106.75599,106.775189,no,true
9049309,zest-v1,SP1HN9J70Q4KBNVF0M9B0BQNGFN5J5EJYTJ6EDTHQ,SP1HN9J70Q4KBNVF0M9B0BQNGFN5J5EJYTJ6EDTHQ,2044166172,514542730,2.383669,2.383669,2.383669,no,true
9049309,zest-v1,SP1HNQH0FW7N5QWYEF77SGRZSDPHCV39TY3SJN8B1,SP1HNQH0FW7N5QWYEF77SGRZSDPHCV39TY3SJN8B1,3898223382,1984618054,1.178531,1.178531,1.178531,no,false
9049309,zest-v1,SP1HPF7C3ZA0EX63N48RQKVMNX9N988C7DWWTC95W,SP1HPF7C3ZA0EX63N48RQKVMNX9N988C7DWWTC95W,5851915305,1770763647,1.982845,1.982845,1.982845,no,false
9049309,zest-v1,SP1HQ50VYDPATJXE3F6P9BQD8FFWAGB0265ST0STC,SP1HQ50VYDPATJXE3F6P9BQD8FFWAGB0265ST0STC,11487737,23770500,0.289966,0.286922,0.293011,yes,true
9049309,zest-v1,SP1HRWQ1NB3QP80AWCSNFP7HV7MC9T0D85MTFXJRW,SP1HRWQ1NB3QP80AWCSNFP7HV7MC9T0D85MTFXJRW,16482434367,1573529717,6.28489,6.28489,6.28489,no,false
9049309,zest-v1,SP1HVJNSBKK54E2NDTZSS240Z2Z0RB67B2ZDT9E43,SP1HVJNSBKK54E2NDTZSS240Z2Z0RB67B2ZDT9E43,173185,90470,1.148569,1.148569,1.148572,no,true
9049309,zest-v1,SP1HXR2W32E3H2WHJFR9JHVA23QGASX6224EPCDP9,SP1HXR2W32E3H2WHJFR9JHVA23QGASX6224EPCDP9,334914736,178476892,1.12591,1.12591,1.12591,no,true
9049309,zest-v1,SP1HXT635AVD4MWFGNYEC79YG4TXS5QJE9NTB3T2A,SP1HXT635AVD4MWFGNYEC79YG4TXS5QJE9NTB3T2A,4330902342,950422500,2.734091,2.705383,2.762799,no,true
9049309,zest-v1,SP1HYDSBVZ6YEDZZHVE5BEM91D3HTD0MYR77B5PB9,SP1HYDSBVZ6YEDZZHVE5BEM91D3HTD0MYR77B5PB9,1109604164,276176054,2.410645,2.410645,2.410645,no,true
9049309,zest-v1,SP1J13SBJSMSYFN21GPTJXFXRF8ZC76FWAB6TVTHH,SP1J13SBJSMSYFN21GPTJXFXRF8ZC76FWAB6TVTHH,1674316979,835328471,1.202629,1.202629,1.202629,no,true
9049309,zest-v1,SP1J79YZTX747WWHSNJM84K1586W5ZNZ8JY9J5WFN,SP1J79YZTX747WWHSNJM84K1586W5ZNZ8JY9J5WFN,67024908519,28106747131,1.430793,1.430603,1.430979,no,false
9049309,zest-v1,SP1J80GGVSZ3E9WJ8J8WDC5NPYY6JPZDCF7ZTBATA,SP1J80GGVSZ3E9WJ8J8WDC5NPYY6JPZDCF7ZTBATA,3290759031,102996,19170.214558,19170.214558,19170.316455,no,true
9049309,zest-v1,SP1JA2BJK7XJX65CCJKA4Y3JGCRVG4KPWEWR330KX,SP1JA2BJK7XJX65CCJKA4Y3JGCRVG4KPWEWR330KX,83932,200,209.83,208.5725,211.09,no,true
9049309,zest-v1,SP1JB3G44202RYWG04M3NMCZB781VBEW414QRMZS2,SP1JB3G44202RYWG04M3NMCZB781VBEW414QRMZS2,319095424,117227845,1.633206,1.616058,1.650355,no,true
9049309,zest-v1,SP1JES6BF7VN9840VTXGT5MB36SY0PAE3KP7FQNTZ,SP1JES6BF7VN9840VTXGT5MB36SY0PAE3KP7FQNTZ,4514646,828700,3.268719,3.234397,3.303041,no,true
9049309,zest-v1,SP1JFDZXYVWBWSDA8NHHT4D0R2BENZ06X1MC5XBZ4,SP1JFDZXYVWBWSDA8NHHT4D0R2BENZ06X1MC5XBZ4,4650059893,1758969929,1.586176,1.586176,1.586176,no,false
9049309,zest-v1,SP1JFJ02WRFV0WC2M3H6H42JVF5Z8GZWDMWKMD8JB,SP1JFJ02WRFV0WC2M3H6H42JVF5Z8GZWDMWKMD8JB,340154418,137898257,1.480023,1.480023,1.480023,no,true
9049309,zest-v1,SP1JQHZ30YKZ0P0JWCN5G4PP21J9SXVNP2WQ13R5Q,SP1JQHZ30YKZ0P0JWCN5G4PP21J9SXVNP2WQ13R5Q,4865270410,1864358741,1.565773,1.565773,1.565773,no,false
9049309,zest-v1,SP1JTJHCWCC1GSTS9K9J0TFV152KNKZPMTDA82ZHY,SP1JTJHCWCC1GSTS9K9J0TFV152KNKZPMTDA82ZHY,442121314,166627500,1.592011,1.575295,1.608727,no,true
9049309,zest-v1,SP1JTQ988GYBQKZARR03XNKQBGTTB181VNAQDEM1E,SP1JTQ988GYBQKZARR03XNKQBGTTB181VNAQDEM1E,76334175,83373400,0.549342,0.543574,0.55511,yes,true
9049309,zest-v1,SP1JYZ6ZR9QG7TC8KCB0GRDSG3WMQZ7M4EGC8XSD0,SP1JYZ6ZR9QG7TC8KCB0GRDSG3WMQZ7M4EGC8XSD0,184314152364,40673429500,2.718937,2.690388,2.747486,no,false
9049309,zest-v1,SP1K026C1ZN65FG4WB96WPJSCJ44E2MFQQ33XYD67,SP1K026C1ZN65FG4WB96WPJSCJ44E2MFQQ33XYD67,17658556,677040,15.649199,15.649197,15.649201,no,true
9049309,zest-v1,SP1K0HS27EEQ2VHJ5TC6Y9D13CKVM90F6XN1PS558,SP1K0HS27EEQ2VHJ5TC6Y9D13CKVM90F6XN1PS558,1359554766,709447986,1.149813,1.149813,1.149813,no,true
9049309,zest-v1,SP1K1B8243JPQGSGAPT0SDDW01VWF2D6YBC8M1CRH,SP1K1B8243JPQGSGAPT0SDDW01VWF2D6YBC8M1CRH,133126,3584,22.286719,22.284484,22.289171,no,true
9049309,zest-v1,SP1K1E1FZJAMVJ5R3PBWX7MQDPFC9H8B1AJ7YXHHT,SP1K1E1FZJAMVJ5R3PBWX7MQDPFC9H8B1AJ7YXHHT,406637891,184026439,1.325803,1.325803,1.325803,no,true
9049309,zest-v1,SP1K345SABJ2PKYYXC2261QGGQ7W2TJX7BBY1SN7Z,SP1K345SABJ2PKYYXC2261QGGQ7W2TJX7BBY1SN7Z,10459876195,3067794996,2.045745,2.045745,2.045745,no,false
9049309,zest-v1,SP1K3PTTYNAF6RNKJ77Q7NZ62QTK99NGYB3FYNVZ0,SP1K3PTTYNAF6RNKJ77Q7NZ62QTK99NGYB3FYNVZ0,249882367,141686992,1.058173,1.058173,1.058173,no,true
9049309,zest-v1,SP1K4ZS9166B303BHA8VR7VA1YHTWFNSB5FNSY86V,SP1K4ZS9166B303BHA8VR7VA1YHTWFNSB5FNSY86V,839874980,290998254,1.731711,1.731711,1.731711,no,true
9049309,zest-v1,SP1K51PR6KXQKWGHNRJFK92SCYTAPYDKHEVWX5TPZ,SP1K51PR6KXQKWGHNRJFK92SCYTAPYDKHEVWX5TPZ,6870486357,2219248667,1.857517,1.857517,1.857517,no,false
9049309,zest-v1,SP1KF22FMF2FKA8GNNPEREK9QQSF57B253Z684ZWC,SP1KF22FMF2FKA8GNNPEREK9QQSF57B253Z684ZWC,108593188,76961600,0.846603,0.837714,0.855492,yes,true
9049309,zest-v1,SP1KHX8E4KGC5QH4C80938RXKPQCR8WJ29BTB9JGX,SP1KHX8E4KGC5QH4C80938RXKPQCR8WJ29BTB9JGX,204971409,51423400,2.391574,2.366462,2.416685,no,true
9049309,zest-v1,SP1KJQQ4E02M2KEHDD0A7Q3K5YZYN8EMWPGRV66BF,SP1KJQQ4E02M2KEHDD0A7Q3K5YZYN8EMWPGRV66BF,6214246738,1791321629,2.081451,2.081451,2.081451,no,false
9049309,zest-v1,SP1KJZJFT288BK1C8G5YXRZ17WFPB06N8K5TP6TXH,SP1KJZJFT288BK1C8G5YXRZ17WFPB06N8K5TP6TXH,68087584,66724300,0.612259,0.60583,0.618688,yes,true
9049309,zest-v1,SP1KMMZCJESRYGHZVDZKRXZ1TY778GJJF6SRJ60WG,SP1KMMZCJESRYGHZVDZKRXZ1TY778GJJF6SRJ60WG,47295287951,11226731958,2.527643,2.527643,2.527643,no,false
9049309,zest-v1,SP1KPDH86AWT9TQQ31G5JHEJ3WRV16S08ST71TVKA,SP1KPDH86AWT9TQQ31G5JHEJ3WRV16S08ST71TVKA,42168465,7068800,3.579261,3.541679,3.616843,no,true
9049309,zest-v1,SP1KRYGSHTWW03CMX2CCPZ6C4J3FCG94EMSPXM9C5,SP1KRYGSHTWW03CMX2CCPZ6C4J3FCG94EMSPXM9C5,660582117858,285720525400,1.155993,1.149057,1.162929,no,false
9049309,zest-v1,SP1KWR3XZFQCMGXYDHNSTPPXFHRK6N0QPTQMEXEM8,SP1KWR3XZFQCMGXYDHNSTPPXFHRK6N0QPTQMEXEM8,3333190889,856408172,2.335235,2.310715,2.359755,no,true
9049309,zest-v1,SP1KX4GB9Y57Z2G00NVQWMX4CNVDSQ9HQJSJ7EM1D,SP1KX4GB9Y57Z2G00NVQWMX4CNVDSQ9HQJSJ7EM1D,170115617,74409270,1.371729,1.371729,1.371729,no,true
9049309,zest-v1,SP1KYRWD2SCFKTKNFDS6WHVJVF12DDCBBFTCSTC3B,SP1KYRWD2SCFKTKNFDS6WHVJVF12DDCBBFTCSTC3B,5076059913,1863001708,1.6348,1.6348,1.6348,no,false
9049309,zest-v1,SP1M0YRYGQDD433YFWMD1EBFQH4067B5WDSVZGZDG,SP1M0YRYGQDD433YFWMD1EBFQH4067B5WDSVZGZDG,0,9089,0,0,0,yes,true
9049309,zest-v1,SP1M26JGHGZKGSTGMABA6HJH97DCN8ASVBP0SRF82,SP1M26JGHGZKGSTGMABA6HJH97DCN8ASVBP0SRF82,170115553,40924930,2.494062,2.494062,2.494062,no,true
9049309,zest-v1,SP1M2F96QM7VWGMMDZZ49554BWRZYSC7QD9KV7X60,SP1M2F96QM7VWGMMDZZ49554BWRZYSC7QD9KV7X60,171960169,97626061,1.05685,1.05685,1.05685,no,true
9049309,zest-v1,SP1M2KMGZH26GBB5PMMYQ5WB06Z4BTXJAJYJ77DE9,SP1M2KMGZH26GBB5PMMYQ5WB06Z4BTXJAJYJ77DE9,551014171191,104374769682,3.167514,3.167514,3.167514,no,false
9049309,zest-v1,SP1M71JK52GZSZSTXT9FSGB2FHY8630WD756VV97D,SP1M71JK52GZSZSTXT9FSGB2FHY8630WD756VV97D,17258431,33287343,0.311081,0.307815,0.314347,yes,true
9049309,zest-v1,SP1M75K525BYRRK1VFQWMAPX7BYWFXE1NPQNETYK0,SP1M75K525BYRRK1VFQWMAPX7BYWFXE1NPQNETYK0,1084538415,26147100,24.887007,24.625693,25.14832,no,true
9049309,zest-v1,SP1M8V9TWH35VKPES3Z5SE6SC3QYYH8V4Q3ZG2WZX,SP1M8V9TWH35VKPES3Z5SE6SC3QYYH8V4Q3ZG2WZX,433913057,223441311,1.165173,1.165173,1.165173,no,true
9049309,zest-v1,SP1M9ZCKKVZ64YJBXQ3J7D583CFY5SMEXPSAXH7D7,SP1M9ZCKKVZ64YJBXQ3J7D583CFY5SMEXPSAXH7D7,491241698,255116538,1.155335,1.155335,1.155335,no,true
9049309,zest-v1,SP1MF4W0G1DYXCF0WJATM55K2WFKCWXSM09DEQ253,SP1MF4W0G1DYXCF0WJATM55K2WFKCWXSM09DEQ253,3652225403,1823497375,1.201721,1.201721,1.201721,no,false
9049309,zest-v1,SP1MK5FPWENNA93414ST9TS5FTADHAM3VWZ3EDEK8,SP1MK5FPWENNA93414ST9TS5FTADHAM3VWZ3EDEK8,22323104,677040,19.782971,19.782969,19.782973,no,true
9049309,zest-v1,SP1MM6AXFQJZ3120SH5TXNY2KMX3ZE9T0FA56NE86,SP1MM6AXFQJZ3120SH5TXNY2KMX3ZE9T0FA56NE86,176563200,66361700,1.596371,1.579609,1.613133,no,true
9049309,zest-v1,SP1MPZZ3Q1AV52XYGQV94FQD0YTSHPQCYPKSDJ0SJ,SP1MPZZ3Q1AV52XYGQV94FQD0YTSHPQCYPKSDJ0SJ,3809254604,186024825,12.286278,12.286278,12.286279,no,true
9049309,zest-v1,SP1MQN174AA7YNKFNAE7J26TPE100F99KF1VGMG6P,SP1MQN174AA7YNKFNAE7J26TPE100F99KF1VGMG6P,39671317,6202000,3.837922,3.797623,3.87822,no,true
9049309,zest-v1,SP1MRXHBP09CQZRGDTXREA4PJZRG9T9VG1HNXBVAW,SP1MRXHBP09CQZRGDTXREA4PJZRG9T9VG1HNXBVAW,7070255,86300,49.155886,48.639747,49.672019,no,true
9049309,zest-v1,SP1MSYSDENTAA1G33XB03DE6RA3HG7NKF38R3G5Y9,SP1MSYSDENTAA1G33XB03DE6RA3HG7NKF38R3G5Y9,6233616000,2331195446,1.6044,1.6044,1.6044,no,false
9049309,zest-v1,SP1MVRXED26PVN88DSFPNBVTQMVSMCGQ21HZPC7BG,SP1MVRXED26PVN88DSFPNBVTQMVSMCGQ21HZPC7BG,4989762711,1827780866,1.637974,1.637974,1.637974,no,false
9049309,zest-v1,SP1MWMBMQ6G4X6H4BSNNFC9RFSEATT1PJFKWA20R,SP1MWMBMQ6G4X6H4BSNNFC9RFSEATT1PJFKWA20R,13156623668,6579639243,1.199758,1.199758,1.199758,no,false
9049309,zest-v1,SP1MXJCYYZNCRX9GKHX1STKDPPH782RRAWB3BFHWC,SP1MXJCYYZNCRX9GKHX1STKDPPH782RRAWB3BFHWC,572087279,322565993,1.064131,1.064131,1.064131,no,true
9049309,zest-v1,SP1MZ3CF4W2NXNKHZDGCXVTGRCRVW9CT8ZX52CT33,SP1MZ3CF4W2NXNKHZDGCXVTGRCRVW9CT8ZX52CT33,338126,42500,4.773544,4.723412,4.823661,no,true
9049309,zest-v1,SP1MZN19KN6DHGHYWB580SAGA7D95DP4RB4PCSG2A,SP1MZN19KN6DHGHYWB580SAGA7D95DP4RB4PCSG2A,349722168,128892038,1.627977,1.627977,1.627977,no,true
9049309,zest-v1,SP1N1H53VNY91REYTCSNNR9ERAKJKDZBK7F2W1MPG,SP1N1H53VNY91REYTCSNNR9ERAKJKDZBK7F2W1MPG,2639751612,784696100,2.018426,2.018426,2.018426,no,true
9049309,zest-v1,SP1N37X28QF55WF5AYRCSF1XMV1MD1HCR82Q814W1,SP1N37X28QF55WF5AYRCSF1XMV1MD1HCR82Q814W1,6807927,13278000,0.307633,0.304403,0.310864,yes,true
9049309,zest-v1,SP1N3WKPS7PQKD837CTGSWEQ8QXTK061CHH2CKM3J,SP1N3WKPS7PQKD837CTGSWEQ8QXTK061CHH2CKM3J,170092492,37186554,2.744419,2.744419,2.744419,no,true
9049309,zest-v1,SP1N40ZQFA80NN2CT7E81Q6GR9MYKDG749GVH8B93,SP1N40ZQFA80NN2CT7E81Q6GR9MYKDG749GVH8B93,87642334834,19624329295,2.679602,2.679602,2.679602,no,false
9049309,zest-v1,SP1N55MCYVJRREE1XBV0N6ZRDN8Z41ERJ8KQHGR0X,SP1N55MCYVJRREE1XBV0N6ZRDN8Z41ERJ8KQHGR0X,866898141,378004923,1.376011,1.376011,1.376011,no,true
9049309,zest-v1,SP1N6T6JZFD8CWDP76BMVR7MCF1AHXA4EGC87F2DP,SP1N6T6JZFD8CWDP76BMVR7MCF1AHXA4EGC87F2DP,170085324,37181320,2.74469,2.74469,2.74469,no,true
9049309,zest-v1,SP1N7R7PT634TRWGKZ620HHMYX4YS1P3996YTM42S,SP1N7R7PT634TRWGKZ620HHMYX4YS1P3996YTM42S,47295287951,11226731958,2.527643,2.527643,2.527643,no,false
9049309,zest-v1,SP1NB4E1FARJ0NFQH0X1VBAJ1TPFMN9H0AGTSPB16,SP1NB4E1FARJ0NFQH0X1VBAJ1TPFMN9H0AGTSPB16,236059,1903,74.42743,74.426833,74.42804,no,true
9049309,zest-v1,SP1NBN8AM3DKPZRYAAHJE6JCTGT9HB0GDCQ6RPC5H,SP1NBN8AM3DKPZRYAAHJE6JCTGT9HB0GDCQ6RPC5H,19234817,3720453,3.102012,3.102012,3.102012,no,true
9049309,zest-v1,SP1NE94ACGPH4Q201XJJSQ7999H28VMATMZS6PWQN,SP1NE94ACGPH4Q201XJJSQ7999H28VMATMZS6PWQN,30362820940,7451206019,2.444932,2.444932,2.444932,no,false
9049309,zest-v1,SP1NJHRCCT85H32JEQK5JCA4MW9P2PMQY1Q5D53VG,SP1NJHRCCT85H32JEQK5JCA4MW9P2PMQY1Q5D53VG,4104691479,738388010,3.335394,3.335394,3.335394,no,true
9049309,zest-v1,SP1NN5RP6G9NV7JCBBBWQX1X2KY813005G4VKWTCB,SP1NN5RP6G9NV7JCBBBWQX1X2KY813005G4VKWTCB,11028908,5711998,1.158499,1.158499,1.158499,no,true
9049309,zest-v1,SP1NNP68XXEAE8S9J4JZGBPDVYQ9V5Q6BEATYHTWP,SP1NNP68XXEAE8S9J4JZGBPDVYQ9V5Q6BEATYHTWP,6083180,9729443,0.37514,0.371202,0.37908,yes,true
9049309,zest-v1,SP1NR1G13R3NMST4JT7WC0KCAWAR5BE2GKZA7X4GY,SP1NR1G13R3NMST4JT7WC0KCAWAR5BE2GKZA7X4GY,1642714227,569899609,1.729477,1.729477,1.729477,no,true
9049309,zest-v1,SP1NTBTPVZHEM779MZXNQWQ48XMW2NHTMXNANYFN7,SP1NTBTPVZHEM779MZXNQWQ48XMW2NHTMXNANYFN7,45707098,55938900,0.490254,0.485106,0.495401,yes,true
9049309,zest-v1,SP1P36H5CQV121SM6RRP839NDPSG5QA5JA098KJ4M,SP1P36H5CQV121SM6RRP839NDPSG5QA5JA098KJ4M,37715261,7395420,3.059888,3.059888,3.059888,no,true
9049309,zest-v1,SP1P6HG0SRCF9M4FH46BHZDWFWWMJPTN29WNJ4KHW,SP1P6HG0SRCF9M4FH46BHZDWFWWMJPTN29WNJ4KHW,3809254604,186024825,12.286278,12.286278,12.286279,no,true
9049309,zest-v1,SP1P7Y6XGQ1VQDJNQEM969ST5MMFFE3ZSCFWRGEZ5,SP1P7Y6XGQ1VQDJNQEM969ST5MMFFE3ZSCFWRGEZ5,1268,2080100,0.000366,0.000362,0.00037,yes,true
9049309,zest-v1,SP1PB8FRYJ04JFK601RA6GRXEWGTZ7H24WZY7PC8R,SP1PB8FRYJ04JFK601RA6GRXEWGTZ7H24WZY7PC8R,170115617,18974350,5.379334,5.379334,5.379334,no,true
9049309,zest-v1,SP1PE1R37416BVCZ8MFS777VKEB728S2DW094Q9YF,SP1PE1R37416BVCZ8MFS777VKEB728S2DW094Q9YF,1107408,427622,1.553813,1.553813,1.553814,no,true
9049309,zest-v1,SP1PGHCG4VV9W5F1A6MWYK6D02J0G21CTWKPS18ZG,SP1PGHCG4VV9W5F1A6MWYK6D02J0G21CTWKPS18ZG,1953653633,658281058,1.780686,1.780686,1.780687,no,true
9049309,zest-v1,SP1PGS9396MJEMT6QXZ6WSX2DXXG9K8KCY05W1DZB,SP1PGS9396MJEMT6QXZ6WSX2DXXG9K8KCY05W1DZB,5645200142,2320322169,1.459763,1.459763,1.459763,no,false
9049309,zest-v1,SP1PJCJ3VRVZYF36DJE0SXX8DRR8D9CK7JNGM7V8C,SP1PJCJ3VRVZYF36DJE0SXX8DRR8D9CK7JNGM7V8C,22656676,570142,23.843193,23.843193,23.843213,no,true
9049309,zest-v1,SP1PSTA73FRSRK0KZAWBCM9KRXHVE3RY255E3VZ3N,SP1PSTA73FRSRK0KZAWBCM9KRXHVE3RY255E3VZ3N,1237410,2359649,0.314643,0.311408,0.317875,yes,true
9049309,zest-v1,SP1PVRTEP7TWYPR0PZFQ8Q25266T4TSWV1EA6H8YD,SP1PVRTEP7TWYPR0PZFQ8Q25266T4TSWV1EA6H8YD,37448311,3720485,6.039263,6.039263,6.039263,no,true
9049309,zest-v1,SP1PY1MDQ6CEPSADB9B5T46ZDV3S3R2832RMRQSEP,SP1PY1MDQ6CEPSADB9B5T46ZDV3S3R2832RMRQSEP,20528332220,8626906324,1.427742,1.427742,1.427742,no,false
9049309,zest-v1,SP1PY22WG0EV9NNGEH6JD4YPD472RENR073R6C2N3,SP1PY22WG0EV9NNGEH6JD4YPD472RENR073R6C2N3,100974,903,67.092359,67.054107,67.092359,no,true
9049309,zest-v1,SP1Q1PVYXM0F4VFP8WQ7237W2SP25RY250KWDQ71A,SP1Q1PVYXM0F4VFP8WQ7237W2SP25RY250KWDQ71A,636762115,221900,1721.754254,1703.67583,1739.832681,no,true
9049309,zest-v1,SP1Q4DD1WVPTDHXQAHR88GRZRKVEZMKT8J75Y6XH9,SP1Q4DD1WVPTDHXQAHR88GRZRKVEZMKT8J75Y6XH9,560828450,381063100,0.883048,0.878339,0.887709,yes,true
9049309,zest-v1,SP1Q8ERJDYMXNVBQPKM525G5H4Z9B67BXM9N45QFK,SP1Q8ERJDYMXNVBQPKM525G5H4Z9B67BXM9N45QFK,139063720,99886119,0.835334,0.829945,0.840679,yes,true
9049309,zest-v1,SP1Q9SC2P66BRTPPGAASSX8WNSZ38C3XF9XPRFSAT,SP1Q9SC2P66BRTPPGAASSX8WNSZ38C3XF9XPRFSAT,4254296228,1943634362,1.313301,1.313301,1.313301,no,false
9049309,zest-v1,SP1QA1QPK93XB83ZYXKR729ZX2Y9R4S80J8HV1WD6,SP1QA1QPK93XB83ZYXKR729ZX2Y9R4S80J8HV1WD6,5465172123,2115401409,1.550109,1.550109,1.550109,no,false
9049309,zest-v1,SP1QB148EP9VA61KTBCTJKWG97KGV2B5P39ADBVAG,SP1QB148EP9VA61KTBCTJKWG97KGV2B5P39ADBVAG,101162,941,64.502869,64.495268,64.511278,no,true
9049309,zest-v1,SP1QBRG3HG4EGKYF69E0Y1RE1WANC0NV94CF0Z2PY,SP1QBRG3HG4EGKYF69E0Y1RE1WANC0NV94CF0Z2PY,37217993,69926300,0.319348,0.315994,0.322701,yes,true
9049309,zest-v1,SP1QF33CQESD5K623HDG9CW19SBDRTW17N13WGXVR,SP1QF33CQESD5K623HDG9CW19SBDRTW17N13WGXVR,1885947525,818600,1382.321665,1367.807283,1396.836047,no,true
9049309,zest-v1,SP1QJND5B1AKD62WJXWBZQ3Y3B0075A8W53GACZSE,SP1QJND5B1AKD62WJXWBZQ3Y3B0075A8W53GACZSE,5289722490,2033849284,1.560506,1.560506,1.560506,no,false
9049309,zest-v1,SP1QQG29BPWKEYG0JHESAVXFTJSR2NV30GBKVJ2XY,SP1QQG29BPWKEYG0JHESAVXFTJSR2NV30GBKVJ2XY,114415,12656,5.424226,5.424161,5.424291,no,true
9049309,zest-v1,SP1QSMPQJK184K2SHBG3DZH9BF5A2FVPQ4ZANC79V,SP1QSMPQJK184K2SHBG3DZH9BF5A2FVPQ4ZANC79V,27398804572,7548129858,2.177928,2.177928,2.177928,no,false
9049309,zest-v1,SP1R08FJCZ5RE2FJX5C2V7FG53GZ7XN8NDBJ36THD,SP1R08FJCZ5RE2FJX5C2V7FG53GZ7XN8NDBJ36THD,0,225081100,0,0,0,yes,true
9049309,zest-v1,SP1R0JXJEGHKR97M4H6RPFXAGX8QT3SYVRHQDFVSQ,SP1R0JXJEGHKR97M4H6RPFXAGX8QT3SYVRHQDFVSQ,7025095027,3414006693,1.234636,1.234636,1.234636,no,false
9049309,zest-v1,SP1R3516EDV2QB10HQX6ACKYGYP7A4BQ77M0CVKZB,SP1R3516EDV2QB10HQX6ACKYGYP7A4BQ77M0CVKZB,597664682,201145400,1.782784,1.782784,1.782784,no,true
9049309,zest-v1,SP1R4MNE4F8DVZ2933MVGYSP9QD9F3D1EP7WNXQTK,SP1R4MNE4F8DVZ2933MVGYSP9QD9F3D1EP7WNXQTK,45528302,27192600,1.004574,0.994026,1.015122,band,true
9049309,zest-v1,SP1R8DXMHZDRCCBV8R58X616XH8YQZD17V6VHCWQM,SP1R8DXMHZDRCCBV8R58X616XH8YQZD17V6VHCWQM,1490182090,775811454,1.152483,1.152483,1.152483,no,true
9049309,zest-v1,SP1R8K9ZE5XVB9Q13WRA250MX4J1RYGSXABSQ69W1,SP1R8K9ZE5XVB9Q13WRA250MX4J1RYGSXABSQ69W1,7544422229,1100,4115139.397636,4071930.421636,4158348.373091,no,true
9049309,zest-v1,SP1R96QFWDW16K57T0457CE8JKJWYA5RM3KGAAE5Z,SP1R96QFWDW16K57T0457CE8JKJWYA5RM3KGAAE5Z,6680505551,2887793713,1.388016,1.388016,1.388016,no,false
9049309,zest-v1,SP1RA3GKG16WWNA53HRW2BBY9Z6GKXX371V3QWC6Q,SP1RA3GKG16WWNA53HRW2BBY9Z6GKXX371V3QWC6Q,7135174109,3463442251,1.236084,1.236084,1.236084,no,false
9049309,zest-v1,SP1RJ35XQDC8CMB7P1XPHBFBGNSH0GK99PVEFQATD,SP1RJ35XQDC8CMB7P1XPHBFBGNSH0GK99PVEFQATD,4346955816,2027988390,1.286089,1.286089,1.286089,no,false
9049309,zest-v1,SP1RP1T219NCCH0MPHMXX24JCCEMHARA4HVTH30Q9,SP1RP1T219NCCH0MPHMXX24JCCEMHARA4HVTH30Q9,1652515886,376562938,2.633051,2.605404,2.660698,no,true
9049309,zest-v1,SP1RP6MXN0SK2SJTSECS45XASS9YWDZSP5TVSQP37,SP1RP6MXN0SK2SJTSECS45XASS9YWDZSP5TVSQP37,3331879,46311,43.167442,43.166755,43.167442,no,true
9049309,zest-v1,SP1RQEHGEW2S44ESCBG0BA5GZ5QK05E75GSM7PZQW,SP1RQEHGEW2S44ESCBG0BA5GZ5QK05E75GSM7PZQW,3802421643,1513767875,1.507135,1.507135,1.507135,no,false
9049309,zest-v1,SP1RR6PNPESZSC8Y7APDX0GZCBJ394YSFPKVMDK3V,SP1RR6PNPESZSC8Y7APDX0GZCBJ394YSFPKVMDK3V,498274312,145581251,2.053593,2.053593,2.053593,no,true
9049309,zest-v1,SP1RXWD64KMA8J8YH6EQF4PKZEGW9K282MWF75RHM,SP1RXWD64KMA8J8YH6EQF4PKZEGW9K282MWF75RHM,489269475797,104265199319,2.346274,2.307963,2.385398,no,false
9049309,zest-v1,SP1RZCHKJXE617A9GB8346RBGH9636FRF48B8JNE,SP1RZCHKJXE617A9GB8346RBGH9636FRF48B8JNE,58497461,30788064,1.140003,1.140003,1.140003,no,true
9049309,zest-v1,SP1S1GHS6PBTCQN4VDMASZFE9GT2K2DP7QZ39D25F,SP1S1GHS6PBTCQN4VDMASZFE9GT2K2DP7QZ39D25F,4995470945,1863090049,1.60877,1.60877,1.60877,no,false
9049309,zest-v1,SP1S2S18XDQ71A92JVN898S621XAQBDQMY6WT4EA4,SP1S2S18XDQ71A92JVN898S621XAQBDQMY6WT4EA4,6852350778,2946245566,1.395474,1.395474,1.395475,no,false
9049309,zest-v1,SP1S538TKS1HVKKA111X54FCR9DV7YGD069EDTF1F,SP1S538TKS1HVKKA111X54FCR9DV7YGD069EDTF1F,2811173249,720705007,2.340353,2.315779,2.364926,no,true
9049309,zest-v1,SP1S655TNCZ5MHB3BJ5FQ8K8FYKDT42ANJ13JHA5G,SP1S655TNCZ5MHB3BJ5FQ8K8FYKDT42ANJ13JHA5G,3092645959,1101271416,1.68495,1.68495,1.68495,no,false
9049309,zest-v1,SP1SQ0J8VHQ5GF6ZNNQ323CDZMMQN988XSHA128X9,SP1SQ0J8VHQ5GF6ZNNQ323CDZMMQN988XSHA128X9,340230853,78129660,2.612817,2.612817,2.612817,no,true
9049309,zest-v1,SP1SR794KR1W098E1RJR1JKPPX38ZH1NCDYXFJYTF,SP1SR794KR1W098E1RJR1JKPPX38ZH1NCDYXFJYTF,55764435,414,80818.021739,80818.021739,80947.054768,no,true
9049309,zest-v1,SP1SRJP9BRZEC6K8SXPNHN2NFTEAT5JWNKQKP28RB,SP1SRJP9BRZEC6K8SXPNHN2NFTEAT5JWNKQKP28RB,3809254604,186025015,12.286266,12.286266,12.286266,no,true
9049309,zest-v1,SP1SWFS8AR0DYJXZ4P3XW3RMNGVM3E0HNBSHBGPY2,SP1SWFS8AR0DYJXZ4P3XW3RMNGVM3E0HNBSHBGPY2,4884253920,2498213182,1.173059,1.173059,1.173059,no,false
9049309,zest-v1,SP1T0W769CRWYYZTJ91MAF7V2BV64Q34H9P0FW5Q5,SP1T0W769CRWYYZTJ91MAF7V2BV64Q34H9P0FW5Q5,671462,603993,0.555852,0.552517,0.559188,yes,true
9049309,zest-v1,SP1T2FTMXH9QFBKBG45XCKPT0A36SV2KEM88XERWJ,SP1T2FTMXH9QFBKBG45XCKPT0A36SV2KEM88XERWJ,207248159,108135187,1.149939,1.149939,1.149939,no,true
9049309,zest-v1,SP1T4RZDKYPN7QQN2SMX7F73MQ8ZG4SDYX017D8X4,SP1T4RZDKYPN7QQN2SMX7F73MQ8ZG4SDYX017D8X4,35445177429,7403506531,2.872572,2.872572,2.872572,no,false
9049309,zest-v1,SP1T5DA1T7SGVW4BTTZEAQZGNZPAVC5QXV9XT5VH1,SP1T5DA1T7SGVW4BTTZEAQZGNZPAVC5QXV9XT5VH1,2685213577,724786176,2.222901,2.222901,2.222901,no,true
9049309,zest-v1,SP1T6YAEGDDHV4N7M6HMQZA8QDQ6P7ZT8KY33QE1R,SP1T6YAEGDDHV4N7M6HMQZA8QDQ6P7ZT8KY33QE1R,170115553,40924962,2.494061,2.494061,2.494061,no,true
9049309,zest-v1,SP1T7QT0MZZ318GW7HJ91JNTQG5BX438PNH7B5Y1J,SP1T7QT0MZZ318GW7HJ91JNTQG5BX438PNH7B5Y1J,20365927150,7631261509,1.60125,1.584437,1.618063,no,false
9049309,zest-v1,SP1T8NWHGM5HYSC0JEHYW4VQSM4CWCCNN47HQBZRT,SP1T8NWHGM5HYSC0JEHYW4VQSM4CWCCNN47HQBZRT,188576308,36977358,3.059867,3.059867,3.059867,no,true
9049309,zest-v1,SP1TCA7QER9J9NKCKBB78K48TADDFC2GXYM3QQV3X,SP1TCA7QER9J9NKCKBB78K48TADDFC2GXYM3QQV3X,0,235272600,0,0,0,yes,true
9049309,zest-v1,SP1TD7DWWPK3MSXZFV0GTS9MXS5GEGWB29EYNY4KK,SP1TD7DWWPK3MSXZFV0GTS9MXS5GEGWB29EYNY4KK,1404543897,487872789,1.727349,1.727349,1.727349,no,true
9049309,zest-v1,SP1TP5Y9E0FWA6J2A7TPWSFXCV2C5A1BMVYBVAQNN,SP1TP5Y9E0FWA6J2A7TPWSFXCV2C5A1BMVYBVAQNN,3930704599,474324403,4.972173,4.972173,4.972173,no,true
9049309,zest-v1,SP1TRMTVW882W2M7ED9AQ9E3T7YAR47CW3N83AFN,SP1TRMTVW882W2M7ED9AQ9E3T7YAR47CW3N83AFN,11038598894,3594171761,1.84275,1.82841,1.857012,no,false
9049309,zest-v1,SP1TVC1QY4S3ZPVP58M4R52WGH4EXAH6ET5BC24WX,SP1TVC1QY4S3ZPVP58M4R52WGH4EXAH6ET5BC24WX,1622718974,648519771,1.501313,1.501313,1.501313,no,true
9049309,zest-v1,SP1TXD2F8BKQJSYWNSBVR6CCJF6HB52HVP318FXT6,SP1TXD2F8BKQJSYWNSBVR6CCJF6HB52HVP318FXT6,61174311967,29597424601,1.240128,1.240128,1.240128,no,false
9049309,zest-v1,SP1TXNDK4CH2SB794Z390G7P28WZ0S7JY9VWAAWBK,SP1TXNDK4CH2SB794Z390G7P28WZ0S7JY9VWAAWBK,3520964400,1917893787,1.10151,1.10151,1.10151,no,false
9049309,zest-v1,SP1V0MWV8V9Z7MRVJAABWR4XPSFJZ67R4FMN011HE,SP1V0MWV8V9Z7MRVJAABWR4XPSFJZ67R4FMN011HE,138456691,72691515,1.14283,1.14283,1.14283,no,true
9049309,zest-v1,SP1V9KKM0KRE2V86Y506GF9ACWS7MJ81T9192FRPW,SP1V9KKM0KRE2V86Y506GF9ACWS7MJ81T9192FRPW,420356279,156628500,1.610267,1.59336,1.627175,no,true
9049309,zest-v1,SP1VAKZQ2934G25VMRQEFE1065XEARPT3C2KXCWMW,SP1VAKZQ2934G25VMRQEFE1065XEARPT3C2KXCWMW,4895698738,1628934046,1.803277,1.803277,1.803277,no,false
9049309,zest-v1,SP1VCW4ZJWQS58DWR0SCM08ZNENQHD4XD0Z0MPGX5,SP1VCW4ZJWQS58DWR0SCM08ZNENQHD4XD0Z0MPGX5,7878735474,2366497386,1.997569,1.997569,1.997569,no,false
9049309,zest-v1,SP1VFDQK6N41TJN2433SYD6XJ2M8DVT65ZQW5YQD7,SP1VFDQK6N41TJN2433SYD6XJ2M8DVT65ZQW5YQD7,179757586,112574885,0.958069,0.94801,0.968129,yes,true
9049309,zest-v1,SP1VFQFVF6QKEVDSRVQA3HTBPZBRPV2ZJVZYETASF,SP1VFQFVF6QKEVDSRVQA3HTBPZBRPV2ZJVZYETASF,4174102160,5722,437689.845509,437683.582656,437695.978381,no,true
9049309,zest-v1,SP1VFTXPFH4S8T99NHWQBJ8BECKZFQ3YFXRN4NJY8,SP1VFTXPFH4S8T99NHWQBJ8BECKZFQ3YFXRN4NJY8,188576308,36977421,3.059861,3.059861,3.059861,no,true
9049309,zest-v1,SP1VNCNJHTEFRN1D2NN4XZ78T7TKZJTRT2MNRBW2Z,SP1VNCNJHTEFRN1D2NN4XZ78T7TKZJTRT2MNRBW2Z,7789509666,3473201785,1.345648,1.345648,1.345648,no,false
9049309,zest-v1,SP1W35PY711H9N28DA00M3GDDEAKNDWR6M5FYC8YA,SP1W35PY711H9N28DA00M3GDDEAKNDWR6M5FYC8YA,18749,158,71.198734,71.0475,71.353846,no,true
9049309,zest-v1,SP1W5SQ4WCQ7VCSY3Y5NQAC328K63YFB5YYRBGQJ2,SP1W5SQ4WCQ7VCSY3Y5NQAC328K63YFB5YYRBGQJ2,36368,338,64.55858,64.454328,64.55858,no,true
9049309,zest-v1,SP1W5YQQ375XGC1Q14D8GZ22MJZMR6QYG9YAYSBC,SP1W5YQQ375XGC1Q14D8GZ22MJZMR6QYG9YAYSBC,29852671635,25925411655,1.036335,1.036335,1.036335,no,false
9049309,zest-v1,SP1W8C25TZCXDQTAR7MZQPSNF8C73274DCNT2NWJZ,SP1W8C25TZCXDQTAR7MZQPSNF8C73274DCNT2NWJZ,182028562,75500700,1.446571,1.431382,1.46176,no,true
9049309,zest-v1,SP1WHA75KA89M4PHGXXNZMEFA7SKSFHTRKPYN7K5V,SP1WHA75KA89M4PHGXXNZMEFA7SKSFHTRKPYN7K5V,7556881086,2677522913,1.693404,1.693404,1.693404,no,false
9049309,zest-v1,SP1WQAB4ES6PNN3D115XAXGHRPRP160T46NM9ETH2,SP1WQAB4ES6PNN3D115XAXGHRPRP160T46NM9ETH2,327849686369,170960151083,1.150618,1.150618,1.150618,no,false
9049309,zest-v1,SP1WQJ2JMT1PGPMYW13E6P3QYAPBCC3ZJ5ATX599S,SP1WQJ2JMT1PGPMYW13E6P3QYAPBCC3ZJ5ATX599S,1321831097,726196160,1.092127,1.092127,1.092127,no,true
9049309,zest-v1,SP1WST899N8B2VR76DCHQ56ZQ78R9VSYT2B2RNTJY,SP1WST899N8B2VR76DCHQ56ZQ78R9VSYT2B2RNTJY,150911253,354540794,0.212826,0.211549,0.214103,yes,true
9049309,zest-v1,SP1WY102H26RKKV4WKHH3ZB9KGVBE925HP6PH3WE5,SP1WY102H26RKKV4WKHH3ZB9KGVBE925HP6PH3WE5,31361,752,25.022074,24.992215,25.022074,no,true
9049309,zest-v1,SP1WY6GSNF3GQT6ZGE90SC5EGNQGP9HVHAZ8F3KQN,SP1WY6GSNF3GQT6ZGE90SC5EGNQGP9HVHAZ8F3KQN,321665220,138578662,1.392705,1.378081,1.407328,no,true
9049309,zest-v1,SP1WYX7K5Z83JK6WVAYG452K28JM1Y5JH6NH957RN,SP1WYX7K5Z83JK6WVAYG452K28JM1Y5JH6NH957RN,188387537477,64345038490,1.756663,1.756663,1.756663,no,false
9049309,zest-v1,SP1X0M0CE2J5XZ8A7DGTKHWZQMN5ZFRP7H5ZJJ97B,SP1X0M0CE2J5XZ8A7DGTKHWZQMN5ZFRP7H5ZJJ97B,194840392,9840855,11.879479,11.879479,11.87948,no,true
9049309,zest-v1,SP1X54RCNJS8GYHQ7ENN11JTQV74BVX15C5QMN1A,SP1X54RCNJS8GYHQ7ENN11JTQV74BVX15C5QMN1A,10368414034,3827765431,1.625243,1.624765,1.625711,no,false
9049309,zest-v1,SP1XAVKTJ4V37930D7T39N4DWQTW993RMNKSKQC94,SP1XAVKTJ4V37930D7T39N4DWQTW993RMNKSKQC94,3609112,3629168,0.497237,0.494253,0.50022,yes,true
9049309,zest-v1,SP1XHXFT81FMFW616W3JZ9Q1NC88VJXMXVWKGE7GP,SP1XHXFT81FMFW616W3JZ9Q1NC88VJXMXVWKGE7GP,364136869,125855800,1.735972,1.717744,1.7542,no,true
9049309,zest-v1,SP1XHZJ9QQGM8WQXK0BHMDE61XQG26NTTQRHZWKG3,SP1XHZJ9QQGM8WQXK0BHMDE61XQG26NTTQRHZWKG3,15659790,427590,21.974027,21.97399,21.974027,no,true
9049309,zest-v1,SP1XPCCJE4NR82X6D8PX32NF1KAYYM36B5T83J6GP,SP1XPCCJE4NR82X6D8PX32NF1KAYYM36B5T83J6GP,22216236737,17829100,747.639648,739.789429,755.489866,no,true
9049309,zest-v1,SP1XSM7TXGZ5JGY1DF4R6NPWSH1XKQCVZ1XARH0KA,SP1XSM7TXGZ5JGY1DF4R6NPWSH1XKQCVZ1XARH0KA,34389759,39673277,0.520095,0.514634,0.525556,yes,true
9049309,zest-v1,SP1XVFZJJ48Y5586BTDWE22MXFDCYZKCDRWY6T0AA,SP1XVFZJJ48Y5586BTDWE22MXFDCYZKCDRWY6T0AA,34755633,2258,9235.332064,9232.402148,9235.332064,no,true
9049309,zest-v1,SP1XWB45KS2HPJ1C25C2NX7FSZQZ7AFFS3HCGZF1K,SP1XWB45KS2HPJ1C25C2NX7FSZQZ7AFFS3HCGZF1K,377200769,186294543,1.214853,1.214853,1.214853,no,true
9049309,zest-v1,SP1Y0CP644NV3TTQM5VBWM137K1VC0BJQ13WXMADZ,SP1Y0CP644NV3TTQM5VBWM137K1VC0BJQ13WXMADZ,27032,338,47.985799,47.906866,47.985799,no,true
9049309,zest-v1,SP1Y27D4F7HTSM43HK391Z3Q8K313JBCWT3ZTASMW,SP1Y27D4F7HTSM43HK391Z3Q8K313JBCWT3ZTASMW,3862220963,1914792239,1.210227,1.210227,1.210227,no,false
9049309,zest-v1,SP1Y2T8VZ3KSH3ASQN42ZT291JPEGEX292HKN525D,SP1Y2T8VZ3KSH3ASQN42ZT291JPEGEX292HKN525D,1226869,332112,2.216485,2.216484,2.216486,no,true
9049309,zest-v1,SP1YCKGH91VHNXYF73MQQQW9F9KX0R8QFKPCNC63V,SP1YCKGH91VHNXYF73MQQQW9F9KX0R8QFKPCNC63V,151124326,78892389,1.149345,1.149345,1.149345,no,true
9049309,zest-v1,SP1YEPYCQP39HBK44CJG01BNK3C5YGW0C3CY264M2,SP1YEPYCQP39HBK44CJG01BNK3C5YGW0C3CY264M2,99770156286,24642919100,2.42918,2.403674,2.454687,no,false
9049309,zest-v1,SP1YGSVXM5PZW4S74W8MRATXJDHVK5MFZS9T0V7VY,SP1YGSVXM5PZW4S74W8MRATXJDHVK5MFZS9T0V7VY,3374499132,825222682,2.453519,2.427759,2.479279,no,true
9049309,zest-v1,SP1YJK4CXRHXN76KZHK619SV0NG8AT9E582GF01D8,SP1YJK4CXRHXN76KZHK619SV0NG8AT9E582GF01D8,2219208405,774595261,1.718995,1.718995,1.718995,no,true
9049309,zest-v1,SP1YKQ0R4ZBH818MZXKQW34133358GGRPV8N7Y66J,SP1YKQ0R4ZBH818MZXKQW34133358GGRPV8N7Y66J,1438930720,741001395,1.165124,1.165124,1.165124,no,true
9049309,zest-v1,SP1YMFYH8GJC31T4FDHS5R1R8PMDZRAGFFPKHFER7,SP1YMFYH8GJC31T4FDHS5R1R8PMDZRAGFFPKHFER7,18862,112,101.046429,100.315789,101.046429,no,true
9049309,zest-v1,SP1YN7GXMSGEQMVXZMSHRC8YRGC6XDJK6B8NZ7ZAB,SP1YN7GXMSGEQMVXZMSHRC8YRGC6XDJK6B8NZ7ZAB,1885763383,369773647,3.059867,3.059867,3.059867,no,true
9049309,zest-v1,SP1YNZ4B6ZDGZB2QHW8B1MSD839RY564QEXCDR7A3,SP1YNZ4B6ZDGZB2QHW8B1MSD839RY564QEXCDR7A3,188576308,36977358,3.059867,3.059867,3.059867,no,true
9049309,zest-v1,SP1YSYNQN3CJF13DF9YMFG93VH7XQ352SPJ0JNK7F,SP1YSYNQN3CJF13DF9YMFG93VH7XQ352SPJ0JNK7F,230734,239036,0.579161,0.573079,0.585241,yes,true
9049309,zest-v1,SP1YVPFJZ2GP901VQWY0WQQ8F6C2NDD878KH1EDCP,SP1YVPFJZ2GP901VQWY0WQQ8F6C2NDD878KH1EDCP,37715261,7395484,3.059861,3.059861,3.059862,no,true
9049309,zest-v1,SP1YX03R9CA37ZSM8YG9B44QZJKC440THK43CAF8Y,SP1YX03R9CA37ZSM8YG9B44QZJKC440THK43CAF8Y,14411376059,6174324833,1.400449,1.395034,1.405792,no,false
9049309,zest-v1,SP1Z1BNTZJ79GRJ4F6J9JV4C1NC6Z4CAW0C7BZSZK,SP1Z1BNTZJ79GRJ4F6J9JV4C1NC6Z4CAW0C7BZSZK,7702787172,1708759400,2.704695,2.676295,2.733094,no,false
9049309,zest-v1,SP1Z7Q061F8YEDNQCS52VGT3HG1T0R0J5VAPEE1S7,SP1Z7Q061F8YEDNQCS52VGT3HG1T0R0J5VAPEE1S7,188569117,97919083,1.155459,1.155459,1.155459,no,true
9049309,zest-v1,SP1Z80QY12ZHKVV59KR72SJ6ZPJA2833VKW53JHD5,SP1Z80QY12ZHKVV59KR72SJ6ZPJA2833VKW53JHD5,1131654,63,10777.657143,10720.659375,10836.503226,no,true
9049309,zest-v1,SP1ZACF7WEXMNXV9R03C1QRPGM8V6DQ7KB919RNDH,SP1ZACF7WEXMNXV9R03C1QRPGM8V6DQ7KB919RNDH,7041307794,2897648421,1.458005,1.458005,1.458005,no,false
9049309,zest-v1,SP1ZBR3FWRCKWKYCCN8V3B5M1XBAJD2YKHK9WYQ38,SP1ZBR3FWRCKWKYCCN8V3B5M1XBAJD2YKHK9WYQ38,20990372,1033387,12.187325,12.187325,12.187331,no,true
9049309,zest-v1,SP1ZFYA52KJP45K8PEW75RC47D26ZRFNSZQRV7A4W,SP1ZFYA52KJP45K8PEW75RC47D26ZRFNSZQRV7A4W,132618636522,40195862381,1.979586,1.979149,1.980015,no,false
9049309,zest-v1,SP1ZJW1V01F36YRTFY4NQA8E497VK1YB89VM5Z7FX,SP1ZJW1V01F36YRTFY4NQA8E497VK1YB89VM5Z7FX,19608048748,10525964230,1.117696,1.117588,1.117802,no,false
9049309,zest-v1,SP1ZP650KJDD91TQXBPS6EB4T54EF237NW1MN0G8N,SP1ZP650KJDD91TQXBPS6EB4T54EF237NW1MN0G8N,95051544,24700500,2.308898,2.284654,2.333141,no,true
9049309,zest-v1,SP1ZQYG5H5SPF4Z49RAZDKMFSGKK7ACTYNY3QM70C,SP1ZQYG5H5SPF4Z49RAZDKMFSGKK7ACTYNY3QM70C,0,1716,0,0,0,yes,true
9049309,zest-v1,SP1ZW56W69Y6WHE2Y7P3G5GSB3B9WZV0X1W467BKF,SP1ZW56W69Y6WHE2Y7P3G5GSB3B9WZV0X1W467BKF,1885763383,369773647,3.059867,3.059867,3.059867,no,true
9049309,zest-v1,SP1ZXB641189AX4EEPCRQMST94GGC3X777PM2FFCA,SP1ZXB641189AX4EEPCRQMST94GGC3X777PM2FFCA,3833537,5213500,0.441186,0.436553,0.445818,yes,true
9049309,zest-v1,SP1ZZ7G7R1R548DC7EBVKGWV83EBZXFNA00VDP5FH,SP1ZZ7G7R1R548DC7EBVKGWV83EBZXFNA00VDP5FH,3436331708,186022858,11.083579,11.083579,11.083579,no,true
9049309,zest-v1,SP2021Q3J7A69XDMJ2XBVMAHF0XNXMJ536F0PG1K3,SP2021Q3J7A69XDMJ2XBVMAHF0XNXMJ536F0PG1K3,3834012648,1900807286,1.210227,1.210227,1.210227,no,false
9049309,zest-v1,SP205FZ5CTRA5472NXY9W0PXZWMAT1PF7BXBZNXB5,SP205FZ5CTRA5472NXY9W0PXZWMAT1PF7BXBZNXB5,13322465379,2841271600,2.813346,2.783806,2.842886,no,false
9049309,zest-v1,SP20670DDG79SX8ASZ6X7V65X2P5NXZ3RN4NZNVZK,SP20670DDG79SX8ASZ6X7V65X2P5NXZ3RN4NZNVZK,2020063397,1103790061,1.098069,1.098069,1.098069,no,false
9049309,zest-v1,SP20A3HVQBR8JT5N51KY356ZVBWMDXRZ8QWQFXDP4,SP20A3HVQBR8JT5N51KY356ZVBWMDXRZ8QWQFXDP4,5430722,18318000,0.177881,0.176014,0.179749,yes,true
9049309,zest-v1,SP20EXN4R20YEJQ2B9D28C4AKVQ4Q8MY22DJ17M2H,SP20EXN4R20YEJQ2B9D28C4AKVQ4Q8MY22DJ17M2H,50568185,83414900,0.363735,0.359916,0.367554,yes,true
9049309,zest-v1,SP20M3DXS8P1ZP7X2RVVA0Q162A21X0XBNJKY1VEX,SP20M3DXS8P1ZP7X2RVVA0Q162A21X0XBNJKY1VEX,15059,190,47.554737,47.553125,47.556383,no,true
9049309,zest-v1,SP20MFRJKMXAB8KZECJZ0CMDGNPYPH3GGEKAQ30PC,SP20MFRJKMXAB8KZECJZ0CMDGNPYPH3GGEKAQ30PC,25988079,1033387,15.089069,15.089069,15.089077,no,true
9049309,zest-v1,SP20Q1H42BNH6YD6WFPCX4RZC9VDJXD8HEZTRF0CZ,SP20Q1H42BNH6YD6WFPCX4RZC9VDJXD8HEZTRF0CZ,1495593537,223419719,4.016459,4.016459,4.016459,no,true
9049309,zest-v1,SP20QZBHD8QZKS9NGV9FQ76KQ6AD98SGQKXYQ2ZPG,SP20QZBHD8QZKS9NGV9FQ76KQ6AD98SGQKXYQ2ZPG,694187401,240611677,1.731057,1.712881,1.749233,no,true
9049309,zest-v1,SP20X0BMMX8A2F5BST7J4Q322TQGD8Y43QJZ524JS,SP20X0BMMX8A2F5BST7J4Q322TQGD8Y43QJZ524JS,62573061075,19734083843,1.902487,1.902487,1.902487,no,false
9049309,zest-v1,SP2145N7YM7X8D68WWC5ACW00QF5G85FM1YGCKY1B,SP2145N7YM7X8D68WWC5ACW00QF5G85FM1YGCKY1B,200920109,104830016,1.149977,1.149977,1.149977,no,true
9049309,zest-v1,SP214CGYXQCBJWA41Z4T3N8MM39G9WWR6AHYKRJFK,SP214CGYXQCBJWA41Z4T3N8MM39G9WWR6AHYKRJFK,6991362280,3630541666,1.155425,1.155425,1.155425,no,false
9049309,zest-v1,SP218TBV9HWW8QQRARHQ6XK7G10271SQTTCCTHW20,SP218TBV9HWW8QQRARHQ6XK7G10271SQTTCCTHW20,1490,729,1.226337,1.226052,1.227462,no,true
9049309,zest-v1,SP2199VESQD8NT7TTA6KFQTRV9Q61XA3BW1B9V6WX,SP2199VESQD8NT7TTA6KFQTRV9Q61XA3BW1B9V6WX,521169026,384997409,0.812217,0.812217,0.812217,yes,true
9049309,zest-v1,SP21BKCJC80FR7T55Z0ZTKGP7BC8HJV6B99T4BM34,SP21BKCJC80FR7T55Z0ZTKGP7BC8HJV6B99T4BM34,192479270,95398900,1.210575,1.197864,1.223286,no,true
9049309,zest-v1,SP21F3JVMZN4Y64QZTDFYZZ0FMX5EG285AEK26XAF,SP21F3JVMZN4Y64QZTDFYZZ0FMX5EG285AEK26XAF,244496374,173735170,0.703647,0.692157,0.71538,yes,true
9049309,zest-v1,SP21PTW33GW7K884735R4SH96RPPWRE7VXHRFVQVE,SP21PTW33GW7K884735R4SH96RPPWRE7VXHRFVQVE,5468470216,2115758607,1.550783,1.550783,1.550783,no,false
9049309,zest-v1,SP21TMS2PXRAAKH1D6GDZ9KD1JYJW7SXX54XHJ1AS,SP21TMS2PXRAAKH1D6GDZ9KD1JYJW7SXX54XHJ1AS,170092714,37186586,2.74442,2.74442,2.74442,no,true
9049309,zest-v1,SP21TNJGAC1X3Q8313SNXKTHREYF2D3HCNRGKGRM4,SP21TNJGAC1X3Q8313SNXKTHREYF2D3HCNRGKGRM4,5253313763,2096394035,1.503529,1.503529,1.503529,no,false
9049309,zest-v1,SP21W0F2W0GFKP02T87AQACFQHF02WWVPHF8MQSDK,SP21W0F2W0GFKP02T87AQACFQHF02WWVPHF8MQSDK,2589081919,923380685,1.68235,1.68235,1.68235,no,true
9049309,zest-v1,SP21WZ9DAQHMS9B3TX3VJ1D89EYP0RQXA34QPB69T,SP21WZ9DAQHMS9B3TX3VJ1D89EYP0RQXA34QPB69T,4526065726,1519157575,1.787596,1.787596,1.787596,no,false
9049309,zest-v1,SP21Y3KSRJRDF39WBSDAFRYAEH8G9ZW3EWDQ2YSB9,SP21Y3KSRJRDF39WBSDAFRYAEH8G9ZW3EWDQ2YSB9,2248310094,757046964,1.781905,1.781905,1.781905,no,true
9049309,zest-v1,SP21YYAXGWPEK24D4J6127944QM4HVS0AAT6C5TX2,SP21YYAXGWPEK24D4J6127944QM4HVS0AAT6C5TX2,37425377,3720453,6.035616,6.035615,6.035616,no,true
9049309,zest-v1,SP224G21ZK17WA7D2VZC17JPWQ1PWEDPB418HM127,SP224G21ZK17WA7D2VZC17JPWQ1PWEDPB418HM127,6814,865,4.726474,4.721829,4.726474,no,true
9049309,zest-v1,SP226X8S1JHGSZJ6KKYA0D2H6NNAMNCAYXWPRDKN6,SP226X8S1JHGSZJ6KKYA0D2H6NNAMNCAYXWPRDKN6,5441080994,1491924510,2.188213,2.188213,2.188213,no,false
9049309,zest-v1,SP22AG163Q337WVNQ3KYY3DNKEA7C4Z1WWH22DNQ5,SP22AG163Q337WVNQ3KYY3DNKEA7C4Z1WWH22DNQ5,29024,2969,5.865409,5.803772,5.926844,no,true
9049309,zest-v1,SP22ARKWN5F6CCYXX5DYVJQCE2YSAPGEEYDZHYSVR,SP22ARKWN5F6CCYXX5DYVJQCE2YSAPGEEYDZHYSVR,5693447195,2963219826,1.152823,1.152823,1.152823,no,false
9049309,zest-v1,SP22RJ9GSWXWTV2F1JSHNKE4A62P4PBY1A1G549BZ,SP22RJ9GSWXWTV2F1JSHNKE4A62P4PBY1A1G549BZ,240059,249690,0.576857,0.570801,0.582915,yes,true
9049309,zest-v1,SP22TS112NMSK54WGFR7HVB5320KJHAPH2A6EFHF7,SP22TS112NMSK54WGFR7HVB5320KJHAPH2A6EFHF7,377146592,207800,1088.969948,1077.535761,1100.404138,no,true
9049309,zest-v1,SP22VK42TD6TGSGMVQE3KRZ04YFE47WZYY7G0T893,SP22VK42TD6TGSGMVQE3KRZ04YFE47WZYY7G0T893,280836244,111589512,1.510014,1.510014,1.510014,no,true
9049309,zest-v1,SP22VW8FV3Y47C7FRDB9J89XEF53AYHGA3TZHCH32,SP22VW8FV3Y47C7FRDB9J89XEF53AYHGA3TZHCH32,16747667315,8101879811,1.24028,1.24028,1.24028,no,false
9049309,zest-v1,SP22YZ90FF9KC1JFJE3G664KRBNXX2JQKQBD0D9JG,SP22YZ90FF9KC1JFJE3G664KRBNXX2JQKQBD0D9JG,9695083220,3544202861,1.641286,1.641286,1.641286,no,false
9049309,zest-v1,SP234NYXB20YQBVXANCXFAETTN214VHHGZ3AVTCED,SP234NYXB20YQBVXANCXFAETTN214VHHGZ3AVTCED,229755281,147633200,0.933755,0.92395,0.943559,yes,true
9049309,zest-v1,SP236FFCREY39JKPS8N3JPG2HRHA7YM3Z21J5PVC3,SP236FFCREY39JKPS8N3JPG2HRHA7YM3Z21J5PVC3,235397,246553,0.572851,0.566836,0.578865,yes,true
9049309,zest-v1,SP237V09675NR572ZEW9YM4F2PQWJ34KTGCNJKY30,SP237V09675NR572ZEW9YM4F2PQWJ34KTGCNJKY30,23655837,605764,23.430746,23.430727,23.430764,no,true
9049309,zest-v1,SP238277TE5SRPBDTPJ7R51CNRJ2Z0MM042FJ3JZY,SP238277TE5SRPBDTPJ7R51CNRJ2Z0MM042FJ3JZY,10935236136,2684960041,2.443665,2.418006,2.469323,no,false
9049309,zest-v1,SP239ZXF4CV1J2APZG82ZBCQDXBV5BMQ2EJR1AS4S,SP239ZXF4CV1J2APZG82ZBCQDXBV5BMQ2EJR1AS4S,75326402,56580700,0.798785,0.790398,0.807173,yes,true
9049309,zest-v1,SP23AG7C2K5PQB547CF6AP280N3ZNNAAZE5JPZ11W,SP23AG7C2K5PQB547CF6AP280N3ZNNAAZE5JPZ11W,5093966134,1863076441,1.640501,1.640501,1.640502,no,false
9049309,zest-v1,SP23B0XMZSJW3EX5TSPZZ7D6X9EPT3CA7K2TZFSPB,SP23B0XMZSJW3EX5TSPZZ7D6X9EPT3CA7K2TZFSPB,3378060484,1255114246,1.614862,1.614862,1.614862,no,false
9049309,zest-v1,SP23BYPV6CSGAVSE8NYXHE47W4A481D4BARVHY4M5,SP23BYPV6CSGAVSE8NYXHE47W4A481D4BARVHY4M5,889036265,491929637,1.084346,1.084346,1.084346,no,true
9049309,zest-v1,SP23D2QGEAWMY75VVJW2Q67RAFGT3M5XJGTNS9VV9,SP23D2QGEAWMY75VVJW2Q67RAFGT3M5XJGTNS9VV9,162423254,104213600,0.935137,0.925318,0.944956,yes,true
9049309,zest-v1,SP23DPK544CQNX958YBKT5GEMQ7N5BDZA40869E7W,SP23DPK544CQNX958YBKT5GEMQ7N5BDZA40869E7W,2589076497,922127983,1.684632,1.684632,1.684632,no,true
9049309,zest-v1,SP23FHX061WDTW4K4BN1A07WA041S1M7B6CEAJFJQ,SP23FHX061WDTW4K4BN1A07WA041S1M7B6CEAJFJQ,1221109025,591798548,1.238032,1.238032,1.238032,no,true
9049309,zest-v1,SP23FXJ9G1D5GYWBARAW269N5WGF75EBECFXFHZ7D,SP23FXJ9G1D5GYWBARAW269N5WGF75EBECFXFHZ7D,6518123372,2541466583,1.538826,1.538826,1.538826,no,false
9049309,zest-v1,SP23HPNEMH64THDRY5PNKCTA481CBB8R25CFCRZ6N,SP23HPNEMH64THDRY5PNKCTA481CBB8R25CFCRZ6N,5280154891,1789887454,1.769996,1.769996,1.769996,no,false
9049309,zest-v1,SP23T2MHR9HW9XZW4TWZKRYZZ6FK33GH4K4869R66,SP23T2MHR9HW9XZW4TWZKRYZZ6FK33GH4K4869R66,3313303,4758,417.818789,417.815266,417.822387,no,true
9049309,zest-v1,SP23YFKQQB2A83TQCDC4MEQPEKQZJKP83A48XMWXV,SP23YFKQQB2A83TQCDC4MEQPEKQZJKP83A48XMWXV,38816,2949,7.897457,7.894758,7.897457,no,true
9049309,zest-v1,SP23YTQDD36TXW1Z3CFKGHWBGDBB4R2B0GFTZ649Q,SP23YTQDD36TXW1Z3CFKGHWBGDBB4R2B0GFTZ649Q,126512473,2022543,37.530714,37.530701,37.530714,no,true
9049309,zest-v1,SP2417H88DQFN7FNDMSKM9N0B3Q6GNGEM40W7ZAZW,SP2417H88DQFN7FNDMSKM9N0B3Q6GNGEM40W7ZAZW,393713,58535,4.035668,4.035624,4.035668,no,true
9049309,zest-v1,SP2419ABMN44BQ275GD5GKESDPBWM4GX1BG8MY2A,SP2419ABMN44BQ275GD5GKESDPBWM4GX1BG8MY2A,269029664,180816600,0.892716,0.883342,0.902089,yes,true
9049309,zest-v1,SP247A8K42S2YQW314MWWKV8N6FVPN8TMPZX0VEW5,SP247A8K42S2YQW314MWWKV8N6FVPN8TMPZX0VEW5,220414592,243500,543.116038,537.41332,548.818758,no,true
9049309,zest-v1,SP24AGJFKRWK7EMYBFA7J4R2HXR7Z7883FT8KCHSK,SP24AGJFKRWK7EMYBFA7J4R2HXR7Z7883FT8KCHSK,4911354,4228700,0.69686,0.689543,0.704177,yes,true
9049309,zest-v1,SP24HEW4DX7QGE41AV6B67J37M12XQJRJGQM8C8F5,SP24HEW4DX7QGE41AV6B67J37M12XQJRJGQM8C8F5,2237894299,744357440,1.803887,1.803887,1.803887,no,true
9049309,zest-v1,SP24HT8K6HQBAG1RFGEE0MMB6QKVXW920FJ3YQ69J,SP24HT8K6HQBAG1RFGEE0MMB6QKVXW920FJ3YQ69J,7099851481,3446296352,1.236084,1.236084,1.236084,no,false
9049309,zest-v1,SP24M0BHJZRZW8ACE5WEECWYDGH6RD3TZTK1D9ABZ,SP24M0BHJZRZW8ACE5WEECWYDGH6RD3TZTK1D9ABZ,170115426,40925025,2.494055,2.494055,2.494055,no,true
9049309,zest-v1,SP24Q4PHRJR2XA9W04TM51AFVT59E44VT0Q0ABFFH,SP24Q4PHRJR2XA9W04TM51AFVT59E44VT0Q0ABFFH,5106250977,1886788360,1.623791,1.623791,1.623791,no,false
9049309,zest-v1,SP24RW51MKAV6XRZ1JSMRYZTKDRE1FJZ5DNWCMXJ5,SP24RW51MKAV6XRZ1JSMRYZTKDRE1FJZ5DNWCMXJ5,28264018,66724400,0.254156,0.251487,0.256825,yes,true
9049309,zest-v1,SP24Z7C1VBBEQ8Y988E6CCR42MW8F7D37BVKK01TA,SP24Z7C1VBBEQ8Y988E6CCR42MW8F7D37BVKK01TA,0,53913200,0,0,0,yes,true
9049309,zest-v1,SP24Z9YPQ4TTP04Q0V77FNNK5MPWCRJQ2WQYR945D,SP24Z9YPQ4TTP04Q0V77FNNK5MPWCRJQ2WQYR945D,3582863189,241968000,8.884307,8.791021,8.977592,no,true
9049309,zest-v1,SP250EWQ2XVTVC79YCFSFM3KYC63E9KMEDFBSVN96,SP250EWQ2XVTVC79YCFSFM3KYC63E9KMEDFBSVN96,739736938,368402626,1.204775,1.204775,1.204775,no,true
9049309,zest-v1,SP255M5D0S3JZBY6XF2R8C5V1ZQA5FXQM6Q1A7EZ5,SP255M5D0S3JZBY6XF2R8C5V1ZQA5FXQM6Q1A7EZ5,33757030,40191200,0.503947,0.498655,0.509238,yes,true
9049309,zest-v1,SP255R4NT3VXHGHHQP4A6YZK0RKA20ZXRRHDFYG1X,SP255R4NT3VXHGHHQP4A6YZK0RKA20ZXRRHDFYG1X,5752349226,2280812899,1.513237,1.513237,1.513237,no,false
9049309,zest-v1,SP256W5CZ649T316REA29NR3H5ZK6ACA160CYF2XT,SP256W5CZ649T316REA29NR3H5ZK6ACA160CYF2XT,2219208405,922375910,1.443582,1.443582,1.443582,no,true
9049309,zest-v1,SP256XEJDBY37SS4JEQAEVDX4Y421TXNTTSJ7RPCQ,SP256XEJDBY37SS4JEQAEVDX4Y421TXNTTSJ7RPCQ,256913493318,202620008359,1.141161,1.141161,1.141161,no,false
9049309,zest-v1,SP257MXWZK04XRGY7HYY69QSFV62TX2PC8A49WWSB,SP257MXWZK04XRGY7HYY69QSFV62TX2PC8A49WWSB,47550,5233,5.45194,5.45194,5.452028,no,true
9049309,zest-v1,SP2591N54T6FTX1YJND3TKDY5TB1RWFFWXZYW9XZ,SP2591N54T6FTX1YJND3TKDY5TB1RWFFWXZYW9XZ,7618065966,3946240964,1.158277,1.158277,1.158277,no,false
9049309,zest-v1,SP25KA1RNTEA1YDWWPTMZH2DRYC0SHRR7Z9ZA29QT,SP25KA1RNTEA1YDWWPTMZH2DRYC0SHRR7Z9ZA29QT,3960116178,1770875737,1.341748,1.341748,1.341748,no,false
9049309,zest-v1,SP25KR14Y2E3SPNDWAWE39391XEXWXKR28RKARKTJ,SP25KR14Y2E3SPNDWAWE39391XEXWXKR28RKARKTJ,3818260668,1769759171,1.294502,1.294502,1.294502,no,false
9049309,zest-v1,SP25V5VHY8EXNJ3PEVH6D9P9MDE9BYM5P17A528KV,SP25V5VHY8EXNJ3PEVH6D9P9MDE9BYM5P17A528KV,1661113,427622,2.330722,2.330721,2.330722,no,true
9049309,zest-v1,SP25V846EXWPC9XMCGMGK54FEX9DJ427WX28ZH98D,SP25V846EXWPC9XMCGMGK54FEX9DJ427WX28ZH98D,335731,265036,0.633369,0.629567,0.637168,yes,true
9049309,zest-v1,SP25WCP3QWQR6EGASRKW0KVSQ460PNHFBQ79VAZDR,SP25WCP3QWQR6EGASRKW0KVSQ460PNHFBQ79VAZDR,14450441710,7472251622,1.160328,1.160328,1.160328,no,false
9049309,zest-v1,SP25X4ZVYPKA7W65RN9YFSMRM5XJ77JZAX9JAQNX,SP25X4ZVYPKA7W65RN9YFSMRM5XJ77JZAX9JAQNX,14179643,7363624,1.15538,1.15538,1.15538,no,true
9049309,zest-v1,SP25ZKQSRE95ZKRV7BJHCMTWG3XHWME3CQYEE6X0Z,SP25ZKQSRE95ZKRV7BJHCMTWG3XHWME3CQYEE6X0Z,86740406,35498997,1.466076,1.466076,1.466076,no,true
9049309,zest-v1,SP260SFRAVYMB98QKM5ATNKPC22P47G8PDMKR82N8,SP260SFRAVYMB98QKM5ATNKPC22P47G8PDMKR82N8,308086738,164302500,1.125071,1.113258,1.136885,no,true
9049309,zest-v1,SP262PDQ7VA401X7FSP8PHH3F0W6YTWA7YW9A6R4K,SP262PDQ7VA401X7FSP8PHH3F0W6YTWA7YW9A6R4K,720082710,161098332,2.6819,2.6819,2.6819,no,true
9049309,zest-v1,SP26719B4034HGEH5BYKNVXXXDV9AT6J068JDFM2G,SP26719B4034HGEH5BYKNVXXXDV9AT6J068JDFM2G,6195827549,2455590124,1.513891,1.513891,1.513891,no,false
9049309,zest-v1,SP267M0D84XPBWM0XWZ6NAB92TMKH89W6GBE7ZZP8,SP267M0D84XPBWM0XWZ6NAB92TMKH89W6GBE7ZZP8,384658328,191173141,1.207256,1.207256,1.207256,no,true
9049309,zest-v1,SP26GMJFH3PH7GZK4DRRN9Q7K65YR1C04417KV0F9,SP26GMJFH3PH7GZK4DRRN9Q7K65YR1C04417KV0F9,56925,4250,8.036471,8.035809,8.037146,no,true
9049309,zest-v1,SP26M0D73ZRBKCW385ZHP02DBGWCAY4Y4FFPFWEGK,SP26M0D73ZRBKCW385ZHP02DBGWCAY4Y4FFPFWEGK,5355116345,2044279067,1.571737,1.571737,1.571737,no,false
9049309,zest-v1,SP26NBGDCS4SR4G6R5FGCTHDBV2KQP8M2S6Q9Z5PG,SP26NBGDCS4SR4G6R5FGCTHDBV2KQP8M2S6Q9Z5PG,2762887531,1073135738,1.544756,1.544756,1.544756,no,false
9049309,zest-v1,SP26T18A9A751CM9V9BZJJ80WPRGERF4BSBJZN76W,SP26T18A9A751CM9V9BZJJ80WPRGERF4BSBJZN76W,1221786,95637,7.665146,7.665146,7.66521,no,true
9049309,zest-v1,SP26T3TJQ9H12MZ2K7A64YT40MPEAF557AHX6P4PB,SP26T3TJQ9H12MZ2K7A64YT40MPEAF557AHX6P4PB,3809254604,2537,900887.963106,900760.949064,901017.709721,no,true
9049309,zest-v1,SP26WMWG6PTR2QCH3XXPH5SZHH2FZ4WCSJJ32DBNP,SP26WMWG6PTR2QCH3XXPH5SZHH2FZ4WCSJJ32DBNP,3331879,427622,4.674987,4.674987,4.674987,no,true
9049309,zest-v1,SP26XS066PNXV9M28HP4EZVS7R36JWVGERW58H5KW,SP26XS066PNXV9M28HP4EZVS7R36JWVGERW58H5KW,32758774082,8083903200,2.431408,2.405878,2.456937,no,false
9049309,zest-v1,SP272A2XX6NQ94J6VFX7D3X68PV5F3XEK1QXKD8X8,SP272A2XX6NQ94J6VFX7D3X68PV5F3XEK1QXKD8X8,1125804620,412271022,1.638443,1.638443,1.638444,no,true
9049309,zest-v1,SP273SWYJNKJNS07QAJ6W3Q888CPKNTP00GRZCGVH,SP273SWYJNKJNS07QAJ6W3Q888CPKNTP00GRZCGVH,79862944,100066200,0.478861,0.473833,0.483889,yes,true
9049309,zest-v1,SP277ADH9HKSG5TTZ12DX14KS1SM7T4WXE4XX3T00,SP277ADH9HKSG5TTZ12DX14KS1SM7T4WXE4XX3T00,1871929763,1019355164,1.101832,1.101832,1.101832,no,false
9049309,zest-v1,SP27A5RMDF3CBPAW2FT361D5MDGFKBQNV63691K3B,SP27A5RMDF3CBPAW2FT361D5MDGFKBQNV63691K3B,564273563,123336700,2.74504,2.716217,2.773863,no,true
9049309,zest-v1,SP27AB49EX6YHKD4WJTEEFE4GK5G7VDFNQ9DGAYP5,SP27AB49EX6YHKD4WJTEEFE4GK5G7VDFNQ9DGAYP5,53461880985,25940313057,1.236574,1.236574,1.236574,no,false
9049309,zest-v1,SP27B3WMMG9VCQGCDQ7P9TYKXVS79BJ3ERZ4WNRJV,SP27B3WMMG9VCQGCDQ7P9TYKXVS79BJ3ERZ4WNRJV,95446294,66608300,0.859769,0.850742,0.868797,yes,true
9049309,zest-v1,SP27D0FTFXJFTJZ990VERKWMN7D28AMZ4VDVJE9ZZ,SP27D0FTFXJFTJZ990VERKWMN7D28AMZ4VDVJE9ZZ,4117633235,3402471819,1.08917,1.08917,1.08917,no,false
9049309,zest-v1,SP27D2PH9ZYCHPXQ9GYGT9X46PC92H2DH5SWV392D,SP27D2PH9ZYCHPXQ9GYGT9X46PC92H2DH5SWV392D,67850316,15027100,2.709118,2.680672,2.737564,no,true
9049309,zest-v1,SP27DSHVCV8WH5R85XSJDFS314VWG33FGZKJK7R8F,SP27DSHVCV8WH5R85XSJDFS314VWG33FGZKJK7R8F,10637584,64681,98.677361,98.677361,98.678677,no,true
9049309,zest-v1,SP27GFCXX32BRNNAY1PVVKNCAQ47XG4N038D9C9S7,SP27GFCXX32BRNNAY1PVVKNCAQ47XG4N038D9C9S7,17317669707,65772,157979.106979,157977.635512,157979.106979,no,true
9049309,zest-v1,SP27HDFWZZ2PF511GZW3A37KB7EAZJ62VWWZZEBH,SP27HDFWZZ2PF511GZW3A37KB7EAZJ62VWWZZEBH,68430292,52106300,0.78797,0.779696,0.796243,yes,true
9049309,zest-v1,SP27HP4CGDGK6MXS03ENAS64DN0NYNZFDXTXA16VM,SP27HP4CGDGK6MXS03ENAS64DN0NYNZFDXTXA16VM,5425927821,1468488685,2.216944,2.216944,2.216944,no,false
9049309,zest-v1,SP27JGYKJD4V1K6Z1H2TERBRA62JB6D4EG7HR1Y76,SP27JGYKJD4V1K6Z1H2TERBRA62JB6D4EG7HR1Y76,4940570,10550700,0.280962,0.278012,0.283912,yes,true
9049309,zest-v1,SP27K5VXGG9512F3Z1JCE5NS4NDC72KAAZD929ABS,SP27K5VXGG9512F3Z1JCE5NS4NDC72KAAZD929ABS,43549507,119833,218.050989,215.761453,220.340521,no,true
9049309,zest-v1,SP27PXWEEPDNWQMDMMZAET3MBP1N7ZE1M7XZHJF1M,SP27PXWEEPDNWQMDMMZAET3MBP1N7ZE1M7XZHJF1M,9453934098,4379824649,1.295111,1.295111,1.295111,no,false
9049309,zest-v1,SP27T4FF5ATTCN3HDY1QTD2PKNJSP1ACCCEGTW8S1,SP27T4FF5ATTCN3HDY1QTD2PKNJSP1ACCCEGTW8S1,3318988,8848900,0.225044,0.222681,0.227407,yes,true
9049309,zest-v1,SP2803S0YB2DJK5SBQX56PCYJVEXT9AJH758BAM4M,SP2803S0YB2DJK5SBQX56PCYJVEXT9AJH758BAM4M,188576308,36977358,3.059867,3.059867,3.059867,no,true
9049309,zest-v1,SP281DHYZ11K3B0BQHPWBBH5SRB457270073RVVES,SP281DHYZ11K3B0BQHPWBBH5SRB457270073RVVES,0,385156669,0,0,0,yes,true
9049309,zest-v1,SP283AEYZPARJAQ580J225P3FSPXSN6THVWAM0VRJ,SP283AEYZPARJAQ580J225P3FSPXSN6THVWAM0VRJ,2828652191,789241167,2.150409,2.150409,2.150409,no,true
9049309,zest-v1,SP284MQ5HZJ22NQRWVMT2MB9YXCF7S1DDZRDPXB7Z,SP284MQ5HZJ22NQRWVMT2MB9YXCF7S1DDZRDPXB7Z,632960993,336473967,1.128695,1.123154,1.134175,no,true
9049309,zest-v1,SP284VB0B1MXERVZ1BSSWJ8VCXVBWW18FC2D9609W,SP284VB0B1MXERVZ1BSSWJ8VCXVBWW18FC2D9609W,261536753,131342979,1.19475,1.19475,1.19475,no,true
9049309,zest-v1,SP28AC8VQ45F8V3NQK2RWT9ACQ7Q8Q4FFNYQDQB4B,SP28AC8VQ45F8V3NQK2RWT9ACQ7Q8Q4FFNYQDQB4B,436502,2,130950.6,129575.7,132325.8,no,true
9049309,zest-v1,SP28ADSCPCT4FF6SJQA5MZJXA1GRBWBKNAZK6X7ES,SP28ADSCPCT4FF6SJQA5MZJXA1GRBWBKNAZK6X7ES,170115553,40925025,2.494057,2.494057,2.494057,no,true
9049309,zest-v1,SP28C0YP67MYJ9HZNWGNTQT9AW6ZXH97FN72VKA36,SP28C0YP67MYJ9HZNWGNTQT9AW6ZXH97FN72VKA36,3270468,167865,11.689636,11.49792,11.883666,no,true
9049309,zest-v1,SP28DPJ06NQ0HDS000D9482FP0DHKHY3FRTAYD2QV,SP28DPJ06NQ0HDS000D9482FP0DHKHY3FRTAYD2QV,4812105602,1603746628,1.800324,1.800324,1.800324,no,false
9049309,zest-v1,SP28JR1MMYXF8TDGW074RFBFMH44KNYACG9Q3D0BV,SP28JR1MMYXF8TDGW074RFBFMH44KNYACG9Q3D0BV,807791,440004,1.101523,1.101523,1.101524,no,true
9049309,zest-v1,SP28QY2NN3KEN5CPVFATA2K6ZXN4A7SM3JC9G897,SP28QY2NN3KEN5CPVFATA2K6ZXN4A7SM3JC9G897,3809254604,186025015,12.286266,12.286266,12.286266,no,true
9049309,zest-v1,SP28T4GXDDZP1ANFD6S908T4CRV6FQZ6E3RQGQKGV,SP28T4GXDDZP1ANFD6S908T4CRV6FQZ6E3RQGQKGV,3908080510,1855339962,1.263838,1.263838,1.263838,no,false
9049309,zest-v1,SP2917XJ23T0WQM0TXQWEPSVTC113H7KC67A2R8JP,SP2917XJ23T0WQM0TXQWEPSVTC113H7KC67A2R8JP,1963121092,1083733102,1.086866,1.086866,1.086866,no,false
9049309,zest-v1,SP299PAE8YNRT1B16KNCRSP2ZQ05F0QQJ6M7BQAZQ,SP299PAE8YNRT1B16KNCRSP2ZQ05F0QQJ6M7BQAZQ,57410065,57937602,0.495447,0.492475,0.49842,yes,true
9049309,zest-v1,SP29C853DR00RAJETRHGA69W9QWM25GQP33PTAN5G,SP29C853DR00RAJETRHGA69W9QWM25GQP33PTAN5G,13312354,932943,8.561522,8.561521,8.561522,no,true
9049309,zest-v1,SP29CRNY1ZCDCAXGG65P60E31K1QN6E3AHWDA1VXQ,SP29CRNY1ZCDCAXGG65P60E31K1QN6E3AHWDA1VXQ,2589102362,923499985,1.682146,1.682146,1.682146,no,true
9049309,zest-v1,SP29DX2PV40QY2J6Y66MDTVW5KANSGD8VA1FXC6RA,SP29DX2PV40QY2J6Y66MDTVW5KANSGD8VA1FXC6RA,308651097,210124859,0.881336,0.877024,0.885601,yes,true
9049309,zest-v1,SP29FT0KRFACAHPEXSH1GYRG8W5EDQ7QVKV7A7K3P,SP29FT0KRFACAHPEXSH1GYRG8W5EDQ7QVKV7A7K3P,65772001,44601300,0.884799,0.875509,0.89409,yes,true
9049309,zest-v1,SP29JDBZVBA1NVN40R4RZJ2H4CXZJ75B51FJ7DXAP,SP29JDBZVBA1NVN40R4RZJ2H4CXZJ75B51FJ7DXAP,0,73185404,0,0,0,yes,true
9049309,zest-v1,SP29NE9Z7K8SVCEYSWGFN66SH92EQTHJXX9E97B72,SP29NE9Z7K8SVCEYSWGFN66SH92EQTHJXX9E97B72,461385715,69937740,3.958255,3.958255,3.958255,no,true
9049309,zest-v1,SP29P31FFH93AV36XYQXQFRJH6G7DAG3S78FAX94Q,SP29P31FFH93AV36XYQXQFRJH6G7DAG3S78FAX94Q,5029796739,1863096805,1.619818,1.619818,1.619818,no,false
9049309,zest-v1,SP2A4101CRS4FHK06VGVBP41SD31007A5Z93ZN8RV,SP2A4101CRS4FHK06VGVBP41SD31007A5Z93ZN8RV,1682106490,622564871,1.621139,1.621139,1.621139,no,true
9049309,zest-v1,SP2A5QR4RZJ8NX10KBZH96P10PV2JB9X38WSQX75P,SP2A5QR4RZJ8NX10KBZH96P10PV2JB9X38WSQX75P,5008760377,1863613594,1.612596,1.612596,1.612596,no,false
9049309,zest-v1,SP2A7JBTA21WPFVRDSRRAS187AYRAG5FMXH4Y6YE0,SP2A7JBTA21WPFVRDSRRAS187AYRAG5FMXH4Y6YE0,5210689444,1845158887,1.694387,1.694387,1.694387,no,false
9049309,zest-v1,SP2A93WT3MRJC8DHKRYJE7AAKJES6QZF91VAQ1NZ7,SP2A93WT3MRJC8DHKRYJE7AAKJES6QZF91VAQ1NZ7,8706791,1000,5224.0746,5169.222,5278.9272,no,true
9049309,zest-v1,SP2AA3RQQ8R98CZER4J1SMCSG879A4KM3WH3PM1KW,SP2AA3RQQ8R98CZER4J1SMCSG879A4KM3WH3PM1KW,170115553,40924930,2.494062,2.494062,2.494062,no,true
9049309,zest-v1,SP2AB6AYC6GBR5X94B4WNYDSFVXTSWRZQ9CG31TBB,SP2AB6AYC6GBR5X94B4WNYDSFVXTSWRZQ9CG31TBB,18588954198,9210025277,1.211003,1.211003,1.211003,no,false
9049309,zest-v1,SP2ADCJ6606CFHERS3HKABWB6PF5XBANXBQ4GSE86,SP2ADCJ6606CFHERS3HKABWB6PF5XBANXBQ4GSE86,37334,338,66.273373,66.164776,66.273373,no,true
9049309,zest-v1,SP2ADW332S32T4PGRNJ5JRQZ2DECS11HDY1GGPZPK,SP2ADW332S32T4PGRNJ5JRQZ2DECS11HDY1GGPZPK,196120008,74587412,1.577639,1.577639,1.577639,no,true
9049309,zest-v1,SP2AJ6R5EN5ETQRZAJA7751WEN28TCHNAW2N617MQ,SP2AJ6R5EN5ETQRZAJA7751WEN28TCHNAW2N617MQ,36055339258,662528420,32.652491,32.652491,32.652492,no,true
9049309,zest-v1,SP2ASBXYH8JDHA7CTG07BEC9BD9K4HMGV2KF6HBJP,SP2ASBXYH8JDHA7CTG07BEC9BD9K4HMGV2KF6HBJP,72575634,36659200,1.187843,1.175371,1.200316,no,true
9049309,zest-v1,SP2AWV0FWMMYTQSFEATX5GXV5BFYH3B4FZNWNRZQ5,SP2AWV0FWMMYTQSFEATX5GXV5BFYH3B4FZNWNRZQ5,592862661,154702800,2.299361,2.275218,2.323504,no,true
9049309,zest-v1,SP2AZVJ817DGD2X493Q9TJARKGF6H1FD4HD2GF8V4,SP2AZVJ817DGD2X493Q9TJARKGF6H1FD4HD2GF8V4,12906932506,6484937830,1.194176,1.194176,1.194176,no,false
9049309,zest-v1,SP2B0EJEMA0AGY9C986WQZRG9BAYMYMTWT990JSER,SP2B0EJEMA0AGY9C986WQZRG9BAYMYMTWT990JSER,11999561687,2558579234,2.813959,2.813959,2.813959,no,false
9049309,zest-v1,SP2B3HAGG1F70CTAKPA4B43ER1PV3QKYH1WWJDJK7,SP2B3HAGG1F70CTAKPA4B43ER1PV3QKYH1WWJDJK7,71883057,37275625,1.157052,1.157052,1.157052,no,true
9049309,zest-v1,SP2B8JQ5Y7CDWFQGP92ECE59Y7RHG989A8K123CMP,SP2B8JQ5Y7CDWFQGP92ECE59Y7RHG989A8K123CMP,10601730086,2936308673,2.166338,2.166338,2.166338,no,false
9049309,zest-v1,SP2B9PJPH629CTM65P4VBBCCAHY70WX1EG8MN97RZ,SP2B9PJPH629CTM65P4VBBCCAHY70WX1EG8MN97RZ,136487058625,113008343054,1.086985,1.086985,1.086985,no,false
9049309,zest-v1,SP2BEFSB43KR4M6C9117SA2A6T4SA6H0X1XDZF716,SP2BEFSB43KR4M6C9117SA2A6T4SA6H0X1XDZF716,7118309148,218000,19591.676554,19385.963893,19797.389216,no,true
9049309,zest-v1,SP2BENRVZR0TJVXGV3X3XMK9V7C0TJFGSN8SYB6DP,SP2BENRVZR0TJVXGV3X3XMK9V7C0TJFGSN8SYB6DP,0,4411,0,0,0,yes,true
9049309,zest-v1,SP2BKHJSW3XSQ3FEZN5X2GBSZ4C9VPB4SNMRSFCCD,SP2BKHJSW3XSQ3FEZN5X2GBSZ4C9VPB4SNMRSFCCD,3969827,79326,30.026677,30.026647,30.026708,no,true
9049309,zest-v1,SP2BMH1SK80DRA9XZZEPKW057RVHGA0C2B9VZXHBC,SP2BMH1SK80DRA9XZZEPKW057RVHGA0C2B9VZXHBC,501409,221700,1.356993,1.342747,1.371242,no,true
9049309,zest-v1,SP2BNY111K73715XKP1EBEBVVRWSNMMV1H42SJHZ,SP2BNY111K73715XKP1EBEBVVRWSNMMV1H42SJHZ,797331,2145,223.02965,222.974753,223.02965,no,true
9049309,zest-v1,SP2BR695BMDE7FT933B3H159XB0KVVRZ9WNS52V4D,SP2BR695BMDE7FT933B3H159XB0KVVRZ9WNS52V4D,253225390,193782700,0.653375,0.649454,0.657295,yes,true
9049309,zest-v1,SP2BTWRQT4M8G058MQP2QXXBPHPB9TJBE0RA9XY5C,SP2BTWRQT4M8G058MQP2QXXBPHPB9TJBE0RA9XY5C,1885763383,369771776,3.059882,3.059882,3.059882,no,true
9049309,zest-v1,SP2BYPKKSVF01Z4QBW6XY47FBHKEB8RM78PTX5RHT,SP2BYPKKSVF01Z4QBW6XY47FBHKEB8RM78PTX5RHT,0,15109,0,0,0,yes,true
9049309,zest-v1,SP2C25B1DQ60ZJDCBAY1FVT1KAEGJXR5RBN9HRFY8,SP2C25B1DQ60ZJDCBAY1FVT1KAEGJXR5RBN9HRFY8,32444705800,3630610400,5.36186,5.30556,5.418159,no,false
9049309,zest-v1,SP2C7P94NSSYFXSJ2NTPZKJ081BMQNB38EWM0F2FX,SP2C7P94NSSYFXSJ2NTPZKJ081BMQNB38EWM0F2FX,0,232678500,0,0,0,yes,true
9049309,zest-v1,SP2C9626NVF86VWFFND7HJ65DGEK5P84Y52RQ05CB,SP2C9626NVF86VWFFND7HJ65DGEK5P84Y52RQ05CB,50861600018,28846456617,1.05791,1.05791,1.05791,no,false
9049309,zest-v1,SP2CAHSP9XQ3JK3N2Y29RRZZ0JCEQ5T84792S83KR,SP2CAHSP9XQ3JK3N2Y29RRZZ0JCEQ5T84792S83KR,671462,628872,0.533862,0.530659,0.537066,yes,true
9049309,zest-v1,SP2CBGW37YSBYH383X9D3YQGCX4JAZVZFREXN4HFG,SP2CBGW37YSBYH383X9D3YQGCX4JAZVZFREXN4HFG,2395175,1196222,1.20137,1.201369,1.20137,no,true
9049309,zest-v1,SP2CDJ70KAQM56ETHXD51C0BM344PM20H3M8F9H94,SP2CDJ70KAQM56ETHXD51C0BM344PM20H3M8F9H94,3017231361,1193723345,1.516548,1.516548,1.516548,no,false
9049309,zest-v1,SP2CDJS9Y4SVP2BBMZM6G8E0ETAS99GGD16Z5EVHH,SP2CDJS9Y4SVP2BBMZM6G8E0ETAS99GGD16Z5EVHH,2589081881,922595795,1.683781,1.683781,1.683781,no,true
9049309,zest-v1,SP2CE123JZGQ63MGMN3VPY26QTQ1DS1CCEEYB3TVF,SP2CE123JZGQ63MGMN3VPY26QTQ1DS1CCEEYB3TVF,3809254604,186025364,12.286243,12.286243,12.286243,no,true
9049309,zest-v1,SP2CE64X7GJ11AJJZ51ZJBZEVHV70G5479PVY64ZY,SP2CE64X7GJ11AJJZ51ZJBZEVHV70G5479PVY64ZY,115089583170,51070229637,1.352133,1.352133,1.352133,no,false
9049309,zest-v1,SP2CGDSKJX6N1QJ2ENF7E9QG94HVGDRAM1YA7R0M4,SP2CGDSKJX6N1QJ2ENF7E9QG94HVGDRAM1YA7R0M4,4236440005,1954243345,1.30069,1.30069,1.30069,no,false
9049309,zest-v1,SP2CGGTQ2M90YJ3P7RATTWMBZV6WMRF87XK0NBKTY,SP2CGGTQ2M90YJ3P7RATTWMBZV6WMRF87XK0NBKTY,1885763383,369774250,3.059862,3.059862,3.059862,no,true
9049309,zest-v1,SP2CJBE3SWKCK85KKKY1ZY898MJNVSH0A703565HS,SP2CJBE3SWKCK85KKKY1ZY898MJNVSH0A703565HS,122726,628000,0.117254,0.116023,0.118485,yes,true
9049309,zest-v1,SP2CJBNE5DMQA3KS2S2AAE0AW8BZDS33RXCBTXPQM,SP2CJBNE5DMQA3KS2S2AAE0AW8BZDS33RXCBTXPQM,78342826,37709052,1.246536,1.246536,1.246536,no,true
9049309,zest-v1,SP2CPG8G7RHK0FJJTJP1XF0YQ9Y0C03NT339QVKXQ,SP2CPG8G7RHK0FJJTJP1XF0YQ9Y0C03NT339QVKXQ,2589081919,923325238,1.682451,1.682451,1.682451,no,true
9049309,zest-v1,SP2CT6DTYVCXA1PDT8BD72YR2ATHK2A5PVC5MDDF6,SP2CT6DTYVCXA1PDT8BD72YR2ATHK2A5PVC5MDDF6,1701156677,186023397,5.486912,5.486912,5.486912,no,true
9049309,zest-v1,SP2CT7PK64AJQWQP0XHECDGPJHHKREB7F13TY6XHH,SP2CT7PK64AJQWQP0XHECDGPJHHKREB7F13TY6XHH,885144471,186485341,2.847874,2.847874,2.847874,no,true
9049309,zest-v1,SP2CTN8DRXS72G64MW7NY86B6DSPNN9RS7XK4V3KW,SP2CTN8DRXS72G64MW7NY86B6DSPNN9RS7XK4V3KW,1162537882,7925300,88.012155,87.088027,88.936283,no,true
9049309,zest-v1,SP2CW7DNCNH6Q6V8C7S1X87M0NZ72E2MCMX6DPMY5,SP2CW7DNCNH6Q6V8C7S1X87M0NZ72E2MCMX6DPMY5,35408316,74039400,0.286942,0.283929,0.289955,yes,true
9049309,zest-v1,SP2CYKHA22MWQKV17ZG4NS77RBFP66RG5GETSF2WD,SP2CYKHA22MWQKV17ZG4NS77RBFP66RG5GETSF2WD,942693860,774972671,1.09478,1.09478,1.09478,no,true
9049309,zest-v1,SP2CZBQ51FHR9FFW0KCG74JV31WP0G8FFY6FFTKPY,SP2CZBQ51FHR9FFW0KCG74JV31WP0G8FFY6FFTKPY,342523001,157809439,1.302291,1.302291,1.302291,no,true
9049309,zest-v1,SP2D21TSA9RB2TXT67E2A0K76JVG1NBEWC93FZE8Q,SP2D21TSA9RB2TXT67E2A0K76JVG1NBEWC93FZE8Q,15294249358,3576300099,2.565934,2.538992,2.592876,no,false
9049309,zest-v1,SP2D2M4G94PBW4QTZZ5VPXJMJT25AKNVB5GNC6N88,SP2D2M4G94PBW4QTZZ5VPXJMJT25AKNVB5GNC6N88,113146176894,56864114846,1.193858,1.193858,1.193859,no,false
9049309,zest-v1,SP2D6WH9SZ7GXDRSK4RZXGXFR54207Y0YSCMYC4HG,SP2D6WH9SZ7GXDRSK4RZXGXFR54207Y0YSCMYC4HG,5047608084,1899455457,1.594438,1.594438,1.594439,no,false
9049309,zest-v1,SP2D8RP8J0EYMZPFTT0SS0YE4HR0JV6CBBAB9508F,SP2D8RP8J0EYMZPFTT0SS0YE4HR0JV6CBBAB9508F,69282661,85567486,0.485811,0.48071,0.490911,yes,true
9049309,zest-v1,SP2DGV4Z4APQNA9GQ23P80RTW87BQGR1P8VW5012T,SP2DGV4Z4APQNA9GQ23P80RTW87BQGR1P8VW5012T,29580985,15189503,1.752716,1.752716,1.752716,no,true
9049309,zest-v1,SP2DH0WAMJ13BGGRDVEVYKDXMDDKXJYX79305GY1K,SP2DH0WAMJ13BGGRDVEVYKDXMDDKXJYX79305GY1K,849446156,202510100,2.516752,2.490326,2.543178,no,true
9049309,zest-v1,SP2DQJJ1D1GWS9X1W6FZDSRG5FRTA0Z7TH583F2TF,SP2DQJJ1D1GWS9X1W6FZDSRG5FRTA0Z7TH583F2TF,0,1235900,0,0,0,yes,true
9049309,zest-v1,SP2DXQY1G61WJZW81V457RB9398JDV1Q9DFZAEEEQ,SP2DXQY1G61WJZW81V457RB9398JDV1Q9DFZAEEEQ,6780891701,2164154820,1.879965,1.879965,1.879965,no,false
9049309,zest-v1,SP2E2DB7ZRW9TQ1AEMC94NY23PW0T99X7ANB0KY2Y,SP2E2DB7ZRW9TQ1AEMC94NY23PW0T99X7ANB0KY2Y,39106431,4276322,5.486925,5.486925,5.486926,no,true
9049309,zest-v1,SP2E3DNHPVJH045SSMFYN1DW7ZWGKYZBZZQPG6V1P,SP2E3DNHPVJH045SSMFYN1DW7ZWGKYZBZZQPG6V1P,68036927,18593229,2.195539,2.195539,2.195539,no,true
9049309,zest-v1,SP2E3MKFV0ARX4SXDEEJ1RM4CG5X40E2RFFYB6554,SP2E3MKFV0ARX4SXDEEJ1RM4CG5X40E2RFFYB6554,37137612,3945468,5.647636,5.647635,5.647637,no,true
9049309,zest-v1,SP2E5NB6N3GJMVFM01VG44RBS7B8AC67M5JAJH0NP,SP2E5NB6N3GJMVFM01VG44RBS7B8AC67M5JAJH0NP,513521,552600,0.557569,0.551714,0.563423,yes,true
9049309,zest-v1,SP2E78TGFKW96CMBWQVK118AJYD9SC7DH1E0PVCV0,SP2E78TGFKW96CMBWQVK118AJYD9SC7DH1E0PVCV0,10309090748,3009739654,2.055146,2.055146,2.055146,no,false
9049309,zest-v1,SP2EFWAM278MYN4HGJJH60G0A18M3JE8JSWAA3YD2,SP2EFWAM278MYN4HGJJH60G0A18M3JE8JSWAA3YD2,106427207,78162000,0.816974,0.808396,0.825552,yes,true
9049309,zest-v1,SP2EGFDK5A2PP30YRX5SR2EAR9F6RFDM407S6FJK3,SP2EGFDK5A2PP30YRX5SR2EAR9F6RFDM407S6FJK3,46282537,24706400,1.123981,1.112179,1.135783,no,true
9049309,zest-v1,SP2EKAF598JF8074QDDRZTD27TQEXDVN63586MYZ2,SP2EKAF598JF8074QDDRZTD27TQEXDVN63586MYZ2,3809252646,186023397,12.286366,12.286366,12.286367,no,true
9049309,zest-v1,SP2EKRMW53DMRV6Y8A1933GCBV5J4CENR0BEQ4AR9,SP2EKRMW53DMRV6Y8A1933GCBV5J4CENR0BEQ4AR9,5583531773,2777794095,1.206036,1.206036,1.206036,no,false
9049309,zest-v1,SP2ENXH9HQNRSV745ASN0G4PP372A1BGXE55XQCFS,SP2ENXH9HQNRSV745ASN0G4PP372A1BGXE55XQCFS,772486,50525,9.17351,9.17351,9.173613,no,true
9049309,zest-v1,SP2EV1G9NC43ACQZPCQ3Q4A4YMCH03EVN686C4WDH,SP2EV1G9NC43ACQZPCQ3Q4A4YMCH03EVN686C4WDH,9049126758,786131394,6.906576,6.906576,6.906576,no,true
9049309,zest-v1,SP2EWMWC2FZCT7M2PX9840FE811VCFT5R72DANVCK,SP2EWMWC2FZCT7M2PX9840FE811VCFT5R72DANVCK,18624880678,97357552,114.782348,114.782348,114.782351,no,true
9049309,zest-v1,SP2EXDVB2W63Q45F1TVECVVX16RJ3JMZDTZD7CXZ0,SP2EXDVB2W63Q45F1TVECVVX16RJ3JMZDTZD7CXZ0,6268955269,905315632,4.154764,4.154764,4.154764,no,true
9049309,zest-v1,SP2EZBRH2T5A4TPFFTDK48CHR0WG95YZZA4HC1TJE,SP2EZBRH2T5A4TPFFTDK48CHR0WG95YZZA4HC1TJE,6831735975042,3996762007721,1.025591,1.025543,1.025637,no,false
9049309,zest-v1,SP2F0AHP4Y35AF74YK0VZN5AEZCXQK4REKBC0D8M6,SP2F0AHP4Y35AF74YK0VZN5AEZCXQK4REKBC0D8M6,1069059276,450734800,1.423089,1.408146,1.438031,no,true
9049309,zest-v1,SP2F1JZEJ2R0Q1S5R23QQ2T8BARBQB1WCSYZT9A4M,SP2F1JZEJ2R0Q1S5R23QQ2T8BARBQB1WCSYZT9A4M,2182253,194904,5.598277,5.56058,5.636032,no,true
9049309,zest-v1,SP2F48735BJJMJFSY9R05WCANKHZZDQ0PPK285GR5,SP2F48735BJJMJFSY9R05WCANKHZZDQ0PPK285GR5,1587697,4218,225.845946,225.808304,225.845946,no,true
9049309,zest-v1,SP2F4S1Y4FA6D8QTG1DVAJ92VJ08R9EDJ3AQ2ZT2T,SP2F4S1Y4FA6D8QTG1DVAJ92VJ08R9EDJ3AQ2ZT2T,51860230,66577100,0.46737,0.462463,0.472277,yes,true
9049309,zest-v1,SP2F66ASMYZ9M8EEVD4S76RCF9X15WZD2EQFR5MV1,SP2F66ASMYZ9M8EEVD4S76RCF9X15WZD2EQFR5MV1,308119,159142,1.161676,1.161675,1.161677,no,true
9049309,zest-v1,SP2F8ZMEPAN43EDHGN1X7SFRJWSSQ48THCJNEF0DR,SP2F8ZMEPAN43EDHGN1X7SFRJWSSQ48THCJNEF0DR,3620448147,1491888507,1.456053,1.456053,1.456053,no,false
9049309,zest-v1,SP2FF3M47FVY2PGE71MCEZ5DEAKK80R3AHDTH3PK7,SP2FF3M47FVY2PGE71MCEZ5DEAKK80R3AHDTH3PK7,48906,1934,15.172492,15.166957,15.172492,no,true
9049309,zest-v1,SP2FND3FF6W7J2115GXVS4M71H5JR8469E4DJYRHK,SP2FND3FF6W7J2115GXVS4M71H5JR8469E4DJYRHK,940736,2432020,0.232088,0.229651,0.234525,yes,true
9049309,zest-v1,SP2FSQ43XMXR76HN1X0YMXWJN4NX7HKKC6DX7D2H6,SP2FSQ43XMXR76HN1X0YMXWJN4NX7HKKC6DX7D2H6,498388276,145581251,2.054062,2.054062,2.054062,no,true
9049309,zest-v1,SP2FXB6AW37VTZX6RF4Y6SHA2RG5CAY3M219ZACHP,SP2FXB6AW37VTZX6RF4Y6SHA2RG5CAY3M219ZACHP,11635686380,5207218654,1.340718,1.340718,1.340718,no,false
9049309,zest-v1,SP2G0P8PWG999ZAQ4K9K8PDFHYY5F817RF515RNK8,SP2G0P8PWG999ZAQ4K9K8PDFHYY5F817RF515RNK8,525463752187,201220692600,1.30569,1.297856,1.313524,no,false
9049309,zest-v1,SP2G6TM8JCRNK6WSPQE8S86FP2W3A4FEVGZCCCQT8,SP2G6TM8JCRNK6WSPQE8S86FP2W3A4FEVGZCCCQT8,12589926,4,1573740.75,1564298.375,1583183.25,no,true
9049309,zest-v1,SP2G8PQH2QV3ZGNE4SYJH81JQ87PVWHCTKQ7J424C,SP2G8PQH2QV3ZGNE4SYJH81JQ87PVWHCTKQ7J424C,4367,285,9.193684,9.193617,9.19375,no,true
9049309,zest-v1,SP2GB8MCSPVQRX2M7ACDTKS75DHA0JQ8GSD5JJ8ED,SP2GB8MCSPVQRX2M7ACDTKS75DHA0JQ8GSD5JJ8ED,977734783503,477443961493,1.228711,1.228711,1.228711,no,false
9049309,zest-v1,SP2GG01D9KJD83T2J2WVH16M5WZG5PXEC2SHDZ2V0,SP2GG01D9KJD83T2J2WVH16M5WZG5PXEC2SHDZ2V0,4420633061,2101733403,1.261996,1.261996,1.261996,no,false
9049309,zest-v1,SP2GGHY9C697PSVBNX1TSFDJCH003DZBTCFTCF9ZY,SP2GGHY9C697PSVBNX1TSFDJCH003DZBTCFTCF9ZY,142387800,79222866,1.078384,1.067061,1.089707,no,true
9049309,zest-v1,SP2GR4FFCNZ5FATP98Y50Y3V3J2F1NKQ8AP9GBP0W,SP2GR4FFCNZ5FATP98Y50Y3V3J2F1NKQ8AP9GBP0W,4962572727,1864358741,1.597087,1.597087,1.597087,no,false
9049309,zest-v1,SP2GRRJ18NHCHPDHJ8KCS09PJKR2HMK7Q26R9XMAQ,SP2GRRJ18NHCHPDHJ8KCS09PJKR2HMK7Q26R9XMAQ,35391029078,9290070818,2.285733,2.285733,2.285733,no,false
9049309,zest-v1,SP2GTAYZK314040CZJRDV743YTFEQD4SVM67S3D5G,SP2GTAYZK314040CZJRDV743YTFEQD4SVM67S3D5G,14326994,534488,16.083048,16.083044,16.083052,no,true
9049309,zest-v1,SP2GWJXZQQ9CP9R6MGXNH01T3RY896JNCCNSJBN0Z,SP2GWJXZQQ9CP9R6MGXNH01T3RY896JNCCNSJBN0Z,608365141,167964900,2.173187,2.150368,2.196005,no,true
9049309,zest-v1,SP2GZ39RX2YJYQDW72C73X6PFKX086FV9ZVKRTPEK,SP2GZ39RX2YJYQDW72C73X6PFKX086FV9ZVKRTPEK,255524,3076,74.763199,74.746317,74.763199,no,true
9049309,zest-v1,SP2H35FBMBRT3AEPEAQRC4MNHQ06KZGCE9P4N9E5X,SP2H35FBMBRT3AEPEAQRC4MNHQ06KZGCE9P4N9E5X,339132724,157809439,1.289401,1.289401,1.289401,no,true
9049309,zest-v1,SP2H6B6ST4AD8263JE6XQTD827FMP2R7KTT3FYYBN,SP2H6B6ST4AD8263JE6XQTD827FMP2R7KTT3FYYBN,4903443672,1910270418,1.540131,1.540131,1.540131,no,false
9049309,zest-v1,SP2H84QZT1V0YZ70RTRZFT7HAZWDK88XK4CSNBMYE,SP2H84QZT1V0YZ70RTRZFT7HAZWDK88XK4CSNBMYE,18297,1712,6.4125,6.41237,6.412633,no,true
9049309,zest-v1,SP2H8KHH0YR27VZNGKDMNRCDTZES3X1ZAJVXHY3BH,SP2H8KHH0YR27VZNGKDMNRCDTZES3X1ZAJVXHY3BH,2290908059,1184043313,1.160891,1.160891,1.160891,no,false
9049309,zest-v1,SP2H9REMYWFACJ3VC18R8553DRC7G3S9WW6G0V0N3,SP2H9REMYWFACJ3VC18R8553DRC7G3S9WW6G0V0N3,1007194,15200,33.131382,32.932566,33.330164,no,true
9049309,zest-v1,SP2HE6QWJS3HRJEYAHX5DT0CPP9E6EJX6CBV28S64,SP2HE6QWJS3HRJEYAHX5DT0CPP9E6EJX6CBV28S64,1339179032,356144996,2.256124,2.232435,2.279814,no,true
9049309,zest-v1,SP2HER9FS9TAH93ENW0PC6JZR27WN5HT8R94GJTRR,SP2HER9FS9TAH93ENW0PC6JZR27WN5HT8R94GJTRR,77481486,32986800,1.409318,1.39452,1.424116,no,true
9049309,zest-v1,SP2HHTZRJFAE92M5V5Z3NHFYJDNG5NEWMNXB0MG4W,SP2HHTZRJFAE92M5V5Z3NHFYJDNG5NEWMNXB0MG4W,44867806692,18633676821,1.444733,1.444733,1.444733,no,false
9049309,zest-v1,SP2HJ5P67V0MKJA0BNW4AVGF166SK4MX8W6JK2XC,SP2HJ5P67V0MKJA0BNW4AVGF166SK4MX8W6JK2XC,2067155,38920,31.867754,31.867195,31.867754,no,true
9049309,zest-v1,SP2HMJC22B41J1CXXPMKJGW0GV3PWF9X0WN5ETW0E,SP2HMJC22B41J1CXXPMKJGW0GV3PWF9X0WN5ETW0E,2145234786,737903227,1.744322,1.744322,1.744322,no,true
9049309,zest-v1,SP2HR75CN7VBHPKF0YMV384NAE0NMERD1NGPM6M6K,SP2HR75CN7VBHPKF0YMV384NAE0NMERD1NGPM6M6K,4212505508,113092400,18.624176,18.512431,18.735921,no,true
9049309,zest-v1,SP2HRJN95ERWZDA1MBC70F1DRZX55XGH1VD9GFVF,SP2HRJN95ERWZDA1MBC70F1DRZX55XGH1VD9GFVF,3288644,434093,4.545538,4.545537,4.545538,no,true
9049309,zest-v1,SP2HRZ9W6PAEFH755MPDK664SAFC40W65JWWTY93W,SP2HRZ9W6PAEFH755MPDK664SAFC40W65JWWTY93W,33942794,7395357,2.753846,2.753846,2.753846,no,true
9049309,zest-v1,SP2HTNFVF2XKP814TTY9M3B2N71C85G34N4R576YZ,SP2HTNFVF2XKP814TTY9M3B2N71C85G34N4R576YZ,84296,5614,9.009191,9.009096,9.009289,no,true
9049309,zest-v1,SP2J0YX7RWKGQZVNC2BBZR3KMTH6K7A9Q864M8FM6,SP2J0YX7RWKGQZVNC2BBZR3KMTH6K7A9Q864M8FM6,20897568825,10876067512,1.152856,1.152856,1.152856,no,false
9049309,zest-v1,SP2J22Q10P49C83AAZDCM7AFDV98DFV3TF2B1A0TF,SP2J22Q10P49C83AAZDCM7AFDV98DFV3TF2B1A0TF,1885763383,369772410,3.059877,3.059877,3.059877,no,true
9049309,zest-v1,SP2J2VTVRNQ8EW2XGGGM4460W3KW9BCRN0M6RKYZ4,SP2J2VTVRNQ8EW2XGGGM4460W3KW9BCRN0M6RKYZ4,865,95,5.463158,5.463158,5.46875,no,true
9049309,zest-v1,SP2J8Z373ZY2JN5YRMPCEBMGDC8FQXH23796FKB0B,SP2J8Z373ZY2JN5YRMPCEBMGDC8FQXH23796FKB0B,4925359628,1864358516,1.585111,1.585111,1.585111,no,false
9049309,zest-v1,SP2JAWRXBJTETMYFRDMVT11NA4MN5DWDXX9928NY5,SP2JAWRXBJTETMYFRDMVT11NA4MN5DWDXX9928NY5,1110125302,549755375,1.211585,1.207663,1.21545,no,true
9049309,zest-v1,SP2JB7WMQCASVC2RDYC1VYS6PXCCR6MEX1FFXBDWE,SP2JB7WMQCASVC2RDYC1VYS6PXCCR6MEX1FFXBDWE,70671454,42866200,0.824326,0.81938,0.829272,yes,true
9049309,zest-v1,SP2JC5RNBKSSQ1M68Z59WG5MF4QJ7X0VER7V5252A,SP2JC5RNBKSSQ1M68Z59WG5MF4QJ7X0VER7V5252A,79040501,52814500,0.897941,0.888513,0.907369,yes,true
9049309,zest-v1,SP2JEYQD9RKAP4SKYPBMCY4EMS37RJS92GZ8ND4DG,SP2JEYQD9RKAP4SKYPBMCY4EMS37RJS92GZ8ND4DG,2790939000,318600,5256.00565,5200.817574,5311.193725,no,true
9049309,zest-v1,SP2JFY8426TTDWZAPGAGYYNVJ6R9PP72HCB26YTQA,SP2JFY8426TTDWZAPGAGYYNVJ6R9PP72HCB26YTQA,5683255488,2401061943,1.420185,1.420185,1.420186,no,false
9049309,zest-v1,SP2JR4ZWCHTAF17NF8YW2WSBCEWTNYNCRWKSY8SVD,SP2JR4ZWCHTAF17NF8YW2WSBCEWTNYNCRWKSY8SVD,50581792712,19580757371,1.29162,1.28387,1.29937,no,false
9049309,zest-v1,SP2JVB44M39020KH1RX84JCXC3PZA58VDZ7ZK35GK,SP2JVB44M39020KH1RX84JCXC3PZA58VDZ7ZK35GK,63633461,93930200,0.406473,0.402205,0.410741,yes,true
9049309,zest-v1,SP2JWM4MB1SBY2FT3PG5PM0V12NW8Y4FK1XXWBHSF,SP2JWM4MB1SBY2FT3PG5PM0V12NW8Y4FK1XXWBHSF,223759069,177697630,0.755527,0.747594,0.763461,yes,true
9049309,zest-v1,SP2JZH30520DFFS4Z15RY0Q9ZXEFNF6E32S7XZ1YK,SP2JZH30520DFFS4Z15RY0Q9ZXEFNF6E32S7XZ1YK,113705776,80510035,0.847391,0.838493,0.856288,yes,true
9049309,zest-v1,SP2K3F56YDVABD2MQG01KGJ0RQZYY4C8B6VJS5GT4,SP2K3F56YDVABD2MQG01KGJ0RQZYY4C8B6VJS5GT4,497325406,145580934,2.049686,2.049686,2.049686,no,true
9049309,zest-v1,SP2K5XE7V0KG367V3K9NN09Z0D501019MV3HXRKVA,SP2K5XE7V0KG367V3K9NN09Z0D501019MV3HXRKVA,3400052196762,1555506745900,1.092908,1.086351,1.099466,no,false
9049309,zest-v1,SP2K793MN5VVA4GN2ZX72NVEB7E0PGR5CTC3HSVAJ,SP2K793MN5VVA4GN2ZX72NVEB7E0PGR5CTC3HSVAJ,5557956556,2610620767,1.277387,1.277387,1.277387,no,false
9049309,zest-v1,SP2K9MJ51N9B7H1MR5V99K2D1G5WK013M1AW7S0PG,SP2K9MJ51N9B7H1MR5V99K2D1G5WK013M1AW7S0PG,2589079283,996908636,1.558265,1.558265,1.558265,no,true
9049309,zest-v1,SP2KCT8MH5GBAZ1B4AQ4ECEQPWTQBHXV5TYD4JQPH,SP2KCT8MH5GBAZ1B4AQ4ECEQPWTQBHXV5TYD4JQPH,318793032,246532564,0.775864,0.770232,0.78146,yes,true
9049309,zest-v1,SP2KD79FKDGDM8K9HRBG26YC6MNAD3EFM7A6A9ZM1,SP2KD79FKDGDM8K9HRBG26YC6MNAD3EFM7A6A9ZM1,490042086,218757169,1.344071,1.344071,1.344071,no,true
9049309,zest-v1,SP2KGEV3H9RDZYTFFP6TPKRYNMDQFSF6BSFKFRB1M,SP2KGEV3H9RDZYTFFP6TPKRYNMDQFSF6BSFKFRB1M,671462,641680,0.523206,0.520067,0.526346,yes,true
9049309,zest-v1,SP2KK924Y35RZ81KS2B445D19V47QSR4BYF84J4BV,SP2KK924Y35RZ81KS2B445D19V47QSR4BYF84J4BV,2774010487,931328866,1.787131,1.787131,1.787131,no,true
9049309,zest-v1,SP2KNXRKVH1GQ5KPV3TNJZWZ7T0SFS824JBSVF3DG,SP2KNXRKVH1GQ5KPV3TNJZWZ7T0SFS824JBSVF3DG,8087259673,3831490082,1.266441,1.266441,1.266441,no,false
9049309,zest-v1,SP2KST3SKBKWHA6T8JW71HVEXA313S40Q0WCJ2SQB,SP2KST3SKBKWHA6T8JW71HVEXA313S40Q0WCJ2SQB,43613710,66724300,0.392184,0.388066,0.396302,yes,true
9049309,zest-v1,SP2KVT51FQP2TFBE69ZZQCG1CS55S5FWTJKWT4B22,SP2KVT51FQP2TFBE69ZZQCG1CS55S5FWTJKWT4B22,82228207,79302100,0.622139,0.615606,0.628671,yes,true
9049309,zest-v1,SP2KY7F21EWVRKJ2BQSMJTP68DDFCQ7BGKXJ50RGW,SP2KY7F21EWVRKJ2BQSMJTP68DDFCQ7BGKXJ50RGW,217597390,122945018,1.061925,1.050775,1.073076,no,true
9049309,zest-v1,SP2M0EXZNKSZVHB4BC3M6F7N4QEW3NH82Z3ERS6NJ,SP2M0EXZNKSZVHB4BC3M6F7N4QEW3NH82Z3ERS6NJ,284056182000,150318347540,1.133818,1.133818,1.133818,no,false
9049309,zest-v1,SP2M2ZFETRTR46K9J19N94JHGSBF8HRE4M01K721E,SP2M2ZFETRTR46K9J19N94JHGSBF8HRE4M01K721E,45193377304,19513987987,1.389569,1.389569,1.389569,no,false
9049309,zest-v1,SP2M3KJNCCQTTX609WGRDYVGE20GC1J1VWSYX9VGS,SP2M3KJNCCQTTX609WGRDYVGE20GC1J1VWSYX9VGS,6059213350,2983722551,1.218454,1.218454,1.218454,no,false
9049309,zest-v1,SP2M52RZ429VAJDZ5GATQA7RVTHDYNAA68HEGHSKB,SP2M52RZ429VAJDZ5GATQA7RVTHDYNAA68HEGHSKB,25736822283,12507949096,1.234582,1.234582,1.234582,no,false
9049309,zest-v1,SP2M64HRBNK59JJ2V23D92MMAS7V85GDQ8VCRGDG9,SP2M64HRBNK59JJ2V23D92MMAS7V85GDQ8VCRGDG9,329175469,165323806,1.194657,1.194657,1.194657,no,true
9049309,zest-v1,SP2M7K3YM8813404G1R7AXV106CPWH0Z5ZA80JVAV,SP2M7K3YM8813404G1R7AXV106CPWH0Z5ZA80JVAV,8922,4593,1.165513,1.165513,1.165801,no,true
9049309,zest-v1,SP2M8DXCMHY8J1AWP2P2TR3FTCA8FEB4ATYPEFJXB,SP2M8DXCMHY8J1AWP2P2TR3FTCA8FEB4ATYPEFJXB,182604446,117094200,0.93568,0.925855,0.945504,yes,true
9049309,zest-v1,SP2M8H2WD51MP1YWE1Z65T3ZXP5MM362YNWSP3E3X,SP2M8H2WD51MP1YWE1Z65T3ZXP5MM362YNWSP3E3X,101636097,60515580,1.007702,0.991174,1.024429,band,true
9049309,zest-v1,SP2M8THMJDTMT27QJ6BMZN5V8PG1C3FGXS39YA1AB,SP2M8THMJDTMT27QJ6BMZN5V8PG1C3FGXS39YA1AB,5369137825,2044057881,1.576023,1.576023,1.576023,no,false
9049309,zest-v1,SP2MMNB14111VF1323CC52QY19ZBCK6CKV7G6E534,SP2MMNB14111VF1323CC52QY19ZBCK6CKV7G6E534,12627938,150,75767.628,75475.238255,75767.628,no,true
9049309,zest-v1,SP2MQ1M6REE7JFQJRFH908H3D8BH7HS1J0WX1D1D7,SP2MQ1M6REE7JFQJRFH908H3D8BH7HS1J0WX1D1D7,3436335514,186023239,11.083568,11.083568,11.083569,no,true
9049309,zest-v1,SP2MTC6BZQD08WA9TPC1GMNG4AZW3NNZV3JN1EVD2,SP2MTC6BZQD08WA9TPC1GMNG4AZW3NNZV3JN1EVD2,378456,63,3604.342857,3585.271875,3624.019355,no,true
9049309,zest-v1,SP2MVFGS9Z6Y7WA374JQ2KVR4081C4Y8MWNCKMH4F,SP2MVFGS9Z6Y7WA374JQ2KVR4081C4Y8MWNCKMH4F,79778,752,63.65266,63.575839,63.65266,no,true
9049309,zest-v1,SP2MXQ59EY1WM8ND18AYANAA3E32KNXB2Z6WE0KA8,SP2MXQ59EY1WM8ND18AYANAA3E32KNXB2Z6WE0KA8,1297174,1694,459.447698,459.447698,459.658913,no,true
9049309,zest-v1,SP2MZQMF5VHZVYXWNAAJXJ9HPHNM8118VQ5T69X7P,SP2MZQMF5VHZVYXWNAAJXJ9HPHNM8118VQ5T69X7P,1329160773,661173705,1.206183,1.206183,1.206183,no,true
9049309,zest-v1,SP2N2P8298BA8PFKFJGFFMTMK54NN59XB8KQ46PRH,SP2N2P8298BA8PFKFJGFFMTMK54NN59XB8KQ46PRH,30102,75,240.816,240.142105,241.508108,no,true
9049309,zest-v1,SP2N5M1PJ5X9RJTW9QS808Z1F4576BYG3FVA91QY3,SP2N5M1PJ5X9RJTW9QS808Z1F4576BYG3FVA91QY3,0,56080800,0,0,0,yes,true
9049309,zest-v1,SP2N7FTSJYX9XN22F8EE3X2W2X6KB680W8F2J71QV,SP2N7FTSJYX9XN22F8EE3X2W2X6KB680W8F2J71QV,2868255552,1193717445,1.441676,1.441676,1.441676,no,false
9049309,zest-v1,SP2NAQ3MDASD9EANBHAZQ83XEFBF2GH8XAQZCANJV,SP2NAQ3MDASD9EANBHAZQ83XEFBF2GH8XAQZCANJV,41486904,3720485,6.690564,6.690564,6.690564,no,true
9049309,zest-v1,SP2NHT6DXQ1CEB74WZQ86A424DR8ZZNGESTX3WK6,SP2NHT6DXQ1CEB74WZQ86A424DR8ZZNGESTX3WK6,919589399,12362400,44.631596,44.162964,45.100228,no,true
9049309,zest-v1,SP2NPBYX46J3F8C2FEGVMK3RF0BN6WQNV9EXJYN6Y,SP2NPBYX46J3F8C2FEGVMK3RF0BN6WQNV9EXJYN6Y,170115553,40924930,2.494062,2.494062,2.494062,no,true
9049309,zest-v1,SP2NRWX0489A5CN1KKPB6VF6B62DMV4CENB8RWTGM,SP2NRWX0489A5CN1KKPB6VF6B62DMV4CENB8RWTGM,668908595,348202447,1.15262,1.15262,1.15262,no,true
9049309,zest-v1,SP2NT1D5WQ3B755T0R15V3C9NZ7E400NSBZRJAN5Q,SP2NT1D5WQ3B755T0R15V3C9NZ7E400NSBZRJAN5Q,2183,856,1.53014,1.530106,1.530173,no,true
9049309,zest-v1,SP2NVGWMJSAAEPZNNQRHW626HBA4Q325FHX7VVPF3,SP2NVGWMJSAAEPZNNQRHW626HBA4Q325FHX7VVPF3,100974,941,64.382997,64.374763,64.391407,no,true
9049309,zest-v1,SP2NY428JH2MV60VMTNGPZAKVGA4W1ZWQQGGNX7NZ,SP2NY428JH2MV60VMTNGPZAKVGA4W1ZWQQGGNX7NZ,53050687,34244600,0.929502,0.914256,0.944931,yes,true
9049309,zest-v1,SP2P6DCS5N32T9J92BG6YZQFNTJJ1YV34ZPS8CDR,SP2P6DCS5N32T9J92BG6YZQFNTJJ1YV34ZPS8CDR,22323104,997765,13.423865,13.423865,13.423872,no,true
9049309,zest-v1,SP2P6ND86F2YG2GQDQD8QXZTE28EWYKS559D98H48,SP2P6ND86F2YG2GQDQD8QXZTE28EWYKS559D98H48,10356717194,2990493692,2.077928,2.077928,2.077928,no,false
9049309,zest-v1,SP2PF4G68C44HC6Y562ZYETT5FXWFBC9S246J9KB2,SP2PF4G68C44HC6Y562ZYETT5FXWFBC9S246J9KB2,158803,494000,0.192878,0.190853,0.194904,yes,true
9049309,zest-v1,SP2PF4VYW8B62TASG7AKFESQ04CKTWM21X09PY837,SP2PF4VYW8B62TASG7AKFESQ04CKTWM21X09PY837,16432023,8553938,1.152594,1.152593,1.152594,no,true
9049309,zest-v1,SP2PGDQK4EA3D1CJ8TGWQGQZD5BM4RY16P8YSFDNY,SP2PGDQK4EA3D1CJ8TGWQGQZD5BM4RY16P8YSFDNY,82645660,84176200,0.58909,0.582905,0.595276,yes,true
9049309,zest-v1,SP2PGDWR97DM7ASJSXY1R7NV5Z829A2H7C40Q2MPA,SP2PGDWR97DM7ASJSXY1R7NV5Z829A2H7C40Q2MPA,3731952957,1578170074,1.418841,1.418841,1.418841,no,false
9049309,zest-v1,SP2PHMA1MTGQXG5DV6G61AW7GHRZH946RR54BK4FG,SP2PHMA1MTGQXG5DV6G61AW7GHRZH946RR54BK4FG,5643154,14347800,0.235987,0.233509,0.238465,yes,true
9049309,zest-v1,SP2PJ8RQ3Q6RS8A8SP9F1SN03J1NVHDPYBCHE125A,SP2PJ8RQ3Q6RS8A8SP9F1SN03J1NVHDPYBCHE125A,1645152868,551573602,1.789592,1.789592,1.789592,no,true
9049309,zest-v1,SP2PN3KB4SMAYG1D9Z79294ZB83NGKB453WSK18JC,SP2PN3KB4SMAYG1D9Z79294ZB83NGKB453WSK18JC,1121741933856,485187297628,1.387186,1.387186,1.387186,no,false
9049309,zest-v1,SP2PNA3NH6WRFTVGF88TS89F3RYG801YPXPHWG3KF,SP2PNA3NH6WRFTVGF88TS89F3RYG801YPXPHWG3KF,555594557,135988,2451.368755,2451.366512,2451.37104,no,true
9049309,zest-v1,SP2PXD7AH66QHXBA1TTAHH0BG5VZWKJDK27EVJYRF,SP2PXD7AH66QHXBA1TTAHH0BG5VZWKJDK27EVJYRF,41486904,3720485,6.690564,6.690564,6.690564,no,true
9049309,zest-v1,SP2Q0YFHB6XGQQCTPZZE1QPY8H9AZWVA269Q8NT2G,SP2Q0YFHB6XGQQCTPZZE1QPY8H9AZWVA269Q8NT2G,83932,136,308.573529,306.724265,310.426471,no,true
9049309,zest-v1,SP2Q1X7A5RHEN6XXC5BH4MKGE4S7Y6QZHY3ZZTVYV,SP2Q1X7A5RHEN6XXC5BH4MKGE4S7Y6QZHY3ZZTVYV,3871412,1971303,1.178331,1.178331,1.178331,no,true
9049309,zest-v1,SP2Q3FYQ407FAQY2C47CTP43ZXEG00511R3FTMVTY,SP2Q3FYQ407FAQY2C47CTP43ZXEG00511R3FTMVTY,50675,3743,8.123163,8.123163,8.12471,no,true
9049309,zest-v1,SP2Q402MCF95W2V22CAV40HPRFQQ6P69SAD54RW6J,SP2Q402MCF95W2V22CAV40HPRFQQ6P69SAD54RW6J,5425912724,1468194986,2.217381,2.217381,2.217381,no,false
9049309,zest-v1,SP2Q58EA1NMT3FV2SHCAQ6C05BKX60ATGACTHRVA3,SP2Q58EA1NMT3FV2SHCAQ6C05BKX60ATGACTHRVA3,52064627,82872800,0.376948,0.372991,0.380906,yes,true
9049309,zest-v1,SP2Q7Y2YFM7DFY8EDZH6FH7ZRWN5G461Y4JXT5730,SP2Q7Y2YFM7DFY8EDZH6FH7ZRWN5G461Y4JXT5730,53634516,59256587,0.543074,0.534167,0.552089,yes,true
9049309,zest-v1,SP2QCDVNWBM0HPKXZ2B9T9SJ9YB2ZG1KJ6WXJK61A,SP2QCDVNWBM0HPKXZ2B9T9SJ9YB2ZG1KJ6WXJK61A,754307830,375785869,1.204369,1.204369,1.204369,no,true
9049309,zest-v1,SP2QJZBTB874KWT9YSG4CMVSYBXVYX9SDHY11108Y,SP2QJZBTB874KWT9YSG4CMVSYBXVYX9SDHY11108Y,71316500,35698360,1.198652,1.198652,1.198652,no,true
9049309,zest-v1,SP2QKE471WK6AVZTGFD5291SN7JWP53MMJZHE79F3,SP2QKE471WK6AVZTGFD5291SN7JWP53MMJZHE79F3,60266888,66724300,0.541933,0.536243,0.547624,yes,true
9049309,zest-v1,SP2QRDEVCNT7H0TXYTDCPYYHBEEX78CGQ0PX35ZVP,SP2QRDEVCNT7H0TXYTDCPYYHBEEX78CGQ0PX35ZVP,37425409,3720453,6.035621,6.03562,6.035621,no,true
9049309,zest-v1,SP2QTAN88V285ZK0GWQP34F8QJ98N4JP6X01S0N6E,SP2QTAN88V285ZK0GWQP34F8QJ98N4JP6X01S0N6E,37390086,7800,2876.160462,2845.960769,2906.360154,no,true
9049309,zest-v1,SP2QZT3P5NZR2WG910S84B3YW3G6ES5WZ7Y9Z6B0R,SP2QZT3P5NZR2WG910S84B3YW3G6ES5WZ7Y9Z6B0R,4980812255,1900615407,1.572379,1.572379,1.572379,no,false
9049309,zest-v1,SP2RBQNS29P5YE0RB1HC9GVW3JCQCFEX8HFJXGC4A,SP2RBQNS29P5YE0RB1HC9GVW3JCQCFEX8HFJXGC4A,192883320,133647300,0.865936,0.856844,0.875028,yes,true
9049309,zest-v1,SP2RCAHCTVC7QHS8GHB9JW70D89PCFBSNM0D5B2RA,SP2RCAHCTVC7QHS8GHB9JW70D89PCFBSNM0D5B2RA,32709346,388688,50.491931,50.4919,50.491959,no,true
9049309,zest-v1,SP2RHSHTNXXYY3B3KGJ61JGV4AB5PSHDG0GXY7DBM,SP2RHSHTNXXYY3B3KGJ61JGV4AB5PSHDG0GXY7DBM,4963621930,1827626927,1.62953,1.62953,1.62953,no,false
9049309,zest-v1,SP2RKXEZ7DV9N9V4FW4X0REXKRH0N6AZV2E7ARSGH,SP2RKXEZ7DV9N9V4FW4X0REXKRH0N6AZV2E7ARSGH,1689801,4053960,0.250096,0.24747,0.252722,yes,true
9049309,zest-v1,SP2RN4MYP5WKP8WC2262YBXZ0D0Z9XX38B5DA13BK,SP2RN4MYP5WKP8WC2262YBXZ0D0Z9XX38B5DA13BK,0,6212,0,0,0,yes,true
9049309,zest-v1,SP2RQ7FK82NPEBW0P55YVF1S0RRB4SF22Y7YZRCFC,SP2RQ7FK82NPEBW0P55YVF1S0RRB4SF22Y7YZRCFC,3809252646,186023239,12.286377,12.286377,12.286377,no,true
9049309,zest-v1,SP2RQZDD02SVJ690DP7H065W46AK082AKWYNBKZ83,SP2RQZDD02SVJ690DP7H065W46AK082AKWYNBKZ83,3168092934,478000,3976.685691,3934.93048,4018.440904,no,true
9049309,zest-v1,SP2RRX2EKSDFSZQNQEFJ0JXJGTJ7GGGB29KKE1AXB,SP2RRX2EKSDFSZQNQEFJ0JXJGTJ7GGGB29KKE1AXB,226925843,113598100,1.198572,1.185987,1.211157,no,true
9049309,zest-v1,SP2S48W70RJW2FZQ0MGZXN6BJKQ4GNRRV6B83Y91S,SP2S48W70RJW2FZQ0MGZXN6BJKQ4GNRRV6B83Y91S,176573,10658,9.940308,9.940308,9.941202,no,true
9049309,zest-v1,SP2S74ZQE7MBBZPXXHYRBKMZV5CB56AGSHQ98BTJM,SP2S74ZQE7MBBZPXXHYRBKMZV5CB56AGSHQ98BTJM,16811803240,3726212199,2.707061,2.707061,2.707061,no,false
9049309,zest-v1,SP2S7GTAT2EZ2MM5EFV4WTMZ88C5DNG13924B7NMN,SP2S7GTAT2EZ2MM5EFV4WTMZ88C5DNG13924B7NMN,18606098778,9685686585,1.152593,1.152593,1.152593,no,false
9049309,zest-v1,SP2SA9PKXCA39VDF8P8YX9V32QY96QZ46E344SYNA,SP2SA9PKXCA39VDF8P8YX9V32QY96QZ46E344SYNA,2133613056,741521161,1.726408,1.726408,1.726408,no,true
9049309,zest-v1,SP2SGTG124NX7XPXFSTD47T77N0K5KX7DGFT2SRV8,SP2SGTG124NX7XPXFSTD47T77N0K5KX7DGFT2SRV8,143467415,74596832,1.153942,1.153942,1.153942,no,true
9049309,zest-v1,SP2SKNBT57ECBV5Q06QD0XEPWRXP6RXC3FEQABFH3,SP2SKNBT57ECBV5Q06QD0XEPWRXP6RXC3FEQABFH3,193512257729,90454663033,1.283597,1.283597,1.283597,no,false
9049309,zest-v1,SP2SM5F36RRS709CQ4D9CJY70F43V4TR9JPN7V6D6,SP2SM5F36RRS709CQ4D9CJY70F43V4TR9JPN7V6D6,7527284,75,60218.272,60049.902632,60391.2,no,true
9049309,zest-v1,SP2SMSPX443W4HTX9YT9WVV5C0A212FJ8WQMGT51M,SP2SMSPX443W4HTX9YT9WVV5C0A212FJ8WQMGT51M,33507,265,75.864906,75.803731,75.927481,no,true
9049309,zest-v1,SP2ST90VE66R4GDQ50RVQKWS2B8N6KPTKVMJ9NEY2,SP2ST90VE66R4GDQ50RVQKWS2B8N6KPTKVMJ9NEY2,671462,625700,0.536569,0.533349,0.539788,yes,true
9049309,zest-v1,SP2T0B8G83PCBJA4WEVF38DSG6MRFVXH6G88DGEBW,SP2T0B8G83PCBJA4WEVF38DSG6MRFVXH6G88DGEBW,33149919287,9480295276,3.147046,3.147046,3.147046,no,false
9049309,zest-v1,SP2T0DVED39JM0X8MWAYFRAYB7R8EWFJC2W3VT1A,SP2T0DVED39JM0X8MWAYFRAYB7R8EWFJC2W3VT1A,146831,153400,0.574306,0.568275,0.580334,yes,true
9049309,zest-v1,SP2TD9H3GY9ZPNB1Q149MYX8HHT8X2Q15ZYQWCKB9,SP2TD9H3GY9ZPNB1Q149MYX8HHT8X2Q15ZYQWCKB9,3402475282,1488703906,1.371317,1.371317,1.371317,no,false
9049309,zest-v1,SP2TF3A02DCNB05D3WPY8C26PDBYCWQ1TPPNVJ6TP,SP2TF3A02DCNB05D3WPY8C26PDBYCWQ1TPPNVJ6TP,6513688,600,6513.688,6445.295,6582.082,no,true
9049309,zest-v1,SP2TG5M7W5DZZTRA2ZHRKYRHMXJ302W4WJ2NJQTXD,SP2TG5M7W5DZZTRA2ZHRKYRHMXJ302W4WJ2NJQTXD,2013065583,710967437,1.698867,1.698867,1.698867,no,true
9049309,zest-v1,SP2TGBVGPA2QRGW9681FBMRZVEAYX87T14GPQSTSZ,SP2TGBVGPA2QRGW9681FBMRZVEAYX87T14GPQSTSZ,86740406,35498997,1.466076,1.466076,1.466076,no,true
9049309,zest-v1,SP2TGS4853PR44BANBJN9QDF40CFMKKFW5Q4VSGMP,SP2TGS4853PR44BANBJN9QDF40CFMKKFW5Q4VSGMP,1679412275,140797740,5.963918,5.928134,5.999701,no,true
9049309,zest-v1,SP2TH0ZEF2AKBVH93A4ST0GNWKFTXDQ34YSR1CA42,SP2TH0ZEF2AKBVH93A4ST0GNWKFTXDQ34YSR1CA42,4902877204,2177792958,1.350783,1.350783,1.350783,no,false
9049309,zest-v1,SP2TJYSQE2RBDBAWF205V81H93N62XDJ0BKGXA5XP,SP2TJYSQE2RBDBAWF205V81H93N62XDJ0BKGXA5XP,83932,500,83.932,83.429,84.436,no,true
9049309,zest-v1,SP2TRDF0MSFET67D45JZS101FFN1PCR9RS823HS69,SP2TRDF0MSFET67D45JZS101FFN1PCR9RS823HS69,39106431,4276322,5.486925,5.486925,5.486926,no,true
9049309,zest-v1,SP2TTW6MJKNW23MG69ZTWWMG1GQ6Q1K4TBNM3GPR5,SP2TTW6MJKNW23MG69ZTWWMG1GQ6Q1K4TBNM3GPR5,12526322,6564523,1.144911,1.144911,1.144911,no,true
9049309,zest-v1,SP2V8AFRXRFYQE1B04QREA21JJ2HGJRJZ1H93GB6B,SP2V8AFRXRFYQE1B04QREA21JJ2HGJRJZ1H93GB6B,70790543,35587751,1.19351,1.19351,1.19351,no,true
9049309,zest-v1,SP2V8PF8QRSQJ3B282WXARZG2C43X5BEEEMCZTSP3,SP2V8PF8QRSQJ3B282WXARZG2C43X5BEEEMCZTSP3,754962547,288839586,1.568267,1.568267,1.568267,no,true
9049309,zest-v1,SP2V9XG0W2YYFR25Q6MZACJTT4SE42JNJB1RDDXHN,SP2V9XG0W2YYFR25Q6MZACJTT4SE42JNJB1RDDXHN,6024894031,995221256,3.632294,3.632294,3.632294,no,true
9049309,zest-v1,SP2V9YWEMB3F66N931V8RR7MS48KEMES2BC6A107C,SP2V9YWEMB3F66N931V8RR7MS48KEMES2BC6A107C,902069947,390439014,1.386239,1.380453,1.391953,no,true
9049309,zest-v1,SP2VAKZGM873F6ZHSJXZ1BGJE5D4Z2H8B66EXXJKC,SP2VAKZGM873F6ZHSJXZ1BGJE5D4Z2H8B66EXXJKC,12157777,13186400,0.553196,0.547388,0.559005,yes,true
9049309,zest-v1,SP2VE39M87CWWQZ82EX5Y4P8JMEH0PPXPPJC09N3W,SP2VE39M87CWWQZ82EX5Y4P8JMEH0PPXPPJC09N3W,5600607192,2259620981,1.487136,1.487136,1.487136,no,false
9049309,zest-v1,SP2VHDJG4HPW0B9T2RGZNRYPXK2K2BE5AECWNYWV3,SP2VHDJG4HPW0B9T2RGZNRYPXK2K2BE5AECWNYWV3,5896953869,2355489703,1.502096,1.502096,1.502096,no,false
9049309,zest-v1,SP2VHK8HS0BGZBPCW0J4XME6M1QEFGVZMMC8TRD14,SP2VHK8HS0BGZBPCW0J4XME6M1QEFGVZMMC8TRD14,7684371417,2019181982,2.283411,2.283411,2.283411,no,false
9049309,zest-v1,SP2VJMH4GK1KTKX9CSTP5HKJ83A6X3K4C6N519943,SP2VJMH4GK1KTKX9CSTP5HKJ83A6X3K4C6N519943,31003586936,1700,10942442.448,10827546.526588,11057338.024941,no,true
9049309,zest-v1,SP2VKGQE7CS6B413ZFAVV5CCNPGWY5XQ5QJC89A3J,SP2VKGQE7CS6B413ZFAVV5CCNPGWY5XQ5QJC89A3J,5419534374,1053163179,3.087575,3.087575,3.087575,no,false
9049309,zest-v1,SP2VKV3A239D5117VEWG39FNYC2FKK6915WM5RDZF,SP2VKV3A239D5117VEWG39FNYC2FKK6915WM5RDZF,62497,193000,0.194291,0.192252,0.196331,yes,true
9049309,zest-v1,SP2VR35TSYTE36FD0QX856MC5621NNTK4BWERZGY,SP2VR35TSYTE36FD0QX856MC5621NNTK4BWERZGY,823271,2148300,0.229932,0.227518,0.232346,yes,true
9049309,zest-v1,SP2VSRZN573WMBX03S1R3HJC7DYMKD9GPFXKN922,SP2VSRZN573WMBX03S1R3HJC7DYMKD9GPFXKN922,170115426,40925057,2.494053,2.494053,2.494053,no,true
9049309,zest-v1,SP2VV5RXVK0MZADX1KQBGCPNTBNJ8KA4GVPWKW2BG,SP2VV5RXVK0MZADX1KQBGCPNTBNJ8KA4GVPWKW2BG,4688456376,1111952100,2.529852,2.503288,2.556415,no,false
9049309,zest-v1,SP2VZSP1HHR9JFZ95V5XPE1RYWT6CJQHM82VS9DYJ,SP2VZSP1HHR9JFZ95V5XPE1RYWT6CJQHM82VS9DYJ,148381292,77013100,1.156021,1.156021,1.156021,no,true
9049309,zest-v1,SP2W0538S5PCZVZDNEMJ0CJF4V0B20DDD6XT2139N,SP2W0538S5PCZVZDNEMJ0CJF4V0B20DDD6XT2139N,43892895082,8280193106,3.18057,3.18057,3.18057,no,false
9049309,zest-v1,SP2W1CCVM1261D8182DT5Q5YRY0A66PFD3G9FYVJ3,SP2W1CCVM1261D8182DT5Q5YRY0A66PFD3G9FYVJ3,100974,903,67.092359,67.054107,67.092359,no,true
9049309,zest-v1,SP2W7BV0JJX2PDC2KAANHJRX8RXHXK82YCH7KED24,SP2W7BV0JJX2PDC2KAANHJRX8RXHXK82YCH7KED24,1395543857,19793,42304.163805,42303.79694,42304.538432,no,true
9049309,zest-v1,SP2W8SXYX8HP40V6682F4F5CRKZRPRGREG4HKBMZX,SP2W8SXYX8HP40V6682F4F5CRKZRPRGREG4HKBMZX,5401894182,2682319719,1.208333,1.208333,1.208333,no,false
9049309,zest-v1,SP2WC112DEJR44WVAX5A2WZ21VCTTVMY000AJKKYT,SP2WC112DEJR44WVAX5A2WZ21VCTTVMY000AJKKYT,1393448274,328578200,2.544505,2.517788,2.571223,no,true
9049309,zest-v1,SP2WC3S1S4K04EVZXCDVHNTGMPZ8Y8T1WSD6X0KWA,SP2WC3S1S4K04EVZXCDVHNTGMPZ8Y8T1WSD6X0KWA,160497,93500,1.029927,1.019114,1.040747,no,true
9049309,zest-v1,SP2WHHNS0QFZKE4J2V0PMJ9X4GHKXA6NTCMXX36AF,SP2WHHNS0QFZKE4J2V0PMJ9X4GHKXA6NTCMXX36AF,927488958,506609163,1.098467,1.097749,1.09917,no,true
9049309,zest-v1,SP2WMYDF3S39FWDSJ72CAJ9PZRYTW1PKTC0WN5QAP,SP2WMYDF3S39FWDSJ72CAJ9PZRYTW1PKTC0WN5QAP,0,551477529,0,0,0,yes,true
9049309,zest-v1,SP2WP3D7T8D5QTF3NPCHMXT78JNHJTMCSWBY5MH2Z,SP2WP3D7T8D5QTF3NPCHMXT78JNHJTMCSWBY5MH2Z,61442023,44224100,0.8336,0.828657,0.838498,yes,true
9049309,zest-v1,SP2WS28J7A725HPCGPFBG9F0973JQTQ8Z0FX3GDJP,SP2WS28J7A725HPCGPFBG9F0973JQTQ8Z0FX3GDJP,7133664,2833800,1.510409,1.49455,1.526269,no,true
9049309,zest-v1,SP2WXPEYCZY51BYSSAE2D9C3HJBMZQPHCTZYWA5JB,SP2WXPEYCZY51BYSSAE2D9C3HJBMZQPHCTZYWA5JB,373012617,136931100,1.634454,1.617292,1.651616,no,true
9049309,zest-v1,SP2X48EMT7RR934KZP938W87MF93H96RVC1GNK7YM,SP2X48EMT7RR934KZP938W87MF93H96RVC1GNK7YM,71604515,82873400,0.518414,0.51297,0.523857,yes,true
9049309,zest-v1,SP2X4SDD5KGTQ225ENR03BVCH2V6F28EBX60814AQ,SP2X4SDD5KGTQ225ENR03BVCH2V6F28EBX60814AQ,498749518,145579475,2.055576,2.055576,2.055576,no,true
9049309,zest-v1,SP2X5X4HSR9ABHSY60SR3JQXE7SDXQQVEKKKVAVP1,SP2X5X4HSR9ABHSY60SR3JQXE7SDXQQVEKKKVAVP1,54687287941,17758478223,1.847702,1.847702,1.847702,no,false
9049309,zest-v1,SP2X6RSHSEKB46ANMXRR7TAH03T7762QHY26DYMNS,SP2X6RSHSEKB46ANMXRR7TAH03T7762QHY26DYMNS,6429774072,1094887900,3.523525,3.486528,3.560522,no,false
9049309,zest-v1,SP2XE0W323XF3EZETK5VHXJYKE84VWPK50ZMB31S1,SP2XE0W323XF3EZETK5VHXJYKE84VWPK50ZMB31S1,7492,2142,2.098599,2.097921,2.099009,no,true
9049309,zest-v1,SP2XGT4XMKGB6DBN6FGZAVAXHBQT18F3G3WJ4TTTW,SP2XGT4XMKGB6DBN6FGZAVAXHBQT18F3G3WJ4TTTW,10107725099,2796617609,2.168561,2.16856,2.168562,no,false
9049309,zest-v1,SP2XJ642XX3VZPNEZNCJZ7DX4EN0ZGXYDN8B2HZY8,SP2XJ642XX3VZPNEZNCJZ7DX4EN0ZGXYDN8B2HZY8,203569156,39454421,3.095762,3.095762,3.095762,no,true
9049309,zest-v1,SP2XJAWTQH9MJ1FV1QGP12KP3Q1SZAYT3RTBJBDPK,SP2XJAWTQH9MJ1FV1QGP12KP3Q1SZAYT3RTBJBDPK,719887,1054,409.802846,409.776414,409.828732,no,true
9049309,zest-v1,SP2XM1QJB05F2JA76J6PEKHTEKBW8GEDY1XRND9F6,SP2XM1QJB05F2JA76J6PEKHTEKBW8GEDY1XRND9F6,1682542729,839439815,1.202618,1.202618,1.202618,no,true
9049309,zest-v1,SP2XV97TQ925WMTQTBJWJVP5ZEK7ATR0G5F6982AX,SP2XV97TQ925WMTQTBJWJVP5ZEK7ATR0G5F6982AX,8225764532,4085134013,1.208151,1.208151,1.208151,no,false
9049309,zest-v1,SP2XVKPNAKAQAWTV8396JV58NTT1YAY3K4M1PGCD9,SP2XVKPNAKAQAWTV8396JV58NTT1YAY3K4M1PGCD9,838105,226198,2.22311,2.223109,2.22311,no,true
9049309,zest-v1,SP2XW5QP3M9E50CBE15G3BD7TW44J97ZCKMDR2N4N,SP2XW5QP3M9E50CBE15G3BD7TW44J97ZCKMDR2N4N,10251908,22754200,0.27033,0.267492,0.273169,yes,true
9049309,zest-v1,SP2XWGZ4XNGX3CBMJ60WB8WY5WWCBXAY21M80WT2Y,SP2XWGZ4XNGX3CBMJ60WB8WY5WWCBXAY21M80WT2Y,18984376,44070100,0.258466,0.255752,0.26118,yes,true
9049309,zest-v1,SP2XXPBN1JFKZY8Z0FCP022NBVQZSWTK185KQQ3NS,SP2XXPBN1JFKZY8Z0FCP022NBVQZSWTK185KQQ3NS,0,3729589,0,0,0,yes,true
9049309,zest-v1,SP2XYMY5FPFP1R02K77ZYK533XNVQFZNMQB57CMBP,SP2XYMY5FPFP1R02K77ZYK533XNVQFZNMQB57CMBP,503932795,200,1259831.9875,1252272.995,1267390.98,no,true
9049309,zest-v1,SP2Y6PN1W5F97RZ2ENNSAADVWBFDF3GCVC4YZ71CN,SP2Y6PN1W5F97RZ2ENNSAADVWBFDF3GCVC4YZ71CN,13605227531,4727075742,1.726889,1.726889,1.726889,no,false
9049309,zest-v1,SP2Y743CNBQ5RW3A323C338HD1DVK04CSBKMECQ1Y,SP2Y743CNBQ5RW3A323C338HD1DVK04CSBKMECQ1Y,117740736,10206653,6.921411,6.921411,6.921411,no,true
9049309,zest-v1,SP2YADQRAJ4468KEX4CYD4MQPF0S6QYFT5BRA22J0,SP2YADQRAJ4468KEX4CYD4MQPF0S6QYFT5BRA22J0,2052869115133,756119158465,1.357504,1.349359,1.365649,no,false
9049309,zest-v1,SP2YDP13MXWC61FPAWSZASA49E43ZZA2P3G3M5P18,SP2YDP13MXWC61FPAWSZASA49E43ZZA2P3G3M5P18,4963018190,1899928340,1.567328,1.567328,1.567328,no,false
9049309,zest-v1,SP2YE97WPR9C184MQ4RVM6AP1J629750Z1N48N82S,SP2YE97WPR9C184MQ4RVM6AP1J629750Z1N48N82S,726852,6500,67.094031,66.389538,67.798523,no,true
9049309,zest-v1,SP2YFENF1H9647E9HNY0CWX8GM88GXTJW8A85GHGD,SP2YFENF1H9647E9HNY0CWX8GM88GXTJW8A85GHGD,5928756161,3072567426,1.157746,1.157746,1.157746,no,false
9049309,zest-v1,SP2YHQQXYD4N36MAEKC1AZ38BBQB3DQ9JKR5CSVPP,SP2YHQQXYD4N36MAEKC1AZ38BBQB3DQ9JKR5CSVPP,6322557182,2005324564,1.891731,1.891731,1.891731,no,false
9049309,zest-v1,SP2YR4E6C2XJ10MAP5VR8GYAJJF4CHNNC1EGZY70X,SP2YR4E6C2XJ10MAP5VR8GYAJJF4CHNNC1EGZY70X,53044885952,37424658021,0.708689,0.708658,0.708719,yes,false
9049309,zest-v1,SP2YS9JYN20GWX975X328PNVX3BBYR8HE02X6D0X5,SP2YS9JYN20GWX975X328PNVX3BBYR8HE02X6D0X5,37715261,7395420,3.059888,3.059888,3.059888,no,true
9049309,zest-v1,SP2YT55JGXDRM1XRBAKJ1H9HRY21G4XZERTJ6K6WC,SP2YT55JGXDRM1XRBAKJ1H9HRY21G4XZERTJ6K6WC,17009239,3718645,2.744425,2.744425,2.744425,no,true
9049309,zest-v1,SP2YX1568ZQK8JBQNJ7947XCNNWAZGJYZFFBW5VWA,SP2YX1568ZQK8JBQNJ7947XCNNWAZGJYZFFBW5VWA,4996433292,1864358704,1.607985,1.607985,1.607985,no,false
9049309,zest-v1,SP2YZTJNXHBWXNFF644EH4GZ4S7CQ01CVSD2PEA49,SP2YZTJNXHBWXNFF644EH4GZ4S7CQ01CVSD2PEA49,3477001,59666,34.964647,34.964647,34.964942,no,true
9049309,zest-v1,SP2Z2WH6EXDX1EJBK8JMJVQR3C8QFCFG2F3NHM6F1,SP2Z2WH6EXDX1EJBK8JMJVQR3C8QFCFG2F3NHM6F1,2589081881,921362792,1.686034,1.686034,1.686034,no,true
9049309,zest-v1,SP2Z4MW9Z71B3SQ1NFP3RB7FR2SMBTQWHVNFTXRF6,SP2Z4MW9Z71B3SQ1NFP3RB7FR2SMBTQWHVNFTXRF6,4735420,9516,298.576293,298.573752,298.578887,no,true
9049309,zest-v1,SP2Z4N1YCW45176FA0XF5TXHT0KKDQ8EXWWZVBZNB,SP2Z4N1YCW45176FA0XF5TXHT0KKDQ8EXWWZVBZNB,3174115,432951,4.39881,4.398809,4.39881,no,true
9049309,zest-v1,SP2Z4W3X43BRDSDXHTYB783B2JH5B9FA2RG5RKSAX,SP2Z4W3X43BRDSDXHTYB783B2JH5B9FA2RG5RKSAX,15123872293,5592417795,1.622612,1.622612,1.622612,no,false
9049309,zest-v1,SP2Z6K2G6E08399JKV48N9WJBWPQBES3ZZDH4FFHW,SP2Z6K2G6E08399JKV48N9WJBWPQBES3ZZDH4FFHW,3968593348,979507917,2.430972,2.430972,2.430972,no,true
9049309,zest-v1,SP2Z6PCE6G4ZPEGME8DDS8ZQXV62WQKTGZJCF2YH6,SP2Z6PCE6G4ZPEGME8DDS8ZQXV62WQKTGZJCF2YH6,190322400,98997251,1.153501,1.141389,1.165613,no,true
9049309,zest-v1,SP2Z7Z33B08W2364V0QV4Z1KYYWYHMNQHS34A76N4,SP2Z7Z33B08W2364V0QV4Z1KYYWYHMNQHS34A76N4,83251204,103683000,0.481764,0.476705,0.486822,yes,true
9049309,zest-v1,SP2Z82QFEEVF9CM5QGQSVRTQRTCVDP9B8JHEPWARG,SP2Z82QFEEVF9CM5QGQSVRTQRTCVDP9B8JHEPWARG,4893724648,1864358704,1.57493,1.57493,1.57493,no,false
9049309,zest-v1,SP2Z88KHPRY9ECF9EZWS957A9TYTNGD65EMF2W02G,SP2Z88KHPRY9ECF9EZWS957A9TYTNGD65EMF2W02G,50071254,65939700,0.455609,0.450826,0.460393,yes,true
9049309,zest-v1,SP2Z8HPHG0H0VM6GV0A29MJYPVWS14YE0WERBX18E,SP2Z8HPHG0H0VM6GV0A29MJYPVWS14YE0WERBX18E,179441692154,54001169620,1.993753,1.993753,1.993753,no,false
9049309,zest-v1,SP2ZC6WC1B18PY9G1Y6NZWGRT15YJ270ANC23QKBT,SP2ZC6WC1B18PY9G1Y6NZWGRT15YJ270ANC23QKBT,3854695900,1911061508,1.210227,1.210227,1.210227,no,false
9049309,zest-v1,SP2ZDTWRQTS3MZWD1K3KJ41YQWFVRRNPEPMVP9CAD,SP2ZDTWRQTS3MZWD1K3KJ41YQWFVRRNPEPMVP9CAD,707213779,192550200,2.203728,2.180589,2.226867,no,true
9049309,zest-v1,SP2ZGXB09V8T0TV1Q75PKA8YVMQBC0ZPFYAE18972,SP2ZGXB09V8T0TV1Q75PKA8YVMQBC0ZPFYAE18972,732160,35304,12.443236,12.443001,12.443236,no,true
9049309,zest-v1,SP2ZHTK0AJMXF20KCQTM482YAYB6WSY7A7A708VV8,SP2ZHTK0AJMXF20KCQTM482YAYB6WSY7A7A708VV8,47295287951,11226731958,2.527643,2.527643,2.527643,no,false
9049309,zest-v1,SP2ZNESKVAN6P9WYNXY0TCNMPFSKCMP0XP82ZE3BW,SP2ZNESKVAN6P9WYNXY0TCNMPFSKCMP0XP82ZE3BW,37715261,7395389,3.059901,3.059901,3.059901,no,true
9049309,zest-v1,SP2ZR74KMGW835MEANH220W1SEB8DB0FTY3BKF0R7,SP2ZR74KMGW835MEANH220W1SEB8DB0FTY3BKF0R7,59767657,30194363,1.187659,1.187659,1.187659,no,true
9049309,zest-v1,SP2ZVGMDY610RK5CJHR8YN0PR47X93VK66B91GP1J,SP2ZVGMDY610RK5CJHR8YN0PR47X93VK66B91GP1J,6993982502,2833616518,1.480931,1.480931,1.480931,no,false
9049309,zest-v1,SP2ZYTBCV6MK1M9XRX425483MT8BBA50TJQBBGWD4,SP2ZYTBCV6MK1M9XRX425483MT8BBA50TJQBBGWD4,504687202,181535024,1.668066,1.668066,1.668066,no,true
9049309,zest-v1,SP3010F6GC7C14K9SX5TTRCKFEGVG1D5A3RYKT87W,SP3010F6GC7C14K9SX5TTRCKFEGVG1D5A3RYKT87W,1885763383,369773647,3.059867,3.059867,3.059867,no,true
9049309,zest-v1,SP302KETQ770ME2ZA3KHRAPTN2BJ1HWJFZRH5ZQGZ,SP302KETQ770ME2ZA3KHRAPTN2BJ1HWJFZRH5ZQGZ,370202,69880,3.178609,3.178609,3.17865,no,true
9049309,zest-v1,SP303PN90SWX0QMKGV3J1WQGSMHJAXXH99KRNNMDK,SP303PN90SWX0QMKGV3J1WQGSMHJAXXH99KRNNMDK,33419566,10820272,1.853164,1.853164,1.853164,no,true
9049309,zest-v1,SP3045VHS30MW2T425PMPD7FABPHNTR47HVZGFE90,SP3045VHS30MW2T425PMPD7FABPHNTR47HVZGFE90,453633,227118,1.198407,1.198407,1.19841,no,true
9049309,zest-v1,SP305DH1G931D4TR5SD2MW8S60QYWVVX50K7R1CAP,SP305DH1G931D4TR5SD2MW8S60QYWVVX50K7R1CAP,309905939,144867800,1.28354,1.270062,1.297017,no,true
9049309,zest-v1,SP306X2PD9JYWS2237TKCD29EKGC1RBCW9GF79NGB,SP306X2PD9JYWS2237TKCD29EKGC1RBCW9GF79NGB,1339163558,356145585,2.256095,2.232406,2.279784,no,true
9049309,zest-v1,SP30B64TWM1TB8MBRJJ9E8PTKP49G3T44RJF2S9GN,SP30B64TWM1TB8MBRJJ9E8PTKP49G3T44RJF2S9GN,105436994,55000311,1.150215,1.150215,1.150215,no,true
9049309,zest-v1,SP30BEPKKZ8A72H26HJXTG65M6Q5GSPVK9T8T2XJ8,SP30BEPKKZ8A72H26HJXTG65M6Q5GSPVK9T8T2XJ8,83932,95,441.747368,439.1,444.4,no,true
9049309,zest-v1,SP30DS0EZEE8H0DVSTAP5W2HPG70VEYXM6C1FRAZ6,SP30DS0EZEE8H0DVSTAP5W2HPG70VEYXM6C1FRAZ6,511995880,75,4095967.04,4084514.510526,4107729.097297,no,true
9049309,zest-v1,SP30H9NW71TNJS2429B5EHB1K59NC4Y11SEYN8GRR,SP30H9NW71TNJS2429B5EHB1K59NC4Y11SEYN8GRR,3809254604,186024825,12.286278,12.286278,12.286279,no,true
9049309,zest-v1,SP30MXC484QAN5472KXWJ03MKPF3Z5K6YEWFRDW9T,SP30MXC484QAN5472KXWJ03MKPF3Z5K6YEWFRDW9T,55871,2664,12.583559,12.583284,12.583612,no,true
9049309,zest-v1,SP30RK02S4MV7B6KEXCNYKXKBF8T3B1S5G20ZSV2K,SP30RK02S4MV7B6KEXCNYKXKBF8T3B1S5G20ZSV2K,2793140615,1449234456,1.156393,1.156393,1.156393,no,false
9049309,zest-v1,SP30WE8NRFAFFWX6BZ25EE5R8VBWXD01H2ZN4HV8E,SP30WE8NRFAFFWX6BZ25EE5R8VBWXD01H2ZN4HV8E,44646209,605764,44.221389,44.221354,44.221422,no,true
9049309,zest-v1,SP310VPG5A9YN3PS7NTSAEBEPX3E8H0HE8MACVTKZ,SP310VPG5A9YN3PS7NTSAEBEPX3E8H0HE8MACVTKZ,185760,5722,19.478504,19.47817,19.478727,no,true
9049309,zest-v1,SP3165W092H50NQJ2PESQ43G5HFAG58YB0NA9Y2AZ,SP3165W092H50NQJ2PESQ43G5HFAG58YB0NA9Y2AZ,475806000,270310334,1.056133,1.056133,1.056133,no,true
9049309,zest-v1,SP31AFRF5ERWQVW0KSNCVQC3Q9NZ51B5N0D8PGJ1D,SP31AFRF5ERWQVW0KSNCVQC3Q9NZ51B5N0D8PGJ1D,10369847107,3752178360,1.658212,1.658212,1.658212,no,false
9049309,zest-v1,SP31E6MW7V48SGQV5VQ9JX8XCJ0AQ1RTVWEJS9PC8,SP31E6MW7V48SGQV5VQ9JX8XCJ0AQ1RTVWEJS9PC8,3812992551,1890386024,1.210227,1.210227,1.210227,no,false
9049309,zest-v1,SP31E8EP537PDVF304V83KJJX4H2TN2Z88DQ1KPX5,SP31E8EP537PDVF304V83KJJX4H2TN2Z88DQ1KPX5,2660033675,1384531890,1.152751,1.152751,1.152751,no,false
9049309,zest-v1,SP31GEN16RESV2C8X338V1FQN2P2W5RPVS46MP0AK,SP31GEN16RESV2C8X338V1FQN2P2W5RPVS46MP0AK,2516531961,902549962,1.672948,1.672948,1.672948,no,true
9049309,zest-v1,SP31MWX5JR4NYNNGWBFFJJC9A7ZF825A53PJJDBS7,SP31MWX5JR4NYNNGWBFFJJC9A7ZF825A53PJJDBS7,37908815,19682765,1.155594,1.155594,1.155594,no,true
9049309,zest-v1,SP31NTDV1482AW4FCYPRMEKFRVF1GTDAVWF4ZA3DN,SP31NTDV1482AW4FCYPRMEKFRVF1GTDAVWF4ZA3DN,1165840,2801700,0.249671,0.24705,0.252293,yes,true
9049309,zest-v1,SP31XE07MFJ0R8XQAGBQFSX8YNGXQECPW4YETYN56,SP31XE07MFJ0R8XQAGBQFSX8YNGXQECPW4YETYN56,5687484001,2311471877,1.476328,1.476328,1.476328,no,false
9049309,zest-v1,SP31XX9BP58NAFFZFC1N30NDP60TMPNGYREYT6X15,SP31XX9BP58NAFFZFC1N30NDP60TMPNGYREYT6X15,381378984,198243263,1.154276,1.154276,1.154276,no,true
9049309,zest-v1,SP31ZA4DFKMX57WB4J3HBTGSF91KFJM1Y3MRE8ZJ2,SP31ZA4DFKMX57WB4J3HBTGSF91KFJM1Y3MRE8ZJ2,10186613729,5781503774,1.057159,1.057159,1.057159,no,false
9049309,zest-v1,SP323F9RS1CN0NQWNY42S3HAHE8M97SVFTMEQDAGS,SP323F9RS1CN0NQWNY42S3HAHE8M97SVFTMEQDAGS,101690,8300,7.351084,7.27388,7.428217,no,true
9049309,zest-v1,SP3250QSHSN8ZG2FZEX241Z08QYJ9KX56KQ29MRSY,SP3250QSHSN8ZG2FZEX241Z08QYJ9KX56KQ29MRSY,603443810,236687598,1.529722,1.529722,1.529722,no,true
9049309,zest-v1,SP32600FK0C32GW69QKEPSXQPDP2NJGZTHRG9R17N,SP32600FK0C32GW69QKEPSXQPDP2NJGZTHRG9R17N,1339155652,356145745,2.25608,2.232391,2.279769,no,true
9049309,zest-v1,SP328YDZCWYGN7865XXCTR4MHRAT7AK6CJ9EYENAK,SP328YDZCWYGN7865XXCTR4MHRAT7AK6CJ9EYENAK,3908979637,58832047,39.86582,39.86582,39.865821,no,true
9049309,zest-v1,SP329V74DYC5326TGAF8DN2FD201QS646S4662VAE,SP329V74DYC5326TGAF8DN2FD201QS646S4662VAE,14583551852,7818057869,1.119221,1.119221,1.119221,no,false
9049309,zest-v1,SP32AD7VVPWH34DGD6J9TDE77PV4506M519W8TVV1,SP32AD7VVPWH34DGD6J9TDE77PV4506M519W8TVV1,1214417803,600685693,1.213032,1.213032,1.213032,no,true
9049309,zest-v1,SP32C5HK0C880K8MXJ56SZPK2E1Q50S1BPADD4HRN,SP32C5HK0C880K8MXJ56SZPK2E1Q50S1BPADD4HRN,722980782,64036188,6.774114,6.702986,6.845243,no,true
9049309,zest-v1,SP32CPWD0RFBSXCK0WN0281K6T9YJ8B402M2AD816,SP32CPWD0RFBSXCK0WN0281K6T9YJ8B402M2AD816,11176332889,5531635640,1.212263,1.212263,1.212263,no,false
9049309,zest-v1,SP32GA720YCP6JTS6PBSQSTC5N4DNB6A5JDRJXZHK,SP32GA720YCP6JTS6PBSQSTC5N4DNB6A5JDRJXZHK,2472224,1284735,1.154584,1.154583,1.154584,no,true
9049309,zest-v1,SP32KDHV15T3HT5R70PK4W1VDCG046GW9YGHGMG10,SP32KDHV15T3HT5R70PK4W1VDCG046GW9YGHGMG10,5088506647,1899295269,1.607493,1.607493,1.607493,no,false
9049309,zest-v1,SP32P38F0SNN42R5B80PSZE97A635F2C91V76QAYY,SP32P38F0SNN42R5B80PSZE97A635F2C91V76QAYY,9939809,5482113,1.087881,1.087881,1.087881,no,true
9049309,zest-v1,SP32Q82EW7954FKDFHWQZBXHBV8H3Q5FC07FNFY4S,SP32Q82EW7954FKDFHWQZBXHBV8H3Q5FC07FNFY4S,170115617,40925089,2.494054,2.494054,2.494054,no,true
9049309,zest-v1,SP32W17519Q38SG2JB67EV8M5G9TGJR669GNQSG27,SP32W17519Q38SG2JB67EV8M5G9TGJR669GNQSG27,258151276,156401400,0.990341,0.979943,1.00074,band,true
9049309,zest-v1,SP32WAC5Z5TJB57GVFWYWD0R46MKVBKR3RG8GKQNH,SP32WAC5Z5TJB57GVFWYWD0R46MKVBKR3RG8GKQNH,170092365,37186491,2.744422,2.744422,2.744422,no,true
9049309,zest-v1,SP32ZHGWDV2ZRTDCJ08EVF9WSNED529HZV9GQVCAM,SP32ZHGWDV2ZRTDCJ08EVF9WSNED529HZV9GQVCAM,68036927,18593229,2.195539,2.195539,2.195539,no,true
9049309,zest-v1,SP330R59339Q2WQNVX43Z5AN1GCYMFJ9PN3K66YQD,SP330R59339Q2WQNVX43Z5AN1GCYMFJ9PN3K66YQD,309926,19063,9.754792,9.754392,9.754792,no,true
9049309,zest-v1,SP331F8SSP31M3AZQSB850XW5AGYRFJYFZTACXA1W,SP331F8SSP31M3AZQSB850XW5AGYRFJYFZTACXA1W,345914292,157809439,1.315185,1.315185,1.315185,no,true
9049309,zest-v1,SP333RABDXRWDSWC9ZF8Q4SRBGKETF5QSZ3CKA2MD,SP333RABDXRWDSWC9ZF8Q4SRBGKETF5QSZ3CKA2MD,30395232807,7525699538,2.423315,2.423315,2.423315,no,false
9049309,zest-v1,SP334RNE1M86TC3A460NB848NET14EACXQ2260CXM,SP334RNE1M86TC3A460NB848NET14EACXQ2260CXM,44610042,66358140,0.403357,0.399122,0.407592,yes,true
9049309,zest-v1,SP33506QDHEW6NK09CCG67NYNXKF8EFQNDEW2GXQB,SP33506QDHEW6NK09CCG67NYNXKF8EFQNDEW2GXQB,208510682,103466425,1.20915,1.20915,1.20915,no,true
9049309,zest-v1,SP336EE6CBKM01N4G9E9BYFN1WM46GQJS22TDM8YS,SP336EE6CBKM01N4G9E9BYFN1WM46GQJS22TDM8YS,13886884,32085485,0.259685,0.256959,0.262412,yes,true
9049309,zest-v1,SP3381EH5BATN0EP1N7EG6JENWHPR44AW1VVNDB5S,SP3381EH5BATN0EP1N7EG6JENWHPR44AW1VVNDB5S,68299155,75064500,0.545924,0.540192,0.551656,yes,true
9049309,zest-v1,SP33FQ9HBWJ8FRH5GNJEGTZCH3C43K9QHS3QAPCFF,SP33FQ9HBWJ8FRH5GNJEGTZCH3C43K9QHS3QAPCFF,27010661,32004800,0.506374,0.501057,0.511691,yes,true
9049309,zest-v1,SP33H8GHR991CYQ4CY8WCKKXTDE15XXAXRV5W0YC,SP33H8GHR991CYQ4CY8WCKKXTDE15XXAXRV5W0YC,83932,200,209.83,208.5725,211.09,no,true
9049309,zest-v1,SP33JS3FEPHZ0254MX17SK863QE1MNTJHSEDY94RF,SP33JS3FEPHZ0254MX17SK863QE1MNTJHSEDY94RF,30237748,18107,1001.968786,1001.961891,1002.030334,no,true
9049309,zest-v1,SP33QBZQF9CZYDQTA7A5SADQA47J7FBC00G5Z85CD,SP33QBZQF9CZYDQTA7A5SADQA47J7FBC00G5Z85CD,60866463246,20216445449,1.806444,1.806444,1.806444,no,false
9049309,zest-v1,SP33V8QFCFF18VFYAKHN8NPS998683P1N510RAD7W,SP33V8QFCFF18VFYAKHN8NPS998683P1N510RAD7W,3809254604,186025015,12.286266,12.286266,12.286266,no,true
9049309,zest-v1,SP33XF6CRYDVEDB8JXERJW9M22EF97W4YT9KF14R,SP33XF6CRYDVEDB8JXERJW9M22EF97W4YT9KF14R,11328369,498898,13.62407,13.624058,13.624082,no,true
9049309,zest-v1,SP33YEMAP9AHRJGW94BA04HXVJ7BHZKRCWGFFGAKD,SP33YEMAP9AHRJGW94BA04HXVJ7BHZKRCWGFFGAKD,21657103,3563438,3.646552,3.646552,3.646553,no,true
9049309,zest-v1,SP3404N547SXGRJ4QMHC7TKT4DSBAKF8K5JZ1Z36K,SP3404N547SXGRJ4QMHC7TKT4DSBAKF8K5JZ1Z36K,377152691,196309495,1.152729,1.152729,1.152729,no,true
9049309,zest-v1,SP34118J2CZQ2JEQ1V2Y90A5WF2ZT8920VTY6E4VT,SP34118J2CZQ2JEQ1V2Y90A5WF2ZT8920VTY6E4VT,2589097204,923461699,1.682212,1.682212,1.682212,no,true
9049309,zest-v1,SP341ME1ZVR2MP40246BTHBQJYZAYBSQPN980DTK1,SP341ME1ZVR2MP40246BTHBQJYZAYBSQPN980DTK1,4975380101,1864741701,1.60088,1.60088,1.60088,no,false
9049309,zest-v1,SP3486ZKTPK7SGSBPF8YXQ9B00W5KARM6T8FCDZPM,SP3486ZKTPK7SGSBPF8YXQ9B00W5KARM6T8FCDZPM,14741121529,5123962063,1.726139,1.726139,1.726139,no,false
9049309,zest-v1,SP34F13AW4K5DYV7RJQ7JZ8M8GBG8VHGH1JRB6J3H,SP34F13AW4K5DYV7RJQ7JZ8M8GBG8VHGH1JRB6J3H,15359710,8141485,0.943299,0.943299,0.943299,yes,true
9049309,zest-v1,SP34GE35HK58Z1KV4FSEGJ8TP2MB34SYR3DDTHWQZ,SP34GE35HK58Z1KV4FSEGJ8TP2MB34SYR3DDTHWQZ,3809254604,1864681208,1.225707,1.225707,1.225707,no,false
9049309,zest-v1,SP34M6KFH1D9H3VJM1G7S1K057PVFCT3GNHRK5RN1,SP34M6KFH1D9H3VJM1G7S1K057PVFCT3GNHRK5RN1,5020880619,1900211770,1.585365,1.585365,1.585365,no,false
9049309,zest-v1,SP34MJHZE24H2CNNW70XZ5P950AFSVEK9WJMQJRCB,SP34MJHZE24H2CNNW70XZ5P950AFSVEK9WJMQJRCB,3309271176,2741252701,1.08649,1.08649,1.08649,no,false
9049309,zest-v1,SP34SYKT08GSP4ECNRWR7B3QWWS6WX7PN5YZHQ95F,SP34SYKT08GSP4ECNRWR7B3QWWS6WX7PN5YZHQ95F,15201890,13290,686.315576,686.315576,686.343436,no,true
9049309,zest-v1,SP34T0DS0ECN32J0JK891YP6JQ8VZDHJ98MPR74GX,SP34T0DS0ECN32J0JK891YP6JQ8VZDHJ98MPR74GX,30491992,71108553,0.257285,0.254584,0.259987,yes,true
9049309,zest-v1,SP34Y9YKYRTGJ4GWE2RQ7GXXS0S82ZSCK45T6F99,SP34Y9YKYRTGJ4GWE2RQ7GXXS0S82ZSCK45T6F99,2589076347,923012728,1.683017,1.683017,1.683017,no,true
9049309,zest-v1,SP34YFC963C5T6JTR9FYG8HXPNDY06NTR9KX4MX13,SP34YFC963C5T6JTR9FYG8HXPNDY06NTR9KX4MX13,671462,613021,0.547666,0.54438,0.550953,yes,true
9049309,zest-v1,SP350N4SX832092H6F07YKB1R5X5DM90BV6P97B8N,SP350N4SX832092H6F07YKB1R5X5DM90BV6P97B8N,114664589588,57578379048,1.194871,1.194871,1.194871,no,false
9049309,zest-v1,SP350TNVN5M7V4V5XN6DA1PF4MDQ87210G3Q2QTZ4,SP350TNVN5M7V4V5XN6DA1PF4MDQ87210G3Q2QTZ4,223212292,118723000,1.128066,1.116221,1.139911,no,true
9049309,zest-v1,SP351H7SV61HJM1KXBG6ZZ03NG52CDCET8B8QSETZ,SP351H7SV61HJM1KXBG6ZZ03NG52CDCET8B8QSETZ,16112410747,7794566271,1.24028,1.24028,1.24028,no,false
9049309,zest-v1,SP3539DTDFG5GFKG4EXEE2T2F6C2DP291JGHCQW88,SP3539DTDFG5GFKG4EXEE2T2F6C2DP291JGHCQW88,22890,126,109,108.421875,109,no,true
9049309,zest-v1,SP354SDJC9RMTP4ZC4ZCT0AB362XR44B74G1SN33V,SP354SDJC9RMTP4ZC4ZCT0AB362XR44B74G1SN33V,3696108442,1529463890,1.449962,1.449962,1.449962,no,false
9049309,zest-v1,SP35DEX98Q7AGQBWN7RF7PHCN3VYN4PZ5GTB29RZT,SP35DEX98Q7AGQBWN7RF7PHCN3VYN4PZ5GTB29RZT,544141,4700,69.464809,68.735489,70.194255,no,true
9049309,zest-v1,SP35DJCXZTMP5DH4GR3C49ABXZ7MGRVPYSVREWXZ8,SP35DJCXZTMP5DH4GR3C49ABXZ7MGRVPYSVREWXZ8,3632581867,1893920085,1.150814,1.150814,1.150814,no,false
9049309,zest-v1,SP35HVQJBPC0EFDK5MK2GVQAQX0199DPQBP90Z0C9,SP35HVQJBPC0EFDK5MK2GVQAQX0199DPQBP90Z0C9,37465384,8950323,2.511555,2.511555,2.511555,no,true
9049309,zest-v1,SP35JQDC0S8DJEANBHBXV4QEPTS9F7QZ33XP6T6RT,SP35JQDC0S8DJEANBHBXV4QEPTS9F7QZ33XP6T6RT,5425909222,1468194986,2.21738,2.21738,2.21738,no,false
9049309,zest-v1,SP35JTXYC99Q5XP12B44VMEYEDWWSKAGSF435KTZT,SP35JTXYC99Q5XP12B44VMEYEDWWSKAGSF435KTZT,38929,602,38.799668,38.778523,38.819408,no,true
9049309,zest-v1,SP35N6HZTH0GBN0N69FDXWR13T8JG3GRE3Q4WB6V9,SP35N6HZTH0GBN0N69FDXWR13T8JG3GRE3Q4WB6V9,6400,1427,2.69096,2.690846,2.691076,no,true
9049309,zest-v1,SP35Q63GH5CYG639VZVCXP2M7PHGDAR20ZXJK4DWX,SP35Q63GH5CYG639VZVCXP2M7PHGDAR20ZXJK4DWX,198728597,103682737,1.150019,1.150019,1.150019,no,true
9049309,zest-v1,SP35QTH6NRQTP4A0E8GFFG9EHR78R2SM1DKVMP2R0,SP35QTH6NRQTP4A0E8GFFG9EHR78R2SM1DKVMP2R0,933457836,510892441,1.096267,1.096267,1.096267,no,true
9049309,zest-v1,SP35R4DXWZRPMPTSNK0FFW714H9HPWH3R35Z4GVJC,SP35R4DXWZRPMPTSNK0FFW714H9HPWH3R35Z4GVJC,6581320255,1377314005,2.867024,2.867024,2.867024,no,false
9049309,zest-v1,SP35REDC1J2STAGW643CRSVFA9R1J8JQDK6GPX1X4,SP35REDC1J2STAGW643CRSVFA9R1J8JQDK6GPX1X4,12495033142,5639079899,1.329476,1.329476,1.329476,no,false
9049309,zest-v1,SP360Y4M1AWDEYS872AN3DDX28FQ023ZMBHZBQ1B2,SP360Y4M1AWDEYS872AN3DDX28FQ023ZMBHZBQ1B2,170115426,40925057,2.494053,2.494053,2.494053,no,true
9049309,zest-v1,SP363NCTT1W21JC3JT3417XV8K1XJQNQZY1MX4FH,SP363NCTT1W21JC3JT3417XV8K1XJQNQZY1MX4FH,1270956,98904,7.71024,7.71024,7.71028,no,true
9049309,zest-v1,SP365FZS1S8642AGS4V3JC10KF79XQ9VEYFBXSPYT,SP365FZS1S8642AGS4V3JC10KF79XQ9VEYFBXSPYT,2775458281,964665010,1.726273,1.726273,1.726273,no,true
9049309,zest-v1,SP367XZAFV69MN6K7XYZRJPQM09THTQD1S3QBWW3P,SP367XZAFV69MN6K7XYZRJPQM09THTQD1S3QBWW3P,251798,243567,0.516897,0.513795,0.519999,yes,true
9049309,zest-v1,SP368221WC2VG7FBKXV9WZV1H392AWA3VXRZ9RRNN,SP368221WC2VG7FBKXV9WZV1H392AWA3VXRZ9RRNN,73820123,68780600,0.643962,0.6372,0.650723,yes,true
9049309,zest-v1,SP369YMRM83QWP45TFA6C474VB1F0T4MPKGQKQMZT,SP369YMRM83QWP45TFA6C474VB1F0T4MPKGQKQMZT,71102615,3563596,11.971494,11.971494,11.971495,no,true
9049309,zest-v1,SP36A56G05V2SZ9PJ81PNZRY4TXT50ZTFNA19DTE2,SP36A56G05V2SZ9PJ81PNZRY4TXT50ZTFNA19DTE2,21386799,43671900,0.293829,0.290744,0.296914,yes,true
9049309,zest-v1,SP36C0SC6Y0Y5EJWR51NDGKWQSQSV1H5DT3RB9K1G,SP36C0SC6Y0Y5EJWR51NDGKWQSQSV1H5DT3RB9K1G,78908917,70033600,0.676038,0.668939,0.683136,yes,true
9049309,zest-v1,SP36FES4VZ0CRSSFASE7GPSDK2EZN65V39MEBQDHX,SP36FES4VZ0CRSSFASE7GPSDK2EZN65V39MEBQDHX,5418630647,2079898207,1.563143,1.563143,1.563143,no,false
9049309,zest-v1,SP36FRJSNZFC0ZQK3CXV66HK9GGT3962HPWZY7GHQ,SP36FRJSNZFC0ZQK3CXV66HK9GGT3962HPWZY7GHQ,1923484970,50900,22673.693163,22435.619316,22911.76701,no,true
9049309,zest-v1,SP36KE5AZ2GQ6KY30T8RVTPYMYHQ8ARXDCBDXEJ2V,SP36KE5AZ2GQ6KY30T8RVTPYMYHQ8ARXDCBDXEJ2V,83932,300,139.886667,139.048333,140.726667,no,true
9049309,zest-v1,SP36KK1WYNES6725ERKNCFHYFXBF81E8S73AAPKGP,SP36KK1WYNES6725ERKNCFHYFXBF81E8S73AAPKGP,549841,696900,0.473389,0.468418,0.478359,yes,true
9049309,zest-v1,SP36Q34V1Y55ZB4E675GX5CPHMZ62P5EMP7W3D668,SP36Q34V1Y55ZB4E675GX5CPHMZ62P5EMP7W3D668,40702558579,22887087120,1.067044,1.067044,1.067044,no,false
9049309,zest-v1,SP36WG94FZ8BXR5QDBERJ7DC8835EZ0VP6AJFM0R4,SP36WG94FZ8BXR5QDBERJ7DC8835EZ0VP6AJFM0R4,1245334466,274292534,2.724101,2.679422,2.76932,no,true
9049309,zest-v1,SP36XZDY557Y1CQ6H5DZ1NGZP1Y943RBTY0KBWAKG,SP36XZDY557Y1CQ6H5DZ1NGZP1Y943RBTY0KBWAKG,2714234057,75,21713872.456,21653159.392105,21776226.413514,no,true
9049309,zest-v1,SP36ZZ7YKA9MK3227HH7MGBEBBX8N5H8H295VJAQN,SP36ZZ7YKA9MK3227HH7MGBEBBX8N5H8H295VJAQN,4208547151,947506700,2.665024,2.637041,2.693007,no,true
9049309,zest-v1,SP3706BZ3G2237A96AB64AGNBTRQYKM7HNPM4ZRRX,SP3706BZ3G2237A96AB64AGNBTRQYKM7HNPM4ZRRX,160035599671,28919579000,3.320289,3.285426,3.355152,no,false
9049309,zest-v1,SP371PYZ83YNB7ZZN6EXSG2X46HWRXAY3PG6XFY5T,SP371PYZ83YNB7ZZN6EXSG2X46HWRXAY3PG6XFY5T,4856169282,1828505680,1.593488,1.593488,1.593488,no,false
9049309,zest-v1,SP3722W4GQSW60QPPC9VRMMANGNHQCP07BCPF2FTB,SP3722W4GQSW60QPPC9VRMMANGNHQCP07BCPF2FTB,59873396,32981196,1.089228,1.089228,1.089228,no,true
9049309,zest-v1,SP37278Y5HKS9WPVTTK2V14ME1ZXBMC63B8FYQXTN,SP37278Y5HKS9WPVTTK2V14ME1ZXBMC63B8FYQXTN,629440620,8036488,46.993708,46.993708,46.993713,no,true
9049309,zest-v1,SP374R5R2C97XNGZ2JDJV5S86THA7MBWNZ0140KCV,SP374R5R2C97XNGZ2JDJV5S86THA7MBWNZ0140KCV,5903830616,2288745491,1.547703,1.547703,1.547703,no,false
9049309,zest-v1,SP3766V2QFS9MTZGGKVTPWST3J3NMFZQ9HVTV9N34,SP3766V2QFS9MTZGGKVTPWST3J3NMFZQ9HVTV9N34,169718658,394486,258.136397,258.136329,258.136466,no,true
9049309,zest-v1,SP376Y7METTJAT372GYDGD225YE20A01GAV7KJFKN,SP376Y7METTJAT372GYDGD225YE20A01GAV7KJFKN,429162728,113248,2273.749972,2273.747854,2273.752045,no,true
9049309,zest-v1,SP3795C9QYT13ZC1AGMPP9FQCYES5MP8XHRS6AK8N,SP3795C9QYT13ZC1AGMPP9FQCYES5MP8XHRS6AK8N,92353,612400,0.090483,0.089533,0.091432,yes,true
9049309,zest-v1,SP379DQDX08J9FT1AWQWPH9HDCX8SE4YZXVZFRNC,SP379DQDX08J9FT1AWQWPH9HDCX8SE4YZXVZFRNC,6187805781,242687000,15.298238,15.137606,15.458869,no,true
9049309,zest-v1,SP37BY9E7D9FBZBTB0FM2HJRVGRAGCD0WPY2BVW13,SP37BY9E7D9FBZBTB0FM2HJRVGRAGCD0WPY2BVW13,8030363658,4164231373,1.157049,1.157049,1.157049,no,false
9049309,zest-v1,SP37E46M4GR5X7A1KGE3B3V7TCVWBJCZCGQH0PS40,SP37E46M4GR5X7A1KGE3B3V7TCVWBJCZCGQH0PS40,8196767432,6175557093,0.796375,0.796051,0.796693,yes,false
9049309,zest-v1,SP37G57APVTZK2HYTH0ZYAX0HYPHNSCQ879GHWWA7,SP37G57APVTZK2HYTH0ZYAX0HYPHNSCQ879GHWWA7,4407797865,2016817765,1.311313,1.311313,1.311313,no,false
9049309,zest-v1,SP37GN4JPWNNC8EQ956F6K76MCPVDXSRTWY4TK6A1,SP37GN4JPWNNC8EQ956F6K76MCPVDXSRTWY4TK6A1,4373538,251,10454.67251,10439.669291,10470.03629,no,true
9049309,zest-v1,SP37K1FRN4V34613B2QZCB1DYC8Y5WCWA825CC5R,SP37K1FRN4V34613B2QZCB1DYC8Y5WCWA825CC5R,2422824600,1205592326,1.205793,1.205793,1.205793,no,false
9049309,zest-v1,SP37MW060D9HH2NHY3MS4Y22W9D9W293YK9CPDC0E,SP37MW060D9HH2NHY3MS4Y22W9D9W293YK9CPDC0E,13411823562,4626583573,1.739317,1.739317,1.739317,no,false
9049309,zest-v1,SP37S80Z9WG22KG3KHRE1P4SCTSR2ZWQX9Z04YEXY,SP37S80Z9WG22KG3KHRE1P4SCTSR2ZWQX9Z04YEXY,487780,150,1951.12,1943.593289,1951.12,no,true
9049309,zest-v1,SP37V30X7F9AZ3088R3SCPEHAS8YMYKHYSB736WQF,SP37V30X7F9AZ3088R3SCPEHAS8YMYKHYSB736WQF,22246328897,11191608783,1.192661,1.192661,1.192661,no,false
9049309,zest-v1,SP37WET9FZZ0V3N87Q71897HK138VTSFDRWJ1NZS,SP37WET9FZZ0V3N87Q71897HK138VTSFDRWJ1NZS,32062346,32037240,0.500392,0.497389,0.503394,yes,true
9049309,zest-v1,SP37YA46VQF121VEKAP6HTNSPEK5WKDMK4BKPYVA2,SP37YA46VQF121VEKAP6HTNSPEK5WKDMK4BKPYVA2,2714385872,1470227502,1.107741,1.107741,1.107741,no,false
9049309,zest-v1,SP38142W7333X0Y8CQ3WN6R91S7F63SVRDN5QB0SS,SP38142W7333X0Y8CQ3WN6R91S7F63SVRDN5QB0SS,1402600679,487255154,1.727145,1.727145,1.727145,no,true
9049309,zest-v1,SP384PHPGAYKGX3Z8A3MKHT6M9TNHNPA12YRSXCA7,SP384PHPGAYKGX3Z8A3MKHT6M9TNHNPA12YRSXCA7,102131567,57597026,1.063925,1.063547,1.064297,no,true
9049309,zest-v1,SP387AWC5F23X02DJSEAQE2XGNY5NS8W0SPJB3TD9,SP387AWC5F23X02DJSEAQE2XGNY5NS8W0SPJB3TD9,206134829,3402719,36.347667,36.34766,36.347667,no,true
9049309,zest-v1,SP38886ZEHEQSAGB50J2C8EBMPHS7EX5EKZ4HK8X2,SP38886ZEHEQSAGB50J2C8EBMPHS7EX5EKZ4HK8X2,764112,404011,1.134789,1.134789,1.134789,no,true
9049309,zest-v1,SP38DK4JAY0NVH59QM21EBBNQWZPXB94K0FXK0JJ8,SP38DK4JAY0NVH59QM21EBBNQWZPXB94K0FXK0JJ8,7546600112,1841841130,2.458388,2.454667,2.462043,no,false
9049309,zest-v1,SP38F139KNGWV4GNPJYGRFHM0MG4NKEJ97T7ZTT41,SP38F139KNGWV4GNPJYGRFHM0MG4NKEJ97T7ZTT41,112,2,33.6,33.3,34.2,no,true
9049309,zest-v1,SP38GBVK5HEJ0MBH4CRJ9HQEW86HX0H9AP1HZ3SVZ,SP38GBVK5HEJ0MBH4CRJ9HQEW86HX0H9AP1HZ3SVZ,471431012258,244198388566,1.158315,1.158315,1.158315,no,false
9049309,zest-v1,SP38GC3TGZ0AK6KGADT6T17CCN9R13T880EJK42RP,SP38GC3TGZ0AK6KGADT6T17CCN9R13T880EJK42RP,83932,75,559.546667,548.875,570.513514,no,true
9049309,zest-v1,SP38GP62WREFDAVYDH6ARPHA85C39DR9776R2QJNS,SP38GP62WREFDAVYDH6ARPHA85C39DR9776R2QJNS,83932,200,209.83,208.5725,211.09,no,true
9049309,zest-v1,SP38JGANYK8HVK3S62PNYDP25CR66NDKGRMQ38BQH,SP38JGANYK8HVK3S62PNYDP25CR66NDKGRMQ38BQH,13114662913,6491472518,1.212175,1.212175,1.212175,no,false
9049309,zest-v1,SP38MFYXHS8MVCF4N79HA2MH864N8E05328VS8MRT,SP38MFYXHS8MVCF4N79HA2MH864N8E05328VS8MRT,8142059931,200,24426179.793,24169704.288,24682654.527,no,true
9049309,zest-v1,SP38PWQVVQF0X1QJW7Q9SGGE3DG8BP80XGAM76HPP,SP38PWQVVQF0X1QJW7Q9SGGE3DG8BP80XGAM76HPP,763070,9700,47.200206,46.704619,47.695794,no,true
9049309,zest-v1,SP38ZJWREWK3JRM6W09XK5856CN7RGCTJFT1FQXHT,SP38ZJWREWK3JRM6W09XK5856CN7RGCTJFT1FQXHT,5657060794,7073,479886.395645,479868.12156,479904.291227,no,true
9049309,zest-v1,SP390ATGDGQFHE5YEWKXHCGQVXNAQP25JAXXZMWSC,SP390ATGDGQFHE5YEWKXHCGQVXNAQP25JAXXZMWSC,21537470,27653000,0.467309,0.462402,0.472215,yes,true
9049309,zest-v1,SP391CZF8G6PJESEDDTT2QEW4SNYVJGGJFRD9HEXK,SP391CZF8G6PJESEDDTT2QEW4SNYVJGGJFRD9HEXK,789669435077,201668483700,2.349409,2.32474,2.374077,no,false
9049309,zest-v1,SP394XFQ0QYB3BEQCZCH13ERFPSCF2NTFKF4WGSGT,SP394XFQ0QYB3BEQCZCH13ERFPSCF2NTFKF4WGSGT,136576763969,38596472305,2.123149,2.123149,2.123149,no,false
9049309,zest-v1,SP398Q24ED39YEGPMQZQYNMAGK9ZWV5VM50BMB72K,SP398Q24ED39YEGPMQZQYNMAGK9ZWV5VM50BMB72K,26249318632,7511699518,2.096675,2.096675,2.096675,no,false
9049309,zest-v1,SP39B4B4Y00X3BCV1HAG8D1CM4BKSHEKTD078ZMQY,SP39B4B4Y00X3BCV1HAG8D1CM4BKSHEKTD078ZMQY,327589654,150904300,1.302506,1.28883,1.316183,no,true
9049309,zest-v1,SP39BJNYR8HX904WB46ZHX1PF06RDP37D5A6BNRK4,SP39BJNYR8HX904WB46ZHX1PF06RDP37D5A6BNRK4,10738592,13304400,0.484288,0.479203,0.489373,yes,true
9049309,zest-v1,SP39KW7PHTAC7MKDZJT64ZVFS141B4G7KQKEG7MG3,SP39KW7PHTAC7MKDZJT64ZVFS141B4G7KQKEG7MG3,110875999,75734000,0.878411,0.869188,0.887635,yes,true
9049309,zest-v1,SP39QDMXZPH5FBQN39X1ZGK9Y720HNX76SB8MMSJJ,SP39QDMXZPH5FBQN39X1ZGK9Y720HNX76SB8MMSJJ,41486904,3720485,6.690564,6.690564,6.690564,no,true
9049309,zest-v1,SP39RQFWJZ0VC7P8RW2066D5E5GZ8S4YA4CK4R11W,SP39RQFWJZ0VC7P8RW2066D5E5GZ8S4YA4CK4R11W,422873,185274,1.369452,1.369452,1.369457,no,true
9049309,zest-v1,SP39RX0A0Y53RRQPJ70HGQZY6JJ25ATXE15AK8KVQ,SP39RX0A0Y53RRQPJ70HGQZY6JJ25ATXE15AK8KVQ,228399313,165295386,0.829059,0.829059,0.829059,yes,true
9049309,zest-v1,SP3A23V9S1F1WNXJS2WKRFCJ3NRVH9SJE3FW37FRN,SP3A23V9S1F1WNXJS2WKRFCJ3NRVH9SJE3FW37FRN,169844669,103633100,0.983342,0.973017,0.993667,yes,true
9049309,zest-v1,SP3A4EV2XMSPXF48J6PNKT3KRT6YXAXHRQSE2H29K,SP3A4EV2XMSPXF48J6PNKT3KRT6YXAXHRQSE2H29K,10601720260,2936308673,2.166336,2.166336,2.166336,no,false
9049309,zest-v1,SP3A5Z8D47MQSSSR4M4H4S1EJKN3HHYTAATZPGXX1,SP3A5Z8D47MQSSSR4M4H4S1EJKN3HHYTAATZPGXX1,3328816109,930442803,2.146601,2.146601,2.146601,no,true
9049309,zest-v1,SP3A7BWWWE0QXV19WWN5D9BQGSH9VJK6MW56YM0G4,SP3A7BWWWE0QXV19WWN5D9BQGSH9VJK6MW56YM0G4,2723129061,1416256574,1.153659,1.153659,1.153659,no,false
9049309,zest-v1,SP3A7WGTT3G279RR90S6G9F4FNR0H9EX770VQF0GG,SP3A7WGTT3G279RR90S6G9F4FNR0H9EX770VQF0GG,217382828,75,1739062.624,1734200.123684,1744056.551351,no,true
9049309,zest-v1,SP3A98YYBQ39F7AN9K762WQM35Y56P7XRMNSEYRMH,SP3A98YYBQ39F7AN9K762WQM35Y56P7XRMNSEYRMH,344458682,173947813,1.188145,1.175669,1.20062,no,true
9049309,zest-v1,SP3AAZ14KVKRF8DN6FV2YDFJTXFV05PA6WT20T267,SP3AAZ14KVKRF8DN6FV2YDFJTXFV05PA6WT20T267,1151958,1870500,0.369513,0.365633,0.373393,yes,true
9049309,zest-v1,SP3AKBP5TXJ4BKTEN7P6JH5AHAJ2Q7ZAXN51R8PNQ,SP3AKBP5TXJ4BKTEN7P6JH5AHAJ2Q7ZAXN51R8PNQ,342079,1355,151.474096,151.448322,151.498904,no,true
9049309,zest-v1,SP3ANSGM3J116RTWYMZ5KDHJ9RBF3P2330H8RQQDR,SP3ANSGM3J116RTWYMZ5KDHJ9RBF3P2330H8RQQDR,209496936,104062293,1.207913,1.207913,1.207913,no,true
9049309,zest-v1,SP3ATQMYPKE2H29QPPQ9PZ2VJ8KGFXS60S5H9G861,SP3ATQMYPKE2H29QPPQ9PZ2VJ8KGFXS60S5H9G861,5155470,7214965,0.428731,0.424171,0.433294,yes,true
9049309,zest-v1,SP3B40SQ5VHAANZSXMYFZRKXY8T59BG1YVEH75NWM,SP3B40SQ5VHAANZSXMYFZRKXY8T59BG1YVEH75NWM,5657188537,1879219650,1.806235,1.806235,1.806235,no,false
9049309,zest-v1,SP3B6YG6MTG1FQTZMMP8XRXNBQ9QGDYPB4B553W19,SP3B6YG6MTG1FQTZMMP8XRXNBQ9QGDYPB4B553W19,1849342307,738342333,1.502833,1.502833,1.502833,no,true
9049309,zest-v1,SP3B9M0RS56PFY0MQ3GQ234QMJ1FZC4BJ2Y154PB1,SP3B9M0RS56PFY0MQ3GQ234QMJ1FZC4BJ2Y154PB1,813520993,38103464,12.81019,12.81019,12.81019,no,true
9049309,zest-v1,SP3B9PVHSCKS09ZFJ7XZMN3Z7NYGQ7W0T4WZ5NRXV,SP3B9PVHSCKS09ZFJ7XZMN3Z7NYGQ7W0T4WZ5NRXV,82090143,3929053,12.535867,12.535866,12.535867,no,true
9049309,zest-v1,SP3BG5YA9G4HC9ZXKFRGQTB2DKN6GJFGD27DPBA23,SP3BG5YA9G4HC9ZXKFRGQTB2DKN6GJFGD27DPBA23,124009301,59965259,1.240811,1.240811,1.240811,no,true
9049309,zest-v1,SP3BK01NQBKFGA8W39N7YQ4QH2G6K9T5FP0258VY6,SP3BK01NQBKFGA8W39N7YQ4QH2G6K9T5FP0258VY6,127441,8088,9.45408,9.454056,9.45418,no,true
9049309,zest-v1,SP3BKC7BDNKX08018T93BZRAM7MBWEM4QC5TWTS01,SP3BKC7BDNKX08018T93BZRAM7MBWEM4QC5TWTS01,5054783577,1899455457,1.596705,1.596705,1.596705,no,false
9049309,zest-v1,SP3BT3ZND2FKPPB6F7PK8S9JKK5YJ4WG8C7ZVSNNC,SP3BT3ZND2FKPPB6F7PK8S9JKK5YJ4WG8C7ZVSNNC,209855,831700,0.151392,0.149803,0.152982,yes,true
9049309,zest-v1,SP3BVJ0KRTAAJKFW5WY5Y4AD7HK0NAPFT6WTPDNDV,SP3BVJ0KRTAAJKFW5WY5Y4AD7HK0NAPFT6WTPDNDV,660426245,349453781,1.133929,1.133929,1.133929,no,true
9049309,zest-v1,SP3BVQSZB9GV2YHD7D72QP4RXVNAED4419Z3CYHP5,SP3BVQSZB9GV2YHD7D72QP4RXVNAED4419Z3CYHP5,3891691387,1929402941,1.210227,1.210227,1.210227,no,false
9049309,zest-v1,SP3BY4E9JXGDP2GEMA2395PZY3BJJ19NRVT532P4E,SP3BY4E9JXGDP2GEMA2395PZY3BJJ19NRVT532P4E,3498636119,1739137669,1.207024,1.207024,1.207024,no,false
9049309,zest-v1,SP3BYHB8JV8J50PTG46JNGD5FZSVEREEV6B1VX8M9,SP3BYHB8JV8J50PTG46JNGD5FZSVEREEV6B1VX8M9,7841219564,3551080926,1.324873,1.324873,1.324873,no,false
9049309,zest-v1,SP3C6MM8VT29NTE859C2QBE6W0X85YS26EAG9AZ9M,SP3C6MM8VT29NTE859C2QBE6W0X85YS26EAG9AZ9M,6259636417,2163751575,1.735773,1.735773,1.735773,no,false
9049309,zest-v1,SP3C91HAECR1D5W58KXZQ8DC4PRD0WBG0B8S8QNJS,SP3C91HAECR1D5W58KXZQ8DC4PRD0WBG0B8S8QNJS,1046474699,327656579,1.596908,1.587326,1.606489,no,true
9049309,zest-v1,SP3CC9SYWR9AWNF5QAW8S9SXNYRKA71M3PM27HFAG,SP3CC9SYWR9AWNF5QAW8S9SXNYRKA71M3PM27HFAG,0,1076,0,0,0,yes,true
9049309,zest-v1,SP3CDAQM3XB1EFY9QYK5VN7JERPN3ZF1Y4GXV3EN6,SP3CDAQM3XB1EFY9QYK5VN7JERPN3ZF1Y4GXV3EN6,5108637663,2013003653,1.522691,1.522691,1.522691,no,false
9049309,zest-v1,SP3CNERKHGR5R0K420SFQ71QRX1V8S41QGT5TQG05,SP3CNERKHGR5R0K420SFQ71QRX1V8S41QGT5TQG05,1331088856,665003372,1.200976,1.200976,1.200976,no,true
9049309,zest-v1,SP3CPTZK9X90P1JPEGRFA3DCDCTZJ0RJKM0EFCAH3,SP3CPTZK9X90P1JPEGRFA3DCDCTZJ0RJKM0EFCAH3,120776848926,48478292902,1.494816,1.494816,1.494816,no,false
9049309,zest-v1,SP3CPVVMJ3VSECMWY2N7E28QE9YKS2TZ1516WQBBW,SP3CPVVMJ3VSECMWY2N7E28QE9YKS2TZ1516WQBBW,5476909737,2107543418,1.55923,1.55923,1.55923,no,false
9049309,zest-v1,SP3CRKCVYP853H0A2J3THRFY6BA6HH8D6088T5Y09,SP3CRKCVYP853H0A2J3THRFY6BA6HH8D6088T5Y09,3771539229,111884258,20.225576,20.225576,20.225576,no,true
9049309,zest-v1,SP3CSCEF057MECSN0YZNYP3477M4HJG1K3XWG1JB4,SP3CSCEF057MECSN0YZNYP3477M4HJG1K3XWG1JB4,6583259369,2920277297,1.352596,1.352596,1.352596,no,false
9049309,zest-v1,SP3CWQEWH6P8JA5FS67TJAM6TGYTDY1GZGJPRQFYD,SP3CWQEWH6P8JA5FS67TJAM6TGYTDY1GZGJPRQFYD,1885763383,369773647,3.059867,3.059867,3.059867,no,true
9049309,zest-v1,SP3CXJ7KKBY5Y53VM6STTSSVFT1PGGDQ4HN3RN42H,SP3CXJ7KKBY5Y53VM6STTSSVFT1PGGDQ4HN3RN42H,7482707814,2321718073,1.933751,1.933751,1.933751,no,false
9049309,zest-v1,SP3CYCSMGWGCTFYM7EWDBXVNZPJ0VF0CV9WFWPD6V,SP3CYCSMGWGCTFYM7EWDBXVNZPJ0VF0CV9WFWPD6V,831853501,443310353,1.125875,1.125875,1.125875,no,true
9049309,zest-v1,SP3D196DXNRR5FQ25B5M763NRE2SB1518RP6KRK23,SP3D196DXNRR5FQ25B5M763NRE2SB1518RP6KRK23,2114352603,1129643601,1.123019,1.123019,1.123019,no,false
9049309,zest-v1,SP3D5TAQAMG3DZYKCH3CXCG4RZ4H5DNJ1WV8ZXSBR,SP3D5TAQAMG3DZYKCH3CXCG4RZ4H5DNJ1WV8ZXSBR,77095052220,19619445161,2.357714,2.357714,2.357714,no,false
9049309,zest-v1,SP3DC62V3XNK2DXWMQAE4J0DVJFXS7N6N8HM5K4W8,SP3DC62V3XNK2DXWMQAE4J0DVJFXS7N6N8HM5K4W8,1132274871,585835844,1.159651,1.159651,1.159651,no,true
9049309,zest-v1,SP3DGJ0NW9EZTMV0J52XGM8JM30FGFK74MK1417S6,SP3DGJ0NW9EZTMV0J52XGM8JM30FGFK74MK1417S6,339161495,78904287,2.579035,2.579035,2.579035,no,true
9049309,zest-v1,SP3DJ3H9CW9K4X4GWKRQD3XJHM3KN9TCW1R44QN86,SP3DJ3H9CW9K4X4GWKRQD3XJHM3KN9TCW1R44QN86,2219208405,811480757,1.640858,1.640858,1.640858,no,true
9049309,zest-v1,SP3DP35Q8NFCZ5PEV1XPBWS4VJ1HMGVP4H2ZTG34M,SP3DP35Q8NFCZ5PEV1XPBWS4VJ1HMGVP4H2ZTG34M,1322962462,585538663,1.355636,1.355636,1.355636,no,true
9049309,zest-v1,SP3DPXHEAQ34YVNC7NADP1BSYXWSDTW9KW6PGTAM0,SP3DPXHEAQ34YVNC7NADP1BSYXWSDTW9KW6PGTAM0,2206045,42124,31.422158,31.421636,31.422158,no,true
9049309,zest-v1,SP3DTRHXJF6HBAT0EY784GDYRHG1YCFZXJXB5ZTNW,SP3DTRHXJF6HBAT0EY784GDYRHG1YCFZXJXB5ZTNW,154863428740,47150687931,1.970662,1.970662,1.970662,no,false
9049309,zest-v1,SP3DW2YR31HWKR70630ZPFM88F1Y5M490AX13QC19,SP3DW2YR31HWKR70630ZPFM88F1Y5M490AX13QC19,144986,983930,0.088412,0.087484,0.089341,yes,true
9049309,zest-v1,SP3DX0AG3HJNFNTKZ4A64W1A579ETY1N2JN7WHTC1,SP3DX0AG3HJNFNTKZ4A64W1A579ETY1N2JN7WHTC1,5572114250,2162738403,1.54585,1.54585,1.54585,no,false
9049309,zest-v1,SP3DX1DG12BBTDHMXNHXQ5EV4MW0HP7SZE83D5ASV,SP3DX1DG12BBTDHMXNHXQ5EV4MW0HP7SZE83D5ASV,980609377,452892134,1.29913,1.29913,1.29913,no,true
9049309,zest-v1,SP3DXPAJJ7GFMT388BD4YFQ2R676G3VPBT3XP33PW,SP3DXPAJJ7GFMT388BD4YFQ2R676G3VPBT3XP33PW,2219208405,811480757,1.640858,1.640858,1.640858,no,true
9049309,zest-v1,SP3DZWHXZF12MTW3WP8TN3KA5XH09TK8QNKC1SD9G,SP3DZWHXZF12MTW3WP8TN3KA5XH09TK8QNKC1SD9G,5491735815,2090779819,1.575987,1.575987,1.575987,no,false
9049309,zest-v1,SP3E35YKH9J3223GQ0CPXSSX15GDANZFN3PMRV4S7,SP3E35YKH9J3223GQ0CPXSSX15GDANZFN3PMRV4S7,3207528268,1620301283,1.187753,1.187753,1.187753,no,false
9049309,zest-v1,SP3EBBKX8GHC76AD2WXFEWGEDF6W446EFQA1AD9BJ,SP3EBBKX8GHC76AD2WXFEWGEDF6W446EFQA1AD9BJ,6691754481,3298014361,1.217415,1.217415,1.217415,no,false
9049309,zest-v1,SP3EEY64DVR8HWWNQJHBK37DT1HSC6X4P6ENG4HDE,SP3EEY64DVR8HWWNQJHBK37DT1HSC6X4P6ENG4HDE,1033277,29423,21.070802,20.849567,21.292057,no,true
9049309,zest-v1,SP3EFATMQT0TA243Y7QECYVNC1T630PHGS6P6006N,SP3EFATMQT0TA243Y7QECYVNC1T630PHGS6P6006N,7450888580,3699751391,1.208333,1.208333,1.208333,no,false
9049309,zest-v1,SP3EHQXZK6SV1XRP95RNHR74RBXZ9YCAN8YZC4AWA,SP3EHQXZK6SV1XRP95RNHR74RBXZ9YCAN8YZC4AWA,1117987814,394545906,1.700164,1.700164,1.700164,no,true
9049309,zest-v1,SP3EJ6214KGMZEC2N52QQP47R2B1XNZMG0M0K4B9T,SP3EJ6214KGMZEC2N52QQP47R2B1XNZMG0M0K4B9T,4159349460,1826215234,1.366547,1.366547,1.366547,no,false
9049309,zest-v1,SP3ENBT09BHBQAGVN5RNE9S4YXXFRZ0SMHTBJKDY3,SP3ENBT09BHBQAGVN5RNE9S4YXXFRZ0SMHTBJKDY3,37761,5614,4.035732,4.035732,4.035824,no,true
9049309,zest-v1,SP3ESWRH568H33R78NH67JS9GX8CG1C5RYCZRYPDN,SP3ESWRH568H33R78NH67JS9GX8CG1C5RYCZRYPDN,607439062,75,4859512.496,4845925.010526,4873467.048649,no,true
9049309,zest-v1,SP3F287FKZM88HN3W1QEWR7GG8YMECV7A4EKDCQGP,SP3F287FKZM88HN3W1QEWR7GG8YMECV7A4EKDCQGP,170115553,40925025,2.494057,2.494057,2.494057,no,true
9049309,zest-v1,SP3F6G7BCHKGTT9CZ92589F8S39M3WV6XBBKQQ4BJ,SP3F6G7BCHKGTT9CZ92589F8S39M3WV6XBBKQQ4BJ,4420633061,2101733403,1.261996,1.261996,1.261996,no,false
9049309,zest-v1,SP3F7B21T0T3XR3DWQJD0YFEAQ82WTZ25YYBNTKPH,SP3F7B21T0T3XR3DWQJD0YFEAQ82WTZ25YYBNTKPH,170092714,37186554,2.744423,2.744423,2.744423,no,true
9049309,zest-v1,SP3F9C08AG8HN8A5K6NSPGGC7X08AR0SSX1G78JF7,SP3F9C08AG8HN8A5K6NSPGGC7X08AR0SSX1G78JF7,68595935,84155800,0.489064,0.483929,0.494199,yes,true
9049309,zest-v1,SP3FC1PYKGWRHX5NQDFV7DDVMJGFFHTCSS9FDFZ59,SP3FC1PYKGWRHX5NQDFV7DDVMJGFFHTCSS9FDFZ59,5028854534,1863440147,1.619216,1.619216,1.619216,no,false
9049309,zest-v1,SP3FG3HGK6R7SGV5G4M9JKQGR962JA6BFBPWFB3HT,SP3FG3HGK6R7SGV5G4M9JKQGR962JA6BFBPWFB3HT,235492,245845,0.574733,0.568697,0.580766,yes,true
9049309,zest-v1,SP3FNQ0NJY378XA9PXC3KCK6XQ2M5ZG9GHNMRBHP2,SP3FNQ0NJY378XA9PXC3KCK6XQ2M5ZG9GHNMRBHP2,5785558124,2869062250,1.20992,1.20992,1.20992,no,false
9049309,zest-v1,SP3FPPW034K562X59PGTF06FBFVW7FSP2WYVQ85A3,SP3FPPW034K562X59PGTF06FBFVW7FSP2WYVQ85A3,37715261,7395484,3.059861,3.059861,3.059862,no,true
9049309,zest-v1,SP3FZGQS4YTC87PSQGKY43RGSYX41APNM6VQ00SG5,SP3FZGQS4YTC87PSQGKY43RGSYX41APNM6VQ00SG5,1411951,32867,25.77572,25.775647,25.77581,no,true
9049309,zest-v1,SP3G0JPRH9K2VP42P0VY8NYSTZFH0KB0ESXRNB497,SP3G0JPRH9K2VP42P0VY8NYSTZFH0KB0ESXRNB497,5215457656,2710968492,1.731452,1.731452,1.731452,no,false
9049309,zest-v1,SP3G1EFZWNFBPBWZRAXWQR57QKEJYBPH1NZPDCKYT,SP3G1EFZWNFBPBWZRAXWQR57QKEJYBPH1NZPDCKYT,18598,75,148.784,148.365789,149.213514,no,true
9049309,zest-v1,SP3G29YRCHN8B474T8MXJWEYZE16XRPMQW1DW5GXY,SP3G29YRCHN8B474T8MXJWEYZE16XRPMQW1DW5GXY,78422,63,746.87619,742.93125,750.958065,no,true
9049309,zest-v1,SP3G2C60QHG9ZNBDG0J519C3QQEP8XQNWD80KD9GS,SP3G2C60QHG9ZNBDG0J519C3QQEP8XQNWD80KD9GS,173937333746,86170096013,1.211121,1.211121,1.211121,no,false
9049309,zest-v1,SP3G3GN0K670Q3YN59X2BYH31V7YWQ4Q547HVV1XE,SP3G3GN0K670Q3YN59X2BYH31V7YWQ4Q547HVV1XE,242572,1681,86.581321,86.581321,86.614488,no,true
9049309,zest-v1,SP3G5RZETXZ4WB7BWCMF57CF7DSR56M0BHE32VB9E,SP3G5RZETXZ4WB7BWCMF57CF7DSR56M0BHE32VB9E,180377515,90598919,1.194567,1.194567,1.194568,no,true
9049309,zest-v1,SP3G64KN9RCX2JHSE158A6AF85R4CMD5Q48ZY41VN,SP3G64KN9RCX2JHSE158A6AF85R4CMD5Q48ZY41VN,18991288,641418,17.764972,17.764969,17.764975,no,true
9049309,zest-v1,SP3G7MEN3SYQPN55HSK3F36GTA5NP7BT561W2PW9J,SP3G7MEN3SYQPN55HSK3F36GTA5NP7BT561W2PW9J,0,4273,0,0,0,yes,true
9049309,zest-v1,SP3G98P3GKB3XCN5X014A4EEVQ6Y8RNF2NGE2JXH5,SP3G98P3GKB3XCN5X014A4EEVQ6Y8RNF2NGE2JXH5,52451320,3156382,9.970527,9.970527,9.970527,no,true
9049309,zest-v1,SP3GBKC6ZR5Z7RWK3ZGRWR6A3ZJHR6K5P12R279QN,SP3GBKC6ZR5Z7RWK3ZGRWR6A3ZJHR6K5P12R279QN,158,75,1.264,1.263158,1.264865,no,true
9049309,zest-v1,SP3GEVG8CBXAPVBYKR20KYJ1MA206V3SDFD5W3YKH,SP3GEVG8CBXAPVBYKR20KYJ1MA206V3SDFD5W3YKH,25322173,605764,25.081226,25.081206,25.081245,no,true
9049309,zest-v1,SP3GGNDQASTXH0SVTSWVSNS7BP3RZ4MDXX25YW80J,SP3GGNDQASTXH0SVTSWVSNS7BP3RZ4MDXX25YW80J,5462197,1087590,3.013377,2.981742,3.045011,no,true
9049309,zest-v1,SP3GHPCXMT8E6C291GPFY44H00WVFYE1A8RBSX28Q,SP3GHPCXMT8E6C291GPFY44H00WVFYE1A8RBSX28Q,3643638862,1865471143,1.17192,1.17192,1.17192,no,false
9049309,zest-v1,SP3GMVPF5WSRFVV8WQ6P0M4VZFMC46R5MRA6P34EE,SP3GMVPF5WSRFVV8WQ6P0M4VZFMC46R5MRA6P34EE,18259,1712,6.399182,6.399182,6.399528,no,true
9049309,zest-v1,SP3GND3T5N1FTTQCK3F7KCM8DD23J9C38DPS1GQKP,SP3GND3T5N1FTTQCK3F7KCM8DD23J9C38DPS1GQKP,4280764555,2126280806,1.207958,1.207958,1.207958,no,false
9049309,zest-v1,SP3GNMSAKWK5P93B47EMQK4Y0ZKGHY89SGYN95BQM,SP3GNMSAKWK5P93B47EMQK4Y0ZKGHY89SGYN95BQM,3809254604,186025015,12.286266,12.286266,12.286266,no,true
9049309,zest-v1,SP3GS0VZBE15D528128G7FN3HXJQ20BXCG4CNPG64,SP3GS0VZBE15D528128G7FN3HXJQ20BXCG4CNPG64,1182828212,257141961,2.759942,2.759942,2.759942,no,true
9049309,zest-v1,SP3GSSCC9DBPFP97033XDSVHDX6TMQJ2DCN56P5HN,SP3GSSCC9DBPFP97033XDSVHDX6TMQJ2DCN56P5HN,7749387389,3286515973,1.41476,1.41476,1.41476,no,false
9049309,zest-v1,SP3GZYDAT52VPQBAQVE6Z2KDHNG0X9RQR88JYFPS4,SP3GZYDAT52VPQBAQVE6Z2KDHNG0X9RQR88JYFPS4,35306676,71875300,0.294733,0.291638,0.297827,yes,true
9049309,zest-v1,SP3H16WEDNK57P0N518DK2WY9CWMJRMZRK6F995JV,SP3H16WEDNK57P0N518DK2WY9CWMJRMZRK6F995JV,1735177377,186023048,5.596653,5.596653,5.596653,no,true
9049309,zest-v1,SP3H17JCG9W1RP5H8Z09X8FJA3PF2WJ14STMSEVZ3,SP3H17JCG9W1RP5H8Z09X8FJA3PF2WJ14STMSEVZ3,4039773651,1576391608,1.537603,1.537603,1.537603,no,false
9049309,zest-v1,SP3H5CRENA8TA1SSYEQ5TXS66AWR9FWH2YA5WJA7V,SP3H5CRENA8TA1SSYEQ5TXS66AWR9FWH2YA5WJA7V,93034163508,46418340404,1.202553,1.202553,1.202553,no,false
9049309,zest-v1,SP3H5XZ0042QKX5K5GQ7D481JN9348AFQ45FWCMSE,SP3H5XZ0042QKX5K5GQ7D481JN9348AFQ45FWCMSE,5599377951,2252275027,1.491659,1.491659,1.491659,no,false
9049309,zest-v1,SP3H7QV2A6H1CBH7XV6CF3C9N1DABZ20Q7GRMR4G2,SP3H7QV2A6H1CBH7XV6CF3C9N1DABZ20Q7GRMR4G2,47889,3162,9.087097,9.086481,9.0877,no,true
9049309,zest-v1,SP3HCM6CG3EM4XK5EM65ZP9P9K5QHTY5X868SVAAJ,SP3HCM6CG3EM4XK5EM65ZP9P9K5QHTY5X868SVAAJ,67994,3901,10.457934,10.457839,10.458031,no,true
9049309,zest-v1,SP3HCTTV10YPAF98YJAC6S4TNYXJ2H9HXKCDEQT40,SP3HCTTV10YPAF98YJAC6S4TNYXJ2H9HXKCDEQT40,0,633161025462,0,0,0,yes,false
9049309,zest-v1,SP3HEDDM8VJZXWMVG6DVZ8TTFDFXYXV5M3NR8NPM5,SP3HEDDM8VJZXWMVG6DVZ8TTFDFXYXV5M3NR8NPM5,22157268067,4660225563,2.852729,2.852729,2.852729,no,false
9049309,zest-v1,SP3HH362D85VFQZQW242XJBD4NVWKNP0TF678RSNB,SP3HH362D85VFQZQW242XJBD4NVWKNP0TF678RSNB,3582962243,1552810866,1.384442,1.384442,1.384443,no,false
9049309,zest-v1,SP3HK5H5FJ7H1E35Q2GQFXYGF6F4FEBTZMTZ9QT25,SP3HK5H5FJ7H1E35Q2GQFXYGF6F4FEBTZMTZ9QT25,394529378,124527700,1.900923,1.880964,1.920883,no,true
9049309,zest-v1,SP3HKY6PZ4CGWHC7WZQJPT00HZ9QJ3R5MNBJHRFHF,SP3HKY6PZ4CGWHC7WZQJPT00HZ9QJ3R5MNBJHRFHF,83932,4200,9.991905,9.932024,10.051905,no,true
9049309,zest-v1,SP3HQAMGTNJTTDWC45BW75Q45H9Q02A3P8DDEX80S,SP3HQAMGTNJTTDWC45BW75Q45H9Q02A3P8DDEX80S,7837232682,3551105661,1.32419,1.32419,1.32419,no,false
9049309,zest-v1,SP3J0GTQ7YH59P1CMJVBXHKZRKCAQVEJ8C6Z20NK2,SP3J0GTQ7YH59P1CMJVBXHKZRKCAQVEJ8C6Z20NK2,170092619,37186554,2.744421,2.744421,2.744421,no,true
9049309,zest-v1,SP3J6MR8XGT88PWJ43KR5XG225ZC17K3R4XY5R7XC,SP3J6MR8XGT88PWJ43KR5XG225ZC17K3R4XY5R7XC,2404142432,922375910,1.56388,1.56388,1.56388,no,true
9049309,zest-v1,SP3J6S0DWWC83ERTDAYWDJF8CXSBBD714YVVMXJ7B,SP3J6S0DWWC83ERTDAYWDJF8CXSBBD714YVVMXJ7B,83932,77600,0.540799,0.537558,0.544046,yes,true
9049309,zest-v1,SP3J86ZDPVYJ50JXAXX5VQJ19VVDCCXCMDS0TT0GY,SP3J86ZDPVYJ50JXAXX5VQJ19VVDCCXCMDS0TT0GY,844071869,417949195,1.211734,1.211734,1.211734,no,true
9049309,zest-v1,SP3JB7V457QQEH3MQWPCQ5F9ZYDKEPP9A1H4XNJBD,SP3JB7V457QQEH3MQWPCQ5F9ZYDKEPP9A1H4XNJBD,43613488,66724400,0.392182,0.388064,0.3963,yes,true
9049309,zest-v1,SP3JC8QHJP32CYMNYS8Q5V7TZGCNP24S5RDHJR6A7,SP3JC8QHJP32CYMNYS8Q5V7TZGCNP24S5RDHJR6A7,2219208405,811480757,1.640858,1.640858,1.640858,no,true
9049309,zest-v1,SP3JCAF094F0PHA7S85XAYAZM5Z4GWM9VZQ6GTMGP,SP3JCAF094F0PHA7S85XAYAZM5Z4GWM9VZQ6GTMGP,1751066751951,744388167130,1.176179,1.169121,1.183236,no,false
9049309,zest-v1,SP3JDHC43B8RTMS1ZJATQBJEHJRZNPB8GPVR7Q7B0,SP3JDHC43B8RTMS1ZJATQBJEHJRZNPB8GPVR7Q7B0,3679440574,67700,32609.517643,32267.11761,32951.917675,no,true
9049309,zest-v1,SP3JDJMDBAXK1PMP4TJXZJ8HVYK09393QG2WKN8QV,SP3JDJMDBAXK1PMP4TJXZJ8HVYK09393QG2WKN8QV,5880605640,2440514683,1.445746,1.445746,1.445746,no,false
9049309,zest-v1,SP3JMAXAXY7MXDD24J686WFCVKYTNG8R8Q05PWRNR,SP3JMAXAXY7MXDD24J686WFCVKYTNG8R8Q05PWRNR,7092786941,3442867052,1.236084,1.236084,1.236084,no,false
9049309,zest-v1,SP3JNACGEX37WW3GJM4SHZMZ04QMDRVHY63DC58HQ,SP3JNACGEX37WW3GJM4SHZMZ04QMDRVHY63DC58HQ,0,4221,0,0,0,yes,true
9049309,zest-v1,SP3JQSWM0F9CZ26HMGWECJGA3TNXXR9DM50778VJD,SP3JQSWM0F9CZ26HMGWECJGA3TNXXR9DM50778VJD,0,5842,0,0,0,yes,true
9049309,zest-v1,SP3JRK3SH37S23B95RM3N0DB3SRXYW9316FY1HHZ1,SP3JRK3SH37S23B95RM3N0DB3SRXYW9316FY1HHZ1,1131461765,74541005,9.107431,9.107431,9.107431,no,true
9049309,zest-v1,SP3JW7CH7K8B03P1G4YKZABRJ5KK1CN6DVMQYW0F7,SP3JW7CH7K8B03P1G4YKZABRJ5KK1CN6DVMQYW0F7,0,30019,0,0,0,yes,true
9049309,zest-v1,SP3JXVWNAYWQWK8XW0V5B3DMGZK709805K9M1RFZ8,SP3JXVWNAYWQWK8XW0V5B3DMGZK709805K9M1RFZ8,1998,126,9.514286,9.464063,9.514286,no,true
9049309,zest-v1,SP3K0EE25S57TK269WJDYX9ZBEY763RFBX47TA69W,SP3K0EE25S57TK269WJDYX9ZBEY763RFBX47TA69W,330156189,193741829,1.022462,1.011726,1.033198,no,true
9049309,zest-v1,SP3K1T00MGGNNY1JW9K0Q6RV022B1FYK1WRKYP1R4,SP3K1T00MGGNNY1JW9K0Q6RV022B1FYK1WRKYP1R4,9938477,10885859,0.547783,0.542031,0.553535,yes,true
9049309,zest-v1,SP3K47Y6STKES195TV262H8ZKCFXB5DWF71MCWSDB,SP3K47Y6STKES195TV262H8ZKCFXB5DWF71MCWSDB,32645781,47939500,0.408587,0.404297,0.412877,yes,true
9049309,zest-v1,SP3K98C5NCH84A0ZPN112C0VJQ4QYC5MQ0Q575YA0,SP3K98C5NCH84A0ZPN112C0VJQ4QYC5MQ0Q575YA0,48246202818,11779348500,2.457498,2.431694,2.483301,no,false
9049309,zest-v1,SP3KBQKWQXAH2S86EZZ48TDQM1WTSK7PNV5JMZDA,SP3KBQKWQXAH2S86EZZ48TDQM1WTSK7PNV5JMZDA,0,4835466,0,0,0,yes,true
9049309,zest-v1,SP3KEG8TZPBTVREA01VHNPX9D041H1J7H84S2363W,SP3KEG8TZPBTVREA01VHNPX9D041H1J7H84S2363W,4817226474,1674094700,1.726507,1.726507,1.726507,no,false
9049309,zest-v1,SP3KFMTFS3W0A5VE3H3JTCK6GT9SKFKB59W2DQ6Q0,SP3KFMTFS3W0A5VE3H3JTCK6GT9SKFKB59W2DQ6Q0,16527388673,3273030172,3.029741,3.029741,3.029741,no,false
9049309,zest-v1,SP3KMGHQ0AZY23G1RABGD8VT0BY8P2C91J604AA8G,SP3KMGHQ0AZY23G1RABGD8VT0BY8P2C91J604AA8G,1885769596,751721331,1.505161,1.505161,1.505161,no,true
9049309,zest-v1,SP3KQB7CZXS0JS3XV160W16Y8PTQ9YWR3M950FPN4,SP3KQB7CZXS0JS3XV160W16Y8PTQ9YWR3M950FPN4,97846109,67360100,0.87155,0.862398,0.880701,yes,true
9049309,zest-v1,SP3KRJTWQ83KV8GNFXQVKZY8Q594SQ6AKSAVP5Y0S,SP3KRJTWQ83KV8GNFXQVKZY8Q594SQ6AKSAVP5Y0S,552745277,223781458,1.482014,1.482014,1.482014,no,true
9049309,zest-v1,SP3KSKWPGS0PYQ8VA027V5EDFJSDG5GG91QTNFDHV,SP3KSKWPGS0PYQ8VA027V5EDFJSDG5GG91QTNFDHV,24322631,4276829,3.412243,3.412243,3.412243,no,true
9049309,zest-v1,SP3KTNQFHQ4N5DH40F1164TGYMX3QG2N8NA5VKN4X,SP3KTNQFHQ4N5DH40F1164TGYMX3QG2N8NA5VKN4X,68709,138900,0.296799,0.293685,0.299914,yes,true
9049309,zest-v1,SP3KZYTDJDYSXKRZHX4397FMK6B3BQ9WDJ4HYKTKW,SP3KZYTDJDYSXKRZHX4397FMK6B3BQ9WDJ4HYKTKW,3513746484,907421457,2.323339,2.323339,2.323339,no,true
9049309,zest-v1,SP3M0NE6YNKAM8MJZTB58RF2HFW4D91ZW4HKJ4JMM,SP3M0NE6YNKAM8MJZTB58RF2HFW4D91ZW4HKJ4JMM,4331452,498898,5.209224,5.209218,5.209228,no,true
9049309,zest-v1,SP3M1H9S2YMCXP7A2K25PPF8J4EFJ1DWBRWYA7SB9,SP3M1H9S2YMCXP7A2K25PPF8J4EFJ1DWBRWYA7SB9,1383569091,625063328,1.992138,1.992138,1.992138,no,true
9049309,zest-v1,SP3M87BY9G9AZ90D97V0B25F5JRWRXTWHHNERGX2Z,SP3M87BY9G9AZ90D97V0B25F5JRWRXTWHHNERGX2Z,75430711,18974350,2.385243,2.385243,2.385243,no,true
9049309,zest-v1,SP3M8RMMY5DRJ26D15KVMAGPY3J29TWKCF51XZYR5,SP3M8RMMY5DRJ26D15KVMAGPY3J29TWKCF51XZYR5,175434422,52228400,2.015391,1.994229,2.036553,no,true
9049309,zest-v1,SP3M9H338NVTBDYZD4KKWK67AR87ATZ3F9PQ0BH9T,SP3M9H338NVTBDYZD4KKWK67AR87ATZ3F9PQ0BH9T,114641268,64560719,1.065427,1.065427,1.065427,no,true
9049309,zest-v1,SP3MB3CSNMK68HYW60KVX9MB4QBKNMSZHYNGNPCCR,SP3MB3CSNMK68HYW60KVX9MB4QBKNMSZHYNGNPCCR,1885763383,369773647,3.059867,3.059867,3.059867,no,true
9049309,zest-v1,SP3MH2RDK5JT5PTC47M8BXHSSGS781NMH94JE0D35,SP3MH2RDK5JT5PTC47M8BXHSSGS781NMH94JE0D35,26128,800,19.596,19.3905,19.8015,no,true
9049309,zest-v1,SP3MK3F24FR93SC4SPDCGA75BHJ9VK9VJDZ3QF9DN,SP3MK3F24FR93SC4SPDCGA75BHJ9VK9VJDZ3QF9DN,188576308,36977421,3.059861,3.059861,3.059861,no,true
9049309,zest-v1,SP3MMD4F9KAYJA8TYREJA44ZT9XH9FHQ33F3957J4,SP3MMD4F9KAYJA8TYREJA44ZT9XH9FHQ33F3957J4,21657166,49864,260.59481,260.592593,260.597061,no,true
9049309,zest-v1,SP3MQVXN5ANM9XJMX9VTYSM78P3J8WE8GR52JJ5CH,SP3MQVXN5ANM9XJMX9VTYSM78P3J8WE8GR52JJ5CH,198551608,111515667,1.068289,1.068289,1.068289,no,true
9049309,zest-v1,SP3MQXSR0HXPBVAM36JWVQGEG0WBNSF9AA3K4K8C8,SP3MQXSR0HXPBVAM36JWVQGEG0WBNSF9AA3K4K8C8,22136586322,4835241030,2.746906,2.746906,2.746906,no,false
9049309,zest-v1,SP3MVC83VYYSWXEAQN52MHQSMCV55W1RVQB8EDSDH,SP3MVC83VYYSWXEAQN52MHQSMCV55W1RVQB8EDSDH,30796,338,54.667456,54.578507,54.667456,no,true
9049309,zest-v1,SP3MW06HRS97J7GKBH2D7NKD5E1ZG6SV4CGK9TT0W,SP3MW06HRS97J7GKBH2D7NKD5E1ZG6SV4CGK9TT0W,474246508,169802065,1.675762,1.658167,1.693358,no,true
9049309,zest-v1,SP3MWH3AN1TH7JE1512W5QHJDNVK431W4PRZYXSF9,SP3MWH3AN1TH7JE1512W5QHJDNVK431W4PRZYXSF9,37715261,7395420,3.059888,3.059888,3.059888,no,true
9049309,zest-v1,SP3MWVV1MC6XG0KB0YDBP2MF8FFTNBP6762Z6VRBW,SP3MWVV1MC6XG0KB0YDBP2MF8FFTNBP6762Z6VRBW,547449376,128846600,2.549308,2.52254,2.576075,no,true
9049309,zest-v1,SP3MYPXMX0B0R3TT6FA54NBRQGTHBESA98M7603XC,SP3MYPXMX0B0R3TT6FA54NBRQGTHBESA98M7603XC,4377754,2463335,1.066299,1.064722,1.067849,no,true
9049309,zest-v1,SP3N2RARPZ4FZP7JHJTXF30NAHQ0T9EYG4QZG4DJ5,SP3N2RARPZ4FZP7JHJTXF30NAHQ0T9EYG4QZG4DJ5,756397489,293150426,1.548142,1.531886,1.564397,no,true
9049309,zest-v1,SP3N3W86G5RGMFPW8ZE6SJJ18NYY92R54D1YT01X5,SP3N3W86G5RGMFPW8ZE6SJJ18NYY92R54D1YT01X5,4849164152,1843311096,1.578409,1.578409,1.578409,no,false
9049309,zest-v1,SP3N4K1X8MTBF86E4ZBCXXEJNRTKASBXJK7009QTQ,SP3N4K1X8MTBF86E4ZBCXXEJNRTKASBXJK7009QTQ,110967072,57907381,1.149771,1.149771,1.149771,no,true
9049309,zest-v1,SP3NJMJXWZ4W1CQGVKFEX01KRQ0145B4J2XXVZTG7,SP3NJMJXWZ4W1CQGVKFEX01KRQ0145B4J2XXVZTG7,6788186842,2446065482,1.665087,1.665087,1.665087,no,false
9049309,zest-v1,SP3NNTSWS5DPF9P1AND76KH0MK9MXF51N6EDTSJ1K,SP3NNTSWS5DPF9P1AND76KH0MK9MXF51N6EDTSJ1K,3949448323,908562749,2.608151,2.608151,2.608151,no,true
9049309,zest-v1,SP3NQHT65SRWDBVWBVFYD2GGHJ5QZZH1Q73FH3F96,SP3NQHT65SRWDBVWBVFYD2GGHJ5QZZH1Q73FH3F96,8272610475,4309266532,1.151836,1.151836,1.151836,no,false
9049309,zest-v1,SP3NW880NAT0N9K35Y0Y3MKE3F3HGKAS2AN2BF697,SP3NW880NAT0N9K35Y0Y3MKE3F3HGKAS2AN2BF697,143034000,103055600,0.832758,0.824014,0.841502,yes,true
9049309,zest-v1,SP3NX1CCN7QVX5ASWPRXK3RN3Q2W10KDXEDE61XF7,SP3NX1CCN7QVX5ASWPRXK3RN3Q2W10KDXEDE61XF7,27293191268,13631594131,1.201321,1.201321,1.201321,no,false
9049309,zest-v1,SP3NYA0QV0QF333437ZERVRH9T0XQ24JM81K36YC4,SP3NYA0QV0QF333437ZERVRH9T0XQ24JM81K36YC4,18033,451,23.990687,23.951678,23.990687,no,true
9049309,zest-v1,SP3P1P13G798Q3JQW753QMR5DRN2SWGXRT7GEZKXX,SP3P1P13G798Q3JQW753QMR5DRN2SWGXRT7GEZKXX,4946159328,1828418124,1.623095,1.623095,1.623095,no,false
9049309,zest-v1,SP3P1TCXN3FP3V79YWXC49F5X2HYKS39CMCP5FEHN,SP3P1TCXN3FP3V79YWXC49F5X2HYKS39CMCP5FEHN,146528018,18989,4629.881026,4629.732545,4629.881026,no,true
9049309,zest-v1,SP3P2F02BKN8QV49FEDTGTYTQY7DMNATZDMARHZ80,SP3P2F02BKN8QV49FEDTGTYTQY7DMNATZDMARHZ80,1885763383,369773647,3.059867,3.059867,3.059867,no,true
9049309,zest-v1,SP3P4AGVDW0MBESVRC379SQ8AXM6KGJ51ZH6RH6XD,SP3P4AGVDW0MBESVRC379SQ8AXM6KGJ51ZH6RH6XD,419185,121079,2.077247,2.077247,2.077256,no,true
9049309,zest-v1,SP3P7C6TGT8XHGQHTQX5RHMQ1E33ASRRWB4PF0PE8,SP3P7C6TGT8XHGQHTQX5RHMQ1E33ASRRWB4PF0PE8,0,32200,0,0,0,yes,true
9049309,zest-v1,SP3P8GFF3QH1ZQYHMAQ0777FT0Y89AWVDBH2K613A,SP3P8GFF3QH1ZQYHMAQ0777FT0Y89AWVDBH2K613A,74100355275,61331203892,1.08738,1.08738,1.08738,no,false
9049309,zest-v1,SP3PAQDPXRH2B0JD6AEHM0QZ1GQM9FBA4ER5NWHGP,SP3PAQDPXRH2B0JD6AEHM0QZ1GQM9FBA4ER5NWHGP,57828,3235,10.72544,10.72544,10.725586,no,true
9049309,zest-v1,SP3PC269JVRBN27RTYVM3W7H8NZMQA2DDC80B5Z8C,SP3PC269JVRBN27RTYVM3W7H8NZMQA2DDC80B5Z8C,91881006,3934625,14.011146,14.011144,14.011147,no,true
9049309,zest-v1,SP3PC7G7R7DVBNTH5T8P7AS835WSTZBHNNQR8TPP0,SP3PC7G7R7DVBNTH5T8P7AS835WSTZBHNNQR8TPP0,9343552807,4777637984,1.173411,1.173411,1.173411,no,false
9049309,zest-v1,SP3PG6WX96X2QAYCA70WVVZHBSQHMECW50W9AMCV6,SP3PG6WX96X2QAYCA70WVVZHBSQHMECW50W9AMCV6,609389048690,305690457355,1.19609,1.19609,1.19609,no,false
9049309,zest-v1,SP3PJYP3861PST63S9YBA8TKJRC8YFQ46C1T7R9QH,SP3PJYP3861PST63S9YBA8TKJRC8YFQ46C1T7R9QH,3783991686,1850857719,1.226672,1.226672,1.226672,no,false
9049309,zest-v1,SP3PQ2JCG3RSQKZC7ZRN37Z84S9Y3AEVZP5K8EJZF,SP3PQ2JCG3RSQKZC7ZRN37Z84S9Y3AEVZP5K8EJZF,439010,1015942,0.259273,0.25655,0.261995,yes,true
9049309,zest-v1,SP3Q6BNPKK5DRHFWK8C81Y2E4XCM30ZWEZ4TH31K0,SP3Q6BNPKK5DRHFWK8C81Y2E4XCM30ZWEZ4TH31K0,637933716,186466055,2.052707,2.052707,2.052707,no,true
9049309,zest-v1,SP3Q908CXM9E5CZB5P81BWXVNP8GRBFK793DW2685,SP3Q908CXM9E5CZB5P81BWXVNP8GRBFK793DW2685,32717625,941,20861.39745,20858.776025,20864.075188,no,true
9049309,zest-v1,SP3QB90S58982H2ZQX5EXTEKKBJSPCTSVXKHDN644,SP3QB90S58982H2ZQX5EXTEKKBJSPCTSVXKHDN644,5591321358,2136206026,1.570444,1.570444,1.570444,no,false
9049309,zest-v1,SP3QBFQGPQH26CCYCT025PXRTZWCQ7QHYKRD603CJ,SP3QBFQGPQH26CCYCT025PXRTZWCQ7QHYKRD603CJ,1885763383,369772410,3.059877,3.059877,3.059877,no,true
9049309,zest-v1,SP3QETB50KMH02PR7510Z39CN17XXHYE5J3DYQF15,SP3QETB50KMH02PR7510Z39CN17XXHYE5J3DYQF15,496966369,74043305,3.355917,3.335781,3.376052,no,true
9049309,zest-v1,SP3QFAX1BNWHS3ETCEFJHGYRCZ4BT9VW4NBFGAQQA,SP3QFAX1BNWHS3ETCEFJHGYRCZ4BT9VW4NBFGAQQA,9428543475,2009871627,2.81467,2.81467,2.81467,no,false
9049309,zest-v1,SP3QG9M0AXTS3X7ZYHXMK6F8VXCQJCBKF31AEK10B,SP3QG9M0AXTS3X7ZYHXMK6F8VXCQJCBKF31AEK10B,776134,425772,1.093732,1.093731,1.093732,no,true
9049309,zest-v1,SP3QJ7C5GJ8WWPE5QXP2D6ZKVDXDPX401S7P4Z27S,SP3QJ7C5GJ8WWPE5QXP2D6ZKVDXDPX401S7P4Z27S,1167987218750,405034455308,1.730204,1.730204,1.730204,no,false
9049309,zest-v1,SP3QM8M4ZMW2XDGFBP006B1ABPD8Y6YPZJ68P6S5K,SP3QM8M4ZMW2XDGFBP006B1ABPD8Y6YPZJ68P6S5K,37715261,7395484,3.059861,3.059861,3.059862,no,true
9049309,zest-v1,SP3QNTBPV86Y3FNDB9W9B44GAYB5XVPYA8XVGYX2W,SP3QNTBPV86Y3FNDB9W9B44GAYB5XVPYA8XVGYX2W,101934089,50180900,1.218799,1.206002,1.231597,no,true
9049309,zest-v1,SP3QSR24WRN3PSA6K48HSNWVN4CGTBQJP5ZFCMKRH,SP3QSR24WRN3PSA6K48HSNWVN4CGTBQJP5ZFCMKRH,14327057,4276893,2.009925,2.009925,2.009925,no,true
9049309,zest-v1,SP3R0A0M7E0GJYA5VASZRR7AQNX7F7HZQV05P1SW1,SP3R0A0M7E0GJYA5VASZRR7AQNX7F7HZQV05P1SW1,112342001107,57081784893,1.180853,1.180853,1.180853,no,false
9049309,zest-v1,SP3R3X5M1H1WR8K2H3D82PTYAJ8S3K8QS36K16TCT,SP3R3X5M1H1WR8K2H3D82PTYAJ8S3K8QS36K16TCT,8532918541,3146061626,1.627352,1.627352,1.627352,no,false
9049309,zest-v1,SP3R5MTB2C4RQ44P1KFYAJSN4077A073ZCZMAFQRN,SP3R5MTB2C4RQ44P1KFYAJSN4077A073ZCZMAFQRN,152145857,78581258,1.161696,1.161696,1.161696,no,true
9049309,zest-v1,SP3R7JHWZNMRX4NG19QZ91SWZA4MF8HJD04131KXJ,SP3R7JHWZNMRX4NG19QZ91SWZA4MF8HJD04131KXJ,68046221,18974286,2.15174,2.15174,2.15174,no,true
9049309,zest-v1,SP3RDTKZ98NBCEXQN7JFKY3QF7AH9XBY34NTFZBKK,SP3RDTKZ98NBCEXQN7JFKY3QF7AH9XBY34NTFZBKK,335731,255305,0.65751,0.653563,0.661454,yes,true
9049309,zest-v1,SP3REXZ9NQQ84R2SJ0D26CJ6RDBQ383W8QM5MC2R4,SP3REXZ9NQQ84R2SJ0D26CJ6RDBQ383W8QM5MC2R4,2122928560,1324216074,0.961895,0.960792,0.962978,yes,false
9049309,zest-v1,SP3RKS4FD9PWZ0Q12P7W2YKM3455CF17XHA8XQDHH,SP3RKS4FD9PWZ0Q12P7W2YKM3455CF17XHA8XQDHH,5539503332,1918407056,1.732532,1.732532,1.732532,no,false
9049309,zest-v1,SP3RRNXXXWTX6DQVA1QGR7A99T0063NK6Z85RQPWC,SP3RRNXXXWTX6DQVA1QGR7A99T0063NK6Z85RQPWC,170085197,37181257,2.744693,2.744693,2.744693,no,true
9049309,zest-v1,SP3RSA024ZBKTD1WFAWEJKFN2SD3A7B0CGEZZ0R5D,SP3RSA024ZBKTD1WFAWEJKFN2SD3A7B0CGEZZ0R5D,7064528854,3429150868,1.236084,1.236084,1.236084,no,false
9049309,zest-v1,SP3S08PWPWHJVZQFKWSBM007Z553MVFCF44ZYMK70,SP3S08PWPWHJVZQFKWSBM007Z553MVFCF44ZYMK70,5039434328,1936064830,1.561756,1.561756,1.561756,no,false
9049309,zest-v1,SP3S1E5JH286HFJK10GQF87PAMFBVXW55HV0MYWN0,SP3S1E5JH286HFJK10GQF87PAMFBVXW55HV0MYWN0,7226489138,2282481527,1.89964,1.89964,1.89964,no,false
9049309,zest-v1,SP3S3MR1FSSB0A64PAF7ETT64PJQXVHF223RAKGYS,SP3S3MR1FSSB0A64PAF7ETT64PJQXVHF223RAKGYS,4970691290,1827604755,1.631871,1.631871,1.631871,no,false
9049309,zest-v1,SP3S5JQKRS9N98AX195B4235MX4SMTJXVT2YTC8GK,SP3S5JQKRS9N98AX195B4235MX4SMTJXVT2YTC8GK,211568763,32900,3858.396894,3817.883708,3898.910079,no,true
9049309,zest-v1,SP3S5KFWY5H8BERS2ZA2X4T5NEV66FCTTG6VZP4ZD,SP3S5KFWY5H8BERS2ZA2X4T5NEV66FCTTG6VZP4ZD,1113117377,225,2473594.171111,2426400.598684,2510753.544843,no,true
9049309,zest-v1,SP3SB0NRVYFK91K2GRXEKR4MEYVBDNSS5ZNBAR7GB,SP3SB0NRVYFK91K2GRXEKR4MEYVBDNSS5ZNBAR7GB,1735177377,186023048,5.596653,5.596653,5.596653,no,true
9049309,zest-v1,SP3SDZ9WKEDX6WT8BKMY80SM37VD6QKGQH9GP5CD,SP3SDZ9WKEDX6WT8BKMY80SM37VD6QKGQH9GP5CD,170085387,37181320,2.744691,2.744691,2.744691,no,true
9049309,zest-v1,SP3SJSJPN28AAZMW27YKY4CMT9J6PVXHTXCMBZ1FZ,SP3SJSJPN28AAZMW27YKY4CMT9J6PVXHTXCMBZ1FZ,869603865,517151384,1.008916,1.008916,1.008916,no,true
9049309,zest-v1,SP3SNCYTS2S58VX9VYRM5ESKZW4M3XPK6QHVWQJTH,SP3SNCYTS2S58VX9VYRM5ESKZW4M3XPK6QHVWQJTH,94863149,62518900,0.910411,0.900852,0.91997,yes,true
9049309,zest-v1,SP3SPBHEFP4M6AAQM16WF8YCXDP01RSN1J6QKZ16X,SP3SPBHEFP4M6AAQM16WF8YCXDP01RSN1J6QKZ16X,170092714,37186554,2.744423,2.744423,2.744423,no,true
9049309,zest-v1,SP3SPPEEXX9S731Y60JD4686WG79B77WD59QYTBT8,SP3SPPEEXX9S731Y60JD4686WG79B77WD59QYTBT8,761665845,558151653,0.818773,0.818609,0.818934,yes,true
9049309,zest-v1,SP3SZFGPKV4G45JGPNPHPKB8PNE07SSEQSBD2P0NX,SP3SZFGPKV4G45JGPNPHPKB8PNE07SSEQSBD2P0NX,188576308,36977358,3.059867,3.059867,3.059867,no,true
9049309,zest-v1,SP3T01YZJWMQ2VDG20MGX23WKHE1XT12PHJGPJBAB,SP3T01YZJWMQ2VDG20MGX23WKHE1XT12PHJGPJBAB,188576308,36977358,3.059867,3.059867,3.059867,no,true
9049309,zest-v1,SP3T1H7WHV6HEJ67J0A46S6AD48PHF0GCFYDBB696,SP3T1H7WHV6HEJ67J0A46S6AD48PHF0GCFYDBB696,11602064209,1952999782,3.564383,3.564383,3.564383,no,false
9049309,zest-v1,SP3T4343SXGSQ0QGBDME836JYRS7JWE5HCC59VGZQ,SP3T4343SXGSQ0QGBDME836JYRS7JWE5HCC59VGZQ,3713771375,1578498599,1.411634,1.411634,1.411634,no,false
9049309,zest-v1,SP3T4GE6V1Y2MJ0EMTMC0FKHMX27S8YK8KGFEX7M9,SP3T4GE6V1Y2MJ0EMTMC0FKHMX27S8YK8KGFEX7M9,49758247,55243900,0.540421,0.534746,0.546095,yes,true
9049309,zest-v1,SP3T8XVBX10T72WB2E41ZTS5NCY85WC6YMWR2QA6K,SP3T8XVBX10T72WB2E41ZTS5NCY85WC6YMWR2QA6K,121298,6698,10.865751,10.751717,10.979875,no,true
9049309,zest-v1,SP3TATWNNNE9JY7NFVP0JEB809VJSJC6E9QTQETK4,SP3TATWNNNE9JY7NFVP0JEB809VJSJC6E9QTQETK4,723394206,4276290,101.498384,101.498382,101.498385,no,true
9049309,zest-v1,SP3TCKRCZFT9KVN0NWBDHTZ3PZW22YEQYJBM9KCP3,SP3TCKRCZFT9KVN0NWBDHTZ3PZW22YEQYJBM9KCP3,440155410,236702281,1.115719,1.115719,1.115719,no,true
9049309,zest-v1,SP3TF0J5PW51AFPM5JTW8ZYFC1PK5Q2FV321Q13TC,SP3TF0J5PW51AFPM5JTW8ZYFC1PK5Q2FV321Q13TC,1089626983,546098216,1.197177,1.197177,1.197177,no,true
9049309,zest-v1,SP3TF1TFPJ8PE73DXB52AJAXCFR5XN9RT0Y0WQJ5S,SP3TF1TFPJ8PE73DXB52AJAXCFR5XN9RT0Y0WQJ5S,88117744020,28389256373,1.862347,1.862347,1.862347,no,false
9049309,zest-v1,SP3TF26QFS3YMYHC9N3ZZTZQKCM4AFYMVW1WMFRTT,SP3TF26QFS3YMYHC9N3ZZTZQKCM4AFYMVW1WMFRTT,3263683651,808705400,2.421414,2.395989,2.446838,no,true
9049309,zest-v1,SP3TFHMJ45J9J6XS26BZ6TP391DHXNVGHFPGJCB53,SP3TFHMJ45J9J6XS26BZ6TP391DHXNVGHFPGJCB53,117343953,81074700,0.868414,0.859295,0.877532,yes,true
9049309,zest-v1,SP3TFX7T0RG5T2QRFTNZXNN7GWRE9KV7YTW6TTBSS,SP3TFX7T0RG5T2QRFTNZXNN7GWRE9KV7YTW6TTBSS,7503263021,2686591715,1.675713,1.675713,1.675713,no,false
9049309,zest-v1,SP3TR8BEX8M4B93ZDP06BFWW8SYDHANTYHKZ142FV,SP3TR8BEX8M4B93ZDP06BFWW8SYDHANTYHKZ142FV,4136351433,2152811467,1.152823,1.152823,1.152823,no,false
9049309,zest-v1,SP3TT3RNCJY4GKJK8AYNJJD0EX32G0A1TCAM4NTSW,SP3TT3RNCJY4GKJK8AYNJJD0EX32G0A1TCAM4NTSW,19408820899,1330762388,8.750843,8.750843,8.750843,no,false
9049309,zest-v1,SP3TXK5XWA5KSA4DJ0XGBT01BWPAVSN5B80TQM1Z0,SP3TXK5XWA5KSA4DJ0XGBT01BWPAVSN5B80TQM1Z0,340424696,133383200,1.531338,1.515259,1.547417,no,true
9049309,zest-v1,SP3TZEC9PYDZ3Y2F5RMNGFS24D1CDPW6EW8QK6616,SP3TZEC9PYDZ3Y2F5RMNGFS24D1CDPW6EW8QK6616,118009632809,1209326962,58.54974,58.182768,58.9136,no,false
9049309,zest-v1,SP3V1S3K19A26Z87VK0BFA8A9CZMRBHA4TT8DC1PR,SP3V1S3K19A26Z87VK0BFA8A9CZMRBHA4TT8DC1PR,11189393528,2849087335,2.356416,2.356416,2.356416,no,false
9049309,zest-v1,SP3V9FWMASAC7552X2RTHG9DQYEPHMM4WSBJM2Y6B,SP3V9FWMASAC7552X2RTHG9DQYEPHMM4WSBJM2Y6B,41486904,3720485,6.690564,6.690564,6.690564,no,true
9049309,zest-v1,SP3VGGV866MC5EKKHWG7G8WZSER20VV1ETNHF8CWG,SP3VGGV866MC5EKKHWG7G8WZSER20VV1ETNHF8CWG,8746539490,6115062456,0.858196,0.857901,0.858485,yes,false
9049309,zest-v1,SP3VJGBB99FMFJKKJB2D8P5CQYH165HZA2RFKMPEK,SP3VJGBB99FMFJKKJB2D8P5CQYH165HZA2RFKMPEK,68087584,66724300,0.612259,0.60583,0.618688,yes,true
9049309,zest-v1,SP3VKRD4NNKKSGZE632CPDKRXW24Y6GQ6VGP7JRR1,SP3VKRD4NNKKSGZE632CPDKRXW24Y6GQ6VGP7JRR1,315277493,116015200,1.630532,1.613411,1.647653,no,true
9049309,zest-v1,SP3VM8F6FKS3810M3NVE6GZ937BJXZGMVKZPVT1E2,SP3VM8F6FKS3810M3NVE6GZ937BJXZGMVKZPVT1E2,747036597,363506683,1.23305,1.23305,1.23305,no,true
9049309,zest-v1,SP3VMMC1E6416NVZEW36J7R1D1KKNV49WFMJYAYXV,SP3VMMC1E6416NVZEW36J7R1D1KKNV49WFMJYAYXV,5649660649,1872134391,1.810659,1.810659,1.810659,no,false
9049309,zest-v1,SP3VMTA44MSFR0K6EWKX7E18BKD41WANCC41BMJAC,SP3VMTA44MSFR0K6EWKX7E18BKD41WANCC41BMJAC,33411129,468890,42.753476,42.753416,42.753476,no,true
9049309,zest-v1,SP3VP83NCJCPY3MCXSNR94GC6Q6SYJCQ8DY6QQQ89,SP3VP83NCJCPY3MCXSNR94GC6Q6SYJCQ8DY6QQQ89,0,78906433,0,0,0,yes,true
9049309,zest-v1,SP3VR3GZ37ACP52FXQ10396BZS627QYYN94QGXV59,SP3VR3GZ37ACP52FXQ10396BZS627QYYN94QGXV59,5012320244,1828418124,1.644805,1.644805,1.644806,no,false
9049309,zest-v1,SP3VRJ5DP3FH2634PW3T3S60S9EC010CAPQ7XV35N,SP3VRJ5DP3FH2634PW3T3S60S9EC010CAPQ7XV35N,739737691,332388206,1.335314,1.335314,1.335314,no,true
9049309,zest-v1,SP3W1EY9XBBCP2RG1J6A42WJNP4FAK4D8SVT4AB5V,SP3W1EY9XBBCP2RG1J6A42WJNP4FAK4D8SVT4AB5V,0,31567100,0,0,0,yes,true
9049309,zest-v1,SP3W2FYTW1J7ZR2VMG65HRJYBJ5R9Q48DCK1XASJJ,SP3W2FYTW1J7ZR2VMG65HRJYBJ5R9Q48DCK1XASJJ,8600697135,3837464952,1.344747,1.344747,1.344747,no,false
9049309,zest-v1,SP3W3P6JW04MPZ2Z2BXJK733S18EWQ9SEV7Q8E7VH,SP3W3P6JW04MPZ2Z2BXJK733S18EWQ9SEV7Q8E7VH,671462,647186,0.518755,0.515642,0.521868,yes,true
9049309,zest-v1,SP3W3PCWC1WT2CHHHQV03YJ0XCTRKBEZQJ2NHTYT3,SP3W3PCWC1WT2CHHHQV03YJ0XCTRKBEZQJ2NHTYT3,8693990,1800,2897.996667,2867.567667,2928.425667,no,true
9049309,zest-v1,SP3W5R37Y7Z0VKFBGRS4FKTRM7H1QENTQXNFZ64H6,SP3W5R37Y7Z0VKFBGRS4FKTRM7H1QENTQXNFZ64H6,1735177377,186023048,5.596653,5.596653,5.596653,no,true
9049309,zest-v1,SP3W6S2T1MSDXF0HF2V8KWJZEFNAXM8HQZB5ATC50,SP3W6S2T1MSDXF0HF2V8KWJZEFNAXM8HQZB5ATC50,78529867,52525100,0.897055,0.887636,0.906474,yes,true
9049309,zest-v1,SP3W83KG17KJZZXPDZQDTRQKQRGHNFZN410R9P02E,SP3W83KG17KJZZXPDZQDTRQKQRGHNFZN410R9P02E,65203200,51227204,0.763694,0.755675,0.771713,yes,true
9049309,zest-v1,SP3WFW3G78JSYKFEYVTXJSBG9MYDG706DN00SR043,SP3WFW3G78JSYKFEYVTXJSBG9MYDG706DN00SR043,15511,1107,8.407046,8.40219,8.407046,no,true
9049309,zest-v1,SP3WG60S7VAXS92YW9GNQRV382BF0GHTFJ3EKN0Y6,SP3WG60S7VAXS92YW9GNQRV382BF0GHTFJ3EKN0Y6,342444873,186945002,1.099077,1.099077,1.099077,no,true
9049309,zest-v1,SP3WH4VDCB81VY2CGN0Z7XSJH8YSNF8R9B3E51VB2,SP3WH4VDCB81VY2CGN0Z7XSJH8YSNF8R9B3E51VB2,14180396,7364076,1.155371,1.155371,1.155371,no,true
9049309,zest-v1,SP3WHBHC4S8D4CXDQANTH6K0FQGVA4BSGD9PZV3RA,SP3WHBHC4S8D4CXDQANTH6K0FQGVA4BSGD9PZV3RA,3745138445,1607898067,1.397528,1.397528,1.397528,no,false
9049309,zest-v1,SP3WWRQ45G4D25E2TJ9SX3JXQZDDRRVCREDV7FQGW,SP3WWRQ45G4D25E2TJ9SX3JXQZDDRRVCREDV7FQGW,10047354981,4283993863,1.407195,1.407195,1.407195,no,false
9049309,zest-v1,SP3X1GS53ACYFGAR6WWR6RW6R5NVR168GVBAWJWFQ,SP3X1GS53ACYFGAR6WWR6RW6R5NVR168GVBAWJWFQ,5215642626,2420211294,1.293022,1.293022,1.293022,no,false
9049309,zest-v1,SP3X1PPX49N1MHFSHQJASZHNS4K6MDA4MKTGMJ08V,SP3X1PPX49N1MHFSHQJASZHNS4K6MDA4MKTGMJ08V,1178328453,295920300,2.389147,2.364061,2.414233,no,true
9049309,zest-v1,SP3X2VA67GWQF583A7YNP2E9J3TD1MJAT9TQ0H8P,SP3X2VA67GWQF583A7YNP2E9J3TD1MJAT9TQ0H8P,10012834579,4881892987,1.230609,1.230609,1.230609,no,false
9049309,zest-v1,SP3X7A0PY0SY0G67F7VHMWKGGG03V19WMZZR41PC3,SP3X7A0PY0SY0G67F7VHMWKGGG03V19WMZZR41PC3,175530389,99101437,1.062732,1.04553,1.080134,no,true
9049309,zest-v1,SP3XAGB4X61XCF68MDMFQD8W7MPFHN8HJBCW2E7JA,SP3XAGB4X61XCF68MDMFQD8W7MPFHN8HJBCW2E7JA,195962823,140735742,0.83545,0.829104,0.841759,yes,true
9049309,zest-v1,SP3XC5VKX238MJTBWME5PDK3WYT4E5B02XGP08XSR,SP3XC5VKX238MJTBWME5PDK3WYT4E5B02XGP08XSR,10854348260,1789717972,3.638902,3.638902,3.638902,no,false
9049309,zest-v1,SP3XE83R926A0X892VA30028K0TT06PSMC8YGWGXQ,SP3XE83R926A0X892VA30028K0TT06PSMC8YGWGXQ,4295028871,2138925350,1.204819,1.204819,1.204819,no,false
9049309,zest-v1,SP3XF7DW9K4R0E23BKF9244TEJJM3DN5WWV5CW2Z2,SP3XF7DW9K4R0E23BKF9244TEJJM3DN5WWV5CW2Z2,3140,200,9.42,9.321,9.519,no,true
9049309,zest-v1,SP3XGAZ3QKB0ZVJ73ZF1X4E0H4MDE3HGQ404XK58E,SP3XGAZ3QKB0ZVJ73ZF1X4E0H4MDE3HGQ404XK58E,35540,188,113.425532,113.409474,113.441935,no,true
9049309,zest-v1,SP3XGEQBNV745JEZ33ZKHQHYVY0YE1T35V09KSPHW,SP3XGEQBNV745JEZ33ZKHQHYVY0YE1T35V09KSPHW,5768397,208400,16.607669,16.433289,16.782049,no,true
9049309,zest-v1,SP3XN5Y6J6C0ZXHEY4A4XZ8P28DPY1S4YBG4G3CH1,SP3XN5Y6J6C0ZXHEY4A4XZ8P28DPY1S4YBG4G3CH1,476693696,120098300,2.381518,2.356512,2.406524,no,true
9049309,zest-v1,SP3XQMANKR51TFB1WZZYBZ5M40A2CFK9P67BAQ7EE,SP3XQMANKR51TFB1WZZYBZ5M40A2CFK9P67BAQ7EE,3786270846,1527124084,1.487608,1.487608,1.487608,no,false
9049309,zest-v1,SP3XTRRBJHEMVY2SF77DJKDXV5Q09MRZXYM431P3S,SP3XTRRBJHEMVY2SF77DJKDXV5Q09MRZXYM431P3S,75430523,18488488,2.447919,2.447919,2.447919,no,true
9049309,zest-v1,SP3XTYYV9133Z7RNWEDEP04Z6FZ0E9WVKV9D65XQM,SP3XTYYV9133Z7RNWEDEP04Z6FZ0E9WVKV9D65XQM,28210891853,20231473416,0.836644,0.836614,0.836673,yes,false
9049309,zest-v1,SP3XVKFHS2Z6Z8PHB08PDDZ494YKNRFBVWS9E4RV8,SP3XVKFHS2Z6Z8PHB08PDDZ494YKNRFBVWS9E4RV8,1115736666,256976500,2.605071,2.577718,2.632424,no,true
9049309,zest-v1,SP3XX87N1K5EVGNTGCMEXHWFZFZ5T5SRZ04RC9XBT,SP3XX87N1K5EVGNTGCMEXHWFZFZ5T5SRZ04RC9XBT,228040,2537,53.931415,53.923713,53.939044,no,true
9049309,zest-v1,SP3XYXX4N50GPPAZ8YE1C9XX5YF3B8BJBQAA9FVTT,SP3XYXX4N50GPPAZ8YE1C9XX5YF3B8BJBQAA9FVTT,3809252646,186023239,12.286377,12.286377,12.286377,no,true
9049309,zest-v1,SP3XZ9701DM8XEAXZT86A0JC3DMB70CPKD4X13KKD,SP3XZ9701DM8XEAXZT86A0JC3DMB70CPKD4X13KKD,3045307415,1585669649,1.152311,1.152311,1.152311,no,false
9049309,zest-v1,SP3Y4FBG02E39JM2Y9KA6NPTWW4MAP9HEBVYC40SD,SP3Y4FBG02E39JM2Y9KA6NPTWW4MAP9HEBVYC40SD,38305696744,9892253600,2.323375,2.29898,2.347771,no,false
9049309,zest-v1,SP3Y4Q6YE58SJSWS2YAM2402JHNBJNH8Z3JGN5GB8,SP3Y4Q6YE58SJSWS2YAM2402JHNBJNH8Z3JGN5GB8,3610264798,1290825548,1.678119,1.678119,1.678119,no,false
9049309,zest-v1,SP3YBGWRSHSV4E8MC7NGH5SQ4W9ZGFEY1G960DVJS,SP3YBGWRSHSV4E8MC7NGH5SQ4W9ZGFEY1G960DVJS,7223663615,3378069675,1.28304,1.28304,1.28304,no,false
9049309,zest-v1,SP3YDJ3KH7ER26GZB08XJF9ZSZ54V1XSXVJ1NBHE6,SP3YDJ3KH7ER26GZB08XJF9ZSZ54V1XSXVJ1NBHE6,408508165,212495456,1.153459,1.153459,1.153459,no,true
9049309,zest-v1,SP3YEVF4WR00WN2SENM59EJKPVP2NWBR8QX42ZJA1,SP3YEVF4WR00WN2SENM59EJKPVP2NWBR8QX42ZJA1,11969758,12629721,0.568647,0.567859,0.569421,yes,true
9049309,zest-v1,SP3YEWQXPP6C4VPGJB8Z0N0XD4KS1TZ20QCBKB61K,SP3YEWQXPP6C4VPGJB8Z0N0XD4KS1TZ20QCBKB61K,792023205,20076200,23.670512,23.421971,23.919052,no,true
9049309,zest-v1,SP3YKW7DBTYDSA0FJH1EF8Q208A9HP65RAP4WEG5H,SP3YKW7DBTYDSA0FJH1EF8Q208A9HP65RAP4WEG5H,7089504811,3315628956,1.282925,1.282925,1.282925,no,false
9049309,zest-v1,SP3YM926G158RV76VT9M2NCVE0V5RT76Y1ZMTNZQ8,SP3YM926G158RV76VT9M2NCVE0V5RT76Y1ZMTNZQ8,89291563587,39770719753,1.347095,1.347095,1.347095,no,false
9049309,zest-v1,SP3YPBS92X6324XXMSKKKHE4D93GEBEK888JP8X9V,SP3YPBS92X6324XXMSKKKHE4D93GEBEK888JP8X9V,176455267005,39413747800,2.686199,2.657994,2.714404,no,false
9049309,zest-v1,SP3YSPMQ7EANV6CTV0PEBNFJ8DAAZE8AGCS5VCQJB,SP3YSPMQ7EANV6CTV0PEBNFJ8DAAZE8AGCS5VCQJB,5026141394,1900211770,1.587026,1.587026,1.587026,no,false
9049309,zest-v1,SP3YSS1RJJF8CA39NBGAZMWBEYRMRAFJ72RBSN1TM,SP3YSS1RJJF8CA39NBGAZMWBEYRMRAFJ72RBSN1TM,19234817,3720453,3.102012,3.102012,3.102012,no,true
9049309,zest-v1,SP3YVBDA8AMM7S9Y2MMXFREDWABP454HPW98RQBSD,SP3YVBDA8AMM7S9Y2MMXFREDWABP454HPW98RQBSD,2589097204,922947987,1.683148,1.683148,1.683148,no,true
9049309,zest-v1,SP3YWPQ29SZ3AXXRHZE0JBDBK75GBEY2AT94CPV21,SP3YWPQ29SZ3AXXRHZE0JBDBK75GBEY2AT94CPV21,14327057,3029456,2.83755,2.83755,2.83755,no,true
9049309,zest-v1,SP3YYBQ9Z8213CA0XBG92H8HVE8JF8E40XGEQ3ESV,SP3YYBQ9Z8213CA0XBG92H8HVE8JF8E40XGEQ3ESV,1735174903,186020701,5.596716,5.596716,5.596716,no,true
9049309,zest-v1,SP3YYFF1K5W7AN0YT2ETS93YF1SPD004ASCWENKAQ,SP3YYFF1K5W7AN0YT2ETS93YF1SPD004ASCWENKAQ,687539701,264578809,1.559172,1.559172,1.559172,no,true
9049309,zest-v1,SP3Z412AWB9DW1GH1JKP5TPZZRFWENF24JX5BEM4B,SP3Z412AWB9DW1GH1JKP5TPZZRFWENF24JX5BEM4B,116917691,48571354,1.44428,1.44428,1.44428,no,true
9049309,zest-v1,SP3Z6M5RSHSHJ781CD2DS41TMS1TV20JCFT6XXKQJ,SP3Z6M5RSHSHJ781CD2DS41TMS1TV20JCFT6XXKQJ,2214817,463244,2.868661,2.868661,2.868662,no,true
9049309,zest-v1,SP3Z8J8BZYY63889GAY59DMRFRWWY3GT5CKX5N29D,SP3Z8J8BZYY63889GAY59DMRFRWWY3GT5CKX5N29D,45261333,59879836,0.453522,0.44876,0.458284,yes,true
9049309,zest-v1,SP3ZJF89QRQW466932PHMQ2Q65MMK1EHKPJA2M9DT,SP3ZJF89QRQW466932PHMQ2Q65MMK1EHKPJA2M9DT,229666068,130305400,1.057513,1.046409,1.068617,no,true
9049309,zest-v1,SP3ZJJ1528NXYXCQMR1BAFD269G48MBW0EZT8XZD9,SP3ZJJ1528NXYXCQMR1BAFD269G48MBW0EZT8XZD9,4253482820,2163462665,1.179632,1.179632,1.179632,no,false
9049309,zest-v1,SP3ZJXZ7321QH9NWJAYEN27CEX1SR3HT7TY7Y11TT,SP3ZJXZ7321QH9NWJAYEN27CEX1SR3HT7TY7Y11TT,142247436,91612800,0.931622,0.92184,0.941404,yes,true
9049309,zest-v1,SP3ZTEQ37YPJFFR43MSG3S3BYKP98W93338F0AZ9S,SP3ZTEQ37YPJFFR43MSG3S3BYKP98W93338F0AZ9S,4931002390,1935977592,1.528221,1.528221,1.528221,no,false
9049309,zest-v1,SP3ZTY2CAGNRRDE9RJNNF849S5B4TAVMPA7RNVA0X,SP3ZTY2CAGNRRDE9RJNNF849S5B4TAVMPA7RNVA0X,70722749930,17856386300,2.376385,2.351433,2.401337,no,false
9049309,zest-v1,SP3ZW442AHT23SWB1NZ6QMKS17BQYWCTZS7371864,SP3ZW442AHT23SWB1NZ6QMKS17BQYWCTZS7371864,5075089999,1996611570,1.525111,1.525111,1.525111,no,false
9049309,zest-v1,SP3ZWBR39XF80ABMVGZ66ETNXRH3HGCQHRPYW40GG,SP3ZWBR39XF80ABMVGZ66ETNXRH3HGCQHRPYW40GG,4101287642,2128163809,1.156289,1.156289,1.156289,no,false
9049309,zest-v1,SP3ZWCFRGEJ6AH9T15DXPQ5H804RWWK1RPGAE0K2X,SP3ZWCFRGEJ6AH9T15DXPQ5H804RWWK1RPGAE0K2X,12144266175,6311345411,1.154518,1.154518,1.154518,no,false
9049309,zest-v1,SP3ZY0X5RVF844ZSGBQ22MTDERV2PJEN1C5TSG1N0,SP3ZY0X5RVF844ZSGBQ22MTDERV2PJEN1C5TSG1N0,3436331708,186023048,11.083568,11.083568,11.083568,no,true
9049309,zest-v1,SP3ZZ0MR8C26QWXE92NK0MR52KHMBZE3KHANX3E1G,SP3ZZ0MR8C26QWXE92NK0MR52KHMBZE3KHANX3E1G,2790939000,1193722552,1.402808,1.402808,1.402808,no,false
9049309,zest-v1,SP42H2EKD3Z4GHFWZB6Q4BYSN5XYE10DMK0K2P26,SP42H2EKD3Z4GHFWZB6Q4BYSN5XYE10DMK0K2P26,4885295518,1828875918,1.602721,1.602721,1.602721,no,false
9049309,zest-v1,SP4E1VHEBH293T2QB1F6VG1DJRX7NFD1WMBVXJK9,SP4E1VHEBH293T2QB1F6VG1DJRX7NFD1WMBVXJK9,3964357718,2057110702,1.156289,1.156289,1.156289,no,false
9049309,zest-v1,SP4HVX51TQVRZRYQ4Q3VSCPTBJGE2DW5MGV96X1N,SP4HVX51TQVRZRYQ4Q3VSCPTBJGE2DW5MGV96X1N,1530734207,760535035,1.207624,1.207624,1.207624,no,true
9049309,zest-v1,SP4PFFP8JRS69BS65RQ0TVQPHWZZZAAVTHK6PQWT,SP4PFFP8JRS69BS65RQ0TVQPHWZZZAAVTHK6PQWT,34411,1776,11.625338,11.625338,11.629431,no,true
9049309,zest-v1,SP4XNJ46PSB9Y2A9042SX509Q6XRSXPTQ3JMB25H,SP4XNJ46PSB9Y2A9042SX509Q6XRSXPTQ3JMB25H,4445493812,2203964287,1.210227,1.210227,1.210227,no,false
9049309,zest-v1,SP51ZK8RQJQ2B6FY80FFZA2RJBH5EQKFE82RFDC7,SP51ZK8RQJQ2B6FY80FFZA2RJBH5EQKFE82RFDC7,247727206161,130171116719,1.141853,1.141703,1.142001,no,false
9049309,zest-v1,SP5516ZJXY1HY0Z5RDS907JJ141XMSZ28XFM4Z0Q,SP5516ZJXY1HY0Z5RDS907JJ141XMSZ28XFM4Z0Q,3849622090,1997574247,1.156289,1.156289,1.156289,no,false
9049309,zest-v1,SP55B8GPX15Z85277DK2YNARA6P1EHWP6FJZC1X1,SP55B8GPX15Z85277DK2YNARA6P1EHWP6FJZC1X1,950868634,164044158,3.477851,3.477851,3.477851,no,true
9049309,zest-v1,SP55DR77BE23GPRX1ZP2PXHV0FEW1YVEEZYKT45C,SP55DR77BE23GPRX1ZP2PXHV0FEW1YVEEZYKT45C,4355427151,1945807160,1.343019,1.343019,1.343019,no,false
9049309,zest-v1,SP566VT540CKMW6RSRKFN5TZYHMPB0T9PMP7YYZ2,SP566VT540CKMW6RSRKFN5TZYHMPB0T9PMP7YYZ2,342336707,177806914,1.155197,1.155197,1.155197,no,true
9049309,zest-v1,SP5BXQ2WZQXSWC3NPX0ZQ5X2CH93D76F10XX97Q9,SP5BXQ2WZQXSWC3NPX0ZQ5X2CH93D76F10XX97Q9,5640878635,1630058700,2.076322,2.076322,2.076322,no,false
9049309,zest-v1,SP5HT6PS4V2M9CD62VM48FEXZ36CBM67BZ7VZ0FZ,SP5HT6PS4V2M9CD62VM48FEXZ36CBM67BZ7VZ0FZ,839328,757207,0.554226,0.550901,0.557552,yes,true
9049309,zest-v1,SP5TXV59MPMDRQKRC4E6TD9FTW2SVG3DRNTKP6G4,SP5TXV59MPMDRQKRC4E6TD9FTW2SVG3DRNTKP6G4,170115553,40925089,2.494053,2.494053,2.494053,no,true
9049309,zest-v1,SP5YG6488RHEQTBQWK73KNJ952SH73VBSEQQ41YA,SP5YG6488RHEQTBQWK73KNJ952SH73VBSEQQ41YA,111021400000,58916262104,1.130636,1.130636,1.130636,no,false
9049309,zest-v1,SP650EAE40CBKBNMARBNEPCZK3B4B2M8VTPWR215,SP650EAE40CBKBNMARBNEPCZK3B4B2M8VTPWR215,671462,617738,0.543484,0.540223,0.546746,yes,true
9049309,zest-v1,SP67NSCB8ZZMRQ7Z3V3K5VZNW9MMTJSQPAES3DDM,SP67NSCB8ZZMRQ7Z3V3K5VZNW9MMTJSQPAES3DDM,289374011,3425300,50.688818,50.156584,51.22105,no,true
9049309,zest-v1,SP68RJR7B16V4S9C69PFYBSQG2G98SVD0R754484,SP68RJR7B16V4S9C69PFYBSQG2G98SVD0R754484,4853445977,1687359133,1.725814,1.725814,1.725814,no,false
9049309,zest-v1,SP6CG22E967ZVT6920M8ZREGEZE19E6DJR2QB9Z9,SP6CG22E967ZVT6920M8ZREGEZE19E6DJR2QB9Z9,38665,564,41.132979,41.127368,41.13871,no,true
9049309,zest-v1,SP6DY71RQE3104DJKRYRD4MPKX62AQ6KG6K5XCCN,SP6DY71RQE3104DJKRYRD4MPKX62AQ6KG6K5XCCN,0,2654,0,0,0,yes,true
9049309,zest-v1,SP6FD8F1VVJ1XBQVX33TBWZXNR5XA1ES2B4AQ81F,SP6FD8F1VVJ1XBQVX33TBWZXNR5XA1ES2B4AQ81F,10682314989,4983149480,1.286212,1.286212,1.286212,no,false
9049309,zest-v1,SP6G8CM8JWF8WVJYVGN4BK9G25DMVVVR9HF7QKRV,SP6G8CM8JWF8WVJYVGN4BK9G25DMVVVR9HF7QKRV,6837378321,1835243725,2.235358,2.235358,2.235358,no,false
9049309,zest-v1,SP6GKMZ7BWZN848ADG15N5G74M8QQSAV5D0VMDE1,SP6GKMZ7BWZN848ADG15N5G74M8QQSAV5D0VMDE1,1431979298,197339836,4.353848,4.353848,4.353848,no,true
9049309,zest-v1,SP6KDDXGXQET3YG38QB264B76V9FT5V77HK2JXGG,SP6KDDXGXQET3YG38QB264B76V9FT5V77HK2JXGG,1729974058,957902603,1.083601,1.083601,1.083601,no,true
9049309,zest-v1,SP6NJ2W531HJM9W4NE08A2GJB6M9T62RRH8JJTCG,SP6NJ2W531HJM9W4NE08A2GJB6M9T62RRH8JJTCG,124885507,90711363,0.826041,0.817368,0.834714,yes,true
9049309,zest-v1,SP6PCHCCFART4ZTXCVZR9FT9F4JJ0Q2A4ET41W0R,SP6PCHCCFART4ZTXCVZR9FT9F4JJ0Q2A4ET41W0R,255109,8532,17.940155,17.938955,17.940155,no,true
9049309,zest-v1,SP6SGVE6KJP8S7BN66TJWP0HERWDTERXS9PKRHDN,SP6SGVE6KJP8S7BN66TJWP0HERWDTERXS9PKRHDN,368094,1957,112.854573,112.822612,112.854573,no,true
9049309,zest-v1,SP6VCC91ZYYJ21MS4HG40HGC7QJ9AZ8QC1PK6FVD,SP6VCC91ZYYJ21MS4HG40HGC7QJ9AZ8QC1PK6FVD,92177832,57755600,0.957599,0.947544,0.967654,yes,true
9049309,zest-v1,SP6XGBDAD800GGY6XF48AC27467W9PEHA6EPBGKJ.test-zest-interface-hbtc-v1-1,SP6XGBDAD800GGY6XF48AC27467W9PEHA6EPBGKJ.test-zest-interface-hbtc-v1-1,69496394,7753601,4.481556,4.454667,4.508445,no,true
9049309,zest-v1,SP6XGBDAD800GGY6XF48AC27467W9PEHA6EPBGKJ.test-zest-interface-hbtc4-v1,SP6XGBDAD800GGY6XF48AC27467W9PEHA6EPBGKJ.test-zest-interface-hbtc4-v1,251798,2,62949.5,62571.75,63327.25,no,true
9049309,zest-v1,SP6ZCVNK7XV1ZNDSJGHCFH796C0GRRZVEP40D1HN,SP6ZCVNK7XV1ZNDSJGHCFH796C0GRRZVEP40D1HN,3579186798,1858292538,1.155637,1.155637,1.155637,no,false
9049309,zest-v1,SP6ZRJRMFAGCMW9K05EDSSTDPREYW6RKEEW75APY,SP6ZRJRMFAGCMW9K05EDSSTDPREYW6RKEEW75APY,9685424096,2515407700,2.310263,2.286006,2.334521,no,false
9049309,zest-v1,SP76AS2D8FJPA9VK115JC48MNS01JS7YZMD2FMCP,SP76AS2D8FJPA9VK115JC48MNS01JS7YZMD2FMCP,67835471,38450057,1.058549,1.058549,1.058549,no,true
9049309,zest-v1,SP779SC9CDWQVMTRXT0HZCEHSDBXCHNGG7BC1H9B,SP779SC9CDWQVMTRXT0HZCEHSDBXCHNGG7BC1H9B,888088941913,161305743500,3.303375,3.26869,3.33806,no,false
9049309,zest-v1,SP7A10Y8GBTRBGYXZF02DJS9CWQY0T8BZRAHEASP,SP7A10Y8GBTRBGYXZF02DJS9CWQY0T8BZRAHEASP,25988079,677040,23.03091,23.030908,23.030913,no,true
9049309,zest-v1,SP7DMXKBSM8K3CJJJJNPTE3MNACK1WJ2PF1Y7Y29,SP7DMXKBSM8K3CJJJJNPTE3MNACK1WJ2PF1Y7Y29,0,450,0,0,0,yes,true
9049309,zest-v1,SP7DTTR30FX57K7W26RCTW1FPAV12DF3B04NBRWT,SP7DTTR30FX57K7W26RCTW1FPAV12DF3B04NBRWT,401188,54305,4.432608,4.432586,4.43262,no,true
9049309,zest-v1,SP7EFV7NZYD22S027E32NZE7N0FYRJW8K2PX1Z40,SP7EFV7NZYD22S027E32NZE7N0FYRJW8K2PX1Z40,8032459,3308900,1.456519,1.441225,1.471812,no,true
9049309,zest-v1,SP7F0N9E90XMA50F58CTHRT2598E56F6V3VPYXCQ,SP7F0N9E90XMA50F58CTHRT2598E56F6V3VPYXCQ,14085944704,5893174474,1.434128,1.434128,1.434128,no,false
9049309,zest-v1,SP7JC2QPN0101W9SXYQ2P953J4Q63P6T0P548WKQ,SP7JC2QPN0101W9SXYQ2P953J4Q63P6T0P548WKQ,419664,403091,0.520557,0.517434,0.523681,yes,true
9049309,zest-v1,SP7S3EJYAM7NVJ7KD0KEFCY78MRP9M4G2N92QZ24,SP7S3EJYAM7NVJ7KD0KEFCY78MRP9M4G2N92QZ24,39154,752,31.239894,31.202416,31.239894,no,true
9049309,zest-v1,SP7TEF3PAXCQHZF4N5PT68GWQ5PGWR6VDNWQ5CYK,SP7TEF3PAXCQHZF4N5PT68GWQ5PGWR6VDNWQ5CYK,70882748096,19689033300,2.160068,2.160068,2.160068,no,false
9049309,zest-v1,SP7TYMCHNJJ0F8FQPXSN2B7TT90V9798G2PQ2CN3,SP7TYMCHNJJ0F8FQPXSN2B7TT90V9798G2PQ2CN3,395760361092,204849256151,1.159175,1.159175,1.159175,no,false
9049309,zest-v1,SP85BBSRQXDYV7VRCH074DXZFZTSXC3D73BD707J,SP85BBSRQXDYV7VRCH074DXZFZTSXC3D73BD707J,170092714,37186554,2.744423,2.744423,2.744423,no,true
9049309,zest-v1,SP86RGM9GEE1TVWEWJ0HFE1S1ADFN4WPTZYGS5P4,SP86RGM9GEE1TVWEWJ0HFE1S1ADFN4WPTZYGS5P4,4921358251,1961989847,1.50501,1.50501,1.50501,no,false
9049309,zest-v1,SP87MT4CA256R9HD2DZ6ZWF9CMGB9Y7SMK1X7JE4,SP87MT4CA256R9HD2DZ6ZWF9CMGB9Y7SMK1X7JE4,3771539229,1657117619,1.365578,1.365578,1.365578,no,false
9049309,zest-v1,SP87PHFBSH9B51W2GBEN7BG4RHF81PP6Q4WKJ96V,SP87PHFBSH9B51W2GBEN7BG4RHF81PP6Q4WKJ96V,196189,23300,5.052077,4.99903,5.105124,no,true
9049309,zest-v1,SP88T9ZPQ2B8VECHWE7GA1H6YFYG3013F2PMTT78,SP88T9ZPQ2B8VECHWE7GA1H6YFYG3013F2PMTT78,34191031834,16742317044,1.225315,1.225315,1.225315,no,false
9049309,zest-v1,SP8DS6EEP9G6WJT96YVFRKQ6HSNKQDK22X71K0V1,SP8DS6EEP9G6WJT96YVFRKQ6HSNKQDK22X71K0V1,4877562218,1783566666,1.640834,1.640834,1.640834,no,false
9049309,zest-v1,SP8FJY9QA7478VB123KAZPC8C272HDH2FF3MNMMB,SP8FJY9QA7478VB123KAZPC8C272HDH2FF3MNMMB,252081447,120176200,1.258559,1.245344,1.271774,no,true
9049309,zest-v1,SP8H1JPB3VWRXNS8ZWYZK09WRBXD9308Z88MBEC1,SP8H1JPB3VWRXNS8ZWYZK09WRBXD9308Z88MBEC1,57400550,63424209,0.543016,0.537427,0.548602,yes,true
9049309,zest-v1,SP8J8NZDN88QPS1PBA85R474QYS590HPRP34TEWM,SP8J8NZDN88QPS1PBA85R474QYS590HPRP34TEWM,17009176,3718645,2.744415,2.744414,2.744415,no,true
9049309,zest-v1,SP8NR21S2JNZ5R2QFNW04ZQ09CX6G1W94ZPRAMZ4,SP8NR21S2JNZ5R2QFNW04ZQ09CX6G1W94ZPRAMZ4,1951188600,969284005,1.207812,1.207812,1.207812,no,true
9049309,zest-v1,SP8P3719TMPXMA2DYP9696WX0D9213K1CWY6PJ4Q,SP8P3719TMPXMA2DYP9696WX0D9213K1CWY6PJ4Q,323329,1522,127.462155,127.460598,127.463745,no,true
9049309,zest-v1,SP8X251X0GX2QJ1P2VP4MBREK9S22JW0CMP41G11,SP8X251X0GX2QJ1P2VP4MBREK9S22JW0CMP41G11,22323548,4276893,3.131743,3.131743,3.131743,no,true
9049309,zest-v1,SP8YQQPW6JP951HS8MWRKPZCH8Q0EEG502MFXQT5,SP8YQQPW6JP951HS8MWRKPZCH8Q0EEG502MFXQT5,5032314,68000,44.402771,43.936544,44.868997,no,true
9049309,zest-v1,SP92BR07YNC1371FRX2M5M5F7ARA63EVYTMKTV6H,SP92BR07YNC1371FRX2M5M5F7ARA63EVYTMKTV6H,69722590,88674300,0.471766,0.466813,0.47672,yes,true
9049309,zest-v1,SP92Y7K97R51SMHDFY185NV8JNKGRHM214EHNF63,SP92Y7K97R51SMHDFY185NV8JNKGRHM214EHNF63,17929004,16467,653.270322,653.266514,653.274175,no,true
9049309,zest-v1,SP94YN79D00S42WDQT6WG0DH4JVYCSR060ERAQZ2,SP94YN79D00S42WDQT6WG0DH4JVYCSR060ERAQZ2,228319271,107231883,1.277526,1.264112,1.29094,no,true
9049309,zest-v1,SP9910D977EAX3RK79963APEK3N8TPQXYRJD9R0D,SP9910D977EAX3RK79963APEK3N8TPQXYRJD9R0D,1339158588,356145638,2.256086,2.232397,2.279775,no,true
9049309,zest-v1,SP9FAJ3ZC3ZYD5PB6F8C6D8FN6WVXD8TV86T61RP,SP9FAJ3ZC3ZYD5PB6F8C6D8FN6WVXD8TV86T61RP,24322187,1033387,14.121827,14.121827,14.121834,no,true
9049309,zest-v1,SP9FTAY4SXYGGGPAF569TNPSN96T58GB8TKMCXXP,SP9FTAY4SXYGGGPAF569TNPSN96T58GB8TKMCXXP,7557966583,3804242988,1.192032,1.192032,1.192032,no,false
9049309,zest-v1,SP9MS5DCCWSVC7HTTQ54D5MNS2FR9YNJ0V0BJNN8,SP9MS5DCCWSVC7HTTQ54D5MNS2FR9YNJ0V0BJNN8,21347,983,13.029705,13.025488,13.033837,no,true
9049309,zest-v1,SP9V2WP3G21J3XZV5CRCEVWDQTG259739SX569AY,SP9V2WP3G21J3XZV5CRCEVWDQTG259739SX569AY,5471588310,2141300027,1.533159,1.533159,1.533159,no,false
9049309,zest-v1,SP9XKFETDDVXCACG4501SDWGV3R8AEDRMKZNHP4Y,SP9XKFETDDVXCACG4501SDWGV3R8AEDRMKZNHP4Y,0,2022663900,0,0,0,yes,false
9049309,zest-v1,SPA4Q216PTXBE9YGG34JN7X7AEHZHTJZQP1YV7A3,SPA4Q216PTXBE9YGG34JN7X7AEHZHTJZQP1YV7A3,3328812645,1655915425,1.206153,1.206153,1.206153,no,false
9049309,zest-v1,SPACDC8RGAAX550YMVKT6J9CMT7048482DX0JF8K,SPACDC8RGAAX550YMVKT6J9CMT7048482DX0JF8K,100707107,66608100,0.907161,0.897636,0.916686,yes,true
9049309,zest-v1,SPACGWHC2TANJK0MFT70K2J7SE4AMETF7B9R2ZBA,SPACGWHC2TANJK0MFT70K2J7SE4AMETF7B9R2ZBA,4140132526,2148320464,1.156289,1.156289,1.156289,no,false
9049309,zest-v1,SPACW7T4XKF8T5VAEXQSPR7144MZE9V9ANQVQHNP,SPACW7T4XKF8T5VAEXQSPR7144MZE9V9ANQVQHNP,208991084,104923692,1.195103,1.195103,1.195103,no,true
9049309,zest-v1,SPAM1EBK881V1GP2X5D0W0NCTFQ81SK18RBRTF6J,SPAM1EBK881V1GP2X5D0W0NCTFQ81SK18RBRTF6J,8539505816,4420012154,1.159206,1.159206,1.159206,no,false
9049309,zest-v1,SPAMYKG405158QHF1STBG1SKFPEPY5267WB3MRP7,SPAMYKG405158QHF1STBG1SKFPEPY5267WB3MRP7,6544607,6674600,0.588315,0.582137,0.594492,yes,true
9049309,zest-v1,SPAPJ8MX052QRES5P4WRFZRYZA9Z2QGVNT7KV4K5,SPAPJ8MX052QRES5P4WRFZRYZA9Z2QGVNT7KV4K5,4424100,10924800,0.242976,0.240424,0.245527,yes,true
9049309,zest-v1,SPARK7R24Y65X53R9T9FHB8H412N2DFCYTMH688S,SPARK7R24Y65X53R9T9FHB8H412N2DFCYTMH688S,37715261,7395484,3.059861,3.059861,3.059862,no,true
9049309,zest-v1,SPAV7F452T54B4XYX5SSM5QZRRKQXS1B21HP5GTN,SPAV7F452T54B4XYX5SSM5QZRRKQXS1B21HP5GTN,561959315,37650655,8.955371,8.955371,8.955371,no,true
9049309,zest-v1,SPAY1BMJXR7N24CSBF19QXC730JG2G49JX4XHS8N,SPAY1BMJXR7N24CSBF19QXC730JG2G49JX4XHS8N,173780839,74582558,1.398028,1.398028,1.398028,no,true
9049309,zest-v1,SPAYE8JQ4D48WPH3JA6B331QXTNZE2EK6GPFRFPY,SPAYE8JQ4D48WPH3JA6B331QXTNZE2EK6GPFRFPY,45630,7898,3.466447,3.466408,3.466488,no,true
9049309,zest-v1,SPB51186R8WZZBDJKC5EJDDWXQQJEWQ15DVQMFJC,SPB51186R8WZZBDJKC5EJDDWXQQJEWQ15DVQMFJC,160029,9638,9.962378,9.962378,9.963234,no,true
9049309,zest-v1,SPB65YMYCSYQW1H2EKMDNPD63Z732XGB059AQ4Y2,SPB65YMYCSYQW1H2EKMDNPD63Z732XGB059AQ4Y2,18857612,3697710,3.059885,3.059885,3.059885,no,true
9049309,zest-v1,SPB8PXKR86CKJNVG8Y3AQKFEZJX57NW2W8JPVXQA,SPB8PXKR86CKJNVG8Y3AQKFEZJX57NW2W8JPVXQA,200347698,1584706,63.212892,62.833575,63.592209,no,true
9049309,zest-v1,SPBBB1PG6M2CWFJQ7WXWMQHMCEM52D021QFD4NDG,SPBBB1PG6M2CWFJQ7WXWMQHMCEM52D021QFD4NDG,419664,374343,0.560534,0.557171,0.563897,yes,true
9049309,zest-v1,SPBER0PH8RPTNDAWT6AP3BRD9TGNBAGJ5YTPHB9B,SPBER0PH8RPTNDAWT6AP3BRD9TGNBAGJ5YTPHB9B,43651616,66670000,0.392845,0.38872,0.39697,yes,true
9049309,zest-v1,SPBJHGA0JY21HRV1WQCP3ZFNA15PK8ZGEMG67XP3,SPBJHGA0JY21HRV1WQCP3ZFNA15PK8ZGEMG67XP3,41486904,3720485,6.690564,6.690564,6.690564,no,true
9049309,zest-v1,SPBPJTGJ922TG23ENRTKH9KHYCD5FGZPRDAGG7AC,SPBPJTGJ922TG23ENRTKH9KHYCD5FGZPRDAGG7AC,150144,158,570.167089,568.95,571.411538,no,true
9049309,zest-v1,SPBQP51PRR44VESPFCXYSTKE25VJ6B9K8020SGD6,SPBQP51PRR44VESPFCXYSTKE25VJ6B9K8020SGD6,1694230813,938914838,1.082674,1.082674,1.082674,no,true
9049309,zest-v1,SPBZ053RNY57AD40TRVMQ52GKZA86HC3959CZBV3,SPBZ053RNY57AD40TRVMQ52GKZA86HC3959CZBV3,55319386,51481800,0.644726,0.637956,0.651495,yes,true
9049309,zest-v1,SPC37JHRY1C06JN1QRFZ6EV4F8FZ5XNEGKHMRM2F,SPC37JHRY1C06JN1QRFZ6EV4F8FZ5XNEGKHMRM2F,31921063792,14299361395,1.339405,1.339405,1.339405,no,false
9049309,zest-v1,SPC4VRQT8TBV877VD15HTM1JZGQ9BER24ZNHCYKH,SPC4VRQT8TBV877VD15HTM1JZGQ9BER24ZNHCYKH,419664,288930,0.726238,0.721881,0.730596,yes,true
9049309,zest-v1,SPC5RTGC7FJ4ZS5WWHFFGENTB1D8JVB7P2R60RB0,SPC5RTGC7FJ4ZS5WWHFFGENTB1D8JVB7P2R60RB0,8396725647,3237561964,1.296767,1.288986,1.304547,no,false
9049309,zest-v1,SPC92KKHGWRXAJD30ZHQA041X1R5Z3EHMWYMFD3G,SPC92KKHGWRXAJD30ZHQA041X1R5Z3EHMWYMFD3G,279468,60046,2.792539,2.792521,2.792539,no,true
9049309,zest-v1,SPC9YQ34Q1XCCC7XPRZ5CB2XF22JV3WNM7BMMARD,SPC9YQ34Q1XCCC7XPRZ5CB2XF22JV3WNM7BMMARD,16988729549,1471211,6928.467589,6928.466219,6928.468766,no,true
9049309,zest-v1,SPCA7JSVDEFKE22N6DWHCPK500Y83S727WXNWFBH,SPCA7JSVDEFKE22N6DWHCPK500Y83S727WXNWFBH,2451500478,372968082,3.94377,3.94377,3.94377,no,true
9049309,zest-v1,SPCDHBJZEBW5ACK06501J8ET1F8439B6VS3D02K6,SPCDHBJZEBW5ACK06501J8ET1F8439B6VS3D02K6,27123109391,15307026011,1.063163,1.063163,1.063163,no,false
9049309,zest-v1,SPCGBQY37XJK557CFQBG20Q7SHZQYZ14F6JG0VEM,SPCGBQY37XJK557CFQBG20Q7SHZQYZ14F6JG0VEM,188576308,36977358,3.059867,3.059867,3.059867,no,true
9049309,zest-v1,SPCH1JNJHNBTRSHRWSCFTJ9Q4Y9KE8Z94DX5ME1P,SPCH1JNJHNBTRSHRWSCFTJ9Q4Y9KE8Z94DX5ME1P,19324860,4632478,2.502962,2.502962,2.502962,no,true
9049309,zest-v1,SPCRBX951ZJVKQ9B0ZN8Z6QG3WZ0FG8D7TC3PSFZ,SPCRBX951ZJVKQ9B0ZN8Z6QG3WZ0FG8D7TC3PSFZ,6803415467,3392115056,1.203394,1.203394,1.203394,no,false
9049309,zest-v1,SPCS7TEYP9423PB44KQRF20R6DCEXA6SG4X0GD0W,SPCS7TEYP9423PB44KQRF20R6DCEXA6SG4X0GD0W,993776902,494201484,1.206524,1.206524,1.206524,no,true
9049309,zest-v1,SPCVAHJ64AZPRZFCAGC9XBTHC0GTJNYNTV6CBEE9,SPCVAHJ64AZPRZFCAGC9XBTHC0GTJNYNTV6CBEE9,625621163,172265377,2.179037,2.156157,2.201917,no,true
9049309,zest-v1,SPD035CRTEXCYF6WMFZVNPPG0965TZM74NPSWXB6,SPD035CRTEXCYF6WMFZVNPPG0965TZM74NPSWXB6,30447581007,9004749763,2.028768,2.028768,2.028768,no,false
9049309,zest-v1,SPD0DN2RPMB6NG0SS6G56D0F9QKAVJ9M425TMZA6,SPD0DN2RPMB6NG0SS6G56D0F9QKAVJ9M425TMZA6,5621960370,2151853883,1.567568,1.567568,1.567568,no,false
9049309,zest-v1,SPD2JP3HK1F4RGNHRDJGN60QYAT5NDN7J4MP261P,SPD2JP3HK1F4RGNHRDJGN60QYAT5NDN7J4MP261P,2774019146,738502584,2.253765,2.253765,2.253765,no,true
9049309,zest-v1,SPD5R8ZB3B0VCRDW21STNPG035P99DZDFY17DAJ8,SPD5R8ZB3B0VCRDW21STNPG035P99DZDFY17DAJ8,39106431,4276322,5.486925,5.486925,5.486926,no,true
9049309,zest-v1,SPD77FQ5YJRN3B84519VF6APYNFFVGSY27VZXZ49,SPD77FQ5YJRN3B84519VF6APYNFFVGSY27VZXZ49,2828644624,1403262471,1.209458,1.209458,1.209458,no,false
9049309,zest-v1,SPD97227ZV1T6JK40Y64ZNP0XQ41K0133VDWEWGB,SPD97227ZV1T6JK40Y64ZNP0XQ41K0133VDWEWGB,3890846543,2018965639,1.156289,1.156289,1.156289,no,false
9049309,zest-v1,SPDAY5W58TE9EAK2FVYEQ5RGMR9DG3WV4QBY6QEP,SPDAY5W58TE9EAK2FVYEQ5RGMR9DG3WV4QBY6QEP,132003848,18786882,4.21583,4.21583,4.215831,no,true
9049309,zest-v1,SPDEHYTG8ZT14EZSF0N2FZE78MK4XRSZH2JR08HE,SPDEHYTG8ZT14EZSF0N2FZE78MK4XRSZH2JR08HE,188576308,36977421,3.059861,3.059861,3.059861,no,true
9049309,zest-v1,SPDPT02ZAQ8JVYPB8G9FGK0KG31H5GC9DVXJA9TV,SPDPT02ZAQ8JVYPB8G9FGK0KG31H5GC9DVXJA9TV,2219208367,811480757,1.640858,1.640858,1.640858,no,true
9049309,zest-v1,SPDVSGNH3DPYFWCKEB9E2RYGC3ZSNY3YYV0MNBSP,SPDVSGNH3DPYFWCKEB9E2RYGC3ZSNY3YYV0MNBSP,268559804,121395942,1.327358,1.313421,1.341295,no,true
9049309,zest-v1,SPDX6RMBC9MTMAXCP8C68N58142EYC3J0ENMTEND,SPDX6RMBC9MTMAXCP8C68N58142EYC3J0ENMTEND,4993537064,1863456293,1.607831,1.607831,1.607831,no,false
9049309,zest-v1,SPDYKH10WC4JFZMVMRW8ECXD2FC362G72X4ABJ7Q,SPDYKH10WC4JFZMVMRW8ECXD2FC362G72X4ABJ7Q,2182134570,1012728836,1.939237,1.939237,1.939237,no,false
9049309,zest-v1,SPE2X9X6VRYX2872PWQV7RGTXM3YH9B80TQ8NZBJ,SPE2X9X6VRYX2872PWQV7RGTXM3YH9B80TQ8NZBJ,6383797406,2831798295,1.352596,1.352596,1.352596,no,false
9049309,zest-v1,SPE5HDPQGE360QSRTA7TQAVVX3DTV44530J1WH1X,SPE5HDPQGE360QSRTA7TQAVVX3DTV44530J1WH1X,26826595,10978800,1.466094,1.4507,1.481488,no,true
9049309,zest-v1,SPE9PMY85TREWR33YYN44DX8BJ2CX5ZKF7NDHMM5,SPE9PMY85TREWR33YYN44DX8BJ2CX5ZKF7NDHMM5,2047505,1067651,1.15066,1.150659,1.15066,no,true
9049309,zest-v1,SPEA33WSEQK01FAEP4SMKF183APPQ2GE50VYV1HG,SPEA33WSEQK01FAEP4SMKF183APPQ2GE50VYV1HG,208889733,702200,178.487382,176.613264,180.3615,no,true
9049309,zest-v1,SPEA7MNNAGXMF8RQ93M7MXAZ6AZ8ED0BQH24G72H,SPEA7MNNAGXMF8RQ93M7MXAZ6AZ8ED0BQH24G72H,2182253,9412,115.929292,114.034276,117.864652,no,true
9049309,zest-v1,SPEAKNCQF9B1BXPNDR24RYFH1Z6PHBYNBEXH4D72,SPEAKNCQF9B1BXPNDR24RYFH1Z6PHBYNBEXH4D72,68036927,18593229,2.195539,2.195539,2.195539,no,true
9049309,zest-v1,SPEAM154PP3DYZDB03SJZDJRFZ81S0MVPDD7D305,SPEAM154PP3DYZDB03SJZDJRFZ81S0MVPDD7D305,254649309,138777796,1.100966,1.100966,1.100966,no,true
9049309,zest-v1,SPEB3YJGJ7AZ5RAEJCB0HPK0ACRECFT6KX9075EW,SPEB3YJGJ7AZ5RAEJCB0HPK0ACRECFT6KX9075EW,10988263,2837400,2.323591,2.299193,2.347989,no,true
9049309,zest-v1,SPEBN6J7BZHKR2B3DXMY4QTJVB75KF1JDG3K1J51,SPEBN6J7BZHKR2B3DXMY4QTJVB75KF1JDG3K1J51,42680942306,18636962176,1.145062,1.138191,1.151932,no,false
9049309,zest-v1,SPECJ0ZXEPM07HN15CKE0R1PSC4SJF5EGT4WSVGY,SPECJ0ZXEPM07HN15CKE0R1PSC4SJF5EGT4WSVGY,2366738335,753774452,1.569925,1.562404,1.577427,no,true
9049309,zest-v1,SPEHHQBZPA4HY8NTA3WP54WGGP0X4C30HCFMKZ20,SPEHHQBZPA4HY8NTA3WP54WGGP0X4C30HCFMKZ20,259100,27089,5.738861,5.738861,5.738994,no,true
9049309,zest-v1,SPEPSP99786JRCYN4CSCZYQZFAQNTCVTMQ4B5S2Z,SPEPSP99786JRCYN4CSCZYQZFAQNTCVTMQ4B5S2Z,3563772981,986703100,2.167079,2.167079,2.167079,no,true
9049309,zest-v1,SPEPSPHYC5JM9XPNEXQ5F7X8Z3D8GNY2RC51P22A,SPEPSPHYC5JM9XPNEXQ5F7X8Z3D8GNY2RC51P22A,233066749,40,3496001.235,3459293.13,3532709.22,no,true
9049309,zest-v1,SPEQB0BDR5Y2G58VGP1PMQG411KM92J176ZPT3QA,SPEQB0BDR5Y2G58VGP1PMQG411KM92J176ZPT3QA,37715261,7395389,3.059901,3.059901,3.059901,no,true
9049309,zest-v1,SPERRR7NT5KA3QQPGDR5RZZMJKPZRMRBGS445H4A,SPERRR7NT5KA3QQPGDR5RZZMJKPZRMRBGS445H4A,6130324324,2508102349,1.466525,1.466525,1.466525,no,false
9049309,zest-v1,SPEV669P28Q25QXD4FK6989WPECST50HRBDR37J1,SPEV669P28Q25QXD4FK6989WPECST50HRBDR37J1,68087870,3946635,10.35128,10.351279,10.35128,no,true
9049309,zest-v1,SPEXFBMSDS656FAV6V9TRPAPY9G7XGAASE9PYJGA,SPEXFBMSDS656FAV6V9TRPAPY9G7XGAASE9PYJGA,7488332016,3692356636,1.216838,1.216838,1.216838,no,false
9049309,zest-v1,SPEXTRT7R996Z08X1PGQ93ZTEYVSCTTSM4J7187F,SPEXTRT7R996Z08X1PGQ93ZTEYVSCTTSM4J7187F,3469816082,1206557070,1.72548,1.72548,1.72548,no,false
9049309,zest-v1,SPEZZHE2H0ZV31A82NDNETNRJ5RD10GDXJ4BME4Z,SPEZZHE2H0ZV31A82NDNETNRJ5RD10GDXJ4BME4Z,6195498986,2421999414,1.534806,1.534806,1.534806,no,false
9049309,zest-v1,SPF0V8KWBS70F0WDKTMY65B3G591NN52PTHHN51D,SPF0V8KWBS70F0WDKTMY65B3G591NN52PTHHN51D,77712205,200,233136.615,230688.681,235584.549,no,true
9049309,zest-v1,SPF0Y419TGBGAYSRCQ7EN2GXCZK3A1RGKZGTECM1,SPF0Y419TGBGAYSRCQ7EN2GXCZK3A1RGKZGTECM1,3809254604,186024825,12.286278,12.286278,12.286279,no,true
9049309,zest-v1,SPF236HH35ZAMTS7CV08V75G3DT9B2V8S4H4AQVA,SPF236HH35ZAMTS7CV08V75G3DT9B2V8S4H4AQVA,41486904,3720485,6.690564,6.690564,6.690564,no,true
9049309,zest-v1,SPF5GKH57Y9AW71P741BW49BTHGT56Q3BBRJ98R0,SPF5GKH57Y9AW71P741BW49BTHGT56Q3BBRJ98R0,335731,330154,0.508446,0.505394,0.511496,yes,true
9049309,zest-v1,SPF628CZHVHT1R5ECM2VGF1RSRX39WV1532GP8Y9,SPF628CZHVHT1R5ECM2VGF1RSRX39WV1532GP8Y9,130269814,103095391,1.137227,1.137227,1.137227,no,true
9049309,zest-v1,SPF9HDW15CMN9JSFJ2Y1PHWANZ5T4HT1F0ZN4JE8,SPF9HDW15CMN9JSFJ2Y1PHWANZ5T4HT1F0ZN4JE8,170115426,40925057,2.494053,2.494053,2.494053,no,true
9049309,zest-v1,SPFD1J8TSFE71YZXEW0M9J31M7TTPWMVB8R87DTQ,SPFD1J8TSFE71YZXEW0M9J31M7TTPWMVB8R87DTQ,3733823817,1538760188,1.455909,1.455909,1.455909,no,false
9049309,zest-v1,SPFMQW8TH77H8PACSS26J06VD5D9WXQTHF5F35GV,SPFMQW8TH77H8PACSS26J06VD5D9WXQTHF5F35GV,3744815,372048,6.039245,6.039236,6.039245,no,true
9049309,zest-v1,SPFYP975AXQ1T05VZ9VJ3RRNRNHXJ70SZJ96PS59,SPFYP975AXQ1T05VZ9VJ3RRNRNHXJ70SZJ96PS59,170091763,37186459,2.744415,2.744415,2.744415,no,true
9049309,zest-v1,SPFZRYYTZ1K5JAZHE69K68JYZAWBXSZ56D9MG4B0,SPFZRYYTZ1K5JAZHE69K68JYZAWBXSZ56D9MG4B0,29870590691,3729742204,4.805253,4.805253,4.805253,no,false
9049309,zest-v1,SPG0NKRKQGSMRBMS7FZHMCBWJGDFZF5QNYDT0JS1,SPG0NKRKQGSMRBMS7FZHMCBWJGDFZF5QNYDT0JS1,39106431,3920260,5.985281,5.985281,5.985282,no,true
9049309,zest-v1,SPG1SV2FJGP12W9M7J3Q0V2QST6NSNER3APCNTD0,SPG1SV2FJGP12W9M7J3Q0V2QST6NSNER3APCNTD0,2404147515,923162068,1.562552,1.562552,1.562552,no,true
9049309,zest-v1,SPG714KDP3142ZTFNDWZN96SPTAEVTZET7NDP4S7,SPG714KDP3142ZTFNDWZN96SPTAEVTZET7NDP4S7,0,84948000,0,0,0,yes,true
9049309,zest-v1,SPG7NBRWFSQ1JXMVHF5457EW651F4DBC2FP30H41,SPG7NBRWFSQ1JXMVHF5457EW651F4DBC2FP30H41,2589076497,922375910,1.684179,1.684179,1.684179,no,true
9049309,zest-v1,SPGJV10GDNEDSY35Z3BZ0NSGRTV503GEA1ZCTCPM,SPGJV10GDNEDSY35Z3BZ0NSGRTV503GEA1ZCTCPM,158425602692,69609543364,1.365551,1.365551,1.365551,no,false
9049309,zest-v1,SPGKXNY6J7X936RZ7Q42RMZQHSZWQECHH7RRBRXY,SPGKXNY6J7X936RZ7Q42RMZQHSZWQECHH7RRBRXY,1418050,566411,1.502142,1.494847,1.509356,no,true
9049309,zest-v1,SPGNQ4WK0F1T530778J99D1RKBZD982ACC8QGH0M,SPGNQ4WK0F1T530778J99D1RKBZD982ACC8QGH0M,5907334386,150,23629337.544,23538150.430872,23629337.544,no,true
9049309,zest-v1,SPGQVYAKNCJZV7YEY5XFMCRXMN5P7M2SMS8YF40S,SPGQVYAKNCJZV7YEY5XFMCRXMN5P7M2SMS8YF40S,83932,778,53.940874,53.617609,54.264781,no,true
9049309,zest-v1,SPGR3Y05EXD0F6BKZKCWBXQEM26HAX46TTD1BYY3,SPGR3Y05EXD0F6BKZKCWBXQEM26HAX46TTD1BYY3,1198309213,167865,3569.264626,3569.260563,3569.268644,no,true
9049309,zest-v1,SPGTK5GDQH0BCGZ5A39K34P7WZ5GY4TGNGH1RPPZ,SPGTK5GDQH0BCGZ5A39K34P7WZ5GY4TGNGH1RPPZ,475223275,5572,51172.642678,51172.642678,51177.242025,no,true
9049309,zest-v1,SPGVA1VXCGEPKFJ5EF8YTNX6VZ3Q6SXZK1SF9M95,SPGVA1VXCGEPKFJ5EF8YTNX6VZ3Q6SXZK1SF9M95,3880106289,1923998197,1.210013,1.210013,1.210014,no,false
9049309,zest-v1,SPGVENXCEYZ3G8QHTH9FMR416SS1E6QWC34QQBKB,SPGVENXCEYZ3G8QHTH9FMR416SS1E6QWC34QQBKB,30872,126,147.009524,146.23125,147.009524,no,true
9049309,zest-v1,SPGXMKC2BDNBZ9S5219Q420BD2HP8G44HP6C4Q7P,SPGXMKC2BDNBZ9S5219Q420BD2HP8G44HP6C4Q7P,1262548144,630200733,1.202044,1.202044,1.202044,no,true
9049309,zest-v1,SPGZPVBKCH1ZV7R31ZW7E9R61E2CV7ABW0XGEJWP,SPGZPVBKCH1ZV7R31ZW7E9R61E2CV7ABW0XGEJWP,9833,1900,3.105158,3.105,3.105319,no,true
9049309,zest-v1,SPH1SNZJPHN81MWZFKPQ9CPYRYMZKQX7ET543GBB,SPH1SNZJPHN81MWZFKPQ9CPYRYMZKQX7ET543GBB,71102615,3563596,11.971494,11.971494,11.971495,no,true
9049309,zest-v1,SPH3F1C379BKG5X7YXQEZJD215NG1C2SGHA185V6,SPH3F1C379BKG5X7YXQEZJD215NG1C2SGHA185V6,170085324,37181320,2.74469,2.74469,2.74469,no,true
9049309,zest-v1,SPH434T4DTNWC4KPCMYDXYSH80CYCZMWB0EFCE1A,SPH434T4DTNWC4KPCMYDXYSH80CYCZMWB0EFCE1A,67506191,93487400,0.433253,0.428704,0.437802,yes,true
9049309,zest-v1,SPH7P7209RYS3JTH0WA6JAYKME4HEJFNF0C9EEP6,SPH7P7209RYS3JTH0WA6JAYKME4HEJFNF0C9EEP6,5953454870,2295082607,1.556403,1.556403,1.556403,no,false
9049309,zest-v1,SPH8EHHHNJRKD16ZQAHVME3CJA4WV0MSMYKT30BP,SPH8EHHHNJRKD16ZQAHVME3CJA4WV0MSMYKT30BP,6034130017,1180410031,3.067136,3.067136,3.067136,no,false
9049309,zest-v1,SPHDKSCFC2KHRQZDKXXZCJX4SR68D39GE2RM6HDE,SPHDKSCFC2KHRQZDKXXZCJX4SR68D39GE2RM6HDE,0,3459,0,0,0,yes,true
9049309,zest-v1,SPHE0PHNF1E1Z4YSVSMCT72DQHMSQQBGZEW5JQKB,SPHE0PHNF1E1Z4YSVSMCT72DQHMSQQBGZEW5JQKB,124759119,63221542,1.184018,1.184018,1.184018,no,true
9049309,zest-v1,SPHJZ6S6M22TATB805TMAVQ9YNYMCSB4EJ5VYE1Z,SPHJZ6S6M22TATB805TMAVQ9YNYMCSB4EJ5VYE1Z,130191273,93182400,0.8383,0.829497,0.847102,yes,true
9049309,zest-v1,SPHKAF5XRYMQ164HQ6JTN68FHH60CCKC7WT4GFA9,SPHKAF5XRYMQ164HQ6JTN68FHH60CCKC7WT4GFA9,415223134,37172121,6.70217,6.70217,6.70217,no,true
9049309,zest-v1,SPHPQCXGKPHM8XD5DRG5RKTXAGH6RP2C4DTNWMRQ,SPHPQCXGKPHM8XD5DRG5RKTXAGH6RP2C4DTNWMRQ,91529176,55564100,0.988363,0.977985,0.998741,yes,true
9049309,zest-v1,SPHQ64GAMZT25QTBDWC70H56HVK9AGM17A6GBN72,SPHQ64GAMZT25QTBDWC70H56HVK9AGM17A6GBN72,39994888,21294483,1.126908,1.126908,1.126908,no,true
9049309,zest-v1,SPHR6AQM483RCN6RQZA82B21FWA2SDXXHBA9K99S,SPHR6AQM483RCN6RQZA82B21FWA2SDXXHBA9K99S,6215193611,2436589980,1.530465,1.530465,1.530465,no,false
9049309,zest-v1,SPJ1C5K6Z66JAMXQWCVXV5PHJ3WN59VTA7R4PKZ7,SPJ1C5K6Z66JAMXQWCVXV5PHJ3WN59VTA7R4PKZ7,83932,200,209.83,208.5725,211.09,no,true
9049309,zest-v1,SPJ1R85XPSYHMCMRBNRAMZ5WCD6HDGN7JCXDHWF7,SPJ1R85XPSYHMCMRBNRAMZ5WCD6HDGN7JCXDHWF7,1963571331,680756371,1.730638,1.730638,1.730638,no,true
9049309,zest-v1,SPJ66HEFR5MXZMHC5GGGRMP4GE2HA9EEYKENNP2P,SPJ66HEFR5MXZMHC5GGGRMP4GE2HA9EEYKENNP2P,241616196,22521832,6.436853,6.436853,6.436853,no,true
9049309,zest-v1,SPJD4S4XV0A2TPMR0JBSD783Y8ENCP0DBAPKJ10Z,SPJD4S4XV0A2TPMR0JBSD783Y8ENCP0DBAPKJ10Z,5033376184,1863449822,1.620664,1.620664,1.620664,no,false
9049309,zest-v1,SPJG013EY7YRJRZZXBE6VBR5KJ5Q6ZNVTDSGHBJJ,SPJG013EY7YRJRZZXBE6VBR5KJ5Q6ZNVTDSGHBJJ,26611541527,14409333007,1.108096,1.108096,1.108096,no,false
9049309,zest-v1,SPJGFBT21SZ5M62JGZ8KGY2VVK001BMA9D31G01X,SPJGFBT21SZ5M62JGZ8KGY2VVK001BMA9D31G01X,909087125,497676042,1.095999,1.095999,1.095999,no,true
9049309,zest-v1,SPJGSWR5JG7D03D55XP2HGJQC03BVBAEWZ19CEE4,SPJGSWR5JG7D03D55XP2HGJQC03BVBAEWZ19CEE4,309603542,114617372,1.620715,1.620715,1.620715,no,true
9049309,zest-v1,SPJH70Q4JA2H5GHEMZQXYE8H9XTD3RAWKES1CSZX,SPJH70Q4JA2H5GHEMZQXYE8H9XTD3RAWKES1CSZX,3424180442,745789204,2.754811,2.754811,2.754811,no,true
9049309,zest-v1,SPJPANNYYRP05WPFR53TBHP0Q7H17F45T20T3F7P,SPJPANNYYRP05WPFR53TBHP0Q7H17F45T20T3F7P,1239172685,183928308,4.042356,4.042356,4.042356,no,true
9049309,zest-v1,SPJQMA7X6YD330M9F0FZ0210VY704156DEEA4P44,SPJQMA7X6YD330M9F0FZ0210VY704156DEEA4P44,3407763935,465556700,4.391857,4.345742,4.437971,no,true
9049309,zest-v1,SPJSE0WHAJN5R60522K0JY1PVJ2SKSTXKFH3SE11,SPJSE0WHAJN5R60522K0JY1PVJ2SKSTXKFH3SE11,3404158309,745656232,2.739191,2.739191,2.739191,no,true
9049309,zest-v1,SPJV5N6NQEZNG3M8QYZ9K1281K7CJWQ2J4MSM9EW,SPJV5N6NQEZNG3M8QYZ9K1281K7CJWQ2J4MSM9EW,7052364,7016900,0.603032,0.596701,0.609364,yes,true
9049309,zest-v1,SPK3P8E11MGWEN3HNY2T5W7MKNMDDF21WWHZ6FRB,SPK3P8E11MGWEN3HNY2T5W7MKNMDDF21WWHZ6FRB,7393327,24311000,0.182469,0.180553,0.184385,yes,true
9049309,zest-v1,SPK40QN3YCT0CHT2DFC17W7NG54FPYCHGN41ACQV,SPK40QN3YCT0CHT2DFC17W7NG54FPYCHGN41ACQV,4530534,32134300,0.084592,0.083704,0.085481,yes,true
9049309,zest-v1,SPK42JR8Q2VNVBC8SAM1M2BQ5SEZC0JPZ295Z62Z,SPK42JR8Q2VNVBC8SAM1M2BQ5SEZC0JPZ295Z62Z,6471078,59447,65.312746,65.311876,65.312746,no,true
9049309,zest-v1,SPK4E7MJPZD5TY0NDF078JGF8ZMK8VTR5H23JC3H,SPK4E7MJPZD5TY0NDF078JGF8ZMK8VTR5H23JC3H,7054944877,3429285782,1.234358,1.234358,1.234358,no,false
9049309,zest-v1,SPK60V1KQYPHTGQEV0Y09XBMH3WPQREEMDF51FTC,SPK60V1KQYPHTGQEV0Y09XBMH3WPQREEMDF51FTC,3808840201,1766536601,1.293664,1.293664,1.293664,no,false
9049309,zest-v1,SPK959EVHGPV89APDC0QFDJ8N4PEKM1MXY519Y04,SPK959EVHGPV89APDC0QFDJ8N4PEKM1MXY519Y04,31245789008,10677096631,1.755859,1.755859,1.755859,no,false
9049309,zest-v1,SPKA8TZZ2GJK06RSQ2JFJ0J7X85D8P4XX16C8MX5,SPKA8TZZ2GJK06RSQ2JFJ0J7X85D8P4XX16C8MX5,23718,879,16.189761,16.175703,16.189761,no,true
9049309,zest-v1,SPKF142YTSJXF0V75Z20JCGCKEEZZWTJ4D5VVKC3,SPKF142YTSJXF0V75Z20JCGCKEEZZWTJ4D5VVKC3,83932,7800,5.380256,5.348013,5.412564,no,true
9049309,zest-v1,SPKJ67P9BDZSES48MM3S4AWQCRR2N6R5F5284K66,SPKJ67P9BDZSES48MM3S4AWQCRR2N6R5F5284K66,368924651,133372400,1.659675,1.642248,1.677101,no,true
9049309,zest-v1,SPKKA9M9KRQ1P2B6HAAJZ132TVYMBP03YJV7NR1X,SPKKA9M9KRQ1P2B6HAAJZ132TVYMBP03YJV7NR1X,11358235755,5520473517,1.234485,1.234485,1.234485,no,false
9049309,zest-v1,SPKPDKHT2TH732Q4FZCM3EBS5WFWAT96B5R258S7,SPKPDKHT2TH732Q4FZCM3EBS5WFWAT96B5R258S7,11378084892,2566450800,2.660036,2.632105,2.687966,no,false
9049309,zest-v1,SPKPFJCXQ5B9EK4X4VKA0F0VZAP46XHR2WRANSE2,SPKPFJCXQ5B9EK4X4VKA0F0VZAP46XHR2WRANSE2,1885763383,369773647,3.059867,3.059867,3.059867,no,true
9049309,zest-v1,SPKQHV4CSMWF7S97G073WM0ETYS2EC93007A5N1T,SPKQHV4CSMWF7S97G073WM0ETYS2EC93007A5N1T,30085978685,11178617376,1.614832,1.614832,1.614832,no,false
9049309,zest-v1,SPKSE25B7H12D41G12VHC72JQC70BMWXBWBA7B50,SPKSE25B7H12D41G12VHC72JQC70BMWXBWBA7B50,11078095,1248100,5.32558,5.269662,5.381499,no,true
9049309,zest-v1,SPKTWHES76JSVK3AC7JQY472EFMQ4AEN5K94BZAN,SPKTWHES76JSVK3AC7JQY472EFMQ4AEN5K94BZAN,37460,2791,8.053028,8.052209,8.054043,no,true
9049309,zest-v1,SPKWQM17S8111SGMMED6JXPARN2QJJFVXGK21DSH,SPKWQM17S8111SGMMED6JXPARN2QJJFVXGK21DSH,1900233083,738769353,1.543296,1.543296,1.543296,no,true
9049309,zest-v1,SPM09ZECSBTR8MGQH532FA4KP66H7NG29J0BQ5YA,SPM09ZECSBTR8MGQH532FA4KP66H7NG29J0BQ5YA,8993609262,3074345228,1.755224,1.755224,1.755224,no,false
9049309,zest-v1,SPM10K08NYQ3VP385H66NC27AT7AWT3F50ND4X79,SPM10K08NYQ3VP385H66NC27AT7AWT3F50ND4X79,98054356,35498997,1.657304,1.657304,1.657304,no,true
9049309,zest-v1,SPM2E0PJAA72T29M7WP1CRY2404BT68DPA44TMG5,SPM2E0PJAA72T29M7WP1CRY2404BT68DPA44TMG5,83166,41150,1.212627,1.212626,1.212628,no,true
9049309,zest-v1,SPM2HJVJK3Q65K06TWVQX8B9NKK58K9NNVZ1J74Z,SPM2HJVJK3Q65K06TWVQX8B9NKK58K9NNVZ1J74Z,37715261,7395420,3.059888,3.059888,3.059888,no,true
9049309,zest-v1,SPM5A4Y2SG6HM2PC3MQFPSPWH312MMPQH3FXBVV9,SPM5A4Y2SG6HM2PC3MQFPSPWH312MMPQH3FXBVV9,721452043,360147331,1.201928,1.201928,1.201928,no,true
9049309,zest-v1,SPM5BVEBYCN2Z1AR2E06A69HF1W70G7V5GZFDNPR,SPM5BVEBYCN2Z1AR2E06A69HF1W70G7V5GZFDNPR,10346670,21254400,0.292081,0.289014,0.295148,yes,true
9049309,zest-v1,SPM88TP159BBAZTWV3C7YQP7FSPN2EBBH5XSW796,SPM88TP159BBAZTWV3C7YQP7FSPN2EBBH5XSW796,170085133,37181162,2.744699,2.744699,2.744699,no,true
9049309,zest-v1,SPMA0EH4FZGPA1FJBQXJREE22CBKYCBBVH8M55TV,SPMA0EH4FZGPA1FJBQXJREE22CBKYCBBVH8M55TV,531144356658,301233761591,1.057938,1.056846,1.05901,no,false
9049309,zest-v1,SPMCE93TRE1EJDMW5KZYNE50856J2R1SD7HAKM9X,SPMCE93TRE1EJDMW5KZYNE50856J2R1SD7HAKM9X,21130070,52595,241.050328,241.049179,241.051454,no,true
9049309,zest-v1,SPMDA32YNE0CRPE4ZX3N812S095TGY9V2SJDRPB1,SPMDA32YNE0CRPE4ZX3N812S095TGY9V2SJDRPB1,435185,79903,3.26785,3.267846,3.26785,no,true
9049309,zest-v1,SPMDKK36EX59YZ41ZYSHSQ4AAM8QSBWZP8PKN3ZC,SPMDKK36EX59YZ41ZYSHSQ4AAM8QSBWZP8PKN3ZC,3722681133,1850508247,1.207024,1.207024,1.207024,no,false
9049309,zest-v1,SPMED7SKX8C3QCR85351SFD0QY4AXWTZRWDR3BSQ,SPMED7SKX8C3QCR85351SFD0QY4AXWTZRWDR3BSQ,12333288210,1489829885,4.966992,4.966992,4.966992,no,false
9049309,zest-v1,SPMHQGEV4YTPGA4MMSY3FCDR4PW0SNKKHTKEK275,SPMHQGEV4YTPGA4MMSY3FCDR4PW0SNKKHTKEK275,135756555,19728020,4.128845,4.128845,4.128845,no,true
9049309,zest-v1,SPMRZSNH0ZKMT8GQT8XV25SG841ZHC4BQSK49MW7,SPMRZSNH0ZKMT8GQT8XV25SG841ZHC4BQSK49MW7,38289,2854,8.049544,8.049445,8.049646,no,true
9049309,zest-v1,SPMSR80T4EHKYQZKPNA7WVC3AN149EKH1XFJNSM3,SPMSR80T4EHKYQZKPNA7WVC3AN149EKH1XFJNSM3,28613,14871,1.154448,1.154414,1.154448,no,true
9049309,zest-v1,SPMTGRW374B5HYWNVHNQ69CDR5J81X0JZ8FG4981,SPMTGRW374B5HYWNVHNQ69CDR5J81X0JZ8FG4981,5129432318,1971917891,1.560744,1.560744,1.560744,no,false
9049309,zest-v1,SPMVPNCFY0XQ5FS3N3WG52560FQ0HT7YRDSHY4H0,SPMVPNCFY0XQ5FS3N3WG52560FQ0HT7YRDSHY4H0,13221587089,4128132442,1.921681,1.901503,1.941858,no,false
9049309,zest-v1,SPMYAJ5346DV29VMQPH8JWQWGK3VT0KNXZSAGEX9,SPMYAJ5346DV29VMQPH8JWQWGK3VT0KNXZSAGEX9,37877980,1468,15481.463215,15481.463215,15487.711157,no,true
9049309,zest-v1,SPMYW766HEERCDHWYAHR83NW4VR2YC89ZN7CQ5BG,SPMYW766HEERCDHWYAHR83NW4VR2YC89ZN7CQ5BG,126952,12878,5.914831,5.91473,5.914931,no,true
9049309,zest-v1,SPMYZC3EQYQ73RJFZKYBF7D76BNWEVR7TCH7XDBD,SPMYZC3EQYQ73RJFZKYBF7D76BNWEVR7TCH7XDBD,0,36228620,0,0,0,yes,true
9049309,zest-v1,SPMZ912TEK2P15E8Q9W1W33QN793XR7XVDYY4R8H,SPMZ912TEK2P15E8Q9W1W33QN793XR7XVDYY4R8H,1310528,5100,154.179765,152.560824,155.798588,no,true
9049309,zest-v1,SPN0FMB91X65WPEMQ278NCWCZ14XSAT7MJ4J9543,SPN0FMB91X65WPEMQ278NCWCZ14XSAT7MJ4J9543,2087138,132197,9.472853,9.471907,9.473851,no,true
9049309,zest-v1,SPN1GJ5ZC5ZTVTP1RA09DDRCCP101W88VYHG3EMC,SPN1GJ5ZC5ZTVTP1RA09DDRCCP101W88VYHG3EMC,4877623511,1401001445,2.088916,2.066982,2.110849,no,false
9049309,zest-v1,SPN6PP6AWX1QXY86M6XT9PY6AF9SRM6RK9GXZ7F7,SPN6PP6AWX1QXY86M6XT9PY6AF9SRM6RK9GXZ7F7,50816,26316,1.158596,1.158553,1.158596,no,true
9049309,zest-v1,SPNAMJGDVGM3P0E7JTZEWCPZV8M7J2RDWCGRXNN9,SPNAMJGDVGM3P0E7JTZEWCPZV8M7J2RDWCGRXNN9,1567781,102900,9.14158,9.141528,9.14158,no,true
9049309,zest-v1,SPNB8NKMHP8J8MF6ZTE8R94NWQ2H0Q2JCX78JXM2,SPNB8NKMHP8J8MF6ZTE8R94NWQ2H0Q2JCX78JXM2,289666283,185454558,0.937156,0.927315,0.946996,yes,true
9049309,zest-v1,SPNF8ED588DAEYE16TE56R5N0JAKT1F94N5N9C2P,SPNF8ED588DAEYE16TE56R5N0JAKT1F94N5N9C2P,336475094,54471571,3.706246,3.706246,3.706246,no,true
9049309,zest-v1,SPNN2PG9JQ84D14FJMXZE8JQJQ8S8Q1ZF7PNGW55,SPNN2PG9JQ84D14FJMXZE8JQJQ8S8Q1ZF7PNGW55,253,75,2.024,2.021053,2.035135,no,true
9049309,zest-v1,SPNQMBXEM92PQH5VE12E82JG74PHPP1TW5FAT84P,SPNQMBXEM92PQH5VE12E82JG74PHPP1TW5FAT84P,448678031,223902915,1.202337,1.202337,1.202337,no,true
9049309,zest-v1,SPNS0NNPZGGM6F8S95452B4ZCVZM4884FYD89Y5F,SPNS0NNPZGGM6F8S95452B4ZCVZM4884FYD89Y5F,61995429106,26545545807,1.401262,1.401262,1.401262,no,false
9049309,zest-v1,SPNV3KJ2JSN6ZE8S812K778TQ9X2MGRAW7AX15G7,SPNV3KJ2JSN6ZE8S812K778TQ9X2MGRAW7AX15G7,38176,63,363.580952,361.65,365.564516,no,true
9049309,zest-v1,SPNWSXE42S9RHBXASM8JQ15APPYQ6TCNGGNDZ02C,SPNWSXE42S9RHBXASM8JQ15APPYQ6TCNGGNDZ02C,0,37186554,0,0,0,yes,true
9049309,zest-v1,SPP101EYVAH6XCNDBBVSVT5P22QZ8ZH80K3432J9,SPP101EYVAH6XCNDBBVSVT5P22QZ8ZH80K3432J9,84370174,60403800,0.838062,0.829262,0.846861,yes,true
9049309,zest-v1,SPP573S6EBM2XS05ADMCB8E1C3EPWKSKQKS1ANKJ,SPP573S6EBM2XS05ADMCB8E1C3EPWKSKQKS1ANKJ,1015529145,394422681,1.544834,1.544834,1.544834,no,true
9049309,zest-v1,SPP5DXFY1F6TE6A5BFPQ2BES1CNMMSV1QNT42ZNK,SPP5DXFY1F6TE6A5BFPQ2BES1CNMMSV1QNT42ZNK,19878465,324600,36.743928,36.358116,37.129739,no,true
9049309,zest-v1,SPP5F4NABAQ0H96Z1DVQG3KADTDVYD5FFDYBAFTR,SPP5F4NABAQ0H96Z1DVQG3KADTDVYD5FFDYBAFTR,318000143,110554891,1.72584,1.72584,1.72584,no,true
9049309,zest-v1,SPPC8T7J662VJYJM72JS6HV88ETMKMFV1HP9TX2F,SPPC8T7J662VJYJM72JS6HV88ETMKMFV1HP9TX2F,11208486637,2871980100,2.341622,2.317035,2.366209,no,false
9049309,zest-v1,SPPD271BSB67EB63AJY5HH23BMCDPXVAGVBM6B0N,SPPD271BSB67EB63AJY5HH23BMCDPXVAGVBM6B0N,1473527775,550893928,1.604876,1.604876,1.604876,no,true
9049309,zest-v1,SPPD85J66QG6Y9H5F74EGA9B1Z30C1D64G8ERCB5,SPPD85J66QG6Y9H5F74EGA9B1Z30C1D64G8ERCB5,27955288663,5296796481,3.166664,3.166664,3.166664,no,false
9049309,zest-v1,SPPMVWYJHZX5ADZSA7GMAAPGE3V07JEE5KZSFP4D,SPPMVWYJHZX5ADZSA7GMAAPGE3V07JEE5KZSFP4D,678159947,78903421,5.156886,5.156886,5.156886,no,true
9049309,zest-v1,SPPPE2KF7Z93JHS49FNGWSBQ5MK5MC0YB7TK87Z6,SPPPE2KF7Z93JHS49FNGWSBQ5MK5MC0YB7TK87Z6,1382599553,333486800,2.487534,2.461415,2.513653,no,true
9049309,zest-v1,SPPSGTT8H6JTWM3V2JGPSSFZEXE95XTSF160E2E0,SPPSGTT8H6JTWM3V2JGPSSFZEXE95XTSF160E2E0,2759,865,1.913757,1.911771,1.913757,no,true
9049309,zest-v1,SPPWX1WZZ3QQFQJMK8SHMXPA2C93TK9Q11KC6VQB,SPPWX1WZZ3QQFQJMK8SHMXPA2C93TK9Q11KC6VQB,2281217817745,748286520200,1.524294,1.515149,1.53344,no,false
9049309,zest-v1,SPPXHPBYCRMJ8K7FYS5SZAJ3C17QP9T1XCTA0941,SPPXHPBYCRMJ8K7FYS5SZAJ3C17QP9T1XCTA0941,65057,121300,0.321799,0.31842,0.325177,yes,true
9049309,zest-v1,SPQ156AQEAGYSCE7YNW53JW0AT2R4C5A2RAFAMZG,SPQ156AQEAGYSCE7YNW53JW0AT2R4C5A2RAFAMZG,1661113,427622,2.330722,2.330721,2.330722,no,true
9049309,zest-v1,SPQ33XZS2AG1JNGXDF54B3Y3KSTDNJ0QX0ZTHT7Q,SPQ33XZS2AG1JNGXDF54B3Y3KSTDNJ0QX0ZTHT7Q,30325565937,7451206019,2.441932,2.441932,2.441932,no,false
9049309,zest-v1,SPQ3ZV2X9HEBWDE913C4KK2TNAY3WP4AB9TYKH5D,SPQ3ZV2X9HEBWDE913C4KK2TNAY3WP4AB9TYKH5D,882769771,637327265,0.831067,0.831067,0.831067,yes,true
9049309,zest-v1,SPQDH2K448XA9ZF5JEA3SDZE8GV56Q2NWEK7MC1M,SPQDH2K448XA9ZF5JEA3SDZE8GV56Q2NWEK7MC1M,3074524194,1652732093,1.116161,1.116161,1.116161,no,false
9049309,zest-v1,SPQHN087TCXJNA34PHDVGTFXTE3WMA8KPBRTX1X5,SPQHN087TCXJNA34PHDVGTFXTE3WMA8KPBRTX1X5,7459995581,3867316121,1.157391,1.157391,1.157391,no,false
9049309,zest-v1,SPQHS93G4QBKFEYJT9J5D07XJAK760095HE5J03S,SPQHS93G4QBKFEYJT9J5D07XJAK760095HE5J03S,0,3915,0,0,0,yes,true
9049309,zest-v1,SPQMJEWMB5ZZKNFNWDCN3P73KANTPDQAH9VDQFSQ,SPQMJEWMB5ZZKNFNWDCN3P73KANTPDQAH9VDQFSQ,5810488940,2221710585,1.569193,1.569193,1.569193,no,false
9049309,zest-v1,SPQPRTN8ZMWZF2G7KBVS4H7AM9D2DWBEFF0FM2G0,SPQPRTN8ZMWZF2G7KBVS4H7AM9D2DWBEFF0FM2G0,208991084,104923692,1.195103,1.195103,1.195103,no,true
9049309,zest-v1,SPQQN60R9CHARQAXRNGDBAXPS7X19JDPEY96B1NE,SPQQN60R9CHARQAXRNGDBAXPS7X19JDPEY96B1NE,5129303963,1061177430,2.416798,2.402298,2.431299,no,false
9049309,zest-v1,SPQQV2QN22NAT45PREHH73T5RHF9HZJS7MC3EWCE,SPQQV2QN22NAT45PREHH73T5RHF9HZJS7MC3EWCE,548621,40400,8.147837,8.062292,8.233396,no,true
9049309,zest-v1,SPQRCD92VZPXMXHC7XTB2S6PC8X3NQVM6AXB4RDB,SPQRCD92VZPXMXHC7XTB2S6PC8X3NQVM6AXB4RDB,7713397582,3070637950,1.507191,1.507191,1.507191,no,false
9049309,zest-v1,SPQSKHFDTVBGSZ6VW95SG0ES6SM7QR1RMVGPQ9XQ,SPQSKHFDTVBGSZ6VW95SG0ES6SM7QR1RMVGPQ9XQ,8624033552,4493305680,1.151584,1.151584,1.151584,no,false
9049309,zest-v1,SPQSZC1X38TTDT6VQ0K3Q0YZ419KWNYM2A76R2PC,SPQSZC1X38TTDT6VQ0K3Q0YZ419KWNYM2A76R2PC,0,1524568400,0,0,0,yes,false
9049309,zest-v1,SPQVNKB6FJTK89NSZHRK9PDM7TB4W961DEP9XPAB,SPQVNKB6FJTK89NSZHRK9PDM7TB4W961DEP9XPAB,75486507,39181578,1.155949,1.155949,1.155949,no,true
9049309,zest-v1,SPQXWA0XAR61JRDH8YDBEBZM54CZDK1P9JC0C1WQ,SPQXWA0XAR61JRDH8YDBEBZM54CZDK1P9JC0C1WQ,7736107896,3687251618,1.258841,1.258841,1.258841,no,false
9049309,zest-v1,SPQY7HA7ZGZFZ84WF4KGWE1S5D2RPKT76BD6XRQX,SPQY7HA7ZGZFZ84WF4KGWE1S5D2RPKT76BD6XRQX,897356099,443884682,1.212958,1.212958,1.212958,no,true
9049309,zest-v1,SPR0GAA2A1GV1CDQ71NNSTPBNSY5GW05X7PREVBY,SPR0GAA2A1GV1CDQ71NNSTPBNSY5GW05X7PREVBY,83932,300,139.886667,139.048333,140.726667,no,true
9049309,zest-v1,SPRESMRPJD3BZT09SWNK6SWGH2JF76M1N582FN8R,SPRESMRPJD3BZT09SWNK6SWGH2JF76M1N582FN8R,12907693469,7109299313,1.089364,1.089364,1.089364,no,false
9049309,zest-v1,SPRGKWHWMD4XSZH9Q8F2JA6M9ZP1CV0PZXBJK11T,SPRGKWHWMD4XSZH9Q8F2JA6M9ZP1CV0PZXBJK11T,5569425544,2209411294,1.512464,1.512464,1.512464,no,false
9049309,zest-v1,SPRNME4G34XRCDV5HY90A109R14NQWD8DN7BVFB,SPRNME4G34XRCDV5HY90A109R14NQWD8DN7BVFB,251109852,164302700,0.917002,0.907374,0.926631,yes,true
9049309,zest-v1,SPRQ1YDKZ4WDA74D3SXYT6DT7GH7RWK1RG3EKBJA,SPRQ1YDKZ4WDA74D3SXYT6DT7GH7RWK1RG3EKBJA,20657180,641418,19.323293,19.32329,19.323297,no,true
9049309,zest-v1,SPRXA4K7C0CS0DYRC85M03JFGVBK7WX9BB83BV0Z,SPRXA4K7C0CS0DYRC85M03JFGVBK7WX9BB83BV0Z,196007249,106400,1105.304036,1093.698338,1116.909733,no,true
9049309,zest-v1,SPRZXS220A70095JQXMHPT517BGSC9DZXRYF1EHR,SPRZXS220A70095JQXMHPT517BGSC9DZXRYF1EHR,110994292798,58031827304,1.147587,1.147587,1.147587,no,false
9049309,zest-v1,SPS1BZ7XDEP906VS8FGF13YV47AA4HZDTM1MT3C8,SPS1BZ7XDEP906VS8FGF13YV47AA4HZDTM1MT3C8,113361,715,95.128112,95.128112,95.194737,no,true
9049309,zest-v1,SPS2CAE9DS91XHXGH9TAWZAA0SNQRWFYCNC8JG2H,SPS2CAE9DS91XHXGH9TAWZAA0SNQRWFYCNC8JG2H,350256671,181151579,1.1601,1.1601,1.1601,no,true
9049309,zest-v1,SPS4HWEXC0C1GK18YS02P7P4RHR35AT67B4YD0VV,SPS4HWEXC0C1GK18YS02P7P4RHR35AT67B4YD0VV,22672183856,11821999040,1.150678,1.150678,1.150678,no,false
9049309,zest-v1,SPS7W1NYW325Y837DHN9304FVR7SKDZ9CF89853N,SPS7W1NYW325Y837DHN9304FVR7SKDZ9CF89853N,0,140959700,0,0,0,yes,true
9049309,zest-v1,SPSD2H8MXP6BF60D43HHD6NS395JHH7HKCATEQM1,SPSD2H8MXP6BF60D43HHD6NS395JHH7HKCATEQM1,5425924357,1468488685,2.216942,2.216942,2.216942,no,false
9049309,zest-v1,SPSF51MNG91H47S50V5PHG5G22YJ7A2ZTNR5GYJQ,SPSF51MNG91H47S50V5PHG5G22YJ7A2ZTNR5GYJQ,39106431,4632637,5.064903,5.064903,5.064904,no,true
9049309,zest-v1,SPSFQ68AE3NG4JGDWNJVWRMSEP7WT4DHEYWF5XJJ,SPSFQ68AE3NG4JGDWNJVWRMSEP7WT4DHEYWF5XJJ,17009208,3718645,2.74442,2.74442,2.74442,no,true
9049309,zest-v1,SPSGPGCK1BEM5X1E82WK7EBN1BHGBAX0CDZ053G9,SPSGPGCK1BEM5X1E82WK7EBN1BHGBAX0CDZ053G9,2108635480,394010198,3.211037,3.211037,3.211037,no,true
9049309,zest-v1,SPSQ2XRERD9KZ2CGX68Z7S96ZRXYTXB0N945WSNS,SPSQ2XRERD9KZ2CGX68Z7S96ZRXYTXB0N945WSNS,671462,648382,0.517798,0.514691,0.520905,yes,true
9049309,zest-v1,SPSQWEXFNRQB3FVR3N4QC44ZKGSQH1ABNAEF0ATJ,SPSQWEXFNRQB3FVR3N4QC44ZKGSQH1ABNAEF0ATJ,211475205,146942869,0.8635,0.85929,0.867662,yes,true
9049309,zest-v1,SPSRQNN7GG7FJ9FFYW1MA9J9C7X5DVTNN225TAZF,SPSRQNN7GG7FJ9FFYW1MA9J9C7X5DVTNN225TAZF,7647953090,2737459819,1.676288,1.676288,1.676288,no,false
9049309,zest-v1,SPSXXNR6P8PCG9X58HM1RRM3333FPXFZTPFAAWXG,SPSXXNR6P8PCG9X58HM1RRM3333FPXFZTPFAAWXG,3814654605,1896227336,1.207024,1.207024,1.207024,no,false
9049309,zest-v1,SPSYX3YF9EBMQ84PQERQ27E5EGNZTHHQCHKC6PYE,SPSYX3YF9EBMQ84PQERQ27E5EGNZTHHQCHKC6PYE,37715261,7395420,3.059888,3.059888,3.059888,no,true
9049309,zest-v1,SPT3VZNSQXM9X4AD24AY0VCNVK7TNMRCQZX3EKTK,SPT3VZNSQXM9X4AD24AY0VCNVK7TNMRCQZX3EKTK,15774819550,8207421205,1.153211,1.153211,1.153211,no,false
9049309,zest-v1,SPT4QSFTPBS8B2QX9VCQ6CCYM5RVNHF1FY45WT0K,SPT4QSFTPBS8B2QX9VCQ6CCYM5RVNHF1FY45WT0K,1885763383,369772410,3.059877,3.059877,3.059877,no,true
9049309,zest-v1,SPT6A1ZY975ZD0TW5SP128WQWTQNVM4ZC856KZQ2,SPT6A1ZY975ZD0TW5SP128WQWTQNVM4ZC856KZQ2,272241391,186436120,0.876144,0.873137,0.879108,yes,true
9049309,zest-v1,SPT7YVVS93NGKGVK4EGC6WP04ZBKD3Q67MZ4Z0H3,SPT7YVVS93NGKGVK4EGC6WP04ZBKD3Q67MZ4Z0H3,99920,903,66.392027,66.354217,66.392027,no,true
9049309,zest-v1,SPTBAXKRKT7EXTZ6QRZFG1145M0BZ0TTX3HJZTFW,SPTBAXKRKT7EXTZ6QRZFG1145M0BZ0TTX3HJZTFW,17165551,11714100,0.879225,0.869993,0.888457,yes,true
9049309,zest-v1,SPTG81TWDYWPTRZHFPW6XG2BZ1VCV7B70BXRG68N,SPTG81TWDYWPTRZHFPW6XG2BZ1VCV7B70BXRG68N,7870602228,2955817084,1.59765,1.59765,1.59765,no,false
9049309,zest-v1,SPTGCTP78C8155MKSF0X7P4C6P9YFWY1W2S5B393,SPTGCTP78C8155MKSF0X7P4C6P9YFWY1W2S5B393,39106431,4632669,5.064868,5.064868,5.064868,no,true
9049309,zest-v1,SPTMXJTZ8TY26H5P6GYC6XHAGJJK3WB03MWM5W27,SPTMXJTZ8TY26H5P6GYC6XHAGJJK3WB03MWM5W27,2515125468,923393944,1.63427,1.63427,1.63427,no,true
9049309,zest-v1,SPTNBAFF07YZSTQV757BEMEXK8ESP3T2CYN1WQ6V,SPTNBAFF07YZSTQV757BEMEXK8ESP3T2CYN1WQ6V,3436335514,186023397,11.083559,11.083559,11.083559,no,true
9049309,zest-v1,SPTQANDS81X5P9DJCCZ4NGHVA508R6K9C3HYD7AQ,SPTQANDS81X5P9DJCCZ4NGHVA508R6K9C3HYD7AQ,448678031,232845777,1.156159,1.156159,1.156159,no,true
9049309,zest-v1,SPTTMBD98RZXKBG0B0CTG22DY53JY72QNB0QYRVR,SPTTMBD98RZXKBG0B0CTG22DY53JY72QNB0QYRVR,399560269,100173900,2.3932,2.368071,2.418328,no,true
9049309,zest-v1,SPV2E19WA1DS67PXBT0EF689T1KNYZ9T2GN9ZGKV,SPV2E19WA1DS67PXBT0EF689T1KNYZ9T2GN9ZGKV,1885763383,369773647,3.059867,3.059867,3.059867,no,true
9049309,zest-v1,SPV5MQ3N28HX7K9YXY1EF71KHSCPPQ6ECXV7GSSY,SPV5MQ3N28HX7K9YXY1EF71KHSCPPQ6ECXV7GSSY,10885470999,5465186204,1.19507,1.19507,1.19507,no,false
9049309,zest-v1,SPV6MHRSA2WAP3Y2FX1NG7ZHR8E41BHK7MSZ2QXR,SPV6MHRSA2WAP3Y2FX1NG7ZHR8E41BHK7MSZ2QXR,83929990294,29050438200,1.444556,1.435889,1.453224,no,false
9049309,zest-v1,SPVAG9S48RWADXDBY2FTRDA88K1XEMER4BYN3976,SPVAG9S48RWADXDBY2FTRDA88K1XEMER4BYN3976,8241478637,2699922830,1.831492,1.831492,1.831492,no,false
9049309,zest-v1,SPVAQY2P22HPKFSAYHPYV14B82B772AYMPQMXK30,SPVAQY2P22HPKFSAYHPYV14B82B772AYMPQMXK30,9072,412,13.21165,13.2,13.221635,no,true
9049309,zest-v1,SPVDEZNRVNP4AGMPRBHMAC6RPP7FYAFVPTSFH1B6,SPVDEZNRVNP4AGMPRBHMAC6RPP7FYAFVPTSFH1B6,589880027,209898100,1.405158,1.396727,1.413589,no,true
9049309,zest-v1,SPVMY3KNEF6VZ6NXG0VCRR88XGZQ6AQQWB9ACWP0,SPVMY3KNEF6VZ6NXG0VCRR88XGZQ6AQQWB9ACWP0,185408212634,72692106840,1.530358,1.530358,1.530358,no,false
9049309,zest-v1,SPVPP9B90H6EPJTGW9W1H4CEARCASYR0BQJ33125,SPVPP9B90H6EPJTGW9W1H4CEARCASYR0BQJ33125,83932,600,69.943333,69.524167,70.363333,no,true
9049309,zest-v1,SPVT27H705XYPRWH40VV576KCYWKBVW5VSZ0CVEJ,SPVT27H705XYPRWH40VV576KCYWKBVW5VSZ0CVEJ,3771526767,369773647,6.119733,6.119733,6.119733,no,true
9049309,zest-v1,SPVWS9RP9S7W52485DV5T6CVVW7T433SV0K4GSF0,SPVWS9RP9S7W52485DV5T6CVVW7T433SV0K4GSF0,43183106,26669000,0.971535,0.961334,0.981736,yes,true
9049309,zest-v1,SPW22ZQGDN9H5VVMZQ0DRFT26W8PQ8N0PWR89KXT,SPW22ZQGDN9H5VVMZQ0DRFT26W8PQ8N0PWR89KXT,22323516,570142,23.492585,23.492585,23.492606,no,true
9049309,zest-v1,SPW25HV76Z5BVGVP4SR7Y64GHW8Y670YTD9MER8C,SPW25HV76Z5BVGVP4SR7Y64GHW8Y670YTD9MER8C,4346955816,2027988390,1.286089,1.286089,1.286089,no,false
9049309,zest-v1,SPW3XBESSFF2NRNAMF5YB8FSARV7TASZ3G6J3A3D,SPW3XBESSFF2NRNAMF5YB8FSARV7TASZ3G6J3A3D,3954415210,1960499845,1.210227,1.210227,1.210227,no,false
9049309,zest-v1,SPW8JW1GERWDCY8XXEKW1TC939547DCMW1M2XENK,SPW8JW1GERWDCY8XXEKW1TC939547DCMW1M2XENK,4266833696,350970702,7.294342,7.217751,7.370932,no,true
9049309,zest-v1,SPW8PWRRJ8K3CT0HEANRE2P4ZDEB2AY02B50V2HW,SPW8PWRRJ8K3CT0HEANRE2P4ZDEB2AY02B50V2HW,83932,1400,29.975714,29.796071,30.155714,no,true
9049309,zest-v1,SPW9J82WPRPHGNXGPH65Y0KVGG22E9T9G4TV20PG,SPW9J82WPRPHGNXGPH65Y0KVGG22E9T9G4TV20PG,10466,200,31.398,31.068,31.728,no,true
9049309,zest-v1,SPWDN8SX01N2310G2A9Y7M20QQZ9KC594DQ0QZKH,SPWDN8SX01N2310G2A9Y7M20QQZ9KC594DQ0QZKH,3513754052,1271024723,1.658703,1.658703,1.658703,no,false
9049309,zest-v1,SPWFZGR26ADMXADCE5TE8WSSZHKKQR7R2JRS2MW5,SPWFZGR26ADMXADCE5TE8WSSZHKKQR7R2JRS2MW5,0,6513152023,0,0,0,yes,false
9049309,zest-v1,SPWGTCJWFA5TDJKY7WVNY360SYR5BE64K96WQC8N,SPWGTCJWFA5TDJKY7WVNY360SYR5BE64K96WQC8N,10153224299,3144712130,1.937199,1.937199,1.937199,no,false
9049309,zest-v1,SPWSGE1CDEHMM56SGMS9ZY3P91Z0G7YWD6R04KCA,SPWSGE1CDEHMM56SGMS9ZY3P91Z0G7YWD6R04KCA,1231126955,467947303,1.315455,1.307562,1.323347,no,true
9049309,zest-v1,SPWTQA8ETE0PR8BPAC10X9184TQ4QP02SCZWEXBB,SPWTQA8ETE0PR8BPAC10X9184TQ4QP02SCZWEXBB,3340448,3780590,0.530147,0.524581,0.535714,yes,true
9049309,zest-v1,SPWV51E9AJFX130258AN5630F5JGH0SW8664H4HW,SPWV51E9AJFX130258AN5630F5JGH0SW8664H4HW,181038820,75868500,1.431731,1.416698,1.446764,no,true
9049309,zest-v1,SPWXDQFD9V054T40RYSPJ489FDJ61BPSZWYB8870,SPWXDQFD9V054T40RYSPJ489FDJ61BPSZWYB8870,671462,630461,0.532517,0.529321,0.535712,yes,true
9049309,zest-v1,SPWY0ETYESNCH73RMVRGS2PQWT6SRGCA5CTEB4FG,SPWY0ETYESNCH73RMVRGS2PQWT6SRGCA5CTEB4FG,6026221800,2331195521,1.551021,1.551021,1.551021,no,false
9049309,zest-v1,SPWYGV8FK7WXYMJZF7SSYEXR1R1QA2FG05AVPY4H,SPWYGV8FK7WXYMJZF7SSYEXR1R1QA2FG05AVPY4H,1745890095,884306975,1.184582,1.18451,1.184653,no,true
9049309,zest-v1,SPWYXX9SGPDZ8RAWZSR7J9SB2P039P393NJ316GS,SPWYXX9SGPDZ8RAWZSR7J9SB2P039P393NJ316GS,6354348367,1677234516,2.273152,2.273152,2.273152,no,false
9049309,zest-v1,SPX4BWHPH4CSCP3159KR8EACAQ9CQVX2N3W67K0K,SPX4BWHPH4CSCP3159KR8EACAQ9CQVX2N3W67K0K,6747938102,3363155473,1.203858,1.203858,1.203858,no,false
9049309,zest-v1,SPX71C0K7Q381T091GP87FC902CNZ55TEQHVC5Q7,SPX71C0K7Q381T091GP87FC902CNZ55TEQHVC5Q7,10736770744,5013036759,1.285062,1.285062,1.285062,no,false
9049309,zest-v1,SPX7PYKYZQYEJNPYVNTCK3KVFVW05FNQZMA38Q52,SPX7PYKYZQYEJNPYVNTCK3KVFVW05FNQZMA38Q52,80791,4329,11.197644,11.196343,11.197644,no,true
9049309,zest-v1,SPX7YGNQF4WG0QDFE8R5CCM36NDSQ6SK9APJ3AA7,SPX7YGNQF4WG0QDFE8R5CCM36NDSQ6SK9APJ3AA7,33390510,3172,6315.985498,6315.985498,6317.382218,no,true
9049309,zest-v1,SPXJMQ34NYCY0RQ5CB6X6BZQYV0FQ1TDMPR3CYT6,SPXJMQ34NYCY0RQ5CB6X6BZQYV0FQ1TDMPR3CYT6,23554598108,9981041323,1.41596,1.41596,1.41596,no,false
9049309,zest-v1,SPXPR9RGQBTHX3J90GZM9GK4V77B9C0DHF5DG7KH,SPXPR9RGQBTHX3J90GZM9GK4V77B9C0DHF5DG7KH,194808130,136566333,0.713236,0.708957,0.717516,yes,true
9049309,zest-v1,SPXRWYCBABERSTKC2XNS4M9QMQFSR907SWR3582S,SPXRWYCBABERSTKC2XNS4M9QMQFSR907SWR3582S,940569739,413761856,1.363929,1.359727,1.368069,no,true
9049309,zest-v1,SPXZ5TX6R19NDAVVXNM5CR2R77MABNF32P6Q6BAD,SPXZ5TX6R19NDAVVXNM5CR2R77MABNF32P6Q6BAD,4694,6700,0.420358,0.41597,0.424746,yes,true
9049309,zest-v1,SPY0682ZM7VGPMVGQP99Z05J3QWMVV83RA6N42SA,SPY0682ZM7VGPMVGQP99Z05J3QWMVV83RA6N42SA,660228,347274,1.140704,1.140701,1.140704,no,true
9049309,zest-v1,SPY5MEW1FZHX3EQGEVTVRJS5ARJRKSFMZ0PH4ZCY,SPY5MEW1FZHX3EQGEVTVRJS5ARJRKSFMZ0PH4ZCY,33942826,7395389,2.753837,2.753837,2.753837,no,true
9049309,zest-v1,SPY5PFSWWAJQ4DH5NQNH1V4TPGM6R9HCCMWSM6EJ,SPY5PFSWWAJQ4DH5NQNH1V4TPGM6R9HCCMWSM6EJ,78144680,19100,2454.806702,2429.031204,2480.582168,no,true
9049309,zest-v1,SPY9Q896GJ209XKATBPBZWXB90BF369DD2CM7R41,SPY9Q896GJ209XKATBPBZWXB90BF369DD2CM7R41,532552329,297743036,1.073178,1.067481,1.078816,no,true
9049309,zest-v1,SPYEEJKTXMCZ6QKQYJR3WR924FE8SAZDTRX5DCF1,SPYEEJKTXMCZ6QKQYJR3WR924FE8SAZDTRX5DCF1,199627241,97100,1233.53599,1220.583862,1246.488124,no,true
9049309,zest-v1,SPYGGE8ZYZCJREZMJT5AGQ1M1S6KQ1DAB20QAQQV,SPYGGE8ZYZCJREZMJT5AGQ1M1S6KQ1DAB20QAQQV,3777526367,1019254153,2.2237,2.200351,2.247049,no,false
9049309,zest-v1,SPYS2VWA4306ASCEYR03Q785X2YENQB1BGF6Y8DF,SPYS2VWA4306ASCEYR03Q785X2YENQB1BGF6Y8DF,470437179,210005424,1.344072,1.344072,1.344072,no,true
9049309,zest-v1,SPYTFAGR3808H1350053KWRYAMR8SYAPTMY7T87N,SPYTFAGR3808H1350053KWRYAMR8SYAPTMY7T87N,5046233518,1900211545,1.59337,1.59337,1.59337,no,false
9049309,zest-v1,SPYXRTPK9XVMME9Q5F1255N84NNRVZJZ5B9CCT7Z,SPYXRTPK9XVMME9Q5F1255N84NNRVZJZ5B9CCT7Z,168064544,117483020,0.858326,0.849314,0.867338,yes,true
9049309,zest-v1,SPYYGACE3AXA11168AT37Y9CV9V9SWKJA3R13D1H,SPYYGACE3AXA11168AT37Y9CV9V9SWKJA3R13D1H,4914806189,1828881282,1.612398,1.612398,1.612398,no,false
9049309,zest-v1,SPZ4BE75SQD2WWM1J4K6QFAXXKK0S39GGBXAQVYV,SPZ4BE75SQD2WWM1J4K6QFAXXKK0S39GGBXAQVYV,3017225864,1505651323,1.20236,1.20236,1.20236,no,false
9049309,zest-v1,SPZ5C8C6WFB844Z92FTKF8MB2DZEKVH5E7RAW9SW,SPZ5C8C6WFB844Z92FTKF8MB2DZEKVH5E7RAW9SW,1007194,989659,0.508859,0.505806,0.511912,yes,true
9049309,zest-v1,SPZ5ERG8BTK5ZF1YK9ZJT5PFVPTYKZPA7D97QX96,SPZ5ERG8BTK5ZF1YK9ZJT5PFVPTYKZPA7D97QX96,105355076066,54519125618,1.159466,1.159466,1.159466,no,false
9049309,zest-v1,SPZ7AFCNK9W555F7PWP20AJZ8WH70V2JTZQHT1M8,SPZ7AFCNK9W555F7PWP20AJZ8WH70V2JTZQHT1M8,170092492,37186554,2.744419,2.744419,2.744419,no,true
9049309,zest-v1,SPZA8R3NW38689CTBWE8H4WSR4WY63Z03A3EYR4F,SPZA8R3NW38689CTBWE8H4WSR4WY63Z03A3EYR4F,21323943,534488,23.937611,23.937605,23.937617,no,true
9049309,zest-v1,SPZAEJRJ6FA2X8KTFGZ7ZPJJ12N4HST9HYSE1V2R,SPZAEJRJ6FA2X8KTFGZ7ZPJJ12N4HST9HYSE1V2R,412407,21422,11.550938,11.550894,11.550984,no,true
9049309,zest-v1,SPZAZHB59ZPHTAS0H72H7517J9B8092D2MH7YRGW,SPZAZHB59ZPHTAS0H72H7517J9B8092D2MH7YRGW,6182687,6470300,0.573329,0.567309,0.579349,yes,true
9049309,zest-v1,SPZBXP3450SR8BMF8K1H6RKMS16CPP16QSTV9S32,SPZBXP3450SR8BMF8K1H6RKMS16CPP16QSTV9S32,1657122,1438600,0.691139,0.683882,0.698396,yes,true
9049309,zest-v1,SPZKACCZC5GMBTJBG35D8BCS7FJ5MGR6BN95GY7S,SPZKACCZC5GMBTJBG35D8BCS7FJ5MGR6BN95GY7S,1885769596,424900,2662.889521,2634.929173,2690.849869,no,true
9049309,zest-v1,SPZKJ0JYQJ7HPG43ZYA6520ZAD13ET55NZMNZ1ZE,SPZKJ0JYQJ7HPG43ZYA6520ZAD13ET55NZMNZ1ZE,5121491458,1971917854,1.558328,1.558328,1.558328,no,false
9049309,zest-v1,SPZM762VKVTS8YHKG8HM7FR1KJYVDQYQBR320W9K,SPZM762VKVTS8YHKG8HM7FR1KJYVDQYQBR320W9K,388249143,75328590,3.092445,3.092445,3.092445,no,true
9049309,zest-v1,SPZS4EEFDP278N3BSBAAPHAVFBRXMK733D7AH0HC,SPZS4EEFDP278N3BSBAAPHAVFBRXMK733D7AH0HC,16325855,641418,15.271653,15.27165,15.271655,no,true
