block_height,market,position,account,coll_usd_e8,debt_usd_e8,health,health_low,health_high,liquidatable,dust
9053676,zest-v1,SM1SVFVT6HY7SHBNZ98FHBNJTC10HXAPBSGC8D687,SM1SVFVT6HY7SHBNZ98FHBNJTC10HXAPBSGC8D687,74760029,98441559,0.455661,0.450877,0.460446,yes,true
9053676,zest-v1,SM9RZJ7MKS24RX0CXFQS9G6N9ES8T9HJ8KE0XCQW,SM9RZJ7MKS24RX0CXFQS9G6N9ES8T9HJ8KE0XCQW,6804950,16728500,0.244073,0.24151,0.246635,yes,true
9053676,zest-v1,SP03M23WXVQ4416T4AJKDHY64R311E9NZYF2QD8J,SP03M23WXVQ4416T4AJKDHY64R311E9NZYF2QD8J,220812841,110284060,1.201331,1.201331,1.201331,no,true
9053676,zest-v1,SP04FZTETK9DH5VY5QKABMP1NYCYW40FYBSANGRS,SP04FZTETK9DH5VY5QKABMP1NYCYW40FYBSANGRS,27738481,32813200,0.507207,0.501881,0.512533,yes,true
9053676,zest-v1,SP0864CFTZ2DR8FDCA9PC03AACZRQYWF5A00Y8WZ,SP0864CFTZ2DR8FDCA9PC03AACZRQYWF5A00Y8WZ,3520158495,768685751,2.74767,2.74767,2.74767,no,true
9053676,zest-v1,SP1014BA8MW7DK2CEACDN77RNMSZ91WQG0JTEX8EB,SP1014BA8MW7DK2CEACDN77RNMSZ91WQG0JTEX8EB,502668,5293,47.484224,47.19932,47.769129,no,true
9053676,zest-v1,SP101B76X5WHDRSX57HPGYD6V9DD2VNXG4CHAT3Z1,SP101B76X5WHDRSX57HPGYD6V9DD2VNXG4CHAT3Z1,2092385410,475888000,2.638081,2.610381,2.665781,no,true
9053676,zest-v1,SP1087208W7B3ETPQ8CHP24K0PGNW7GC822SKEFHK,SP1087208W7B3ETPQ8CHP24K0PGNW7GC822SKEFHK,164627491,123167200,0.801971,0.79355,0.810391,yes,true
9053676,zest-v1,SP108PFJNH8ZF0YNH8RDERYTZZW5B135RFYBKCHA3,SP108PFJNH8ZF0YNH8RDERYTZZW5B135RFYBKCHA3,363570347,205109141,1.063542,1.063542,1.063542,no,true
9053676,zest-v1,SP10CRJ9KPTMXGSTJ39GDQYWA1PF09F9HF2RMDEXX,SP10CRJ9KPTMXGSTJ39GDQYWA1PF09F9HF2RMDEXX,6833,1207,3.396686,3.396686,3.398195,no,true
9053676,zest-v1,SP10D4ZCFY7K94W0AHBQPD1MV662FAY7CRWM40VM3,SP10D4ZCFY7K94W0AHBQPD1MV662FAY7CRWM40VM3,42553363,66743100,0.382542,0.378525,0.386558,yes,true
9053676,zest-v1,SP10P477N9V60C2NXEAW5Y8APPS64N0G43JNHRP47,SP10P477N9V60C2NXEAW5Y8APPS64N0G43JNHRP47,251334,241028,0.521379,0.518251,0.524508,yes,true
9053676,zest-v1,SP10RE0D991JAEWTBNH952ANSCCY6H80VSEAFGMJH,SP10RE0D991JAEWTBNH952ANSCCY6H80VSEAFGMJH,5178169274,2696281124,1.152291,1.152291,1.152291,no,false
9053676,zest-v1,SP10VD0X3X2MBYZF52M25Q79QSM3JAB6HBADQRAVC,SP10VD0X3X2MBYZF52M25Q79QSM3JAB6HBADQRAVC,4619945988,762379700,3.635941,3.597764,3.674118,no,true
9053676,zest-v1,SP10X5JQ38APVZSCM8067MJ76987A5EC035Y8BWZK,SP10X5JQ38APVZSCM8067MJ76987A5EC035Y8BWZK,184010823,36083192,3.059776,3.059776,3.059776,no,true
9053676,zest-v1,SP10Y88DW28TRNTYJZXSXG95BSY57ARFAMGYHCRM9,SP10Y88DW28TRNTYJZXSXG95BSY57ARFAMGYHCRM9,62866674,183,206120.242623,206032.777297,206209.640884,no,true
9053676,zest-v1,SP111G0S42TY2TY3QSATH2KZMMRJYY00Q0WA1A1CR,SP111G0S42TY2TY3QSATH2KZMMRJYY00Q0WA1A1CR,3641453964,1805392746,1.210192,1.210192,1.210192,no,false
9053676,zest-v1,SP112B8XRP4BAJ8VKJAA1CD296VCEQX0VBJDEGER5,SP112B8XRP4BAJ8VKJAA1CD296VCEQX0VBJDEGER5,254572537,159907800,0.955197,0.945168,0.965227,yes,true
9053676,zest-v1,SP116Z95PQYPC0CHQX5KJFCW5T2WWQBXJ73ZTAFP9,SP116Z95PQYPC0CHQX5KJFCW5T2WWQBXJ73ZTAFP9,83778,200,209.445,208.1875,210.7,no,true
9053676,zest-v1,SP11877TX1W8QQQH5BXJRD47Q5ZF4WMVP7NF0Y9K9,SP11877TX1W8QQQH5BXJRD47Q5ZF4WMVP7NF0Y9K9,9538802942,4087127732,1.400319,1.400319,1.400319,no,false
9053676,zest-v1,SP11CJX3NEVEE6RZD1M6V06A6Q20B553RJECZY6Q2,SP11CJX3NEVEE6RZD1M6V06A6Q20B553RJECZY6Q2,648086886,7696817,50.521161,50.521161,50.521165,no,true
9053676,zest-v1,SP11EQW67HT9EZFFMFJRBTBMDZ8ED83F41Q47W030,SP11EQW67HT9EZFFMFJRBTBMDZ8ED83F41Q47W030,2883946152,657713400,2.630884,2.60326,2.658508,no,true
9053676,zest-v1,SP11H7YGNJYAPPRMB36S5ZHMPZFHKA0099SADHYP8,SP11H7YGNJYAPPRMB36S5ZHMPZFHKA0099SADHYP8,174866444,130358700,0.804855,0.796404,0.813306,yes,true
9053676,zest-v1,SP11HP6JWVH61F64RR39B33TYPG82VATXTFX20YSJ,SP11HP6JWVH61F64RR39B33TYPG82VATXTFX20YSJ,1891609242,983760492,1.153701,1.153701,1.153701,no,true
9053676,zest-v1,SP11HW0TCRHMVW75C89FKBHJ19GZWYSNPBN6GM0MQ,SP11HW0TCRHMVW75C89FKBHJ19GZWYSNPBN6GM0MQ,157955425,66531300,1.424491,1.409534,1.439448,no,true
9053676,zest-v1,SP11JJ5RT71B3S5V02WGA77A5TW5SD15A5QZ2WT0F,SP11JJ5RT71B3S5V02WGA77A5TW5SD15A5QZ2WT0F,12384136692,6223003835,1.194035,1.194035,1.194035,no,false
9053676,zest-v1,SP11JS1MKCFR0GCZXTJW52B87QK0GZWA2C2VA2SY9,SP11JS1MKCFR0GCZXTJW52B87QK0GZWA2C2VA2SY9,4930174719,1854640507,1.594975,1.594975,1.594975,no,false
9053676,zest-v1,SP11K4RMT2MVYQD17JWGPZRK2EG0RW7C876BCA662,SP11K4RMT2MVYQD17JWGPZRK2EG0RW7C876BCA662,2984712252,1037828291,1.725553,1.725553,1.725553,no,false
9053676,zest-v1,SP11KG08SDVDGC8QF1D1FE9GGT05WB51CMX1B5DK5,SP11KG08SDVDGC8QF1D1FE9GGT05WB51CMX1B5DK5,375980559,278433010,0.810207,0.810207,0.810207,yes,true
9053676,zest-v1,SP11Q6XVWW91NQG0G1KZGFRVATZPZK2N78VNV52ZQ,SP11Q6XVWW91NQG0G1KZGFRVATZPZK2N78VNV52ZQ,11172,11616,0.577066,0.571023,0.583161,yes,true
9053676,zest-v1,SP11V2Y543KRWF5Z48HVC0EQVJQD5JDVEE70EWRKZ,SP11V2Y543KRWF5Z48HVC0EQVJQD5JDVEE70EWRKZ,4511458698,1620574740,1.670318,1.670318,1.670318,no,false
9053676,zest-v1,SP11VMRK069EPB45ZS20MSW3DGD7QZNBPS2191D49,SP11VMRK069EPB45ZS20MSW3DGD7QZNBPS2191D49,4191118,404,6224.432673,6224.432673,6236.258647,no,true
9053676,zest-v1,SP11WB7FSYTQ9V04H54F4JR36616R4SNK8PH8RQ76,SP11WB7FSYTQ9V04H54F4JR36616R4SNK8PH8RQ76,14291133,146,58730.683562,58514.797241,58730.683562,no,true
9053676,zest-v1,SP11XCBWERH2V5SFXWPTSAQNCVXZQEW1FF5040FV8,SP11XCBWERH2V5SFXWPTSAQNCVXZQEW1FF5040FV8,3670825190,1819954679,1.210192,1.210192,1.210192,no,false
9053676,zest-v1,SP11XX0PCQVE313J2X3TAHGQ9T1T0NMMEN4XMHABQ,SP11XX0PCQVE313J2X3TAHGQ9T1T0NMMEN4XMHABQ,0,162540000,0,0,0,yes,true
9053676,zest-v1,SP11Z1W6A7HERV06SH414ZE4FK8STF9N244GK3NSZ,SP11Z1W6A7HERV06SH414ZE4FK8STF9N244GK3NSZ,57842952,71192900,0.487489,0.482371,0.492608,yes,true
9053676,zest-v1,SP11ZVV9T0E7D82BFE6T54N1475E2A2EA383X422J,SP11ZVV9T0E7D82BFE6T54N1475E2A2EA383X422J,249369,120790,1.23869,1.238689,1.238691,no,true
9053676,zest-v1,SP1208E4GZ3B52YK5EW7A04FMYK1Q81HCEPQGAPVW,SP1208E4GZ3B52YK5EW7A04FMYK1Q81HCEPQGAPVW,36922000,19203469,1.153604,1.153604,1.153604,no,true
9053676,zest-v1,SP120TSSBSXH9BFJ5MT2XMY5SC4Z5TAGYP4DBZ0V9,SP120TSSBSXH9BFJ5MT2XMY5SC4Z5TAGYP4DBZ0V9,4616835960,1090648863,2.539866,2.539866,2.539866,no,false
9053676,zest-v1,SP1232YJY3NM44265BK37ZC3S6BQ1JXB4MZG1MAZ9,SP1232YJY3NM44265BK37ZC3S6BQ1JXB4MZG1MAZ9,485284994,142060407,2.049628,2.049628,2.049628,no,true
9053676,zest-v1,SP12827T3YEN8812EXXGYCPY1BW4M3KB6FZ1FCRBD,SP12827T3YEN8812EXXGYCPY1BW4M3KB6FZ1FCRBD,52991636,8540058,3.72304,3.684216,3.76186,no,true
9053676,zest-v1,SP12DQSBFRJATP92VET049BJTJ67J8C20EEAZQVT,SP12DQSBFRJATP92VET049BJTJ67J8C20EEAZQVT,69002897,18195909,2.275332,2.275332,2.275332,no,true
9053676,zest-v1,SP12ES6760QNTDV4Z52CKKCR97W4K9JF35M2VYHSW,SP12ES6760QNTDV4Z52CKKCR97W4K9JF35M2VYHSW,109077209,71776300,0.91181,0.902236,0.921384,yes,true
9053676,zest-v1,SP12FXX43RDKMHD2BNQTT6XYQX4AMEEG52XT36N9S,SP12FXX43RDKMHD2BNQTT6XYQX4AMEEG52XT36N9S,1306623999,300810700,2.606205,2.57884,2.63357,no,true
9053676,zest-v1,SP12M9AB90Y8V5V645SZCM2DBE2GS82XET2CXRJE0,SP12M9AB90Y8V5V645SZCM2DBE2GS82XET2CXRJE0,44561,5849,4.57114,4.570802,4.571472,no,true
9053676,zest-v1,SP12MC1AHWA97GXBWWAEPDZG28GKV5HX425Y2W491,SP12MC1AHWA97GXBWWAEPDZG28GKV5HX425Y2W491,2526396779,901031392,1.682337,1.682337,1.682337,no,true
9053676,zest-v1,SP12QAAEH4R5Z9YBPAXG7FBXATDK0AVMCHAKB9AQM,SP12QAAEH4R5Z9YBPAXG7FBXATDK0AVMCHAKB9AQM,1854807665,926356787,1.201356,1.201356,1.201356,no,true
9053676,zest-v1,SP12RM1MZQC1XRW8DVS92D07TJX8CCEK9K3KK6JV,SP12RM1MZQC1XRW8DVS92D07TJX8CCEK9K3KK6JV,0,7256408,0,0,0,yes,true
9053676,zest-v1,SP12TYM182WPP4R73V0542CS8S2RAZRGKQ0NQHFBT,SP12TYM182WPP4R73V0542CS8S2RAZRGKQ0NQHFBT,547273034,180956149,1.814604,1.814604,1.814604,no,true
9053676,zest-v1,SP12VKARQ4SPSS5482G4ZM20VP36J6ER8HFWEDEX,SP12VKARQ4SPSS5482G4ZM20VP36J6ER8HFWEDEX,2011346885804,7489429700,134.279042,133.473367,135.084716,no,false
9053676,zest-v1,SP12ZRK139NWG5AWXXRXT7A1MHAANDDGDZ4H37RYG,SP12ZRK139NWG5AWXXRXT7A1MHAANDDGDZ4H37RYG,0,3379817,0,0,0,yes,true
9053676,zest-v1,SP1317GKQJHCQETSFQZ9MS4YXKVBRR29MMXVFSQJY,SP1317GKQJHCQETSFQZ9MS4YXKVBRR29MMXVFSQJY,14900553182,7701572444,1.160845,1.160845,1.160845,no,false
9053676,zest-v1,SP131T921X82DWY6EFGKXYM5ER9BPHQGN1NQWRWKG,SP131T921X82DWY6EFGKXYM5ER9BPHQGN1NQWRWKG,97756,282600,0.20755,0.205372,0.20973,yes,true
9053676,zest-v1,SP132KFM093E4KV8Q89SYSDCA3H3V8HK9H3E35KTP,SP132KFM093E4KV8Q89SYSDCA3H3V8HK9H3E35KTP,123152725,63385067,1.165758,1.165758,1.165758,no,true
9053676,zest-v1,SP133HFRSC3TQGG5MQD8SG87C4Q1R0N8HS8VXCVG2,SP133HFRSC3TQGG5MQD8SG87C4Q1R0N8HS8VXCVG2,110541,28349,2.339575,2.339533,2.339596,no,true
9053676,zest-v1,SP133VW3D9A5S6V441K2QPC6KNQ7FTQH6Y7C4CHE9,SP133VW3D9A5S6V441K2QPC6KNQ7FTQH6Y7C4CHE9,111249089,32104409,2.079137,2.079137,2.079137,no,true
9053676,zest-v1,SP134ACD749QYM1J4ZTWMJ43MZH38BJB33D24DQB8,SP134ACD749QYM1J4ZTWMJ43MZH38BJB33D24DQB8,833712,58648,8.529314,8.529195,8.529314,no,true
9053676,zest-v1,SP1353CTXA3DHFWFTQPEHCKBKDMYTJQWWK03RFFFN,SP1353CTXA3DHFWFTQPEHCKBKDMYTJQWWK03RFFFN,255908581,11152896,13.76729,13.767289,13.76729,no,true
9053676,zest-v1,SP1398CHCH7S6BT3Q1JCMJP327XGNAZV4FQTTX15H,SP1398CHCH7S6BT3Q1JCMJP327XGNAZV4FQTTX15H,255323254,164348300,0.93213,0.922342,0.941917,yes,true
9053676,zest-v1,SP13B423JDW8N8WB95HHC0735ND4VE5TKCWM83592,SP13B423JDW8N8WB95HHC0735ND4VE5TKCWM83592,7990098023,3440783173,1.393305,1.393305,1.393305,no,false
9053676,zest-v1,SP13BY024J6JHW526XNGNXJVSGXM40VCBM5PJ4HRR,SP13BY024J6JHW526XNGNXJVSGXM40VCBM5PJ4HRR,8756308448,1636470311,3.210437,3.210437,3.210437,no,false
9053676,zest-v1,SP13GAAZ2Y7ZNED8Q2QXX2P7SC5SBP9TSVD54D0XS,SP13GAAZ2Y7ZNED8Q2QXX2P7SC5SBP9TSVD54D0XS,442513465,140152300,1.894425,1.874534,1.914317,no,true
9053676,zest-v1,SP13HQBWPB5ZX6C59VYVY6NVVJEHB1SSYPEJT1DXY,SP13HQBWPB5ZX6C59VYVY6NVVJEHB1SSYPEJT1DXY,3732517168,1884469143,1.188404,1.188404,1.188404,no,false
9053676,zest-v1,SP13N23VJPMDJF838VTKKN8A0Y53MK46CF3726X4A,SP13N23VJPMDJF838VTKKN8A0Y53MK46CF3726X4A,148528696483,38322554660,2.325451,2.325451,2.325451,no,false
9053676,zest-v1,SP13PBPRYHVS6GPQNTE5MX1YZEMNEVHM26FG3KS3Q,SP13PBPRYHVS6GPQNTE5MX1YZEMNEVHM26FG3KS3Q,11723238358,6031625247,1.166177,1.163939,1.168377,no,false
9053676,zest-v1,SP13R7HYNK9HXZSC3P3BSYHVFZA84CB6M697JC46W,SP13R7HYNK9HXZSC3P3BSYHVFZA84CB6M697JC46W,170508980,86340687,1.184904,1.184904,1.184904,no,true
9053676,zest-v1,SP13S4J3BKJESHFVBHHHFNAC5DKKHW6Q4A67N2W2C,SP13S4J3BKJESHFVBHHHFNAC5DKKHW6Q4A67N2W2C,10058501,19113600,0.315749,0.312434,0.319064,yes,true
9053676,zest-v1,SP140D96P51CKBAHYNAGZY7F6184PSVDW14V36DHJ,SP140D96P51CKBAHYNAGZY7F6184PSVDW14V36DHJ,262670542,164348500,0.958952,0.948883,0.969021,yes,true
9053676,zest-v1,SP141GP2MYSE6G8RRRVW3N7R896AF4DG29ZDBAZTB,SP141GP2MYSE6G8RRRVW3N7R896AF4DG29ZDBAZTB,42113315,62674700,0.403161,0.398928,0.407394,yes,true
9053676,zest-v1,SP142CABNW8MASXP6MXTSVJJ0Y7QGD07A76XBTV84,SP142CABNW8MASXP6MXTSVJJ0Y7QGD07A76XBTV84,706444080,167132681,2.536108,2.509478,2.562737,no,true
9053676,zest-v1,SP142SYE5MZ1E1WYV6DMZXDFN9WC643PRNNGVND2Q,SP142SYE5MZ1E1WYV6DMZXDFN9WC643PRNNGVND2Q,90776,918,59.330719,59.307543,59.354405,no,true
9053676,zest-v1,SP143S7QJWE14EYGVTC99HGYEMG70YVG1RT81KA1A,SP143S7QJWE14EYGVTC99HGYEMG70YVG1RT81KA1A,1697424,43800,23.252384,23.008233,23.496534,no,true
9053676,zest-v1,SP144F4JWAGREMXDNJ3TAEN3K5XP30RGB4YRQEAHK,SP144F4JWAGREMXDNJ3TAEN3K5XP30RGB4YRQEAHK,42798,2461,10.434295,10.433534,10.435072,no,true
9053676,zest-v1,SP1454QJJZC5E7Q5D25R32Q1WYCGAN2MZHC1W349D,SP1454QJJZC5E7Q5D25R32Q1WYCGAN2MZHC1W349D,462098042,119180900,2.32637,2.301943,2.350796,no,true
9053676,zest-v1,SP146HRMWDXEC5JVB161N64S5Q40Y7R9TZQKH2DWQ,SP146HRMWDXEC5JVB161N64S5Q40Y7R9TZQKH2DWQ,2526394097,900999824,1.682394,1.682394,1.682394,no,true
9053676,zest-v1,SP14AATYGAPMK2Z5R5R1FAMT87HWQFHNMFFM5D1ZF,SP14AATYGAPMK2Z5R5R1FAMT87HWQFHNMFFM5D1ZF,145999430,108073792,0.810554,0.802043,0.819065,yes,true
9053676,zest-v1,SP14CKWNSJ1YTPH87YJKP2FVRRJJ0SZ430JWWBD42,SP14CKWNSJ1YTPH87YJKP2FVRRJJ0SZ430JWWBD42,36538054,3630509,6.038501,6.0385,6.038501,no,true
9053676,zest-v1,SP14EWQHWR0E0KMF5DEZXHX1HQBSGMNB4JVPWFTAP,SP14EWQHWR0E0KMF5DEZXHX1HQBSGMNB4JVPWFTAP,8464526775,3639313058,1.395515,1.395515,1.395515,no,false
9053676,zest-v1,SP14HZGZN7BNV3PVSY201PCYRQDH1TDKFY1GPM4JN,SP14HZGZN7BNV3PVSY201PCYRQDH1TDKFY1GPM4JN,4721843172,1855051379,1.527239,1.527239,1.527239,no,false
9053676,zest-v1,SP14WZEHZSP2JH861GT0CQ56YJR8JGTAA5RHYX2FX,SP14WZEHZSP2JH861GT0CQ56YJR8JGTAA5RHYX2FX,4742914231,1784674130,1.594548,1.594548,1.594548,no,false
9053676,zest-v1,SP14Z85YT1E5DTSVBKR0ZZ7JYABS7TTYFCFN6DY4P,SP14Z85YT1E5DTSVBKR0ZZ7JYABS7TTYFCFN6DY4P,365157180,72609856,3.017418,3.017418,3.017418,no,true
9053676,zest-v1,SP1501KK51HK431S26R0ZYZD06V38H4S41D77V6B2,SP1501KK51HK431S26R0ZYZD06V38H4S41D77V6B2,683364547,332531905,1.233021,1.233021,1.233021,no,true
9053676,zest-v1,SP151WSSSXWWHRD39S433P6A5XGHGYHVWPFVW8HX7,SP151WSSSXWWHRD39S433P6A5XGHGYHVWPFVW8HX7,146249,959,91.500938,91.493994,91.507121,no,true
9053676,zest-v1,SP15B7SQ231XSA6A4EGM3YKXTK3PZG7X08V00C0Q3,SP15B7SQ231XSA6A4EGM3YKXTK3PZG7X08V00C0Q3,1322185,710416,1.116685,1.116685,1.116686,no,true
9053676,zest-v1,SP15C511T142ZSVJ3SMZP9K8SH5XN9MFB7Q7ZZTJ0,SP15C511T142ZSVJ3SMZP9K8SH5XN9MFB7Q7ZZTJ0,96262344,293,197124.253925,197072.257241,197175.198649,no,true
9053676,zest-v1,SP15DP7F52XA0HR3XRKFSYZ2H9CVQ3JG4Z9BYG9JV,SP15DP7F52XA0HR3XRKFSYZ2H9CVQ3JG4Z9BYG9JV,5536223968,847900,3917.601581,3876.466818,3958.736344,no,true
9053676,zest-v1,SP15ET57VBMPY2F9K6CBDMCC3V8FJSV58VZMZJ4ZZ,SP15ET57VBMPY2F9K6CBDMCC3V8FJSV58VZMZJ4ZZ,1918432,73,15767.934247,15718.183784,15819.075,no,true
9053676,zest-v1,SP15GD4DFAG4X5M0CYNAYMHDPKMMT9Z0NCXNH16HW,SP15GD4DFAG4X5M0CYNAYMHDPKMMT9Z0NCXNH16HW,226482,13246,10.258886,10.258824,10.258947,no,true
9053676,zest-v1,SP15M881ED8JGZ5CAXTR6VM4FRH61C0SJQ3H9BAFR,SP15M881ED8JGZ5CAXTR6VM4FRH61C0SJQ3H9BAFR,691222,918,451.779085,451.602802,451.95859,no,true
9053676,zest-v1,SP15NXA780H0JW0CCBTNVPDP9MN51FAJJ114XWCP,SP15NXA780H0JW0CCBTNVPDP9MN51FAJJ114XWCP,849813736,350885366,1.453148,1.453148,1.453148,no,true
9053676,zest-v1,SP15PDXH4MEW0NZX7P8NM4K1M81E5CRFH705VBCG6,SP15PDXH4MEW0NZX7P8NM4K1M81E5CRFH705VBCG6,8995725625,2200491906,2.452831,2.427077,2.478586,no,false
9053676,zest-v1,SP15Z7WBDTHDGADBYP4DJZH0E3RDCV0CX40181HZM,SP15Z7WBDTHDGADBYP4DJZH0E3RDCV0CX40181HZM,2597121,1393100,0.932137,0.926544,0.93773,yes,true
9053676,zest-v1,SP160N9M3HDGDACNTKJKH0CMPPZMFR2460T6HV7NT,SP160N9M3HDGDACNTKJKH0CMPPZMFR2460T6HV7NT,3723390496,1846015986,1.210192,1.210192,1.210192,no,false
9053676,zest-v1,SP161281WXR94CVTSR3JBQWKY1BXNHTA6QQH656KY,SP161281WXR94CVTSR3JBQWKY1BXNHTA6QQH656KY,76559,1516,30.300396,30.298825,30.302,no,true
9053676,zest-v1,SP161QHS676YAM88D58Q958DV2XQCSF73DSN7S2DP,SP161QHS676YAM88D58Q958DV2XQCSF73DSN7S2DP,222745712,115203382,1.1601,1.1601,1.1601,no,true
9053676,zest-v1,SP163FWZMXZW7FW8ZD8KHBJQPNTDJMHFVE2Y7EBED,SP163FWZMXZW7FW8ZD8KHBJQPNTDJMHFVE2Y7EBED,404572790,166842279,1.454929,1.454929,1.454929,no,true
9053676,zest-v1,SP166Y3Q445XBHGX4WAJNFH90QDZ5F2QG96KJWA8B,SP166Y3Q445XBHGX4WAJNFH90QDZ5F2QG96KJWA8B,18950298,50057400,0.227143,0.224758,0.229528,yes,true
9053676,zest-v1,SP167DH2FSHMVS3AXXJ50T48Y1VKDPYNTZGEXC6FW,SP167DH2FSHMVS3AXXJ50T48Y1VKDPYNTZGEXC6FW,4773574405,1819273612,1.574334,1.574334,1.574334,no,false
9053676,zest-v1,SP16ADAKN3XK9AVJ1VZX5QMR5E3FSZ88S77V9J0CC,SP16ADAKN3XK9AVJ1VZX5QMR5E3FSZ88S77V9J0CC,0,2508200,0,0,0,yes,true
9053676,zest-v1,SP16CVJT4K2A4Y77T71ZNA13SFX7FB9YJRQ58YGZ4,SP16CVJT4K2A4Y77T71ZNA13SFX7FB9YJRQ58YGZ4,524785,45484632,0.006923,0.00685,0.006995,yes,true
9053676,zest-v1,SP16HXWHTZEHHKBE12AB91PYJ63V0S696G3MZZM8K,SP16HXWHTZEHHKBE12AB91PYJ63V0S696G3MZZM8K,166082990,93718988,1.063283,1.0629,1.063658,no,true
9053676,zest-v1,SP16NWVZETSFCAAWRJCQMV5WZZ6X5E64F9KA0EEDZ,SP16NWVZETSFCAAWRJCQMV5WZZ6X5E64F9KA0EEDZ,66392138,18515491,2.151457,2.151457,2.151457,no,true
9053676,zest-v1,SP16PP6EYRCB7NCTGWAC73DH5X0KXWAPEQ8RKWAKS,SP16PP6EYRCB7NCTGWAC73DH5X0KXWAPEQ8RKWAKS,5782364699,1193354371,2.422736,2.408215,2.437257,no,false
9053676,zest-v1,SP16VJE0XWKRZ8XPQM9RXNR2KC03YYX8910YWWSR,SP16VJE0XWKRZ8XPQM9RXNR2KC03YYX8910YWWSR,16589039680,6898366818,1.442867,1.442867,1.442867,no,false
9053676,zest-v1,SP16WRER12NZMAV63M62FEXHMVWS8V2Q74MHSG04Q,SP16WRER12NZMAV63M62FEXHMVWS8V2Q74MHSG04Q,55031,73,452.309589,450.883784,453.775,no,true
9053676,zest-v1,SP16YGBC7HZDKQAFKJNHNZV1AMEYFANRYCTJ4ZFAC,SP16YGBC7HZDKQAFKJNHNZV1AMEYFANRYCTJ4ZFAC,583968515,176770600,1.982123,1.961311,2.002935,no,true
9053676,zest-v1,SP16ZCNPS9VH8TQM1PMN800TT375YZGPWKP48RQ11,SP16ZCNPS9VH8TQM1PMN800TT375YZGPWKP48RQ11,91290,3466,15.803231,15.803231,15.806124,no,true
9053676,zest-v1,SP174BBVTRQSE3YAMBKD5NKG03TMDQSY6ZMJT14J6,SP174BBVTRQSE3YAMBKD5NKG03TMDQSY6ZMJT14J6,0,12536567128855,0,0,0,yes,false
9053676,zest-v1,SP176ZAN4CW8Q6XC6Y5B5FQE0K5SP4H6K5NNKFPQD,SP176ZAN4CW8Q6XC6Y5B5FQE0K5SP4H6K5NNKFPQD,566896368,283854186,1.198284,1.198284,1.198284,no,true
9053676,zest-v1,SP1779T6BNQ853MTF39HHJAR5E7WVJQZEBGZ2B9VB,SP1779T6BNQ853MTF39HHJAR5E7WVJQZEBGZ2B9VB,0,44607300,0,0,0,yes,true
9053676,zest-v1,SP17BR51JTVDXM97TTWA8AESRSASBWSASN7T47NA,SP17BR51JTVDXM97TTWA8AESRSASBWSASN7T47NA,26833300,716568108,0.022468,0.022232,0.022704,yes,true
9053676,zest-v1,SP17E3Z59RVZDQSMMDVQHYBT156SM5GX3ZFC35MWZ,SP17E3Z59RVZDQSMMDVQHYBT156SM5GX3ZFC35MWZ,14065316584,7820607313,1.079096,1.079096,1.079096,no,false
9053676,zest-v1,SP17K76Z5D963QKB4X8T03ZF0945ZHTER06SK2HJE,SP17K76Z5D963QKB4X8T03ZF0945ZHTER06SK2HJE,2547850084,727803411,2.100444,2.100444,2.100444,no,true
9053676,zest-v1,SP17KV2ZDVGN94KNXTPA9PAR0Q9EZBM623T63WN1R,SP17KV2ZDVGN94KNXTPA9PAR0Q9EZBM623T63WN1R,3553588,1830448,1.164826,1.164826,1.164826,no,true
9053676,zest-v1,SP17KYWCE38C81K43ESJ0R0REC2GTKZVJK927AQH0,SP17KYWCE38C81K43ESJ0R0REC2GTKZVJK927AQH0,28543349,11018985,1.554227,1.554227,1.554228,no,true
9053676,zest-v1,SP17MA2G8RKVR3QHXGZ60V187DVVRT58Q35K91T3C,SP17MA2G8RKVR3QHXGZ60V187DVVRT58Q35K91T3C,10337,110,56.383636,56.300917,56.459459,no,true
9053676,zest-v1,SP17NP61ZCJ6WR52J70A5K3MA76R5MBEGWM6KG3PQ,SP17NP61ZCJ6WR52J70A5K3MA76R5MBEGWM6KG3PQ,2208137418,425000,3117.370472,3084.638125,3150.102819,no,true
9053676,zest-v1,SP17TK3BKFPQADD4Q1CTWSR5GC7GVFY7VE76NJTW5,SP17TK3BKFPQADD4Q1CTWSR5GC7GVFY7VE76NJTW5,17026791246,12396857254,0.824086,0.824086,0.824086,yes,false
9053676,zest-v1,SP17WCRVRXZ2WKQ4FVKJVFTSDYT9VRWC5GPSWZ7KE,SP17WCRVRXZ2WKQ4FVKJVFTSDYT9VRWC5GPSWZ7KE,5699423021,2184781106,1.565216,1.565216,1.565216,no,false
9053676,zest-v1,SP17Y3F4K7MTJH4724RMTZFZ2V15AJFWGJSAJP2YZ,SP17Y3F4K7MTJH4724RMTZFZ2V15AJFWGJSAJP2YZ,165980485,39935299,2.493741,2.493741,2.493741,no,true
9053676,zest-v1,SP17Y608F82R6HAJ581MM88E4G1SYRQDNXW7F5A7Q,SP17Y608F82R6HAJ581MM88E4G1SYRQDNXW7F5A7Q,2764677,1862900,0.742036,0.737584,0.746488,yes,true
9053676,zest-v1,SP17Y80B07H734FWQDJ7Q14R9CVST8B89XG1PBVYE,SP17Y80B07H734FWQDJ7Q14R9CVST8B89XG1PBVYE,768472677,266296502,1.731467,1.731467,1.731467,no,true
9053676,zest-v1,SP17YC7VY423W3DJ42PQGHJQMMRXS1P19SV51G18Z,SP17YC7VY423W3DJ42PQGHJQMMRXS1P19SV51G18Z,169916856,46090883,2.211937,2.211937,2.211937,no,true
9053676,zest-v1,SP180BMQ04G5NHKMTC2GENHEMJMFK4KQ5KENHZ53,SP180BMQ04G5NHKMTC2GENHEMJMFK4KQ5KENHZ53,18950298,50057400,0.227143,0.224758,0.229528,yes,true
9053676,zest-v1,SP18295NSWPNSHYF8CYQYVFAJTPM8855242MPBG96,SP18295NSWPNSHYF8CYQYVFAJTPM8855242MPBG96,369829,109843,2.020132,2.020132,2.020146,no,true
9053676,zest-v1,SP18330JGP6V4ZYGVJXHPQ0JSWNTEQX6YMMQJTP8T,SP18330JGP6V4ZYGVJXHPQ0JSWNTEQX6YMMQJTP8T,7031364157,3413932429,1.235765,1.235765,1.235765,no,false
9053676,zest-v1,SP1843KM1SPSMM8MHE4YFDFKFNKC8FFK8BTM47W1X,SP1843KM1SPSMM8MHE4YFDFKFNKC8FFK8BTM47W1X,1152872934,518309197,1.334577,1.329879,1.339211,no,true
9053676,zest-v1,SP185MT0TN0QRKMSV2KXS6HD9NC8P1RMBWKVNVJXP,SP185MT0TN0QRKMSV2KXS6HD9NC8P1RMBWKVNVJXP,1729836495,363943750,2.85182,2.85182,2.85182,no,true
9053676,zest-v1,SP186MEMH2RD9VM194VRTYDZDYPC6B26B119GDHTK,SP186MEMH2RD9VM194VRTYDZDYPC6B26B119GDHTK,26397712,26803283,0.590921,0.584716,0.597126,yes,true
9053676,zest-v1,SP187S18MC3B6E80QNMGDDWFJTZVZM65PPVCR1QP8,SP187S18MC3B6E80QNMGDDWFJTZVZM65PPVCR1QP8,91395893,36391230,1.506889,1.506889,1.506889,no,true
9053676,zest-v1,SP18A6PSVMYTC9REXF5MED259S5Y9TRHHD8Z7Y69N,SP18A6PSVMYTC9REXF5MED259S5Y9TRHHD8Z7Y69N,0,3108,0,0,0,yes,true
9053676,zest-v1,SP18C9Q2F2FXGR1Z4HFM2M6HNRPCBB8XAZ0SBASA4,SP18C9Q2F2FXGR1Z4HFM2M6HNRPCBB8XAZ0SBASA4,92576,4859,11.431488,11.431448,11.431527,no,true
9053676,zest-v1,SP18NFAVW5MFHM3EWYQ2C5VMJKT2XX7GKN5KQZ0QC,SP18NFAVW5MFHM3EWYQ2C5VMJKT2XX7GKN5KQZ0QC,2654241208,645199462,2.468298,2.468298,2.468298,no,true
9053676,zest-v1,SP18Q554PS648J745RNFFKT90QW7NW8WASQJ06TC8,SP18Q554PS648J745RNFFKT90QW7NW8WASQJ06TC8,77284770,18515491,2.504436,2.504436,2.504436,no,true
9053676,zest-v1,SP18Q757EDXW10RD1TSKS59PXRP1AEEEF8RWVPY37,SP18Q757EDXW10RD1TSKS59PXRP1AEEEF8RWVPY37,401490902,22044085,10.927854,10.927854,10.927854,no,true
9053676,zest-v1,SP18RB0ZXYQJXWSCS089W1MFYEBJWQ7E2895MB8QM,SP18RB0ZXYQJXWSCS089W1MFYEBJWQ7E2895MB8QM,3831755746,1988816164,1.155991,1.155991,1.155991,no,false
9053676,zest-v1,SP18T8G59THD4TZM9E976SQY0F4926C6H708R4RG4,SP18T8G59THD4TZM9E976SQY0F4926C6H708R4RG4,7490481999,3899922109,1.152405,1.152405,1.152405,no,false
9053676,zest-v1,SP18TX7QQAFABXXTZYFR75RGPDPDQ35ZYXFJXRYBC,SP18TX7QQAFABXXTZYFR75RGPDPDQ35ZYXFJXRYBC,19617,526,22.376806,22.376806,22.39887,no,true
9053676,zest-v1,SP18ZCM270DVYG56EVKQKXHSS7FP3QQCZBZ7H5BVW,SP18ZCM270DVYG56EVKQKXHSS7FP3QQCZBZ7H5BVW,62000976427,30806888098,1.207541,1.207541,1.207541,no,false
9053676,zest-v1,SP190VXRZCP3KBTVE5E84GPBY7P9WKY9D5Z4QTA79,SP190VXRZCP3KBTVE5E84GPBY7P9WKY9D5Z4QTA79,1099771659,291373100,2.264667,2.240888,2.288446,no,true
9053676,zest-v1,SP191XBB3YSB93R9HXRSMM6YP47CCHRFT4GTRZQEH,SP191XBB3YSB93R9HXRSMM6YP47CCHRFT4GTRZQEH,66432558,66743100,0.597208,0.590938,0.603479,yes,true
9053676,zest-v1,SP1943YQ7FTHDZ4G7Y5VGRE5EQE8WW1APTJ6MVV0A,SP1943YQ7FTHDZ4G7Y5VGRE5EQE8WW1APTJ6MVV0A,3466062808,1091819367,1.904745,1.904745,1.904745,no,false
9053676,zest-v1,SP195Q21AEE0E3D97F5B4ADZ7308V555FQA1S7GZ3,SP195Q21AEE0E3D97F5B4ADZ7308V555FQA1S7GZ3,3526532479,267366153,7.913939,7.913939,7.913939,no,true
9053676,zest-v1,SP196Q9CYB2NZ24AMZ0XHP5N8MYRJ1NE48XXA0GKK,SP196Q9CYB2NZ24AMZ0XHP5N8MYRJ1NE48XXA0GKK,10842322754,5386761902,1.207663,1.207663,1.207663,no,false
9053676,zest-v1,SP19AZ6MKKXV0JW5R05F7YBY68NF72TSMVB2CF0CB,SP19AZ6MKKXV0JW5R05F7YBY68NF72TSMVB2CF0CB,67081,8500,4.735129,4.685435,4.784824,no,true
9053676,zest-v1,SP19B7JPCGVBP2TEZ32FYHVQPWD9JGVGVBWZJNFCX,SP19B7JPCGVBP2TEZ32FYHVQPWD9JGVGVBWZJNFCX,77808,8600,5.428465,5.371465,5.485465,no,true
9053676,zest-v1,SP19D19PQW69KV4TJDSXVXCXTDSSX7H08A2Y1E90X,SP19D19PQW69KV4TJDSXVXCXTDSSX7H08A2Y1E90X,469436073,175866581,1.601564,1.584748,1.618381,no,true
9053676,zest-v1,SP19EC75DBV7BXMEHGW7XFM2G4NM5R8Y31T06BJK5,SP19EC75DBV7BXMEHGW7XFM2G4NM5R8Y31T06BJK5,184010823,36083192,3.059776,3.059776,3.059776,no,true
9053676,zest-v1,SP19ECAYACEGGD56T9CFNGRQJC32F8P1H50EATCHX,SP19ECAYACEGGD56T9CFNGRQJC32F8P1H50EATCHX,123885822,59744233,1.244162,1.231098,1.257225,no,true
9053676,zest-v1,SP19JJBMB7B5BZ8ZENAFREFWZ4YPDDBV1FDE07264,SP19JJBMB7B5BZ8ZENAFREFWZ4YPDDBV1FDE07264,4768182837,1819183566,1.572634,1.572634,1.572634,no,false
9053676,zest-v1,SP19V54WD431PG6VCS5NE31BAWVQ9DB4WVHN5Z579,SP19V54WD431PG6VCS5NE31BAWVQ9DB4WVHN5Z579,2948184658,974095528,1.815952,1.800648,1.831192,no,true
9053676,zest-v1,SP19VP6TGY5JS6YEFBZHMB1DRAVJE8F49HJ7N3ANN,SP19VP6TGY5JS6YEFBZHMB1DRAVJE8F49HJ7N3ANN,105127377,77061500,0.818521,0.809926,0.827115,yes,true
9053676,zest-v1,SP1A02Z9HE18BXC2800RWXDQW4N7Y128CQHYKG8T5,SP1A02Z9HE18BXC2800RWXDQW4N7Y128CQHYKG8T5,74345568,87423900,0.510242,0.504884,0.515599,yes,true
9053676,zest-v1,SP1A0KMTXFG8R9974ZH1ZJPVCXWVPQ1PEG62D9JQZ,SP1A0KMTXFG8R9974ZH1ZJPVCXWVPQ1PEG62D9JQZ,1068026706,115181251,5.563545,5.563544,5.563545,no,true
9053676,zest-v1,SP1A0T49CAVT2Q2WS3NJQWJXRR47GG2XMZ2Q2XK7F,SP1A0T49CAVT2Q2WS3NJQWJXRR47GG2XMZ2Q2XK7F,1876916796,45300,24859.825113,24598.797285,25120.852927,no,true
9053676,zest-v1,SP1A2XFKZ9KG3Y9SSJK7WMJFJM7RA71M5AR1V5GB,SP1A2XFKZ9KG3Y9SSJK7WMJFJM7RA71M5AR1V5GB,33063900,3582816,5.53708,5.537079,5.53708,no,true
9053676,zest-v1,SP1A3C02M44YXV6NB049PSBE2V7PZ6MNMAK4Q9AZF,SP1A3C02M44YXV6NB049PSBE2V7PZ6MNMAK4Q9AZF,1538978,4642,198.920034,198.909017,198.931287,no,true
9053676,zest-v1,SP1A4MBYCB2DKM0HCVPTCKWBVSAD0J73KWVRJ8RWF,SP1A4MBYCB2DKM0HCVPTCKWBVSAD0J73KWVRJ8RWF,968904053,341525549,1.702193,1.702193,1.702193,no,true
9053676,zest-v1,SP1A7N0043HV6HZVGK3MWYEGTJ0Z6CDZ3CTR7KMXA,SP1A7N0043HV6HZVGK3MWYEGTJ0Z6CDZ3CTR7KMXA,205133314,137623480,0.894324,0.888631,0.899969,yes,true
9053676,zest-v1,SP1A9NJCYPQ8B0B8Q1ETG55T8YYG7X3S5EBEHZXMS,SP1A9NJCYPQ8B0B8Q1ETG55T8YYG7X3S5EBEHZXMS,113118295,58943991,1.151449,1.151449,1.151449,no,true
9053676,zest-v1,SP1AAHHRZ4D47AAGAC74JFMEF70CRE93TVRHG2GZR,SP1AAHHRZ4D47AAGAC74JFMEF70CRE93TVRHG2GZR,4600286284,2502135046,1.103127,1.101445,1.104778,no,false
9053676,zest-v1,SP1ACH08CD1FGTR0P7X1E7JNK5HYMYJPZF48X1NAE,SP1ACH08CD1FGTR0P7X1E7JNK5HYMYJPZF48X1NAE,36802164,7216576,3.059803,3.059803,3.059803,no,true
9053676,zest-v1,SP1AEBF4EB838CWQ3W4HJ596MYDN4KQ2N3DXGE6XC,SP1AEBF4EB838CWQ3W4HJ596MYDN4KQ2N3DXGE6XC,974418389,323675158,1.806289,1.806289,1.80629,no,true
9053676,zest-v1,SP1AEFS4DFN77S096X55273MZX8CHW8Q2VGJKQWVA,SP1AEFS4DFN77S096X55273MZX8CHW8Q2VGJKQWVA,42335563912,19460334085,1.305288,1.305288,1.305288,no,false
9053676,zest-v1,SP1AK1KCKKB6T0EKA86K1DHPRFZ670A1VSSVNV290,SP1AK1KCKKB6T0EKA86K1DHPRFZ670A1VSSVNV290,609973721,193544200,1.890959,1.871104,1.910814,no,true
9053676,zest-v1,SP1AMRSG2DZE6SKWSTJJ5C0GGVVXQMFH2JR1ZNVXM,SP1AMRSG2DZE6SKWSTJJ5C0GGVVXQMFH2JR1ZNVXM,148159,844,105.326303,105.217464,105.326303,no,true
9053676,zest-v1,SP1AQE6H9S85V6S9AXEQ2FAZ6EMC2M83YJM3DKJ47,SP1AQE6H9S85V6S9AXEQ2FAZ6EMC2M83YJM3DKJ47,8645016,4172865,1.243033,1.243033,1.243033,no,true
9053676,zest-v1,SP1AQGDVHGD26NGP5SGVZ85NP6RGPE8DZ57CES1D1,SP1AQGDVHGD26NGP5SGVZ85NP6RGPE8DZ57CES1D1,3332230021,1884773769,1.060784,1.060784,1.060784,no,false
9053676,zest-v1,SP1ASGET1H4KYN7T6CHS2TAXSCASY9WSK37F276N8,SP1ASGET1H4KYN7T6CHS2TAXSCASY9WSK37F276N8,6957799613,3375644665,1.855059,1.855059,1.855059,no,false
9053676,zest-v1,SP1AVKGHDB8W0C0WKA65H68HZPY45TRTMXYZV57AK,SP1AVKGHDB8W0C0WKA65H68HZPY45TRTMXYZV57AK,3680223164,770361096,2.866362,2.866362,2.866362,no,true
9053676,zest-v1,SP1AWFA1CJ71Y306NZJ3JVFC3PHGH5QW8D8JVXW8W,SP1AWFA1CJ71Y306NZJ3JVFC3PHGH5QW8D8JVXW8W,371811233,252400,883.861885,874.581347,893.142423,no,true
9053676,zest-v1,SP1B3VQQNPV28JWT4RPRHS9VSDB9Z3E4TP1BFY4R8,SP1B3VQQNPV28JWT4RPRHS9VSDB9Z3E4TP1BFY4R8,75762787,44905063,1.012306,0.995703,1.02911,band,true
9053676,zest-v1,SP1BBWNR5ND5XFZH1JW15SXSTKBV3YKCZB53DNM8W,SP1BBWNR5ND5XFZH1JW15SXSTKBV3YKCZB53DNM8W,42911695,799792,32.192141,32.192133,32.192149,no,true
9053676,zest-v1,SP1BCG1NS7VTHSD12EFKMCTQTG4X2CXVR40J4PZS2,SP1BCG1NS7VTHSD12EFKMCTQTG4X2CXVR40J4PZS2,7708267544,4006010963,1.154505,1.154505,1.154505,no,false
9053676,zest-v1,SP1BGEZ7BC5Y4Q8GR9S8D04A2BHYEHKR5MYFMJTV8,SP1BGEZ7BC5Y4Q8GR9S8D04A2BHYEHKR5MYFMJTV8,160539,293,328.748805,328.663448,328.834459,no,true
9053676,zest-v1,SP1BKCYPZR74V7WGREYGTN6HX40W66NZ51SJ39XWG,SP1BKCYPZR74V7WGREYGTN6HX40W66NZ51SJ39XWG,40482495,3630509,6.690383,6.690382,6.690383,no,true
9053676,zest-v1,SP1BNF6VVD3PE2XEFMYPGVS21PE6CJBRTQ4PTGDFK,SP1BNF6VVD3PE2XEFMYPGVS21PE6CJBRTQ4PTGDFK,18529666,625888,17.763241,17.763241,17.763264,no,true
9053676,zest-v1,SP1BQBW16Y1PY48M0F5JFWP46076TK7TH5XTSC6Z7,SP1BQBW16Y1PY48M0F5JFWP46076TK7TH5XTSC6Z7,1860050045,436670100,2.555774,2.555774,2.555774,no,true
9053676,zest-v1,SP1BZWYYK75ZJGMPHR8ZT5JVW62DRA816VZ9TR0TK,SP1BZWYYK75ZJGMPHR8ZT5JVW62DRA816VZ9TR0TK,2460068,5800,254.489793,251.817621,257.161966,no,true
9053676,zest-v1,SP1C3RX6Y4M3E2SK305WY65VFWD956GWEGZPSSEVB,SP1C3RX6Y4M3E2SK305WY65VFWD956GWEGZPSSEVB,0,36287178,0,0,0,yes,true
9053676,zest-v1,SP1C4ZN118N6TV5B375WJJWW0Y7PE919FSN9S2PGQ,SP1C4ZN118N6TV5B375WJJWW0Y7PE919FSN9S2PGQ,1987608,4441300,0.268517,0.265698,0.271337,yes,true
9053676,zest-v1,SP1C7AJ04AKA9KAGB41MG2D6W37GYFEXV7R2PBSSJ,SP1C7AJ04AKA9KAGB41MG2D6W37GYFEXV7R2PBSSJ,19180221,3895126,2.954496,2.954495,2.954496,no,true
9053676,zest-v1,SP1CC4F8MVMFKJ3PVMGXJZEC2ZCPV6MMGVF921Y3M,SP1CC4F8MVMFKJ3PVMGXJZEC2ZCPV6MMGVF921Y3M,36839092699,14553882101,1.518733,1.518733,1.518733,no,false
9053676,zest-v1,SP1CCVPBKXT69WRP8VKSK2VJ5W0M5MTBHG2HPS962,SP1CCVPBKXT69WRP8VKSK2VJ5W0M5MTBHG2HPS962,58227,734,47.597003,47.551032,47.597003,no,true
9053676,zest-v1,SP1CDNKMQ473VC0TSKTDWZ2AC6CF4Q2E7Q2FFFG9J,SP1CDNKMQ473VC0TSKTDWZ2AC6CF4Q2E7Q2FFFG9J,1482410,9220,96.469197,96.460653,96.469197,no,true
9053676,zest-v1,SP1CFYP0E00YWR57Q655YQYZWXVHPF8AXVSJA82QC,SP1CFYP0E00YWR57Q655YQYZWXVHPF8AXVSJA82QC,386417972,105514863,2.197328,2.197328,2.197328,no,true
9053676,zest-v1,SP1CH3JGDJVWX8GYHD0BGF3HQ7QTZ7ZQ0YEJH22M,SP1CH3JGDJVWX8GYHD0BGF3HQ7QTZ7ZQ0YEJH22M,2785235782,1391044099,1.201358,1.201358,1.201358,no,false
9053676,zest-v1,SP1CPCHYC3587VW9KXFMM6CYFGQSHYVFVM4YJ64KV,SP1CPCHYC3587VW9KXFMM6CYFGQSHYVFVM4YJ64KV,7531,73,61.89863,61.702703,62.091667,no,true
9053676,zest-v1,SP1CQ0KPN64TZTPFCHF6K8FCX8H3Q54BPWW5DQ7WF,SP1CQ0KPN64TZTPFCHF6K8FCX8H3Q54BPWW5DQ7WF,670224,605487,0.553459,0.550138,0.55678,yes,true
9053676,zest-v1,SP1CQXF17BARCXH5FVWJ9RT84PE7SNCNNF4PTTYW6,SP1CQXF17BARCXH5FVWJ9RT84PE7SNCNNF4PTTYW6,7611355876,2993834112,1.525406,1.525406,1.525406,no,false
9053676,zest-v1,SP1CW0XDACDGQQWTT751T6JFJ01JNMZJQEPRN92Y2,SP1CW0XDACDGQQWTT751T6JFJ01JNMZJQEPRN92Y2,0,251776194,0,0,0,yes,true
9053676,zest-v1,SP1D1YXHQAR6KJBARGR556FB1WA55R9P372PN86MB,SP1D1YXHQAR6KJBARGR556FB1WA55R9P372PN86MB,163321681,100701280,0.973106,0.957145,0.989259,yes,true
9053676,zest-v1,SP1D3HGT89HWFX56YYF02HFH1VZR4EMVDRH86JRF9,SP1D3HGT89HWFX56YYF02HFH1VZR4EMVDRH86JRF9,367086365,191126854,1.152386,1.152386,1.152386,no,true
9053676,zest-v1,SP1D5RXTDDMJ1PHJ6QQVDC6GY3QCDVNQPKFWS35FK,SP1D5RXTDDMJ1PHJ6QQVDC6GY3QCDVNQPKFWS35FK,207382274560,56095084500,2.218187,2.194896,2.241478,no,false
9053676,zest-v1,SP1DA3QCZE3FG9VCZ8V3CWS6QMHYARK0GD26AGQHM,SP1DA3QCZE3FG9VCZ8V3CWS6QMHYARK0GD26AGQHM,12998611234,35340934,220.683662,220.683662,220.683666,no,true
9053676,zest-v1,SP1DC7R5978SMVF9SK7PA07WKVD6G1GTJ8FHWKZET,SP1DC7R5978SMVF9SK7PA07WKVD6G1GTJ8FHWKZET,3321635,1334900,1.492981,1.477305,1.508658,no,true
9053676,zest-v1,SP1DC9TAV0P22SHK2DN2PAQ8A8PZXKKFWR6NG4G1K,SP1DC9TAV0P22SHK2DN2PAQ8A8PZXKKFWR6NG4G1K,1840989,1011364,1.092182,1.092181,1.092182,no,true
9053676,zest-v1,SP1DFRYMYTY829Y9ZYH7ZQSWD94M0PZB6R0WEFZHF,SP1DFRYMYTY829Y9ZYH7ZQSWD94M0PZB6R0WEFZHF,5948485625,1721642570,2.073073,2.073073,2.073073,no,false
9053676,zest-v1,SP1DMY09AC1716AQ4BQ6F9XC4QK5PRT0C4H3AN0SH,SP1DMY09AC1716AQ4BQ6F9XC4QK5PRT0C4H3AN0SH,1393083628,561967550,1.487364,1.484546,1.490133,no,true
9053676,zest-v1,SP1DP772MMNNEA7PVSSKZMZYA0K2PMTF92AYBWDAJ,SP1DP772MMNNEA7PVSSKZMZYA0K2PMTF92AYBWDAJ,3411249613,1695746798,1.20699,1.20699,1.20699,no,false
9053676,zest-v1,SP1DR90069XVXRQ7ZQPJATABVJF6PFAGJ2FK346FQ,SP1DR90069XVXRQ7ZQPJATABVJF6PFAGJ2FK346FQ,1459384729,545763540,1.604414,1.604414,1.604414,no,true
9053676,zest-v1,SP1DRS6WVXNRKWAMBR66FJFVM1JRRXJJZVJ1NPVWP,SP1DRS6WVXNRKWAMBR66FJFVM1JRRXJJZVJ1NPVWP,29940,61,294.491803,291.403279,294.491803,no,true
9053676,zest-v1,SP1DTNP1973ZGMXPN21RBB4P73Q5G2H4JRMXN35ZR,SP1DTNP1973ZGMXPN21RBB4P73Q5G2H4JRMXN35ZR,270881352861,90157521588,1.80272,1.80272,1.802721,no,false
9053676,zest-v1,SP1E2630AV1RBY3A3D56M2TPF6PH63MGBA1FJSY63,SP1E2630AV1RBY3A3D56M2TPF6PH63MGBA1FJSY63,16595798,3628714,2.744079,2.744079,2.744079,no,true
9053676,zest-v1,SP1E2KMT1DSKZ3CVRWG9470N5TZFFGZBQZAKYWVZH,SP1E2KMT1DSKZ3CVRWG9470N5TZFFGZBQZAKYWVZH,165980485,39935299,2.493741,2.493741,2.493741,no,true
9053676,zest-v1,SP1E3SYVDWCA3TRWT6TF2C3GAHSZB0NSEAQ46WEK2,SP1E3SYVDWCA3TRWT6TF2C3GAHSZB0NSEAQ46WEK2,429608889,224894557,1.146161,1.146161,1.146161,no,true
9053676,zest-v1,SP1E3ZXZFV03GVCRWBBY9677SJ8AGQQNZDQ54EZRF,SP1E3ZXZFV03GVCRWBBY9677SJ8AGQQNZDQ54EZRF,670224,611406,0.548101,0.544812,0.55139,yes,true
9053676,zest-v1,SP1E530A9WSDDKWGTV37BQXGX5PRJPQ951EYGK2HA,SP1E530A9WSDDKWGTV37BQXGX5PRJPQ951EYGK2HA,4906501776,1942017721,1.515898,1.515898,1.515898,no,false
9053676,zest-v1,SP1E5752R0Y8JQNEGZPW77X4CDBJEJFP45QC7XQG2,SP1E5752R0Y8JQNEGZPW77X4CDBJEJFP45QC7XQG2,11123331855,2113118500,3.158365,3.125202,3.191528,no,false
9053676,zest-v1,SP1ECA5M0E3NEYGGV8PNY61VEDA20QPVN23P8HTVS,SP1ECA5M0E3NEYGGV8PNY61VEDA20QPVN23P8HTVS,346413019,148228700,1.40221,1.387487,1.416933,no,true
9053676,zest-v1,SP1ECQJPTA9RREM5RR2TMFPDCE57GX58TR2S86KRT,SP1ECQJPTA9RREM5RR2TMFPDCE57GX58TR2S86KRT,10887313002,3786064669,1.725377,1.725377,1.725377,no,false
9053676,zest-v1,SP1ED2H5ENVTRW8NG3BQ47V3M4W14G71WH4YASD5B,SP1ED2H5ENVTRW8NG3BQ47V3M4W14G71WH4YASD5B,1855221248,1348298971,0.825583,0.825583,0.825583,yes,false
9053676,zest-v1,SP1EK2BRHDJ7XWG61GPV638KM0MT7PF1AJYXYTTAG,SP1EK2BRHDJ7XWG61GPV638KM0MT7PF1AJYXYTTAG,1424227,4635,153.638296,152.716505,154.560194,no,true
9053676,zest-v1,SP1EKDMMG508FY96RSEQ1EFGGZ6J8T8DCDPAM12HS,SP1EKDMMG508FY96RSEQ1EFGGZ6J8T8DCDPAM12HS,1659364,2269400,0.438714,0.434108,0.443321,yes,true
9053676,zest-v1,SP1EM9A5C61ME8X731NKN82HQGEEY61K44YG9QDRG,SP1EM9A5C61ME8X731NKN82HQGEEY61K44YG9QDRG,217431585,38500,3388.544182,3388.544182,3388.610952,no,true
9053676,zest-v1,SP1EP6854YZ8QKV5AVY613BDFQMMEXBN1FRHT2DFZ,SP1EP6854YZ8QKV5AVY613BDFQMMEXBN1FRHT2DFZ,156490508,104806000,0.895887,0.88648,0.905294,yes,true
9053676,zest-v1,SP1EPGQFF64GK4C262XVVCF90XTRMND9C8ZXR7DG4,SP1EPGQFF64GK4C262XVVCF90XTRMND9C8ZXR7DG4,165980485,39935329,2.493739,2.493739,2.493739,no,true
9053676,zest-v1,SP1EQFEYMXFMCCCMQJ6FCNQY65F0KQCJ4DTVPQRDF,SP1EQFEYMXFMCCCMQJ6FCNQY65F0KQCJ4DTVPQRDF,2503965319,1264914606,1.187732,1.187732,1.187732,no,false
9053676,zest-v1,SP1EQGZT0WN75N5AMJH2C40N5GBJTEVY9E6ZY8EH3,SP1EQGZT0WN75N5AMJH2C40N5GBJTEVY9E6ZY8EH3,17063619641,2584722800,3.961033,3.919442,4.002624,no,false
9053676,zest-v1,SP1EQPJS15JMH6YHA079SH15E77ZZB321NQBR5RZ1,SP1EQPJS15JMH6YHA079SH15E77ZZB321NQBR5RZ1,493144834,245528808,1.205101,1.205101,1.205101,no,true
9053676,zest-v1,SP1ES0J06MWHJ0VS0MH1XWJR3V3Z64A1HWF0BQ6MA,SP1ES0J06MWHJ0VS0MH1XWJR3V3Z64A1HWF0BQ6MA,5094360854,1978821042,1.544665,1.544665,1.544665,no,false
9053676,zest-v1,SP1ESHCAMQ1ENPXNXH1J3SK76WDE8YQF3NNK5J1D6,SP1ESHCAMQ1ENPXNXH1J3SK76WDE8YQF3NNK5J1D6,2165483006,900574549,1.442734,1.442734,1.442734,no,true
9053676,zest-v1,SP1EW1NDQG9G73R7TZGJXMRK6E7VERVHRG7HPN5VX,SP1EW1NDQG9G73R7TZGJXMRK6E7VERVHRG7HPN5VX,0,1736415700,0,0,0,yes,false
9053676,zest-v1,SP1EZWR5J704A5G1JSV3V8PS0DWXHEFPYEN913XXC,SP1EZWR5J704A5G1JSV3V8PS0DWXHEFPYEN913XXC,36446932800,3668089178,5.961731,5.961731,5.961731,no,false
9053676,zest-v1,SP1F8ZDT9JXPD5DY3J0RC54DWZSAXETD6QZ98KC4C,SP1F8ZDT9JXPD5DY3J0RC54DWZSAXETD6QZ98KC4C,6484333401,1791229873,2.172027,2.172027,2.172027,no,false
9053676,zest-v1,SP1FARHKYYEEDY9ZDXJ1Z26ADSA2MCDQ4PES1VXJH,SP1FARHKYYEEDY9ZDXJ1Z26ADSA2MCDQ4PES1VXJH,10783025171,5016591798,1.289683,1.289683,1.289683,no,false
9053676,zest-v1,SP1FC4XP3KC8083WB8SB6GMVETKG2TXH9KGX98QFE,SP1FC4XP3KC8083WB8SB6GMVETKG2TXH9KGX98QFE,30932,200,92.796,91.821,93.771,no,true
9053676,zest-v1,SP1FCPT26X5HP0MNHMYD3GBSZANAKGMFZH816W2TM,SP1FCPT26X5HP0MNHMYD3GBSZANAKGMFZH816W2TM,165957862,36287178,2.744074,2.744074,2.744074,no,true
9053676,zest-v1,SP1FGB9YER7MQJSSZ27R75Z1M52XCTCCH9FS20HB0,SP1FGB9YER7MQJSSZ27R75Z1M52XCTCCH9FS20HB0,265662719,182873300,0.871629,0.862477,0.880781,yes,true
9053676,zest-v1,SP1FMGBW83M2SDPE3JSCZ3SACY604BVSTJS2SA1VP,SP1FMGBW83M2SDPE3JSCZ3SACY604BVSTJS2SA1VP,251334,50,2513.34,2498.26,2528.42,no,true
9053676,zest-v1,SP1FNHJVFEHHNMT060JXNA09Z4HPMCEFJXQS31QQZ,SP1FNHJVFEHHNMT060JXNA09Z4HPMCEFJXQS31QQZ,1999395410,726798301,1.650578,1.650578,1.650578,no,true
9053676,zest-v1,SP1FTHMG0MTJ278RX4VY2FR21QNVB46AAV02Y62S8,SP1FTHMG0MTJ278RX4VY2FR21QNVB46AAV02Y62S8,165584396,38511087,2.579793,2.579793,2.579793,no,true
9053676,zest-v1,SP1G0EGYPGT7RQN2JJEQVPP1QRHZA5Y5HHY2CQX0F,SP1G0EGYPGT7RQN2JJEQVPP1QRHZA5Y5HHY2CQX0F,33190142,7256408,2.744345,2.744345,2.744345,no,true
9053676,zest-v1,SP1G2ZMNH1ZCW7BWTE61BFVKXSFVE6DXPQX31HNAA,SP1G2ZMNH1ZCW7BWTE61BFVKXSFVE6DXPQX31HNAA,36802164,7216576,3.059803,3.059803,3.059803,no,true
9053676,zest-v1,SP1G3R4G3Z1P8T3NQ56P2BV32VYBD879ZBCH9CQJ7,SP1G3R4G3Z1P8T3NQ56P2BV32VYBD879ZBCH9CQJ7,102385,1882400,0.032634,0.032292,0.032977,yes,true
9053676,zest-v1,SP1G7SS5NSR89JZVQR8F62GQK7MP86D53823NB0A5,SP1G7SS5NSR89JZVQR8F62GQK7MP86D53823NB0A5,4855317150,1876575065,1.552397,1.552397,1.552397,no,false
9053676,zest-v1,SP1G9XNJSKQ7QA3NRD2Q1QKVVGSJH1THQRAA04738,SP1G9XNJSKQ7QA3NRD2Q1QKVVGSJH1THQRAA04738,1463835283,302636574,2.902165,2.902165,2.902165,no,true
9053676,zest-v1,SP1GDMYCGWEF311Y1SBDB3J8XKC4JD5AJAAYFJZNZ,SP1GDMYCGWEF311Y1SBDB3J8XKC4JD5AJAAYFJZNZ,62342,3621,10.330075,10.329947,10.330075,no,true
9053676,zest-v1,SP1GKBCNG7F0TF6R9NQQRH1R6BMQZZW5DPYW1C515,SP1GKBCNG7F0TF6R9NQQRH1R6BMQZZW5DPYW1C515,41987586456,12833012,1963.105144,1963.105061,1963.105144,no,true
9053676,zest-v1,SP1GNA5PQGA8G5FPQXC9JVHQ7M3PS53S2GGHB4QQN,SP1GNA5PQGA8G5FPQXC9JVHQ7M3PS53S2GGHB4QQN,3250885,417258,4.67464,4.674638,4.674642,no,true
9053676,zest-v1,SP1GR3KAWAMASAP3VM3A0B7S0KNTH28GBP5QXM7Z0,SP1GR3KAWAMASAP3VM3A0B7S0KNTH28GBP5QXM7Z0,4305785941,1760243332,1.467679,1.467679,1.467679,no,false
9053676,zest-v1,SP1GSG9WTQ2B1VQR1QGVE0JYEY73725NKDQK8068K,SP1GSG9WTQ2B1VQR1QGVE0JYEY73725NKDQK8068K,1472091587,383704371,2.301915,2.301915,2.301915,no,true
9053676,zest-v1,SP1GVKNGWJDPSJ326RW4MWZGEP9MXQAXA89DN0V1K,SP1GVKNGWJDPSJ326RW4MWZGEP9MXQAXA89DN0V1K,838116146,376765,1112.25319,1105.579672,1118.926709,no,true
9053676,zest-v1,SP1H25KZJH9BSQR1WHH1HKZPE0TYNN9HWRQZTXA1,SP1H25KZJH9BSQR1WHH1HKZPE0TYNN9HWRQZTXA1,2165480654,900070416,1.443541,1.443541,1.443541,no,true
9053676,zest-v1,SP1H57CJXR9QQC1R88MWB5PWBE3STB470KN1V86F6,SP1H57CJXR9QQC1R88MWB5PWBE3STB470KN1V86F6,1520150576,857086970,1.064175,1.064175,1.064175,no,true
9053676,zest-v1,SP1H6WMP29RXTQQCB3QSA146P6SR7G59BVHTTKWCC,SP1H6WMP29RXTQQCB3QSA146P6SR7G59BVHTTKWCC,49557,6561,4.531962,4.531946,4.53207,no,true
9053676,zest-v1,SP1H7D726T6G13MDJ6SZZZ8SDKZKNNFYEKX4PWN8H,SP1H7D726T6G13MDJ6SZZZ8SDKZKNNFYEKX4PWN8H,3525925,25347,83.463724,83.463251,83.464186,no,true
9053676,zest-v1,SP1HHSDYJ0SGAM6K2W01ZF5K7AJFKWMJNH365ZWS9,SP1HHSDYJ0SGAM6K2W01ZF5K7AJFKWMJNH365ZWS9,5855402227,1581715672,2.221159,2.197836,2.244481,no,false
9053676,zest-v1,SP1HJ9G0SRVDMH2BPRQGR43T2KB5J301BXEP638CB,SP1HJ9G0SRVDMH2BPRQGR43T2KB5J301BXEP638CB,721437,4054,106.7741,106.7741,106.788867,no,true
9053676,zest-v1,SP1HN9J70Q4KBNVF0M9B0BQNGFN5J5EJYTJ6EDTHQ,SP1HN9J70Q4KBNVF0M9B0BQNGFN5J5EJYTJ6EDTHQ,1994676236,502099715,2.383602,2.383602,2.383602,no,true
9053676,zest-v1,SP1HNQH0FW7N5QWYEF77SGRZSDPHCV39TY3SJN8B1,SP1HNQH0FW7N5QWYEF77SGRZSDPHCV39TY3SJN8B1,3803846130,1936801519,1.17839,1.17839,1.17839,no,false
9053676,zest-v1,SP1HPF7C3ZA0EX63N48RQKVMNX9N988C7DWWTC95W,SP1HPF7C3ZA0EX63N48RQKVMNX9N988C7DWWTC95W,5710238559,1728338515,1.982333,1.982333,1.982333,no,false
9053676,zest-v1,SP1HQ50VYDPATJXE3F6P9BQD8FFWAGB0265ST0STC,SP1HQ50VYDPATJXE3F6P9BQD8FFWAGB0265ST0STC,11209613,23777200,0.282866,0.279896,0.285836,yes,true
9053676,zest-v1,SP1HRWQ1NB3QP80AWCSNFP7HV7MC9T0D85MTFXJRW,SP1HRWQ1NB3QP80AWCSNFP7HV7MC9T0D85MTFXJRW,16083389157,1535830063,6.283269,6.283269,6.283269,no,false
9053676,zest-v1,SP1HVJNSBKK54E2NDTZSS240Z2Z0RB67B2ZDT9E43,SP1HVJNSBKK54E2NDTZSS240Z2Z0RB67B2ZDT9E43,169026,88278,1.148821,1.148815,1.148821,no,true
9053676,zest-v1,SP1HXR2W32E3H2WHJFR9JHVA23QGASX6224EPCDP9,SP1HXR2W32E3H2WHJFR9JHVA23QGASX6224EPCDP9,326773804,174160855,1.125766,1.125766,1.125766,no,true
9053676,zest-v1,SP1HXT635AVD4MWFGNYEC79YG4TXS5QJE9NTB3T2A,SP1HXT635AVD4MWFGNYEC79YG4TXS5QJE9NTB3T2A,4226049834,950689600,2.667148,2.639143,2.695153,no,true
9053676,zest-v1,SP1HYDSBVZ6YEDZZHVE5BEM91D3HTD0MYR77B5PB9,SP1HYDSBVZ6YEDZZHVE5BEM91D3HTD0MYR77B5PB9,1082740290,269559245,2.410024,2.410024,2.410024,no,true
9053676,zest-v1,SP1J13SBJSMSYFN21GPTJXFXRF8ZC76FWAB6TVTHH,SP1J13SBJSMSYFN21GPTJXFXRF8ZC76FWAB6TVTHH,1633781199,815128029,1.202595,1.202595,1.202595,no,true
9053676,zest-v1,SP1J79YZTX747WWHSNJM84K1586W5ZNZ8JY9J5WFN,SP1J79YZTX747WWHSNJM84K1586W5ZNZ8JY9J5WFN,65395621578,27434255753,1.430233,1.430038,1.430423,no,false
9053676,zest-v1,SP1J80GGVSZ3E9WJ8J8WDC5NPYY6JPZDCF7ZTBATA,SP1J80GGVSZ3E9WJ8J8WDC5NPYY6JPZDCF7ZTBATA,3211088700,100492,19172.204952,19172.173213,19172.236031,no,true
9053676,zest-v1,SP1JA2BJK7XJX65CCJKA4Y3JGCRVG4KPWEWR330KX,SP1JA2BJK7XJX65CCJKA4Y3JGCRVG4KPWEWR330KX,83778,200,209.445,208.1875,210.7,no,true
9053676,zest-v1,SP1JB3G44202RYWG04M3NMCZB781VBEW414QRMZS2,SP1JB3G44202RYWG04M3NMCZB781VBEW414QRMZS2,311338635,117244605,1.593277,1.576548,1.610007,no,true
9053676,zest-v1,SP1JES6BF7VN9840VTXGT5MB36SY0PAE3KP7FQNTZ,SP1JES6BF7VN9840VTXGT5MB36SY0PAE3KP7FQNTZ,4405331,828900,3.188803,3.15532,3.222285,no,true
9053676,zest-v1,SP1JFDZXYVWBWSDA8NHHT4D0R2BENZ06X1MC5XBZ4,SP1JFDZXYVWBWSDA8NHHT4D0R2BENZ06X1MC5XBZ4,4537480446,1716433385,1.586131,1.586131,1.586131,no,false
9053676,zest-v1,SP1JFJ02WRFV0WC2M3H6H42JVF5Z8GZWDMWKMD8JB,SP1JFJ02WRFV0WC2M3H6H42JVF5Z8GZWDMWKMD8JB,331919172,134594414,1.479642,1.479642,1.479642,no,true
9053676,zest-v1,SP1JQHZ30YKZ0P0JWCN5G4PP21J9SXVNP2WQ13R5Q,SP1JQHZ30YKZ0P0JWCN5G4PP21J9SXVNP2WQ13R5Q,4747480653,1819273612,1.565728,1.565728,1.565728,no,false
9053676,zest-v1,SP1JTJHCWCC1GSTS9K9J0TFV152KNKZPMTDA82ZHY,SP1JTJHCWCC1GSTS9K9J0TFV152KNKZPMTDA82ZHY,431374455,166674300,1.552877,1.536572,1.569182,no,true
9053676,zest-v1,SP1JTQ988GYBQKZARR03XNKQBGTTB181VNAQDEM1E,SP1JTQ988GYBQKZARR03XNKQBGTTB181VNAQDEM1E,74486086,83396900,0.535891,0.530264,0.541518,yes,true
9053676,zest-v1,SP1JYZ6ZR9QG7TC8KCB0GRDSG3WMQZ7M4EGC8XSD0,SP1JYZ6ZR9QG7TC8KCB0GRDSG3WMQZ7M4EGC8XSD0,179851848011,40684857200,2.652365,2.624516,2.680215,no,false
9053676,zest-v1,SP1K026C1ZN65FG4WB96WPJSCJ44E2MFQQ33XYD67,SP1K026C1ZN65FG4WB96WPJSCJ44E2MFQQ33XYD67,17229331,660675,15.647026,15.647023,15.647027,no,true
9053676,zest-v1,SP1K0HS27EEQ2VHJ5TC6Y9D13CKVM90F6XN1PS558,SP1K0HS27EEQ2VHJ5TC6Y9D13CKVM90F6XN1PS558,1326639535,692450588,1.149517,1.149517,1.149517,no,true
9053676,zest-v1,SP1K1B8243JPQGSGAPT0SDDW01VWF2D6YBC8M1CRH,SP1K1B8243JPQGSGAPT0SDDW01VWF2D6YBC8M1CRH,129938,3497,22.294195,22.294195,22.29867,no,true
9053676,zest-v1,SP1K1E1FZJAMVJ5R3PBWX7MQDPFC9H8B1AJ7YXHHT,SP1K1E1FZJAMVJ5R3PBWX7MQDPFC9H8B1AJ7YXHHT,396753556,179576181,1.325633,1.325633,1.325633,no,true
9053676,zest-v1,SP1K345SABJ2PKYYXC2261QGGQ7W2TJX7BBY1SN7Z,SP1K345SABJ2PKYYXC2261QGGQ7W2TJX7BBY1SN7Z,10206639206,2994294755,2.045217,2.045217,2.045217,no,false
9053676,zest-v1,SP1K3PTTYNAF6RNKJ77Q7NZ62QTK99NGYB3FYNVZ0,SP1K3PTTYNAF6RNKJ77Q7NZ62QTK99NGYB3FYNVZ0,243808367,138292378,1.057795,1.057795,1.057795,no,true
9053676,zest-v1,SP1K4ZS9166B303BHA8VR7VA1YHTWFNSB5FNSY86V,SP1K4ZS9166B303BHA8VR7VA1YHTWFNSB5FNSY86V,819541325,284026311,1.731265,1.731265,1.731265,no,true
9053676,zest-v1,SP1K51PR6KXQKWGHNRJFK92SCYTAPYDKHEVWX5TPZ,SP1K51PR6KXQKWGHNRJFK92SCYTAPYDKHEVWX5TPZ,6704149684,2165581416,1.857464,1.857464,1.857464,no,false
9053676,zest-v1,SP1KF22FMF2FKA8GNNPEREK9QQSF57B253Z684ZWC,SP1KF22FMF2FKA8GNNPEREK9QQSF57B253Z684ZWC,105964132,76983200,0.825875,0.817203,0.834546,yes,true
9053676,zest-v1,SP1KHX8E4KGC5QH4C80938RXKPQCR8WJ29BTB9JGX,SP1KHX8E4KGC5QH4C80938RXKPQCR8WJ29BTB9JGX,200008969,51437800,2.333019,2.308523,2.357516,no,true
9053676,zest-v1,SP1KJQQ4E02M2KEHDD0A7Q3K5YZYN8EMWPGRV66BF,SP1KJQQ4E02M2KEHDD0A7Q3K5YZYN8EMWPGRV66BF,6063797806,1748002774,2.081392,2.081392,2.081392,no,false
9053676,zest-v1,SP1KJZJFT288BK1C8G5YXRZ17WFPB06N8K5TP6TXH,SP1KJZJFT288BK1C8G5YXRZ17WFPB06N8K5TP6TXH,66432558,66743100,0.597208,0.590938,0.603479,yes,true
9053676,zest-v1,SP1KMMZCJESRYGHZVDZKRXZ1TY778GJJF6SRJ60WG,SP1KMMZCJESRYGHZVDZKRXZ1TY778GJJF6SRJ60WG,46150253684,10955240007,2.527571,2.527571,2.527572,no,false
9053676,zest-v1,SP1KPDH86AWT9TQQ31G5JHEJ3WRV16S08ST71TVKA,SP1KPDH86AWT9TQQ31G5JHEJ3WRV16S08ST71TVKA,41143467,7070800,3.491271,3.454613,3.527929,no,true
9053676,zest-v1,SP1KRYGSHTWW03CMX2CCPZ6C4J3FCG94EMSPXM9C5,SP1KRYGSHTWW03CMX2CCPZ6C4J3FCG94EMSPXM9C5,659364253141,285800801900,1.153538,1.146617,1.160459,no,false
9053676,zest-v1,SP1KWR3XZFQCMGXYDHNSTPPXFHRK6N0QPTQMEXEM8,SP1KWR3XZFQCMGXYDHNSTPPXFHRK6N0QPTQMEXEM8,3252493252,856530604,2.278373,2.25445,2.302296,no,true
9053676,zest-v1,SP1KX4GB9Y57Z2G00NVQWMX4CNVDSQ9HQJSJ7EM1D,SP1KX4GB9Y57Z2G00NVQWMX4CNVDSQ9HQJSJ7EM1D,165980516,72609856,1.371554,1.371554,1.371554,no,true
9053676,zest-v1,SP1KYRWD2SCFKTKNFDS6WHVJVF12DDCBBFTCSTC3B,SP1KYRWD2SCFKTKNFDS6WHVJVF12DDCBBFTCSTC3B,4953166893,1817949411,1.634754,1.634754,1.634754,no,false
9053676,zest-v1,SP1M0YRYGQDD433YFWMD1EBFQH4067B5WDSVZGZDG,SP1M0YRYGQDD433YFWMD1EBFQH4067B5WDSVZGZDG,0,9089,0,0,0,yes,true
9053676,zest-v1,SP1M26JGHGZKGSTGMABA6HJH97DCN8ASVBP0SRF82,SP1M26JGHGZKGSTGMABA6HJH97DCN8ASVBP0SRF82,165980485,39935268,2.493743,2.493743,2.493743,no,true
9053676,zest-v1,SP1M2F96QM7VWGMMDZZ49554BWRZYSC7QD9KV7X60,SP1M2F96QM7VWGMMDZZ49554BWRZYSC7QD9KV7X60,167796959,95287056,1.056578,1.056578,1.056578,no,true
9053676,zest-v1,SP1M2KMGZH26GBB5PMMYQ5WB06Z4BTXJAJYJ77DE9,SP1M2KMGZH26GBB5PMMYQ5WB06Z4BTXJAJYJ77DE9,537673941715,101850712948,3.167424,3.167424,3.167424,no,false
9053676,zest-v1,SP1M71JK52GZSZSTXT9FSGB2FHY8630WD756VV97D,SP1M71JK52GZSZSTXT9FSGB2FHY8630WD756VV97D,16840594,33292102,0.303506,0.300319,0.306693,yes,true
9053676,zest-v1,SP1M75K525BYRRK1VFQWMAPX7BYWFXE1NPQNETYK0,SP1M75K525BYRRK1VFQWMAPX7BYWFXE1NPQNETYK0,1058281400,26154500,24.277613,24.022699,24.532528,no,true
9053676,zest-v1,SP1M8V9TWH35VKPES3Z5SE6SC3QYYH8V4Q3ZG2WZX,SP1M8V9TWH35VKPES3Z5SE6SC3QYYH8V4Q3ZG2WZX,423407899,218087962,1.164873,1.164873,1.164873,no,true
9053676,zest-v1,SP1M9ZCKKVZ64YJBXQ3J7D583CFY5SMEXPSAXH7D7,SP1M9ZCKKVZ64YJBXQ3J7D583CFY5SMEXPSAXH7D7,479348582,249004302,1.155037,1.155037,1.155037,no,true
9053676,zest-v1,SP1MF4W0G1DYXCF0WJATM55K2WFKCWXSM09DEQ253,SP1MF4W0G1DYXCF0WJATM55K2WFKCWXSM09DEQ253,3563803846,1779400394,1.201687,1.201687,1.201687,no,false
9053676,zest-v1,SP1MK5FPWENNA93414ST9TS5FTADHAM3VWZ3EDEK8,SP1MK5FPWENNA93414ST9TS5FTADHAM3VWZ3EDEK8,21780490,660675,19.780216,19.780213,19.780217,no,true
9053676,zest-v1,SP1MM6AXFQJZ3120SH5TXNY2KMX3ZE9T0FA56NE86,SP1MM6AXFQJZ3120SH5TXNY2KMX3ZE9T0FA56NE86,172271399,66380300,1.557131,1.540781,1.573481,no,true
9053676,zest-v1,SP1MPZZ3Q1AV52XYGQV94FQD0YTSHPQCYPKSDJ0SJ,SP1MPZZ3Q1AV52XYGQV94FQD0YTSHPQCYPKSDJ0SJ,3717031317,181526266,12.285929,12.285929,12.285929,no,true
9053676,zest-v1,SP1MQN174AA7YNKFNAE7J26TPE100F99KF1VGMG6P,SP1MQN174AA7YNKFNAE7J26TPE100F99KF1VGMG6P,38710862,6203700,3.743978,3.704666,3.78329,no,true
9053676,zest-v1,SP1MRXHBP09CQZRGDTXREA4PJZRG9T9VG1HNXBVAW,SP1MRXHBP09CQZRGDTXREA4PJZRG9T9VG1HNXBVAW,6898386,86300,47.960969,47.457379,48.464559,no,true
9053676,zest-v1,SP1MSYSDENTAA1G33XB03DE6RA3HG7NKF38R3G5Y9,SP1MSYSDENTAA1G33XB03DE6RA3HG7NKF38R3G5Y9,6082698160,2274820999,1.604354,1.604354,1.604354,no,false
9053676,zest-v1,SP1MVRXED26PVN88DSFPNBVTQMVSMCGQ21HZPC7BG,SP1MVRXED26PVN88DSFPNBVTQMVSMCGQ21HZPC7BG,4868958960,1783580316,1.637928,1.637928,1.637928,no,false
9053676,zest-v1,SP1MWMBMQ6G4X6H4BSNNFC9RFSEATT1PJFKWA20R,SP1MWMBMQ6G4X6H4BSNNFC9RFSEATT1PJFKWA20R,12838097531,6420526227,1.199724,1.199724,1.199724,no,false
9053676,zest-v1,SP1MXJCYYZNCRX9GKHX1STKDPPH782RRAWB3BFHWC,SP1MXJCYYZNCRX9GKHX1STKDPPH782RRAWB3BFHWC,558181305,314837731,1.06375,1.06375,1.06375,no,true
9053676,zest-v1,SP1MZ3CF4W2NXNKHZDGCXVTGRCRVW9CT8ZX52CT33,SP1MZ3CF4W2NXNKHZDGCXVTGRCRVW9CT8ZX52CT33,329933,42500,4.657878,4.60896,4.706781,no,true
9053676,zest-v1,SP1MZN19KN6DHGHYWB580SAGA7D95DP4RB4PCSG2A,SP1MZN19KN6DHGHYWB580SAGA7D95DP4RB4PCSG2A,341221317,125775061,1.627769,1.627769,1.627769,no,true
9053676,zest-v1,SP1N1H53VNY91REYTCSNNR9ERAKJKDZBK7F2W1MPG,SP1N1H53VNY91REYTCSNNR9ERAKJKDZBK7F2W1MPG,2575842394,765895847,2.017905,2.017905,2.017905,no,true
9053676,zest-v1,SP1N37X28QF55WF5AYRCSF1XMV1MD1HCR82Q814W1,SP1N37X28QF55WF5AYRCSF1XMV1MD1HCR82Q814W1,6642435,13281700,0.300072,0.296921,0.303222,yes,true
9053676,zest-v1,SP1N3WKPS7PQKD837CTGSWEQ8QXTK061CHH2CKM3J,SP1N3WKPS7PQKD837CTGSWEQ8QXTK061CHH2CKM3J,165957985,36287271,2.744069,2.744069,2.744069,no,true
9053676,zest-v1,SP1N40ZQFA80NN2CT7E81Q6GR9MYKDG749GVH8B93,SP1N40ZQFA80NN2CT7E81Q6GR9MYKDG749GVH8B93,85520485554,19154156726,2.678912,2.678912,2.678912,no,false
9053676,zest-v1,SP1N55MCYVJRREE1XBV0N6ZRDN8Z41ERJ8KQHGR0X,SP1N55MCYVJRREE1XBV0N6ZRDN8Z41ERJ8KQHGR0X,845910273,368891994,1.375867,1.375867,1.375867,no,true
9053676,zest-v1,SP1N6T6JZFD8CWDP76BMVR7MCF1AHXA4EGC87F2DP,SP1N6T6JZFD8CWDP76BMVR7MCF1AHXA4EGC87F2DP,165950991,36282165,2.74434,2.74434,2.74434,no,true
9053676,zest-v1,SP1N7R7PT634TRWGKZ620HHMYX4YS1P3996YTM42S,SP1N7R7PT634TRWGKZ620HHMYX4YS1P3996YTM42S,46150253684,10955240007,2.527571,2.527571,2.527572,no,false
9053676,zest-v1,SP1NB4E1FARJ0NFQH0X1VBAJ1TPFMN9H0AGTSPB16,SP1NB4E1FARJ0NFQH0X1VBAJ1TPFMN9H0AGTSPB16,230339,1856,74.463039,74.442857,74.463039,no,true
9053676,zest-v1,SP1NBN8AM3DKPZRYAAHJE6JCTGT9HB0GDCQ6RPC5H,SP1NBN8AM3DKPZRYAAHJE6JCTGT9HB0GDCQ6RPC5H,18769130,3630478,3.101927,3.101927,3.101927,no,true
9053676,zest-v1,SP1NE94ACGPH4Q201XJJSQ7999H28VMATMZS6PWQN,SP1NE94ACGPH4Q201XJJSQ7999H28VMATMZS6PWQN,29627727211,7271016236,2.444863,2.444863,2.444863,no,false
9053676,zest-v1,SP1NJHRCCT85H32JEQK5JCA4MW9P2PMQY1Q5D53VG,SP1NJHRCCT85H32JEQK5JCA4MW9P2PMQY1Q5D53VG,4004916930,720531838,3.334967,3.334967,3.334967,no,true
9053676,zest-v1,SP1NN5RP6G9NV7JCBBBWQX1X2KY813005G4VKWTCB,SP1NN5RP6G9NV7JCBBBWQX1X2KY813005G4VKWTCB,10761901,5575141,1.158202,1.158202,1.158202,no,true
9053676,zest-v1,SP1NNP68XXEAE8S9J4JZGBPDVYQ9V5Q6BEATYHTWP,SP1NNP68XXEAE8S9J4JZGBPDVYQ9V5Q6BEATYHTWP,5935897,9730833,0.366005,0.362162,0.369848,yes,true
9053676,zest-v1,SP1NR1G13R3NMST4JT7WC0KCAWAR5BE2GKZA7X4GY,SP1NR1G13R3NMST4JT7WC0KCAWAR5BE2GKZA7X4GY,1602943586,556245559,1.729032,1.729032,1.729032,no,true
9053676,zest-v1,SP1NTBTPVZHEM779MZXNQWQ48XMW2NHTMXNANYFN7,SP1NTBTPVZHEM779MZXNQWQ48XMW2NHTMXNANYFN7,44600507,55954600,0.47825,0.473229,0.483272,yes,true
9053676,zest-v1,SP1P36H5CQV121SM6RRP839NDPSG5QA5JA098KJ4M,SP1P36H5CQV121SM6RRP839NDPSG5QA5JA098KJ4M,36802164,7216576,3.059803,3.059803,3.059803,no,true
9053676,zest-v1,SP1P6HG0SRCF9M4FH46BHZDWFWWMJPTN29WNJ4KHW,SP1P6HG0SRCF9M4FH46BHZDWFWWMJPTN29WNJ4KHW,3717031317,181526266,12.285929,12.285929,12.285929,no,true
9053676,zest-v1,SP1P7Y6XGQ1VQDJNQEM969ST5MMFFE3ZSCFWRGEZ5,SP1P7Y6XGQ1VQDJNQEM969ST5MMFFE3ZSCFWRGEZ5,1237,2080700,0.000357,0.000353,0.00036,yes,true
9053676,zest-v1,SP1PB8FRYJ04JFK601RA6GRXEWGTZ7H24WZY7PC8R,SP1PB8FRYJ04JFK601RA6GRXEWGTZ7H24WZY7PC8R,165980516,18515491,5.378648,5.378648,5.378648,no,true
9053676,zest-v1,SP1PE1R37416BVCZ8MFS777VKEB728S2DW094Q9YF,SP1PE1R37416BVCZ8MFS777VKEB728S2DW094Q9YF,1080613,417258,1.553877,1.553876,1.553878,no,true
9053676,zest-v1,SP1PGHCG4VV9W5F1A6MWYK6D02J0G21CTWKPS18ZG,SP1PGHCG4VV9W5F1A6MWYK6D02J0G21CTWKPS18ZG,1906355067,642362091,1.780636,1.780636,1.780636,no,true
9053676,zest-v1,SP1PGS9396MJEMT6QXZ6WSX2DXXG9K8KCY05W1DZB,SP1PGS9396MJEMT6QXZ6WSX2DXXG9K8KCY05W1DZB,5508528013,2264210675,1.459721,1.459721,1.459721,no,false
9053676,zest-v1,SP1PJCJ3VRVZYF36DJE0SXX8DRR8D9CK7JNGM7V8C,SP1PJCJ3VRVZYF36DJE0SXX8DRR8D9CK7JNGM7V8C,22105953,556344,23.840595,23.840568,23.840595,no,true
9053676,zest-v1,SP1PSTA73FRSRK0KZAWBCM9KRXHVE3RY255E3VZ3N,SP1PSTA73FRSRK0KZAWBCM9KRXHVE3RY255E3VZ3N,1207428,2359061,0.307095,0.303937,0.310252,yes,true
9053676,zest-v1,SP1PVRTEP7TWYPR0PZFQ8Q25266T4TSWV1EA6H8YD,SP1PVRTEP7TWYPR0PZFQ8Q25266T4TSWV1EA6H8YD,36538054,3630509,6.038501,6.0385,6.038501,no,true
9053676,zest-v1,SP1PY1MDQ6CEPSADB9B5T46ZDV3S3R2832RMRQSEP,SP1PY1MDQ6CEPSADB9B5T46ZDV3S3R2832RMRQSEP,20031334653,8420217260,1.427374,1.427374,1.427374,no,false
9053676,zest-v1,SP1PY22WG0EV9NNGEH6JD4YPD472RENR073R6C2N3,SP1PY22WG0EV9NNGEH6JD4YPD472RENR073R6C2N3,98528,881,67.10193,67.082339,67.120449,no,true
9053676,zest-v1,SP1Q1PVYXM0F4VFP8WQ7237W2SP25RY250KWDQ71A,SP1Q1PVYXM0F4VFP8WQ7237W2SP25RY250KWDQ71A,621345868,222000,1679.313157,1661.680392,1696.945922,no,true
9053676,zest-v1,SP1Q4DD1WVPTDHXQAHR88GRZRKVEZMKT8J75Y6XH9,SP1Q4DD1WVPTDHXQAHR88GRZRKVEZMKT8J75Y6XH9,547250624,376558146,0.871978,0.867271,0.876637,yes,true
9053676,zest-v1,SP1Q8ERJDYMXNVBQPKM525G5H4Z9B67BXM9N45QFK,SP1Q8ERJDYMXNVBQPKM525G5H4Z9B67BXM9N45QFK,135696959,98965800,0.82269,0.817332,0.828005,yes,true
9053676,zest-v1,SP1Q9SC2P66BRTPPGAASSX8WNSZ38C3XF9XPRFSAT,SP1Q9SC2P66BRTPPGAASSX8WNSZ38C3XF9XPRFSAT,4151298324,1896632143,1.313264,1.313264,1.313264,no,false
9053676,zest-v1,SP1QA1QPK93XB83ZYXKR729ZX2Y9R4S80J8HV1WD6,SP1QA1QPK93XB83ZYXKR729ZX2Y9R4S80J8HV1WD6,5332858539,2064245426,1.550065,1.550065,1.550065,no,false
9053676,zest-v1,SP1QB148EP9VA61KTBCTJKWG97KGV2B5P39ADBVAG,SP1QB148EP9VA61KTBCTJKWG97KGV2B5P39ADBVAG,98711,918,64.516993,64.492241,64.542952,no,true
9053676,zest-v1,SP1QBRG3HG4EGKYF69E0Y1RE1WANC0NV94CF0Z2PY,SP1QBRG3HG4EGKYF69E0Y1RE1WANC0NV94CF0Z2PY,36316944,69946000,0.311528,0.308257,0.314799,yes,true
9053676,zest-v1,SP1QF33CQESD5K623HDG9CW19SBDRTW17N13WGXVR,SP1QF33CQESD5K623HDG9CW19SBDRTW17N13WGXVR,1840288139,818800,1348.525749,1334.366247,1362.685251,no,true
9053676,zest-v1,SP1QJND5B1AKD62WJXWBZQ3Y3B0075A8W53GACZSE,SP1QJND5B1AKD62WJXWBZQ3Y3B0075A8W53GACZSE,5161656592,1984665418,1.560461,1.560461,1.560462,no,false
9053676,zest-v1,SP1QQG29BPWKEYG0JHESAVXFTJSR2NV30GBKVJ2XY,SP1QQG29BPWKEYG0JHESAVXFTJSR2NV30GBKVJ2XY,111643,12348,5.42483,5.424503,5.42483,no,true
9053676,zest-v1,SP1QSMPQJK184K2SHBG3DZH9BF5A2FVPQ4ZANC79V,SP1QSMPQJK184K2SHBG3DZH9BF5A2FVPQ4ZANC79V,26735470635,7365596179,2.177866,2.177866,2.177866,no,false
9053676,zest-v1,SP1R08FJCZ5RE2FJX5C2V7FG53GZ7XN8NDBJ36THD,SP1R08FJCZ5RE2FJX5C2V7FG53GZ7XN8NDBJ36THD,0,225144300,0,0,0,yes,true
9053676,zest-v1,SP1R0JXJEGHKR97M4H6RPFXAGX8QT3SYVRHQDFVSQ,SP1R0JXJEGHKR97M4H6RPFXAGX8QT3SYVRHQDFVSQ,6855015198,3332211689,1.234318,1.234318,1.234318,no,false
9053676,zest-v1,SP1R3516EDV2QB10HQX6ACKYGYP7A4BQ77M0CVKZB,SP1R3516EDV2QB10HQX6ACKYGYP7A4BQ77M0CVKZB,583195021,196281169,1.782733,1.782733,1.782734,no,true
9053676,zest-v1,SP1R4MNE4F8DVZ2933MVGYSP9QD9F3D1EP7WNXQTK,SP1R4MNE4F8DVZ2933MVGYSP9QD9F3D1EP7WNXQTK,44426044,27200300,0.979975,0.969686,0.990265,yes,true
9053676,zest-v1,SP1R8DXMHZDRCCBV8R58X616XH8YQZD17V6VHCWQM,SP1R8DXMHZDRCCBV8R58X616XH8YQZD17V6VHCWQM,1454104290,757224050,1.152186,1.152186,1.152186,no,true
9053676,zest-v1,SP1R8K9ZE5XVB9Q13WRA250MX4J1RYGSXABSQ69W1,SP1R8K9ZE5XVB9Q13WRA250MX4J1RYGSXABSQ69W1,7361769331,1100,4015510.544182,3973347.739091,4057673.349818,no,true
9053676,zest-v1,SP1R96QFWDW16K57T0457CE8JKJWYA5RM3KGAAE5Z,SP1R96QFWDW16K57T0457CE8JKJWYA5RM3KGAAE5Z,6518768356,2818189117,1.387863,1.387863,1.387863,no,false
9053676,zest-v1,SP1RA3GKG16WWNA53HRW2BBY9Z6GKXX371V3QWC6Q,SP1RA3GKG16WWNA53HRW2BBY9Z6GKXX371V3QWC6Q,6962429259,3380462807,1.235765,1.235765,1.235765,no,false
9053676,zest-v1,SP1RJ35XQDC8CMB7P1XPHBFBGNSH0GK99PVEFQATD,SP1RJ35XQDC8CMB7P1XPHBFBGNSH0GK99PVEFQATD,4241714630,1978946283,1.286052,1.286052,1.286053,no,false
9053676,zest-v1,SP1RP1T219NCCH0MPHMXX24JCCEMHARA4HVTH30Q9,SP1RP1T219NCCH0MPHMXX24JCCEMHARA4HVTH30Q9,1612347421,376616770,2.568681,2.54171,2.595652,no,true
9053676,zest-v1,SP1RP6MXN0SK2SJTSECS45XASS9YWDZSP5TVSQP37,SP1RP6MXN0SK2SJTSECS45XASS9YWDZSP5TVSQP37,3250885,45186,43.166711,43.166711,43.167243,no,true
9053676,zest-v1,SP1RQEHGEW2S44ESCBG0BA5GZ5QK05E75GSM7PZQW,SP1RQEHGEW2S44ESCBG0BA5GZ5QK05E75GSM7PZQW,3710363770,1477160981,1.507093,1.507093,1.507093,no,false
9053676,zest-v1,SP1RR6PNPESZSC8Y7APDX0GZCBJ394YSFPKVMDK3V,SP1RR6PNPESZSC8Y7APDX0GZCBJ394YSFPKVMDK3V,486210908,142060716,2.053534,2.053534,2.053534,no,true
9053676,zest-v1,SP1RXWD64KMA8J8YH6EQF4PKZEGW9K282MWF75RHM,SP1RXWD64KMA8J8YH6EQF4PKZEGW9K282MWF75RHM,488367447093,101767145549,2.399436,2.360256,2.439446,no,false
9053676,zest-v1,SP1RZCHKJXE617A9GB8346RBGH9636FRF48B8JNE,SP1RZCHKJXE617A9GB8346RBGH9636FRF48B8JNE,57075465,30050416,1.139594,1.139594,1.139594,no,true
9053676,zest-v1,SP1S1GHS6PBTCQN4VDMASZFE9GT2K2DP7QZ39D25F,SP1S1GHS6PBTCQN4VDMASZFE9GT2K2DP7QZ39D25F,4874528996,1818035636,1.608724,1.608724,1.608724,no,false
9053676,zest-v1,SP1S2S18XDQ71A92JVN898S621XAQBDQMY6WT4EA4,SP1S2S18XDQ71A92JVN898S621XAQBDQMY6WT4EA4,6686453122,2874997591,1.395435,1.395435,1.395435,no,false
9053676,zest-v1,SP1S538TKS1HVKKA111X54FCR9DV7YGD069EDTF1F,SP1S538TKS1HVKKA111X54FCR9DV7YGD069EDTF1F,2743113797,720808043,2.283366,2.25939,2.307341,no,true
9053676,zest-v1,SP1S655TNCZ5MHB3BJ5FQ8K8FYKDT42ANJ13JHA5G,SP1S655TNCZ5MHB3BJ5FQ8K8FYKDT42ANJ13JHA5G,3017772001,1074639771,1.684902,1.684902,1.684902,no,false
9053676,zest-v1,SP1SQ0J8VHQ5GF6ZNNQ323CDZMMQN988XSHA128X9,SP1SQ0J8VHQ5GF6ZNNQ323CDZMMQN988XSHA128X9,331960693,76240273,2.612483,2.612483,2.612483,no,true
9053676,zest-v1,SP1SR794KR1W098E1RJR1JKPPX38ZH1NCDYXFJYTF,SP1SR794KR1W098E1RJR1JKPPX38ZH1NCDYXFJYTF,54414379,404,80813.434158,80813.434158,80966.960902,no,true
9053676,zest-v1,SP1SRJP9BRZEC6K8SXPNHN2NFTEAT5JWNKQKP28RB,SP1SRJP9BRZEC6K8SXPNHN2NFTEAT5JWNKQKP28RB,3717031317,181526452,12.285916,12.285916,12.285916,no,true
9053676,zest-v1,SP1SWFS8AR0DYJXZ4P3XW3RMNGVM3E0HNBSHBGPY2,SP1SWFS8AR0DYJXZ4P3XW3RMNGVM3E0HNBSHBGPY2,4766004528,2438359365,1.172757,1.172757,1.172757,no,false
9053676,zest-v1,SP1T0W769CRWYYZTJ91MAF7V2BV64Q34H9P0FW5Q5,SP1T0W769CRWYYZTJ91MAF7V2BV64Q34H9P0FW5Q5,670224,604079,0.554749,0.55142,0.558078,yes,true
9053676,zest-v1,SP1T2FTMXH9QFBKBG45XCKPT0A36SV2KEM88XERWJ,SP1T2FTMXH9QFBKBG45XCKPT0A36SV2KEM88XERWJ,202230591,105544414,1.149643,1.149643,1.149643,no,true
9053676,zest-v1,SP1T4RZDKYPN7QQN2SMX7F73MQ8ZG4SDYX017D8X4,SP1T4RZDKYPN7QQN2SMX7F73MQ8ZG4SDYX017D8X4,34587038188,7224470256,2.872491,2.872491,2.872491,no,false
9053676,zest-v1,SP1T5DA1T7SGVW4BTTZEAQZGNZPAVC5QXV9XT5VH1,SP1T5DA1T7SGVW4BTTZEAQZGNZPAVC5QXV9XT5VH1,2620203672,707258944,2.222838,2.222838,2.222838,no,true
9053676,zest-v1,SP1T6YAEGDDHV4N7M6HMQZA8QDQ6P7ZT8KY33QE1R,SP1T6YAEGDDHV4N7M6HMQZA8QDQ6P7ZT8KY33QE1R,165980485,39935299,2.493741,2.493741,2.493741,no,true
9053676,zest-v1,SP1T7QT0MZZ318GW7HJ91JNTQG5BX438PNH7B5Y1J,SP1T7QT0MZZ318GW7HJ91JNTQG5BX438PNH7B5Y1J,19872861423,7632933534,1.562141,1.545738,1.578543,no,false
9053676,zest-v1,SP1T8NWHGM5HYSC0JEHYW4VQSM4CWCCNN47HQBZRT,SP1T8NWHGM5HYSC0JEHYW4VQSM4CWCCNN47HQBZRT,184010823,36083130,3.059782,3.059782,3.059782,no,true
9053676,zest-v1,SP1TCA7QER9J9NKCKBB78K48TADDFC2GXYM3QQV3X,SP1TCA7QER9J9NKCKBB78K48TADDFC2GXYM3QQV3X,0,235338700,0,0,0,yes,true
9053676,zest-v1,SP1TD7DWWPK3MSXZFV0GTS9MXS5GEGWB29EYNY4KK,SP1TD7DWWPK3MSXZFV0GTS9MXS5GEGWB29EYNY4KK,1370539435,476074711,1.7273,1.7273,1.7273,no,true
9053676,zest-v1,SP1TP5Y9E0FWA6J2A7TPWSFXCV2C5A1BMVYBVAQNN,SP1TP5Y9E0FWA6J2A7TPWSFXCV2C5A1BMVYBVAQNN,3835540960,462853998,4.972031,4.972031,4.972031,no,true
9053676,zest-v1,SP1TRMTVW882W2M7ED9AQ9E3T7YAR47CW3N83AFN,SP1TRMTVW882W2M7ED9AQ9E3T7YAR47CW3N83AFN,10771350800,3572016815,1.809289,1.79512,1.823382,no,false
9053676,zest-v1,SP1TVC1QY4S3ZPVP58M4R52WGH4EXAH6ET5BC24WX,SP1TVC1QY4S3ZPVP58M4R52WGH4EXAH6ET5BC24WX,1583432445,632836850,1.501271,1.501271,1.501271,no,true
9053676,zest-v1,SP1TXD2F8BKQJSYWNSBVR6CCJF6HB52HVP318FXT6,SP1TXD2F8BKQJSYWNSBVR6CCJF6HB52HVP318FXT6,59693262049,28888310190,1.239808,1.239808,1.239808,no,false
9053676,zest-v1,SP1TXNDK4CH2SB794Z390G7P28WZ0S7JY9VWAAWBK,SP1TXNDK4CH2SB794Z390G7P28WZ0S7JY9VWAAWBK,3435374409,1871943624,1.101115,1.101115,1.101115,no,false
9053676,zest-v1,SP1V0MWV8V9Z7MRVJAABWR4XPSFJZ67R4FMN011HE,SP1V0MWV8V9Z7MRVJAABWR4XPSFJZ67R4FMN011HE,135091177,70933641,1.142684,1.142684,1.142684,no,true
9053676,zest-v1,SP1V9KKM0KRE2V86Y506GF9ACWS7MJ81T9192FRPW,SP1V9KKM0KRE2V86Y506GF9ACWS7MJ81T9192FRPW,410179341,156672500,1.570841,1.554347,1.587335,no,true
9053676,zest-v1,SP1VAKZQ2934G25VMRQEFE1065XEARPT3C2KXCWMW,SP1VAKZQ2934G25VMRQEFE1065XEARPT3C2KXCWMW,4777172261,1589542130,1.803226,1.803226,1.803226,no,false
9053676,zest-v1,SP1VCW4ZJWQS58DWR0SCM08ZNENQHD4XD0Z0MPGX5,SP1VCW4ZJWQS58DWR0SCM08ZNENQHD4XD0Z0MPGX5,7687988751,2309799302,1.997054,1.997054,1.997054,no,false
9053676,zest-v1,SP1VFDQK6N41TJN2433SYD6XJ2M8DVT65ZQW5YQD7,SP1VFDQK6N41TJN2433SYD6XJ2M8DVT65ZQW5YQD7,175405593,112590979,0.934741,0.924926,0.944555,yes,true
9053676,zest-v1,SP1VFQFVF6QKEVDSRVQA3HTBPZBRPV2ZJVZYETASF,SP1VFQFVF6QKEVDSRVQA3HTBPZBRPV2ZJVZYETASF,4073045796,5583,437726.576679,437677.343457,437726.576679,no,true
9053676,zest-v1,SP1VFTXPFH4S8T99NHWQBJ8BECKZFQ3YFXRN4NJY8,SP1VFTXPFH4S8T99NHWQBJ8BECKZFQ3YFXRN4NJY8,184010823,36083192,3.059776,3.059776,3.059776,no,true
9053676,zest-v1,SP1VNCNJHTEFRN1D2NN4XZ78T7TKZJTRT2MNRBW2Z,SP1VNCNJHTEFRN1D2NN4XZ78T7TKZJTRT2MNRBW2Z,7600923136,3389988515,1.345301,1.345301,1.345301,no,false
9053676,zest-v1,SP1W35PY711H9N28DA00M3GDDEAKNDWR6M5FYC8YA,SP1W35PY711H9N28DA00M3GDDEAKNDWR6M5FYC8YA,18294,154,71.275325,70.988235,71.275325,no,true
9053676,zest-v1,SP1W5SQ4WCQ7VCSY3Y5NQAC328K63YFB5YYRBGQJ2,SP1W5SQ4WCQ7VCSY3Y5NQAC328K63YFB5YYRBGQJ2,35487,330,64.521818,64.419162,64.521818,no,true
9053676,zest-v1,SP1W5YQQ375XGC1Q14D8GZ22MJZMR6QYG9YAYSBC,SP1W5YQQ375XGC1Q14D8GZ22MJZMR6QYG9YAYSBC,29126992643,25304273729,1.035963,1.035963,1.035963,no,false
9053676,zest-v1,SP1W8C25TZCXDQTAR7MZQPSNF8C73274DCNT2NWJZ,SP1W8C25TZCXDQTAR7MZQPSNF8C73274DCNT2NWJZ,177603936,75521900,1.411013,1.396197,1.425828,no,true
9053676,zest-v1,SP1WHA75KA89M4PHGXXNZMEFA7SKSFHTRKPYN7K5V,SP1WHA75KA89M4PHGXXNZMEFA7SKSFHTRKPYN7K5V,7373926570,2613293737,1.693019,1.693019,1.693019,no,false
9053676,zest-v1,SP1WQAB4ES6PNN3D115XAXGHRPRP160T46NM9ETH2,SP1WQAB4ES6PNN3D115XAXGHRPRP160T46NM9ETH2,319912339335,166864174704,1.150321,1.150321,1.150321,no,false
9053676,zest-v1,SP1WQJ2JMT1PGPMYW13E6P3QYAPBCC3ZJ5ATX599S,SP1WQJ2JMT1PGPMYW13E6P3QYAPBCC3ZJ5ATX599S,1289700770,708797477,1.091737,1.091737,1.091737,no,true
9053676,zest-v1,SP1WST899N8B2VR76DCHQ56ZQ78R9VSYT2B2RNTJY,SP1WST899N8B2VR76DCHQ56ZQ78R9VSYT2B2RNTJY,150633029,354591483,0.212404,0.211129,0.213678,yes,true
9053676,zest-v1,SP1WY102H26RKKV4WKHH3ZB9KGVBE925HP6PH3WE5,SP1WY102H26RKKV4WKHH3ZB9KGVBE925HP6PH3WE5,30601,734,25.014441,24.990371,25.014441,no,true
9053676,zest-v1,SP1WY6GSNF3GQT6ZGE90SC5EGNQGP9HVHAZ8F3KQN,SP1WY6GSNF3GQT6ZGE90SC5EGNQGP9HVHAZ8F3KQN,313846366,138598473,1.358657,1.344391,1.372923,no,true
9053676,zest-v1,SP1WYX7K5Z83JK6WVAYG452K28JM1Y5JH6NH957RN,SP1WYX7K5Z83JK6WVAYG452K28JM1Y5JH6NH957RN,183826614134,62803418127,1.75621,1.75621,1.75621,no,false
9053676,zest-v1,SP1X0M0CE2J5XZ8A7DGTKHWZQMN5ZFRP7H5ZJJ97B,SP1X0M0CE2J5XZ8A7DGTKHWZQMN5ZFRP7H5ZJJ97B,190123241,9605096,11.876398,11.876398,11.876399,no,true
9053676,zest-v1,SP1X54RCNJS8GYHQ7ENN11JTQV74BVX15C5QMN1A,SP1X54RCNJS8GYHQ7ENN11JTQV74BVX15C5QMN1A,10117391388,3737780333,1.624075,1.623586,1.624554,no,false
9053676,zest-v1,SP1XAVKTJ4V37930D7T39N4DWQTW993RMNKSKQC94,SP1XAVKTJ4V37930D7T39N4DWQTW993RMNKSKQC94,3602458,3629686,0.496249,0.493272,0.499227,yes,true
9053676,zest-v1,SP1XHXFT81FMFW616W3JZ9Q1NC88VJXMXVWKGE7GP,SP1XHXFT81FMFW616W3JZ9Q1NC88VJXMXVWKGE7GP,355285616,125891100,1.6933,1.67552,1.711079,no,true
9053676,zest-v1,SP1XHZJ9QQGM8WQXK0BHMDE61XQG26NTTQRHZWKG3,SP1XHZJ9QQGM8WQXK0BHMDE61XQG26NTTQRHZWKG3,15279152,417258,21.970798,21.970787,21.970809,no,true
9053676,zest-v1,SP1XPCCJE4NR82X6D8PX32NF1KAYYM36B5T83J6GP,SP1XPCCJE4NR82X6D8PX32NF1KAYYM36B5T83J6GP,21678374424,17834100,729.334514,721.676512,736.992516,no,true
9053676,zest-v1,SP1XSM7TXGZ5JGY1DF4R6NPWSH1XKQCVZ1XARH0KA,SP1XSM7TXGZ5JGY1DF4R6NPWSH1XKQCVZ1XARH0KA,33557165,39678948,0.50743,0.502102,0.512758,yes,true
9053676,zest-v1,SP1XVFZJJ48Y5586BTDWE22MXFDCYZKCDRWY6T0AA,SP1XVFZJJ48Y5586BTDWE22MXFDCYZKCDRWY6T0AA,33914210,2204,9232.543557,9231.942503,9233.132196,no,true
9053676,zest-v1,SP1XWB45KS2HPJ1C25C2NX7FSZQZ7AFFS3HCGZF1K,SP1XWB45KS2HPJ1C25C2NX7FSZQZ7AFFS3HCGZF1K,368068634,181789460,1.214818,1.214818,1.214818,no,true
9053676,zest-v1,SP1Y0CP644NV3TTQM5VBWM137K1VC0BJQ13WXMADZ,SP1Y0CP644NV3TTQM5VBWM137K1VC0BJQ13WXMADZ,26377,330,47.958182,47.879641,47.958182,no,true
9053676,zest-v1,SP1Y27D4F7HTSM43HK391Z3Q8K313JBCWT3ZTASMW,SP1Y27D4F7HTSM43HK391Z3Q8K313JBCWT3ZTASMW,3768715343,1868487513,1.210192,1.210192,1.210192,no,false
9053676,zest-v1,SP1Y2T8VZ3KSH3ASQN42ZT291JPEGEX292HKN525D,SP1Y2T8VZ3KSH3ASQN42ZT291JPEGEX292HKN525D,1197142,324070,2.216451,2.216449,2.216453,no,true
9053676,zest-v1,SP1YCKGH91VHNXYF73MQQQW9F9KX0R8QFKPCNC63V,SP1YCKGH91VHNXYF73MQQQW9F9KX0R8QFKPCNC63V,147465559,77002227,1.149049,1.149049,1.149049,no,true
9053676,zest-v1,SP1YEPYCQP39HBK44CJG01BNK3C5YGW0C3CY264M2,SP1YEPYCQP39HBK44CJG01BNK3C5YGW0C3CY264M2,97354689027,24649843000,2.369703,2.344821,2.394585,no,false
9053676,zest-v1,SP1YGSVXM5PZW4S74W8MRATXJDHVK5MFZS9T0V7VY,SP1YGSVXM5PZW4S74W8MRATXJDHVK5MFZS9T0V7VY,3292473665,825453330,2.393211,2.368084,2.418338,no,true
9053676,zest-v1,SP1YJK4CXRHXN76KZHK619SV0NG8AT9E582GF01D8,SP1YJK4CXRHXN76KZHK619SV0NG8AT9E582GF01D8,2165480654,755863519,1.718946,1.718946,1.718946,no,true
9053676,zest-v1,SP1YKQ0R4ZBH818MZXKQW34133358GGRPV8N7Y66J,SP1YKQ0R4ZBH818MZXKQW34133358GGRPV8N7Y66J,1404093736,723196128,1.164907,1.164907,1.164907,no,true
9053676,zest-v1,SP1YMFYH8GJC31T4FDHS5R1R8PMDZRAGFFPKHFER7,SP1YMFYH8GJC31T4FDHS5R1R8PMDZRAGFFPKHFER7,18405,110,100.390909,100.244037,100.52973,no,true
9053676,zest-v1,SP1YN7GXMSGEQMVXZMSHRC8YRGC6XDJK6B8NZ7ZAB,SP1YN7GXMSGEQMVXZMSHRC8YRGC6XDJK6B8NZ7ZAB,1840108422,360831548,3.05978,3.05978,3.05978,no,true
9053676,zest-v1,SP1YNZ4B6ZDGZB2QHW8B1MSD839RY564QEXCDR7A3,SP1YNZ4B6ZDGZB2QHW8B1MSD839RY564QEXCDR7A3,184010823,36083130,3.059782,3.059782,3.059782,no,true
9053676,zest-v1,SP1YSYNQN3CJF13DF9YMFG93VH7XQ352SPJ0JNK7F,SP1YSYNQN3CJF13DF9YMFG93VH7XQ352SPJ0JNK7F,225156,239070,0.56508,0.559147,0.571013,yes,true
9053676,zest-v1,SP1YVPFJZ2GP901VQWY0WQQ8F6C2NDD878KH1EDCP,SP1YVPFJZ2GP901VQWY0WQQ8F6C2NDD878KH1EDCP,36802164,7216638,3.059776,3.059776,3.059777,no,true
9053676,zest-v1,SP1YX03R9CA37ZSM8YG9B44QZJKC440THK43CAF8Y,SP1YX03R9CA37ZSM8YG9B44QZJKC440THK43CAF8Y,14061054554,6081139603,1.387344,1.381897,1.39272,no,false
9053676,zest-v1,SP1Z1BNTZJ79GRJ4F6J9JV4C1NC6Z4CAW0C7BZSZK,SP1Z1BNTZJ79GRJ4F6J9JV4C1NC6Z4CAW0C7BZSZK,7515542597,1709239500,2.638206,2.610505,2.665907,no,false
9053676,zest-v1,SP1Z7Q061F8YEDNQCS52VGT3HG1T0R0J5VAPEE1S7,SP1Z7Q061F8YEDNQCS52VGT3HG1T0R0J5VAPEE1S7,184003807,95573088,1.155161,1.155161,1.155161,no,true
9053676,zest-v1,SP1Z80QY12ZHKVV59KR72SJ6ZPJA2833VKW53JHD5,SP1Z80QY12ZHKVV59KR72SJ6ZPJA2833VKW53JHD5,1104271,61,10861.681967,10747.632787,10861.681967,no,true
9053676,zest-v1,SP1ZACF7WEXMNXV9R03C1QRPGM8V6DQ7KB919RNDH,SP1ZACF7WEXMNXV9R03C1QRPGM8V6DQ7KB919RNDH,6870835465,2827575681,1.457963,1.457963,1.457963,no,false
9053676,zest-v1,SP1ZBR3FWRCKWKYCCN8V3B5M1XBAJD2YKHK9WYQ38,SP1ZBR3FWRCKWKYCCN8V3B5M1XBAJD2YKHK9WYQ38,20480154,1008390,12.185853,12.185852,12.185854,no,true
9053676,zest-v1,SP1ZFYA52KJP45K8PEW75RC47D26ZRFNSZQRV7A4W,SP1ZFYA52KJP45K8PEW75RC47D26ZRFNSZQRV7A4W,129395016593,39252985439,1.977863,1.977415,1.978301,no,false
9053676,zest-v1,SP1ZJW1V01F36YRTFY4NQA8E497VK1YB89VM5Z7FX,SP1ZJW1V01F36YRTFY4NQA8E497VK1YB89VM5Z7FX,19131427107,10276098756,1.117044,1.116934,1.117152,no,false
9053676,zest-v1,SP1ZP650KJDD91TQXBPS6EB4T54EF237NW1MN0G8N,SP1ZP650KJDD91TQXBPS6EB4T54EF237NW1MN0G8N,92750305,24707400,2.252369,2.228719,2.276019,no,true
9053676,zest-v1,SP1ZQYG5H5SPF4Z49RAZDKMFSGKK7ACTYNY3QM70C,SP1ZQYG5H5SPF4Z49RAZDKMFSGKK7ACTYNY3QM70C,0,1716,0,0,0,yes,true
9053676,zest-v1,SP1ZW56W69Y6WHE2Y7P3G5GSB3B9WZV0X1W467BKF,SP1ZW56W69Y6WHE2Y7P3G5GSB3B9WZV0X1W467BKF,1840108422,360831548,3.05978,3.05978,3.05978,no,true
9053676,zest-v1,SP1ZXB641189AX4EEPCRQMST94GGC3X777PM2FFCA,SP1ZXB641189AX4EEPCRQMST94GGC3X777PM2FFCA,3740348,5215000,0.430337,0.425819,0.434856,yes,true
9053676,zest-v1,SP1ZZ7G7R1R548DC7EBVKGWV83EBZXFNA00VDP5FH,SP1ZZ7G7R1R548DC7EBVKGWV83EBZXFNA00VDP5FH,3352803235,181524348,11.08216,11.08216,11.08216,no,true
9053676,zest-v1,SP2021Q3J7A69XDMJ2XBVMAHF0XNXMJ536F0PG1K3,SP2021Q3J7A69XDMJ2XBVMAHF0XNXMJ536F0PG1K3,3741189958,1854840751,1.210192,1.210192,1.210192,no,false
9053676,zest-v1,SP205FZ5CTRA5472NXY9W0PXZWMAT1PF7BXBZNXB5,SP205FZ5CTRA5472NXY9W0PXZWMAT1PF7BXBZNXB5,12999924098,2842069800,2.744463,2.715646,2.773279,no,false
9053676,zest-v1,SP20670DDG79SX8ASZ6X7V65X2P5NXZ3RN4NZNVZK,SP20670DDG79SX8ASZ6X7V65X2P5NXZ3RN4NZNVZK,1970960801,1077344718,1.097677,1.097677,1.097677,no,false
9053676,zest-v1,SP20A3HVQBR8JT5N51KY356ZVBWMDXRZ8QWQFXDP4,SP20A3HVQBR8JT5N51KY356ZVBWMDXRZ8QWQFXDP4,5299248,18323100,0.173527,0.171705,0.175349,yes,true
9053676,zest-v1,SP20EXN4R20YEJQ2B9D28C4AKVQ4Q8MY22DJ17M2H,SP20EXN4R20YEJQ2B9D28C4AKVQ4Q8MY22DJ17M2H,49339002,83438300,0.354794,0.351069,0.358519,yes,true
9053676,zest-v1,SP20M3DXS8P1ZP7X2RVVA0Q162A21X0XBNJKY1VEX,SP20M3DXS8P1ZP7X2RVVA0Q162A21X0XBNJKY1VEX,14694,185,47.656216,47.64385,47.672131,no,true
9053676,zest-v1,SP20MFRJKMXAB8KZECJZ0CMDGNPYPH3GGEKAQ30PC,SP20MFRJKMXAB8KZECJZ0CMDGNPYPH3GGEKAQ30PC,25356374,1008390,15.087242,15.087241,15.087243,no,true
9053676,zest-v1,SP20Q1H42BNH6YD6WFPCX4RZC9VDJXD8HEZTRF0CZ,SP20Q1H42BNH6YD6WFPCX4RZC9VDJXD8HEZTRF0CZ,1459384729,218016844,4.016345,4.016345,4.016345,no,true
9053676,zest-v1,SP20QZBHD8QZKS9NGV9FQ76KQ6AD98SGQKXYQ2ZPG,SP20QZBHD8QZKS9NGV9FQ76KQ6AD98SGQKXYQ2ZPG,677380892,240660074,1.688807,1.671075,1.70654,no,true
9053676,zest-v1,SP20X0BMMX8A2F5BST7J4Q322TQGD8Y43QJZ524JS,SP20X0BMMX8A2F5BST7J4Q322TQGD8Y43QJZ524JS,61058146991,19261281778,1.901996,1.901996,1.901996,no,false
9053676,zest-v1,SP2145N7YM7X8D68WWC5ACW00QF5G85FM1YGCKY1B,SP2145N7YM7X8D68WWC5ACW00QF5G85FM1YGCKY1B,196055758,102318408,1.14968,1.14968,1.14968,no,true
9053676,zest-v1,SP214CGYXQCBJWA41Z4T3N8MM39G9WWR6AHYKRJFK,SP214CGYXQCBJWA41Z4T3N8MM39G9WWR6AHYKRJFK,6822099127,3543558778,1.155127,1.155127,1.155127,no,false
9053676,zest-v1,SP218TBV9HWW8QQRARHQ6XK7G10271SQTTCCTHW20,SP218TBV9HWW8QQRARHQ6XK7G10271SQTTCCTHW20,1454,711,1.227004,1.225869,1.227004,no,true
9053676,zest-v1,SP2199VESQD8NT7TTA6KFQTRV9Q61XA3BW1B9V6WX,SP2199VESQD8NT7TTA6KFQTRV9Q61XA3BW1B9V6WX,508500715,375687160,0.812113,0.812113,0.812113,yes,true
9053676,zest-v1,SP21BKCJC80FR7T55Z0ZTKGP7BC8HJV6B99T4BM34,SP21BKCJC80FR7T55Z0ZTKGP7BC8HJV6B99T4BM34,187819292,95425700,1.180935,1.168535,1.193335,no,true
9053676,zest-v1,SP21F3JVMZN4Y64QZTDFYZZ0FMX5EG285AEK26XAF,SP21F3JVMZN4Y64QZTDFYZZ0FMX5EG285AEK26XAF,244045615,169572743,0.71959,0.70784,0.731589,yes,true
9053676,zest-v1,SP21PTW33GW7K884735R4SH96RPPWRE7VXHRFVQVE,SP21PTW33GW7K884735R4SH96RPPWRE7VXHRFVQVE,5336076794,2064594002,1.550739,1.550739,1.550739,no,false
9053676,zest-v1,SP21TMS2PXRAAKH1D6GDZ9KD1JYJW7SXX54XHJ1AS,SP21TMS2PXRAAKH1D6GDZ9KD1JYJW7SXX54XHJ1AS,165958202,36287333,2.744068,2.744068,2.744068,no,true
9053676,zest-v1,SP21TNJGAC1X3Q8313SNXKTHREYF2D3HCNRGKGRM4,SP21TNJGAC1X3Q8313SNXKTHREYF2D3HCNRGKGRM4,5126129341,2045697712,1.503486,1.503486,1.503486,no,false
9053676,zest-v1,SP21W0F2W0GFKP02T87AQACFQHF02WWVPHF8MQSDK,SP21W0F2W0GFKP02T87AQACFQHF02WWVPHF8MQSDK,2526399424,901050921,1.682302,1.682302,1.682302,no,true
9053676,zest-v1,SP21WZ9DAQHMS9B3TX3VJ1D89EYP0RQXA34QPB69T,SP21WZ9DAQHMS9B3TX3VJ1D89EYP0RQXA34QPB69T,4416488203,1482420345,1.787545,1.787545,1.787545,no,false
9053676,zest-v1,SP21Y3KSRJRDF39WBSDAFRYAEH8G9ZW3EWDQ2YSB9,SP21Y3KSRJRDF39WBSDAFRYAEH8G9ZW3EWDQ2YSB9,2193877768,738739570,1.781855,1.781855,1.781855,no,true
9053676,zest-v1,SP21YYAXGWPEK24D4J6127944QM4HVS0AAT6C5TX2,SP21YYAXGWPEK24D4J6127944QM4HVS0AAT6C5TX2,36515677,3630478,6.034854,6.034854,6.034854,no,true
9053676,zest-v1,SP224G21ZK17WA7D2VZC17JPWQ1PWEDPB418HM127,SP224G21ZK17WA7D2VZC17JPWQ1PWEDPB418HM127,6649,844,4.726777,4.72177,4.726777,no,true
9053676,zest-v1,SP226X8S1JHGSZJ6KKYA0D2H6NNAMNCAYXWPRDKN6,SP226X8S1JHGSZJ6KKYA0D2H6NNAMNCAYXWPRDKN6,5309350654,1455845845,2.188151,2.188151,2.188151,no,false
9053676,zest-v1,SP22AG163Q337WVNQ3KYY3DNKEA7C4Z1WWH22DNQ5,SP22AG163Q337WVNQ3KYY3DNKEA7C4Z1WWH22DNQ5,28318,2969,5.722735,5.662715,5.782755,no,true
9053676,zest-v1,SP22ARKWN5F6CCYXX5DYVJQCE2YSAPGEEYDZHYSVR,SP22ARKWN5F6CCYXX5DYVJQCE2YSAPGEEYDZHYSVR,5555607007,2892225092,1.152526,1.152526,1.152526,no,false
9053676,zest-v1,SP22RJ9GSWXWTV2F1JSHNKE4A62P4PBY1A1G549BZ,SP22RJ9GSWXWTV2F1JSHNKE4A62P4PBY1A1G549BZ,234224,249725,0.562757,0.556849,0.568665,yes,true
9053676,zest-v1,SP22TS112NMSK54WGFR7HVB5320KJHAPH2A6EFHF7,SP22TS112NMSK54WGFR7HVB5320KJHAPH2A6EFHF7,368015733,207900,1062.094468,1050.942491,1073.246444,no,true
9053676,zest-v1,SP22VK42TD6TGSGMVQE3KRZ04YFE47WZYY7G0T893,SP22VK42TD6TGSGMVQE3KRZ04YFE47WZYY7G0T893,274009826,108890969,1.509821,1.509821,1.509821,no,true
9053676,zest-v1,SP22VW8FV3Y47C7FRDB9J89XEF53AYHGA3TZHCH32,SP22VW8FV3Y47C7FRDB9J89XEF53AYHGA3TZHCH32,16342200755,7907769656,1.23996,1.23996,1.23996,no,false
9053676,zest-v1,SP22YZ90FF9KC1JFJE3G664KRBNXX2JQKQBD0D9JG,SP22YZ90FF9KC1JFJE3G664KRBNXX2JQKQBD0D9JG,9460362138,3459288540,1.640863,1.640863,1.640863,no,false
9053676,zest-v1,SP234NYXB20YQBVXANCXFAETTN214VHHGZ3AVTCED,SP234NYXB20YQBVXANCXFAETTN214VHHGZ3AVTCED,224192811,147674700,0.910892,0.901328,0.920456,yes,true
9053676,zest-v1,SP236FFCREY39JKPS8N3JPG2HRHA7YM3Z21J5PVC3,SP236FFCREY39JKPS8N3JPG2HRHA7YM3Z21J5PVC3,229674,246588,0.558845,0.552978,0.564714,yes,true
9053676,zest-v1,SP237V09675NR572ZEW9YM4F2PQWJ34KTGCNJKY30,SP237V09675NR572ZEW9YM4F2PQWJ34KTGCNJKY30,23080795,591131,23.427086,23.427051,23.427086,no,true
9053676,zest-v1,SP238277TE5SRPBDTPJ7R51CNRJ2Z0MM042FJ3JZY,SP238277TE5SRPBDTPJ7R51CNRJ2Z0MM042FJ3JZY,10670490476,2685343893,2.384162,2.359128,2.409195,no,false
9053676,zest-v1,SP239ZXF4CV1J2APZG82ZBCQDXBV5BMQ2EJR1AS4S,SP239ZXF4CV1J2APZG82ZBCQDXBV5BMQ2EJR1AS4S,73495316,56596600,0.779149,0.770968,0.78733,yes,true
9053676,zest-v1,SP23AG7C2K5PQB547CF6AP280N3ZNNAAZE5JPZ11W,SP23AG7C2K5PQB547CF6AP280N3ZNNAAZE5JPZ11W,4970639544,1818022358,1.640455,1.640455,1.640455,no,false
9053676,zest-v1,SP23B0XMZSJW3EX5TSPZZ7D6X9EPT3CA7K2TZFSPB,SP23B0XMZSJW3EX5TSPZZ7D6X9EPT3CA7K2TZFSPB,3296276550,1224762259,1.614816,1.614816,1.614816,no,false
9053676,zest-v1,SP23BYPV6CSGAVSE8NYXHE47W4A481D4BARVHY4M5,SP23BYPV6CSGAVSE8NYXHE47W4A481D4BARVHY4M5,867512435,480033501,1.084315,1.084315,1.084315,no,true
9053676,zest-v1,SP23D2QGEAWMY75VVJW2Q67RAFGT3M5XJGTNS9VV9,SP23D2QGEAWMY75VVJW2Q67RAFGT3M5XJGTNS9VV9,158490937,104242800,0.912241,0.902663,0.92182,yes,true
9053676,zest-v1,SP23DPK544CQNX958YBKT5GEMQ7N5BDZA40869E7W,SP23DPK544CQNX958YBKT5GEMQ7N5BDZA40869E7W,2526394097,899828485,1.684584,1.684584,1.684584,no,true
9053676,zest-v1,SP23FHX061WDTW4K4BN1A07WA041S1M7B6CEAJFJQ,SP23FHX061WDTW4K4BN1A07WA041S1M7B6CEAJFJQ,1191426964,577619843,1.237589,1.237589,1.237589,no,true
9053676,zest-v1,SP23FXJ9G1D5GYWBARAW269N5WGF75EBECFXFHZ7D,SP23FXJ9G1D5GYWBARAW269N5WGF75EBECFXFHZ7D,6360317499,2480007246,1.538782,1.538782,1.538782,no,false
9053676,zest-v1,SP23HPNEMH64THDRY5PNKCTA481CBB8R25CFCRZ6N,SP23HPNEMH64THDRY5PNKCTA481CBB8R25CFCRZ6N,5152320630,1746603277,1.769945,1.769945,1.769945,no,false
9053676,zest-v1,SP23T2MHR9HW9XZW4TWZKRYZZ6FK33GH4K4869R66,SP23T2MHR9HW9XZW4TWZKRYZZ6FK33GH4K4869R66,3233096,4642,417.892632,417.869495,417.916133,no,true
9053676,zest-v1,SP23YFKQQB2A83TQCDC4MEQPEKQZJKP83A48XMWXV,SP23YFKQQB2A83TQCDC4MEQPEKQZJKP83A48XMWXV,37875,2878,7.896108,7.895435,7.896768,no,true
9053676,zest-v1,SP23YTQDD36TXW1Z3CFKGHWBGDBB4R2B0GFTZ649Q,SP23YTQDD36TXW1Z3CFKGHWBGDBB4R2B0GFTZ649Q,123449568,1974089,37.520973,37.520971,37.520975,no,true
9053676,zest-v1,SP2417H88DQFN7FNDMSKM9N0B3Q6GNGEM40W7ZAZW,SP2417H88DQFN7FNDMSKM9N0B3Q6GNGEM40W7ZAZW,384142,57113,4.0356,4.035556,4.0356,no,true
9053676,zest-v1,SP2419ABMN44BQ275GD5GKESDPBWM4GX1BG8MY2A,SP2419ABMN44BQ275GD5GKESDPBWM4GX1BG8MY2A,262516358,180867400,0.870858,0.861714,0.880002,yes,true
9053676,zest-v1,SP247A8K42S2YQW314MWWKV8N6FVPN8TMPZX0VEW5,SP247A8K42S2YQW314MWWKV8N6FVPN8TMPZX0VEW5,215078299,243600,529.749505,524.187143,535.311867,no,true
9053676,zest-v1,SP24AGJFKRWK7EMYBFA7J4R2HXR7Z7883FT8KCHSK,SP24AGJFKRWK7EMYBFA7J4R2HXR7Z7883FT8KCHSK,4792463,4229900,0.679798,0.67266,0.686936,yes,true
9053676,zest-v1,SP24HEW4DX7QGE41AV6B67J37M12XQJRJGQM8C8F5,SP24HEW4DX7QGE41AV6B67J37M12XQJRJGQM8C8F5,2183714162,726356902,1.803836,1.803836,1.803836,no,true
9053676,zest-v1,SP24HT8K6HQBAG1RFGEE0MMB6QKVXW920FJ3YQ69J,SP24HT8K6HQBAG1RFGEE0MMB6QKVXW920FJ3YQ69J,6927961792,3363727721,1.235765,1.235765,1.235765,no,false
9053676,zest-v1,SP24M0BHJZRZW8ACE5WEECWYDGH6RD3TZTK1D9ABZ,SP24M0BHJZRZW8ACE5WEECWYDGH6RD3TZTK1D9ABZ,165980331,39935329,2.493737,2.493737,2.493737,no,true
9053676,zest-v1,SP24Q4PHRJR2XA9W04TM51AFVT59E44VT0Q0ABFFH,SP24Q4PHRJR2XA9W04TM51AFVT59E44VT0Q0ABFFH,4982626985,1841160843,1.623745,1.623745,1.623745,no,false
9053676,zest-v1,SP24RW51MKAV6XRZ1JSMRYZTKDRE1FJZ5DNWCMXJ5,SP24RW51MKAV6XRZ1JSMRYZTKDRE1FJZ5DNWCMXJ5,27576988,66743200,0.247908,0.245305,0.250511,yes,true
9053676,zest-v1,SP24Z7C1VBBEQ8Y988E6CCR42MW8F7D37BVKK01TA,SP24Z7C1VBBEQ8Y988E6CCR42MW8F7D37BVKK01TA,0,53928400,0,0,0,yes,true
9053676,zest-v1,SP24Z9YPQ4TTP04Q0V77FNNK5MPWCRJQ2WQYR945D,SP24Z9YPQ4TTP04Q0V77FNNK5MPWCRJQ2WQYR945D,3496120902,242036000,8.666779,8.575778,8.75778,no,true
9053676,zest-v1,SP250EWQ2XVTVC79YCFSFM3KYC63E9KMEDFBSVN96,SP250EWQ2XVTVC79YCFSFM3KYC63E9KMEDFBSVN96,721827656,359493669,1.204741,1.204741,1.204741,no,true
9053676,zest-v1,SP255M5D0S3JZBY6XF2R8C5V1ZQA5FXQM6Q1A7EZ5,SP255M5D0S3JZBY6XF2R8C5V1ZQA5FXQM6Q1A7EZ5,32939766,40202500,0.491608,0.486446,0.49677,yes,true
9053676,zest-v1,SP255R4NT3VXHGHHQP4A6YZK0RKA20ZXRRHDFYG1X,SP255R4NT3VXHGHHQP4A6YZK0RKA20ZXRRHDFYG1X,5613082995,2225656840,1.513194,1.513194,1.513194,no,false
9053676,zest-v1,SP256W5CZ649T316REA29NR3H5ZK6ACA160CYF2XT,SP256W5CZ649T316REA29NR3H5ZK6ACA160CYF2XT,2165480654,900070416,1.443541,1.443541,1.443541,no,true
9053676,zest-v1,SP256XEJDBY37SS4JEQAEVDX4Y421TXNTTSJ7RPCQ,SP256XEJDBY37SS4JEQAEVDX4Y421TXNTTSJ7RPCQ,250693535304,197720124586,1.141129,1.141129,1.141129,no,false
9053676,zest-v1,SP257MXWZK04XRGY7HYY69QSFV62TX2PC8A49WWSB,SP257MXWZK04XRGY7HYY69QSFV62TX2PC8A49WWSB,46398,5106,5.452174,5.451534,5.452174,no,true
9053676,zest-v1,SP2591N54T6FTX1YJND3TKDY5TB1RWFFWXZYW9XZ,SP2591N54T6FTX1YJND3TKDY5TB1RWFFWXZYW9XZ,7433630132,3851694356,1.157978,1.157978,1.157978,no,false
9053676,zest-v1,SP25KA1RNTEA1YDWWPTMZH2DRYC0SHRR7Z9ZA29QT,SP25KA1RNTEA1YDWWPTMZH2DRYC0SHRR7Z9ZA29QT,3864240490,1728051295,1.34171,1.34171,1.34171,no,false
9053676,zest-v1,SP25KR14Y2E3SPNDWAWE39391XEXWXKR28RKARKTJ,SP25KR14Y2E3SPNDWAWE39391XEXWXKR28RKARKTJ,3725819350,1727358120,1.294168,1.294168,1.294168,no,false
9053676,zest-v1,SP25V5VHY8EXNJ3PEVH6D9P9MDE9BYM5P17A528KV,SP25V5VHY8EXNJ3PEVH6D9P9MDE9BYM5P17A528KV,1620901,417258,2.33079,2.330789,2.33079,no,true
9053676,zest-v1,SP25V846EXWPC9XMCGMGK54FEX9DJ427WX28ZH98D,SP25V846EXWPC9XMCGMGK54FEX9DJ427WX28ZH98D,335112,265074,0.63211,0.628317,0.635904,yes,true
9053676,zest-v1,SP25WCP3QWQR6EGASRKW0KVSQ460PNHFBQ79VAZDR,SP25WCP3QWQR6EGASRKW0KVSQ460PNHFBQ79VAZDR,14100591878,7293226489,1.160029,1.160029,1.160029,no,false
9053676,zest-v1,SP25X4ZVYPKA7W65RN9YFSMRM5XJ77JZAX9JAQNX,SP25X4ZVYPKA7W65RN9YFSMRM5XJ77JZAX9JAQNX,13836331,7187189,1.155083,1.155083,1.155083,no,true
9053676,zest-v1,SP25ZKQSRE95ZKRV7BJHCMTWG3XHWME3CQYEE6X0Z,SP25ZKQSRE95ZKRV7BJHCMTWG3XHWME3CQYEE6X0Z,84640397,34640551,1.466034,1.466034,1.466034,no,true
9053676,zest-v1,SP260SFRAVYMB98QKM5ATNKPC22P47G8PDMKR82N8,SP260SFRAVYMB98QKM5ATNKPC22P47G8PDMKR82N8,300627859,164348700,1.097524,1.086,1.109048,no,true
9053676,zest-v1,SP262PDQ7VA401X7FSP8PHH3F0W6YTWA7YW9A6R4K,SP262PDQ7VA401X7FSP8PHH3F0W6YTWA7YW9A6R4K,702649278,157202547,2.681824,2.681824,2.681824,no,true
9053676,zest-v1,SP26719B4034HGEH5BYKNVXXXDV9AT6J068JDFM2G,SP26719B4034HGEH5BYKNVXXXDV9AT6J068JDFM2G,6045824542,2396207467,1.513848,1.513848,1.513848,no,false
9053676,zest-v1,SP267M0D84XPBWM0XWZ6NAB92TMKH89W6GBE7ZZP8,SP267M0D84XPBWM0XWZ6NAB92TMKH89W6GBE7ZZP8,375345608,186550053,1.207222,1.207222,1.207222,no,true
9053676,zest-v1,SP26GMJFH3PH7GZK4DRRN9Q7K65YR1C04417KV0F9,SP26GMJFH3PH7GZK4DRRN9Q7K65YR1C04417KV0F9,55546,4178,7.976927,7.976646,7.977068,no,true
9053676,zest-v1,SP26M0D73ZRBKCW385ZHP02DBGWCAY4Y4FFPFWEGK,SP26M0D73ZRBKCW385ZHP02DBGWCAY4Y4FFPFWEGK,5225467255,1994843029,1.571693,1.571693,1.571693,no,false
9053676,zest-v1,SP26NBGDCS4SR4G6R5FGCTHDBV2KQP8M2S6Q9Z5PG,SP26NBGDCS4SR4G6R5FGCTHDBV2KQP8M2S6Q9Z5PG,2695997111,1047184476,1.544712,1.544712,1.544712,no,false
9053676,zest-v1,SP26T18A9A751CM9V9BZJJ80WPRGERF4BSBJZN76W,SP26T18A9A751CM9V9BZJJ80WPRGERF4BSBJZN76W,1192182,93312,7.665779,7.665779,7.665843,no,true
9053676,zest-v1,SP26T3TJQ9H12MZ2K7A64YT40MPEAF557AHX6P4PB,SP26T3TJQ9H12MZ2K7A64YT40MPEAF557AHX6P4PB,3717031317,2475,901098.501091,901093.985206,901103.112862,no,true
9053676,zest-v1,SP26WMWG6PTR2QCH3XXPH5SZHH2FZ4WCSJJ32DBNP,SP26WMWG6PTR2QCH3XXPH5SZHH2FZ4WCSJJ32DBNP,3250916,417258,4.674685,4.674682,4.674688,no,true
9053676,zest-v1,SP26XS066PNXV9M28HP4EZVS7R36JWVGERW58H5KW,SP26XS066PNXV9M28HP4EZVS7R36JWVGERW58H5KW,31962451580,8086174600,2.371637,2.346735,2.396539,no,false
9053676,zest-v1,SP272A2XX6NQ94J6VFX7D3X68PV5F3XEK1QXKD8X8,SP272A2XX6NQ94J6VFX7D3X68PV5F3XEK1QXKD8X8,1098548544,402301222,1.638397,1.638397,1.638397,no,true
9053676,zest-v1,SP273SWYJNKJNS07QAJ6W3Q888CPKNTP00GRZCGVH,SP273SWYJNKJNS07QAJ6W3Q888CPKNTP00GRZCGVH,77929464,100094300,0.467136,0.462231,0.472041,yes,true
9053676,zest-v1,SP277ADH9HKSG5TTZ12DX14KS1SM7T4WXE4XX3T00,SP277ADH9HKSG5TTZ12DX14KS1SM7T4WXE4XX3T00,1826427946,994704489,1.101691,1.101691,1.101691,no,true
9053676,zest-v1,SP27A5RMDF3CBPAW2FT361D5MDGFKBQNV63691K3B,SP27A5RMDF3CBPAW2FT361D5MDGFKBQNV63691K3B,550612300,123371300,2.67783,2.649713,2.705947,no,true
9053676,zest-v1,SP27AB49EX6YHKD4WJTEEFE4GK5G7VDFNQ9DGAYP5,SP27AB49EX6YHKD4WJTEEFE4GK5G7VDFNQ9DGAYP5,52167551543,25313008189,1.236539,1.236539,1.236539,no,false
9053676,zest-v1,SP27B3WMMG9VCQGCDQ7P9TYKXVS79BJ3ERZ4WNRJV,SP27B3WMMG9VCQGCDQ7P9TYKXVS79BJ3ERZ4WNRJV,93135528,66627000,0.838719,0.829912,0.847525,yes,true
9053676,zest-v1,SP27D0FTFXJFTJZ990VERKWMN7D28AMZ4VDVJE9ZZ,SP27D0FTFXJFTJZ990VERKWMN7D28AMZ4VDVJE9ZZ,4017943997,3320953180,1.088889,1.088889,1.088889,no,false
9053676,zest-v1,SP27D2PH9ZYCHPXQ9GYGT9X46PC92H2DH5SWV392D,SP27D2PH9ZYCHPXQ9GYGT9X46PC92H2DH5SWV392D,66201026,15031400,2.642509,2.614763,2.670256,no,true
9053676,zest-v1,SP27DSHVCV8WH5R85XSJDFS314VWG33FGZKJK7R8F,SP27DSHVCV8WH5R85XSJDFS314VWG33FGZKJK7R8F,10380059,63113,98.680706,98.679618,98.680706,no,true
9053676,zest-v1,SP27GFCXX32BRNNAY1PVVKNCAQ47XG4N038D9C9S7,SP27GFCXX32BRNNAY1PVVKNCAQ47XG4N038D9C9S7,16898403185,64179,157980.677652,157980.381965,157980.979614,no,true
9053676,zest-v1,SP27HDFWZZ2PF511GZW3A37KB7EAZJ62VWWZZEBH,SP27HDFWZZ2PF511GZW3A37KB7EAZJ62VWWZZEBH,66766934,52121000,0.768599,0.760529,0.776669,yes,true
9053676,zest-v1,SP27HP4CGDGK6MXS03ENAS64DN0NYNZFDXTXA16VM,SP27HP4CGDGK6MXS03ENAS64DN0NYNZFDXTXA16VM,5294564346,1432976743,2.216881,2.216881,2.216881,no,false
9053676,zest-v1,SP27JGYKJD4V1K6Z1H2TERBRA62JB6D4EG7HR1Y76,SP27JGYKJD4V1K6Z1H2TERBRA62JB6D4EG7HR1Y76,4820971,10553700,0.274082,0.271204,0.27696,yes,true
9053676,zest-v1,SP27K5VXGG9512F3Z1JCE5NS4NDC72KAAZD929ABS,SP27K5VXGG9512F3Z1JCE5NS4NDC72KAAZD929ABS,42495158,119850,212.741717,210.50793,214.975499,no,true
9053676,zest-v1,SP27PXWEEPDNWQMDMMZAET3MBP1N7ZE1M7XZHJF1M,SP27PXWEEPDNWQMDMMZAET3MBP1N7ZE1M7XZHJF1M,9225051297,4273908944,1.295075,1.295075,1.295075,no,false
9053676,zest-v1,SP27T4FF5ATTCN3HDY1QTD2PKNJSP1ACCCEGTW8S1,SP27T4FF5ATTCN3HDY1QTD2PKNJSP1ACCCEGTW8S1,3238643,8851300,0.219537,0.217232,0.221842,yes,true
9053676,zest-v1,SP2803S0YB2DJK5SBQX56PCYJVEXT9AJH758BAM4M,SP2803S0YB2DJK5SBQX56PCYJVEXT9AJH758BAM4M,184010823,36083130,3.059782,3.059782,3.059782,no,true
9053676,zest-v1,SP281DHYZ11K3B0BQHPWBBH5SRB457270073RVVES,SP281DHYZ11K3B0BQHPWBBH5SRB457270073RVVES,0,385211732,0,0,0,yes,true
9053676,zest-v1,SP283AEYZPARJAQ580J225P3FSPXSN6THVWAM0VRJ,SP283AEYZPARJAQ580J225P3FSPXSN6THVWAM0VRJ,2760169596,770332001,2.149855,2.149855,2.149855,no,true
9053676,zest-v1,SP284MQ5HZJ22NQRWVMT2MB9YXCF7S1DDZRDPXB7Z,SP284MQ5HZJ22NQRWVMT2MB9YXCF7S1DDZRDPXB7Z,617636809,332142636,1.115732,1.110182,1.12122,no,true
9053676,zest-v1,SP284VB0B1MXERVZ1BSSWJ8VCXVBWW18FC2D9609W,SP284VB0B1MXERVZ1BSSWJ8VCXVBWW18FC2D9609W,255204851,128166762,1.194716,1.194716,1.194716,no,true
9053676,zest-v1,SP28AC8VQ45F8V3NQK2RWT9ACQ7Q8Q4FFNYQDQB4B,SP28AC8VQ45F8V3NQK2RWT9ACQ7Q8Q4FFNYQDQB4B,425926,2,127777.8,126436.2,129119.4,no,true
9053676,zest-v1,SP28ADSCPCT4FF6SJQA5MZJXA1GRBWBKNAZK6X7ES,SP28ADSCPCT4FF6SJQA5MZJXA1GRBWBKNAZK6X7ES,165980485,39935329,2.493739,2.493739,2.493739,no,true
9053676,zest-v1,SP28C0YP67MYJ9HZNWGNTQT9AW6ZXH97FN72VKA36,SP28C0YP67MYJ9HZNWGNTQT9AW6ZXH97FN72VKA36,3190967,167556,11.426509,11.239119,11.616231,no,true
9053676,zest-v1,SP28DPJ06NQ0HDS000D9482FP0DHKHY3FRTAYD2QV,SP28DPJ06NQ0HDS000D9482FP0DHKHY3FRTAYD2QV,4695602950,1564963797,1.800273,1.800273,1.800273,no,false
9053676,zest-v1,SP28JR1MMYXF8TDGW074RFBFMH44KNYACG9Q3D0BV,SP28JR1MMYXF8TDGW074RFBFMH44KNYACG9Q3D0BV,788155,429490,1.101057,1.101057,1.101058,no,true
9053676,zest-v1,SP28QY2NN3KEN5CPVFATA2K6ZXN4A7SM3JC9G897,SP28QY2NN3KEN5CPVFATA2K6ZXN4A7SM3JC9G897,3717031317,181526452,12.285916,12.285916,12.285916,no,true
9053676,zest-v1,SP28T4GXDDZP1ANFD6S908T4CRV6FQZ6E3RQGQKGV,SP28T4GXDDZP1ANFD6S908T4CRV6FQZ6E3RQGQKGV,3813085066,1810472953,1.263676,1.263676,1.263676,no,false
9053676,zest-v1,SP2917XJ23T0WQM0TXQWEPSVTC113H7KC67A2R8JP,SP2917XJ23T0WQM0TXQWEPSVTC113H7KC67A2R8JP,1915402626,1057768297,1.086478,1.086478,1.086478,no,false
9053676,zest-v1,SP299PAE8YNRT1B16KNCRSP2ZQ05F0QQJ6M7BQAZQ,SP299PAE8YNRT1B16KNCRSP2ZQ05F0QQJ6M7BQAZQ,57304222,57945885,0.494463,0.491496,0.49743,yes,true
9053676,zest-v1,SP29C853DR00RAJETRHGA69W9QWM25GQP33PTAN5G,SP29C853DR00RAJETRHGA69W9QWM25GQP33PTAN5G,12988748,910595,8.558414,8.558411,8.558416,no,true
9053676,zest-v1,SP29CRNY1ZCDCAXGG65P60E31K1QN6E3AHWDA1VXQ,SP29CRNY1ZCDCAXGG65P60E31K1QN6E3AHWDA1VXQ,2526419335,901167322,1.682098,1.682098,1.682098,no,true
9053676,zest-v1,SP29DX2PV40QY2J6Y66MDTVW5KANSGD8VA1FXC6RA,SP29DX2PV40QY2J6Y66MDTVW5KANSGD8VA1FXC6RA,301178544,207425541,0.87119,0.866871,0.875462,yes,true
9053676,zest-v1,SP29FT0KRFACAHPEXSH1GYRG8W5EDQ7QVKV7A7K3P,SP29FT0KRFACAHPEXSH1GYRG8W5EDQ7QVKV7A7K3P,64179647,44613800,0.863136,0.854073,0.872199,yes,true
9053676,zest-v1,SP29JDBZVBA1NVN40R4RZJ2H4CXZJ75B51FJ7DXAP,SP29JDBZVBA1NVN40R4RZJ2H4CXZJ75B51FJ7DXAP,0,73201007,0,0,0,yes,true
9053676,zest-v1,SP29NE9Z7K8SVCEYSWGFN66SH92EQTHJXX9E97B72,SP29NE9Z7K8SVCEYSWGFN66SH92EQTHJXX9E97B72,450170595,68246467,3.957749,3.957749,3.957749,no,true
9053676,zest-v1,SP29P31FFH93AV36XYQXQFRJH6G7DAG3S78FAX94Q,SP29P31FFH93AV36XYQXQFRJH6G7DAG3S78FAX94Q,4908023745,1818042228,1.619772,1.619772,1.619772,no,false
9053676,zest-v1,SP2A4101CRS4FHK06VGVBP41SD31007A5Z93ZN8RV,SP2A4101CRS4FHK06VGVBP41SD31007A5Z93ZN8RV,1641382118,607509598,1.621093,1.621093,1.621093,no,true
9053676,zest-v1,SP2A5QR4RZJ8NX10KBZH96P10PV2JB9X38WSQX75P,SP2A5QR4RZJ8NX10KBZH96P10PV2JB9X38WSQX75P,4887496649,1818546516,1.61255,1.61255,1.61255,no,false
9053676,zest-v1,SP2A7JBTA21WPFVRDSRRAS187AYRAG5FMXH4Y6YE0,SP2A7JBTA21WPFVRDSRRAS187AYRAG5FMXH4Y6YE0,5084536954,1800538098,1.694339,1.694339,1.694339,no,false
9053676,zest-v1,SP2A93WT3MRJC8DHKRYJE7AAKJES6QZF91VAQ1NZ7,SP2A93WT3MRJC8DHKRYJE7AAKJES6QZF91VAQ1NZ7,8495975,1000,5097.585,5044.0602,5151.1092,no,true
9053676,zest-v1,SP2AA3RQQ8R98CZER4J1SMCSG879A4KM3WH3PM1KW,SP2AA3RQQ8R98CZER4J1SMCSG879A4KM3WH3PM1KW,165980485,39935268,2.493743,2.493743,2.493743,no,true
9053676,zest-v1,SP2AB6AYC6GBR5X94B4WNYDSFVXTSWRZQ9CG31TBB,SP2AB6AYC6GBR5X94B4WNYDSFVXTSWRZQ9CG31TBB,18138909596,8987302613,1.210969,1.210969,1.210969,no,false
9053676,zest-v1,SP2ADCJ6606CFHERS3HKABWB6PF5XBANXBQ4GSE86,SP2ADCJ6606CFHERS3HKABWB6PF5XBANXBQ4GSE86,36427,330,66.230909,66.123952,66.230909,no,true
9053676,zest-v1,SP2ADW332S32T4PGRNJ5JRQZ2DECS11HDY1GGPZPK,SP2ADW332S32T4PGRNJ5JRQZ2DECS11HDY1GGPZPK,191371888,72783699,1.577594,1.577594,1.577594,no,true
9053676,zest-v1,SP2AJ6R5EN5ETQRZAJA7751WEN28TCHNAW2N617MQ,SP2AJ6R5EN5ETQRZAJA7751WEN28TCHNAW2N617MQ,35182427847,646506762,32.651564,32.651564,32.651564,no,true
9053676,zest-v1,SP2ASBXYH8JDHA7CTG07BEC9BD9K4HMGV2KF6HBJP,SP2ASBXYH8JDHA7CTG07BEC9BD9K4HMGV2KF6HBJP,70818577,36669500,1.15876,1.146593,1.170927,no,true
9053676,zest-v1,SP2AWV0FWMMYTQSFEATX5GXV5BFYH3B4FZNWNRZQ5,SP2AWV0FWMMYTQSFEATX5GXV5BFYH3B4FZNWNRZQ5,578509278,154746300,2.243062,2.21951,2.266614,no,true
9053676,zest-v1,SP2AZVJ817DGD2X493Q9TJARKGF6H1FD4HD2GF8V4,SP2AZVJ817DGD2X493Q9TJARKGF6H1FD4HD2GF8V4,12594451513,6328114965,1.194142,1.194142,1.194143,no,false
9053676,zest-v1,SP2B0EJEMA0AGY9C986WQZRG9BAYMYMTWT990JSER,SP2B0EJEMA0AGY9C986WQZRG9BAYMYMTWT990JSER,11709048397,2497279110,2.813233,2.813233,2.813233,no,false
9053676,zest-v1,SP2B3HAGG1F70CTAKPA4B43ER1PV3QKYH1WWJDJK7,SP2B3HAGG1F70CTAKPA4B43ER1PV3QKYH1WWJDJK7,70135768,36374208,1.156904,1.156904,1.156904,no,true
9053676,zest-v1,SP2B8JQ5Y7CDWFQGP92ECE59Y7RHG989A8K123CMP,SP2B8JQ5Y7CDWFQGP92ECE59Y7RHG989A8K123CMP,10345058767,2865301013,2.166277,2.166277,2.166277,no,false
9053676,zest-v1,SP2B9PJPH629CTM65P4VBBCCAHY70WX1EG8MN97RZ,SP2B9PJPH629CTM65P4VBBCCAHY70WX1EG8MN97RZ,133182663043,110300814455,1.086705,1.086705,1.086705,no,false
9053676,zest-v1,SP2BEFSB43KR4M6C9117SA2A6T4SA6H0X1XDZF716,SP2BEFSB43KR4M6C9117SA2A6T4SA6H0X1XDZF716,6945972564,218000,19117.355681,18916.62371,19318.087654,no,true
9053676,zest-v1,SP2BENRVZR0TJVXGV3X3XMK9V7C0TJFGSN8SYB6DP,SP2BENRVZR0TJVXGV3X3XMK9V7C0TJFGSN8SYB6DP,0,4303,0,0,0,yes,true
9053676,zest-v1,SP2BKHJSW3XSQ3FEZN5X2GBSZ4C9VPB4SNMRSFCCD,SP2BKHJSW3XSQ3FEZN5X2GBSZ4C9VPB4SNMRSFCCD,3873712,77441,30.012877,30.012826,30.012927,no,true
9053676,zest-v1,SP2BMH1SK80DRA9XZZEPKW057RVHGA0C2B9VZXHBC,SP2BMH1SK80DRA9XZZEPKW057RVHGA0C2B9VZXHBC,489297,221800,1.323617,1.309718,1.337516,no,true
9053676,zest-v1,SP2BNY111K73715XKP1EBEBVVRWSNMMV1H42SJHZ,SP2BNY111K73715XKP1EBEBVVRWSNMMV1H42SJHZ,778048,2093,223.042905,222.937934,223.042905,no,true
9053676,zest-v1,SP2BR695BMDE7FT933B3H159XB0KVVRZ9WNS52V4D,SP2BR695BMDE7FT933B3H159XB0KVVRZ9WNS52V4D,252758538,193837200,0.651987,0.648075,0.655899,yes,true
9053676,zest-v1,SP2BTWRQT4M8G058MQP2QXXBPHPB9TJBE0RA9XY5C,SP2BTWRQT4M8G058MQP2QXXBPHPB9TJBE0RA9XY5C,1840108422,360829722,3.059795,3.059795,3.059795,no,true
9053676,zest-v1,SP2BYPKKSVF01Z4QBW6XY47FBHKEB8RM78PTX5RHT,SP2BYPKKSVF01Z4QBW6XY47FBHKEB8RM78PTX5RHT,0,15109,0,0,0,yes,true
9053676,zest-v1,SP2C25B1DQ60ZJDCBAY1FVT1KAEGJXR5RBN9HRFY8,SP2C25B1DQ60ZJDCBAY1FVT1KAEGJXR5RBN9HRFY8,31659209029,3631630500,5.230578,5.175657,5.285499,no,false
9053676,zest-v1,SP2C7P94NSSYFXSJ2NTPZKJ081BMQNB38EWM0F2FX,SP2C7P94NSSYFXSJ2NTPZKJ081BMQNB38EWM0F2FX,0,232743900,0,0,0,yes,true
9053676,zest-v1,SP2C9626NVF86VWFFND7HJ65DGEK5P84Y52RQ05CB,SP2C9626NVF86VWFFND7HJ65DGEK5P84Y52RQ05CB,49625284106,28155334381,1.057532,1.057532,1.057532,no,false
9053676,zest-v1,SP2CAHSP9XQ3JK3N2Y29RRZZ0JCEQ5T84792S83KR,SP2CAHSP9XQ3JK3N2Y29RRZZ0JCEQ5T84792S83KR,670224,628962,0.532802,0.529605,0.535999,yes,true
9053676,zest-v1,SP2CBGW37YSBYH383X9D3YQGCX4JAZVZFREXN4HFG,SP2CBGW37YSBYH383X9D3YQGCX4JAZVZFREXN4HFG,2336952,1167569,1.200932,1.200932,1.200933,no,true
9053676,zest-v1,SP2CDJ70KAQM56ETHXD51C0BM344PM20H3M8F9H94,SP2CDJ70KAQM56ETHXD51C0BM344PM20H3M8F9H94,2944183211,1164855953,1.516505,1.516505,1.516505,no,false
9053676,zest-v1,SP2CDJS9Y4SVP2BBMZM6G8E0ETAS99GGD16Z5EVHH,SP2CDJS9Y4SVP2BBMZM6G8E0ETAS99GGD16Z5EVHH,2526399350,900284987,1.683733,1.683733,1.683733,no,true
9053676,zest-v1,SP2CE123JZGQ63MGMN3VPY26QTQ1DS1CCEEYB3TVF,SP2CE123JZGQ63MGMN3VPY26QTQ1DS1CCEEYB3TVF,3717031317,181526793,12.285893,12.285893,12.285893,no,true
9053676,zest-v1,SP2CE64X7GJ11AJJZ51ZJBZEVHV70G5479PVY64ZY,SP2CE64X7GJ11AJJZ51ZJBZEVHV70G5479PVY64ZY,112291907514,49846655887,1.351648,1.351648,1.351648,no,false
9053676,zest-v1,SP2CGDSKJX6N1QJ2ENF7E9QG94HVGDRAM1YA7R0M4,SP2CGDSKJX6N1QJ2ENF7E9QG94HVGDRAM1YA7R0M4,4133874422,1906984597,1.300653,1.300653,1.300653,no,false
9053676,zest-v1,SP2CGGTQ2M90YJ3P7RATTWMBZV6WMRF87XK0NBKTY,SP2CGGTQ2M90YJ3P7RATTWMBZV6WMRF87XK0NBKTY,1840108422,360832137,3.059775,3.059775,3.059775,no,true
9053676,zest-v1,SP2CJBE3SWKCK85KKKY1ZY898MJNVSH0A703565HS,SP2CJBE3SWKCK85KKKY1ZY898MJNVSH0A703565HS,119742,628200,0.114367,0.113166,0.115568,yes,true
9053676,zest-v1,SP2CJBNE5DMQA3KS2S2AAE0AW8BZDS33RXCBTXPQM,SP2CJBNE5DMQA3KS2S2AAE0AW8BZDS33RXCBTXPQM,76446142,36797161,1.246501,1.246501,1.246501,no,true
9053676,zest-v1,SP2CPG8G7RHK0FJJTJP1XF0YQ9Y0C03NT339QVKXQ,SP2CPG8G7RHK0FJJTJP1XF0YQ9Y0C03NT339QVKXQ,2526399387,900996822,1.682403,1.682403,1.682403,no,true
9053676,zest-v1,SP2CT6DTYVCXA1PDT8BD72YR2ATHK2A5PVC5MDDF6,SP2CT6DTYVCXA1PDT8BD72YR2ATHK2A5PVC5MDDF6,1659805880,181524874,5.48621,5.48621,5.48621,no,true
9053676,zest-v1,SP2CT7PK64AJQWQP0XHECDGPJHHKREB7F13TY6XHH,SP2CT7PK64AJQWQP0XHECDGPJHHKREB7F13TY6XHH,863628862,181975620,2.84751,2.84751,2.84751,no,true
9053676,zest-v1,SP2CTN8DRXS72G64MW7NY86B6DSPNN9RS7XK4V3KW,SP2CTN8DRXS72G64MW7NY86B6DSPNN9RS7XK4V3KW,1134392465,7927600,85.856436,84.954944,86.757927,no,true
9053676,zest-v1,SP2CW7DNCNH6Q6V8C7S1X87M0NZ72E2MCMX6DPMY5,SP2CW7DNCNH6Q6V8C7S1X87M0NZ72E2MCMX6DPMY5,34551080,74060200,0.279916,0.276977,0.282855,yes,true
9053676,zest-v1,SP2CYKHA22MWQKV17ZG4NS77RBFP66RG5GETSF2WD,SP2CYKHA22MWQKV17ZG4NS77RBFP66RG5GETSF2WD,919870949,756405370,1.094498,1.094498,1.094498,no,true
9053676,zest-v1,SP2CZBQ51FHR9FFW0KCG74JV31WP0G8FFY6FFTKPY,SP2CZBQ51FHR9FFW0KCG74JV31WP0G8FFY6FFTKPY,334197122,154028517,1.301826,1.301826,1.301826,no,true
9053676,zest-v1,SP2D21TSA9RB2TXT67E2A0K76JVG1NBEWC93FZE8Q,SP2D21TSA9RB2TXT67E2A0K76JVG1NBEWC93FZE8Q,14923970694,3576811389,2.503454,2.477168,2.52974,no,false
9053676,zest-v1,SP2D2M4G94PBW4QTZZ5VPXJMJT25AKNVB5GNC6N88,SP2D2M4G94PBW4QTZZ5VPXJMJT25AKNVB5GNC6N88,110406871274,55488990860,1.193825,1.193825,1.193825,no,false
9053676,zest-v1,SP2D6WH9SZ7GXDRSK4RZXGXFR54207Y0YSCMYC4HG,SP2D6WH9SZ7GXDRSK4RZXGXFR54207Y0YSCMYC4HG,4925403857,1853521599,1.594393,1.594393,1.594393,no,false
9053676,zest-v1,SP2D8RP8J0EYMZPFTT0SS0YE4HR0JV6CBBAB9508F,SP2D8RP8J0EYMZPFTT0SS0YE4HR0JV6CBBAB9508F,67605318,85579569,0.473982,0.469006,0.478959,yes,true
9053676,zest-v1,SP2DGV4Z4APQNA9GQ23P80RTW87BQGR1P8VW5012T,SP2DGV4Z4APQNA9GQ23P80RTW87BQGR1P8VW5012T,28861973,14825580,1.752092,1.752092,1.752092,no,true
9053676,zest-v1,SP2DH0WAMJ13BGGRDVEVYKDXMDDKXJYX79305GY1K,SP2DH0WAMJ13BGGRDVEVYKDXMDDKXJYX79305GY1K,828880814,202567000,2.455131,2.429352,2.48091,no,true
9053676,zest-v1,SP2DQJJ1D1GWS9X1W6FZDSRG5FRTA0Z7TH583F2TF,SP2DQJJ1D1GWS9X1W6FZDSRG5FRTA0Z7TH583F2TF,0,1236200,0,0,0,yes,true
9053676,zest-v1,SP2DXQY1G61WJZW81V457RB9398JDV1Q9DFZAEEEQ,SP2DXQY1G61WJZW81V457RB9398JDV1Q9DFZAEEEQ,6616724121,2112304600,1.87948,1.87948,1.87948,no,false
9053676,zest-v1,SP2E2DB7ZRW9TQ1AEMC94NY23PW0T99X7ANB0KY2Y,SP2E2DB7ZRW9TQ1AEMC94NY23PW0T99X7ANB0KY2Y,38159626,4172896,5.486783,5.486783,5.486784,no,true
9053676,zest-v1,SP2E3DNHPVJH045SSMFYN1DW7ZWGKYZBZZQPG6V1P,SP2E3DNHPVJH045SSMFYN1DW7ZWGKYZBZZQPG6V1P,66383132,18143604,2.195257,2.195257,2.195257,no,true
9053676,zest-v1,SP2E3MKFV0ARX4SXDEEJ1RM4CG5X40E2RFFYB6554,SP2E3MKFV0ARX4SXDEEJ1RM4CG5X40E2RFFYB6554,36238475,3850936,5.646182,5.646182,5.646183,no,true
9053676,zest-v1,SP2E5NB6N3GJMVFM01VG44RBS7B8AC67M5JAJH0NP,SP2E5NB6N3GJMVFM01VG44RBS7B8AC67M5JAJH0NP,501038,552800,0.543818,0.538108,0.549529,yes,true
9053676,zest-v1,SP2E78TGFKW96CMBWQVK118AJYD9SC7DH1E0PVCV0,SP2E78TGFKW96CMBWQVK118AJYD9SC7DH1E0PVCV0,10059504315,2937630356,2.054616,2.054616,2.054616,no,false
9053676,zest-v1,SP2EFWAM278MYN4HGJJH60G0A18M3JE8JSWAA3YD2,SP2EFWAM278MYN4HGJJH60G0A18M3JE8JSWAA3YD2,103840226,78184000,0.796891,0.788524,0.805258,yes,true
9053676,zest-v1,SP2EGFDK5A2PP30YRX5SR2EAR9F6RFDM407S6FJK3,SP2EGFDK5A2PP30YRX5SR2EAR9F6RFDM407S6FJK3,45157532,24713300,1.096354,1.084842,1.107865,no,true
9053676,zest-v1,SP2EKAF598JF8074QDDRZTD27TQEXDVN63586MYZ2,SP2EKAF598JF8074QDDRZTD27TQEXDVN63586MYZ2,3717029407,181524874,12.286017,12.286017,12.286017,no,true
9053676,zest-v1,SP2EKRMW53DMRV6Y8A1933GCBV5J4CENR0BEQ4AR9,SP2EKRMW53DMRV6Y8A1933GCBV5J4CENR0BEQ4AR9,5448352678,2710619752,1.206002,1.206002,1.206002,no,false
9053676,zest-v1,SP2ENXH9HQNRSV745ASN0G4PP372A1BGXE55XQCFS,SP2ENXH9HQNRSV745ASN0G4PP372A1BGXE55XQCFS,753708,49300,9.172917,9.172794,9.172917,no,true
9053676,zest-v1,SP2EV1G9NC43ACQZPCQ3Q4A4YMCH03EVN686C4WDH,SP2EV1G9NC43ACQZPCQ3Q4A4YMCH03EVN686C4WDH,8830044442,767296732,6.904795,6.904795,6.904795,no,true
9053676,zest-v1,SP2EWMWC2FZCT7M2PX9840FE811VCFT5R72DANVCK,SP2EWMWC2FZCT7M2PX9840FE811VCFT5R72DANVCK,18173966322,95003174,114.77911,114.77911,114.779113,no,true
9053676,zest-v1,SP2EXDVB2W63Q45F1TVECVVX16RJ3JMZDTZD7CXZ0,SP2EXDVB2W63Q45F1TVECVVX16RJ3JMZDTZD7CXZ0,6117181865,883422715,4.154647,4.154647,4.154647,no,true
9053676,zest-v1,SP2EZBRH2T5A4TPFFTDK48CHR0WG95YZZA4HC1TJE,SP2EZBRH2T5A4TPFFTDK48CHR0WG95YZZA4HC1TJE,6666337446947,3901423773799,1.025216,1.025168,1.025264,no,false
9053676,zest-v1,SP2F0AHP4Y35AF74YK0VZN5AEZCXQK4REKBC0D8M6,SP2F0AHP4Y35AF74YK0VZN5AEZCXQK4REKBC0D8M6,1043177024,450861400,1.388245,1.373669,1.402822,no,true
9053676,zest-v1,SP2F1JZEJ2R0Q1S5R23QQ2T8BARBQB1WCSYZT9A4M,SP2F1JZEJ2R0Q1S5R23QQ2T8BARBQB1WCSYZT9A4M,2178230,194672,5.594616,5.557052,5.632264,no,true
9053676,zest-v1,SP2F48735BJJMJFSY9R05WCANKHZZDQ0PPK285GR5,SP2F48735BJJMJFSY9R05WCANKHZZDQ0PPK285GR5,1549264,4116,225.840233,225.828186,225.852176,no,true
9053676,zest-v1,SP2F4S1Y4FA6D8QTG1DVAJ92VJ08R9EDJ3AQ2ZT2T,SP2F4S1Y4FA6D8QTG1DVAJ92VJ08R9EDJ3AQ2ZT2T,50604698,66595800,0.455927,0.45114,0.460714,yes,true
9053676,zest-v1,SP2F66ASMYZ9M8EEVD4S76RCF9X15WZD2EQFR5MV1,SP2F66ASMYZ9M8EEVD4S76RCF9X15WZD2EQFR5MV1,300690,155323,1.161541,1.161541,1.161543,no,true
9053676,zest-v1,SP2F8ZMEPAN43EDHGN1X7SFRJWSSQ48THCJNEF0DR,SP2F8ZMEPAN43EDHGN1X7SFRJWSSQ48THCJNEF0DR,3532795921,1455810717,1.456012,1.456012,1.456012,no,false
9053676,zest-v1,SP2FF3M47FVY2PGE71MCEZ5DEAKK80R3AHDTH3PK7,SP2FF3M47FVY2PGE71MCEZ5DEAKK80R3AHDTH3PK7,47721,1887,15.173609,15.167024,15.173609,no,true
9053676,zest-v1,SP2FND3FF6W7J2115GXVS4M71H5JR8469E4DJYRHK,SP2FND3FF6W7J2115GXVS4M71H5JR8469E4DJYRHK,917942,2432368,0.226432,0.224054,0.228809,yes,true
9053676,zest-v1,SP2FSQ43XMXR76HN1X0YMXWJN4NX7HKKC6DX7D2H6,SP2FSQ43XMXR76HN1X0YMXWJN4NX7HKKC6DX7D2H6,486322147,142060716,2.054004,2.054004,2.054004,no,true
9053676,zest-v1,SP2FXB6AW37VTZX6RF4Y6SHA2RG5CAY3M219ZACHP,SP2FXB6AW37VTZX6RF4Y6SHA2RG5CAY3M219ZACHP,11353982647,5082460663,1.340372,1.340372,1.340372,no,false
9053676,zest-v1,SP2G0P8PWG999ZAQ4K9K8PDFHYY5F817RF515RNK8,SP2G0P8PWG999ZAQ4K9K8PDFHYY5F817RF515RNK8,524494994865,201277228800,1.302917,1.295099,1.310734,no,false
9053676,zest-v1,SP2G6TM8JCRNK6WSPQE8S86FP2W3A4FEVGZCCCQT8,SP2G6TM8JCRNK6WSPQE8S86FP2W3A4FEVGZCCCQT8,12566715,4,1570839.375,1561414.375,1580264.375,no,true
9053676,zest-v1,SP2G8PQH2QV3ZGNE4SYJH81JQ87PVWHCTKQ7J424C,SP2G8PQH2QV3ZGNE4SYJH81JQ87PVWHCTKQ7J424C,4261,278,9.196403,9.194306,9.198545,no,true
9053676,zest-v1,SP2GB8MCSPVQRX2M7ACDTKS75DHA0JQ8GSD5JJ8ED,SP2GB8MCSPVQRX2M7ACDTKS75DHA0JQ8GSD5JJ8ED,954063508433,466005047998,1.228395,1.228395,1.228395,no,false
9053676,zest-v1,SP2GG01D9KJD83T2J2WVH16M5WZG5PXEC2SHDZ2V0,SP2GG01D9KJD83T2J2WVH16M5WZG5PXEC2SHDZ2V0,4313608126,2050907968,1.261961,1.261961,1.261961,no,false
9053676,zest-v1,SP2GGHY9C697PSVBNX1TSFDJCH003DZBTCFTCF9ZY,SP2GGHY9C697PSVBNX1TSFDJCH003DZBTCFTCF9ZY,138926695,79234192,1.052021,1.040975,1.063067,no,true
9053676,zest-v1,SP2GR4FFCNZ5FATP98Y50Y3V3J2F1NKQ8AP9GBP0W,SP2GR4FFCNZ5FATP98Y50Y3V3J2F1NKQ8AP9GBP0W,4842427232,1819273612,1.597042,1.597042,1.597042,no,false
9053676,zest-v1,SP2GRRJ18NHCHPDHJ8KCS09PJKR2HMK7Q26R9XMAQ,SP2GRRJ18NHCHPDHJ8KCS09PJKR2HMK7Q26R9XMAQ,34534200810,9065412442,2.285668,2.285668,2.285668,no,false
9053676,zest-v1,SP2GTAYZK314040CZJRDV743YTFEQD4SVM67S3D5G,SP2GTAYZK314040CZJRDV743YTFEQD4SVM67S3D5G,13978755,521588,16.080226,16.080205,16.080226,no,true
9053676,zest-v1,SP2GWJXZQQ9CP9R6MGXNH01T3RY896JNCCNSJBN0Z,SP2GWJXZQQ9CP9R6MGXNH01T3RY896JNCCNSJBN0Z,593636431,168012100,2.119977,2.097718,2.142237,no,true
9053676,zest-v1,SP2GZ39RX2YJYQDW72C73X6PFKX086FV9ZVKRTPEK,SP2GZ39RX2YJYQDW72C73X6PFKX086FV9ZVKRTPEK,249332,3002,74.749767,74.749767,74.762611,no,true
9053676,zest-v1,SP2H35FBMBRT3AEPEAQRC4MNHQ06KZGCE9P4N9E5X,SP2H35FBMBRT3AEPEAQRC4MNHQ06KZGCE9P4N9E5X,330889289,154028517,1.28894,1.28894,1.28894,no,true
9053676,zest-v1,SP2H6B6ST4AD8263JE6XQTD827FMP2R7KTT3FYYBN,SP2H6B6ST4AD8263JE6XQTD827FMP2R7KTT3FYYBN,4784729721,1864075055,1.540087,1.540087,1.540087,no,false
9053676,zest-v1,SP2H84QZT1V0YZ70RTRZFT7HAZWDK88XK4CSNBMYE,SP2H84QZT1V0YZ70RTRZFT7HAZWDK88XK4CSNBMYE,17854,1671,6.410772,6.410772,6.412678,no,true
9053676,zest-v1,SP2H8KHH0YR27VZNGKDMNRCDTZES3X1ZAJVXHY3BH,SP2H8KHH0YR27VZNGKDMNRCDTZES3X1ZAJVXHY3BH,2235444440,1155675238,1.160591,1.160591,1.160591,no,false
9053676,zest-v1,SP2H9REMYWFACJ3VC18R8553DRC7G3S9WW6G0V0N3,SP2H9REMYWFACJ3VC18R8553DRC7G3S9WW6G0V0N3,1005337,15200,33.070296,32.871875,33.268717,no,true
9053676,zest-v1,SP2HE6QWJS3HRJEYAHX5DT0CPP9E6EJX6CBV28S64,SP2HE6QWJS3HRJEYAHX5DT0CPP9E6EJX6CBV28S64,1306757096,356195912,2.201188,2.178076,2.224301,no,true
9053676,zest-v1,SP2HER9FS9TAH93ENW0PC6JZR27WN5HT8R94GJTRR,SP2HER9FS9TAH93ENW0PC6JZR27WN5HT8R94GJTRR,75598106,32996100,1.374673,1.360239,1.389108,no,true
9053676,zest-v1,SP2HHTZRJFAE92M5V5Z3NHFYJDNG5NEWMNXB0MG4W,SP2HHTZRJFAE92M5V5Z3NHFYJDNG5NEWMNXB0MG4W,43781542571,18183065509,1.444692,1.444692,1.444692,no,false
9053676,zest-v1,SP2HJ5P67V0MKJA0BNW4AVGF166SK4MX8W6JK2XC,SP2HJ5P67V0MKJA0BNW4AVGF166SK4MX8W6JK2XC,2016905,37974,31.867673,31.867048,31.867673,no,true
9053676,zest-v1,SP2HMJC22B41J1CXXPMKJGW0GV3PWF9X0WN5ETW0E,SP2HMJC22B41J1CXXPMKJGW0GV3PWF9X0WN5ETW0E,2093297966,720058809,1.744273,1.744273,1.744273,no,true
9053676,zest-v1,SP2HR75CN7VBHPKF0YMV384NAE0NMERD1NGPM6M6K,SP2HR75CN7VBHPKF0YMV384NAE0NMERD1NGPM6M6K,4204739233,113124200,18.584614,18.473107,18.696122,no,true
9053676,zest-v1,SP2HRJN95ERWZDA1MBC70F1DRZX55XGH1VD9GFVF,SP2HRJN95ERWZDA1MBC70F1DRZX55XGH1VD9GFVF,3208732,423603,4.544914,4.544913,4.544915,no,true
9053676,zest-v1,SP2HRZ9W6PAEFH755MPDK664SAFC40W65JWWTY93W,SP2HRZ9W6PAEFH755MPDK664SAFC40W65JWWTY93W,33117721,7216514,2.753495,2.753494,2.753495,no,true
9053676,zest-v1,SP2HTNFVF2XKP814TTY9M3B2N71C85G34N4R576YZ,SP2HTNFVF2XKP814TTY9M3B2N71C85G34N4R576YZ,82253,5478,9.009091,9.009091,9.009973,no,true
9053676,zest-v1,SP2J0YX7RWKGQZVNC2BBZR3KMTH6K7A9Q864M8FM6,SP2J0YX7RWKGQZVNC2BBZR3KMTH6K7A9Q864M8FM6,20391631909,10615491578,1.152559,1.152559,1.152559,no,false
9053676,zest-v1,SP2J22Q10P49C83AAZDCM7AFDV98DFV3TF2B1A0TF,SP2J22Q10P49C83AAZDCM7AFDV98DFV3TF2B1A0TF,1840108422,360830341,3.05979,3.05979,3.05979,no,true
9053676,zest-v1,SP2J2VTVRNQ8EW2XGGGM4460W3KW9BCRN0M6RKYZ4,SP2J2VTVRNQ8EW2XGGGM4460W3KW9BCRN0M6RKYZ4,844,92,5.504348,5.503226,5.512088,no,true
9053676,zest-v1,SP2J8Z373ZY2JN5YRMPCEBMGDC8FQXH23796FKB0B,SP2J8Z373ZY2JN5YRMPCEBMGDC8FQXH23796FKB0B,4806115100,1819273392,1.585066,1.585066,1.585066,no,false
9053676,zest-v1,SP2JAWRXBJTETMYFRDMVT11NA4MN5DWDXX9928NY5,SP2JAWRXBJTETMYFRDMVT11NA4MN5DWDXX9928NY5,1083248838,540553840,1.202377,1.198418,1.206279,no,true
9053676,zest-v1,SP2JB7WMQCASVC2RDYC1VYS6PXCCR6MEX1FFXBDWE,SP2JB7WMQCASVC2RDYC1VYS6PXCCR6MEX1FFXBDWE,70541163,42878300,0.822574,0.817639,0.82751,yes,true
9053676,zest-v1,SP2JC5RNBKSSQ1M68Z59WG5MF4QJ7X0VER7V5252A,SP2JC5RNBKSSQ1M68Z59WG5MF4QJ7X0VER7V5252A,77126912,52829300,0.875956,0.866759,0.885154,yes,true
9053676,zest-v1,SP2JEYQD9RKAP4SKYPBMCY4EMS37RJS92GZ8ND4DG,SP2JEYQD9RKAP4SKYPBMCY4EMS37RJS92GZ8ND4DG,2723369488,318700,5127.146824,5073.311853,5180.981795,no,true
9053676,zest-v1,SP2JFY8426TTDWZAPGAGYYNVJ6R9PP72HCB26YTQA,SP2JFY8426TTDWZAPGAGYYNVJ6R9PP72HCB26YTQA,5545662022,2342997954,1.420145,1.420145,1.420145,no,false
9053676,zest-v1,SP2JR4ZWCHTAF17NF8YW2WSBCEWTNYNCRWKSY8SVD,SP2JR4ZWCHTAF17NF8YW2WSBCEWTNYNCRWKSY8SVD,50488538930,19586258971,1.288877,1.281143,1.29661,no,false
9053676,zest-v1,SP2JVB44M39020KH1RX84JCXC3PZA58VDZ7ZK35GK,SP2JVB44M39020KH1RX84JCXC3PZA58VDZ7ZK35GK,62092886,93956600,0.396521,0.392357,0.400684,yes,true
9053676,zest-v1,SP2JWM4MB1SBY2FT3PG5PM0V12NW8Y4FK1XXWBHSF,SP2JWM4MB1SBY2FT3PG5PM0V12NW8Y4FK1XXWBHSF,218341776,177723036,0.73713,0.729391,0.74487,yes,true
9053676,zest-v1,SP2JZH30520DFFS4Z15RY0Q9ZXEFNF6E32S7XZ1YK,SP2JZH30520DFFS4Z15RY0Q9ZXEFNF6E32S7XZ1YK,110952954,80521545,0.826757,0.818076,0.835438,yes,true
9053676,zest-v1,SP2K3F56YDVABD2MQG01KGJ0RQZYY4C8B6VJS5GT4,SP2K3F56YDVABD2MQG01KGJ0RQZYY4C8B6VJS5GT4,485284994,142060407,2.049628,2.049628,2.049628,no,true
9053676,zest-v1,SP2K5XE7V0KG367V3K9NN09Z0D501019MV3HXRKVA,SP2K5XE7V0KG367V3K9NN09Z0D501019MV3HXRKVA,3393783780629,1555943792500,1.090587,1.084043,1.09713,no,false
9053676,zest-v1,SP2K793MN5VVA4GN2ZX72NVEB7E0PGR5CTC3HSVAJ,SP2K793MN5VVA4GN2ZX72NVEB7E0PGR5CTC3HSVAJ,5423396628,2547489110,1.277351,1.277351,1.277351,no,false
9053676,zest-v1,SP2K9MJ51N9B7H1MR5V99K2D1G5WK013M1AW7S0PG,SP2K9MJ51N9B7H1MR5V99K2D1G5WK013M1AW7S0PG,2526396852,972800758,1.558221,1.558221,1.558221,no,true
9053676,zest-v1,SP2KCT8MH5GBAZ1B4AQ4ECEQPWTQBHXV5TYD4JQPH,SP2KCT8MH5GBAZ1B4AQ4ECEQPWTQBHXV5TYD4JQPH,311074926,244726819,0.762667,0.757088,0.768209,yes,true
9053676,zest-v1,SP2KD79FKDGDM8K9HRBG26YC6MNAD3EFM7A6A9ZM1,SP2KD79FKDGDM8K9HRBG26YC6MNAD3EFM7A6A9ZM1,478178038,213516029,1.343725,1.343725,1.343725,no,true
9053676,zest-v1,SP2KGEV3H9RDZYTFFP6TPKRYNMDQFSF6BSFKFRB1M,SP2KGEV3H9RDZYTFFP6TPKRYNMDQFSF6BSFKFRB1M,670224,641771,0.522168,0.519035,0.525301,yes,true
9053676,zest-v1,SP2KK924Y35RZ81KS2B445D19V47QSR4BYF84J4BV,SP2KK924Y35RZ81KS2B445D19V47QSR4BYF84J4BV,2706850818,908806913,1.78708,1.78708,1.78708,no,true
9053676,zest-v1,SP2KNXRKVH1GQ5KPV3TNJZWZ7T0SFS824JBSVF3DG,SP2KNXRKVH1GQ5KPV3TNJZWZ7T0SFS824JBSVF3DG,7891464463,3738834586,1.266405,1.266405,1.266405,no,false
9053676,zest-v1,SP2KST3SKBKWHA6T8JW71HVEXA313S40Q0WCJ2SQB,SP2KST3SKBKWHA6T8JW71HVEXA313S40Q0WCJ2SQB,42553549,66743000,0.382544,0.378527,0.386561,yes,true
9053676,zest-v1,SP2KVT51FQP2TFBE69ZZQCG1CS55S5FWTJKWT4B22,SP2KVT51FQP2TFBE69ZZQCG1CS55S5FWTJKWT4B22,80237454,79324400,0.606906,0.600534,0.613279,yes,true
9053676,zest-v1,SP2KY7F21EWVRKJ2BQSMJTP68DDFCQ7BGKXJ50RGW,SP2KY7F21EWVRKJ2BQSMJTP68DDFCQ7BGKXJ50RGW,212329283,122962596,1.036068,1.025189,1.046946,no,true
9053676,zest-v1,SP2M0EXZNKSZVHB4BC3M6F7N4QEW3NH82Z3ERS6NJ,SP2M0EXZNKSZVHB4BC3M6F7N4QEW3NH82Z3ERS6NJ,277151151645,146716922684,1.133412,1.133412,1.133412,no,false
9053676,zest-v1,SP2M2ZFETRTR46K9J19N94JHGSBF8HRE4M01K721E,SP2M2ZFETRTR46K9J19N94JHGSBF8HRE4M01K721E,44099231006,19046459130,1.38921,1.38921,1.38921,no,false
9053676,zest-v1,SP2M3KJNCCQTTX609WGRDYVGE20GC1J1VWSYX9VGS,SP2M3KJNCCQTTX609WGRDYVGE20GC1J1VWSYX9VGS,5912517827,2911568295,1.218419,1.218419,1.218419,no,false
9053676,zest-v1,SP2M52RZ429VAJDZ5GATQA7RVTHDYNAA68HEGHSKB,SP2M52RZ429VAJDZ5GATQA7RVTHDYNAA68HEGHSKB,25113725480,12208275452,1.234264,1.234264,1.234264,no,false
9053676,zest-v1,SP2M64HRBNK59JJ2V23D92MMAS7V85GDQ8VCRGDG9,SP2M64HRBNK59JJ2V23D92MMAS7V85GDQ8VCRGDG9,321206057,161325832,1.194624,1.194624,1.194624,no,true
9053676,zest-v1,SP2M7K3YM8813404G1R7AXV106CPWH0Z5ZA80JVAV,SP2M7K3YM8813404G1R7AXV106CPWH0Z5ZA80JVAV,8706,4481,1.165722,1.165722,1.165813,no,true
9053676,zest-v1,SP2M8DXCMHY8J1AWP2P2TR3FTCA8FEB4ATYPEFJXB,SP2M8DXCMHY8J1AWP2P2TR3FTCA8FEB4ATYPEFJXB,178165820,117127100,0.912679,0.903096,0.922263,yes,true
9053676,zest-v1,SP2M8H2WD51MP1YWE1Z65T3ZXP5MM362YNWSP3E3X,SP2M8H2WD51MP1YWE1Z65T3ZXP5MM362YNWSP3E3X,99175463,60404012,0.985121,0.968964,1.001474,band,true
9053676,zest-v1,SP2M8THMJDTMT27QJ6BMZN5V8PG1C3FGXS39YA1AB,SP2M8THMJDTMT27QJ6BMZN5V8PG1C3FGXS39YA1AB,5239149256,1994627157,1.575979,1.575979,1.575979,no,false
9053676,zest-v1,SP2MMNB14111VF1323CC52QY19ZBCK6CKV7G6E534,SP2MMNB14111VF1323CC52QY19ZBCK6CKV7G6E534,12322224,146,75958.915068,75679.696552,75958.915068,no,true
9053676,zest-v1,SP2MQ1M6REE7JFQJRFH908H3D8BH7HS1J0WX1D1D7,SP2MQ1M6REE7JFQJRFH908H3D8BH7HS1J0WX1D1D7,3352806980,181524688,11.082152,11.082152,11.082152,no,true
9053676,zest-v1,SP2MTC6BZQD08WA9TPC1GMNG4AZW3NNZV3JN1EVD2,SP2MTC6BZQD08WA9TPC1GMNG4AZW3NNZV3JN1EVD2,369256,61,3632.02623,3593.891803,3632.02623,no,true
9053676,zest-v1,SP2MVFGS9Z6Y7WA374JQ2KVR4081C4Y8MWNCKMH4F,SP2MVFGS9Z6Y7WA374JQ2KVR4081C4Y8MWNCKMH4F,77845,734,63.633515,63.571114,63.633515,no,true
9053676,zest-v1,SP2MXQ59EY1WM8ND18AYANAA3E32KNXB2Z6WE0KA8,SP2MXQ59EY1WM8ND18AYANAA3E32KNXB2Z6WE0KA8,1265641,1653,459.397822,459.397822,459.578716,no,true
9053676,zest-v1,SP2MZQMF5VHZVYXWNAAJXJ9HPHNM8118VQ5T69X7P,SP2MZQMF5VHZVYXWNAAJXJ9HPHNM8118VQ5T69X7P,1296981358,645184792,1.206149,1.206149,1.206149,no,true
9053676,zest-v1,SP2N2P8298BA8PFKFJGFFMTMK54NN59XB8KQ46PRH,SP2N2P8298BA8PFKFJGFFMTMK54NN59XB8KQ46PRH,29370,73,241.39726,240.640541,242.183333,no,true
9053676,zest-v1,SP2N5M1PJ5X9RJTW9QS808Z1F4576BYG3FVA91QY3,SP2N5M1PJ5X9RJTW9QS808Z1F4576BYG3FVA91QY3,0,56096600,0,0,0,yes,true
9053676,zest-v1,SP2N7FTSJYX9XN22F8EE3X2W2X6KB680W8F2J71QV,SP2N7FTSJYX9XN22F8EE3X2W2X6KB680W8F2J71QV,2798814185,1164850227,1.441635,1.441635,1.441635,no,false
9053676,zest-v1,SP2NAQ3MDASD9EANBHAZQ83XEFBF2GH8XAQZCANJV,SP2NAQ3MDASD9EANBHAZQ83XEFBF2GH8XAQZCANJV,40482495,3630509,6.690383,6.690382,6.690383,no,true
9053676,zest-v1,SP2NHT6DXQ1CEB74WZQ86A424DR8ZZNGESTX3WK6,SP2NHT6DXQ1CEB74WZQ86A424DR8ZZNGESTX3WK6,897325826,12365800,43.539075,43.081915,43.996235,no,true
9053676,zest-v1,SP2NPBYX46J3F8C2FEGVMK3RF0BN6WQNV9EXJYN6Y,SP2NPBYX46J3F8C2FEGVMK3RF0BN6WQNV9EXJYN6Y,165980485,39935268,2.493743,2.493743,2.493743,no,true
9053676,zest-v1,SP2NRWX0489A5CN1KKPB6VF6B62DMV4CENB8RWTGM,SP2NRWX0489A5CN1KKPB6VF6B62DMV4CENB8RWTGM,652714071,339860002,1.152323,1.152323,1.152323,no,true
9053676,zest-v1,SP2NT1D5WQ3B755T0R15V3C9NZ7E400NSBZRJAN5Q,SP2NT1D5WQ3B755T0R15V3C9NZ7E400NSBZRJAN5Q,2130,835,1.530539,1.530539,1.531235,no,true
9053676,zest-v1,SP2NVGWMJSAAEPZNNQRHW626HBA4Q325FHX7VVPF3,SP2NVGWMJSAAEPZNNQRHW626HBA4Q325FHX7VVPF3,98528,918,64.397386,64.371983,64.422687,no,true
9053676,zest-v1,SP2NY428JH2MV60VMTNGPZAKVGA4W1ZWQQGGNX7NZ,SP2NY428JH2MV60VMTNGPZAKVGA4W1ZWQQGGNX7NZ,51761157,34181466,0.908583,0.893681,0.923665,yes,true
9053676,zest-v1,SP2P6DCS5N32T9J92BG6YZQFNTJJ1YV34ZPS8CDR,SP2P6DCS5N32T9J92BG6YZQFNTJJ1YV34ZPS8CDR,21780490,973634,13.422183,13.422181,13.422185,no,true
9053676,zest-v1,SP2P6ND86F2YG2GQDQD8QXZTE28EWYKS559D98H48,SP2P6ND86F2YG2GQDQD8QXZTE28EWYKS559D98H48,10105977702,2918845503,2.077392,2.077392,2.077392,no,false
9053676,zest-v1,SP2PF4G68C44HC6Y562ZYETT5FXWFBC9S246J9KB2,SP2PF4G68C44HC6Y562ZYETT5FXWFBC9S246J9KB2,154955,494100,0.188166,0.186191,0.190142,yes,true
9053676,zest-v1,SP2PF4VYW8B62TASG7AKFESQ04CKTWM21X09PY837,SP2PF4VYW8B62TASG7AKFESQ04CKTWM21X09PY837,16032582,8348993,1.152181,1.152181,1.152181,no,true
9053676,zest-v1,SP2PGDQK4EA3D1CJ8TGWQGQZD5BM4RY16P8YSFDNY,SP2PGDQK4EA3D1CJ8TGWQGQZD5BM4RY16P8YSFDNY,80644792,84199800,0.574667,0.568633,0.580701,yes,true
9053676,zest-v1,SP2PGDWR97DM7ASJSXY1R7NV5Z829A2H7C40Q2MPA,SP2PGDWR97DM7ASJSXY1R7NV5Z829A2H7C40Q2MPA,3641238725,1540359234,1.418334,1.418334,1.418334,no,false
9053676,zest-v1,SP2PHMA1MTGQXG5DV6G61AW7GHRZH946RR54BK4FG,SP2PHMA1MTGQXG5DV6G61AW7GHRZH946RR54BK4FG,5505976,14351800,0.230186,0.227769,0.232603,yes,true
9053676,zest-v1,SP2PJ8RQ3Q6RS8A8SP9F1SN03J1NVHDPYBCHE125A,SP2PJ8RQ3Q6RS8A8SP9F1SN03J1NVHDPYBCHE125A,1605323176,538358626,1.789131,1.789131,1.789131,no,true
9053676,zest-v1,SP2PN3KB4SMAYG1D9Z79294ZB83NGKB453WSK18JC,SP2PN3KB4SMAYG1D9Z79294ZB83NGKB453WSK18JC,1094584189506,473562865154,1.386829,1.386829,1.386829,no,false
9053676,zest-v1,SP2PNA3NH6WRFTVGF88TS89F3RYG801YPXPHWG3KF,SP2PNA3NH6WRFTVGF88TS89F3RYG801YPXPHWG3KF,542143436,132730,2450.735038,2450.735038,2450.747157,no,true
9053676,zest-v1,SP2PXD7AH66QHXBA1TTAHH0BG5VZWKJDK27EVJYRF,SP2PXD7AH66QHXBA1TTAHH0BG5VZWKJDK27EVJYRF,40482495,3630509,6.690383,6.690382,6.690383,no,true
9053676,zest-v1,SP2Q0YFHB6XGQQCTPZZE1QPY8H9AZWVA269Q8NT2G,SP2Q0YFHB6XGQQCTPZZE1QPY8H9AZWVA269Q8NT2G,83778,136,308.007353,306.158088,309.852941,no,true
9053676,zest-v1,SP2Q1X7A5RHEN6XXC5BH4MKGE4S7Y6QZHY3ZZTVYV,SP2Q1X7A5RHEN6XXC5BH4MKGE4S7Y6QZHY3ZZTVYV,3777682,1924090,1.178016,1.178016,1.178016,no,true
9053676,zest-v1,SP2Q3FYQ407FAQY2C47CTP43ZXEG00511R3FTMVTY,SP2Q3FYQ407FAQY2C47CTP43ZXEG00511R3FTMVTY,49447,3652,8.123823,8.123823,8.125325,no,true
9053676,zest-v1,SP2Q402MCF95W2V22CAV40HPRFQQ6P69SAD54RW6J,SP2Q402MCF95W2V22CAV40HPRFQQ6P69SAD54RW6J,5294549614,1432690152,2.217318,2.217318,2.217318,no,false
9053676,zest-v1,SP2Q58EA1NMT3FV2SHCAQ6C05BKX60ATGACTHRVA3,SP2Q58EA1NMT3FV2SHCAQ6C05BKX60ATGACTHRVA3,50804142,82896100,0.367719,0.363858,0.37158,yes,true
9053676,zest-v1,SP2Q7Y2YFM7DFY8EDZH6FH7ZRWN5G461Y4JXT5730,SP2Q7Y2YFM7DFY8EDZH6FH7ZRWN5G461Y4JXT5730,52335994,59147341,0.530905,0.522197,0.539717,yes,true
9053676,zest-v1,SP2QCDVNWBM0HPKXZ2B9T9SJ9YB2ZG1KJ6WXJK61A,SP2QCDVNWBM0HPKXZ2B9T9SJ9YB2ZG1KJ6WXJK61A,736045793,366698363,1.204334,1.204334,1.204334,no,true
9053676,zest-v1,SP2QJZBTB874KWT9YSG4CMVSYBXVYX9SDHY11108Y,SP2QJZBTB874KWT9YSG4CMVSYBXVYX9SDHY11108Y,69589914,34835067,1.198618,1.198618,1.198618,no,true
9053676,zest-v1,SP2QKE471WK6AVZTGFD5291SN7JWP53MMJZHE79F3,SP2QKE471WK6AVZTGFD5291SN7JWP53MMJZHE79F3,58801941,66743000,0.528612,0.523062,0.534163,yes,true
9053676,zest-v1,SP2QRDEVCNT7H0TXYTDCPYYHBEEX78CGQ0PX35ZVP,SP2QRDEVCNT7H0TXYTDCPYYHBEEX78CGQ0PX35ZVP,36515708,3630478,6.03486,6.034859,6.03486,no,true
9053676,zest-v1,SP2QTAN88V285ZK0GWQP34F8QJ98N4JP6X01S0N6E,SP2QTAN88V285ZK0GWQP34F8QJ98N4JP6X01S0N6E,36484868,7800,2806.528308,2777.059846,2835.996846,no,true
9053676,zest-v1,SP2QZT3P5NZR2WG910S84B3YW3G6ES5WZ7Y9Z6B0R,SP2QZT3P5NZR2WG910S84B3YW3G6ES5WZ7Y9Z6B0R,4860225188,1854653505,1.572334,1.572334,1.572334,no,false
9053676,zest-v1,SP2RBQNS29P5YE0RB1HC9GVW3JCQCFEX8HFJXGC4A,SP2RBQNS29P5YE0RB1HC9GVW3JCQCFEX8HFJXGC4A,188213551,133684900,0.844734,0.835864,0.853603,yes,true
9053676,zest-v1,SP2RCAHCTVC7QHS8GHB9JW70D89PCFBSNM0D5B2RA,SP2RCAHCTVC7QHS8GHB9JW70D89PCFBSNM0D5B2RA,31914287,379381,50.473198,50.473198,50.473265,no,true
9053676,zest-v1,SP2RHSHTNXXYY3B3KGJ61JGV4AB5PSHDG0GXY7DBM,SP2RHSHTNXXYY3B3KGJ61JGV4AB5PSHDG0GXY7DBM,4843451050,1783430088,1.629484,1.629484,1.629484,no,false
9053676,zest-v1,SP2RKXEZ7DV9N9V4FW4X0REXKRH0N6AZV2E7ARSGH,SP2RKXEZ7DV9N9V4FW4X0REXKRH0N6AZV2E7ARSGH,1648894,4054540,0.244007,0.241445,0.246569,yes,true
9053676,zest-v1,SP2RN4MYP5WKP8WC2262YBXZ0D0Z9XX38B5DA13BK,SP2RN4MYP5WKP8WC2262YBXZ0D0Z9XX38B5DA13BK,0,6212,0,0,0,yes,true
9053676,zest-v1,SP2RQ7FK82NPEBW0P55YVF1S0RRB4SF22Y7YZRCFC,SP2RQ7FK82NPEBW0P55YVF1S0RRB4SF22Y7YZRCFC,3717029407,181524688,12.286029,12.286029,12.28603,no,true
9053676,zest-v1,SP2RQZDD02SVJ690DP7H065W46AK082AKWYNBKZ83,SP2RQZDD02SVJ690DP7H065W46AK082AKWYNBKZ83,3091392385,478100,3879.59722,3838.861502,3920.332937,no,true
9053676,zest-v1,SP2RRX2EKSDFSZQNQEFJ0JXJGTJ7GGGB29KKE1AXB,SP2RRX2EKSDFSZQNQEFJ0JXJGTJ7GGGB29KKE1AXB,221431893,113630000,1.169226,1.156949,1.181503,no,true
9053676,zest-v1,SP2S48W70RJW2FZQ0MGZXN6BJKQ4GNRRV6B83Y91S,SP2S48W70RJW2FZQ0MGZXN6BJKQ4GNRRV6B83Y91S,172295,10398,9.942008,9.941226,9.942008,no,true
9053676,zest-v1,SP2S74ZQE7MBBZPXXHYRBKMZV5CB56AGSHQ98BTJM,SP2S74ZQE7MBBZPXXHYRBKMZV5CB56AGSHQ98BTJM,16404784042,3636102592,2.706984,2.706984,2.706984,no,false
9053676,zest-v1,SP2S7GTAT2EZ2MM5EFV4WTMZ88C5DNG13924B7NMN,SP2S7GTAT2EZ2MM5EFV4WTMZ88C5DNG13924B7NMN,18155639099,9453630631,1.152296,1.152296,1.152296,no,false
9053676,zest-v1,SP2SA9PKXCA39VDF8P8YX9V32QY96QZ46E344SYNA,SP2SA9PKXCA39VDF8P8YX9V32QY96QZ46E344SYNA,2081957607,723589228,1.726359,1.726359,1.726359,no,true
9053676,zest-v1,SP2SGTG124NX7XPXFSTD47T77N0K5KX7DGFT2SRV8,SP2SGTG124NX7XPXFSTD47T77N0K5KX7DGFT2SRV8,139994027,72792860,1.15391,1.15391,1.15391,no,true
9053676,zest-v1,SP2SKNBT57ECBV5Q06QD0XEPWRXP6RXC3FEQABFH3,SP2SKNBT57ECBV5Q06QD0XEPWRXP6RXC3FEQABFH3,188808468999,88267231238,1.283433,1.283433,1.283433,no,false
9053676,zest-v1,SP2SM5F36RRS709CQ4D9CJY70F43V4TR9JPN7V6D6,SP2SM5F36RRS709CQ4D9CJY70F43V4TR9JPN7V6D6,7345047,73,60370.249315,60179.756757,60566.033333,no,true
9053676,zest-v1,SP2SMSPX443W4HTX9YT9WVV5C0A212FJ8WQMGT51M,SP2SMSPX443W4HTX9YT9WVV5C0A212FJ8WQMGT51M,32695,258,76.034884,75.951724,76.122353,no,true
9053676,zest-v1,SP2ST90VE66R4GDQ50RVQKWS2B8N6KPTKVMJ9NEY2,SP2ST90VE66R4GDQ50RVQKWS2B8N6KPTKVMJ9NEY2,670224,625789,0.535503,0.53229,0.538717,yes,true
9053676,zest-v1,SP2T0B8G83PCBJA4WEVF38DSG6MRFVXH6G88DGEBW,SP2T0B8G83PCBJA4WEVF38DSG6MRFVXH6G88DGEBW,32347349177,9253160137,3.146235,3.146235,3.146235,no,false
9053676,zest-v1,SP2T0DVED39JM0X8MWAYFRAYB7R8EWFJC2W3VT1A,SP2T0DVED39JM0X8MWAYFRAYB7R8EWFJC2W3VT1A,143273,153500,0.560025,0.554146,0.565904,yes,true
9053676,zest-v1,SP2TD9H3GY9ZPNB1Q149MYX8HHT8X2Q15ZYQWCKB9,SP2TD9H3GY9ZPNB1Q149MYX8HHT8X2Q15ZYQWCKB9,3320100261,1452703127,1.371278,1.371278,1.371278,no,false
9053676,zest-v1,SP2TF3A02DCNB05D3WPY8C26PDBYCWQ1TPPNVJ6TP,SP2TF3A02DCNB05D3WPY8C26PDBYCWQ1TPPNVJ6TP,6355349,600,6355.349,6288.618,6422.08,no,true
9053676,zest-v1,SP2TG5M7W5DZZTRA2ZHRKYRHMXJ302W4WJ2NJQTXD,SP2TG5M7W5DZZTRA2ZHRKYRHMXJ302W4WJ2NJQTXD,1964328582,693774357,1.698819,1.698819,1.698819,no,true
9053676,zest-v1,SP2TGBVGPA2QRGW9681FBMRZVEAYX87T14GPQSTSZ,SP2TGBVGPA2QRGW9681FBMRZVEAYX87T14GPQSTSZ,84640397,34640551,1.466034,1.466034,1.466034,no,true
9053676,zest-v1,SP2TGS4853PR44BANBJN9QDF40CFMKKFW5Q4VSGMP,SP2TGS4853PR44BANBJN9QDF40CFMKKFW5Q4VSGMP,1676316071,140817870,5.952072,5.916359,5.987784,no,true
9053676,zest-v1,SP2TH0ZEF2AKBVH93A4ST0GNWKFTXDQ34YSR1CA42,SP2TH0ZEF2AKBVH93A4ST0GNWKFTXDQ34YSR1CA42,4784176979,2125615999,1.350435,1.350435,1.350435,no,false
9053676,zest-v1,SP2TJYSQE2RBDBAWF205V81H93N62XDJ0BKGXA5XP,SP2TJYSQE2RBDBAWF205V81H93N62XDJ0BKGXA5XP,83778,500,83.778,83.275,84.28,no,true
9053676,zest-v1,SP2TRDF0MSFET67D45JZS101FFN1PCR9RS823HS69,SP2TRDF0MSFET67D45JZS101FFN1PCR9RS823HS69,38159626,4172896,5.486783,5.486783,5.486784,no,true
9053676,zest-v1,SP2TTW6MJKNW23MG69ZTWWMG1GQ6Q1K4TBNM3GPR5,SP2TTW6MJKNW23MG69ZTWWMG1GQ6Q1K4TBNM3GPR5,12221824,6407267,1.144496,1.144496,1.144497,no,true
9053676,zest-v1,SP2V8AFRXRFYQE1B04QREA21JJ2HGJRJZ1H93GB6B,SP2V8AFRXRFYQE1B04QREA21JJ2HGJRJZ1H93GB6B,69076664,34727147,1.193475,1.193475,1.193475,no,true
9053676,zest-v1,SP2V8PF8QRSQJ3B282WXARZG2C43X5BEEEMCZTSP3,SP2V8PF8QRSQJ3B282WXARZG2C43X5BEEEMCZTSP3,736684646,281854674,1.568222,1.568222,1.568222,no,true
9053676,zest-v1,SP2V9XG0W2YYFR25Q6MZACJTT4SE42JNJB1RDDXHN,SP2V9XG0W2YYFR25Q6MZACJTT4SE42JNJB1RDDXHN,5879029396,971361257,3.631417,3.631417,3.631417,no,true
9053676,zest-v1,SP2V9YWEMB3F66N931V8RR7MS48KEMES2BC6A107C,SP2V9YWEMB3F66N931V8RR7MS48KEMES2BC6A107C,880230535,384749179,1.372682,1.366867,1.378425,no,true
9053676,zest-v1,SP2VAKZGM873F6ZHSJXZ1BGJE5D4Z2H8B66EXXJKC,SP2VAKZGM873F6ZHSJXZ1BGJE5D4Z2H8B66EXXJKC,11863418,13190100,0.539651,0.533985,0.545317,yes,true
9053676,zest-v1,SP2VE39M87CWWQZ82EX5Y4P8JMEH0PPXPPJC09N3W,SP2VE39M87CWWQZ82EX5Y4P8JMEH0PPXPPJC09N3W,5465014695,2204977409,1.487094,1.487094,1.487094,no,false
9053676,zest-v1,SP2VHDJG4HPW0B9T2RGZNRYPXK2K2BE5AECWNYWV3,SP2VHDJG4HPW0B9T2RGZNRYPXK2K2BE5AECWNYWV3,5754186731,2298527758,1.502054,1.502054,1.502054,no,false
9053676,zest-v1,SP2VHK8HS0BGZBPCW0J4XME6M1QEFGVZMMC8TRD14,SP2VHK8HS0BGZBPCW0J4XME6M1QEFGVZMMC8TRD14,7498330267,1970352864,2.283346,2.283346,2.283346,no,false
9053676,zest-v1,SP2VJMH4GK1KTKX9CSTP5HKJ83A6X3K4C6N519943,SP2VJMH4GK1KTKX9CSTP5HKJ83A6X3K4C6N519943,30249968782,1700,10676459.570118,10564356.692824,10788562.102588,no,true
9053676,zest-v1,SP2VKGQE7CS6B413ZFAVV5CCNPGWY5XQ5QJC89A3J,SP2VKGQE7CS6B413ZFAVV5CCNPGWY5XQ5QJC89A3J,5288325701,1027694916,3.087488,3.087488,3.087488,no,false
9053676,zest-v1,SP2VKV3A239D5117VEWG39FNYC2FKK6915WM5RDZF,SP2VKV3A239D5117VEWG39FNYC2FKK6915WM5RDZF,60983,193100,0.189486,0.187495,0.191475,yes,true
9053676,zest-v1,SP2VR35TSYTE36FD0QX856MC5621NNTK4BWERZGY,SP2VR35TSYTE36FD0QX856MC5621NNTK4BWERZGY,803360,2148900,0.224308,0.221953,0.226663,yes,true
9053676,zest-v1,SP2VSRZN573WMBX03S1R3HJC7DYMKD9GPFXKN922,SP2VSRZN573WMBX03S1R3HJC7DYMKD9GPFXKN922,165980331,39935391,2.493733,2.493733,2.493733,no,true
9053676,zest-v1,SP2VV5RXVK0MZADX1KQBGCPNTBNJ8KA4GVPWKW2BG,SP2VV5RXVK0MZADX1KQBGCPNTBNJ8KA4GVPWKW2BG,4574947363,1112264600,2.46791,2.441997,2.493823,no,false
9053676,zest-v1,SP2VZSP1HHR9JFZ95V5XPE1RYWT6CJQHM82VS9DYJ,SP2VZSP1HHR9JFZ95V5XPE1RYWT6CJQHM82VS9DYJ,144788952,75167995,1.155723,1.155723,1.155723,no,true
9053676,zest-v1,SP2W0538S5PCZVZDNEMJ0CJF4V0B20DDD6XT2139N,SP2W0538S5PCZVZDNEMJ0CJF4V0B20DDD6XT2139N,42830233876,8079956290,3.18048,3.18048,3.18048,no,false
9053676,zest-v1,SP2W1CCVM1261D8182DT5Q5YRY0A66PFD3G9FYVJ3,SP2W1CCVM1261D8182DT5Q5YRY0A66PFD3G9FYVJ3,98528,881,67.10193,67.082339,67.120449,no,true
9053676,zest-v1,SP2W7BV0JJX2PDC2KAANHJRX8RXHXK82YCH7KED24,SP2W7BV0JJX2PDC2KAANHJRX8RXHXK82YCH7KED24,1361757281,19312,42308.117678,42307.631453,42308.614203,no,true
9053676,zest-v1,SP2W8SXYX8HP40V6682F4F5CRKZRPRGREG4HKBMZX,SP2W8SXYX8HP40V6682F4F5CRKZRPRGREG4HKBMZX,5271112595,2617454162,1.208299,1.208299,1.208299,no,false
9053676,zest-v1,SP2WC112DEJR44WVAX5A2WZ21VCTTVMY000AJKKYT,SP2WC112DEJR44WVAX5A2WZ21VCTTVMY000AJKKYT,1359577091,328670600,2.481957,2.455896,2.508017,no,true
9053676,zest-v1,SP2WC3S1S4K04EVZXCDVHNTGMPZ8Y8T1WSD6X0KWA,SP2WC3S1S4K04EVZXCDVHNTGMPZ8Y8T1WSD6X0KWA,156609,93500,1.004978,0.994421,1.015527,band,true
9053676,zest-v1,SP2WHHNS0QFZKE4J2V0PMJ9X4GHKXA6NTCMXX36AF,SP2WHHNS0QFZKE4J2V0PMJ9X4GHKXA6NTCMXX36AF,905034164,495121379,1.096742,1.096009,1.097461,no,true
9053676,zest-v1,SP2WMYDF3S39FWDSJ72CAJ9PZRYTW1PKTC0WN5QAP,SP2WMYDF3S39FWDSJ72CAJ9PZRYTW1PKTC0WN5QAP,0,551556370,0,0,0,yes,true
9053676,zest-v1,SP2WP3D7T8D5QTF3NPCHMXT78JNHJTMCSWBY5MH2Z,SP2WP3D7T8D5QTF3NPCHMXT78JNHJTMCSWBY5MH2Z,59954473,43762778,0.821993,0.817066,0.826875,yes,true
9053676,zest-v1,SP2WS28J7A725HPCGPFBG9F0973JQTQ8Z0FX3GDJP,SP2WS28J7A725HPCGPFBG9F0973JQTQ8Z0FX3GDJP,6960964,2834600,1.473428,1.457957,1.488899,no,true
9053676,zest-v1,SP2WXPEYCZY51BYSSAE2D9C3HJBMZQPHCTZYWA5JB,SP2WXPEYCZY51BYSSAE2D9C3HJBMZQPHCTZYWA5JB,363945638,136969600,1.594276,1.577536,1.611016,no,true
9053676,zest-v1,SP2X48EMT7RR934KZP938W87MF93H96RVC1GNK7YM,SP2X48EMT7RR934KZP938W87MF93H96RVC1GNK7YM,69870951,82896700,0.505721,0.500411,0.511031,yes,true
9053676,zest-v1,SP2X4SDD5KGTQ225ENR03BVCH2V6F28EBX60814AQ,SP2X4SDD5KGTQ225ENR03BVCH2V6F28EBX60814AQ,486674637,142058983,2.055518,2.055518,2.055518,no,true
9053676,zest-v1,SP2X5X4HSR9ABHSY60SR3JQXE7SDXQQVEKKKVAVP1,SP2X5X4HSR9ABHSY60SR3JQXE7SDXQQVEKKKVAVP1,53363290955,17333008942,1.847225,1.847225,1.847225,no,false
9053676,zest-v1,SP2X6RSHSEKB46ANMXRR7TAH03T7762QHY26DYMNS,SP2X6RSHSEKB46ANMXRR7TAH03T7762QHY26DYMNS,6274107153,1095195500,3.437253,3.401162,3.473344,no,false
9053676,zest-v1,SP2XE0W323XF3EZETK5VHXJYKE84VWPK50ZMB31S1,SP2XE0W323XF3EZETK5VHXJYKE84VWPK50ZMB31S1,7310,2090,2.098565,2.098549,2.09858,no,true
9053676,zest-v1,SP2XGT4XMKGB6DBN6FGZAVAXHBQT18F3G3WJ4TTTW,SP2XGT4XMKGB6DBN6FGZAVAXHBQT18F3G3WJ4TTTW,9863013813,2728990511,2.168497,2.168496,2.168498,no,false
9053676,zest-v1,SP2XJ642XX3VZPNEZNCJZ7DX4EN0ZGXYDN8B2HZY8,SP2XJ642XX3VZPNEZNCJZ7DX4EN0ZGXYDN8B2HZY8,198620906,38509140,3.094656,3.094656,3.094656,no,true
9053676,zest-v1,SP2XJAWTQH9MJ1FV1QGP12KP3Q1SZAYT3RTBJBDPK,SP2XJAWTQH9MJ1FV1QGP12KP3Q1SZAYT3RTBJBDPK,702444,1028,409.98677,409.905679,410.069617,no,true
9053676,zest-v1,SP2XM1QJB05F2JA76J6PEKHTEKBW8GEDY1XRND9F6,SP2XM1QJB05F2JA76J6PEKHTEKBW8GEDY1XRND9F6,1641807824,819139927,1.202584,1.202584,1.202584,no,true
9053676,zest-v1,SP2XV97TQ925WMTQTBJWJVP5ZEK7ATR0G5F6982AX,SP2XV97TQ925WMTQTBJWJVP5ZEK7ATR0G5F6982AX,8026616102,3986344708,1.208117,1.208117,1.208117,no,false
9053676,zest-v1,SP2XVKPNAKAQAWTV8396JV58NTT1YAY3K4M1PGCD9,SP2XVKPNAKAQAWTV8396JV58NTT1YAY3K4M1PGCD9,817798,220730,2.222982,2.222976,2.222985,no,true
9053676,zest-v1,SP2XW5QP3M9E50CBE15G3BD7TW44J97ZCKMDR2N4N,SP2XW5QP3M9E50CBE15G3BD7TW44J97ZCKMDR2N4N,10003727,22760600,0.263712,0.260943,0.266481,yes,true
9053676,zest-v1,SP2XWGZ4XNGX3CBMJ60WB8WY5WWCBXAY21M80WT2Y,SP2XWGZ4XNGX3CBMJ60WB8WY5WWCBXAY21M80WT2Y,18524756,44082500,0.252138,0.24949,0.254785,yes,true
9053676,zest-v1,SP2XXPBN1JFKZY8Z0FCP022NBVQZSWTK185KQQ3NS,SP2XXPBN1JFKZY8Z0FCP022NBVQZSWTK185KQQ3NS,0,3639392,0,0,0,yes,true
9053676,zest-v1,SP2XYMY5FPFP1R02K77ZYK533XNVQFZNMQB57CMBP,SP2XYMY5FPFP1R02K77ZYK533XNVQFZNMQB57CMBP,503003733,200,1257509.3325,1249964.275,1265054.3875,no,true
9053676,zest-v1,SP2Y6PN1W5F97RZ2ENNSAADVWBFDF3GCVC4YZ71CN,SP2Y6PN1W5F97RZ2ENNSAADVWBFDF3GCVC4YZ71CN,13275840575,4613821374,1.726444,1.726444,1.726444,no,false
9053676,zest-v1,SP2Y743CNBQ5RW3A323C338HD1DVK04CSBKMECQ1Y,SP2Y743CNBQ5RW3A323C338HD1DVK04CSBKMECQ1Y,114890185,9962141,6.919608,6.919608,6.919608,no,true
9053676,zest-v1,SP2YADQRAJ4468KEX4CYD4MQPF0S6QYFT5BRA22J0,SP2YADQRAJ4468KEX4CYD4MQPF0S6QYFT5BRA22J0,2049084397389,756252690612,1.354762,1.346633,1.36289,no,false
9053676,zest-v1,SP2YDP13MXWC61FPAWSZASA49E43ZZA2P3G3M5P18,SP2YDP13MXWC61FPAWSZASA49E43ZZA2P3G3M5P18,4842861902,1853983080,1.567284,1.567284,1.567284,no,false
9053676,zest-v1,SP2YE97WPR9C184MQ4RVM6AP1J629750Z1N48N82S,SP2YE97WPR9C184MQ4RVM6AP1J629750Z1N48N82S,709277,6500,65.471723,64.784308,66.159138,no,true
9053676,zest-v1,SP2YFENF1H9647E9HNY0CWX8GM88GXTJW8A85GHGD,SP2YFENF1H9647E9HNY0CWX8GM88GXTJW8A85GHGD,5785219049,2998952872,1.157448,1.157448,1.157448,no,false
9053676,zest-v1,SP2YHQQXYD4N36MAEKC1AZ38BBQB3DQ9JKR5CSVPP,SP2YHQQXYD4N36MAEKC1AZ38BBQB3DQ9JKR5CSVPP,6169486008,1957279670,1.891243,1.891243,1.891243,no,false
9053676,zest-v1,SP2YR4E6C2XJ10MAP5VR8GYAJJF4CHNNC1EGZY70X,SP2YR4E6C2XJ10MAP5VR8GYAJJF4CHNNC1EGZY70X,52947091154,37357912960,0.708646,0.708616,0.708676,yes,false
9053676,zest-v1,SP2YS9JYN20GWX975X328PNVX3BBYR8HE02X6D0X5,SP2YS9JYN20GWX975X328PNVX3BBYR8HE02X6D0X5,36802164,7216576,3.059803,3.059803,3.059803,no,true
9053676,zest-v1,SP2YT55JGXDRM1XRBAKJ1H9HRY21G4XZERTJ6K6WC,SP2YT55JGXDRM1XRBAKJ1H9HRY21G4XZERTJ6K6WC,16595798,3628714,2.744079,2.744079,2.744079,no,true
9053676,zest-v1,SP2YX1568ZQK8JBQNJ7947XCNNWAZGJYZFFBW5VWA,SP2YX1568ZQK8JBQNJ7947XCNNWAZGJYZFFBW5VWA,4875468025,1819273575,1.607939,1.607939,1.607939,no,false
9053676,zest-v1,SP2YZTJNXHBWXNFF644EH4GZ4S7CQ01CVSD2PEA49,SP2YZTJNXHBWXNFF644EH4GZ4S7CQ01CVSD2PEA49,3392828,58215,34.968596,34.968436,34.968742,no,true
9053676,zest-v1,SP2Z2WH6EXDX1EJBK8JMJVQR3C8QFCFG2F3NHM6F1,SP2Z2WH6EXDX1EJBK8JMJVQR3C8QFCFG2F3NHM6F1,2526399350,899081802,1.685986,1.685986,1.685986,no,true
9053676,zest-v1,SP2Z4MW9Z71B3SQ1NFP3RB7FR2SMBTQWHVNFTXRF6,SP2Z4MW9Z71B3SQ1NFP3RB7FR2SMBTQWHVNFTXRF6,4620792,9284,298.629384,298.612876,298.629384,no,true
9053676,zest-v1,SP2Z4N1YCW45176FA0XF5TXHT0KKDQ8EXWWZVBZNB,SP2Z4N1YCW45176FA0XF5TXHT0KKDQ8EXWWZVBZNB,3097280,422489,4.398619,4.398618,4.398619,no,true
9053676,zest-v1,SP2Z4W3X43BRDSDXHTYB783B2JH5B9FA2RG5RKSAX,SP2Z4W3X43BRDSDXHTYB783B2JH5B9FA2RG5RKSAX,14757718444,5457178411,1.622566,1.622566,1.622566,no,false
9053676,zest-v1,SP2Z6K2G6E08399JKV48N9WJBWPQBES3ZZDH4FFHW,SP2Z6K2G6E08399JKV48N9WJBWPQBES3ZZDH4FFHW,3872512444,956040249,2.430345,2.430345,2.430345,no,true
9053676,zest-v1,SP2Z6PCE6G4ZPEGME8DDS8ZQXV62WQKTGZJCF2YH6,SP2Z6PCE6G4ZPEGME8DDS8ZQXV62WQKTGZJCF2YH6,185695914,99011404,1.1253,1.113484,1.137116,no,true
9053676,zest-v1,SP2Z7Z33B08W2364V0QV4Z1KYYWYHMNQHS34A76N4,SP2Z7Z33B08W2364V0QV4Z1KYYWYHMNQHS34A76N4,81227570,103712100,0.469921,0.464987,0.474856,yes,true
9053676,zest-v1,SP2Z82QFEEVF9CM5QGQSVRTQRTCVDP9B8JHEPWARG,SP2Z82QFEEVF9CM5QGQSVRTQRTCVDP9B8JHEPWARG,4775246003,1819273575,1.574886,1.574886,1.574886,no,false
9053676,zest-v1,SP2Z88KHPRY9ECF9EZWS957A9TYTNGD65EMF2W02G,SP2Z88KHPRY9ECF9EZWS957A9TYTNGD65EMF2W02G,48854149,65958200,0.44441,0.439744,0.449076,yes,true
9053676,zest-v1,SP2Z8HPHG0H0VM6GV0A29MJYPVWS14YE0WERBX18E,SP2Z8HPHG0H0VM6GV0A29MJYPVWS14YE0WERBX18E,175097349966,52695279459,1.993697,1.993697,1.993697,no,false
9053676,zest-v1,SP2ZC6WC1B18PY9G1Y6NZWGRT15YJ270ANC23QKBT,SP2ZC6WC1B18PY9G1Y6NZWGRT15YJ270ANC23QKBT,3761372463,1864847007,1.210192,1.210192,1.210192,no,false
9053676,zest-v1,SP2ZDTWRQTS3MZWD1K3KJ41YQWFVRRNPEPMVP9CAD,SP2ZDTWRQTS3MZWD1K3KJ41YQWFVRRNPEPMVP9CAD,690091901,192604300,2.149771,2.127198,2.172344,no,true
9053676,zest-v1,SP2ZGXB09V8T0TV1Q75PKA8YVMQBC0ZPFYAE18972,SP2ZGXB09V8T0TV1Q75PKA8YVMQBC0ZPFYAE18972,714420,34446,12.444173,12.44407,12.444296,no,true
9053676,zest-v1,SP2ZHTK0AJMXF20KCQTM482YAYB6WSY7A7A708VV8,SP2ZHTK0AJMXF20KCQTM482YAYB6WSY7A7A708VV8,46150253684,10955240007,2.527571,2.527571,2.527572,no,false
9053676,zest-v1,SP2ZNESKVAN6P9WYNXY0TCNMPFSKCMP0XP82ZE3BW,SP2ZNESKVAN6P9WYNXY0TCNMPFSKCMP0XP82ZE3BW,36802164,7216545,3.059816,3.059816,3.059816,no,true
9053676,zest-v1,SP2ZR74KMGW835MEANH220W1SEB8DB0FTY3BKF0R7,SP2ZR74KMGW835MEANH220W1SEB8DB0FTY3BKF0R7,58320677,29464184,1.187625,1.187625,1.187625,no,true
9053676,zest-v1,SP2ZVGMDY610RK5CJHR8YN0PR47X93VK66B91GP1J,SP2ZVGMDY610RK5CJHR8YN0PR47X93VK66B91GP1J,6824655899,2765726883,1.480549,1.480549,1.480549,no,false
9053676,zest-v1,SP2ZYTBCV6MK1M9XRX425483MT8BBA50TJQBBGWD4,SP2ZYTBCV6MK1M9XRX425483MT8BBA50TJQBBGWD4,492419542,177145019,1.667852,1.667852,1.667852,no,true
9053676,zest-v1,SP3010F6GC7C14K9SX5TTRCKFEGVG1D5A3RYKT87W,SP3010F6GC7C14K9SX5TTRCKFEGVG1D5A3RYKT87W,1840108422,360831548,3.05978,3.05978,3.05978,no,true
9053676,zest-v1,SP302KETQ770ME2ZA3KHRAPTN2BJ1HWJFZRH5ZQGZ,SP302KETQ770ME2ZA3KHRAPTN2BJ1HWJFZRH5ZQGZ,361233,68212,3.177444,3.177433,3.177446,no,true
9053676,zest-v1,SP303PN90SWX0QMKGV3J1WQGSMHJAXXH99KRNNMDK,SP303PN90SWX0QMKGV3J1WQGSMHJAXXH99KRNNMDK,32607212,10558607,1.852927,1.852927,1.852927,no,true
9053676,zest-v1,SP3045VHS30MW2T425PMPD7FABPHNTR47HVZGFE90,SP3045VHS30MW2T425PMPD7FABPHNTR47HVZGFE90,442678,221628,1.198435,1.198435,1.19844,no,true
9053676,zest-v1,SP305DH1G931D4TR5SD2MW8S60QYWVVX50K7R1CAP,SP305DH1G931D4TR5SD2MW8S60QYWVVX50K7R1CAP,302403019,144908500,1.252113,1.238966,1.26526,no,true
9053676,zest-v1,SP306X2PD9JYWS2237TKCD29EKGC1RBCW9GF79NGB,SP306X2PD9JYWS2237TKCD29EKGC1RBCW9GF79NGB,1306741961,356196502,2.201159,2.178047,2.224271,no,true
9053676,zest-v1,SP30B64TWM1TB8MBRJJ9E8PTKP49G3T44RJF2S9GN,SP30B64TWM1TB8MBRJJ9E8PTKP49G3T44RJF2S9GN,102884338,53682545,1.149919,1.149919,1.149919,no,true
9053676,zest-v1,SP30BEPKKZ8A72H26HJXTG65M6Q5GSPVK9T8T2XJ8,SP30BEPKKZ8A72H26HJXTG65M6Q5GSPVK9T8T2XJ8,83778,95,440.936842,438.289474,443.578947,no,true
9053676,zest-v1,SP30DS0EZEE8H0DVSTAP5W2HPG70VEYXM6C1FRAZ6,SP30DS0EZEE8H0DVSTAP5W2HPG70VEYXM6C1FRAZ6,499600300,73,4106303.835616,4093346.724324,4119620.866667,no,true
9053676,zest-v1,SP30H9NW71TNJS2429B5EHB1K59NC4Y11SEYN8GRR,SP30H9NW71TNJS2429B5EHB1K59NC4Y11SEYN8GRR,3717031317,181526266,12.285929,12.285929,12.285929,no,true
9053676,zest-v1,SP30MXC484QAN5472KXWJ03MKPF3Z5K6YEWFRDW9T,SP30MXC484QAN5472KXWJ03MKPF3Z5K6YEWFRDW9T,54517,2599,12.585687,12.582185,12.585687,no,true
9053676,zest-v1,SP30RK02S4MV7B6KEXCNYKXKBF8T3B1S5G20ZSV2K,SP30RK02S4MV7B6KEXCNYKXKBF8T3B1S5G20ZSV2K,2725246493,1414190378,1.156243,1.156243,1.156243,no,false
9053676,zest-v1,SP30WE8NRFAFFWX6BZ25EE5R8VBWXD01H2ZN4HV8E,SP30WE8NRFAFFWX6BZ25EE5R8VBWXD01H2ZN4HV8E,43560980,591131,44.214545,44.214479,44.214545,no,true
9053676,zest-v1,SP310VPG5A9YN3PS7NTSAEBEPX3E8H0HE8MACVTKZ,SP310VPG5A9YN3PS7NTSAEBEPX3E8H0HE8MACVTKZ,181259,5583,19.479742,19.477575,19.479742,no,true
9053676,zest-v1,SP3165W092H50NQJ2PESQ43G5HFAG58YB0NA9Y2AZ,SP3165W092H50NQJ2PESQ43G5HFAG58YB0NA9Y2AZ,464239785,263834070,1.055754,1.055754,1.055754,no,true
9053676,zest-v1,SP31AFRF5ERWQVW0KSNCVQC3Q9NZ51B5N0D8PGJ1D,SP31AFRF5ERWQVW0KSNCVQC3Q9NZ51B5N0D8PGJ1D,10118789738,3661440800,1.658165,1.658165,1.658165,no,false
9053676,zest-v1,SP31E6MW7V48SGQV5VQ9JX8XCJ0AQ1RTVWEJS9PC8,SP31E6MW7V48SGQV5VQ9JX8XCJ0AQ1RTVWEJS9PC8,3720678768,1844671517,1.210192,1.210192,1.210192,no,false
9053676,zest-v1,SP31E8EP537PDVF304V83KJJX4H2TN2Z88DQ1KPX5,SP31E8EP537PDVF304V83KJJX4H2TN2Z88DQ1KPX5,2595633432,1351360359,1.152454,1.152454,1.152454,no,false
9053676,zest-v1,SP31GEN16RESV2C8X338V1FQN2P2W5RPVS46MP0AK,SP31GEN16RESV2C8X338V1FQN2P2W5RPVS46MP0AK,2455605901,880723935,1.672901,1.672901,1.672901,no,true
9053676,zest-v1,SP31MWX5JR4NYNNGWBFFJJC9A7ZF825A53PJJDBS7,SP31MWX5JR4NYNNGWBFFJJC9A7ZF825A53PJJDBS7,36991028,19211220,1.155294,1.155294,1.155294,no,true
9053676,zest-v1,SP31NTDV1482AW4FCYPRMEKFRVF1GTDAVWF4ZA3DN,SP31NTDV1482AW4FCYPRMEKFRVF1GTDAVWF4ZA3DN,1137592,2802500,0.243552,0.240995,0.246109,yes,true
9053676,zest-v1,SP31XE07MFJ0R8XQAGBQFSX8YNGXQECPW4YETYN56,SP31XE07MFJ0R8XQAGBQFSX8YNGXQECPW4YETYN56,5549788153,2255574377,1.476286,1.476286,1.476286,no,false
9053676,zest-v1,SP31XX9BP58NAFFZFC1N30NDP60TMPNGYREYT6X15,SP31XX9BP58NAFFZFC1N30NDP60TMPNGYREYT6X15,372145648,193493623,1.153978,1.153978,1.153978,no,true
9053676,zest-v1,SP31ZA4DFKMX57WB4J3HBTGSF91KFJM1Y3MRE8ZJ2,SP31ZA4DFKMX57WB4J3HBTGSF91KFJM1Y3MRE8ZJ2,9939003240,5642986722,1.056781,1.056781,1.056781,no,false
9053676,zest-v1,SP323F9RS1CN0NQWNY42S3HAHE8M97SVFTMEQDAGS,SP323F9RS1CN0NQWNY42S3HAHE8M97SVFTMEQDAGS,99226,8300,7.172964,7.097639,7.248217,no,true
9053676,zest-v1,SP3250QSHSN8ZG2FZEX241Z08QYJ9KX56KQ29MRSY,SP3250QSHSN8ZG2FZEX241Z08QYJ9KX56KQ29MRSY,588834232,231016858,1.529328,1.529328,1.529328,no,true
9053676,zest-v1,SP32600FK0C32GW69QKEPSXQPDP2NJGZTHRG9R17N,SP32600FK0C32GW69QKEPSXQPDP2NJGZTHRG9R17N,1306734283,356196662,2.201145,2.178033,2.224257,no,true
9053676,zest-v1,SP328YDZCWYGN7865XXCTR4MHRAT7AK6CJ9EYENAK,SP328YDZCWYGN7865XXCTR4MHRAT7AK6CJ9EYENAK,3814341984,57409346,39.86468,39.86468,39.864681,no,true
9053676,zest-v1,SP329V74DYC5326TGAF8DN2FD201QS646S4662VAE,SP329V74DYC5326TGAF8DN2FD201QS646S4662VAE,14229044981,7628996703,1.119076,1.119076,1.119076,no,false
9053676,zest-v1,SP32AD7VVPWH34DGD6J9TDE77PV4506M519W8TVV1,SP32AD7VVPWH34DGD6J9TDE77PV4506M519W8TVV1,1185016341,586159551,1.212997,1.212997,1.212997,no,true
9053676,zest-v1,SP32C5HK0C880K8MXJ56SZPK2E1Q50S1BPADD4HRN,SP32C5HK0C880K8MXJ56SZPK2E1Q50S1BPADD4HRN,705477204,64045342,6.609166,6.53977,6.678563,no,true
9053676,zest-v1,SP32CPWD0RFBSXCK0WN0281K6T9YJ8B402M2AD816,SP32CPWD0RFBSXCK0WN0281K6T9YJ8B402M2AD816,10905750252,5397866146,1.212229,1.212229,1.212229,no,false
9053676,zest-v1,SP32GA720YCP6JTS6PBSQSTC5N4DNB6A5JDRJXZHK,SP32GA720YCP6JTS6PBSQSTC5N4DNB6A5JDRJXZHK,2412359,1253974,1.154263,1.154263,1.154263,no,true
9053676,zest-v1,SP32KDHV15T3HT5R70PK4W1VDCG046GW9YGHGMG10,SP32KDHV15T3HT5R70PK4W1VDCG046GW9YGHGMG10,4965312266,1853365336,1.607447,1.607447,1.607447,no,false
9053676,zest-v1,SP32P38F0SNN42R5B80PSZE97A635F2C91V76QAYY,SP32P38F0SNN42R5B80PSZE97A635F2C91V76QAYY,9698216,5350789,1.08749,1.08749,1.08749,no,true
9053676,zest-v1,SP32Q82EW7954FKDFHWQZBXHBV8H3Q5FC07FNFY4S,SP32Q82EW7954FKDFHWQZBXHBV8H3Q5FC07FNFY4S,165980516,39935422,2.493734,2.493734,2.493734,no,true
9053676,zest-v1,SP32W17519Q38SG2JB67EV8M5G9TGJR669GNQSG27,SP32W17519Q38SG2JB67EV8M5G9TGJR669GNQSG27,251901367,156445300,0.966094,0.95595,0.976238,yes,true
9053676,zest-v1,SP32WAC5Z5TJB57GVFWYWD0R46MKVBKR3RG8GKQNH,SP32WAC5Z5TJB57GVFWYWD0R46MKVBKR3RG8GKQNH,165957862,36287240,2.74407,2.74407,2.74407,no,true
9053676,zest-v1,SP32ZHGWDV2ZRTDCJ08EVF9WSNED529HZV9GQVCAM,SP32ZHGWDV2ZRTDCJ08EVF9WSNED529HZV9GQVCAM,66383132,18143604,2.195257,2.195257,2.195257,no,true
9053676,zest-v1,SP330R59339Q2WQNVX43Z5AN1GCYMFJ9PN3K66YQD,SP330R59339Q2WQNVX43Z5AN1GCYMFJ9PN3K66YQD,302417,18600,9.755387,9.75524,9.755531,no,true
9053676,zest-v1,SP331F8SSP31M3AZQSB850XW5AGYRFJYFZTACXA1W,SP331F8SSP31M3AZQSB850XW5AGYRFJYFZTACXA1W,337506006,154028517,1.314715,1.314715,1.314715,no,true
9053676,zest-v1,SP333RABDXRWDSWC9ZF8Q4SRBGKETF5QSZ3CKA2MD,SP333RABDXRWDSWC9ZF8Q4SRBGKETF5QSZ3CKA2MD,29659354371,7343708326,2.423246,2.423246,2.423246,no,false
9053676,zest-v1,SP334RNE1M86TC3A460NB848NET14EACXQ2260CXM,SP334RNE1M86TC3A460NB848NET14EACXQ2260CXM,43530033,66376663,0.393482,0.389351,0.397613,yes,true
9053676,zest-v1,SP33506QDHEW6NK09CCG67NYNXKF8EFQNDEW2GXQB,SP33506QDHEW6NK09CCG67NYNXKF8EFQNDEW2GXQB,203462560,100964323,1.209116,1.209116,1.209116,no,true
9053676,zest-v1,SP336EE6CBKM01N4G9E9BYFN1WM46GQJS22TDM8YS,SP336EE6CBKM01N4G9E9BYFN1WM46GQJS22TDM8YS,13550666,32094478,0.253327,0.250667,0.255987,yes,true
9053676,zest-v1,SP3381EH5BATN0EP1N7EG6JENWHPR44AW1VVNDB5S,SP3381EH5BATN0EP1N7EG6JENWHPR44AW1VVNDB5S,66645643,75085600,0.532557,0.526965,0.538149,yes,true
9053676,zest-v1,SP33FQ9HBWJ8FRH5GNJEGTZCH3C43K9QHS3QAPCFF,SP33FQ9HBWJ8FRH5GNJEGTZCH3C43K9QHS3QAPCFF,26356750,32013800,0.493976,0.488789,0.499163,yes,true
9053676,zest-v1,SP33H8GHR991CYQ4CY8WCKKXTDE15XXAXRV5W0YC,SP33H8GHR991CYQ4CY8WCKKXTDE15XXAXRV5W0YC,83778,200,209.445,208.1875,210.7,no,true
9053676,zest-v1,SP33JS3FEPHZ0254MX17SK863QE1MNTJHSEDY94RF,SP33JS3FEPHZ0254MX17SK863QE1MNTJHSEDY94RF,29505683,17668,1002.004177,1001.974707,1002.033003,no,true
9053676,zest-v1,SP33QBZQF9CZYDQTA7A5SADQA47J7FBC00G5Z85CD,SP33QBZQF9CZYDQTA7A5SADQA47J7FBC00G5Z85CD,59392866439,19727558591,1.806393,1.806393,1.806393,no,false
9053676,zest-v1,SP33V8QFCFF18VFYAKHN8NPS998683P1N510RAD7W,SP33V8QFCFF18VFYAKHN8NPS998683P1N510RAD7W,3717031317,181526452,12.285916,12.285916,12.285916,no,true
9053676,zest-v1,SP33XF6CRYDVEDB8JXERJW9M22EF97W4YT9KF14R,SP33XF6CRYDVEDB8JXERJW9M22EF97W4YT9KF14R,11053023,486832,13.622387,13.622366,13.622387,no,true
9053676,zest-v1,SP33YEMAP9AHRJGW94BA04HXVJ7BHZKRCWGFFGAKD,SP33YEMAP9AHRJGW94BA04HXVJ7BHZKRCWGFFGAKD,21130678,3477279,3.646071,3.646071,3.646071,no,true
9053676,zest-v1,SP3404N547SXGRJ4QMHC7TKT4DSBAKF8K5JZ1Z36K,SP3404N547SXGRJ4QMHC7TKT4DSBAKF8K5JZ1Z36K,368021684,191606196,1.152431,1.152431,1.152431,no,true
9053676,zest-v1,SP34118J2CZQ2JEQ1V2Y90A5WF2ZT8920VTY6E4VT,SP34118J2CZQ2JEQ1V2Y90A5WF2ZT8920VTY6E4VT,2526414339,901129966,1.682164,1.682164,1.682164,no,true
9053676,zest-v1,SP341ME1ZVR2MP40246BTHBQJYZAYBSQPN980DTK1,SP341ME1ZVR2MP40246BTHBQJYZAYBSQPN980DTK1,4854924544,1819647325,1.600835,1.600835,1.600835,no,false
9053676,zest-v1,SP3486ZKTPK7SGSBPF8YXQ9B00W5KARM6T8FCDZPM,SP3486ZKTPK7SGSBPF8YXQ9B00W5KARM6T8FCDZPM,14384234217,5001198802,1.725694,1.725694,1.725694,no,false
9053676,zest-v1,SP34F13AW4K5DYV7RJQ7JZ8M8GBG8VHGH1JRB6J3H,SP34F13AW4K5DYV7RJQ7JZ8M8GBG8VHGH1JRB6J3H,15331392,8126476,0.943299,0.943299,0.943299,yes,true
9053676,zest-v1,SP34GE35HK58Z1KV4FSEGJ8TP2MB34SYR3DDTHWQZ,SP34GE35HK58Z1KV4FSEGJ8TP2MB34SYR3DDTHWQZ,3717031317,1819588301,1.225672,1.225672,1.225672,no,false
9053676,zest-v1,SP34M6KFH1D9H3VJM1G7S1K057PVFCT3GNHRK5RN1,SP34M6KFH1D9H3VJM1G7S1K057PVFCT3GNHRK5RN1,4899323477,1854259650,1.58532,1.58532,1.58532,no,false
9053676,zest-v1,SP34MJHZE24H2CNNW70XZ5P950AFSVEK9WJMQJRCB,SP34MJHZE24H2CNNW70XZ5P950AFSVEK9WJMQJRCB,3229152667,2674961989,1.086459,1.086459,1.086459,no,false
9053676,zest-v1,SP34SYKT08GSP4ECNRWR7B3QWWS6WX7PN5YZHQ95F,SP34SYKT08GSP4ECNRWR7B3QWWS6WX7PN5YZHQ95F,14833846,12968,686.32847,686.32847,686.373206,no,true
9053676,zest-v1,SP34T0DS0ECN32J0JK891YP6JQ8VZDHJ98MPR74GX,SP34T0DS0ECN32J0JK891YP6JQ8VZDHJ98MPR74GX,29753803,71122599,0.251007,0.248372,0.253643,yes,true
9053676,zest-v1,SP34Y9YKYRTGJ4GWE2RQ7GXXS0S82ZSCK45T6F99,SP34Y9YKYRTGJ4GWE2RQ7GXXS0S82ZSCK45T6F99,2526393950,900691878,1.682969,1.682969,1.682969,no,true
9053676,zest-v1,SP34YFC963C5T6JTR9FYG8HXPNDY06NTR9KX4MX13,SP34YFC963C5T6JTR9FYG8HXPNDY06NTR9KX4MX13,670224,613108,0.546579,0.5433,0.549859,yes,true
9053676,zest-v1,SP350N4SX832092H6F07YKB1R5X5DM90BV6P97B8N,SP350N4SX832092H6F07YKB1R5X5DM90BV6P97B8N,111888522845,56185982337,1.194837,1.194837,1.194837,no,false
9053676,zest-v1,SP350TNVN5M7V4V5XN6DA1PF4MDQ87210G3Q2QTZ4,SP350TNVN5M7V4V5XN6DA1PF4MDQ87210G3Q2QTZ4,217808248,118756400,1.100446,1.088891,1.112,no,true
9053676,zest-v1,SP351H7SV61HJM1KXBG6ZZ03NG52CDCET8B8QSETZ,SP351H7SV61HJM1KXBG6ZZ03NG52CDCET8B8QSETZ,15722323955,7607818929,1.23996,1.23996,1.23996,no,false
9053676,zest-v1,SP3539DTDFG5GFKG4EXEE2T2F6C2DP291JGHCQW88,SP3539DTDFG5GFKG4EXEE2T2F6C2DP291JGHCQW88,22335,123,108.95122,108.336,108.95122,no,true
9053676,zest-v1,SP354SDJC9RMTP4ZC4ZCT0AB362XR44B74G1SN33V,SP354SDJC9RMTP4ZC4ZCT0AB362XR44B74G1SN33V,3606624455,1492477397,1.449921,1.449921,1.449921,no,false
9053676,zest-v1,SP35DEX98Q7AGQBWN7RF7PHCN3VYN4PZ5GTB29RZT,SP35DEX98Q7AGQBWN7RF7PHCN3VYN4PZ5GTB29RZT,530957,4700,67.781745,67.070043,68.493447,no,true
9053676,zest-v1,SP35DJCXZTMP5DH4GR3C49ABXZ7MGRVPYSVREWXZ8,SP35DJCXZTMP5DH4GR3C49ABXZ7MGRVPYSVREWXZ8,3544635901,1848544296,1.150517,1.150517,1.150517,no,false
9053676,zest-v1,SP35HVQJBPC0EFDK5MK2GVQAQX0199DPQBP90Z0C9,SP35HVQJBPC0EFDK5MK2GVQAQX0199DPQBP90Z0C9,36558342,8733866,2.511489,2.511488,2.511489,no,true
9053676,zest-v1,SP35JQDC0S8DJEANBHBXV4QEPTS9F7QZ33XP6T6RT,SP35JQDC0S8DJEANBHBXV4QEPTS9F7QZ33XP6T6RT,5294546198,1432690152,2.217317,2.217317,2.217317,no,false
9053676,zest-v1,SP35JTXYC99Q5XP12B44VMEYEDWWSKAGSF435KTZT,SP35JTXYC99Q5XP12B44VMEYEDWWSKAGSF435KTZT,37985,587,38.826235,38.816179,38.837099,no,true
9053676,zest-v1,SP35N6HZTH0GBN0N69FDXWR13T8JG3GRE3Q4WB6V9,SP35N6HZTH0GBN0N69FDXWR13T8JG3GRE3Q4WB6V9,6245,1392,2.69181,2.690421,2.69181,no,true
9053676,zest-v1,SP35Q63GH5CYG639VZVCXP2M7PHGDAR20ZXJK4DWX,SP35Q63GH5CYG639VZVCXP2M7PHGDAR20ZXJK4DWX,193917308,101198633,1.149723,1.149723,1.149723,no,true
9053676,zest-v1,SP35QTH6NRQTP4A0E8GFFG9EHR78R2SM1DKVMP2R0,SP35QTH6NRQTP4A0E8GFFG9EHR78R2SM1DKVMP2R0,910858491,498537727,1.096236,1.096236,1.096236,no,true
9053676,zest-v1,SP35R4DXWZRPMPTSNK0FFW714H9HPWH3R35Z4GVJC,SP35R4DXWZRPMPTSNK0FFW714H9HPWH3R35Z4GVJC,6421984349,1344315415,2.866285,2.866285,2.866285,no,false
9053676,zest-v1,SP35REDC1J2STAGW643CRSVFA9R1J8JQDK6GPX1X4,SP35REDC1J2STAGW643CRSVFA9R1J8JQDK6GPX1X4,12192524398,5502712101,1.329438,1.329438,1.329438,no,false
9053676,zest-v1,SP360Y4M1AWDEYS872AN3DDX28FQ023ZMBHZBQ1B2,SP360Y4M1AWDEYS872AN3DDX28FQ023ZMBHZBQ1B2,165980331,39935391,2.493733,2.493733,2.493733,no,true
9053676,zest-v1,SP363NCTT1W21JC3JT3417XV8K1XJQNQZY1MX4FH,SP363NCTT1W21JC3JT3417XV8K1XJQNQZY1MX4FH,1240197,96530,7.708673,7.708628,7.708673,no,true
9053676,zest-v1,SP365FZS1S8642AGS4V3JC10KF79XQ9VEYFBXSPYT,SP365FZS1S8642AGS4V3JC10KF79XQ9VEYFBXSPYT,2708263532,941552941,1.725828,1.725828,1.725828,no,true
9053676,zest-v1,SP367XZAFV69MN6K7XYZRJPQM09THTQD1S3QBWW3P,SP367XZAFV69MN6K7XYZRJPQM09THTQD1S3QBWW3P,251334,243602,0.51587,0.512775,0.518965,yes,true
9053676,zest-v1,SP368221WC2VG7FBKXV9WZV1H392AWA3VXRZ9RRNN,SP368221WC2VG7FBKXV9WZV1H392AWA3VXRZ9RRNN,72032912,68799900,0.628195,0.621599,0.634791,yes,true
9053676,zest-v1,SP369YMRM83QWP45TFA6C474VB1F0T4MPKGQKQMZT,SP369YMRM83QWP45TFA6C474VB1F0T4MPKGQKQMZT,69381212,3477403,11.971212,11.971211,11.971213,no,true
9053676,zest-v1,SP36A56G05V2SZ9PJ81PNZRY4TXT50ZTFNA19DTE2,SP36A56G05V2SZ9PJ81PNZRY4TXT50ZTFNA19DTE2,20869006,43684200,0.286635,0.283625,0.289644,yes,true
9053676,zest-v1,SP36C0SC6Y0Y5EJWR51NDGKWQSQSV1H5DT3RB9K1G,SP36C0SC6Y0Y5EJWR51NDGKWQSQSV1H5DT3RB9K1G,76998480,70053300,0.659485,0.65256,0.666409,yes,true
9053676,zest-v1,SP36FES4VZ0CRSSFASE7GPSDK2EZN65V39MEBQDHX,SP36FES4VZ0CRSSFASE7GPSDK2EZN65V39MEBQDHX,5287443833,2029600803,1.563099,1.563099,1.563099,no,false
9053676,zest-v1,SP36FRJSNZFC0ZQK3CXV66HK9GGT3962HPWZY7GHQ,SP36FRJSNZFC0ZQK3CXV66HK9GGT3962HPWZY7GHQ,1876916796,50900,22124.755945,21892.446306,22357.065572,no,true
9053676,zest-v1,SP36KE5AZ2GQ6KY30T8RVTPYMYHQ8ARXDCBDXEJ2V,SP36KE5AZ2GQ6KY30T8RVTPYMYHQ8ARXDCBDXEJ2V,83778,300,139.63,138.791667,140.466667,no,true
9053676,zest-v1,SP36KK1WYNES6725ERKNCFHYFXBF81E8S73AAPKGP,SP36KK1WYNES6725ERKNCFHYFXBF81E8S73AAPKGP,536475,697100,0.461749,0.4569,0.466597,yes,true
9053676,zest-v1,SP36Q34V1Y55ZB4E675GX5CPHMZ62P5EMP7W3D668,SP36Q34V1Y55ZB4E675GX5CPHMZ62P5EMP7W3D668,39713133176,22338743455,1.066662,1.066662,1.066662,no,false
9053676,zest-v1,SP36WG94FZ8BXR5QDBERJ7DC8835EZ0VP6AJFM0R4,SP36WG94FZ8BXR5QDBERJ7DC8835EZ0VP6AJFM0R4,1215063547,273870620,2.66198,2.618319,2.706168,no,true
9053676,zest-v1,SP36XZDY557Y1CQ6H5DZ1NGZP1Y943RBTY0KBWAKG,SP36XZDY557Y1CQ6H5DZ1NGZP1Y943RBTY0KBWAKG,2648521581,73,21768670.528767,21699981.251351,21839267.833333,no,true
9053676,zest-v1,SP36ZZ7YKA9MK3227HH7MGBEBBX8N5H8H295VJAQN,SP36ZZ7YKA9MK3227HH7MGBEBBX8N5H8H295VJAQN,4106656891,947772900,2.599773,2.572475,2.62707,no,true
9053676,zest-v1,SP3706BZ3G2237A96AB64AGNBTRQYKM7HNPM4ZRRX,SP3706BZ3G2237A96AB64AGNBTRQYKM7HNPM4ZRRX,156145345758,28927704500,3.238667,3.204661,3.272673,no,false
9053676,zest-v1,SP371PYZ83YNB7ZZN6EXSG2X46HWRXAY3PG6XFY5T,SP371PYZ83YNB7ZZN6EXSG2X46HWRXAY3PG6XFY5T,4738599860,1784287604,1.593443,1.593443,1.593443,no,false
9053676,zest-v1,SP3722W4GQSW60QPPC9VRMMANGNHQCP07BCPF2FTB,SP3722W4GQSW60QPPC9VRMMANGNHQCP07BCPF2FTB,58418046,32190997,1.088839,1.088839,1.088839,no,true
9053676,zest-v1,SP37278Y5HKS9WPVTTK2V14ME1ZXBMC63B8FYQXTN,SP37278Y5HKS9WPVTTK2V14ME1ZXBMC63B8FYQXTN,614201661,7843970,46.981439,46.981439,46.981442,no,true
9053676,zest-v1,SP374R5R2C97XNGZ2JDJV5S86THA7MBWNZ0140KCV,SP374R5R2C97XNGZ2JDJV5S86THA7MBWNZ0140KCV,5760896967,2233397592,1.547659,1.547659,1.547659,no,false
9053676,zest-v1,SP3766V2QFS9MTZGGKVTPWST3J3NMFZQ9HVTV9N34,SP3766V2QFS9MTZGGKVTPWST3J3NMFZQ9HVTV9N34,165609686,385038,258.067546,258.067474,258.067617,no,true
9053676,zest-v1,SP376Y7METTJAT372GYDGD225YE20A01GAV7KJFKN,SP376Y7METTJAT372GYDGD225YE20A01GAV7KJFKN,418772558,110541,2273.034755,2273.034755,2273.048576,no,true
9053676,zest-v1,SP3795C9QYT13ZC1AGMPP9FQCYES5MP8XHRS6AK8N,SP3795C9QYT13ZC1AGMPP9FQCYES5MP8XHRS6AK8N,90115,612600,0.088262,0.087335,0.089188,yes,true
9053676,zest-v1,SP379DQDX08J9FT1AWQWPH9HDCX8SE4YZXVZFRNC,SP379DQDX08J9FT1AWQWPH9HDCX8SE4YZXVZFRNC,6037996993,242755200,14.923669,14.76697,15.080367,no,true
9053676,zest-v1,SP37BY9E7D9FBZBTB0FM2HJRVGRAGCD0WPY2BVW13,SP37BY9E7D9FBZBTB0FM2HJRVGRAGCD0WPY2BVW13,7835945959,4064462020,1.15675,1.15675,1.15675,no,false
9053676,zest-v1,SP37E46M4GR5X7A1KGE3B3V7TCVWBJCZCGQH0PS40,SP37E46M4GR5X7A1KGE3B3V7TCVWBJCZCGQH0PS40,7998321043,6033312666,0.795416,0.795085,0.795741,yes,false
9053676,zest-v1,SP37G57APVTZK2HYTH0ZYAX0HYPHNSCQ879GHWWA7,SP37G57APVTZK2HYTH0ZYAX0HYPHNSCQ879GHWWA7,4301083666,1968045809,1.311275,1.311275,1.311275,no,false
9053676,zest-v1,SP37GN4JPWNNC8EQ956F6K76MCPVDXSRTWY4TK6A1,SP37GN4JPWNNC8EQ956F6K76MCPVDXSRTWY4TK6A1,4267641,244,10494.19918,10469.828926,10494.19918,no,true
9053676,zest-v1,SP37K1FRN4V34613B2QZCB1DYC8Y5WCWA825CC5R,SP37K1FRN4V34613B2QZCB1DYC8Y5WCWA825CC5R,2364167246,1176437931,1.205759,1.205759,1.205759,no,false
9053676,zest-v1,SP37MW060D9HH2NHY3MS4Y22W9D9W293YK9CPDC0E,SP37MW060D9HH2NHY3MS4Y22W9D9W293YK9CPDC0E,13087118953,4514700588,1.739267,1.739267,1.739267,no,false
9053676,zest-v1,SP37S80Z9WG22KG3KHRE1P4SCTSR2ZWQX9Z04YEXY,SP37S80Z9WG22KG3KHRE1P4SCTSR2ZWQX9Z04YEXY,475998,146,1956.156164,1948.965517,1956.156164,no,true
9053676,zest-v1,SP37V30X7F9AZ3088R3SCPEHAS8YMYKHYSB736WQF,SP37V30X7F9AZ3088R3SCPEHAS8YMYKHYSB736WQF,21707737899,10920966297,1.192627,1.192627,1.192627,no,false
9053676,zest-v1,SP37WET9FZZ0V3N87Q71897HK138VTSFDRWJ1NZS,SP37WET9FZZ0V3N87Q71897HK138VTSFDRWJ1NZS,32003235,32041820,0.499398,0.496402,0.502394,yes,true
9053676,zest-v1,SP37YA46VQF121VEKAP6HTNSPEK5WKDMK4BKPYVA2,SP37YA46VQF121VEKAP6HTNSPEK5WKDMK4BKPYVA2,2648406081,1434673540,1.107599,1.107599,1.107599,no,false
9053676,zest-v1,SP38142W7333X0Y8CQ3WN6R91S7F63SVRDN5QB0SS,SP38142W7333X0Y8CQ3WN6R91S7F63SVRDN5QB0SS,1368643265,475581186,1.7267,1.7267,1.7267,no,true
9053676,zest-v1,SP384PHPGAYKGX3Z8A3MKHT6M9TNHNPA12YRSXCA7,SP384PHPGAYKGX3Z8A3MKHT6M9TNHNPA12YRSXCA7,99649007,56251497,1.062894,1.062507,1.063274,no,true
9053676,zest-v1,SP387AWC5F23X02DJSEAQE2XGNY5NS8W0SPJB3TD9,SP387AWC5F23X02DJSEAQE2XGNY5NS8W0SPJB3TD9,201124211,3321191,36.334714,36.334714,36.33472,no,true
9053676,zest-v1,SP38886ZEHEQSAGB50J2C8EBMPHS7EX5EKZ4HK8X2,SP38886ZEHEQSAGB50J2C8EBMPHS7EX5EKZ4HK8X2,745538,394332,1.134381,1.134378,1.134381,no,true
9053676,zest-v1,SP38DK4JAY0NVH59QM21EBBNQWZPXB94K0FXK0JJ8,SP38DK4JAY0NVH59QM21EBBNQWZPXB94K0FXK0JJ8,7363894482,1804090832,2.449066,2.44528,2.452784,no,false
9053676,zest-v1,SP38F139KNGWV4GNPJYGRFHM0MG4NKEJ97T7ZTT41,SP38F139KNGWV4GNPJYGRFHM0MG4NKEJ97T7ZTT41,110,2,33,32.7,33.3,no,true
9053676,zest-v1,SP38GBVK5HEJ0MBH4CRJ9HQEW86HX0H9AP1HZ3SVZ,SP38GBVK5HEJ0MBH4CRJ9HQEW86HX0H9AP1HZ3SVZ,460017514891,238347724068,1.158016,1.158016,1.158016,no,false
9053676,zest-v1,SP38GC3TGZ0AK6KGADT6T17CCN9R13T880EJK42RP,SP38GC3TGZ0AK6KGADT6T17CCN9R13T880EJK42RP,83778,73,573.821918,562.668919,585.277778,no,true
9053676,zest-v1,SP38GP62WREFDAVYDH6ARPHA85C39DR9776R2QJNS,SP38GP62WREFDAVYDH6ARPHA85C39DR9776R2QJNS,83778,200,209.445,208.1875,210.7,no,true
9053676,zest-v1,SP38JGANYK8HVK3S62PNYDP25CR66NDKGRMQ38BQH,SP38JGANYK8HVK3S62PNYDP25CR66NDKGRMQ38BQH,12797152667,6334491577,1.21214,1.21214,1.21214,no,false
9053676,zest-v1,SP38MFYXHS8MVCF4N79HA2MH864N8E05328VS8MRT,SP38MFYXHS8MVCF4N79HA2MH864N8E05328VS8MRT,7944147212,200,23832441.636,23582200.884,24082681.62,no,true
9053676,zest-v1,SP38PWQVVQF0X1QJW7Q9SGGE3DG8BP80XGAM76HPP,SP38PWQVVQF0X1QJW7Q9SGGE3DG8BP80XGAM76HPP,744581,9700,46.056557,45.572969,46.540144,no,true
9053676,zest-v1,SP38ZJWREWK3JRM6W09XK5856CN7RGCTJFT1FQXHT,SP38ZJWREWK3JRM6W09XK5856CN7RGCTJFT1FQXHT,5520101541,6901,479939.273236,479902.139174,479939.273236,no,true
9053676,zest-v1,SP390ATGDGQFHE5YEWKXHCGQVXNAQP25JAXXZMWSC,SP390ATGDGQFHE5YEWKXHCGQVXNAQP25JAXXZMWSC,21016063,27660800,0.455867,0.45108,0.460653,yes,true
9053676,zest-v1,SP391CZF8G6PJESEDDTT2QEW4SNYVJGGJFRD9HEXK,SP391CZF8G6PJESEDDTT2QEW4SNYVJGGJFRD9HEXK,770551286449,201725146800,2.291885,2.26782,2.315949,no,false
9053676,zest-v1,SP394XFQ0QYB3BEQCZCH13ERFPSCF2NTFKF4WGSGT,SP394XFQ0QYB3BEQCZCH13ERFPSCF2NTFKF4WGSGT,133270196612,37671752630,2.122601,2.122601,2.122601,no,false
9053676,zest-v1,SP398Q24ED39YEGPMQZQYNMAGK9ZWV5VM50BMB72K,SP398Q24ED39YEGPMQZQYNMAGK9ZWV5VM50BMB72K,25613814159,7330046863,2.096615,2.096615,2.096615,no,false
9053676,zest-v1,SP39B4B4Y00X3BCV1HAG8D1CM4BKSHEKTD078ZMQY,SP39B4B4Y00X3BCV1HAG8D1CM4BKSHEKTD078ZMQY,319658629,150946700,1.270615,1.257274,1.283957,no,true
9053676,zest-v1,SP39BJNYR8HX904WB46ZHX1PF06RDP37D5A6BNRK4,SP39BJNYR8HX904WB46ZHX1PF06RDP37D5A6BNRK4,10477551,13308100,0.472384,0.467424,0.477344,yes,true
9053676,zest-v1,SP39KW7PHTAC7MKDZJT64ZVFS141B4G7KQKEG7MG3,SP39KW7PHTAC7MKDZJT64ZVFS141B4G7KQKEG7MG3,108191668,75755300,0.856904,0.847906,0.865901,yes,true
9053676,zest-v1,SP39QDMXZPH5FBQN39X1ZGK9Y720HNX76SB8MMSJJ,SP39QDMXZPH5FBQN39X1ZGK9Y720HNX76SB8MMSJJ,40482495,3630509,6.690383,6.690382,6.690383,no,true
9053676,zest-v1,SP39RQFWJZ0VC7P8RW2066D5E5GZ8S4YA4CK4R11W,SP39RQFWJZ0VC7P8RW2066D5E5GZ8S4YA4CK4R11W,412627,180857,1.368906,1.368906,1.368908,no,true
9053676,zest-v1,SP39RX0A0Y53RRQPJ70HGQZY6JJ25ATXE15AK8KVQ,SP39RX0A0Y53RRQPJ70HGQZY6JJ25ATXE15AK8KVQ,222869699,161335138,0.828845,0.828845,0.828845,yes,true
9053676,zest-v1,SP3A23V9S1F1WNXJS2WKRFCJ3NRVH9SJE3FW37FRN,SP3A23V9S1F1WNXJS2WKRFCJ3NRVH9SJE3FW37FRN,165732681,103662200,0.959266,0.949194,0.969338,yes,true
9053676,zest-v1,SP3A4EV2XMSPXF48J6PNKT3KRT6YXAXHRQSE2H29K,SP3A4EV2XMSPXF48J6PNKT3KRT6YXAXHRQSE2H29K,10345049142,2865301013,2.166275,2.166275,2.166275,no,false
9053676,zest-v1,SP3A5Z8D47MQSSSR4M4H4S1EJKN3HHYTAATZPGXX1,SP3A5Z8D47MQSSSR4M4H4S1EJKN3HHYTAATZPGXX1,3248224398,907942235,2.14654,2.14654,2.14654,no,true
9053676,zest-v1,SP3A7BWWWE0QXV19WWN5D9BQGSH9VJK6MW56YM0G4,SP3A7BWWWE0QXV19WWN5D9BQGSH9VJK6MW56YM0G4,2656936735,1382007764,1.153512,1.153512,1.153512,no,false
9053676,zest-v1,SP3A7WGTT3G279RR90S6G9F4FNR0H9EX770VQF0GG,SP3A7WGTT3G279RR90S6G9F4FNR0H9EX770VQF0GG,212119920,73,1743451.39726,1737950.075676,1749105.533333,no,true
9053676,zest-v1,SP3A98YYBQ39F7AN9K762WQM35Y56P7XRMNSEYRMH,SP3A98YYBQ39F7AN9K762WQM35Y56P7XRMNSEYRMH,336119255,173972681,1.159214,1.147042,1.171386,no,true
9053676,zest-v1,SP3AAZ14KVKRF8DN6FV2YDFJTXFV05PA6WT20T267,SP3AAZ14KVKRF8DN6FV2YDFJTXFV05PA6WT20T267,1123955,1871100,0.360415,0.356631,0.364199,yes,true
9053676,zest-v1,SP3AKBP5TXJ4BKTEN7P6JH5AHAJ2Q7ZAXN51R8PNQ,SP3AKBP5TXJ4BKTEN7P6JH5AHAJ2Q7ZAXN51R8PNQ,333790,1322,151.493192,151.47979,151.506881,no,true
9053676,zest-v1,SP3ANSGM3J116RTWYMZ5KDHJ9RBF3P2330H8RQQDR,SP3ANSGM3J116RTWYMZ5KDHJ9RBF3P2330H8RQQDR,204424954,101545798,1.207878,1.207878,1.207878,no,true
9053676,zest-v1,SP3ATQMYPKE2H29QPPQ9PZ2VJ8KGFXS60S5H9G861,SP3ATQMYPKE2H29QPPQ9PZ2VJ8KGFXS60S5H9G861,5030665,7216656,0.418255,0.413805,0.422705,yes,true
9053676,zest-v1,SP3B40SQ5VHAANZSXMYFZRKXY8T59BG1YVEH75NWM,SP3B40SQ5VHAANZSXMYFZRKXY8T59BG1YVEH75NWM,5520226152,1833775190,1.806184,1.806184,1.806184,no,false
9053676,zest-v1,SP3B6YG6MTG1FQTZMMP8XRXNBQ9QGDYPB4B553W19,SP3B6YG6MTG1FQTZMMP8XRXNBQ9QGDYPB4B553W19,1804569122,720487271,1.502791,1.502791,1.502791,no,true
9053676,zest-v1,SP3B9M0RS56PFY0MQ3GQ234QMJ1FZC4BJ2Y154PB1,SP3B9M0RS56PFY0MQ3GQ234QMJ1FZC4BJ2Y154PB1,793825375,37182016,12.809828,12.809828,12.809828,no,true
9053676,zest-v1,SP3B9PVHSCKS09ZFJ7XZMN3Z7NYGQ7W0T4WZ5NRXV,SP3B9PVHSCKS09ZFJ7XZMN3Z7NYGQ7W0T4WZ5NRXV,80094733,3834918,12.531387,12.531384,12.531387,no,true
9053676,zest-v1,SP3BG5YA9G4HC9ZXKFRGQTB2DKN6GJFGD27DPBA23,SP3BG5YA9G4HC9ZXKFRGQTB2DKN6GJFGD27DPBA23,121007011,58515165,1.240776,1.240776,1.240776,no,true
9053676,zest-v1,SP3BK01NQBKFGA8W39N7YQ4QH2G6K9T5FP0258VY6,SP3BK01NQBKFGA8W39N7YQ4QH2G6K9T5FP0258VY6,124354,7892,9.454181,9.454181,9.455154,no,true
9053676,zest-v1,SP3BKC7BDNKX08018T93BZRAM7MBWEM4QC5TWTS01,SP3BKC7BDNKX08018T93BZRAM7MBWEM4QC5TWTS01,4932405635,1853521599,1.59666,1.59666,1.59666,no,false
9053676,zest-v1,SP3BT3ZND2FKPPB6F7PK8S9JKK5YJ4WG8C7ZVSNNC,SP3BT3ZND2FKPPB6F7PK8S9JKK5YJ4WG8C7ZVSNNC,204770,831900,0.147688,0.146138,0.14924,yes,true
9053676,zest-v1,SP3BVJ0KRTAAJKFW5WY5Y4AD7HK0NAPFT6WTPDNDV,SP3BVJ0KRTAAJKFW5WY5Y4AD7HK0NAPFT6WTPDNDV,644372961,341003094,1.133784,1.133784,1.133784,no,true
9053676,zest-v1,SP3BVQSZB9GV2YHD7D72QP4RXVNAED4419Z3CYHP5,SP3BVQSZB9GV2YHD7D72QP4RXVNAED4419Z3CYHP5,3797472293,1882744905,1.210192,1.210192,1.210192,no,false
9053676,zest-v1,SP3BY4E9JXGDP2GEMA2395PZY3BJJ19NRVT532P4E,SP3BY4E9JXGDP2GEMA2395PZY3BJJ19NRVT532P4E,3413932980,1697080745,1.20699,1.20699,1.20699,no,false
9053676,zest-v1,SP3BYHB8JV8J50PTG46JNGD5FZSVEREEV6B1VX8M9,SP3BYHB8JV8J50PTG46JNGD5FZSVEREEV6B1VX8M9,7651381108,3466001824,1.324532,1.324532,1.324532,no,false
9053676,zest-v1,SP3C6MM8VT29NTE859C2QBE6W0X85YS26EAG9AZ9M,SP3C6MM8VT29NTE859C2QBE6W0X85YS26EAG9AZ9M,6108088623,2111426359,1.735724,1.735724,1.735724,no,false
9053676,zest-v1,SP3C91HAECR1D5W58KXZQ8DC4PRD0WBG0B8S8QNJS,SP3C91HAECR1D5W58KXZQ8DC4PRD0WBG0B8S8QNJS,1044545393,327703422,1.593736,1.584173,1.603298,no,true
9053676,zest-v1,SP3CC9SYWR9AWNF5QAW8S9SXNYRKA71M3PM27HFAG,SP3CC9SYWR9AWNF5QAW8S9SXNYRKA71M3PM27HFAG,0,1076,0,0,0,yes,true
9053676,zest-v1,SP3CDAQM3XB1EFY9QYK5VN7JERPN3ZF1Y4GXV3EN6,SP3CDAQM3XB1EFY9QYK5VN7JERPN3ZF1Y4GXV3EN6,4984955916,1964323917,1.522648,1.522648,1.522648,no,false
9053676,zest-v1,SP3CNERKHGR5R0K420SFQ71QRX1V8S41QGT5TQG05,SP3CNERKHGR5R0K420SFQ71QRX1V8S41QGT5TQG05,1298862796,648921861,1.200942,1.200942,1.200942,no,true
9053676,zest-v1,SP3CPTZK9X90P1JPEGRFA3DCDCTZJ0RJKM0EFCAH3,SP3CPTZK9X90P1JPEGRFA3DCDCTZJ0RJKM0EFCAH3,117852802250,47305960432,1.494773,1.494773,1.494773,no,false
9053676,zest-v1,SP3CPVVMJ3VSECMWY2N7E28QE9YKS2TZ1516WQBBW,SP3CPVVMJ3VSECMWY2N7E28QE9YKS2TZ1516WQBBW,5344311974,2056577461,1.559186,1.559186,1.559186,no,false
9053676,zest-v1,SP3CRKCVYP853H0A2J3THRFY6BA6HH8D6088T5Y09,SP3CRKCVYP853H0A2J3THRFY6BA6HH8D6088T5Y09,3680229042,109178612,20.225,20.225,20.225,no,true
9053676,zest-v1,SP3CSCEF057MECSN0YZNYP3477M4HJG1K3XWG1JB4,SP3CSCEF057MECSN0YZNYP3477M4HJG1K3XWG1JB4,6423876478,2850311404,1.352247,1.352247,1.352247,no,false
9053676,zest-v1,SP3CWQEWH6P8JA5FS67TJAM6TGYTDY1GZGJPRQFYD,SP3CWQEWH6P8JA5FS67TJAM6TGYTDY1GZGJPRQFYD,1840108422,360831548,3.05978,3.05978,3.05978,no,true
9053676,zest-v1,SP3CXJ7KKBY5Y53VM6STTSSVFT1PGGDQ4HN3RN42H,SP3CXJ7KKBY5Y53VM6STTSSVFT1PGGDQ4HN3RN42H,7301549030,2266092821,1.933252,1.933252,1.933252,no,false
9053676,zest-v1,SP3CYCSMGWGCTFYM7EWDBXVNZPJ0VF0CV9WFWPD6V,SP3CYCSMGWGCTFYM7EWDBXVNZPJ0VF0CV9WFWPD6V,811633263,432589928,1.125731,1.125731,1.125731,no,true
9053676,zest-v1,SP3D196DXNRR5FQ25B5M763NRE2SB1518RP6KRK23,SP3D196DXNRR5FQ25B5M763NRE2SB1518RP6KRK23,2062958116,1102325856,1.122876,1.122876,1.122876,no,false
9053676,zest-v1,SP3D5TAQAMG3DZYKCH3CXCG4RZ4H5DNJ1WV8ZXSBR,SP3D5TAQAMG3DZYKCH3CXCG4RZ4H5DNJ1WV8ZXSBR,75228556222,19149389721,2.357106,2.357106,2.357106,no,false
9053676,zest-v1,SP3DC62V3XNK2DXWMQAE4J0DVJFXS7N6N8HM5K4W8,SP3DC62V3XNK2DXWMQAE4J0DVJFXS7N6N8HM5K4W8,1104862132,571799998,1.159352,1.159352,1.159352,no,true
9053676,zest-v1,SP3DGJ0NW9EZTMV0J52XGM8JM30FGFK74MK1417S6,SP3DGJ0NW9EZTMV0J52XGM8JM30FGFK74MK1417S6,330917329,77013836,2.578113,2.578113,2.578113,no,true
9053676,zest-v1,SP3DJ3H9CW9K4X4GWKRQD3XJHM3KN9TCW1R44QN86,SP3DJ3H9CW9K4X4GWKRQD3XJHM3KN9TCW1R44QN86,2165480654,791857020,1.640812,1.640812,1.640812,no,true
9053676,zest-v1,SP3DP35Q8NFCZ5PEV1XPBWS4VJ1HMGVP4H2ZTG34M,SP3DP35Q8NFCZ5PEV1XPBWS4VJ1HMGVP4H2ZTG34M,1290933119,571378775,1.355598,1.355598,1.355598,no,true
9053676,zest-v1,SP3DPXHEAQ34YVNC7NADP1BSYXWSDTW9KW6PGTAM0,SP3DPXHEAQ34YVNC7NADP1BSYXWSDTW9KW6PGTAM0,2152630,41131,31.401571,31.401468,31.401661,no,true
9053676,zest-v1,SP3DTRHXJF6HBAT0EY784GDYRHG1YCFZXJXB5ZTNW,SP3DTRHXJF6HBAT0EY784GDYRHG1YCFZXJXB5ZTNW,151114135010,46010460439,1.970606,1.970606,1.970606,no,false
9053676,zest-v1,SP3DW2YR31HWKR70630ZPFM88F1Y5M490AX13QC19,SP3DW2YR31HWKR70630ZPFM88F1Y5M490AX13QC19,141473,984071,0.086258,0.085352,0.087163,yes,true
9053676,zest-v1,SP3DX0AG3HJNFNTKZ4A64W1A579ETY1N2JN7WHTC1,SP3DX0AG3HJNFNTKZ4A64W1A579ETY1N2JN7WHTC1,5437211579,2110437693,1.545806,1.545806,1.545806,no,false
9053676,zest-v1,SP3DX1DG12BBTDHMXNHXQ5EV4MW0HP7SZE83D5ASV,SP3DX1DG12BBTDHMXNHXQ5EV4MW0HP7SZE83D5ASV,956868481,441940026,1.299093,1.299093,1.299093,no,true
9053676,zest-v1,SP3DXPAJJ7GFMT388BD4YFQ2R676G3VPBT3XP33PW,SP3DXPAJJ7GFMT388BD4YFQ2R676G3VPBT3XP33PW,2165480654,791857020,1.640812,1.640812,1.640812,no,true
9053676,zest-v1,SP3DZWHXZF12MTW3WP8TN3KA5XH09TK8QNKC1SD9G,SP3DZWHXZF12MTW3WP8TN3KA5XH09TK8QNKC1SD9G,5358779114,2040219228,1.575942,1.575942,1.575942,no,false
9053676,zest-v1,SP3E35YKH9J3223GQ0CPXSSX15GDANZFN3PMRV4S7,SP3E35YKH9J3223GQ0CPXSSX15GDANZFN3PMRV4S7,3129872944,1581118134,1.187719,1.187719,1.187719,no,false
9053676,zest-v1,SP3EBBKX8GHC76AD2WXFEWGEDF6W446EFQA1AD9BJ,SP3EBBKX8GHC76AD2WXFEWGEDF6W446EFQA1AD9BJ,6529744948,3218706254,1.217212,1.217212,1.217212,no,false
9053676,zest-v1,SP3EEY64DVR8HWWNQJHBK37DT1HSC6X4P6ENG4HDE,SP3EEY64DVR8HWWNQJHBK37DT1HSC6X4P6ENG4HDE,1008278,29427,20.558222,20.342359,20.774085,no,true
9053676,zest-v1,SP3EFATMQT0TA243Y7QECYVNC1T630PHGS6P6006N,SP3EFATMQT0TA243Y7QECYVNC1T630PHGS6P6006N,7270500180,3610281668,1.208299,1.208299,1.208299,no,false
9053676,zest-v1,SP3EHQXZK6SV1XRP95RNHR74RBXZ9YCAN8YZC4AWA,SP3EHQXZK6SV1XRP95RNHR74RBXZ9YCAN8YZC4AWA,1090920990,385093096,1.699726,1.699726,1.699726,no,true
9053676,zest-v1,SP3EJ6214KGMZEC2N52QQP47R2B1XNZMG0M0K4B9T,SP3EJ6214KGMZEC2N52QQP47R2B1XNZMG0M0K4B9T,4058650219,1782151057,1.366433,1.366433,1.366433,no,false
9053676,zest-v1,SP3ENBT09BHBQAGVN5RNE9S4YXXFRZ0SMHTBJKDY3,SP3ENBT09BHBQAGVN5RNE9S4YXXFRZ0SMHTBJKDY3,36847,5478,4.035816,4.035816,4.036162,no,true
9053676,zest-v1,SP3ESWRH568H33R78NH67JS9GX8CG1C5RYCZRYPDN,SP3ESWRH568H33R78NH67JS9GX8CG1C5RYCZRYPDN,592673764,73,4871291.210959,4855920.178378,4887089.05,no,true
9053676,zest-v1,SP3F287FKZM88HN3W1QEWR7GG8YMECV7A4EKDCQGP,SP3F287FKZM88HN3W1QEWR7GG8YMECV7A4EKDCQGP,165980485,39935329,2.493739,2.493739,2.493739,no,true
9053676,zest-v1,SP3F6G7BCHKGTT9CZ92589F8S39M3WV6XBBKQQ4BJ,SP3F6G7BCHKGTT9CZ92589F8S39M3WV6XBBKQQ4BJ,4313608126,2050907968,1.261961,1.261961,1.261961,no,false
9053676,zest-v1,SP3F7B21T0T3XR3DWQJD0YFEAQ82WTZ25YYBNTKPH,SP3F7B21T0T3XR3DWQJD0YFEAQ82WTZ25YYBNTKPH,165958202,36287271,2.744073,2.744073,2.744073,no,true
9053676,zest-v1,SP3F9C08AG8HN8A5K6NSPGGC7X08AR0SSX1G78JF7,SP3F9C08AG8HN8A5K6NSPGGC7X08AR0SSX1G78JF7,66928552,84179400,0.477042,0.472033,0.482051,yes,true
9053676,zest-v1,SP3FC1PYKGWRHX5NQDFV7DDVMJGFFHTCSS9FDFZ59,SP3FC1PYKGWRHX5NQDFV7DDVMJGFFHTCSS9FDFZ59,4907104333,1818377254,1.61917,1.61917,1.61917,no,false
9053676,zest-v1,SP3FG3HGK6R7SGV5G4M9JKQGR962JA6BFBPWFB3HT,SP3FG3HGK6R7SGV5G4M9JKQGR962JA6BFBPWFB3HT,229767,245880,0.560681,0.554795,0.566569,yes,true
9053676,zest-v1,SP3FNQ0NJY378XA9PXC3KCK6XQ2M5ZG9GHNMRBHP2,SP3FNQ0NJY378XA9PXC3KCK6XQ2M5ZG9GHNMRBHP2,5645487911,2799680781,1.209885,1.209885,1.209885,no,false
9053676,zest-v1,SP3FPPW034K562X59PGTF06FBFVW7FSP2WYVQ85A3,SP3FPPW034K562X59PGTF06FBFVW7FSP2WYVQ85A3,36802164,7216638,3.059776,3.059776,3.059777,no,true
9053676,zest-v1,SP3FZGQS4YTC87PSQGKY43RGSYX41APNM6VQ00SG5,SP3FZGQS4YTC87PSQGKY43RGSYX41APNM6VQ00SG5,1377777,32071,25.776128,25.776128,25.776709,no,true
9053676,zest-v1,SP3G0JPRH9K2VP42P0VY8NYSTZFH0KB0ESXRNB497,SP3G0JPRH9K2VP42P0VY8NYSTZFH0KB0ESXRNB497,5089189744,2646017306,1.731006,1.731006,1.731006,no,false
9053676,zest-v1,SP3G1EFZWNFBPBWZRAXWQR57QKEJYBPH1NZPDCKYT,SP3G1EFZWNFBPBWZRAXWQR57QKEJYBPH1NZPDCKYT,18147,73,149.153425,148.686486,149.641667,no,true
9053676,zest-v1,SP3G29YRCHN8B474T8MXJWEYZE16XRPMQW1DW5GXY,SP3G29YRCHN8B474T8MXJWEYZE16XRPMQW1DW5GXY,76522,61,752.67541,744.777049,752.67541,no,true
9053676,zest-v1,SP3G2C60QHG9ZNBDG0J519C3QQEP8XQNWD80KD9GS,SP3G2C60QHG9ZNBDG0J519C3QQEP8XQNWD80KD9GS,169726254505,84086276376,1.211086,1.211086,1.211087,no,false
9053676,zest-v1,SP3G3GN0K670Q3YN59X2BYH31V7YWQ4Q547HVV1XE,SP3G3GN0K670Q3YN59X2BYH31V7YWQ4Q547HVV1XE,236695,1640,86.595732,86.583734,86.607121,no,true
9053676,zest-v1,SP3G5RZETXZ4WB7BWCMF57CF7DSR56M0BHE32VB9E,SP3G5RZETXZ4WB7BWCMF57CF7DSR56M0BHE32VB9E,176010501,88408079,1.194532,1.194532,1.194533,no,true
9053676,zest-v1,SP3G64KN9RCX2JHSE158A6AF85R4CMD5Q48ZY41VN,SP3G64KN9RCX2JHSE158A6AF85R4CMD5Q48ZY41VN,18529666,625888,17.763241,17.763241,17.763264,no,true
9053676,zest-v1,SP3G7MEN3SYQPN55HSK3F36GTA5NP7BT561W2PW9J,SP3G7MEN3SYQPN55HSK3F36GTA5NP7BT561W2PW9J,0,4169,0,0,0,yes,true
9053676,zest-v1,SP3G98P3GKB3XCN5X014A4EEVQ6Y8RNF2NGE2JXH5,SP3G98P3GKB3XCN5X014A4EEVQ6Y8RNF2NGE2JXH5,51181466,3080748,9.967995,9.967992,9.967995,no,true
9053676,zest-v1,SP3GBKC6ZR5Z7RWK3ZGRWR6A3ZJHR6K5P12R279QN,SP3GBKC6ZR5Z7RWK3ZGRWR6A3ZJHR6K5P12R279QN,154,73,1.265753,1.264865,1.275,no,true
9053676,zest-v1,SP3GEVG8CBXAPVBYKR20KYJ1MA206V3SDFD5W3YKH,SP3GEVG8CBXAPVBYKR20KYJ1MA206V3SDFD5W3YKH,24706655,591131,25.07734,25.077302,25.07734,no,true
9053676,zest-v1,SP3GGNDQASTXH0SVTSWVSNS7BP3RZ4MDXX25YW80J,SP3GGNDQASTXH0SVTSWVSNS7BP3RZ4MDXX25YW80J,5329960,1087885,2.939627,2.908766,2.970487,no,true
9053676,zest-v1,SP3GHPCXMT8E6C291GPFY44H00WVFYE1A8RBSX28Q,SP3GHPCXMT8E6C291GPFY44H00WVFYE1A8RBSX28Q,3555425171,1820552374,1.171763,1.171763,1.171763,no,false
9053676,zest-v1,SP3GMVPF5WSRFVV8WQ6P0M4VZFMC46R5MRA6P34EE,SP3GMVPF5WSRFVV8WQ6P0M4VZFMC46R5MRA6P34EE,17817,1671,6.397487,6.397487,6.399526,no,true
9053676,zest-v1,SP3GND3T5N1FTTQCK3F7KCM8DD23J9C38DPS1GQKP,SP3GND3T5N1FTTQCK3F7KCM8DD23J9C38DPS1GQKP,4177125844,2074861750,1.207924,1.207924,1.207924,no,false
9053676,zest-v1,SP3GNMSAKWK5P93B47EMQK4Y0ZKGHY89SGYN95BQM,SP3GNMSAKWK5P93B47EMQK4Y0ZKGHY89SGYN95BQM,3717031317,181526452,12.285916,12.285916,12.285916,no,true
9053676,zest-v1,SP3GS0VZBE15D528128G7FN3HXJQ20BXCG4CNPG64,SP3GS0VZBE15D528128G7FN3HXJQ20BXCG4CNPG64,1154076676,250923584,2.759589,2.759589,2.759589,no,true
9053676,zest-v1,SP3GSSCC9DBPFP97033XDSVHDX6TMQJ2DCN56P5HN,SP3GSSCC9DBPFP97033XDSVHDX6TMQJ2DCN56P5HN,7561772203,3207039370,1.41472,1.41472,1.41472,no,false
9053676,zest-v1,SP3GZYDAT52VPQBAQVE6Z2KDHNG0X9RQR88JYFPS4,SP3GZYDAT52VPQBAQVE6Z2KDHNG0X9RQR88JYFPS4,34448479,71895500,0.287488,0.284469,0.290507,yes,true
9053676,zest-v1,SP3H16WEDNK57P0N518DK2WY9CWMJRMZRK6F995JV,SP3H16WEDNK57P0N518DK2WY9CWMJRMZRK6F995JV,1692999644,181524533,5.595937,5.595937,5.595937,no,true
9053676,zest-v1,SP3H17JCG9W1RP5H8Z09X8FJA3PF2WJ14STMSEVZ3,SP3H17JCG9W1RP5H8Z09X8FJA3PF2WJ14STMSEVZ3,3941577075,1538623419,1.537053,1.537053,1.537053,no,false
9053676,zest-v1,SP3H5CRENA8TA1SSYEQ5TXS66AWR9FWH2YA5WJA7V,SP3H5CRENA8TA1SSYEQ5TXS66AWR9FWH2YA5WJA7V,90781776306,45295822682,1.202519,1.202519,1.202519,no,false
9053676,zest-v1,SP3H5XZ0042QKX5K5GQ7D481JN9348AFQ45FWCMSE,SP3H5XZ0042QKX5K5GQ7D481JN9348AFQ45FWCMSE,5463815201,2197809096,1.491617,1.491617,1.491617,no,false
9053676,zest-v1,SP3H7QV2A6H1CBH7XV6CF3C9N1DABZ20Q7GRMR4G2,SP3H7QV2A6H1CBH7XV6CF3C9N1DABZ20Q7GRMR4G2,46729,3085,9.088298,9.086402,9.088298,no,true
9053676,zest-v1,SP3HCM6CG3EM4XK5EM65ZP9P9K5QHTY5X868SVAAJ,SP3HCM6CG3EM4XK5EM65ZP9P9K5QHTY5X868SVAAJ,66346,3806,10.45917,10.459126,10.459373,no,true
9053676,zest-v1,SP3HCTTV10YPAF98YJAC6S4TNYXJ2H9HXKCDEQT40,SP3HCTTV10YPAF98YJAC6S4TNYXJ2H9HXKCDEQT40,0,617849521698,0,0,0,yes,false
9053676,zest-v1,SP3HEDDM8VJZXWMVG6DVZ8TTFDFXYXV5M3NR8NPM5,SP3HEDDM8VJZXWMVG6DVZ8TTFDFXYXV5M3NR8NPM5,21620833449,4547529026,2.852648,2.852648,2.852648,no,false
9053676,zest-v1,SP3HH362D85VFQZQW242XJBD4NVWKNP0TF678RSNB,SP3HH362D85VFQZQW242XJBD4NVWKNP0TF678RSNB,3496217557,1515259810,1.384403,1.384403,1.384403,no,false
9053676,zest-v1,SP3HK5H5FJ7H1E35Q2GQFXYGF6F4FEBTZMTZ9QT25,SP3HK5H5FJ7H1E35Q2GQFXYGF6F4FEBTZMTZ9QT25,384977706,124562700,1.85438,1.834909,1.873851,no,true
9053676,zest-v1,SP3HKY6PZ4CGWHC7WZQJPT00HZ9QJ3R5MNBJHRFHF,SP3HKY6PZ4CGWHC7WZQJPT00HZ9QJ3R5MNBJHRFHF,83778,4200,9.973571,9.91369,10.033333,no,true
9053676,zest-v1,SP3HQAMGTNJTTDWC45BW75Q45H9Q02A3P8DDEX80S,SP3HQAMGTNJTTDWC45BW75Q45H9Q02A3P8DDEX80S,7647490753,3466025997,1.323849,1.323849,1.323849,no,false
9053676,zest-v1,SP3J0GTQ7YH59P1CMJVBXHKZRKCAQVEJ8C6Z20NK2,SP3J0GTQ7YH59P1CMJVBXHKZRKCAQVEJ8C6Z20NK2,165958078,36287271,2.744071,2.744071,2.744071,no,true
9053676,zest-v1,SP3J6MR8XGT88PWJ43KR5XG225ZC17K3R4XY5R7XC,SP3J6MR8XGT88PWJ43KR5XG225ZC17K3R4XY5R7XC,2345937376,900070416,1.563836,1.563836,1.563836,no,true
9053676,zest-v1,SP3J6S0DWWC83ERTDAYWDJF8CXSBBD714YVVMXJ7B,SP3J6S0DWWC83ERTDAYWDJF8CXSBBD714YVVMXJ7B,83778,77600,0.539807,0.536566,0.543041,yes,true
9053676,zest-v1,SP3J86ZDPVYJ50JXAXX5VQJ19VVDCCXCMDS0TT0GY,SP3J86ZDPVYJ50JXAXX5VQJ19VVDCCXCMDS0TT0GY,823636598,407842109,1.211699,1.211699,1.211699,no,true
9053676,zest-v1,SP3JB7V457QQEH3MQWPCQ5F9ZYDKEPP9A1H4XNJBD,SP3JB7V457QQEH3MQWPCQ5F9ZYDKEPP9A1H4XNJBD,42553363,66743100,0.382542,0.378525,0.386558,yes,true
9053676,zest-v1,SP3JC8QHJP32CYMNYS8Q5V7TZGCNP24S5RDHJR6A7,SP3JC8QHJP32CYMNYS8Q5V7TZGCNP24S5RDHJR6A7,2165480654,791857020,1.640812,1.640812,1.640812,no,true
9053676,zest-v1,SP3JCAF094F0PHA7S85XAYAZM5Z4GWM9VZQ6GTMGP,SP3JCAF094F0PHA7S85XAYAZM5Z4GWM9VZQ6GTMGP,1747838444136,744494593892,1.173842,1.166799,1.180885,no,false
9053676,zest-v1,SP3JDHC43B8RTMS1ZJATQBJEHJRZNPB8GPVR7Q7B0,SP3JDHC43B8RTMS1ZJATQBJEHJRZNPB8GPVR7Q7B0,3590360151,67700,31820.03088,31485.920996,32154.140765,no,true
9053676,zest-v1,SP3JDJMDBAXK1PMP4TJXZJ8HVYK09393QG2WKN8QV,SP3JDJMDBAXK1PMP4TJXZJ8HVYK09393QG2WKN8QV,5738234286,2381496633,1.445705,1.445705,1.445705,no,false
9053676,zest-v1,SP3JMAXAXY7MXDD24J686WFCVKYTNG8R8Q05PWRNR,SP3JMAXAXY7MXDD24J686WFCVKYTNG8R8Q05PWRNR,6921068277,3360380630,1.235765,1.235765,1.235765,no,false
9053676,zest-v1,SP3JNACGEX37WW3GJM4SHZMZ04QMDRVHY63DC58HQ,SP3JNACGEX37WW3GJM4SHZMZ04QMDRVHY63DC58HQ,0,4221,0,0,0,yes,true
9053676,zest-v1,SP3JQSWM0F9CZ26HMGWECJGA3TNXXR9DM50778VJD,SP3JQSWM0F9CZ26HMGWECJGA3TNXXR9DM50778VJD,0,5842,0,0,0,yes,true
9053676,zest-v1,SP3JRK3SH37S23B95RM3N0DB3SRXYW9316FY1HHZ1,SP3JRK3SH37S23B95RM3N0DB3SRXYW9316FY1HHZ1,1104068690,72738420,9.107171,9.107171,9.107171,no,true
9053676,zest-v1,SP3JW7CH7K8B03P1G4YKZABRJ5KK1CN6DVMQYW0F7,SP3JW7CH7K8B03P1G4YKZABRJ5KK1CN6DVMQYW0F7,0,30019,0,0,0,yes,true
9053676,zest-v1,SP3JXVWNAYWQWK8XW0V5B3DMGZK709805K9M1RFZ8,SP3JXVWNAYWQWK8XW0V5B3DMGZK709805K9M1RFZ8,1949,123,9.507317,9.456,9.507317,no,true
9053676,zest-v1,SP3K0EE25S57TK269WJDYX9ZBEY763RFBX47TA69W,SP3K0EE25S57TK269WJDYX9ZBEY763RFBX47TA69W,322163014,193796311,0.997428,0.986955,1.007901,band,true
9053676,zest-v1,SP3K1T00MGGNNY1JW9K0Q6RV022B1FYK1WRKYP1R4,SP3K1T00MGGNNY1JW9K0Q6RV022B1FYK1WRKYP1R4,9696885,10887416,0.53439,0.528779,0.540002,yes,true
9053676,zest-v1,SP3K47Y6STKES195TV262H8ZKCFXB5DWF71MCWSDB,SP3K47Y6STKES195TV262H8ZKCFXB5DWF71MCWSDB,31855443,47953000,0.398583,0.394398,0.402768,yes,true
9053676,zest-v1,SP3K98C5NCH84A0ZPN112C0VJQ4QYC5MQ0Q575YA0,SP3K98C5NCH84A0ZPN112C0VJQ4QYC5MQ0Q575YA0,47078146778,11782658100,2.397327,2.372155,2.422499,no,false
9053676,zest-v1,SP3KBQKWQXAH2S86EZZ48TDQM1WTSK7PNV5JMZDA,SP3KBQKWQXAH2S86EZZ48TDQM1WTSK7PNV5JMZDA,0,4836308,0,0,0,yes,true
9053676,zest-v1,SP3KEG8TZPBTVREA01VHNPX9D041H1J7H84S2363W,SP3KEG8TZPBTVREA01VHNPX9D041H1J7H84S2363W,4700599854,1633985639,1.726062,1.726062,1.726062,no,false
9053676,zest-v1,SP3KFMTFS3W0A5VE3H3JTCK6GT9SKFKB59W2DQ6Q0,SP3KFMTFS3W0A5VE3H3JTCK6GT9SKFKB59W2DQ6Q0,16127255223,3193879689,3.029655,3.029655,3.029655,no,false
9053676,zest-v1,SP3KMGHQ0AZY23G1RABGD8VT0BY8P2C91J604AA8G,SP3KMGHQ0AZY23G1RABGD8VT0BY8P2C91J604AA8G,1840114521,733542715,1.505119,1.505119,1.505119,no,true
9053676,zest-v1,SP3KQB7CZXS0JS3XV160W16Y8PTQ9YWR3M950FPN4,SP3KQB7CZXS0JS3XV160W16Y8PTQ9YWR3M950FPN4,95467724,67379000,0.850126,0.8412,0.859052,yes,true
9053676,zest-v1,SP3KRJTWQ83KV8GNFXQVKZY8Q594SQ6AKSAVP5Y0S,SP3KRJTWQ83KV8GNFXQVKZY8Q594SQ6AKSAVP5Y0S,539363121,218369852,1.481971,1.481971,1.481971,no,true
9053676,zest-v1,SP3KSKWPGS0PYQ8VA027V5EDFJSDG5GG91QTNFDHV,SP3KSKWPGS0PYQ8VA027V5EDFJSDG5GG91QTNFDHV,23731411,4173422,3.411792,3.411792,3.411792,no,true
9053676,zest-v1,SP3KTNQFHQ4N5DH40F1164TGYMX3QG2N8NA5VKN4X,SP3KTNQFHQ4N5DH40F1164TGYMX3QG2N8NA5VKN4X,67044,138900,0.289607,0.286566,0.292648,yes,true
9053676,zest-v1,SP3KZYTDJDYSXKRZHX4397FMK6B3BQ9WDJ4HYKTKW,SP3KZYTDJDYSXKRZHX4397FMK6B3BQ9WDJ4HYKTKW,3428677556,885680882,2.32274,2.32274,2.32274,no,true
9053676,zest-v1,SP3M0NE6YNKAM8MJZTB58RF2HFW4D91ZW4HKJ4JMM,SP3M0NE6YNKAM8MJZTB58RF2HFW4D91ZW4HKJ4JMM,4226160,486832,5.208565,5.208556,5.208565,no,true
9053676,zest-v1,SP3M1H9S2YMCXP7A2K25PPF8J4EFJ1DWBRWYA7SB9,SP3M1H9S2YMCXP7A2K25PPF8J4EFJ1DWBRWYA7SB9,1350072440,609947662,1.992081,1.992081,1.992081,no,true
9053676,zest-v1,SP3M87BY9G9AZ90D97V0B25F5JRWRXTWHHNERGX2Z,SP3M87BY9G9AZ90D97V0B25F5JRWRXTWHHNERGX2Z,73604513,18515491,2.385176,2.385176,2.385176,no,true
9053676,zest-v1,SP3M8RMMY5DRJ26D15KVMAGPY3J29TWKCF51XZYR5,SP3M8RMMY5DRJ26D15KVMAGPY3J29TWKCF51XZYR5,171187068,52243100,1.966044,1.945401,1.986688,no,true
9053676,zest-v1,SP3M9H338NVTBDYZD4KKWK67AR87ATZ3F9PQ0BH9T,SP3M9H338NVTBDYZD4KKWK67AR87ATZ3F9PQ0BH9T,111854645,63013915,1.065047,1.065047,1.065047,no,true
9053676,zest-v1,SP3MB3CSNMK68HYW60KVX9MB4QBKNMSZHYNGNPCCR,SP3MB3CSNMK68HYW60KVX9MB4QBKNMSZHYNGNPCCR,1840108422,360831548,3.05978,3.05978,3.05978,no,true
9053676,zest-v1,SP3MH2RDK5JT5PTC47M8BXHSSGS781NMH94JE0D35,SP3MH2RDK5JT5PTC47M8BXHSSGS781NMH94JE0D35,25495,800,19.12125,18.92025,19.32225,no,true
9053676,zest-v1,SP3MK3F24FR93SC4SPDCGA75BHJ9VK9VJDZ3QF9DN,SP3MK3F24FR93SC4SPDCGA75BHJ9VK9VJDZ3QF9DN,184010823,36083192,3.059776,3.059776,3.059776,no,true
9053676,zest-v1,SP3MMD4F9KAYJA8TYREJA44ZT9XH9FHQ33F3957J4,SP3MMD4F9KAYJA8TYREJA44ZT9XH9FHQ33F3957J4,21130740,48683,260.428568,260.427638,260.429467,no,true
9053676,zest-v1,SP3MQVXN5ANM9XJMX9VTYSM78P3J8WE8GR52JJ5CH,SP3MQVXN5ANM9XJMX9VTYSM78P3J8WE8GR52JJ5CH,193744609,108818919,1.068259,1.068259,1.068259,no,true
9053676,zest-v1,SP3MQXSR0HXPBVAM36JWVQGEG0WBNSF9AA3K4K8C8,SP3MQXSR0HXPBVAM36JWVQGEG0WBNSF9AA3K4K8C8,21600652376,4718312196,2.746828,2.746828,2.746828,no,false
9053676,zest-v1,SP3MVC83VYYSWXEAQN52MHQSMCV55W1RVQB8EDSDH,SP3MVC83VYYSWXEAQN52MHQSMCV55W1RVQB8EDSDH,30050,330,54.636364,54.549701,54.636364,no,true
9053676,zest-v1,SP3MW06HRS97J7GKBH2D7NKD5E1ZG6SV4CGK9TT0W,SP3MW06HRS97J7GKBH2D7NKD5E1ZG6SV4CGK9TT0W,462764815,169826343,1.634958,1.617791,1.652125,no,true
9053676,zest-v1,SP3MWH3AN1TH7JE1512W5QHJDNVK431W4PRZYXSF9,SP3MWH3AN1TH7JE1512W5QHJDNVK431W4PRZYXSF9,36802164,7216576,3.059803,3.059803,3.059803,no,true
9053676,zest-v1,SP3MWVV1MC6XG0KB0YDBP2MF8FFTNBP6762Z6VRBW,SP3MWVV1MC6XG0KB0YDBP2MF8FFTNBP6762Z6VRBW,534195427,128882800,2.486889,2.460777,2.513002,no,true
9053676,zest-v1,SP3MYPXMX0B0R3TT6FA54NBRQGTHBESA98M7603XC,SP3MYPXMX0B0R3TT6FA54NBRQGTHBESA98M7603XC,4271756,2412195,1.06254,1.060934,1.064117,no,true
9053676,zest-v1,SP3N2RARPZ4FZP7JHJTXF30NAHQ0T9EYG4QZG4DJ5,SP3N2RARPZ4FZP7JHJTXF30NAHQ0T9EYG4QZG4DJ5,738010466,293213657,1.510183,1.494326,1.52604,no,true
9053676,zest-v1,SP3N3W86G5RGMFPW8ZE6SJJ18NYY92R54D1YT01X5,SP3N3W86G5RGMFPW8ZE6SJJ18NYY92R54D1YT01X5,4731764315,1798734977,1.578364,1.578364,1.578364,no,false
9053676,zest-v1,SP3N4K1X8MTBF86E4ZBCXXEJNRTKASBXJK7009QTQ,SP3N4K1X8MTBF86E4ZBCXXEJNRTKASBXJK7009QTQ,108280498,56519986,1.149475,1.149475,1.149475,no,true
9053676,zest-v1,SP3NJMJXWZ4W1CQGVKFEX01KRQ0145B4J2XXVZTG7,SP3NJMJXWZ4W1CQGVKFEX01KRQ0145B4J2XXVZTG7,6623842576,2386913211,1.66504,1.66504,1.66504,no,false
9053676,zest-v1,SP3NNTSWS5DPF9P1AND76KH0MK9MXF51N6EDTSJ1K,SP3NNTSWS5DPF9P1AND76KH0MK9MXF51N6EDTSJ1K,3853830895,886794779,2.607479,2.607479,2.607479,no,true
9053676,zest-v1,SP3NQHT65SRWDBVWBVFYD2GGHJ5QZZH1Q73FH3F96,SP3NQHT65SRWDBVWBVFYD2GGHJ5QZZH1Q73FH3F96,8072327824,4206022247,1.151539,1.151539,1.151539,no,false
9053676,zest-v1,SP3NW880NAT0N9K35Y0Y3MKE3F3HGKAS2AN2BF697,SP3NW880NAT0N9K35Y0Y3MKE3F3HGKAS2AN2BF697,139571113,103084600,0.812368,0.803839,0.820898,yes,true
9053676,zest-v1,SP3NX1CCN7QVX5ASWPRXK3RN3Q2W10KDXEDE61XF7,SP3NX1CCN7QVX5ASWPRXK3RN3Q2W10KDXEDE61XF7,26632414258,13301946370,1.201286,1.201286,1.201287,no,false
9053676,zest-v1,SP3NYA0QV0QF333437ZERVRH9T0XQ24JM81K36YC4,SP3NYA0QV0QF333437ZERVRH9T0XQ24JM81K36YC4,17596,440,23.994545,23.961468,23.994545,no,true
9053676,zest-v1,SP3P1P13G798Q3JQW753QMR5DRN2SWGXRT7GEZKXX,SP3P1P13G798Q3JQW753QMR5DRN2SWGXRT7GEZKXX,4826411232,1784202145,1.623049,1.623049,1.623049,no,false
9053676,zest-v1,SP3P1TCXN3FP3V79YWXC49F5X2HYKS39CMCP5FEHN,SP3P1TCXN3FP3V79YWXC49F5X2HYKS39CMCP5FEHN,142980509,18528,4630.19783,4630.084986,4630.313075,no,true
9053676,zest-v1,SP3P2F02BKN8QV49FEDTGTYTQY7DMNATZDMARHZ80,SP3P2F02BKN8QV49FEDTGTYTQY7DMNATZDMARHZ80,1840108422,360831548,3.05978,3.05978,3.05978,no,true
9053676,zest-v1,SP3P4AGVDW0MBESVRC379SQ8AXM6KGJ51ZH6RH6XD,SP3P4AGVDW0MBESVRC379SQ8AXM6KGJ51ZH6RH6XD,408995,118182,2.076433,2.076429,2.076433,no,true
9053676,zest-v1,SP3P7C6TGT8XHGQHTQX5RHMQ1E33ASRRWB4PF0PE8,SP3P7C6TGT8XHGQHTQX5RHMQ1E33ASRRWB4PF0PE8,0,32200,0,0,0,yes,true
9053676,zest-v1,SP3P8GFF3QH1ZQYHMAQ0777FT0Y89AWVDBH2K613A,SP3P8GFF3QH1ZQYHMAQ0777FT0Y89AWVDBH2K613A,72306361571,59858558596,1.087158,1.087158,1.087158,no,false
9053676,zest-v1,SP3PAQDPXRH2B0JD6AEHM0QZ1GQM9FBA4ER5NWHGP,SP3PAQDPXRH2B0JD6AEHM0QZ1GQM9FBA4ER5NWHGP,56427,3156,10.727567,10.727185,10.728128,no,true
9053676,zest-v1,SP3PC269JVRBN27RTYVM3W7H8NZMQA2DDC80B5Z8C,SP3PC269JVRBN27RTYVM3W7H8NZMQA2DDC80B5Z8C,89656552,3840355,14.007541,14.007539,14.007541,no,true
9053676,zest-v1,SP3PC7G7R7DVBNTH5T8P7AS835WSTZBHNNQR8TPP0,SP3PC7G7R7DVBNTH5T8P7AS835WSTZBHNNQR8TPP0,9117342387,4663172209,1.173108,1.173108,1.173108,no,false
9053676,zest-v1,SP3PG6WX96X2QAYCA70WVVZHBSQHMECW50W9AMCV6,SP3PG6WX96X2QAYCA70WVVZHBSQHMECW50W9AMCV6,594635542741,298298058571,1.196056,1.196056,1.196057,no,false
9053676,zest-v1,SP3PJYP3861PST63S9YBA8TKJRC8YFQ46C1T7R9QH,SP3PJYP3861PST63S9YBA8TKJRC8YFQ46C1T7R9QH,3692380036,1806513638,1.226356,1.226356,1.226356,no,false
9053676,zest-v1,SP3PQ2JCG3RSQKZC7ZRN37Z84S9Y3AEVZP5K8EJZF,SP3PQ2JCG3RSQKZC7ZRN37Z84S9Y3AEVZP5K8EJZF,428338,1016087,0.252934,0.250278,0.25559,yes,true
9053676,zest-v1,SP3Q6BNPKK5DRHFWK8C81Y2E4XCM30ZWEZ4TH31K0,SP3Q6BNPKK5DRHFWK8C81Y2E4XCM30ZWEZ4TH31K0,622489117,181956802,2.052649,2.052649,2.052649,no,true
9053676,zest-v1,SP3Q908CXM9E5CZB5P81BWXVNP8GRBFK793DW2685,SP3Q908CXM9E5CZB5P81BWXVNP8GRBFK793DW2685,31922334,918,20864.270588,20856.153879,20872.565419,no,true
9053676,zest-v1,SP3QB90S58982H2ZQX5EXTEKKBJSPCTSVXKHDN644,SP3QB90S58982H2ZQX5EXTEKKBJSPCTSVXKHDN644,5455953671,2084546910,1.5704,1.5704,1.5704,no,false
9053676,zest-v1,SP3QBFQGPQH26CCYCT025PXRTZWCQ7QHYKRD603CJ,SP3QBFQGPQH26CCYCT025PXRTZWCQ7QHYKRD603CJ,1840108422,360830341,3.05979,3.05979,3.05979,no,true
9053676,zest-v1,SP3QETB50KMH02PR7510Z39CN17XXHYE5J3DYQF15,SP3QETB50KMH02PR7510Z39CN17XXHYE5J3DYQF15,496050150,74053891,3.349251,3.329156,3.369347,no,true
9053676,zest-v1,SP3QFAX1BNWHS3ETCEFJHGYRCZ4BT9VW4NBFGAQQA,SP3QFAX1BNWHS3ETCEFJHGYRCZ4BT9VW4NBFGAQQA,9200275368,1961717807,2.813945,2.813945,2.813945,no,false
9053676,zest-v1,SP3QG9M0AXTS3X7ZYHXMK6F8VXCQJCBKF31AEK10B,SP3QG9M0AXTS3X7ZYHXMK6F8VXCQJCBKF31AEK10B,757267,415566,1.093353,1.093352,1.093353,no,true
9053676,zest-v1,SP3QJ7C5GJ8WWPE5QXP2D6ZKVDXDPX401S7P4Z27S,SP3QJ7C5GJ8WWPE5QXP2D6ZKVDXDPX401S7P4Z27S,1139594993159,395239656524,1.729981,1.729981,1.729981,no,false
9053676,zest-v1,SP3QM8M4ZMW2XDGFBP006B1ABPD8Y6YPZJ68P6S5K,SP3QM8M4ZMW2XDGFBP006B1ABPD8Y6YPZJ68P6S5K,36802164,7216638,3.059776,3.059776,3.059777,no,true
9053676,zest-v1,SP3QNTBPV86Y3FNDB9W9B44GAYB5XVPYA8XVGYX2W,SP3QNTBPV86Y3FNDB9W9B44GAYB5XVPYA8XVGYX2W,99466235,50195000,1.188958,1.176474,1.201442,no,true
9053676,zest-v1,SP3QSR24WRN3PSA6K48HSNWVN4CGTBQJP5ZFCMKRH,SP3QSR24WRN3PSA6K48HSNWVN4CGTBQJP5ZFCMKRH,13978786,4173453,2.009672,2.009672,2.009672,no,true
9053676,zest-v1,SP3R0A0M7E0GJYA5VASZRR7AQNX7F7HZQV05P1SW1,SP3R0A0M7E0GJYA5VASZRR7AQNX7F7HZQV05P1SW1,109622165114,55701396996,1.18082,1.18082,1.18082,no,false
9053676,zest-v1,SP3R3X5M1H1WR8K2H3D82PTYAJ8S3K8QS36K16TCT,SP3R3X5M1H1WR8K2H3D82PTYAJ8S3K8QS36K16TCT,8325505092,3069981549,1.627144,1.627144,1.627144,no,false
9053676,zest-v1,SP3R5MTB2C4RQ44P1KFYAJSN4077A073ZCZMAFQRN,SP3R5MTB2C4RQ44P1KFYAJSN4077A073ZCZMAFQRN,148462376,76698560,1.161396,1.161396,1.161396,no,true
9053676,zest-v1,SP3R7JHWZNMRX4NG19QZ91SWZA4MF8HJD04131KXJ,SP3R7JHWZNMRX4NG19QZ91SWZA4MF8HJD04131KXJ,66392169,18515430,2.151465,2.151465,2.151465,no,true
9053676,zest-v1,SP3RDTKZ98NBCEXQN7JFKY3QF7AH9XBY34NTFZBKK,SP3RDTKZ98NBCEXQN7JFKY3QF7AH9XBY34NTFZBKK,335112,255342,0.656202,0.652264,0.66014,yes,true
9053676,zest-v1,SP3REXZ9NQQ84R2SJ0D26CJ6RDBQ383W8QM5MC2R4,SP3REXZ9NQQ84R2SJ0D26CJ6RDBQ383W8QM5MC2R4,2071531773,1295942524,0.959085,0.957961,0.960188,yes,false
9053676,zest-v1,SP3RKS4FD9PWZ0Q12P7W2YKM3455CF17XHA8XQDHH,SP3RKS4FD9PWZ0Q12P7W2YKM3455CF17XHA8XQDHH,5405390154,1872444603,1.732085,1.732085,1.732085,no,false
9053676,zest-v1,SP3RRNXXXWTX6DQVA1QGR7A99T0063NK6Z85RQPWC,SP3RRNXXXWTX6DQVA1QGR7A99T0063NK6Z85RQPWC,165950867,36282134,2.74434,2.74434,2.74434,no,true
9053676,zest-v1,SP3RSA024ZBKTD1WFAWEJKFN2SD3A7B0CGEZZ0R5D,SP3RSA024ZBKTD1WFAWEJKFN2SD3A7B0CGEZZ0R5D,6893494325,3346993002,1.235765,1.235765,1.235765,no,false
9053676,zest-v1,SP3S08PWPWHJVZQFKWSBM007Z553MVFCF44ZYMK70,SP3S08PWPWHJVZQFKWSBM007Z553MVFCF44ZYMK70,4917428001,1889245689,1.561712,1.561712,1.561712,no,false
9053676,zest-v1,SP3S1E5JH286HFJK10GQF87PAMFBVXW55HV0MYWN0,SP3S1E5JH286HFJK10GQF87PAMFBVXW55HV0MYWN0,7051533473,2227796350,1.89915,1.89915,1.89915,no,false
9053676,zest-v1,SP3S3MR1FSSB0A64PAF7ETT64PJQXVHF223RAKGYS,SP3S3MR1FSSB0A64PAF7ETT64PJQXVHF223RAKGYS,4850349231,1783408454,1.631824,1.631824,1.631824,no,false
9053676,zest-v1,SP3S5JQKRS9N98AX195B4235MX4SMTJXVT2YTC8GK,SP3S5JQKRS9N98AX195B4235MX4SMTJXVT2YTC8GK,206446618,32900,3764.983915,3725.451629,3804.516182,no,true
9053676,zest-v1,SP3S5KFWY5H8BERS2ZA2X4T5NEV66FCTTG6VZP4ZD,SP3S5KFWY5H8BERS2ZA2X4T5NEV66FCTTG6VZP4ZD,1111065207,220,2525148.197727,2487384.720721,2563604.584862,no,true
9053676,zest-v1,SP3SB0NRVYFK91K2GRXEKR4MEYVBDNSS5ZNBAR7GB,SP3SB0NRVYFK91K2GRXEKR4MEYVBDNSS5ZNBAR7GB,1692999644,181524533,5.595937,5.595937,5.595937,no,true
9053676,zest-v1,SP3SDZ9WKEDX6WT8BKMY80SM37VD6QKGQH9GP5CD,SP3SDZ9WKEDX6WT8BKMY80SM37VD6QKGQH9GP5CD,165951053,36282165,2.744341,2.744341,2.744341,no,true
9053676,zest-v1,SP3SJSJPN28AAZMW27YKY4CMT9J6PVXHTXCMBZ1FZ,SP3SJSJPN28AAZMW27YKY4CMT9J6PVXHTXCMBZ1FZ,848550474,504645297,1.008887,1.008887,1.008887,no,true
9053676,zest-v1,SP3SNCYTS2S58VX9VYRM5ESKZW4M3XPK6QHVWQJTH,SP3SNCYTS2S58VX9VYRM5ESKZW4M3XPK6QHVWQJTH,92566474,62536500,0.888119,0.878794,0.897445,yes,true
9053676,zest-v1,SP3SPBHEFP4M6AAQM16WF8YCXDP01RSN1J6QKZ16X,SP3SPBHEFP4M6AAQM16WF8YCXDP01RSN1J6QKZ16X,165958202,36287271,2.744073,2.744073,2.744073,no,true
9053676,zest-v1,SP3SPPEEXX9S731Y60JD4686WG79B77WD59QYTBT8,SP3SPPEEXX9S731Y60JD4686WG79B77WD59QYTBT8,743225672,545035086,0.818177,0.818009,0.818342,yes,true
9053676,zest-v1,SP3SZFGPKV4G45JGPNPHPKB8PNE07SSEQSBD2P0NX,SP3SZFGPKV4G45JGPNPHPKB8PNE07SSEQSBD2P0NX,184010823,36083130,3.059782,3.059782,3.059782,no,true
9053676,zest-v1,SP3T01YZJWMQ2VDG20MGX23WKHE1XT12PHJGPJBAB,SP3T01YZJWMQ2VDG20MGX23WKHE1XT12PHJGPJBAB,184010823,36083130,3.059782,3.059782,3.059782,no,true
9053676,zest-v1,SP3T1H7WHV6HEJ67J0A46S6AD48PHF0GCFYDBB696,SP3T1H7WHV6HEJ67J0A46S6AD48PHF0GCFYDBB696,11321174471,1906208524,3.563464,3.563464,3.563464,no,false
9053676,zest-v1,SP3T4343SXGSQ0QGBDME836JYRS7JWE5HCC59VGZQ,SP3T4343SXGSQ0QGBDME836JYRS7JWE5HCC59VGZQ,3623859787,1540679873,1.41127,1.41127,1.41127,no,false
9053676,zest-v1,SP3T4GE6V1Y2MJ0EMTMC0FKHMX27S8YK8KGFEX7M9,SP3T4GE6V1Y2MJ0EMTMC0FKHMX27S8YK8KGFEX7M9,48553572,55259400,0.527189,0.521653,0.532724,yes,true
9053676,zest-v1,SP3T8XVBX10T72WB2E41ZTS5NCY85WC6YMWR2QA6K,SP3T8XVBX10T72WB2E41ZTS5NCY85WC6YMWR2QA6K,118350,6699,10.60009,10.48876,10.71133,no,true
9053676,zest-v1,SP3TATWNNNE9JY7NFVP0JEB809VJSJC6E9QTQETK4,SP3TATWNNNE9JY7NFVP0JEB809VJSJC6E9QTQETK4,705880611,4172865,101.495823,101.495822,101.495823,no,true
9053676,zest-v1,SP3TCKRCZFT9KVN0NWBDHTZ3PZW22YEQYJBM9KCP3,SP3TCKRCZFT9KVN0NWBDHTZ3PZW22YEQYJBM9KCP3,429455814,231031222,1.115319,1.115319,1.115319,no,true
9053676,zest-v1,SP3TF0J5PW51AFPM5JTW8ZYFC1PK5Q2FV321Q13TC,SP3TF0J5PW51AFPM5JTW8ZYFC1PK5Q2FV321Q13TC,1063246784,532892121,1.197143,1.197143,1.197143,no,true
9053676,zest-v1,SP3TF1TFPJ8PE73DXB52AJAXCFR5XN9RT0Y0WQJ5S,SP3TF1TFPJ8PE73DXB52AJAXCFR5XN9RT0Y0WQJ5S,85984384876,27702729494,1.862294,1.862294,1.862294,no,false
9053676,zest-v1,SP3TF26QFS3YMYHC9N3ZZTZQKCM4AFYMVW1WMFRTT,SP3TF26QFS3YMYHC9N3ZZTZQKCM4AFYMVW1WMFRTT,3184668835,808932600,2.362127,2.337324,2.386929,no,true
9053676,zest-v1,SP3TFHMJ45J9J6XS26BZ6TP391DHXNVGHFPGJCB53,SP3TFHMJ45J9J6XS26BZ6TP391DHXNVGHFPGJCB53,114503016,81097500,0.847151,0.838256,0.856046,yes,true
9053676,zest-v1,SP3TFX7T0RG5T2QRFTNZXNN7GWRE9KV7YTW6TTBSS,SP3TFX7T0RG5T2QRFTNZXNN7GWRE9KV7YTW6TTBSS,7321606593,2622137301,1.675337,1.675337,1.675337,no,false
9053676,zest-v1,SP3TR8BEX8M4B93ZDP06BFWW8SYDHANTYHKZ142FV,SP3TR8BEX8M4B93ZDP06BFWW8SYDHANTYHKZ142FV,4036209025,2101233007,1.152526,1.152526,1.152526,no,false
9053676,zest-v1,SP3TT3RNCJY4GKJK8AYNJJD0EX32G0A1TCAM4NTSW,SP3TT3RNCJY4GKJK8AYNJJD0EX32G0A1TCAM4NTSW,18938927071,1298581058,8.750594,8.750594,8.750595,no,false
9053676,zest-v1,SP3TXK5XWA5KSA4DJ0XGBT01BWPAVSN5B80TQM1Z0,SP3TXK5XWA5KSA4DJ0XGBT01BWPAVSN5B80TQM1Z0,332149855,133420700,1.493696,1.478012,1.509379,no,true
9053676,zest-v1,SP3TZEC9PYDZ3Y2F5RMNGFS24D1CDPW6EW8QK6616,SP3TZEC9PYDZ3Y2F5RMNGFS24D1CDPW6EW8QK6616,115152581434,1197677400,57.687946,57.322829,58.05001,no,false
9053676,zest-v1,SP3V1S3K19A26Z87VK0BFA8A9CZMRBHA4TT8DC1PR,SP3V1S3K19A26Z87VK0BFA8A9CZMRBHA4TT8DC1PR,10918494692,2780827034,2.355809,2.355809,2.355809,no,false
9053676,zest-v1,SP3V9FWMASAC7552X2RTHG9DQYEPHMM4WSBJM2Y6B,SP3V9FWMASAC7552X2RTHG9DQYEPHMM4WSBJM2Y6B,40482495,3630509,6.690383,6.690382,6.690383,no,true
9053676,zest-v1,SP3VGGV866MC5EKKHWG7G8WZSER20VV1ETNHF8CWG,SP3VGGV866MC5EKKHWG7G8WZSER20VV1ETNHF8CWG,8534782912,5973356130,0.857285,0.856983,0.857581,yes,false
9053676,zest-v1,SP3VJGBB99FMFJKKJB2D8P5CQYH165HZA2RFKMPEK,SP3VJGBB99FMFJKKJB2D8P5CQYH165HZA2RFKMPEK,66432558,66743100,0.597208,0.590938,0.603479,yes,true
9053676,zest-v1,SP3VKRD4NNKKSGZE632CPDKRXW24Y6GQ6VGP7JRR1,SP3VKRD4NNKKSGZE632CPDKRXW24Y6GQ6VGP7JRR1,307613514,116047800,1.590449,1.573749,1.607149,no,true
9053676,zest-v1,SP3VM8F6FKS3810M3NVE6GZ937BJXZGMVKZPVT1E2,SP3VM8F6FKS3810M3NVE6GZ937BJXZGMVKZPVT1E2,728950630,354716121,1.233015,1.233015,1.233015,no,true
9053676,zest-v1,SP3VMMC1E6416NVZEW36J7R1D1KKNV49WFMJYAYXV,SP3VMMC1E6416NVZEW36J7R1D1KKNV49WFMJYAYXV,5512880517,1826861236,1.810607,1.810607,1.810607,no,false
9053676,zest-v1,SP3VMTA44MSFR0K6EWKX7E18BKD41WANCC41BMJAC,SP3VMTA44MSFR0K6EWKX7E18BKD41WANCC41BMJAC,32598979,457554,42.747714,42.747649,42.747714,no,true
9053676,zest-v1,SP3VP83NCJCPY3MCXSNR94GC6Q6SYJCQ8DY6QQQ89,SP3VP83NCJCPY3MCXSNR94GC6Q6SYJCQ8DY6QQQ89,0,77015930,0,0,0,yes,true
9053676,zest-v1,SP3VR3GZ37ACP52FXQ10396BZS627QYYN94QGXV59,SP3VR3GZ37ACP52FXQ10396BZS627QYYN94QGXV59,4890970371,1784202145,1.644759,1.644759,1.644759,no,false
9053676,zest-v1,SP3VRJ5DP3FH2634PW3T3S60S9EC010CAPQ7XV35N,SP3VRJ5DP3FH2634PW3T3S60S9EC010CAPQ7XV35N,721828391,324350162,1.335276,1.335276,1.335276,no,true
9053676,zest-v1,SP3W1EY9XBBCP2RG1J6A42WJNP4FAK4D8SVT4AB5V,SP3W1EY9XBBCP2RG1J6A42WJNP4FAK4D8SVT4AB5V,0,31575900,0,0,0,yes,true
9053676,zest-v1,SP3W2FYTW1J7ZR2VMG65HRJYBJ5R9Q48DCK1XASJJ,SP3W2FYTW1J7ZR2VMG65HRJYBJ5R9Q48DCK1XASJJ,8392471453,3745524460,1.3444,1.3444,1.3444,no,false
9053676,zest-v1,SP3W3P6JW04MPZ2Z2BXJK733S18EWQ9SEV7Q8E7VH,SP3W3P6JW04MPZ2Z2BXJK733S18EWQ9SEV7Q8E7VH,670224,647278,0.517725,0.514619,0.520832,yes,true
9053676,zest-v1,SP3W3PCWC1WT2CHHHQV03YJ0XCTRKBEZQJ2NHTYT3,SP3W3PCWC1WT2CHHHQV03YJ0XCTRKBEZQJ2NHTYT3,8483484,1800,2827.828,2798.136,2857.520333,no,true
9053676,zest-v1,SP3W5R37Y7Z0VKFBGRS4FKTRM7H1QENTQXNFZ64H6,SP3W5R37Y7Z0VKFBGRS4FKTRM7H1QENTQXNFZ64H6,1692999644,181524533,5.595937,5.595937,5.595937,no,true
9053676,zest-v1,SP3W6S2T1MSDXF0HF2V8KWJZEFNAXM8HQZB5ATC50,SP3W6S2T1MSDXF0HF2V8KWJZEFNAXM8HQZB5ATC50,76628613,52539800,0.875092,0.865904,0.884281,yes,true
9053676,zest-v1,SP3W83KG17KJZZXPDZQDTRQKQRGHNFZN410R9P02E,SP3W83KG17KJZZXPDZQDTRQKQRGHNFZN410R9P02E,63624628,51234527,0.745099,0.737275,0.752922,yes,true
9053676,zest-v1,SP3WFW3G78JSYKFEYVTXJSBG9MYDG706DN00SR043,SP3WFW3G78JSYKFEYVTXJSBG9MYDG706DN00SR043,15135,1080,8.408333,8.405613,8.410999,no,true
9053676,zest-v1,SP3WG60S7VAXS92YW9GNQRV382BF0GHTFJ3EKN0Y6,SP3WG60S7VAXS92YW9GNQRV382BF0GHTFJ3EKN0Y6,334120893,182424168,1.098936,1.098936,1.098936,no,true
9053676,zest-v1,SP3WH4VDCB81VY2CGN0Z7XSJH8YSNF8R9B3E51VB2,SP3WH4VDCB81VY2CGN0Z7XSJH8YSNF8R9B3E51VB2,13837066,7187630,1.155073,1.155073,1.155073,no,true
9053676,zest-v1,SP3WHBHC4S8D4CXDQANTH6K0FQGVA4BSGD9PZV3RA,SP3WHBHC4S8D4CXDQANTH6K0FQGVA4BSGD9PZV3RA,3654467427,1569014846,1.397489,1.397489,1.397489,no,false
9053676,zest-v1,SP3WWRQ45G4D25E2TJ9SX3JXQZDDRRVCREDV7FQGW,SP3WWRQ45G4D25E2TJ9SX3JXQZDDRRVCREDV7FQGW,9804105162,4180395638,1.407155,1.407155,1.407155,no,false
9053676,zest-v1,SP3X1GS53ACYFGAR6WWR6RW6R5NVR168GVBAWJWFQ,SP3X1GS53ACYFGAR6WWR6RW6R5NVR168GVBAWJWFQ,5089370195,2361684224,1.292985,1.292985,1.292985,no,false
9053676,zest-v1,SP3X1PPX49N1MHFSHQJASZHNS4K6MDA4MKTGMJ08V,SP3X1PPX49N1MHFSHQJASZHNS4K6MDA4MKTGMJ08V,1149800765,296003500,2.33065,2.306178,2.355121,no,true
9053676,zest-v1,SP3X2VA67GWQF583A7YNP2E9J3TD1MJAT9TQ0H8P,SP3X2VA67GWQF583A7YNP2E9J3TD1MJAT9TQ0H8P,9770420630,4764929352,1.230292,1.230292,1.230292,no,false
9053676,zest-v1,SP3X7A0PY0SY0G67F7VHMWKGGG03V19WMZZR41PC3,SP3X7A0PY0SY0G67F7VHMWKGGG03V19WMZZR41PC3,171280747,98889556,1.039224,1.022398,1.056247,no,true
9053676,zest-v1,SP3XAGB4X61XCF68MDMFQD8W7MPFHN8HJBCW2E7JA,SP3XAGB4X61XCF68MDMFQD8W7MPFHN8HJBCW2E7JA,191218512,139815897,0.820587,0.814311,0.826827,yes,true
9053676,zest-v1,SP3XC5VKX238MJTBWME5PDK3WYT4E5B02XGP08XSR,SP3XC5VKX238MJTBWME5PDK3WYT4E5B02XGP08XSR,10590506770,1746437883,3.638437,3.638437,3.638437,no,false
9053676,zest-v1,SP3XE83R926A0X892VA30028K0TT06PSMC8YGWGXQ,SP3XE83R926A0X892VA30028K0TT06PSMC8YGWGXQ,4191044797,2087200501,1.204785,1.204785,1.204785,no,false
9053676,zest-v1,SP3XF7DW9K4R0E23BKF9244TEJJM3DN5WWV5CW2Z2,SP3XF7DW9K4R0E23BKF9244TEJJM3DN5WWV5CW2Z2,3063,200,9.189,9.093,9.288,no,true
9053676,zest-v1,SP3XGAZ3QKB0ZVJ73ZF1X4E0H4MDE3HGQ404XK58E,SP3XGAZ3QKB0ZVJ73ZF1X4E0H4MDE3HGQ404XK58E,34679,183,113.701639,113.652973,113.751381,no,true
9053676,zest-v1,SP3XGEQBNV745JEZ33ZKHQHYVY0YE1T35V09KSPHW,SP3XGEQBNV745JEZ33ZKHQHYVY0YE1T35V09KSPHW,5628740,208500,16.197813,16.027735,16.367891,no,true
9053676,zest-v1,SP3XN5Y6J6C0ZXHEY4A4XZ8P28DPY1S4YBG4G3CH1,SP3XN5Y6J6C0ZXHEY4A4XZ8P28DPY1S4YBG4G3CH1,465152781,120132100,2.323206,2.298813,2.3476,no,true
9053676,zest-v1,SP3XQMANKR51TFB1WZZYBZ5M40A2CFK9P67BAQ7EE,SP3XQMANKR51TFB1WZZYBZ5M40A2CFK9P67BAQ7EE,3694604009,1490238397,1.487522,1.487522,1.487522,no,false
9053676,zest-v1,SP3XTRRBJHEMVY2SF77DJKDXV5Q09MRZXYM431P3S,SP3XTRRBJHEMVY2SF77DJKDXV5Q09MRZXYM431P3S,73604329,18041379,2.44785,2.44785,2.447851,no,true
9053676,zest-v1,SP3XTYYV9133Z7RNWEDEP04Z6FZ0E9WVKV9D65XQM,SP3XTYYV9133Z7RNWEDEP04Z6FZ0E9WVKV9D65XQM,27527896852,19748370638,0.83636,0.836329,0.836389,yes,false
9053676,zest-v1,SP3XVKFHS2Z6Z8PHB08PDDZ494YKNRFBVWS9E4RV8,SP3XVKFHS2Z6Z8PHB08PDDZ494YKNRFBVWS9E4RV8,1088724312,257048700,2.541287,2.514604,2.567971,no,true
9053676,zest-v1,SP3XX87N1K5EVGNTGCMEXHWFZFZ5T5SRZ04RC9XBT,SP3XX87N1K5EVGNTGCMEXHWFZFZ5T5SRZ04RC9XBT,222514,2475,53.942788,53.942663,53.94316,no,true
9053676,zest-v1,SP3XYXX4N50GPPAZ8YE1C9XX5YF3B8BJBQAA9FVTT,SP3XYXX4N50GPPAZ8YE1C9XX5YF3B8BJBQAA9FVTT,3717029407,181524688,12.286029,12.286029,12.28603,no,true
9053676,zest-v1,SP3XZ9701DM8XEAXZT86A0JC3DMB70CPKD4X13KKD,SP3XZ9701DM8XEAXZT86A0JC3DMB70CPKD4X13KKD,2971579577,1547679117,1.152014,1.152014,1.152014,no,false
9053676,zest-v1,SP3Y4FBG02E39JM2Y9KA6NPTWW4MAP9HEBVYC40SD,SP3Y4FBG02E39JM2Y9KA6NPTWW4MAP9HEBVYC40SD,37378303620,9895033100,2.266489,2.242691,2.290287,no,false
9053676,zest-v1,SP3Y4Q6YE58SJSWS2YAM2402JHNBJNH8Z3JGN5GB8,SP3Y4Q6YE58SJSWS2YAM2402JHNBJNH8Z3JGN5GB8,3522859128,1259610016,1.678071,1.678071,1.678071,no,false
9053676,zest-v1,SP3YBGWRSHSV4E8MC7NGH5SQ4W9ZGFEY1G960DVJS,SP3YBGWRSHSV4E8MC7NGH5SQ4W9ZGFEY1G960DVJS,7048776376,3296379067,1.283003,1.283003,1.283004,no,false
9053676,zest-v1,SP3YDJ3KH7ER26GZB08XJF9ZSZ54V1XSXVJ1NBHE6,SP3YDJ3KH7ER26GZB08XJF9ZSZ54V1XSXVJ1NBHE6,398618083,207404346,1.153162,1.153162,1.153162,no,true
9053676,zest-v1,SP3YEVF4WR00WN2SENM59EJKPVP2NWBR8QX42ZJA1,SP3YEVF4WR00WN2SENM59EJKPVP2NWBR8QX42ZJA1,11679954,12367192,0.566658,0.565856,0.567446,yes,true
9053676,zest-v1,SP3YEWQXPP6C4VPGJB8Z0N0XD4KS1TZ20QCBKB61K,SP3YEWQXPP6C4VPGJB8Z0N0XD4KS1TZ20QCBKB61K,772848068,20081800,23.091,22.848545,23.333455,no,true
9053676,zest-v1,SP3YKW7DBTYDSA0FJH1EF8Q208A9HP65RAP4WEG5H,SP3YKW7DBTYDSA0FJH1EF8Q208A9HP65RAP4WEG5H,6917865598,3235448338,1.282888,1.282888,1.282888,no,false
9053676,zest-v1,SP3YM926G158RV76VT9M2NCVE0V5RT76Y1ZMTNZQ8,SP3YM926G158RV76VT9M2NCVE0V5RT76Y1ZMTNZQ8,87129785160,38817867040,1.346748,1.346748,1.346748,no,false
9053676,zest-v1,SP3YPBS92X6324XXMSKKKHE4D93GEBEK888JP8X9V,SP3YPBS92X6324XXMSKKKHE4D93GEBEK888JP8X9V,172183228780,39424821600,2.620429,2.592914,2.647943,no,false
9053676,zest-v1,SP3YSPMQ7EANV6CTV0PEBNFJ8DAAZE8AGCS5VCQJB,SP3YSPMQ7EANV6CTV0PEBNFJ8DAAZE8AGCS5VCQJB,4904456895,1854259650,1.586981,1.586981,1.586981,no,false
9053676,zest-v1,SP3YSS1RJJF8CA39NBGAZMWBEYRMRAFJ72RBSN1TM,SP3YSS1RJJF8CA39NBGAZMWBEYRMRAFJ72RBSN1TM,18769130,3630478,3.101927,3.101927,3.101927,no,true
9053676,zest-v1,SP3YVBDA8AMM7S9Y2MMXFREDWABP454HPW98RQBSD,SP3YVBDA8AMM7S9Y2MMXFREDWABP454HPW98RQBSD,2526414339,900628680,1.683101,1.683101,1.683101,no,true
9053676,zest-v1,SP3YWPQ29SZ3AXXRHZE0JBDBK75GBEY2AT94CPV21,SP3YWPQ29SZ3AXXRHZE0JBDBK75GBEY2AT94CPV21,13978817,2956186,2.8372,2.8372,2.837201,no,true
9053676,zest-v1,SP3YYBQ9Z8213CA0XBG92H8HVE8JF8E40XGEQ3ESV,SP3YYBQ9Z8213CA0XBG92H8HVE8JF8E40XGEQ3ESV,1692997230,181522243,5.595999,5.595999,5.595999,no,true
9053676,zest-v1,SP3YYFF1K5W7AN0YT2ETS93YF1SPD004ASCWENKAQ,SP3YYFF1K5W7AN0YT2ETS93YF1SPD004ASCWENKAQ,670827386,258180611,1.558972,1.558972,1.558972,no,true
9053676,zest-v1,SP3Z412AWB9DW1GH1JKP5TPZZRFWENF24JX5BEM4B,SP3Z412AWB9DW1GH1JKP5TPZZRFWENF24JX5BEM4B,114087081,47396777,1.444238,1.444238,1.444238,no,true
9053676,zest-v1,SP3Z6M5RSHSHJ781CD2DS41TMS1TV20JCFT6XXKQJ,SP3Z6M5RSHSHJ781CD2DS41TMS1TV20JCFT6XXKQJ,2161226,452045,2.868598,2.868595,2.868598,no,true
9053676,zest-v1,SP3Z8J8BZYY63889GAY59DMRFRWWY3GT5CKX5N29D,SP3Z8J8BZYY63889GAY59DMRFRWWY3GT5CKX5N29D,44165544,59888397,0.442478,0.437832,0.447124,yes,true
9053676,zest-v1,SP3ZJF89QRQW466932PHMQ2Q65MMK1EHKPJA2M9DT,SP3ZJF89QRQW466932PHMQ2Q65MMK1EHKPJA2M9DT,224083468,130342100,1.031517,1.020686,1.042348,no,true
9053676,zest-v1,SP3ZJJ1528NXYXCQMR1BAFD269G48MBW0EZT8XZD9,SP3ZJJ1528NXYXCQMR1BAFD269G48MBW0EZT8XZD9,4150504625,2111612724,1.179337,1.179337,1.179337,no,false
9053676,zest-v1,SP3ZJXZ7321QH9NWJAYEN27CEX1SR3HT7TY7Y11TT,SP3ZJXZ7321QH9NWJAYEN27CEX1SR3HT7TY7Y11TT,138803570,91638600,0.908811,0.899268,0.918353,yes,true
9053676,zest-v1,SP3ZTEQ37YPJFFR43MSG3S3BYKP98W93338F0AZ9S,SP3ZTEQ37YPJFFR43MSG3S3BYKP98W93338F0AZ9S,4811621249,1889160540,1.528178,1.528178,1.528178,no,false
9053676,zest-v1,SP3ZTY2CAGNRRDE9RJNNF849S5B4TAVMPA7RNVA0X,SP3ZTY2CAGNRRDE9RJNNF849S5B4TAVMPA7RNVA0X,69010529536,17861403300,2.318201,2.29386,2.342542,no,false
9053676,zest-v1,SP3ZW442AHT23SWB1NZ6QMKS17BQYWCTZS7371864,SP3ZW442AHT23SWB1NZ6QMKS17BQYWCTZS7371864,4952220442,1948328231,1.525068,1.525068,1.525068,no,false
9053676,zest-v1,SP3ZWBR39XF80ABMVGZ66ETNXRH3HGCQHRPYW40GG,SP3ZWBR39XF80ABMVGZ66ETNXRH3HGCQHRPYW40GG,4001994123,2077175870,1.155991,1.155991,1.155991,no,false
9053676,zest-v1,SP3ZWCFRGEJ6AH9T15DXPQ5H804RWWK1RPGAE0K2X,SP3ZWCFRGEJ6AH9T15DXPQ5H804RWWK1RPGAE0K2X,11850249596,6160134102,1.15422,1.15422,1.15422,no,false
9053676,zest-v1,SP3ZY0X5RVF844ZSGBQ22MTDERV2PJEN1C5TSG1N0,SP3ZY0X5RVF844ZSGBQ22MTDERV2PJEN1C5TSG1N0,3352803235,181524533,11.082149,11.082149,11.082149,no,true
9053676,zest-v1,SP3ZZ0MR8C26QWXE92NK0MR52KHMBZE3KHANX3E1G,SP3ZZ0MR8C26QWXE92NK0MR52KHMBZE3KHANX3E1G,2723369488,1164855179,1.402768,1.402768,1.402768,no,false
9053676,zest-v1,SP42H2EKD3Z4GHFWZB6Q4BYSN5XYE10DMK0K2P26,SP42H2EKD3Z4GHFWZB6Q4BYSN5XYE10DMK0K2P26,4767020962,1784648903,1.602675,1.602675,1.602675,no,false
9053676,zest-v1,SP4E1VHEBH293T2QB1F6VG1DJRX7NFD1WMBVXJK9,SP4E1VHEBH293T2QB1F6VG1DJRX7NFD1WMBVXJK9,3868379333,2007825112,1.155991,1.155991,1.155991,no,false
9053676,zest-v1,SP4HVX51TQVRZRYQ4Q3VSCPTBJGE2DW5MGV96X1N,SP4HVX51TQVRZRYQ4Q3VSCPTBJGE2DW5MGV96X1N,1493674647,742143314,1.20759,1.20759,1.20759,no,true
9053676,zest-v1,SP4PFFP8JRS69BS65RQ0TVQPHWZZZAAVTHK6PQWT,SP4PFFP8JRS69BS65RQ0TVQPHWZZZAAVTHK6PQWT,33577,1733,11.625043,11.625043,11.630338,no,true
9053676,zest-v1,SP4XNJ46PSB9Y2A9042SX509Q6XRSXPTQ3JMB25H,SP4XNJ46PSB9Y2A9042SX509Q6XRSXPTQ3JMB25H,4337866948,2150666629,1.210192,1.210192,1.210192,no,false
9053676,zest-v1,SP51ZK8RQJQ2B6FY80FFZA2RJBH5EQKFE82RFDC7,SP51ZK8RQJQ2B6FY80FFZA2RJBH5EQKFE82RFDC7,241705285193,127062748726,1.141351,1.141197,1.141502,no,false
9053676,zest-v1,SP5516ZJXY1HY0Z5RDS907JJ141XMSZ28XFM4Z0Q,SP5516ZJXY1HY0Z5RDS907JJ141XMSZ28XFM4Z0Q,3756421517,1949715046,1.155991,1.155991,1.155991,no,false
9053676,zest-v1,SP55B8GPX15Z85277DK2YNARA6P1EHWP6FJZC1X1,SP55B8GPX15Z85277DK2YNARA6P1EHWP6FJZC1X1,927847797,160113896,3.476954,3.476954,3.476954,no,true
9053676,zest-v1,SP55DR77BE23GPRX1ZP2PXHV0FEW1YVEEZYKT45C,SP55DR77BE23GPRX1ZP2PXHV0FEW1YVEEZYKT45C,4249980853,1899188266,1.342673,1.342673,1.342673,no,false
9053676,zest-v1,SP566VT540CKMW6RSRKFN5TZYHMPB0T9PMP7YYZ2,SP566VT540CKMW6RSRKFN5TZYHMPB0T9PMP7YYZ2,334048621,173546931,1.154899,1.154899,1.154899,no,true
9053676,zest-v1,SP5BXQ2WZQXSWC3NPX0ZQ5X2CH93D76F10XX97Q9,SP5BXQ2WZQXSWC3NPX0ZQ5X2CH93D76F10XX97Q9,5504311142,1590639569,2.076263,2.076263,2.076263,no,false
9053676,zest-v1,SP5HT6PS4V2M9CD62VM48FEXZ36CBM67BZ7VZ0FZ,SP5HT6PS4V2M9CD62VM48FEXZ36CBM67BZ7VZ0FZ,837781,757315,0.553126,0.549807,0.556444,yes,true
9053676,zest-v1,SP5TXV59MPMDRQKRC4E6TD9FTW2SVG3DRNTKP6G4,SP5TXV59MPMDRQKRC4E6TD9FTW2SVG3DRNTKP6G4,165980485,39935422,2.493733,2.493733,2.493733,no,true
9053676,zest-v1,SP5YG6488RHEQTBQWK73KNJ952SH73VBSEQQ41YA,SP5YG6488RHEQTBQWK73KNJ952SH73VBSEQQ41YA,108322616500,57504707665,1.13023,1.13023,1.13023,no,false
9053676,zest-v1,SP650EAE40CBKBNMARBNEPCZK3B4B2M8VTPWR215,SP650EAE40CBKBNMARBNEPCZK3B4B2M8VTPWR215,670224,617826,0.542405,0.539151,0.54566,yes,true
9053676,zest-v1,SP67NSCB8ZZMRQ7Z3V3K5VZNW9MMTJSQPAES3DDM,SP67NSCB8ZZMRQ7Z3V3K5VZNW9MMTJSQPAES3DDM,282340083,3426200,49.443713,48.924554,49.962871,no,true
9053676,zest-v1,SP68RJR7B16V4S9C69PFYBSQG2G98SVD0R754484,SP68RJR7B16V4S9C69PFYBSQG2G98SVD0R754484,4735942466,1646932279,1.725369,1.725369,1.725369,no,false
9053676,zest-v1,SP6CG22E967ZVT6920M8ZREGEZE19E6DJR2QB9Z9,SP6CG22E967ZVT6920M8ZREGEZE19E6DJR2QB9Z9,37728,551,41.083122,41.083122,41.141007,no,true
9053676,zest-v1,SP6DY71RQE3104DJKRYRD4MPKX62AQ6KG6K5XCCN,SP6DY71RQE3104DJKRYRD4MPKX62AQ6KG6K5XCCN,0,2654,0,0,0,yes,true
9053676,zest-v1,SP6FD8F1VVJ1XBQVX33TBWZXNR5XA1ES2B4AQ81F,SP6FD8F1VVJ1XBQVX33TBWZXNR5XA1ES2B4AQ81F,10423692660,4862643788,1.286176,1.286176,1.286176,no,false
9053676,zest-v1,SP6G8CM8JWF8WVJYVGN4BK9G25DMVVVR9HF7QKRV,SP6G8CM8JWF8WVJYVGN4BK9G25DMVVVR9HF7QKRV,6671843186,1790862691,2.235295,2.235295,2.235295,no,false
9053676,zest-v1,SP6GKMZ7BWZN848ADG15N5G74M8QQSAV5D0VMDE1,SP6GKMZ7BWZN848ADG15N5G74M8QQSAV5D0VMDE1,1397171538,192611866,4.352291,4.352291,4.352291,no,true
9053676,zest-v1,SP6KDDXGXQET3YG38QB264B76V9FT5V77HK2JXGG,SP6KDDXGXQET3YG38QB264B76V9FT5V77HK2JXGG,1687922811,934952549,1.083214,1.083214,1.083214,no,true
9053676,zest-v1,SP6NJ2W531HJM9W4NE08A2GJB6M9T62RRH8JJTCG,SP6NJ2W531HJM9W4NE08A2GJB6M9T62RRH8JJTCG,121861986,90724331,0.805927,0.797465,0.814389,yes,true
9053676,zest-v1,SP6PCHCCFART4ZTXCVZR9FT9F4JJ0Q2A4ET41W0R,SP6PCHCCFART4ZTXCVZR9FT9F4JJ0Q2A4ET41W0R,248928,8325,17.940757,17.940757,17.942018,no,true
9053676,zest-v1,SP6SGVE6KJP8S7BN66TJWP0HERWDTERXS9PKRHDN,SP6SGVE6KJP8S7BN66TJWP0HERWDTERXS9PKRHDN,359212,1910,112.841466,112.838095,112.844767,no,true
9053676,zest-v1,SP6VCC91ZYYJ21MS4HG40HGC7QJ9AZ8QC1PK6FVD,SP6VCC91ZYYJ21MS4HG40HGC7QJ9AZ8QC1PK6FVD,89937204,57771800,0.93406,0.924252,0.943868,yes,true
9053676,zest-v1,SP6XGBDAD800GGY6XF48AC27467W9PEHA6EPBGKJ.test-zest-interface-hbtc-v1-1,SP6XGBDAD800GGY6XF48AC27467W9PEHA6EPBGKJ.test-zest-interface-hbtc-v1-1,69368269,7754709,4.472655,4.445819,4.499491,no,true
9053676,zest-v1,SP6XGBDAD800GGY6XF48AC27467W9PEHA6EPBGKJ.test-zest-interface-hbtc4-v1,SP6XGBDAD800GGY6XF48AC27467W9PEHA6EPBGKJ.test-zest-interface-hbtc4-v1,251334,2,62833.5,62456.5,63210.5,no,true
9053676,zest-v1,SP6ZCVNK7XV1ZNDSJGHCFH796C0GRRZVEP40D1HN,SP6ZCVNK7XV1ZNDSJGHCFH796C0GRRZVEP40D1HN,3492533516,1813770334,1.155339,1.155339,1.155339,no,false
9053676,zest-v1,SP6ZRJRMFAGCMW9K05EDSSTDPREYW6RKEEW75APY,SP6ZRJRMFAGCMW9K05EDSSTDPREYW6RKEEW75APY,9450936905,2516114500,2.253698,2.230034,2.277362,no,false
9053676,zest-v1,SP76AS2D8FJPA9VK115JC48MNS01JS7YZMD2FMCP,SP76AS2D8FJPA9VK115JC48MNS01JS7YZMD2FMCP,66186573,37528855,1.058171,1.058171,1.058171,no,true
9053676,zest-v1,SP779SC9CDWQVMTRXT0HZCEHSDBXCHNGG7BC1H9B,SP779SC9CDWQVMTRXT0HZCEHSDBXCHNGG7BC1H9B,866588022874,161351065400,3.222494,3.188658,3.25633,no,false
9053676,zest-v1,SP7A10Y8GBTRBGYXZF02DJS9CWQY0T8BZRAHEASP,SP7A10Y8GBTRBGYXZF02DJS9CWQY0T8BZRAHEASP,25356374,660675,23.027698,23.027695,23.0277,no,true
9053676,zest-v1,SP7DMXKBSM8K3CJJJJNPTE3MNACK1WJ2PF1Y7Y29,SP7DMXKBSM8K3CJJJJNPTE3MNACK1WJ2PF1Y7Y29,0,450,0,0,0,yes,true
9053676,zest-v1,SP7DTTR30FX57K7W26RCTW1FPAV12DF3B04NBRWT,SP7DTTR30FX57K7W26RCTW1FPAV12DF3B04NBRWT,391467,52985,4.432956,4.432956,4.433017,no,true
9053676,zest-v1,SP7EFV7NZYD22S027E32NZE7N0FYRJW8K2PX1Z40,SP7EFV7NZYD22S027E32NZE7N0FYRJW8K2PX1Z40,7838018,3309900,1.420832,1.405913,1.43575,no,true
9053676,zest-v1,SP7F0N9E90XMA50F58CTHRT2598E56F6V3VPYXCQ,SP7F0N9E90XMA50F58CTHRT2598E56F6V3VPYXCQ,13744919419,5751408084,1.433901,1.433901,1.433901,no,false
9053676,zest-v1,SP7JC2QPN0101W9SXYQ2P953J4Q63P6T0P548WKQ,SP7JC2QPN0101W9SXYQ2P953J4Q63P6T0P548WKQ,418890,403148,0.519524,0.516407,0.522641,yes,true
9053676,zest-v1,SP7S3EJYAM7NVJ7KD0KEFCY78MRP9M4G2N92QZ24,SP7S3EJYAM7NVJ7KD0KEFCY78MRP9M4G2N92QZ24,38206,734,31.231063,31.200825,31.231063,no,true
9053676,zest-v1,SP7TEF3PAXCQHZF4N5PT68GWQ5PGWR6VDNWQ5CYK,SP7TEF3PAXCQHZF4N5PT68GWQ5PGWR6VDNWQ5CYK,69166653264,19217310676,2.159511,2.159511,2.159511,no,false
9053676,zest-v1,SP7TYMCHNJJ0F8FQPXSN2B7TT90V9798G2PQ2CN3,SP7TYMCHNJJ0F8FQPXSN2B7TT90V9798G2PQ2CN3,386178874640,199941343289,1.158877,1.158877,1.158877,no,false
9053676,zest-v1,SP85BBSRQXDYV7VRCH074DXZFZTSXC3D73BD707J,SP85BBSRQXDYV7VRCH074DXZFZTSXC3D73BD707J,165958202,36287271,2.744073,2.744073,2.744073,no,true
9053676,zest-v1,SP86RGM9GEE1TVWEWJ0HFE1S1ADFN4WPTZYGS5P4,SP86RGM9GEE1TVWEWJ0HFE1S1ADFN4WPTZYGS5P4,4802210601,1914543752,1.504968,1.504968,1.504968,no,false
9053676,zest-v1,SP87MT4CA256R9HD2DZ6ZWF9CMGB9Y7SMK1X7JE4,SP87MT4CA256R9HD2DZ6ZWF9CMGB9Y7SMK1X7JE4,3680229042,1617415317,1.365226,1.365226,1.365226,no,false
9053676,zest-v1,SP87PHFBSH9B51W2GBEN7BG4RHF81PP6Q4WKJ96V,SP87PHFBSH9B51W2GBEN7BG4RHF81PP6Q4WKJ96V,191435,23300,4.929657,4.877897,4.981416,no,true
9053676,zest-v1,SP88T9ZPQ2B8VECHWE7GA1H6YFYG3013F2PMTT78,SP88T9ZPQ2B8VECHWE7GA1H6YFYG3013F2PMTT78,33363255879,16337443817,1.225281,1.225281,1.225281,no,false
9053676,zest-v1,SP8DS6EEP9G6WJT96YVFRKQ6HSNKQDK22X71K0V1,SP8DS6EEP9G6WJT96YVFRKQ6HSNKQDK22X71K0V1,4759474854,1740435334,1.640788,1.640788,1.640788,no,false
9053676,zest-v1,SP8FJY9QA7478VB123KAZPC8C272HDH2FF3MNMMB,SP8FJY9QA7478VB123KAZPC8C272HDH2FF3MNMMB,245953990,120209900,1.227623,1.214733,1.240513,no,true
9053676,zest-v1,SP8H1JPB3VWRXNS8ZWYZK09WRBXD9308Z88MBEC1,SP8H1JPB3VWRXNS8ZWYZK09WRBXD9308Z88MBEC1,56010850,63410870,0.52998,0.524523,0.535435,yes,true
9053676,zest-v1,SP8J8NZDN88QPS1PBA85R474QYS590HPRP34TEWM,SP8J8NZDN88QPS1PBA85R474QYS590HPRP34TEWM,16595705,3628714,2.744064,2.744063,2.744064,no,true
9053676,zest-v1,SP8NR21S2JNZ5R2QFNW04ZQ09CX6G1W94ZPRAMZ4,SP8NR21S2JNZ5R2QFNW04ZQ09CX6G1W94ZPRAMZ4,1903949688,945844149,1.207778,1.207778,1.207778,no,true
9053676,zest-v1,SP8P3719TMPXMA2DYP9696WX0D9213K1CWY6PJ4Q,SP8P3719TMPXMA2DYP9696WX0D9213K1CWY6PJ4Q,315495,1485,127.472727,127.438241,127.508373,no,true
9053676,zest-v1,SP8X251X0GX2QJ1P2VP4MBREK9S22JW0CMP41G11,SP8X251X0GX2QJ1P2VP4MBREK9S22JW0CMP41G11,21780923,4173453,3.131353,3.131353,3.131353,no,true
9053676,zest-v1,SP8YQQPW6JP951HS8MWRKPZCH8Q0EEG502MFXQT5,SP8YQQPW6JP951HS8MWRKPZCH8Q0EEG502MFXQT5,4909985,68000,43.323397,42.8685,43.778294,no,true
9053676,zest-v1,SP92BR07YNC1371FRX2M5M5F7ARA63EVYTMKTV6H,SP92BR07YNC1371FRX2M5M5F7ARA63EVYTMKTV6H,68034551,88699200,0.460215,0.455383,0.465048,yes,true
9053676,zest-v1,SP92Y7K97R51SMHDFY185NV8JNKGRHM214EHNF63,SP92Y7K97R51SMHDFY185NV8JNKGRHM214EHNF63,17493205,16067,653.259663,653.247709,653.271833,no,true
9053676,zest-v1,SP94YN79D00S42WDQT6WG0DH4JVYCSR060ERAQZ2,SP94YN79D00S42WDQT6WG0DH4JVYCSR060ERAQZ2,222791596,107247213,1.246419,1.233332,1.259506,no,true
9053676,zest-v1,SP9910D977EAX3RK79963APEK3N8TPQXYRJD9R0D,SP9910D977EAX3RK79963APEK3N8TPQXYRJD9R0D,1306737148,356196554,2.201151,2.178039,2.224263,no,true
9053676,zest-v1,SP9FAJ3ZC3ZYD5PB6F8C6D8FN6WVXD8TV86T61RP,SP9FAJ3ZC3ZYD5PB6F8C6D8FN6WVXD8TV86T61RP,23730978,1008390,14.120119,14.120117,14.12012,no,true
9053676,zest-v1,SP9FTAY4SXYGGGPAF569TNPSN96T58GB8TKMCXXP,SP9FTAY4SXYGGGPAF569TNPSN96T58GB8TKMCXXP,7374985766,3712246397,1.191998,1.191998,1.191998,no,false
9053676,zest-v1,SP9MS5DCCWSVC7HTTQ54D5MNS2FR9YNJ0V0BJNN8,SP9MS5DCCWSVC7HTTQ54D5MNS2FR9YNJ0V0BJNN8,20828,959,13.031074,13.030558,13.032198,no,true
9053676,zest-v1,SP9V2WP3G21J3XZV5CRCEVWDQTG259739SX569AY,SP9V2WP3G21J3XZV5CRCEVWDQTG259739SX569AY,5339119373,2089517763,1.533115,1.533115,1.533115,no,false
9053676,zest-v1,SP9XKFETDDVXCACG4501SDWGV3R8AEDRMKZNHP4Y,SP9XKFETDDVXCACG4501SDWGV3R8AEDRMKZNHP4Y,0,2023232200,0,0,0,yes,false
9053676,zest-v1,SPA4Q216PTXBE9YGG34JN7X7AEHZHTJZQP1YV7A3,SPA4Q216PTXBE9YGG34JN7X7AEHZHTJZQP1YV7A3,3248220982,1615871032,1.206119,1.206119,1.206119,no,false
9053676,zest-v1,SPACDC8RGAAX550YMVKT6J9CMT7048482DX0JF8K,SPACDC8RGAAX550YMVKT6J9CMT7048482DX0JF8K,98268946,66626800,0.88495,0.875658,0.894242,yes,true
9053676,zest-v1,SPACGWHC2TANJK0MFT70K2J7SE4AMETF7B9R2ZBA,SPACGWHC2TANJK0MFT70K2J7SE4AMETF7B9R2ZBA,4039898576,2096849607,1.155991,1.155991,1.155991,no,false
9053676,zest-v1,SPACW7T4XKF8T5VAEXQSPR7144MZE9V9ANQVQHNP,SPACW7T4XKF8T5VAEXQSPR7144MZE9V9ANQVQHNP,203931322,102386351,1.195069,1.195069,1.195069,no,true
9053676,zest-v1,SPAM1EBK881V1GP2X5D0W0NCTFQ81SK18RBRTF6J,SPAM1EBK881V1GP2X5D0W0NCTFQ81SK18RBRTF6J,8332761610,4314114616,1.158907,1.158907,1.158907,no,false
9053676,zest-v1,SPAMYKG405158QHF1STBG1SKFPEPY5267WB3MRP7,SPAMYKG405158QHF1STBG1SKFPEPY5267WB3MRP7,6386143,6676500,0.573906,0.56788,0.579932,yes,true
9053676,zest-v1,SPAPJ8MX052QRES5P4WRFZRYZA9Z2QGVNT7KV4K5,SPAPJ8MX052QRES5P4WRFZRYZA9Z2QGVNT7KV4K5,4316979,10927800,0.237027,0.234539,0.239516,yes,true
9053676,zest-v1,SPARK7R24Y65X53R9T9FHB8H412N2DFCYTMH688S,SPARK7R24Y65X53R9T9FHB8H412N2DFCYTMH688S,36802164,7216638,3.059776,3.059776,3.059777,no,true
9053676,zest-v1,SPAV7F452T54B4XYX5SSM5QZRRKQXS1B21HP5GTN,SPAV7F452T54B4XYX5SSM5QZRRKQXS1B21HP5GTN,548354125,36740184,8.955112,8.955112,8.955112,no,true
9053676,zest-v1,SPAY1BMJXR7N24CSBF19QXC730JG2G49JX4XHS8N,SPAY1BMJXR7N24CSBF19QXC730JG2G49JX4XHS8N,169573551,72778963,1.397988,1.397988,1.397988,no,true
9053676,zest-v1,SPAYE8JQ4D48WPH3JA6B331QXTNZE2EK6GPFRFPY,SPAYE8JQ4D48WPH3JA6B331QXTNZE2EK6GPFRFPY,44525,7706,3.466779,3.466701,3.46678,no,true
9053676,zest-v1,SPB51186R8WZZBDJKC5EJDDWXQQJEWQ15DVQMFJC,SPB51186R8WZZBDJKC5EJDDWXQQJEWQ15DVQMFJC,156139,9404,9.96208,9.96178,9.962321,no,true
9053676,zest-v1,SPB65YMYCSYQW1H2EKMDNPD63Z732XGB059AQ4Y2,SPB65YMYCSYQW1H2EKMDNPD63Z732XGB059AQ4Y2,18401064,3608288,3.0598,3.059799,3.0598,no,true
9053676,zest-v1,SPB8PXKR86CKJNVG8Y3AQKFEZJX57NW2W8JPVXQA,SPB8PXKR86CKJNVG8Y3AQKFEZJX57NW2W8JPVXQA,199978332,1584931,63.087394,62.70883,63.465958,no,true
9053676,zest-v1,SPBBB1PG6M2CWFJQ7WXWMQHMCEM52D021QFD4NDG,SPBBB1PG6M2CWFJQ7WXWMQHMCEM52D021QFD4NDG,418890,374397,0.55942,0.556063,0.562776,yes,true
9053676,zest-v1,SPBER0PH8RPTNDAWT6AP3BRD9TGNBAGJ5YTPHB9B,SPBER0PH8RPTNDAWT6AP3BRD9TGNBAGJ5YTPHB9B,42590564,66688700,0.383188,0.379165,0.387212,yes,true
9053676,zest-v1,SPBJHGA0JY21HRV1WQCP3ZFNA15PK8ZGEMG67XP3,SPBJHGA0JY21HRV1WQCP3ZFNA15PK8ZGEMG67XP3,40482495,3630509,6.690383,6.690382,6.690383,no,true
9053676,zest-v1,SPBPJTGJ922TG23ENRTKH9KHYCD5FGZPRDAGG7AC,SPBPJTGJ922TG23ENRTKH9KHYCD5FGZPRDAGG7AC,146506,154,570.802597,568.501961,570.802597,no,true
9053676,zest-v1,SPBQP51PRR44VESPFCXYSTKE25VJ6B9K8020SGD6,SPBQP51PRR44VESPFCXYSTKE25VJ6B9K8020SGD6,1653048375,916419710,1.082287,1.082287,1.082287,no,true
9053676,zest-v1,SPBZ053RNY57AD40TRVMQ52GKZA86HC3959CZBV3,SPBZ053RNY57AD40TRVMQ52GKZA86HC3959CZBV3,53980076,51496300,0.628939,0.622335,0.635543,yes,true
9053676,zest-v1,SPC37JHRY1C06JN1QRFZ6EV4F8FZ5XNEGKHMRM2F,SPC37JHRY1C06JN1QRFZ6EV4F8FZ5XNEGKHMRM2F,31148244490,13956767928,1.33906,1.33906,1.33906,no,false
9053676,zest-v1,SPC4VRQT8TBV877VD15HTM1JZGQ9BER24ZNHCYKH,SPC4VRQT8TBV877VD15HTM1JZGQ9BER24ZNHCYKH,418890,288971,0.724796,0.720448,0.729144,yes,true
9053676,zest-v1,SPC5RTGC7FJ4ZS5WWHFFGENTB1D8JVB7P2R60RB0,SPC5RTGC7FJ4ZS5WWHFFGENTB1D8JVB7P2R60RB0,8381245247,3238024834,1.294191,1.286426,1.301956,no,false
9053676,zest-v1,SPC92KKHGWRXAJD30ZHQA041X1R5Z3EHMWYMFD3G,SPC92KKHGWRXAJD30ZHQA041X1R5Z3EHMWYMFD3G,272697,58618,2.791262,2.791262,2.79129,no,true
9053676,zest-v1,SPC9YQ34Q1XCCC7XPRZ5CB2XF22JV3WNM7BMMARD,SPC9YQ34Q1XCCC7XPRZ5CB2XF22JV3WNM7BMMARD,16575776909,1435968,6925.966418,6925.964626,6925.968022,no,true
9053676,zest-v1,SPCA7JSVDEFKE22N6DWHCPK500Y83S727WXNWFBH,SPCA7JSVDEFKE22N6DWHCPK500Y83S727WXNWFBH,2392148866,363948733,3.943658,3.943658,3.943658,no,true
9053676,zest-v1,SPCDHBJZEBW5ACK06501J8ET1F8439B6VS3D02K6,SPCDHBJZEBW5ACK06501J8ET1F8439B6VS3D02K6,26463815875,14940290361,1.062783,1.062783,1.062783,no,false
9053676,zest-v1,SPCGBQY37XJK557CFQBG20Q7SHZQYZ14F6JG0VEM,SPCGBQY37XJK557CFQBG20Q7SHZQYZ14F6JG0VEM,184010823,36083130,3.059782,3.059782,3.059782,no,true
9053676,zest-v1,SPCH1JNJHNBTRSHRWSCFTJ9Q4Y9KE8Z94DX5ME1P,SPCH1JNJHNBTRSHRWSCFTJ9Q4Y9KE8Z94DX5ME1P,18855129,4520457,2.50264,2.50264,2.50264,no,true
9053676,zest-v1,SPCRBX951ZJVKQ9B0ZN8Z6QG3WZ0FG8D7TC3PSFZ,SPCRBX951ZJVKQ9B0ZN8Z6QG3WZ0FG8D7TC3PSFZ,6638041755,3310084756,1.20324,1.20324,1.20324,no,false
9053676,zest-v1,SPCS7TEYP9423PB44KQRF20R6DCEXA6SG4X0GD0W,SPCS7TEYP9423PB44KQRF20R6DCEXA6SG4X0GD0W,969717253,482250369,1.20649,1.20649,1.20649,no,true
9053676,zest-v1,SPCVAHJ64AZPRZFCAGC9XBTHC0GTJNYNTV6CBEE9,SPCVAHJ64AZPRZFCAGC9XBTHC0GTJNYNTV6CBEE9,610474674,172290006,2.125978,2.103656,2.148301,no,true
9053676,zest-v1,SPD035CRTEXCYF6WMFZVNPPG0965TZM74NPSWXB6,SPD035CRTEXCYF6WMFZVNPPG0965TZM74NPSWXB6,29710435216,8788820281,2.028288,2.028288,2.028288,no,false
9053676,zest-v1,SPD0DN2RPMB6NG0SS6G56D0F9QKAVJ9M425TMZA6,SPD0DN2RPMB6NG0SS6G56D0F9QKAVJ9M425TMZA6,5485850895,2099816399,1.567523,1.567523,1.567523,no,false
9053676,zest-v1,SPD2JP3HK1F4RGNHRDJGN60QYAT5NDN7J4MP261P,SPD2JP3HK1F4RGNHRDJGN60QYAT5NDN7J4MP261P,2706859231,720643627,2.253701,2.253701,2.253701,no,true
9053676,zest-v1,SPD5R8ZB3B0VCRDW21STNPG035P99DZDFY17DAJ8,SPD5R8ZB3B0VCRDW21STNPG035P99DZDFY17DAJ8,38159626,4172896,5.486783,5.486783,5.486784,no,true
9053676,zest-v1,SPD77FQ5YJRN3B84519VF6APYNFFVGSY27VZXZ49,SPD77FQ5YJRN3B84519VF6APYNFFVGSY27VZXZ49,2760162211,1369327890,1.209423,1.209423,1.209424,no,false
9053676,zest-v1,SPD97227ZV1T6JK40Y64ZNP0XQ41K0133VDWEWGB,SPD97227ZV1T6JK40Y64ZNP0XQ41K0133VDWEWGB,3796647883,1970593935,1.155991,1.155991,1.155991,no,false
9053676,zest-v1,SPDAY5W58TE9EAK2FVYEQ5RGMR9DG3WV4QBY6QEP,SPDAY5W58TE9EAK2FVYEQ5RGMR9DG3WV4QBY6QEP,128807999,18332581,4.215708,4.215707,4.215708,no,true
9053676,zest-v1,SPDEHYTG8ZT14EZSF0N2FZE78MK4XRSZH2JR08HE,SPDEHYTG8ZT14EZSF0N2FZE78MK4XRSZH2JR08HE,184010823,36083192,3.059776,3.059776,3.059776,no,true
9053676,zest-v1,SPDPT02ZAQ8JVYPB8G9FGK0KG31H5GC9DVXJA9TV,SPDPT02ZAQ8JVYPB8G9FGK0KG31H5GC9DVXJA9TV,2165480618,791857020,1.640812,1.640812,1.640812,no,true
9053676,zest-v1,SPDVSGNH3DPYFWCKEB9E2RYGC3ZSNY3YYV0MNBSP,SPDVSGNH3DPYFWCKEB9E2RYGC3ZSNY3YYV0MNBSP,262057882,121413297,1.295037,1.281439,1.308635,no,true
9053676,zest-v1,SPDX6RMBC9MTMAXCP8C68N58142EYC3J0ENMTEND,SPDX6RMBC9MTMAXCP8C68N58142EYC3J0ENMTEND,4872641936,1818393007,1.607785,1.607785,1.607785,no,false
9053676,zest-v1,SPDYKH10WC4JFZMVMRW8ECXD2FC362G72X4ABJ7Q,SPDYKH10WC4JFZMVMRW8ECXD2FC362G72X4ABJ7Q,2129304411,988238403,1.939182,1.939182,1.939182,no,true
9053676,zest-v1,SPE2X9X6VRYX2872PWQV7RGTXM3YH9B80TQ8NZBJ,SPE2X9X6VRYX2872PWQV7RGTXM3YH9B80TQ8NZBJ,6229243573,2763952201,1.352247,1.352247,1.352247,no,false
9053676,zest-v1,SPE5HDPQGE360QSRTA7TQAVVX3DTV44530J1WH1X,SPE5HDPQGE360QSRTA7TQAVVX3DTV44530J1WH1X,26177107,10981900,1.430196,1.415179,1.445213,no,true
9053676,zest-v1,SPE9PMY85TREWR33YYN44DX8BJ2CX5ZKF7NDHMM5,SPE9PMY85TREWR33YYN44DX8BJ2CX5ZKF7NDHMM5,1997968,1042076,1.150378,1.150377,1.150378,no,true
9053676,zest-v1,SPEA33WSEQK01FAEP4SMKF183APPQ2GE50VYV1HG,SPEA33WSEQK01FAEP4SMKF183APPQ2GE50VYV1HG,203832426,702400,174.116537,172.288316,175.944759,no,true
9053676,zest-v1,SPEA7MNNAGXMF8RQ93M7MXAZ6AZ8ED0BQH24G72H,SPEA7MNNAGXMF8RQ93M7MXAZ6AZ8ED0BQH24G72H,2178230,9184,118.588306,116.657381,120.573347,no,true
9053676,zest-v1,SPEAKNCQF9B1BXPNDR24RYFH1Z6PHBYNBEXH4D72,SPEAKNCQF9B1BXPNDR24RYFH1Z6PHBYNBEXH4D72,66383132,18143604,2.195257,2.195257,2.195257,no,true
9053676,zest-v1,SPEAM154PP3DYZDB03SJZDJRFZ81S0MVPDD7D305,SPEAM154PP3DYZDB03SJZDJRFZ81S0MVPDD7D305,248459430,135421778,1.100825,1.100825,1.100825,no,true
9053676,zest-v1,SPEB3YJGJ7AZ5RAEJCB0HPK0ACRECFT6KX9075EW,SPEB3YJGJ7AZ5RAEJCB0HPK0ACRECFT6KX9075EW,10721184,2838200,2.266475,2.242677,2.290273,no,true
9053676,zest-v1,SPEBN6J7BZHKR2B3DXMY4QTJVB75KF1JDG3K1J51,SPEBN6J7BZHKR2B3DXMY4QTJVB75KF1JDG3K1J51,42602254718,18639626627,1.142787,1.135931,1.149644,no,false
9053676,zest-v1,SPECJ0ZXEPM07HN15CKE0R1PSC4SJF5EGT4WSVGY,SPECJ0ZXEPM07HN15CKE0R1PSC4SJF5EGT4WSVGY,2362374961,752453705,1.569781,1.562281,1.577262,no,true
9053676,zest-v1,SPEHHQBZPA4HY8NTA3WP54WGGP0X4C30HCFMKZ20,SPEHHQBZPA4HY8NTA3WP54WGGP0X4C30HCFMKZ20,252822,26430,5.739432,5.739334,5.739432,no,true
9053676,zest-v1,SPEPSP99786JRCYN4CSCZYQZFAQNTCVTMQ4B5S2Z,SPEPSP99786JRCYN4CSCZYQZFAQNTCVTMQ4B5S2Z,3477492915,963063041,2.16652,2.16652,2.16652,no,true
9053676,zest-v1,SPEPSPHYC5JM9XPNEXQ5F7X8Z3D8GNY2RC51P22A,SPEPSPHYC5JM9XPNEXQ5F7X8Z3D8GNY2RC51P22A,227401483,40,3411022.245,3375206.49,3446837.88,no,true
9053676,zest-v1,SPEQB0BDR5Y2G58VGP1PMQG411KM92J176ZPT3QA,SPEQB0BDR5Y2G58VGP1PMQG411KM92J176ZPT3QA,36802164,7216545,3.059816,3.059816,3.059816,no,true
9053676,zest-v1,SPERRR7NT5KA3QQPGDR5RZZMJKPZRMRBGS445H4A,SPERRR7NT5KA3QQPGDR5RZZMJKPZRMRBGS445H4A,5981907195,2447449843,1.466483,1.466483,1.466483,no,false
9053676,zest-v1,SPEV669P28Q25QXD4FK6989WPECST50HRBDR37J1,SPEV669P28Q25QXD4FK6989WPECST50HRBDR37J1,66432837,3852074,10.347595,10.347593,10.347595,no,true
9053676,zest-v1,SPEXFBMSDS656FAV6V9TRPAPY9G7XGAASE9PYJGA,SPEXFBMSDS656FAV6V9TRPAPY9G7XGAASE9PYJGA,7307037069,3603065773,1.216803,1.216803,1.216803,no,false
9053676,zest-v1,SPEXTRT7R996Z08X1PGQ93ZTEYVSCTTSM4J7187F,SPEXTRT7R996Z08X1PGQ93ZTEYVSCTTSM4J7187F,3385810695,1177379347,1.725431,1.725431,1.725431,no,false
9053676,zest-v1,SPEZZHE2H0ZV31A82NDNETNRJ5RD10GDXJ4BME4Z,SPEZZHE2H0ZV31A82NDNETNRJ5RD10GDXJ4BME4Z,6045503940,2363429125,1.534762,1.534762,1.534763,no,false
9053676,zest-v1,SPF0V8KWBS70F0WDKTMY65B3G591NN52PTHHN51D,SPF0V8KWBS70F0WDKTMY65B3G591NN52PTHHN51D,75830800,200,227492.4,225103.734,229881.069,no,true
9053676,zest-v1,SPF0Y419TGBGAYSRCQ7EN2GXCZK3A1RGKZGTECM1,SPF0Y419TGBGAYSRCQ7EN2GXCZK3A1RGKZGTECM1,3717031317,181526266,12.285929,12.285929,12.285929,no,true
9053676,zest-v1,SPF236HH35ZAMTS7CV08V75G3DT9B2V8S4H4AQVA,SPF236HH35ZAMTS7CV08V75G3DT9B2V8S4H4AQVA,40482495,3630509,6.690383,6.690382,6.690383,no,true
9053676,zest-v1,SPF5GKH57Y9AW71P741BW49BTHGT56Q3BBRJ98R0,SPF5GKH57Y9AW71P741BW49BTHGT56Q3BBRJ98R0,335112,330201,0.507436,0.504391,0.510481,yes,true
9053676,zest-v1,SPF628CZHVHT1R5ECM2VGF1RSRX39WV1532GP8Y9,SPF628CZHVHT1R5ECM2VGF1RSRX39WV1532GP8Y9,127103282,100602277,1.137081,1.137081,1.137081,no,true
9053676,zest-v1,SPF9HDW15CMN9JSFJ2Y1PHWANZ5T4HT1F0ZN4JE8,SPF9HDW15CMN9JSFJ2Y1PHWANZ5T4HT1F0ZN4JE8,165980331,39935391,2.493733,2.493733,2.493733,no,true
9053676,zest-v1,SPFD1J8TSFE71YZXEW0M9J31M7TTPWMVB8R87DTQ,SPFD1J8TSFE71YZXEW0M9J31M7TTPWMVB8R87DTQ,3643426730,1501548890,1.455867,1.455867,1.455867,no,false
9053676,zest-v1,SPFMQW8TH77H8PACSS26J06VD5D9WXQTHF5F35GV,SPFMQW8TH77H8PACSS26J06VD5D9WXQTHF5F35GV,3653783,363035,6.038728,6.038727,6.038732,no,true
9053676,zest-v1,SPFYP975AXQ1T05VZ9VJ3RRNRNHXJ70SZJ96PS59,SPFYP975AXQ1T05VZ9VJ3RRNRNHXJ70SZJ96PS59,165957273,36287178,2.744065,2.744065,2.744065,no,true
9053676,zest-v1,SPFZRYYTZ1K5JAZHE69K68JYZAWBXSZ56D9MG4B0,SPFZRYYTZ1K5JAZHE69K68JYZAWBXSZ56D9MG4B0,29147413992,3639547221,4.805116,4.805116,4.805117,no,false
9053676,zest-v1,SPG0NKRKQGSMRBMS7FZHMCBWJGDFZF5QNYDT0JS1,SPG0NKRKQGSMRBMS7FZHMCBWJGDFZF5QNYDT0JS1,38159626,3825459,5.985105,5.985105,5.985106,no,true
9053676,zest-v1,SPG1SV2FJGP12W9M7J3Q0V2QST6NSNER3APCNTD0,SPG1SV2FJGP12W9M7J3Q0V2QST6NSNER3APCNTD0,2345942298,900837588,1.562507,1.562507,1.562507,no,true
9053676,zest-v1,SPG714KDP3142ZTFNDWZN96SPTAEVTZET7NDP4S7,SPG714KDP3142ZTFNDWZN96SPTAEVTZET7NDP4S7,0,84971900,0,0,0,yes,true
9053676,zest-v1,SPG7NBRWFSQ1JXMVHF5457EW651F4DBC2FP30H41,SPG7NBRWFSQ1JXMVHF5457EW651F4DBC2FP30H41,2526394097,900070416,1.684131,1.684131,1.684131,no,true
9053676,zest-v1,SPGJV10GDNEDSY35Z3BZ0NSGRTV503GEA1ZCTCPM,SPGJV10GDNEDSY35Z3BZ0NSGRTV503GEA1ZCTCPM,154590067639,67939799479,1.365239,1.365239,1.365239,no,false
9053676,zest-v1,SPGKXNY6J7X936RZ7Q42RMZQHSZWQECHH7RRBRXY,SPGKXNY6J7X936RZ7Q42RMZQHSZWQECHH7RRBRXY,1383728,559106,1.484936,1.47763,1.492164,no,true
9053676,zest-v1,SPGNQ4WK0F1T530778J99D1RKBZD982ACC8QGH0M,SPGNQ4WK0F1T530778J99D1RKBZD982ACC8QGH0M,5764315915,146,23688969.513699,23601892.456552,23688969.513699,no,true
9053676,zest-v1,SPGQVYAKNCJZV7YEY5XFMCRXMN5P7M2SMS8YF40S,SPGQVYAKNCJZV7YEY5XFMCRXMN5P7M2SMS8YF40S,83778,778,53.841902,53.518638,54.164524,no,true
9053676,zest-v1,SPGR3Y05EXD0F6BKZKCWBXQEM26HAX46TTD1BYY3,SPGR3Y05EXD0F6BKZKCWBXQEM26HAX46TTD1BYY3,1196099982,167556,3569.254404,3569.254404,3569.268637,no,true
9053676,zest-v1,SPGTK5GDQH0BCGZ5A39K34P7WZ5GY4TGNGH1RPPZ,SPGTK5GDQH0BCGZ5A39K34P7WZ5GY4TGNGH1RPPZ,463717988,5437,51173.587052,51173.587052,51182.259453,no,true
9053676,zest-v1,SPGVA1VXCGEPKFJ5EF8YTNX6VZ3Q6SXZK1SF9M95,SPGVA1VXCGEPKFJ5EF8YTNX6VZ3Q6SXZK1SF9M95,3786167642,1877470894,1.209979,1.209979,1.209979,no,false
9053676,zest-v1,SPGVENXCEYZ3G8QHTH9FMR416SS1E6QWC34QQBKB,SPGVENXCEYZ3G8QHTH9FMR416SS1E6QWC34QQBKB,30124,123,146.946341,146.112,146.946341,no,true
9053676,zest-v1,SPGXMKC2BDNBZ9S5219Q420BD2HP8G44HP6C4Q7P,SPGXMKC2BDNBZ9S5219Q420BD2HP8G44HP6C4Q7P,1231981450,614960802,1.20201,1.20201,1.20201,no,true
9053676,zest-v1,SPGZPVBKCH1ZV7R31ZW7E9R61E2CV7ABW0XGEJWP,SPGZPVBKCH1ZV7R31ZW7E9R61E2CV7ABW0XGEJWP,9594,1854,3.104854,3.104854,3.105713,no,true
9053676,zest-v1,SPH1SNZJPHN81MWZFKPQ9CPYRYMZKQX7ET543GBB,SPH1SNZJPHN81MWZFKPQ9CPYRYMZKQX7ET543GBB,69381212,3477403,11.971212,11.971211,11.971213,no,true
9053676,zest-v1,SPH3F1C379BKG5X7YXQEZJD215NG1C2SGHA185V6,SPH3F1C379BKG5X7YXQEZJD215NG1C2SGHA185V6,165950991,36282165,2.74434,2.74434,2.74434,no,true
9053676,zest-v1,SPH434T4DTNWC4KPCMYDXYSH80CYCZMWB0EFCE1A,SPH434T4DTNWC4KPCMYDXYSH80CYCZMWB0EFCE1A,65871855,93513700,0.422645,0.418207,0.427083,yes,true
9053676,zest-v1,SPH7P7209RYS3JTH0WA6JAYKME4HEJFNF0C9EEP6,SPH7P7209RYS3JTH0WA6JAYKME4HEJFNF0C9EEP6,5809319829,2239581465,1.556359,1.556359,1.556359,no,false
9053676,zest-v1,SPH8EHHHNJRKD16ZQAHVME3CJA4WV0MSMYKT30BP,SPH8EHHHNJRKD16ZQAHVME3CJA4WV0MSMYKT30BP,5888041780,1152128997,3.066345,3.066345,3.066345,no,false
9053676,zest-v1,SPHDKSCFC2KHRQZDKXXZCJX4SR68D39GE2RM6HDE,SPHDKSCFC2KHRQZDKXXZCJX4SR68D39GE2RM6HDE,0,3459,0,0,0,yes,true
9053676,zest-v1,SPHE0PHNF1E1Z4YSVSMCT72DQHMSQQBGZEW5JQKB,SPHE0PHNF1E1Z4YSVSMCT72DQHMSQQBGZEW5JQKB,121738661,61706856,1.183713,1.183713,1.183713,no,true
9053676,zest-v1,SPHJZ6S6M22TATB805TMAVQ9YNYMCSB4EJ5VYE1Z,SPHJZ6S6M22TATB805TMAVQ9YNYMCSB4EJ5VYE1Z,127039305,93208600,0.817774,0.809188,0.826361,yes,true
9053676,zest-v1,SPHKAF5XRYMQ164HQ6JTN68FHH60CCKC7WT4GFA9,SPHKAF5XRYMQ164HQ6JTN68FHH60CCKC7WT4GFA9,405170424,36273189,6.701982,6.701982,6.701982,no,true
9053676,zest-v1,SPHPQCXGKPHM8XD5DRG5RKTXAGH6RP2C4DTNWMRQ,SPHPQCXGKPHM8XD5DRG5RKTXAGH6RP2C4DTNWMRQ,89313209,55579700,0.964164,0.95404,0.974287,yes,true
9053676,zest-v1,SPHQ64GAMZT25QTBDWC70H56HVK9AGM17A6GBN72,SPHQ64GAMZT25QTBDWC70H56HVK9AGM17A6GBN72,39022696,20784291,1.126505,1.126505,1.126505,no,true
9053676,zest-v1,SPHR6AQM483RCN6RQZA82B21FWA2SDXXHBA9K99S,SPHR6AQM483RCN6RQZA82B21FWA2SDXXHBA9K99S,6064721774,2377666807,1.530422,1.530422,1.530422,no,false
9053676,zest-v1,SPJ1C5K6Z66JAMXQWCVXV5PHJ3WN59VTA7R4PKZ7,SPJ1C5K6Z66JAMXQWCVXV5PHJ3WN59VTA7R4PKZ7,83778,200,209.445,208.1875,210.7,no,true
9053676,zest-v1,SPJ1R85XPSYHMCMRBNRAMZ5WCD6HDGN7JCXDHWF7,SPJ1R85XPSYHMCMRBNRAMZ5WCD6HDGN7JCXDHWF7,1916032608,664446375,1.730192,1.730192,1.730192,no,true
9053676,zest-v1,SPJ66HEFR5MXZMHC5GGGRMP4GE2HA9EEYKENNP2P,SPJ66HEFR5MXZMHC5GGGRMP4GE2HA9EEYKENNP2P,235766597,21977204,6.436668,6.436668,6.436668,no,true
9053676,zest-v1,SPJD4S4XV0A2TPMR0JBSD783Y8ENCP0DBAPKJ10Z,SPJD4S4XV0A2TPMR0JBSD783Y8ENCP0DBAPKJ10Z,4911516498,1818386694,1.620618,1.620618,1.620618,no,false
9053676,zest-v1,SPJG013EY7YRJRZZXBE6VBR5KJ5Q6ZNVTDSGHBJJ,SPJG013EY7YRJRZZXBE6VBR5KJ5Q6ZNVTDSGHBJJ,25964682961,14060877429,1.107954,1.107954,1.107954,no,false
9053676,zest-v1,SPJGFBT21SZ5M62JGZ8KGY2VVK001BMA9D31G01X,SPJGFBT21SZ5M62JGZ8KGY2VVK001BMA9D31G01X,887077799,485640929,1.095968,1.095968,1.095968,no,true
9053676,zest-v1,SPJGSWR5JG7D03D55XP2HGJQC03BVBAEWZ19CEE4,SPJGSWR5JG7D03D55XP2HGJQC03BVBAEWZ19CEE4,302107912,111871264,1.620298,1.620298,1.620298,no,true
9053676,zest-v1,SPJH70Q4JA2H5GHEMZQXYE8H9XTD3RAWKES1CSZX,SPJH70Q4JA2H5GHEMZQXYE8H9XTD3RAWKES1CSZX,3341279914,727754047,2.754733,2.754733,2.754733,no,true
9053676,zest-v1,SPJPANNYYRP05WPFR53TBHP0Q7H17F45T20T3F7P,SPJPANNYYRP05WPFR53TBHP0Q7H17F45T20T3F7P,1209171895,179521659,4.041313,4.041313,4.041313,no,true
9053676,zest-v1,SPJQMA7X6YD330M9F0FZ0210VY704156DEEA4P44,SPJQMA7X6YD330M9F0FZ0210VY704156DEEA4P44,3324929907,465687500,4.283898,4.238917,4.328879,no,true
9053676,zest-v1,SPJSE0WHAJN5R60522K0JY1PVJ2SKSTXKFH3SE11,SPJSE0WHAJN5R60522K0JY1PVJ2SKSTXKFH3SE11,3321411898,727624308,2.738841,2.738841,2.738841,no,true
9053676,zest-v1,SPJV5N6NQEZNG3M8QYZ9K1281K7CJWQ2J4MSM9EW,SPJV5N6NQEZNG3M8QYZ9K1281K7CJWQ2J4MSM9EW,6880962,7018900,0.588209,0.582032,0.594385,yes,true
9053676,zest-v1,SPK3P8E11MGWEN3HNY2T5W7MKNMDDF21WWHZ6FRB,SPK3P8E11MGWEN3HNY2T5W7MKNMDDF21WWHZ6FRB,7213605,24317800,0.177983,0.176115,0.179852,yes,true
9053676,zest-v1,SPK40QN3YCT0CHT2DFC17W7NG54FPYCHGN41ACQV,SPK40QN3YCT0CHT2DFC17W7NG54FPYCHGN41ACQV,4420870,32143300,0.082522,0.081655,0.083388,yes,true
9053676,zest-v1,SPK42JR8Q2VNVBC8SAM1M2BQ5SEZC0JPZ295Z62Z,SPK42JR8Q2VNVBC8SAM1M2BQ5SEZC0JPZ295Z62Z,6314433,58007,65.313838,65.31375,65.313914,no,true
9053676,zest-v1,SPK4E7MJPZD5TY0NDF078JGF8ZMK8VTR5H23JC3H,SPK4E7MJPZD5TY0NDF078JGF8ZMK8VTR5H23JC3H,6884142382,3346356615,1.234323,1.234323,1.234323,no,false
9053676,zest-v1,SPK60V1KQYPHTGQEV0Y09XBMH3WPQREEMDF51FTC,SPK60V1KQYPHTGQEV0Y09XBMH3WPQREEMDF51FTC,3716626955,1724212787,1.29333,1.29333,1.29333,no,false
9053676,zest-v1,SPK959EVHGPV89APDC0QFDJ8N4PEKM1MXY519Y04,SPK959EVHGPV89APDC0QFDJ8N4PEKM1MXY519Y04,30489318040,10418896324,1.755809,1.755809,1.755809,no,false
9053676,zest-v1,SPKA8TZZ2GJK06RSQ2JFJ0J7X85D8P4XX16C8MX5,SPKA8TZZ2GJK06RSQ2JFJ0J7X85D8P4XX16C8MX5,23144,857,16.203501,16.184452,16.203501,no,true
9053676,zest-v1,SPKF142YTSJXF0V75Z20JCGCKEEZZWTJ4D5VVKC3,SPKF142YTSJXF0V75Z20JCGCKEEZZWTJ4D5VVKC3,83778,7800,5.370385,5.338141,5.402564,no,true
9053676,zest-v1,SPKJ67P9BDZSES48MM3S4AWQCRR2N6R5F5284K66,SPKJ67P9BDZSES48MM3S4AWQCRR2N6R5F5284K66,359957045,133409900,1.618877,1.601879,1.635875,no,true
9053676,zest-v1,SPKKA9M9KRQ1P2B6HAAJZ132TVYMBP03YJV7NR1X,SPKKA9M9KRQ1P2B6HAAJZ132TVYMBP03YJV7NR1X,11083249073,5386973966,1.23445,1.23445,1.23445,no,false
9053676,zest-v1,SPKPDKHT2TH732Q4FZCM3EBS5WFWAT96B5R258S7,SPKPDKHT2TH732Q4FZCM3EBS5WFWAT96B5R258S7,11102617821,2567171900,2.594906,2.56766,2.622153,no,false
9053676,zest-v1,SPKPFJCXQ5B9EK4X4VKA0F0VZAP46XHR2WRANSE2,SPKPFJCXQ5B9EK4X4VKA0F0VZAP46XHR2WRANSE2,1840108422,360831548,3.05978,3.05978,3.05978,no,true
9053676,zest-v1,SPKQHV4CSMWF7S97G073WM0ETYS2EC93007A5N1T,SPKQHV4CSMWF7S97G073WM0ETYS2EC93007A5N1T,29357587377,10908288899,1.614786,1.614786,1.614786,no,false
9053676,zest-v1,SPKSE25B7H12D41G12VHC72JQC70BMWXBWBA7B50,SPKSE25B7H12D41G12VHC72JQC70BMWXBWBA7B50,10808833,1248400,5.194889,5.140343,5.249435,no,true
9053676,zest-v1,SPKTWHES76JSVK3AC7JQY472EFMQ4AEN5K94BZAN,SPKTWHES76JSVK3AC7JQY472EFMQ4AEN5K94BZAN,36553,2723,8.054278,8.052907,8.055457,no,true
9053676,zest-v1,SPKWQM17S8111SGMMED6JXPARN2QJJFVXGK21DSH,SPKWQM17S8111SGMMED6JXPARN2QJJFVXGK21DSH,1854043280,720903973,1.543099,1.543099,1.543099,no,true
9053676,zest-v1,SPM09ZECSBTR8MGQH532FA4KP66H7NG29J0BQ5YA,SPM09ZECSBTR8MGQH532FA4KP66H7NG29J0BQ5YA,8775871093,2999999475,1.755175,1.755175,1.755175,no,false
9053676,zest-v1,SPM10K08NYQ3VP385H66NC27AT7AWT3F50ND4X79,SPM10K08NYQ3VP385H66NC27AT7AWT3F50ND4X79,95680433,34640551,1.657256,1.657256,1.657256,no,true
9053676,zest-v1,SPM2E0PJAA72T29M7WP1CRY2404BT68DPA44TMG5,SPM2E0PJAA72T29M7WP1CRY2404BT68DPA44TMG5,81151,40190,1.21151,1.211509,1.211512,no,true
9053676,zest-v1,SPM2HJVJK3Q65K06TWVQX8B9NKK58K9NNVZ1J74Z,SPM2HJVJK3Q65K06TWVQX8B9NKK58K9NNVZ1J74Z,36802164,7216576,3.059803,3.059803,3.059803,no,true
9053676,zest-v1,SPM5A4Y2SG6HM2PC3MQFPSPWH312MMPQH3FXBVV9,SPM5A4Y2SG6HM2PC3MQFPSPWH312MMPQH3FXBVV9,703985469,351437997,1.201894,1.201894,1.201894,no,true
9053676,zest-v1,SPM5BVEBYCN2Z1AR2E06A69HF1W70G7V5GZFDNPR,SPM5BVEBYCN2Z1AR2E06A69HF1W70G7V5GZFDNPR,10096193,21260300,0.284931,0.281939,0.287923,yes,true
9053676,zest-v1,SPM88TP159BBAZTWV3C7YQP7FSPN2EBBH5XSW796,SPM88TP159BBAZTWV3C7YQP7FSPN2EBBH5XSW796,165950805,36282041,2.744346,2.744346,2.744346,no,true
9053676,zest-v1,SPMA0EH4FZGPA1FJBQXJREE22CBKYCBBVH8M55TV,SPMA0EH4FZGPA1FJBQXJREE22CBKYCBBVH8M55TV,518285178908,294711062661,1.055173,1.054059,1.056266,no,false
9053676,zest-v1,SPMCE93TRE1EJDMW5KZYNE50856J2R1SD7HAKM9X,SPMCE93TRE1EJDMW5KZYNE50856J2R1SD7HAKM9X,20618497,51358,240.879672,240.879672,240.883187,no,true
9053676,zest-v1,SPMDA32YNE0CRPE4ZX3N812S095TGY9V2SJDRPB1,SPMDA32YNE0CRPE4ZX3N812S095TGY9V2SJDRPB1,424677,77992,3.267081,3.267077,3.267086,no,true
9053676,zest-v1,SPMDKK36EX59YZ41ZYSHSQ4AAM8QSBWZP8PKN3ZC,SPMDKK36EX59YZ41ZYSHSQ4AAM8QSBWZP8PKN3ZC,3632553810,1805758072,1.20699,1.20699,1.20699,no,false
9053676,zest-v1,SPMED7SKX8C3QCR85351SFD0QY4AXWTZRWDR3BSQ,SPMED7SKX8C3QCR85351SFD0QY4AXWTZRWDR3BSQ,12034695311,1453801859,4.966851,4.966851,4.966851,no,false
9053676,zest-v1,SPMHQGEV4YTPGA4MMSY3FCDR4PW0SNKKHTKEK275,SPMHQGEV4YTPGA4MMSY3FCDR4PW0SNKKHTKEK275,132456678,19255341,4.127375,4.127375,4.127375,no,true
9053676,zest-v1,SPMRZSNH0ZKMT8GQT8XV25SG841ZHC4BQSK49MW7,SPMRZSNH0ZKMT8GQT8XV25SG841ZHC4BQSK49MW7,37361,2785,8.049048,8.048403,8.04968,no,true
9053676,zest-v1,SPMSR80T4EHKYQZKPNA7WVC3AN149EKH1XFJNSM3,SPMSR80T4EHKYQZKPNA7WVC3AN149EKH1XFJNSM3,27919,14511,1.154393,1.154393,1.154457,no,true
9053676,zest-v1,SPMTGRW374B5HYWNVHNQ69CDR5J81X0JZ8FG4981,SPMTGRW374B5HYWNVHNQ69CDR5J81X0JZ8FG4981,5005247088,1924231697,1.5607,1.5607,1.5607,no,false
9053676,zest-v1,SPMVPNCFY0XQ5FS3N3WG52560FQ0HT7YRDSHY4H0,SPMVPNCFY0XQ5FS3N3WG52560FQ0HT7YRDSHY4H0,12900204030,4129114668,1.874523,1.854841,1.894206,no,false
9053676,zest-v1,SPMYAJ5346DV29VMQPH8JWQWGK3VT0KNXZSAGEX9,SPMYAJ5346DV29VMQPH8JWQWGK3VT0KNXZSAGEX9,36960941,1432,15486.427793,15486.034298,15486.812716,no,true
9053676,zest-v1,SPMYW766HEERCDHWYAHR83NW4VR2YC89ZN7CQ5BG,SPMYW766HEERCDHWYAHR83NW4VR2YC89ZN7CQ5BG,123876,12565,5.915288,5.915271,5.915306,no,true
9053676,zest-v1,SPMYZC3EQYQ73RJFZKYBF7D76BNWEVR7TCH7XDBD,SPMYZC3EQYQ73RJFZKYBF7D76BNWEVR7TCH7XDBD,0,36238820,0,0,0,yes,true
9053676,zest-v1,SPMZ912TEK2P15E8Q9W1W33QN793XR7XVDYY4R8H,SPMZ912TEK2P15E8Q9W1W33QN793XR7XVDYY4R8H,1278671,5100,150.431882,148.852353,152.011412,no,true
9053676,zest-v1,SPN0FMB91X65WPEMQ278NCWCZ14XSAT7MJ4J9543,SPN0FMB91X65WPEMQ278NCWCZ14XSAT7MJ4J9543,2036403,129046,9.468266,9.467304,9.46928,no,true
9053676,zest-v1,SPN1GJ5ZC5ZTVTP1RA09DDRCCP101W88VYHG3EMC,SPN1GJ5ZC5ZTVTP1RA09DDRCCP101W88VYHG3EMC,4759534698,1401201744,2.038051,2.016652,2.059451,no,false
9053676,zest-v1,SPN6PP6AWX1QXY86M6XT9PY6AF9SRM6RK9GXZ7F7,SPN6PP6AWX1QXY86M6XT9PY6AF9SRM6RK9GXZ7F7,49580,25679,1.158456,1.158456,1.158494,no,true
9053676,zest-v1,SPNAMJGDVGM3P0E7JTZEWCPZV8M7J2RDWCGRXNN9,SPNAMJGDVGM3P0E7JTZEWCPZV8M7J2RDWCGRXNN9,1529830,100399,9.142501,9.142485,9.142523,no,true
9053676,zest-v1,SPNB8NKMHP8J8MF6ZTE8R94NWQ2H0Q2JCX78JXM2,SPNB8NKMHP8J8MF6ZTE8R94NWQ2H0Q2JCX78JXM2,282625250,185481125,0.914245,0.904645,0.923844,yes,true
9053676,zest-v1,SPNF8ED588DAEYE16TE56R5N0JAKT1F94N5N9C2P,SPNF8ED588DAEYE16TE56R5N0JAKT1F94N5N9C2P,328296263,53154310,3.705772,3.705772,3.705772,no,true
9053676,zest-v1,SPNN2PG9JQ84D14FJMXZE8JQJQ8S8Q1ZF7PNGW55,SPNN2PG9JQ84D14FJMXZE8JQJQ8S8Q1ZF7PNGW55,247,73,2.030137,2.027027,2.033333,no,true
9053676,zest-v1,SPNQMBXEM92PQH5VE12E82JG74PHPP1TW5FAT84P,SPNQMBXEM92PQH5VE12E82JG74PHPP1TW5FAT84P,437815378,218488357,1.202303,1.202303,1.202303,no,true
9053676,zest-v1,SPNS0NNPZGGM6F8S95452B4ZCVZM4884FYD89Y5F,SPNS0NNPZGGM6F8S95452B4ZCVZM4884FYD89Y5F,60494499663,25903604511,1.401222,1.401222,1.401222,no,false
9053676,zest-v1,SPNV3KJ2JSN6ZE8S812K778TQ9X2MGRAW7AX15G7,SPNV3KJ2JSN6ZE8S812K778TQ9X2MGRAW7AX15G7,37251,61,366.403279,362.547541,366.403279,no,true
9053676,zest-v1,SPNWSXE42S9RHBXASM8JQ15APPYQ6TCNGGNDZ02C,SPNWSXE42S9RHBXASM8JQ15APPYQ6TCNGGNDZ02C,0,36287271,0,0,0,yes,true
9053676,zest-v1,SPP101EYVAH6XCNDBBVSVT5P22QZ8ZH80K3432J9,SPP101EYVAH6XCNDBBVSVT5P22QZ8ZH80K3432J9,82327521,60420800,0.817542,0.808957,0.826126,yes,true
9053676,zest-v1,SPP573S6EBM2XS05ADMCB8E1C3EPWKSKQKS1ANKJ,SPP573S6EBM2XS05ADMCB8E1C3EPWKSKQKS1ANKJ,990844211,384972820,1.544282,1.544282,1.544282,no,true
9053676,zest-v1,SPP5DXFY1F6TE6A5BFPQ2BES1CNMMSV1QNT42ZNK,SPP5DXFY1F6TE6A5BFPQ2BES1CNMMSV1QNT42ZNK,19397219,324600,35.854379,35.477908,36.230848,no,true
9053676,zest-v1,SPP5F4NABAQ0H96Z1DVQG3KADTDVYD5FFDYBAFTR,SPP5F4NABAQ0H96Z1DVQG3KADTDVYD5FFDYBAFTR,310301249,107906150,1.725395,1.725395,1.725395,no,true
9053676,zest-v1,SPPC8T7J662VJYJM72JS6HV88ETMKMFV1HP9TX2F,SPPC8T7J662VJYJM72JS6HV88ETMKMFV1HP9TX2F,10936023141,2872787000,2.284059,2.260076,2.308041,no,false
9053676,zest-v1,SPPD271BSB67EB63AJY5HH23BMCDPXVAGVBM6B0N,SPPD271BSB67EB63AJY5HH23BMCDPXVAGVBM6B0N,1437853211,537571875,1.604831,1.604831,1.604831,no,true
9053676,zest-v1,SPPD85J66QG6Y9H5F74EGA9B1Z30C1D64G8ERCB5,SPPD85J66QG6Y9H5F74EGA9B1Z30C1D64G8ERCB5,27278482236,5169892360,3.165847,3.165847,3.165847,no,false
9053676,zest-v1,SPPMVWYJHZX5ADZSA7GMAAPGE3V07JEE5KZSFP4D,SPPMVWYJHZX5ADZSA7GMAAPGE3V07JEE5KZSFP4D,661675611,77012991,5.155044,5.155044,5.155044,no,true
9053676,zest-v1,SPPPE2KF7Z93JHS49FNGWSBQ5MK5MC0YB7TK87Z6,SPPPE2KF7Z93JHS49FNGWSBQ5MK5MC0YB7TK87Z6,1349126394,333580500,2.426628,2.401149,2.452108,no,true
9053676,zest-v1,SPPSGTT8H6JTWM3V2JGPSSFZEXE95XTSF160E2E0,SPPSGTT8H6JTWM3V2JGPSSFZEXE95XTSF160E2E0,2692,844,1.913744,1.911962,1.913744,no,true
9053676,zest-v1,SPPWX1WZZ3QQFQJMK8SHMXPA2C93TK9Q11KC6VQB,SPPWX1WZZ3QQFQJMK8SHMXPA2C93TK9Q11KC6VQB,2277012110967,748496760600,1.521057,1.51193,1.530183,no,false
9053676,zest-v1,SPPXHPBYCRMJ8K7FYS5SZAJ3C17QP9T1XCTA0941,SPPXHPBYCRMJ8K7FYS5SZAJ3C17QP9T1XCTA0941,63517,121400,0.313923,0.310631,0.317219,yes,true
9053676,zest-v1,SPQ156AQEAGYSCE7YNW53JW0AT2R4C5A2RAFAMZG,SPQ156AQEAGYSCE7YNW53JW0AT2R4C5A2RAFAMZG,1620901,417258,2.33079,2.330789,2.33079,no,true
9053676,zest-v1,SPQ33XZS2AG1JNGXDF54B3Y3KSTDNJ0QX0ZTHT7Q,SPQ33XZS2AG1JNGXDF54B3Y3KSTDNJ0QX0ZTHT7Q,29591374153,7271016236,2.441863,2.441863,2.441863,no,false
9053676,zest-v1,SPQ3ZV2X9HEBWDE913C4KK2TNAY3WP4AB9TYKH5D,SPQ3ZV2X9HEBWDE913C4KK2TNAY3WP4AB9TYKH5D,861397630,622057754,0.830853,0.830853,0.830853,yes,true
9053676,zest-v1,SPQDH2K448XA9ZF5JEA3SDZE8GV56Q2NWEK7MC1M,SPQDH2K448XA9ZF5JEA3SDZE8GV56Q2NWEK7MC1M,2999790350,1612764680,1.116018,1.116018,1.116018,no,false
9053676,zest-v1,SPQHN087TCXJNA34PHDVGTFXTE3WMA8KPBRTX1X5,SPQHN087TCXJNA34PHDVGTFXTE3WMA8KPBRTX1X5,7279386668,3774660461,1.157093,1.157093,1.157093,no,false
9053676,zest-v1,SPQHS93G4QBKFEYJT9J5D07XJAK760095HE5J03S,SPQHS93G4QBKFEYJT9J5D07XJAK760095HE5J03S,0,3820,0,0,0,yes,true
9053676,zest-v1,SPQMJEWMB5ZZKNFNWDCN3P73KANTPDQAH9VDQFSQ,SPQMJEWMB5ZZKNFNWDCN3P73KANTPDQAH9VDQFSQ,5669815136,2167983767,1.569149,1.569149,1.569149,no,false
9053676,zest-v1,SPQPRTN8ZMWZF2G7KBVS4H7AM9D2DWBEFF0FM2G0,SPQPRTN8ZMWZF2G7KBVS4H7AM9D2DWBEFF0FM2G0,203931322,102386351,1.195069,1.195069,1.195069,no,true
9053676,zest-v1,SPQQN60R9CHARQAXRNGDBAXPS7X19JDPEY96B1NE,SPQQN60R9CHARQAXRNGDBAXPS7X19JDPEY96B1NE,5119847457,1061329140,2.411998,2.397526,2.42647,no,false
9053676,zest-v1,SPQQV2QN22NAT45PREHH73T5RHF9HZJS7MC3EWCE,SPQQV2QN22NAT45PREHH73T5RHF9HZJS7MC3EWCE,535328,40400,7.950416,7.866936,8.033896,no,true
9053676,zest-v1,SPQRCD92VZPXMXHC7XTB2S6PC8X3NQVM6AXB4RDB,SPQRCD92VZPXMXHC7XTB2S6PC8X3NQVM6AXB4RDB,7526653723,2997069597,1.506803,1.506803,1.506803,no,false
9053676,zest-v1,SPQSKHFDTVBGSZ6VW95SG0ES6SM7QR1RMVGPQ9XQ,SPQSKHFDTVBGSZ6VW95SG0ES6SM7QR1RMVGPQ9XQ,8415242912,4385652133,1.151287,1.151287,1.151287,no,false
9053676,zest-v1,SPQSZC1X38TTDT6VQ0K3Q0YZ419KWNYM2A76R2PC,SPQSZC1X38TTDT6VQ0K3Q0YZ419KWNYM2A76R2PC,0,1524996800,0,0,0,yes,false
9053676,zest-v1,SPQVNKB6FJTK89NSZHRK9PDM7TB4W961DEP9XPAB,SPQVNKB6FJTK89NSZHRK9PDM7TB4W961DEP9XPAB,73658957,38242872,1.15565,1.15565,1.15565,no,true
9053676,zest-v1,SPQXWA0XAR61JRDH8YDBEBZM54CZDK1P9JC0C1WQ,SPQXWA0XAR61JRDH8YDBEBZM54CZDK1P9JC0C1WQ,7548814212,3598084170,1.258806,1.258806,1.258806,no,false
9053676,zest-v1,SPQY7HA7ZGZFZ84WF4KGWE1S5D2RPKT76BD6XRQX,SPQY7HA7ZGZFZ84WF4KGWE1S5D2RPKT76BD6XRQX,875630793,433150358,1.212924,1.212924,1.212924,no,true
9053676,zest-v1,SPR0GAA2A1GV1CDQ71NNSTPBNSY5GW05X7PREVBY,SPR0GAA2A1GV1CDQ71NNSTPBNSY5GW05X7PREVBY,83778,300,139.63,138.791667,140.466667,no,true
9053676,zest-v1,SPRESMRPJD3BZT09SWNK6SWGH2JF76M1N582FN8R,SPRESMRPJD3BZT09SWNK6SWGH2JF76M1N582FN8R,12595194001,6937377749,1.089333,1.089333,1.089333,no,false
9053676,zest-v1,SPRGKWHWMD4XSZH9Q8F2JA6M9ZP1CV0PZXBJK11T,SPRGKWHWMD4XSZH9Q8F2JA6M9ZP1CV0PZXBJK11T,5434587946,2155981938,1.512421,1.512421,1.512421,no,false
9053676,zest-v1,SPRNME4G34XRCDV5HY90A109R14NQWD8DN7BVFB,SPRNME4G34XRCDV5HY90A109R14NQWD8DN7BVFB,245030408,164348900,0.89455,0.885157,0.903942,yes,true
9053676,zest-v1,SPRQ1YDKZ4WDA74D3SXYT6DT7GH7RWK1RG3EKBJA,SPRQ1YDKZ4WDA74D3SXYT6DT7GH7RWK1RG3EKBJA,20155063,625888,19.321409,19.321409,19.321433,no,true
9053676,zest-v1,SPRXA4K7C0CS0DYRC85M03JFGVBK7WX9BB83BV0Z,SPRXA4K7C0CS0DYRC85M03JFGVBK7WX9BB83BV0Z,191261862,106500,1077.531617,1066.217549,1088.845679,no,true
9053676,zest-v1,SPRZXS220A70095JQXMHPT517BGSC9DZXRYF1EHR,SPRZXS220A70095JQXMHPT517BGSC9DZXRYF1EHR,108307084999,56641462760,1.147291,1.147291,1.147291,no,false
9053676,zest-v1,SPS1BZ7XDEP906VS8FGF13YV47AA4HZDTM1MT3C8,SPS1BZ7XDEP906VS8FGF13YV47AA4HZDTM1MT3C8,110614,697,95.220086,95.12766,95.220086,no,true
9053676,zest-v1,SPS2CAE9DS91XHXGH9TAWZAA0SNQRWFYCNC8JG2H,SPS2CAE9DS91XHXGH9TAWZAA0SNQRWFYCNC8JG2H,341776834,176811437,1.159801,1.159801,1.159801,no,true
9053676,zest-v1,SPS4HWEXC0C1GK18YS02P7P4RHR35AT67B4YD0VV,SPS4HWEXC0C1GK18YS02P7P4RHR35AT67B4YD0VV,22123282983,11538759911,1.150381,1.150381,1.150381,no,false
9053676,zest-v1,SPS7W1NYW325Y837DHN9304FVR7SKDZ9CF89853N,SPS7W1NYW325Y837DHN9304FVR7SKDZ9CF89853N,0,140999300,0,0,0,yes,true
9053676,zest-v1,SPSD2H8MXP6BF60D43HHD6NS395JHH7HKCATEQM1,SPSD2H8MXP6BF60D43HHD6NS395JHH7HKCATEQM1,5294560966,1432976743,2.216879,2.216879,2.216879,no,false
9053676,zest-v1,SPSF51MNG91H47S50V5PHG5G22YJ7A2ZTNR5GYJQ,SPSF51MNG91H47S50V5PHG5G22YJ7A2ZTNR5GYJQ,38159626,4520612,5.064751,5.064751,5.064752,no,true
9053676,zest-v1,SPSFQ68AE3NG4JGDWNJVWRMSEP7WT4DHEYWF5XJJ,SPSFQ68AE3NG4JGDWNJVWRMSEP7WT4DHEYWF5XJJ,16595767,3628714,2.744074,2.744074,2.744074,no,true
9053676,zest-v1,SPSGPGCK1BEM5X1E82WK7EBN1BHGBAX0CDZ053G9,SPSGPGCK1BEM5X1E82WK7EBN1BHGBAX0CDZ053G9,2057584717,384570221,3.210209,3.210209,3.210209,no,true
9053676,zest-v1,SPSQ2XRERD9KZ2CGX68Z7S96ZRXYTXB0N945WSNS,SPSQ2XRERD9KZ2CGX68Z7S96ZRXYTXB0N945WSNS,670224,648475,0.516769,0.513669,0.51987,yes,true
9053676,zest-v1,SPSQWEXFNRQB3FVR3N4QC44ZKGSQH1ABNAEF0ATJ,SPSQWEXFNRQB3FVR3N4QC44ZKGSQH1ABNAEF0ATJ,206355327,145048977,0.853596,0.849379,0.857766,yes,true
9053676,zest-v1,SPSRQNN7GG7FJ9FFYW1MA9J9C7X5DVTNN225TAZF,SPSRQNN7GG7FJ9FFYW1MA9J9C7X5DVTNN225TAZF,7462793649,2671778769,1.675916,1.675916,1.675916,no,false
9053676,zest-v1,SPSXXNR6P8PCG9X58HM1RRM3333FPXFZTPFAAWXG,SPSXXNR6P8PCG9X58HM1RRM3333FPXFZTPFAAWXG,3722300588,1850371577,1.20699,1.20699,1.20699,no,false
9053676,zest-v1,SPSYX3YF9EBMQ84PQERQ27E5EGNZTHHQCHKC6PYE,SPSYX3YF9EBMQ84PQERQ27E5EGNZTHHQCHKC6PYE,36802164,7216576,3.059803,3.059803,3.059803,no,true
9053676,zest-v1,SPT3VZNSQXM9X4AD24AY0VCNVK7TNMRCQZX3EKTK,SPT3VZNSQXM9X4AD24AY0VCNVK7TNMRCQZX3EKTK,15392906045,8010782390,1.152914,1.152914,1.152914,no,false
9053676,zest-v1,SPT4QSFTPBS8B2QX9VCQ6CCYM5RVNHF1FY45WT0K,SPT4QSFTPBS8B2QX9VCQ6CCYM5RVNHF1FY45WT0K,1840108422,360830341,3.05979,3.05979,3.05979,no,true
9053676,zest-v1,SPT6A1ZY975ZD0TW5SP128WQWTQNVM4ZC856KZQ2,SPT6A1ZY975ZD0TW5SP128WQWTQNVM4ZC856KZQ2,265650338,183399156,0.869089,0.866057,0.872078,yes,true
9053676,zest-v1,SPT7YVVS93NGKGVK4EGC6WP04ZBKD3Q67MZ4Z0H3,SPT7YVVS93NGKGVK4EGC6WP04ZBKD3Q67MZ4Z0H3,97499,881,66.401135,66.381881,66.42,no,true
9053676,zest-v1,SPTBAXKRKT7EXTZ6QRZFG1145M0BZ0TTX3HJZTFW,SPTBAXKRKT7EXTZ6QRZFG1145M0BZ0TTX3HJZTFW,16749964,11717400,0.857697,0.848691,0.866703,yes,true
9053676,zest-v1,SPTG81TWDYWPTRZHFPW6XG2BZ1VCV7B70BXRG68N,SPTG81TWDYWPTRZHFPW6XG2BZ1VCV7B70BXRG68N,7680052424,2884999659,1.597238,1.597238,1.597238,no,false
9053676,zest-v1,SPTGCTP78C8155MKSF0X7P4C6P9YFWY1W2S5B393,SPTGCTP78C8155MKSF0X7P4C6P9YFWY1W2S5B393,38159626,4520643,5.064717,5.064717,5.064717,no,true
9053676,zest-v1,SPTMXJTZ8TY26H5P6GYC6XHAGJJK3WB03MWM5W27,SPTMXJTZ8TY26H5P6GYC6XHAGJJK3WB03MWM5W27,2454233450,901063827,1.634224,1.634224,1.634224,no,true
9053676,zest-v1,SPTNBAFF07YZSTQV757BEMEXK8ESP3T2CYN1WQ6V,SPTNBAFF07YZSTQV757BEMEXK8ESP3T2CYN1WQ6V,3352806980,181524874,11.082141,11.082141,11.082141,no,true
9053676,zest-v1,SPTQANDS81X5P9DJCCZ4NGHVA508R6K9C3HYD7AQ,SPTQANDS81X5P9DJCCZ4NGHVA508R6K9C3HYD7AQ,437815378,227267095,1.155861,1.155861,1.155861,no,true
9053676,zest-v1,SPTTMBD98RZXKBG0B0CTG22DY53JY72QNB0QYRVR,SPTTMBD98RZXKBG0B0CTG22DY53JY72QNB0QYRVR,389886772,100202000,2.334605,2.310091,2.359118,no,true
9053676,zest-v1,SPV2E19WA1DS67PXBT0EF689T1KNYZ9T2GN9ZGKV,SPV2E19WA1DS67PXBT0EF689T1KNYZ9T2GN9ZGKV,1840108422,360831548,3.05978,3.05978,3.05978,no,true
9053676,zest-v1,SPV5MQ3N28HX7K9YXY1EF71KHSCPPQ6ECXV7GSSY,SPV5MQ3N28HX7K9YXY1EF71KHSCPPQ6ECXV7GSSY,10621930144,5334247668,1.194762,1.194762,1.194762,no,false
9053676,zest-v1,SPV6MHRSA2WAP3Y2FX1NG7ZHR8E41BHK7MSZ2QXR,SPV6MHRSA2WAP3Y2FX1NG7ZHR8E41BHK7MSZ2QXR,83775254992,29058600100,1.441488,1.432839,1.450137,no,false
9053676,zest-v1,SPVAG9S48RWADXDBY2FTRDA88K1XEMER4BYN3976,SPVAG9S48RWADXDBY2FTRDA88K1XEMER4BYN3976,8041949789,2635236338,1.83102,1.83102,1.83102,no,false
9053676,zest-v1,SPVAQY2P22HPKFSAYHPYV14B82B772AYMPQMXK30,SPVAQY2P22HPKFSAYHPYV14B82B772AYMPQMXK30,8851,402,13.210448,13.203015,13.217734,no,true
9053676,zest-v1,SPVDEZNRVNP4AGMPRBHMAC6RPP7FYAFVPTSFH1B6,SPVDEZNRVNP4AGMPRBHMAC6RPP7FYAFVPTSFH1B6,588792511,209957100,1.402173,1.39376,1.410586,no,true
9053676,zest-v1,SPVMY3KNEF6VZ6NXG0VCRR88XGZQ6AQQWB9ACWP0,SPVMY3KNEF6VZ6NXG0VCRR88XGZQ6AQQWB9ACWP0,180919420298,70934219910,1.530314,1.530314,1.530314,no,false
9053676,zest-v1,SPVPP9B90H6EPJTGW9W1H4CEARCASYR0BQJ33125,SPVPP9B90H6EPJTGW9W1H4CEARCASYR0BQJ33125,83778,600,69.815,69.395833,70.233333,no,true
9053676,zest-v1,SPVT27H705XYPRWH40VV576KCYWKBVW5VSZ0CVEJ,SPVT27H705XYPRWH40VV576KCYWKBVW5VSZ0CVEJ,3680216882,360831548,6.11956,6.11956,6.11956,no,true
9053676,zest-v1,SPVWS9RP9S7W52485DV5T6CVVW7T433SV0K4GSF0,SPVWS9RP9S7W52485DV5T6CVVW7T433SV0K4GSF0,42137635,26676500,0.947747,0.937796,0.957699,yes,true
9053676,zest-v1,SPW22ZQGDN9H5VVMZQ0DRFT26W8PQ8N0PWR89KXT,SPW22ZQGDN9H5VVMZQ0DRFT26W8PQ8N0PWR89KXT,21780861,556344,23.489993,23.489967,23.489993,no,true
9053676,zest-v1,SPW25HV76Z5BVGVP4SR7Y64GHW8Y670YTD9MER8C,SPW25HV76Z5BVGVP4SR7Y64GHW8Y670YTD9MER8C,4241714630,1978946283,1.286052,1.286052,1.286053,no,false
9053676,zest-v1,SPW3XBESSFF2NRNAMF5YB8FSARV7TASZ3G6J3A3D,SPW3XBESSFF2NRNAMF5YB8FSARV7TASZ3G6J3A3D,3858677546,1913089784,1.210192,1.210192,1.210192,no,false
9053676,zest-v1,SPW8JW1GERWDCY8XXEKW1TC939547DCMW1M2XENK,SPW8JW1GERWDCY8XXEKW1TC939547DCMW1M2XENK,4163532232,351020878,7.116726,7.042,7.191451,no,true
9053676,zest-v1,SPW8PWRRJ8K3CT0HEANRE2P4ZDEB2AY02B50V2HW,SPW8PWRRJ8K3CT0HEANRE2P4ZDEB2AY02B50V2HW,83778,1400,29.920714,29.741071,30.1,no,true
9053676,zest-v1,SPW9J82WPRPHGNXGPH65Y0KVGG22E9T9G4TV20PG,SPW9J82WPRPHGNXGPH65Y0KVGG22E9T9G4TV20PG,10212,200,30.636,30.315,30.96,no,true
9053676,zest-v1,SPWDN8SX01N2310G2A9Y7M20QQZ9KC594DQ0QZKH,SPWDN8SX01N2310G2A9Y7M20QQZ9KC594DQ0QZKH,3428684940,1240287985,1.658656,1.658656,1.658656,no,false
9053676,zest-v1,SPWFZGR26ADMXADCE5TE8WSSZHKKQR7R2JRS2MW5,SPWFZGR26ADMXADCE5TE8WSSZHKKQR7R2JRS2MW5,0,6514830193,0,0,0,yes,false
9053676,zest-v1,SPWGTCJWFA5TDJKY7WVNY360SYR5BE64K96WQC8N,SPWGTCJWFA5TDJKY7WVNY360SYR5BE64K96WQC8N,9907411460,3069369035,1.9367,1.9367,1.9367,no,false
9053676,zest-v1,SPWSGE1CDEHMM56SGMS9ZY3P91Z0G7YWD6R04KCA,SPWSGE1CDEHMM56SGMS9ZY3P91Z0G7YWD6R04KCA,1228857221,468014201,1.312842,1.304965,1.320719,no,true
9053676,zest-v1,SPWTQA8ETE0PR8BPAC10X9184TQ4QP02SCZWEXBB,SPWTQA8ETE0PR8BPAC10X9184TQ4QP02SCZWEXBB,3259546,3781130,0.517234,0.511803,0.522665,yes,true
9053676,zest-v1,SPWV51E9AJFX130258AN5630F5JGH0SW8664H4HW,SPWV51E9AJFX130258AN5630F5JGH0SW8664H4HW,176655820,75889800,1.396676,1.382011,1.411341,no,true
9053676,zest-v1,SPWXDQFD9V054T40RYSPJ489FDJ61BPSZWYB8870,SPWXDQFD9V054T40RYSPJ489FDJ61BPSZWYB8870,670224,630551,0.531459,0.528271,0.534648,yes,true
9053676,zest-v1,SPWY0ETYESNCH73RMVRGS2PQWT6SRGCA5CTEB4FG,SPWY0ETYESNCH73RMVRGS2PQWT6SRGCA5CTEB4FG,5880325030,2274821072,1.550977,1.550977,1.550977,no,false
9053676,zest-v1,SPWYGV8FK7WXYMJZF7SSYEXR1R1QA2FG05AVPY4H,SPWYGV8FK7WXYMJZF7SSYEXR1R1QA2FG05AVPY4H,1703621512,863046458,1.184378,1.184304,1.18445,no,true
9053676,zest-v1,SPWYXX9SGPDZ8RAWZSR7J9SB2P039P393NJ316GS,SPWYXX9SGPDZ8RAWZSR7J9SB2P039P393NJ316GS,6200507526,1636674576,2.273087,2.273087,2.273088,no,false
9053676,zest-v1,SPX4BWHPH4CSCP3159KR8EACAQ9CQVX2N3W67K0K,SPX4BWHPH4CSCP3159KR8EACAQ9CQVX2N3W67K0K,6584568318,3281825521,1.203824,1.203824,1.203824,no,false
9053676,zest-v1,SPX71C0K7Q381T091GP87FC902CNZ55TEQHVC5Q7,SPX71C0K7Q381T091GP87FC902CNZ55TEQHVC5Q7,10476830068,4891808322,1.285025,1.285025,1.285025,no,false
9053676,zest-v1,SPX7PYKYZQYEJNPYVNTCK3KVFVW05FNQZMA38Q52,SPX7PYKYZQYEJNPYVNTCK3KVFVW05FNQZMA38Q52,78827,4224,11.197017,11.195362,11.197017,no,true
9053676,zest-v1,SPX7YGNQF4WG0QDFE8R5CCM36NDSQ6SK9APJ3AA7,SPX7YGNQF4WG0QDFE8R5CCM36NDSQ6SK9APJ3AA7,32578893,3094,6317.820233,6316.783499,6317.820233,no,true
9053676,zest-v1,SPXJMQ34NYCY0RQ5CB6X6BZQYV0FQ1TDMPR3CYT6,SPXJMQ34NYCY0RQ5CB6X6BZQYV0FQ1TDMPR3CYT6,22984333708,9741909008,1.415595,1.415595,1.415595,no,false
9053676,zest-v1,SPXPR9RGQBTHX3J90GZM9GK4V77B9C0DHF5DG7KH,SPXPR9RGQBTHX3J90GZM9GK4V77B9C0DHF5DG7KH,194448978,136585857,0.71182,0.707549,0.716091,yes,true
9053676,zest-v1,SPXRWYCBABERSTKC2XNS4M9QMQFSR907SWR3582S,SPXRWYCBABERSTKC2XNS4M9QMQFSR907SWR3582S,917798259,406703980,1.354004,1.349759,1.358187,no,true
9053676,zest-v1,SPXZ5TX6R19NDAVVXNM5CR2R77MABNF32P6Q6BAD,SPXZ5TX6R19NDAVVXNM5CR2R77MABNF32P6Q6BAD,4580,6700,0.410149,0.405851,0.414448,yes,true
9053676,zest-v1,SPY0682ZM7VGPMVGQP99Z05J3QWMVV83RA6N42SA,SPY0682ZM7VGPMVGQP99Z05J3QWMVV83RA6N42SA,644179,338864,1.140597,1.140596,1.140597,no,true
9053676,zest-v1,SPY5MEW1FZHX3EQGEVTVRJS5ARJRKSFMZ0PH4ZCY,SPY5MEW1FZHX3EQGEVTVRJS5ARJRKSFMZ0PH4ZCY,33117752,7216545,2.753485,2.753485,2.753485,no,true
9053676,zest-v1,SPY5PFSWWAJQ4DH5NQNH1V4TPGM6R9HCCMWSM6EJ,SPY5PFSWWAJQ4DH5NQNH1V4TPGM6R9HCCMWSM6EJ,76252759,19100,2395.374628,2370.223225,2420.526031,no,true
9053676,zest-v1,SPY9Q896GJ209XKATBPBZWXB90BF369DD2CM7R41,SPY9Q896GJ209XKATBPBZWXB90BF369DD2CM7R41,519659076,294206150,1.059786,1.054091,1.065422,no,true
9053676,zest-v1,SPYEEJKTXMCZ6QKQYJR3WR924FE8SAZDTRX5DCF1,SPYEEJKTXMCZ6QKQYJR3WR924FE8SAZDTRX5DCF1,194794216,97100,1203.671778,1191.033238,1216.310317,no,true
9053676,zest-v1,SPYGGE8ZYZCJREZMJT5AGQ1M1S6KQ1DAB20QAQQV,SPYGGE8ZYZCJREZMJT5AGQ1M1S6KQ1DAB20QAQQV,3686071260,1019399874,2.169554,2.146773,2.192334,no,false
9053676,zest-v1,SPYS2VWA4306ASCEYR03Q785X2YENQB1BGF6Y8DF,SPYS2VWA4306ASCEYR03Q785X2YENQB1BGF6Y8DF,459047748,204973986,1.343725,1.343725,1.343725,no,true
9053676,zest-v1,SPYTFAGR3808H1350053KWRYAMR8SYAPTMY7T87N,SPYTFAGR3808H1350053KWRYAMR8SYAPTMY7T87N,4924062559,1854259430,1.593325,1.593325,1.593325,no,false
9053676,zest-v1,SPYXRTPK9XVMME9Q5F1255N84NNRVZJZ5B9CCT7Z,SPYXRTPK9XVMME9Q5F1255N84NNRVZJZ5B9CCT7Z,163979333,117499816,0.837343,0.82855,0.846135,yes,true
9053676,zest-v1,SPYYGACE3AXA11168AT37Y9CV9V9SWKJA3R13D1H,SPYYGACE3AXA11168AT37Y9CV9V9SWKJA3R13D1H,4795817147,1784654106,1.612352,1.612352,1.612352,no,false
9053676,zest-v1,SPZ4BE75SQD2WWM1J4K6QFAXXKK0S39GGBXAQVYV,SPZ4BE75SQD2WWM1J4K6QFAXXKK0S39GGBXAQVYV,2944177848,1469240710,1.202326,1.202326,1.202326,no,false
9053676,zest-v1,SPZ5C8C6WFB844Z92FTKF8MB2DZEKVH5E7RAW9SW,SPZ5C8C6WFB844Z92FTKF8MB2DZEKVH5E7RAW9SW,1005337,989801,0.507848,0.504801,0.510895,yes,true
9053676,zest-v1,SPZ5ERG8BTK5ZF1YK9ZJT5PFVPTYKZPA7D97QX96,SPZ5ERG8BTK5ZF1YK9ZJT5PFVPTYKZPA7D97QX96,102804395787,53212920542,1.159167,1.159167,1.159167,no,false
9053676,zest-v1,SPZ7AFCNK9W555F7PWP20AJZ8WH70V2JTZQHT1M8,SPZ7AFCNK9W555F7PWP20AJZ8WH70V2JTZQHT1M8,165957985,36287271,2.744069,2.744069,2.744069,no,true
9053676,zest-v1,SPZA8R3NW38689CTBWE8H4WSR4WY63Z03A3EYR4F,SPZA8R3NW38689CTBWE8H4WSR4WY63Z03A3EYR4F,20805617,521588,23.933392,23.933361,23.933392,no,true
9053676,zest-v1,SPZAEJRJ6FA2X8KTFGZ7ZPJJ12N4HST9HYSE1V2R,SPZAEJRJ6FA2X8KTFGZ7ZPJJ12N4HST9HYSE1V2R,402415,20903,11.550926,11.550926,11.551197,no,true
9053676,zest-v1,SPZAZHB59ZPHTAS0H72H7517J9B8092D2MH7YRGW,SPZAZHB59ZPHTAS0H72H7517J9B8092D2MH7YRGW,6032992,6472100,0.559292,0.55342,0.565165,yes,true
9053676,zest-v1,SPZBXP3450SR8BMF8K1H6RKMS16CPP16QSTV9S32,SPZBXP3450SR8BMF8K1H6RKMS16CPP16QSTV9S32,1616970,1439000,0.674206,0.667127,0.681285,yes,true
9053676,zest-v1,SPZKACCZC5GMBTJBG35D8BCS7FJ5MGR6BN95GY7S,SPZKACCZC5GMBTJBG35D8BCS7FJ5MGR6BN95GY7S,1840114521,425000,2597.808736,2570.53178,2625.085691,no,true
9053676,zest-v1,SPZKJ0JYQJ7HPG43ZYA6520ZAD13ET55NZMNZ1ZE,SPZKJ0JYQJ7HPG43ZYA6520ZAD13ET55NZMNZ1ZE,4997498487,1924231660,1.558284,1.558284,1.558284,no,false
9053676,zest-v1,SPZM762VKVTS8YHKG8HM7FR1KJYVDQYQBR320W9K,SPZM762VKVTS8YHKG8HM7FR1KJYVDQYQBR320W9K,378849491,73506953,3.092356,3.092356,3.092356,no,true
9053676,zest-v1,SPZS4EEFDP278N3BSBAAPHAVFBRXMK733D7AH0HC,SPZS4EEFDP278N3BSBAAPHAVFBRXMK733D7AH0HC,15928995,625888,15.270139,15.270139,15.270159,no,true
