block_height,market,position,account,side,asset,amount_base_units
9053676,zest-v1,SM1SVFVT6HY7SHBNZ98FHBNJTC10HXAPBSGC8D687,SM1SVFVT6HY7SHBNZ98FHBNJTC10HXAPBSGC8D687,collateral,stSTXbtc,2415563
9053676,zest-v1,SM1SVFVT6HY7SHBNZ98FHBNJTC10HXAPBSGC8D687,SM1SVFVT6HY7SHBNZ98FHBNJTC10HXAPBSGC8D687,debt,USDH,47842359
9053676,zest-v1,SM1SVFVT6HY7SHBNZ98FHBNJTC10HXAPBSGC8D687,SM1SVFVT6HY7SHBNZ98FHBNJTC10HXAPBSGC8D687,debt,aeUSDC,505992
9053676,zest-v1,SM1SVFVT6HY7SHBNZ98FHBNJTC10HXAPBSGC8D687,SM1SVFVT6HY7SHBNZ98FHBNJTC10HXAPBSGC8D687,debt_stored,USDH,44961340
9053676,zest-v1,SM1SVFVT6HY7SHBNZ98FHBNJTC10HXAPBSGC8D687,SM1SVFVT6HY7SHBNZ98FHBNJTC10HXAPBSGC8D687,debt_stored,aeUSDC,477094
9053676,zest-v1,SM9RZJ7MKS24RX0CXFQS9G6N9ES8T9HJ8KE0XCQW,SM9RZJ7MKS24RX0CXFQS9G6N9ES8T9HJ8KE0XCQW,collateral,STX,219874
9053676,zest-v1,SM9RZJ7MKS24RX0CXFQS9G6N9ES8T9HJ8KE0XCQW,SM9RZJ7MKS24RX0CXFQS9G6N9ES8T9HJ8KE0XCQW,debt,aeUSDC,167285
9053676,zest-v1,SM9RZJ7MKS24RX0CXFQS9G6N9ES8T9HJ8KE0XCQW,SM9RZJ7MKS24RX0CXFQS9G6N9ES8T9HJ8KE0XCQW,debt_stored,aeUSDC,148886
9053676,zest-v1,SP03M23WXVQ4416T4AJKDHY64R311E9NZYF2QD8J,SP03M23WXVQ4416T4AJKDHY64R311E9NZYF2QD8J,collateral,stSTX,6010670
9053676,zest-v1,SP03M23WXVQ4416T4AJKDHY64R311E9NZYF2QD8J,SP03M23WXVQ4416T4AJKDHY64R311E9NZYF2QD8J,debt,STX,3563376
9053676,zest-v1,SP03M23WXVQ4416T4AJKDHY64R311E9NZYF2QD8J,SP03M23WXVQ4416T4AJKDHY64R311E9NZYF2QD8J,debt_stored,STX,3131664
9053676,zest-v1,SP04FZTETK9DH5VY5QKABMP1NYCYW40FYBSANGRS,SP04FZTETK9DH5VY5QKABMP1NYCYW40FYBSANGRS,collateral,STX,896255
9053676,zest-v1,SP04FZTETK9DH5VY5QKABMP1NYCYW40FYBSANGRS,SP04FZTETK9DH5VY5QKABMP1NYCYW40FYBSANGRS,debt,aeUSDC,328132
9053676,zest-v1,SP04FZTETK9DH5VY5QKABMP1NYCYW40FYBSANGRS,SP04FZTETK9DH5VY5QKABMP1NYCYW40FYBSANGRS,debt_stored,aeUSDC,295979
9053676,zest-v1,SP0864CFTZ2DR8FDCA9PC03AACZRQYWF5A00Y8WZ,SP0864CFTZ2DR8FDCA9PC03AACZRQYWF5A00Y8WZ,collateral,stSTX,95821017
9053676,zest-v1,SP0864CFTZ2DR8FDCA9PC03AACZRQYWF5A00Y8WZ,SP0864CFTZ2DR8FDCA9PC03AACZRQYWF5A00Y8WZ,debt,stSTX,20924129
9053676,zest-v1,SP0864CFTZ2DR8FDCA9PC03AACZRQYWF5A00Y8WZ,SP0864CFTZ2DR8FDCA9PC03AACZRQYWF5A00Y8WZ,debt_stored,stSTX,20000000
9053676,zest-v1,SP1014BA8MW7DK2CEACDN77RNMSZ91WQG0JTEX8EB,SP1014BA8MW7DK2CEACDN77RNMSZ91WQG0JTEX8EB,collateral,sBTC,6
9053676,zest-v1,SP1014BA8MW7DK2CEACDN77RNMSZ91WQG0JTEX8EB,SP1014BA8MW7DK2CEACDN77RNMSZ91WQG0JTEX8EB,debt,sUSDT,5293
9053676,zest-v1,SP1014BA8MW7DK2CEACDN77RNMSZ91WQG0JTEX8EB,SP1014BA8MW7DK2CEACDN77RNMSZ91WQG0JTEX8EB,debt_stored,sUSDT,4793
9053676,zest-v1,SP101B76X5WHDRSX57HPGYD6V9DD2VNXG4CHAT3Z1,SP101B76X5WHDRSX57HPGYD6V9DD2VNXG4CHAT3Z1,collateral,stSTXbtc,67606832
9053676,zest-v1,SP101B76X5WHDRSX57HPGYD6V9DD2VNXG4CHAT3Z1,SP101B76X5WHDRSX57HPGYD6V9DD2VNXG4CHAT3Z1,debt,aeUSDC,4758880
9053676,zest-v1,SP101B76X5WHDRSX57HPGYD6V9DD2VNXG4CHAT3Z1,SP101B76X5WHDRSX57HPGYD6V9DD2VNXG4CHAT3Z1,debt_stored,aeUSDC,4427782
9053676,zest-v1,SP1087208W7B3ETPQ8CHP24K0PGNW7GC822SKEFHK,SP1087208W7B3ETPQ8CHP24K0PGNW7GC822SKEFHK,collateral,stSTX,4481268
9053676,zest-v1,SP1087208W7B3ETPQ8CHP24K0PGNW7GC822SKEFHK,SP1087208W7B3ETPQ8CHP24K0PGNW7GC822SKEFHK,debt,aeUSDC,1231672
9053676,zest-v1,SP1087208W7B3ETPQ8CHP24K0PGNW7GC822SKEFHK,SP1087208W7B3ETPQ8CHP24K0PGNW7GC822SKEFHK,debt_stored,aeUSDC,1153246
9053676,zest-v1,SP108PFJNH8ZF0YNH8RDERYTZZW5B135RFYBKCHA3,SP108PFJNH8ZF0YNH8RDERYTZZW5B135RFYBKCHA3,collateral,STX,11747281
9053676,zest-v1,SP108PFJNH8ZF0YNH8RDERYTZZW5B135RFYBKCHA3,SP108PFJNH8ZF0YNH8RDERYTZZW5B135RFYBKCHA3,collateral,stSTX,5336825
9053676,zest-v1,SP108PFJNH8ZF0YNH8RDERYTZZW5B135RFYBKCHA3,SP108PFJNH8ZF0YNH8RDERYTZZW5B135RFYBKCHA3,debt,stSTX,5583205
9053676,zest-v1,SP108PFJNH8ZF0YNH8RDERYTZZW5B135RFYBKCHA3,SP108PFJNH8ZF0YNH8RDERYTZZW5B135RFYBKCHA3,debt_stored,stSTX,5327353
9053676,zest-v1,SP10CRJ9KPTMXGSTJ39GDQYWA1PF09F9HF2RMDEXX,SP10CRJ9KPTMXGSTJ39GDQYWA1PF09F9HF2RMDEXX,collateral,stSTX,186
9053676,zest-v1,SP10CRJ9KPTMXGSTJ39GDQYWA1PF09F9HF2RMDEXX,SP10CRJ9KPTMXGSTJ39GDQYWA1PF09F9HF2RMDEXX,debt,STX,39
9053676,zest-v1,SP10CRJ9KPTMXGSTJ39GDQYWA1PF09F9HF2RMDEXX,SP10CRJ9KPTMXGSTJ39GDQYWA1PF09F9HF2RMDEXX,debt_stored,STX,35
9053676,zest-v1,SP10D4ZCFY7K94W0AHBQPD1MV662FAY7CRWM40VM3,SP10D4ZCFY7K94W0AHBQPD1MV662FAY7CRWM40VM3,collateral,STX,1374937
9053676,zest-v1,SP10D4ZCFY7K94W0AHBQPD1MV662FAY7CRWM40VM3,SP10D4ZCFY7K94W0AHBQPD1MV662FAY7CRWM40VM3,collateral,aeUSDC,620860
9053676,zest-v1,SP10D4ZCFY7K94W0AHBQPD1MV662FAY7CRWM40VM3,SP10D4ZCFY7K94W0AHBQPD1MV662FAY7CRWM40VM3,collateral,stSTX,1001782
9053676,zest-v1,SP10D4ZCFY7K94W0AHBQPD1MV662FAY7CRWM40VM3,SP10D4ZCFY7K94W0AHBQPD1MV662FAY7CRWM40VM3,debt,aeUSDC,667431
9053676,zest-v1,SP10D4ZCFY7K94W0AHBQPD1MV662FAY7CRWM40VM3,SP10D4ZCFY7K94W0AHBQPD1MV662FAY7CRWM40VM3,debt_stored,aeUSDC,629305
9053676,zest-v1,SP10P477N9V60C2NXEAW5Y8APPS64N0G43JNHRP47,SP10P477N9V60C2NXEAW5Y8APPS64N0G43JNHRP47,collateral,sBTC,3
9053676,zest-v1,SP10P477N9V60C2NXEAW5Y8APPS64N0G43JNHRP47,SP10P477N9V60C2NXEAW5Y8APPS64N0G43JNHRP47,debt,USDH,241028
9053676,zest-v1,SP10P477N9V60C2NXEAW5Y8APPS64N0G43JNHRP47,SP10P477N9V60C2NXEAW5Y8APPS64N0G43JNHRP47,debt_stored,USDH,222835
9053676,zest-v1,SP10RE0D991JAEWTBNH952ANSCCY6H80VSEAFGMJH,SP10RE0D991JAEWTBNH952ANSCCY6H80VSEAFGMJH,collateral,stSTX,140953155
9053676,zest-v1,SP10RE0D991JAEWTBNH952ANSCCY6H80VSEAFGMJH,SP10RE0D991JAEWTBNH952ANSCCY6H80VSEAFGMJH,debt,stSTX,73394536
9053676,zest-v1,SP10RE0D991JAEWTBNH952ANSCCY6H80VSEAFGMJH,SP10RE0D991JAEWTBNH952ANSCCY6H80VSEAFGMJH,debt_stored,stSTX,70000000
9053676,zest-v1,SP10VD0X3X2MBYZF52M25Q79QSM3JAB6HBADQRAVC,SP10VD0X3X2MBYZF52M25Q79QSM3JAB6HBADQRAVC,collateral,stSTX,125757952
9053676,zest-v1,SP10VD0X3X2MBYZF52M25Q79QSM3JAB6HBADQRAVC,SP10VD0X3X2MBYZF52M25Q79QSM3JAB6HBADQRAVC,debt,aeUSDC,7623797
9053676,zest-v1,SP10VD0X3X2MBYZF52M25Q79QSM3JAB6HBADQRAVC,SP10VD0X3X2MBYZF52M25Q79QSM3JAB6HBADQRAVC,debt_stored,aeUSDC,7536209
9053676,zest-v1,SP10X5JQ38APVZSCM8067MJ76987A5EC035Y8BWZK,SP10X5JQ38APVZSCM8067MJ76987A5EC035Y8BWZK,collateral,stSTX,5008895
9053676,zest-v1,SP10X5JQ38APVZSCM8067MJ76987A5EC035Y8BWZK,SP10X5JQ38APVZSCM8067MJ76987A5EC035Y8BWZK,debt,STX,1165880
9053676,zest-v1,SP10X5JQ38APVZSCM8067MJ76987A5EC035Y8BWZK,SP10X5JQ38APVZSCM8067MJ76987A5EC035Y8BWZK,debt_stored,STX,1000000
9053676,zest-v1,SP10Y88DW28TRNTYJZXSXG95BSY57ARFAMGYHCRM9,SP10Y88DW28TRNTYJZXSXG95BSY57ARFAMGYHCRM9,collateral,stSTX,1711272
9053676,zest-v1,SP10Y88DW28TRNTYJZXSXG95BSY57ARFAMGYHCRM9,SP10Y88DW28TRNTYJZXSXG95BSY57ARFAMGYHCRM9,debt,stSTX,5
9053676,zest-v1,SP10Y88DW28TRNTYJZXSXG95BSY57ARFAMGYHCRM9,SP10Y88DW28TRNTYJZXSXG95BSY57ARFAMGYHCRM9,debt_stored,stSTX,4
9053676,zest-v1,SP111G0S42TY2TY3QSATH2KZMMRJYY00Q0WA1A1CR,SP111G0S42TY2TY3QSATH2KZMMRJYY00Q0WA1A1CR,collateral,STX,55047749
9053676,zest-v1,SP111G0S42TY2TY3QSATH2KZMMRJYY00Q0WA1A1CR,SP111G0S42TY2TY3QSATH2KZMMRJYY00Q0WA1A1CR,collateral,stSTX,99122759
9053676,zest-v1,SP111G0S42TY2TY3QSATH2KZMMRJYY00Q0WA1A1CR,SP111G0S42TY2TY3QSATH2KZMMRJYY00Q0WA1A1CR,debt,STX,58333844
9053676,zest-v1,SP111G0S42TY2TY3QSATH2KZMMRJYY00Q0WA1A1CR,SP111G0S42TY2TY3QSATH2KZMMRJYY00Q0WA1A1CR,debt_stored,STX,49647380
9053676,zest-v1,SP112B8XRP4BAJ8VKJAA1CD296VCEQX0VBJDEGER5,SP112B8XRP4BAJ8VKJAA1CD296VCEQX0VBJDEGER5,collateral,stSTX,6929631
9053676,zest-v1,SP112B8XRP4BAJ8VKJAA1CD296VCEQX0VBJDEGER5,SP112B8XRP4BAJ8VKJAA1CD296VCEQX0VBJDEGER5,debt,aeUSDC,1599078
9053676,zest-v1,SP112B8XRP4BAJ8VKJAA1CD296VCEQX0VBJDEGER5,SP112B8XRP4BAJ8VKJAA1CD296VCEQX0VBJDEGER5,debt_stored,aeUSDC,1499386
9053676,zest-v1,SP116Z95PQYPC0CHQX5KJFCW5T2WWQBXJ73ZTAFP9,SP116Z95PQYPC0CHQX5KJFCW5T2WWQBXJ73ZTAFP9,collateral,sBTC,1
9053676,zest-v1,SP116Z95PQYPC0CHQX5KJFCW5T2WWQBXJ73ZTAFP9,SP116Z95PQYPC0CHQX5KJFCW5T2WWQBXJ73ZTAFP9,debt,aeUSDC,2
9053676,zest-v1,SP116Z95PQYPC0CHQX5KJFCW5T2WWQBXJ73ZTAFP9,SP116Z95PQYPC0CHQX5KJFCW5T2WWQBXJ73ZTAFP9,debt_stored,aeUSDC,1
9053676,zest-v1,SP11877TX1W8QQQH5BXJRD47Q5ZF4WMVP7NF0Y9K9,SP11877TX1W8QQQH5BXJRD47Q5ZF4WMVP7NF0Y9K9,collateral,stSTX,259652456
9053676,zest-v1,SP11877TX1W8QQQH5BXJRD47Q5ZF4WMVP7NF0Y9K9,SP11877TX1W8QQQH5BXJRD47Q5ZF4WMVP7NF0Y9K9,debt,STX,132058716
9053676,zest-v1,SP11877TX1W8QQQH5BXJRD47Q5ZF4WMVP7NF0Y9K9,SP11877TX1W8QQQH5BXJRD47Q5ZF4WMVP7NF0Y9K9,debt,stSTX,11
9053676,zest-v1,SP11877TX1W8QQQH5BXJRD47Q5ZF4WMVP7NF0Y9K9,SP11877TX1W8QQQH5BXJRD47Q5ZF4WMVP7NF0Y9K9,debt_stored,STX,116773985
9053676,zest-v1,SP11877TX1W8QQQH5BXJRD47Q5ZF4WMVP7NF0Y9K9,SP11877TX1W8QQQH5BXJRD47Q5ZF4WMVP7NF0Y9K9,debt_stored,stSTX,10
9053676,zest-v1,SP11CJX3NEVEE6RZD1M6V06A6Q20B553RJECZY6Q2,SP11CJX3NEVEE6RZD1M6V06A6Q20B553RJECZY6Q2,collateral,stSTX,17641349
9053676,zest-v1,SP11CJX3NEVEE6RZD1M6V06A6Q20B553RJECZY6Q2,SP11CJX3NEVEE6RZD1M6V06A6Q20B553RJECZY6Q2,debt,STX,248691
9053676,zest-v1,SP11CJX3NEVEE6RZD1M6V06A6Q20B553RJECZY6Q2,SP11CJX3NEVEE6RZD1M6V06A6Q20B553RJECZY6Q2,debt_stored,STX,212010
9053676,zest-v1,SP11EQW67HT9EZFFMFJRBTBMDZ8ED83F41Q47W030,SP11EQW67HT9EZFFMFJRBTBMDZ8ED83F41Q47W030,collateral,stSTXbtc,93182863
9053676,zest-v1,SP11EQW67HT9EZFFMFJRBTBMDZ8ED83F41Q47W030,SP11EQW67HT9EZFFMFJRBTBMDZ8ED83F41Q47W030,debt,aeUSDC,6577134
9053676,zest-v1,SP11EQW67HT9EZFFMFJRBTBMDZ8ED83F41Q47W030,SP11EQW67HT9EZFFMFJRBTBMDZ8ED83F41Q47W030,debt_stored,aeUSDC,6501518
9053676,zest-v1,SP11H7YGNJYAPPRMB36S5ZHMPZFHKA0099SADHYP8,SP11H7YGNJYAPPRMB36S5ZHMPZFHKA0099SADHYP8,collateral,stSTX,4759979
9053676,zest-v1,SP11H7YGNJYAPPRMB36S5ZHMPZFHKA0099SADHYP8,SP11H7YGNJYAPPRMB36S5ZHMPZFHKA0099SADHYP8,debt,aeUSDC,1303587
9053676,zest-v1,SP11H7YGNJYAPPRMB36S5ZHMPZFHKA0099SADHYP8,SP11H7YGNJYAPPRMB36S5ZHMPZFHKA0099SADHYP8,debt_stored,aeUSDC,1220549
9053676,zest-v1,SP11HP6JWVH61F64RR39B33TYPG82VATXTFX20YSJ,SP11HP6JWVH61F64RR39B33TYPG82VATXTFX20YSJ,collateral,ALEX,813
9053676,zest-v1,SP11HP6JWVH61F64RR39B33TYPG82VATXTFX20YSJ,SP11HP6JWVH61F64RR39B33TYPG82VATXTFX20YSJ,collateral,STX,1184899
9053676,zest-v1,SP11HP6JWVH61F64RR39B33TYPG82VATXTFX20YSJ,SP11HP6JWVH61F64RR39B33TYPG82VATXTFX20YSJ,collateral,stSTX,51490841
9053676,zest-v1,SP11HP6JWVH61F64RR39B33TYPG82VATXTFX20YSJ,SP11HP6JWVH61F64RR39B33TYPG82VATXTFX20YSJ,debt,STX,31786171
9053676,zest-v1,SP11HP6JWVH61F64RR39B33TYPG82VATXTFX20YSJ,SP11HP6JWVH61F64RR39B33TYPG82VATXTFX20YSJ,debt,stSTX,4
9053676,zest-v1,SP11HP6JWVH61F64RR39B33TYPG82VATXTFX20YSJ,SP11HP6JWVH61F64RR39B33TYPG82VATXTFX20YSJ,debt_stored,STX,30141686
9053676,zest-v1,SP11HP6JWVH61F64RR39B33TYPG82VATXTFX20YSJ,SP11HP6JWVH61F64RR39B33TYPG82VATXTFX20YSJ,debt_stored,stSTX,3
9053676,zest-v1,SP11HW0TCRHMVW75C89FKBHJ19GZWYSNPBN6GM0MQ,SP11HW0TCRHMVW75C89FKBHJ19GZWYSNPBN6GM0MQ,collateral,stSTX,4299650
9053676,zest-v1,SP11HW0TCRHMVW75C89FKBHJ19GZWYSNPBN6GM0MQ,SP11HW0TCRHMVW75C89FKBHJ19GZWYSNPBN6GM0MQ,debt,aeUSDC,665313
9053676,zest-v1,SP11HW0TCRHMVW75C89FKBHJ19GZWYSNPBN6GM0MQ,SP11HW0TCRHMVW75C89FKBHJ19GZWYSNPBN6GM0MQ,debt_stored,aeUSDC,654707
9053676,zest-v1,SP11JJ5RT71B3S5V02WGA77A5TW5SD15A5QZ2WT0F,SP11JJ5RT71B3S5V02WGA77A5TW5SD15A5QZ2WT0F,collateral,stSTX,337104302
9053676,zest-v1,SP11JJ5RT71B3S5V02WGA77A5TW5SD15A5QZ2WT0F,SP11JJ5RT71B3S5V02WGA77A5TW5SD15A5QZ2WT0F,debt,STX,201070784
9053676,zest-v1,SP11JJ5RT71B3S5V02WGA77A5TW5SD15A5QZ2WT0F,SP11JJ5RT71B3S5V02WGA77A5TW5SD15A5QZ2WT0F,debt_stored,STX,170000000
9053676,zest-v1,SP11JS1MKCFR0GCZXTJW52B87QK0GZWA2C2VA2SY9,SP11JS1MKCFR0GCZXTJW52B87QK0GZWA2C2VA2SY9,collateral,stSTX,134202581
9053676,zest-v1,SP11JS1MKCFR0GCZXTJW52B87QK0GZWA2C2VA2SY9,SP11JS1MKCFR0GCZXTJW52B87QK0GZWA2C2VA2SY9,debt,STX,59925077
9053676,zest-v1,SP11JS1MKCFR0GCZXTJW52B87QK0GZWA2C2VA2SY9,SP11JS1MKCFR0GCZXTJW52B87QK0GZWA2C2VA2SY9,debt,stSTX,5
9053676,zest-v1,SP11JS1MKCFR0GCZXTJW52B87QK0GZWA2C2VA2SY9,SP11JS1MKCFR0GCZXTJW52B87QK0GZWA2C2VA2SY9,debt_stored,STX,53000000
9053676,zest-v1,SP11JS1MKCFR0GCZXTJW52B87QK0GZWA2C2VA2SY9,SP11JS1MKCFR0GCZXTJW52B87QK0GZWA2C2VA2SY9,debt_stored,stSTX,4
9053676,zest-v1,SP11K4RMT2MVYQD17JWGPZRK2EG0RW7C876BCA662,SP11K4RMT2MVYQD17JWGPZRK2EG0RW7C876BCA662,collateral,aeUSDC,5782762
9053676,zest-v1,SP11K4RMT2MVYQD17JWGPZRK2EG0RW7C876BCA662,SP11K4RMT2MVYQD17JWGPZRK2EG0RW7C876BCA662,collateral,stSTX,81245820
9053676,zest-v1,SP11K4RMT2MVYQD17JWGPZRK2EG0RW7C876BCA662,SP11K4RMT2MVYQD17JWGPZRK2EG0RW7C876BCA662,debt,stSTX,28250365
9053676,zest-v1,SP11K4RMT2MVYQD17JWGPZRK2EG0RW7C876BCA662,SP11K4RMT2MVYQD17JWGPZRK2EG0RW7C876BCA662,debt_stored,stSTX,26943527
9053676,zest-v1,SP11KG08SDVDGC8QF1D1FE9GGT05WB51CMX1B5DK5,SP11KG08SDVDGC8QF1D1FE9GGT05WB51CMX1B5DK5,collateral,STX,12148266
9053676,zest-v1,SP11KG08SDVDGC8QF1D1FE9GGT05WB51CMX1B5DK5,SP11KG08SDVDGC8QF1D1FE9GGT05WB51CMX1B5DK5,debt,STX,8996418
9053676,zest-v1,SP11KG08SDVDGC8QF1D1FE9GGT05WB51CMX1B5DK5,SP11KG08SDVDGC8QF1D1FE9GGT05WB51CMX1B5DK5,debt_stored,STX,8064789
9053676,zest-v1,SP11Q6XVWW91NQG0G1KZGFRVATZPZK2N78VNV52ZQ,SP11Q6XVWW91NQG0G1KZGFRVATZPZK2N78VNV52ZQ,collateral,STX,361
9053676,zest-v1,SP11Q6XVWW91NQG0G1KZGFRVATZPZK2N78VNV52ZQ,SP11Q6XVWW91NQG0G1KZGFRVATZPZK2N78VNV52ZQ,debt,USDH,11616
9053676,zest-v1,SP11Q6XVWW91NQG0G1KZGFRVATZPZK2N78VNV52ZQ,SP11Q6XVWW91NQG0G1KZGFRVATZPZK2N78VNV52ZQ,debt_stored,USDH,10139
9053676,zest-v1,SP11V2Y543KRWF5Z48HVC0EQVJQD5JDVEE70EWRKZ,SP11V2Y543KRWF5Z48HVC0EQVJQD5JDVEE70EWRKZ,collateral,stSTX,122804857
9053676,zest-v1,SP11V2Y543KRWF5Z48HVC0EQVJQD5JDVEE70EWRKZ,SP11V2Y543KRWF5Z48HVC0EQVJQD5JDVEE70EWRKZ,debt,STX,52362210
9053676,zest-v1,SP11V2Y543KRWF5Z48HVC0EQVJQD5JDVEE70EWRKZ,SP11V2Y543KRWF5Z48HVC0EQVJQD5JDVEE70EWRKZ,debt_stored,STX,45000000
9053676,zest-v1,SP11VMRK069EPB45ZS20MSW3DGD7QZNBPS2191D49,SP11VMRK069EPB45ZS20MSW3DGD7QZNBPS2191D49,collateral,stSTX,114085
9053676,zest-v1,SP11VMRK069EPB45ZS20MSW3DGD7QZNBPS2191D49,SP11VMRK069EPB45ZS20MSW3DGD7QZNBPS2191D49,debt,stSTX,11
9053676,zest-v1,SP11VMRK069EPB45ZS20MSW3DGD7QZNBPS2191D49,SP11VMRK069EPB45ZS20MSW3DGD7QZNBPS2191D49,debt_stored,stSTX,10
9053676,zest-v1,SP11WB7FSYTQ9V04H54F4JR36616R4SNK8PH8RQ76,SP11WB7FSYTQ9V04H54F4JR36616R4SNK8PH8RQ76,collateral,stSTX,389014
9053676,zest-v1,SP11WB7FSYTQ9V04H54F4JR36616R4SNK8PH8RQ76,SP11WB7FSYTQ9V04H54F4JR36616R4SNK8PH8RQ76,debt,stSTX,4
9053676,zest-v1,SP11WB7FSYTQ9V04H54F4JR36616R4SNK8PH8RQ76,SP11WB7FSYTQ9V04H54F4JR36616R4SNK8PH8RQ76,debt_stored,stSTX,3
9053676,zest-v1,SP11XCBWERH2V5SFXWPTSAQNCVXZQEW1FF5040FV8,SP11XCBWERH2V5SFXWPTSAQNCVXZQEW1FF5040FV8,collateral,STX,55369665
9053676,zest-v1,SP11XCBWERH2V5SFXWPTSAQNCVXZQEW1FF5040FV8,SP11XCBWERH2V5SFXWPTSAQNCVXZQEW1FF5040FV8,collateral,stSTX,99922263
9053676,zest-v1,SP11XCBWERH2V5SFXWPTSAQNCVXZQEW1FF5040FV8,SP11XCBWERH2V5SFXWPTSAQNCVXZQEW1FF5040FV8,debt,STX,58804353
9053676,zest-v1,SP11XCBWERH2V5SFXWPTSAQNCVXZQEW1FF5040FV8,SP11XCBWERH2V5SFXWPTSAQNCVXZQEW1FF5040FV8,debt_stored,STX,50047826
9053676,zest-v1,SP11XX0PCQVE313J2X3TAHGQ9T1T0NMMEN4XMHABQ,SP11XX0PCQVE313J2X3TAHGQ9T1T0NMMEN4XMHABQ,debt,aeUSDC,1625400
9053676,zest-v1,SP11XX0PCQVE313J2X3TAHGQ9T1T0NMMEN4XMHABQ,SP11XX0PCQVE313J2X3TAHGQ9T1T0NMMEN4XMHABQ,debt_stored,aeUSDC,1446743
9053676,zest-v1,SP11Z1W6A7HERV06SH414ZE4FK8STF9N244GK3NSZ,SP11Z1W6A7HERV06SH414ZE4FK8STF9N244GK3NSZ,collateral,stSTX,1574523
9053676,zest-v1,SP11Z1W6A7HERV06SH414ZE4FK8STF9N244GK3NSZ,SP11Z1W6A7HERV06SH414ZE4FK8STF9N244GK3NSZ,debt,aeUSDC,711929
9053676,zest-v1,SP11Z1W6A7HERV06SH414ZE4FK8STF9N244GK3NSZ,SP11Z1W6A7HERV06SH414ZE4FK8STF9N244GK3NSZ,debt_stored,aeUSDC,671261
9053676,zest-v1,SP11ZVV9T0E7D82BFE6T54N1475E2A2EA383X422J,SP11ZVV9T0E7D82BFE6T54N1475E2A2EA383X422J,collateral,stSTX,6788
9053676,zest-v1,SP11ZVV9T0E7D82BFE6T54N1475E2A2EA383X422J,SP11ZVV9T0E7D82BFE6T54N1475E2A2EA383X422J,debt,stSTX,3288
9053676,zest-v1,SP11ZVV9T0E7D82BFE6T54N1475E2A2EA383X422J,SP11ZVV9T0E7D82BFE6T54N1475E2A2EA383X422J,debt_stored,stSTX,3142
9053676,zest-v1,SP1208E4GZ3B52YK5EW7A04FMYK1Q81HCEPQGAPVW,SP1208E4GZ3B52YK5EW7A04FMYK1Q81HCEPQGAPVW,collateral,stSTX,1005041
9053676,zest-v1,SP1208E4GZ3B52YK5EW7A04FMYK1Q81HCEPQGAPVW,SP1208E4GZ3B52YK5EW7A04FMYK1Q81HCEPQGAPVW,debt,stSTX,522731
9053676,zest-v1,SP1208E4GZ3B52YK5EW7A04FMYK1Q81HCEPQGAPVW,SP1208E4GZ3B52YK5EW7A04FMYK1Q81HCEPQGAPVW,debt_stored,stSTX,500000
9053676,zest-v1,SP120TSSBSXH9BFJ5MT2XMY5SC4Z5TAGYP4DBZ0V9,SP120TSSBSXH9BFJ5MT2XMY5SC4Z5TAGYP4DBZ0V9,collateral,stSTX,125673295
9053676,zest-v1,SP120TSSBSXH9BFJ5MT2XMY5SC4Z5TAGYP4DBZ0V9,SP120TSSBSXH9BFJ5MT2XMY5SC4Z5TAGYP4DBZ0V9,debt,STX,35239834
9053676,zest-v1,SP120TSSBSXH9BFJ5MT2XMY5SC4Z5TAGYP4DBZ0V9,SP120TSSBSXH9BFJ5MT2XMY5SC4Z5TAGYP4DBZ0V9,debt_stored,STX,30000000
9053676,zest-v1,SP1232YJY3NM44265BK37ZC3S6BQ1JXB4MZG1MAZ9,SP1232YJY3NM44265BK37ZC3S6BQ1JXB4MZG1MAZ9,collateral,stSTX,13209775
9053676,zest-v1,SP1232YJY3NM44265BK37ZC3S6BQ1JXB4MZG1MAZ9,SP1232YJY3NM44265BK37ZC3S6BQ1JXB4MZG1MAZ9,debt,STX,4590098
9053676,zest-v1,SP1232YJY3NM44265BK37ZC3S6BQ1JXB4MZG1MAZ9,SP1232YJY3NM44265BK37ZC3S6BQ1JXB4MZG1MAZ9,debt_stored,STX,3980001
9053676,zest-v1,SP12827T3YEN8812EXXGYCPY1BW4M3KB6FZ1FCRBD,SP12827T3YEN8812EXXGYCPY1BW4M3KB6FZ1FCRBD,collateral,stSTX,1442467
9053676,zest-v1,SP12827T3YEN8812EXXGYCPY1BW4M3KB6FZ1FCRBD,SP12827T3YEN8812EXXGYCPY1BW4M3KB6FZ1FCRBD,debt,STX,1905
9053676,zest-v1,SP12827T3YEN8812EXXGYCPY1BW4M3KB6FZ1FCRBD,SP12827T3YEN8812EXXGYCPY1BW4M3KB6FZ1FCRBD,debt,aeUSDC,84811
9053676,zest-v1,SP12827T3YEN8812EXXGYCPY1BW4M3KB6FZ1FCRBD,SP12827T3YEN8812EXXGYCPY1BW4M3KB6FZ1FCRBD,debt_stored,STX,1789
9053676,zest-v1,SP12827T3YEN8812EXXGYCPY1BW4M3KB6FZ1FCRBD,SP12827T3YEN8812EXXGYCPY1BW4M3KB6FZ1FCRBD,debt_stored,aeUSDC,76500
9053676,zest-v1,SP12DQSBFRJATP92VET049BJTJ67J8C20EEAZQVT,SP12DQSBFRJATP92VET049BJTJ67J8C20EEAZQVT,collateral,stSTX,1878304
9053676,zest-v1,SP12DQSBFRJATP92VET049BJTJ67J8C20EEAZQVT,SP12DQSBFRJATP92VET049BJTJ67J8C20EEAZQVT,debt,STX,587926
9053676,zest-v1,SP12DQSBFRJATP92VET049BJTJ67J8C20EEAZQVT,SP12DQSBFRJATP92VET049BJTJ67J8C20EEAZQVT,debt_stored,STX,500000
9053676,zest-v1,SP12ES6760QNTDV4Z52CKKCR97W4K9JF35M2VYHSW,SP12ES6760QNTDV4Z52CKKCR97W4K9JF35M2VYHSW,collateral,stSTX,2969153
9053676,zest-v1,SP12ES6760QNTDV4Z52CKKCR97W4K9JF35M2VYHSW,SP12ES6760QNTDV4Z52CKKCR97W4K9JF35M2VYHSW,debt,aeUSDC,717763
9053676,zest-v1,SP12ES6760QNTDV4Z52CKKCR97W4K9JF35M2VYHSW,SP12ES6760QNTDV4Z52CKKCR97W4K9JF35M2VYHSW,debt_stored,aeUSDC,677065
9053676,zest-v1,SP12FXX43RDKMHD2BNQTT6XYQX4AMEEG52XT36N9S,SP12FXX43RDKMHD2BNQTT6XYQX4AMEEG52XT36N9S,collateral,stSTX,35567160
9053676,zest-v1,SP12FXX43RDKMHD2BNQTT6XYQX4AMEEG52XT36N9S,SP12FXX43RDKMHD2BNQTT6XYQX4AMEEG52XT36N9S,debt,aeUSDC,3008107
9053676,zest-v1,SP12FXX43RDKMHD2BNQTT6XYQX4AMEEG52XT36N9S,SP12FXX43RDKMHD2BNQTT6XYQX4AMEEG52XT36N9S,debt_stored,aeUSDC,2973520
9053676,zest-v1,SP12M9AB90Y8V5V645SZCM2DBE2GS82XET2CXRJE0,SP12M9AB90Y8V5V645SZCM2DBE2GS82XET2CXRJE0,collateral,stSTX,1213
9053676,zest-v1,SP12M9AB90Y8V5V645SZCM2DBE2GS82XET2CXRJE0,SP12M9AB90Y8V5V645SZCM2DBE2GS82XET2CXRJE0,debt,STX,189
9053676,zest-v1,SP12M9AB90Y8V5V645SZCM2DBE2GS82XET2CXRJE0,SP12M9AB90Y8V5V645SZCM2DBE2GS82XET2CXRJE0,debt_stored,STX,167
9053676,zest-v1,SP12MC1AHWA97GXBWWAEPDZG28GKV5HX425Y2W491,SP12MC1AHWA97GXBWWAEPDZG28GKV5HX425Y2W491,collateral,stSTX,68770173
9053676,zest-v1,SP12MC1AHWA97GXBWWAEPDZG28GKV5HX425Y2W491,SP12MC1AHWA97GXBWWAEPDZG28GKV5HX425Y2W491,debt,STX,29113125
9053676,zest-v1,SP12MC1AHWA97GXBWWAEPDZG28GKV5HX425Y2W491,SP12MC1AHWA97GXBWWAEPDZG28GKV5HX425Y2W491,debt_stored,STX,25000000
9053676,zest-v1,SP12QAAEH4R5Z9YBPAXG7FBXATDK0AVMCHAKB9AQM,SP12QAAEH4R5Z9YBPAXG7FBXATDK0AVMCHAKB9AQM,collateral,STX,26823005
9053676,zest-v1,SP12QAAEH4R5Z9YBPAXG7FBXATDK0AVMCHAKB9AQM,SP12QAAEH4R5Z9YBPAXG7FBXATDK0AVMCHAKB9AQM,collateral,stSTX,50489078
9053676,zest-v1,SP12QAAEH4R5Z9YBPAXG7FBXATDK0AVMCHAKB9AQM,SP12QAAEH4R5Z9YBPAXG7FBXATDK0AVMCHAKB9AQM,debt,STX,29931411
9053676,zest-v1,SP12QAAEH4R5Z9YBPAXG7FBXATDK0AVMCHAKB9AQM,SP12QAAEH4R5Z9YBPAXG7FBXATDK0AVMCHAKB9AQM,debt_stored,STX,25487103
9053676,zest-v1,SP12RM1MZQC1XRW8DVS92D07TJX8CCEK9K3KK6JV,SP12RM1MZQC1XRW8DVS92D07TJX8CCEK9K3KK6JV,debt,STX,234461
9053676,zest-v1,SP12RM1MZQC1XRW8DVS92D07TJX8CCEK9K3KK6JV,SP12RM1MZQC1XRW8DVS92D07TJX8CCEK9K3KK6JV,debt_stored,STX,200000
9053676,zest-v1,SP12TYM182WPP4R73V0542CS8S2RAZRGKQ0NQHFBT,SP12TYM182WPP4R73V0542CS8S2RAZRGKQ0NQHFBT,collateral,STX,106787
9053676,zest-v1,SP12TYM182WPP4R73V0542CS8S2RAZRGKQ0NQHFBT,SP12TYM182WPP4R73V0542CS8S2RAZRGKQ0NQHFBT,collateral,stSTX,14897130
9053676,zest-v1,SP12TYM182WPP4R73V0542CS8S2RAZRGKQ0NQHFBT,SP12TYM182WPP4R73V0542CS8S2RAZRGKQ0NQHFBT,debt,STX,5846854
9053676,zest-v1,SP12TYM182WPP4R73V0542CS8S2RAZRGKQ0NQHFBT,SP12TYM182WPP4R73V0542CS8S2RAZRGKQ0NQHFBT,debt_stored,STX,5000000
9053676,zest-v1,SP12VKARQ4SPSS5482G4ZM20VP36J6ER8HFWEDEX,SP12VKARQ4SPSS5482G4ZM20VP36J6ER8HFWEDEX,collateral,sBTC,24008026
9053676,zest-v1,SP12VKARQ4SPSS5482G4ZM20VP36J6ER8HFWEDEX,SP12VKARQ4SPSS5482G4ZM20VP36J6ER8HFWEDEX,debt,aeUSDC,74894297
9053676,zest-v1,SP12VKARQ4SPSS5482G4ZM20VP36J6ER8HFWEDEX,SP12VKARQ4SPSS5482G4ZM20VP36J6ER8HFWEDEX,debt_stored,aeUSDC,70081200
9053676,zest-v1,SP12ZRK139NWG5AWXXRXT7A1MHAANDDGDZ4H37RYG,SP12ZRK139NWG5AWXXRXT7A1MHAANDDGDZ4H37RYG,debt,USDH,3379684
9053676,zest-v1,SP12ZRK139NWG5AWXXRXT7A1MHAANDDGDZ4H37RYG,SP12ZRK139NWG5AWXXRXT7A1MHAANDDGDZ4H37RYG,debt,sUSDT,133
9053676,zest-v1,SP12ZRK139NWG5AWXXRXT7A1MHAANDDGDZ4H37RYG,SP12ZRK139NWG5AWXXRXT7A1MHAANDDGDZ4H37RYG,debt_stored,USDH,3011907
9053676,zest-v1,SP12ZRK139NWG5AWXXRXT7A1MHAANDDGDZ4H37RYG,SP12ZRK139NWG5AWXXRXT7A1MHAANDDGDZ4H37RYG,debt_stored,sUSDT,132
9053676,zest-v1,SP1317GKQJHCQETSFQZ9MS4YXKVBRR29MMXVFSQJY,SP1317GKQJHCQETSFQZ9MS4YXKVBRR29MMXVFSQJY,collateral,stSTX,405602805
9053676,zest-v1,SP1317GKQJHCQETSFQZ9MS4YXKVBRR29MMXVFSQJY,SP1317GKQJHCQETSFQZ9MS4YXKVBRR29MMXVFSQJY,debt,stSTX,209641840
9053676,zest-v1,SP1317GKQJHCQETSFQZ9MS4YXKVBRR29MMXVFSQJY,SP1317GKQJHCQETSFQZ9MS4YXKVBRR29MMXVFSQJY,debt_stored,stSTX,200000000
9053676,zest-v1,SP131T921X82DWY6EFGKXYM5ER9BPHQGN1NQWRWKG,SP131T921X82DWY6EFGKXYM5ER9BPHQGN1NQWRWKG,collateral,stSTX,2661
9053676,zest-v1,SP131T921X82DWY6EFGKXYM5ER9BPHQGN1NQWRWKG,SP131T921X82DWY6EFGKXYM5ER9BPHQGN1NQWRWKG,debt,aeUSDC,2826
9053676,zest-v1,SP131T921X82DWY6EFGKXYM5ER9BPHQGN1NQWRWKG,SP131T921X82DWY6EFGKXYM5ER9BPHQGN1NQWRWKG,debt_stored,aeUSDC,2119
9053676,zest-v1,SP132KFM093E4KV8Q89SYSDCA3H3V8HK9H3E35KTP,SP132KFM093E4KV8Q89SYSDCA3H3V8HK9H3E35KTP,collateral,stSTXbtc,3979174
9053676,zest-v1,SP132KFM093E4KV8Q89SYSDCA3H3V8HK9H3E35KTP,SP132KFM093E4KV8Q89SYSDCA3H3V8HK9H3E35KTP,debt,stSTX,1725383
9053676,zest-v1,SP132KFM093E4KV8Q89SYSDCA3H3V8HK9H3E35KTP,SP132KFM093E4KV8Q89SYSDCA3H3V8HK9H3E35KTP,debt_stored,stSTX,1686668
9053676,zest-v1,SP133HFRSC3TQGG5MQD8SG87C4Q1R0N8HS8VXCVG2,SP133HFRSC3TQGG5MQD8SG87C4Q1R0N8HS8VXCVG2,collateral,stSTX,3009
9053676,zest-v1,SP133HFRSC3TQGG5MQD8SG87C4Q1R0N8HS8VXCVG2,SP133HFRSC3TQGG5MQD8SG87C4Q1R0N8HS8VXCVG2,debt,STX,916
9053676,zest-v1,SP133HFRSC3TQGG5MQD8SG87C4Q1R0N8HS8VXCVG2,SP133HFRSC3TQGG5MQD8SG87C4Q1R0N8HS8VXCVG2,debt_stored,STX,808
9053676,zest-v1,SP133VW3D9A5S6V441K2QPC6KNQ7FTQH6Y7C4CHE9,SP133VW3D9A5S6V441K2QPC6KNQ7FTQH6Y7C4CHE9,collateral,stSTX,3028273
9053676,zest-v1,SP133VW3D9A5S6V441K2QPC6KNQ7FTQH6Y7C4CHE9,SP133VW3D9A5S6V441K2QPC6KNQ7FTQH6Y7C4CHE9,debt,STX,1037322
9053676,zest-v1,SP133VW3D9A5S6V441K2QPC6KNQ7FTQH6Y7C4CHE9,SP133VW3D9A5S6V441K2QPC6KNQ7FTQH6Y7C4CHE9,debt_stored,STX,905624
9053676,zest-v1,SP134ACD749QYM1J4ZTWMJ43MZH38BJB33D24DQB8,SP134ACD749QYM1J4ZTWMJ43MZH38BJB33D24DQB8,collateral,STX,26938
9053676,zest-v1,SP134ACD749QYM1J4ZTWMJ43MZH38BJB33D24DQB8,SP134ACD749QYM1J4ZTWMJ43MZH38BJB33D24DQB8,debt,STX,1895
9053676,zest-v1,SP134ACD749QYM1J4ZTWMJ43MZH38BJB33D24DQB8,SP134ACD749QYM1J4ZTWMJ43MZH38BJB33D24DQB8,debt_stored,STX,1672
9053676,zest-v1,SP1353CTXA3DHFWFTQPEHCKBKDMYTJQWWK03RFFFN,SP1353CTXA3DHFWFTQPEHCKBKDMYTJQWWK03RFFFN,collateral,stSTX,6965999
9053676,zest-v1,SP1353CTXA3DHFWFTQPEHCKBKDMYTJQWWK03RFFFN,SP1353CTXA3DHFWFTQPEHCKBKDMYTJQWWK03RFFFN,debt,STX,360360
9053676,zest-v1,SP1353CTXA3DHFWFTQPEHCKBKDMYTJQWWK03RFFFN,SP1353CTXA3DHFWFTQPEHCKBKDMYTJQWWK03RFFFN,debt_stored,STX,307209
9053676,zest-v1,SP1398CHCH7S6BT3Q1JCMJP327XGNAZV4FQTTX15H,SP1398CHCH7S6BT3Q1JCMJP327XGNAZV4FQTTX15H,collateral,stSTX,6950066
9053676,zest-v1,SP1398CHCH7S6BT3Q1JCMJP327XGNAZV4FQTTX15H,SP1398CHCH7S6BT3Q1JCMJP327XGNAZV4FQTTX15H,debt,aeUSDC,1643483
9053676,zest-v1,SP1398CHCH7S6BT3Q1JCMJP327XGNAZV4FQTTX15H,SP1398CHCH7S6BT3Q1JCMJP327XGNAZV4FQTTX15H,debt_stored,aeUSDC,1541583
9053676,zest-v1,SP13B423JDW8N8WB95HHC0735ND4VE5TKCWM83592,SP13B423JDW8N8WB95HHC0735ND4VE5TKCWM83592,collateral,stSTX,217495695
9053676,zest-v1,SP13B423JDW8N8WB95HHC0735ND4VE5TKCWM83592,SP13B423JDW8N8WB95HHC0735ND4VE5TKCWM83592,debt,STX,111174762
9053676,zest-v1,SP13B423JDW8N8WB95HHC0735ND4VE5TKCWM83592,SP13B423JDW8N8WB95HHC0735ND4VE5TKCWM83592,debt_stored,STX,94746219
9053676,zest-v1,SP13BY024J6JHW526XNGNXJVSGXM40VCBM5PJ4HRR,SP13BY024J6JHW526XNGNXJVSGXM40VCBM5PJ4HRR,collateral,stSTX,238352444
9053676,zest-v1,SP13BY024J6JHW526XNGNXJVSGXM40VCBM5PJ4HRR,SP13BY024J6JHW526XNGNXJVSGXM40VCBM5PJ4HRR,debt,STX,52875810
9053676,zest-v1,SP13BY024J6JHW526XNGNXJVSGXM40VCBM5PJ4HRR,SP13BY024J6JHW526XNGNXJVSGXM40VCBM5PJ4HRR,debt_stored,STX,45000000
9053676,zest-v1,SP13GAAZ2Y7ZNED8Q2QXX2P7SC5SBP9TSVD54D0XS,SP13GAAZ2Y7ZNED8Q2QXX2P7SC5SBP9TSVD54D0XS,collateral,STX,17170238
9053676,zest-v1,SP13GAAZ2Y7ZNED8Q2QXX2P7SC5SBP9TSVD54D0XS,SP13GAAZ2Y7ZNED8Q2QXX2P7SC5SBP9TSVD54D0XS,collateral,stSTX,12045506
9053676,zest-v1,SP13GAAZ2Y7ZNED8Q2QXX2P7SC5SBP9TSVD54D0XS,SP13GAAZ2Y7ZNED8Q2QXX2P7SC5SBP9TSVD54D0XS,debt,aeUSDC,1401523
9053676,zest-v1,SP13GAAZ2Y7ZNED8Q2QXX2P7SC5SBP9TSVD54D0XS,SP13GAAZ2Y7ZNED8Q2QXX2P7SC5SBP9TSVD54D0XS,debt_stored,aeUSDC,1368196
9053676,zest-v1,SP13HQBWPB5ZX6C59VYVY6NVVJEHB1SSYPEJT1DXY,SP13HQBWPB5ZX6C59VYVY6NVVJEHB1SSYPEJT1DXY,collateral,stSTX,101601559
9053676,zest-v1,SP13HQBWPB5ZX6C59VYVY6NVVJEHB1SSYPEJT1DXY,SP13HQBWPB5ZX6C59VYVY6NVVJEHB1SSYPEJT1DXY,debt,STX,11241184
9053676,zest-v1,SP13HQBWPB5ZX6C59VYVY6NVVJEHB1SSYPEJT1DXY,SP13HQBWPB5ZX6C59VYVY6NVVJEHB1SSYPEJT1DXY,debt,stSTX,41826227
9053676,zest-v1,SP13HQBWPB5ZX6C59VYVY6NVVJEHB1SSYPEJT1DXY,SP13HQBWPB5ZX6C59VYVY6NVVJEHB1SSYPEJT1DXY,debt_stored,STX,10000000
9053676,zest-v1,SP13HQBWPB5ZX6C59VYVY6NVVJEHB1SSYPEJT1DXY,SP13HQBWPB5ZX6C59VYVY6NVVJEHB1SSYPEJT1DXY,debt_stored,stSTX,40027489
9053676,zest-v1,SP13N23VJPMDJF838VTKKN8A0Y53MK46CF3726X4A,SP13N23VJPMDJF838VTKKN8A0Y53MK46CF3726X4A,collateral,stSTX,4043048280
9053676,zest-v1,SP13N23VJPMDJF838VTKKN8A0Y53MK46CF3726X4A,SP13N23VJPMDJF838VTKKN8A0Y53MK46CF3726X4A,debt,stSTX,1043165007
9053676,zest-v1,SP13N23VJPMDJF838VTKKN8A0Y53MK46CF3726X4A,SP13N23VJPMDJF838VTKKN8A0Y53MK46CF3726X4A,debt_stored,stSTX,995000069
9053676,zest-v1,SP13PBPRYHVS6GPQNTE5MX1YZEMNEVHM26FG3KS3Q,SP13PBPRYHVS6GPQNTE5MX1YZEMNEVHM26FG3KS3Q,collateral,stSTX,319114217
9053676,zest-v1,SP13PBPRYHVS6GPQNTE5MX1YZEMNEVHM26FG3KS3Q,SP13PBPRYHVS6GPQNTE5MX1YZEMNEVHM26FG3KS3Q,debt,aeUSDC,10929673
9053676,zest-v1,SP13PBPRYHVS6GPQNTE5MX1YZEMNEVHM26FG3KS3Q,SP13PBPRYHVS6GPQNTE5MX1YZEMNEVHM26FG3KS3Q,debt,stSTX,134433500
9053676,zest-v1,SP13PBPRYHVS6GPQNTE5MX1YZEMNEVHM26FG3KS3Q,SP13PBPRYHVS6GPQNTE5MX1YZEMNEVHM26FG3KS3Q,debt_stored,aeUSDC,10804002
9053676,zest-v1,SP13PBPRYHVS6GPQNTE5MX1YZEMNEVHM26FG3KS3Q,SP13PBPRYHVS6GPQNTE5MX1YZEMNEVHM26FG3KS3Q,debt_stored,stSTX,128531475
9053676,zest-v1,SP13R7HYNK9HXZSC3P3BSYHVFZA84CB6M697JC46W,SP13R7HYNK9HXZSC3P3BSYHVFZA84CB6M697JC46W,collateral,stSTX,4641366
9053676,zest-v1,SP13R7HYNK9HXZSC3P3BSYHVFZA84CB6M697JC46W,SP13R7HYNK9HXZSC3P3BSYHVFZA84CB6M697JC46W,debt,stSTX,2350250
9053676,zest-v1,SP13R7HYNK9HXZSC3P3BSYHVFZA84CB6M697JC46W,SP13R7HYNK9HXZSC3P3BSYHVFZA84CB6M697JC46W,debt_stored,stSTX,2246283
9053676,zest-v1,SP13S4J3BKJESHFVBHHHFNAC5DKKHW6Q4A67N2W2C,SP13S4J3BKJESHFVBHHHFNAC5DKKHW6Q4A67N2W2C,collateral,stSTX,273799
9053676,zest-v1,SP13S4J3BKJESHFVBHHHFNAC5DKKHW6Q4A67N2W2C,SP13S4J3BKJESHFVBHHHFNAC5DKKHW6Q4A67N2W2C,debt,aeUSDC,191136
9053676,zest-v1,SP13S4J3BKJESHFVBHHHFNAC5DKKHW6Q4A67N2W2C,SP13S4J3BKJESHFVBHHHFNAC5DKKHW6Q4A67N2W2C,debt_stored,aeUSDC,172408
9053676,zest-v1,SP140D96P51CKBAHYNAGZY7F6184PSVDW14V36DHJ,SP140D96P51CKBAHYNAGZY7F6184PSVDW14V36DHJ,collateral,stSTX,7150064
9053676,zest-v1,SP140D96P51CKBAHYNAGZY7F6184PSVDW14V36DHJ,SP140D96P51CKBAHYNAGZY7F6184PSVDW14V36DHJ,debt,aeUSDC,1643485
9053676,zest-v1,SP140D96P51CKBAHYNAGZY7F6184PSVDW14V36DHJ,SP140D96P51CKBAHYNAGZY7F6184PSVDW14V36DHJ,debt_stored,aeUSDC,1541574
9053676,zest-v1,SP141GP2MYSE6G8RRRVW3N7R896AF4DG29ZDBAZTB,SP141GP2MYSE6G8RRRVW3N7R896AF4DG29ZDBAZTB,collateral,STX,69761156
9053676,zest-v1,SP141GP2MYSE6G8RRRVW3N7R896AF4DG29ZDBAZTB,SP141GP2MYSE6G8RRRVW3N7R896AF4DG29ZDBAZTB,collateral,stSTX,1146352
9053676,zest-v1,SP141GP2MYSE6G8RRRVW3N7R896AF4DG29ZDBAZTB,SP141GP2MYSE6G8RRRVW3N7R896AF4DG29ZDBAZTB,debt,aeUSDC,626747
9053676,zest-v1,SP141GP2MYSE6G8RRRVW3N7R896AF4DG29ZDBAZTB,SP141GP2MYSE6G8RRRVW3N7R896AF4DG29ZDBAZTB,debt_stored,aeUSDC,590952
9053676,zest-v1,SP142CABNW8MASXP6MXTSVJJ0Y7QGD07A76XBTV84,SP142CABNW8MASXP6MXTSVJJ0Y7QGD07A76XBTV84,collateral,stSTX,19229870
9053676,zest-v1,SP142CABNW8MASXP6MXTSVJJ0Y7QGD07A76XBTV84,SP142CABNW8MASXP6MXTSVJJ0Y7QGD07A76XBTV84,debt,USDH,167132681
9053676,zest-v1,SP142CABNW8MASXP6MXTSVJJ0Y7QGD07A76XBTV84,SP142CABNW8MASXP6MXTSVJJ0Y7QGD07A76XBTV84,debt_stored,USDH,166121488
9053676,zest-v1,SP142SYE5MZ1E1WYV6DMZXDFN9WC643PRNNGVND2Q,SP142SYE5MZ1E1WYV6DMZXDFN9WC643PRNNGVND2Q,collateral,stSTX,2471
9053676,zest-v1,SP142SYE5MZ1E1WYV6DMZXDFN9WC643PRNNGVND2Q,SP142SYE5MZ1E1WYV6DMZXDFN9WC643PRNNGVND2Q,debt,stSTX,25
9053676,zest-v1,SP142SYE5MZ1E1WYV6DMZXDFN9WC643PRNNGVND2Q,SP142SYE5MZ1E1WYV6DMZXDFN9WC643PRNNGVND2Q,debt_stored,stSTX,24
9053676,zest-v1,SP143S7QJWE14EYGVTC99HGYEMG70YVG1RT81KA1A,SP143S7QJWE14EYGVTC99HGYEMG70YVG1RT81KA1A,collateral,stSTX,46205
9053676,zest-v1,SP143S7QJWE14EYGVTC99HGYEMG70YVG1RT81KA1A,SP143S7QJWE14EYGVTC99HGYEMG70YVG1RT81KA1A,debt,aeUSDC,438
9053676,zest-v1,SP143S7QJWE14EYGVTC99HGYEMG70YVG1RT81KA1A,SP143S7QJWE14EYGVTC99HGYEMG70YVG1RT81KA1A,debt_stored,aeUSDC,385
9053676,zest-v1,SP144F4JWAGREMXDNJ3TAEN3K5XP30RGB4YRQEAHK,SP144F4JWAGREMXDNJ3TAEN3K5XP30RGB4YRQEAHK,collateral,stSTX,1165
9053676,zest-v1,SP144F4JWAGREMXDNJ3TAEN3K5XP30RGB4YRQEAHK,SP144F4JWAGREMXDNJ3TAEN3K5XP30RGB4YRQEAHK,debt,stSTX,67
9053676,zest-v1,SP144F4JWAGREMXDNJ3TAEN3K5XP30RGB4YRQEAHK,SP144F4JWAGREMXDNJ3TAEN3K5XP30RGB4YRQEAHK,debt_stored,stSTX,64
9053676,zest-v1,SP1454QJJZC5E7Q5D25R32Q1WYCGAN2MZHC1W349D,SP1454QJJZC5E7Q5D25R32Q1WYCGAN2MZHC1W349D,collateral,DIKO,616438284
9053676,zest-v1,SP1454QJJZC5E7Q5D25R32Q1WYCGAN2MZHC1W349D,SP1454QJJZC5E7Q5D25R32Q1WYCGAN2MZHC1W349D,collateral,stSTX,12578611
9053676,zest-v1,SP1454QJJZC5E7Q5D25R32Q1WYCGAN2MZHC1W349D,SP1454QJJZC5E7Q5D25R32Q1WYCGAN2MZHC1W349D,debt,aeUSDC,1191809
9053676,zest-v1,SP1454QJJZC5E7Q5D25R32Q1WYCGAN2MZHC1W349D,SP1454QJJZC5E7Q5D25R32Q1WYCGAN2MZHC1W349D,debt_stored,aeUSDC,1178106
9053676,zest-v1,SP146HRMWDXEC5JVB161N64S5Q40Y7R9TZQKH2DWQ,SP146HRMWDXEC5JVB161N64S5Q40Y7R9TZQKH2DWQ,collateral,stSTX,68770100
9053676,zest-v1,SP146HRMWDXEC5JVB161N64S5Q40Y7R9TZQKH2DWQ,SP146HRMWDXEC5JVB161N64S5Q40Y7R9TZQKH2DWQ,debt,STX,29112105
9053676,zest-v1,SP146HRMWDXEC5JVB161N64S5Q40Y7R9TZQKH2DWQ,SP146HRMWDXEC5JVB161N64S5Q40Y7R9TZQKH2DWQ,debt_stored,STX,25000000
9053676,zest-v1,SP14AATYGAPMK2Z5R5R1FAMT87HWQFHNMFFM5D1ZF,SP14AATYGAPMK2Z5R5R1FAMT87HWQFHNMFFM5D1ZF,collateral,STX,23105956
9053676,zest-v1,SP14AATYGAPMK2Z5R5R1FAMT87HWQFHNMFFM5D1ZF,SP14AATYGAPMK2Z5R5R1FAMT87HWQFHNMFFM5D1ZF,collateral,stSTX,3974200
9053676,zest-v1,SP14AATYGAPMK2Z5R5R1FAMT87HWQFHNMFFM5D1ZF,SP14AATYGAPMK2Z5R5R1FAMT87HWQFHNMFFM5D1ZF,debt,USDH,108073792
9053676,zest-v1,SP14AATYGAPMK2Z5R5R1FAMT87HWQFHNMFFM5D1ZF,SP14AATYGAPMK2Z5R5R1FAMT87HWQFHNMFFM5D1ZF,debt_stored,USDH,100917684
9053676,zest-v1,SP14CKWNSJ1YTPH87YJKP2FVRRJJ0SZ430JWWBD42,SP14CKWNSJ1YTPH87YJKP2FVRRJJ0SZ430JWWBD42,collateral,STX,1180577
9053676,zest-v1,SP14CKWNSJ1YTPH87YJKP2FVRRJJ0SZ430JWWBD42,SP14CKWNSJ1YTPH87YJKP2FVRRJJ0SZ430JWWBD42,debt,STX,117305
9053676,zest-v1,SP14CKWNSJ1YTPH87YJKP2FVRRJJ0SZ430JWWBD42,SP14CKWNSJ1YTPH87YJKP2FVRRJJ0SZ430JWWBD42,debt_stored,STX,100000
9053676,zest-v1,SP14EWQHWR0E0KMF5DEZXHX1HQBSGMNB4JVPWFTAP,SP14EWQHWR0E0KMF5DEZXHX1HQBSGMNB4JVPWFTAP,collateral,stSTX,230409956
9053676,zest-v1,SP14EWQHWR0E0KMF5DEZXHX1HQBSGMNB4JVPWFTAP,SP14EWQHWR0E0KMF5DEZXHX1HQBSGMNB4JVPWFTAP,debt,STX,117589439
9053676,zest-v1,SP14EWQHWR0E0KMF5DEZXHX1HQBSGMNB4JVPWFTAP,SP14EWQHWR0E0KMF5DEZXHX1HQBSGMNB4JVPWFTAP,debt_stored,STX,100000000
9053676,zest-v1,SP14HZGZN7BNV3PVSY201PCYRQDH1TDKFY1GPM4JN,SP14HZGZN7BNV3PVSY201PCYRQDH1TDKFY1GPM4JN,collateral,stSTX,128531660
9053676,zest-v1,SP14HZGZN7BNV3PVSY201PCYRQDH1TDKFY1GPM4JN,SP14HZGZN7BNV3PVSY201PCYRQDH1TDKFY1GPM4JN,debt,STX,59938355
9053676,zest-v1,SP14HZGZN7BNV3PVSY201PCYRQDH1TDKFY1GPM4JN,SP14HZGZN7BNV3PVSY201PCYRQDH1TDKFY1GPM4JN,debt,stSTX,3
9053676,zest-v1,SP14HZGZN7BNV3PVSY201PCYRQDH1TDKFY1GPM4JN,SP14HZGZN7BNV3PVSY201PCYRQDH1TDKFY1GPM4JN,debt_stored,STX,52977886
9053676,zest-v1,SP14HZGZN7BNV3PVSY201PCYRQDH1TDKFY1GPM4JN,SP14HZGZN7BNV3PVSY201PCYRQDH1TDKFY1GPM4JN,debt_stored,stSTX,2
9053676,zest-v1,SP14WZEHZSP2JH861GT0CQ56YJR8JGTAA5RHYX2FX,SP14WZEHZSP2JH861GT0CQ56YJR8JGTAA5RHYX2FX,collateral,stSTX,129105228
9053676,zest-v1,SP14WZEHZSP2JH861GT0CQ56YJR8JGTAA5RHYX2FX,SP14WZEHZSP2JH861GT0CQ56YJR8JGTAA5RHYX2FX,debt,STX,57664400
9053676,zest-v1,SP14WZEHZSP2JH861GT0CQ56YJR8JGTAA5RHYX2FX,SP14WZEHZSP2JH861GT0CQ56YJR8JGTAA5RHYX2FX,debt,stSTX,6
9053676,zest-v1,SP14WZEHZSP2JH861GT0CQ56YJR8JGTAA5RHYX2FX,SP14WZEHZSP2JH861GT0CQ56YJR8JGTAA5RHYX2FX,debt_stored,STX,51000000
9053676,zest-v1,SP14WZEHZSP2JH861GT0CQ56YJR8JGTAA5RHYX2FX,SP14WZEHZSP2JH861GT0CQ56YJR8JGTAA5RHYX2FX,debt_stored,stSTX,5
9053676,zest-v1,SP14Z85YT1E5DTSVBKR0ZZ7JYABS7TTYFCFN6DY4P,SP14Z85YT1E5DTSVBKR0ZZ7JYABS7TTYFCFN6DY4P,collateral,STX,11798553
9053676,zest-v1,SP14Z85YT1E5DTSVBKR0ZZ7JYABS7TTYFCFN6DY4P,SP14Z85YT1E5DTSVBKR0ZZ7JYABS7TTYFCFN6DY4P,debt,STX,2346089
9053676,zest-v1,SP14Z85YT1E5DTSVBKR0ZZ7JYABS7TTYFCFN6DY4P,SP14Z85YT1E5DTSVBKR0ZZ7JYABS7TTYFCFN6DY4P,debt_stored,STX,2000000
9053676,zest-v1,SP1501KK51HK431S26R0ZYZD06V38H4S41D77V6B2,SP1501KK51HK431S26R0ZYZD06V38H4S41D77V6B2,collateral,STX,2100555
9053676,zest-v1,SP1501KK51HK431S26R0ZYZD06V38H4S41D77V6B2,SP1501KK51HK431S26R0ZYZD06V38H4S41D77V6B2,collateral,stSTX,18601630
9053676,zest-v1,SP1501KK51HK431S26R0ZYZD06V38H4S41D77V6B2,SP1501KK51HK431S26R0ZYZD06V38H4S41D77V6B2,debt,stSTX,9051736
9053676,zest-v1,SP1501KK51HK431S26R0ZYZD06V38H4S41D77V6B2,SP1501KK51HK431S26R0ZYZD06V38H4S41D77V6B2,debt_stored,stSTX,8656264
9053676,zest-v1,SP151WSSSXWWHRD39S433P6A5XGHGYHVWPFVW8HX7,SP151WSSSXWWHRD39S433P6A5XGHGYHVWPFVW8HX7,collateral,stSTX,3981
9053676,zest-v1,SP151WSSSXWWHRD39S433P6A5XGHGYHVWPFVW8HX7,SP151WSSSXWWHRD39S433P6A5XGHGYHVWPFVW8HX7,debt,STX,31
9053676,zest-v1,SP151WSSSXWWHRD39S433P6A5XGHGYHVWPFVW8HX7,SP151WSSSXWWHRD39S433P6A5XGHGYHVWPFVW8HX7,debt_stored,STX,28
9053676,zest-v1,SP15B7SQ231XSA6A4EGM3YKXTK3PZG7X08V00C0Q3,SP15B7SQ231XSA6A4EGM3YKXTK3PZG7X08V00C0Q3,collateral,STX,42721
9053676,zest-v1,SP15B7SQ231XSA6A4EGM3YKXTK3PZG7X08V00C0Q3,SP15B7SQ231XSA6A4EGM3YKXTK3PZG7X08V00C0Q3,debt,stSTX,19338
9053676,zest-v1,SP15B7SQ231XSA6A4EGM3YKXTK3PZG7X08V00C0Q3,SP15B7SQ231XSA6A4EGM3YKXTK3PZG7X08V00C0Q3,debt_stored,stSTX,18587
9053676,zest-v1,SP15C511T142ZSVJ3SMZP9K8SH5XN9MFB7Q7ZZTJ0,SP15C511T142ZSVJ3SMZP9K8SH5XN9MFB7Q7ZZTJ0,collateral,stSTX,2620324
9053676,zest-v1,SP15C511T142ZSVJ3SMZP9K8SH5XN9MFB7Q7ZZTJ0,SP15C511T142ZSVJ3SMZP9K8SH5XN9MFB7Q7ZZTJ0,debt,stSTX,8
9053676,zest-v1,SP15C511T142ZSVJ3SMZP9K8SH5XN9MFB7Q7ZZTJ0,SP15C511T142ZSVJ3SMZP9K8SH5XN9MFB7Q7ZZTJ0,debt_stored,stSTX,7
9053676,zest-v1,SP15DP7F52XA0HR3XRKFSYZ2H9CVQ3JG4Z9BYG9JV,SP15DP7F52XA0HR3XRKFSYZ2H9CVQ3JG4Z9BYG9JV,collateral,STX,21620554
9053676,zest-v1,SP15DP7F52XA0HR3XRKFSYZ2H9CVQ3JG4Z9BYG9JV,SP15DP7F52XA0HR3XRKFSYZ2H9CVQ3JG4Z9BYG9JV,collateral,stSTX,150699638
9053676,zest-v1,SP15DP7F52XA0HR3XRKFSYZ2H9CVQ3JG4Z9BYG9JV,SP15DP7F52XA0HR3XRKFSYZ2H9CVQ3JG4Z9BYG9JV,debt,aeUSDC,8479
9053676,zest-v1,SP15DP7F52XA0HR3XRKFSYZ2H9CVQ3JG4Z9BYG9JV,SP15DP7F52XA0HR3XRKFSYZ2H9CVQ3JG4Z9BYG9JV,debt_stored,aeUSDC,7511
9053676,zest-v1,SP15ET57VBMPY2F9K6CBDMCC3V8FJSV58VZMZJ4ZZ,SP15ET57VBMPY2F9K6CBDMCC3V8FJSV58VZMZJ4ZZ,collateral,stSTX,52221
9053676,zest-v1,SP15ET57VBMPY2F9K6CBDMCC3V8FJSV58VZMZJ4ZZ,SP15ET57VBMPY2F9K6CBDMCC3V8FJSV58VZMZJ4ZZ,debt,stSTX,2
9053676,zest-v1,SP15ET57VBMPY2F9K6CBDMCC3V8FJSV58VZMZJ4ZZ,SP15ET57VBMPY2F9K6CBDMCC3V8FJSV58VZMZJ4ZZ,debt_stored,stSTX,1
9053676,zest-v1,SP15GD4DFAG4X5M0CYNAYMHDPKMMT9Z0NCXNH16HW,SP15GD4DFAG4X5M0CYNAYMHDPKMMT9Z0NCXNH16HW,collateral,stSTX,6165
9053676,zest-v1,SP15GD4DFAG4X5M0CYNAYMHDPKMMT9Z0NCXNH16HW,SP15GD4DFAG4X5M0CYNAYMHDPKMMT9Z0NCXNH16HW,debt,STX,428
9053676,zest-v1,SP15GD4DFAG4X5M0CYNAYMHDPKMMT9Z0NCXNH16HW,SP15GD4DFAG4X5M0CYNAYMHDPKMMT9Z0NCXNH16HW,debt_stored,STX,379
9053676,zest-v1,SP15M881ED8JGZ5CAXTR6VM4FRH61C0SJQ3H9BAFR,SP15M881ED8JGZ5CAXTR6VM4FRH61C0SJQ3H9BAFR,collateral,stSTXbtc,22334
9053676,zest-v1,SP15M881ED8JGZ5CAXTR6VM4FRH61C0SJQ3H9BAFR,SP15M881ED8JGZ5CAXTR6VM4FRH61C0SJQ3H9BAFR,debt,stSTX,25
9053676,zest-v1,SP15M881ED8JGZ5CAXTR6VM4FRH61C0SJQ3H9BAFR,SP15M881ED8JGZ5CAXTR6VM4FRH61C0SJQ3H9BAFR,debt_stored,stSTX,24
9053676,zest-v1,SP15NXA780H0JW0CCBTNVPDP9MN51FAJJ114XWCP,SP15NXA780H0JW0CCBTNVPDP9MN51FAJJ114XWCP,collateral,STX,27458237
9053676,zest-v1,SP15NXA780H0JW0CCBTNVPDP9MN51FAJJ114XWCP,SP15NXA780H0JW0CCBTNVPDP9MN51FAJJ114XWCP,collateral,stSTX,10017446
9053676,zest-v1,SP15NXA780H0JW0CCBTNVPDP9MN51FAJJ114XWCP,SP15NXA780H0JW0CCBTNVPDP9MN51FAJJ114XWCP,debt,STX,11337418
9053676,zest-v1,SP15NXA780H0JW0CCBTNVPDP9MN51FAJJ114XWCP,SP15NXA780H0JW0CCBTNVPDP9MN51FAJJ114XWCP,debt_stored,STX,10000000
9053676,zest-v1,SP15PDXH4MEW0NZX7P8NM4K1M81E5CRFH705VBCG6,SP15PDXH4MEW0NZX7P8NM4K1M81E5CRFH705VBCG6,collateral,STX,290659889
9053676,zest-v1,SP15PDXH4MEW0NZX7P8NM4K1M81E5CRFH705VBCG6,SP15PDXH4MEW0NZX7P8NM4K1M81E5CRFH705VBCG6,collateral,USDH,3308413084
9053676,zest-v1,SP15PDXH4MEW0NZX7P8NM4K1M81E5CRFH705VBCG6,SP15PDXH4MEW0NZX7P8NM4K1M81E5CRFH705VBCG6,collateral,sBTC,1710
9053676,zest-v1,SP15PDXH4MEW0NZX7P8NM4K1M81E5CRFH705VBCG6,SP15PDXH4MEW0NZX7P8NM4K1M81E5CRFH705VBCG6,collateral,stSTX,12227416
9053676,zest-v1,SP15PDXH4MEW0NZX7P8NM4K1M81E5CRFH705VBCG6,SP15PDXH4MEW0NZX7P8NM4K1M81E5CRFH705VBCG6,collateral,stSTXbtc,236000000
9053676,zest-v1,SP15PDXH4MEW0NZX7P8NM4K1M81E5CRFH705VBCG6,SP15PDXH4MEW0NZX7P8NM4K1M81E5CRFH705VBCG6,debt,USDH,2200491606
9053676,zest-v1,SP15PDXH4MEW0NZX7P8NM4K1M81E5CRFH705VBCG6,SP15PDXH4MEW0NZX7P8NM4K1M81E5CRFH705VBCG6,debt,aeUSDC,3
9053676,zest-v1,SP15PDXH4MEW0NZX7P8NM4K1M81E5CRFH705VBCG6,SP15PDXH4MEW0NZX7P8NM4K1M81E5CRFH705VBCG6,debt_stored,USDH,2000005350
9053676,zest-v1,SP15PDXH4MEW0NZX7P8NM4K1M81E5CRFH705VBCG6,SP15PDXH4MEW0NZX7P8NM4K1M81E5CRFH705VBCG6,debt_stored,aeUSDC,2
9053676,zest-v1,SP15Z7WBDTHDGADBYP4DJZH0E3RDCV0CX40181HZM,SP15Z7WBDTHDGADBYP4DJZH0E3RDCV0CX40181HZM,collateral,STX,1
9053676,zest-v1,SP15Z7WBDTHDGADBYP4DJZH0E3RDCV0CX40181HZM,SP15Z7WBDTHDGADBYP4DJZH0E3RDCV0CX40181HZM,collateral,aeUSDC,16
9053676,zest-v1,SP15Z7WBDTHDGADBYP4DJZH0E3RDCV0CX40181HZM,SP15Z7WBDTHDGADBYP4DJZH0E3RDCV0CX40181HZM,collateral,sBTC,31
9053676,zest-v1,SP15Z7WBDTHDGADBYP4DJZH0E3RDCV0CX40181HZM,SP15Z7WBDTHDGADBYP4DJZH0E3RDCV0CX40181HZM,debt,aeUSDC,13931
9053676,zest-v1,SP15Z7WBDTHDGADBYP4DJZH0E3RDCV0CX40181HZM,SP15Z7WBDTHDGADBYP4DJZH0E3RDCV0CX40181HZM,debt_stored,aeUSDC,13005
9053676,zest-v1,SP160N9M3HDGDACNTKJKH0CMPPZMFR2460T6HV7NT,SP160N9M3HDGDACNTKJKH0CMPPZMFR2460T6HV7NT,collateral,STX,56228121
9053676,zest-v1,SP160N9M3HDGDACNTKJKH0CMPPZMFR2460T6HV7NT,SP160N9M3HDGDACNTKJKH0CMPPZMFR2460T6HV7NT,collateral,stSTX,101353125
9053676,zest-v1,SP160N9M3HDGDACNTKJKH0CMPPZMFR2460T6HV7NT,SP160N9M3HDGDACNTKJKH0CMPPZMFR2460T6HV7NT,debt,STX,59646417
9053676,zest-v1,SP160N9M3HDGDACNTKJKH0CMPPZMFR2460T6HV7NT,SP160N9M3HDGDACNTKJKH0CMPPZMFR2460T6HV7NT,debt_stored,STX,50764498
9053676,zest-v1,SP161281WXR94CVTSR3JBQWKY1BXNHTA6QQH656KY,SP161281WXR94CVTSR3JBQWKY1BXNHTA6QQH656KY,collateral,stSTX,2084
9053676,zest-v1,SP161281WXR94CVTSR3JBQWKY1BXNHTA6QQH656KY,SP161281WXR94CVTSR3JBQWKY1BXNHTA6QQH656KY,debt,STX,49
9053676,zest-v1,SP161281WXR94CVTSR3JBQWKY1BXNHTA6QQH656KY,SP161281WXR94CVTSR3JBQWKY1BXNHTA6QQH656KY,debt_stored,STX,44
9053676,zest-v1,SP161QHS676YAM88D58Q958DV2XQCSF73DSN7S2DP,SP161QHS676YAM88D58Q958DV2XQCSF73DSN7S2DP,collateral,stSTX,6063284
9053676,zest-v1,SP161QHS676YAM88D58Q958DV2XQCSF73DSN7S2DP,SP161QHS676YAM88D58Q958DV2XQCSF73DSN7S2DP,debt,aeUSDC,2
9053676,zest-v1,SP161QHS676YAM88D58Q958DV2XQCSF73DSN7S2DP,SP161QHS676YAM88D58Q958DV2XQCSF73DSN7S2DP,debt,stSTX,3135906
9053676,zest-v1,SP161QHS676YAM88D58Q958DV2XQCSF73DSN7S2DP,SP161QHS676YAM88D58Q958DV2XQCSF73DSN7S2DP,debt_stored,aeUSDC,1
9053676,zest-v1,SP161QHS676YAM88D58Q958DV2XQCSF73DSN7S2DP,SP161QHS676YAM88D58Q958DV2XQCSF73DSN7S2DP,debt_stored,stSTX,3000000
9053676,zest-v1,SP163FWZMXZW7FW8ZD8KHBJQPNTDJMHFVE2Y7EBED,SP163FWZMXZW7FW8ZD8KHBJQPNTDJMHFVE2Y7EBED,collateral,stSTX,11012736
9053676,zest-v1,SP163FWZMXZW7FW8ZD8KHBJQPNTDJMHFVE2Y7EBED,SP163FWZMXZW7FW8ZD8KHBJQPNTDJMHFVE2Y7EBED,debt,stSTX,4541556
9053676,zest-v1,SP163FWZMXZW7FW8ZD8KHBJQPNTDJMHFVE2Y7EBED,SP163FWZMXZW7FW8ZD8KHBJQPNTDJMHFVE2Y7EBED,debt_stored,stSTX,4343716
9053676,zest-v1,SP166Y3Q445XBHGX4WAJNFH90QDZ5F2QG96KJWA8B,SP166Y3Q445XBHGX4WAJNFH90QDZ5F2QG96KJWA8B,collateral,STX,612301
9053676,zest-v1,SP166Y3Q445XBHGX4WAJNFH90QDZ5F2QG96KJWA8B,SP166Y3Q445XBHGX4WAJNFH90QDZ5F2QG96KJWA8B,collateral,aeUSDC,12417199
9053676,zest-v1,SP166Y3Q445XBHGX4WAJNFH90QDZ5F2QG96KJWA8B,SP166Y3Q445XBHGX4WAJNFH90QDZ5F2QG96KJWA8B,collateral,stSTX,109194283
9053676,zest-v1,SP166Y3Q445XBHGX4WAJNFH90QDZ5F2QG96KJWA8B,SP166Y3Q445XBHGX4WAJNFH90QDZ5F2QG96KJWA8B,debt,aeUSDC,500574
9053676,zest-v1,SP166Y3Q445XBHGX4WAJNFH90QDZ5F2QG96KJWA8B,SP166Y3Q445XBHGX4WAJNFH90QDZ5F2QG96KJWA8B,debt_stored,aeUSDC,445515
9053676,zest-v1,SP167DH2FSHMVS3AXXJ50T48Y1VKDPYNTZGEXC6FW,SP167DH2FSHMVS3AXXJ50T48Y1VKDPYNTZGEXC6FW,collateral,stSTX,129939818
9053676,zest-v1,SP167DH2FSHMVS3AXXJ50T48Y1VKDPYNTZGEXC6FW,SP167DH2FSHMVS3AXXJ50T48Y1VKDPYNTZGEXC6FW,debt,STX,58782340
9053676,zest-v1,SP167DH2FSHMVS3AXXJ50T48Y1VKDPYNTZGEXC6FW,SP167DH2FSHMVS3AXXJ50T48Y1VKDPYNTZGEXC6FW,debt,stSTX,6
9053676,zest-v1,SP167DH2FSHMVS3AXXJ50T48Y1VKDPYNTZGEXC6FW,SP167DH2FSHMVS3AXXJ50T48Y1VKDPYNTZGEXC6FW,debt_stored,STX,52000000
9053676,zest-v1,SP167DH2FSHMVS3AXXJ50T48Y1VKDPYNTZGEXC6FW,SP167DH2FSHMVS3AXXJ50T48Y1VKDPYNTZGEXC6FW,debt_stored,stSTX,5
9053676,zest-v1,SP16ADAKN3XK9AVJ1VZX5QMR5E3FSZ88S77V9J0CC,SP16ADAKN3XK9AVJ1VZX5QMR5E3FSZ88S77V9J0CC,debt,aeUSDC,25082
9053676,zest-v1,SP16ADAKN3XK9AVJ1VZX5QMR5E3FSZ88S77V9J0CC,SP16ADAKN3XK9AVJ1VZX5QMR5E3FSZ88S77V9J0CC,debt_stored,aeUSDC,22325
9053676,zest-v1,SP16CVJT4K2A4Y77T71ZNA13SFX7FB9YJRQ58YGZ4,SP16CVJT4K2A4Y77T71ZNA13SFX7FB9YJRQ58YGZ4,collateral,stSTX,14285
9053676,zest-v1,SP16CVJT4K2A4Y77T71ZNA13SFX7FB9YJRQ58YGZ4,SP16CVJT4K2A4Y77T71ZNA13SFX7FB9YJRQ58YGZ4,debt,STX,140
9053676,zest-v1,SP16CVJT4K2A4Y77T71ZNA13SFX7FB9YJRQ58YGZ4,SP16CVJT4K2A4Y77T71ZNA13SFX7FB9YJRQ58YGZ4,debt,aeUSDC,454803
9053676,zest-v1,SP16CVJT4K2A4Y77T71ZNA13SFX7FB9YJRQ58YGZ4,SP16CVJT4K2A4Y77T71ZNA13SFX7FB9YJRQ58YGZ4,debt_stored,STX,123
9053676,zest-v1,SP16CVJT4K2A4Y77T71ZNA13SFX7FB9YJRQ58YGZ4,SP16CVJT4K2A4Y77T71ZNA13SFX7FB9YJRQ58YGZ4,debt_stored,aeUSDC,404813
9053676,zest-v1,SP16HXWHTZEHHKBE12AB91PYJ63V0S696G3MZZM8K,SP16HXWHTZEHHKBE12AB91PYJ63V0S696G3MZZM8K,collateral,STX,5366289
9053676,zest-v1,SP16HXWHTZEHHKBE12AB91PYJ63V0S696G3MZZM8K,SP16HXWHTZEHHKBE12AB91PYJ63V0S696G3MZZM8K,collateral,aeUSDC,29621
9053676,zest-v1,SP16HXWHTZEHHKBE12AB91PYJ63V0S696G3MZZM8K,SP16HXWHTZEHHKBE12AB91PYJ63V0S696G3MZZM8K,collateral,stSTX,3972568
9053676,zest-v1,SP16HXWHTZEHHKBE12AB91PYJ63V0S696G3MZZM8K,SP16HXWHTZEHHKBE12AB91PYJ63V0S696G3MZZM8K,debt,STX,2925253
9053676,zest-v1,SP16HXWHTZEHHKBE12AB91PYJ63V0S696G3MZZM8K,SP16HXWHTZEHHKBE12AB91PYJ63V0S696G3MZZM8K,debt,aeUSDC,31844
9053676,zest-v1,SP16HXWHTZEHHKBE12AB91PYJ63V0S696G3MZZM8K,SP16HXWHTZEHHKBE12AB91PYJ63V0S696G3MZZM8K,debt_stored,STX,2487503
9053676,zest-v1,SP16HXWHTZEHHKBE12AB91PYJ63V0S696G3MZZM8K,SP16HXWHTZEHHKBE12AB91PYJ63V0S696G3MZZM8K,debt_stored,aeUSDC,23856
9053676,zest-v1,SP16NWVZETSFCAAWRJCQMV5WZZ6X5E64F9KA0EEDZ,SP16NWVZETSFCAAWRJCQMV5WZZ6X5E64F9KA0EEDZ,collateral,STX,2145189
9053676,zest-v1,SP16NWVZETSFCAAWRJCQMV5WZZ6X5E64F9KA0EEDZ,SP16NWVZETSFCAAWRJCQMV5WZZ6X5E64F9KA0EEDZ,debt,STX,598252
9053676,zest-v1,SP16NWVZETSFCAAWRJCQMV5WZZ6X5E64F9KA0EEDZ,SP16NWVZETSFCAAWRJCQMV5WZZ6X5E64F9KA0EEDZ,debt_stored,STX,510000
9053676,zest-v1,SP16PP6EYRCB7NCTGWAC73DH5X0KXWAPEQ8RKWAKS,SP16PP6EYRCB7NCTGWAC73DH5X0KXWAPEQ8RKWAKS,collateral,sBTC,69020
9053676,zest-v1,SP16PP6EYRCB7NCTGWAC73DH5X0KXWAPEQ8RKWAKS,SP16PP6EYRCB7NCTGWAC73DH5X0KXWAPEQ8RKWAKS,debt,aeUSDC,11920977
9053676,zest-v1,SP16PP6EYRCB7NCTGWAC73DH5X0KXWAPEQ8RKWAKS,SP16PP6EYRCB7NCTGWAC73DH5X0KXWAPEQ8RKWAKS,debt,sBTC,15
9053676,zest-v1,SP16PP6EYRCB7NCTGWAC73DH5X0KXWAPEQ8RKWAKS,SP16PP6EYRCB7NCTGWAC73DH5X0KXWAPEQ8RKWAKS,debt_stored,aeUSDC,11215029
9053676,zest-v1,SP16PP6EYRCB7NCTGWAC73DH5X0KXWAPEQ8RKWAKS,SP16PP6EYRCB7NCTGWAC73DH5X0KXWAPEQ8RKWAKS,debt_stored,sBTC,14
9053676,zest-v1,SP16VJE0XWKRZ8XPQM9RXNR2KC03YYX8910YWWSR,SP16VJE0XWKRZ8XPQM9RXNR2KC03YYX8910YWWSR,collateral,stSTX,451564512
9053676,zest-v1,SP16VJE0XWKRZ8XPQM9RXNR2KC03YYX8910YWWSR,SP16VJE0XWKRZ8XPQM9RXNR2KC03YYX8910YWWSR,debt,STX,160768970
9053676,zest-v1,SP16VJE0XWKRZ8XPQM9RXNR2KC03YYX8910YWWSR,SP16VJE0XWKRZ8XPQM9RXNR2KC03YYX8910YWWSR,debt,stSTX,52336517
9053676,zest-v1,SP16VJE0XWKRZ8XPQM9RXNR2KC03YYX8910YWWSR,SP16VJE0XWKRZ8XPQM9RXNR2KC03YYX8910YWWSR,debt_stored,STX,136870521
9053676,zest-v1,SP16VJE0XWKRZ8XPQM9RXNR2KC03YYX8910YWWSR,SP16VJE0XWKRZ8XPQM9RXNR2KC03YYX8910YWWSR,debt_stored,stSTX,50000000
9053676,zest-v1,SP16WRER12NZMAV63M62FEXHMVWS8V2Q74MHSG04Q,SP16WRER12NZMAV63M62FEXHMVWS8V2Q74MHSG04Q,collateral,stSTX,1498
9053676,zest-v1,SP16WRER12NZMAV63M62FEXHMVWS8V2Q74MHSG04Q,SP16WRER12NZMAV63M62FEXHMVWS8V2Q74MHSG04Q,debt,stSTX,2
9053676,zest-v1,SP16WRER12NZMAV63M62FEXHMVWS8V2Q74MHSG04Q,SP16WRER12NZMAV63M62FEXHMVWS8V2Q74MHSG04Q,debt_stored,stSTX,1
9053676,zest-v1,SP16YGBC7HZDKQAFKJNHNZV1AMEYFANRYCTJ4ZFAC,SP16YGBC7HZDKQAFKJNHNZV1AMEYFANRYCTJ4ZFAC,collateral,aeUSDC,23249859
9053676,zest-v1,SP16YGBC7HZDKQAFKJNHNZV1AMEYFANRYCTJ4ZFAC,SP16YGBC7HZDKQAFKJNHNZV1AMEYFANRYCTJ4ZFAC,collateral,stSTX,15896005
9053676,zest-v1,SP16YGBC7HZDKQAFKJNHNZV1AMEYFANRYCTJ4ZFAC,SP16YGBC7HZDKQAFKJNHNZV1AMEYFANRYCTJ4ZFAC,debt,aeUSDC,1767706
9053676,zest-v1,SP16YGBC7HZDKQAFKJNHNZV1AMEYFANRYCTJ4ZFAC,SP16YGBC7HZDKQAFKJNHNZV1AMEYFANRYCTJ4ZFAC,debt_stored,aeUSDC,1727914
9053676,zest-v1,SP16ZCNPS9VH8TQM1PMN800TT375YZGPWKP48RQ11,SP16ZCNPS9VH8TQM1PMN800TT375YZGPWKP48RQ11,collateral,stSTX,2485
9053676,zest-v1,SP16ZCNPS9VH8TQM1PMN800TT375YZGPWKP48RQ11,SP16ZCNPS9VH8TQM1PMN800TT375YZGPWKP48RQ11,debt,STX,112
9053676,zest-v1,SP16ZCNPS9VH8TQM1PMN800TT375YZGPWKP48RQ11,SP16ZCNPS9VH8TQM1PMN800TT375YZGPWKP48RQ11,debt_stored,STX,101
9053676,zest-v1,SP174BBVTRQSE3YAMBKD5NKG03TMDQSY6ZMJT14J6,SP174BBVTRQSE3YAMBKD5NKG03TMDQSY6ZMJT14J6,debt,sBTC,149640140
9053676,zest-v1,SP174BBVTRQSE3YAMBKD5NKG03TMDQSY6ZMJT14J6,SP174BBVTRQSE3YAMBKD5NKG03TMDQSY6ZMJT14J6,debt_stored,sBTC,140104912
9053676,zest-v1,SP176ZAN4CW8Q6XC6Y5B5FQE0K5SP4H6K5NNKFPQD,SP176ZAN4CW8Q6XC6Y5B5FQE0K5SP4H6K5NNKFPQD,collateral,stSTX,15431290
9053676,zest-v1,SP176ZAN4CW8Q6XC6Y5B5FQE0K5SP4H6K5NNKFPQD,SP176ZAN4CW8Q6XC6Y5B5FQE0K5SP4H6K5NNKFPQD,debt,STX,9171581
9053676,zest-v1,SP176ZAN4CW8Q6XC6Y5B5FQE0K5SP4H6K5NNKFPQD,SP176ZAN4CW8Q6XC6Y5B5FQE0K5SP4H6K5NNKFPQD,debt_stored,STX,8480608
9053676,zest-v1,SP1779T6BNQ853MTF39HHJAR5E7WVJQZEBGZ2B9VB,SP1779T6BNQ853MTF39HHJAR5E7WVJQZEBGZ2B9VB,debt,aeUSDC,446073
9053676,zest-v1,SP1779T6BNQ853MTF39HHJAR5E7WVJQZEBGZ2B9VB,SP1779T6BNQ853MTF39HHJAR5E7WVJQZEBGZ2B9VB,debt_stored,aeUSDC,397035
9053676,zest-v1,SP17BR51JTVDXM97TTWA8AESRSASBWSASN7T47NA,SP17BR51JTVDXM97TTWA8AESRSASBWSASN7T47NA,collateral,USDH,10707512400
9053676,zest-v1,SP17BR51JTVDXM97TTWA8AESRSASBWSASN7T47NA,SP17BR51JTVDXM97TTWA8AESRSASBWSASN7T47NA,collateral,stSTX,730420
9053676,zest-v1,SP17BR51JTVDXM97TTWA8AESRSASBWSASN7T47NA,SP17BR51JTVDXM97TTWA8AESRSASBWSASN7T47NA,debt,USDH,716568108
9053676,zest-v1,SP17BR51JTVDXM97TTWA8AESRSASBWSASN7T47NA,SP17BR51JTVDXM97TTWA8AESRSASBWSASN7T47NA,debt_stored,USDH,638599383
9053676,zest-v1,SP17E3Z59RVZDQSMMDVQHYBT156SM5GX3ZFC35MWZ,SP17E3Z59RVZDQSMMDVQHYBT156SM5GX3ZFC35MWZ,collateral,STX,454462878
9053676,zest-v1,SP17E3Z59RVZDQSMMDVQHYBT156SM5GX3ZFC35MWZ,SP17E3Z59RVZDQSMMDVQHYBT156SM5GX3ZFC35MWZ,debt,stSTX,212882047
9053676,zest-v1,SP17E3Z59RVZDQSMMDVQHYBT156SM5GX3ZFC35MWZ,SP17E3Z59RVZDQSMMDVQHYBT156SM5GX3ZFC35MWZ,debt_stored,stSTX,203509534
9053676,zest-v1,SP17K76Z5D963QKB4X8T03ZF0945ZHTER06SK2HJE,SP17K76Z5D963QKB4X8T03ZF0945ZHTER06SK2HJE,collateral,stSTX,69354146
9053676,zest-v1,SP17K76Z5D963QKB4X8T03ZF0945ZHTER06SK2HJE,SP17K76Z5D963QKB4X8T03ZF0945ZHTER06SK2HJE,debt,STX,23515975
9053676,zest-v1,SP17K76Z5D963QKB4X8T03ZF0945ZHTER06SK2HJE,SP17K76Z5D963QKB4X8T03ZF0945ZHTER06SK2HJE,debt_stored,STX,20000000
9053676,zest-v1,SP17KV2ZDVGN94KNXTPA9PAR0Q9EZBM623T63WN1R,SP17KV2ZDVGN94KNXTPA9PAR0Q9EZBM623T63WN1R,collateral,stSTX,96731
9053676,zest-v1,SP17KV2ZDVGN94KNXTPA9PAR0Q9EZBM623T63WN1R,SP17KV2ZDVGN94KNXTPA9PAR0Q9EZBM623T63WN1R,debt,stSTX,49826
9053676,zest-v1,SP17KV2ZDVGN94KNXTPA9PAR0Q9EZBM623T63WN1R,SP17KV2ZDVGN94KNXTPA9PAR0Q9EZBM623T63WN1R,debt_stored,stSTX,47638
9053676,zest-v1,SP17KYWCE38C81K43ESJ0R0REC2GTKZVJK927AQH0,SP17KYWCE38C81K43ESJ0R0REC2GTKZVJK927AQH0,collateral,STX,922261
9053676,zest-v1,SP17KYWCE38C81K43ESJ0R0REC2GTKZVJK927AQH0,SP17KYWCE38C81K43ESJ0R0REC2GTKZVJK927AQH0,debt,stSTX,299944
9053676,zest-v1,SP17KYWCE38C81K43ESJ0R0REC2GTKZVJK927AQH0,SP17KYWCE38C81K43ESJ0R0REC2GTKZVJK927AQH0,debt_stored,stSTX,287538
9053676,zest-v1,SP17MA2G8RKVR3QHXGZ60V187DVVRT58Q35K91T3C,SP17MA2G8RKVR3QHXGZ60V187DVVRT58Q35K91T3C,collateral,STX,334
9053676,zest-v1,SP17MA2G8RKVR3QHXGZ60V187DVVRT58Q35K91T3C,SP17MA2G8RKVR3QHXGZ60V187DVVRT58Q35K91T3C,debt,stSTX,3
9053676,zest-v1,SP17MA2G8RKVR3QHXGZ60V187DVVRT58Q35K91T3C,SP17MA2G8RKVR3QHXGZ60V187DVVRT58Q35K91T3C,debt_stored,stSTX,2
9053676,zest-v1,SP17NP61ZCJ6WR52J70A5K3MA76R5MBEGWM6KG3PQ,SP17NP61ZCJ6WR52J70A5K3MA76R5MBEGWM6KG3PQ,collateral,stSTX,60106945
9053676,zest-v1,SP17NP61ZCJ6WR52J70A5K3MA76R5MBEGWM6KG3PQ,SP17NP61ZCJ6WR52J70A5K3MA76R5MBEGWM6KG3PQ,debt,aeUSDC,4250
9053676,zest-v1,SP17NP61ZCJ6WR52J70A5K3MA76R5MBEGWM6KG3PQ,SP17NP61ZCJ6WR52J70A5K3MA76R5MBEGWM6KG3PQ,debt_stored,aeUSDC,3184
9053676,zest-v1,SP17TK3BKFPQADD4Q1CTWSR5GC7GVFY7VE76NJTW5,SP17TK3BKFPQADD4Q1CTWSR5GC7GVFY7VE76NJTW5,collateral,stSTX,463480396
9053676,zest-v1,SP17TK3BKFPQADD4Q1CTWSR5GC7GVFY7VE76NJTW5,SP17TK3BKFPQADD4Q1CTWSR5GC7GVFY7VE76NJTW5,debt,stSTX,337450564
9053676,zest-v1,SP17TK3BKFPQADD4Q1CTWSR5GC7GVFY7VE76NJTW5,SP17TK3BKFPQADD4Q1CTWSR5GC7GVFY7VE76NJTW5,debt_stored,stSTX,321990905
9053676,zest-v1,SP17WCRVRXZ2WKQ4FVKJVFTSDYT9VRWC5GPSWZ7KE,SP17WCRVRXZ2WKQ4FVKJVFTSDYT9VRWC5GPSWZ7KE,collateral,stSTX,155142023
9053676,zest-v1,SP17WCRVRXZ2WKQ4FVKJVFTSDYT9VRWC5GPSWZ7KE,SP17WCRVRXZ2WKQ4FVKJVFTSDYT9VRWC5GPSWZ7KE,debt,STX,70592206
9053676,zest-v1,SP17WCRVRXZ2WKQ4FVKJVFTSDYT9VRWC5GPSWZ7KE,SP17WCRVRXZ2WKQ4FVKJVFTSDYT9VRWC5GPSWZ7KE,debt,stSTX,11
9053676,zest-v1,SP17WCRVRXZ2WKQ4FVKJVFTSDYT9VRWC5GPSWZ7KE,SP17WCRVRXZ2WKQ4FVKJVFTSDYT9VRWC5GPSWZ7KE,debt_stored,STX,62420181
9053676,zest-v1,SP17WCRVRXZ2WKQ4FVKJVFTSDYT9VRWC5GPSWZ7KE,SP17WCRVRXZ2WKQ4FVKJVFTSDYT9VRWC5GPSWZ7KE,debt_stored,stSTX,10
9053676,zest-v1,SP17Y3F4K7MTJH4724RMTZFZ2V15AJFWGJSAJP2YZ,SP17Y3F4K7MTJH4724RMTZFZ2V15AJFWGJSAJP2YZ,collateral,STX,5362977
9053676,zest-v1,SP17Y3F4K7MTJH4724RMTZFZ2V15AJFWGJSAJP2YZ,SP17Y3F4K7MTJH4724RMTZFZ2V15AJFWGJSAJP2YZ,debt,STX,1290345
9053676,zest-v1,SP17Y3F4K7MTJH4724RMTZFZ2V15AJFWGJSAJP2YZ,SP17Y3F4K7MTJH4724RMTZFZ2V15AJFWGJSAJP2YZ,debt_stored,STX,1100000
9053676,zest-v1,SP17Y608F82R6HAJ581MM88E4G1SYRQDNXW7F5A7Q,SP17Y608F82R6HAJ581MM88E4G1SYRQDNXW7F5A7Q,collateral,sBTC,33
9053676,zest-v1,SP17Y608F82R6HAJ581MM88E4G1SYRQDNXW7F5A7Q,SP17Y608F82R6HAJ581MM88E4G1SYRQDNXW7F5A7Q,debt,aeUSDC,18629
9053676,zest-v1,SP17Y608F82R6HAJ581MM88E4G1SYRQDNXW7F5A7Q,SP17Y608F82R6HAJ581MM88E4G1SYRQDNXW7F5A7Q,debt_stored,aeUSDC,17066
9053676,zest-v1,SP17Y80B07H734FWQDJ7Q14R9CVST8B89XG1PBVYE,SP17Y80B07H734FWQDJ7Q14R9CVST8B89XG1PBVYE,collateral,USDA,15510571
9053676,zest-v1,SP17Y80B07H734FWQDJ7Q14R9CVST8B89XG1PBVYE,SP17Y80B07H734FWQDJ7Q14R9CVST8B89XG1PBVYE,collateral,stSTX,20918329
9053676,zest-v1,SP17Y80B07H734FWQDJ7Q14R9CVST8B89XG1PBVYE,SP17Y80B07H734FWQDJ7Q14R9CVST8B89XG1PBVYE,collateral,stSTXbtc,7000000
9053676,zest-v1,SP17Y80B07H734FWQDJ7Q14R9CVST8B89XG1PBVYE,SP17Y80B07H734FWQDJ7Q14R9CVST8B89XG1PBVYE,debt,stSTX,7248765
9053676,zest-v1,SP17Y80B07H734FWQDJ7Q14R9CVST8B89XG1PBVYE,SP17Y80B07H734FWQDJ7Q14R9CVST8B89XG1PBVYE,debt_stored,stSTX,6937613
9053676,zest-v1,SP17YC7VY423W3DJ42PQGHJQMMRXS1P19SV51G18Z,SP17YC7VY423W3DJ42PQGHJQMMRXS1P19SV51G18Z,collateral,USDH,30638597163
9053676,zest-v1,SP17YC7VY423W3DJ42PQGHJQMMRXS1P19SV51G18Z,SP17YC7VY423W3DJ42PQGHJQMMRXS1P19SV51G18Z,collateral,stSTX,4625248
9053676,zest-v1,SP17YC7VY423W3DJ42PQGHJQMMRXS1P19SV51G18Z,SP17YC7VY423W3DJ42PQGHJQMMRXS1P19SV51G18Z,debt,stSTX,1254624
9053676,zest-v1,SP17YC7VY423W3DJ42PQGHJQMMRXS1P19SV51G18Z,SP17YC7VY423W3DJ42PQGHJQMMRXS1P19SV51G18Z,debt_stored,stSTX,1201778
9053676,zest-v1,SP180BMQ04G5NHKMTC2GENHEMJMFK4KQ5KENHZ53,SP180BMQ04G5NHKMTC2GENHEMJMFK4KQ5KENHZ53,collateral,STX,612301
9053676,zest-v1,SP180BMQ04G5NHKMTC2GENHEMJMFK4KQ5KENHZ53,SP180BMQ04G5NHKMTC2GENHEMJMFK4KQ5KENHZ53,collateral,aeUSDC,12417199
9053676,zest-v1,SP180BMQ04G5NHKMTC2GENHEMJMFK4KQ5KENHZ53,SP180BMQ04G5NHKMTC2GENHEMJMFK4KQ5KENHZ53,collateral,stSTX,108192501
9053676,zest-v1,SP180BMQ04G5NHKMTC2GENHEMJMFK4KQ5KENHZ53,SP180BMQ04G5NHKMTC2GENHEMJMFK4KQ5KENHZ53,debt,aeUSDC,500574
9053676,zest-v1,SP180BMQ04G5NHKMTC2GENHEMJMFK4KQ5KENHZ53,SP180BMQ04G5NHKMTC2GENHEMJMFK4KQ5KENHZ53,debt_stored,aeUSDC,445515
9053676,zest-v1,SP18295NSWPNSHYF8CYQYVFAJTPM8855242MPBG96,SP18295NSWPNSHYF8CYQYVFAJTPM8855242MPBG96,collateral,stSTX,10067
9053676,zest-v1,SP18295NSWPNSHYF8CYQYVFAJTPM8855242MPBG96,SP18295NSWPNSHYF8CYQYVFAJTPM8855242MPBG96,debt,stSTX,2990
9053676,zest-v1,SP18295NSWPNSHYF8CYQYVFAJTPM8855242MPBG96,SP18295NSWPNSHYF8CYQYVFAJTPM8855242MPBG96,debt_stored,stSTX,2858
9053676,zest-v1,SP18330JGP6V4ZYGVJXHPQ0JSWNTEQX6YMMQJTP8T,SP18330JGP6V4ZYGVJXHPQ0JSWNTEQX6YMMQJTP8T,collateral,stSTX,191398332
9053676,zest-v1,SP18330JGP6V4ZYGVJXHPQ0JSWNTEQX6YMMQJTP8T,SP18330JGP6V4ZYGVJXHPQ0JSWNTEQX6YMMQJTP8T,debt,stSTX,92929474
9053676,zest-v1,SP18330JGP6V4ZYGVJXHPQ0JSWNTEQX6YMMQJTP8T,SP18330JGP6V4ZYGVJXHPQ0JSWNTEQX6YMMQJTP8T,debt_stored,stSTX,89066718
9053676,zest-v1,SP1843KM1SPSMM8MHE4YFDFKFNKC8FFK8BTM47W1X,SP1843KM1SPSMM8MHE4YFDFKFNKC8FFK8BTM47W1X,collateral,STX,37250349
9053676,zest-v1,SP1843KM1SPSMM8MHE4YFDFKFNKC8FFK8BTM47W1X,SP1843KM1SPSMM8MHE4YFDFKFNKC8FFK8BTM47W1X,collateral,aeUSDC,2533769
9053676,zest-v1,SP1843KM1SPSMM8MHE4YFDFKFNKC8FFK8BTM47W1X,SP1843KM1SPSMM8MHE4YFDFKFNKC8FFK8BTM47W1X,debt,USDH,172580438
9053676,zest-v1,SP1843KM1SPSMM8MHE4YFDFKFNKC8FFK8BTM47W1X,SP1843KM1SPSMM8MHE4YFDFKFNKC8FFK8BTM47W1X,debt,stSTX,9410963
9053676,zest-v1,SP1843KM1SPSMM8MHE4YFDFKFNKC8FFK8BTM47W1X,SP1843KM1SPSMM8MHE4YFDFKFNKC8FFK8BTM47W1X,debt_stored,USDH,171257530
9053676,zest-v1,SP1843KM1SPSMM8MHE4YFDFKFNKC8FFK8BTM47W1X,SP1843KM1SPSMM8MHE4YFDFKFNKC8FFK8BTM47W1X,debt_stored,stSTX,9286470
9053676,zest-v1,SP185MT0TN0QRKMSV2KXS6HD9NC8P1RMBWKVNVJXP,SP185MT0TN0QRKMSV2KXS6HD9NC8P1RMBWKVNVJXP,collateral,stSTX,47087281
9053676,zest-v1,SP185MT0TN0QRKMSV2KXS6HD9NC8P1RMBWKVNVJXP,SP185MT0TN0QRKMSV2KXS6HD9NC8P1RMBWKVNVJXP,debt,STX,11759346
9053676,zest-v1,SP185MT0TN0QRKMSV2KXS6HD9NC8P1RMBWKVNVJXP,SP185MT0TN0QRKMSV2KXS6HD9NC8P1RMBWKVNVJXP,debt_stored,STX,10000000
9053676,zest-v1,SP186MEMH2RD9VM194VRTYDZDYPC6B26B119GDHTK,SP186MEMH2RD9VM194VRTYDZDYPC6B26B119GDHTK,collateral,stSTX,718563
9053676,zest-v1,SP186MEMH2RD9VM194VRTYDZDYPC6B26B119GDHTK,SP186MEMH2RD9VM194VRTYDZDYPC6B26B119GDHTK,debt,USDH,26803283
9053676,zest-v1,SP186MEMH2RD9VM194VRTYDZDYPC6B26B119GDHTK,SP186MEMH2RD9VM194VRTYDZDYPC6B26B119GDHTK,debt_stored,USDH,24179297
9053676,zest-v1,SP187S18MC3B6E80QNMGDDWFJTZVZM65PPVCR1QP8,SP187S18MC3B6E80QNMGDDWFJTZVZM65PPVCR1QP8,collateral,stSTX,2487856
9053676,zest-v1,SP187S18MC3B6E80QNMGDDWFJTZVZM65PPVCR1QP8,SP187S18MC3B6E80QNMGDDWFJTZVZM65PPVCR1QP8,debt,STX,1175833
9053676,zest-v1,SP187S18MC3B6E80QNMGDDWFJTZVZM65PPVCR1QP8,SP187S18MC3B6E80QNMGDDWFJTZVZM65PPVCR1QP8,debt_stored,STX,1000000
9053676,zest-v1,SP18A6PSVMYTC9REXF5MED259S5Y9TRHHD8Z7Y69N,SP18A6PSVMYTC9REXF5MED259S5Y9TRHHD8Z7Y69N,debt,sUSDT,3108
9053676,zest-v1,SP18A6PSVMYTC9REXF5MED259S5Y9TRHHD8Z7Y69N,SP18A6PSVMYTC9REXF5MED259S5Y9TRHHD8Z7Y69N,debt_stored,sUSDT,3107
9053676,zest-v1,SP18C9Q2F2FXGR1Z4HFM2M6HNRPCBB8XAZ0SBASA4,SP18C9Q2F2FXGR1Z4HFM2M6HNRPCBB8XAZ0SBASA4,collateral,stSTX,2520
9053676,zest-v1,SP18C9Q2F2FXGR1Z4HFM2M6HNRPCBB8XAZ0SBASA4,SP18C9Q2F2FXGR1Z4HFM2M6HNRPCBB8XAZ0SBASA4,debt,STX,157
9053676,zest-v1,SP18C9Q2F2FXGR1Z4HFM2M6HNRPCBB8XAZ0SBASA4,SP18C9Q2F2FXGR1Z4HFM2M6HNRPCBB8XAZ0SBASA4,debt_stored,STX,141
9053676,zest-v1,SP18NFAVW5MFHM3EWYQ2C5VMJKT2XX7GKN5KQZ0QC,SP18NFAVW5MFHM3EWYQ2C5VMJKT2XX7GKN5KQZ0QC,collateral,stSTX,72250182
9053676,zest-v1,SP18NFAVW5MFHM3EWYQ2C5VMJKT2XX7GKN5KQZ0QC,SP18NFAVW5MFHM3EWYQ2C5VMJKT2XX7GKN5KQZ0QC,debt,STX,20846968
9053676,zest-v1,SP18NFAVW5MFHM3EWYQ2C5VMJKT2XX7GKN5KQZ0QC,SP18NFAVW5MFHM3EWYQ2C5VMJKT2XX7GKN5KQZ0QC,debt_stored,STX,18500000
9053676,zest-v1,SP18Q554PS648J745RNFFKT90QW7NW8WASQJ06TC8,SP18Q554PS648J745RNFFKT90QW7NW8WASQJ06TC8,collateral,stSTX,2103742
9053676,zest-v1,SP18Q554PS648J745RNFFKT90QW7NW8WASQJ06TC8,SP18Q554PS648J745RNFFKT90QW7NW8WASQJ06TC8,debt,STX,598252
9053676,zest-v1,SP18Q554PS648J745RNFFKT90QW7NW8WASQJ06TC8,SP18Q554PS648J745RNFFKT90QW7NW8WASQJ06TC8,debt_stored,STX,510000
9053676,zest-v1,SP18Q757EDXW10RD1TSKS59PXRP1AEEEF8RWVPY37,SP18Q757EDXW10RD1TSKS59PXRP1AEEEF8RWVPY37,collateral,stSTX,10928845
9053676,zest-v1,SP18Q757EDXW10RD1TSKS59PXRP1AEEEF8RWVPY37,SP18Q757EDXW10RD1TSKS59PXRP1AEEEF8RWVPY37,debt,STX,712264
9053676,zest-v1,SP18Q757EDXW10RD1TSKS59PXRP1AEEEF8RWVPY37,SP18Q757EDXW10RD1TSKS59PXRP1AEEEF8RWVPY37,debt_stored,STX,607209
9053676,zest-v1,SP18RB0ZXYQJXWSCS089W1MFYEBJWQ7E2895MB8QM,SP18RB0ZXYQJXWSCS089W1MFYEBJWQ7E2895MB8QM,collateral,stSTX,104302898
9053676,zest-v1,SP18RB0ZXYQJXWSCS089W1MFYEBJWQ7E2895MB8QM,SP18RB0ZXYQJXWSCS089W1MFYEBJWQ7E2895MB8QM,debt,stSTX,54136877
9053676,zest-v1,SP18RB0ZXYQJXWSCS089W1MFYEBJWQ7E2895MB8QM,SP18RB0ZXYQJXWSCS089W1MFYEBJWQ7E2895MB8QM,debt_stored,stSTX,51801774
9053676,zest-v1,SP18T8G59THD4TZM9E976SQY0F4926C6H708R4RG4,SP18T8G59THD4TZM9E976SQY0F4926C6H708R4RG4,collateral,stSTX,203895820
9053676,zest-v1,SP18T8G59THD4TZM9E976SQY0F4926C6H708R4RG4,SP18T8G59THD4TZM9E976SQY0F4926C6H708R4RG4,debt,stSTX,106158431
9053676,zest-v1,SP18T8G59THD4TZM9E976SQY0F4926C6H708R4RG4,SP18T8G59THD4TZM9E976SQY0F4926C6H708R4RG4,debt_stored,stSTX,101257976
9053676,zest-v1,SP18TX7QQAFABXXTZYFR75RGPDPDQ35ZYXFJXRYBC,SP18TX7QQAFABXXTZYFR75RGPDPDQ35ZYXFJXRYBC,collateral,stSTX,534
9053676,zest-v1,SP18TX7QQAFABXXTZYFR75RGPDPDQ35ZYXFJXRYBC,SP18TX7QQAFABXXTZYFR75RGPDPDQ35ZYXFJXRYBC,debt,STX,17
9053676,zest-v1,SP18TX7QQAFABXXTZYFR75RGPDPDQ35ZYXFJXRYBC,SP18TX7QQAFABXXTZYFR75RGPDPDQ35ZYXFJXRYBC,debt_stored,STX,16
9053676,zest-v1,SP18ZCM270DVYG56EVKQKXHSS7FP3QQCZBZ7H5BVW,SP18ZCM270DVYG56EVKQKXHSS7FP3QQCZBZ7H5BVW,collateral,stSTX,1687707137
9053676,zest-v1,SP18ZCM270DVYG56EVKQKXHSS7FP3QQCZBZ7H5BVW,SP18ZCM270DVYG56EVKQKXHSS7FP3QQCZBZ7H5BVW,debt,STX,995397931
9053676,zest-v1,SP18ZCM270DVYG56EVKQKXHSS7FP3QQCZBZ7H5BVW,SP18ZCM270DVYG56EVKQKXHSS7FP3QQCZBZ7H5BVW,debt_stored,STX,902558131
9053676,zest-v1,SP190VXRZCP3KBTVE5E84GPBY7P9WKY9D5Z4QTA79,SP190VXRZCP3KBTVE5E84GPBY7P9WKY9D5Z4QTA79,collateral,stSTX,29936504
9053676,zest-v1,SP190VXRZCP3KBTVE5E84GPBY7P9WKY9D5Z4QTA79,SP190VXRZCP3KBTVE5E84GPBY7P9WKY9D5Z4QTA79,debt,aeUSDC,2913731
9053676,zest-v1,SP190VXRZCP3KBTVE5E84GPBY7P9WKY9D5Z4QTA79,SP190VXRZCP3KBTVE5E84GPBY7P9WKY9D5Z4QTA79,debt_stored,aeUSDC,2867270
9053676,zest-v1,SP191XBB3YSB93R9HXRSMM6YP47CCHRFT4GTRZQEH,SP191XBB3YSB93R9HXRSMM6YP47CCHRFT4GTRZQEH,collateral,STX,2146495
9053676,zest-v1,SP191XBB3YSB93R9HXRSMM6YP47CCHRFT4GTRZQEH,SP191XBB3YSB93R9HXRSMM6YP47CCHRFT4GTRZQEH,collateral,aeUSDC,60844279
9053676,zest-v1,SP191XBB3YSB93R9HXRSMM6YP47CCHRFT4GTRZQEH,SP191XBB3YSB93R9HXRSMM6YP47CCHRFT4GTRZQEH,collateral,stSTX,109194283
9053676,zest-v1,SP191XBB3YSB93R9HXRSMM6YP47CCHRFT4GTRZQEH,SP191XBB3YSB93R9HXRSMM6YP47CCHRFT4GTRZQEH,debt,aeUSDC,667431
9053676,zest-v1,SP191XBB3YSB93R9HXRSMM6YP47CCHRFT4GTRZQEH,SP191XBB3YSB93R9HXRSMM6YP47CCHRFT4GTRZQEH,debt_stored,aeUSDC,500000
9053676,zest-v1,SP1943YQ7FTHDZ4G7Y5VGRE5EQE8WW1APTJ6MVV0A,SP1943YQ7FTHDZ4G7Y5VGRE5EQE8WW1APTJ6MVV0A,collateral,stSTX,94348497
9053676,zest-v1,SP1943YQ7FTHDZ4G7Y5VGRE5EQE8WW1APTJ6MVV0A,SP1943YQ7FTHDZ4G7Y5VGRE5EQE8WW1APTJ6MVV0A,debt,STX,35277654
9053676,zest-v1,SP1943YQ7FTHDZ4G7Y5VGRE5EQE8WW1APTJ6MVV0A,SP1943YQ7FTHDZ4G7Y5VGRE5EQE8WW1APTJ6MVV0A,debt_stored,STX,30000000
9053676,zest-v1,SP195Q21AEE0E3D97F5B4ADZ7308V555FQA1S7GZ3,SP195Q21AEE0E3D97F5B4ADZ7308V555FQA1S7GZ3,collateral,stSTX,95994521
9053676,zest-v1,SP195Q21AEE0E3D97F5B4ADZ7308V555FQA1S7GZ3,SP195Q21AEE0E3D97F5B4ADZ7308V555FQA1S7GZ3,debt,STX,8638838
9053676,zest-v1,SP195Q21AEE0E3D97F5B4ADZ7308V555FQA1S7GZ3,SP195Q21AEE0E3D97F5B4ADZ7308V555FQA1S7GZ3,debt_stored,STX,8000000
9053676,zest-v1,SP196Q9CYB2NZ24AMZ0XHP5N8MYRJ1NE48XXA0GKK,SP196Q9CYB2NZ24AMZ0XHP5N8MYRJ1NE48XXA0GKK,collateral,stSTX,295135118
9053676,zest-v1,SP196Q9CYB2NZ24AMZ0XHP5N8MYRJ1NE48XXA0GKK,SP196Q9CYB2NZ24AMZ0XHP5N8MYRJ1NE48XXA0GKK,debt,STX,174051064
9053676,zest-v1,SP196Q9CYB2NZ24AMZ0XHP5N8MYRJ1NE48XXA0GKK,SP196Q9CYB2NZ24AMZ0XHP5N8MYRJ1NE48XXA0GKK,debt_stored,STX,148850023
9053676,zest-v1,SP19AZ6MKKXV0JW5R05F7YBY68NF72TSMVB2CF0CB,SP19AZ6MKKXV0JW5R05F7YBY68NF72TSMVB2CF0CB,collateral,stSTX,1826
9053676,zest-v1,SP19AZ6MKKXV0JW5R05F7YBY68NF72TSMVB2CF0CB,SP19AZ6MKKXV0JW5R05F7YBY68NF72TSMVB2CF0CB,debt,aeUSDC,85
9053676,zest-v1,SP19AZ6MKKXV0JW5R05F7YBY68NF72TSMVB2CF0CB,SP19AZ6MKKXV0JW5R05F7YBY68NF72TSMVB2CF0CB,debt_stored,aeUSDC,75
9053676,zest-v1,SP19B7JPCGVBP2TEZ32FYHVQPWD9JGVGVBWZJNFCX,SP19B7JPCGVBP2TEZ32FYHVQPWD9JGVGVBWZJNFCX,collateral,stSTX,2118
9053676,zest-v1,SP19B7JPCGVBP2TEZ32FYHVQPWD9JGVGVBWZJNFCX,SP19B7JPCGVBP2TEZ32FYHVQPWD9JGVGVBWZJNFCX,debt,aeUSDC,86
9053676,zest-v1,SP19B7JPCGVBP2TEZ32FYHVQPWD9JGVGVBWZJNFCX,SP19B7JPCGVBP2TEZ32FYHVQPWD9JGVGVBWZJNFCX,debt_stored,aeUSDC,75
9053676,zest-v1,SP19D19PQW69KV4TJDSXVXCXTDSSX7H08A2Y1E90X,SP19D19PQW69KV4TJDSXVXCXTDSSX7H08A2Y1E90X,collateral,stSTX,12778357
9053676,zest-v1,SP19D19PQW69KV4TJDSXVXCXTDSSX7H08A2Y1E90X,SP19D19PQW69KV4TJDSXVXCXTDSSX7H08A2Y1E90X,debt,USDH,175866581
9053676,zest-v1,SP19D19PQW69KV4TJDSXVXCXTDSSX7H08A2Y1E90X,SP19D19PQW69KV4TJDSXVXCXTDSSX7H08A2Y1E90X,debt_stored,USDH,174518482
9053676,zest-v1,SP19EC75DBV7BXMEHGW7XFM2G4NM5R8Y31T06BJK5,SP19EC75DBV7BXMEHGW7XFM2G4NM5R8Y31T06BJK5,collateral,stSTX,5008895
9053676,zest-v1,SP19EC75DBV7BXMEHGW7XFM2G4NM5R8Y31T06BJK5,SP19EC75DBV7BXMEHGW7XFM2G4NM5R8Y31T06BJK5,debt,STX,1165880
9053676,zest-v1,SP19EC75DBV7BXMEHGW7XFM2G4NM5R8Y31T06BJK5,SP19EC75DBV7BXMEHGW7XFM2G4NM5R8Y31T06BJK5,debt_stored,STX,1000000
9053676,zest-v1,SP19ECAYACEGGD56T9CFNGRQJC32F8P1H50EATCHX,SP19ECAYACEGGD56T9CFNGRQJC32F8P1H50EATCHX,collateral,STX,4002861
9053676,zest-v1,SP19ECAYACEGGD56T9CFNGRQJC32F8P1H50EATCHX,SP19ECAYACEGGD56T9CFNGRQJC32F8P1H50EATCHX,debt,USDH,59743719
9053676,zest-v1,SP19ECAYACEGGD56T9CFNGRQJC32F8P1H50EATCHX,SP19ECAYACEGGD56T9CFNGRQJC32F8P1H50EATCHX,debt,stSTX,14
9053676,zest-v1,SP19ECAYACEGGD56T9CFNGRQJC32F8P1H50EATCHX,SP19ECAYACEGGD56T9CFNGRQJC32F8P1H50EATCHX,debt_stored,USDH,52310400
9053676,zest-v1,SP19ECAYACEGGD56T9CFNGRQJC32F8P1H50EATCHX,SP19ECAYACEGGD56T9CFNGRQJC32F8P1H50EATCHX,debt_stored,stSTX,13
9053676,zest-v1,SP19JJBMB7B5BZ8ZENAFREFWZ4YPDDBV1FDE07264,SP19JJBMB7B5BZ8ZENAFREFWZ4YPDDBV1FDE07264,collateral,stSTX,129793056
9053676,zest-v1,SP19JJBMB7B5BZ8ZENAFREFWZ4YPDDBV1FDE07264,SP19JJBMB7B5BZ8ZENAFREFWZ4YPDDBV1FDE07264,debt,STX,58779427
9053676,zest-v1,SP19JJBMB7B5BZ8ZENAFREFWZ4YPDDBV1FDE07264,SP19JJBMB7B5BZ8ZENAFREFWZ4YPDDBV1FDE07264,debt,stSTX,9
9053676,zest-v1,SP19JJBMB7B5BZ8ZENAFREFWZ4YPDDBV1FDE07264,SP19JJBMB7B5BZ8ZENAFREFWZ4YPDDBV1FDE07264,debt_stored,STX,52000000
9053676,zest-v1,SP19JJBMB7B5BZ8ZENAFREFWZ4YPDDBV1FDE07264,SP19JJBMB7B5BZ8ZENAFREFWZ4YPDDBV1FDE07264,debt_stored,stSTX,8
9053676,zest-v1,SP19V54WD431PG6VCS5NE31BAWVQ9DB4WVHN5Z579,SP19V54WD431PG6VCS5NE31BAWVQ9DB4WVHN5Z579,collateral,USDH,7284847843
9053676,zest-v1,SP19V54WD431PG6VCS5NE31BAWVQ9DB4WVHN5Z579,SP19V54WD431PG6VCS5NE31BAWVQ9DB4WVHN5Z579,collateral,aeUSDC,10560771
9053676,zest-v1,SP19V54WD431PG6VCS5NE31BAWVQ9DB4WVHN5Z579,SP19V54WD431PG6VCS5NE31BAWVQ9DB4WVHN5Z579,collateral,stSTX,80251515
9053676,zest-v1,SP19V54WD431PG6VCS5NE31BAWVQ9DB4WVHN5Z579,SP19V54WD431PG6VCS5NE31BAWVQ9DB4WVHN5Z579,debt,STX,6264733
9053676,zest-v1,SP19V54WD431PG6VCS5NE31BAWVQ9DB4WVHN5Z579,SP19V54WD431PG6VCS5NE31BAWVQ9DB4WVHN5Z579,debt,USDH,175734908
9053676,zest-v1,SP19V54WD431PG6VCS5NE31BAWVQ9DB4WVHN5Z579,SP19V54WD431PG6VCS5NE31BAWVQ9DB4WVHN5Z579,debt,aeUSDC,6044714
9053676,zest-v1,SP19V54WD431PG6VCS5NE31BAWVQ9DB4WVHN5Z579,SP19V54WD431PG6VCS5NE31BAWVQ9DB4WVHN5Z579,debt_stored,STX,6227720
9053676,zest-v1,SP19V54WD431PG6VCS5NE31BAWVQ9DB4WVHN5Z579,SP19V54WD431PG6VCS5NE31BAWVQ9DB4WVHN5Z579,debt_stored,USDH,174671928
9053676,zest-v1,SP19V54WD431PG6VCS5NE31BAWVQ9DB4WVHN5Z579,SP19V54WD431PG6VCS5NE31BAWVQ9DB4WVHN5Z579,debt_stored,aeUSDC,5975268
9053676,zest-v1,SP19VP6TGY5JS6YEFBZHMB1DRAVJE8F49HJ7N3ANN,SP19VP6TGY5JS6YEFBZHMB1DRAVJE8F49HJ7N3ANN,collateral,STX,3396759
9053676,zest-v1,SP19VP6TGY5JS6YEFBZHMB1DRAVJE8F49HJ7N3ANN,SP19VP6TGY5JS6YEFBZHMB1DRAVJE8F49HJ7N3ANN,debt,aeUSDC,770615
9053676,zest-v1,SP19VP6TGY5JS6YEFBZHMB1DRAVJE8F49HJ7N3ANN,SP19VP6TGY5JS6YEFBZHMB1DRAVJE8F49HJ7N3ANN,debt_stored,aeUSDC,726695
9053676,zest-v1,SP1A02Z9HE18BXC2800RWXDQW4N7Y128CQHYKG8T5,SP1A02Z9HE18BXC2800RWXDQW4N7Y128CQHYKG8T5,collateral,aeUSDC,6320243
9053676,zest-v1,SP1A02Z9HE18BXC2800RWXDQW4N7Y128CQHYKG8T5,SP1A02Z9HE18BXC2800RWXDQW4N7Y128CQHYKG8T5,collateral,stSTX,2023735
9053676,zest-v1,SP1A02Z9HE18BXC2800RWXDQW4N7Y128CQHYKG8T5,SP1A02Z9HE18BXC2800RWXDQW4N7Y128CQHYKG8T5,debt,aeUSDC,874239
9053676,zest-v1,SP1A02Z9HE18BXC2800RWXDQW4N7Y128CQHYKG8T5,SP1A02Z9HE18BXC2800RWXDQW4N7Y128CQHYKG8T5,debt_stored,aeUSDC,788575
9053676,zest-v1,SP1A0KMTXFG8R9974ZH1ZJPVCXWVPQ1PEG62D9JQZ,SP1A0KMTXFG8R9974ZH1ZJPVCXWVPQ1PEG62D9JQZ,collateral,STX,34508892
9053676,zest-v1,SP1A0KMTXFG8R9974ZH1ZJPVCXWVPQ1PEG62D9JQZ,SP1A0KMTXFG8R9974ZH1ZJPVCXWVPQ1PEG62D9JQZ,collateral,stSTX,3005150
9053676,zest-v1,SP1A0KMTXFG8R9974ZH1ZJPVCXWVPQ1PEG62D9JQZ,SP1A0KMTXFG8R9974ZH1ZJPVCXWVPQ1PEG62D9JQZ,debt,stSTX,3135309
9053676,zest-v1,SP1A0KMTXFG8R9974ZH1ZJPVCXWVPQ1PEG62D9JQZ,SP1A0KMTXFG8R9974ZH1ZJPVCXWVPQ1PEG62D9JQZ,debt_stored,stSTX,3000000
9053676,zest-v1,SP1A0T49CAVT2Q2WS3NJQWJXRR47GG2XMZ2Q2XK7F,SP1A0T49CAVT2Q2WS3NJQWJXRR47GG2XMZ2Q2XK7F,collateral,stSTX,51090903
9053676,zest-v1,SP1A0T49CAVT2Q2WS3NJQWJXRR47GG2XMZ2Q2XK7F,SP1A0T49CAVT2Q2WS3NJQWJXRR47GG2XMZ2Q2XK7F,debt,aeUSDC,453
9053676,zest-v1,SP1A0T49CAVT2Q2WS3NJQWJXRR47GG2XMZ2Q2XK7F,SP1A0T49CAVT2Q2WS3NJQWJXRR47GG2XMZ2Q2XK7F,debt_stored,aeUSDC,340
9053676,zest-v1,SP1A2XFKZ9KG3Y9SSJK7WMJFJM7RA71M5AR1V5GB,SP1A2XFKZ9KG3Y9SSJK7WMJFJM7RA71M5AR1V5GB,collateral,STX,1068324
9053676,zest-v1,SP1A2XFKZ9KG3Y9SSJK7WMJFJM7RA71M5AR1V5GB,SP1A2XFKZ9KG3Y9SSJK7WMJFJM7RA71M5AR1V5GB,debt,STX,115764
9053676,zest-v1,SP1A2XFKZ9KG3Y9SSJK7WMJFJM7RA71M5AR1V5GB,SP1A2XFKZ9KG3Y9SSJK7WMJFJM7RA71M5AR1V5GB,debt_stored,STX,100000
9053676,zest-v1,SP1A3C02M44YXV6NB049PSBE2V7PZ6MNMAK4Q9AZF,SP1A3C02M44YXV6NB049PSBE2V7PZ6MNMAK4Q9AZF,collateral,stSTX,41892
9053676,zest-v1,SP1A3C02M44YXV6NB049PSBE2V7PZ6MNMAK4Q9AZF,SP1A3C02M44YXV6NB049PSBE2V7PZ6MNMAK4Q9AZF,debt,STX,150
9053676,zest-v1,SP1A3C02M44YXV6NB049PSBE2V7PZ6MNMAK4Q9AZF,SP1A3C02M44YXV6NB049PSBE2V7PZ6MNMAK4Q9AZF,debt_stored,STX,134
9053676,zest-v1,SP1A4MBYCB2DKM0HCVPTCKWBVSAD0J73KWVRJ8RWF,SP1A4MBYCB2DKM0HCVPTCKWBVSAD0J73KWVRJ8RWF,collateral,STX,31306151
9053676,zest-v1,SP1A4MBYCB2DKM0HCVPTCKWBVSAD0J73KWVRJ8RWF,SP1A4MBYCB2DKM0HCVPTCKWBVSAD0J73KWVRJ8RWF,collateral,stSTX,37403648
9053676,zest-v1,SP1A4MBYCB2DKM0HCVPTCKWBVSAD0J73KWVRJ8RWF,SP1A4MBYCB2DKM0HCVPTCKWBVSAD0J73KWVRJ8RWF,debt,STX,11034994
9053676,zest-v1,SP1A4MBYCB2DKM0HCVPTCKWBVSAD0J73KWVRJ8RWF,SP1A4MBYCB2DKM0HCVPTCKWBVSAD0J73KWVRJ8RWF,debt_stored,STX,9410160
9053676,zest-v1,SP1A7N0043HV6HZVGK3MWYEGTJ0Z6CDZ3CTR7KMXA,SP1A7N0043HV6HZVGK3MWYEGTJ0Z6CDZ3CTR7KMXA,collateral,stSTX,5583863
9053676,zest-v1,SP1A7N0043HV6HZVGK3MWYEGTJ0Z6CDZ3CTR7KMXA,SP1A7N0043HV6HZVGK3MWYEGTJ0Z6CDZ3CTR7KMXA,debt,STX,1762274
9053676,zest-v1,SP1A7N0043HV6HZVGK3MWYEGTJ0Z6CDZ3CTR7KMXA,SP1A7N0043HV6HZVGK3MWYEGTJ0Z6CDZ3CTR7KMXA,debt,aeUSDC,830823
9053676,zest-v1,SP1A7N0043HV6HZVGK3MWYEGTJ0Z6CDZ3CTR7KMXA,SP1A7N0043HV6HZVGK3MWYEGTJ0Z6CDZ3CTR7KMXA,debt_stored,STX,1673582
9053676,zest-v1,SP1A7N0043HV6HZVGK3MWYEGTJ0Z6CDZ3CTR7KMXA,SP1A7N0043HV6HZVGK3MWYEGTJ0Z6CDZ3CTR7KMXA,debt_stored,aeUSDC,783363
9053676,zest-v1,SP1A9NJCYPQ8B0B8Q1ETG55T8YYG7X3S5EBEHZXMS,SP1A9NJCYPQ8B0B8Q1ETG55T8YYG7X3S5EBEHZXMS,collateral,stSTX,3079154
9053676,zest-v1,SP1A9NJCYPQ8B0B8Q1ETG55T8YYG7X3S5EBEHZXMS,SP1A9NJCYPQ8B0B8Q1ETG55T8YYG7X3S5EBEHZXMS,debt,stSTX,1604494
9053676,zest-v1,SP1A9NJCYPQ8B0B8Q1ETG55T8YYG7X3S5EBEHZXMS,SP1A9NJCYPQ8B0B8Q1ETG55T8YYG7X3S5EBEHZXMS,debt_stored,stSTX,1536019
9053676,zest-v1,SP1AAHHRZ4D47AAGAC74JFMEF70CRE93TVRHG2GZR,SP1AAHHRZ4D47AAGAC74JFMEF70CRE93TVRHG2GZR,collateral,stSTX,125222802
9053676,zest-v1,SP1AAHHRZ4D47AAGAC74JFMEF70CRE93TVRHG2GZR,SP1AAHHRZ4D47AAGAC74JFMEF70CRE93TVRHG2GZR,debt,STX,69216287
9053676,zest-v1,SP1AAHHRZ4D47AAGAC74JFMEF70CRE93TVRHG2GZR,SP1AAHHRZ4D47AAGAC74JFMEF70CRE93TVRHG2GZR,debt,aeUSDC,3599381
9053676,zest-v1,SP1AAHHRZ4D47AAGAC74JFMEF70CRE93TVRHG2GZR,SP1AAHHRZ4D47AAGAC74JFMEF70CRE93TVRHG2GZR,debt_stored,STX,58000000
9053676,zest-v1,SP1AAHHRZ4D47AAGAC74JFMEF70CRE93TVRHG2GZR,SP1AAHHRZ4D47AAGAC74JFMEF70CRE93TVRHG2GZR,debt_stored,aeUSDC,2643138
9053676,zest-v1,SP1ACH08CD1FGTR0P7X1E7JNK5HYMYJPZF48X1NAE,SP1ACH08CD1FGTR0P7X1E7JNK5HYMYJPZF48X1NAE,collateral,stSTX,1001779
9053676,zest-v1,SP1ACH08CD1FGTR0P7X1E7JNK5HYMYJPZF48X1NAE,SP1ACH08CD1FGTR0P7X1E7JNK5HYMYJPZF48X1NAE,debt,STX,233174
9053676,zest-v1,SP1ACH08CD1FGTR0P7X1E7JNK5HYMYJPZF48X1NAE,SP1ACH08CD1FGTR0P7X1E7JNK5HYMYJPZF48X1NAE,debt_stored,STX,200000
9053676,zest-v1,SP1AEBF4EB838CWQ3W4HJ596MYDN4KQ2N3DXGE6XC,SP1AEBF4EB838CWQ3W4HJ596MYDN4KQ2N3DXGE6XC,collateral,stSTX,26524306
9053676,zest-v1,SP1AEBF4EB838CWQ3W4HJ596MYDN4KQ2N3DXGE6XC,SP1AEBF4EB838CWQ3W4HJ596MYDN4KQ2N3DXGE6XC,debt,STX,10458232
9053676,zest-v1,SP1AEBF4EB838CWQ3W4HJ596MYDN4KQ2N3DXGE6XC,SP1AEBF4EB838CWQ3W4HJ596MYDN4KQ2N3DXGE6XC,debt_stored,STX,9000000
9053676,zest-v1,SP1AEFS4DFN77S096X55273MZX8CHW8Q2VGJKQWVA,SP1AEFS4DFN77S096X55273MZX8CHW8Q2VGJKQWVA,collateral,stSTX,1152401744
9053676,zest-v1,SP1AEFS4DFN77S096X55273MZX8CHW8Q2VGJKQWVA,SP1AEFS4DFN77S096X55273MZX8CHW8Q2VGJKQWVA,debt,stSTX,529723024
9053676,zest-v1,SP1AEFS4DFN77S096X55273MZX8CHW8Q2VGJKQWVA,SP1AEFS4DFN77S096X55273MZX8CHW8Q2VGJKQWVA,debt_stored,stSTX,507881908
9053676,zest-v1,SP1AK1KCKKB6T0EKA86K1DHPRFZ670A1VSSVNV290,SP1AK1KCKKB6T0EKA86K1DHPRFZ670A1VSSVNV290,collateral,STX,19708793
9053676,zest-v1,SP1AK1KCKKB6T0EKA86K1DHPRFZ670A1VSSVNV290,SP1AK1KCKKB6T0EKA86K1DHPRFZ670A1VSSVNV290,debt,aeUSDC,1935442
9053676,zest-v1,SP1AK1KCKKB6T0EKA86K1DHPRFZ670A1VSSVNV290,SP1AK1KCKKB6T0EKA86K1DHPRFZ670A1VSSVNV290,debt_stored,aeUSDC,1904585
9053676,zest-v1,SP1AMRSG2DZE6SKWSTJJ5C0GGVVXQMFH2JR1ZNVXM,SP1AMRSG2DZE6SKWSTJJ5C0GGVVXQMFH2JR1ZNVXM,collateral,stSTX,4033
9053676,zest-v1,SP1AMRSG2DZE6SKWSTJJ5C0GGVVXQMFH2JR1ZNVXM,SP1AMRSG2DZE6SKWSTJJ5C0GGVVXQMFH2JR1ZNVXM,debt,stSTX,23
9053676,zest-v1,SP1AMRSG2DZE6SKWSTJJ5C0GGVVXQMFH2JR1ZNVXM,SP1AMRSG2DZE6SKWSTJJ5C0GGVVXQMFH2JR1ZNVXM,debt_stored,stSTX,22
9053676,zest-v1,SP1AQE6H9S85V6S9AXEQ2FAZ6EMC2M83YJM3DKJ47,SP1AQE6H9S85V6S9AXEQ2FAZ6EMC2M83YJM3DKJ47,collateral,stSTX,235323
9053676,zest-v1,SP1AQE6H9S85V6S9AXEQ2FAZ6EMC2M83YJM3DKJ47,SP1AQE6H9S85V6S9AXEQ2FAZ6EMC2M83YJM3DKJ47,debt,STX,134829
9053676,zest-v1,SP1AQE6H9S85V6S9AXEQ2FAZ6EMC2M83YJM3DKJ47,SP1AQE6H9S85V6S9AXEQ2FAZ6EMC2M83YJM3DKJ47,debt_stored,STX,120000
9053676,zest-v1,SP1AQGDVHGD26NGP5SGVZ85NP6RGPE8DZ57CES1D1,SP1AQGDVHGD26NGP5SGVZ85NP6RGPE8DZ57CES1D1,collateral,stSTX,90705481
9053676,zest-v1,SP1AQGDVHGD26NGP5SGVZ85NP6RGPE8DZ57CES1D1,SP1AQGDVHGD26NGP5SGVZ85NP6RGPE8DZ57CES1D1,debt,STX,59762850
9053676,zest-v1,SP1AQGDVHGD26NGP5SGVZ85NP6RGPE8DZ57CES1D1,SP1AQGDVHGD26NGP5SGVZ85NP6RGPE8DZ57CES1D1,debt,stSTX,956922
9053676,zest-v1,SP1AQGDVHGD26NGP5SGVZ85NP6RGPE8DZ57CES1D1,SP1AQGDVHGD26NGP5SGVZ85NP6RGPE8DZ57CES1D1,debt_stored,STX,59409181
9053676,zest-v1,SP1AQGDVHGD26NGP5SGVZ85NP6RGPE8DZ57CES1D1,SP1AQGDVHGD26NGP5SGVZ85NP6RGPE8DZ57CES1D1,debt_stored,stSTX,912615
9053676,zest-v1,SP1ASGET1H4KYN7T6CHS2TAXSCASY9WSK37F276N8,SP1ASGET1H4KYN7T6CHS2TAXSCASY9WSK37F276N8,collateral,stSTX,189395857
9053676,zest-v1,SP1ASGET1H4KYN7T6CHS2TAXSCASY9WSK37F276N8,SP1ASGET1H4KYN7T6CHS2TAXSCASY9WSK37F276N8,debt,stSTX,91887256
9053676,zest-v1,SP1ASGET1H4KYN7T6CHS2TAXSCASY9WSK37F276N8,SP1ASGET1H4KYN7T6CHS2TAXSCASY9WSK37F276N8,debt_stored,stSTX,88067808
9053676,zest-v1,SP1AVKGHDB8W0C0WKA65H68HZPY45TRTMXYZV57AK,SP1AVKGHDB8W0C0WKA65H68HZPY45TRTMXYZV57AK,collateral,stSTX,100178082
9053676,zest-v1,SP1AVKGHDB8W0C0WKA65H68HZPY45TRTMXYZV57AK,SP1AVKGHDB8W0C0WKA65H68HZPY45TRTMXYZV57AK,debt,stSTX,20969733
9053676,zest-v1,SP1AVKGHDB8W0C0WKA65H68HZPY45TRTMXYZV57AK,SP1AVKGHDB8W0C0WKA65H68HZPY45TRTMXYZV57AK,debt_stored,stSTX,20000000
9053676,zest-v1,SP1AWFA1CJ71Y306NZJ3JVFC3PHGH5QW8D8JVXW8W,SP1AWFA1CJ71Y306NZJ3JVFC3PHGH5QW8D8JVXW8W,collateral,stSTX,10120945
9053676,zest-v1,SP1AWFA1CJ71Y306NZJ3JVFC3PHGH5QW8D8JVXW8W,SP1AWFA1CJ71Y306NZJ3JVFC3PHGH5QW8D8JVXW8W,debt,aeUSDC,2524
9053676,zest-v1,SP1AWFA1CJ71Y306NZJ3JVFC3PHGH5QW8D8JVXW8W,SP1AWFA1CJ71Y306NZJ3JVFC3PHGH5QW8D8JVXW8W,debt_stored,aeUSDC,2143
9053676,zest-v1,SP1B3VQQNPV28JWT4RPRHS9VSDB9Z3E4TP1BFY4R8,SP1B3VQQNPV28JWT4RPRHS9VSDB9Z3E4TP1BFY4R8,collateral,STX,2447963
9053676,zest-v1,SP1B3VQQNPV28JWT4RPRHS9VSDB9Z3E4TP1BFY4R8,SP1B3VQQNPV28JWT4RPRHS9VSDB9Z3E4TP1BFY4R8,debt,sBTC,536
9053676,zest-v1,SP1B3VQQNPV28JWT4RPRHS9VSDB9Z3E4TP1BFY4R8,SP1B3VQQNPV28JWT4RPRHS9VSDB9Z3E4TP1BFY4R8,debt_stored,sBTC,518
9053676,zest-v1,SP1BBWNR5ND5XFZH1JW15SXSTKBV3YKCZB53DNM8W,SP1BBWNR5ND5XFZH1JW15SXSTKBV3YKCZB53DNM8W,collateral,STX,1386515
9053676,zest-v1,SP1BBWNR5ND5XFZH1JW15SXSTKBV3YKCZB53DNM8W,SP1BBWNR5ND5XFZH1JW15SXSTKBV3YKCZB53DNM8W,debt,STX,25842
9053676,zest-v1,SP1BBWNR5ND5XFZH1JW15SXSTKBV3YKCZB53DNM8W,SP1BBWNR5ND5XFZH1JW15SXSTKBV3YKCZB53DNM8W,debt_stored,STX,23000
9053676,zest-v1,SP1BCG1NS7VTHSD12EFKMCTQTG4X2CXVR40J4PZS2,SP1BCG1NS7VTHSD12EFKMCTQTG4X2CXVR40J4PZS2,collateral,stSTX,209824085
9053676,zest-v1,SP1BCG1NS7VTHSD12EFKMCTQTG4X2CXVR40J4PZS2,SP1BCG1NS7VTHSD12EFKMCTQTG4X2CXVR40J4PZS2,debt,stSTX,109046239
9053676,zest-v1,SP1BCG1NS7VTHSD12EFKMCTQTG4X2CXVR40J4PZS2,SP1BCG1NS7VTHSD12EFKMCTQTG4X2CXVR40J4PZS2,debt_stored,stSTX,104000000
9053676,zest-v1,SP1BGEZ7BC5Y4Q8GR9S8D04A2BHYEHKR5MYFMJTV8,SP1BGEZ7BC5Y4Q8GR9S8D04A2BHYEHKR5MYFMJTV8,collateral,stSTX,4370
9053676,zest-v1,SP1BGEZ7BC5Y4Q8GR9S8D04A2BHYEHKR5MYFMJTV8,SP1BGEZ7BC5Y4Q8GR9S8D04A2BHYEHKR5MYFMJTV8,debt,stSTX,8
9053676,zest-v1,SP1BGEZ7BC5Y4Q8GR9S8D04A2BHYEHKR5MYFMJTV8,SP1BGEZ7BC5Y4Q8GR9S8D04A2BHYEHKR5MYFMJTV8,debt_stored,stSTX,7
9053676,zest-v1,SP1BKCYPZR74V7WGREYGTN6HX40W66NZ51SJ39XWG,SP1BKCYPZR74V7WGREYGTN6HX40W66NZ51SJ39XWG,collateral,stSTX,1101960
9053676,zest-v1,SP1BKCYPZR74V7WGREYGTN6HX40W66NZ51SJ39XWG,SP1BKCYPZR74V7WGREYGTN6HX40W66NZ51SJ39XWG,debt,STX,117305
9053676,zest-v1,SP1BKCYPZR74V7WGREYGTN6HX40W66NZ51SJ39XWG,SP1BKCYPZR74V7WGREYGTN6HX40W66NZ51SJ39XWG,debt_stored,STX,100000
9053676,zest-v1,SP1BNF6VVD3PE2XEFMYPGVS21PE6CJBRTQ4PTGDFK,SP1BNF6VVD3PE2XEFMYPGVS21PE6CJBRTQ4PTGDFK,collateral,STX,598710
9053676,zest-v1,SP1BNF6VVD3PE2XEFMYPGVS21PE6CJBRTQ4PTGDFK,SP1BNF6VVD3PE2XEFMYPGVS21PE6CJBRTQ4PTGDFK,debt,STX,20223
9053676,zest-v1,SP1BNF6VVD3PE2XEFMYPGVS21PE6CJBRTQ4PTGDFK,SP1BNF6VVD3PE2XEFMYPGVS21PE6CJBRTQ4PTGDFK,debt_stored,STX,18000
9053676,zest-v1,SP1BQBW16Y1PY48M0F5JFWP46076TK7TH5XTSC6Z7,SP1BQBW16Y1PY48M0F5JFWP46076TK7TH5XTSC6Z7,collateral,STX,70835071
9053676,zest-v1,SP1BQBW16Y1PY48M0F5JFWP46076TK7TH5XTSC6Z7,SP1BQBW16Y1PY48M0F5JFWP46076TK7TH5XTSC6Z7,collateral,stSTX,50631779
9053676,zest-v1,SP1BQBW16Y1PY48M0F5JFWP46076TK7TH5XTSC6Z7,SP1BQBW16Y1PY48M0F5JFWP46076TK7TH5XTSC6Z7,debt,STX,14109199
9053676,zest-v1,SP1BQBW16Y1PY48M0F5JFWP46076TK7TH5XTSC6Z7,SP1BQBW16Y1PY48M0F5JFWP46076TK7TH5XTSC6Z7,debt_stored,STX,12000000
9053676,zest-v1,SP1BZWYYK75ZJGMPHR8ZT5JVW62DRA816VZ9TR0TK,SP1BZWYYK75ZJGMPHR8ZT5JVW62DRA816VZ9TR0TK,collateral,STX,79487
9053676,zest-v1,SP1BZWYYK75ZJGMPHR8ZT5JVW62DRA816VZ9TR0TK,SP1BZWYYK75ZJGMPHR8ZT5JVW62DRA816VZ9TR0TK,debt,aeUSDC,58
9053676,zest-v1,SP1BZWYYK75ZJGMPHR8ZT5JVW62DRA816VZ9TR0TK,SP1BZWYYK75ZJGMPHR8ZT5JVW62DRA816VZ9TR0TK,debt_stored,aeUSDC,53
9053676,zest-v1,SP1C3RX6Y4M3E2SK305WY65VFWD956GWEGZPSSEVB,SP1C3RX6Y4M3E2SK305WY65VFWD956GWEGZPSSEVB,debt,STX,1172471
9053676,zest-v1,SP1C3RX6Y4M3E2SK305WY65VFWD956GWEGZPSSEVB,SP1C3RX6Y4M3E2SK305WY65VFWD956GWEGZPSSEVB,debt_stored,STX,1000000
9053676,zest-v1,SP1C4ZN118N6TV5B375WJJWW0Y7PE919FSN9S2PGQ,SP1C4ZN118N6TV5B375WJJWW0Y7PE919FSN9S2PGQ,collateral,stSTX,54104
9053676,zest-v1,SP1C4ZN118N6TV5B375WJJWW0Y7PE919FSN9S2PGQ,SP1C4ZN118N6TV5B375WJJWW0Y7PE919FSN9S2PGQ,debt,aeUSDC,44413
9053676,zest-v1,SP1C4ZN118N6TV5B375WJJWW0Y7PE919FSN9S2PGQ,SP1C4ZN118N6TV5B375WJJWW0Y7PE919FSN9S2PGQ,debt_stored,aeUSDC,33477
9053676,zest-v1,SP1C7AJ04AKA9KAGB41MG2D6W37GYFEXV7R2PBSSJ,SP1C7AJ04AKA9KAGB41MG2D6W37GYFEXV7R2PBSSJ,collateral,STX,619730
9053676,zest-v1,SP1C7AJ04AKA9KAGB41MG2D6W37GYFEXV7R2PBSSJ,SP1C7AJ04AKA9KAGB41MG2D6W37GYFEXV7R2PBSSJ,debt,STX,125855
9053676,zest-v1,SP1C7AJ04AKA9KAGB41MG2D6W37GYFEXV7R2PBSSJ,SP1C7AJ04AKA9KAGB41MG2D6W37GYFEXV7R2PBSSJ,debt_stored,STX,112017
9053676,zest-v1,SP1CC4F8MVMFKJ3PVMGXJZEC2ZCPV6MMGVF921Y3M,SP1CC4F8MVMFKJ3PVMGXJZEC2ZCPV6MMGVF921Y3M,collateral,STX,1073216450
9053676,zest-v1,SP1CC4F8MVMFKJ3PVMGXJZEC2ZCPV6MMGVF921Y3M,SP1CC4F8MVMFKJ3PVMGXJZEC2ZCPV6MMGVF921Y3M,collateral,stSTX,1002784202
9053676,zest-v1,SP1CC4F8MVMFKJ3PVMGXJZEC2ZCPV6MMGVF921Y3M,SP1CC4F8MVMFKJ3PVMGXJZEC2ZCPV6MMGVF921Y3M,debt,STX,470248864
9053676,zest-v1,SP1CC4F8MVMFKJ3PVMGXJZEC2ZCPV6MMGVF921Y3M,SP1CC4F8MVMFKJ3PVMGXJZEC2ZCPV6MMGVF921Y3M,debt_stored,STX,400000000
9053676,zest-v1,SP1CCVPBKXT69WRP8VKSK2VJ5W0M5MTBHG2HPS962,SP1CCVPBKXT69WRP8VKSK2VJ5W0M5MTBHG2HPS962,collateral,stSTX,1585
9053676,zest-v1,SP1CCVPBKXT69WRP8VKSK2VJ5W0M5MTBHG2HPS962,SP1CCVPBKXT69WRP8VKSK2VJ5W0M5MTBHG2HPS962,debt,stSTX,20
9053676,zest-v1,SP1CCVPBKXT69WRP8VKSK2VJ5W0M5MTBHG2HPS962,SP1CCVPBKXT69WRP8VKSK2VJ5W0M5MTBHG2HPS962,debt_stored,stSTX,19
9053676,zest-v1,SP1CDNKMQ473VC0TSKTDWZ2AC6CF4Q2E7Q2FFFG9J,SP1CDNKMQ473VC0TSKTDWZ2AC6CF4Q2E7Q2FFFG9J,collateral,STX,47898
9053676,zest-v1,SP1CDNKMQ473VC0TSKTDWZ2AC6CF4Q2E7Q2FFFG9J,SP1CDNKMQ473VC0TSKTDWZ2AC6CF4Q2E7Q2FFFG9J,debt,stSTX,251
9053676,zest-v1,SP1CDNKMQ473VC0TSKTDWZ2AC6CF4Q2E7Q2FFFG9J,SP1CDNKMQ473VC0TSKTDWZ2AC6CF4Q2E7Q2FFFG9J,debt_stored,stSTX,240
9053676,zest-v1,SP1CFYP0E00YWR57Q655YQYZWXVHPF8AXVSJA82QC,SP1CFYP0E00YWR57Q655YQYZWXVHPF8AXVSJA82QC,collateral,stSTX,10518550
9053676,zest-v1,SP1CFYP0E00YWR57Q655YQYZWXVHPF8AXVSJA82QC,SP1CFYP0E00YWR57Q655YQYZWXVHPF8AXVSJA82QC,debt,STX,3409279
9053676,zest-v1,SP1CFYP0E00YWR57Q655YQYZWXVHPF8AXVSJA82QC,SP1CFYP0E00YWR57Q655YQYZWXVHPF8AXVSJA82QC,debt_stored,STX,3000000
9053676,zest-v1,SP1CH3JGDJVWX8GYHD0BGF3HQ7QTZ7ZQ0YEJH22M,SP1CH3JGDJVWX8GYHD0BGF3HQ7QTZ7ZQ0YEJH22M,collateral,stSTX,75815940
9053676,zest-v1,SP1CH3JGDJVWX8GYHD0BGF3HQ7QTZ7ZQ0YEJH22M,SP1CH3JGDJVWX8GYHD0BGF3HQ7QTZ7ZQ0YEJH22M,debt,STX,44945871
9053676,zest-v1,SP1CH3JGDJVWX8GYHD0BGF3HQ7QTZ7ZQ0YEJH22M,SP1CH3JGDJVWX8GYHD0BGF3HQ7QTZ7ZQ0YEJH22M,debt_stored,STX,39363489
9053676,zest-v1,SP1CPCHYC3587VW9KXFMM6CYFGQSHYVFVM4YJ64KV,SP1CPCHYC3587VW9KXFMM6CYFGQSHYVFVM4YJ64KV,collateral,stSTX,205
9053676,zest-v1,SP1CPCHYC3587VW9KXFMM6CYFGQSHYVFVM4YJ64KV,SP1CPCHYC3587VW9KXFMM6CYFGQSHYVFVM4YJ64KV,debt,stSTX,2
9053676,zest-v1,SP1CPCHYC3587VW9KXFMM6CYFGQSHYVFVM4YJ64KV,SP1CPCHYC3587VW9KXFMM6CYFGQSHYVFVM4YJ64KV,debt_stored,stSTX,1
9053676,zest-v1,SP1CQ0KPN64TZTPFCHF6K8FCX8H3Q54BPWW5DQ7WF,SP1CQ0KPN64TZTPFCHF6K8FCX8H3Q54BPWW5DQ7WF,collateral,sBTC,8
9053676,zest-v1,SP1CQ0KPN64TZTPFCHF6K8FCX8H3Q54BPWW5DQ7WF,SP1CQ0KPN64TZTPFCHF6K8FCX8H3Q54BPWW5DQ7WF,debt,USDH,605487
9053676,zest-v1,SP1CQ0KPN64TZTPFCHF6K8FCX8H3Q54BPWW5DQ7WF,SP1CQ0KPN64TZTPFCHF6K8FCX8H3Q54BPWW5DQ7WF,debt_stored,USDH,560020
9053676,zest-v1,SP1CQXF17BARCXH5FVWJ9RT84PE7SNCNNF4PTTYW6,SP1CQXF17BARCXH5FVWJ9RT84PE7SNCNNF4PTTYW6,collateral,stSTX,207186086
9053676,zest-v1,SP1CQXF17BARCXH5FVWJ9RT84PE7SNCNNF4PTTYW6,SP1CQXF17BARCXH5FVWJ9RT84PE7SNCNNF4PTTYW6,debt,stSTX,81494123
9053676,zest-v1,SP1CQXF17BARCXH5FVWJ9RT84PE7SNCNNF4PTTYW6,SP1CQXF17BARCXH5FVWJ9RT84PE7SNCNNF4PTTYW6,debt_stored,stSTX,77971553
9053676,zest-v1,SP1CW0XDACDGQQWTT751T6JFJ01JNMZJQEPRN92Y2,SP1CW0XDACDGQQWTT751T6JFJ01JNMZJQEPRN92Y2,collateral,USDH,10707564300
9053676,zest-v1,SP1CW0XDACDGQQWTT751T6JFJ01JNMZJQEPRN92Y2,SP1CW0XDACDGQQWTT751T6JFJ01JNMZJQEPRN92Y2,debt,USDH,251776194
9053676,zest-v1,SP1CW0XDACDGQQWTT751T6JFJ01JNMZJQEPRN92Y2,SP1CW0XDACDGQQWTT751T6JFJ01JNMZJQEPRN92Y2,debt_stored,USDH,224385879
9053676,zest-v1,SP1D1YXHQAR6KJBARGR556FB1WA55R9P372PN86MB,SP1D1YXHQAR6KJBARGR556FB1WA55R9P372PN86MB,collateral,stSTX,4445723
9053676,zest-v1,SP1D1YXHQAR6KJBARGR556FB1WA55R9P372PN86MB,SP1D1YXHQAR6KJBARGR556FB1WA55R9P372PN86MB,debt,sBTC,1202
9053676,zest-v1,SP1D1YXHQAR6KJBARGR556FB1WA55R9P372PN86MB,SP1D1YXHQAR6KJBARGR556FB1WA55R9P372PN86MB,debt_stored,sBTC,1148
9053676,zest-v1,SP1D3HGT89HWFX56YYF02HFH1VZR4EMVDRH86JRF9,SP1D3HGT89HWFX56YYF02HFH1VZR4EMVDRH86JRF9,collateral,stSTX,9992331
9053676,zest-v1,SP1D3HGT89HWFX56YYF02HFH1VZR4EMVDRH86JRF9,SP1D3HGT89HWFX56YYF02HFH1VZR4EMVDRH86JRF9,debt,stSTX,5202598
9053676,zest-v1,SP1D3HGT89HWFX56YYF02HFH1VZR4EMVDRH86JRF9,SP1D3HGT89HWFX56YYF02HFH1VZR4EMVDRH86JRF9,debt_stored,stSTX,4975000
9053676,zest-v1,SP1D5RXTDDMJ1PHJ6QQVDC6GY3QCDVNQPKFWS35FK,SP1D5RXTDDMJ1PHJ6QQVDC6GY3QCDVNQPKFWS35FK,collateral,stSTX,5645081175
9053676,zest-v1,SP1D5RXTDDMJ1PHJ6QQVDC6GY3QCDVNQPKFWS35FK,SP1D5RXTDDMJ1PHJ6QQVDC6GY3QCDVNQPKFWS35FK,debt,aeUSDC,560950845
9053676,zest-v1,SP1D5RXTDDMJ1PHJ6QQVDC6GY3QCDVNQPKFWS35FK,SP1D5RXTDDMJ1PHJ6QQVDC6GY3QCDVNQPKFWS35FK,debt_stored,aeUSDC,525766001
9053676,zest-v1,SP1DA3QCZE3FG9VCZ8V3CWS6QMHYARK0GD26AGQHM,SP1DA3QCZE3FG9VCZ8V3CWS6QMHYARK0GD26AGQHM,collateral,stSTX,353830701
9053676,zest-v1,SP1DA3QCZE3FG9VCZ8V3CWS6QMHYARK0GD26AGQHM,SP1DA3QCZE3FG9VCZ8V3CWS6QMHYARK0GD26AGQHM,debt,STX,1141897
9053676,zest-v1,SP1DA3QCZE3FG9VCZ8V3CWS6QMHYARK0GD26AGQHM,SP1DA3QCZE3FG9VCZ8V3CWS6QMHYARK0GD26AGQHM,debt_stored,STX,973451
9053676,zest-v1,SP1DC7R5978SMVF9SK7PA07WKVD6G1GTJ8FHWKZET,SP1DC7R5978SMVF9SK7PA07WKVD6G1GTJ8FHWKZET,collateral,STX,107325
9053676,zest-v1,SP1DC7R5978SMVF9SK7PA07WKVD6G1GTJ8FHWKZET,SP1DC7R5978SMVF9SK7PA07WKVD6G1GTJ8FHWKZET,debt,aeUSDC,13349
9053676,zest-v1,SP1DC7R5978SMVF9SK7PA07WKVD6G1GTJ8FHWKZET,SP1DC7R5978SMVF9SK7PA07WKVD6G1GTJ8FHWKZET,debt_stored,aeUSDC,10000
9053676,zest-v1,SP1DC9TAV0P22SHK2DN2PAQ8A8PZXKKFWR6NG4G1K,SP1DC9TAV0P22SHK2DN2PAQ8A8PZXKKFWR6NG4G1K,collateral,STX,59484
9053676,zest-v1,SP1DC9TAV0P22SHK2DN2PAQ8A8PZXKKFWR6NG4G1K,SP1DC9TAV0P22SHK2DN2PAQ8A8PZXKKFWR6NG4G1K,debt,stSTX,27530
9053676,zest-v1,SP1DC9TAV0P22SHK2DN2PAQ8A8PZXKKFWR6NG4G1K,SP1DC9TAV0P22SHK2DN2PAQ8A8PZXKKFWR6NG4G1K,debt_stored,stSTX,26363
9053676,zest-v1,SP1DFRYMYTY829Y9ZYH7ZQSWD94M0PZB6R0WEFZHF,SP1DFRYMYTY829Y9ZYH7ZQSWD94M0PZB6R0WEFZHF,collateral,stSTX,161921670
9053676,zest-v1,SP1DFRYMYTY829Y9ZYH7ZQSWD94M0PZB6R0WEFZHF,SP1DFRYMYTY829Y9ZYH7ZQSWD94M0PZB6R0WEFZHF,debt,stSTX,46864237
9053676,zest-v1,SP1DFRYMYTY829Y9ZYH7ZQSWD94M0PZB6R0WEFZHF,SP1DFRYMYTY829Y9ZYH7ZQSWD94M0PZB6R0WEFZHF,debt_stored,stSTX,45000000
9053676,zest-v1,SP1DMY09AC1716AQ4BQ6F9XC4QK5PRT0C4H3AN0SH,SP1DMY09AC1716AQ4BQ6F9XC4QK5PRT0C4H3AN0SH,collateral,STX,45011770
9053676,zest-v1,SP1DMY09AC1716AQ4BQ6F9XC4QK5PRT0C4H3AN0SH,SP1DMY09AC1716AQ4BQ6F9XC4QK5PRT0C4H3AN0SH,collateral,stSTX,12020823
9053676,zest-v1,SP1DMY09AC1716AQ4BQ6F9XC4QK5PRT0C4H3AN0SH,SP1DMY09AC1716AQ4BQ6F9XC4QK5PRT0C4H3AN0SH,debt,aeUSDC,1005113
9053676,zest-v1,SP1DMY09AC1716AQ4BQ6F9XC4QK5PRT0C4H3AN0SH,SP1DMY09AC1716AQ4BQ6F9XC4QK5PRT0C4H3AN0SH,debt,stSTX,12561141
9053676,zest-v1,SP1DMY09AC1716AQ4BQ6F9XC4QK5PRT0C4H3AN0SH,SP1DMY09AC1716AQ4BQ6F9XC4QK5PRT0C4H3AN0SH,debt_stored,aeUSDC,826142
9053676,zest-v1,SP1DMY09AC1716AQ4BQ6F9XC4QK5PRT0C4H3AN0SH,SP1DMY09AC1716AQ4BQ6F9XC4QK5PRT0C4H3AN0SH,debt_stored,stSTX,12012278
9053676,zest-v1,SP1DP772MMNNEA7PVSSKZMZYA0K2PMTF92AYBWDAJ,SP1DP772MMNNEA7PVSSKZMZYA0K2PMTF92AYBWDAJ,collateral,stSTX,92856446
9053676,zest-v1,SP1DP772MMNNEA7PVSSKZMZYA0K2PMTF92AYBWDAJ,SP1DP772MMNNEA7PVSSKZMZYA0K2PMTF92AYBWDAJ,debt,STX,54791086
9053676,zest-v1,SP1DP772MMNNEA7PVSSKZMZYA0K2PMTF92AYBWDAJ,SP1DP772MMNNEA7PVSSKZMZYA0K2PMTF92AYBWDAJ,debt_stored,STX,46632761
9053676,zest-v1,SP1DR90069XVXRQ7ZQPJATABVJF6PFAGJ2FK346FQ,SP1DR90069XVXRQ7ZQPJATABVJF6PFAGJ2FK346FQ,collateral,stSTX,39725407
9053676,zest-v1,SP1DR90069XVXRQ7ZQPJATABVJF6PFAGJ2FK346FQ,SP1DR90069XVXRQ7ZQPJATABVJF6PFAGJ2FK346FQ,debt,STX,17634105
9053676,zest-v1,SP1DR90069XVXRQ7ZQPJATABVJF6PFAGJ2FK346FQ,SP1DR90069XVXRQ7ZQPJATABVJF6PFAGJ2FK346FQ,debt_stored,STX,15000000
9053676,zest-v1,SP1DRS6WVXNRKWAMBR66FJFVM1JRRXJJZVJ1NPVWP,SP1DRS6WVXNRKWAMBR66FJFVM1JRRXJJZVJ1NPVWP,collateral,stSTX,815
9053676,zest-v1,SP1DRS6WVXNRKWAMBR66FJFVM1JRRXJJZVJ1NPVWP,SP1DRS6WVXNRKWAMBR66FJFVM1JRRXJJZVJ1NPVWP,debt,STX,2
9053676,zest-v1,SP1DRS6WVXNRKWAMBR66FJFVM1JRRXJJZVJ1NPVWP,SP1DRS6WVXNRKWAMBR66FJFVM1JRRXJJZVJ1NPVWP,debt_stored,STX,1
9053676,zest-v1,SP1DTNP1973ZGMXPN21RBB4P73Q5G2H4JRMXN35ZR,SP1DTNP1973ZGMXPN21RBB4P73Q5G2H4JRMXN35ZR,collateral,stSTX,7373567625
9053676,zest-v1,SP1DTNP1973ZGMXPN21RBB4P73Q5G2H4JRMXN35ZR,SP1DTNP1973ZGMXPN21RBB4P73Q5G2H4JRMXN35ZR,debt,STX,2913069641
9053676,zest-v1,SP1DTNP1973ZGMXPN21RBB4P73Q5G2H4JRMXN35ZR,SP1DTNP1973ZGMXPN21RBB4P73Q5G2H4JRMXN35ZR,debt_stored,STX,2505179368
9053676,zest-v1,SP1E2630AV1RBY3A3D56M2TPF6PH63MGBA1FJSY63,SP1E2630AV1RBY3A3D56M2TPF6PH63MGBA1FJSY63,collateral,STX,536225
9053676,zest-v1,SP1E2630AV1RBY3A3D56M2TPF6PH63MGBA1FJSY63,SP1E2630AV1RBY3A3D56M2TPF6PH63MGBA1FJSY63,debt,STX,117247
9053676,zest-v1,SP1E2630AV1RBY3A3D56M2TPF6PH63MGBA1FJSY63,SP1E2630AV1RBY3A3D56M2TPF6PH63MGBA1FJSY63,debt_stored,STX,100000
9053676,zest-v1,SP1E2KMT1DSKZ3CVRWG9470N5TZFFGZBQZAKYWVZH,SP1E2KMT1DSKZ3CVRWG9470N5TZFFGZBQZAKYWVZH,collateral,STX,5362977
9053676,zest-v1,SP1E2KMT1DSKZ3CVRWG9470N5TZFFGZBQZAKYWVZH,SP1E2KMT1DSKZ3CVRWG9470N5TZFFGZBQZAKYWVZH,debt,STX,1290345
9053676,zest-v1,SP1E2KMT1DSKZ3CVRWG9470N5TZFFGZBQZAKYWVZH,SP1E2KMT1DSKZ3CVRWG9470N5TZFFGZBQZAKYWVZH,debt_stored,STX,1100000
9053676,zest-v1,SP1E3SYVDWCA3TRWT6TF2C3GAHSZB0NSEAQ46WEK2,SP1E3SYVDWCA3TRWT6TF2C3GAHSZB0NSEAQ46WEK2,collateral,stSTX,11694235
9053676,zest-v1,SP1E3SYVDWCA3TRWT6TF2C3GAHSZB0NSEAQ46WEK2,SP1E3SYVDWCA3TRWT6TF2C3GAHSZB0NSEAQ46WEK2,debt,STX,7266543
9053676,zest-v1,SP1E3SYVDWCA3TRWT6TF2C3GAHSZB0NSEAQ46WEK2,SP1E3SYVDWCA3TRWT6TF2C3GAHSZB0NSEAQ46WEK2,debt_stored,STX,6184564
9053676,zest-v1,SP1E3ZXZFV03GVCRWBBY9677SJ8AGQQNZDQ54EZRF,SP1E3ZXZFV03GVCRWBBY9677SJ8AGQQNZDQ54EZRF,collateral,sBTC,8
9053676,zest-v1,SP1E3ZXZFV03GVCRWBBY9677SJ8AGQQNZDQ54EZRF,SP1E3ZXZFV03GVCRWBBY9677SJ8AGQQNZDQ54EZRF,debt,USDH,611006
9053676,zest-v1,SP1E3ZXZFV03GVCRWBBY9677SJ8AGQQNZDQ54EZRF,SP1E3ZXZFV03GVCRWBBY9677SJ8AGQQNZDQ54EZRF,debt,aeUSDC,4
9053676,zest-v1,SP1E3ZXZFV03GVCRWBBY9677SJ8AGQQNZDQ54EZRF,SP1E3ZXZFV03GVCRWBBY9677SJ8AGQQNZDQ54EZRF,debt_stored,USDH,565136
9053676,zest-v1,SP1E3ZXZFV03GVCRWBBY9677SJ8AGQQNZDQ54EZRF,SP1E3ZXZFV03GVCRWBBY9677SJ8AGQQNZDQ54EZRF,debt_stored,aeUSDC,3
9053676,zest-v1,SP1E530A9WSDDKWGTV37BQXGX5PRJPQ951EYGK2HA,SP1E530A9WSDDKWGTV37BQXGX5PRJPQ951EYGK2HA,collateral,stSTX,133558188
9053676,zest-v1,SP1E530A9WSDDKWGTV37BQXGX5PRJPQ951EYGK2HA,SP1E530A9WSDDKWGTV37BQXGX5PRJPQ951EYGK2HA,debt,STX,62748316
9053676,zest-v1,SP1E530A9WSDDKWGTV37BQXGX5PRJPQ951EYGK2HA,SP1E530A9WSDDKWGTV37BQXGX5PRJPQ951EYGK2HA,debt,stSTX,2
9053676,zest-v1,SP1E530A9WSDDKWGTV37BQXGX5PRJPQ951EYGK2HA,SP1E530A9WSDDKWGTV37BQXGX5PRJPQ951EYGK2HA,debt_stored,STX,56184231
9053676,zest-v1,SP1E530A9WSDDKWGTV37BQXGX5PRJPQ951EYGK2HA,SP1E530A9WSDDKWGTV37BQXGX5PRJPQ951EYGK2HA,debt_stored,stSTX,1
9053676,zest-v1,SP1E5752R0Y8JQNEGZPW77X4CDBJEJFP45QC7XQG2,SP1E5752R0Y8JQNEGZPW77X4CDBJEJFP45QC7XQG2,collateral,stSTXbtc,359404737
9053676,zest-v1,SP1E5752R0Y8JQNEGZPW77X4CDBJEJFP45QC7XQG2,SP1E5752R0Y8JQNEGZPW77X4CDBJEJFP45QC7XQG2,debt,aeUSDC,21131185
9053676,zest-v1,SP1E5752R0Y8JQNEGZPW77X4CDBJEJFP45QC7XQG2,SP1E5752R0Y8JQNEGZPW77X4CDBJEJFP45QC7XQG2,debt_stored,aeUSDC,19813892
9053676,zest-v1,SP1ECA5M0E3NEYGGV8PNY61VEDA20QPVN23P8HTVS,SP1ECA5M0E3NEYGGV8PNY61VEDA20QPVN23P8HTVS,collateral,stSTX,9429589
9053676,zest-v1,SP1ECA5M0E3NEYGGV8PNY61VEDA20QPVN23P8HTVS,SP1ECA5M0E3NEYGGV8PNY61VEDA20QPVN23P8HTVS,debt,aeUSDC,1482287
9053676,zest-v1,SP1ECA5M0E3NEYGGV8PNY61VEDA20QPVN23P8HTVS,SP1ECA5M0E3NEYGGV8PNY61VEDA20QPVN23P8HTVS,debt_stored,aeUSDC,1439259
9053676,zest-v1,SP1ECQJPTA9RREM5RR2TMFPDCE57GX58TR2S86KRT,SP1ECQJPTA9RREM5RR2TMFPDCE57GX58TR2S86KRT,collateral,stSTX,296359782
9053676,zest-v1,SP1ECQJPTA9RREM5RR2TMFPDCE57GX58TR2S86KRT,SP1ECQJPTA9RREM5RR2TMFPDCE57GX58TR2S86KRT,debt,stSTX,103059157
9053676,zest-v1,SP1ECQJPTA9RREM5RR2TMFPDCE57GX58TR2S86KRT,SP1ECQJPTA9RREM5RR2TMFPDCE57GX58TR2S86KRT,debt_stored,stSTX,98281797
9053676,zest-v1,SP1ED2H5ENVTRW8NG3BQ47V3M4W14G71WH4YASD5B,SP1ED2H5ENVTRW8NG3BQ47V3M4W14G71WH4YASD5B,collateral,stSTX,50500336
9053676,zest-v1,SP1ED2H5ENVTRW8NG3BQ47V3M4W14G71WH4YASD5B,SP1ED2H5ENVTRW8NG3BQ47V3M4W14G71WH4YASD5B,debt,stSTX,36701580
9053676,zest-v1,SP1ED2H5ENVTRW8NG3BQ47V3M4W14G71WH4YASD5B,SP1ED2H5ENVTRW8NG3BQ47V3M4W14G71WH4YASD5B,debt_stored,stSTX,35002584
9053676,zest-v1,SP1EK2BRHDJ7XWG61GPV638KM0MT7PF1AJYXYTTAG,SP1EK2BRHDJ7XWG61GPV638KM0MT7PF1AJYXYTTAG,collateral,sBTC,17
9053676,zest-v1,SP1EK2BRHDJ7XWG61GPV638KM0MT7PF1AJYXYTTAG,SP1EK2BRHDJ7XWG61GPV638KM0MT7PF1AJYXYTTAG,collateral,sUSDT,49
9053676,zest-v1,SP1EK2BRHDJ7XWG61GPV638KM0MT7PF1AJYXYTTAG,SP1EK2BRHDJ7XWG61GPV638KM0MT7PF1AJYXYTTAG,debt,sUSDT,4635
9053676,zest-v1,SP1EK2BRHDJ7XWG61GPV638KM0MT7PF1AJYXYTTAG,SP1EK2BRHDJ7XWG61GPV638KM0MT7PF1AJYXYTTAG,debt_stored,sUSDT,4200
9053676,zest-v1,SP1EKDMMG508FY96RSEQ1EFGGZ6J8T8DCDPAM12HS,SP1EKDMMG508FY96RSEQ1EFGGZ6J8T8DCDPAM12HS,collateral,stSTX,45169
9053676,zest-v1,SP1EKDMMG508FY96RSEQ1EFGGZ6J8T8DCDPAM12HS,SP1EKDMMG508FY96RSEQ1EFGGZ6J8T8DCDPAM12HS,debt,aeUSDC,22694
9053676,zest-v1,SP1EKDMMG508FY96RSEQ1EFGGZ6J8T8DCDPAM12HS,SP1EKDMMG508FY96RSEQ1EFGGZ6J8T8DCDPAM12HS,debt_stored,aeUSDC,18204
9053676,zest-v1,SP1EM9A5C61ME8X731NKN82HQGEEY61K44YG9QDRG,SP1EM9A5C61ME8X731NKN82HQGEEY61K44YG9QDRG,collateral,stSTX,5918630
9053676,zest-v1,SP1EM9A5C61ME8X731NKN82HQGEEY61K44YG9QDRG,SP1EM9A5C61ME8X731NKN82HQGEEY61K44YG9QDRG,debt,stSTX,1048
9053676,zest-v1,SP1EM9A5C61ME8X731NKN82HQGEEY61K44YG9QDRG,SP1EM9A5C61ME8X731NKN82HQGEEY61K44YG9QDRG,debt_stored,stSTX,1000
9053676,zest-v1,SP1EP6854YZ8QKV5AVY613BDFQMMEXBN1FRHT2DFZ,SP1EP6854YZ8QKV5AVY613BDFQMMEXBN1FRHT2DFZ,collateral,aeUSDC,62285670
9053676,zest-v1,SP1EP6854YZ8QKV5AVY613BDFQMMEXBN1FRHT2DFZ,SP1EP6854YZ8QKV5AVY613BDFQMMEXBN1FRHT2DFZ,collateral,stSTX,4259774
9053676,zest-v1,SP1EP6854YZ8QKV5AVY613BDFQMMEXBN1FRHT2DFZ,SP1EP6854YZ8QKV5AVY613BDFQMMEXBN1FRHT2DFZ,debt,aeUSDC,1048060
9053676,zest-v1,SP1EP6854YZ8QKV5AVY613BDFQMMEXBN1FRHT2DFZ,SP1EP6854YZ8QKV5AVY613BDFQMMEXBN1FRHT2DFZ,debt_stored,aeUSDC,989110
9053676,zest-v1,SP1EPGQFF64GK4C262XVVCF90XTRMND9C8ZXR7DG4,SP1EPGQFF64GK4C262XVVCF90XTRMND9C8ZXR7DG4,collateral,STX,5362977
9053676,zest-v1,SP1EPGQFF64GK4C262XVVCF90XTRMND9C8ZXR7DG4,SP1EPGQFF64GK4C262XVVCF90XTRMND9C8ZXR7DG4,debt,STX,1290346
9053676,zest-v1,SP1EPGQFF64GK4C262XVVCF90XTRMND9C8ZXR7DG4,SP1EPGQFF64GK4C262XVVCF90XTRMND9C8ZXR7DG4,debt_stored,STX,1100000
9053676,zest-v1,SP1EQFEYMXFMCCCMQJ6FCNQY65F0KQCJ4DTVPQRDF,SP1EQFEYMXFMCCCMQJ6FCNQY65F0KQCJ4DTVPQRDF,collateral,stSTX,68159574
9053676,zest-v1,SP1EQFEYMXFMCCCMQJ6FCNQY65F0KQCJ4DTVPQRDF,SP1EQFEYMXFMCCCMQJ6FCNQY65F0KQCJ4DTVPQRDF,debt,STX,40870515
9053676,zest-v1,SP1EQFEYMXFMCCCMQJ6FCNQY65F0KQCJ4DTVPQRDF,SP1EQFEYMXFMCCCMQJ6FCNQY65F0KQCJ4DTVPQRDF,debt_stored,STX,36127967
9053676,zest-v1,SP1EQGZT0WN75N5AMJH2C40N5GBJTEVY9E6ZY8EH3,SP1EQGZT0WN75N5AMJH2C40N5GBJTEVY9E6ZY8EH3,collateral,stSTX,464482889
9053676,zest-v1,SP1EQGZT0WN75N5AMJH2C40N5GBJTEVY9E6ZY8EH3,SP1EQGZT0WN75N5AMJH2C40N5GBJTEVY9E6ZY8EH3,collateral,stSTXbtc,50000000
9053676,zest-v1,SP1EQGZT0WN75N5AMJH2C40N5GBJTEVY9E6ZY8EH3,SP1EQGZT0WN75N5AMJH2C40N5GBJTEVY9E6ZY8EH3,debt,USDH,1703460400
9053676,zest-v1,SP1EQGZT0WN75N5AMJH2C40N5GBJTEVY9E6ZY8EH3,SP1EQGZT0WN75N5AMJH2C40N5GBJTEVY9E6ZY8EH3,debt,aeUSDC,8812624
9053676,zest-v1,SP1EQGZT0WN75N5AMJH2C40N5GBJTEVY9E6ZY8EH3,SP1EQGZT0WN75N5AMJH2C40N5GBJTEVY9E6ZY8EH3,debt_stored,USDH,1597264197
9053676,zest-v1,SP1EQGZT0WN75N5AMJH2C40N5GBJTEVY9E6ZY8EH3,SP1EQGZT0WN75N5AMJH2C40N5GBJTEVY9E6ZY8EH3,debt_stored,aeUSDC,8745042
9053676,zest-v1,SP1EQPJS15JMH6YHA079SH15E77ZZB321NQBR5RZ1,SP1EQPJS15JMH6YHA079SH15E77ZZB321NQBR5RZ1,collateral,stSTX,13423725
9053676,zest-v1,SP1EQPJS15JMH6YHA079SH15E77ZZB321NQBR5RZ1,SP1EQPJS15JMH6YHA079SH15E77ZZB321NQBR5RZ1,debt,STX,7933254
9053676,zest-v1,SP1EQPJS15JMH6YHA079SH15E77ZZB321NQBR5RZ1,SP1EQPJS15JMH6YHA079SH15E77ZZB321NQBR5RZ1,debt_stored,STX,6749112
9053676,zest-v1,SP1ES0J06MWHJ0VS0MH1XWJR3V3Z64A1HWF0BQ6MA,SP1ES0J06MWHJ0VS0MH1XWJR3V3Z64A1HWF0BQ6MA,collateral,stSTX,138671835
9053676,zest-v1,SP1ES0J06MWHJ0VS0MH1XWJR3V3Z64A1HWF0BQ6MA,SP1ES0J06MWHJ0VS0MH1XWJR3V3Z64A1HWF0BQ6MA,debt,STX,63937464
9053676,zest-v1,SP1ES0J06MWHJ0VS0MH1XWJR3V3Z64A1HWF0BQ6MA,SP1ES0J06MWHJ0VS0MH1XWJR3V3Z64A1HWF0BQ6MA,debt,stSTX,2
9053676,zest-v1,SP1ES0J06MWHJ0VS0MH1XWJR3V3Z64A1HWF0BQ6MA,SP1ES0J06MWHJ0VS0MH1XWJR3V3Z64A1HWF0BQ6MA,debt_stored,STX,56491686
9053676,zest-v1,SP1ES0J06MWHJ0VS0MH1XWJR3V3Z64A1HWF0BQ6MA,SP1ES0J06MWHJ0VS0MH1XWJR3V3Z64A1HWF0BQ6MA,debt_stored,stSTX,1
9053676,zest-v1,SP1ESHCAMQ1ENPXNXH1J3SK76WDE8YQF3NNK5J1D6,SP1ESHCAMQ1ENPXNXH1J3SK76WDE8YQF3NNK5J1D6,collateral,stSTX,58945864
9053676,zest-v1,SP1ESHCAMQ1ENPXNXH1J3SK76WDE8YQF3NNK5J1D6,SP1ESHCAMQ1ENPXNXH1J3SK76WDE8YQF3NNK5J1D6,debt,STX,29098364
9053676,zest-v1,SP1ESHCAMQ1ENPXNXH1J3SK76WDE8YQF3NNK5J1D6,SP1ESHCAMQ1ENPXNXH1J3SK76WDE8YQF3NNK5J1D6,debt_stored,STX,25000000
9053676,zest-v1,SP1EW1NDQG9G73R7TZGJXMRK6E7VERVHRG7HPN5VX,SP1EW1NDQG9G73R7TZGJXMRK6E7VERVHRG7HPN5VX,debt,aeUSDC,17364157
9053676,zest-v1,SP1EW1NDQG9G73R7TZGJXMRK6E7VERVHRG7HPN5VX,SP1EW1NDQG9G73R7TZGJXMRK6E7VERVHRG7HPN5VX,debt_stored,aeUSDC,15455229
9053676,zest-v1,SP1EZWR5J704A5G1JSV3V8PS0DWXHEFPYEN913XXC,SP1EZWR5J704A5G1JSV3V8PS0DWXHEFPYEN913XXC,collateral,stSTX,992109353
9053676,zest-v1,SP1EZWR5J704A5G1JSV3V8PS0DWXHEFPYEN913XXC,SP1EZWR5J704A5G1JSV3V8PS0DWXHEFPYEN913XXC,debt,STX,118519221
9053676,zest-v1,SP1EZWR5J704A5G1JSV3V8PS0DWXHEFPYEN913XXC,SP1EZWR5J704A5G1JSV3V8PS0DWXHEFPYEN913XXC,debt_stored,STX,100000000
9053676,zest-v1,SP1F8ZDT9JXPD5DY3J0RC54DWZSAXETD6QZ98KC4C,SP1F8ZDT9JXPD5DY3J0RC54DWZSAXETD6QZ98KC4C,collateral,stSTX,176507797
9053676,zest-v1,SP1F8ZDT9JXPD5DY3J0RC54DWZSAXETD6QZ98KC4C,SP1F8ZDT9JXPD5DY3J0RC54DWZSAXETD6QZ98KC4C,debt,STX,57876229
9053676,zest-v1,SP1F8ZDT9JXPD5DY3J0RC54DWZSAXETD6QZ98KC4C,SP1F8ZDT9JXPD5DY3J0RC54DWZSAXETD6QZ98KC4C,debt_stored,STX,50000000
9053676,zest-v1,SP1FARHKYYEEDY9ZDXJ1Z26ADSA2MCDQ4PES1VXJH,SP1FARHKYYEEDY9ZDXJ1Z26ADSA2MCDQ4PES1VXJH,collateral,stSTX,293520999
9053676,zest-v1,SP1FARHKYYEEDY9ZDXJ1Z26ADSA2MCDQ4PES1VXJH,SP1FARHKYYEEDY9ZDXJ1Z26ADSA2MCDQ4PES1VXJH,debt,STX,162090539
9053676,zest-v1,SP1FARHKYYEEDY9ZDXJ1Z26ADSA2MCDQ4PES1VXJH,SP1FARHKYYEEDY9ZDXJ1Z26ADSA2MCDQ4PES1VXJH,debt_stored,STX,140000000
9053676,zest-v1,SP1FC4XP3KC8083WB8SB6GMVETKG2TXH9KGX98QFE,SP1FC4XP3KC8083WB8SB6GMVETKG2TXH9KGX98QFE,collateral,stSTX,842
9053676,zest-v1,SP1FC4XP3KC8083WB8SB6GMVETKG2TXH9KGX98QFE,SP1FC4XP3KC8083WB8SB6GMVETKG2TXH9KGX98QFE,debt,aeUSDC,2
9053676,zest-v1,SP1FC4XP3KC8083WB8SB6GMVETKG2TXH9KGX98QFE,SP1FC4XP3KC8083WB8SB6GMVETKG2TXH9KGX98QFE,debt_stored,aeUSDC,1
9053676,zest-v1,SP1FCPT26X5HP0MNHMYD3GBSZANAKGMFZH816W2TM,SP1FCPT26X5HP0MNHMYD3GBSZANAKGMFZH816W2TM,collateral,STX,5362246
9053676,zest-v1,SP1FCPT26X5HP0MNHMYD3GBSZANAKGMFZH816W2TM,SP1FCPT26X5HP0MNHMYD3GBSZANAKGMFZH816W2TM,debt,STX,1172471
9053676,zest-v1,SP1FCPT26X5HP0MNHMYD3GBSZANAKGMFZH816W2TM,SP1FCPT26X5HP0MNHMYD3GBSZANAKGMFZH816W2TM,debt_stored,STX,1000000
9053676,zest-v1,SP1FGB9YER7MQJSSZ27R75Z1M52XCTCCH9FS20HB0,SP1FGB9YER7MQJSSZ27R75Z1M52XCTCCH9FS20HB0,collateral,stSTX,7231513
9053676,zest-v1,SP1FGB9YER7MQJSSZ27R75Z1M52XCTCCH9FS20HB0,SP1FGB9YER7MQJSSZ27R75Z1M52XCTCCH9FS20HB0,debt,aeUSDC,1828733
9053676,zest-v1,SP1FGB9YER7MQJSSZ27R75Z1M52XCTCCH9FS20HB0,SP1FGB9YER7MQJSSZ27R75Z1M52XCTCCH9FS20HB0,debt_stored,aeUSDC,1712488
9053676,zest-v1,SP1FMGBW83M2SDPE3JSCZ3SACY604BVSTJS2SA1VP,SP1FMGBW83M2SDPE3JSCZ3SACY604BVSTJS2SA1VP,collateral,sBTC,3
9053676,zest-v1,SP1FMGBW83M2SDPE3JSCZ3SACY604BVSTJS2SA1VP,SP1FMGBW83M2SDPE3JSCZ3SACY604BVSTJS2SA1VP,debt,sUSDT,50
9053676,zest-v1,SP1FMGBW83M2SDPE3JSCZ3SACY604BVSTJS2SA1VP,SP1FMGBW83M2SDPE3JSCZ3SACY604BVSTJS2SA1VP,debt_stored,sUSDT,45
9053676,zest-v1,SP1FNHJVFEHHNMT060JXNA09Z4HPMCEFJXQS31QQZ,SP1FNHJVFEHHNMT060JXNA09Z4HPMCEFJXQS31QQZ,collateral,stSTX,54424851
9053676,zest-v1,SP1FNHJVFEHHNMT060JXNA09Z4HPMCEFJXQS31QQZ,SP1FNHJVFEHHNMT060JXNA09Z4HPMCEFJXQS31QQZ,debt,STX,23483499
9053676,zest-v1,SP1FNHJVFEHHNMT060JXNA09Z4HPMCEFJXQS31QQZ,SP1FNHJVFEHHNMT060JXNA09Z4HPMCEFJXQS31QQZ,debt_stored,STX,20000000
9053676,zest-v1,SP1FTHMG0MTJ278RX4VY2FR21QNVB46AAV02Y62S8,SP1FTHMG0MTJ278RX4VY2FR21QNVB46AAV02Y62S8,collateral,STX,5350179
9053676,zest-v1,SP1FTHMG0MTJ278RX4VY2FR21QNVB46AAV02Y62S8,SP1FTHMG0MTJ278RX4VY2FR21QNVB46AAV02Y62S8,debt,stSTX,1048297
9053676,zest-v1,SP1FTHMG0MTJ278RX4VY2FR21QNVB46AAV02Y62S8,SP1FTHMG0MTJ278RX4VY2FR21QNVB46AAV02Y62S8,debt_stored,stSTX,1000000
9053676,zest-v1,SP1G0EGYPGT7RQN2JJEQVPP1QRHZA5Y5HHY2CQX0F,SP1G0EGYPGT7RQN2JJEQVPP1QRHZA5Y5HHY2CQX0F,collateral,STX,1072403
9053676,zest-v1,SP1G0EGYPGT7RQN2JJEQVPP1QRHZA5Y5HHY2CQX0F,SP1G0EGYPGT7RQN2JJEQVPP1QRHZA5Y5HHY2CQX0F,debt,STX,234461
9053676,zest-v1,SP1G0EGYPGT7RQN2JJEQVPP1QRHZA5Y5HHY2CQX0F,SP1G0EGYPGT7RQN2JJEQVPP1QRHZA5Y5HHY2CQX0F,debt_stored,STX,200000
9053676,zest-v1,SP1G2ZMNH1ZCW7BWTE61BFVKXSFVE6DXPQX31HNAA,SP1G2ZMNH1ZCW7BWTE61BFVKXSFVE6DXPQX31HNAA,collateral,stSTX,1001779
9053676,zest-v1,SP1G2ZMNH1ZCW7BWTE61BFVKXSFVE6DXPQX31HNAA,SP1G2ZMNH1ZCW7BWTE61BFVKXSFVE6DXPQX31HNAA,debt,STX,233174
9053676,zest-v1,SP1G2ZMNH1ZCW7BWTE61BFVKXSFVE6DXPQX31HNAA,SP1G2ZMNH1ZCW7BWTE61BFVKXSFVE6DXPQX31HNAA,debt_stored,STX,200000
9053676,zest-v1,SP1G3R4G3Z1P8T3NQ56P2BV32VYBD879ZBCH9CQJ7,SP1G3R4G3Z1P8T3NQ56P2BV32VYBD879ZBCH9CQJ7,collateral,stSTX,2787
9053676,zest-v1,SP1G3R4G3Z1P8T3NQ56P2BV32VYBD879ZBCH9CQJ7,SP1G3R4G3Z1P8T3NQ56P2BV32VYBD879ZBCH9CQJ7,debt,aeUSDC,18824
9053676,zest-v1,SP1G3R4G3Z1P8T3NQ56P2BV32VYBD879ZBCH9CQJ7,SP1G3R4G3Z1P8T3NQ56P2BV32VYBD879ZBCH9CQJ7,debt_stored,aeUSDC,16755
9053676,zest-v1,SP1G7SS5NSR89JZVQR8F62GQK7MP86D53823NB0A5,SP1G7SS5NSR89JZVQR8F62GQK7MP86D53823NB0A5,collateral,stSTX,132164909
9053676,zest-v1,SP1G7SS5NSR89JZVQR8F62GQK7MP86D53823NB0A5,SP1G7SS5NSR89JZVQR8F62GQK7MP86D53823NB0A5,debt,STX,60633808
9053676,zest-v1,SP1G7SS5NSR89JZVQR8F62GQK7MP86D53823NB0A5,SP1G7SS5NSR89JZVQR8F62GQK7MP86D53823NB0A5,debt_stored,STX,53624947
9053676,zest-v1,SP1G9XNJSKQ7QA3NRD2Q1QKVVGSJH1THQRAA04738,SP1G9XNJSKQ7QA3NRD2Q1QKVVGSJH1THQRAA04738,collateral,stSTX,39846554
9053676,zest-v1,SP1G9XNJSKQ7QA3NRD2Q1QKVVGSJH1THQRAA04738,SP1G9XNJSKQ7QA3NRD2Q1QKVVGSJH1THQRAA04738,debt,STX,5447666
9053676,zest-v1,SP1G9XNJSKQ7QA3NRD2Q1QKVVGSJH1THQRAA04738,SP1G9XNJSKQ7QA3NRD2Q1QKVVGSJH1THQRAA04738,debt,stSTX,3648521
9053676,zest-v1,SP1G9XNJSKQ7QA3NRD2Q1QKVVGSJH1THQRAA04738,SP1G9XNJSKQ7QA3NRD2Q1QKVVGSJH1THQRAA04738,debt_stored,STX,5000000
9053676,zest-v1,SP1G9XNJSKQ7QA3NRD2Q1QKVVGSJH1THQRAA04738,SP1G9XNJSKQ7QA3NRD2Q1QKVVGSJH1THQRAA04738,debt_stored,stSTX,3502245
9053676,zest-v1,SP1GDMYCGWEF311Y1SBDB3J8XKC4JD5AJAAYFJZNZ,SP1GDMYCGWEF311Y1SBDB3J8XKC4JD5AJAAYFJZNZ,collateral,stSTX,1697
9053676,zest-v1,SP1GDMYCGWEF311Y1SBDB3J8XKC4JD5AJAAYFJZNZ,SP1GDMYCGWEF311Y1SBDB3J8XKC4JD5AJAAYFJZNZ,debt,STX,117
9053676,zest-v1,SP1GDMYCGWEF311Y1SBDB3J8XKC4JD5AJAAYFJZNZ,SP1GDMYCGWEF311Y1SBDB3J8XKC4JD5AJAAYFJZNZ,debt_stored,STX,104
9053676,zest-v1,SP1GKBCNG7F0TF6R9NQQRH1R6BMQZZW5DPYW1C515,SP1GKBCNG7F0TF6R9NQQRH1R6BMQZZW5DPYW1C515,collateral,stSTX,1142929570
9053676,zest-v1,SP1GKBCNG7F0TF6R9NQQRH1R6BMQZZW5DPYW1C515,SP1GKBCNG7F0TF6R9NQQRH1R6BMQZZW5DPYW1C515,debt,stSTX,349323
9053676,zest-v1,SP1GKBCNG7F0TF6R9NQQRH1R6BMQZZW5DPYW1C515,SP1GKBCNG7F0TF6R9NQQRH1R6BMQZZW5DPYW1C515,debt_stored,stSTX,333501
9053676,zest-v1,SP1GNA5PQGA8G5FPQXC9JVHQ7M3PS53S2GGHB4QQN,SP1GNA5PQGA8G5FPQXC9JVHQ7M3PS53S2GGHB4QQN,collateral,STX,105039
9053676,zest-v1,SP1GNA5PQGA8G5FPQXC9JVHQ7M3PS53S2GGHB4QQN,SP1GNA5PQGA8G5FPQXC9JVHQ7M3PS53S2GGHB4QQN,debt,STX,13482
9053676,zest-v1,SP1GNA5PQGA8G5FPQXC9JVHQ7M3PS53S2GGHB4QQN,SP1GNA5PQGA8G5FPQXC9JVHQ7M3PS53S2GGHB4QQN,debt_stored,STX,12000
9053676,zest-v1,SP1GR3KAWAMASAP3VM3A0B7S0KNTH28GBP5QXM7Z0,SP1GR3KAWAMASAP3VM3A0B7S0KNTH28GBP5QXM7Z0,collateral,stSTX,117206310
9053676,zest-v1,SP1GR3KAWAMASAP3VM3A0B7S0KNTH28GBP5QXM7Z0,SP1GR3KAWAMASAP3VM3A0B7S0KNTH28GBP5QXM7Z0,debt,stSTX,47914975
9053676,zest-v1,SP1GR3KAWAMASAP3VM3A0B7S0KNTH28GBP5QXM7Z0,SP1GR3KAWAMASAP3VM3A0B7S0KNTH28GBP5QXM7Z0,debt_stored,stSTX,45843318
9053676,zest-v1,SP1GSG9WTQ2B1VQR1QGVE0JYEY73725NKDQK8068K,SP1GSG9WTQ2B1VQR1QGVE0JYEY73725NKDQK8068K,collateral,stSTX,40071296
9053676,zest-v1,SP1GSG9WTQ2B1VQR1QGVE0JYEY73725NKDQK8068K,SP1GSG9WTQ2B1VQR1QGVE0JYEY73725NKDQK8068K,debt,stSTX,10444684
9053676,zest-v1,SP1GSG9WTQ2B1VQR1QGVE0JYEY73725NKDQK8068K,SP1GSG9WTQ2B1VQR1QGVE0JYEY73725NKDQK8068K,debt_stored,stSTX,10000000
9053676,zest-v1,SP1GVKNGWJDPSJ326RW4MWZGEP9MXQAXA89DN0V1K,SP1GVKNGWJDPSJ326RW4MWZGEP9MXQAXA89DN0V1K,collateral,sBTC,10004
9053676,zest-v1,SP1GVKNGWJDPSJ326RW4MWZGEP9MXQAXA89DN0V1K,SP1GVKNGWJDPSJ326RW4MWZGEP9MXQAXA89DN0V1K,debt,USDH,376765
9053676,zest-v1,SP1GVKNGWJDPSJ326RW4MWZGEP9MXQAXA89DN0V1K,SP1GVKNGWJDPSJ326RW4MWZGEP9MXQAXA89DN0V1K,debt_stored,USDH,348414
9053676,zest-v1,SP1H25KZJH9BSQR1WHH1HKZPE0TYNN9HWRQZTXA1,SP1H25KZJH9BSQR1WHH1HKZPE0TYNN9HWRQZTXA1,collateral,stSTX,58945800
9053676,zest-v1,SP1H25KZJH9BSQR1WHH1HKZPE0TYNN9HWRQZTXA1,SP1H25KZJH9BSQR1WHH1HKZPE0TYNN9HWRQZTXA1,debt,STX,29082075
9053676,zest-v1,SP1H25KZJH9BSQR1WHH1HKZPE0TYNN9HWRQZTXA1,SP1H25KZJH9BSQR1WHH1HKZPE0TYNN9HWRQZTXA1,debt_stored,STX,25000000
9053676,zest-v1,SP1H57CJXR9QQC1R88MWB5PWBE3STB470KN1V86F6,SP1H57CJXR9QQC1R88MWB5PWBE3STB470KN1V86F6,collateral,stSTXbtc,49117416
9053676,zest-v1,SP1H57CJXR9QQC1R88MWB5PWBE3STB470KN1V86F6,SP1H57CJXR9QQC1R88MWB5PWBE3STB470KN1V86F6,debt,stSTX,23330468
9053676,zest-v1,SP1H57CJXR9QQC1R88MWB5PWBE3STB470KN1V86F6,SP1H57CJXR9QQC1R88MWB5PWBE3STB470KN1V86F6,debt_stored,stSTX,22369808
9053676,zest-v1,SP1H6WMP29RXTQQCB3QSA146P6SR7G59BVHTTKWCC,SP1H6WMP29RXTQQCB3QSA146P6SR7G59BVHTTKWCC,collateral,stSTX,1349
9053676,zest-v1,SP1H6WMP29RXTQQCB3QSA146P6SR7G59BVHTTKWCC,SP1H6WMP29RXTQQCB3QSA146P6SR7G59BVHTTKWCC,debt,STX,212
9053676,zest-v1,SP1H6WMP29RXTQQCB3QSA146P6SR7G59BVHTTKWCC,SP1H6WMP29RXTQQCB3QSA146P6SR7G59BVHTTKWCC,debt_stored,STX,186
9053676,zest-v1,SP1H7D726T6G13MDJ6SZZZ8SDKZKNNFYEKX4PWN8H,SP1H7D726T6G13MDJ6SZZZ8SDKZKNNFYEKX4PWN8H,collateral,stSTX,95978
9053676,zest-v1,SP1H7D726T6G13MDJ6SZZZ8SDKZKNNFYEKX4PWN8H,SP1H7D726T6G13MDJ6SZZZ8SDKZKNNFYEKX4PWN8H,debt,STX,819
9053676,zest-v1,SP1H7D726T6G13MDJ6SZZZ8SDKZKNNFYEKX4PWN8H,SP1H7D726T6G13MDJ6SZZZ8SDKZKNNFYEKX4PWN8H,debt_stored,STX,717
9053676,zest-v1,SP1HHSDYJ0SGAM6K2W01ZF5K7AJFKWMJNH365ZWS9,SP1HHSDYJ0SGAM6K2W01ZF5K7AJFKWMJNH365ZWS9,collateral,stSTX,159387879
9053676,zest-v1,SP1HHSDYJ0SGAM6K2W01ZF5K7AJFKWMJNH365ZWS9,SP1HHSDYJ0SGAM6K2W01ZF5K7AJFKWMJNH365ZWS9,debt,USDH,739367372
9053676,zest-v1,SP1HHSDYJ0SGAM6K2W01ZF5K7AJFKWMJNH365ZWS9,SP1HHSDYJ0SGAM6K2W01ZF5K7AJFKWMJNH365ZWS9,debt,aeUSDC,8423483
9053676,zest-v1,SP1HHSDYJ0SGAM6K2W01ZF5K7AJFKWMJNH365ZWS9,SP1HHSDYJ0SGAM6K2W01ZF5K7AJFKWMJNH365ZWS9,debt_stored,USDH,733711629
9053676,zest-v1,SP1HHSDYJ0SGAM6K2W01ZF5K7AJFKWMJNH365ZWS9,SP1HHSDYJ0SGAM6K2W01ZF5K7AJFKWMJNH365ZWS9,debt_stored,aeUSDC,8289164
9053676,zest-v1,SP1HJ9G0SRVDMH2BPRQGR43T2KB5J301BXEP638CB,SP1HJ9G0SRVDMH2BPRQGR43T2KB5J301BXEP638CB,collateral,stSTX,19638
9053676,zest-v1,SP1HJ9G0SRVDMH2BPRQGR43T2KB5J301BXEP638CB,SP1HJ9G0SRVDMH2BPRQGR43T2KB5J301BXEP638CB,debt,STX,131
9053676,zest-v1,SP1HJ9G0SRVDMH2BPRQGR43T2KB5J301BXEP638CB,SP1HJ9G0SRVDMH2BPRQGR43T2KB5J301BXEP638CB,debt_stored,STX,115
9053676,zest-v1,SP1HN9J70Q4KBNVF0M9B0BQNGFN5J5EJYTJ6EDTHQ,SP1HN9J70Q4KBNVF0M9B0BQNGFN5J5EJYTJ6EDTHQ,collateral,stSTX,54296392
9053676,zest-v1,SP1HN9J70Q4KBNVF0M9B0BQNGFN5J5EJYTJ6EDTHQ,SP1HN9J70Q4KBNVF0M9B0BQNGFN5J5EJYTJ6EDTHQ,debt,STX,16223288
9053676,zest-v1,SP1HN9J70Q4KBNVF0M9B0BQNGFN5J5EJYTJ6EDTHQ,SP1HN9J70Q4KBNVF0M9B0BQNGFN5J5EJYTJ6EDTHQ,debt_stored,STX,15000000
9053676,zest-v1,SP1HNQH0FW7N5QWYEF77SGRZSDPHCV39TY3SJN8B1,SP1HNQH0FW7N5QWYEF77SGRZSDPHCV39TY3SJN8B1,collateral,stSTX,103543180
9053676,zest-v1,SP1HNQH0FW7N5QWYEF77SGRZSDPHCV39TY3SJN8B1,SP1HNQH0FW7N5QWYEF77SGRZSDPHCV39TY3SJN8B1,debt,STX,37688729
9053676,zest-v1,SP1HNQH0FW7N5QWYEF77SGRZSDPHCV39TY3SJN8B1,SP1HNQH0FW7N5QWYEF77SGRZSDPHCV39TY3SJN8B1,debt,stSTX,20969731
9053676,zest-v1,SP1HNQH0FW7N5QWYEF77SGRZSDPHCV39TY3SJN8B1,SP1HNQH0FW7N5QWYEF77SGRZSDPHCV39TY3SJN8B1,debt_stored,STX,32157540
9053676,zest-v1,SP1HNQH0FW7N5QWYEF77SGRZSDPHCV39TY3SJN8B1,SP1HNQH0FW7N5QWYEF77SGRZSDPHCV39TY3SJN8B1,debt_stored,stSTX,20000117
9053676,zest-v1,SP1HPF7C3ZA0EX63N48RQKVMNX9N988C7DWWTC95W,SP1HPF7C3ZA0EX63N48RQKVMNX9N988C7DWWTC95W,collateral,stSTX,155436429
9053676,zest-v1,SP1HPF7C3ZA0EX63N48RQKVMNX9N988C7DWWTC95W,SP1HPF7C3ZA0EX63N48RQKVMNX9N988C7DWWTC95W,debt,stSTX,47046505
9053676,zest-v1,SP1HPF7C3ZA0EX63N48RQKVMNX9N988C7DWWTC95W,SP1HPF7C3ZA0EX63N48RQKVMNX9N988C7DWWTC95W,debt_stored,stSTX,45012934
9053676,zest-v1,SP1HQ50VYDPATJXE3F6P9BQD8FFWAGB0265ST0STC,SP1HQ50VYDPATJXE3F6P9BQD8FFWAGB0265ST0STC,collateral,stSTX,305133
9053676,zest-v1,SP1HQ50VYDPATJXE3F6P9BQD8FFWAGB0265ST0STC,SP1HQ50VYDPATJXE3F6P9BQD8FFWAGB0265ST0STC,debt,aeUSDC,237772
9053676,zest-v1,SP1HQ50VYDPATJXE3F6P9BQD8FFWAGB0265ST0STC,SP1HQ50VYDPATJXE3F6P9BQD8FFWAGB0265ST0STC,debt_stored,aeUSDC,179273
9053676,zest-v1,SP1HRWQ1NB3QP80AWCSNFP7HV7MC9T0D85MTFXJRW,SP1HRWQ1NB3QP80AWCSNFP7HV7MC9T0D85MTFXJRW,collateral,aeUSDC,266188255
9053676,zest-v1,SP1HRWQ1NB3QP80AWCSNFP7HV7MC9T0D85MTFXJRW,SP1HRWQ1NB3QP80AWCSNFP7HV7MC9T0D85MTFXJRW,collateral,sBTC,322485
9053676,zest-v1,SP1HRWQ1NB3QP80AWCSNFP7HV7MC9T0D85MTFXJRW,SP1HRWQ1NB3QP80AWCSNFP7HV7MC9T0D85MTFXJRW,collateral,stSTX,437800374
9053676,zest-v1,SP1HRWQ1NB3QP80AWCSNFP7HV7MC9T0D85MTFXJRW,SP1HRWQ1NB3QP80AWCSNFP7HV7MC9T0D85MTFXJRW,debt,stSTX,41806299
9053676,zest-v1,SP1HRWQ1NB3QP80AWCSNFP7HV7MC9T0D85MTFXJRW,SP1HRWQ1NB3QP80AWCSNFP7HV7MC9T0D85MTFXJRW,debt_stored,stSTX,40000000
9053676,zest-v1,SP1HVJNSBKK54E2NDTZSS240Z2Z0RB67B2ZDT9E43,SP1HVJNSBKK54E2NDTZSS240Z2Z0RB67B2ZDT9E43,collateral,stSTX,4601
9053676,zest-v1,SP1HVJNSBKK54E2NDTZSS240Z2Z0RB67B2ZDT9E43,SP1HVJNSBKK54E2NDTZSS240Z2Z0RB67B2ZDT9E43,debt,stSTX,2403
9053676,zest-v1,SP1HVJNSBKK54E2NDTZSS240Z2Z0RB67B2ZDT9E43,SP1HVJNSBKK54E2NDTZSS240Z2Z0RB67B2ZDT9E43,debt_stored,stSTX,2293
9053676,zest-v1,SP1HXR2W32E3H2WHJFR9JHVA23QGASX6224EPCDP9,SP1HXR2W32E3H2WHJFR9JHVA23QGASX6224EPCDP9,collateral,DIKO,15830523
9053676,zest-v1,SP1HXR2W32E3H2WHJFR9JHVA23QGASX6224EPCDP9,SP1HXR2W32E3H2WHJFR9JHVA23QGASX6224EPCDP9,collateral,STX,10558352
9053676,zest-v1,SP1HXR2W32E3H2WHJFR9JHVA23QGASX6224EPCDP9,SP1HXR2W32E3H2WHJFR9JHVA23QGASX6224EPCDP9,debt,STX,5627292
9053676,zest-v1,SP1HXR2W32E3H2WHJFR9JHVA23QGASX6224EPCDP9,SP1HXR2W32E3H2WHJFR9JHVA23QGASX6224EPCDP9,debt_stored,STX,4994277
9053676,zest-v1,SP1HXT635AVD4MWFGNYEC79YG4TXS5QJE9NTB3T2A,SP1HXT635AVD4MWFGNYEC79YG4TXS5QJE9NTB3T2A,collateral,stSTX,115035841
9053676,zest-v1,SP1HXT635AVD4MWFGNYEC79YG4TXS5QJE9NTB3T2A,SP1HXT635AVD4MWFGNYEC79YG4TXS5QJE9NTB3T2A,debt,aeUSDC,9506896
9053676,zest-v1,SP1HXT635AVD4MWFGNYEC79YG4TXS5QJE9NTB3T2A,SP1HXT635AVD4MWFGNYEC79YG4TXS5QJE9NTB3T2A,debt_stored,aeUSDC,9397673
9053676,zest-v1,SP1HYDSBVZ6YEDZZHVE5BEM91D3HTD0MYR77B5PB9,SP1HYDSBVZ6YEDZZHVE5BEM91D3HTD0MYR77B5PB9,collateral,stSTX,29472899
9053676,zest-v1,SP1HYDSBVZ6YEDZZHVE5BEM91D3HTD0MYR77B5PB9,SP1HYDSBVZ6YEDZZHVE5BEM91D3HTD0MYR77B5PB9,debt,stSTX,7337579
9053676,zest-v1,SP1HYDSBVZ6YEDZZHVE5BEM91D3HTD0MYR77B5PB9,SP1HYDSBVZ6YEDZZHVE5BEM91D3HTD0MYR77B5PB9,debt_stored,stSTX,7000000
9053676,zest-v1,SP1J13SBJSMSYFN21GPTJXFXRF8ZC76FWAB6TVTHH,SP1J13SBJSMSYFN21GPTJXFXRF8ZC76FWAB6TVTHH,collateral,stSTX,44472593
9053676,zest-v1,SP1J13SBJSMSYFN21GPTJXFXRF8ZC76FWAB6TVTHH,SP1J13SBJSMSYFN21GPTJXFXRF8ZC76FWAB6TVTHH,debt,STX,26337511
9053676,zest-v1,SP1J13SBJSMSYFN21GPTJXFXRF8ZC76FWAB6TVTHH,SP1J13SBJSMSYFN21GPTJXFXRF8ZC76FWAB6TVTHH,debt_stored,STX,22419081
9053676,zest-v1,SP1J79YZTX747WWHSNJM84K1586W5ZNZ8JY9J5WFN,SP1J79YZTX747WWHSNJM84K1586W5ZNZ8JY9J5WFN,collateral,aeUSDC,4139225
9053676,zest-v1,SP1J79YZTX747WWHSNJM84K1586W5ZNZ8JY9J5WFN,SP1J79YZTX747WWHSNJM84K1586W5ZNZ8JY9J5WFN,collateral,stSTXbtc,2112990647
9053676,zest-v1,SP1J79YZTX747WWHSNJM84K1586W5ZNZ8JY9J5WFN,SP1J79YZTX747WWHSNJM84K1586W5ZNZ8JY9J5WFN,debt,STX,874222211
9053676,zest-v1,SP1J79YZTX747WWHSNJM84K1586W5ZNZ8JY9J5WFN,SP1J79YZTX747WWHSNJM84K1586W5ZNZ8JY9J5WFN,debt,aeUSDC,2136410
9053676,zest-v1,SP1J79YZTX747WWHSNJM84K1586W5ZNZ8JY9J5WFN,SP1J79YZTX747WWHSNJM84K1586W5ZNZ8JY9J5WFN,debt,sBTC,1046
9053676,zest-v1,SP1J79YZTX747WWHSNJM84K1586W5ZNZ8JY9J5WFN,SP1J79YZTX747WWHSNJM84K1586W5ZNZ8JY9J5WFN,debt,stSTX,2079679
9053676,zest-v1,SP1J79YZTX747WWHSNJM84K1586W5ZNZ8JY9J5WFN,SP1J79YZTX747WWHSNJM84K1586W5ZNZ8JY9J5WFN,debt_stored,STX,820611406
9053676,zest-v1,SP1J79YZTX747WWHSNJM84K1586W5ZNZ8JY9J5WFN,SP1J79YZTX747WWHSNJM84K1586W5ZNZ8JY9J5WFN,debt_stored,aeUSDC,2000000
9053676,zest-v1,SP1J79YZTX747WWHSNJM84K1586W5ZNZ8JY9J5WFN,SP1J79YZTX747WWHSNJM84K1586W5ZNZ8JY9J5WFN,debt_stored,sBTC,1000
9053676,zest-v1,SP1J79YZTX747WWHSNJM84K1586W5ZNZ8JY9J5WFN,SP1J79YZTX747WWHSNJM84K1586W5ZNZ8JY9J5WFN,debt_stored,stSTX,2000000
9053676,zest-v1,SP1J80GGVSZ3E9WJ8J8WDC5NPYY6JPZDCF7ZTBATA,SP1J80GGVSZ3E9WJ8J8WDC5NPYY6JPZDCF7ZTBATA,collateral,stSTX,87407935
9053676,zest-v1,SP1J80GGVSZ3E9WJ8J8WDC5NPYY6JPZDCF7ZTBATA,SP1J80GGVSZ3E9WJ8J8WDC5NPYY6JPZDCF7ZTBATA,debt,STX,3247
9053676,zest-v1,SP1J80GGVSZ3E9WJ8J8WDC5NPYY6JPZDCF7ZTBATA,SP1J80GGVSZ3E9WJ8J8WDC5NPYY6JPZDCF7ZTBATA,debt_stored,STX,2861
9053676,zest-v1,SP1JA2BJK7XJX65CCJKA4Y3JGCRVG4KPWEWR330KX,SP1JA2BJK7XJX65CCJKA4Y3JGCRVG4KPWEWR330KX,collateral,sBTC,1
9053676,zest-v1,SP1JA2BJK7XJX65CCJKA4Y3JGCRVG4KPWEWR330KX,SP1JA2BJK7XJX65CCJKA4Y3JGCRVG4KPWEWR330KX,debt,aeUSDC,2
9053676,zest-v1,SP1JA2BJK7XJX65CCJKA4Y3JGCRVG4KPWEWR330KX,SP1JA2BJK7XJX65CCJKA4Y3JGCRVG4KPWEWR330KX,debt_stored,aeUSDC,1
9053676,zest-v1,SP1JB3G44202RYWG04M3NMCZB781VBEW414QRMZS2,SP1JB3G44202RYWG04M3NMCZB781VBEW414QRMZS2,collateral,stSTXbtc,10059628
9053676,zest-v1,SP1JB3G44202RYWG04M3NMCZB781VBEW414QRMZS2,SP1JB3G44202RYWG04M3NMCZB781VBEW414QRMZS2,debt,USDH,117244605
9053676,zest-v1,SP1JB3G44202RYWG04M3NMCZB781VBEW414QRMZS2,SP1JB3G44202RYWG04M3NMCZB781VBEW414QRMZS2,debt_stored,USDH,113683973
9053676,zest-v1,SP1JES6BF7VN9840VTXGT5MB36SY0PAE3KP7FQNTZ,SP1JES6BF7VN9840VTXGT5MB36SY0PAE3KP7FQNTZ,collateral,stSTX,119916
9053676,zest-v1,SP1JES6BF7VN9840VTXGT5MB36SY0PAE3KP7FQNTZ,SP1JES6BF7VN9840VTXGT5MB36SY0PAE3KP7FQNTZ,debt,aeUSDC,8289
9053676,zest-v1,SP1JES6BF7VN9840VTXGT5MB36SY0PAE3KP7FQNTZ,SP1JES6BF7VN9840VTXGT5MB36SY0PAE3KP7FQNTZ,debt_stored,aeUSDC,7742
9053676,zest-v1,SP1JFDZXYVWBWSDA8NHHT4D0R2BENZ06X1MC5XBZ4,SP1JFDZXYVWBWSDA8NHHT4D0R2BENZ06X1MC5XBZ4,collateral,stSTX,123513186
9053676,zest-v1,SP1JFDZXYVWBWSDA8NHHT4D0R2BENZ06X1MC5XBZ4,SP1JFDZXYVWBWSDA8NHHT4D0R2BENZ06X1MC5XBZ4,debt,STX,55459488
9053676,zest-v1,SP1JFDZXYVWBWSDA8NHHT4D0R2BENZ06X1MC5XBZ4,SP1JFDZXYVWBWSDA8NHHT4D0R2BENZ06X1MC5XBZ4,debt_stored,STX,49001457
9053676,zest-v1,SP1JFJ02WRFV0WC2M3H6H42JVF5Z8GZWDMWKMD8JB,SP1JFJ02WRFV0WC2M3H6H42JVF5Z8GZWDMWKMD8JB,collateral,stSTX,9035057
9053676,zest-v1,SP1JFJ02WRFV0WC2M3H6H42JVF5Z8GZWDMWKMD8JB,SP1JFJ02WRFV0WC2M3H6H42JVF5Z8GZWDMWKMD8JB,debt,stSTX,3663748
9053676,zest-v1,SP1JFJ02WRFV0WC2M3H6H42JVF5Z8GZWDMWKMD8JB,SP1JFJ02WRFV0WC2M3H6H42JVF5Z8GZWDMWKMD8JB,debt_stored,stSTX,3500000
9053676,zest-v1,SP1JQHZ30YKZ0P0JWCN5G4PP21J9SXVNP2WQ13R5Q,SP1JQHZ30YKZ0P0JWCN5G4PP21J9SXVNP2WQ13R5Q,collateral,stSTX,129229529
9053676,zest-v1,SP1JQHZ30YKZ0P0JWCN5G4PP21J9SXVNP2WQ13R5Q,SP1JQHZ30YKZ0P0JWCN5G4PP21J9SXVNP2WQ13R5Q,debt,STX,58782340
9053676,zest-v1,SP1JQHZ30YKZ0P0JWCN5G4PP21J9SXVNP2WQ13R5Q,SP1JQHZ30YKZ0P0JWCN5G4PP21J9SXVNP2WQ13R5Q,debt,stSTX,6
9053676,zest-v1,SP1JQHZ30YKZ0P0JWCN5G4PP21J9SXVNP2WQ13R5Q,SP1JQHZ30YKZ0P0JWCN5G4PP21J9SXVNP2WQ13R5Q,debt_stored,STX,52000000
9053676,zest-v1,SP1JQHZ30YKZ0P0JWCN5G4PP21J9SXVNP2WQ13R5Q,SP1JQHZ30YKZ0P0JWCN5G4PP21J9SXVNP2WQ13R5Q,debt_stored,stSTX,5
9053676,zest-v1,SP1JTJHCWCC1GSTS9K9J0TFV152KNKZPMTDA82ZHY,SP1JTJHCWCC1GSTS9K9J0TFV152KNKZPMTDA82ZHY,collateral,STX,13938092
9053676,zest-v1,SP1JTJHCWCC1GSTS9K9J0TFV152KNKZPMTDA82ZHY,SP1JTJHCWCC1GSTS9K9J0TFV152KNKZPMTDA82ZHY,debt,aeUSDC,1666743
9053676,zest-v1,SP1JTJHCWCC1GSTS9K9J0TFV152KNKZPMTDA82ZHY,SP1JTJHCWCC1GSTS9K9J0TFV152KNKZPMTDA82ZHY,debt_stored,aeUSDC,1618361
9053676,zest-v1,SP1JTQ988GYBQKZARR03XNKQBGTTB181VNAQDEM1E,SP1JTQ988GYBQKZARR03XNKQBGTTB181VNAQDEM1E,collateral,STX,10732116
9053676,zest-v1,SP1JTQ988GYBQKZARR03XNKQBGTTB181VNAQDEM1E,SP1JTQ988GYBQKZARR03XNKQBGTTB181VNAQDEM1E,collateral,stSTX,2027560
9053676,zest-v1,SP1JTQ988GYBQKZARR03XNKQBGTTB181VNAQDEM1E,SP1JTQ988GYBQKZARR03XNKQBGTTB181VNAQDEM1E,debt,aeUSDC,833969
9053676,zest-v1,SP1JTQ988GYBQKZARR03XNKQBGTTB181VNAQDEM1E,SP1JTQ988GYBQKZARR03XNKQBGTTB181VNAQDEM1E,debt_stored,aeUSDC,786329
9053676,zest-v1,SP1JYZ6ZR9QG7TC8KCB0GRDSG3WMQZ7M4EGC8XSD0,SP1JYZ6ZR9QG7TC8KCB0GRDSG3WMQZ7M4EGC8XSD0,collateral,STX,8915235811
9053676,zest-v1,SP1JYZ6ZR9QG7TC8KCB0GRDSG3WMQZ7M4EGC8XSD0,SP1JYZ6ZR9QG7TC8KCB0GRDSG3WMQZ7M4EGC8XSD0,collateral,stSTX,4895684955
9053676,zest-v1,SP1JYZ6ZR9QG7TC8KCB0GRDSG3WMQZ7M4EGC8XSD0,SP1JYZ6ZR9QG7TC8KCB0GRDSG3WMQZ7M4EGC8XSD0,debt,aeUSDC,406848572
9053676,zest-v1,SP1JYZ6ZR9QG7TC8KCB0GRDSG3WMQZ7M4EGC8XSD0,SP1JYZ6ZR9QG7TC8KCB0GRDSG3WMQZ7M4EGC8XSD0,debt_stored,aeUSDC,402171058
9053676,zest-v1,SP1K026C1ZN65FG4WB96WPJSCJ44E2MFQQ33XYD67,SP1K026C1ZN65FG4WB96WPJSCJ44E2MFQQ33XYD67,collateral,STX,556695
9053676,zest-v1,SP1K026C1ZN65FG4WB96WPJSCJ44E2MFQQ33XYD67,SP1K026C1ZN65FG4WB96WPJSCJ44E2MFQQ33XYD67,debt,STX,21347
9053676,zest-v1,SP1K026C1ZN65FG4WB96WPJSCJ44E2MFQQ33XYD67,SP1K026C1ZN65FG4WB96WPJSCJ44E2MFQQ33XYD67,debt_stored,STX,19000
9053676,zest-v1,SP1K0HS27EEQ2VHJ5TC6Y9D13CKVM90F6XN1PS558,SP1K0HS27EEQ2VHJ5TC6Y9D13CKVM90F6XN1PS558,collateral,stSTX,36111996
9053676,zest-v1,SP1K0HS27EEQ2VHJ5TC6Y9D13CKVM90F6XN1PS558,SP1K0HS27EEQ2VHJ5TC6Y9D13CKVM90F6XN1PS558,debt,stSTX,18848958
9053676,zest-v1,SP1K0HS27EEQ2VHJ5TC6Y9D13CKVM90F6XN1PS558,SP1K0HS27EEQ2VHJ5TC6Y9D13CKVM90F6XN1PS558,debt_stored,stSTX,18000000
9053676,zest-v1,SP1K1B8243JPQGSGAPT0SDDW01VWF2D6YBC8M1CRH,SP1K1B8243JPQGSGAPT0SDDW01VWF2D6YBC8M1CRH,collateral,stSTX,3537
9053676,zest-v1,SP1K1B8243JPQGSGAPT0SDDW01VWF2D6YBC8M1CRH,SP1K1B8243JPQGSGAPT0SDDW01VWF2D6YBC8M1CRH,debt,STX,113
9053676,zest-v1,SP1K1B8243JPQGSGAPT0SDDW01VWF2D6YBC8M1CRH,SP1K1B8243JPQGSGAPT0SDDW01VWF2D6YBC8M1CRH,debt_stored,STX,102
9053676,zest-v1,SP1K1E1FZJAMVJ5R3PBWX7MQDPFC9H8B1AJ7YXHHT,SP1K1E1FZJAMVJ5R3PBWX7MQDPFC9H8B1AJ7YXHHT,collateral,STX,12819460
9053676,zest-v1,SP1K1E1FZJAMVJ5R3PBWX7MQDPFC9H8B1AJ7YXHHT,SP1K1E1FZJAMVJ5R3PBWX7MQDPFC9H8B1AJ7YXHHT,debt,STX,5802266
9053676,zest-v1,SP1K1E1FZJAMVJ5R3PBWX7MQDPFC9H8B1AJ7YXHHT,SP1K1E1FZJAMVJ5R3PBWX7MQDPFC9H8B1AJ7YXHHT,debt_stored,STX,5000000
9053676,zest-v1,SP1K345SABJ2PKYYXC2261QGGQ7W2TJX7BBY1SN7Z,SP1K345SABJ2PKYYXC2261QGGQ7W2TJX7BBY1SN7Z,collateral,stSTX,277831396
9053676,zest-v1,SP1K345SABJ2PKYYXC2261QGGQ7W2TJX7BBY1SN7Z,SP1K345SABJ2PKYYXC2261QGGQ7W2TJX7BBY1SN7Z,debt,stSTX,81506662
9053676,zest-v1,SP1K345SABJ2PKYYXC2261QGGQ7W2TJX7BBY1SN7Z,SP1K345SABJ2PKYYXC2261QGGQ7W2TJX7BBY1SN7Z,debt_stored,stSTX,77762773
9053676,zest-v1,SP1K3PTTYNAF6RNKJ77Q7NZ62QTK99NGYB3FYNVZ0,SP1K3PTTYNAF6RNKJ77Q7NZ62QTK99NGYB3FYNVZ0,collateral,STX,7877665
9053676,zest-v1,SP1K3PTTYNAF6RNKJ77Q7NZ62QTK99NGYB3FYNVZ0,SP1K3PTTYNAF6RNKJ77Q7NZ62QTK99NGYB3FYNVZ0,collateral,stSTX,3597239
9053676,zest-v1,SP1K3PTTYNAF6RNKJ77Q7NZ62QTK99NGYB3FYNVZ0,SP1K3PTTYNAF6RNKJ77Q7NZ62QTK99NGYB3FYNVZ0,debt,stSTX,3764409
9053676,zest-v1,SP1K3PTTYNAF6RNKJ77Q7NZ62QTK99NGYB3FYNVZ0,SP1K3PTTYNAF6RNKJ77Q7NZ62QTK99NGYB3FYNVZ0,debt_stored,stSTX,3590851
9053676,zest-v1,SP1K4ZS9166B303BHA8VR7VA1YHTWFNSB5FNSY86V,SP1K4ZS9166B303BHA8VR7VA1YHTWFNSB5FNSY86V,collateral,STX,1073251
9053676,zest-v1,SP1K4ZS9166B303BHA8VR7VA1YHTWFNSB5FNSY86V,SP1K4ZS9166B303BHA8VR7VA1YHTWFNSB5FNSY86V,collateral,stSTX,22308451
9053676,zest-v1,SP1K4ZS9166B303BHA8VR7VA1YHTWFNSB5FNSY86V,SP1K4ZS9166B303BHA8VR7VA1YHTWFNSB5FNSY86V,debt,stSTX,7731382
9053676,zest-v1,SP1K4ZS9166B303BHA8VR7VA1YHTWFNSB5FNSY86V,SP1K4ZS9166B303BHA8VR7VA1YHTWFNSB5FNSY86V,debt_stored,stSTX,7398637
9053676,zest-v1,SP1K51PR6KXQKWGHNRJFK92SCYTAPYDKHEVWX5TPZ,SP1K51PR6KXQKWGHNRJFK92SCYTAPYDKHEVWX5TPZ,collateral,stSTX,182491340
9053676,zest-v1,SP1K51PR6KXQKWGHNRJFK92SCYTAPYDKHEVWX5TPZ,SP1K51PR6KXQKWGHNRJFK92SCYTAPYDKHEVWX5TPZ,debt,STX,69971860
9053676,zest-v1,SP1K51PR6KXQKWGHNRJFK92SCYTAPYDKHEVWX5TPZ,SP1K51PR6KXQKWGHNRJFK92SCYTAPYDKHEVWX5TPZ,debt_stored,STX,59700012
9053676,zest-v1,SP1KF22FMF2FKA8GNNPEREK9QQSF57B253Z684ZWC,SP1KF22FMF2FKA8GNNPEREK9QQSF57B253Z684ZWC,collateral,stSTX,2884413
9053676,zest-v1,SP1KF22FMF2FKA8GNNPEREK9QQSF57B253Z684ZWC,SP1KF22FMF2FKA8GNNPEREK9QQSF57B253Z684ZWC,debt,aeUSDC,769832
9053676,zest-v1,SP1KF22FMF2FKA8GNNPEREK9QQSF57B253Z684ZWC,SP1KF22FMF2FKA8GNNPEREK9QQSF57B253Z684ZWC,debt_stored,aeUSDC,725856
9053676,zest-v1,SP1KHX8E4KGC5QH4C80938RXKPQCR8WJ29BTB9JGX,SP1KHX8E4KGC5QH4C80938RXKPQCR8WJ29BTB9JGX,collateral,stSTX,5444375
9053676,zest-v1,SP1KHX8E4KGC5QH4C80938RXKPQCR8WJ29BTB9JGX,SP1KHX8E4KGC5QH4C80938RXKPQCR8WJ29BTB9JGX,debt,aeUSDC,514378
9053676,zest-v1,SP1KHX8E4KGC5QH4C80938RXKPQCR8WJ29BTB9JGX,SP1KHX8E4KGC5QH4C80938RXKPQCR8WJ29BTB9JGX,debt_stored,aeUSDC,484962
9053676,zest-v1,SP1KJQQ4E02M2KEHDD0A7Q3K5YZYN8EMWPGRV66BF,SP1KJQQ4E02M2KEHDD0A7Q3K5YZYN8EMWPGRV66BF,collateral,stSTX,165060543
9053676,zest-v1,SP1KJQQ4E02M2KEHDD0A7Q3K5YZYN8EMWPGRV66BF,SP1KJQQ4E02M2KEHDD0A7Q3K5YZYN8EMWPGRV66BF,debt,STX,56479523
9053676,zest-v1,SP1KJQQ4E02M2KEHDD0A7Q3K5YZYN8EMWPGRV66BF,SP1KJQQ4E02M2KEHDD0A7Q3K5YZYN8EMWPGRV66BF,debt_stored,STX,50000000
9053676,zest-v1,SP1KJZJFT288BK1C8G5YXRZ17WFPB06N8K5TP6TXH,SP1KJZJFT288BK1C8G5YXRZ17WFPB06N8K5TP6TXH,collateral,STX,2146495
9053676,zest-v1,SP1KJZJFT288BK1C8G5YXRZ17WFPB06N8K5TP6TXH,SP1KJZJFT288BK1C8G5YXRZ17WFPB06N8K5TP6TXH,collateral,aeUSDC,12417199
9053676,zest-v1,SP1KJZJFT288BK1C8G5YXRZ17WFPB06N8K5TP6TXH,SP1KJZJFT288BK1C8G5YXRZ17WFPB06N8K5TP6TXH,collateral,stSTX,109194283
9053676,zest-v1,SP1KJZJFT288BK1C8G5YXRZ17WFPB06N8K5TP6TXH,SP1KJZJFT288BK1C8G5YXRZ17WFPB06N8K5TP6TXH,debt,aeUSDC,667431
9053676,zest-v1,SP1KJZJFT288BK1C8G5YXRZ17WFPB06N8K5TP6TXH,SP1KJZJFT288BK1C8G5YXRZ17WFPB06N8K5TP6TXH,debt_stored,aeUSDC,500000
9053676,zest-v1,SP1KMMZCJESRYGHZVDZKRXZ1TY778GJJF6SRJ60WG,SP1KMMZCJESRYGHZVDZKRXZ1TY778GJJF6SRJ60WG,collateral,stSTX,1256240095
9053676,zest-v1,SP1KMMZCJESRYGHZVDZKRXZ1TY778GJJF6SRJ60WG,SP1KMMZCJESRYGHZVDZKRXZ1TY778GJJF6SRJ60WG,debt,STX,353973540
9053676,zest-v1,SP1KMMZCJESRYGHZVDZKRXZ1TY778GJJF6SRJ60WG,SP1KMMZCJESRYGHZVDZKRXZ1TY778GJJF6SRJ60WG,debt_stored,STX,301000000
9053676,zest-v1,SP1KPDH86AWT9TQQ31G5JHEJ3WRV16S08ST71TVKA,SP1KPDH86AWT9TQQ31G5JHEJ3WRV16S08ST71TVKA,collateral,STX,1329382
9053676,zest-v1,SP1KPDH86AWT9TQQ31G5JHEJ3WRV16S08ST71TVKA,SP1KPDH86AWT9TQQ31G5JHEJ3WRV16S08ST71TVKA,collateral,stSTX,498422714
9053676,zest-v1,SP1KPDH86AWT9TQQ31G5JHEJ3WRV16S08ST71TVKA,SP1KPDH86AWT9TQQ31G5JHEJ3WRV16S08ST71TVKA,debt,aeUSDC,70708
9053676,zest-v1,SP1KPDH86AWT9TQQ31G5JHEJ3WRV16S08ST71TVKA,SP1KPDH86AWT9TQQ31G5JHEJ3WRV16S08ST71TVKA,debt_stored,aeUSDC,53211
9053676,zest-v1,SP1KRYGSHTWW03CMX2CCPZ6C4J3FCG94EMSPXM9C5,SP1KRYGSHTWW03CMX2CCPZ6C4J3FCG94EMSPXM9C5,collateral,sBTC,7870365
9053676,zest-v1,SP1KRYGSHTWW03CMX2CCPZ6C4J3FCG94EMSPXM9C5,SP1KRYGSHTWW03CMX2CCPZ6C4J3FCG94EMSPXM9C5,debt,aeUSDC,2858008019
9053676,zest-v1,SP1KRYGSHTWW03CMX2CCPZ6C4J3FCG94EMSPXM9C5,SP1KRYGSHTWW03CMX2CCPZ6C4J3FCG94EMSPXM9C5,debt_stored,aeUSDC,2669473765
9053676,zest-v1,SP1KWR3XZFQCMGXYDHNSTPPXFHRK6N0QPTQMEXEM8,SP1KWR3XZFQCMGXYDHNSTPPXFHRK6N0QPTQMEXEM8,collateral,USDH,300232833072
9053676,zest-v1,SP1KWR3XZFQCMGXYDHNSTPPXFHRK6N0QPTQMEXEM8,SP1KWR3XZFQCMGXYDHNSTPPXFHRK6N0QPTQMEXEM8,collateral,stSTX,88534994
9053676,zest-v1,SP1KWR3XZFQCMGXYDHNSTPPXFHRK6N0QPTQMEXEM8,SP1KWR3XZFQCMGXYDHNSTPPXFHRK6N0QPTQMEXEM8,debt,USDH,856530604
9053676,zest-v1,SP1KWR3XZFQCMGXYDHNSTPPXFHRK6N0QPTQMEXEM8,SP1KWR3XZFQCMGXYDHNSTPPXFHRK6N0QPTQMEXEM8,debt_stored,USDH,851349648
9053676,zest-v1,SP1KX4GB9Y57Z2G00NVQWMX4CNVDSQ9HQJSJ7EM1D,SP1KX4GB9Y57Z2G00NVQWMX4CNVDSQ9HQJSJ7EM1D,collateral,STX,5362978
9053676,zest-v1,SP1KX4GB9Y57Z2G00NVQWMX4CNVDSQ9HQJSJ7EM1D,SP1KX4GB9Y57Z2G00NVQWMX4CNVDSQ9HQJSJ7EM1D,debt,STX,2346089
9053676,zest-v1,SP1KX4GB9Y57Z2G00NVQWMX4CNVDSQ9HQJSJ7EM1D,SP1KX4GB9Y57Z2G00NVQWMX4CNVDSQ9HQJSJ7EM1D,debt_stored,STX,2000000
9053676,zest-v1,SP1KYRWD2SCFKTKNFDS6WHVJVF12DDCBBFTCSTC3B,SP1KYRWD2SCFKTKNFDS6WHVJVF12DDCBBFTCSTC3B,collateral,stSTX,134828443
9053676,zest-v1,SP1KYRWD2SCFKTKNFDS6WHVJVF12DDCBBFTCSTC3B,SP1KYRWD2SCFKTKNFDS6WHVJVF12DDCBBFTCSTC3B,debt,STX,58739561
9053676,zest-v1,SP1KYRWD2SCFKTKNFDS6WHVJVF12DDCBBFTCSTC3B,SP1KYRWD2SCFKTKNFDS6WHVJVF12DDCBBFTCSTC3B,debt_stored,STX,52000000
9053676,zest-v1,SP1M0YRYGQDD433YFWMD1EBFQH4067B5WDSVZGZDG,SP1M0YRYGQDD433YFWMD1EBFQH4067B5WDSVZGZDG,debt,sUSDT,9089
9053676,zest-v1,SP1M0YRYGQDD433YFWMD1EBFQH4067B5WDSVZGZDG,SP1M0YRYGQDD433YFWMD1EBFQH4067B5WDSVZGZDG,debt_stored,sUSDT,9088
9053676,zest-v1,SP1M26JGHGZKGSTGMABA6HJH97DCN8ASVBP0SRF82,SP1M26JGHGZKGSTGMABA6HJH97DCN8ASVBP0SRF82,collateral,STX,5362977
9053676,zest-v1,SP1M26JGHGZKGSTGMABA6HJH97DCN8ASVBP0SRF82,SP1M26JGHGZKGSTGMABA6HJH97DCN8ASVBP0SRF82,debt,STX,1290344
9053676,zest-v1,SP1M26JGHGZKGSTGMABA6HJH97DCN8ASVBP0SRF82,SP1M26JGHGZKGSTGMABA6HJH97DCN8ASVBP0SRF82,debt_stored,STX,1100000
9053676,zest-v1,SP1M2F96QM7VWGMMDZZ49554BWRZYSC7QD9KV7X60,SP1M2F96QM7VWGMMDZZ49554BWRZYSC7QD9KV7X60,collateral,stSTX,4567543
9053676,zest-v1,SP1M2F96QM7VWGMMDZZ49554BWRZYSC7QD9KV7X60,SP1M2F96QM7VWGMMDZZ49554BWRZYSC7QD9KV7X60,debt,stSTX,2593776
9053676,zest-v1,SP1M2F96QM7VWGMMDZZ49554BWRZYSC7QD9KV7X60,SP1M2F96QM7VWGMMDZZ49554BWRZYSC7QD9KV7X60,debt_stored,stSTX,2474956
9053676,zest-v1,SP1M2KMGZH26GBB5PMMYQ5WB06Z4BTXJAJYJ77DE9,SP1M2KMGZH26GBB5PMMYQ5WB06Z4BTXJAJYJ77DE9,collateral,stSTX,14635836419
9053676,zest-v1,SP1M2KMGZH26GBB5PMMYQ5WB06Z4BTXJAJYJ77DE9,SP1M2KMGZH26GBB5PMMYQ5WB06Z4BTXJAJYJ77DE9,debt,STX,3290887045
9053676,zest-v1,SP1M2KMGZH26GBB5PMMYQ5WB06Z4BTXJAJYJ77DE9,SP1M2KMGZH26GBB5PMMYQ5WB06Z4BTXJAJYJ77DE9,debt_stored,STX,3092173000
9053676,zest-v1,SP1M71JK52GZSZSTXT9FSGB2FHY8630WD756VV97D,SP1M71JK52GZSZSTXT9FSGB2FHY8630WD756VV97D,collateral,stSTX,458412
9053676,zest-v1,SP1M71JK52GZSZSTXT9FSGB2FHY8630WD756VV97D,SP1M71JK52GZSZSTXT9FSGB2FHY8630WD756VV97D,debt,USDH,33292102
9053676,zest-v1,SP1M71JK52GZSZSTXT9FSGB2FHY8630WD756VV97D,SP1M71JK52GZSZSTXT9FSGB2FHY8630WD756VV97D,debt_stored,USDH,30332867
9053676,zest-v1,SP1M75K525BYRRK1VFQWMAPX7BYWFXE1NPQNETYK0,SP1M75K525BYRRK1VFQWMAPX7BYWFXE1NPQNETYK0,collateral,stSTX,28807112
9053676,zest-v1,SP1M75K525BYRRK1VFQWMAPX7BYWFXE1NPQNETYK0,SP1M75K525BYRRK1VFQWMAPX7BYWFXE1NPQNETYK0,debt,aeUSDC,261545
9053676,zest-v1,SP1M75K525BYRRK1VFQWMAPX7BYWFXE1NPQNETYK0,SP1M75K525BYRRK1VFQWMAPX7BYWFXE1NPQNETYK0,debt_stored,aeUSDC,254067
9053676,zest-v1,SP1M8V9TWH35VKPES3Z5SE6SC3QYYH8V4Q3ZG2WZX,SP1M8V9TWH35VKPES3Z5SE6SC3QYYH8V4Q3ZG2WZX,collateral,stSTX,11525440
9053676,zest-v1,SP1M8V9TWH35VKPES3Z5SE6SC3QYYH8V4Q3ZG2WZX,SP1M8V9TWH35VKPES3Z5SE6SC3QYYH8V4Q3ZG2WZX,debt,stSTX,5936497
9053676,zest-v1,SP1M8V9TWH35VKPES3Z5SE6SC3QYYH8V4Q3ZG2WZX,SP1M8V9TWH35VKPES3Z5SE6SC3QYYH8V4Q3ZG2WZX,debt_stored,stSTX,5699174
9053676,zest-v1,SP1M9ZCKKVZ64YJBXQ3J7D583CFY5SMEXPSAXH7D7,SP1M9ZCKKVZ64YJBXQ3J7D583CFY5SMEXPSAXH7D7,collateral,stSTX,13048182
9053676,zest-v1,SP1M9ZCKKVZ64YJBXQ3J7D583CFY5SMEXPSAXH7D7,SP1M9ZCKKVZ64YJBXQ3J7D583CFY5SMEXPSAXH7D7,debt,stSTX,6778060
9053676,zest-v1,SP1M9ZCKKVZ64YJBXQ3J7D583CFY5SMEXPSAXH7D7,SP1M9ZCKKVZ64YJBXQ3J7D583CFY5SMEXPSAXH7D7,debt_stored,stSTX,6480175
9053676,zest-v1,SP1MF4W0G1DYXCF0WJATM55K2WFKCWXSM09DEQ253,SP1MF4W0G1DYXCF0WJATM55K2WFKCWXSM09DEQ253,collateral,aeUSDC,91895868
9053676,zest-v1,SP1MF4W0G1DYXCF0WJATM55K2WFKCWXSM09DEQ253,SP1MF4W0G1DYXCF0WJATM55K2WFKCWXSM09DEQ253,collateral,stSTX,97009072
9053676,zest-v1,SP1MF4W0G1DYXCF0WJATM55K2WFKCWXSM09DEQ253,SP1MF4W0G1DYXCF0WJATM55K2WFKCWXSM09DEQ253,debt,STX,57494008
9053676,zest-v1,SP1MF4W0G1DYXCF0WJATM55K2WFKCWXSM09DEQ253,SP1MF4W0G1DYXCF0WJATM55K2WFKCWXSM09DEQ253,debt_stored,STX,50543539
9053676,zest-v1,SP1MK5FPWENNA93414ST9TS5FTADHAM3VWZ3EDEK8,SP1MK5FPWENNA93414ST9TS5FTADHAM3VWZ3EDEK8,collateral,STX,703747
9053676,zest-v1,SP1MK5FPWENNA93414ST9TS5FTADHAM3VWZ3EDEK8,SP1MK5FPWENNA93414ST9TS5FTADHAM3VWZ3EDEK8,debt,STX,21347
9053676,zest-v1,SP1MK5FPWENNA93414ST9TS5FTADHAM3VWZ3EDEK8,SP1MK5FPWENNA93414ST9TS5FTADHAM3VWZ3EDEK8,debt_stored,STX,19000
9053676,zest-v1,SP1MM6AXFQJZ3120SH5TXNY2KMX3ZE9T0FA56NE86,SP1MM6AXFQJZ3120SH5TXNY2KMX3ZE9T0FA56NE86,collateral,STX,5566242
9053676,zest-v1,SP1MM6AXFQJZ3120SH5TXNY2KMX3ZE9T0FA56NE86,SP1MM6AXFQJZ3120SH5TXNY2KMX3ZE9T0FA56NE86,debt,aeUSDC,663803
9053676,zest-v1,SP1MM6AXFQJZ3120SH5TXNY2KMX3ZE9T0FA56NE86,SP1MM6AXFQJZ3120SH5TXNY2KMX3ZE9T0FA56NE86,debt_stored,aeUSDC,644537
9053676,zest-v1,SP1MPZZ3Q1AV52XYGQV94FQD0YTSHPQCYPKSDJ0SJ,SP1MPZZ3Q1AV52XYGQV94FQD0YTSHPQCYPKSDJ0SJ,collateral,stSTX,101180024
9053676,zest-v1,SP1MPZZ3Q1AV52XYGQV94FQD0YTSHPQCYPKSDJ0SJ,SP1MPZZ3Q1AV52XYGQV94FQD0YTSHPQCYPKSDJ0SJ,debt,STX,5865275
9053676,zest-v1,SP1MPZZ3Q1AV52XYGQV94FQD0YTSHPQCYPKSDJ0SJ,SP1MPZZ3Q1AV52XYGQV94FQD0YTSHPQCYPKSDJ0SJ,debt_stored,STX,5000000
9053676,zest-v1,SP1MQN174AA7YNKFNAE7J26TPE100F99KF1VGMG6P,SP1MQN174AA7YNKFNAE7J26TPE100F99KF1VGMG6P,collateral,stSTX,1053735
9053676,zest-v1,SP1MQN174AA7YNKFNAE7J26TPE100F99KF1VGMG6P,SP1MQN174AA7YNKFNAE7J26TPE100F99KF1VGMG6P,debt,aeUSDC,62037
9053676,zest-v1,SP1MQN174AA7YNKFNAE7J26TPE100F99KF1VGMG6P,SP1MQN174AA7YNKFNAE7J26TPE100F99KF1VGMG6P,debt_stored,aeUSDC,46510
9053676,zest-v1,SP1MRXHBP09CQZRGDTXREA4PJZRG9T9VG1HNXBVAW,SP1MRXHBP09CQZRGDTXREA4PJZRG9T9VG1HNXBVAW,collateral,STX,222893
9053676,zest-v1,SP1MRXHBP09CQZRGDTXREA4PJZRG9T9VG1HNXBVAW,SP1MRXHBP09CQZRGDTXREA4PJZRG9T9VG1HNXBVAW,debt,aeUSDC,863
9053676,zest-v1,SP1MRXHBP09CQZRGDTXREA4PJZRG9T9VG1HNXBVAW,SP1MRXHBP09CQZRGDTXREA4PJZRG9T9VG1HNXBVAW,debt_stored,aeUSDC,695
9053676,zest-v1,SP1MSYSDENTAA1G33XB03DE6RA3HG7NKF38R3G5Y9,SP1MSYSDENTAA1G33XB03DE6RA3HG7NKF38R3G5Y9,collateral,stSTX,165575023
9053676,zest-v1,SP1MSYSDENTAA1G33XB03DE6RA3HG7NKF38R3G5Y9,SP1MSYSDENTAA1G33XB03DE6RA3HG7NKF38R3G5Y9,debt,STX,73501488
9053676,zest-v1,SP1MSYSDENTAA1G33XB03DE6RA3HG7NKF38R3G5Y9,SP1MSYSDENTAA1G33XB03DE6RA3HG7NKF38R3G5Y9,debt_stored,STX,65000000
9053676,zest-v1,SP1MVRXED26PVN88DSFPNBVTQMVSMCGQ21HZPC7BG,SP1MVRXED26PVN88DSFPNBVTQMVSMCGQ21HZPC7BG,collateral,stSTX,132536248
9053676,zest-v1,SP1MVRXED26PVN88DSFPNBVTQMVSMCGQ21HZPC7BG,SP1MVRXED26PVN88DSFPNBVTQMVSMCGQ21HZPC7BG,debt,STX,57629065
9053676,zest-v1,SP1MVRXED26PVN88DSFPNBVTQMVSMCGQ21HZPC7BG,SP1MVRXED26PVN88DSFPNBVTQMVSMCGQ21HZPC7BG,debt_stored,STX,51000000
9053676,zest-v1,SP1MWMBMQ6G4X6H4BSNNFC9RFSEATT1PJFKWA20R,SP1MWMBMQ6G4X6H4BSNNFC9RFSEATT1PJFKWA20R,collateral,stSTX,349461413
9053676,zest-v1,SP1MWMBMQ6G4X6H4BSNNFC9RFSEATT1PJFKWA20R,SP1MWMBMQ6G4X6H4BSNNFC9RFSEATT1PJFKWA20R,debt,STX,207452908
9053676,zest-v1,SP1MWMBMQ6G4X6H4BSNNFC9RFSEATT1PJFKWA20R,SP1MWMBMQ6G4X6H4BSNNFC9RFSEATT1PJFKWA20R,debt_stored,STX,175379251
9053676,zest-v1,SP1MXJCYYZNCRX9GKHX1STKDPPH782RRAWB3BFHWC,SP1MXJCYYZNCRX9GKHX1STKDPPH782RRAWB3BFHWC,collateral,STX,18035334
9053676,zest-v1,SP1MXJCYYZNCRX9GKHX1STKDPPH782RRAWB3BFHWC,SP1MXJCYYZNCRX9GKHX1STKDPPH782RRAWB3BFHWC,debt,stSTX,8570089
9053676,zest-v1,SP1MXJCYYZNCRX9GKHX1STKDPPH782RRAWB3BFHWC,SP1MXJCYYZNCRX9GKHX1STKDPPH782RRAWB3BFHWC,debt_stored,stSTX,8183719
9053676,zest-v1,SP1MZ3CF4W2NXNKHZDGCXVTGRCRVW9CT8ZX52CT33,SP1MZ3CF4W2NXNKHZDGCXVTGRCRVW9CT8ZX52CT33,collateral,stSTX,8981
9053676,zest-v1,SP1MZ3CF4W2NXNKHZDGCXVTGRCRVW9CT8ZX52CT33,SP1MZ3CF4W2NXNKHZDGCXVTGRCRVW9CT8ZX52CT33,debt,aeUSDC,425
9053676,zest-v1,SP1MZ3CF4W2NXNKHZDGCXVTGRCRVW9CT8ZX52CT33,SP1MZ3CF4W2NXNKHZDGCXVTGRCRVW9CT8ZX52CT33,debt_stored,aeUSDC,374
9053676,zest-v1,SP1MZN19KN6DHGHYWB580SAGA7D95DP4RB4PCSG2A,SP1MZN19KN6DHGHYWB580SAGA7D95DP4RB4PCSG2A,collateral,STX,11025164
9053676,zest-v1,SP1MZN19KN6DHGHYWB580SAGA7D95DP4RB4PCSG2A,SP1MZN19KN6DHGHYWB580SAGA7D95DP4RB4PCSG2A,debt,STX,4063904
9053676,zest-v1,SP1MZN19KN6DHGHYWB580SAGA7D95DP4RB4PCSG2A,SP1MZN19KN6DHGHYWB580SAGA7D95DP4RB4PCSG2A,debt_stored,STX,3482657
9053676,zest-v1,SP1N1H53VNY91REYTCSNNR9ERAKJKDZBK7F2W1MPG,SP1N1H53VNY91REYTCSNNR9ERAKJKDZBK7F2W1MPG,collateral,stSTX,70116115
9053676,zest-v1,SP1N1H53VNY91REYTCSNNR9ERAKJKDZBK7F2W1MPG,SP1N1H53VNY91REYTCSNNR9ERAKJKDZBK7F2W1MPG,debt,stSTX,20848186
9053676,zest-v1,SP1N1H53VNY91REYTCSNNR9ERAKJKDZBK7F2W1MPG,SP1N1H53VNY91REYTCSNNR9ERAKJKDZBK7F2W1MPG,debt_stored,stSTX,20000000
9053676,zest-v1,SP1N37X28QF55WF5AYRCSF1XMV1MD1HCR82Q814W1,SP1N37X28QF55WF5AYRCSF1XMV1MD1HCR82Q814W1,collateral,STX,214623
9053676,zest-v1,SP1N37X28QF55WF5AYRCSF1XMV1MD1HCR82Q814W1,SP1N37X28QF55WF5AYRCSF1XMV1MD1HCR82Q814W1,debt,aeUSDC,132817
9053676,zest-v1,SP1N37X28QF55WF5AYRCSF1XMV1MD1HCR82Q814W1,SP1N37X28QF55WF5AYRCSF1XMV1MD1HCR82Q814W1,debt_stored,aeUSDC,100000
9053676,zest-v1,SP1N3WKPS7PQKD837CTGSWEQ8QXTK061CHH2CKM3J,SP1N3WKPS7PQKD837CTGSWEQ8QXTK061CHH2CKM3J,collateral,STX,5362250
9053676,zest-v1,SP1N3WKPS7PQKD837CTGSWEQ8QXTK061CHH2CKM3J,SP1N3WKPS7PQKD837CTGSWEQ8QXTK061CHH2CKM3J,debt,STX,1172474
9053676,zest-v1,SP1N3WKPS7PQKD837CTGSWEQ8QXTK061CHH2CKM3J,SP1N3WKPS7PQKD837CTGSWEQ8QXTK061CHH2CKM3J,debt_stored,STX,1000000
9053676,zest-v1,SP1N40ZQFA80NN2CT7E81Q6GR9MYKDG749GVH8B93,SP1N40ZQFA80NN2CT7E81Q6GR9MYKDG749GVH8B93,collateral,stSTX,2327923561
9053676,zest-v1,SP1N40ZQFA80NN2CT7E81Q6GR9MYKDG749GVH8B93,SP1N40ZQFA80NN2CT7E81Q6GR9MYKDG749GVH8B93,debt,stSTX,521388676
9053676,zest-v1,SP1N40ZQFA80NN2CT7E81Q6GR9MYKDG749GVH8B93,SP1N40ZQFA80NN2CT7E81Q6GR9MYKDG749GVH8B93,debt_stored,stSTX,497502203
9053676,zest-v1,SP1N55MCYVJRREE1XBV0N6ZRDN8Z41ERJ8KQHGR0X,SP1N55MCYVJRREE1XBV0N6ZRDN8Z41ERJ8KQHGR0X,collateral,stSTX,23026231
9053676,zest-v1,SP1N55MCYVJRREE1XBV0N6ZRDN8Z41ERJ8KQHGR0X,SP1N55MCYVJRREE1XBV0N6ZRDN8Z41ERJ8KQHGR0X,debt,STX,7942454
9053676,zest-v1,SP1N55MCYVJRREE1XBV0N6ZRDN8Z41ERJ8KQHGR0X,SP1N55MCYVJRREE1XBV0N6ZRDN8Z41ERJ8KQHGR0X,debt,stSTX,3350276
9053676,zest-v1,SP1N55MCYVJRREE1XBV0N6ZRDN8Z41ERJ8KQHGR0X,SP1N55MCYVJRREE1XBV0N6ZRDN8Z41ERJ8KQHGR0X,debt_stored,STX,6754975
9053676,zest-v1,SP1N55MCYVJRREE1XBV0N6ZRDN8Z41ERJ8KQHGR0X,SP1N55MCYVJRREE1XBV0N6ZRDN8Z41ERJ8KQHGR0X,debt_stored,stSTX,3194965
9053676,zest-v1,SP1N6T6JZFD8CWDP76BMVR7MCF1AHXA4EGC87F2DP,SP1N6T6JZFD8CWDP76BMVR7MCF1AHXA4EGC87F2DP,collateral,STX,5362024
9053676,zest-v1,SP1N6T6JZFD8CWDP76BMVR7MCF1AHXA4EGC87F2DP,SP1N6T6JZFD8CWDP76BMVR7MCF1AHXA4EGC87F2DP,debt,STX,1172309
9053676,zest-v1,SP1N6T6JZFD8CWDP76BMVR7MCF1AHXA4EGC87F2DP,SP1N6T6JZFD8CWDP76BMVR7MCF1AHXA4EGC87F2DP,debt_stored,STX,1000000
9053676,zest-v1,SP1N7R7PT634TRWGKZ620HHMYX4YS1P3996YTM42S,SP1N7R7PT634TRWGKZ620HHMYX4YS1P3996YTM42S,collateral,stSTX,1256240095
9053676,zest-v1,SP1N7R7PT634TRWGKZ620HHMYX4YS1P3996YTM42S,SP1N7R7PT634TRWGKZ620HHMYX4YS1P3996YTM42S,debt,STX,353973540
9053676,zest-v1,SP1N7R7PT634TRWGKZ620HHMYX4YS1P3996YTM42S,SP1N7R7PT634TRWGKZ620HHMYX4YS1P3996YTM42S,debt_stored,STX,301000000
9053676,zest-v1,SP1NB4E1FARJ0NFQH0X1VBAJ1TPFMN9H0AGTSPB16,SP1NB4E1FARJ0NFQH0X1VBAJ1TPFMN9H0AGTSPB16,collateral,stSTX,6270
9053676,zest-v1,SP1NB4E1FARJ0NFQH0X1VBAJ1TPFMN9H0AGTSPB16,SP1NB4E1FARJ0NFQH0X1VBAJ1TPFMN9H0AGTSPB16,debt,STX,60
9053676,zest-v1,SP1NB4E1FARJ0NFQH0X1VBAJ1TPFMN9H0AGTSPB16,SP1NB4E1FARJ0NFQH0X1VBAJ1TPFMN9H0AGTSPB16,debt_stored,STX,54
9053676,zest-v1,SP1NBN8AM3DKPZRYAAHJE6JCTGT9HB0GDCQ6RPC5H,SP1NBN8AM3DKPZRYAAHJE6JCTGT9HB0GDCQ6RPC5H,collateral,stSTX,510908
9053676,zest-v1,SP1NBN8AM3DKPZRYAAHJE6JCTGT9HB0GDCQ6RPC5H,SP1NBN8AM3DKPZRYAAHJE6JCTGT9HB0GDCQ6RPC5H,debt,STX,117304
9053676,zest-v1,SP1NBN8AM3DKPZRYAAHJE6JCTGT9HB0GDCQ6RPC5H,SP1NBN8AM3DKPZRYAAHJE6JCTGT9HB0GDCQ6RPC5H,debt_stored,STX,100000
9053676,zest-v1,SP1NE94ACGPH4Q201XJJSQ7999H28VMATMZS6PWQN,SP1NE94ACGPH4Q201XJJSQ7999H28VMATMZS6PWQN,collateral,STX,209232765
9053676,zest-v1,SP1NE94ACGPH4Q201XJJSQ7999H28VMATMZS6PWQN,SP1NE94ACGPH4Q201XJJSQ7999H28VMATMZS6PWQN,collateral,stSTX,806486116
9053676,zest-v1,SP1NE94ACGPH4Q201XJJSQ7999H28VMATMZS6PWQN,SP1NE94ACGPH4Q201XJJSQ7999H28VMATMZS6PWQN,debt,STX,234932996
9053676,zest-v1,SP1NE94ACGPH4Q201XJJSQ7999H28VMATMZS6PWQN,SP1NE94ACGPH4Q201XJJSQ7999H28VMATMZS6PWQN,debt_stored,STX,200000000
9053676,zest-v1,SP1NJHRCCT85H32JEQK5JCA4MW9P2PMQY1Q5D53VG,SP1NJHRCCT85H32JEQK5JCA4MW9P2PMQY1Q5D53VG,collateral,STX,129402425
9053676,zest-v1,SP1NJHRCCT85H32JEQK5JCA4MW9P2PMQY1Q5D53VG,SP1NJHRCCT85H32JEQK5JCA4MW9P2PMQY1Q5D53VG,debt,STX,23281024
9053676,zest-v1,SP1NJHRCCT85H32JEQK5JCA4MW9P2PMQY1Q5D53VG,SP1NJHRCCT85H32JEQK5JCA4MW9P2PMQY1Q5D53VG,debt_stored,STX,20000000
9053676,zest-v1,SP1NN5RP6G9NV7JCBBBWQX1X2KY813005G4VKWTCB,SP1NN5RP6G9NV7JCBBBWQX1X2KY813005G4VKWTCB,collateral,stSTX,292946
9053676,zest-v1,SP1NN5RP6G9NV7JCBBBWQX1X2KY813005G4VKWTCB,SP1NN5RP6G9NV7JCBBBWQX1X2KY813005G4VKWTCB,debt,stSTX,151759
9053676,zest-v1,SP1NN5RP6G9NV7JCBBBWQX1X2KY813005G4VKWTCB,SP1NN5RP6G9NV7JCBBBWQX1X2KY813005G4VKWTCB,debt_stored,stSTX,145948
9053676,zest-v1,SP1NNP68XXEAE8S9J4JZGBPDVYQ9V5Q6BEATYHTWP,SP1NNP68XXEAE8S9J4JZGBPDVYQ9V5Q6BEATYHTWP,collateral,stSTX,161579
9053676,zest-v1,SP1NNP68XXEAE8S9J4JZGBPDVYQ9V5Q6BEATYHTWP,SP1NNP68XXEAE8S9J4JZGBPDVYQ9V5Q6BEATYHTWP,debt,USDH,9730833
9053676,zest-v1,SP1NNP68XXEAE8S9J4JZGBPDVYQ9V5Q6BEATYHTWP,SP1NNP68XXEAE8S9J4JZGBPDVYQ9V5Q6BEATYHTWP,debt_stored,USDH,8850822
9053676,zest-v1,SP1NR1G13R3NMST4JT7WC0KCAWAR5BE2GKZA7X4GY,SP1NR1G13R3NMST4JT7WC0KCAWAR5BE2GKZA7X4GY,collateral,stSTX,43633173
9053676,zest-v1,SP1NR1G13R3NMST4JT7WC0KCAWAR5BE2GKZA7X4GY,SP1NR1G13R3NMST4JT7WC0KCAWAR5BE2GKZA7X4GY,debt,stSTX,15141368
9053676,zest-v1,SP1NR1G13R3NMST4JT7WC0KCAWAR5BE2GKZA7X4GY,SP1NR1G13R3NMST4JT7WC0KCAWAR5BE2GKZA7X4GY,debt_stored,stSTX,14470496
9053676,zest-v1,SP1NTBTPVZHEM779MZXNQWQ48XMW2NHTMXNANYFN7,SP1NTBTPVZHEM779MZXNQWQ48XMW2NHTMXNANYFN7,collateral,stSTX,1214055
9053676,zest-v1,SP1NTBTPVZHEM779MZXNQWQ48XMW2NHTMXNANYFN7,SP1NTBTPVZHEM779MZXNQWQ48XMW2NHTMXNANYFN7,debt,aeUSDC,559546
9053676,zest-v1,SP1NTBTPVZHEM779MZXNQWQ48XMW2NHTMXNANYFN7,SP1NTBTPVZHEM779MZXNQWQ48XMW2NHTMXNANYFN7,debt_stored,aeUSDC,527589
9053676,zest-v1,SP1P36H5CQV121SM6RRP839NDPSG5QA5JA098KJ4M,SP1P36H5CQV121SM6RRP839NDPSG5QA5JA098KJ4M,collateral,stSTX,1001779
9053676,zest-v1,SP1P36H5CQV121SM6RRP839NDPSG5QA5JA098KJ4M,SP1P36H5CQV121SM6RRP839NDPSG5QA5JA098KJ4M,debt,STX,233174
9053676,zest-v1,SP1P36H5CQV121SM6RRP839NDPSG5QA5JA098KJ4M,SP1P36H5CQV121SM6RRP839NDPSG5QA5JA098KJ4M,debt_stored,STX,200000
9053676,zest-v1,SP1P6HG0SRCF9M4FH46BHZDWFWWMJPTN29WNJ4KHW,SP1P6HG0SRCF9M4FH46BHZDWFWWMJPTN29WNJ4KHW,collateral,stSTX,101180024
9053676,zest-v1,SP1P6HG0SRCF9M4FH46BHZDWFWWMJPTN29WNJ4KHW,SP1P6HG0SRCF9M4FH46BHZDWFWWMJPTN29WNJ4KHW,debt,STX,5865275
9053676,zest-v1,SP1P6HG0SRCF9M4FH46BHZDWFWWMJPTN29WNJ4KHW,SP1P6HG0SRCF9M4FH46BHZDWFWWMJPTN29WNJ4KHW,debt_stored,STX,5000000
9053676,zest-v1,SP1P7Y6XGQ1VQDJNQEM969ST5MMFFE3ZSCFWRGEZ5,SP1P7Y6XGQ1VQDJNQEM969ST5MMFFE3ZSCFWRGEZ5,collateral,STX,40
9053676,zest-v1,SP1P7Y6XGQ1VQDJNQEM969ST5MMFFE3ZSCFWRGEZ5,SP1P7Y6XGQ1VQDJNQEM969ST5MMFFE3ZSCFWRGEZ5,collateral,aeUSDC,70783615
9053676,zest-v1,SP1P7Y6XGQ1VQDJNQEM969ST5MMFFE3ZSCFWRGEZ5,SP1P7Y6XGQ1VQDJNQEM969ST5MMFFE3ZSCFWRGEZ5,debt,aeUSDC,20807
9053676,zest-v1,SP1P7Y6XGQ1VQDJNQEM969ST5MMFFE3ZSCFWRGEZ5,SP1P7Y6XGQ1VQDJNQEM969ST5MMFFE3ZSCFWRGEZ5,debt_stored,aeUSDC,18520
9053676,zest-v1,SP1PB8FRYJ04JFK601RA6GRXEWGTZ7H24WZY7PC8R,SP1PB8FRYJ04JFK601RA6GRXEWGTZ7H24WZY7PC8R,collateral,STX,5362978
9053676,zest-v1,SP1PB8FRYJ04JFK601RA6GRXEWGTZ7H24WZY7PC8R,SP1PB8FRYJ04JFK601RA6GRXEWGTZ7H24WZY7PC8R,debt,STX,598252
9053676,zest-v1,SP1PB8FRYJ04JFK601RA6GRXEWGTZ7H24WZY7PC8R,SP1PB8FRYJ04JFK601RA6GRXEWGTZ7H24WZY7PC8R,debt_stored,STX,510000
9053676,zest-v1,SP1PE1R37416BVCZ8MFS777VKEB728S2DW094Q9YF,SP1PE1R37416BVCZ8MFS777VKEB728S2DW094Q9YF,collateral,stSTX,29415
9053676,zest-v1,SP1PE1R37416BVCZ8MFS777VKEB728S2DW094Q9YF,SP1PE1R37416BVCZ8MFS777VKEB728S2DW094Q9YF,debt,STX,13482
9053676,zest-v1,SP1PE1R37416BVCZ8MFS777VKEB728S2DW094Q9YF,SP1PE1R37416BVCZ8MFS777VKEB728S2DW094Q9YF,debt_stored,STX,12000
9053676,zest-v1,SP1PGHCG4VV9W5F1A6MWYK6D02J0G21CTWKPS18ZG,SP1PGHCG4VV9W5F1A6MWYK6D02J0G21CTWKPS18ZG,collateral,stSTX,51892232
9053676,zest-v1,SP1PGHCG4VV9W5F1A6MWYK6D02J0G21CTWKPS18ZG,SP1PGHCG4VV9W5F1A6MWYK6D02J0G21CTWKPS18ZG,debt,STX,20755290
9053676,zest-v1,SP1PGHCG4VV9W5F1A6MWYK6D02J0G21CTWKPS18ZG,SP1PGHCG4VV9W5F1A6MWYK6D02J0G21CTWKPS18ZG,debt_stored,STX,17686113
9053676,zest-v1,SP1PGS9396MJEMT6QXZ6WSX2DXXG9K8KCY05W1DZB,SP1PGS9396MJEMT6QXZ6WSX2DXXG9K8KCY05W1DZB,collateral,stSTX,149945736
9053676,zest-v1,SP1PGS9396MJEMT6QXZ6WSX2DXXG9K8KCY05W1DZB,SP1PGS9396MJEMT6QXZ6WSX2DXXG9K8KCY05W1DZB,debt,STX,73158659
9053676,zest-v1,SP1PGS9396MJEMT6QXZ6WSX2DXXG9K8KCY05W1DZB,SP1PGS9396MJEMT6QXZ6WSX2DXXG9K8KCY05W1DZB,debt_stored,STX,64636752
9053676,zest-v1,SP1PJCJ3VRVZYF36DJE0SXX8DRR8D9CK7JNGM7V8C,SP1PJCJ3VRVZYF36DJE0SXX8DRR8D9CK7JNGM7V8C,collateral,STX,714263
9053676,zest-v1,SP1PJCJ3VRVZYF36DJE0SXX8DRR8D9CK7JNGM7V8C,SP1PJCJ3VRVZYF36DJE0SXX8DRR8D9CK7JNGM7V8C,debt,STX,17976
9053676,zest-v1,SP1PJCJ3VRVZYF36DJE0SXX8DRR8D9CK7JNGM7V8C,SP1PJCJ3VRVZYF36DJE0SXX8DRR8D9CK7JNGM7V8C,debt_stored,STX,16000
9053676,zest-v1,SP1PSTA73FRSRK0KZAWBCM9KRXHVE3RY255E3VZ3N,SP1PSTA73FRSRK0KZAWBCM9KRXHVE3RY255E3VZ3N,collateral,stSTX,32867
9053676,zest-v1,SP1PSTA73FRSRK0KZAWBCM9KRXHVE3RY255E3VZ3N,SP1PSTA73FRSRK0KZAWBCM9KRXHVE3RY255E3VZ3N,debt,STX,1582
9053676,zest-v1,SP1PSTA73FRSRK0KZAWBCM9KRXHVE3RY255E3VZ3N,SP1PSTA73FRSRK0KZAWBCM9KRXHVE3RY255E3VZ3N,debt,aeUSDC,23101
9053676,zest-v1,SP1PSTA73FRSRK0KZAWBCM9KRXHVE3RY255E3VZ3N,SP1PSTA73FRSRK0KZAWBCM9KRXHVE3RY255E3VZ3N,debt_stored,STX,1387
9053676,zest-v1,SP1PSTA73FRSRK0KZAWBCM9KRXHVE3RY255E3VZ3N,SP1PSTA73FRSRK0KZAWBCM9KRXHVE3RY255E3VZ3N,debt_stored,aeUSDC,18610
9053676,zest-v1,SP1PVRTEP7TWYPR0PZFQ8Q25266T4TSWV1EA6H8YD,SP1PVRTEP7TWYPR0PZFQ8Q25266T4TSWV1EA6H8YD,collateral,STX,1180577
9053676,zest-v1,SP1PVRTEP7TWYPR0PZFQ8Q25266T4TSWV1EA6H8YD,SP1PVRTEP7TWYPR0PZFQ8Q25266T4TSWV1EA6H8YD,debt,STX,117305
9053676,zest-v1,SP1PVRTEP7TWYPR0PZFQ8Q25266T4TSWV1EA6H8YD,SP1PVRTEP7TWYPR0PZFQ8Q25266T4TSWV1EA6H8YD,debt_stored,STX,100000
9053676,zest-v1,SP1PY1MDQ6CEPSADB9B5T46ZDV3S3R2832RMRQSEP,SP1PY1MDQ6CEPSADB9B5T46ZDV3S3R2832RMRQSEP,collateral,stSTX,545266033
9053676,zest-v1,SP1PY1MDQ6CEPSADB9B5T46ZDV3S3R2832RMRQSEP,SP1PY1MDQ6CEPSADB9B5T46ZDV3S3R2832RMRQSEP,debt,stSTX,229203822
9053676,zest-v1,SP1PY1MDQ6CEPSADB9B5T46ZDV3S3R2832RMRQSEP,SP1PY1MDQ6CEPSADB9B5T46ZDV3S3R2832RMRQSEP,debt_stored,stSTX,218602254
9053676,zest-v1,SP1PY22WG0EV9NNGEH6JD4YPD472RENR073R6C2N3,SP1PY22WG0EV9NNGEH6JD4YPD472RENR073R6C2N3,collateral,stSTX,2682
9053676,zest-v1,SP1PY22WG0EV9NNGEH6JD4YPD472RENR073R6C2N3,SP1PY22WG0EV9NNGEH6JD4YPD472RENR073R6C2N3,debt,stSTX,24
9053676,zest-v1,SP1PY22WG0EV9NNGEH6JD4YPD472RENR073R6C2N3,SP1PY22WG0EV9NNGEH6JD4YPD472RENR073R6C2N3,debt_stored,stSTX,23
9053676,zest-v1,SP1Q1PVYXM0F4VFP8WQ7237W2SP25RY250KWDQ71A,SP1Q1PVYXM0F4VFP8WQ7237W2SP25RY250KWDQ71A,collateral,stSTX,16913441
9053676,zest-v1,SP1Q1PVYXM0F4VFP8WQ7237W2SP25RY250KWDQ71A,SP1Q1PVYXM0F4VFP8WQ7237W2SP25RY250KWDQ71A,debt,aeUSDC,2220
9053676,zest-v1,SP1Q1PVYXM0F4VFP8WQ7237W2SP25RY250KWDQ71A,SP1Q1PVYXM0F4VFP8WQ7237W2SP25RY250KWDQ71A,debt_stored,aeUSDC,1841
9053676,zest-v1,SP1Q4DD1WVPTDHXQAHR88GRZRKVEZMKT8J75Y6XH9,SP1Q4DD1WVPTDHXQAHR88GRZRKVEZMKT8J75Y6XH9,collateral,DIKO,861994465
9053676,zest-v1,SP1Q4DD1WVPTDHXQAHR88GRZRKVEZMKT8J75Y6XH9,SP1Q4DD1WVPTDHXQAHR88GRZRKVEZMKT8J75Y6XH9,collateral,sBTC,35522
9053676,zest-v1,SP1Q4DD1WVPTDHXQAHR88GRZRKVEZMKT8J75Y6XH9,SP1Q4DD1WVPTDHXQAHR88GRZRKVEZMKT8J75Y6XH9,collateral,stSTX,14896520
9053676,zest-v1,SP1Q4DD1WVPTDHXQAHR88GRZRKVEZMKT8J75Y6XH9,SP1Q4DD1WVPTDHXQAHR88GRZRKVEZMKT8J75Y6XH9,debt,STX,5944142
9053676,zest-v1,SP1Q4DD1WVPTDHXQAHR88GRZRKVEZMKT8J75Y6XH9,SP1Q4DD1WVPTDHXQAHR88GRZRKVEZMKT8J75Y6XH9,debt,aeUSDC,1925910
9053676,zest-v1,SP1Q4DD1WVPTDHXQAHR88GRZRKVEZMKT8J75Y6XH9,SP1Q4DD1WVPTDHXQAHR88GRZRKVEZMKT8J75Y6XH9,debt_stored,STX,5003412
9053676,zest-v1,SP1Q4DD1WVPTDHXQAHR88GRZRKVEZMKT8J75Y6XH9,SP1Q4DD1WVPTDHXQAHR88GRZRKVEZMKT8J75Y6XH9,debt_stored,aeUSDC,1803614
9053676,zest-v1,SP1Q8ERJDYMXNVBQPKM525G5H4Z9B67BXM9N45QFK,SP1Q8ERJDYMXNVBQPKM525G5H4Z9B67BXM9N45QFK,collateral,stSTX,3693760
9053676,zest-v1,SP1Q8ERJDYMXNVBQPKM525G5H4Z9B67BXM9N45QFK,SP1Q8ERJDYMXNVBQPKM525G5H4Z9B67BXM9N45QFK,debt,STX,1222350
9053676,zest-v1,SP1Q8ERJDYMXNVBQPKM525G5H4Z9B67BXM9N45QFK,SP1Q8ERJDYMXNVBQPKM525G5H4Z9B67BXM9N45QFK,debt,aeUSDC,611349
9053676,zest-v1,SP1Q8ERJDYMXNVBQPKM525G5H4Z9B67BXM9N45QFK,SP1Q8ERJDYMXNVBQPKM525G5H4Z9B67BXM9N45QFK,debt_stored,STX,1151795
9053676,zest-v1,SP1Q8ERJDYMXNVBQPKM525G5H4Z9B67BXM9N45QFK,SP1Q8ERJDYMXNVBQPKM525G5H4Z9B67BXM9N45QFK,debt_stored,aeUSDC,576433
9053676,zest-v1,SP1Q9SC2P66BRTPPGAASSX8WNSZ38C3XF9XPRFSAT,SP1Q9SC2P66BRTPPGAASSX8WNSZ38C3XF9XPRFSAT,collateral,stSTX,113001056
9053676,zest-v1,SP1Q9SC2P66BRTPPGAASSX8WNSZ38C3XF9XPRFSAT,SP1Q9SC2P66BRTPPGAASSX8WNSZ38C3XF9XPRFSAT,debt,STX,61281870
9053676,zest-v1,SP1Q9SC2P66BRTPPGAASSX8WNSZ38C3XF9XPRFSAT,SP1Q9SC2P66BRTPPGAASSX8WNSZ38C3XF9XPRFSAT,debt_stored,STX,52243018
9053676,zest-v1,SP1QA1QPK93XB83ZYXKR729ZX2Y9R4S80J8HV1WD6,SP1QA1QPK93XB83ZYXKR729ZX2Y9R4S80J8HV1WD6,collateral,stSTX,145163898
9053676,zest-v1,SP1QA1QPK93XB83ZYXKR729ZX2Y9R4S80J8HV1WD6,SP1QA1QPK93XB83ZYXKR729ZX2Y9R4S80J8HV1WD6,debt,STX,66697597
9053676,zest-v1,SP1QA1QPK93XB83ZYXKR729ZX2Y9R4S80J8HV1WD6,SP1QA1QPK93XB83ZYXKR729ZX2Y9R4S80J8HV1WD6,debt,stSTX,6
9053676,zest-v1,SP1QA1QPK93XB83ZYXKR729ZX2Y9R4S80J8HV1WD6,SP1QA1QPK93XB83ZYXKR729ZX2Y9R4S80J8HV1WD6,debt_stored,STX,59000000
9053676,zest-v1,SP1QA1QPK93XB83ZYXKR729ZX2Y9R4S80J8HV1WD6,SP1QA1QPK93XB83ZYXKR729ZX2Y9R4S80J8HV1WD6,debt_stored,stSTX,5
9053676,zest-v1,SP1QB148EP9VA61KTBCTJKWG97KGV2B5P39ADBVAG,SP1QB148EP9VA61KTBCTJKWG97KGV2B5P39ADBVAG,collateral,stSTX,2687
9053676,zest-v1,SP1QB148EP9VA61KTBCTJKWG97KGV2B5P39ADBVAG,SP1QB148EP9VA61KTBCTJKWG97KGV2B5P39ADBVAG,debt,stSTX,25
9053676,zest-v1,SP1QB148EP9VA61KTBCTJKWG97KGV2B5P39ADBVAG,SP1QB148EP9VA61KTBCTJKWG97KGV2B5P39ADBVAG,debt_stored,stSTX,24
9053676,zest-v1,SP1QBRG3HG4EGKYF69E0Y1RE1WANC0NV94CF0Z2PY,SP1QBRG3HG4EGKYF69E0Y1RE1WANC0NV94CF0Z2PY,collateral,stSTX,988571
9053676,zest-v1,SP1QBRG3HG4EGKYF69E0Y1RE1WANC0NV94CF0Z2PY,SP1QBRG3HG4EGKYF69E0Y1RE1WANC0NV94CF0Z2PY,debt,aeUSDC,699460
9053676,zest-v1,SP1QBRG3HG4EGKYF69E0Y1RE1WANC0NV94CF0Z2PY,SP1QBRG3HG4EGKYF69E0Y1RE1WANC0NV94CF0Z2PY,debt_stored,aeUSDC,627383
9053676,zest-v1,SP1QF33CQESD5K623HDG9CW19SBDRTW17N13WGXVR,SP1QF33CQESD5K623HDG9CW19SBDRTW17N13WGXVR,collateral,STX,4261179
9053676,zest-v1,SP1QF33CQESD5K623HDG9CW19SBDRTW17N13WGXVR,SP1QF33CQESD5K623HDG9CW19SBDRTW17N13WGXVR,collateral,aeUSDC,90947
9053676,zest-v1,SP1QF33CQESD5K623HDG9CW19SBDRTW17N13WGXVR,SP1QF33CQESD5K623HDG9CW19SBDRTW17N13WGXVR,collateral,stSTX,50093847
9053676,zest-v1,SP1QF33CQESD5K623HDG9CW19SBDRTW17N13WGXVR,SP1QF33CQESD5K623HDG9CW19SBDRTW17N13WGXVR,debt,aeUSDC,8188
9053676,zest-v1,SP1QF33CQESD5K623HDG9CW19SBDRTW17N13WGXVR,SP1QF33CQESD5K623HDG9CW19SBDRTW17N13WGXVR,debt_stored,aeUSDC,6376
9053676,zest-v1,SP1QJND5B1AKD62WJXWBZQ3Y3B0075A8W53GACZSE,SP1QJND5B1AKD62WJXWBZQ3Y3B0075A8W53GACZSE,collateral,stSTX,140503669
9053676,zest-v1,SP1QJND5B1AKD62WJXWBZQ3Y3B0075A8W53GACZSE,SP1QJND5B1AKD62WJXWBZQ3Y3B0075A8W53GACZSE,debt,STX,64126301
9053676,zest-v1,SP1QJND5B1AKD62WJXWBZQ3Y3B0075A8W53GACZSE,SP1QJND5B1AKD62WJXWBZQ3Y3B0075A8W53GACZSE,debt,stSTX,2
9053676,zest-v1,SP1QJND5B1AKD62WJXWBZQ3Y3B0075A8W53GACZSE,SP1QJND5B1AKD62WJXWBZQ3Y3B0075A8W53GACZSE,debt_stored,STX,56704356
9053676,zest-v1,SP1QJND5B1AKD62WJXWBZQ3Y3B0075A8W53GACZSE,SP1QJND5B1AKD62WJXWBZQ3Y3B0075A8W53GACZSE,debt_stored,stSTX,1
9053676,zest-v1,SP1QQG29BPWKEYG0JHESAVXFTJSR2NV30GBKVJ2XY,SP1QQG29BPWKEYG0JHESAVXFTJSR2NV30GBKVJ2XY,collateral,stSTX,3039
9053676,zest-v1,SP1QQG29BPWKEYG0JHESAVXFTJSR2NV30GBKVJ2XY,SP1QQG29BPWKEYG0JHESAVXFTJSR2NV30GBKVJ2XY,debt,STX,399
9053676,zest-v1,SP1QQG29BPWKEYG0JHESAVXFTJSR2NV30GBKVJ2XY,SP1QQG29BPWKEYG0JHESAVXFTJSR2NV30GBKVJ2XY,debt_stored,STX,351
9053676,zest-v1,SP1QSMPQJK184K2SHBG3DZH9BF5A2FVPQ4ZANC79V,SP1QSMPQJK184K2SHBG3DZH9BF5A2FVPQ4ZANC79V,collateral,stSTX,727757000
9053676,zest-v1,SP1QSMPQJK184K2SHBG3DZH9BF5A2FVPQ4ZANC79V,SP1QSMPQJK184K2SHBG3DZH9BF5A2FVPQ4ZANC79V,debt,STX,237988958
9053676,zest-v1,SP1QSMPQJK184K2SHBG3DZH9BF5A2FVPQ4ZANC79V,SP1QSMPQJK184K2SHBG3DZH9BF5A2FVPQ4ZANC79V,debt_stored,STX,200000000
9053676,zest-v1,SP1R08FJCZ5RE2FJX5C2V7FG53GZ7XN8NDBJ36THD,SP1R08FJCZ5RE2FJX5C2V7FG53GZ7XN8NDBJ36THD,debt,aeUSDC,2251443
9053676,zest-v1,SP1R08FJCZ5RE2FJX5C2V7FG53GZ7XN8NDBJ36THD,SP1R08FJCZ5RE2FJX5C2V7FG53GZ7XN8NDBJ36THD,debt_stored,aeUSDC,2003963
9053676,zest-v1,SP1R0JXJEGHKR97M4H6RPFXAGX8QT3SYVRHQDFVSQ,SP1R0JXJEGHKR97M4H6RPFXAGX8QT3SYVRHQDFVSQ,collateral,stSTX,186597998
9053676,zest-v1,SP1R0JXJEGHKR97M4H6RPFXAGX8QT3SYVRHQDFVSQ,SP1R0JXJEGHKR97M4H6RPFXAGX8QT3SYVRHQDFVSQ,debt,stSTX,90704982
9053676,zest-v1,SP1R0JXJEGHKR97M4H6RPFXAGX8QT3SYVRHQDFVSQ,SP1R0JXJEGHKR97M4H6RPFXAGX8QT3SYVRHQDFVSQ,debt_stored,stSTX,86500125
9053676,zest-v1,SP1R3516EDV2QB10HQX6ACKYGYP7A4BQ77M0CVKZB,SP1R3516EDV2QB10HQX6ACKYGYP7A4BQ77M0CVKZB,collateral,stSTX,15874950
9053676,zest-v1,SP1R3516EDV2QB10HQX6ACKYGYP7A4BQ77M0CVKZB,SP1R3516EDV2QB10HQX6ACKYGYP7A4BQ77M0CVKZB,debt,STX,6342019
9053676,zest-v1,SP1R3516EDV2QB10HQX6ACKYGYP7A4BQ77M0CVKZB,SP1R3516EDV2QB10HQX6ACKYGYP7A4BQ77M0CVKZB,debt_stored,STX,5406595
9053676,zest-v1,SP1R4MNE4F8DVZ2933MVGYSP9QD9F3D1EP7WNXQTK,SP1R4MNE4F8DVZ2933MVGYSP9QD9F3D1EP7WNXQTK,collateral,stSTX,1209306
9053676,zest-v1,SP1R4MNE4F8DVZ2933MVGYSP9QD9F3D1EP7WNXQTK,SP1R4MNE4F8DVZ2933MVGYSP9QD9F3D1EP7WNXQTK,debt,aeUSDC,272003
9053676,zest-v1,SP1R4MNE4F8DVZ2933MVGYSP9QD9F3D1EP7WNXQTK,SP1R4MNE4F8DVZ2933MVGYSP9QD9F3D1EP7WNXQTK,debt_stored,aeUSDC,207088
9053676,zest-v1,SP1R8DXMHZDRCCBV8R58X616XH8YQZD17V6VHCWQM,SP1R8DXMHZDRCCBV8R58X616XH8YQZD17V6VHCWQM,collateral,STX,2682223
9053676,zest-v1,SP1R8DXMHZDRCCBV8R58X616XH8YQZD17V6VHCWQM,SP1R8DXMHZDRCCBV8R58X616XH8YQZD17V6VHCWQM,collateral,stSTX,39581670
9053676,zest-v1,SP1R8DXMHZDRCCBV8R58X616XH8YQZD17V6VHCWQM,SP1R8DXMHZDRCCBV8R58X616XH8YQZD17V6VHCWQM,debt,stSTX,20612134
9053676,zest-v1,SP1R8DXMHZDRCCBV8R58X616XH8YQZD17V6VHCWQM,SP1R8DXMHZDRCCBV8R58X616XH8YQZD17V6VHCWQM,debt_stored,stSTX,19656845
9053676,zest-v1,SP1R8K9ZE5XVB9Q13WRA250MX4J1RYGSXABSQ69W1,SP1R8K9ZE5XVB9Q13WRA250MX4J1RYGSXABSQ69W1,collateral,stSTX,200392177
9053676,zest-v1,SP1R8K9ZE5XVB9Q13WRA250MX4J1RYGSXABSQ69W1,SP1R8K9ZE5XVB9Q13WRA250MX4J1RYGSXABSQ69W1,debt,aeUSDC,11
9053676,zest-v1,SP1R8K9ZE5XVB9Q13WRA250MX4J1RYGSXABSQ69W1,SP1R8K9ZE5XVB9Q13WRA250MX4J1RYGSXABSQ69W1,debt_stored,aeUSDC,9
9053676,zest-v1,SP1R96QFWDW16K57T0457CE8JKJWYA5RM3KGAAE5Z,SP1R96QFWDW16K57T0457CE8JKJWYA5RM3KGAAE5Z,collateral,stSTX,177445139
9053676,zest-v1,SP1R96QFWDW16K57T0457CE8JKJWYA5RM3KGAAE5Z,SP1R96QFWDW16K57T0457CE8JKJWYA5RM3KGAAE5Z,debt,STX,58695990
9053676,zest-v1,SP1R96QFWDW16K57T0457CE8JKJWYA5RM3KGAAE5Z,SP1R96QFWDW16K57T0457CE8JKJWYA5RM3KGAAE5Z,debt,stSTX,27263886
9053676,zest-v1,SP1R96QFWDW16K57T0457CE8JKJWYA5RM3KGAAE5Z,SP1R96QFWDW16K57T0457CE8JKJWYA5RM3KGAAE5Z,debt_stored,STX,50000000
9053676,zest-v1,SP1R96QFWDW16K57T0457CE8JKJWYA5RM3KGAAE5Z,SP1R96QFWDW16K57T0457CE8JKJWYA5RM3KGAAE5Z,debt_stored,stSTX,26000000
9053676,zest-v1,SP1RA3GKG16WWNA53HRW2BBY9Z6GKXX371V3QWC6Q,SP1RA3GKG16WWNA53HRW2BBY9Z6GKXX371V3QWC6Q,collateral,stSTX,189521879
9053676,zest-v1,SP1RA3GKG16WWNA53HRW2BBY9Z6GKXX371V3QWC6Q,SP1RA3GKG16WWNA53HRW2BBY9Z6GKXX371V3QWC6Q,debt,stSTX,92018409
9053676,zest-v1,SP1RA3GKG16WWNA53HRW2BBY9Z6GKXX371V3QWC6Q,SP1RA3GKG16WWNA53HRW2BBY9Z6GKXX371V3QWC6Q,debt_stored,stSTX,88193516
9053676,zest-v1,SP1RJ35XQDC8CMB7P1XPHBFBGNSH0GK99PVEFQATD,SP1RJ35XQDC8CMB7P1XPHBFBGNSH0GK99PVEFQATD,collateral,stSTX,115462247
9053676,zest-v1,SP1RJ35XQDC8CMB7P1XPHBFBGNSH0GK99PVEFQATD,SP1RJ35XQDC8CMB7P1XPHBFBGNSH0GK99PVEFQATD,debt,STX,63941513
9053676,zest-v1,SP1RJ35XQDC8CMB7P1XPHBFBGNSH0GK99PVEFQATD,SP1RJ35XQDC8CMB7P1XPHBFBGNSH0GK99PVEFQATD,debt_stored,STX,55000000
9053676,zest-v1,SP1RP1T219NCCH0MPHMXX24JCCEMHARA4HVTH30Q9,SP1RP1T219NCCH0MPHMXX24JCCEMHARA4HVTH30Q9,collateral,STX,52096378
9053676,zest-v1,SP1RP1T219NCCH0MPHMXX24JCCEMHARA4HVTH30Q9,SP1RP1T219NCCH0MPHMXX24JCCEMHARA4HVTH30Q9,collateral,USDH,41522632408
9053676,zest-v1,SP1RP1T219NCCH0MPHMXX24JCCEMHARA4HVTH30Q9,SP1RP1T219NCCH0MPHMXX24JCCEMHARA4HVTH30Q9,collateral,stSTX,146847786
9053676,zest-v1,SP1RP1T219NCCH0MPHMXX24JCCEMHARA4HVTH30Q9,SP1RP1T219NCCH0MPHMXX24JCCEMHARA4HVTH30Q9,debt,USDH,376616770
9053676,zest-v1,SP1RP1T219NCCH0MPHMXX24JCCEMHARA4HVTH30Q9,SP1RP1T219NCCH0MPHMXX24JCCEMHARA4HVTH30Q9,debt_stored,USDH,373729823
9053676,zest-v1,SP1RP6MXN0SK2SJTSECS45XASS9YWDZSP5TVSQP37,SP1RP6MXN0SK2SJTSECS45XASS9YWDZSP5TVSQP37,collateral,STX,105039
9053676,zest-v1,SP1RP6MXN0SK2SJTSECS45XASS9YWDZSP5TVSQP37,SP1RP6MXN0SK2SJTSECS45XASS9YWDZSP5TVSQP37,debt,STX,1460
9053676,zest-v1,SP1RP6MXN0SK2SJTSECS45XASS9YWDZSP5TVSQP37,SP1RP6MXN0SK2SJTSECS45XASS9YWDZSP5TVSQP37,debt_stored,STX,1300
9053676,zest-v1,SP1RQEHGEW2S44ESCBG0BA5GZ5QK05E75GSM7PZQW,SP1RQEHGEW2S44ESCBG0BA5GZ5QK05E75GSM7PZQW,collateral,stSTX,100998529
9053676,zest-v1,SP1RQEHGEW2S44ESCBG0BA5GZ5QK05E75GSM7PZQW,SP1RQEHGEW2S44ESCBG0BA5GZ5QK05E75GSM7PZQW,debt,STX,47728384
9053676,zest-v1,SP1RQEHGEW2S44ESCBG0BA5GZ5QK05E75GSM7PZQW,SP1RQEHGEW2S44ESCBG0BA5GZ5QK05E75GSM7PZQW,debt_stored,STX,40594084
9053676,zest-v1,SP1RR6PNPESZSC8Y7APDX0GZCBJ394YSFPKVMDK3V,SP1RR6PNPESZSC8Y7APDX0GZCBJ394YSFPKVMDK3V,collateral,stSTX,13234979
9053676,zest-v1,SP1RR6PNPESZSC8Y7APDX0GZCBJ394YSFPKVMDK3V,SP1RR6PNPESZSC8Y7APDX0GZCBJ394YSFPKVMDK3V,debt,STX,4590108
9053676,zest-v1,SP1RR6PNPESZSC8Y7APDX0GZCBJ394YSFPKVMDK3V,SP1RR6PNPESZSC8Y7APDX0GZCBJ394YSFPKVMDK3V,debt_stored,STX,3980001
9053676,zest-v1,SP1RXWD64KMA8J8YH6EQF4PKZEGW9K282MWF75RHM,SP1RXWD64KMA8J8YH6EQF4PKZEGW9K282MWF75RHM,collateral,sBTC,5829297
9053676,zest-v1,SP1RXWD64KMA8J8YH6EQF4PKZEGW9K282MWF75RHM,SP1RXWD64KMA8J8YH6EQF4PKZEGW9K282MWF75RHM,debt,stSTX,2770168274
9053676,zest-v1,SP1RXWD64KMA8J8YH6EQF4PKZEGW9K282MWF75RHM,SP1RXWD64KMA8J8YH6EQF4PKZEGW9K282MWF75RHM,debt_stored,stSTX,2652039132
9053676,zest-v1,SP1RZCHKJXE617A9GB8346RBGH9636FRF48B8JNE,SP1RZCHKJXE617A9GB8346RBGH9636FRF48B8JNE,collateral,stSTXbtc,1844159
9053676,zest-v1,SP1RZCHKJXE617A9GB8346RBGH9636FRF48B8JNE,SP1RZCHKJXE617A9GB8346RBGH9636FRF48B8JNE,debt,stSTX,817992
9053676,zest-v1,SP1RZCHKJXE617A9GB8346RBGH9636FRF48B8JNE,SP1RZCHKJXE617A9GB8346RBGH9636FRF48B8JNE,debt_stored,stSTX,789668
9053676,zest-v1,SP1S1GHS6PBTCQN4VDMASZFE9GT2K2DP7QZ39D25F,SP1S1GHS6PBTCQN4VDMASZFE9GT2K2DP7QZ39D25F,collateral,stSTX,132687868
9053676,zest-v1,SP1S1GHS6PBTCQN4VDMASZFE9GT2K2DP7QZ39D25F,SP1S1GHS6PBTCQN4VDMASZFE9GT2K2DP7QZ39D25F,debt,STX,58742347
9053676,zest-v1,SP1S1GHS6PBTCQN4VDMASZFE9GT2K2DP7QZ39D25F,SP1S1GHS6PBTCQN4VDMASZFE9GT2K2DP7QZ39D25F,debt_stored,STX,52000000
9053676,zest-v1,SP1S2S18XDQ71A92JVN898S621XAQBDQMY6WT4EA4,SP1S2S18XDQ71A92JVN898S621XAQBDQMY6WT4EA4,collateral,stSTX,182009628
9053676,zest-v1,SP1S2S18XDQ71A92JVN898S621XAQBDQMY6WT4EA4,SP1S2S18XDQ71A92JVN898S621XAQBDQMY6WT4EA4,debt,STX,92893714
9053676,zest-v1,SP1S2S18XDQ71A92JVN898S621XAQBDQMY6WT4EA4,SP1S2S18XDQ71A92JVN898S621XAQBDQMY6WT4EA4,debt,stSTX,11
9053676,zest-v1,SP1S2S18XDQ71A92JVN898S621XAQBDQMY6WT4EA4,SP1S2S18XDQ71A92JVN898S621XAQBDQMY6WT4EA4,debt_stored,STX,79496156
9053676,zest-v1,SP1S2S18XDQ71A92JVN898S621XAQBDQMY6WT4EA4,SP1S2S18XDQ71A92JVN898S621XAQBDQMY6WT4EA4,debt_stored,stSTX,10
9053676,zest-v1,SP1S538TKS1HVKKA111X54FCR9DV7YGD069EDTF1F,SP1S538TKS1HVKKA111X54FCR9DV7YGD069EDTF1F,collateral,STX,21409008
9053676,zest-v1,SP1S538TKS1HVKKA111X54FCR9DV7YGD069EDTF1F,SP1S538TKS1HVKKA111X54FCR9DV7YGD069EDTF1F,collateral,stSTX,74669352
9053676,zest-v1,SP1S538TKS1HVKKA111X54FCR9DV7YGD069EDTF1F,SP1S538TKS1HVKKA111X54FCR9DV7YGD069EDTF1F,debt,USDH,720808043
9053676,zest-v1,SP1S538TKS1HVKKA111X54FCR9DV7YGD069EDTF1F,SP1S538TKS1HVKKA111X54FCR9DV7YGD069EDTF1F,debt_stored,USDH,715282699
9053676,zest-v1,SP1S655TNCZ5MHB3BJ5FQ8K8FYKDT42ANJ13JHA5G,SP1S655TNCZ5MHB3BJ5FQ8K8FYKDT42ANJ13JHA5G,collateral,stSTX,82145728
9053676,zest-v1,SP1S655TNCZ5MHB3BJ5FQ8K8FYKDT42ANJ13JHA5G,SP1S655TNCZ5MHB3BJ5FQ8K8FYKDT42ANJ13JHA5G,debt,STX,34722566
9053676,zest-v1,SP1S655TNCZ5MHB3BJ5FQ8K8FYKDT42ANJ13JHA5G,SP1S655TNCZ5MHB3BJ5FQ8K8FYKDT42ANJ13JHA5G,debt_stored,STX,30000000
9053676,zest-v1,SP1SQ0J8VHQ5GF6ZNNQ323CDZMMQN988XSHA128X9,SP1SQ0J8VHQ5GF6ZNNQ323CDZMMQN988XSHA128X9,collateral,STX,10725945
9053676,zest-v1,SP1SQ0J8VHQ5GF6ZNNQ323CDZMMQN988XSHA128X9,SP1SQ0J8VHQ5GF6ZNNQ323CDZMMQN988XSHA128X9,debt,STX,2463391
9053676,zest-v1,SP1SQ0J8VHQ5GF6ZNNQ323CDZMMQN988XSHA128X9,SP1SQ0J8VHQ5GF6ZNNQ323CDZMMQN988XSHA128X9,debt_stored,STX,2100000
9053676,zest-v1,SP1SR794KR1W098E1RJR1JKPPX38ZH1NCDYXFJYTF,SP1SR794KR1W098E1RJR1JKPPX38ZH1NCDYXFJYTF,collateral,stSTX,1481195
9053676,zest-v1,SP1SR794KR1W098E1RJR1JKPPX38ZH1NCDYXFJYTF,SP1SR794KR1W098E1RJR1JKPPX38ZH1NCDYXFJYTF,debt,stSTX,11
9053676,zest-v1,SP1SR794KR1W098E1RJR1JKPPX38ZH1NCDYXFJYTF,SP1SR794KR1W098E1RJR1JKPPX38ZH1NCDYXFJYTF,debt_stored,stSTX,10
9053676,zest-v1,SP1SRJP9BRZEC6K8SXPNHN2NFTEAT5JWNKQKP28RB,SP1SRJP9BRZEC6K8SXPNHN2NFTEAT5JWNKQKP28RB,collateral,stSTX,101180024
9053676,zest-v1,SP1SRJP9BRZEC6K8SXPNHN2NFTEAT5JWNKQKP28RB,SP1SRJP9BRZEC6K8SXPNHN2NFTEAT5JWNKQKP28RB,debt,STX,5865281
9053676,zest-v1,SP1SRJP9BRZEC6K8SXPNHN2NFTEAT5JWNKQKP28RB,SP1SRJP9BRZEC6K8SXPNHN2NFTEAT5JWNKQKP28RB,debt_stored,STX,5000000
9053676,zest-v1,SP1SWFS8AR0DYJXZ4P3XW3RMNGVM3E0HNBSHBGPY2,SP1SWFS8AR0DYJXZ4P3XW3RMNGVM3E0HNBSHBGPY2,collateral,stSTX,129733761
9053676,zest-v1,SP1SWFS8AR0DYJXZ4P3XW3RMNGVM3E0HNBSHBGPY2,SP1SWFS8AR0DYJXZ4P3XW3RMNGVM3E0HNBSHBGPY2,debt,stSTX,66373737
9053676,zest-v1,SP1SWFS8AR0DYJXZ4P3XW3RMNGVM3E0HNBSHBGPY2,SP1SWFS8AR0DYJXZ4P3XW3RMNGVM3E0HNBSHBGPY2,debt_stored,stSTX,63423115
9053676,zest-v1,SP1T0W769CRWYYZTJ91MAF7V2BV64Q34H9P0FW5Q5,SP1T0W769CRWYYZTJ91MAF7V2BV64Q34H9P0FW5Q5,collateral,sBTC,8
9053676,zest-v1,SP1T0W769CRWYYZTJ91MAF7V2BV64Q34H9P0FW5Q5,SP1T0W769CRWYYZTJ91MAF7V2BV64Q34H9P0FW5Q5,debt,USDH,604079
9053676,zest-v1,SP1T0W769CRWYYZTJ91MAF7V2BV64Q34H9P0FW5Q5,SP1T0W769CRWYYZTJ91MAF7V2BV64Q34H9P0FW5Q5,debt_stored,USDH,558723
9053676,zest-v1,SP1T2FTMXH9QFBKBG45XCKPT0A36SV2KEM88XERWJ,SP1T2FTMXH9QFBKBG45XCKPT0A36SV2KEM88XERWJ,collateral,stSTX,5504849
9053676,zest-v1,SP1T2FTMXH9QFBKBG45XCKPT0A36SV2KEM88XERWJ,SP1T2FTMXH9QFBKBG45XCKPT0A36SV2KEM88XERWJ,debt,stSTX,2872988
9053676,zest-v1,SP1T2FTMXH9QFBKBG45XCKPT0A36SV2KEM88XERWJ,SP1T2FTMXH9QFBKBG45XCKPT0A36SV2KEM88XERWJ,debt_stored,stSTX,2745897
9053676,zest-v1,SP1T4RZDKYPN7QQN2SMX7F73MQ8ZG4SDYX017D8X4,SP1T4RZDKYPN7QQN2SMX7F73MQ8ZG4SDYX017D8X4,collateral,stSTX,941481805
9053676,zest-v1,SP1T4RZDKYPN7QQN2SMX7F73MQ8ZG4SDYX017D8X4,SP1T4RZDKYPN7QQN2SMX7F73MQ8ZG4SDYX017D8X4,debt,STX,233429054
9053676,zest-v1,SP1T4RZDKYPN7QQN2SMX7F73MQ8ZG4SDYX017D8X4,SP1T4RZDKYPN7QQN2SMX7F73MQ8ZG4SDYX017D8X4,debt_stored,STX,200000000
9053676,zest-v1,SP1T5DA1T7SGVW4BTTZEAQZGNZPAVC5QXV9XT5VH1,SP1T5DA1T7SGVW4BTTZEAQZGNZPAVC5QXV9XT5VH1,collateral,stSTX,71323658
9053676,zest-v1,SP1T5DA1T7SGVW4BTTZEAQZGNZPAVC5QXV9XT5VH1,SP1T5DA1T7SGVW4BTTZEAQZGNZPAVC5QXV9XT5VH1,debt,STX,22852165
9053676,zest-v1,SP1T5DA1T7SGVW4BTTZEAQZGNZPAVC5QXV9XT5VH1,SP1T5DA1T7SGVW4BTTZEAQZGNZPAVC5QXV9XT5VH1,debt_stored,STX,20000000
9053676,zest-v1,SP1T6YAEGDDHV4N7M6HMQZA8QDQ6P7ZT8KY33QE1R,SP1T6YAEGDDHV4N7M6HMQZA8QDQ6P7ZT8KY33QE1R,collateral,STX,5362977
9053676,zest-v1,SP1T6YAEGDDHV4N7M6HMQZA8QDQ6P7ZT8KY33QE1R,SP1T6YAEGDDHV4N7M6HMQZA8QDQ6P7ZT8KY33QE1R,debt,STX,1290345
9053676,zest-v1,SP1T6YAEGDDHV4N7M6HMQZA8QDQ6P7ZT8KY33QE1R,SP1T6YAEGDDHV4N7M6HMQZA8QDQ6P7ZT8KY33QE1R,debt_stored,STX,1100000
9053676,zest-v1,SP1T7QT0MZZ318GW7HJ91JNTQG5BX438PNH7B5Y1J,SP1T7QT0MZZ318GW7HJ91JNTQG5BX438PNH7B5Y1J,collateral,stSTX,540952288
9053676,zest-v1,SP1T7QT0MZZ318GW7HJ91JNTQG5BX438PNH7B5Y1J,SP1T7QT0MZZ318GW7HJ91JNTQG5BX438PNH7B5Y1J,debt,USDH,3421195734
9053676,zest-v1,SP1T7QT0MZZ318GW7HJ91JNTQG5BX438PNH7B5Y1J,SP1T7QT0MZZ318GW7HJ91JNTQG5BX438PNH7B5Y1J,debt,aeUSDC,42117378
9053676,zest-v1,SP1T7QT0MZZ318GW7HJ91JNTQG5BX438PNH7B5Y1J,SP1T7QT0MZZ318GW7HJ91JNTQG5BX438PNH7B5Y1J,debt_stored,USDH,3400496639
9053676,zest-v1,SP1T7QT0MZZ318GW7HJ91JNTQG5BX438PNH7B5Y1J,SP1T7QT0MZZ318GW7HJ91JNTQG5BX438PNH7B5Y1J,debt_stored,aeUSDC,41633499
9053676,zest-v1,SP1T8NWHGM5HYSC0JEHYW4VQSM4CWCCNN47HQBZRT,SP1T8NWHGM5HYSC0JEHYW4VQSM4CWCCNN47HQBZRT,collateral,stSTX,5008895
9053676,zest-v1,SP1T8NWHGM5HYSC0JEHYW4VQSM4CWCCNN47HQBZRT,SP1T8NWHGM5HYSC0JEHYW4VQSM4CWCCNN47HQBZRT,debt,STX,1165878
9053676,zest-v1,SP1T8NWHGM5HYSC0JEHYW4VQSM4CWCCNN47HQBZRT,SP1T8NWHGM5HYSC0JEHYW4VQSM4CWCCNN47HQBZRT,debt_stored,STX,1000000
9053676,zest-v1,SP1TCA7QER9J9NKCKBB78K48TADDFC2GXYM3QQV3X,SP1TCA7QER9J9NKCKBB78K48TADDFC2GXYM3QQV3X,collateral,sBTC,1041836
9053676,zest-v1,SP1TCA7QER9J9NKCKBB78K48TADDFC2GXYM3QQV3X,SP1TCA7QER9J9NKCKBB78K48TADDFC2GXYM3QQV3X,collateral,stSTX,99314306
9053676,zest-v1,SP1TCA7QER9J9NKCKBB78K48TADDFC2GXYM3QQV3X,SP1TCA7QER9J9NKCKBB78K48TADDFC2GXYM3QQV3X,debt,aeUSDC,2353387
9053676,zest-v1,SP1TCA7QER9J9NKCKBB78K48TADDFC2GXYM3QQV3X,SP1TCA7QER9J9NKCKBB78K48TADDFC2GXYM3QQV3X,debt_stored,aeUSDC,2094687
9053676,zest-v1,SP1TD7DWWPK3MSXZFV0GTS9MXS5GEGWB29EYNY4KK,SP1TD7DWWPK3MSXZFV0GTS9MXS5GEGWB29EYNY4KK,collateral,stSTX,37306980
9053676,zest-v1,SP1TD7DWWPK3MSXZFV0GTS9MXS5GEGWB29EYNY4KK,SP1TD7DWWPK3MSXZFV0GTS9MXS5GEGWB29EYNY4KK,debt,STX,15382397
9053676,zest-v1,SP1TD7DWWPK3MSXZFV0GTS9MXS5GEGWB29EYNY4KK,SP1TD7DWWPK3MSXZFV0GTS9MXS5GEGWB29EYNY4KK,debt_stored,STX,13101329
9053676,zest-v1,SP1TP5Y9E0FWA6J2A7TPWSFXCV2C5A1BMVYBVAQNN,SP1TP5Y9E0FWA6J2A7TPWSFXCV2C5A1BMVYBVAQNN,collateral,stSTX,104405934
9053676,zest-v1,SP1TP5Y9E0FWA6J2A7TPWSFXCV2C5A1BMVYBVAQNN,SP1TP5Y9E0FWA6J2A7TPWSFXCV2C5A1BMVYBVAQNN,debt,STX,14955224
9053676,zest-v1,SP1TP5Y9E0FWA6J2A7TPWSFXCV2C5A1BMVYBVAQNN,SP1TP5Y9E0FWA6J2A7TPWSFXCV2C5A1BMVYBVAQNN,debt_stored,STX,12717466
9053676,zest-v1,SP1TRMTVW882W2M7ED9AQ9E3T7YAR47CW3N83AFN,SP1TRMTVW882W2M7ED9AQ9E3T7YAR47CW3N83AFN,collateral,stSTX,293203215
9053676,zest-v1,SP1TRMTVW882W2M7ED9AQ9E3T7YAR47CW3N83AFN,SP1TRMTVW882W2M7ED9AQ9E3T7YAR47CW3N83AFN,debt,STX,29565088
9053676,zest-v1,SP1TRMTVW882W2M7ED9AQ9E3T7YAR47CW3N83AFN,SP1TRMTVW882W2M7ED9AQ9E3T7YAR47CW3N83AFN,debt,USDH,1632031694
9053676,zest-v1,SP1TRMTVW882W2M7ED9AQ9E3T7YAR47CW3N83AFN,SP1TRMTVW882W2M7ED9AQ9E3T7YAR47CW3N83AFN,debt,aeUSDC,10249577
9053676,zest-v1,SP1TRMTVW882W2M7ED9AQ9E3T7YAR47CW3N83AFN,SP1TRMTVW882W2M7ED9AQ9E3T7YAR47CW3N83AFN,debt,stSTX,220
9053676,zest-v1,SP1TRMTVW882W2M7ED9AQ9E3T7YAR47CW3N83AFN,SP1TRMTVW882W2M7ED9AQ9E3T7YAR47CW3N83AFN,debt_stored,STX,29390152
9053676,zest-v1,SP1TRMTVW882W2M7ED9AQ9E3T7YAR47CW3N83AFN,SP1TRMTVW882W2M7ED9AQ9E3T7YAR47CW3N83AFN,debt_stored,USDH,1619521361
9053676,zest-v1,SP1TRMTVW882W2M7ED9AQ9E3T7YAR47CW3N83AFN,SP1TRMTVW882W2M7ED9AQ9E3T7YAR47CW3N83AFN,debt_stored,aeUSDC,10131888
9053676,zest-v1,SP1TRMTVW882W2M7ED9AQ9E3T7YAR47CW3N83AFN,SP1TRMTVW882W2M7ED9AQ9E3T7YAR47CW3N83AFN,debt_stored,stSTX,211
9053676,zest-v1,SP1TVC1QY4S3ZPVP58M4R52WGH4EXAH6ET5BC24WX,SP1TVC1QY4S3ZPVP58M4R52WGH4EXAH6ET5BC24WX,collateral,STX,18111786
9053676,zest-v1,SP1TVC1QY4S3ZPVP58M4R52WGH4EXAH6ET5BC24WX,SP1TVC1QY4S3ZPVP58M4R52WGH4EXAH6ET5BC24WX,collateral,stSTX,43102067
9053676,zest-v1,SP1TVC1QY4S3ZPVP58M4R52WGH4EXAH6ET5BC24WX,SP1TVC1QY4S3ZPVP58M4R52WGH4EXAH6ET5BC24WX,debt,STX,20447521
9053676,zest-v1,SP1TVC1QY4S3ZPVP58M4R52WGH4EXAH6ET5BC24WX,SP1TVC1QY4S3ZPVP58M4R52WGH4EXAH6ET5BC24WX,debt_stored,STX,18000000
9053676,zest-v1,SP1TXD2F8BKQJSYWNSBVR6CCJF6HB52HVP318FXT6,SP1TXD2F8BKQJSYWNSBVR6CCJF6HB52HVP318FXT6,collateral,stSTX,1624889642
9053676,zest-v1,SP1TXD2F8BKQJSYWNSBVR6CCJF6HB52HVP318FXT6,SP1TXD2F8BKQJSYWNSBVR6CCJF6HB52HVP318FXT6,debt,stSTX,786358701
9053676,zest-v1,SP1TXD2F8BKQJSYWNSBVR6CCJF6HB52HVP318FXT6,SP1TXD2F8BKQJSYWNSBVR6CCJF6HB52HVP318FXT6,debt_stored,stSTX,750061400
9053676,zest-v1,SP1TXNDK4CH2SB794Z390G7P28WZ0S7JY9VWAAWBK,SP1TXNDK4CH2SB794Z390G7P28WZ0S7JY9VWAAWBK,collateral,USDH,1311064002
9053676,zest-v1,SP1TXNDK4CH2SB794Z390G7P28WZ0S7JY9VWAAWBK,SP1TXNDK4CH2SB794Z390G7P28WZ0S7JY9VWAAWBK,collateral,sBTC,41195
9053676,zest-v1,SP1TXNDK4CH2SB794Z390G7P28WZ0S7JY9VWAAWBK,SP1TXNDK4CH2SB794Z390G7P28WZ0S7JY9VWAAWBK,collateral,stSTXbtc,111000000
9053676,zest-v1,SP1TXNDK4CH2SB794Z390G7P28WZ0S7JY9VWAAWBK,SP1TXNDK4CH2SB794Z390G7P28WZ0S7JY9VWAAWBK,debt,stSTX,50955530
9053676,zest-v1,SP1TXNDK4CH2SB794Z390G7P28WZ0S7JY9VWAAWBK,SP1TXNDK4CH2SB794Z390G7P28WZ0S7JY9VWAAWBK,debt_stored,stSTX,48949211
9053676,zest-v1,SP1V0MWV8V9Z7MRVJAABWR4XPSFJZ67R4FMN011HE,SP1V0MWV8V9Z7MRVJAABWR4XPSFJZ67R4FMN011HE,collateral,STX,4364916
9053676,zest-v1,SP1V0MWV8V9Z7MRVJAABWR4XPSFJZ67R4FMN011HE,SP1V0MWV8V9Z7MRVJAABWR4XPSFJZ67R4FMN011HE,debt,STX,2291929
9053676,zest-v1,SP1V0MWV8V9Z7MRVJAABWR4XPSFJZ67R4FMN011HE,SP1V0MWV8V9Z7MRVJAABWR4XPSFJZ67R4FMN011HE,debt_stored,STX,2000000
9053676,zest-v1,SP1V9KKM0KRE2V86Y506GF9ACWS7MJ81T9192FRPW,SP1V9KKM0KRE2V86Y506GF9ACWS7MJ81T9192FRPW,collateral,stSTX,11165350
9053676,zest-v1,SP1V9KKM0KRE2V86Y506GF9ACWS7MJ81T9192FRPW,SP1V9KKM0KRE2V86Y506GF9ACWS7MJ81T9192FRPW,debt,aeUSDC,1566725
9053676,zest-v1,SP1V9KKM0KRE2V86Y506GF9ACWS7MJ81T9192FRPW,SP1V9KKM0KRE2V86Y506GF9ACWS7MJ81T9192FRPW,debt_stored,aeUSDC,1521317
9053676,zest-v1,SP1VAKZQ2934G25VMRQEFE1065XEARPT3C2KXCWMW,SP1VAKZQ2934G25VMRQEFE1065XEARPT3C2KXCWMW,collateral,stSTX,130037754
9053676,zest-v1,SP1VAKZQ2934G25VMRQEFE1065XEARPT3C2KXCWMW,SP1VAKZQ2934G25VMRQEFE1065XEARPT3C2KXCWMW,debt,STX,51359482
9053676,zest-v1,SP1VAKZQ2934G25VMRQEFE1065XEARPT3C2KXCWMW,SP1VAKZQ2934G25VMRQEFE1065XEARPT3C2KXCWMW,debt,stSTX,31
9053676,zest-v1,SP1VAKZQ2934G25VMRQEFE1065XEARPT3C2KXCWMW,SP1VAKZQ2934G25VMRQEFE1065XEARPT3C2KXCWMW,debt_stored,STX,45378125
9053676,zest-v1,SP1VAKZQ2934G25VMRQEFE1065XEARPT3C2KXCWMW,SP1VAKZQ2934G25VMRQEFE1065XEARPT3C2KXCWMW,debt_stored,stSTX,30
9053676,zest-v1,SP1VCW4ZJWQS58DWR0SCM08ZNENQHD4XD0Z0MPGX5,SP1VCW4ZJWQS58DWR0SCM08ZNENQHD4XD0Z0MPGX5,collateral,stSTX,209272083
9053676,zest-v1,SP1VCW4ZJWQS58DWR0SCM08ZNENQHD4XD0Z0MPGX5,SP1VCW4ZJWQS58DWR0SCM08ZNENQHD4XD0Z0MPGX5,debt,stSTX,62874248
9053676,zest-v1,SP1VCW4ZJWQS58DWR0SCM08ZNENQHD4XD0Z0MPGX5,SP1VCW4ZJWQS58DWR0SCM08ZNENQHD4XD0Z0MPGX5,debt_stored,stSTX,60000000
9053676,zest-v1,SP1VFDQK6N41TJN2433SYD6XJ2M8DVT65ZQW5YQD7,SP1VFDQK6N41TJN2433SYD6XJ2M8DVT65ZQW5YQD7,collateral,stSTX,4774655
9053676,zest-v1,SP1VFDQK6N41TJN2433SYD6XJ2M8DVT65ZQW5YQD7,SP1VFDQK6N41TJN2433SYD6XJ2M8DVT65ZQW5YQD7,debt,USDH,112590979
9053676,zest-v1,SP1VFDQK6N41TJN2433SYD6XJ2M8DVT65ZQW5YQD7,SP1VFDQK6N41TJN2433SYD6XJ2M8DVT65ZQW5YQD7,debt_stored,USDH,105284625
9053676,zest-v1,SP1VFQFVF6QKEVDSRVQA3HTBPZBRPV2ZJVZYETASF,SP1VFQFVF6QKEVDSRVQA3HTBPZBRPV2ZJVZYETASF,collateral,stSTX,110870971
9053676,zest-v1,SP1VFQFVF6QKEVDSRVQA3HTBPZBRPV2ZJVZYETASF,SP1VFQFVF6QKEVDSRVQA3HTBPZBRPV2ZJVZYETASF,debt,stSTX,152
9053676,zest-v1,SP1VFQFVF6QKEVDSRVQA3HTBPZBRPV2ZJVZYETASF,SP1VFQFVF6QKEVDSRVQA3HTBPZBRPV2ZJVZYETASF,debt_stored,stSTX,145
9053676,zest-v1,SP1VFTXPFH4S8T99NHWQBJ8BECKZFQ3YFXRN4NJY8,SP1VFTXPFH4S8T99NHWQBJ8BECKZFQ3YFXRN4NJY8,collateral,stSTX,5008895
9053676,zest-v1,SP1VFTXPFH4S8T99NHWQBJ8BECKZFQ3YFXRN4NJY8,SP1VFTXPFH4S8T99NHWQBJ8BECKZFQ3YFXRN4NJY8,debt,STX,1165880
9053676,zest-v1,SP1VFTXPFH4S8T99NHWQBJ8BECKZFQ3YFXRN4NJY8,SP1VFTXPFH4S8T99NHWQBJ8BECKZFQ3YFXRN4NJY8,debt_stored,STX,1000000
9053676,zest-v1,SP1VNCNJHTEFRN1D2NN4XZ78T7TKZJTRT2MNRBW2Z,SP1VNCNJHTEFRN1D2NN4XZ78T7TKZJTRT2MNRBW2Z,collateral,stSTX,206902100
9053676,zest-v1,SP1VNCNJHTEFRN1D2NN4XZ78T7TKZJTRT2MNRBW2Z,SP1VNCNJHTEFRN1D2NN4XZ78T7TKZJTRT2MNRBW2Z,debt,stSTX,92277705
9053676,zest-v1,SP1VNCNJHTEFRN1D2NN4XZ78T7TKZJTRT2MNRBW2Z,SP1VNCNJHTEFRN1D2NN4XZ78T7TKZJTRT2MNRBW2Z,debt_stored,stSTX,88000180
9053676,zest-v1,SP1W35PY711H9N28DA00M3GDDEAKNDWR6M5FYC8YA,SP1W35PY711H9N28DA00M3GDDEAKNDWR6M5FYC8YA,collateral,stSTX,498
9053676,zest-v1,SP1W35PY711H9N28DA00M3GDDEAKNDWR6M5FYC8YA,SP1W35PY711H9N28DA00M3GDDEAKNDWR6M5FYC8YA,debt,STX,5
9053676,zest-v1,SP1W35PY711H9N28DA00M3GDDEAKNDWR6M5FYC8YA,SP1W35PY711H9N28DA00M3GDDEAKNDWR6M5FYC8YA,debt_stored,STX,4
9053676,zest-v1,SP1W5SQ4WCQ7VCSY3Y5NQAC328K63YFB5YYRBGQJ2,SP1W5SQ4WCQ7VCSY3Y5NQAC328K63YFB5YYRBGQJ2,collateral,stSTX,966
9053676,zest-v1,SP1W5SQ4WCQ7VCSY3Y5NQAC328K63YFB5YYRBGQJ2,SP1W5SQ4WCQ7VCSY3Y5NQAC328K63YFB5YYRBGQJ2,debt,stSTX,9
9053676,zest-v1,SP1W5SQ4WCQ7VCSY3Y5NQAC328K63YFB5YYRBGQJ2,SP1W5SQ4WCQ7VCSY3Y5NQAC328K63YFB5YYRBGQJ2,debt_stored,stSTX,8
9053676,zest-v1,SP1W5YQQ375XGC1Q14D8GZ22MJZMR6QYG9YAYSBC,SP1W5YQQ375XGC1Q14D8GZ22MJZMR6QYG9YAYSBC,collateral,sBTC,118514
9053676,zest-v1,SP1W5YQQ375XGC1Q14D8GZ22MJZMR6QYG9YAYSBC,SP1W5YQQ375XGC1Q14D8GZ22MJZMR6QYG9YAYSBC,collateral,stSTX,30047101
9053676,zest-v1,SP1W5YQQ375XGC1Q14D8GZ22MJZMR6QYG9YAYSBC,SP1W5YQQ375XGC1Q14D8GZ22MJZMR6QYG9YAYSBC,collateral,stSTXbtc,941119016
9053676,zest-v1,SP1W5YQQ375XGC1Q14D8GZ22MJZMR6QYG9YAYSBC,SP1W5YQQ375XGC1Q14D8GZ22MJZMR6QYG9YAYSBC,debt,stSTX,688798884
9053676,zest-v1,SP1W5YQQ375XGC1Q14D8GZ22MJZMR6QYG9YAYSBC,SP1W5YQQ375XGC1Q14D8GZ22MJZMR6QYG9YAYSBC,debt_stored,stSTX,662531810
9053676,zest-v1,SP1W8C25TZCXDQTAR7MZQPSNF8C73274DCNT2NWJZ,SP1W8C25TZCXDQTAR7MZQPSNF8C73274DCNT2NWJZ,collateral,STX,5738541
9053676,zest-v1,SP1W8C25TZCXDQTAR7MZQPSNF8C73274DCNT2NWJZ,SP1W8C25TZCXDQTAR7MZQPSNF8C73274DCNT2NWJZ,debt,aeUSDC,755219
9053676,zest-v1,SP1W8C25TZCXDQTAR7MZQPSNF8C73274DCNT2NWJZ,SP1W8C25TZCXDQTAR7MZQPSNF8C73274DCNT2NWJZ,debt_stored,aeUSDC,733300
9053676,zest-v1,SP1WHA75KA89M4PHGXXNZMEFA7SKSFHTRKPYN7K5V,SP1WHA75KA89M4PHGXXNZMEFA7SKSFHTRKPYN7K5V,collateral,stSTX,200723105
9053676,zest-v1,SP1WHA75KA89M4PHGXXNZMEFA7SKSFHTRKPYN7K5V,SP1WHA75KA89M4PHGXXNZMEFA7SKSFHTRKPYN7K5V,debt,STX,11170140
9053676,zest-v1,SP1WHA75KA89M4PHGXXNZMEFA7SKSFHTRKPYN7K5V,SP1WHA75KA89M4PHGXXNZMEFA7SKSFHTRKPYN7K5V,debt,stSTX,61725161
9053676,zest-v1,SP1WHA75KA89M4PHGXXNZMEFA7SKSFHTRKPYN7K5V,SP1WHA75KA89M4PHGXXNZMEFA7SKSFHTRKPYN7K5V,debt_stored,STX,10000000
9053676,zest-v1,SP1WHA75KA89M4PHGXXNZMEFA7SKSFHTRKPYN7K5V,SP1WHA75KA89M4PHGXXNZMEFA7SKSFHTRKPYN7K5V,debt_stored,stSTX,58955482
9053676,zest-v1,SP1WQAB4ES6PNN3D115XAXGHRPRP160T46NM9ETH2,SP1WQAB4ES6PNN3D115XAXGHRPRP160T46NM9ETH2,collateral,stSTX,8708223151
9053676,zest-v1,SP1WQAB4ES6PNN3D115XAXGHRPRP160T46NM9ETH2,SP1WQAB4ES6PNN3D115XAXGHRPRP160T46NM9ETH2,debt,STX,1558
9053676,zest-v1,SP1WQAB4ES6PNN3D115XAXGHRPRP160T46NM9ETH2,SP1WQAB4ES6PNN3D115XAXGHRPRP160T46NM9ETH2,debt,stSTX,4542150679
9053676,zest-v1,SP1WQAB4ES6PNN3D115XAXGHRPRP160T46NM9ETH2,SP1WQAB4ES6PNN3D115XAXGHRPRP160T46NM9ETH2,debt_stored,STX,1374
9053676,zest-v1,SP1WQAB4ES6PNN3D115XAXGHRPRP160T46NM9ETH2,SP1WQAB4ES6PNN3D115XAXGHRPRP160T46NM9ETH2,debt_stored,stSTX,4340996996
9053676,zest-v1,SP1WQJ2JMT1PGPMYW13E6P3QYAPBCC3ZJ5ATX599S,SP1WQJ2JMT1PGPMYW13E6P3QYAPBCC3ZJ5ATX599S,collateral,STX,41671378
9053676,zest-v1,SP1WQJ2JMT1PGPMYW13E6P3QYAPBCC3ZJ5ATX599S,SP1WQJ2JMT1PGPMYW13E6P3QYAPBCC3ZJ5ATX599S,collateral,stSTX,18499864
9053676,zest-v1,SP1WQJ2JMT1PGPMYW13E6P3QYAPBCC3ZJ5ATX599S,SP1WQJ2JMT1PGPMYW13E6P3QYAPBCC3ZJ5ATX599S,debt,stSTX,19293931
9053676,zest-v1,SP1WQJ2JMT1PGPMYW13E6P3QYAPBCC3ZJ5ATX599S,SP1WQJ2JMT1PGPMYW13E6P3QYAPBCC3ZJ5ATX599S,debt_stored,stSTX,18468272
9053676,zest-v1,SP1WST899N8B2VR76DCHQ56ZQ78R9VSYT2B2RNTJY,SP1WST899N8B2VR76DCHQ56ZQ78R9VSYT2B2RNTJY,collateral,sBTC,1798
9053676,zest-v1,SP1WST899N8B2VR76DCHQ56ZQ78R9VSYT2B2RNTJY,SP1WST899N8B2VR76DCHQ56ZQ78R9VSYT2B2RNTJY,debt,USDH,354591483
9053676,zest-v1,SP1WST899N8B2VR76DCHQ56ZQ78R9VSYT2B2RNTJY,SP1WST899N8B2VR76DCHQ56ZQ78R9VSYT2B2RNTJY,debt_stored,USDH,334600710
9053676,zest-v1,SP1WY102H26RKKV4WKHH3ZB9KGVBE925HP6PH3WE5,SP1WY102H26RKKV4WKHH3ZB9KGVBE925HP6PH3WE5,collateral,stSTX,833
9053676,zest-v1,SP1WY102H26RKKV4WKHH3ZB9KGVBE925HP6PH3WE5,SP1WY102H26RKKV4WKHH3ZB9KGVBE925HP6PH3WE5,debt,stSTX,20
9053676,zest-v1,SP1WY102H26RKKV4WKHH3ZB9KGVBE925HP6PH3WE5,SP1WY102H26RKKV4WKHH3ZB9KGVBE925HP6PH3WE5,debt_stored,stSTX,19
9053676,zest-v1,SP1WY6GSNF3GQT6ZGE90SC5EGNQGP9HVHAZ8F3KQN,SP1WY6GSNF3GQT6ZGE90SC5EGNQGP9HVHAZ8F3KQN,collateral,STX,10140655
9053676,zest-v1,SP1WY6GSNF3GQT6ZGE90SC5EGNQGP9HVHAZ8F3KQN,SP1WY6GSNF3GQT6ZGE90SC5EGNQGP9HVHAZ8F3KQN,debt,USDH,138598473
9053676,zest-v1,SP1WY6GSNF3GQT6ZGE90SC5EGNQGP9HVHAZ8F3KQN,SP1WY6GSNF3GQT6ZGE90SC5EGNQGP9HVHAZ8F3KQN,debt_stored,USDH,137759920
9053676,zest-v1,SP1WYX7K5Z83JK6WVAYG452K28JM1Y5JH6NH957RN,SP1WYX7K5Z83JK6WVAYG452K28JM1Y5JH6NH957RN,collateral,stSTX,5003880689
9053676,zest-v1,SP1WYX7K5Z83JK6WVAYG452K28JM1Y5JH6NH957RN,SP1WYX7K5Z83JK6WVAYG452K28JM1Y5JH6NH957RN,debt,stSTX,1709550125
9053676,zest-v1,SP1WYX7K5Z83JK6WVAYG452K28JM1Y5JH6NH957RN,SP1WYX7K5Z83JK6WVAYG452K28JM1Y5JH6NH957RN,debt_stored,stSTX,1630868842
9053676,zest-v1,SP1X0M0CE2J5XZ8A7DGTKHWZQMN5ZFRP7H5ZJJ97B,SP1X0M0CE2J5XZ8A7DGTKHWZQMN5ZFRP7H5ZJJ97B,collateral,stSTX,5175279
9053676,zest-v1,SP1X0M0CE2J5XZ8A7DGTKHWZQMN5ZFRP7H5ZJJ97B,SP1X0M0CE2J5XZ8A7DGTKHWZQMN5ZFRP7H5ZJJ97B,debt,stSTX,261457
9053676,zest-v1,SP1X0M0CE2J5XZ8A7DGTKHWZQMN5ZFRP7H5ZJJ97B,SP1X0M0CE2J5XZ8A7DGTKHWZQMN5ZFRP7H5ZJJ97B,debt_stored,stSTX,249644
9053676,zest-v1,SP1X54RCNJS8GYHQ7ENN11JTQV74BVX15C5QMN1A,SP1X54RCNJS8GYHQ7ENN11JTQV74BVX15C5QMN1A,collateral,stSTX,275402012
9053676,zest-v1,SP1X54RCNJS8GYHQ7ENN11JTQV74BVX15C5QMN1A,SP1X54RCNJS8GYHQ7ENN11JTQV74BVX15C5QMN1A,debt,STX,117343106
9053676,zest-v1,SP1X54RCNJS8GYHQ7ENN11JTQV74BVX15C5QMN1A,SP1X54RCNJS8GYHQ7ENN11JTQV74BVX15C5QMN1A,debt,USDH,106090709
9053676,zest-v1,SP1X54RCNJS8GYHQ7ENN11JTQV74BVX15C5QMN1A,SP1X54RCNJS8GYHQ7ENN11JTQV74BVX15C5QMN1A,debt,stSTX,11
9053676,zest-v1,SP1X54RCNJS8GYHQ7ENN11JTQV74BVX15C5QMN1A,SP1X54RCNJS8GYHQ7ENN11JTQV74BVX15C5QMN1A,debt_stored,STX,103511705
9053676,zest-v1,SP1X54RCNJS8GYHQ7ENN11JTQV74BVX15C5QMN1A,SP1X54RCNJS8GYHQ7ENN11JTQV74BVX15C5QMN1A,debt_stored,USDH,99086343
9053676,zest-v1,SP1X54RCNJS8GYHQ7ENN11JTQV74BVX15C5QMN1A,SP1X54RCNJS8GYHQ7ENN11JTQV74BVX15C5QMN1A,debt_stored,stSTX,10
9053676,zest-v1,SP1XAVKTJ4V37930D7T39N4DWQTW993RMNKSKQC94,SP1XAVKTJ4V37930D7T39N4DWQTW993RMNKSKQC94,collateral,sBTC,43
9053676,zest-v1,SP1XAVKTJ4V37930D7T39N4DWQTW993RMNKSKQC94,SP1XAVKTJ4V37930D7T39N4DWQTW993RMNKSKQC94,debt,USDH,3629686
9053676,zest-v1,SP1XAVKTJ4V37930D7T39N4DWQTW993RMNKSKQC94,SP1XAVKTJ4V37930D7T39N4DWQTW993RMNKSKQC94,debt_stored,USDH,3366383
9053676,zest-v1,SP1XHXFT81FMFW616W3JZ9Q1NC88VJXMXVWKGE7GP,SP1XHXFT81FMFW616W3JZ9Q1NC88VJXMXVWKGE7GP,collateral,STX,11479594
9053676,zest-v1,SP1XHXFT81FMFW616W3JZ9Q1NC88VJXMXVWKGE7GP,SP1XHXFT81FMFW616W3JZ9Q1NC88VJXMXVWKGE7GP,collateral,aeUSDC,17237183
9053676,zest-v1,SP1XHXFT81FMFW616W3JZ9Q1NC88VJXMXVWKGE7GP,SP1XHXFT81FMFW616W3JZ9Q1NC88VJXMXVWKGE7GP,debt,aeUSDC,1258911
9053676,zest-v1,SP1XHXFT81FMFW616W3JZ9Q1NC88VJXMXVWKGE7GP,SP1XHXFT81FMFW616W3JZ9Q1NC88VJXMXVWKGE7GP,debt_stored,aeUSDC,1032716
9053676,zest-v1,SP1XHZJ9QQGM8WQXK0BHMDE61XQG26NTTQRHZWKG3,SP1XHZJ9QQGM8WQXK0BHMDE61XQG26NTTQRHZWKG3,collateral,STX,493683
9053676,zest-v1,SP1XHZJ9QQGM8WQXK0BHMDE61XQG26NTTQRHZWKG3,SP1XHZJ9QQGM8WQXK0BHMDE61XQG26NTTQRHZWKG3,debt,STX,13482
9053676,zest-v1,SP1XHZJ9QQGM8WQXK0BHMDE61XQG26NTTQRHZWKG3,SP1XHZJ9QQGM8WQXK0BHMDE61XQG26NTTQRHZWKG3,debt_stored,STX,12000
9053676,zest-v1,SP1XPCCJE4NR82X6D8PX32NF1KAYYM36B5T83J6GP,SP1XPCCJE4NR82X6D8PX32NF1KAYYM36B5T83J6GP,collateral,sBTC,75
9053676,zest-v1,SP1XPCCJE4NR82X6D8PX32NF1KAYYM36B5T83J6GP,SP1XPCCJE4NR82X6D8PX32NF1KAYYM36B5T83J6GP,collateral,stSTX,590099533
9053676,zest-v1,SP1XPCCJE4NR82X6D8PX32NF1KAYYM36B5T83J6GP,SP1XPCCJE4NR82X6D8PX32NF1KAYYM36B5T83J6GP,debt,aeUSDC,178341
9053676,zest-v1,SP1XPCCJE4NR82X6D8PX32NF1KAYYM36B5T83J6GP,SP1XPCCJE4NR82X6D8PX32NF1KAYYM36B5T83J6GP,debt_stored,aeUSDC,129755
9053676,zest-v1,SP1XSM7TXGZ5JGY1DF4R6NPWSH1XKQCVZ1XARH0KA,SP1XSM7TXGZ5JGY1DF4R6NPWSH1XKQCVZ1XARH0KA,collateral,stSTX,913448
9053676,zest-v1,SP1XSM7TXGZ5JGY1DF4R6NPWSH1XKQCVZ1XARH0KA,SP1XSM7TXGZ5JGY1DF4R6NPWSH1XKQCVZ1XARH0KA,debt,USDH,39678948
9053676,zest-v1,SP1XSM7TXGZ5JGY1DF4R6NPWSH1XKQCVZ1XARH0KA,SP1XSM7TXGZ5JGY1DF4R6NPWSH1XKQCVZ1XARH0KA,debt_stored,USDH,35748562
9053676,zest-v1,SP1XVFZJJ48Y5586BTDWE22MXFDCYZKCDRWY6T0AA,SP1XVFZJJ48Y5586BTDWE22MXFDCYZKCDRWY6T0AA,collateral,stSTX,923167
9053676,zest-v1,SP1XVFZJJ48Y5586BTDWE22MXFDCYZKCDRWY6T0AA,SP1XVFZJJ48Y5586BTDWE22MXFDCYZKCDRWY6T0AA,debt,stSTX,60
9053676,zest-v1,SP1XVFZJJ48Y5586BTDWE22MXFDCYZKCDRWY6T0AA,SP1XVFZJJ48Y5586BTDWE22MXFDCYZKCDRWY6T0AA,debt_stored,stSTX,58
9053676,zest-v1,SP1XWB45KS2HPJ1C25C2NX7FSZQZ7AFFS3HCGZF1K,SP1XWB45KS2HPJ1C25C2NX7FSZQZ7AFFS3HCGZF1K,collateral,stSTX,10019069
9053676,zest-v1,SP1XWB45KS2HPJ1C25C2NX7FSZQZ7AFFS3HCGZF1K,SP1XWB45KS2HPJ1C25C2NX7FSZQZ7AFFS3HCGZF1K,debt,STX,5873779
9053676,zest-v1,SP1XWB45KS2HPJ1C25C2NX7FSZQZ7AFFS3HCGZF1K,SP1XWB45KS2HPJ1C25C2NX7FSZQZ7AFFS3HCGZF1K,debt_stored,STX,5000000
9053676,zest-v1,SP1Y0CP644NV3TTQM5VBWM137K1VC0BJQ13WXMADZ,SP1Y0CP644NV3TTQM5VBWM137K1VC0BJQ13WXMADZ,collateral,stSTX,718
9053676,zest-v1,SP1Y0CP644NV3TTQM5VBWM137K1VC0BJQ13WXMADZ,SP1Y0CP644NV3TTQM5VBWM137K1VC0BJQ13WXMADZ,debt,stSTX,9
9053676,zest-v1,SP1Y0CP644NV3TTQM5VBWM137K1VC0BJQ13WXMADZ,SP1Y0CP644NV3TTQM5VBWM137K1VC0BJQ13WXMADZ,debt_stored,stSTX,8
9053676,zest-v1,SP1Y27D4F7HTSM43HK391Z3Q8K313JBCWT3ZTASMW,SP1Y27D4F7HTSM43HK391Z3Q8K313JBCWT3ZTASMW,collateral,STX,56871943
9053676,zest-v1,SP1Y27D4F7HTSM43HK391Z3Q8K313JBCWT3ZTASMW,SP1Y27D4F7HTSM43HK391Z3Q8K313JBCWT3ZTASMW,collateral,stSTX,102586897
9053676,zest-v1,SP1Y27D4F7HTSM43HK391Z3Q8K313JBCWT3ZTASMW,SP1Y27D4F7HTSM43HK391Z3Q8K313JBCWT3ZTASMW,debt,STX,60372492
9053676,zest-v1,SP1Y27D4F7HTSM43HK391Z3Q8K313JBCWT3ZTASMW,SP1Y27D4F7HTSM43HK391Z3Q8K313JBCWT3ZTASMW,debt_stored,STX,51382454
9053676,zest-v1,SP1Y2T8VZ3KSH3ASQN42ZT291JPEGEX292HKN525D,SP1Y2T8VZ3KSH3ASQN42ZT291JPEGEX292HKN525D,collateral,stSTX,32587
9053676,zest-v1,SP1Y2T8VZ3KSH3ASQN42ZT291JPEGEX292HKN525D,SP1Y2T8VZ3KSH3ASQN42ZT291JPEGEX292HKN525D,debt,STX,10471
9053676,zest-v1,SP1Y2T8VZ3KSH3ASQN42ZT291JPEGEX292HKN525D,SP1Y2T8VZ3KSH3ASQN42ZT291JPEGEX292HKN525D,debt_stored,STX,9258
9053676,zest-v1,SP1YCKGH91VHNXYF73MQQQW9F9KX0R8QFKPCNC63V,SP1YCKGH91VHNXYF73MQQQW9F9KX0R8QFKPCNC63V,collateral,stSTX,4014109
9053676,zest-v1,SP1YCKGH91VHNXYF73MQQQW9F9KX0R8QFKPCNC63V,SP1YCKGH91VHNXYF73MQQQW9F9KX0R8QFKPCNC63V,debt,stSTX,2096051
9053676,zest-v1,SP1YCKGH91VHNXYF73MQQQW9F9KX0R8QFKPCNC63V,SP1YCKGH91VHNXYF73MQQQW9F9KX0R8QFKPCNC63V,debt_stored,stSTX,2000000
9053676,zest-v1,SP1YEPYCQP39HBK44CJG01BNK3C5YGW0C3CY264M2,SP1YEPYCQP39HBK44CJG01BNK3C5YGW0C3CY264M2,collateral,stSTX,2650058321
9053676,zest-v1,SP1YEPYCQP39HBK44CJG01BNK3C5YGW0C3CY264M2,SP1YEPYCQP39HBK44CJG01BNK3C5YGW0C3CY264M2,debt,aeUSDC,246498430
9053676,zest-v1,SP1YEPYCQP39HBK44CJG01BNK3C5YGW0C3CY264M2,SP1YEPYCQP39HBK44CJG01BNK3C5YGW0C3CY264M2,debt_stored,aeUSDC,243664149
9053676,zest-v1,SP1YGSVXM5PZW4S74W8MRATXJDHVK5MFZS9T0V7VY,SP1YGSVXM5PZW4S74W8MRATXJDHVK5MFZS9T0V7VY,collateral,STX,106382750
9053676,zest-v1,SP1YGSVXM5PZW4S74W8MRATXJDHVK5MFZS9T0V7VY,SP1YGSVXM5PZW4S74W8MRATXJDHVK5MFZS9T0V7VY,debt,STX,1623
9053676,zest-v1,SP1YGSVXM5PZW4S74W8MRATXJDHVK5MFZS9T0V7VY,SP1YGSVXM5PZW4S74W8MRATXJDHVK5MFZS9T0V7VY,debt,aeUSDC,8254031
9053676,zest-v1,SP1YGSVXM5PZW4S74W8MRATXJDHVK5MFZS9T0V7VY,SP1YGSVXM5PZW4S74W8MRATXJDHVK5MFZS9T0V7VY,debt_stored,STX,1423
9053676,zest-v1,SP1YGSVXM5PZW4S74W8MRATXJDHVK5MFZS9T0V7VY,SP1YGSVXM5PZW4S74W8MRATXJDHVK5MFZS9T0V7VY,debt_stored,aeUSDC,8159125
9053676,zest-v1,SP1YJK4CXRHXN76KZHK619SV0NG8AT9E582GF01D8,SP1YJK4CXRHXN76KZHK619SV0NG8AT9E582GF01D8,collateral,stSTX,58945800
9053676,zest-v1,SP1YJK4CXRHXN76KZHK619SV0NG8AT9E582GF01D8,SP1YJK4CXRHXN76KZHK619SV0NG8AT9E582GF01D8,debt,STX,24422622
9053676,zest-v1,SP1YJK4CXRHXN76KZHK619SV0NG8AT9E582GF01D8,SP1YJK4CXRHXN76KZHK619SV0NG8AT9E582GF01D8,debt_stored,STX,21000000
9053676,zest-v1,SP1YKQ0R4ZBH818MZXKQW34133358GGRPV8N7Y66J,SP1YKQ0R4ZBH818MZXKQW34133358GGRPV8N7Y66J,collateral,stSTX,38220350
9053676,zest-v1,SP1YKQ0R4ZBH818MZXKQW34133358GGRPV8N7Y66J,SP1YKQ0R4ZBH818MZXKQW34133358GGRPV8N7Y66J,debt,STX,7298289
9053676,zest-v1,SP1YKQ0R4ZBH818MZXKQW34133358GGRPV8N7Y66J,SP1YKQ0R4ZBH818MZXKQW34133358GGRPV8N7Y66J,debt,stSTX,13537350
9053676,zest-v1,SP1YKQ0R4ZBH818MZXKQW34133358GGRPV8N7Y66J,SP1YKQ0R4ZBH818MZXKQW34133358GGRPV8N7Y66J,debt_stored,STX,6474695
9053676,zest-v1,SP1YKQ0R4ZBH818MZXKQW34133358GGRPV8N7Y66J,SP1YKQ0R4ZBH818MZXKQW34133358GGRPV8N7Y66J,debt_stored,stSTX,12941351
9053676,zest-v1,SP1YMFYH8GJC31T4FDHS5R1R8PMDZRAGFFPKHFER7,SP1YMFYH8GJC31T4FDHS5R1R8PMDZRAGFFPKHFER7,collateral,stSTX,501
9053676,zest-v1,SP1YMFYH8GJC31T4FDHS5R1R8PMDZRAGFFPKHFER7,SP1YMFYH8GJC31T4FDHS5R1R8PMDZRAGFFPKHFER7,debt,stSTX,3
9053676,zest-v1,SP1YMFYH8GJC31T4FDHS5R1R8PMDZRAGFFPKHFER7,SP1YMFYH8GJC31T4FDHS5R1R8PMDZRAGFFPKHFER7,debt_stored,stSTX,2
9053676,zest-v1,SP1YN7GXMSGEQMVXZMSHRC8YRGC6XDJK6B8NZ7ZAB,SP1YN7GXMSGEQMVXZMSHRC8YRGC6XDJK6B8NZ7ZAB,collateral,stSTX,50088955
9053676,zest-v1,SP1YN7GXMSGEQMVXZMSHRC8YRGC6XDJK6B8NZ7ZAB,SP1YN7GXMSGEQMVXZMSHRC8YRGC6XDJK6B8NZ7ZAB,debt,STX,11658788
9053676,zest-v1,SP1YN7GXMSGEQMVXZMSHRC8YRGC6XDJK6B8NZ7ZAB,SP1YN7GXMSGEQMVXZMSHRC8YRGC6XDJK6B8NZ7ZAB,debt_stored,STX,10000000
9053676,zest-v1,SP1YNZ4B6ZDGZB2QHW8B1MSD839RY564QEXCDR7A3,SP1YNZ4B6ZDGZB2QHW8B1MSD839RY564QEXCDR7A3,collateral,stSTX,5008895
9053676,zest-v1,SP1YNZ4B6ZDGZB2QHW8B1MSD839RY564QEXCDR7A3,SP1YNZ4B6ZDGZB2QHW8B1MSD839RY564QEXCDR7A3,debt,STX,1165878
9053676,zest-v1,SP1YNZ4B6ZDGZB2QHW8B1MSD839RY564QEXCDR7A3,SP1YNZ4B6ZDGZB2QHW8B1MSD839RY564QEXCDR7A3,debt_stored,STX,1000000
9053676,zest-v1,SP1YSYNQN3CJF13DF9YMFG93VH7XQ352SPJ0JNK7F,SP1YSYNQN3CJF13DF9YMFG93VH7XQ352SPJ0JNK7F,collateral,STX,7275
9053676,zest-v1,SP1YSYNQN3CJF13DF9YMFG93VH7XQ352SPJ0JNK7F,SP1YSYNQN3CJF13DF9YMFG93VH7XQ352SPJ0JNK7F,debt,USDH,239070
9053676,zest-v1,SP1YSYNQN3CJF13DF9YMFG93VH7XQ352SPJ0JNK7F,SP1YSYNQN3CJF13DF9YMFG93VH7XQ352SPJ0JNK7F,debt_stored,USDH,221023
9053676,zest-v1,SP1YVPFJZ2GP901VQWY0WQQ8F6C2NDD878KH1EDCP,SP1YVPFJZ2GP901VQWY0WQQ8F6C2NDD878KH1EDCP,collateral,stSTX,1001779
9053676,zest-v1,SP1YVPFJZ2GP901VQWY0WQQ8F6C2NDD878KH1EDCP,SP1YVPFJZ2GP901VQWY0WQQ8F6C2NDD878KH1EDCP,debt,STX,233176
9053676,zest-v1,SP1YVPFJZ2GP901VQWY0WQQ8F6C2NDD878KH1EDCP,SP1YVPFJZ2GP901VQWY0WQQ8F6C2NDD878KH1EDCP,debt_stored,STX,200000
9053676,zest-v1,SP1YX03R9CA37ZSM8YG9B44QZJKC440THK43CAF8Y,SP1YX03R9CA37ZSM8YG9B44QZJKC440THK43CAF8Y,collateral,stSTXbtc,454325168
9053676,zest-v1,SP1YX03R9CA37ZSM8YG9B44QZJKC440THK43CAF8Y,SP1YX03R9CA37ZSM8YG9B44QZJKC440THK43CAF8Y,debt,aeUSDC,22590589
9053676,zest-v1,SP1YX03R9CA37ZSM8YG9B44QZJKC440THK43CAF8Y,SP1YX03R9CA37ZSM8YG9B44QZJKC440THK43CAF8Y,debt,stSTX,104039537
9053676,zest-v1,SP1YX03R9CA37ZSM8YG9B44QZJKC440THK43CAF8Y,SP1YX03R9CA37ZSM8YG9B44QZJKC440THK43CAF8Y,debt_stored,aeUSDC,22330839
9053676,zest-v1,SP1YX03R9CA37ZSM8YG9B44QZJKC440THK43CAF8Y,SP1YX03R9CA37ZSM8YG9B44QZJKC440THK43CAF8Y,debt_stored,stSTX,102056933
9053676,zest-v1,SP1Z1BNTZJ79GRJ4F6J9JV4C1NC6Z4CAW0C7BZSZK,SP1Z1BNTZJ79GRJ4F6J9JV4C1NC6Z4CAW0C7BZSZK,collateral,stSTXbtc,242833860
9053676,zest-v1,SP1Z1BNTZJ79GRJ4F6J9JV4C1NC6Z4CAW0C7BZSZK,SP1Z1BNTZJ79GRJ4F6J9JV4C1NC6Z4CAW0C7BZSZK,debt,aeUSDC,17092395
9053676,zest-v1,SP1Z1BNTZJ79GRJ4F6J9JV4C1NC6Z4CAW0C7BZSZK,SP1Z1BNTZJ79GRJ4F6J9JV4C1NC6Z4CAW0C7BZSZK,debt_stored,aeUSDC,16895864
9053676,zest-v1,SP1Z7Q061F8YEDNQCS52VGT3HG1T0R0J5VAPEE1S7,SP1Z7Q061F8YEDNQCS52VGT3HG1T0R0J5VAPEE1S7,collateral,stSTX,5008704
9053676,zest-v1,SP1Z7Q061F8YEDNQCS52VGT3HG1T0R0J5VAPEE1S7,SP1Z7Q061F8YEDNQCS52VGT3HG1T0R0J5VAPEE1S7,debt,stSTX,2601562
9053676,zest-v1,SP1Z7Q061F8YEDNQCS52VGT3HG1T0R0J5VAPEE1S7,SP1Z7Q061F8YEDNQCS52VGT3HG1T0R0J5VAPEE1S7,debt_stored,stSTX,2487500
9053676,zest-v1,SP1Z80QY12ZHKVV59KR72SJ6ZPJA2833VKW53JHD5,SP1Z80QY12ZHKVV59KR72SJ6ZPJA2833VKW53JHD5,collateral,stSTX,30059
9053676,zest-v1,SP1Z80QY12ZHKVV59KR72SJ6ZPJA2833VKW53JHD5,SP1Z80QY12ZHKVV59KR72SJ6ZPJA2833VKW53JHD5,debt,STX,2
9053676,zest-v1,SP1Z80QY12ZHKVV59KR72SJ6ZPJA2833VKW53JHD5,SP1Z80QY12ZHKVV59KR72SJ6ZPJA2833VKW53JHD5,debt_stored,STX,1
9053676,zest-v1,SP1ZACF7WEXMNXV9R03C1QRPGM8V6DQ7KB919RNDH,SP1ZACF7WEXMNXV9R03C1QRPGM8V6DQ7KB919RNDH,collateral,stSTX,187028636
9053676,zest-v1,SP1ZACF7WEXMNXV9R03C1QRPGM8V6DQ7KB919RNDH,SP1ZACF7WEXMNXV9R03C1QRPGM8V6DQ7KB919RNDH,debt,STX,91361483
9053676,zest-v1,SP1ZACF7WEXMNXV9R03C1QRPGM8V6DQ7KB919RNDH,SP1ZACF7WEXMNXV9R03C1QRPGM8V6DQ7KB919RNDH,debt_stored,STX,80000000
9053676,zest-v1,SP1ZBR3FWRCKWKYCCN8V3B5M1XBAJD2YKHK9WYQ38,SP1ZBR3FWRCKWKYCCN8V3B5M1XBAJD2YKHK9WYQ38,collateral,STX,661732
9053676,zest-v1,SP1ZBR3FWRCKWKYCCN8V3B5M1XBAJD2YKHK9WYQ38,SP1ZBR3FWRCKWKYCCN8V3B5M1XBAJD2YKHK9WYQ38,debt,STX,32582
9053676,zest-v1,SP1ZBR3FWRCKWKYCCN8V3B5M1XBAJD2YKHK9WYQ38,SP1ZBR3FWRCKWKYCCN8V3B5M1XBAJD2YKHK9WYQ38,debt_stored,STX,29000
9053676,zest-v1,SP1ZFYA52KJP45K8PEW75RC47D26ZRFNSZQRV7A4W,SP1ZFYA52KJP45K8PEW75RC47D26ZRFNSZQRV7A4W,collateral,STX,4180867973
9053676,zest-v1,SP1ZFYA52KJP45K8PEW75RC47D26ZRFNSZQRV7A4W,SP1ZFYA52KJP45K8PEW75RC47D26ZRFNSZQRV7A4W,collateral,stSTX,1002675249
9053676,zest-v1,SP1ZFYA52KJP45K8PEW75RC47D26ZRFNSZQRV7A4W,SP1ZFYA52KJP45K8PEW75RC47D26ZRFNSZQRV7A4W,debt,USDH,836646736
9053676,zest-v1,SP1ZFYA52KJP45K8PEW75RC47D26ZRFNSZQRV7A4W,SP1ZFYA52KJP45K8PEW75RC47D26ZRFNSZQRV7A4W,debt,stSTX,1045717870
9053676,zest-v1,SP1ZFYA52KJP45K8PEW75RC47D26ZRFNSZQRV7A4W,SP1ZFYA52KJP45K8PEW75RC47D26ZRFNSZQRV7A4W,debt_stored,USDH,739786000
9053676,zest-v1,SP1ZFYA52KJP45K8PEW75RC47D26ZRFNSZQRV7A4W,SP1ZFYA52KJP45K8PEW75RC47D26ZRFNSZQRV7A4W,debt_stored,stSTX,1000000000
9053676,zest-v1,SP1ZJW1V01F36YRTFY4NQA8E497VK1YB89VM5Z7FX,SP1ZJW1V01F36YRTFY4NQA8E497VK1YB89VM5Z7FX,collateral,STX,618153411
9053676,zest-v1,SP1ZJW1V01F36YRTFY4NQA8E497VK1YB89VM5Z7FX,SP1ZJW1V01F36YRTFY4NQA8E497VK1YB89VM5Z7FX,debt,aeUSDC,958422
9053676,zest-v1,SP1ZJW1V01F36YRTFY4NQA8E497VK1YB89VM5Z7FX,SP1ZJW1V01F36YRTFY4NQA8E497VK1YB89VM5Z7FX,debt,stSTX,277113243
9053676,zest-v1,SP1ZJW1V01F36YRTFY4NQA8E497VK1YB89VM5Z7FX,SP1ZJW1V01F36YRTFY4NQA8E497VK1YB89VM5Z7FX,debt_stored,aeUSDC,820355
9053676,zest-v1,SP1ZJW1V01F36YRTFY4NQA8E497VK1YB89VM5Z7FX,SP1ZJW1V01F36YRTFY4NQA8E497VK1YB89VM5Z7FX,debt_stored,stSTX,264945183
9053676,zest-v1,SP1ZP650KJDD91TQXBPS6EB4T54EF237NW1MN0G8N,SP1ZP650KJDD91TQXBPS6EB4T54EF237NW1MN0G8N,collateral,stSTX,2524724
9053676,zest-v1,SP1ZP650KJDD91TQXBPS6EB4T54EF237NW1MN0G8N,SP1ZP650KJDD91TQXBPS6EB4T54EF237NW1MN0G8N,debt,aeUSDC,247074
9053676,zest-v1,SP1ZP650KJDD91TQXBPS6EB4T54EF237NW1MN0G8N,SP1ZP650KJDD91TQXBPS6EB4T54EF237NW1MN0G8N,debt_stored,aeUSDC,209180
9053676,zest-v1,SP1ZQYG5H5SPF4Z49RAZDKMFSGKK7ACTYNY3QM70C,SP1ZQYG5H5SPF4Z49RAZDKMFSGKK7ACTYNY3QM70C,debt,sUSDT,1716
9053676,zest-v1,SP1ZQYG5H5SPF4Z49RAZDKMFSGKK7ACTYNY3QM70C,SP1ZQYG5H5SPF4Z49RAZDKMFSGKK7ACTYNY3QM70C,debt_stored,sUSDT,1715
9053676,zest-v1,SP1ZW56W69Y6WHE2Y7P3G5GSB3B9WZV0X1W467BKF,SP1ZW56W69Y6WHE2Y7P3G5GSB3B9WZV0X1W467BKF,collateral,stSTX,50088955
9053676,zest-v1,SP1ZW56W69Y6WHE2Y7P3G5GSB3B9WZV0X1W467BKF,SP1ZW56W69Y6WHE2Y7P3G5GSB3B9WZV0X1W467BKF,debt,STX,11658788
9053676,zest-v1,SP1ZW56W69Y6WHE2Y7P3G5GSB3B9WZV0X1W467BKF,SP1ZW56W69Y6WHE2Y7P3G5GSB3B9WZV0X1W467BKF,debt_stored,STX,10000000
9053676,zest-v1,SP1ZXB641189AX4EEPCRQMST94GGC3X777PM2FFCA,SP1ZXB641189AX4EEPCRQMST94GGC3X777PM2FFCA,collateral,STX,120854
9053676,zest-v1,SP1ZXB641189AX4EEPCRQMST94GGC3X777PM2FFCA,SP1ZXB641189AX4EEPCRQMST94GGC3X777PM2FFCA,debt,aeUSDC,52150
9053676,zest-v1,SP1ZXB641189AX4EEPCRQMST94GGC3X777PM2FFCA,SP1ZXB641189AX4EEPCRQMST94GGC3X777PM2FFCA,debt_stored,aeUSDC,47042
9053676,zest-v1,SP1ZZ7G7R1R548DC7EBVKGWV83EBZXFNA00VDP5FH,SP1ZZ7G7R1R548DC7EBVKGWV83EBZXFNA00VDP5FH,collateral,STX,108332052
9053676,zest-v1,SP1ZZ7G7R1R548DC7EBVKGWV83EBZXFNA00VDP5FH,SP1ZZ7G7R1R548DC7EBVKGWV83EBZXFNA00VDP5FH,debt,STX,5865213
9053676,zest-v1,SP1ZZ7G7R1R548DC7EBVKGWV83EBZXFNA00VDP5FH,SP1ZZ7G7R1R548DC7EBVKGWV83EBZXFNA00VDP5FH,debt_stored,STX,5000000
9053676,zest-v1,SP2021Q3J7A69XDMJ2XBVMAHF0XNXMJ536F0PG1K3,SP2021Q3J7A69XDMJ2XBVMAHF0XNXMJ536F0PG1K3,collateral,STX,56335415
9053676,zest-v1,SP2021Q3J7A69XDMJ2XBVMAHF0XNXMJ536F0PG1K3,SP2021Q3J7A69XDMJ2XBVMAHF0XNXMJ536F0PG1K3,collateral,stSTX,101837638
9053676,zest-v1,SP2021Q3J7A69XDMJ2XBVMAHF0XNXMJ536F0PG1K3,SP2021Q3J7A69XDMJ2XBVMAHF0XNXMJ536F0PG1K3,debt,STX,59931553
9053676,zest-v1,SP2021Q3J7A69XDMJ2XBVMAHF0XNXMJ536F0PG1K3,SP2021Q3J7A69XDMJ2XBVMAHF0XNXMJ536F0PG1K3,debt_stored,STX,51007175
9053676,zest-v1,SP205FZ5CTRA5472NXY9W0PXZWMAT1PF7BXBZNXB5,SP205FZ5CTRA5472NXY9W0PXZWMAT1PF7BXBZNXB5,collateral,stSTX,353866438
9053676,zest-v1,SP205FZ5CTRA5472NXY9W0PXZWMAT1PF7BXBZNXB5,SP205FZ5CTRA5472NXY9W0PXZWMAT1PF7BXBZNXB5,debt,aeUSDC,28420698
9053676,zest-v1,SP205FZ5CTRA5472NXY9W0PXZWMAT1PF7BXBZNXB5,SP205FZ5CTRA5472NXY9W0PXZWMAT1PF7BXBZNXB5,debt_stored,aeUSDC,25000000
9053676,zest-v1,SP20670DDG79SX8ASZ6X7V65X2P5NXZ3RN4NZNVZK,SP20670DDG79SX8ASZ6X7V65X2P5NXZ3RN4NZNVZK,collateral,STX,63683495
9053676,zest-v1,SP20670DDG79SX8ASZ6X7V65X2P5NXZ3RN4NZNVZK,SP20670DDG79SX8ASZ6X7V65X2P5NXZ3RN4NZNVZK,collateral,stSTX,28049460
9053676,zest-v1,SP20670DDG79SX8ASZ6X7V65X2P5NXZ3RN4NZNVZK,SP20670DDG79SX8ASZ6X7V65X2P5NXZ3RN4NZNVZK,debt,stSTX,29326028
9053676,zest-v1,SP20670DDG79SX8ASZ6X7V65X2P5NXZ3RN4NZNVZK,SP20670DDG79SX8ASZ6X7V65X2P5NXZ3RN4NZNVZK,debt_stored,stSTX,28000000
9053676,zest-v1,SP20A3HVQBR8JT5N51KY356ZVBWMDXRZ8QWQFXDP4,SP20A3HVQBR8JT5N51KY356ZVBWMDXRZ8QWQFXDP4,collateral,stSTX,144249
9053676,zest-v1,SP20A3HVQBR8JT5N51KY356ZVBWMDXRZ8QWQFXDP4,SP20A3HVQBR8JT5N51KY356ZVBWMDXRZ8QWQFXDP4,debt,aeUSDC,183231
9053676,zest-v1,SP20A3HVQBR8JT5N51KY356ZVBWMDXRZ8QWQFXDP4,SP20A3HVQBR8JT5N51KY356ZVBWMDXRZ8QWQFXDP4,debt_stored,aeUSDC,164350
9053676,zest-v1,SP20EXN4R20YEJQ2B9D28C4AKVQ4Q8MY22DJ17M2H,SP20EXN4R20YEJQ2B9D28C4AKVQ4Q8MY22DJ17M2H,collateral,STX,1594187
9053676,zest-v1,SP20EXN4R20YEJQ2B9D28C4AKVQ4Q8MY22DJ17M2H,SP20EXN4R20YEJQ2B9D28C4AKVQ4Q8MY22DJ17M2H,debt,aeUSDC,834383
9053676,zest-v1,SP20EXN4R20YEJQ2B9D28C4AKVQ4Q8MY22DJ17M2H,SP20EXN4R20YEJQ2B9D28C4AKVQ4Q8MY22DJ17M2H,debt_stored,aeUSDC,786720
9053676,zest-v1,SP20M3DXS8P1ZP7X2RVVA0Q162A21X0XBNJKY1VEX,SP20M3DXS8P1ZP7X2RVVA0Q162A21X0XBNJKY1VEX,collateral,stSTX,400
9053676,zest-v1,SP20M3DXS8P1ZP7X2RVVA0Q162A21X0XBNJKY1VEX,SP20M3DXS8P1ZP7X2RVVA0Q162A21X0XBNJKY1VEX,debt,STX,6
9053676,zest-v1,SP20M3DXS8P1ZP7X2RVVA0Q162A21X0XBNJKY1VEX,SP20M3DXS8P1ZP7X2RVVA0Q162A21X0XBNJKY1VEX,debt_stored,STX,5
9053676,zest-v1,SP20MFRJKMXAB8KZECJZ0CMDGNPYPH3GGEKAQ30PC,SP20MFRJKMXAB8KZECJZ0CMDGNPYPH3GGEKAQ30PC,collateral,STX,819287
9053676,zest-v1,SP20MFRJKMXAB8KZECJZ0CMDGNPYPH3GGEKAQ30PC,SP20MFRJKMXAB8KZECJZ0CMDGNPYPH3GGEKAQ30PC,debt,STX,32582
9053676,zest-v1,SP20MFRJKMXAB8KZECJZ0CMDGNPYPH3GGEKAQ30PC,SP20MFRJKMXAB8KZECJZ0CMDGNPYPH3GGEKAQ30PC,debt_stored,STX,29000
9053676,zest-v1,SP20Q1H42BNH6YD6WFPCX4RZC9VDJXD8HEZTRF0CZ,SP20Q1H42BNH6YD6WFPCX4RZC9VDJXD8HEZTRF0CZ,collateral,stSTX,39725407
9053676,zest-v1,SP20Q1H42BNH6YD6WFPCX4RZC9VDJXD8HEZTRF0CZ,SP20Q1H42BNH6YD6WFPCX4RZC9VDJXD8HEZTRF0CZ,debt,STX,7044318
9053676,zest-v1,SP20Q1H42BNH6YD6WFPCX4RZC9VDJXD8HEZTRF0CZ,SP20Q1H42BNH6YD6WFPCX4RZC9VDJXD8HEZTRF0CZ,debt_stored,STX,6000000
9053676,zest-v1,SP20QZBHD8QZKS9NGV9FQ76KQ6AD98SGQKXYQ2ZPG,SP20QZBHD8QZKS9NGV9FQ76KQ6AD98SGQKXYQ2ZPG,collateral,stSTX,18438751
9053676,zest-v1,SP20QZBHD8QZKS9NGV9FQ76KQ6AD98SGQKXYQ2ZPG,SP20QZBHD8QZKS9NGV9FQ76KQ6AD98SGQKXYQ2ZPG,debt,USDH,139195874
9053676,zest-v1,SP20QZBHD8QZKS9NGV9FQ76KQ6AD98SGQKXYQ2ZPG,SP20QZBHD8QZKS9NGV9FQ76KQ6AD98SGQKXYQ2ZPG,debt,aeUSDC,1014642
9053676,zest-v1,SP20QZBHD8QZKS9NGV9FQ76KQ6AD98SGQKXYQ2ZPG,SP20QZBHD8QZKS9NGV9FQ76KQ6AD98SGQKXYQ2ZPG,debt_stored,USDH,138353705
9053676,zest-v1,SP20QZBHD8QZKS9NGV9FQ76KQ6AD98SGQKXYQ2ZPG,SP20QZBHD8QZKS9NGV9FQ76KQ6AD98SGQKXYQ2ZPG,debt_stored,aeUSDC,1004353
9053676,zest-v1,SP20X0BMMX8A2F5BST7J4Q322TQGD8Y43QJZ524JS,SP20X0BMMX8A2F5BST7J4Q322TQGD8Y43QJZ524JS,collateral,stSTX,1662042703
9053676,zest-v1,SP20X0BMMX8A2F5BST7J4Q322TQGD8Y43QJZ524JS,SP20X0BMMX8A2F5BST7J4Q322TQGD8Y43QJZ524JS,debt,stSTX,524304690
9053676,zest-v1,SP20X0BMMX8A2F5BST7J4Q322TQGD8Y43QJZ524JS,SP20X0BMMX8A2F5BST7J4Q322TQGD8Y43QJZ524JS,debt_stored,stSTX,500000000
9053676,zest-v1,SP2145N7YM7X8D68WWC5ACW00QF5G85FM1YGCKY1B,SP2145N7YM7X8D68WWC5ACW00QF5G85FM1YGCKY1B,collateral,stSTX,5336766
9053676,zest-v1,SP2145N7YM7X8D68WWC5ACW00QF5G85FM1YGCKY1B,SP2145N7YM7X8D68WWC5ACW00QF5G85FM1YGCKY1B,debt,stSTX,2785174
9053676,zest-v1,SP2145N7YM7X8D68WWC5ACW00QF5G85FM1YGCKY1B,SP2145N7YM7X8D68WWC5ACW00QF5G85FM1YGCKY1B,debt_stored,stSTX,2661968
9053676,zest-v1,SP214CGYXQCBJWA41Z4T3N8MM39G9WWR6AHYKRJFK,SP214CGYXQCBJWA41Z4T3N8MM39G9WWR6AHYKRJFK,collateral,stSTX,185702001
9053676,zest-v1,SP214CGYXQCBJWA41Z4T3N8MM39G9WWR6AHYKRJFK,SP214CGYXQCBJWA41Z4T3N8MM39G9WWR6AHYKRJFK,debt,stSTX,96457988
9053676,zest-v1,SP214CGYXQCBJWA41Z4T3N8MM39G9WWR6AHYKRJFK,SP214CGYXQCBJWA41Z4T3N8MM39G9WWR6AHYKRJFK,debt_stored,stSTX,92000000
9053676,zest-v1,SP218TBV9HWW8QQRARHQ6XK7G10271SQTTCCTHW20,SP218TBV9HWW8QQRARHQ6XK7G10271SQTTCCTHW20,collateral,STX,47
9053676,zest-v1,SP218TBV9HWW8QQRARHQ6XK7G10271SQTTCCTHW20,SP218TBV9HWW8QQRARHQ6XK7G10271SQTTCCTHW20,debt,STX,23
9053676,zest-v1,SP218TBV9HWW8QQRARHQ6XK7G10271SQTTCCTHW20,SP218TBV9HWW8QQRARHQ6XK7G10271SQTTCCTHW20,debt_stored,STX,21
9053676,zest-v1,SP2199VESQD8NT7TTA6KFQTRV9Q61XA3BW1B9V6WX,SP2199VESQD8NT7TTA6KFQTRV9Q61XA3BW1B9V6WX,collateral,STX,16430110
9053676,zest-v1,SP2199VESQD8NT7TTA6KFQTRV9Q61XA3BW1B9V6WX,SP2199VESQD8NT7TTA6KFQTRV9Q61XA3BW1B9V6WX,debt,STX,12138786
9053676,zest-v1,SP2199VESQD8NT7TTA6KFQTRV9Q61XA3BW1B9V6WX,SP2199VESQD8NT7TTA6KFQTRV9Q61XA3BW1B9V6WX,debt_stored,STX,10881750
9053676,zest-v1,SP21BKCJC80FR7T55Z0ZTKGP7BC8HJV6B99T4BM34,SP21BKCJC80FR7T55Z0ZTKGP7BC8HJV6B99T4BM34,collateral,stSTX,5112564
9053676,zest-v1,SP21BKCJC80FR7T55Z0ZTKGP7BC8HJV6B99T4BM34,SP21BKCJC80FR7T55Z0ZTKGP7BC8HJV6B99T4BM34,debt,aeUSDC,954257
9053676,zest-v1,SP21BKCJC80FR7T55Z0ZTKGP7BC8HJV6B99T4BM34,SP21BKCJC80FR7T55Z0ZTKGP7BC8HJV6B99T4BM34,debt_stored,aeUSDC,873010
9053676,zest-v1,SP21F3JVMZN4Y64QZTDFYZZ0FMX5EG285AEK26XAF,SP21F3JVMZN4Y64QZTDFYZZ0FMX5EG285AEK26XAF,collateral,sBTC,2913
9053676,zest-v1,SP21F3JVMZN4Y64QZTDFYZZ0FMX5EG285AEK26XAF,SP21F3JVMZN4Y64QZTDFYZZ0FMX5EG285AEK26XAF,debt,stSTX,4615881
9053676,zest-v1,SP21F3JVMZN4Y64QZTDFYZZ0FMX5EG285AEK26XAF,SP21F3JVMZN4Y64QZTDFYZZ0FMX5EG285AEK26XAF,debt_stored,stSTX,4574481
9053676,zest-v1,SP21PTW33GW7K884735R4SH96RPPWRE7VXHRFVQVE,SP21PTW33GW7K884735R4SH96RPPWRE7VXHRFVQVE,collateral,stSTX,145251501
9053676,zest-v1,SP21PTW33GW7K884735R4SH96RPPWRE7VXHRFVQVE,SP21PTW33GW7K884735R4SH96RPPWRE7VXHRFVQVE,debt,STX,66708861
9053676,zest-v1,SP21PTW33GW7K884735R4SH96RPPWRE7VXHRFVQVE,SP21PTW33GW7K884735R4SH96RPPWRE7VXHRFVQVE,debt,stSTX,5
9053676,zest-v1,SP21PTW33GW7K884735R4SH96RPPWRE7VXHRFVQVE,SP21PTW33GW7K884735R4SH96RPPWRE7VXHRFVQVE,debt_stored,STX,59000000
9053676,zest-v1,SP21PTW33GW7K884735R4SH96RPPWRE7VXHRFVQVE,SP21PTW33GW7K884735R4SH96RPPWRE7VXHRFVQVE,debt_stored,stSTX,4
9053676,zest-v1,SP21TMS2PXRAAKH1D6GDZ9KD1JYJW7SXX54XHJ1AS,SP21TMS2PXRAAKH1D6GDZ9KD1JYJW7SXX54XHJ1AS,collateral,STX,5362257
9053676,zest-v1,SP21TMS2PXRAAKH1D6GDZ9KD1JYJW7SXX54XHJ1AS,SP21TMS2PXRAAKH1D6GDZ9KD1JYJW7SXX54XHJ1AS,debt,STX,1172476
9053676,zest-v1,SP21TMS2PXRAAKH1D6GDZ9KD1JYJW7SXX54XHJ1AS,SP21TMS2PXRAAKH1D6GDZ9KD1JYJW7SXX54XHJ1AS,debt_stored,STX,1000000
9053676,zest-v1,SP21TNJGAC1X3Q8313SNXKTHREYF2D3HCNRGKGRM4,SP21TNJGAC1X3Q8313SNXKTHREYF2D3HCNRGKGRM4,collateral,stSTX,139536594
9053676,zest-v1,SP21TNJGAC1X3Q8313SNXKTHREYF2D3HCNRGKGRM4,SP21TNJGAC1X3Q8313SNXKTHREYF2D3HCNRGKGRM4,debt,STX,66098311
9053676,zest-v1,SP21TNJGAC1X3Q8313SNXKTHREYF2D3HCNRGKGRM4,SP21TNJGAC1X3Q8313SNXKTHREYF2D3HCNRGKGRM4,debt_stored,STX,58401001
9053676,zest-v1,SP21W0F2W0GFKP02T87AQACFQHF02WWVPHF8MQSDK,SP21W0F2W0GFKP02T87AQACFQHF02WWVPHF8MQSDK,collateral,stSTX,68770245
9053676,zest-v1,SP21W0F2W0GFKP02T87AQACFQHF02WWVPHF8MQSDK,SP21W0F2W0GFKP02T87AQACFQHF02WWVPHF8MQSDK,debt,STX,29113756
9053676,zest-v1,SP21W0F2W0GFKP02T87AQACFQHF02WWVPHF8MQSDK,SP21W0F2W0GFKP02T87AQACFQHF02WWVPHF8MQSDK,debt_stored,STX,25000000
9053676,zest-v1,SP21WZ9DAQHMS9B3TX3VJ1D89EYP0RQXA34QPB69T,SP21WZ9DAQHMS9B3TX3VJ1D89EYP0RQXA34QPB69T,collateral,stSTX,120219698
9053676,zest-v1,SP21WZ9DAQHMS9B3TX3VJ1D89EYP0RQXA34QPB69T,SP21WZ9DAQHMS9B3TX3VJ1D89EYP0RQXA34QPB69T,debt,STX,47898314
9053676,zest-v1,SP21WZ9DAQHMS9B3TX3VJ1D89EYP0RQXA34QPB69T,SP21WZ9DAQHMS9B3TX3VJ1D89EYP0RQXA34QPB69T,debt,stSTX,4
9053676,zest-v1,SP21WZ9DAQHMS9B3TX3VJ1D89EYP0RQXA34QPB69T,SP21WZ9DAQHMS9B3TX3VJ1D89EYP0RQXA34QPB69T,debt_stored,STX,42318314
9053676,zest-v1,SP21WZ9DAQHMS9B3TX3VJ1D89EYP0RQXA34QPB69T,SP21WZ9DAQHMS9B3TX3VJ1D89EYP0RQXA34QPB69T,debt_stored,stSTX,3
9053676,zest-v1,SP21Y3KSRJRDF39WBSDAFRYAEH8G9ZW3EWDQ2YSB9,SP21Y3KSRJRDF39WBSDAFRYAEH8G9ZW3EWDQ2YSB9,collateral,DIKO,435782332
9053676,zest-v1,SP21Y3KSRJRDF39WBSDAFRYAEH8G9ZW3EWDQ2YSB9,SP21Y3KSRJRDF39WBSDAFRYAEH8G9ZW3EWDQ2YSB9,collateral,stSTX,59718788
9053676,zest-v1,SP21Y3KSRJRDF39WBSDAFRYAEH8G9ZW3EWDQ2YSB9,SP21Y3KSRJRDF39WBSDAFRYAEH8G9ZW3EWDQ2YSB9,debt,STX,23869332
9053676,zest-v1,SP21Y3KSRJRDF39WBSDAFRYAEH8G9ZW3EWDQ2YSB9,SP21Y3KSRJRDF39WBSDAFRYAEH8G9ZW3EWDQ2YSB9,debt_stored,STX,20512485
9053676,zest-v1,SP21YYAXGWPEK24D4J6127944QM4HVS0AAT6C5TX2,SP21YYAXGWPEK24D4J6127944QM4HVS0AAT6C5TX2,collateral,STX,1179854
9053676,zest-v1,SP21YYAXGWPEK24D4J6127944QM4HVS0AAT6C5TX2,SP21YYAXGWPEK24D4J6127944QM4HVS0AAT6C5TX2,debt,STX,117304
9053676,zest-v1,SP21YYAXGWPEK24D4J6127944QM4HVS0AAT6C5TX2,SP21YYAXGWPEK24D4J6127944QM4HVS0AAT6C5TX2,debt_stored,STX,100000
9053676,zest-v1,SP224G21ZK17WA7D2VZC17JPWQ1PWEDPB418HM127,SP224G21ZK17WA7D2VZC17JPWQ1PWEDPB418HM127,collateral,stSTX,181
9053676,zest-v1,SP224G21ZK17WA7D2VZC17JPWQ1PWEDPB418HM127,SP224G21ZK17WA7D2VZC17JPWQ1PWEDPB418HM127,debt,stSTX,23
9053676,zest-v1,SP224G21ZK17WA7D2VZC17JPWQ1PWEDPB418HM127,SP224G21ZK17WA7D2VZC17JPWQ1PWEDPB418HM127,debt_stored,stSTX,22
9053676,zest-v1,SP226X8S1JHGSZJ6KKYA0D2H6NNAMNCAYXWPRDKN6,SP226X8S1JHGSZJ6KKYA0D2H6NNAMNCAYXWPRDKN6,collateral,stSTX,144523998
9053676,zest-v1,SP226X8S1JHGSZJ6KKYA0D2H6NNAMNCAYXWPRDKN6,SP226X8S1JHGSZJ6KKYA0D2H6NNAMNCAYXWPRDKN6,debt,STX,47039673
9053676,zest-v1,SP226X8S1JHGSZJ6KKYA0D2H6NNAMNCAYXWPRDKN6,SP226X8S1JHGSZJ6KKYA0D2H6NNAMNCAYXWPRDKN6,debt_stored,STX,40000000
9053676,zest-v1,SP22AG163Q337WVNQ3KYY3DNKEA7C4Z1WWH22DNQ5,SP22AG163Q337WVNQ3KYY3DNKEA7C4Z1WWH22DNQ5,collateral,STX,915
9053676,zest-v1,SP22AG163Q337WVNQ3KYY3DNKEA7C4Z1WWH22DNQ5,SP22AG163Q337WVNQ3KYY3DNKEA7C4Z1WWH22DNQ5,debt,sUSDT,2969
9053676,zest-v1,SP22AG163Q337WVNQ3KYY3DNKEA7C4Z1WWH22DNQ5,SP22AG163Q337WVNQ3KYY3DNKEA7C4Z1WWH22DNQ5,debt_stored,sUSDT,2204
9053676,zest-v1,SP22ARKWN5F6CCYXX5DYVJQCE2YSAPGEEYDZHYSVR,SP22ARKWN5F6CCYXX5DYVJQCE2YSAPGEEYDZHYSVR,collateral,stSTX,151227257
9053676,zest-v1,SP22ARKWN5F6CCYXX5DYVJQCE2YSAPGEEYDZHYSVR,SP22ARKWN5F6CCYXX5DYVJQCE2YSAPGEEYDZHYSVR,debt,stSTX,78728259
9053676,zest-v1,SP22ARKWN5F6CCYXX5DYVJQCE2YSAPGEEYDZHYSVR,SP22ARKWN5F6CCYXX5DYVJQCE2YSAPGEEYDZHYSVR,debt_stored,stSTX,75101948
9053676,zest-v1,SP22RJ9GSWXWTV2F1JSHNKE4A62P4PBY1A1G549BZ,SP22RJ9GSWXWTV2F1JSHNKE4A62P4PBY1A1G549BZ,collateral,STX,7568
9053676,zest-v1,SP22RJ9GSWXWTV2F1JSHNKE4A62P4PBY1A1G549BZ,SP22RJ9GSWXWTV2F1JSHNKE4A62P4PBY1A1G549BZ,debt,USDH,249725
9053676,zest-v1,SP22RJ9GSWXWTV2F1JSHNKE4A62P4PBY1A1G549BZ,SP22RJ9GSWXWTV2F1JSHNKE4A62P4PBY1A1G549BZ,debt_stored,USDH,230876
9053676,zest-v1,SP22TS112NMSK54WGFR7HVB5320KJHAPH2A6EFHF7,SP22TS112NMSK54WGFR7HVB5320KJHAPH2A6EFHF7,collateral,stSTX,10017629
9053676,zest-v1,SP22TS112NMSK54WGFR7HVB5320KJHAPH2A6EFHF7,SP22TS112NMSK54WGFR7HVB5320KJHAPH2A6EFHF7,debt,aeUSDC,2079
9053676,zest-v1,SP22TS112NMSK54WGFR7HVB5320KJHAPH2A6EFHF7,SP22TS112NMSK54WGFR7HVB5320KJHAPH2A6EFHF7,debt_stored,aeUSDC,1661
9053676,zest-v1,SP22VK42TD6TGSGMVQE3KRZ04YFE47WZYY7G0T893,SP22VK42TD6TGSGMVQE3KRZ04YFE47WZYY7G0T893,collateral,STX,8853501
9053676,zest-v1,SP22VK42TD6TGSGMVQE3KRZ04YFE47WZYY7G0T893,SP22VK42TD6TGSGMVQE3KRZ04YFE47WZYY7G0T893,collateral,USDH,194
9053676,zest-v1,SP22VK42TD6TGSGMVQE3KRZ04YFE47WZYY7G0T893,SP22VK42TD6TGSGMVQE3KRZ04YFE47WZYY7G0T893,debt,STX,3518364
9053676,zest-v1,SP22VK42TD6TGSGMVQE3KRZ04YFE47WZYY7G0T893,SP22VK42TD6TGSGMVQE3KRZ04YFE47WZYY7G0T893,debt_stored,STX,3309758
9053676,zest-v1,SP22VW8FV3Y47C7FRDB9J89XEF53AYHGA3TZHCH32,SP22VW8FV3Y47C7FRDB9J89XEF53AYHGA3TZHCH32,collateral,stSTX,444845395
9053676,zest-v1,SP22VW8FV3Y47C7FRDB9J89XEF53AYHGA3TZHCH32,SP22VW8FV3Y47C7FRDB9J89XEF53AYHGA3TZHCH32,debt,stSTX,215254663
9053676,zest-v1,SP22VW8FV3Y47C7FRDB9J89XEF53AYHGA3TZHCH32,SP22VW8FV3Y47C7FRDB9J89XEF53AYHGA3TZHCH32,debt_stored,stSTX,206780096
9053676,zest-v1,SP22YZ90FF9KC1JFJE3G664KRBNXX2JQKQBD0D9JG,SP22YZ90FF9KC1JFJE3G664KRBNXX2JQKQBD0D9JG,collateral,stSTX,257517246
9053676,zest-v1,SP22YZ90FF9KC1JFJE3G664KRBNXX2JQKQBD0D9JG,SP22YZ90FF9KC1JFJE3G664KRBNXX2JQKQBD0D9JG,debt,stSTX,94164097
9053676,zest-v1,SP22YZ90FF9KC1JFJE3G664KRBNXX2JQKQBD0D9JG,SP22YZ90FF9KC1JFJE3G664KRBNXX2JQKQBD0D9JG,debt_stored,stSTX,90000000
9053676,zest-v1,SP234NYXB20YQBVXANCXFAETTN214VHHGZ3AVTCED,SP234NYXB20YQBVXANCXFAETTN214VHHGZ3AVTCED,collateral,stSTX,6102675
9053676,zest-v1,SP234NYXB20YQBVXANCXFAETTN214VHHGZ3AVTCED,SP234NYXB20YQBVXANCXFAETTN214VHHGZ3AVTCED,debt,aeUSDC,1476747
9053676,zest-v1,SP234NYXB20YQBVXANCXFAETTN214VHHGZ3AVTCED,SP234NYXB20YQBVXANCXFAETTN214VHHGZ3AVTCED,debt_stored,aeUSDC,1384532
9053676,zest-v1,SP236FFCREY39JKPS8N3JPG2HRHA7YM3Z21J5PVC3,SP236FFCREY39JKPS8N3JPG2HRHA7YM3Z21J5PVC3,collateral,STX,7421
9053676,zest-v1,SP236FFCREY39JKPS8N3JPG2HRHA7YM3Z21J5PVC3,SP236FFCREY39JKPS8N3JPG2HRHA7YM3Z21J5PVC3,debt,USDH,246588
9053676,zest-v1,SP236FFCREY39JKPS8N3JPG2HRHA7YM3Z21J5PVC3,SP236FFCREY39JKPS8N3JPG2HRHA7YM3Z21J5PVC3,debt_stored,USDH,227974
9053676,zest-v1,SP237V09675NR572ZEW9YM4F2PQWJ34KTGCNJKY30,SP237V09675NR572ZEW9YM4F2PQWJ34KTGCNJKY30,collateral,STX,745761
9053676,zest-v1,SP237V09675NR572ZEW9YM4F2PQWJ34KTGCNJKY30,SP237V09675NR572ZEW9YM4F2PQWJ34KTGCNJKY30,debt,STX,19100
9053676,zest-v1,SP237V09675NR572ZEW9YM4F2PQWJ34KTGCNJKY30,SP237V09675NR572ZEW9YM4F2PQWJ34KTGCNJKY30,debt_stored,STX,17000
9053676,zest-v1,SP238277TE5SRPBDTPJ7R51CNRJ2Z0MM042FJ3JZY,SP238277TE5SRPBDTPJ7R51CNRJ2Z0MM042FJ3JZY,collateral,stSTX,290457731
9053676,zest-v1,SP238277TE5SRPBDTPJ7R51CNRJ2Z0MM042FJ3JZY,SP238277TE5SRPBDTPJ7R51CNRJ2Z0MM042FJ3JZY,debt,USDH,2685343893
9053676,zest-v1,SP238277TE5SRPBDTPJ7R51CNRJ2Z0MM042FJ3JZY,SP238277TE5SRPBDTPJ7R51CNRJ2Z0MM042FJ3JZY,debt_stored,USDH,2504743706
9053676,zest-v1,SP239ZXF4CV1J2APZG82ZBCQDXBV5BMQ2EJR1AS4S,SP239ZXF4CV1J2APZG82ZBCQDXBV5BMQ2EJR1AS4S,collateral,stSTXbtc,2374699
9053676,zest-v1,SP239ZXF4CV1J2APZG82ZBCQDXBV5BMQ2EJR1AS4S,SP239ZXF4CV1J2APZG82ZBCQDXBV5BMQ2EJR1AS4S,debt,aeUSDC,565966
9053676,zest-v1,SP239ZXF4CV1J2APZG82ZBCQDXBV5BMQ2EJR1AS4S,SP239ZXF4CV1J2APZG82ZBCQDXBV5BMQ2EJR1AS4S,debt_stored,aeUSDC,533710
9053676,zest-v1,SP23AG7C2K5PQB547CF6AP280N3ZNNAAZE5JPZ11W,SP23AG7C2K5PQB547CF6AP280N3ZNNAAZE5JPZ11W,collateral,stSTX,135304060
9053676,zest-v1,SP23AG7C2K5PQB547CF6AP280N3ZNNAAZE5JPZ11W,SP23AG7C2K5PQB547CF6AP280N3ZNNAAZE5JPZ11W,debt,STX,58741918
9053676,zest-v1,SP23AG7C2K5PQB547CF6AP280N3ZNNAAZE5JPZ11W,SP23AG7C2K5PQB547CF6AP280N3ZNNAAZE5JPZ11W,debt_stored,STX,52000000
9053676,zest-v1,SP23B0XMZSJW3EX5TSPZZ7D6X9EPT3CA7K2TZFSPB,SP23B0XMZSJW3EX5TSPZZ7D6X9EPT3CA7K2TZFSPB,collateral,stSTX,89726804
9053676,zest-v1,SP23B0XMZSJW3EX5TSPZZ7D6X9EPT3CA7K2TZFSPB,SP23B0XMZSJW3EX5TSPZZ7D6X9EPT3CA7K2TZFSPB,debt,STX,39573157
9053676,zest-v1,SP23B0XMZSJW3EX5TSPZZ7D6X9EPT3CA7K2TZFSPB,SP23B0XMZSJW3EX5TSPZZ7D6X9EPT3CA7K2TZFSPB,debt_stored,STX,33736261
9053676,zest-v1,SP23BYPV6CSGAVSE8NYXHE47W4A481D4BARVHY4M5,SP23BYPV6CSGAVSE8NYXHE47W4A481D4BARVHY4M5,collateral,stSTX,23614256
9053676,zest-v1,SP23BYPV6CSGAVSE8NYXHE47W4A481D4BARVHY4M5,SP23BYPV6CSGAVSE8NYXHE47W4A481D4BARVHY4M5,debt,STX,15510309
9053676,zest-v1,SP23BYPV6CSGAVSE8NYXHE47W4A481D4BARVHY4M5,SP23BYPV6CSGAVSE8NYXHE47W4A481D4BARVHY4M5,debt_stored,STX,15418521
9053676,zest-v1,SP23D2QGEAWMY75VVJW2Q67RAFGT3M5XJGTNS9VV9,SP23D2QGEAWMY75VVJW2Q67RAFGT3M5XJGTNS9VV9,collateral,stSTX,4314227
9053676,zest-v1,SP23D2QGEAWMY75VVJW2Q67RAFGT3M5XJGTNS9VV9,SP23D2QGEAWMY75VVJW2Q67RAFGT3M5XJGTNS9VV9,debt,aeUSDC,1042428
9053676,zest-v1,SP23D2QGEAWMY75VVJW2Q67RAFGT3M5XJGTNS9VV9,SP23D2QGEAWMY75VVJW2Q67RAFGT3M5XJGTNS9VV9,debt_stored,aeUSDC,983795
9053676,zest-v1,SP23DPK544CQNX958YBKT5GEMQ7N5BDZA40869E7W,SP23DPK544CQNX958YBKT5GEMQ7N5BDZA40869E7W,collateral,stSTX,68770100
9053676,zest-v1,SP23DPK544CQNX958YBKT5GEMQ7N5BDZA40869E7W,SP23DPK544CQNX958YBKT5GEMQ7N5BDZA40869E7W,debt,STX,29074258
9053676,zest-v1,SP23DPK544CQNX958YBKT5GEMQ7N5BDZA40869E7W,SP23DPK544CQNX958YBKT5GEMQ7N5BDZA40869E7W,debt_stored,STX,25000000
9053676,zest-v1,SP23FHX061WDTW4K4BN1A07WA041S1M7B6CEAJFJQ,SP23FHX061WDTW4K4BN1A07WA041S1M7B6CEAJFJQ,collateral,STX,38496064
9053676,zest-v1,SP23FHX061WDTW4K4BN1A07WA041S1M7B6CEAJFJQ,SP23FHX061WDTW4K4BN1A07WA041S1M7B6CEAJFJQ,debt,stSTX,15723190
9053676,zest-v1,SP23FHX061WDTW4K4BN1A07WA041S1M7B6CEAJFJQ,SP23FHX061WDTW4K4BN1A07WA041S1M7B6CEAJFJQ,debt_stored,stSTX,15000000
9053676,zest-v1,SP23FXJ9G1D5GYWBARAW269N5WGF75EBECFXFHZ7D,SP23FXJ9G1D5GYWBARAW269N5WGF75EBECFXFHZ7D,collateral,stSTX,173132003
9053676,zest-v1,SP23FXJ9G1D5GYWBARAW269N5WGF75EBECFXFHZ7D,SP23FXJ9G1D5GYWBARAW269N5WGF75EBECFXFHZ7D,debt,STX,80131238
9053676,zest-v1,SP23FXJ9G1D5GYWBARAW269N5WGF75EBECFXFHZ7D,SP23FXJ9G1D5GYWBARAW269N5WGF75EBECFXFHZ7D,debt_stored,STX,71748263
9053676,zest-v1,SP23HPNEMH64THDRY5PNKCTA481CBB8R25CFCRZ6N,SP23HPNEMH64THDRY5PNKCTA481CBB8R25CFCRZ6N,collateral,stSTX,140249538
9053676,zest-v1,SP23HPNEMH64THDRY5PNKCTA481CBB8R25CFCRZ6N,SP23HPNEMH64THDRY5PNKCTA481CBB8R25CFCRZ6N,debt,STX,56434304
9053676,zest-v1,SP23HPNEMH64THDRY5PNKCTA481CBB8R25CFCRZ6N,SP23HPNEMH64THDRY5PNKCTA481CBB8R25CFCRZ6N,debt_stored,STX,48110450
9053676,zest-v1,SP23T2MHR9HW9XZW4TWZKRYZZ6FK33GH4K4869R66,SP23T2MHR9HW9XZW4TWZKRYZZ6FK33GH4K4869R66,collateral,stSTX,88007
9053676,zest-v1,SP23T2MHR9HW9XZW4TWZKRYZZ6FK33GH4K4869R66,SP23T2MHR9HW9XZW4TWZKRYZZ6FK33GH4K4869R66,debt,STX,150
9053676,zest-v1,SP23T2MHR9HW9XZW4TWZKRYZZ6FK33GH4K4869R66,SP23T2MHR9HW9XZW4TWZKRYZZ6FK33GH4K4869R66,debt_stored,STX,134
9053676,zest-v1,SP23YFKQQB2A83TQCDC4MEQPEKQZJKP83A48XMWXV,SP23YFKQQB2A83TQCDC4MEQPEKQZJKP83A48XMWXV,collateral,stSTX,1031
9053676,zest-v1,SP23YFKQQB2A83TQCDC4MEQPEKQZJKP83A48XMWXV,SP23YFKQQB2A83TQCDC4MEQPEKQZJKP83A48XMWXV,debt,STX,93
9053676,zest-v1,SP23YFKQQB2A83TQCDC4MEQPEKQZJKP83A48XMWXV,SP23YFKQQB2A83TQCDC4MEQPEKQZJKP83A48XMWXV,debt_stored,STX,82
9053676,zest-v1,SP23YTQDD36TXW1Z3CFKGHWBGDBB4R2B0GFTZ649Q,SP23YTQDD36TXW1Z3CFKGHWBGDBB4R2B0GFTZ649Q,collateral,STX,12873917
9053676,zest-v1,SP23YTQDD36TXW1Z3CFKGHWBGDBB4R2B0GFTZ649Q,SP23YTQDD36TXW1Z3CFKGHWBGDBB4R2B0GFTZ649Q,collateral,stSTX,3360378
9053676,zest-v1,SP23YTQDD36TXW1Z3CFKGHWBGDBB4R2B0GFTZ649Q,SP23YTQDD36TXW1Z3CFKGHWBGDBB4R2B0GFTZ649Q,debt,stSTX,53736
9053676,zest-v1,SP23YTQDD36TXW1Z3CFKGHWBGDBB4R2B0GFTZ649Q,SP23YTQDD36TXW1Z3CFKGHWBGDBB4R2B0GFTZ649Q,debt_stored,stSTX,51441
9053676,zest-v1,SP2417H88DQFN7FNDMSKM9N0B3Q6GNGEM40W7ZAZW,SP2417H88DQFN7FNDMSKM9N0B3Q6GNGEM40W7ZAZW,collateral,STX,2330
9053676,zest-v1,SP2417H88DQFN7FNDMSKM9N0B3Q6GNGEM40W7ZAZW,SP2417H88DQFN7FNDMSKM9N0B3Q6GNGEM40W7ZAZW,collateral,stSTX,1001672
9053676,zest-v1,SP2417H88DQFN7FNDMSKM9N0B3Q6GNGEM40W7ZAZW,SP2417H88DQFN7FNDMSKM9N0B3Q6GNGEM40W7ZAZW,collateral,stSTXbtc,12412
9053676,zest-v1,SP2417H88DQFN7FNDMSKM9N0B3Q6GNGEM40W7ZAZW,SP2417H88DQFN7FNDMSKM9N0B3Q6GNGEM40W7ZAZW,debt,STX,1227
9053676,zest-v1,SP2417H88DQFN7FNDMSKM9N0B3Q6GNGEM40W7ZAZW,SP2417H88DQFN7FNDMSKM9N0B3Q6GNGEM40W7ZAZW,debt,stSTX,521
9053676,zest-v1,SP2417H88DQFN7FNDMSKM9N0B3Q6GNGEM40W7ZAZW,SP2417H88DQFN7FNDMSKM9N0B3Q6GNGEM40W7ZAZW,debt_stored,STX,1145
9053676,zest-v1,SP2417H88DQFN7FNDMSKM9N0B3Q6GNGEM40W7ZAZW,SP2417H88DQFN7FNDMSKM9N0B3Q6GNGEM40W7ZAZW,debt_stored,stSTX,501
9053676,zest-v1,SP2419ABMN44BQ275GD5GKESDPBWM4GX1BG8MY2A,SP2419ABMN44BQ275GD5GKESDPBWM4GX1BG8MY2A,collateral,stSTX,7145867
9053676,zest-v1,SP2419ABMN44BQ275GD5GKESDPBWM4GX1BG8MY2A,SP2419ABMN44BQ275GD5GKESDPBWM4GX1BG8MY2A,debt,aeUSDC,1808674
9053676,zest-v1,SP2419ABMN44BQ275GD5GKESDPBWM4GX1BG8MY2A,SP2419ABMN44BQ275GD5GKESDPBWM4GX1BG8MY2A,debt_stored,aeUSDC,1693646
9053676,zest-v1,SP247A8K42S2YQW314MWWKV8N6FVPN8TMPZX0VEW5,SP247A8K42S2YQW314MWWKV8N6FVPN8TMPZX0VEW5,collateral,stSTX,5854572
9053676,zest-v1,SP247A8K42S2YQW314MWWKV8N6FVPN8TMPZX0VEW5,SP247A8K42S2YQW314MWWKV8N6FVPN8TMPZX0VEW5,debt,aeUSDC,2436
9053676,zest-v1,SP247A8K42S2YQW314MWWKV8N6FVPN8TMPZX0VEW5,SP247A8K42S2YQW314MWWKV8N6FVPN8TMPZX0VEW5,debt_stored,aeUSDC,2026
9053676,zest-v1,SP24AGJFKRWK7EMYBFA7J4R2HXR7Z7883FT8KCHSK,SP24AGJFKRWK7EMYBFA7J4R2HXR7Z7883FT8KCHSK,collateral,stSTX,130454
9053676,zest-v1,SP24AGJFKRWK7EMYBFA7J4R2HXR7Z7883FT8KCHSK,SP24AGJFKRWK7EMYBFA7J4R2HXR7Z7883FT8KCHSK,debt,aeUSDC,42299
9053676,zest-v1,SP24AGJFKRWK7EMYBFA7J4R2HXR7Z7883FT8KCHSK,SP24AGJFKRWK7EMYBFA7J4R2HXR7Z7883FT8KCHSK,debt_stored,aeUSDC,31663
9053676,zest-v1,SP24HEW4DX7QGE41AV6B67J37M12XQJRJGQM8C8F5,SP24HEW4DX7QGE41AV6B67J37M12XQJRJGQM8C8F5,collateral,stSTX,59442128
9053676,zest-v1,SP24HEW4DX7QGE41AV6B67J37M12XQJRJGQM8C8F5,SP24HEW4DX7QGE41AV6B67J37M12XQJRJGQM8C8F5,debt,STX,23469237
9053676,zest-v1,SP24HEW4DX7QGE41AV6B67J37M12XQJRJGQM8C8F5,SP24HEW4DX7QGE41AV6B67J37M12XQJRJGQM8C8F5,debt_stored,STX,20000000
9053676,zest-v1,SP24HT8K6HQBAG1RFGEE0MMB6QKVXW920FJ3YQ69J,SP24HT8K6HQBAG1RFGEE0MMB6QKVXW920FJ3YQ69J,collateral,stSTX,188583652
9053676,zest-v1,SP24HT8K6HQBAG1RFGEE0MMB6QKVXW920FJ3YQ69J,SP24HT8K6HQBAG1RFGEE0MMB6QKVXW920FJ3YQ69J,debt,stSTX,91562869
9053676,zest-v1,SP24HT8K6HQBAG1RFGEE0MMB6QKVXW920FJ3YQ69J,SP24HT8K6HQBAG1RFGEE0MMB6QKVXW920FJ3YQ69J,debt_stored,stSTX,87756914
9053676,zest-v1,SP24M0BHJZRZW8ACE5WEECWYDGH6RD3TZTK1D9ABZ,SP24M0BHJZRZW8ACE5WEECWYDGH6RD3TZTK1D9ABZ,collateral,STX,5362972
9053676,zest-v1,SP24M0BHJZRZW8ACE5WEECWYDGH6RD3TZTK1D9ABZ,SP24M0BHJZRZW8ACE5WEECWYDGH6RD3TZTK1D9ABZ,debt,STX,1290346
9053676,zest-v1,SP24M0BHJZRZW8ACE5WEECWYDGH6RD3TZTK1D9ABZ,SP24M0BHJZRZW8ACE5WEECWYDGH6RD3TZTK1D9ABZ,debt_stored,STX,1100000
9053676,zest-v1,SP24Q4PHRJR2XA9W04TM51AFVT59E44VT0Q0ABFFH,SP24Q4PHRJR2XA9W04TM51AFVT59E44VT0Q0ABFFH,collateral,stSTX,135630366
9053676,zest-v1,SP24Q4PHRJR2XA9W04TM51AFVT59E44VT0Q0ABFFH,SP24Q4PHRJR2XA9W04TM51AFVT59E44VT0Q0ABFFH,debt,STX,59489543
9053676,zest-v1,SP24Q4PHRJR2XA9W04TM51AFVT59E44VT0Q0ABFFH,SP24Q4PHRJR2XA9W04TM51AFVT59E44VT0Q0ABFFH,debt_stored,STX,52664316
9053676,zest-v1,SP24RW51MKAV6XRZ1JSMRYZTKDRE1FJZ5DNWCMXJ5,SP24RW51MKAV6XRZ1JSMRYZTKDRE1FJZ5DNWCMXJ5,collateral,STX,891037
9053676,zest-v1,SP24RW51MKAV6XRZ1JSMRYZTKDRE1FJZ5DNWCMXJ5,SP24RW51MKAV6XRZ1JSMRYZTKDRE1FJZ5DNWCMXJ5,collateral,aeUSDC,620860
9053676,zest-v1,SP24RW51MKAV6XRZ1JSMRYZTKDRE1FJZ5DNWCMXJ5,SP24RW51MKAV6XRZ1JSMRYZTKDRE1FJZ5DNWCMXJ5,collateral,stSTX,1001782
9053676,zest-v1,SP24RW51MKAV6XRZ1JSMRYZTKDRE1FJZ5DNWCMXJ5,SP24RW51MKAV6XRZ1JSMRYZTKDRE1FJZ5DNWCMXJ5,debt,aeUSDC,667432
9053676,zest-v1,SP24RW51MKAV6XRZ1JSMRYZTKDRE1FJZ5DNWCMXJ5,SP24RW51MKAV6XRZ1JSMRYZTKDRE1FJZ5DNWCMXJ5,debt_stored,aeUSDC,594076
9053676,zest-v1,SP24Z7C1VBBEQ8Y988E6CCR42MW8F7D37BVKK01TA,SP24Z7C1VBBEQ8Y988E6CCR42MW8F7D37BVKK01TA,collateral,aeUSDC,87791046
9053676,zest-v1,SP24Z7C1VBBEQ8Y988E6CCR42MW8F7D37BVKK01TA,SP24Z7C1VBBEQ8Y988E6CCR42MW8F7D37BVKK01TA,debt,aeUSDC,539284
9053676,zest-v1,SP24Z7C1VBBEQ8Y988E6CCR42MW8F7D37BVKK01TA,SP24Z7C1VBBEQ8Y988E6CCR42MW8F7D37BVKK01TA,debt_stored,aeUSDC,480002
9053676,zest-v1,SP24Z9YPQ4TTP04Q0V77FNNK5MPWCRJQ2WQYR945D,SP24Z9YPQ4TTP04Q0V77FNNK5MPWCRJQ2WQYR945D,collateral,stSTX,95166698
9053676,zest-v1,SP24Z9YPQ4TTP04Q0V77FNNK5MPWCRJQ2WQYR945D,SP24Z9YPQ4TTP04Q0V77FNNK5MPWCRJQ2WQYR945D,debt,aeUSDC,2420360
9053676,zest-v1,SP24Z9YPQ4TTP04Q0V77FNNK5MPWCRJQ2WQYR945D,SP24Z9YPQ4TTP04Q0V77FNNK5MPWCRJQ2WQYR945D,debt_stored,aeUSDC,2000000
9053676,zest-v1,SP250EWQ2XVTVC79YCFSFM3KYC63E9KMEDFBSVN96,SP250EWQ2XVTVC79YCFSFM3KYC63E9KMEDFBSVN96,collateral,stSTX,19648621
9053676,zest-v1,SP250EWQ2XVTVC79YCFSFM3KYC63E9KMEDFBSVN96,SP250EWQ2XVTVC79YCFSFM3KYC63E9KMEDFBSVN96,debt,STX,11615554
9053676,zest-v1,SP250EWQ2XVTVC79YCFSFM3KYC63E9KMEDFBSVN96,SP250EWQ2XVTVC79YCFSFM3KYC63E9KMEDFBSVN96,debt,stSTX,5
9053676,zest-v1,SP250EWQ2XVTVC79YCFSFM3KYC63E9KMEDFBSVN96,SP250EWQ2XVTVC79YCFSFM3KYC63E9KMEDFBSVN96,debt_stored,STX,9990021
9053676,zest-v1,SP250EWQ2XVTVC79YCFSFM3KYC63E9KMEDFBSVN96,SP250EWQ2XVTVC79YCFSFM3KYC63E9KMEDFBSVN96,debt_stored,stSTX,4
9053676,zest-v1,SP255M5D0S3JZBY6XF2R8C5V1ZQA5FXQM6Q1A7EZ5,SP255M5D0S3JZBY6XF2R8C5V1ZQA5FXQM6Q1A7EZ5,collateral,stSTX,896642
9053676,zest-v1,SP255M5D0S3JZBY6XF2R8C5V1ZQA5FXQM6Q1A7EZ5,SP255M5D0S3JZBY6XF2R8C5V1ZQA5FXQM6Q1A7EZ5,debt,aeUSDC,402025
9053676,zest-v1,SP255M5D0S3JZBY6XF2R8C5V1ZQA5FXQM6Q1A7EZ5,SP255M5D0S3JZBY6XF2R8C5V1ZQA5FXQM6Q1A7EZ5,debt_stored,aeUSDC,362644
9053676,zest-v1,SP255R4NT3VXHGHHQP4A6YZK0RKA20ZXRRHDFYG1X,SP255R4NT3VXHGHHQP4A6YZK0RKA20ZXRRHDFYG1X,collateral,stSTX,152791791
9053676,zest-v1,SP255R4NT3VXHGHHQP4A6YZK0RKA20ZXRRHDFYG1X,SP255R4NT3VXHGHHQP4A6YZK0RKA20ZXRRHDFYG1X,debt,STX,71912948
9053676,zest-v1,SP255R4NT3VXHGHHQP4A6YZK0RKA20ZXRRHDFYG1X,SP255R4NT3VXHGHHQP4A6YZK0RKA20ZXRRHDFYG1X,debt,stSTX,2
9053676,zest-v1,SP255R4NT3VXHGHHQP4A6YZK0RKA20ZXRRHDFYG1X,SP255R4NT3VXHGHHQP4A6YZK0RKA20ZXRRHDFYG1X,debt_stored,STX,63562607
9053676,zest-v1,SP255R4NT3VXHGHHQP4A6YZK0RKA20ZXRRHDFYG1X,SP255R4NT3VXHGHHQP4A6YZK0RKA20ZXRRHDFYG1X,debt_stored,stSTX,1
9053676,zest-v1,SP256W5CZ649T316REA29NR3H5ZK6ACA160CYF2XT,SP256W5CZ649T316REA29NR3H5ZK6ACA160CYF2XT,collateral,stSTX,58945800
9053676,zest-v1,SP256W5CZ649T316REA29NR3H5ZK6ACA160CYF2XT,SP256W5CZ649T316REA29NR3H5ZK6ACA160CYF2XT,debt,STX,29082075
9053676,zest-v1,SP256W5CZ649T316REA29NR3H5ZK6ACA160CYF2XT,SP256W5CZ649T316REA29NR3H5ZK6ACA160CYF2XT,debt_stored,STX,25000000
9053676,zest-v1,SP256XEJDBY37SS4JEQAEVDX4Y421TXNTTSJ7RPCQ,SP256XEJDBY37SS4JEQAEVDX4Y421TXNTTSJ7RPCQ,collateral,stSTX,6824042025
9053676,zest-v1,SP256XEJDBY37SS4JEQAEVDX4Y421TXNTTSJ7RPCQ,SP256XEJDBY37SS4JEQAEVDX4Y421TXNTTSJ7RPCQ,debt,STX,6388512927
9053676,zest-v1,SP256XEJDBY37SS4JEQAEVDX4Y421TXNTTSJ7RPCQ,SP256XEJDBY37SS4JEQAEVDX4Y421TXNTTSJ7RPCQ,debt,stSTX,2
9053676,zest-v1,SP256XEJDBY37SS4JEQAEVDX4Y421TXNTTSJ7RPCQ,SP256XEJDBY37SS4JEQAEVDX4Y421TXNTTSJ7RPCQ,debt_stored,STX,5993946082
9053676,zest-v1,SP256XEJDBY37SS4JEQAEVDX4Y421TXNTTSJ7RPCQ,SP256XEJDBY37SS4JEQAEVDX4Y421TXNTTSJ7RPCQ,debt_stored,stSTX,1
9053676,zest-v1,SP257MXWZK04XRGY7HYY69QSFV62TX2PC8A49WWSB,SP257MXWZK04XRGY7HYY69QSFV62TX2PC8A49WWSB,collateral,stSTX,1263
9053676,zest-v1,SP257MXWZK04XRGY7HYY69QSFV62TX2PC8A49WWSB,SP257MXWZK04XRGY7HYY69QSFV62TX2PC8A49WWSB,debt,STX,165
9053676,zest-v1,SP257MXWZK04XRGY7HYY69QSFV62TX2PC8A49WWSB,SP257MXWZK04XRGY7HYY69QSFV62TX2PC8A49WWSB,debt_stored,STX,145
9053676,zest-v1,SP2591N54T6FTX1YJND3TKDY5TB1RWFFWXZYW9XZ,SP2591N54T6FTX1YJND3TKDY5TB1RWFFWXZYW9XZ,collateral,stSTX,202348275
9053676,zest-v1,SP2591N54T6FTX1YJND3TKDY5TB1RWFFWXZYW9XZ,SP2591N54T6FTX1YJND3TKDY5TB1RWFFWXZYW9XZ,debt,stSTX,104845640
9053676,zest-v1,SP2591N54T6FTX1YJND3TKDY5TB1RWFFWXZYW9XZ,SP2591N54T6FTX1YJND3TKDY5TB1RWFFWXZYW9XZ,debt_stored,stSTX,100000000
9053676,zest-v1,SP25KA1RNTEA1YDWWPTMZH2DRYC0SHRR7Z9ZA29QT,SP25KA1RNTEA1YDWWPTMZH2DRYC0SHRR7Z9ZA29QT,collateral,stSTX,105187154
9053676,zest-v1,SP25KA1RNTEA1YDWWPTMZH2DRYC0SHRR7Z9ZA29QT,SP25KA1RNTEA1YDWWPTMZH2DRYC0SHRR7Z9ZA29QT,debt,STX,55834873
9053676,zest-v1,SP25KA1RNTEA1YDWWPTMZH2DRYC0SHRR7Z9ZA29QT,SP25KA1RNTEA1YDWWPTMZH2DRYC0SHRR7Z9ZA29QT,debt_stored,STX,47599433
9053676,zest-v1,SP25KR14Y2E3SPNDWAWE39391XEXWXKR28RKARKTJ,SP25KR14Y2E3SPNDWAWE39391XEXWXKR28RKARKTJ,collateral,stSTX,101419240
9053676,zest-v1,SP25KR14Y2E3SPNDWAWE39391XEXWXKR28RKARKTJ,SP25KR14Y2E3SPNDWAWE39391XEXWXKR28RKARKTJ,debt,stSTX,47019818
9053676,zest-v1,SP25KR14Y2E3SPNDWAWE39391XEXWXKR28RKARKTJ,SP25KR14Y2E3SPNDWAWE39391XEXWXKR28RKARKTJ,debt_stored,stSTX,45000000
9053676,zest-v1,SP25V5VHY8EXNJ3PEVH6D9P9MDE9BYM5P17A528KV,SP25V5VHY8EXNJ3PEVH6D9P9MDE9BYM5P17A528KV,collateral,stSTX,44122
9053676,zest-v1,SP25V5VHY8EXNJ3PEVH6D9P9MDE9BYM5P17A528KV,SP25V5VHY8EXNJ3PEVH6D9P9MDE9BYM5P17A528KV,debt,STX,13482
9053676,zest-v1,SP25V5VHY8EXNJ3PEVH6D9P9MDE9BYM5P17A528KV,SP25V5VHY8EXNJ3PEVH6D9P9MDE9BYM5P17A528KV,debt_stored,STX,12000
9053676,zest-v1,SP25V846EXWPC9XMCGMGK54FEX9DJ427WX28ZH98D,SP25V846EXWPC9XMCGMGK54FEX9DJ427WX28ZH98D,collateral,STX,2
9053676,zest-v1,SP25V846EXWPC9XMCGMGK54FEX9DJ427WX28ZH98D,SP25V846EXWPC9XMCGMGK54FEX9DJ427WX28ZH98D,collateral,aeUSDC,1
9053676,zest-v1,SP25V846EXWPC9XMCGMGK54FEX9DJ427WX28ZH98D,SP25V846EXWPC9XMCGMGK54FEX9DJ427WX28ZH98D,collateral,sBTC,4
9053676,zest-v1,SP25V846EXWPC9XMCGMGK54FEX9DJ427WX28ZH98D,SP25V846EXWPC9XMCGMGK54FEX9DJ427WX28ZH98D,debt,USDH,265074
9053676,zest-v1,SP25V846EXWPC9XMCGMGK54FEX9DJ427WX28ZH98D,SP25V846EXWPC9XMCGMGK54FEX9DJ427WX28ZH98D,debt_stored,USDH,245091
9053676,zest-v1,SP25WCP3QWQR6EGASRKW0KVSQ460PNHFBQ79VAZDR,SP25WCP3QWQR6EGASRKW0KVSQ460PNHFBQ79VAZDR,collateral,stSTX,383827335
9053676,zest-v1,SP25WCP3QWQR6EGASRKW0KVSQ460PNHFBQ79VAZDR,SP25WCP3QWQR6EGASRKW0KVSQ460PNHFBQ79VAZDR,debt,stSTX,198526396
9053676,zest-v1,SP25WCP3QWQR6EGASRKW0KVSQ460PNHFBQ79VAZDR,SP25WCP3QWQR6EGASRKW0KVSQ460PNHFBQ79VAZDR,debt_stored,stSTX,190712992
9053676,zest-v1,SP25X4ZVYPKA7W65RN9YFSMRM5XJ77JZAX9JAQNX,SP25X4ZVYPKA7W65RN9YFSMRM5XJ77JZAX9JAQNX,collateral,stSTX,376634
9053676,zest-v1,SP25X4ZVYPKA7W65RN9YFSMRM5XJ77JZAX9JAQNX,SP25X4ZVYPKA7W65RN9YFSMRM5XJ77JZAX9JAQNX,debt,stSTX,195640
9053676,zest-v1,SP25X4ZVYPKA7W65RN9YFSMRM5XJ77JZAX9JAQNX,SP25X4ZVYPKA7W65RN9YFSMRM5XJ77JZAX9JAQNX,debt_stored,stSTX,187485
9053676,zest-v1,SP25ZKQSRE95ZKRV7BJHCMTWG3XHWME3CQYEE6X0Z,SP25ZKQSRE95ZKRV7BJHCMTWG3XHWME3CQYEE6X0Z,collateral,stSTX,2303967
9053676,zest-v1,SP25ZKQSRE95ZKRV7BJHCMTWG3XHWME3CQYEE6X0Z,SP25ZKQSRE95ZKRV7BJHCMTWG3XHWME3CQYEE6X0Z,debt,STX,1119267
9053676,zest-v1,SP25ZKQSRE95ZKRV7BJHCMTWG3XHWME3CQYEE6X0Z,SP25ZKQSRE95ZKRV7BJHCMTWG3XHWME3CQYEE6X0Z,debt_stored,STX,1000000
9053676,zest-v1,SP260SFRAVYMB98QKM5ATNKPC22P47G8PDMKR82N8,SP260SFRAVYMB98QKM5ATNKPC22P47G8PDMKR82N8,collateral,stSTX,8183287
9053676,zest-v1,SP260SFRAVYMB98QKM5ATNKPC22P47G8PDMKR82N8,SP260SFRAVYMB98QKM5ATNKPC22P47G8PDMKR82N8,debt,aeUSDC,1643487
9053676,zest-v1,SP260SFRAVYMB98QKM5ATNKPC22P47G8PDMKR82N8,SP260SFRAVYMB98QKM5ATNKPC22P47G8PDMKR82N8,debt_stored,aeUSDC,1544849
9053676,zest-v1,SP262PDQ7VA401X7FSP8PHH3F0W6YTWA7YW9A6R4K,SP262PDQ7VA401X7FSP8PHH3F0W6YTWA7YW9A6R4K,collateral,stSTX,19126573
9053676,zest-v1,SP262PDQ7VA401X7FSP8PHH3F0W6YTWA7YW9A6R4K,SP262PDQ7VA401X7FSP8PHH3F0W6YTWA7YW9A6R4K,debt,STX,5079354
9053676,zest-v1,SP262PDQ7VA401X7FSP8PHH3F0W6YTWA7YW9A6R4K,SP262PDQ7VA401X7FSP8PHH3F0W6YTWA7YW9A6R4K,debt_stored,STX,4582458
9053676,zest-v1,SP26719B4034HGEH5BYKNVXXXDV9AT6J068JDFM2G,SP26719B4034HGEH5BYKNVXXXDV9AT6J068JDFM2G,collateral,stSTX,164571299
9053676,zest-v1,SP26719B4034HGEH5BYKNVXXXDV9AT6J068JDFM2G,SP26719B4034HGEH5BYKNVXXXDV9AT6J068JDFM2G,debt,STX,77423582
9053676,zest-v1,SP26719B4034HGEH5BYKNVXXXDV9AT6J068JDFM2G,SP26719B4034HGEH5BYKNVXXXDV9AT6J068JDFM2G,debt,stSTX,9
9053676,zest-v1,SP26719B4034HGEH5BYKNVXXXDV9AT6J068JDFM2G,SP26719B4034HGEH5BYKNVXXXDV9AT6J068JDFM2G,debt_stored,STX,68462616
9053676,zest-v1,SP26719B4034HGEH5BYKNVXXXDV9AT6J068JDFM2G,SP26719B4034HGEH5BYKNVXXXDV9AT6J068JDFM2G,debt_stored,stSTX,8
9053676,zest-v1,SP267M0D84XPBWM0XWZ6NAB92TMKH89W6GBE7ZZP8,SP267M0D84XPBWM0XWZ6NAB92TMKH89W6GBE7ZZP8,collateral,stSTX,10217153
9053676,zest-v1,SP267M0D84XPBWM0XWZ6NAB92TMKH89W6GBE7ZZP8,SP267M0D84XPBWM0XWZ6NAB92TMKH89W6GBE7ZZP8,debt,STX,6027598
9053676,zest-v1,SP267M0D84XPBWM0XWZ6NAB92TMKH89W6GBE7ZZP8,SP267M0D84XPBWM0XWZ6NAB92TMKH89W6GBE7ZZP8,debt_stored,STX,5136887
9053676,zest-v1,SP26GMJFH3PH7GZK4DRRN9Q7K65YR1C04417KV0F9,SP26GMJFH3PH7GZK4DRRN9Q7K65YR1C04417KV0F9,collateral,stSTX,1512
9053676,zest-v1,SP26GMJFH3PH7GZK4DRRN9Q7K65YR1C04417KV0F9,SP26GMJFH3PH7GZK4DRRN9Q7K65YR1C04417KV0F9,debt,STX,135
9053676,zest-v1,SP26GMJFH3PH7GZK4DRRN9Q7K65YR1C04417KV0F9,SP26GMJFH3PH7GZK4DRRN9Q7K65YR1C04417KV0F9,debt_stored,STX,119
9053676,zest-v1,SP26M0D73ZRBKCW385ZHP02DBGWCAY4Y4FFPFWEGK,SP26M0D73ZRBKCW385ZHP02DBGWCAY4Y4FFPFWEGK,collateral,stSTX,142240637
9053676,zest-v1,SP26M0D73ZRBKCW385ZHP02DBGWCAY4Y4FFPFWEGK,SP26M0D73ZRBKCW385ZHP02DBGWCAY4Y4FFPFWEGK,debt,STX,64455151
9053676,zest-v1,SP26M0D73ZRBKCW385ZHP02DBGWCAY4Y4FFPFWEGK,SP26M0D73ZRBKCW385ZHP02DBGWCAY4Y4FFPFWEGK,debt_stored,STX,57000000
9053676,zest-v1,SP26NBGDCS4SR4G6R5FGCTHDBV2KQP8M2S6Q9Z5PG,SP26NBGDCS4SR4G6R5FGCTHDBV2KQP8M2S6Q9Z5PG,collateral,stSTX,73386805
9053676,zest-v1,SP26NBGDCS4SR4G6R5FGCTHDBV2KQP8M2S6Q9Z5PG,SP26NBGDCS4SR4G6R5FGCTHDBV2KQP8M2S6Q9Z5PG,debt,STX,33835461
9053676,zest-v1,SP26NBGDCS4SR4G6R5FGCTHDBV2KQP8M2S6Q9Z5PG,SP26NBGDCS4SR4G6R5FGCTHDBV2KQP8M2S6Q9Z5PG,debt_stored,STX,29106922
9053676,zest-v1,SP26T18A9A751CM9V9BZJJ80WPRGERF4BSBJZN76W,SP26T18A9A751CM9V9BZJJ80WPRGERF4BSBJZN76W,collateral,stSTX,32452
9053676,zest-v1,SP26T18A9A751CM9V9BZJJ80WPRGERF4BSBJZN76W,SP26T18A9A751CM9V9BZJJ80WPRGERF4BSBJZN76W,debt,STX,3015
9053676,zest-v1,SP26T18A9A751CM9V9BZJJ80WPRGERF4BSBJZN76W,SP26T18A9A751CM9V9BZJJ80WPRGERF4BSBJZN76W,debt_stored,STX,2665
9053676,zest-v1,SP26T3TJQ9H12MZ2K7A64YT40MPEAF557AHX6P4PB,SP26T3TJQ9H12MZ2K7A64YT40MPEAF557AHX6P4PB,collateral,stSTX,101180024
9053676,zest-v1,SP26T3TJQ9H12MZ2K7A64YT40MPEAF557AHX6P4PB,SP26T3TJQ9H12MZ2K7A64YT40MPEAF557AHX6P4PB,debt,STX,80
9053676,zest-v1,SP26T3TJQ9H12MZ2K7A64YT40MPEAF557AHX6P4PB,SP26T3TJQ9H12MZ2K7A64YT40MPEAF557AHX6P4PB,debt_stored,STX,72
9053676,zest-v1,SP26WMWG6PTR2QCH3XXPH5SZHH2FZ4WCSJJ32DBNP,SP26WMWG6PTR2QCH3XXPH5SZHH2FZ4WCSJJ32DBNP,collateral,STX,105040
9053676,zest-v1,SP26WMWG6PTR2QCH3XXPH5SZHH2FZ4WCSJJ32DBNP,SP26WMWG6PTR2QCH3XXPH5SZHH2FZ4WCSJJ32DBNP,debt,STX,13482
9053676,zest-v1,SP26WMWG6PTR2QCH3XXPH5SZHH2FZ4WCSJJ32DBNP,SP26WMWG6PTR2QCH3XXPH5SZHH2FZ4WCSJJ32DBNP,debt_stored,STX,12000
9053676,zest-v1,SP26XS066PNXV9M28HP4EZVS7R36JWVGERW58H5KW,SP26XS066PNXV9M28HP4EZVS7R36JWVGERW58H5KW,collateral,stSTXbtc,1032735214
9053676,zest-v1,SP26XS066PNXV9M28HP4EZVS7R36JWVGERW58H5KW,SP26XS066PNXV9M28HP4EZVS7R36JWVGERW58H5KW,debt,aeUSDC,80861746
9053676,zest-v1,SP26XS066PNXV9M28HP4EZVS7R36JWVGERW58H5KW,SP26XS066PNXV9M28HP4EZVS7R36JWVGERW58H5KW,debt_stored,aeUSDC,79931984
9053676,zest-v1,SP272A2XX6NQ94J6VFX7D3X68PV5F3XEK1QXKD8X8,SP272A2XX6NQ94J6VFX7D3X68PV5F3XEK1QXKD8X8,collateral,stSTX,29903210
9053676,zest-v1,SP272A2XX6NQ94J6VFX7D3X68PV5F3XEK1QXKD8X8,SP272A2XX6NQ94J6VFX7D3X68PV5F3XEK1QXKD8X8,debt,STX,12998710
9053676,zest-v1,SP272A2XX6NQ94J6VFX7D3X68PV5F3XEK1QXKD8X8,SP272A2XX6NQ94J6VFX7D3X68PV5F3XEK1QXKD8X8,debt_stored,STX,11081448
9053676,zest-v1,SP273SWYJNKJNS07QAJ6W3Q888CPKNTP00GRZCGVH,SP273SWYJNKJNS07QAJ6W3Q888CPKNTP00GRZCGVH,collateral,stSTX,2121291
9053676,zest-v1,SP273SWYJNKJNS07QAJ6W3Q888CPKNTP00GRZCGVH,SP273SWYJNKJNS07QAJ6W3Q888CPKNTP00GRZCGVH,debt,aeUSDC,1000943
9053676,zest-v1,SP273SWYJNKJNS07QAJ6W3Q888CPKNTP00GRZCGVH,SP273SWYJNKJNS07QAJ6W3Q888CPKNTP00GRZCGVH,debt_stored,aeUSDC,943664
9053676,zest-v1,SP277ADH9HKSG5TTZ12DX14KS1SM7T4WXE4XX3T00,SP277ADH9HKSG5TTZ12DX14KS1SM7T4WXE4XX3T00,collateral,STX,59013510
9053676,zest-v1,SP277ADH9HKSG5TTZ12DX14KS1SM7T4WXE4XX3T00,SP277ADH9HKSG5TTZ12DX14KS1SM7T4WXE4XX3T00,collateral,stSTX,27707224
9053676,zest-v1,SP277ADH9HKSG5TTZ12DX14KS1SM7T4WXE4XX3T00,SP277ADH9HKSG5TTZ12DX14KS1SM7T4WXE4XX3T00,debt,STX,32139786
9053676,zest-v1,SP277ADH9HKSG5TTZ12DX14KS1SM7T4WXE4XX3T00,SP277ADH9HKSG5TTZ12DX14KS1SM7T4WXE4XX3T00,debt_stored,STX,27362500
9053676,zest-v1,SP27A5RMDF3CBPAW2FT361D5MDGFKBQNV63691K3B,SP27A5RMDF3CBPAW2FT361D5MDGFKBQNV63691K3B,collateral,STX,22636903
9053676,zest-v1,SP27A5RMDF3CBPAW2FT361D5MDGFKBQNV63691K3B,SP27A5RMDF3CBPAW2FT361D5MDGFKBQNV63691K3B,collateral,USDH,2109761906
9053676,zest-v1,SP27A5RMDF3CBPAW2FT361D5MDGFKBQNV63691K3B,SP27A5RMDF3CBPAW2FT361D5MDGFKBQNV63691K3B,collateral,sBTC,3834
9053676,zest-v1,SP27A5RMDF3CBPAW2FT361D5MDGFKBQNV63691K3B,SP27A5RMDF3CBPAW2FT361D5MDGFKBQNV63691K3B,collateral,stSTX,14988027
9053676,zest-v1,SP27A5RMDF3CBPAW2FT361D5MDGFKBQNV63691K3B,SP27A5RMDF3CBPAW2FT361D5MDGFKBQNV63691K3B,collateral,stSTXbtc,20469322
9053676,zest-v1,SP27A5RMDF3CBPAW2FT361D5MDGFKBQNV63691K3B,SP27A5RMDF3CBPAW2FT361D5MDGFKBQNV63691K3B,debt,aeUSDC,1233713
9053676,zest-v1,SP27A5RMDF3CBPAW2FT361D5MDGFKBQNV63691K3B,SP27A5RMDF3CBPAW2FT361D5MDGFKBQNV63691K3B,debt_stored,aeUSDC,1219540
9053676,zest-v1,SP27AB49EX6YHKD4WJTEEFE4GK5G7VDFNQ9DGAYP5,SP27AB49EX6YHKD4WJTEEFE4GK5G7VDFNQ9DGAYP5,collateral,stSTX,1420034879
9053676,zest-v1,SP27AB49EX6YHKD4WJTEEFE4GK5G7VDFNQ9DGAYP5,SP27AB49EX6YHKD4WJTEEFE4GK5G7VDFNQ9DGAYP5,debt,STX,817885789
9053676,zest-v1,SP27AB49EX6YHKD4WJTEEFE4GK5G7VDFNQ9DGAYP5,SP27AB49EX6YHKD4WJTEEFE4GK5G7VDFNQ9DGAYP5,debt_stored,STX,695811896
9053676,zest-v1,SP27B3WMMG9VCQGCDQ7P9TYKXVS79BJ3ERZ4WNRJV,SP27B3WMMG9VCQGCDQ7P9TYKXVS79BJ3ERZ4WNRJV,collateral,stSTX,2535210
9053676,zest-v1,SP27B3WMMG9VCQGCDQ7P9TYKXVS79BJ3ERZ4WNRJV,SP27B3WMMG9VCQGCDQ7P9TYKXVS79BJ3ERZ4WNRJV,debt,aeUSDC,666270
9053676,zest-v1,SP27B3WMMG9VCQGCDQ7P9TYKXVS79BJ3ERZ4WNRJV,SP27B3WMMG9VCQGCDQ7P9TYKXVS79BJ3ERZ4WNRJV,debt_stored,aeUSDC,628492
9053676,zest-v1,SP27D0FTFXJFTJZ990VERKWMN7D28AMZ4VDVJE9ZZ,SP27D0FTFXJFTJZ990VERKWMN7D28AMZ4VDVJE9ZZ,collateral,sBTC,5305
9053676,zest-v1,SP27D0FTFXJFTJZ990VERKWMN7D28AMZ4VDVJE9ZZ,SP27D0FTFXJFTJZ990VERKWMN7D28AMZ4VDVJE9ZZ,collateral,stSTX,109371064
9053676,zest-v1,SP27D0FTFXJFTJZ990VERKWMN7D28AMZ4VDVJE9ZZ,SP27D0FTFXJFTJZ990VERKWMN7D28AMZ4VDVJE9ZZ,collateral,stSTXbtc,386511587
9053676,zest-v1,SP27D0FTFXJFTJZ990VERKWMN7D28AMZ4VDVJE9ZZ,SP27D0FTFXJFTJZ990VERKWMN7D28AMZ4VDVJE9ZZ,debt,stSTX,90398518
9053676,zest-v1,SP27D0FTFXJFTJZ990VERKWMN7D28AMZ4VDVJE9ZZ,SP27D0FTFXJFTJZ990VERKWMN7D28AMZ4VDVJE9ZZ,debt_stored,stSTX,86867046
9053676,zest-v1,SP27D2PH9ZYCHPXQ9GYGT9X46PC92H2DH5SWV392D,SP27D2PH9ZYCHPXQ9GYGT9X46PC92H2DH5SWV392D,collateral,STX,2139014
9053676,zest-v1,SP27D2PH9ZYCHPXQ9GYGT9X46PC92H2DH5SWV392D,SP27D2PH9ZYCHPXQ9GYGT9X46PC92H2DH5SWV392D,debt,aeUSDC,150314
9053676,zest-v1,SP27D2PH9ZYCHPXQ9GYGT9X46PC92H2DH5SWV392D,SP27D2PH9ZYCHPXQ9GYGT9X46PC92H2DH5SWV392D,debt_stored,aeUSDC,128890
9053676,zest-v1,SP27DSHVCV8WH5R85XSJDFS314VWG33FGZKJK7R8F,SP27DSHVCV8WH5R85XSJDFS314VWG33FGZKJK7R8F,collateral,stSTX,282552
9053676,zest-v1,SP27DSHVCV8WH5R85XSJDFS314VWG33FGZKJK7R8F,SP27DSHVCV8WH5R85XSJDFS314VWG33FGZKJK7R8F,debt,stSTX,1718
9053676,zest-v1,SP27DSHVCV8WH5R85XSJDFS314VWG33FGZKJK7R8F,SP27DSHVCV8WH5R85XSJDFS314VWG33FGZKJK7R8F,debt_stored,stSTX,1645
9053676,zest-v1,SP27GFCXX32BRNNAY1PVVKNCAQ47XG4N038D9C9S7,SP27GFCXX32BRNNAY1PVVKNCAQ47XG4N038D9C9S7,collateral,stSTX,459985589
9053676,zest-v1,SP27GFCXX32BRNNAY1PVVKNCAQ47XG4N038D9C9S7,SP27GFCXX32BRNNAY1PVVKNCAQ47XG4N038D9C9S7,debt,stSTX,1747
9053676,zest-v1,SP27GFCXX32BRNNAY1PVVKNCAQ47XG4N038D9C9S7,SP27GFCXX32BRNNAY1PVVKNCAQ47XG4N038D9C9S7,debt_stored,stSTX,1674
9053676,zest-v1,SP27HDFWZZ2PF511GZW3A37KB7EAZJ62VWWZZEBH,SP27HDFWZZ2PF511GZW3A37KB7EAZJ62VWWZZEBH,collateral,STX,2157299
9053676,zest-v1,SP27HDFWZZ2PF511GZW3A37KB7EAZJ62VWWZZEBH,SP27HDFWZZ2PF511GZW3A37KB7EAZJ62VWWZZEBH,debt,aeUSDC,521210
9053676,zest-v1,SP27HDFWZZ2PF511GZW3A37KB7EAZJ62VWWZZEBH,SP27HDFWZZ2PF511GZW3A37KB7EAZJ62VWWZZEBH,debt_stored,aeUSDC,491442
9053676,zest-v1,SP27HP4CGDGK6MXS03ENAS64DN0NYNZFDXTXA16VM,SP27HP4CGDGK6MXS03ENAS64DN0NYNZFDXTXA16VM,collateral,stSTX,144121505
9053676,zest-v1,SP27HP4CGDGK6MXS03ENAS64DN0NYNZFDXTXA16VM,SP27HP4CGDGK6MXS03ENAS64DN0NYNZFDXTXA16VM,debt,STX,46300752
9053676,zest-v1,SP27HP4CGDGK6MXS03ENAS64DN0NYNZFDXTXA16VM,SP27HP4CGDGK6MXS03ENAS64DN0NYNZFDXTXA16VM,debt_stored,STX,40000000
9053676,zest-v1,SP27JGYKJD4V1K6Z1H2TERBRA62JB6D4EG7HR1Y76,SP27JGYKJD4V1K6Z1H2TERBRA62JB6D4EG7HR1Y76,collateral,stSTX,131230
9053676,zest-v1,SP27JGYKJD4V1K6Z1H2TERBRA62JB6D4EG7HR1Y76,SP27JGYKJD4V1K6Z1H2TERBRA62JB6D4EG7HR1Y76,debt,aeUSDC,105537
9053676,zest-v1,SP27JGYKJD4V1K6Z1H2TERBRA62JB6D4EG7HR1Y76,SP27JGYKJD4V1K6Z1H2TERBRA62JB6D4EG7HR1Y76,debt_stored,aeUSDC,93929
9053676,zest-v1,SP27K5VXGG9512F3Z1JCE5NS4NDC72KAAZD929ABS,SP27K5VXGG9512F3Z1JCE5NS4NDC72KAAZD929ABS,collateral,stSTX,1156746
9053676,zest-v1,SP27K5VXGG9512F3Z1JCE5NS4NDC72KAAZD929ABS,SP27K5VXGG9512F3Z1JCE5NS4NDC72KAAZD929ABS,debt,USDH,119850
9053676,zest-v1,SP27K5VXGG9512F3Z1JCE5NS4NDC72KAAZD929ABS,SP27K5VXGG9512F3Z1JCE5NS4NDC72KAAZD929ABS,debt_stored,USDH,105000
9053676,zest-v1,SP27PXWEEPDNWQMDMMZAET3MBP1N7ZE1M7XZHJF1M,SP27PXWEEPDNWQMDMMZAET3MBP1N7ZE1M7XZHJF1M,collateral,stSTX,251111931
9053676,zest-v1,SP27PXWEEPDNWQMDMMZAET3MBP1N7ZE1M7XZHJF1M,SP27PXWEEPDNWQMDMMZAET3MBP1N7ZE1M7XZHJF1M,debt,STX,138093796
9053676,zest-v1,SP27PXWEEPDNWQMDMMZAET3MBP1N7ZE1M7XZHJF1M,SP27PXWEEPDNWQMDMMZAET3MBP1N7ZE1M7XZHJF1M,debt_stored,STX,117464665
9053676,zest-v1,SP27T4FF5ATTCN3HDY1QTD2PKNJSP1ACCCEGTW8S1,SP27T4FF5ATTCN3HDY1QTD2PKNJSP1ACCCEGTW8S1,collateral,stSTX,88158
9053676,zest-v1,SP27T4FF5ATTCN3HDY1QTD2PKNJSP1ACCCEGTW8S1,SP27T4FF5ATTCN3HDY1QTD2PKNJSP1ACCCEGTW8S1,debt,aeUSDC,88513
9053676,zest-v1,SP27T4FF5ATTCN3HDY1QTD2PKNJSP1ACCCEGTW8S1,SP27T4FF5ATTCN3HDY1QTD2PKNJSP1ACCCEGTW8S1,debt_stored,aeUSDC,78778
9053676,zest-v1,SP2803S0YB2DJK5SBQX56PCYJVEXT9AJH758BAM4M,SP2803S0YB2DJK5SBQX56PCYJVEXT9AJH758BAM4M,collateral,stSTX,5008895
9053676,zest-v1,SP2803S0YB2DJK5SBQX56PCYJVEXT9AJH758BAM4M,SP2803S0YB2DJK5SBQX56PCYJVEXT9AJH758BAM4M,debt,STX,1165878
9053676,zest-v1,SP2803S0YB2DJK5SBQX56PCYJVEXT9AJH758BAM4M,SP2803S0YB2DJK5SBQX56PCYJVEXT9AJH758BAM4M,debt_stored,STX,1000000
9053676,zest-v1,SP281DHYZ11K3B0BQHPWBBH5SRB457270073RVVES,SP281DHYZ11K3B0BQHPWBBH5SRB457270073RVVES,collateral,stSTX,1076925262
9053676,zest-v1,SP281DHYZ11K3B0BQHPWBBH5SRB457270073RVVES,SP281DHYZ11K3B0BQHPWBBH5SRB457270073RVVES,debt,USDH,385211732
9053676,zest-v1,SP281DHYZ11K3B0BQHPWBBH5SRB457270073RVVES,SP281DHYZ11K3B0BQHPWBBH5SRB457270073RVVES,debt_stored,USDH,343307150
9053676,zest-v1,SP283AEYZPARJAQ580J225P3FSPXSN6THVWAM0VRJ,SP283AEYZPARJAQ580J225P3FSPXSN6THVWAM0VRJ,collateral,stSTX,75133622
9053676,zest-v1,SP283AEYZPARJAQ580J225P3FSPXSN6THVWAM0VRJ,SP283AEYZPARJAQ580J225P3FSPXSN6THVWAM0VRJ,debt,stSTX,20968941
9053676,zest-v1,SP283AEYZPARJAQ580J225P3FSPXSN6THVWAM0VRJ,SP283AEYZPARJAQ580J225P3FSPXSN6THVWAM0VRJ,debt_stored,stSTX,20000000
9053676,zest-v1,SP284MQ5HZJ22NQRWVMT2MB9YXCF7S1DDZRDPXB7Z,SP284MQ5HZJ22NQRWVMT2MB9YXCF7S1DDZRDPXB7Z,collateral,USDH,37427681200
9053676,zest-v1,SP284MQ5HZJ22NQRWVMT2MB9YXCF7S1DDZRDPXB7Z,SP284MQ5HZJ22NQRWVMT2MB9YXCF7S1DDZRDPXB7Z,collateral,stSTX,16812478
9053676,zest-v1,SP284MQ5HZJ22NQRWVMT2MB9YXCF7S1DDZRDPXB7Z,SP284MQ5HZJ22NQRWVMT2MB9YXCF7S1DDZRDPXB7Z,debt,STX,5676378
9053676,zest-v1,SP284MQ5HZJ22NQRWVMT2MB9YXCF7S1DDZRDPXB7Z,SP284MQ5HZJ22NQRWVMT2MB9YXCF7S1DDZRDPXB7Z,debt,USDH,156462603
9053676,zest-v1,SP284MQ5HZJ22NQRWVMT2MB9YXCF7S1DDZRDPXB7Z,SP284MQ5HZJ22NQRWVMT2MB9YXCF7S1DDZRDPXB7Z,debt_stored,STX,5445850
9053676,zest-v1,SP284MQ5HZJ22NQRWVMT2MB9YXCF7S1DDZRDPXB7Z,SP284MQ5HZJ22NQRWVMT2MB9YXCF7S1DDZRDPXB7Z,debt_stored,USDH,146674599
9053676,zest-v1,SP284VB0B1MXERVZ1BSSWJ8VCXVBWW18FC2D9609W,SP284VB0B1MXERVZ1BSSWJ8VCXVBWW18FC2D9609W,collateral,stSTX,6946843
9053676,zest-v1,SP284VB0B1MXERVZ1BSSWJ8VCXVBWW18FC2D9609W,SP284VB0B1MXERVZ1BSSWJ8VCXVBWW18FC2D9609W,debt,STX,4141182
9053676,zest-v1,SP284VB0B1MXERVZ1BSSWJ8VCXVBWW18FC2D9609W,SP284VB0B1MXERVZ1BSSWJ8VCXVBWW18FC2D9609W,debt_stored,STX,3525550
9053676,zest-v1,SP28AC8VQ45F8V3NQK2RWT9ACQ7Q8Q4FFNYQDQB4B,SP28AC8VQ45F8V3NQK2RWT9ACQ7Q8Q4FFNYQDQB4B,collateral,stSTX,11594
9053676,zest-v1,SP28AC8VQ45F8V3NQK2RWT9ACQ7Q8Q4FFNYQDQB4B,SP28AC8VQ45F8V3NQK2RWT9ACQ7Q8Q4FFNYQDQB4B,debt,USDH,2
9053676,zest-v1,SP28AC8VQ45F8V3NQK2RWT9ACQ7Q8Q4FFNYQDQB4B,SP28AC8VQ45F8V3NQK2RWT9ACQ7Q8Q4FFNYQDQB4B,debt_stored,USDH,1
9053676,zest-v1,SP28ADSCPCT4FF6SJQA5MZJXA1GRBWBKNAZK6X7ES,SP28ADSCPCT4FF6SJQA5MZJXA1GRBWBKNAZK6X7ES,collateral,STX,5362977
9053676,zest-v1,SP28ADSCPCT4FF6SJQA5MZJXA1GRBWBKNAZK6X7ES,SP28ADSCPCT4FF6SJQA5MZJXA1GRBWBKNAZK6X7ES,debt,STX,1290346
9053676,zest-v1,SP28ADSCPCT4FF6SJQA5MZJXA1GRBWBKNAZK6X7ES,SP28ADSCPCT4FF6SJQA5MZJXA1GRBWBKNAZK6X7ES,debt_stored,STX,1100000
9053676,zest-v1,SP28C0YP67MYJ9HZNWGNTQT9AW6ZXH97FN72VKA36,SP28C0YP67MYJ9HZNWGNTQT9AW6ZXH97FN72VKA36,collateral,STX,103103
9053676,zest-v1,SP28C0YP67MYJ9HZNWGNTQT9AW6ZXH97FN72VKA36,SP28C0YP67MYJ9HZNWGNTQT9AW6ZXH97FN72VKA36,debt,sBTC,2
9053676,zest-v1,SP28C0YP67MYJ9HZNWGNTQT9AW6ZXH97FN72VKA36,SP28C0YP67MYJ9HZNWGNTQT9AW6ZXH97FN72VKA36,debt_stored,sBTC,1
9053676,zest-v1,SP28DPJ06NQ0HDS000D9482FP0DHKHY3FRTAYD2QV,SP28DPJ06NQ0HDS000D9482FP0DHKHY3FRTAYD2QV,collateral,stSTX,127817384
9053676,zest-v1,SP28DPJ06NQ0HDS000D9482FP0DHKHY3FRTAYD2QV,SP28DPJ06NQ0HDS000D9482FP0DHKHY3FRTAYD2QV,debt,STX,50565371
9053676,zest-v1,SP28DPJ06NQ0HDS000D9482FP0DHKHY3FRTAYD2QV,SP28DPJ06NQ0HDS000D9482FP0DHKHY3FRTAYD2QV,debt_stored,STX,43000000
9053676,zest-v1,SP28JR1MMYXF8TDGW074RFBFMH44KNYACG9Q3D0BV,SP28JR1MMYXF8TDGW074RFBFMH44KNYACG9Q3D0BV,collateral,STX,25466
9053676,zest-v1,SP28JR1MMYXF8TDGW074RFBFMH44KNYACG9Q3D0BV,SP28JR1MMYXF8TDGW074RFBFMH44KNYACG9Q3D0BV,debt,stSTX,11691
9053676,zest-v1,SP28JR1MMYXF8TDGW074RFBFMH44KNYACG9Q3D0BV,SP28JR1MMYXF8TDGW074RFBFMH44KNYACG9Q3D0BV,debt_stored,stSTX,11176
9053676,zest-v1,SP28QY2NN3KEN5CPVFATA2K6ZXN4A7SM3JC9G897,SP28QY2NN3KEN5CPVFATA2K6ZXN4A7SM3JC9G897,collateral,stSTX,101180024
9053676,zest-v1,SP28QY2NN3KEN5CPVFATA2K6ZXN4A7SM3JC9G897,SP28QY2NN3KEN5CPVFATA2K6ZXN4A7SM3JC9G897,debt,STX,5865281
9053676,zest-v1,SP28QY2NN3KEN5CPVFATA2K6ZXN4A7SM3JC9G897,SP28QY2NN3KEN5CPVFATA2K6ZXN4A7SM3JC9G897,debt_stored,STX,5000000
9053676,zest-v1,SP28T4GXDDZP1ANFD6S908T4CRV6FQZ6E3RQGQKGV,SP28T4GXDDZP1ANFD6S908T4CRV6FQZ6E3RQGQKGV,collateral,STX,123204167
9053676,zest-v1,SP28T4GXDDZP1ANFD6S908T4CRV6FQZ6E3RQGQKGV,SP28T4GXDDZP1ANFD6S908T4CRV6FQZ6E3RQGQKGV,debt,STX,58497990
9053676,zest-v1,SP28T4GXDDZP1ANFD6S908T4CRV6FQZ6E3RQGQKGV,SP28T4GXDDZP1ANFD6S908T4CRV6FQZ6E3RQGQKGV,debt_stored,STX,49750039
9053676,zest-v1,SP2917XJ23T0WQM0TXQWEPSVTC113H7KC67A2R8JP,SP2917XJ23T0WQM0TXQWEPSVTC113H7KC67A2R8JP,collateral,STX,61888361
9053676,zest-v1,SP2917XJ23T0WQM0TXQWEPSVTC113H7KC67A2R8JP,SP2917XJ23T0WQM0TXQWEPSVTC113H7KC67A2R8JP,debt,stSTX,28793145
9053676,zest-v1,SP2917XJ23T0WQM0TXQWEPSVTC113H7KC67A2R8JP,SP2917XJ23T0WQM0TXQWEPSVTC113H7KC67A2R8JP,debt_stored,stSTX,27560199
9053676,zest-v1,SP299PAE8YNRT1B16KNCRSP2ZQ05F0QQJ6M7BQAZQ,SP299PAE8YNRT1B16KNCRSP2ZQ05F0QQJ6M7BQAZQ,collateral,sBTC,684
9053676,zest-v1,SP299PAE8YNRT1B16KNCRSP2ZQ05F0QQJ6M7BQAZQ,SP299PAE8YNRT1B16KNCRSP2ZQ05F0QQJ6M7BQAZQ,debt,USDH,57945885
9053676,zest-v1,SP299PAE8YNRT1B16KNCRSP2ZQ05F0QQJ6M7BQAZQ,SP299PAE8YNRT1B16KNCRSP2ZQ05F0QQJ6M7BQAZQ,debt_stored,USDH,53303675
9053676,zest-v1,SP29C853DR00RAJETRHGA69W9QWM25GQP33PTAN5G,SP29C853DR00RAJETRHGA69W9QWM25GQP33PTAN5G,collateral,STX,419678
9053676,zest-v1,SP29C853DR00RAJETRHGA69W9QWM25GQP33PTAN5G,SP29C853DR00RAJETRHGA69W9QWM25GQP33PTAN5G,debt,stSTX,24787
9053676,zest-v1,SP29C853DR00RAJETRHGA69W9QWM25GQP33PTAN5G,SP29C853DR00RAJETRHGA69W9QWM25GQP33PTAN5G,debt_stored,stSTX,23711
9053676,zest-v1,SP29CRNY1ZCDCAXGG65P60E31K1QN6E3AHWDA1VXQ,SP29CRNY1ZCDCAXGG65P60E31K1QN6E3AHWDA1VXQ,collateral,stSTX,68770787
9053676,zest-v1,SP29CRNY1ZCDCAXGG65P60E31K1QN6E3AHWDA1VXQ,SP29CRNY1ZCDCAXGG65P60E31K1QN6E3AHWDA1VXQ,debt,STX,29117517
9053676,zest-v1,SP29CRNY1ZCDCAXGG65P60E31K1QN6E3AHWDA1VXQ,SP29CRNY1ZCDCAXGG65P60E31K1QN6E3AHWDA1VXQ,debt_stored,STX,25000000
9053676,zest-v1,SP29DX2PV40QY2J6Y66MDTVW5KANSGD8VA1FXC6RA,SP29DX2PV40QY2J6Y66MDTVW5KANSGD8VA1FXC6RA,collateral,stSTX,8198277
9053676,zest-v1,SP29DX2PV40QY2J6Y66MDTVW5KANSGD8VA1FXC6RA,SP29DX2PV40QY2J6Y66MDTVW5KANSGD8VA1FXC6RA,debt,STX,3554981
9053676,zest-v1,SP29DX2PV40QY2J6Y66MDTVW5KANSGD8VA1FXC6RA,SP29DX2PV40QY2J6Y66MDTVW5KANSGD8VA1FXC6RA,debt,aeUSDC,974013
9053676,zest-v1,SP29DX2PV40QY2J6Y66MDTVW5KANSGD8VA1FXC6RA,SP29DX2PV40QY2J6Y66MDTVW5KANSGD8VA1FXC6RA,debt_stored,STX,3340291
9053676,zest-v1,SP29DX2PV40QY2J6Y66MDTVW5KANSGD8VA1FXC6RA,SP29DX2PV40QY2J6Y66MDTVW5KANSGD8VA1FXC6RA,debt_stored,aeUSDC,919228
9053676,zest-v1,SP29FT0KRFACAHPEXSH1GYRG8W5EDQ7QVKV7A7K3P,SP29FT0KRFACAHPEXSH1GYRG8W5EDQ7QVKV7A7K3P,collateral,stSTX,1747012
9053676,zest-v1,SP29FT0KRFACAHPEXSH1GYRG8W5EDQ7QVKV7A7K3P,SP29FT0KRFACAHPEXSH1GYRG8W5EDQ7QVKV7A7K3P,debt,aeUSDC,446138
9053676,zest-v1,SP29FT0KRFACAHPEXSH1GYRG8W5EDQ7QVKV7A7K3P,SP29FT0KRFACAHPEXSH1GYRG8W5EDQ7QVKV7A7K3P,debt_stored,aeUSDC,420842
9053676,zest-v1,SP29JDBZVBA1NVN40R4RZJ2H4CXZJ75B51FJ7DXAP,SP29JDBZVBA1NVN40R4RZJ2H4CXZJ75B51FJ7DXAP,debt,USDH,36402222
9053676,zest-v1,SP29JDBZVBA1NVN40R4RZJ2H4CXZJ75B51FJ7DXAP,SP29JDBZVBA1NVN40R4RZJ2H4CXZJ75B51FJ7DXAP,debt,aeUSDC,367944
9053676,zest-v1,SP29JDBZVBA1NVN40R4RZJ2H4CXZJ75B51FJ7DXAP,SP29JDBZVBA1NVN40R4RZJ2H4CXZJ75B51FJ7DXAP,debt,sUSDT,4385
9053676,zest-v1,SP29JDBZVBA1NVN40R4RZJ2H4CXZJ75B51FJ7DXAP,SP29JDBZVBA1NVN40R4RZJ2H4CXZJ75B51FJ7DXAP,debt_stored,USDH,34210117
9053676,zest-v1,SP29JDBZVBA1NVN40R4RZJ2H4CXZJ75B51FJ7DXAP,SP29JDBZVBA1NVN40R4RZJ2H4CXZJ75B51FJ7DXAP,debt_stored,aeUSDC,333810
9053676,zest-v1,SP29JDBZVBA1NVN40R4RZJ2H4CXZJ75B51FJ7DXAP,SP29JDBZVBA1NVN40R4RZJ2H4CXZJ75B51FJ7DXAP,debt_stored,sUSDT,4384
9053676,zest-v1,SP29NE9Z7K8SVCEYSWGFN66SH92EQTHJXX9E97B72,SP29NE9Z7K8SVCEYSWGFN66SH92EQTHJXX9E97B72,collateral,STX,14545412
9053676,zest-v1,SP29NE9Z7K8SVCEYSWGFN66SH92EQTHJXX9E97B72,SP29NE9Z7K8SVCEYSWGFN66SH92EQTHJXX9E97B72,debt,STX,2205104
9053676,zest-v1,SP29NE9Z7K8SVCEYSWGFN66SH92EQTHJXX9E97B72,SP29NE9Z7K8SVCEYSWGFN66SH92EQTHJXX9E97B72,debt_stored,STX,2000000
9053676,zest-v1,SP29P31FFH93AV36XYQXQFRJH6G7DAG3S78FAX94Q,SP29P31FFH93AV36XYQXQFRJH6G7DAG3S78FAX94Q,collateral,stSTX,133599617
9053676,zest-v1,SP29P31FFH93AV36XYQXQFRJH6G7DAG3S78FAX94Q,SP29P31FFH93AV36XYQXQFRJH6G7DAG3S78FAX94Q,debt,STX,58742560
9053676,zest-v1,SP29P31FFH93AV36XYQXQFRJH6G7DAG3S78FAX94Q,SP29P31FFH93AV36XYQXQFRJH6G7DAG3S78FAX94Q,debt_stored,STX,52000000
9053676,zest-v1,SP2A4101CRS4FHK06VGVBP41SD31007A5Z93ZN8RV,SP2A4101CRS4FHK06VGVBP41SD31007A5Z93ZN8RV,collateral,stSTX,44679495
9053676,zest-v1,SP2A4101CRS4FHK06VGVBP41SD31007A5Z93ZN8RV,SP2A4101CRS4FHK06VGVBP41SD31007A5Z93ZN8RV,debt,STX,19629175
9053676,zest-v1,SP2A4101CRS4FHK06VGVBP41SD31007A5Z93ZN8RV,SP2A4101CRS4FHK06VGVBP41SD31007A5Z93ZN8RV,debt_stored,STX,16740819
9053676,zest-v1,SP2A5QR4RZJ8NX10KBZH96P10PV2JB9X38WSQX75P,SP2A5QR4RZJ8NX10KBZH96P10PV2JB9X38WSQX75P,collateral,stSTX,133040856
9053676,zest-v1,SP2A5QR4RZJ8NX10KBZH96P10PV2JB9X38WSQX75P,SP2A5QR4RZJ8NX10KBZH96P10PV2JB9X38WSQX75P,debt,STX,58758854
9053676,zest-v1,SP2A5QR4RZJ8NX10KBZH96P10PV2JB9X38WSQX75P,SP2A5QR4RZJ8NX10KBZH96P10PV2JB9X38WSQX75P,debt_stored,STX,52000000
9053676,zest-v1,SP2A7JBTA21WPFVRDSRRAS187AYRAG5FMXH4Y6YE0,SP2A7JBTA21WPFVRDSRRAS187AYRAG5FMXH4Y6YE0,collateral,stSTX,138404422
9053676,zest-v1,SP2A7JBTA21WPFVRDSRRAS187AYRAG5FMXH4Y6YE0,SP2A7JBTA21WPFVRDSRRAS187AYRAG5FMXH4Y6YE0,debt,STX,58176986
9053676,zest-v1,SP2A7JBTA21WPFVRDSRRAS187AYRAG5FMXH4Y6YE0,SP2A7JBTA21WPFVRDSRRAS187AYRAG5FMXH4Y6YE0,debt_stored,STX,51500000
9053676,zest-v1,SP2A93WT3MRJC8DHKRYJE7AAKJES6QZF91VAQ1NZ7,SP2A93WT3MRJC8DHKRYJE7AAKJES6QZF91VAQ1NZ7,collateral,stSTX,231266
9053676,zest-v1,SP2A93WT3MRJC8DHKRYJE7AAKJES6QZF91VAQ1NZ7,SP2A93WT3MRJC8DHKRYJE7AAKJES6QZF91VAQ1NZ7,debt,aeUSDC,10
9053676,zest-v1,SP2A93WT3MRJC8DHKRYJE7AAKJES6QZF91VAQ1NZ7,SP2A93WT3MRJC8DHKRYJE7AAKJES6QZF91VAQ1NZ7,debt_stored,aeUSDC,8
9053676,zest-v1,SP2AA3RQQ8R98CZER4J1SMCSG879A4KM3WH3PM1KW,SP2AA3RQQ8R98CZER4J1SMCSG879A4KM3WH3PM1KW,collateral,STX,5362977
9053676,zest-v1,SP2AA3RQQ8R98CZER4J1SMCSG879A4KM3WH3PM1KW,SP2AA3RQQ8R98CZER4J1SMCSG879A4KM3WH3PM1KW,debt,STX,1290344
9053676,zest-v1,SP2AA3RQQ8R98CZER4J1SMCSG879A4KM3WH3PM1KW,SP2AA3RQQ8R98CZER4J1SMCSG879A4KM3WH3PM1KW,debt_stored,STX,1100000
9053676,zest-v1,SP2AB6AYC6GBR5X94B4WNYDSFVXTSWRZQ9CG31TBB,SP2AB6AYC6GBR5X94B4WNYDSFVXTSWRZQ9CG31TBB,collateral,stSTX,493752985
9053676,zest-v1,SP2AB6AYC6GBR5X94B4WNYDSFVXTSWRZQ9CG31TBB,SP2AB6AYC6GBR5X94B4WNYDSFVXTSWRZQ9CG31TBB,debt,STX,290387734
9053676,zest-v1,SP2AB6AYC6GBR5X94B4WNYDSFVXTSWRZQ9CG31TBB,SP2AB6AYC6GBR5X94B4WNYDSFVXTSWRZQ9CG31TBB,debt_stored,STX,247307974
9053676,zest-v1,SP2ADCJ6606CFHERS3HKABWB6PF5XBANXBQ4GSE86,SP2ADCJ6606CFHERS3HKABWB6PF5XBANXBQ4GSE86,collateral,STX,1177
9053676,zest-v1,SP2ADCJ6606CFHERS3HKABWB6PF5XBANXBQ4GSE86,SP2ADCJ6606CFHERS3HKABWB6PF5XBANXBQ4GSE86,collateral,aeUSDC,1
9053676,zest-v1,SP2ADCJ6606CFHERS3HKABWB6PF5XBANXBQ4GSE86,SP2ADCJ6606CFHERS3HKABWB6PF5XBANXBQ4GSE86,collateral,sUSDT,4314
9053676,zest-v1,SP2ADCJ6606CFHERS3HKABWB6PF5XBANXBQ4GSE86,SP2ADCJ6606CFHERS3HKABWB6PF5XBANXBQ4GSE86,debt,stSTX,9
9053676,zest-v1,SP2ADCJ6606CFHERS3HKABWB6PF5XBANXBQ4GSE86,SP2ADCJ6606CFHERS3HKABWB6PF5XBANXBQ4GSE86,debt_stored,stSTX,8
9053676,zest-v1,SP2ADW332S32T4PGRNJ5JRQZ2DECS11HDY1GGPZPK,SP2ADW332S32T4PGRNJ5JRQZ2DECS11HDY1GGPZPK,collateral,stSTX,5209268
9053676,zest-v1,SP2ADW332S32T4PGRNJ5JRQZ2DECS11HDY1GGPZPK,SP2ADW332S32T4PGRNJ5JRQZ2DECS11HDY1GGPZPK,debt,STX,2351706
9053676,zest-v1,SP2ADW332S32T4PGRNJ5JRQZ2DECS11HDY1GGPZPK,SP2ADW332S32T4PGRNJ5JRQZ2DECS11HDY1GGPZPK,debt_stored,STX,2000000
9053676,zest-v1,SP2AJ6R5EN5ETQRZAJA7751WEN28TCHNAW2N617MQ,SP2AJ6R5EN5ETQRZAJA7751WEN28TCHNAW2N617MQ,collateral,stSTX,957688701
9053676,zest-v1,SP2AJ6R5EN5ETQRZAJA7751WEN28TCHNAW2N617MQ,SP2AJ6R5EN5ETQRZAJA7751WEN28TCHNAW2N617MQ,debt,STX,20889208
9053676,zest-v1,SP2AJ6R5EN5ETQRZAJA7751WEN28TCHNAW2N617MQ,SP2AJ6R5EN5ETQRZAJA7751WEN28TCHNAW2N617MQ,debt_stored,STX,18000000
9053676,zest-v1,SP2ASBXYH8JDHA7CTG07BEC9BD9K4HMGV2KF6HBJP,SP2ASBXYH8JDHA7CTG07BEC9BD9K4HMGV2KF6HBJP,collateral,stSTX,1927728
9053676,zest-v1,SP2ASBXYH8JDHA7CTG07BEC9BD9K4HMGV2KF6HBJP,SP2ASBXYH8JDHA7CTG07BEC9BD9K4HMGV2KF6HBJP,debt,aeUSDC,366695
9053676,zest-v1,SP2ASBXYH8JDHA7CTG07BEC9BD9K4HMGV2KF6HBJP,SP2ASBXYH8JDHA7CTG07BEC9BD9K4HMGV2KF6HBJP,debt_stored,aeUSDC,280291
9053676,zest-v1,SP2AWV0FWMMYTQSFEATX5GXV5BFYH3B4FZNWNRZQ5,SP2AWV0FWMMYTQSFEATX5GXV5BFYH3B4FZNWNRZQ5,collateral,stSTX,15747401
9053676,zest-v1,SP2AWV0FWMMYTQSFEATX5GXV5BFYH3B4FZNWNRZQ5,SP2AWV0FWMMYTQSFEATX5GXV5BFYH3B4FZNWNRZQ5,debt,aeUSDC,1547463
9053676,zest-v1,SP2AWV0FWMMYTQSFEATX5GXV5BFYH3B4FZNWNRZQ5,SP2AWV0FWMMYTQSFEATX5GXV5BFYH3B4FZNWNRZQ5,debt_stored,aeUSDC,1522791
9053676,zest-v1,SP2AZVJ817DGD2X493Q9TJARKGF6H1FD4HD2GF8V4,SP2AZVJ817DGD2X493Q9TJARKGF6H1FD4HD2GF8V4,collateral,stSTX,342829209
9053676,zest-v1,SP2AZVJ817DGD2X493Q9TJARKGF6H1FD4HD2GF8V4,SP2AZVJ817DGD2X493Q9TJARKGF6H1FD4HD2GF8V4,debt,STX,204467018
9053676,zest-v1,SP2AZVJ817DGD2X493Q9TJARKGF6H1FD4HD2GF8V4,SP2AZVJ817DGD2X493Q9TJARKGF6H1FD4HD2GF8V4,debt_stored,STX,174133536
9053676,zest-v1,SP2B0EJEMA0AGY9C986WQZRG9BAYMYMTWT990JSER,SP2B0EJEMA0AGY9C986WQZRG9BAYMYMTWT990JSER,collateral,stSTX,318727957
9053676,zest-v1,SP2B0EJEMA0AGY9C986WQZRG9BAYMYMTWT990JSER,SP2B0EJEMA0AGY9C986WQZRG9BAYMYMTWT990JSER,debt,stSTX,67977571
9053676,zest-v1,SP2B0EJEMA0AGY9C986WQZRG9BAYMYMTWT990JSER,SP2B0EJEMA0AGY9C986WQZRG9BAYMYMTWT990JSER,debt_stored,stSTX,65000000
9053676,zest-v1,SP2B3HAGG1F70CTAKPA4B43ER1PV3QKYH1WWJDJK7,SP2B3HAGG1F70CTAKPA4B43ER1PV3QKYH1WWJDJK7,collateral,STX,2266149
9053676,zest-v1,SP2B3HAGG1F70CTAKPA4B43ER1PV3QKYH1WWJDJK7,SP2B3HAGG1F70CTAKPA4B43ER1PV3QKYH1WWJDJK7,debt,STX,1175283
9053676,zest-v1,SP2B3HAGG1F70CTAKPA4B43ER1PV3QKYH1WWJDJK7,SP2B3HAGG1F70CTAKPA4B43ER1PV3QKYH1WWJDJK7,debt_stored,STX,1000000
9053676,zest-v1,SP2B8JQ5Y7CDWFQGP92ECE59Y7RHG989A8K123CMP,SP2B8JQ5Y7CDWFQGP92ECE59Y7RHG989A8K123CMP,collateral,stSTX,281599267
9053676,zest-v1,SP2B8JQ5Y7CDWFQGP92ECE59Y7RHG989A8K123CMP,SP2B8JQ5Y7CDWFQGP92ECE59Y7RHG989A8K123CMP,debt,STX,92580422
9053676,zest-v1,SP2B8JQ5Y7CDWFQGP92ECE59Y7RHG989A8K123CMP,SP2B8JQ5Y7CDWFQGP92ECE59Y7RHG989A8K123CMP,debt_stored,STX,80000000
9053676,zest-v1,SP2B9PJPH629CTM65P4VBBCCAHY70WX1EG8MN97RZ,SP2B9PJPH629CTM65P4VBBCCAHY70WX1EG8MN97RZ,collateral,stSTX,3625319211
9053676,zest-v1,SP2B9PJPH629CTM65P4VBBCCAHY70WX1EG8MN97RZ,SP2B9PJPH629CTM65P4VBBCCAHY70WX1EG8MN97RZ,debt,stSTX,3002460324
9053676,zest-v1,SP2B9PJPH629CTM65P4VBBCCAHY70WX1EG8MN97RZ,SP2B9PJPH629CTM65P4VBBCCAHY70WX1EG8MN97RZ,debt_stored,stSTX,2880993020
9053676,zest-v1,SP2BEFSB43KR4M6C9117SA2A6T4SA6H0X1XDZF716,SP2BEFSB43KR4M6C9117SA2A6T4SA6H0X1XDZF716,collateral,stSTX,189073917
9053676,zest-v1,SP2BEFSB43KR4M6C9117SA2A6T4SA6H0X1XDZF716,SP2BEFSB43KR4M6C9117SA2A6T4SA6H0X1XDZF716,debt,aeUSDC,2180
9053676,zest-v1,SP2BEFSB43KR4M6C9117SA2A6T4SA6H0X1XDZF716,SP2BEFSB43KR4M6C9117SA2A6T4SA6H0X1XDZF716,debt_stored,aeUSDC,1634
9053676,zest-v1,SP2BENRVZR0TJVXGV3X3XMK9V7C0TJFGSN8SYB6DP,SP2BENRVZR0TJVXGV3X3XMK9V7C0TJFGSN8SYB6DP,debt,STX,139
9053676,zest-v1,SP2BENRVZR0TJVXGV3X3XMK9V7C0TJFGSN8SYB6DP,SP2BENRVZR0TJVXGV3X3XMK9V7C0TJFGSN8SYB6DP,debt,sUSDT,2
9053676,zest-v1,SP2BENRVZR0TJVXGV3X3XMK9V7C0TJFGSN8SYB6DP,SP2BENRVZR0TJVXGV3X3XMK9V7C0TJFGSN8SYB6DP,debt_stored,STX,124
9053676,zest-v1,SP2BENRVZR0TJVXGV3X3XMK9V7C0TJFGSN8SYB6DP,SP2BENRVZR0TJVXGV3X3XMK9V7C0TJFGSN8SYB6DP,debt_stored,sUSDT,1
9053676,zest-v1,SP2BKHJSW3XSQ3FEZN5X2GBSZ4C9VPB4SNMRSFCCD,SP2BKHJSW3XSQ3FEZN5X2GBSZ4C9VPB4SNMRSFCCD,collateral,stSTX,105445
9053676,zest-v1,SP2BKHJSW3XSQ3FEZN5X2GBSZ4C9VPB4SNMRSFCCD,SP2BKHJSW3XSQ3FEZN5X2GBSZ4C9VPB4SNMRSFCCD,debt,stSTX,2108
9053676,zest-v1,SP2BKHJSW3XSQ3FEZN5X2GBSZ4C9VPB4SNMRSFCCD,SP2BKHJSW3XSQ3FEZN5X2GBSZ4C9VPB4SNMRSFCCD,debt_stored,stSTX,2016
9053676,zest-v1,SP2BMH1SK80DRA9XZZEPKW057RVHGA0C2B9VZXHBC,SP2BMH1SK80DRA9XZZEPKW057RVHGA0C2B9VZXHBC,collateral,stSTX,13319
9053676,zest-v1,SP2BMH1SK80DRA9XZZEPKW057RVHGA0C2B9VZXHBC,SP2BMH1SK80DRA9XZZEPKW057RVHGA0C2B9VZXHBC,debt,aeUSDC,2218
9053676,zest-v1,SP2BMH1SK80DRA9XZZEPKW057RVHGA0C2B9VZXHBC,SP2BMH1SK80DRA9XZZEPKW057RVHGA0C2B9VZXHBC,debt_stored,aeUSDC,1854
9053676,zest-v1,SP2BNY111K73715XKP1EBEBVVRWSNMMV1H42SJHZ,SP2BNY111K73715XKP1EBEBVVRWSNMMV1H42SJHZ,collateral,stSTX,21179
9053676,zest-v1,SP2BNY111K73715XKP1EBEBVVRWSNMMV1H42SJHZ,SP2BNY111K73715XKP1EBEBVVRWSNMMV1H42SJHZ,debt,stSTX,57
9053676,zest-v1,SP2BNY111K73715XKP1EBEBVVRWSNMMV1H42SJHZ,SP2BNY111K73715XKP1EBEBVVRWSNMMV1H42SJHZ,debt_stored,stSTX,55
9053676,zest-v1,SP2BR695BMDE7FT933B3H159XB0KVVRZ9WNS52V4D,SP2BR695BMDE7FT933B3H159XB0KVVRZ9WNS52V4D,collateral,STX,95
9053676,zest-v1,SP2BR695BMDE7FT933B3H159XB0KVVRZ9WNS52V4D,SP2BR695BMDE7FT933B3H159XB0KVVRZ9WNS52V4D,collateral,sBTC,3017
9053676,zest-v1,SP2BR695BMDE7FT933B3H159XB0KVVRZ9WNS52V4D,SP2BR695BMDE7FT933B3H159XB0KVVRZ9WNS52V4D,debt,aeUSDC,1938372
9053676,zest-v1,SP2BR695BMDE7FT933B3H159XB0KVVRZ9WNS52V4D,SP2BR695BMDE7FT933B3H159XB0KVVRZ9WNS52V4D,debt_stored,aeUSDC,1817355
9053676,zest-v1,SP2BTWRQT4M8G058MQP2QXXBPHPB9TJBE0RA9XY5C,SP2BTWRQT4M8G058MQP2QXXBPHPB9TJBE0RA9XY5C,collateral,stSTX,50088955
9053676,zest-v1,SP2BTWRQT4M8G058MQP2QXXBPHPB9TJBE0RA9XY5C,SP2BTWRQT4M8G058MQP2QXXBPHPB9TJBE0RA9XY5C,debt,STX,11658729
9053676,zest-v1,SP2BTWRQT4M8G058MQP2QXXBPHPB9TJBE0RA9XY5C,SP2BTWRQT4M8G058MQP2QXXBPHPB9TJBE0RA9XY5C,debt_stored,STX,10000000
9053676,zest-v1,SP2BYPKKSVF01Z4QBW6XY47FBHKEB8RM78PTX5RHT,SP2BYPKKSVF01Z4QBW6XY47FBHKEB8RM78PTX5RHT,debt,sUSDT,15109
9053676,zest-v1,SP2BYPKKSVF01Z4QBW6XY47FBHKEB8RM78PTX5RHT,SP2BYPKKSVF01Z4QBW6XY47FBHKEB8RM78PTX5RHT,debt_stored,sUSDT,15108
9053676,zest-v1,SP2C25B1DQ60ZJDCBAY1FVT1KAEGJXR5RBN9HRFY8,SP2C25B1DQ60ZJDCBAY1FVT1KAEGJXR5RBN9HRFY8,collateral,stSTX,861784380
9053676,zest-v1,SP2C25B1DQ60ZJDCBAY1FVT1KAEGJXR5RBN9HRFY8,SP2C25B1DQ60ZJDCBAY1FVT1KAEGJXR5RBN9HRFY8,debt,aeUSDC,36316305
9053676,zest-v1,SP2C25B1DQ60ZJDCBAY1FVT1KAEGJXR5RBN9HRFY8,SP2C25B1DQ60ZJDCBAY1FVT1KAEGJXR5RBN9HRFY8,debt_stored,aeUSDC,32756702
9053676,zest-v1,SP2C7P94NSSYFXSJ2NTPZKJ081BMQNB38EWM0F2FX,SP2C7P94NSSYFXSJ2NTPZKJ081BMQNB38EWM0F2FX,debt,aeUSDC,2327439
9053676,zest-v1,SP2C7P94NSSYFXSJ2NTPZKJ081BMQNB38EWM0F2FX,SP2C7P94NSSYFXSJ2NTPZKJ081BMQNB38EWM0F2FX,debt_stored,aeUSDC,1909284
9053676,zest-v1,SP2C9626NVF86VWFFND7HJ65DGEK5P84Y52RQ05CB,SP2C9626NVF86VWFFND7HJ65DGEK5P84Y52RQ05CB,collateral,STX,1603437029
9053676,zest-v1,SP2C9626NVF86VWFFND7HJ65DGEK5P84Y52RQ05CB,SP2C9626NVF86VWFFND7HJ65DGEK5P84Y52RQ05CB,debt,stSTX,766406620
9053676,zest-v1,SP2C9626NVF86VWFFND7HJ65DGEK5P84Y52RQ05CB,SP2C9626NVF86VWFFND7HJ65DGEK5P84Y52RQ05CB,debt_stored,stSTX,731406082
9053676,zest-v1,SP2CAHSP9XQ3JK3N2Y29RRZZ0JCEQ5T84792S83KR,SP2CAHSP9XQ3JK3N2Y29RRZZ0JCEQ5T84792S83KR,collateral,sBTC,8
9053676,zest-v1,SP2CAHSP9XQ3JK3N2Y29RRZZ0JCEQ5T84792S83KR,SP2CAHSP9XQ3JK3N2Y29RRZZ0JCEQ5T84792S83KR,debt,USDH,628962
9053676,zest-v1,SP2CAHSP9XQ3JK3N2Y29RRZZ0JCEQ5T84792S83KR,SP2CAHSP9XQ3JK3N2Y29RRZZ0JCEQ5T84792S83KR,debt_stored,USDH,581757
9053676,zest-v1,SP2CBGW37YSBYH383X9D3YQGCX4JAZVZFREXN4HFG,SP2CBGW37YSBYH383X9D3YQGCX4JAZVZFREXN4HFG,collateral,STX,75509
9053676,zest-v1,SP2CBGW37YSBYH383X9D3YQGCX4JAZVZFREXN4HFG,SP2CBGW37YSBYH383X9D3YQGCX4JAZVZFREXN4HFG,debt,stSTX,31782
9053676,zest-v1,SP2CBGW37YSBYH383X9D3YQGCX4JAZVZFREXN4HFG,SP2CBGW37YSBYH383X9D3YQGCX4JAZVZFREXN4HFG,debt_stored,stSTX,30410
9053676,zest-v1,SP2CDJ70KAQM56ETHXD51C0BM344PM20H3M8F9H94,SP2CDJ70KAQM56ETHXD51C0BM344PM20H3M8F9H94,collateral,stSTX,80142593
9053676,zest-v1,SP2CDJ70KAQM56ETHXD51C0BM344PM20H3M8F9H94,SP2CDJ70KAQM56ETHXD51C0BM344PM20H3M8F9H94,debt,STX,37637531
9053676,zest-v1,SP2CDJ70KAQM56ETHXD51C0BM344PM20H3M8F9H94,SP2CDJ70KAQM56ETHXD51C0BM344PM20H3M8F9H94,debt_stored,STX,32099274
9053676,zest-v1,SP2CDJS9Y4SVP2BBMZM6G8E0ETAS99GGD16Z5EVHH,SP2CDJS9Y4SVP2BBMZM6G8E0ETAS99GGD16Z5EVHH,collateral,stSTX,68770243
9053676,zest-v1,SP2CDJS9Y4SVP2BBMZM6G8E0ETAS99GGD16Z5EVHH,SP2CDJS9Y4SVP2BBMZM6G8E0ETAS99GGD16Z5EVHH,debt,STX,29089008
9053676,zest-v1,SP2CDJS9Y4SVP2BBMZM6G8E0ETAS99GGD16Z5EVHH,SP2CDJS9Y4SVP2BBMZM6G8E0ETAS99GGD16Z5EVHH,debt_stored,STX,25000000
9053676,zest-v1,SP2CE123JZGQ63MGMN3VPY26QTQ1DS1CCEEYB3TVF,SP2CE123JZGQ63MGMN3VPY26QTQ1DS1CCEEYB3TVF,collateral,stSTX,101180024
9053676,zest-v1,SP2CE123JZGQ63MGMN3VPY26QTQ1DS1CCEEYB3TVF,SP2CE123JZGQ63MGMN3VPY26QTQ1DS1CCEEYB3TVF,debt,STX,5865292
9053676,zest-v1,SP2CE123JZGQ63MGMN3VPY26QTQ1DS1CCEEYB3TVF,SP2CE123JZGQ63MGMN3VPY26QTQ1DS1CCEEYB3TVF,debt_stored,STX,5000000
9053676,zest-v1,SP2CE64X7GJ11AJJZ51ZJBZEVHV70G5479PVY64ZY,SP2CE64X7GJ11AJJZ51ZJBZEVHV70G5479PVY64ZY,collateral,stSTX,1302198092
9053676,zest-v1,SP2CE64X7GJ11AJJZ51ZJBZEVHV70G5479PVY64ZY,SP2CE64X7GJ11AJJZ51ZJBZEVHV70G5479PVY64ZY,collateral,stSTXbtc,3628251320
9053676,zest-v1,SP2CE64X7GJ11AJJZ51ZJBZEVHV70G5479PVY64ZY,SP2CE64X7GJ11AJJZ51ZJBZEVHV70G5479PVY64ZY,debt,stSTX,1356858581
9053676,zest-v1,SP2CE64X7GJ11AJJZ51ZJBZEVHV70G5479PVY64ZY,SP2CE64X7GJ11AJJZ51ZJBZEVHV70G5479PVY64ZY,debt_stored,stSTX,1300000000
9053676,zest-v1,SP2CGDSKJX6N1QJ2ENF7E9QG94HVGDRAM1YA7R0M4,SP2CGDSKJX6N1QJ2ENF7E9QG94HVGDRAM1YA7R0M4,collateral,stSTX,112526766
9053676,zest-v1,SP2CGDSKJX6N1QJ2ENF7E9QG94HVGDRAM1YA7R0M4,SP2CGDSKJX6N1QJ2ENF7E9QG94HVGDRAM1YA7R0M4,debt,STX,61616367
9053676,zest-v1,SP2CGDSKJX6N1QJ2ENF7E9QG94HVGDRAM1YA7R0M4,SP2CGDSKJX6N1QJ2ENF7E9QG94HVGDRAM1YA7R0M4,debt_stored,STX,53000000
9053676,zest-v1,SP2CGGTQ2M90YJ3P7RATTWMBZV6WMRF87XK0NBKTY,SP2CGGTQ2M90YJ3P7RATTWMBZV6WMRF87XK0NBKTY,collateral,stSTX,50088955
9053676,zest-v1,SP2CGGTQ2M90YJ3P7RATTWMBZV6WMRF87XK0NBKTY,SP2CGGTQ2M90YJ3P7RATTWMBZV6WMRF87XK0NBKTY,debt,STX,11658807
9053676,zest-v1,SP2CGGTQ2M90YJ3P7RATTWMBZV6WMRF87XK0NBKTY,SP2CGGTQ2M90YJ3P7RATTWMBZV6WMRF87XK0NBKTY,debt_stored,STX,10000000
9053676,zest-v1,SP2CJBE3SWKCK85KKKY1ZY898MJNVSH0A703565HS,SP2CJBE3SWKCK85KKKY1ZY898MJNVSH0A703565HS,collateral,STX,3869
9053676,zest-v1,SP2CJBE3SWKCK85KKKY1ZY898MJNVSH0A703565HS,SP2CJBE3SWKCK85KKKY1ZY898MJNVSH0A703565HS,debt,aeUSDC,6282
9053676,zest-v1,SP2CJBE3SWKCK85KKKY1ZY898MJNVSH0A703565HS,SP2CJBE3SWKCK85KKKY1ZY898MJNVSH0A703565HS,debt_stored,aeUSDC,5591
9053676,zest-v1,SP2CJBNE5DMQA3KS2S2AAE0AW8BZDS33RXCBTXPQM,SP2CJBNE5DMQA3KS2S2AAE0AW8BZDS33RXCBTXPQM,collateral,stSTX,2080914
9053676,zest-v1,SP2CJBNE5DMQA3KS2S2AAE0AW8BZDS33RXCBTXPQM,SP2CJBNE5DMQA3KS2S2AAE0AW8BZDS33RXCBTXPQM,debt,STX,1188949
9053676,zest-v1,SP2CJBNE5DMQA3KS2S2AAE0AW8BZDS33RXCBTXPQM,SP2CJBNE5DMQA3KS2S2AAE0AW8BZDS33RXCBTXPQM,debt_stored,STX,1016468
9053676,zest-v1,SP2CPG8G7RHK0FJJTJP1XF0YQ9Y0C03NT339QVKXQ,SP2CPG8G7RHK0FJJTJP1XF0YQ9Y0C03NT339QVKXQ,collateral,stSTX,68770244
9053676,zest-v1,SP2CPG8G7RHK0FJJTJP1XF0YQ9Y0C03NT339QVKXQ,SP2CPG8G7RHK0FJJTJP1XF0YQ9Y0C03NT339QVKXQ,debt,STX,29112008
9053676,zest-v1,SP2CPG8G7RHK0FJJTJP1XF0YQ9Y0C03NT339QVKXQ,SP2CPG8G7RHK0FJJTJP1XF0YQ9Y0C03NT339QVKXQ,debt_stored,STX,25000000
9053676,zest-v1,SP2CT6DTYVCXA1PDT8BD72YR2ATHK2A5PVC5MDDF6,SP2CT6DTYVCXA1PDT8BD72YR2ATHK2A5PVC5MDDF6,collateral,STX,53629803
9053676,zest-v1,SP2CT6DTYVCXA1PDT8BD72YR2ATHK2A5PVC5MDDF6,SP2CT6DTYVCXA1PDT8BD72YR2ATHK2A5PVC5MDDF6,debt,STX,5865230
9053676,zest-v1,SP2CT6DTYVCXA1PDT8BD72YR2ATHK2A5PVC5MDDF6,SP2CT6DTYVCXA1PDT8BD72YR2ATHK2A5PVC5MDDF6,debt_stored,STX,5000000
9053676,zest-v1,SP2CT7PK64AJQWQP0XHECDGPJHHKREB7F13TY6XHH,SP2CT7PK64AJQWQP0XHECDGPJHHKREB7F13TY6XHH,collateral,STX,27904616
9053676,zest-v1,SP2CT7PK64AJQWQP0XHECDGPJHHKREB7F13TY6XHH,SP2CT7PK64AJQWQP0XHECDGPJHHKREB7F13TY6XHH,debt,STX,5879794
9053676,zest-v1,SP2CT7PK64AJQWQP0XHECDGPJHHKREB7F13TY6XHH,SP2CT7PK64AJQWQP0XHECDGPJHHKREB7F13TY6XHH,debt_stored,STX,5000000
9053676,zest-v1,SP2CTN8DRXS72G64MW7NY86B6DSPNN9RS7XK4V3KW,SP2CTN8DRXS72G64MW7NY86B6DSPNN9RS7XK4V3KW,collateral,STX,21465078
9053676,zest-v1,SP2CTN8DRXS72G64MW7NY86B6DSPNN9RS7XK4V3KW,SP2CTN8DRXS72G64MW7NY86B6DSPNN9RS7XK4V3KW,collateral,stSTX,30878905
9053676,zest-v1,SP2CTN8DRXS72G64MW7NY86B6DSPNN9RS7XK4V3KW,SP2CTN8DRXS72G64MW7NY86B6DSPNN9RS7XK4V3KW,debt,aeUSDC,79276
9053676,zest-v1,SP2CTN8DRXS72G64MW7NY86B6DSPNN9RS7XK4V3KW,SP2CTN8DRXS72G64MW7NY86B6DSPNN9RS7XK4V3KW,debt_stored,aeUSDC,59384
9053676,zest-v1,SP2CW7DNCNH6Q6V8C7S1X87M0NZ72E2MCMX6DPMY5,SP2CW7DNCNH6Q6V8C7S1X87M0NZ72E2MCMX6DPMY5,collateral,stSTX,940503
9053676,zest-v1,SP2CW7DNCNH6Q6V8C7S1X87M0NZ72E2MCMX6DPMY5,SP2CW7DNCNH6Q6V8C7S1X87M0NZ72E2MCMX6DPMY5,debt,aeUSDC,740602
9053676,zest-v1,SP2CW7DNCNH6Q6V8C7S1X87M0NZ72E2MCMX6DPMY5,SP2CW7DNCNH6Q6V8C7S1X87M0NZ72E2MCMX6DPMY5,debt_stored,aeUSDC,698296
9053676,zest-v1,SP2CYKHA22MWQKV17ZG4NS77RBFP66RG5GETSF2WD,SP2CYKHA22MWQKV17ZG4NS77RBFP66RG5GETSF2WD,collateral,USDH,23
9053676,zest-v1,SP2CYKHA22MWQKV17ZG4NS77RBFP66RG5GETSF2WD,SP2CYKHA22MWQKV17ZG4NS77RBFP66RG5GETSF2WD,collateral,sBTC,105
9053676,zest-v1,SP2CYKHA22MWQKV17ZG4NS77RBFP66RG5GETSF2WD,SP2CYKHA22MWQKV17ZG4NS77RBFP66RG5GETSF2WD,collateral,stSTX,25039489
9053676,zest-v1,SP2CYKHA22MWQKV17ZG4NS77RBFP66RG5GETSF2WD,SP2CYKHA22MWQKV17ZG4NS77RBFP66RG5GETSF2WD,debt,stSTX,20589849
9053676,zest-v1,SP2CYKHA22MWQKV17ZG4NS77RBFP66RG5GETSF2WD,SP2CYKHA22MWQKV17ZG4NS77RBFP66RG5GETSF2WD,debt_stored,stSTX,19800000
9053676,zest-v1,SP2CZBQ51FHR9FFW0KCG74JV31WP0G8FFY6FFTKPY,SP2CZBQ51FHR9FFW0KCG74JV31WP0G8FFY6FFTKPY,collateral,STX,10798206
9053676,zest-v1,SP2CZBQ51FHR9FFW0KCG74JV31WP0G8FFY6FFTKPY,SP2CZBQ51FHR9FFW0KCG74JV31WP0G8FFY6FFTKPY,debt,stSTX,4192757
9053676,zest-v1,SP2CZBQ51FHR9FFW0KCG74JV31WP0G8FFY6FFTKPY,SP2CZBQ51FHR9FFW0KCG74JV31WP0G8FFY6FFTKPY,debt_stored,stSTX,4000000
9053676,zest-v1,SP2D21TSA9RB2TXT67E2A0K76JVG1NBEWC93FZE8Q,SP2D21TSA9RB2TXT67E2A0K76JVG1NBEWC93FZE8Q,collateral,USDH,26853316172
9053676,zest-v1,SP2D21TSA9RB2TXT67E2A0K76JVG1NBEWC93FZE8Q,SP2D21TSA9RB2TXT67E2A0K76JVG1NBEWC93FZE8Q,collateral,stSTX,406240245
9053676,zest-v1,SP2D21TSA9RB2TXT67E2A0K76JVG1NBEWC93FZE8Q,SP2D21TSA9RB2TXT67E2A0K76JVG1NBEWC93FZE8Q,debt,USDH,3576811389
9053676,zest-v1,SP2D21TSA9RB2TXT67E2A0K76JVG1NBEWC93FZE8Q,SP2D21TSA9RB2TXT67E2A0K76JVG1NBEWC93FZE8Q,debt_stored,USDH,3549393355
9053676,zest-v1,SP2D2M4G94PBW4QTZZ5VPXJMJT25AKNVB5GNC6N88,SP2D2M4G94PBW4QTZZ5VPXJMJT25AKNVB5GNC6N88,collateral,stSTX,3005347260
9053676,zest-v1,SP2D2M4G94PBW4QTZZ5VPXJMJT25AKNVB5GNC6N88,SP2D2M4G94PBW4QTZZ5VPXJMJT25AKNVB5GNC6N88,debt,STX,1792898605
9053676,zest-v1,SP2D2M4G94PBW4QTZZ5VPXJMJT25AKNVB5GNC6N88,SP2D2M4G94PBW4QTZZ5VPXJMJT25AKNVB5GNC6N88,debt_stored,STX,1500996801
9053676,zest-v1,SP2D6WH9SZ7GXDRSK4RZXGXFR54207Y0YSCMYC4HG,SP2D6WH9SZ7GXDRSK4RZXGXFR54207Y0YSCMYC4HG,collateral,stSTX,134072715
9053676,zest-v1,SP2D6WH9SZ7GXDRSK4RZXGXFR54207Y0YSCMYC4HG,SP2D6WH9SZ7GXDRSK4RZXGXFR54207Y0YSCMYC4HG,debt,STX,59888930
9053676,zest-v1,SP2D6WH9SZ7GXDRSK4RZXGXFR54207Y0YSCMYC4HG,SP2D6WH9SZ7GXDRSK4RZXGXFR54207Y0YSCMYC4HG,debt_stored,STX,53000000
9053676,zest-v1,SP2D8RP8J0EYMZPFTT0SS0YE4HR0JV6CBBAB9508F,SP2D8RP8J0EYMZPFTT0SS0YE4HR0JV6CBBAB9508F,collateral,stSTX,1840261
9053676,zest-v1,SP2D8RP8J0EYMZPFTT0SS0YE4HR0JV6CBBAB9508F,SP2D8RP8J0EYMZPFTT0SS0YE4HR0JV6CBBAB9508F,debt,STX,3
9053676,zest-v1,SP2D8RP8J0EYMZPFTT0SS0YE4HR0JV6CBBAB9508F,SP2D8RP8J0EYMZPFTT0SS0YE4HR0JV6CBBAB9508F,debt,USDH,85573563
9053676,zest-v1,SP2D8RP8J0EYMZPFTT0SS0YE4HR0JV6CBBAB9508F,SP2D8RP8J0EYMZPFTT0SS0YE4HR0JV6CBBAB9508F,debt,stSTX,161
9053676,zest-v1,SP2D8RP8J0EYMZPFTT0SS0YE4HR0JV6CBBAB9508F,SP2D8RP8J0EYMZPFTT0SS0YE4HR0JV6CBBAB9508F,debt_stored,STX,2
9053676,zest-v1,SP2D8RP8J0EYMZPFTT0SS0YE4HR0JV6CBBAB9508F,SP2D8RP8J0EYMZPFTT0SS0YE4HR0JV6CBBAB9508F,debt_stored,USDH,80410018
9053676,zest-v1,SP2D8RP8J0EYMZPFTT0SS0YE4HR0JV6CBBAB9508F,SP2D8RP8J0EYMZPFTT0SS0YE4HR0JV6CBBAB9508F,debt_stored,stSTX,154
9053676,zest-v1,SP2DGV4Z4APQNA9GQ23P80RTW87BQGR1P8VW5012T,SP2DGV4Z4APQNA9GQ23P80RTW87BQGR1P8VW5012T,collateral,ALEX,10089225400
9053676,zest-v1,SP2DGV4Z4APQNA9GQ23P80RTW87BQGR1P8VW5012T,SP2DGV4Z4APQNA9GQ23P80RTW87BQGR1P8VW5012T,collateral,STX,932556
9053676,zest-v1,SP2DGV4Z4APQNA9GQ23P80RTW87BQGR1P8VW5012T,SP2DGV4Z4APQNA9GQ23P80RTW87BQGR1P8VW5012T,collateral,stSTXbtc,3000000
9053676,zest-v1,SP2DGV4Z4APQNA9GQ23P80RTW87BQGR1P8VW5012T,SP2DGV4Z4APQNA9GQ23P80RTW87BQGR1P8VW5012T,debt,stSTX,403562
9053676,zest-v1,SP2DGV4Z4APQNA9GQ23P80RTW87BQGR1P8VW5012T,SP2DGV4Z4APQNA9GQ23P80RTW87BQGR1P8VW5012T,debt_stored,stSTX,386682
9053676,zest-v1,SP2DH0WAMJ13BGGRDVEVYKDXMDDKXJYX79305GY1K,SP2DH0WAMJ13BGGRDVEVYKDXMDDKXJYX79305GY1K,collateral,DIKO,6767140323
9053676,zest-v1,SP2DH0WAMJ13BGGRDVEVYKDXMDDKXJYX79305GY1K,SP2DH0WAMJ13BGGRDVEVYKDXMDDKXJYX79305GY1K,collateral,STX,1915375801
9053676,zest-v1,SP2DH0WAMJ13BGGRDVEVYKDXMDDKXJYX79305GY1K,SP2DH0WAMJ13BGGRDVEVYKDXMDDKXJYX79305GY1K,collateral,sBTC,24810
9053676,zest-v1,SP2DH0WAMJ13BGGRDVEVYKDXMDDKXJYX79305GY1K,SP2DH0WAMJ13BGGRDVEVYKDXMDDKXJYX79305GY1K,collateral,stSTX,22562678
9053676,zest-v1,SP2DH0WAMJ13BGGRDVEVYKDXMDDKXJYX79305GY1K,SP2DH0WAMJ13BGGRDVEVYKDXMDDKXJYX79305GY1K,collateral,stSTXbtc,4000000000
9053676,zest-v1,SP2DH0WAMJ13BGGRDVEVYKDXMDDKXJYX79305GY1K,SP2DH0WAMJ13BGGRDVEVYKDXMDDKXJYX79305GY1K,debt,aeUSDC,2025670
9053676,zest-v1,SP2DH0WAMJ13BGGRDVEVYKDXMDDKXJYX79305GY1K,SP2DH0WAMJ13BGGRDVEVYKDXMDDKXJYX79305GY1K,debt_stored,aeUSDC,2002379
9053676,zest-v1,SP2DQJJ1D1GWS9X1W6FZDSRG5FRTA0Z7TH583F2TF,SP2DQJJ1D1GWS9X1W6FZDSRG5FRTA0Z7TH583F2TF,debt,aeUSDC,12362
9053676,zest-v1,SP2DQJJ1D1GWS9X1W6FZDSRG5FRTA0Z7TH583F2TF,SP2DQJJ1D1GWS9X1W6FZDSRG5FRTA0Z7TH583F2TF,debt_stored,aeUSDC,11004
9053676,zest-v1,SP2DXQY1G61WJZW81V457RB9398JDV1Q9DFZAEEEQ,SP2DXQY1G61WJZW81V457RB9398JDV1Q9DFZAEEEQ,collateral,stSTX,180111559
9053676,zest-v1,SP2DXQY1G61WJZW81V457RB9398JDV1Q9DFZAEEEQ,SP2DXQY1G61WJZW81V457RB9398JDV1Q9DFZAEEEQ,debt,stSTX,57498313
9053676,zest-v1,SP2DXQY1G61WJZW81V457RB9398JDV1Q9DFZAEEEQ,SP2DXQY1G61WJZW81V457RB9398JDV1Q9DFZAEEEQ,debt_stored,stSTX,55012929
9053676,zest-v1,SP2E2DB7ZRW9TQ1AEMC94NY23PW0T99X7ANB0KY2Y,SP2E2DB7ZRW9TQ1AEMC94NY23PW0T99X7ANB0KY2Y,collateral,stSTX,1038730
9053676,zest-v1,SP2E2DB7ZRW9TQ1AEMC94NY23PW0T99X7ANB0KY2Y,SP2E2DB7ZRW9TQ1AEMC94NY23PW0T99X7ANB0KY2Y,debt,STX,134830
9053676,zest-v1,SP2E2DB7ZRW9TQ1AEMC94NY23PW0T99X7ANB0KY2Y,SP2E2DB7ZRW9TQ1AEMC94NY23PW0T99X7ANB0KY2Y,debt_stored,STX,120000
9053676,zest-v1,SP2E3DNHPVJH045SSMFYN1DW7ZWGKYZBZZQPG6V1P,SP2E3DNHPVJH045SSMFYN1DW7ZWGKYZBZZQPG6V1P,collateral,STX,2144898
9053676,zest-v1,SP2E3DNHPVJH045SSMFYN1DW7ZWGKYZBZZQPG6V1P,SP2E3DNHPVJH045SSMFYN1DW7ZWGKYZBZZQPG6V1P,debt,STX,586236
9053676,zest-v1,SP2E3DNHPVJH045SSMFYN1DW7ZWGKYZBZZQPG6V1P,SP2E3DNHPVJH045SSMFYN1DW7ZWGKYZBZZQPG6V1P,debt_stored,STX,500000
9053676,zest-v1,SP2E3MKFV0ARX4SXDEEJ1RM4CG5X40E2RFFYB6554,SP2E3MKFV0ARX4SXDEEJ1RM4CG5X40E2RFFYB6554,collateral,stSTX,986435
9053676,zest-v1,SP2E3MKFV0ARX4SXDEEJ1RM4CG5X40E2RFFYB6554,SP2E3MKFV0ARX4SXDEEJ1RM4CG5X40E2RFFYB6554,debt,stSTX,104825
9053676,zest-v1,SP2E3MKFV0ARX4SXDEEJ1RM4CG5X40E2RFFYB6554,SP2E3MKFV0ARX4SXDEEJ1RM4CG5X40E2RFFYB6554,debt_stored,stSTX,100000
9053676,zest-v1,SP2E5NB6N3GJMVFM01VG44RBS7B8AC67M5JAJH0NP,SP2E5NB6N3GJMVFM01VG44RBS7B8AC67M5JAJH0NP,collateral,stSTXbtc,16189
9053676,zest-v1,SP2E5NB6N3GJMVFM01VG44RBS7B8AC67M5JAJH0NP,SP2E5NB6N3GJMVFM01VG44RBS7B8AC67M5JAJH0NP,debt,aeUSDC,5528
9053676,zest-v1,SP2E5NB6N3GJMVFM01VG44RBS7B8AC67M5JAJH0NP,SP2E5NB6N3GJMVFM01VG44RBS7B8AC67M5JAJH0NP,debt_stored,aeUSDC,4984
9053676,zest-v1,SP2E78TGFKW96CMBWQVK118AJYD9SC7DH1E0PVCV0,SP2E78TGFKW96CMBWQVK118AJYD9SC7DH1E0PVCV0,collateral,stSTX,273826288
9053676,zest-v1,SP2E78TGFKW96CMBWQVK118AJYD9SC7DH1E0PVCV0,SP2E78TGFKW96CMBWQVK118AJYD9SC7DH1E0PVCV0,debt,stSTX,79964220
9053676,zest-v1,SP2E78TGFKW96CMBWQVK118AJYD9SC7DH1E0PVCV0,SP2E78TGFKW96CMBWQVK118AJYD9SC7DH1E0PVCV0,debt_stored,stSTX,76325306
9053676,zest-v1,SP2EFWAM278MYN4HGJJH60G0A18M3JE8JSWAA3YD2,SP2EFWAM278MYN4HGJJH60G0A18M3JE8JSWAA3YD2,collateral,STX,3355170
9053676,zest-v1,SP2EFWAM278MYN4HGJJH60G0A18M3JE8JSWAA3YD2,SP2EFWAM278MYN4HGJJH60G0A18M3JE8JSWAA3YD2,collateral,aeUSDC,93106347
9053676,zest-v1,SP2EFWAM278MYN4HGJJH60G0A18M3JE8JSWAA3YD2,SP2EFWAM278MYN4HGJJH60G0A18M3JE8JSWAA3YD2,debt,aeUSDC,781840
9053676,zest-v1,SP2EFWAM278MYN4HGJJH60G0A18M3JE8JSWAA3YD2,SP2EFWAM278MYN4HGJJH60G0A18M3JE8JSWAA3YD2,debt_stored,aeUSDC,737178
9053676,zest-v1,SP2EGFDK5A2PP30YRX5SR2EAR9F6RFDM407S6FJK3,SP2EGFDK5A2PP30YRX5SR2EAR9F6RFDM407S6FJK3,collateral,STX,1459080
9053676,zest-v1,SP2EGFDK5A2PP30YRX5SR2EAR9F6RFDM407S6FJK3,SP2EGFDK5A2PP30YRX5SR2EAR9F6RFDM407S6FJK3,debt,aeUSDC,247133
9053676,zest-v1,SP2EGFDK5A2PP30YRX5SR2EAR9F6RFDM407S6FJK3,SP2EGFDK5A2PP30YRX5SR2EAR9F6RFDM407S6FJK3,debt_stored,aeUSDC,186381
9053676,zest-v1,SP2EKAF598JF8074QDDRZTD27TQEXDVN63586MYZ2,SP2EKAF598JF8074QDDRZTD27TQEXDVN63586MYZ2,collateral,stSTX,101179972
9053676,zest-v1,SP2EKAF598JF8074QDDRZTD27TQEXDVN63586MYZ2,SP2EKAF598JF8074QDDRZTD27TQEXDVN63586MYZ2,debt,STX,5865230
9053676,zest-v1,SP2EKAF598JF8074QDDRZTD27TQEXDVN63586MYZ2,SP2EKAF598JF8074QDDRZTD27TQEXDVN63586MYZ2,debt_stored,STX,5000000
9053676,zest-v1,SP2EKRMW53DMRV6Y8A1933GCBV5J4CENR0BEQ4AR9,SP2EKRMW53DMRV6Y8A1933GCBV5J4CENR0BEQ4AR9,collateral,stSTX,148307724
9053676,zest-v1,SP2EKRMW53DMRV6Y8A1933GCBV5J4CENR0BEQ4AR9,SP2EKRMW53DMRV6Y8A1933GCBV5J4CENR0BEQ4AR9,debt,STX,87582533
9053676,zest-v1,SP2EKRMW53DMRV6Y8A1933GCBV5J4CENR0BEQ4AR9,SP2EKRMW53DMRV6Y8A1933GCBV5J4CENR0BEQ4AR9,debt_stored,STX,74562732
9053676,zest-v1,SP2ENXH9HQNRSV745ASN0G4PP372A1BGXE55XQCFS,SP2ENXH9HQNRSV745ASN0G4PP372A1BGXE55XQCFS,collateral,STX,24353
9053676,zest-v1,SP2ENXH9HQNRSV745ASN0G4PP372A1BGXE55XQCFS,SP2ENXH9HQNRSV745ASN0G4PP372A1BGXE55XQCFS,debt,stSTX,1342
9053676,zest-v1,SP2ENXH9HQNRSV745ASN0G4PP372A1BGXE55XQCFS,SP2ENXH9HQNRSV745ASN0G4PP372A1BGXE55XQCFS,debt_stored,stSTX,1286
9053676,zest-v1,SP2EV1G9NC43ACQZPCQ3Q4A4YMCH03EVN686C4WDH,SP2EV1G9NC43ACQZPCQ3Q4A4YMCH03EVN686C4WDH,collateral,stSTX,240359586
9053676,zest-v1,SP2EV1G9NC43ACQZPCQ3Q4A4YMCH03EVN686C4WDH,SP2EV1G9NC43ACQZPCQ3Q4A4YMCH03EVN686C4WDH,collateral,stSTXbtc,157000000
9053676,zest-v1,SP2EV1G9NC43ACQZPCQ3Q4A4YMCH03EVN686C4WDH,SP2EV1G9NC43ACQZPCQ3Q4A4YMCH03EVN686C4WDH,debt,stSTX,20886319
9053676,zest-v1,SP2EV1G9NC43ACQZPCQ3Q4A4YMCH03EVN686C4WDH,SP2EV1G9NC43ACQZPCQ3Q4A4YMCH03EVN686C4WDH,debt_stored,stSTX,20000000
9053676,zest-v1,SP2EWMWC2FZCT7M2PX9840FE811VCFT5R72DANVCK,SP2EWMWC2FZCT7M2PX9840FE811VCFT5R72DANVCK,collateral,stSTX,494707252
9053676,zest-v1,SP2EWMWC2FZCT7M2PX9840FE811VCFT5R72DANVCK,SP2EWMWC2FZCT7M2PX9840FE811VCFT5R72DANVCK,debt,STX,3069637
9053676,zest-v1,SP2EWMWC2FZCT7M2PX9840FE811VCFT5R72DANVCK,SP2EWMWC2FZCT7M2PX9840FE811VCFT5R72DANVCK,debt_stored,STX,2924669
9053676,zest-v1,SP2EXDVB2W63Q45F1TVECVVX16RJ3JMZDTZD7CXZ0,SP2EXDVB2W63Q45F1TVECVVX16RJ3JMZDTZD7CXZ0,collateral,stSTX,166513692
9053676,zest-v1,SP2EXDVB2W63Q45F1TVECVVX16RJ3JMZDTZD7CXZ0,SP2EXDVB2W63Q45F1TVECVVX16RJ3JMZDTZD7CXZ0,debt,STX,28544173
9053676,zest-v1,SP2EXDVB2W63Q45F1TVECVVX16RJ3JMZDTZD7CXZ0,SP2EXDVB2W63Q45F1TVECVVX16RJ3JMZDTZD7CXZ0,debt_stored,STX,25000026
9053676,zest-v1,SP2EZBRH2T5A4TPFFTDK48CHR0WG95YZZA4HC1TJE,SP2EZBRH2T5A4TPFFTDK48CHR0WG95YZZA4HC1TJE,collateral,ALEX,10090413397825
9053676,zest-v1,SP2EZBRH2T5A4TPFFTDK48CHR0WG95YZZA4HC1TJE,SP2EZBRH2T5A4TPFFTDK48CHR0WG95YZZA4HC1TJE,collateral,DIKO,104406605887
9053676,zest-v1,SP2EZBRH2T5A4TPFFTDK48CHR0WG95YZZA4HC1TJE,SP2EZBRH2T5A4TPFFTDK48CHR0WG95YZZA4HC1TJE,collateral,STX,6332419087
9053676,zest-v1,SP2EZBRH2T5A4TPFFTDK48CHR0WG95YZZA4HC1TJE,SP2EZBRH2T5A4TPFFTDK48CHR0WG95YZZA4HC1TJE,collateral,stSTX,181462066166
9053676,zest-v1,SP2EZBRH2T5A4TPFFTDK48CHR0WG95YZZA4HC1TJE,SP2EZBRH2T5A4TPFFTDK48CHR0WG95YZZA4HC1TJE,debt,USDH,17378452536
9053676,zest-v1,SP2EZBRH2T5A4TPFFTDK48CHR0WG95YZZA4HC1TJE,SP2EZBRH2T5A4TPFFTDK48CHR0WG95YZZA4HC1TJE,debt,stSTX,105726254437
9053676,zest-v1,SP2EZBRH2T5A4TPFFTDK48CHR0WG95YZZA4HC1TJE,SP2EZBRH2T5A4TPFFTDK48CHR0WG95YZZA4HC1TJE,debt_stored,USDH,17307836046
9053676,zest-v1,SP2EZBRH2T5A4TPFFTDK48CHR0WG95YZZA4HC1TJE,SP2EZBRH2T5A4TPFFTDK48CHR0WG95YZZA4HC1TJE,debt_stored,stSTX,101470723486
9053676,zest-v1,SP2F0AHP4Y35AF74YK0VZN5AEZCXQK4REKBC0D8M6,SP2F0AHP4Y35AF74YK0VZN5AEZCXQK4REKBC0D8M6,collateral,DIKO,150200709
9053676,zest-v1,SP2F0AHP4Y35AF74YK0VZN5AEZCXQK4REKBC0D8M6,SP2F0AHP4Y35AF74YK0VZN5AEZCXQK4REKBC0D8M6,collateral,USDH,2141880322
9053676,zest-v1,SP2F0AHP4Y35AF74YK0VZN5AEZCXQK4REKBC0D8M6,SP2F0AHP4Y35AF74YK0VZN5AEZCXQK4REKBC0D8M6,collateral,aeUSDC,55820317
9053676,zest-v1,SP2F0AHP4Y35AF74YK0VZN5AEZCXQK4REKBC0D8M6,SP2F0AHP4Y35AF74YK0VZN5AEZCXQK4REKBC0D8M6,collateral,stSTX,28395961
9053676,zest-v1,SP2F0AHP4Y35AF74YK0VZN5AEZCXQK4REKBC0D8M6,SP2F0AHP4Y35AF74YK0VZN5AEZCXQK4REKBC0D8M6,debt,aeUSDC,4508614
9053676,zest-v1,SP2F0AHP4Y35AF74YK0VZN5AEZCXQK4REKBC0D8M6,SP2F0AHP4Y35AF74YK0VZN5AEZCXQK4REKBC0D8M6,debt_stored,aeUSDC,4456774
9053676,zest-v1,SP2F1JZEJ2R0Q1S5R23QQ2T8BARBQB1WCSYZT9A4M,SP2F1JZEJ2R0Q1S5R23QQ2T8BARBQB1WCSYZT9A4M,collateral,sBTC,26
9053676,zest-v1,SP2F1JZEJ2R0Q1S5R23QQ2T8BARBQB1WCSYZT9A4M,SP2F1JZEJ2R0Q1S5R23QQ2T8BARBQB1WCSYZT9A4M,debt,aeUSDC,1813
9053676,zest-v1,SP2F1JZEJ2R0Q1S5R23QQ2T8BARBQB1WCSYZT9A4M,SP2F1JZEJ2R0Q1S5R23QQ2T8BARBQB1WCSYZT9A4M,debt,stSTX,364
9053676,zest-v1,SP2F1JZEJ2R0Q1S5R23QQ2T8BARBQB1WCSYZT9A4M,SP2F1JZEJ2R0Q1S5R23QQ2T8BARBQB1WCSYZT9A4M,debt_stored,aeUSDC,1690
9053676,zest-v1,SP2F1JZEJ2R0Q1S5R23QQ2T8BARBQB1WCSYZT9A4M,SP2F1JZEJ2R0Q1S5R23QQ2T8BARBQB1WCSYZT9A4M,debt_stored,stSTX,350
9053676,zest-v1,SP2F48735BJJMJFSY9R05WCANKHZZDQ0PPK285GR5,SP2F48735BJJMJFSY9R05WCANKHZZDQ0PPK285GR5,collateral,stSTX,42172
9053676,zest-v1,SP2F48735BJJMJFSY9R05WCANKHZZDQ0PPK285GR5,SP2F48735BJJMJFSY9R05WCANKHZZDQ0PPK285GR5,debt,STX,133
9053676,zest-v1,SP2F48735BJJMJFSY9R05WCANKHZZDQ0PPK285GR5,SP2F48735BJJMJFSY9R05WCANKHZZDQ0PPK285GR5,debt_stored,STX,119
9053676,zest-v1,SP2F4S1Y4FA6D8QTG1DVAJ92VJ08R9EDJ3AQ2ZT2T,SP2F4S1Y4FA6D8QTG1DVAJ92VJ08R9EDJ3AQ2ZT2T,collateral,stSTX,1377493
9053676,zest-v1,SP2F4S1Y4FA6D8QTG1DVAJ92VJ08R9EDJ3AQ2ZT2T,SP2F4S1Y4FA6D8QTG1DVAJ92VJ08R9EDJ3AQ2ZT2T,debt,aeUSDC,665958
9053676,zest-v1,SP2F4S1Y4FA6D8QTG1DVAJ92VJ08R9EDJ3AQ2ZT2T,SP2F4S1Y4FA6D8QTG1DVAJ92VJ08R9EDJ3AQ2ZT2T,debt_stored,aeUSDC,627916
9053676,zest-v1,SP2F66ASMYZ9M8EEVD4S76RCF9X15WZD2EQFR5MV1,SP2F66ASMYZ9M8EEVD4S76RCF9X15WZD2EQFR5MV1,collateral,stSTX,8185
9053676,zest-v1,SP2F66ASMYZ9M8EEVD4S76RCF9X15WZD2EQFR5MV1,SP2F66ASMYZ9M8EEVD4S76RCF9X15WZD2EQFR5MV1,debt,stSTX,4228
9053676,zest-v1,SP2F66ASMYZ9M8EEVD4S76RCF9X15WZD2EQFR5MV1,SP2F66ASMYZ9M8EEVD4S76RCF9X15WZD2EQFR5MV1,debt_stored,stSTX,4086
9053676,zest-v1,SP2F8ZMEPAN43EDHGN1X7SFRJWSSQ48THCJNEF0DR,SP2F8ZMEPAN43EDHGN1X7SFRJWSSQ48THCJNEF0DR,collateral,STX,42930168
9053676,zest-v1,SP2F8ZMEPAN43EDHGN1X7SFRJWSSQ48THCJNEF0DR,SP2F8ZMEPAN43EDHGN1X7SFRJWSSQ48THCJNEF0DR,collateral,stSTX,96165016
9053676,zest-v1,SP2F8ZMEPAN43EDHGN1X7SFRJWSSQ48THCJNEF0DR,SP2F8ZMEPAN43EDHGN1X7SFRJWSSQ48THCJNEF0DR,debt,STX,47038538
9053676,zest-v1,SP2F8ZMEPAN43EDHGN1X7SFRJWSSQ48THCJNEF0DR,SP2F8ZMEPAN43EDHGN1X7SFRJWSSQ48THCJNEF0DR,debt_stored,STX,40000000
9053676,zest-v1,SP2FF3M47FVY2PGE71MCEZ5DEAKK80R3AHDTH3PK7,SP2FF3M47FVY2PGE71MCEZ5DEAKK80R3AHDTH3PK7,collateral,stSTX,1299
9053676,zest-v1,SP2FF3M47FVY2PGE71MCEZ5DEAKK80R3AHDTH3PK7,SP2FF3M47FVY2PGE71MCEZ5DEAKK80R3AHDTH3PK7,debt,STX,61
9053676,zest-v1,SP2FF3M47FVY2PGE71MCEZ5DEAKK80R3AHDTH3PK7,SP2FF3M47FVY2PGE71MCEZ5DEAKK80R3AHDTH3PK7,debt_stored,STX,54
9053676,zest-v1,SP2FND3FF6W7J2115GXVS4M71H5JR8469E4DJYRHK,SP2FND3FF6W7J2115GXVS4M71H5JR8469E4DJYRHK,collateral,stSTX,24987
9053676,zest-v1,SP2FND3FF6W7J2115GXVS4M71H5JR8469E4DJYRHK,SP2FND3FF6W7J2115GXVS4M71H5JR8469E4DJYRHK,debt,USDH,2432368
9053676,zest-v1,SP2FND3FF6W7J2115GXVS4M71H5JR8469E4DJYRHK,SP2FND3FF6W7J2115GXVS4M71H5JR8469E4DJYRHK,debt_stored,USDH,2167661
9053676,zest-v1,SP2FSQ43XMXR76HN1X0YMXWJN4NX7HKKC6DX7D2H6,SP2FSQ43XMXR76HN1X0YMXWJN4NX7HKKC6DX7D2H6,collateral,stSTX,13238007
9053676,zest-v1,SP2FSQ43XMXR76HN1X0YMXWJN4NX7HKKC6DX7D2H6,SP2FSQ43XMXR76HN1X0YMXWJN4NX7HKKC6DX7D2H6,debt,STX,4590108
9053676,zest-v1,SP2FSQ43XMXR76HN1X0YMXWJN4NX7HKKC6DX7D2H6,SP2FSQ43XMXR76HN1X0YMXWJN4NX7HKKC6DX7D2H6,debt_stored,STX,3980001
9053676,zest-v1,SP2FXB6AW37VTZX6RF4Y6SHA2RG5CAY3M219ZACHP,SP2FXB6AW37VTZX6RF4Y6SHA2RG5CAY3M219ZACHP,collateral,stSTX,309062835
9053676,zest-v1,SP2FXB6AW37VTZX6RF4Y6SHA2RG5CAY3M219ZACHP,SP2FXB6AW37VTZX6RF4Y6SHA2RG5CAY3M219ZACHP,debt,stSTX,138347904
9053676,zest-v1,SP2FXB6AW37VTZX6RF4Y6SHA2RG5CAY3M219ZACHP,SP2FXB6AW37VTZX6RF4Y6SHA2RG5CAY3M219ZACHP,debt_stored,stSTX,131967469
9053676,zest-v1,SP2G0P8PWG999ZAQ4K9K8PDFHYY5F817RF515RNK8,SP2G0P8PWG999ZAQ4K9K8PDFHYY5F817RF515RNK8,collateral,aeUSDC,303
9053676,zest-v1,SP2G0P8PWG999ZAQ4K9K8PDFHYY5F817RF515RNK8,SP2G0P8PWG999ZAQ4K9K8PDFHYY5F817RF515RNK8,collateral,sBTC,6260526
9053676,zest-v1,SP2G0P8PWG999ZAQ4K9K8PDFHYY5F817RF515RNK8,SP2G0P8PWG999ZAQ4K9K8PDFHYY5F817RF515RNK8,debt,aeUSDC,2012772288
9053676,zest-v1,SP2G0P8PWG999ZAQ4K9K8PDFHYY5F817RF515RNK8,SP2G0P8PWG999ZAQ4K9K8PDFHYY5F817RF515RNK8,debt_stored,aeUSDC,2003338308
9053676,zest-v1,SP2G6TM8JCRNK6WSPQE8S86FP2W3A4FEVGZCCCQT8,SP2G6TM8JCRNK6WSPQE8S86FP2W3A4FEVGZCCCQT8,collateral,sBTC,150
9053676,zest-v1,SP2G6TM8JCRNK6WSPQE8S86FP2W3A4FEVGZCCCQT8,SP2G6TM8JCRNK6WSPQE8S86FP2W3A4FEVGZCCCQT8,debt,ALEX,1001
9053676,zest-v1,SP2G6TM8JCRNK6WSPQE8S86FP2W3A4FEVGZCCCQT8,SP2G6TM8JCRNK6WSPQE8S86FP2W3A4FEVGZCCCQT8,debt_stored,ALEX,1000
9053676,zest-v1,SP2G8PQH2QV3ZGNE4SYJH81JQ87PVWHCTKQ7J424C,SP2G8PQH2QV3ZGNE4SYJH81JQ87PVWHCTKQ7J424C,collateral,aeUSDC,505347951
9053676,zest-v1,SP2G8PQH2QV3ZGNE4SYJH81JQ87PVWHCTKQ7J424C,SP2G8PQH2QV3ZGNE4SYJH81JQ87PVWHCTKQ7J424C,collateral,stSTX,116
9053676,zest-v1,SP2G8PQH2QV3ZGNE4SYJH81JQ87PVWHCTKQ7J424C,SP2G8PQH2QV3ZGNE4SYJH81JQ87PVWHCTKQ7J424C,debt,STX,9
9053676,zest-v1,SP2G8PQH2QV3ZGNE4SYJH81JQ87PVWHCTKQ7J424C,SP2G8PQH2QV3ZGNE4SYJH81JQ87PVWHCTKQ7J424C,debt_stored,STX,8
9053676,zest-v1,SP2GB8MCSPVQRX2M7ACDTKS75DHA0JQ8GSD5JJ8ED,SP2GB8MCSPVQRX2M7ACDTKS75DHA0JQ8GSD5JJ8ED,collateral,DIKO,26627063106
9053676,zest-v1,SP2GB8MCSPVQRX2M7ACDTKS75DHA0JQ8GSD5JJ8ED,SP2GB8MCSPVQRX2M7ACDTKS75DHA0JQ8GSD5JJ8ED,collateral,USDH,4033
9053676,zest-v1,SP2GB8MCSPVQRX2M7ACDTKS75DHA0JQ8GSD5JJ8ED,SP2GB8MCSPVQRX2M7ACDTKS75DHA0JQ8GSD5JJ8ED,collateral,aeUSDC,146
9053676,zest-v1,SP2GB8MCSPVQRX2M7ACDTKS75DHA0JQ8GSD5JJ8ED,SP2GB8MCSPVQRX2M7ACDTKS75DHA0JQ8GSD5JJ8ED,collateral,stSTX,25970232811
9053676,zest-v1,SP2GB8MCSPVQRX2M7ACDTKS75DHA0JQ8GSD5JJ8ED,SP2GB8MCSPVQRX2M7ACDTKS75DHA0JQ8GSD5JJ8ED,debt,stSTX,12684962249
9053676,zest-v1,SP2GB8MCSPVQRX2M7ACDTKS75DHA0JQ8GSD5JJ8ED,SP2GB8MCSPVQRX2M7ACDTKS75DHA0JQ8GSD5JJ8ED,debt_stored,stSTX,12132406361
9053676,zest-v1,SP2GG01D9KJD83T2J2WVH16M5WZG5PXEC2SHDZ2V0,SP2GG01D9KJD83T2J2WVH16M5WZG5PXEC2SHDZ2V0,collateral,stSTX,117419235
9053676,zest-v1,SP2GG01D9KJD83T2J2WVH16M5WZG5PXEC2SHDZ2V0,SP2GG01D9KJD83T2J2WVH16M5WZG5PXEC2SHDZ2V0,debt,STX,66266659
9053676,zest-v1,SP2GG01D9KJD83T2J2WVH16M5WZG5PXEC2SHDZ2V0,SP2GG01D9KJD83T2J2WVH16M5WZG5PXEC2SHDZ2V0,debt_stored,STX,57000000
9053676,zest-v1,SP2GGHY9C697PSVBNX1TSFDJCH003DZBTCFTCF9ZY,SP2GGHY9C697PSVBNX1TSFDJCH003DZBTCFTCF9ZY,collateral,STX,4488845
9053676,zest-v1,SP2GGHY9C697PSVBNX1TSFDJCH003DZBTCFTCF9ZY,SP2GGHY9C697PSVBNX1TSFDJCH003DZBTCFTCF9ZY,collateral,USDH,2143039300
9053676,zest-v1,SP2GGHY9C697PSVBNX1TSFDJCH003DZBTCFTCF9ZY,SP2GGHY9C697PSVBNX1TSFDJCH003DZBTCFTCF9ZY,debt,USDH,79234192
9053676,zest-v1,SP2GGHY9C697PSVBNX1TSFDJCH003DZBTCFTCF9ZY,SP2GGHY9C697PSVBNX1TSFDJCH003DZBTCFTCF9ZY,debt_stored,USDH,76276398
9053676,zest-v1,SP2GR4FFCNZ5FATP98Y50Y3V3J2F1NKQ8AP9GBP0W,SP2GR4FFCNZ5FATP98Y50Y3V3J2F1NKQ8AP9GBP0W,collateral,stSTX,131814037
9053676,zest-v1,SP2GR4FFCNZ5FATP98Y50Y3V3J2F1NKQ8AP9GBP0W,SP2GR4FFCNZ5FATP98Y50Y3V3J2F1NKQ8AP9GBP0W,debt,STX,58782340
9053676,zest-v1,SP2GR4FFCNZ5FATP98Y50Y3V3J2F1NKQ8AP9GBP0W,SP2GR4FFCNZ5FATP98Y50Y3V3J2F1NKQ8AP9GBP0W,debt,stSTX,6
9053676,zest-v1,SP2GR4FFCNZ5FATP98Y50Y3V3J2F1NKQ8AP9GBP0W,SP2GR4FFCNZ5FATP98Y50Y3V3J2F1NKQ8AP9GBP0W,debt_stored,STX,52000000
9053676,zest-v1,SP2GR4FFCNZ5FATP98Y50Y3V3J2F1NKQ8AP9GBP0W,SP2GR4FFCNZ5FATP98Y50Y3V3J2F1NKQ8AP9GBP0W,debt_stored,stSTX,5
9053676,zest-v1,SP2GRRJ18NHCHPDHJ8KCS09PJKR2HMK7Q26R9XMAQ,SP2GRRJ18NHCHPDHJ8KCS09PJKR2HMK7Q26R9XMAQ,collateral,STX,262942829
9053676,zest-v1,SP2GRRJ18NHCHPDHJ8KCS09PJKR2HMK7Q26R9XMAQ,SP2GRRJ18NHCHPDHJ8KCS09PJKR2HMK7Q26R9XMAQ,collateral,stSTX,940043537
9053676,zest-v1,SP2GRRJ18NHCHPDHJ8KCS09PJKR2HMK7Q26R9XMAQ,SP2GRRJ18NHCHPDHJ8KCS09PJKR2HMK7Q26R9XMAQ,debt,STX,292911532
9053676,zest-v1,SP2GRRJ18NHCHPDHJ8KCS09PJKR2HMK7Q26R9XMAQ,SP2GRRJ18NHCHPDHJ8KCS09PJKR2HMK7Q26R9XMAQ,debt_stored,STX,249107206
9053676,zest-v1,SP2GTAYZK314040CZJRDV743YTFEQD4SVM67S3D5G,SP2GTAYZK314040CZJRDV743YTFEQD4SVM67S3D5G,collateral,STX,451666
9053676,zest-v1,SP2GTAYZK314040CZJRDV743YTFEQD4SVM67S3D5G,SP2GTAYZK314040CZJRDV743YTFEQD4SVM67S3D5G,debt,STX,16853
9053676,zest-v1,SP2GTAYZK314040CZJRDV743YTFEQD4SVM67S3D5G,SP2GTAYZK314040CZJRDV743YTFEQD4SVM67S3D5G,debt_stored,STX,15000
9053676,zest-v1,SP2GWJXZQQ9CP9R6MGXNH01T3RY896JNCCNSJBN0Z,SP2GWJXZQQ9CP9R6MGXNH01T3RY896JNCCNSJBN0Z,collateral,stSTX,16159172
9053676,zest-v1,SP2GWJXZQQ9CP9R6MGXNH01T3RY896JNCCNSJBN0Z,SP2GWJXZQQ9CP9R6MGXNH01T3RY896JNCCNSJBN0Z,collateral,stSTXbtc,300000000
9053676,zest-v1,SP2GWJXZQQ9CP9R6MGXNH01T3RY896JNCCNSJBN0Z,SP2GWJXZQQ9CP9R6MGXNH01T3RY896JNCCNSJBN0Z,debt,aeUSDC,1680121
9053676,zest-v1,SP2GWJXZQQ9CP9R6MGXNH01T3RY896JNCCNSJBN0Z,SP2GWJXZQQ9CP9R6MGXNH01T3RY896JNCCNSJBN0Z,debt_stored,aeUSDC,1653331
9053676,zest-v1,SP2GZ39RX2YJYQDW72C73X6PFKX086FV9ZVKRTPEK,SP2GZ39RX2YJYQDW72C73X6PFKX086FV9ZVKRTPEK,collateral,stSTX,6787
9053676,zest-v1,SP2GZ39RX2YJYQDW72C73X6PFKX086FV9ZVKRTPEK,SP2GZ39RX2YJYQDW72C73X6PFKX086FV9ZVKRTPEK,debt,STX,97
9053676,zest-v1,SP2GZ39RX2YJYQDW72C73X6PFKX086FV9ZVKRTPEK,SP2GZ39RX2YJYQDW72C73X6PFKX086FV9ZVKRTPEK,debt_stored,STX,87
9053676,zest-v1,SP2H35FBMBRT3AEPEAQRC4MNHQ06KZGCE9P4N9E5X,SP2H35FBMBRT3AEPEAQRC4MNHQ06KZGCE9P4N9E5X,collateral,STX,10691327
9053676,zest-v1,SP2H35FBMBRT3AEPEAQRC4MNHQ06KZGCE9P4N9E5X,SP2H35FBMBRT3AEPEAQRC4MNHQ06KZGCE9P4N9E5X,debt,stSTX,4192757
9053676,zest-v1,SP2H35FBMBRT3AEPEAQRC4MNHQ06KZGCE9P4N9E5X,SP2H35FBMBRT3AEPEAQRC4MNHQ06KZGCE9P4N9E5X,debt_stored,stSTX,4000000
9053676,zest-v1,SP2H6B6ST4AD8263JE6XQTD827FMP2R7KTT3FYYBN,SP2H6B6ST4AD8263JE6XQTD827FMP2R7KTT3FYYBN,collateral,stSTX,130243473
9053676,zest-v1,SP2H6B6ST4AD8263JE6XQTD827FMP2R7KTT3FYYBN,SP2H6B6ST4AD8263JE6XQTD827FMP2R7KTT3FYYBN,debt,STX,60229918
9053676,zest-v1,SP2H6B6ST4AD8263JE6XQTD827FMP2R7KTT3FYYBN,SP2H6B6ST4AD8263JE6XQTD827FMP2R7KTT3FYYBN,debt,stSTX,3
9053676,zest-v1,SP2H6B6ST4AD8263JE6XQTD827FMP2R7KTT3FYYBN,SP2H6B6ST4AD8263JE6XQTD827FMP2R7KTT3FYYBN,debt_stored,STX,53235591
9053676,zest-v1,SP2H6B6ST4AD8263JE6XQTD827FMP2R7KTT3FYYBN,SP2H6B6ST4AD8263JE6XQTD827FMP2R7KTT3FYYBN,debt_stored,stSTX,2
9053676,zest-v1,SP2H84QZT1V0YZ70RTRZFT7HAZWDK88XK4CSNBMYE,SP2H84QZT1V0YZ70RTRZFT7HAZWDK88XK4CSNBMYE,collateral,stSTX,486
9053676,zest-v1,SP2H84QZT1V0YZ70RTRZFT7HAZWDK88XK4CSNBMYE,SP2H84QZT1V0YZ70RTRZFT7HAZWDK88XK4CSNBMYE,debt,STX,54
9053676,zest-v1,SP2H84QZT1V0YZ70RTRZFT7HAZWDK88XK4CSNBMYE,SP2H84QZT1V0YZ70RTRZFT7HAZWDK88XK4CSNBMYE,debt_stored,STX,48
9053676,zest-v1,SP2H8KHH0YR27VZNGKDMNRCDTZES3X1ZAJVXHY3BH,SP2H8KHH0YR27VZNGKDMNRCDTZES3X1ZAJVXHY3BH,collateral,stSTX,60850260
9053676,zest-v1,SP2H8KHH0YR27VZNGKDMNRCDTZES3X1ZAJVXHY3BH,SP2H8KHH0YR27VZNGKDMNRCDTZES3X1ZAJVXHY3BH,debt,stSTX,31458236
9053676,zest-v1,SP2H8KHH0YR27VZNGKDMNRCDTZES3X1ZAJVXHY3BH,SP2H8KHH0YR27VZNGKDMNRCDTZES3X1ZAJVXHY3BH,debt_stored,stSTX,30000000
9053676,zest-v1,SP2H9REMYWFACJ3VC18R8553DRC7G3S9WW6G0V0N3,SP2H9REMYWFACJ3VC18R8553DRC7G3S9WW6G0V0N3,collateral,sBTC,12
9053676,zest-v1,SP2H9REMYWFACJ3VC18R8553DRC7G3S9WW6G0V0N3,SP2H9REMYWFACJ3VC18R8553DRC7G3S9WW6G0V0N3,debt,sUSDT,15200
9053676,zest-v1,SP2H9REMYWFACJ3VC18R8553DRC7G3S9WW6G0V0N3,SP2H9REMYWFACJ3VC18R8553DRC7G3S9WW6G0V0N3,debt_stored,sUSDT,13804
9053676,zest-v1,SP2HE6QWJS3HRJEYAHX5DT0CPP9E6EJX6CBV28S64,SP2HE6QWJS3HRJEYAHX5DT0CPP9E6EJX6CBV28S64,collateral,USDH,5408655722
9053676,zest-v1,SP2HE6QWJS3HRJEYAHX5DT0CPP9E6EJX6CBV28S64,SP2HE6QWJS3HRJEYAHX5DT0CPP9E6EJX6CBV28S64,collateral,stSTX,35570783
9053676,zest-v1,SP2HE6QWJS3HRJEYAHX5DT0CPP9E6EJX6CBV28S64,SP2HE6QWJS3HRJEYAHX5DT0CPP9E6EJX6CBV28S64,debt,USDH,356195912
9053676,zest-v1,SP2HE6QWJS3HRJEYAHX5DT0CPP9E6EJX6CBV28S64,SP2HE6QWJS3HRJEYAHX5DT0CPP9E6EJX6CBV28S64,debt_stored,USDH,353465501
9053676,zest-v1,SP2HER9FS9TAH93ENW0PC6JZR27WN5HT8R94GJTRR,SP2HER9FS9TAH93ENW0PC6JZR27WN5HT8R94GJTRR,collateral,STX,2442642
9053676,zest-v1,SP2HER9FS9TAH93ENW0PC6JZR27WN5HT8R94GJTRR,SP2HER9FS9TAH93ENW0PC6JZR27WN5HT8R94GJTRR,debt,aeUSDC,329961
9053676,zest-v1,SP2HER9FS9TAH93ENW0PC6JZR27WN5HT8R94GJTRR,SP2HER9FS9TAH93ENW0PC6JZR27WN5HT8R94GJTRR,debt_stored,aeUSDC,264697
9053676,zest-v1,SP2HHTZRJFAE92M5V5Z3NHFYJDNG5NEWMNXB0MG4W,SP2HHTZRJFAE92M5V5Z3NHFYJDNG5NEWMNXB0MG4W,collateral,stSTX,1191762229
9053676,zest-v1,SP2HHTZRJFAE92M5V5Z3NHFYJDNG5NEWMNXB0MG4W,SP2HHTZRJFAE92M5V5Z3NHFYJDNG5NEWMNXB0MG4W,debt,STX,587511005
9053676,zest-v1,SP2HHTZRJFAE92M5V5Z3NHFYJDNG5NEWMNXB0MG4W,SP2HHTZRJFAE92M5V5Z3NHFYJDNG5NEWMNXB0MG4W,debt_stored,STX,500000000
9053676,zest-v1,SP2HJ5P67V0MKJA0BNW4AVGF166SK4MX8W6JK2XC,SP2HJ5P67V0MKJA0BNW4AVGF166SK4MX8W6JK2XC,collateral,STX,65168
9053676,zest-v1,SP2HJ5P67V0MKJA0BNW4AVGF166SK4MX8W6JK2XC,SP2HJ5P67V0MKJA0BNW4AVGF166SK4MX8W6JK2XC,debt,STX,1227
9053676,zest-v1,SP2HJ5P67V0MKJA0BNW4AVGF166SK4MX8W6JK2XC,SP2HJ5P67V0MKJA0BNW4AVGF166SK4MX8W6JK2XC,debt_stored,STX,1095
9053676,zest-v1,SP2HMJC22B41J1CXXPMKJGW0GV3PWF9X0WN5ETW0E,SP2HMJC22B41J1CXXPMKJGW0GV3PWF9X0WN5ETW0E,collateral,stSTX,56980940
9053676,zest-v1,SP2HMJC22B41J1CXXPMKJGW0GV3PWF9X0WN5ETW0E,SP2HMJC22B41J1CXXPMKJGW0GV3PWF9X0WN5ETW0E,debt,STX,23265740
9053676,zest-v1,SP2HMJC22B41J1CXXPMKJGW0GV3PWF9X0WN5ETW0E,SP2HMJC22B41J1CXXPMKJGW0GV3PWF9X0WN5ETW0E,debt_stored,STX,20000000
9053676,zest-v1,SP2HR75CN7VBHPKF0YMV384NAE0NMERD1NGPM6M6K,SP2HR75CN7VBHPKF0YMV384NAE0NMERD1NGPM6M6K,collateral,sBTC,50189
9053676,zest-v1,SP2HR75CN7VBHPKF0YMV384NAE0NMERD1NGPM6M6K,SP2HR75CN7VBHPKF0YMV384NAE0NMERD1NGPM6M6K,debt,aeUSDC,1131242
9053676,zest-v1,SP2HR75CN7VBHPKF0YMV384NAE0NMERD1NGPM6M6K,SP2HR75CN7VBHPKF0YMV384NAE0NMERD1NGPM6M6K,debt_stored,aeUSDC,1000000
9053676,zest-v1,SP2HRJN95ERWZDA1MBC70F1DRZX55XGH1VD9GFVF,SP2HRJN95ERWZDA1MBC70F1DRZX55XGH1VD9GFVF,collateral,STX,103677
9053676,zest-v1,SP2HRJN95ERWZDA1MBC70F1DRZX55XGH1VD9GFVF,SP2HRJN95ERWZDA1MBC70F1DRZX55XGH1VD9GFVF,debt,STX,13687
9053676,zest-v1,SP2HRJN95ERWZDA1MBC70F1DRZX55XGH1VD9GFVF,SP2HRJN95ERWZDA1MBC70F1DRZX55XGH1VD9GFVF,debt_stored,STX,12437
9053676,zest-v1,SP2HRZ9W6PAEFH755MPDK664SAFC40W65JWWTY93W,SP2HRZ9W6PAEFH755MPDK664SAFC40W65JWWTY93W,collateral,STX,1070063
9053676,zest-v1,SP2HRZ9W6PAEFH755MPDK664SAFC40W65JWWTY93W,SP2HRZ9W6PAEFH755MPDK664SAFC40W65JWWTY93W,debt,STX,233172
9053676,zest-v1,SP2HRZ9W6PAEFH755MPDK664SAFC40W65JWWTY93W,SP2HRZ9W6PAEFH755MPDK664SAFC40W65JWWTY93W,debt_stored,STX,200000
9053676,zest-v1,SP2HTNFVF2XKP814TTY9M3B2N71C85G34N4R576YZ,SP2HTNFVF2XKP814TTY9M3B2N71C85G34N4R576YZ,collateral,stSTX,2239
9053676,zest-v1,SP2HTNFVF2XKP814TTY9M3B2N71C85G34N4R576YZ,SP2HTNFVF2XKP814TTY9M3B2N71C85G34N4R576YZ,debt,STX,177
9053676,zest-v1,SP2HTNFVF2XKP814TTY9M3B2N71C85G34N4R576YZ,SP2HTNFVF2XKP814TTY9M3B2N71C85G34N4R576YZ,debt_stored,STX,156
9053676,zest-v1,SP2J0YX7RWKGQZVNC2BBZR3KMTH6K7A9Q864M8FM6,SP2J0YX7RWKGQZVNC2BBZR3KMTH6K7A9Q864M8FM6,collateral,stSTX,555073560
9053676,zest-v1,SP2J0YX7RWKGQZVNC2BBZR3KMTH6K7A9Q864M8FM6,SP2J0YX7RWKGQZVNC2BBZR3KMTH6K7A9Q864M8FM6,debt,stSTX,288960625
9053676,zest-v1,SP2J0YX7RWKGQZVNC2BBZR3KMTH6K7A9Q864M8FM6,SP2J0YX7RWKGQZVNC2BBZR3KMTH6K7A9Q864M8FM6,debt_stored,stSTX,275658701
9053676,zest-v1,SP2J22Q10P49C83AAZDCM7AFDV98DFV3TF2B1A0TF,SP2J22Q10P49C83AAZDCM7AFDV98DFV3TF2B1A0TF,collateral,stSTX,50088955
9053676,zest-v1,SP2J22Q10P49C83AAZDCM7AFDV98DFV3TF2B1A0TF,SP2J22Q10P49C83AAZDCM7AFDV98DFV3TF2B1A0TF,debt,STX,11658749
9053676,zest-v1,SP2J22Q10P49C83AAZDCM7AFDV98DFV3TF2B1A0TF,SP2J22Q10P49C83AAZDCM7AFDV98DFV3TF2B1A0TF,debt_stored,STX,10000000
9053676,zest-v1,SP2J2VTVRNQ8EW2XGGGM4460W3KW9BCRN0M6RKYZ4,SP2J2VTVRNQ8EW2XGGGM4460W3KW9BCRN0M6RKYZ4,collateral,stSTX,23
9053676,zest-v1,SP2J2VTVRNQ8EW2XGGGM4460W3KW9BCRN0M6RKYZ4,SP2J2VTVRNQ8EW2XGGGM4460W3KW9BCRN0M6RKYZ4,debt,STX,3
9053676,zest-v1,SP2J2VTVRNQ8EW2XGGGM4460W3KW9BCRN0M6RKYZ4,SP2J2VTVRNQ8EW2XGGGM4460W3KW9BCRN0M6RKYZ4,debt_stored,STX,2
9053676,zest-v1,SP2J8Z373ZY2JN5YRMPCEBMGDC8FQXH23796FKB0B,SP2J8Z373ZY2JN5YRMPCEBMGDC8FQXH23796FKB0B,collateral,stSTX,130825597
9053676,zest-v1,SP2J8Z373ZY2JN5YRMPCEBMGDC8FQXH23796FKB0B,SP2J8Z373ZY2JN5YRMPCEBMGDC8FQXH23796FKB0B,debt,STX,58782340
9053676,zest-v1,SP2J8Z373ZY2JN5YRMPCEBMGDC8FQXH23796FKB0B,SP2J8Z373ZY2JN5YRMPCEBMGDC8FQXH23796FKB0B,debt_stored,STX,52000000
9053676,zest-v1,SP2JAWRXBJTETMYFRDMVT11NA4MN5DWDXX9928NY5,SP2JAWRXBJTETMYFRDMVT11NA4MN5DWDXX9928NY5,collateral,stSTX,29486742
9053676,zest-v1,SP2JAWRXBJTETMYFRDMVT11NA4MN5DWDXX9928NY5,SP2JAWRXBJTETMYFRDMVT11NA4MN5DWDXX9928NY5,debt,STX,12028404
9053676,zest-v1,SP2JAWRXBJTETMYFRDMVT11NA4MN5DWDXX9928NY5,SP2JAWRXBJTETMYFRDMVT11NA4MN5DWDXX9928NY5,debt,USDH,168282524
9053676,zest-v1,SP2JAWRXBJTETMYFRDMVT11NA4MN5DWDXX9928NY5,SP2JAWRXBJTETMYFRDMVT11NA4MN5DWDXX9928NY5,debt,stSTX,11
9053676,zest-v1,SP2JAWRXBJTETMYFRDMVT11NA4MN5DWDXX9928NY5,SP2JAWRXBJTETMYFRDMVT11NA4MN5DWDXX9928NY5,debt_stored,STX,11930237
9053676,zest-v1,SP2JAWRXBJTETMYFRDMVT11NA4MN5DWDXX9928NY5,SP2JAWRXBJTETMYFRDMVT11NA4MN5DWDXX9928NY5,debt_stored,USDH,166992562
9053676,zest-v1,SP2JAWRXBJTETMYFRDMVT11NA4MN5DWDXX9928NY5,SP2JAWRXBJTETMYFRDMVT11NA4MN5DWDXX9928NY5,debt_stored,stSTX,10
9053676,zest-v1,SP2JB7WMQCASVC2RDYC1VYS6PXCCR6MEX1FFXBDWE,SP2JB7WMQCASVC2RDYC1VYS6PXCCR6MEX1FFXBDWE,collateral,sBTC,842
9053676,zest-v1,SP2JB7WMQCASVC2RDYC1VYS6PXCCR6MEX1FFXBDWE,SP2JB7WMQCASVC2RDYC1VYS6PXCCR6MEX1FFXBDWE,debt,aeUSDC,428783
9053676,zest-v1,SP2JB7WMQCASVC2RDYC1VYS6PXCCR6MEX1FFXBDWE,SP2JB7WMQCASVC2RDYC1VYS6PXCCR6MEX1FFXBDWE,debt_stored,aeUSDC,405813
9053676,zest-v1,SP2JC5RNBKSSQ1M68Z59WG5MF4QJ7X0VER7V5252A,SP2JC5RNBKSSQ1M68Z59WG5MF4QJ7X0VER7V5252A,collateral,stSTX,2099445
9053676,zest-v1,SP2JC5RNBKSSQ1M68Z59WG5MF4QJ7X0VER7V5252A,SP2JC5RNBKSSQ1M68Z59WG5MF4QJ7X0VER7V5252A,debt,aeUSDC,528293
9053676,zest-v1,SP2JC5RNBKSSQ1M68Z59WG5MF4QJ7X0VER7V5252A,SP2JC5RNBKSSQ1M68Z59WG5MF4QJ7X0VER7V5252A,debt_stored,aeUSDC,498184
9053676,zest-v1,SP2JEYQD9RKAP4SKYPBMCY4EMS37RJS92GZ8ND4DG,SP2JEYQD9RKAP4SKYPBMCY4EMS37RJS92GZ8ND4DG,collateral,stSTX,74131899
9053676,zest-v1,SP2JEYQD9RKAP4SKYPBMCY4EMS37RJS92GZ8ND4DG,SP2JEYQD9RKAP4SKYPBMCY4EMS37RJS92GZ8ND4DG,debt,aeUSDC,3187
9053676,zest-v1,SP2JEYQD9RKAP4SKYPBMCY4EMS37RJS92GZ8ND4DG,SP2JEYQD9RKAP4SKYPBMCY4EMS37RJS92GZ8ND4DG,debt_stored,aeUSDC,2388
9053676,zest-v1,SP2JFY8426TTDWZAPGAGYYNVJ6R9PP72HCB26YTQA,SP2JFY8426TTDWZAPGAGYYNVJ6R9PP72HCB26YTQA,collateral,stSTX,150956548
9053676,zest-v1,SP2JFY8426TTDWZAPGAGYYNVJ6R9PP72HCB26YTQA,SP2JFY8426TTDWZAPGAGYYNVJ6R9PP72HCB26YTQA,debt,STX,75704346
9053676,zest-v1,SP2JFY8426TTDWZAPGAGYYNVJ6R9PP72HCB26YTQA,SP2JFY8426TTDWZAPGAGYYNVJ6R9PP72HCB26YTQA,debt_stored,STX,64406884
9053676,zest-v1,SP2JR4ZWCHTAF17NF8YW2WSBCEWTNYNCRWKSY8SVD,SP2JR4ZWCHTAF17NF8YW2WSBCEWTNYNCRWKSY8SVD,collateral,sBTC,602646
9053676,zest-v1,SP2JR4ZWCHTAF17NF8YW2WSBCEWTNYNCRWKSY8SVD,SP2JR4ZWCHTAF17NF8YW2WSBCEWTNYNCRWKSY8SVD,collateral,stSTXbtc,100000000
9053676,zest-v1,SP2JR4ZWCHTAF17NF8YW2WSBCEWTNYNCRWKSY8SVD,SP2JR4ZWCHTAF17NF8YW2WSBCEWTNYNCRWKSY8SVD,debt,aeUSDC,195862584
9053676,zest-v1,SP2JR4ZWCHTAF17NF8YW2WSBCEWTNYNCRWKSY8SVD,SP2JR4ZWCHTAF17NF8YW2WSBCEWTNYNCRWKSY8SVD,debt,sUSDT,571
9053676,zest-v1,SP2JR4ZWCHTAF17NF8YW2WSBCEWTNYNCRWKSY8SVD,SP2JR4ZWCHTAF17NF8YW2WSBCEWTNYNCRWKSY8SVD,debt_stored,aeUSDC,194944565
9053676,zest-v1,SP2JR4ZWCHTAF17NF8YW2WSBCEWTNYNCRWKSY8SVD,SP2JR4ZWCHTAF17NF8YW2WSBCEWTNYNCRWKSY8SVD,debt_stored,sUSDT,516
9053676,zest-v1,SP2JVB44M39020KH1RX84JCXC3PZA58VDZ7ZK35GK,SP2JVB44M39020KH1RX84JCXC3PZA58VDZ7ZK35GK,collateral,STX,2604338
9053676,zest-v1,SP2JVB44M39020KH1RX84JCXC3PZA58VDZ7ZK35GK,SP2JVB44M39020KH1RX84JCXC3PZA58VDZ7ZK35GK,collateral,stSTX,1690209
9053676,zest-v1,SP2JVB44M39020KH1RX84JCXC3PZA58VDZ7ZK35GK,SP2JVB44M39020KH1RX84JCXC3PZA58VDZ7ZK35GK,debt,aeUSDC,939566
9053676,zest-v1,SP2JVB44M39020KH1RX84JCXC3PZA58VDZ7ZK35GK,SP2JVB44M39020KH1RX84JCXC3PZA58VDZ7ZK35GK,debt_stored,aeUSDC,885799
9053676,zest-v1,SP2JWM4MB1SBY2FT3PG5PM0V12NW8Y4FK1XXWBHSF,SP2JWM4MB1SBY2FT3PG5PM0V12NW8Y4FK1XXWBHSF,collateral,stSTX,5943406
9053676,zest-v1,SP2JWM4MB1SBY2FT3PG5PM0V12NW8Y4FK1XXWBHSF,SP2JWM4MB1SBY2FT3PG5PM0V12NW8Y4FK1XXWBHSF,debt,USDH,177723036
9053676,zest-v1,SP2JWM4MB1SBY2FT3PG5PM0V12NW8Y4FK1XXWBHSF,SP2JWM4MB1SBY2FT3PG5PM0V12NW8Y4FK1XXWBHSF,debt_stored,USDH,165583074
9053676,zest-v1,SP2JZH30520DFFS4Z15RY0Q9ZXEFNF6E32S7XZ1YK,SP2JZH30520DFFS4Z15RY0Q9ZXEFNF6E32S7XZ1YK,collateral,USDH,288
9053676,zest-v1,SP2JZH30520DFFS4Z15RY0Q9ZXEFNF6E32S7XZ1YK,SP2JZH30520DFFS4Z15RY0Q9ZXEFNF6E32S7XZ1YK,collateral,stSTX,3020212
9053676,zest-v1,SP2JZH30520DFFS4Z15RY0Q9ZXEFNF6E32S7XZ1YK,SP2JZH30520DFFS4Z15RY0Q9ZXEFNF6E32S7XZ1YK,debt,USDH,80521545
9053676,zest-v1,SP2JZH30520DFFS4Z15RY0Q9ZXEFNF6E32S7XZ1YK,SP2JZH30520DFFS4Z15RY0Q9ZXEFNF6E32S7XZ1YK,debt_stored,USDH,75693692
9053676,zest-v1,SP2K3F56YDVABD2MQG01KGJ0RQZYY4C8B6VJS5GT4,SP2K3F56YDVABD2MQG01KGJ0RQZYY4C8B6VJS5GT4,collateral,stSTX,13209775
9053676,zest-v1,SP2K3F56YDVABD2MQG01KGJ0RQZYY4C8B6VJS5GT4,SP2K3F56YDVABD2MQG01KGJ0RQZYY4C8B6VJS5GT4,debt,STX,4590098
9053676,zest-v1,SP2K3F56YDVABD2MQG01KGJ0RQZYY4C8B6VJS5GT4,SP2K3F56YDVABD2MQG01KGJ0RQZYY4C8B6VJS5GT4,debt_stored,STX,3980001
9053676,zest-v1,SP2K5XE7V0KG367V3K9NN09Z0D501019MV3HXRKVA,SP2K5XE7V0KG367V3K9NN09Z0D501019MV3HXRKVA,collateral,sBTC,40509198
9053676,zest-v1,SP2K5XE7V0KG367V3K9NN09Z0D501019MV3HXRKVA,SP2K5XE7V0KG367V3K9NN09Z0D501019MV3HXRKVA,debt,aeUSDC,15559437925
9053676,zest-v1,SP2K5XE7V0KG367V3K9NN09Z0D501019MV3HXRKVA,SP2K5XE7V0KG367V3K9NN09Z0D501019MV3HXRKVA,debt_stored,aeUSDC,15205323726
9053676,zest-v1,SP2K793MN5VVA4GN2ZX72NVEB7E0PGR5CTC3HSVAJ,SP2K793MN5VVA4GN2ZX72NVEB7E0PGR5CTC3HSVAJ,collateral,stSTX,147628404
9053676,zest-v1,SP2K793MN5VVA4GN2ZX72NVEB7E0PGR5CTC3HSVAJ,SP2K793MN5VVA4GN2ZX72NVEB7E0PGR5CTC3HSVAJ,debt,STX,82311637
9053676,zest-v1,SP2K793MN5VVA4GN2ZX72NVEB7E0PGR5CTC3HSVAJ,SP2K793MN5VVA4GN2ZX72NVEB7E0PGR5CTC3HSVAJ,debt_stored,STX,70000000
9053676,zest-v1,SP2K9MJ51N9B7H1MR5V99K2D1G5WK013M1AW7S0PG,SP2K9MJ51N9B7H1MR5V99K2D1G5WK013M1AW7S0PG,collateral,stSTX,68770175
9053676,zest-v1,SP2K9MJ51N9B7H1MR5V99K2D1G5WK013M1AW7S0PG,SP2K9MJ51N9B7H1MR5V99K2D1G5WK013M1AW7S0PG,debt,STX,31432057
9053676,zest-v1,SP2K9MJ51N9B7H1MR5V99K2D1G5WK013M1AW7S0PG,SP2K9MJ51N9B7H1MR5V99K2D1G5WK013M1AW7S0PG,debt_stored,STX,27000000
9053676,zest-v1,SP2KCT8MH5GBAZ1B4AQ4ECEQPWTQBHXV5TYD4JQPH,SP2KCT8MH5GBAZ1B4AQ4ECEQPWTQBHXV5TYD4JQPH,collateral,stSTX,8467663
9053676,zest-v1,SP2KCT8MH5GBAZ1B4AQ4ECEQPWTQBHXV5TYD4JQPH,SP2KCT8MH5GBAZ1B4AQ4ECEQPWTQBHXV5TYD4JQPH,debt,STX,2416532
9053676,zest-v1,SP2KCT8MH5GBAZ1B4AQ4ECEQPWTQBHXV5TYD4JQPH,SP2KCT8MH5GBAZ1B4AQ4ECEQPWTQBHXV5TYD4JQPH,debt,aeUSDC,1699368
9053676,zest-v1,SP2KCT8MH5GBAZ1B4AQ4ECEQPWTQBHXV5TYD4JQPH,SP2KCT8MH5GBAZ1B4AQ4ECEQPWTQBHXV5TYD4JQPH,debt_stored,STX,2060105
9053676,zest-v1,SP2KCT8MH5GBAZ1B4AQ4ECEQPWTQBHXV5TYD4JQPH,SP2KCT8MH5GBAZ1B4AQ4ECEQPWTQBHXV5TYD4JQPH,debt_stored,aeUSDC,1587118
9053676,zest-v1,SP2KD79FKDGDM8K9HRBG26YC6MNAD3EFM7A6A9ZM1,SP2KD79FKDGDM8K9HRBG26YC6MNAD3EFM7A6A9ZM1,collateral,STX,1575421
9053676,zest-v1,SP2KD79FKDGDM8K9HRBG26YC6MNAD3EFM7A6A9ZM1,SP2KD79FKDGDM8K9HRBG26YC6MNAD3EFM7A6A9ZM1,collateral,stSTX,13016319
9053676,zest-v1,SP2KD79FKDGDM8K9HRBG26YC6MNAD3EFM7A6A9ZM1,SP2KD79FKDGDM8K9HRBG26YC6MNAD3EFM7A6A9ZM1,debt,stSTX,5812046
9053676,zest-v1,SP2KD79FKDGDM8K9HRBG26YC6MNAD3EFM7A6A9ZM1,SP2KD79FKDGDM8K9HRBG26YC6MNAD3EFM7A6A9ZM1,debt_stored,stSTX,5558111
9053676,zest-v1,SP2KGEV3H9RDZYTFFP6TPKRYNMDQFSF6BSFKFRB1M,SP2KGEV3H9RDZYTFFP6TPKRYNMDQFSF6BSFKFRB1M,collateral,sBTC,8
9053676,zest-v1,SP2KGEV3H9RDZYTFFP6TPKRYNMDQFSF6BSFKFRB1M,SP2KGEV3H9RDZYTFFP6TPKRYNMDQFSF6BSFKFRB1M,debt,USDH,641771
9053676,zest-v1,SP2KGEV3H9RDZYTFFP6TPKRYNMDQFSF6BSFKFRB1M,SP2KGEV3H9RDZYTFFP6TPKRYNMDQFSF6BSFKFRB1M,debt_stored,USDH,593593
9053676,zest-v1,SP2KK924Y35RZ81KS2B445D19V47QSR4BYF84J4BV,SP2KK924Y35RZ81KS2B445D19V47QSR4BYF84J4BV,collateral,stSTX,73682250
9053676,zest-v1,SP2KK924Y35RZ81KS2B445D19V47QSR4BYF84J4BV,SP2KK924Y35RZ81KS2B445D19V47QSR4BYF84J4BV,debt,STX,29364359
9053676,zest-v1,SP2KK924Y35RZ81KS2B445D19V47QSR4BYF84J4BV,SP2KK924Y35RZ81KS2B445D19V47QSR4BYF84J4BV,debt_stored,STX,25218811
9053676,zest-v1,SP2KNXRKVH1GQ5KPV3TNJZWZ7T0SFS824JBSVF3DG,SP2KNXRKVH1GQ5KPV3TNJZWZ7T0SFS824JBSVF3DG,collateral,stSTX,214810825
9053676,zest-v1,SP2KNXRKVH1GQ5KPV3TNJZWZ7T0SFS824JBSVF3DG,SP2KNXRKVH1GQ5KPV3TNJZWZ7T0SFS824JBSVF3DG,debt,STX,120805068
9053676,zest-v1,SP2KNXRKVH1GQ5KPV3TNJZWZ7T0SFS824JBSVF3DG,SP2KNXRKVH1GQ5KPV3TNJZWZ7T0SFS824JBSVF3DG,debt_stored,STX,102791802
9053676,zest-v1,SP2KST3SKBKWHA6T8JW71HVEXA313S40Q0WCJ2SQB,SP2KST3SKBKWHA6T8JW71HVEXA313S40Q0WCJ2SQB,collateral,STX,1374943
9053676,zest-v1,SP2KST3SKBKWHA6T8JW71HVEXA313S40Q0WCJ2SQB,SP2KST3SKBKWHA6T8JW71HVEXA313S40Q0WCJ2SQB,collateral,aeUSDC,620860
9053676,zest-v1,SP2KST3SKBKWHA6T8JW71HVEXA313S40Q0WCJ2SQB,SP2KST3SKBKWHA6T8JW71HVEXA313S40Q0WCJ2SQB,collateral,stSTX,1001782
9053676,zest-v1,SP2KST3SKBKWHA6T8JW71HVEXA313S40Q0WCJ2SQB,SP2KST3SKBKWHA6T8JW71HVEXA313S40Q0WCJ2SQB,debt,aeUSDC,667430
9053676,zest-v1,SP2KST3SKBKWHA6T8JW71HVEXA313S40Q0WCJ2SQB,SP2KST3SKBKWHA6T8JW71HVEXA313S40Q0WCJ2SQB,debt_stored,aeUSDC,629304
9053676,zest-v1,SP2KVT51FQP2TFBE69ZZQCG1CS55S5FWTJKWT4B22,SP2KVT51FQP2TFBE69ZZQCG1CS55S5FWTJKWT4B22,collateral,stSTX,2184116
9053676,zest-v1,SP2KVT51FQP2TFBE69ZZQCG1CS55S5FWTJKWT4B22,SP2KVT51FQP2TFBE69ZZQCG1CS55S5FWTJKWT4B22,debt,aeUSDC,793244
9053676,zest-v1,SP2KVT51FQP2TFBE69ZZQCG1CS55S5FWTJKWT4B22,SP2KVT51FQP2TFBE69ZZQCG1CS55S5FWTJKWT4B22,debt_stored,aeUSDC,735608
9053676,zest-v1,SP2KY7F21EWVRKJ2BQSMJTP68DDFCQ7BGKXJ50RGW,SP2KY7F21EWVRKJ2BQSMJTP68DDFCQ7BGKXJ50RGW,collateral,stSTX,5779742
9053676,zest-v1,SP2KY7F21EWVRKJ2BQSMJTP68DDFCQ7BGKXJ50RGW,SP2KY7F21EWVRKJ2BQSMJTP68DDFCQ7BGKXJ50RGW,debt,USDH,122962596
9053676,zest-v1,SP2KY7F21EWVRKJ2BQSMJTP68DDFCQ7BGKXJ50RGW,SP2KY7F21EWVRKJ2BQSMJTP68DDFCQ7BGKXJ50RGW,debt_stored,USDH,115022321
9053676,zest-v1,SP2M0EXZNKSZVHB4BC3M6F7N4QEW3NH82Z3ERS6NJ,SP2M0EXZNKSZVHB4BC3M6F7N4QEW3NH82Z3ERS6NJ,collateral,stSTXbtc,8955000000
9053676,zest-v1,SP2M0EXZNKSZVHB4BC3M6F7N4QEW3NH82Z3ERS6NJ,SP2M0EXZNKSZVHB4BC3M6F7N4QEW3NH82Z3ERS6NJ,debt,stSTX,3993730612
9053676,zest-v1,SP2M0EXZNKSZVHB4BC3M6F7N4QEW3NH82Z3ERS6NJ,SP2M0EXZNKSZVHB4BC3M6F7N4QEW3NH82Z3ERS6NJ,debt_stored,stSTX,3844124624
9053676,zest-v1,SP2M2ZFETRTR46K9J19N94JHGSBF8HRE4M01K721E,SP2M2ZFETRTR46K9J19N94JHGSBF8HRE4M01K721E,collateral,stSTX,1200409916
9053676,zest-v1,SP2M2ZFETRTR46K9J19N94JHGSBF8HRE4M01K721E,SP2M2ZFETRTR46K9J19N94JHGSBF8HRE4M01K721E,debt,stSTX,518457077
9053676,zest-v1,SP2M2ZFETRTR46K9J19N94JHGSBF8HRE4M01K721E,SP2M2ZFETRTR46K9J19N94JHGSBF8HRE4M01K721E,debt_stored,stSTX,495460165
9053676,zest-v1,SP2M3KJNCCQTTX609WGRDYVGE20GC1J1VWSYX9VGS,SP2M3KJNCCQTTX609WGRDYVGE20GC1J1VWSYX9VGS,collateral,stSTX,160942603
9053676,zest-v1,SP2M3KJNCCQTTX609WGRDYVGE20GC1J1VWSYX9VGS,SP2M3KJNCCQTTX609WGRDYVGE20GC1J1VWSYX9VGS,debt,STX,94075359
9053676,zest-v1,SP2M3KJNCCQTTX609WGRDYVGE20GC1J1VWSYX9VGS,SP2M3KJNCCQTTX609WGRDYVGE20GC1J1VWSYX9VGS,debt_stored,STX,80000000
9053676,zest-v1,SP2M52RZ429VAJDZ5GATQA7RVTHDYNAA68HEGHSKB,SP2M52RZ429VAJDZ5GATQA7RVTHDYNAA68HEGHSKB,collateral,stSTX,683612036
9053676,zest-v1,SP2M52RZ429VAJDZ5GATQA7RVTHDYNAA68HEGHSKB,SP2M52RZ429VAJDZ5GATQA7RVTHDYNAA68HEGHSKB,debt,stSTX,332317244
9053676,zest-v1,SP2M52RZ429VAJDZ5GATQA7RVTHDYNAA68HEGHSKB,SP2M52RZ429VAJDZ5GATQA7RVTHDYNAA68HEGHSKB,debt_stored,stSTX,318188641
9053676,zest-v1,SP2M64HRBNK59JJ2V23D92MMAS7V85GDQ8VCRGDG9,SP2M64HRBNK59JJ2V23D92MMAS7V85GDQ8VCRGDG9,collateral,stSTX,8743439
9053676,zest-v1,SP2M64HRBNK59JJ2V23D92MMAS7V85GDQ8VCRGDG9,SP2M64HRBNK59JJ2V23D92MMAS7V85GDQ8VCRGDG9,debt,STX,5212581
9053676,zest-v1,SP2M64HRBNK59JJ2V23D92MMAS7V85GDQ8VCRGDG9,SP2M64HRBNK59JJ2V23D92MMAS7V85GDQ8VCRGDG9,debt_stored,STX,4565541
9053676,zest-v1,SP2M7K3YM8813404G1R7AXV106CPWH0Z5ZA80JVAV,SP2M7K3YM8813404G1R7AXV106CPWH0Z5ZA80JVAV,collateral,stSTX,237
9053676,zest-v1,SP2M7K3YM8813404G1R7AXV106CPWH0Z5ZA80JVAV,SP2M7K3YM8813404G1R7AXV106CPWH0Z5ZA80JVAV,debt,stSTX,122
9053676,zest-v1,SP2M7K3YM8813404G1R7AXV106CPWH0Z5ZA80JVAV,SP2M7K3YM8813404G1R7AXV106CPWH0Z5ZA80JVAV,debt_stored,stSTX,117
9053676,zest-v1,SP2M8DXCMHY8J1AWP2P2TR3FTCA8FEB4ATYPEFJXB,SP2M8DXCMHY8J1AWP2P2TR3FTCA8FEB4ATYPEFJXB,collateral,STX,5756696
9053676,zest-v1,SP2M8DXCMHY8J1AWP2P2TR3FTCA8FEB4ATYPEFJXB,SP2M8DXCMHY8J1AWP2P2TR3FTCA8FEB4ATYPEFJXB,debt,aeUSDC,1171271
9053676,zest-v1,SP2M8DXCMHY8J1AWP2P2TR3FTCA8FEB4ATYPEFJXB,SP2M8DXCMHY8J1AWP2P2TR3FTCA8FEB4ATYPEFJXB,debt_stored,aeUSDC,1098246
9053676,zest-v1,SP2M8H2WD51MP1YWE1Z65T3ZXP5MM362YNWSP3E3X,SP2M8H2WD51MP1YWE1Z65T3ZXP5MM362YNWSP3E3X,collateral,STX,61
9053676,zest-v1,SP2M8H2WD51MP1YWE1Z65T3ZXP5MM362YNWSP3E3X,SP2M8H2WD51MP1YWE1Z65T3ZXP5MM362YNWSP3E3X,collateral,stSTX,2699621
9053676,zest-v1,SP2M8H2WD51MP1YWE1Z65T3ZXP5MM362YNWSP3E3X,SP2M8H2WD51MP1YWE1Z65T3ZXP5MM362YNWSP3E3X,debt,sBTC,721
9053676,zest-v1,SP2M8H2WD51MP1YWE1Z65T3ZXP5MM362YNWSP3E3X,SP2M8H2WD51MP1YWE1Z65T3ZXP5MM362YNWSP3E3X,debt_stored,sBTC,697
9053676,zest-v1,SP2M8THMJDTMT27QJ6BMZN5V8PG1C3FGXS39YA1AB,SP2M8THMJDTMT27QJ6BMZN5V8PG1C3FGXS39YA1AB,collateral,stSTX,142613070
9053676,zest-v1,SP2M8THMJDTMT27QJ6BMZN5V8PG1C3FGXS39YA1AB,SP2M8THMJDTMT27QJ6BMZN5V8PG1C3FGXS39YA1AB,debt,STX,64448176
9053676,zest-v1,SP2M8THMJDTMT27QJ6BMZN5V8PG1C3FGXS39YA1AB,SP2M8THMJDTMT27QJ6BMZN5V8PG1C3FGXS39YA1AB,debt_stored,STX,57000000
9053676,zest-v1,SP2MMNB14111VF1323CC52QY19ZBCK6CKV7G6E534,SP2MMNB14111VF1323CC52QY19ZBCK6CKV7G6E534,collateral,stSTX,335419
9053676,zest-v1,SP2MMNB14111VF1323CC52QY19ZBCK6CKV7G6E534,SP2MMNB14111VF1323CC52QY19ZBCK6CKV7G6E534,debt,stSTX,4
9053676,zest-v1,SP2MMNB14111VF1323CC52QY19ZBCK6CKV7G6E534,SP2MMNB14111VF1323CC52QY19ZBCK6CKV7G6E534,debt_stored,stSTX,3
9053676,zest-v1,SP2MQ1M6REE7JFQJRFH908H3D8BH7HS1J0WX1D1D7,SP2MQ1M6REE7JFQJRFH908H3D8BH7HS1J0WX1D1D7,collateral,STX,108332173
9053676,zest-v1,SP2MQ1M6REE7JFQJRFH908H3D8BH7HS1J0WX1D1D7,SP2MQ1M6REE7JFQJRFH908H3D8BH7HS1J0WX1D1D7,debt,STX,5865224
9053676,zest-v1,SP2MQ1M6REE7JFQJRFH908H3D8BH7HS1J0WX1D1D7,SP2MQ1M6REE7JFQJRFH908H3D8BH7HS1J0WX1D1D7,debt_stored,STX,5000000
9053676,zest-v1,SP2MTC6BZQD08WA9TPC1GMNG4AZW3NNZV3JN1EVD2,SP2MTC6BZQD08WA9TPC1GMNG4AZW3NNZV3JN1EVD2,collateral,STX,11931
9053676,zest-v1,SP2MTC6BZQD08WA9TPC1GMNG4AZW3NNZV3JN1EVD2,SP2MTC6BZQD08WA9TPC1GMNG4AZW3NNZV3JN1EVD2,debt,STX,2
9053676,zest-v1,SP2MTC6BZQD08WA9TPC1GMNG4AZW3NNZV3JN1EVD2,SP2MTC6BZQD08WA9TPC1GMNG4AZW3NNZV3JN1EVD2,debt_stored,STX,1
9053676,zest-v1,SP2MVFGS9Z6Y7WA374JQ2KVR4081C4Y8MWNCKMH4F,SP2MVFGS9Z6Y7WA374JQ2KVR4081C4Y8MWNCKMH4F,collateral,stSTX,2119
9053676,zest-v1,SP2MVFGS9Z6Y7WA374JQ2KVR4081C4Y8MWNCKMH4F,SP2MVFGS9Z6Y7WA374JQ2KVR4081C4Y8MWNCKMH4F,debt,stSTX,20
9053676,zest-v1,SP2MVFGS9Z6Y7WA374JQ2KVR4081C4Y8MWNCKMH4F,SP2MVFGS9Z6Y7WA374JQ2KVR4081C4Y8MWNCKMH4F,debt_stored,stSTX,19
9053676,zest-v1,SP2MXQ59EY1WM8ND18AYANAA3E32KNXB2Z6WE0KA8,SP2MXQ59EY1WM8ND18AYANAA3E32KNXB2Z6WE0KA8,collateral,STX,40894
9053676,zest-v1,SP2MXQ59EY1WM8ND18AYANAA3E32KNXB2Z6WE0KA8,SP2MXQ59EY1WM8ND18AYANAA3E32KNXB2Z6WE0KA8,debt,stSTX,45
9053676,zest-v1,SP2MXQ59EY1WM8ND18AYANAA3E32KNXB2Z6WE0KA8,SP2MXQ59EY1WM8ND18AYANAA3E32KNXB2Z6WE0KA8,debt_stored,stSTX,44
9053676,zest-v1,SP2MZQMF5VHZVYXWNAAJXJ9HPHNM8118VQ5T69X7P,SP2MZQMF5VHZVYXWNAAJXJ9HPHNM8118VQ5T69X7P,collateral,stSTX,35304681
9053676,zest-v1,SP2MZQMF5VHZVYXWNAAJXJ9HPHNM8118VQ5T69X7P,SP2MZQMF5VHZVYXWNAAJXJ9HPHNM8118VQ5T69X7P,debt,STX,20846494
9053676,zest-v1,SP2MZQMF5VHZVYXWNAAJXJ9HPHNM8118VQ5T69X7P,SP2MZQMF5VHZVYXWNAAJXJ9HPHNM8118VQ5T69X7P,debt_stored,STX,17926681
9053676,zest-v1,SP2N2P8298BA8PFKFJGFFMTMK54NN59XB8KQ46PRH,SP2N2P8298BA8PFKFJGFFMTMK54NN59XB8KQ46PRH,collateral,STX,949
9053676,zest-v1,SP2N2P8298BA8PFKFJGFFMTMK54NN59XB8KQ46PRH,SP2N2P8298BA8PFKFJGFFMTMK54NN59XB8KQ46PRH,debt,stSTX,2
9053676,zest-v1,SP2N2P8298BA8PFKFJGFFMTMK54NN59XB8KQ46PRH,SP2N2P8298BA8PFKFJGFFMTMK54NN59XB8KQ46PRH,debt_stored,stSTX,1
9053676,zest-v1,SP2N5M1PJ5X9RJTW9QS808Z1F4576BYG3FVA91QY3,SP2N5M1PJ5X9RJTW9QS808Z1F4576BYG3FVA91QY3,debt,aeUSDC,560966
9053676,zest-v1,SP2N5M1PJ5X9RJTW9QS808Z1F4576BYG3FVA91QY3,SP2N5M1PJ5X9RJTW9QS808Z1F4576BYG3FVA91QY3,debt_stored,aeUSDC,499299
9053676,zest-v1,SP2N7FTSJYX9XN22F8EE3X2W2X6KB680W8F2J71QV,SP2N7FTSJYX9XN22F8EE3X2W2X6KB680W8F2J71QV,collateral,stSTX,76185553
9053676,zest-v1,SP2N7FTSJYX9XN22F8EE3X2W2X6KB680W8F2J71QV,SP2N7FTSJYX9XN22F8EE3X2W2X6KB680W8F2J71QV,debt,STX,37637346
9053676,zest-v1,SP2N7FTSJYX9XN22F8EE3X2W2X6KB680W8F2J71QV,SP2N7FTSJYX9XN22F8EE3X2W2X6KB680W8F2J71QV,debt_stored,STX,32099032
9053676,zest-v1,SP2NAQ3MDASD9EANBHAZQ83XEFBF2GH8XAQZCANJV,SP2NAQ3MDASD9EANBHAZQ83XEFBF2GH8XAQZCANJV,collateral,stSTX,1101960
9053676,zest-v1,SP2NAQ3MDASD9EANBHAZQ83XEFBF2GH8XAQZCANJV,SP2NAQ3MDASD9EANBHAZQ83XEFBF2GH8XAQZCANJV,debt,STX,117305
9053676,zest-v1,SP2NAQ3MDASD9EANBHAZQ83XEFBF2GH8XAQZCANJV,SP2NAQ3MDASD9EANBHAZQ83XEFBF2GH8XAQZCANJV,debt_stored,STX,100000
9053676,zest-v1,SP2NHT6DXQ1CEB74WZQ86A424DR8ZZNGESTX3WK6,SP2NHT6DXQ1CEB74WZQ86A424DR8ZZNGESTX3WK6,collateral,stSTX,24425796
9053676,zest-v1,SP2NHT6DXQ1CEB74WZQ86A424DR8ZZNGESTX3WK6,SP2NHT6DXQ1CEB74WZQ86A424DR8ZZNGESTX3WK6,debt,aeUSDC,123658
9053676,zest-v1,SP2NHT6DXQ1CEB74WZQ86A424DR8ZZNGESTX3WK6,SP2NHT6DXQ1CEB74WZQ86A424DR8ZZNGESTX3WK6,debt_stored,aeUSDC,110226
9053676,zest-v1,SP2NPBYX46J3F8C2FEGVMK3RF0BN6WQNV9EXJYN6Y,SP2NPBYX46J3F8C2FEGVMK3RF0BN6WQNV9EXJYN6Y,collateral,STX,5362977
9053676,zest-v1,SP2NPBYX46J3F8C2FEGVMK3RF0BN6WQNV9EXJYN6Y,SP2NPBYX46J3F8C2FEGVMK3RF0BN6WQNV9EXJYN6Y,debt,STX,1290344
9053676,zest-v1,SP2NPBYX46J3F8C2FEGVMK3RF0BN6WQNV9EXJYN6Y,SP2NPBYX46J3F8C2FEGVMK3RF0BN6WQNV9EXJYN6Y,debt_stored,STX,1100000
9053676,zest-v1,SP2NRWX0489A5CN1KKPB6VF6B62DMV4CENB8RWTGM,SP2NRWX0489A5CN1KKPB6VF6B62DMV4CENB8RWTGM,collateral,USDH,2203604682
9053676,zest-v1,SP2NRWX0489A5CN1KKPB6VF6B62DMV4CENB8RWTGM,SP2NRWX0489A5CN1KKPB6VF6B62DMV4CENB8RWTGM,collateral,sBTC,445071
9053676,zest-v1,SP2NRWX0489A5CN1KKPB6VF6B62DMV4CENB8RWTGM,SP2NRWX0489A5CN1KKPB6VF6B62DMV4CENB8RWTGM,collateral,stSTX,17767304
9053676,zest-v1,SP2NRWX0489A5CN1KKPB6VF6B62DMV4CENB8RWTGM,SP2NRWX0489A5CN1KKPB6VF6B62DMV4CENB8RWTGM,debt,USDH,58
9053676,zest-v1,SP2NRWX0489A5CN1KKPB6VF6B62DMV4CENB8RWTGM,SP2NRWX0489A5CN1KKPB6VF6B62DMV4CENB8RWTGM,debt,stSTX,9251210
9053676,zest-v1,SP2NRWX0489A5CN1KKPB6VF6B62DMV4CENB8RWTGM,SP2NRWX0489A5CN1KKPB6VF6B62DMV4CENB8RWTGM,debt_stored,USDH,51
9053676,zest-v1,SP2NRWX0489A5CN1KKPB6VF6B62DMV4CENB8RWTGM,SP2NRWX0489A5CN1KKPB6VF6B62DMV4CENB8RWTGM,debt_stored,stSTX,8852240
9053676,zest-v1,SP2NT1D5WQ3B755T0R15V3C9NZ7E400NSBZRJAN5Q,SP2NT1D5WQ3B755T0R15V3C9NZ7E400NSBZRJAN5Q,collateral,stSTX,58
9053676,zest-v1,SP2NT1D5WQ3B755T0R15V3C9NZ7E400NSBZRJAN5Q,SP2NT1D5WQ3B755T0R15V3C9NZ7E400NSBZRJAN5Q,debt,STX,27
9053676,zest-v1,SP2NT1D5WQ3B755T0R15V3C9NZ7E400NSBZRJAN5Q,SP2NT1D5WQ3B755T0R15V3C9NZ7E400NSBZRJAN5Q,debt_stored,STX,25
9053676,zest-v1,SP2NVGWMJSAAEPZNNQRHW626HBA4Q325FHX7VVPF3,SP2NVGWMJSAAEPZNNQRHW626HBA4Q325FHX7VVPF3,collateral,stSTX,2682
9053676,zest-v1,SP2NVGWMJSAAEPZNNQRHW626HBA4Q325FHX7VVPF3,SP2NVGWMJSAAEPZNNQRHW626HBA4Q325FHX7VVPF3,debt,stSTX,25
9053676,zest-v1,SP2NVGWMJSAAEPZNNQRHW626HBA4Q325FHX7VVPF3,SP2NVGWMJSAAEPZNNQRHW626HBA4Q325FHX7VVPF3,debt_stored,stSTX,24
9053676,zest-v1,SP2NY428JH2MV60VMTNGPZAKVGA4W1ZWQQGGNX7NZ,SP2NY428JH2MV60VMTNGPZAKVGA4W1ZWQQGGNX7NZ,collateral,STX,1672449
9053676,zest-v1,SP2NY428JH2MV60VMTNGPZAKVGA4W1ZWQQGGNX7NZ,SP2NY428JH2MV60VMTNGPZAKVGA4W1ZWQQGGNX7NZ,debt,sBTC,408
9053676,zest-v1,SP2NY428JH2MV60VMTNGPZAKVGA4W1ZWQQGGNX7NZ,SP2NY428JH2MV60VMTNGPZAKVGA4W1ZWQQGGNX7NZ,debt_stored,sBTC,394
9053676,zest-v1,SP2P6DCS5N32T9J92BG6YZQFNTJJ1YV34ZPS8CDR,SP2P6DCS5N32T9J92BG6YZQFNTJJ1YV34ZPS8CDR,collateral,STX,703747
9053676,zest-v1,SP2P6DCS5N32T9J92BG6YZQFNTJJ1YV34ZPS8CDR,SP2P6DCS5N32T9J92BG6YZQFNTJJ1YV34ZPS8CDR,debt,STX,31459
9053676,zest-v1,SP2P6DCS5N32T9J92BG6YZQFNTJJ1YV34ZPS8CDR,SP2P6DCS5N32T9J92BG6YZQFNTJJ1YV34ZPS8CDR,debt_stored,STX,28000
9053676,zest-v1,SP2P6ND86F2YG2GQDQD8QXZTE28EWYKS559D98H48,SP2P6ND86F2YG2GQDQD8QXZTE28EWYKS559D98H48,collateral,stSTX,275091324
9053676,zest-v1,SP2P6ND86F2YG2GQDQD8QXZTE28EWYKS559D98H48,SP2P6ND86F2YG2GQDQD8QXZTE28EWYKS559D98H48,debt,stSTX,79452884
9053676,zest-v1,SP2P6ND86F2YG2GQDQD8QXZTE28EWYKS559D98H48,SP2P6ND86F2YG2GQDQD8QXZTE28EWYKS559D98H48,debt_stored,stSTX,75803348
9053676,zest-v1,SP2PF4G68C44HC6Y562ZYETT5FXWFBC9S246J9KB2,SP2PF4G68C44HC6Y562ZYETT5FXWFBC9S246J9KB2,collateral,stSTX,4218
9053676,zest-v1,SP2PF4G68C44HC6Y562ZYETT5FXWFBC9S246J9KB2,SP2PF4G68C44HC6Y562ZYETT5FXWFBC9S246J9KB2,debt,aeUSDC,4941
9053676,zest-v1,SP2PF4G68C44HC6Y562ZYETT5FXWFBC9S246J9KB2,SP2PF4G68C44HC6Y562ZYETT5FXWFBC9S246J9KB2,debt_stored,aeUSDC,4398
9053676,zest-v1,SP2PF4VYW8B62TASG7AKFESQ04CKTWM21X09PY837,SP2PF4VYW8B62TASG7AKFESQ04CKTWM21X09PY837,collateral,STX,518027
9053676,zest-v1,SP2PF4VYW8B62TASG7AKFESQ04CKTWM21X09PY837,SP2PF4VYW8B62TASG7AKFESQ04CKTWM21X09PY837,debt,sUSDT,2
9053676,zest-v1,SP2PF4VYW8B62TASG7AKFESQ04CKTWM21X09PY837,SP2PF4VYW8B62TASG7AKFESQ04CKTWM21X09PY837,debt,stSTX,227265
9053676,zest-v1,SP2PF4VYW8B62TASG7AKFESQ04CKTWM21X09PY837,SP2PF4VYW8B62TASG7AKFESQ04CKTWM21X09PY837,debt_stored,sUSDT,1
9053676,zest-v1,SP2PF4VYW8B62TASG7AKFESQ04CKTWM21X09PY837,SP2PF4VYW8B62TASG7AKFESQ04CKTWM21X09PY837,debt_stored,stSTX,218840
9053676,zest-v1,SP2PGDQK4EA3D1CJ8TGWQGQZD5BM4RY16P8YSFDNY,SP2PGDQK4EA3D1CJ8TGWQGQZD5BM4RY16P8YSFDNY,collateral,stSTX,2195204
9053676,zest-v1,SP2PGDQK4EA3D1CJ8TGWQGQZD5BM4RY16P8YSFDNY,SP2PGDQK4EA3D1CJ8TGWQGQZD5BM4RY16P8YSFDNY,debt,aeUSDC,841998
9053676,zest-v1,SP2PGDQK4EA3D1CJ8TGWQGQZD5BM4RY16P8YSFDNY,SP2PGDQK4EA3D1CJ8TGWQGQZD5BM4RY16P8YSFDNY,debt_stored,aeUSDC,793900
9053676,zest-v1,SP2PGDWR97DM7ASJSXY1R7NV5Z829A2H7C40Q2MPA,SP2PGDWR97DM7ASJSXY1R7NV5Z829A2H7C40Q2MPA,collateral,STX,117651659
9053676,zest-v1,SP2PGDWR97DM7ASJSXY1R7NV5Z829A2H7C40Q2MPA,SP2PGDWR97DM7ASJSXY1R7NV5Z829A2H7C40Q2MPA,debt,stSTX,41929586
9053676,zest-v1,SP2PGDWR97DM7ASJSXY1R7NV5Z829A2H7C40Q2MPA,SP2PGDWR97DM7ASJSXY1R7NV5Z829A2H7C40Q2MPA,debt_stored,stSTX,40000000
9053676,zest-v1,SP2PHMA1MTGQXG5DV6G61AW7GHRZH946RR54BK4FG,SP2PHMA1MTGQXG5DV6G61AW7GHRZH946RR54BK4FG,collateral,STX,177903
9053676,zest-v1,SP2PHMA1MTGQXG5DV6G61AW7GHRZH946RR54BK4FG,SP2PHMA1MTGQXG5DV6G61AW7GHRZH946RR54BK4FG,debt,aeUSDC,143518
9053676,zest-v1,SP2PHMA1MTGQXG5DV6G61AW7GHRZH946RR54BK4FG,SP2PHMA1MTGQXG5DV6G61AW7GHRZH946RR54BK4FG,debt_stored,aeUSDC,127928
9053676,zest-v1,SP2PJ8RQ3Q6RS8A8SP9F1SN03J1NVHDPYBCHE125A,SP2PJ8RQ3Q6RS8A8SP9F1SN03J1NVHDPYBCHE125A,collateral,STX,13762892
9053676,zest-v1,SP2PJ8RQ3Q6RS8A8SP9F1SN03J1NVHDPYBCHE125A,SP2PJ8RQ3Q6RS8A8SP9F1SN03J1NVHDPYBCHE125A,collateral,stSTX,43697947
9053676,zest-v1,SP2PJ8RQ3Q6RS8A8SP9F1SN03J1NVHDPYBCHE125A,SP2PJ8RQ3Q6RS8A8SP9F1SN03J1NVHDPYBCHE125A,debt,stSTX,14654474
9053676,zest-v1,SP2PJ8RQ3Q6RS8A8SP9F1SN03J1NVHDPYBCHE125A,SP2PJ8RQ3Q6RS8A8SP9F1SN03J1NVHDPYBCHE125A,debt_stored,stSTX,14000000
9053676,zest-v1,SP2PN3KB4SMAYG1D9Z79294ZB83NGKB453WSK18JC,SP2PN3KB4SMAYG1D9Z79294ZB83NGKB453WSK18JC,collateral,stSTX,29795297673
9053676,zest-v1,SP2PN3KB4SMAYG1D9Z79294ZB83NGKB453WSK18JC,SP2PN3KB4SMAYG1D9Z79294ZB83NGKB453WSK18JC,debt,stSTX,12890690976
9053676,zest-v1,SP2PN3KB4SMAYG1D9Z79294ZB83NGKB453WSK18JC,SP2PN3KB4SMAYG1D9Z79294ZB83NGKB453WSK18JC,debt_stored,stSTX,12360757847
9053676,zest-v1,SP2PNA3NH6WRFTVGF88TS89F3RYG801YPXPHWG3KF,SP2PNA3NH6WRFTVGF88TS89F3RYG801YPXPHWG3KF,collateral,stSTX,14757499
9053676,zest-v1,SP2PNA3NH6WRFTVGF88TS89F3RYG801YPXPHWG3KF,SP2PNA3NH6WRFTVGF88TS89F3RYG801YPXPHWG3KF,debt,stSTX,3613
9053676,zest-v1,SP2PNA3NH6WRFTVGF88TS89F3RYG801YPXPHWG3KF,SP2PNA3NH6WRFTVGF88TS89F3RYG801YPXPHWG3KF,debt_stored,stSTX,3448
9053676,zest-v1,SP2PXD7AH66QHXBA1TTAHH0BG5VZWKJDK27EVJYRF,SP2PXD7AH66QHXBA1TTAHH0BG5VZWKJDK27EVJYRF,collateral,stSTX,1101960
9053676,zest-v1,SP2PXD7AH66QHXBA1TTAHH0BG5VZWKJDK27EVJYRF,SP2PXD7AH66QHXBA1TTAHH0BG5VZWKJDK27EVJYRF,debt,STX,117305
9053676,zest-v1,SP2PXD7AH66QHXBA1TTAHH0BG5VZWKJDK27EVJYRF,SP2PXD7AH66QHXBA1TTAHH0BG5VZWKJDK27EVJYRF,debt_stored,STX,100000
9053676,zest-v1,SP2Q0YFHB6XGQQCTPZZE1QPY8H9AZWVA269Q8NT2G,SP2Q0YFHB6XGQQCTPZZE1QPY8H9AZWVA269Q8NT2G,collateral,sBTC,1
9053676,zest-v1,SP2Q0YFHB6XGQQCTPZZE1QPY8H9AZWVA269Q8NT2G,SP2Q0YFHB6XGQQCTPZZE1QPY8H9AZWVA269Q8NT2G,debt,USDH,136
9053676,zest-v1,SP2Q0YFHB6XGQQCTPZZE1QPY8H9AZWVA269Q8NT2G,SP2Q0YFHB6XGQQCTPZZE1QPY8H9AZWVA269Q8NT2G,debt_stored,USDH,126
9053676,zest-v1,SP2Q1X7A5RHEN6XXC5BH4MKGE4S7Y6QZHY3ZZTVYV,SP2Q1X7A5RHEN6XXC5BH4MKGE4S7Y6QZHY3ZZTVYV,collateral,stSTX,102831
9053676,zest-v1,SP2Q1X7A5RHEN6XXC5BH4MKGE4S7Y6QZHY3ZZTVYV,SP2Q1X7A5RHEN6XXC5BH4MKGE4S7Y6QZHY3ZZTVYV,debt,stSTX,52375
9053676,zest-v1,SP2Q1X7A5RHEN6XXC5BH4MKGE4S7Y6QZHY3ZZTVYV,SP2Q1X7A5RHEN6XXC5BH4MKGE4S7Y6QZHY3ZZTVYV,debt_stored,stSTX,50034
9053676,zest-v1,SP2Q3FYQ407FAQY2C47CTP43ZXEG00511R3FTMVTY,SP2Q3FYQ407FAQY2C47CTP43ZXEG00511R3FTMVTY,collateral,stSTX,1346
9053676,zest-v1,SP2Q3FYQ407FAQY2C47CTP43ZXEG00511R3FTMVTY,SP2Q3FYQ407FAQY2C47CTP43ZXEG00511R3FTMVTY,debt,STX,118
9053676,zest-v1,SP2Q3FYQ407FAQY2C47CTP43ZXEG00511R3FTMVTY,SP2Q3FYQ407FAQY2C47CTP43ZXEG00511R3FTMVTY,debt_stored,STX,105
9053676,zest-v1,SP2Q402MCF95W2V22CAV40HPRFQQ6P69SAD54RW6J,SP2Q402MCF95W2V22CAV40HPRFQQ6P69SAD54RW6J,collateral,stSTX,144121104
9053676,zest-v1,SP2Q402MCF95W2V22CAV40HPRFQQ6P69SAD54RW6J,SP2Q402MCF95W2V22CAV40HPRFQQ6P69SAD54RW6J,debt,STX,46291492
9053676,zest-v1,SP2Q402MCF95W2V22CAV40HPRFQQ6P69SAD54RW6J,SP2Q402MCF95W2V22CAV40HPRFQQ6P69SAD54RW6J,debt_stored,STX,40000000
9053676,zest-v1,SP2Q58EA1NMT3FV2SHCAQ6C05BKX60ATGACTHRVA3,SP2Q58EA1NMT3FV2SHCAQ6C05BKX60ATGACTHRVA3,collateral,stSTX,1382922
9053676,zest-v1,SP2Q58EA1NMT3FV2SHCAQ6C05BKX60ATGACTHRVA3,SP2Q58EA1NMT3FV2SHCAQ6C05BKX60ATGACTHRVA3,debt,aeUSDC,828961
9053676,zest-v1,SP2Q58EA1NMT3FV2SHCAQ6C05BKX60ATGACTHRVA3,SP2Q58EA1NMT3FV2SHCAQ6C05BKX60ATGACTHRVA3,debt_stored,aeUSDC,781607
9053676,zest-v1,SP2Q7Y2YFM7DFY8EDZH6FH7ZRWN5G461Y4JXT5730,SP2Q7Y2YFM7DFY8EDZH6FH7ZRWN5G461Y4JXT5730,collateral,stSTX,1424620
9053676,zest-v1,SP2Q7Y2YFM7DFY8EDZH6FH7ZRWN5G461Y4JXT5730,SP2Q7Y2YFM7DFY8EDZH6FH7ZRWN5G461Y4JXT5730,debt,sBTC,706
9053676,zest-v1,SP2Q7Y2YFM7DFY8EDZH6FH7ZRWN5G461Y4JXT5730,SP2Q7Y2YFM7DFY8EDZH6FH7ZRWN5G461Y4JXT5730,debt_stored,sBTC,682
9053676,zest-v1,SP2QCDVNWBM0HPKXZ2B9T9SJ9YB2ZG1KJ6WXJK61A,SP2QCDVNWBM0HPKXZ2B9T9SJ9YB2ZG1KJ6WXJK61A,collateral,stSTX,20035648
9053676,zest-v1,SP2QCDVNWBM0HPKXZ2B9T9SJ9YB2ZG1KJ6WXJK61A,SP2QCDVNWBM0HPKXZ2B9T9SJ9YB2ZG1KJ6WXJK61A,debt,STX,11848350
9053676,zest-v1,SP2QCDVNWBM0HPKXZ2B9T9SJ9YB2ZG1KJ6WXJK61A,SP2QCDVNWBM0HPKXZ2B9T9SJ9YB2ZG1KJ6WXJK61A,debt_stored,STX,10000000
9053676,zest-v1,SP2QJZBTB874KWT9YSG4CMVSYBXVYX9SDHY11108Y,SP2QJZBTB874KWT9YSG4CMVSYBXVYX9SDHY11108Y,collateral,stSTX,1894283
9053676,zest-v1,SP2QJZBTB874KWT9YSG4CMVSYBXVYX9SDHY11108Y,SP2QJZBTB874KWT9YSG4CMVSYBXVYX9SDHY11108Y,debt,STX,1125552
9053676,zest-v1,SP2QJZBTB874KWT9YSG4CMVSYBXVYX9SDHY11108Y,SP2QJZBTB874KWT9YSG4CMVSYBXVYX9SDHY11108Y,debt_stored,STX,950000
9053676,zest-v1,SP2QKE471WK6AVZTGFD5291SN7JWP53MMJZHE79F3,SP2QKE471WK6AVZTGFD5291SN7JWP53MMJZHE79F3,collateral,STX,1899943
9053676,zest-v1,SP2QKE471WK6AVZTGFD5291SN7JWP53MMJZHE79F3,SP2QKE471WK6AVZTGFD5291SN7JWP53MMJZHE79F3,collateral,aeUSDC,620860
9053676,zest-v1,SP2QKE471WK6AVZTGFD5291SN7JWP53MMJZHE79F3,SP2QKE471WK6AVZTGFD5291SN7JWP53MMJZHE79F3,collateral,stSTX,1001782
9053676,zest-v1,SP2QKE471WK6AVZTGFD5291SN7JWP53MMJZHE79F3,SP2QKE471WK6AVZTGFD5291SN7JWP53MMJZHE79F3,debt,aeUSDC,667430
9053676,zest-v1,SP2QKE471WK6AVZTGFD5291SN7JWP53MMJZHE79F3,SP2QKE471WK6AVZTGFD5291SN7JWP53MMJZHE79F3,debt_stored,aeUSDC,606528
9053676,zest-v1,SP2QRDEVCNT7H0TXYTDCPYYHBEEX78CGQ0PX35ZVP,SP2QRDEVCNT7H0TXYTDCPYYHBEEX78CGQ0PX35ZVP,collateral,STX,1179855
9053676,zest-v1,SP2QRDEVCNT7H0TXYTDCPYYHBEEX78CGQ0PX35ZVP,SP2QRDEVCNT7H0TXYTDCPYYHBEEX78CGQ0PX35ZVP,debt,STX,117304
9053676,zest-v1,SP2QRDEVCNT7H0TXYTDCPYYHBEEX78CGQ0PX35ZVP,SP2QRDEVCNT7H0TXYTDCPYYHBEEX78CGQ0PX35ZVP,debt_stored,STX,100000
9053676,zest-v1,SP2QTAN88V285ZK0GWQP34F8QJ98N4JP6X01S0N6E,SP2QTAN88V285ZK0GWQP34F8QJ98N4JP6X01S0N6E,collateral,stSTX,993142
9053676,zest-v1,SP2QTAN88V285ZK0GWQP34F8QJ98N4JP6X01S0N6E,SP2QTAN88V285ZK0GWQP34F8QJ98N4JP6X01S0N6E,debt,aeUSDC,78
9053676,zest-v1,SP2QTAN88V285ZK0GWQP34F8QJ98N4JP6X01S0N6E,SP2QTAN88V285ZK0GWQP34F8QJ98N4JP6X01S0N6E,debt_stored,aeUSDC,59
9053676,zest-v1,SP2QZT3P5NZR2WG910S84B3YW3G6ES5WZ7Y9Z6B0R,SP2QZT3P5NZR2WG910S84B3YW3G6ES5WZ7Y9Z6B0R,collateral,stSTX,132298509
9053676,zest-v1,SP2QZT3P5NZR2WG910S84B3YW3G6ES5WZ7Y9Z6B0R,SP2QZT3P5NZR2WG910S84B3YW3G6ES5WZ7Y9Z6B0R,debt,STX,59925497
9053676,zest-v1,SP2QZT3P5NZR2WG910S84B3YW3G6ES5WZ7Y9Z6B0R,SP2QZT3P5NZR2WG910S84B3YW3G6ES5WZ7Y9Z6B0R,debt,stSTX,5
9053676,zest-v1,SP2QZT3P5NZR2WG910S84B3YW3G6ES5WZ7Y9Z6B0R,SP2QZT3P5NZR2WG910S84B3YW3G6ES5WZ7Y9Z6B0R,debt_stored,STX,53000000
9053676,zest-v1,SP2QZT3P5NZR2WG910S84B3YW3G6ES5WZ7Y9Z6B0R,SP2QZT3P5NZR2WG910S84B3YW3G6ES5WZ7Y9Z6B0R,debt_stored,stSTX,4
9053676,zest-v1,SP2RBQNS29P5YE0RB1HC9GVW3JCQCFEX8HFJXGC4A,SP2RBQNS29P5YE0RB1HC9GVW3JCQCFEX8HFJXGC4A,collateral,STX,36860
9053676,zest-v1,SP2RBQNS29P5YE0RB1HC9GVW3JCQCFEX8HFJXGC4A,SP2RBQNS29P5YE0RB1HC9GVW3JCQCFEX8HFJXGC4A,collateral,stSTX,5123296
9053676,zest-v1,SP2RBQNS29P5YE0RB1HC9GVW3JCQCFEX8HFJXGC4A,SP2RBQNS29P5YE0RB1HC9GVW3JCQCFEX8HFJXGC4A,debt,aeUSDC,1336849
9053676,zest-v1,SP2RBQNS29P5YE0RB1HC9GVW3JCQCFEX8HFJXGC4A,SP2RBQNS29P5YE0RB1HC9GVW3JCQCFEX8HFJXGC4A,debt_stored,aeUSDC,1251725
9053676,zest-v1,SP2RCAHCTVC7QHS8GHB9JW70D89PCFBSNM0D5B2RA,SP2RCAHCTVC7QHS8GHB9JW70D89PCFBSNM0D5B2RA,collateral,STX,1031179
9053676,zest-v1,SP2RCAHCTVC7QHS8GHB9JW70D89PCFBSNM0D5B2RA,SP2RCAHCTVC7QHS8GHB9JW70D89PCFBSNM0D5B2RA,debt,stSTX,10327
9053676,zest-v1,SP2RCAHCTVC7QHS8GHB9JW70D89PCFBSNM0D5B2RA,SP2RCAHCTVC7QHS8GHB9JW70D89PCFBSNM0D5B2RA,debt_stored,stSTX,9901
9053676,zest-v1,SP2RHSHTNXXYY3B3KGJ61JGV4AB5PSHDG0GXY7DBM,SP2RHSHTNXXYY3B3KGJ61JGV4AB5PSHDG0GXY7DBM,collateral,stSTX,131841906
9053676,zest-v1,SP2RHSHTNXXYY3B3KGJ61JGV4AB5PSHDG0GXY7DBM,SP2RHSHTNXXYY3B3KGJ61JGV4AB5PSHDG0GXY7DBM,debt,STX,57624211
9053676,zest-v1,SP2RHSHTNXXYY3B3KGJ61JGV4AB5PSHDG0GXY7DBM,SP2RHSHTNXXYY3B3KGJ61JGV4AB5PSHDG0GXY7DBM,debt_stored,STX,51000000
9053676,zest-v1,SP2RKXEZ7DV9N9V4FW4X0REXKRH0N6AZV2E7ARSGH,SP2RKXEZ7DV9N9V4FW4X0REXKRH0N6AZV2E7ARSGH,collateral,stSTX,44884
9053676,zest-v1,SP2RKXEZ7DV9N9V4FW4X0REXKRH0N6AZV2E7ARSGH,SP2RKXEZ7DV9N9V4FW4X0REXKRH0N6AZV2E7ARSGH,debt,USDH,4054540
9053676,zest-v1,SP2RKXEZ7DV9N9V4FW4X0REXKRH0N6AZV2E7ARSGH,SP2RKXEZ7DV9N9V4FW4X0REXKRH0N6AZV2E7ARSGH,debt_stored,USDH,3581966
9053676,zest-v1,SP2RN4MYP5WKP8WC2262YBXZ0D0Z9XX38B5DA13BK,SP2RN4MYP5WKP8WC2262YBXZ0D0Z9XX38B5DA13BK,debt,sUSDT,6212
9053676,zest-v1,SP2RN4MYP5WKP8WC2262YBXZ0D0Z9XX38B5DA13BK,SP2RN4MYP5WKP8WC2262YBXZ0D0Z9XX38B5DA13BK,debt_stored,sUSDT,6211
9053676,zest-v1,SP2RQ7FK82NPEBW0P55YVF1S0RRB4SF22Y7YZRCFC,SP2RQ7FK82NPEBW0P55YVF1S0RRB4SF22Y7YZRCFC,collateral,stSTX,101179972
9053676,zest-v1,SP2RQ7FK82NPEBW0P55YVF1S0RRB4SF22Y7YZRCFC,SP2RQ7FK82NPEBW0P55YVF1S0RRB4SF22Y7YZRCFC,debt,STX,5865224
9053676,zest-v1,SP2RQ7FK82NPEBW0P55YVF1S0RRB4SF22Y7YZRCFC,SP2RQ7FK82NPEBW0P55YVF1S0RRB4SF22Y7YZRCFC,debt_stored,STX,5000000
9053676,zest-v1,SP2RQZDD02SVJ690DP7H065W46AK082AKWYNBKZ83,SP2RQZDD02SVJ690DP7H065W46AK082AKWYNBKZ83,collateral,stSTX,84149723
9053676,zest-v1,SP2RQZDD02SVJ690DP7H065W46AK082AKWYNBKZ83,SP2RQZDD02SVJ690DP7H065W46AK082AKWYNBKZ83,debt,aeUSDC,4781
9053676,zest-v1,SP2RQZDD02SVJ690DP7H065W46AK082AKWYNBKZ83,SP2RQZDD02SVJ690DP7H065W46AK082AKWYNBKZ83,debt_stored,aeUSDC,3582
9053676,zest-v1,SP2RRX2EKSDFSZQNQEFJ0JXJGTJ7GGGB29KKE1AXB,SP2RRX2EKSDFSZQNQEFJ0JXJGTJ7GGGB29KKE1AXB,collateral,stSTX,6027521
9053676,zest-v1,SP2RRX2EKSDFSZQNQEFJ0JXJGTJ7GGGB29KKE1AXB,SP2RRX2EKSDFSZQNQEFJ0JXJGTJ7GGGB29KKE1AXB,debt,aeUSDC,1136300
9053676,zest-v1,SP2RRX2EKSDFSZQNQEFJ0JXJGTJ7GGGB29KKE1AXB,SP2RRX2EKSDFSZQNQEFJ0JXJGTJ7GGGB29KKE1AXB,debt_stored,aeUSDC,1068391
9053676,zest-v1,SP2S48W70RJW2FZQ0MGZXN6BJKQ4GNRRV6B83Y91S,SP2S48W70RJW2FZQ0MGZXN6BJKQ4GNRRV6B83Y91S,collateral,stSTX,4690
9053676,zest-v1,SP2S48W70RJW2FZQ0MGZXN6BJKQ4GNRRV6B83Y91S,SP2S48W70RJW2FZQ0MGZXN6BJKQ4GNRRV6B83Y91S,debt,STX,336
9053676,zest-v1,SP2S48W70RJW2FZQ0MGZXN6BJKQ4GNRRV6B83Y91S,SP2S48W70RJW2FZQ0MGZXN6BJKQ4GNRRV6B83Y91S,debt_stored,STX,298
9053676,zest-v1,SP2S74ZQE7MBBZPXXHYRBKMZV5CB56AGSHQ98BTJM,SP2S74ZQE7MBBZPXXHYRBKMZV5CB56AGSHQ98BTJM,collateral,stSTX,446548953
9053676,zest-v1,SP2S74ZQE7MBBZPXXHYRBKMZV5CB56AGSHQ98BTJM,SP2S74ZQE7MBBZPXXHYRBKMZV5CB56AGSHQ98BTJM,debt,STX,117485706
9053676,zest-v1,SP2S74ZQE7MBBZPXXHYRBKMZV5CB56AGSHQ98BTJM,SP2S74ZQE7MBBZPXXHYRBKMZV5CB56AGSHQ98BTJM,debt_stored,STX,100000000
9053676,zest-v1,SP2S7GTAT2EZ2MM5EFV4WTMZ88C5DNG13924B7NMN,SP2S7GTAT2EZ2MM5EFV4WTMZ88C5DNG13924B7NMN,collateral,stSTX,494208373
9053676,zest-v1,SP2S7GTAT2EZ2MM5EFV4WTMZ88C5DNG13924B7NMN,SP2S7GTAT2EZ2MM5EFV4WTMZ88C5DNG13924B7NMN,debt,stSTX,257334010
9053676,zest-v1,SP2S7GTAT2EZ2MM5EFV4WTMZ88C5DNG13924B7NMN,SP2S7GTAT2EZ2MM5EFV4WTMZ88C5DNG13924B7NMN,debt_stored,stSTX,245431554
9053676,zest-v1,SP2SA9PKXCA39VDF8P8YX9V32QY96QZ46E344SYNA,SP2SA9PKXCA39VDF8P8YX9V32QY96QZ46E344SYNA,collateral,stSTX,56672248
9053676,zest-v1,SP2SA9PKXCA39VDF8P8YX9V32QY96QZ46E344SYNA,SP2SA9PKXCA39VDF8P8YX9V32QY96QZ46E344SYNA,debt,STX,23379811
9053676,zest-v1,SP2SA9PKXCA39VDF8P8YX9V32QY96QZ46E344SYNA,SP2SA9PKXCA39VDF8P8YX9V32QY96QZ46E344SYNA,debt_stored,STX,20000000
9053676,zest-v1,SP2SGTG124NX7XPXFSTD47T77N0K5KX7DGFT2SRV8,SP2SGTG124NX7XPXFSTD47T77N0K5KX7DGFT2SRV8,collateral,stSTX,3810729
9053676,zest-v1,SP2SGTG124NX7XPXFSTD47T77N0K5KX7DGFT2SRV8,SP2SGTG124NX7XPXFSTD47T77N0K5KX7DGFT2SRV8,debt,STX,2352002
9053676,zest-v1,SP2SGTG124NX7XPXFSTD47T77N0K5KX7DGFT2SRV8,SP2SGTG124NX7XPXFSTD47T77N0K5KX7DGFT2SRV8,debt_stored,STX,2000000
9053676,zest-v1,SP2SKNBT57ECBV5Q06QD0XEPWRXP6RXC3FEQABFH3,SP2SKNBT57ECBV5Q06QD0XEPWRXP6RXC3FEQABFH3,collateral,STX,6100569418
9053676,zest-v1,SP2SKNBT57ECBV5Q06QD0XEPWRXP6RXC3FEQABFH3,SP2SKNBT57ECBV5Q06QD0XEPWRXP6RXC3FEQABFH3,collateral,stSTX,520731207
9053676,zest-v1,SP2SKNBT57ECBV5Q06QD0XEPWRXP6RXC3FEQABFH3,SP2SKNBT57ECBV5Q06QD0XEPWRXP6RXC3FEQABFH3,debt,STX,2851992680
9053676,zest-v1,SP2SKNBT57ECBV5Q06QD0XEPWRXP6RXC3FEQABFH3,SP2SKNBT57ECBV5Q06QD0XEPWRXP6RXC3FEQABFH3,debt_stored,STX,2490316669
9053676,zest-v1,SP2SM5F36RRS709CQ4D9CJY70F43V4TR9JPN7V6D6,SP2SM5F36RRS709CQ4D9CJY70F43V4TR9JPN7V6D6,collateral,stSTX,199937
9053676,zest-v1,SP2SM5F36RRS709CQ4D9CJY70F43V4TR9JPN7V6D6,SP2SM5F36RRS709CQ4D9CJY70F43V4TR9JPN7V6D6,debt,stSTX,2
9053676,zest-v1,SP2SM5F36RRS709CQ4D9CJY70F43V4TR9JPN7V6D6,SP2SM5F36RRS709CQ4D9CJY70F43V4TR9JPN7V6D6,debt_stored,stSTX,1
9053676,zest-v1,SP2SMSPX443W4HTX9YT9WVV5C0A212FJ8WQMGT51M,SP2SMSPX443W4HTX9YT9WVV5C0A212FJ8WQMGT51M,collateral,stSTX,890
9053676,zest-v1,SP2SMSPX443W4HTX9YT9WVV5C0A212FJ8WQMGT51M,SP2SMSPX443W4HTX9YT9WVV5C0A212FJ8WQMGT51M,debt,STX,6
9053676,zest-v1,SP2SMSPX443W4HTX9YT9WVV5C0A212FJ8WQMGT51M,SP2SMSPX443W4HTX9YT9WVV5C0A212FJ8WQMGT51M,debt,stSTX,2
9053676,zest-v1,SP2SMSPX443W4HTX9YT9WVV5C0A212FJ8WQMGT51M,SP2SMSPX443W4HTX9YT9WVV5C0A212FJ8WQMGT51M,debt_stored,STX,5
9053676,zest-v1,SP2SMSPX443W4HTX9YT9WVV5C0A212FJ8WQMGT51M,SP2SMSPX443W4HTX9YT9WVV5C0A212FJ8WQMGT51M,debt_stored,stSTX,1
9053676,zest-v1,SP2ST90VE66R4GDQ50RVQKWS2B8N6KPTKVMJ9NEY2,SP2ST90VE66R4GDQ50RVQKWS2B8N6KPTKVMJ9NEY2,collateral,sBTC,8
9053676,zest-v1,SP2ST90VE66R4GDQ50RVQKWS2B8N6KPTKVMJ9NEY2,SP2ST90VE66R4GDQ50RVQKWS2B8N6KPTKVMJ9NEY2,debt,USDH,625789
9053676,zest-v1,SP2ST90VE66R4GDQ50RVQKWS2B8N6KPTKVMJ9NEY2,SP2ST90VE66R4GDQ50RVQKWS2B8N6KPTKVMJ9NEY2,debt_stored,USDH,578820
9053676,zest-v1,SP2T0B8G83PCBJA4WEVF38DSG6MRFVXH6G88DGEBW,SP2T0B8G83PCBJA4WEVF38DSG6MRFVXH6G88DGEBW,collateral,stSTX,880516005
9053676,zest-v1,SP2T0B8G83PCBJA4WEVF38DSG6MRFVXH6G88DGEBW,SP2T0B8G83PCBJA4WEVF38DSG6MRFVXH6G88DGEBW,collateral,stSTXbtc,85000000
9053676,zest-v1,SP2T0B8G83PCBJA4WEVF38DSG6MRFVXH6G88DGEBW,SP2T0B8G83PCBJA4WEVF38DSG6MRFVXH6G88DGEBW,debt,stSTX,251877072
9053676,zest-v1,SP2T0B8G83PCBJA4WEVF38DSG6MRFVXH6G88DGEBW,SP2T0B8G83PCBJA4WEVF38DSG6MRFVXH6G88DGEBW,debt_stored,stSTX,241101109
9053676,zest-v1,SP2T0DVED39JM0X8MWAYFRAYB7R8EWFJC2W3VT1A,SP2T0DVED39JM0X8MWAYFRAYB7R8EWFJC2W3VT1A,collateral,stSTX,3900
9053676,zest-v1,SP2T0DVED39JM0X8MWAYFRAYB7R8EWFJC2W3VT1A,SP2T0DVED39JM0X8MWAYFRAYB7R8EWFJC2W3VT1A,debt,aeUSDC,1535
9053676,zest-v1,SP2T0DVED39JM0X8MWAYFRAYB7R8EWFJC2W3VT1A,SP2T0DVED39JM0X8MWAYFRAYB7R8EWFJC2W3VT1A,debt_stored,aeUSDC,1250
9053676,zest-v1,SP2TD9H3GY9ZPNB1Q149MYX8HHT8X2Q15ZYQWCKB9,SP2TD9H3GY9ZPNB1Q149MYX8HHT8X2Q15ZYQWCKB9,collateral,stSTX,90375301
9053676,zest-v1,SP2TD9H3GY9ZPNB1Q149MYX8HHT8X2Q15ZYQWCKB9,SP2TD9H3GY9ZPNB1Q149MYX8HHT8X2Q15ZYQWCKB9,debt,STX,46938129
9053676,zest-v1,SP2TD9H3GY9ZPNB1Q149MYX8HHT8X2Q15ZYQWCKB9,SP2TD9H3GY9ZPNB1Q149MYX8HHT8X2Q15ZYQWCKB9,debt_stored,STX,39934409
9053676,zest-v1,SP2TF3A02DCNB05D3WPY8C26PDBYCWQ1TPPNVJ6TP,SP2TF3A02DCNB05D3WPY8C26PDBYCWQ1TPPNVJ6TP,collateral,STX,205347
9053676,zest-v1,SP2TF3A02DCNB05D3WPY8C26PDBYCWQ1TPPNVJ6TP,SP2TF3A02DCNB05D3WPY8C26PDBYCWQ1TPPNVJ6TP,collateral,stSTX,100159
9053676,zest-v1,SP2TF3A02DCNB05D3WPY8C26PDBYCWQ1TPPNVJ6TP,SP2TF3A02DCNB05D3WPY8C26PDBYCWQ1TPPNVJ6TP,debt,aeUSDC,6
9053676,zest-v1,SP2TF3A02DCNB05D3WPY8C26PDBYCWQ1TPPNVJ6TP,SP2TF3A02DCNB05D3WPY8C26PDBYCWQ1TPPNVJ6TP,debt_stored,aeUSDC,5
9053676,zest-v1,SP2TG5M7W5DZZTRA2ZHRKYRHMXJ302W4WJ2NJQTXD,SP2TG5M7W5DZZTRA2ZHRKYRHMXJ302W4WJ2NJQTXD,collateral,stSTX,53470309
9053676,zest-v1,SP2TG5M7W5DZZTRA2ZHRKYRHMXJ302W4WJ2NJQTXD,SP2TG5M7W5DZZTRA2ZHRKYRHMXJ302W4WJ2NJQTXD,debt,STX,22416466
9053676,zest-v1,SP2TG5M7W5DZZTRA2ZHRKYRHMXJ302W4WJ2NJQTXD,SP2TG5M7W5DZZTRA2ZHRKYRHMXJ302W4WJ2NJQTXD,debt_stored,STX,20010329
9053676,zest-v1,SP2TGBVGPA2QRGW9681FBMRZVEAYX87T14GPQSTSZ,SP2TGBVGPA2QRGW9681FBMRZVEAYX87T14GPQSTSZ,collateral,stSTX,2303967
9053676,zest-v1,SP2TGBVGPA2QRGW9681FBMRZVEAYX87T14GPQSTSZ,SP2TGBVGPA2QRGW9681FBMRZVEAYX87T14GPQSTSZ,debt,STX,1119267
9053676,zest-v1,SP2TGBVGPA2QRGW9681FBMRZVEAYX87T14GPQSTSZ,SP2TGBVGPA2QRGW9681FBMRZVEAYX87T14GPQSTSZ,debt_stored,STX,1000000
9053676,zest-v1,SP2TGS4853PR44BANBJN9QDF40CFMKKFW5Q4VSGMP,SP2TGS4853PR44BANBJN9QDF40CFMKKFW5Q4VSGMP,collateral,sBTC,20009
9053676,zest-v1,SP2TGS4853PR44BANBJN9QDF40CFMKKFW5Q4VSGMP,SP2TGS4853PR44BANBJN9QDF40CFMKKFW5Q4VSGMP,debt,USDH,140817870
9053676,zest-v1,SP2TGS4853PR44BANBJN9QDF40CFMKKFW5Q4VSGMP,SP2TGS4853PR44BANBJN9QDF40CFMKKFW5Q4VSGMP,debt_stored,USDH,129648606
9053676,zest-v1,SP2TH0ZEF2AKBVH93A4ST0GNWKFTXDQ34YSR1CA42,SP2TH0ZEF2AKBVH93A4ST0GNWKFTXDQ34YSR1CA42,collateral,stSTX,130228427
9053676,zest-v1,SP2TH0ZEF2AKBVH93A4ST0GNWKFTXDQ34YSR1CA42,SP2TH0ZEF2AKBVH93A4ST0GNWKFTXDQ34YSR1CA42,debt,stSTX,57860658
9053676,zest-v1,SP2TH0ZEF2AKBVH93A4ST0GNWKFTXDQ34YSR1CA42,SP2TH0ZEF2AKBVH93A4ST0GNWKFTXDQ34YSR1CA42,debt_stored,stSTX,55343722
9053676,zest-v1,SP2TJYSQE2RBDBAWF205V81H93N62XDJ0BKGXA5XP,SP2TJYSQE2RBDBAWF205V81H93N62XDJ0BKGXA5XP,collateral,sBTC,1
9053676,zest-v1,SP2TJYSQE2RBDBAWF205V81H93N62XDJ0BKGXA5XP,SP2TJYSQE2RBDBAWF205V81H93N62XDJ0BKGXA5XP,debt,aeUSDC,5
9053676,zest-v1,SP2TJYSQE2RBDBAWF205V81H93N62XDJ0BKGXA5XP,SP2TJYSQE2RBDBAWF205V81H93N62XDJ0BKGXA5XP,debt_stored,aeUSDC,4
9053676,zest-v1,SP2TRDF0MSFET67D45JZS101FFN1PCR9RS823HS69,SP2TRDF0MSFET67D45JZS101FFN1PCR9RS823HS69,collateral,stSTX,1038730
9053676,zest-v1,SP2TRDF0MSFET67D45JZS101FFN1PCR9RS823HS69,SP2TRDF0MSFET67D45JZS101FFN1PCR9RS823HS69,debt,STX,134830
9053676,zest-v1,SP2TRDF0MSFET67D45JZS101FFN1PCR9RS823HS69,SP2TRDF0MSFET67D45JZS101FFN1PCR9RS823HS69,debt_stored,STX,120000
9053676,zest-v1,SP2TTW6MJKNW23MG69ZTWWMG1GQ6Q1K4TBNM3GPR5,SP2TTW6MJKNW23MG69ZTWWMG1GQ6Q1K4TBNM3GPR5,collateral,stSTXbtc,394898
9053676,zest-v1,SP2TTW6MJKNW23MG69ZTWWMG1GQ6Q1K4TBNM3GPR5,SP2TTW6MJKNW23MG69ZTWWMG1GQ6Q1K4TBNM3GPR5,debt,stSTX,174410
9053676,zest-v1,SP2TTW6MJKNW23MG69ZTWWMG1GQ6Q1K4TBNM3GPR5,SP2TTW6MJKNW23MG69ZTWWMG1GQ6Q1K4TBNM3GPR5,debt_stored,stSTX,168521
9053676,zest-v1,SP2V8AFRXRFYQE1B04QREA21JJ2HGJRJZ1H93GB6B,SP2V8AFRXRFYQE1B04QREA21JJ2HGJRJZ1H93GB6B,collateral,stSTX,1880312
9053676,zest-v1,SP2V8AFRXRFYQE1B04QREA21JJ2HGJRJZ1H93GB6B,SP2V8AFRXRFYQE1B04QREA21JJ2HGJRJZ1H93GB6B,debt,STX,1122065
9053676,zest-v1,SP2V8AFRXRFYQE1B04QREA21JJ2HGJRJZ1H93GB6B,SP2V8AFRXRFYQE1B04QREA21JJ2HGJRJZ1H93GB6B,debt_stored,STX,1000000
9053676,zest-v1,SP2V8PF8QRSQJ3B282WXARZG2C43X5BEEEMCZTSP3,SP2V8PF8QRSQJ3B282WXARZG2C43X5BEEEMCZTSP3,collateral,stSTX,20053038
9053676,zest-v1,SP2V8PF8QRSQJ3B282WXARZG2C43X5BEEEMCZTSP3,SP2V8PF8QRSQJ3B282WXARZG2C43X5BEEEMCZTSP3,debt,STX,9106975
9053676,zest-v1,SP2V8PF8QRSQJ3B282WXARZG2C43X5BEEEMCZTSP3,SP2V8PF8QRSQJ3B282WXARZG2C43X5BEEEMCZTSP3,debt_stored,STX,8000000
9053676,zest-v1,SP2V9XG0W2YYFR25Q6MZACJTT4SE42JNJB1RDDXHN,SP2V9XG0W2YYFR25Q6MZACJTT4SE42JNJB1RDDXHN,collateral,stSTX,160031026
9053676,zest-v1,SP2V9XG0W2YYFR25Q6MZACJTT4SE42JNJB1RDDXHN,SP2V9XG0W2YYFR25Q6MZACJTT4SE42JNJB1RDDXHN,debt,STX,2234072
9053676,zest-v1,SP2V9XG0W2YYFR25Q6MZACJTT4SE42JNJB1RDDXHN,SP2V9XG0W2YYFR25Q6MZACJTT4SE42JNJB1RDDXHN,debt,stSTX,24558971
9053676,zest-v1,SP2V9XG0W2YYFR25Q6MZACJTT4SE42JNJB1RDDXHN,SP2V9XG0W2YYFR25Q6MZACJTT4SE42JNJB1RDDXHN,debt_stored,STX,2000019
9053676,zest-v1,SP2V9XG0W2YYFR25Q6MZACJTT4SE42JNJB1RDDXHN,SP2V9XG0W2YYFR25Q6MZACJTT4SE42JNJB1RDDXHN,debt_stored,stSTX,23497347
9053676,zest-v1,SP2V9YWEMB3F66N931V8RR7MS48KEMES2BC6A107C,SP2V9YWEMB3F66N931V8RR7MS48KEMES2BC6A107C,collateral,stSTX,23960451
9053676,zest-v1,SP2V9YWEMB3F66N931V8RR7MS48KEMES2BC6A107C,SP2V9YWEMB3F66N931V8RR7MS48KEMES2BC6A107C,debt,STX,7447207
9053676,zest-v1,SP2V9YWEMB3F66N931V8RR7MS48KEMES2BC6A107C,SP2V9YWEMB3F66N931V8RR7MS48KEMES2BC6A107C,debt,USDH,154263121
9053676,zest-v1,SP2V9YWEMB3F66N931V8RR7MS48KEMES2BC6A107C,SP2V9YWEMB3F66N931V8RR7MS48KEMES2BC6A107C,debt,stSTX,2
9053676,zest-v1,SP2V9YWEMB3F66N931V8RR7MS48KEMES2BC6A107C,SP2V9YWEMB3F66N931V8RR7MS48KEMES2BC6A107C,debt_stored,STX,7402340
9053676,zest-v1,SP2V9YWEMB3F66N931V8RR7MS48KEMES2BC6A107C,SP2V9YWEMB3F66N931V8RR7MS48KEMES2BC6A107C,debt_stored,USDH,153080624
9053676,zest-v1,SP2V9YWEMB3F66N931V8RR7MS48KEMES2BC6A107C,SP2V9YWEMB3F66N931V8RR7MS48KEMES2BC6A107C,debt_stored,stSTX,1
9053676,zest-v1,SP2VAKZGM873F6ZHSJXZ1BGJE5D4Z2H8B66EXXJKC,SP2VAKZGM873F6ZHSJXZ1BGJE5D4Z2H8B66EXXJKC,collateral,stSTX,322930
9053676,zest-v1,SP2VAKZGM873F6ZHSJXZ1BGJE5D4Z2H8B66EXXJKC,SP2VAKZGM873F6ZHSJXZ1BGJE5D4Z2H8B66EXXJKC,debt,aeUSDC,131901
9053676,zest-v1,SP2VAKZGM873F6ZHSJXZ1BGJE5D4Z2H8B66EXXJKC,SP2VAKZGM873F6ZHSJXZ1BGJE5D4Z2H8B66EXXJKC,debt_stored,aeUSDC,118981
9053676,zest-v1,SP2VE39M87CWWQZ82EX5Y4P8JMEH0PPXPPJC09N3W,SP2VE39M87CWWQZ82EX5Y4P8JMEH0PPXPPJC09N3W,collateral,stSTX,148761275
9053676,zest-v1,SP2VE39M87CWWQZ82EX5Y4P8JMEH0PPXPPJC09N3W,SP2VE39M87CWWQZ82EX5Y4P8JMEH0PPXPPJC09N3W,debt,STX,71244776
9053676,zest-v1,SP2VE39M87CWWQZ82EX5Y4P8JMEH0PPXPPJC09N3W,SP2VE39M87CWWQZ82EX5Y4P8JMEH0PPXPPJC09N3W,debt,stSTX,3
9053676,zest-v1,SP2VE39M87CWWQZ82EX5Y4P8JMEH0PPXPPJC09N3W,SP2VE39M87CWWQZ82EX5Y4P8JMEH0PPXPPJC09N3W,debt_stored,STX,63791773
9053676,zest-v1,SP2VE39M87CWWQZ82EX5Y4P8JMEH0PPXPPJC09N3W,SP2VE39M87CWWQZ82EX5Y4P8JMEH0PPXPPJC09N3W,debt_stored,stSTX,2
9053676,zest-v1,SP2VHDJG4HPW0B9T2RGZNRYPXK2K2BE5AECWNYWV3,SP2VHDJG4HPW0B9T2RGZNRYPXK2K2BE5AECWNYWV3,collateral,stSTX,156632727
9053676,zest-v1,SP2VHDJG4HPW0B9T2RGZNRYPXK2K2BE5AECWNYWV3,SP2VHDJG4HPW0B9T2RGZNRYPXK2K2BE5AECWNYWV3,debt,STX,74267465
9053676,zest-v1,SP2VHDJG4HPW0B9T2RGZNRYPXK2K2BE5AECWNYWV3,SP2VHDJG4HPW0B9T2RGZNRYPXK2K2BE5AECWNYWV3,debt,stSTX,8
9053676,zest-v1,SP2VHDJG4HPW0B9T2RGZNRYPXK2K2BE5AECWNYWV3,SP2VHDJG4HPW0B9T2RGZNRYPXK2K2BE5AECWNYWV3,debt_stored,STX,66497969
9053676,zest-v1,SP2VHDJG4HPW0B9T2RGZNRYPXK2K2BE5AECWNYWV3,SP2VHDJG4HPW0B9T2RGZNRYPXK2K2BE5AECWNYWV3,debt_stored,stSTX,7
9053676,zest-v1,SP2VHK8HS0BGZBPCW0J4XME6M1QEFGVZMMC8TRD14,SP2VHK8HS0BGZBPCW0J4XME6M1QEFGVZMMC8TRD14,collateral,stSTX,204109455
9053676,zest-v1,SP2VHK8HS0BGZBPCW0J4XME6M1QEFGVZMMC8TRD14,SP2VHK8HS0BGZBPCW0J4XME6M1QEFGVZMMC8TRD14,debt,STX,63663852
9053676,zest-v1,SP2VHK8HS0BGZBPCW0J4XME6M1QEFGVZMMC8TRD14,SP2VHK8HS0BGZBPCW0J4XME6M1QEFGVZMMC8TRD14,debt_stored,STX,55000000
9053676,zest-v1,SP2VJMH4GK1KTKX9CSTP5HKJ83A6X3K4C6N519943,SP2VJMH4GK1KTKX9CSTP5HKJ83A6X3K4C6N519943,collateral,STX,977403373
9053676,zest-v1,SP2VJMH4GK1KTKX9CSTP5HKJ83A6X3K4C6N519943,SP2VJMH4GK1KTKX9CSTP5HKJ83A6X3K4C6N519943,collateral,aeUSDC,249164390
9053676,zest-v1,SP2VJMH4GK1KTKX9CSTP5HKJ83A6X3K4C6N519943,SP2VJMH4GK1KTKX9CSTP5HKJ83A6X3K4C6N519943,debt,aeUSDC,17
9053676,zest-v1,SP2VJMH4GK1KTKX9CSTP5HKJ83A6X3K4C6N519943,SP2VJMH4GK1KTKX9CSTP5HKJ83A6X3K4C6N519943,debt_stored,aeUSDC,15
9053676,zest-v1,SP2VKGQE7CS6B413ZFAVV5CCNPGWY5XQ5QJC89A3J,SP2VKGQE7CS6B413ZFAVV5CCNPGWY5XQ5QJC89A3J,collateral,stSTX,143951685
9053676,zest-v1,SP2VKGQE7CS6B413ZFAVV5CCNPGWY5XQ5QJC89A3J,SP2VKGQE7CS6B413ZFAVV5CCNPGWY5XQ5QJC89A3J,debt,STX,33205736
9053676,zest-v1,SP2VKGQE7CS6B413ZFAVV5CCNPGWY5XQ5QJC89A3J,SP2VKGQE7CS6B413ZFAVV5CCNPGWY5XQ5QJC89A3J,debt_stored,STX,30000000
9053676,zest-v1,SP2VKV3A239D5117VEWG39FNYC2FKK6915WM5RDZF,SP2VKV3A239D5117VEWG39FNYC2FKK6915WM5RDZF,collateral,stSTX,1660
9053676,zest-v1,SP2VKV3A239D5117VEWG39FNYC2FKK6915WM5RDZF,SP2VKV3A239D5117VEWG39FNYC2FKK6915WM5RDZF,debt,aeUSDC,1931
9053676,zest-v1,SP2VKV3A239D5117VEWG39FNYC2FKK6915WM5RDZF,SP2VKV3A239D5117VEWG39FNYC2FKK6915WM5RDZF,debt_stored,aeUSDC,1719
9053676,zest-v1,SP2VR35TSYTE36FD0QX856MC5621NNTK4BWERZGY,SP2VR35TSYTE36FD0QX856MC5621NNTK4BWERZGY,collateral,stSTX,21868
9053676,zest-v1,SP2VR35TSYTE36FD0QX856MC5621NNTK4BWERZGY,SP2VR35TSYTE36FD0QX856MC5621NNTK4BWERZGY,debt,aeUSDC,21489
9053676,zest-v1,SP2VR35TSYTE36FD0QX856MC5621NNTK4BWERZGY,SP2VR35TSYTE36FD0QX856MC5621NNTK4BWERZGY,debt_stored,aeUSDC,19032
9053676,zest-v1,SP2VSRZN573WMBX03S1R3HJC7DYMKD9GPFXKN922,SP2VSRZN573WMBX03S1R3HJC7DYMKD9GPFXKN922,collateral,STX,5362972
9053676,zest-v1,SP2VSRZN573WMBX03S1R3HJC7DYMKD9GPFXKN922,SP2VSRZN573WMBX03S1R3HJC7DYMKD9GPFXKN922,debt,STX,1290348
9053676,zest-v1,SP2VSRZN573WMBX03S1R3HJC7DYMKD9GPFXKN922,SP2VSRZN573WMBX03S1R3HJC7DYMKD9GPFXKN922,debt_stored,STX,1100000
9053676,zest-v1,SP2VV5RXVK0MZADX1KQBGCPNTBNJ8KA4GVPWKW2BG,SP2VV5RXVK0MZADX1KQBGCPNTBNJ8KA4GVPWKW2BG,collateral,STX,503364745
9053676,zest-v1,SP2VV5RXVK0MZADX1KQBGCPNTBNJ8KA4GVPWKW2BG,SP2VV5RXVK0MZADX1KQBGCPNTBNJ8KA4GVPWKW2BG,collateral,stSTX,124533060
9053676,zest-v1,SP2VV5RXVK0MZADX1KQBGCPNTBNJ8KA4GVPWKW2BG,SP2VV5RXVK0MZADX1KQBGCPNTBNJ8KA4GVPWKW2BG,debt,aeUSDC,11122646
9053676,zest-v1,SP2VV5RXVK0MZADX1KQBGCPNTBNJ8KA4GVPWKW2BG,SP2VV5RXVK0MZADX1KQBGCPNTBNJ8KA4GVPWKW2BG,debt_stored,aeUSDC,10994756
9053676,zest-v1,SP2VZSP1HHR9JFZ95V5XPE1RYWT6CJQHM82VS9DYJ,SP2VZSP1HHR9JFZ95V5XPE1RYWT6CJQHM82VS9DYJ,collateral,stSTX,3941250
9053676,zest-v1,SP2VZSP1HHR9JFZ95V5XPE1RYWT6CJQHM82VS9DYJ,SP2VZSP1HHR9JFZ95V5XPE1RYWT6CJQHM82VS9DYJ,debt,stSTX,2046122
9053676,zest-v1,SP2VZSP1HHR9JFZ95V5XPE1RYWT6CJQHM82VS9DYJ,SP2VZSP1HHR9JFZ95V5XPE1RYWT6CJQHM82VS9DYJ,debt_stored,stSTX,1967512
9053676,zest-v1,SP2W0538S5PCZVZDNEMJ0CJF4V0B20DDD6XT2139N,SP2W0538S5PCZVZDNEMJ0CJF4V0B20DDD6XT2139N,collateral,stSTX,1165866984
9053676,zest-v1,SP2W0538S5PCZVZDNEMJ0CJF4V0B20DDD6XT2139N,SP2W0538S5PCZVZDNEMJ0CJF4V0B20DDD6XT2139N,debt,STX,261070568
9053676,zest-v1,SP2W0538S5PCZVZDNEMJ0CJF4V0B20DDD6XT2139N,SP2W0538S5PCZVZDNEMJ0CJF4V0B20DDD6XT2139N,debt_stored,STX,222000000
9053676,zest-v1,SP2W1CCVM1261D8182DT5Q5YRY0A66PFD3G9FYVJ3,SP2W1CCVM1261D8182DT5Q5YRY0A66PFD3G9FYVJ3,collateral,stSTX,2682
9053676,zest-v1,SP2W1CCVM1261D8182DT5Q5YRY0A66PFD3G9FYVJ3,SP2W1CCVM1261D8182DT5Q5YRY0A66PFD3G9FYVJ3,debt,stSTX,24
9053676,zest-v1,SP2W1CCVM1261D8182DT5Q5YRY0A66PFD3G9FYVJ3,SP2W1CCVM1261D8182DT5Q5YRY0A66PFD3G9FYVJ3,debt_stored,stSTX,23
9053676,zest-v1,SP2W7BV0JJX2PDC2KAANHJRX8RXHXK82YCH7KED24,SP2W7BV0JJX2PDC2KAANHJRX8RXHXK82YCH7KED24,collateral,stSTX,37067924
9053676,zest-v1,SP2W7BV0JJX2PDC2KAANHJRX8RXHXK82YCH7KED24,SP2W7BV0JJX2PDC2KAANHJRX8RXHXK82YCH7KED24,debt,STX,624
9053676,zest-v1,SP2W7BV0JJX2PDC2KAANHJRX8RXHXK82YCH7KED24,SP2W7BV0JJX2PDC2KAANHJRX8RXHXK82YCH7KED24,debt_stored,STX,552
9053676,zest-v1,SP2W8SXYX8HP40V6682F4F5CRKZRPRGREG4HKBMZX,SP2W8SXYX8HP40V6682F4F5CRKZRPRGREG4HKBMZX,collateral,stSTX,143483133
9053676,zest-v1,SP2W8SXYX8HP40V6682F4F5CRKZRPRGREG4HKBMZX,SP2W8SXYX8HP40V6682F4F5CRKZRPRGREG4HKBMZX,debt,STX,84572270
9053676,zest-v1,SP2W8SXYX8HP40V6682F4F5CRKZRPRGREG4HKBMZX,SP2W8SXYX8HP40V6682F4F5CRKZRPRGREG4HKBMZX,debt_stored,STX,72026450
9053676,zest-v1,SP2WC112DEJR44WVAX5A2WZ21VCTTVMY000AJKKYT,SP2WC112DEJR44WVAX5A2WZ21VCTTVMY000AJKKYT,collateral,STX,43929144
9053676,zest-v1,SP2WC112DEJR44WVAX5A2WZ21VCTTVMY000AJKKYT,SP2WC112DEJR44WVAX5A2WZ21VCTTVMY000AJKKYT,debt,aeUSDC,3286706
9053676,zest-v1,SP2WC112DEJR44WVAX5A2WZ21VCTTVMY000AJKKYT,SP2WC112DEJR44WVAX5A2WZ21VCTTVMY000AJKKYT,debt_stored,aeUSDC,3248915
9053676,zest-v1,SP2WC3S1S4K04EVZXCDVHNTGMPZ8Y8T1WSD6X0KWA,SP2WC3S1S4K04EVZXCDVHNTGMPZ8Y8T1WSD6X0KWA,collateral,stSTX,4263
9053676,zest-v1,SP2WC3S1S4K04EVZXCDVHNTGMPZ8Y8T1WSD6X0KWA,SP2WC3S1S4K04EVZXCDVHNTGMPZ8Y8T1WSD6X0KWA,debt,aeUSDC,935
9053676,zest-v1,SP2WC3S1S4K04EVZXCDVHNTGMPZ8Y8T1WSD6X0KWA,SP2WC3S1S4K04EVZXCDVHNTGMPZ8Y8T1WSD6X0KWA,debt_stored,aeUSDC,701
9053676,zest-v1,SP2WHHNS0QFZKE4J2V0PMJ9X4GHKXA6NTCMXX36AF,SP2WHHNS0QFZKE4J2V0PMJ9X4GHKXA6NTCMXX36AF,collateral,stSTX,24635622
9053676,zest-v1,SP2WHHNS0QFZKE4J2V0PMJ9X4GHKXA6NTCMXX36AF,SP2WHHNS0QFZKE4J2V0PMJ9X4GHKXA6NTCMXX36AF,debt,STX,14989250
9053676,zest-v1,SP2WHHNS0QFZKE4J2V0PMJ9X4GHKXA6NTCMXX36AF,SP2WHHNS0QFZKE4J2V0PMJ9X4GHKXA6NTCMXX36AF,debt,aeUSDC,312143
9053676,zest-v1,SP2WHHNS0QFZKE4J2V0PMJ9X4GHKXA6NTCMXX36AF,SP2WHHNS0QFZKE4J2V0PMJ9X4GHKXA6NTCMXX36AF,debt_stored,STX,14755170
9053676,zest-v1,SP2WHHNS0QFZKE4J2V0PMJ9X4GHKXA6NTCMXX36AF,SP2WHHNS0QFZKE4J2V0PMJ9X4GHKXA6NTCMXX36AF,debt_stored,aeUSDC,267831
9053676,zest-v1,SP2WMYDF3S39FWDSJ72CAJ9PZRYTW1PKTC0WN5QAP,SP2WMYDF3S39FWDSJ72CAJ9PZRYTW1PKTC0WN5QAP,collateral,USDH,10707551300
9053676,zest-v1,SP2WMYDF3S39FWDSJ72CAJ9PZRYTW1PKTC0WN5QAP,SP2WMYDF3S39FWDSJ72CAJ9PZRYTW1PKTC0WN5QAP,debt,USDH,551556370
9053676,zest-v1,SP2WMYDF3S39FWDSJ72CAJ9PZRYTW1PKTC0WN5QAP,SP2WMYDF3S39FWDSJ72CAJ9PZRYTW1PKTC0WN5QAP,debt_stored,USDH,491553172
9053676,zest-v1,SP2WP3D7T8D5QTF3NPCHMXT78JNHJTMCSWBY5MH2Z,SP2WP3D7T8D5QTF3NPCHMXT78JNHJTMCSWBY5MH2Z,collateral,stSTX,1632000
9053676,zest-v1,SP2WP3D7T8D5QTF3NPCHMXT78JNHJTMCSWBY5MH2Z,SP2WP3D7T8D5QTF3NPCHMXT78JNHJTMCSWBY5MH2Z,debt,STX,610478
9053676,zest-v1,SP2WP3D7T8D5QTF3NPCHMXT78JNHJTMCSWBY5MH2Z,SP2WP3D7T8D5QTF3NPCHMXT78JNHJTMCSWBY5MH2Z,debt,aeUSDC,248689
9053676,zest-v1,SP2WP3D7T8D5QTF3NPCHMXT78JNHJTMCSWBY5MH2Z,SP2WP3D7T8D5QTF3NPCHMXT78JNHJTMCSWBY5MH2Z,debt_stored,STX,579757
9053676,zest-v1,SP2WP3D7T8D5QTF3NPCHMXT78JNHJTMCSWBY5MH2Z,SP2WP3D7T8D5QTF3NPCHMXT78JNHJTMCSWBY5MH2Z,debt_stored,aeUSDC,234516
9053676,zest-v1,SP2WS28J7A725HPCGPFBG9F0973JQTQ8Z0FX3GDJP,SP2WS28J7A725HPCGPFBG9F0973JQTQ8Z0FX3GDJP,collateral,stSTX,189482
9053676,zest-v1,SP2WS28J7A725HPCGPFBG9F0973JQTQ8Z0FX3GDJP,SP2WS28J7A725HPCGPFBG9F0973JQTQ8Z0FX3GDJP,debt,aeUSDC,28346
9053676,zest-v1,SP2WS28J7A725HPCGPFBG9F0973JQTQ8Z0FX3GDJP,SP2WS28J7A725HPCGPFBG9F0973JQTQ8Z0FX3GDJP,debt_stored,aeUSDC,25231
9053676,zest-v1,SP2WXPEYCZY51BYSSAE2D9C3HJBMZQPHCTZYWA5JB,SP2WXPEYCZY51BYSSAE2D9C3HJBMZQPHCTZYWA5JB,collateral,STX,11759407
9053676,zest-v1,SP2WXPEYCZY51BYSSAE2D9C3HJBMZQPHCTZYWA5JB,SP2WXPEYCZY51BYSSAE2D9C3HJBMZQPHCTZYWA5JB,debt,aeUSDC,1369696
9053676,zest-v1,SP2WXPEYCZY51BYSSAE2D9C3HJBMZQPHCTZYWA5JB,SP2WXPEYCZY51BYSSAE2D9C3HJBMZQPHCTZYWA5JB,debt_stored,aeUSDC,1330313
9053676,zest-v1,SP2X48EMT7RR934KZP938W87MF93H96RVC1GNK7YM,SP2X48EMT7RR934KZP938W87MF93H96RVC1GNK7YM,collateral,stSTX,1901933
9053676,zest-v1,SP2X48EMT7RR934KZP938W87MF93H96RVC1GNK7YM,SP2X48EMT7RR934KZP938W87MF93H96RVC1GNK7YM,debt,aeUSDC,828967
9053676,zest-v1,SP2X48EMT7RR934KZP938W87MF93H96RVC1GNK7YM,SP2X48EMT7RR934KZP938W87MF93H96RVC1GNK7YM,debt_stored,aeUSDC,781613
9053676,zest-v1,SP2X4SDD5KGTQ225ENR03BVCH2V6F28EBX60814AQ,SP2X4SDD5KGTQ225ENR03BVCH2V6F28EBX60814AQ,collateral,stSTX,13247602
9053676,zest-v1,SP2X4SDD5KGTQ225ENR03BVCH2V6F28EBX60814AQ,SP2X4SDD5KGTQ225ENR03BVCH2V6F28EBX60814AQ,debt,STX,4590052
9053676,zest-v1,SP2X4SDD5KGTQ225ENR03BVCH2V6F28EBX60814AQ,SP2X4SDD5KGTQ225ENR03BVCH2V6F28EBX60814AQ,debt_stored,STX,3979969
9053676,zest-v1,SP2X5X4HSR9ABHSY60SR3JQXE7SDXQQVEKKKVAVP1,SP2X5X4HSR9ABHSY60SR3JQXE7SDXQQVEKKKVAVP1,collateral,stSTX,1452583688
9053676,zest-v1,SP2X5X4HSR9ABHSY60SR3JQXE7SDXQQVEKKKVAVP1,SP2X5X4HSR9ABHSY60SR3JQXE7SDXQQVEKKKVAVP1,debt,stSTX,471815842
9053676,zest-v1,SP2X5X4HSR9ABHSY60SR3JQXE7SDXQQVEKKKVAVP1,SP2X5X4HSR9ABHSY60SR3JQXE7SDXQQVEKKKVAVP1,debt_stored,stSTX,450000000
9053676,zest-v1,SP2X6RSHSEKB46ANMXRR7TAH03T7762QHY26DYMNS,SP2X6RSHSEKB46ANMXRR7TAH03T7762QHY26DYMNS,collateral,STX,25423219
9053676,zest-v1,SP2X6RSHSEKB46ANMXRR7TAH03T7762QHY26DYMNS,SP2X6RSHSEKB46ANMXRR7TAH03T7762QHY26DYMNS,collateral,stSTX,170785301
9053676,zest-v1,SP2X6RSHSEKB46ANMXRR7TAH03T7762QHY26DYMNS,SP2X6RSHSEKB46ANMXRR7TAH03T7762QHY26DYMNS,debt,aeUSDC,10951955
9053676,zest-v1,SP2X6RSHSEKB46ANMXRR7TAH03T7762QHY26DYMNS,SP2X6RSHSEKB46ANMXRR7TAH03T7762QHY26DYMNS,debt_stored,aeUSDC,10245671
9053676,zest-v1,SP2XE0W323XF3EZETK5VHXJYKE84VWPK50ZMB31S1,SP2XE0W323XF3EZETK5VHXJYKE84VWPK50ZMB31S1,collateral,stSTX,199
9053676,zest-v1,SP2XE0W323XF3EZETK5VHXJYKE84VWPK50ZMB31S1,SP2XE0W323XF3EZETK5VHXJYKE84VWPK50ZMB31S1,debt,STX,64
9053676,zest-v1,SP2XE0W323XF3EZETK5VHXJYKE84VWPK50ZMB31S1,SP2XE0W323XF3EZETK5VHXJYKE84VWPK50ZMB31S1,debt,stSTX,3
9053676,zest-v1,SP2XE0W323XF3EZETK5VHXJYKE84VWPK50ZMB31S1,SP2XE0W323XF3EZETK5VHXJYKE84VWPK50ZMB31S1,debt_stored,STX,57
9053676,zest-v1,SP2XE0W323XF3EZETK5VHXJYKE84VWPK50ZMB31S1,SP2XE0W323XF3EZETK5VHXJYKE84VWPK50ZMB31S1,debt_stored,stSTX,2
9053676,zest-v1,SP2XGT4XMKGB6DBN6FGZAVAXHBQT18F3G3WJ4TTTW,SP2XGT4XMKGB6DBN6FGZAVAXHBQT18F3G3WJ4TTTW,collateral,stSTX,268477688
9053676,zest-v1,SP2XGT4XMKGB6DBN6FGZAVAXHBQT18F3G3WJ4TTTW,SP2XGT4XMKGB6DBN6FGZAVAXHBQT18F3G3WJ4TTTW,debt,STX,88172829
9053676,zest-v1,SP2XGT4XMKGB6DBN6FGZAVAXHBQT18F3G3WJ4TTTW,SP2XGT4XMKGB6DBN6FGZAVAXHBQT18F3G3WJ4TTTW,debt,aeUSDC,1015
9053676,zest-v1,SP2XGT4XMKGB6DBN6FGZAVAXHBQT18F3G3WJ4TTTW,SP2XGT4XMKGB6DBN6FGZAVAXHBQT18F3G3WJ4TTTW,debt_stored,STX,75000000
9053676,zest-v1,SP2XGT4XMKGB6DBN6FGZAVAXHBQT18F3G3WJ4TTTW,SP2XGT4XMKGB6DBN6FGZAVAXHBQT18F3G3WJ4TTTW,debt_stored,aeUSDC,761
9053676,zest-v1,SP2XJ642XX3VZPNEZNCJZ7DX4EN0ZGXYDN8B2HZY8,SP2XJ642XX3VZPNEZNCJZ7DX4EN0ZGXYDN8B2HZY8,collateral,STX,6417618
9053676,zest-v1,SP2XJ642XX3VZPNEZNCJZ7DX4EN0ZGXYDN8B2HZY8,SP2XJ642XX3VZPNEZNCJZ7DX4EN0ZGXYDN8B2HZY8,debt,stSTX,1048244
9053676,zest-v1,SP2XJ642XX3VZPNEZNCJZ7DX4EN0ZGXYDN8B2HZY8,SP2XJ642XX3VZPNEZNCJZ7DX4EN0ZGXYDN8B2HZY8,debt_stored,stSTX,1000000
9053676,zest-v1,SP2XJAWTQH9MJ1FV1QGP12KP3Q1SZAYT3RTBJBDPK,SP2XJAWTQH9MJ1FV1QGP12KP3Q1SZAYT3RTBJBDPK,collateral,stSTX,19121
9053676,zest-v1,SP2XJAWTQH9MJ1FV1QGP12KP3Q1SZAYT3RTBJBDPK,SP2XJAWTQH9MJ1FV1QGP12KP3Q1SZAYT3RTBJBDPK,debt,stSTX,28
9053676,zest-v1,SP2XJAWTQH9MJ1FV1QGP12KP3Q1SZAYT3RTBJBDPK,SP2XJAWTQH9MJ1FV1QGP12KP3Q1SZAYT3RTBJBDPK,debt_stored,stSTX,27
9053676,zest-v1,SP2XM1QJB05F2JA76J6PEKHTEKBW8GEDY1XRND9F6,SP2XM1QJB05F2JA76J6PEKHTEKBW8GEDY1XRND9F6,collateral,stSTX,44691083
9053676,zest-v1,SP2XM1QJB05F2JA76J6PEKHTEKBW8GEDY1XRND9F6,SP2XM1QJB05F2JA76J6PEKHTEKBW8GEDY1XRND9F6,debt,STX,26467139
9053676,zest-v1,SP2XM1QJB05F2JA76J6PEKHTEKBW8GEDY1XRND9F6,SP2XM1QJB05F2JA76J6PEKHTEKBW8GEDY1XRND9F6,debt_stored,STX,22514161
9053676,zest-v1,SP2XV97TQ925WMTQTBJWJVP5ZEK7ATR0G5F6982AX,SP2XV97TQ925WMTQTBJWJVP5ZEK7ATR0G5F6982AX,collateral,STX,118052309
9053676,zest-v1,SP2XV97TQ925WMTQTBJWJVP5ZEK7ATR0G5F6982AX,SP2XV97TQ925WMTQTBJWJVP5ZEK7ATR0G5F6982AX,collateral,stSTX,218489741
9053676,zest-v1,SP2XV97TQ925WMTQTBJWJVP5ZEK7ATR0G5F6982AX,SP2XV97TQ925WMTQTBJWJVP5ZEK7ATR0G5F6982AX,debt,STX,128802340
9053676,zest-v1,SP2XV97TQ925WMTQTBJWJVP5ZEK7ATR0G5F6982AX,SP2XV97TQ925WMTQTBJWJVP5ZEK7ATR0G5F6982AX,debt_stored,STX,109557307
9053676,zest-v1,SP2XVKPNAKAQAWTV8396JV58NTT1YAY3K4M1PGCD9,SP2XVKPNAKAQAWTV8396JV58NTT1YAY3K4M1PGCD9,collateral,stSTX,22261
9053676,zest-v1,SP2XVKPNAKAQAWTV8396JV58NTT1YAY3K4M1PGCD9,SP2XVKPNAKAQAWTV8396JV58NTT1YAY3K4M1PGCD9,debt,STX,7132
9053676,zest-v1,SP2XVKPNAKAQAWTV8396JV58NTT1YAY3K4M1PGCD9,SP2XVKPNAKAQAWTV8396JV58NTT1YAY3K4M1PGCD9,debt_stored,STX,6268
9053676,zest-v1,SP2XW5QP3M9E50CBE15G3BD7TW44J97ZCKMDR2N4N,SP2XW5QP3M9E50CBE15G3BD7TW44J97ZCKMDR2N4N,collateral,stSTX,272308
9053676,zest-v1,SP2XW5QP3M9E50CBE15G3BD7TW44J97ZCKMDR2N4N,SP2XW5QP3M9E50CBE15G3BD7TW44J97ZCKMDR2N4N,debt,aeUSDC,227606
9053676,zest-v1,SP2XW5QP3M9E50CBE15G3BD7TW44J97ZCKMDR2N4N,SP2XW5QP3M9E50CBE15G3BD7TW44J97ZCKMDR2N4N,debt_stored,aeUSDC,202572
9053676,zest-v1,SP2XWGZ4XNGX3CBMJ60WB8WY5WWCBXAY21M80WT2Y,SP2XWGZ4XNGX3CBMJ60WB8WY5WWCBXAY21M80WT2Y,collateral,stSTX,504256
9053676,zest-v1,SP2XWGZ4XNGX3CBMJ60WB8WY5WWCBXAY21M80WT2Y,SP2XWGZ4XNGX3CBMJ60WB8WY5WWCBXAY21M80WT2Y,debt,aeUSDC,440825
9053676,zest-v1,SP2XWGZ4XNGX3CBMJ60WB8WY5WWCBXAY21M80WT2Y,SP2XWGZ4XNGX3CBMJ60WB8WY5WWCBXAY21M80WT2Y,debt_stored,aeUSDC,397632
9053676,zest-v1,SP2XXPBN1JFKZY8Z0FCP022NBVQZSWTK185KQQ3NS,SP2XXPBN1JFKZY8Z0FCP022NBVQZSWTK185KQQ3NS,debt,STX,117592
9053676,zest-v1,SP2XXPBN1JFKZY8Z0FCP022NBVQZSWTK185KQQ3NS,SP2XXPBN1JFKZY8Z0FCP022NBVQZSWTK185KQQ3NS,debt_stored,STX,100000
9053676,zest-v1,SP2XYMY5FPFP1R02K77ZYK533XNVQFZNMQB57CMBP,SP2XYMY5FPFP1R02K77ZYK533XNVQFZNMQB57CMBP,collateral,sBTC,6004
9053676,zest-v1,SP2XYMY5FPFP1R02K77ZYK533XNVQFZNMQB57CMBP,SP2XYMY5FPFP1R02K77ZYK533XNVQFZNMQB57CMBP,debt,aeUSDC,2
9053676,zest-v1,SP2XYMY5FPFP1R02K77ZYK533XNVQFZNMQB57CMBP,SP2XYMY5FPFP1R02K77ZYK533XNVQFZNMQB57CMBP,debt_stored,aeUSDC,1
9053676,zest-v1,SP2Y6PN1W5F97RZ2ENNSAADVWBFDF3GCVC4YZ71CN,SP2Y6PN1W5F97RZ2ENNSAADVWBFDF3GCVC4YZ71CN,collateral,stSTX,361377065
9053676,zest-v1,SP2Y6PN1W5F97RZ2ENNSAADVWBFDF3GCVC4YZ71CN,SP2Y6PN1W5F97RZ2ENNSAADVWBFDF3GCVC4YZ71CN,debt,stSTX,125591236
9053676,zest-v1,SP2Y6PN1W5F97RZ2ENNSAADVWBFDF3GCVC4YZ71CN,SP2Y6PN1W5F97RZ2ENNSAADVWBFDF3GCVC4YZ71CN,debt_stored,stSTX,119843798
9053676,zest-v1,SP2Y743CNBQ5RW3A323C338HD1DVK04CSBKMECQ1Y,SP2Y743CNBQ5RW3A323C338HD1DVK04CSBKMECQ1Y,collateral,stSTX,3127386
9053676,zest-v1,SP2Y743CNBQ5RW3A323C338HD1DVK04CSBKMECQ1Y,SP2Y743CNBQ5RW3A323C338HD1DVK04CSBKMECQ1Y,debt,stSTX,271176
9053676,zest-v1,SP2Y743CNBQ5RW3A323C338HD1DVK04CSBKMECQ1Y,SP2Y743CNBQ5RW3A323C338HD1DVK04CSBKMECQ1Y,debt_stored,stSTX,258795
9053676,zest-v1,SP2YADQRAJ4468KEX4CYD4MQPF0S6QYFT5BRA22J0,SP2YADQRAJ4468KEX4CYD4MQPF0S6QYFT5BRA22J0,collateral,sBTC,24458472
9053676,zest-v1,SP2YADQRAJ4468KEX4CYD4MQPF0S6QYFT5BRA22J0,SP2YADQRAJ4468KEX4CYD4MQPF0S6QYFT5BRA22J0,debt,USDH,571888020112
9053676,zest-v1,SP2YADQRAJ4468KEX4CYD4MQPF0S6QYFT5BRA22J0,SP2YADQRAJ4468KEX4CYD4MQPF0S6QYFT5BRA22J0,debt,aeUSDC,1843646705
9053676,zest-v1,SP2YADQRAJ4468KEX4CYD4MQPF0S6QYFT5BRA22J0,SP2YADQRAJ4468KEX4CYD4MQPF0S6QYFT5BRA22J0,debt_stored,USDH,520017473200
9053676,zest-v1,SP2YADQRAJ4468KEX4CYD4MQPF0S6QYFT5BRA22J0,SP2YADQRAJ4468KEX4CYD4MQPF0S6QYFT5BRA22J0,debt_stored,aeUSDC,1743325110
9053676,zest-v1,SP2YDP13MXWC61FPAWSZASA49E43ZZA2P3G3M5P18,SP2YDP13MXWC61FPAWSZASA49E43ZZA2P3G3M5P18,collateral,stSTX,131825869
9053676,zest-v1,SP2YDP13MXWC61FPAWSZASA49E43ZZA2P3G3M5P18,SP2YDP13MXWC61FPAWSZASA49E43ZZA2P3G3M5P18,debt,STX,59903829
9053676,zest-v1,SP2YDP13MXWC61FPAWSZASA49E43ZZA2P3G3M5P18,SP2YDP13MXWC61FPAWSZASA49E43ZZA2P3G3M5P18,debt,stSTX,10
9053676,zest-v1,SP2YDP13MXWC61FPAWSZASA49E43ZZA2P3G3M5P18,SP2YDP13MXWC61FPAWSZASA49E43ZZA2P3G3M5P18,debt_stored,STX,53000000
9053676,zest-v1,SP2YDP13MXWC61FPAWSZASA49E43ZZA2P3G3M5P18,SP2YDP13MXWC61FPAWSZASA49E43ZZA2P3G3M5P18,debt_stored,stSTX,9
9053676,zest-v1,SP2YE97WPR9C184MQ4RVM6AP1J629750Z1N48N82S,SP2YE97WPR9C184MQ4RVM6AP1J629750Z1N48N82S,collateral,USDH,596844553
9053676,zest-v1,SP2YE97WPR9C184MQ4RVM6AP1J629750Z1N48N82S,SP2YE97WPR9C184MQ4RVM6AP1J629750Z1N48N82S,collateral,stSTX,19307
9053676,zest-v1,SP2YE97WPR9C184MQ4RVM6AP1J629750Z1N48N82S,SP2YE97WPR9C184MQ4RVM6AP1J629750Z1N48N82S,debt,aeUSDC,65
9053676,zest-v1,SP2YE97WPR9C184MQ4RVM6AP1J629750Z1N48N82S,SP2YE97WPR9C184MQ4RVM6AP1J629750Z1N48N82S,debt_stored,aeUSDC,54
9053676,zest-v1,SP2YFENF1H9647E9HNY0CWX8GM88GXTJW8A85GHGD,SP2YFENF1H9647E9HNY0CWX8GM88GXTJW8A85GHGD,collateral,stSTX,157477447
9053676,zest-v1,SP2YFENF1H9647E9HNY0CWX8GM88GXTJW8A85GHGD,SP2YFENF1H9647E9HNY0CWX8GM88GXTJW8A85GHGD,debt,stSTX,81633459
9053676,zest-v1,SP2YFENF1H9647E9HNY0CWX8GM88GXTJW8A85GHGD,SP2YFENF1H9647E9HNY0CWX8GM88GXTJW8A85GHGD,debt_stored,stSTX,78212788
9053676,zest-v1,SP2YHQQXYD4N36MAEKC1AZ38BBQB3DQ9JKR5CSVPP,SP2YHQQXYD4N36MAEKC1AZ38BBQB3DQ9JKR5CSVPP,collateral,stSTX,167937445
9053676,zest-v1,SP2YHQQXYD4N36MAEKC1AZ38BBQB3DQ9JKR5CSVPP,SP2YHQQXYD4N36MAEKC1AZ38BBQB3DQ9JKR5CSVPP,debt,stSTX,53278433
9053676,zest-v1,SP2YHQQXYD4N36MAEKC1AZ38BBQB3DQ9JKR5CSVPP,SP2YHQQXYD4N36MAEKC1AZ38BBQB3DQ9JKR5CSVPP,debt_stored,stSTX,50890432
9053676,zest-v1,SP2YR4E6C2XJ10MAP5VR8GYAJJF4CHNNC1EGZY70X,SP2YR4E6C2XJ10MAP5VR8GYAJJF4CHNNC1EGZY70X,collateral,STX,47
9053676,zest-v1,SP2YR4E6C2XJ10MAP5VR8GYAJJF4CHNNC1EGZY70X,SP2YR4E6C2XJ10MAP5VR8GYAJJF4CHNNC1EGZY70X,collateral,sBTC,631992
9053676,zest-v1,SP2YR4E6C2XJ10MAP5VR8GYAJJF4CHNNC1EGZY70X,SP2YR4E6C2XJ10MAP5VR8GYAJJF4CHNNC1EGZY70X,debt,STX,3088623
9053676,zest-v1,SP2YR4E6C2XJ10MAP5VR8GYAJJF4CHNNC1EGZY70X,SP2YR4E6C2XJ10MAP5VR8GYAJJF4CHNNC1EGZY70X,debt,sBTC,444774
9053676,zest-v1,SP2YR4E6C2XJ10MAP5VR8GYAJJF4CHNNC1EGZY70X,SP2YR4E6C2XJ10MAP5VR8GYAJJF4CHNNC1EGZY70X,debt_stored,STX,3087156
9053676,zest-v1,SP2YR4E6C2XJ10MAP5VR8GYAJJF4CHNNC1EGZY70X,SP2YR4E6C2XJ10MAP5VR8GYAJJF4CHNNC1EGZY70X,debt_stored,sBTC,418970
9053676,zest-v1,SP2YS9JYN20GWX975X328PNVX3BBYR8HE02X6D0X5,SP2YS9JYN20GWX975X328PNVX3BBYR8HE02X6D0X5,collateral,stSTX,1001779
9053676,zest-v1,SP2YS9JYN20GWX975X328PNVX3BBYR8HE02X6D0X5,SP2YS9JYN20GWX975X328PNVX3BBYR8HE02X6D0X5,debt,STX,233174
9053676,zest-v1,SP2YS9JYN20GWX975X328PNVX3BBYR8HE02X6D0X5,SP2YS9JYN20GWX975X328PNVX3BBYR8HE02X6D0X5,debt_stored,STX,200000
9053676,zest-v1,SP2YT55JGXDRM1XRBAKJ1H9HRY21G4XZERTJ6K6WC,SP2YT55JGXDRM1XRBAKJ1H9HRY21G4XZERTJ6K6WC,collateral,STX,536225
9053676,zest-v1,SP2YT55JGXDRM1XRBAKJ1H9HRY21G4XZERTJ6K6WC,SP2YT55JGXDRM1XRBAKJ1H9HRY21G4XZERTJ6K6WC,debt,STX,117247
9053676,zest-v1,SP2YT55JGXDRM1XRBAKJ1H9HRY21G4XZERTJ6K6WC,SP2YT55JGXDRM1XRBAKJ1H9HRY21G4XZERTJ6K6WC,debt_stored,STX,100000
9053676,zest-v1,SP2YX1568ZQK8JBQNJ7947XCNNWAZGJYZFFBW5VWA,SP2YX1568ZQK8JBQNJ7947XCNNWAZGJYZFFBW5VWA,collateral,stSTX,132713429
9053676,zest-v1,SP2YX1568ZQK8JBQNJ7947XCNNWAZGJYZFFBW5VWA,SP2YX1568ZQK8JBQNJ7947XCNNWAZGJYZFFBW5VWA,debt,STX,58782340
9053676,zest-v1,SP2YX1568ZQK8JBQNJ7947XCNNWAZGJYZFFBW5VWA,SP2YX1568ZQK8JBQNJ7947XCNNWAZGJYZFFBW5VWA,debt,stSTX,5
9053676,zest-v1,SP2YX1568ZQK8JBQNJ7947XCNNWAZGJYZFFBW5VWA,SP2YX1568ZQK8JBQNJ7947XCNNWAZGJYZFFBW5VWA,debt_stored,STX,52000000
9053676,zest-v1,SP2YX1568ZQK8JBQNJ7947XCNNWAZGJYZFFBW5VWA,SP2YX1568ZQK8JBQNJ7947XCNNWAZGJYZFFBW5VWA,debt_stored,stSTX,4
9053676,zest-v1,SP2YZTJNXHBWXNFF644EH4GZ4S7CQ01CVSD2PEA49,SP2YZTJNXHBWXNFF644EH4GZ4S7CQ01CVSD2PEA49,collateral,stSTX,92355
9053676,zest-v1,SP2YZTJNXHBWXNFF644EH4GZ4S7CQ01CVSD2PEA49,SP2YZTJNXHBWXNFF644EH4GZ4S7CQ01CVSD2PEA49,debt,STX,1881
9053676,zest-v1,SP2YZTJNXHBWXNFF644EH4GZ4S7CQ01CVSD2PEA49,SP2YZTJNXHBWXNFF644EH4GZ4S7CQ01CVSD2PEA49,debt_stored,STX,1664
9053676,zest-v1,SP2Z2WH6EXDX1EJBK8JMJVQR3C8QFCFG2F3NHM6F1,SP2Z2WH6EXDX1EJBK8JMJVQR3C8QFCFG2F3NHM6F1,collateral,stSTX,68770243
9053676,zest-v1,SP2Z2WH6EXDX1EJBK8JMJVQR3C8QFCFG2F3NHM6F1,SP2Z2WH6EXDX1EJBK8JMJVQR3C8QFCFG2F3NHM6F1,debt,STX,29050132
9053676,zest-v1,SP2Z2WH6EXDX1EJBK8JMJVQR3C8QFCFG2F3NHM6F1,SP2Z2WH6EXDX1EJBK8JMJVQR3C8QFCFG2F3NHM6F1,debt_stored,STX,25000000
9053676,zest-v1,SP2Z4MW9Z71B3SQ1NFP3RB7FR2SMBTQWHVNFTXRF6,SP2Z4MW9Z71B3SQ1NFP3RB7FR2SMBTQWHVNFTXRF6,collateral,stSTX,125781
9053676,zest-v1,SP2Z4MW9Z71B3SQ1NFP3RB7FR2SMBTQWHVNFTXRF6,SP2Z4MW9Z71B3SQ1NFP3RB7FR2SMBTQWHVNFTXRF6,debt,STX,300
9053676,zest-v1,SP2Z4MW9Z71B3SQ1NFP3RB7FR2SMBTQWHVNFTXRF6,SP2Z4MW9Z71B3SQ1NFP3RB7FR2SMBTQWHVNFTXRF6,debt_stored,STX,267
9053676,zest-v1,SP2Z4N1YCW45176FA0XF5TXHT0KKDQ8EXWWZVBZNB,SP2Z4N1YCW45176FA0XF5TXHT0KKDQ8EXWWZVBZNB,collateral,stSTX,84310
9053676,zest-v1,SP2Z4N1YCW45176FA0XF5TXHT0KKDQ8EXWWZVBZNB,SP2Z4N1YCW45176FA0XF5TXHT0KKDQ8EXWWZVBZNB,debt,STX,13651
9053676,zest-v1,SP2Z4N1YCW45176FA0XF5TXHT0KKDQ8EXWWZVBZNB,SP2Z4N1YCW45176FA0XF5TXHT0KKDQ8EXWWZVBZNB,debt_stored,STX,11952
9053676,zest-v1,SP2Z4W3X43BRDSDXHTYB783B2JH5B9FA2RG5RKSAX,SP2Z4W3X43BRDSDXHTYB783B2JH5B9FA2RG5RKSAX,collateral,stSTX,401714750
9053676,zest-v1,SP2Z4W3X43BRDSDXHTYB783B2JH5B9FA2RG5RKSAX,SP2Z4W3X43BRDSDXHTYB783B2JH5B9FA2RG5RKSAX,debt,STX,176326284
9053676,zest-v1,SP2Z4W3X43BRDSDXHTYB783B2JH5B9FA2RG5RKSAX,SP2Z4W3X43BRDSDXHTYB783B2JH5B9FA2RG5RKSAX,debt_stored,STX,150000000
9053676,zest-v1,SP2Z6K2G6E08399JKV48N9WJBWPQBES3ZZDH4FFHW,SP2Z6K2G6E08399JKV48N9WJBWPQBES3ZZDH4FFHW,collateral,stSTX,105412322
9053676,zest-v1,SP2Z6K2G6E08399JKV48N9WJBWPQBES3ZZDH4FFHW,SP2Z6K2G6E08399JKV48N9WJBWPQBES3ZZDH4FFHW,debt,stSTX,26024041
9053676,zest-v1,SP2Z6K2G6E08399JKV48N9WJBWPQBES3ZZDH4FFHW,SP2Z6K2G6E08399JKV48N9WJBWPQBES3ZZDH4FFHW,debt_stored,stSTX,24822425
9053676,zest-v1,SP2Z6PCE6G4ZPEGME8DDS8ZQXV62WQKTGZJCF2YH6,SP2Z6PCE6G4ZPEGME8DDS8ZQXV62WQKTGZJCF2YH6,collateral,stSTXbtc,6000000
9053676,zest-v1,SP2Z6PCE6G4ZPEGME8DDS8ZQXV62WQKTGZJCF2YH6,SP2Z6PCE6G4ZPEGME8DDS8ZQXV62WQKTGZJCF2YH6,debt,USDH,99011404
9053676,zest-v1,SP2Z6PCE6G4ZPEGME8DDS8ZQXV62WQKTGZJCF2YH6,SP2Z6PCE6G4ZPEGME8DDS8ZQXV62WQKTGZJCF2YH6,debt_stored,USDH,92764270
9053676,zest-v1,SP2Z7Z33B08W2364V0QV4Z1KYYWYHMNQHS34A76N4,SP2Z7Z33B08W2364V0QV4Z1KYYWYHMNQHS34A76N4,collateral,STX,2624535
9053676,zest-v1,SP2Z7Z33B08W2364V0QV4Z1KYYWYHMNQHS34A76N4,SP2Z7Z33B08W2364V0QV4Z1KYYWYHMNQHS34A76N4,debt,aeUSDC,1037121
9053676,zest-v1,SP2Z7Z33B08W2364V0QV4Z1KYYWYHMNQHS34A76N4,SP2Z7Z33B08W2364V0QV4Z1KYYWYHMNQHS34A76N4,debt_stored,aeUSDC,935495
9053676,zest-v1,SP2Z82QFEEVF9CM5QGQSVRTQRTCVDP9B8JHEPWARG,SP2Z82QFEEVF9CM5QGQSVRTQRTCVDP9B8JHEPWARG,collateral,stSTX,129985320
9053676,zest-v1,SP2Z82QFEEVF9CM5QGQSVRTQRTCVDP9B8JHEPWARG,SP2Z82QFEEVF9CM5QGQSVRTQRTCVDP9B8JHEPWARG,debt,STX,58782340
9053676,zest-v1,SP2Z82QFEEVF9CM5QGQSVRTQRTCVDP9B8JHEPWARG,SP2Z82QFEEVF9CM5QGQSVRTQRTCVDP9B8JHEPWARG,debt,stSTX,5
9053676,zest-v1,SP2Z82QFEEVF9CM5QGQSVRTQRTCVDP9B8JHEPWARG,SP2Z82QFEEVF9CM5QGQSVRTQRTCVDP9B8JHEPWARG,debt_stored,STX,52000000
9053676,zest-v1,SP2Z82QFEEVF9CM5QGQSVRTQRTCVDP9B8JHEPWARG,SP2Z82QFEEVF9CM5QGQSVRTQRTCVDP9B8JHEPWARG,debt_stored,stSTX,4
9053676,zest-v1,SP2Z88KHPRY9ECF9EZWS957A9TYTNGD65EMF2W02G,SP2Z88KHPRY9ECF9EZWS957A9TYTNGD65EMF2W02G,collateral,STX,1578521
9053676,zest-v1,SP2Z88KHPRY9ECF9EZWS957A9TYTNGD65EMF2W02G,SP2Z88KHPRY9ECF9EZWS957A9TYTNGD65EMF2W02G,debt,aeUSDC,659582
9053676,zest-v1,SP2Z88KHPRY9ECF9EZWS957A9TYTNGD65EMF2W02G,SP2Z88KHPRY9ECF9EZWS957A9TYTNGD65EMF2W02G,debt_stored,aeUSDC,594787
9053676,zest-v1,SP2Z8HPHG0H0VM6GV0A29MJYPVWS14YE0WERBX18E,SP2Z8HPHG0H0VM6GV0A29MJYPVWS14YE0WERBX18E,collateral,stSTX,4766264408
9053676,zest-v1,SP2Z8HPHG0H0VM6GV0A29MJYPVWS14YE0WERBX18E,SP2Z8HPHG0H0VM6GV0A29MJYPVWS14YE0WERBX18E,debt,STX,1702631307
9053676,zest-v1,SP2Z8HPHG0H0VM6GV0A29MJYPVWS14YE0WERBX18E,SP2Z8HPHG0H0VM6GV0A29MJYPVWS14YE0WERBX18E,debt_stored,STX,1601285319
9053676,zest-v1,SP2ZC6WC1B18PY9G1Y6NZWGRT15YJ270ANC23QKBT,SP2ZC6WC1B18PY9G1Y6NZWGRT15YJ270ANC23QKBT,collateral,STX,56871943
9053676,zest-v1,SP2ZC6WC1B18PY9G1Y6NZWGRT15YJ270ANC23QKBT,SP2ZC6WC1B18PY9G1Y6NZWGRT15YJ270ANC23QKBT,collateral,stSTX,102387019
9053676,zest-v1,SP2ZC6WC1B18PY9G1Y6NZWGRT15YJ270ANC23QKBT,SP2ZC6WC1B18PY9G1Y6NZWGRT15YJ270ANC23QKBT,debt,STX,60254864
9053676,zest-v1,SP2ZC6WC1B18PY9G1Y6NZWGRT15YJ270ANC23QKBT,SP2ZC6WC1B18PY9G1Y6NZWGRT15YJ270ANC23QKBT,debt_stored,STX,51282342
9053676,zest-v1,SP2ZDTWRQTS3MZWD1K3KJ41YQWFVRRNPEPMVP9CAD,SP2ZDTWRQTS3MZWD1K3KJ41YQWFVRRNPEPMVP9CAD,collateral,stSTX,18784753
9053676,zest-v1,SP2ZDTWRQTS3MZWD1K3KJ41YQWFVRRNPEPMVP9CAD,SP2ZDTWRQTS3MZWD1K3KJ41YQWFVRRNPEPMVP9CAD,debt,aeUSDC,1926043
9053676,zest-v1,SP2ZDTWRQTS3MZWD1K3KJ41YQWFVRRNPEPMVP9CAD,SP2ZDTWRQTS3MZWD1K3KJ41YQWFVRRNPEPMVP9CAD,debt_stored,aeUSDC,1895331
9053676,zest-v1,SP2ZGXB09V8T0TV1Q75PKA8YVMQBC0ZPFYAE18972,SP2ZGXB09V8T0TV1Q75PKA8YVMQBC0ZPFYAE18972,collateral,stSTX,19447
9053676,zest-v1,SP2ZGXB09V8T0TV1Q75PKA8YVMQBC0ZPFYAE18972,SP2ZGXB09V8T0TV1Q75PKA8YVMQBC0ZPFYAE18972,debt,STX,1113
9053676,zest-v1,SP2ZGXB09V8T0TV1Q75PKA8YVMQBC0ZPFYAE18972,SP2ZGXB09V8T0TV1Q75PKA8YVMQBC0ZPFYAE18972,debt_stored,STX,988
9053676,zest-v1,SP2ZHTK0AJMXF20KCQTM482YAYB6WSY7A7A708VV8,SP2ZHTK0AJMXF20KCQTM482YAYB6WSY7A7A708VV8,collateral,stSTX,1256240095
9053676,zest-v1,SP2ZHTK0AJMXF20KCQTM482YAYB6WSY7A7A708VV8,SP2ZHTK0AJMXF20KCQTM482YAYB6WSY7A7A708VV8,debt,STX,353973540
9053676,zest-v1,SP2ZHTK0AJMXF20KCQTM482YAYB6WSY7A7A708VV8,SP2ZHTK0AJMXF20KCQTM482YAYB6WSY7A7A708VV8,debt_stored,STX,301000000
9053676,zest-v1,SP2ZNESKVAN6P9WYNXY0TCNMPFSKCMP0XP82ZE3BW,SP2ZNESKVAN6P9WYNXY0TCNMPFSKCMP0XP82ZE3BW,collateral,stSTX,1001779
9053676,zest-v1,SP2ZNESKVAN6P9WYNXY0TCNMPFSKCMP0XP82ZE3BW,SP2ZNESKVAN6P9WYNXY0TCNMPFSKCMP0XP82ZE3BW,debt,STX,233173
9053676,zest-v1,SP2ZNESKVAN6P9WYNXY0TCNMPFSKCMP0XP82ZE3BW,SP2ZNESKVAN6P9WYNXY0TCNMPFSKCMP0XP82ZE3BW,debt_stored,STX,200000
9053676,zest-v1,SP2ZR74KMGW835MEANH220W1SEB8DB0FTY3BKF0R7,SP2ZR74KMGW835MEANH220W1SEB8DB0FTY3BKF0R7,collateral,stSTX,1587527
9053676,zest-v1,SP2ZR74KMGW835MEANH220W1SEB8DB0FTY3BKF0R7,SP2ZR74KMGW835MEANH220W1SEB8DB0FTY3BKF0R7,debt,STX,952014
9053676,zest-v1,SP2ZR74KMGW835MEANH220W1SEB8DB0FTY3BKF0R7,SP2ZR74KMGW835MEANH220W1SEB8DB0FTY3BKF0R7,debt_stored,STX,862090
9053676,zest-v1,SP2ZVGMDY610RK5CJHR8YN0PR47X93VK66B91GP1J,SP2ZVGMDY610RK5CJHR8YN0PR47X93VK66B91GP1J,collateral,stSTX,185771598
9053676,zest-v1,SP2ZVGMDY610RK5CJHR8YN0PR47X93VK66B91GP1J,SP2ZVGMDY610RK5CJHR8YN0PR47X93VK66B91GP1J,debt,stSTX,75284895
9053676,zest-v1,SP2ZVGMDY610RK5CJHR8YN0PR47X93VK66B91GP1J,SP2ZVGMDY610RK5CJHR8YN0PR47X93VK66B91GP1J,debt_stored,stSTX,72030707
9053676,zest-v1,SP2ZYTBCV6MK1M9XRX425483MT8BBA50TJQBBGWD4,SP2ZYTBCV6MK1M9XRX425483MT8BBA50TJQBBGWD4,collateral,STX,15910513
9053676,zest-v1,SP2ZYTBCV6MK1M9XRX425483MT8BBA50TJQBBGWD4,SP2ZYTBCV6MK1M9XRX425483MT8BBA50TJQBBGWD4,debt,STX,5723713
9053676,zest-v1,SP2ZYTBCV6MK1M9XRX425483MT8BBA50TJQBBGWD4,SP2ZYTBCV6MK1M9XRX425483MT8BBA50TJQBBGWD4,debt_stored,STX,5000000
9053676,zest-v1,SP3010F6GC7C14K9SX5TTRCKFEGVG1D5A3RYKT87W,SP3010F6GC7C14K9SX5TTRCKFEGVG1D5A3RYKT87W,collateral,stSTX,50088955
9053676,zest-v1,SP3010F6GC7C14K9SX5TTRCKFEGVG1D5A3RYKT87W,SP3010F6GC7C14K9SX5TTRCKFEGVG1D5A3RYKT87W,debt,STX,11658788
9053676,zest-v1,SP3010F6GC7C14K9SX5TTRCKFEGVG1D5A3RYKT87W,SP3010F6GC7C14K9SX5TTRCKFEGVG1D5A3RYKT87W,debt_stored,STX,10000000
9053676,zest-v1,SP302KETQ770ME2ZA3KHRAPTN2BJ1HWJFZRH5ZQGZ,SP302KETQ770ME2ZA3KHRAPTN2BJ1HWJFZRH5ZQGZ,collateral,stSTX,9833
9053676,zest-v1,SP302KETQ770ME2ZA3KHRAPTN2BJ1HWJFZRH5ZQGZ,SP302KETQ770ME2ZA3KHRAPTN2BJ1HWJFZRH5ZQGZ,debt,STX,2204
9053676,zest-v1,SP302KETQ770ME2ZA3KHRAPTN2BJ1HWJFZRH5ZQGZ,SP302KETQ770ME2ZA3KHRAPTN2BJ1HWJFZRH5ZQGZ,debt_stored,STX,1930
9053676,zest-v1,SP303PN90SWX0QMKGV3J1WQGSMHJAXXH99KRNNMDK,SP303PN90SWX0QMKGV3J1WQGSMHJAXXH99KRNNMDK,collateral,STX,1053568
9053676,zest-v1,SP303PN90SWX0QMKGV3J1WQGSMHJAXXH99KRNNMDK,SP303PN90SWX0QMKGV3J1WQGSMHJAXXH99KRNNMDK,debt,STX,341158
9053676,zest-v1,SP303PN90SWX0QMKGV3J1WQGSMHJAXXH99KRNNMDK,SP303PN90SWX0QMKGV3J1WQGSMHJAXXH99KRNNMDK,debt_stored,STX,302375
9053676,zest-v1,SP3045VHS30MW2T425PMPD7FABPHNTR47HVZGFE90,SP3045VHS30MW2T425PMPD7FABPHNTR47HVZGFE90,collateral,stSTX,12050
9053676,zest-v1,SP3045VHS30MW2T425PMPD7FABPHNTR47HVZGFE90,SP3045VHS30MW2T425PMPD7FABPHNTR47HVZGFE90,debt,STX,7161
9053676,zest-v1,SP3045VHS30MW2T425PMPD7FABPHNTR47HVZGFE90,SP3045VHS30MW2T425PMPD7FABPHNTR47HVZGFE90,debt_stored,STX,6418
9053676,zest-v1,SP305DH1G931D4TR5SD2MW8S60QYWVVX50K7R1CAP,SP305DH1G931D4TR5SD2MW8S60QYWVVX50K7R1CAP,collateral,stSTX,8231608
9053676,zest-v1,SP305DH1G931D4TR5SD2MW8S60QYWVVX50K7R1CAP,SP305DH1G931D4TR5SD2MW8S60QYWVVX50K7R1CAP,debt,aeUSDC,1449085
9053676,zest-v1,SP305DH1G931D4TR5SD2MW8S60QYWVVX50K7R1CAP,SP305DH1G931D4TR5SD2MW8S60QYWVVX50K7R1CAP,debt_stored,aeUSDC,1407021
9053676,zest-v1,SP306X2PD9JYWS2237TKCD29EKGC1RBCW9GF79NGB,SP306X2PD9JYWS2237TKCD29EKGC1RBCW9GF79NGB,collateral,USDH,5433799852
9053676,zest-v1,SP306X2PD9JYWS2237TKCD29EKGC1RBCW9GF79NGB,SP306X2PD9JYWS2237TKCD29EKGC1RBCW9GF79NGB,collateral,stSTX,35570371
9053676,zest-v1,SP306X2PD9JYWS2237TKCD29EKGC1RBCW9GF79NGB,SP306X2PD9JYWS2237TKCD29EKGC1RBCW9GF79NGB,debt,USDH,356196502
9053676,zest-v1,SP306X2PD9JYWS2237TKCD29EKGC1RBCW9GF79NGB,SP306X2PD9JYWS2237TKCD29EKGC1RBCW9GF79NGB,debt_stored,USDH,353466086
9053676,zest-v1,SP30B64TWM1TB8MBRJJ9E8PTKP49G3T44RJF2S9GN,SP30B64TWM1TB8MBRJJ9E8PTKP49G3T44RJF2S9GN,collateral,stSTX,2800579
9053676,zest-v1,SP30B64TWM1TB8MBRJJ9E8PTKP49G3T44RJF2S9GN,SP30B64TWM1TB8MBRJJ9E8PTKP49G3T44RJF2S9GN,debt,stSTX,1461274
9053676,zest-v1,SP30B64TWM1TB8MBRJJ9E8PTKP49G3T44RJF2S9GN,SP30B64TWM1TB8MBRJJ9E8PTKP49G3T44RJF2S9GN,debt_stored,stSTX,1396633
9053676,zest-v1,SP30BEPKKZ8A72H26HJXTG65M6Q5GSPVK9T8T2XJ8,SP30BEPKKZ8A72H26HJXTG65M6Q5GSPVK9T8T2XJ8,collateral,sBTC,1
9053676,zest-v1,SP30BEPKKZ8A72H26HJXTG65M6Q5GSPVK9T8T2XJ8,SP30BEPKKZ8A72H26HJXTG65M6Q5GSPVK9T8T2XJ8,debt,USDH,95
9053676,zest-v1,SP30BEPKKZ8A72H26HJXTG65M6Q5GSPVK9T8T2XJ8,SP30BEPKKZ8A72H26HJXTG65M6Q5GSPVK9T8T2XJ8,debt_stored,USDH,88
9053676,zest-v1,SP30DS0EZEE8H0DVSTAP5W2HPG70VEYXM6C1FRAZ6,SP30DS0EZEE8H0DVSTAP5W2HPG70VEYXM6C1FRAZ6,collateral,stSTX,13599447
9053676,zest-v1,SP30DS0EZEE8H0DVSTAP5W2HPG70VEYXM6C1FRAZ6,SP30DS0EZEE8H0DVSTAP5W2HPG70VEYXM6C1FRAZ6,debt,stSTX,2
9053676,zest-v1,SP30DS0EZEE8H0DVSTAP5W2HPG70VEYXM6C1FRAZ6,SP30DS0EZEE8H0DVSTAP5W2HPG70VEYXM6C1FRAZ6,debt_stored,stSTX,1
9053676,zest-v1,SP30H9NW71TNJS2429B5EHB1K59NC4Y11SEYN8GRR,SP30H9NW71TNJS2429B5EHB1K59NC4Y11SEYN8GRR,collateral,stSTX,101180024
9053676,zest-v1,SP30H9NW71TNJS2429B5EHB1K59NC4Y11SEYN8GRR,SP30H9NW71TNJS2429B5EHB1K59NC4Y11SEYN8GRR,debt,STX,5865275
9053676,zest-v1,SP30H9NW71TNJS2429B5EHB1K59NC4Y11SEYN8GRR,SP30H9NW71TNJS2429B5EHB1K59NC4Y11SEYN8GRR,debt_stored,STX,5000000
9053676,zest-v1,SP30MXC484QAN5472KXWJ03MKPF3Z5K6YEWFRDW9T,SP30MXC484QAN5472KXWJ03MKPF3Z5K6YEWFRDW9T,collateral,stSTX,1484
9053676,zest-v1,SP30MXC484QAN5472KXWJ03MKPF3Z5K6YEWFRDW9T,SP30MXC484QAN5472KXWJ03MKPF3Z5K6YEWFRDW9T,debt,STX,84
9053676,zest-v1,SP30MXC484QAN5472KXWJ03MKPF3Z5K6YEWFRDW9T,SP30MXC484QAN5472KXWJ03MKPF3Z5K6YEWFRDW9T,debt_stored,STX,75
9053676,zest-v1,SP30RK02S4MV7B6KEXCNYKXKBF8T3B1S5G20ZSV2K,SP30RK02S4MV7B6KEXCNYKXKBF8T3B1S5G20ZSV2K,collateral,STX,88055136
9053676,zest-v1,SP30RK02S4MV7B6KEXCNYKXKBF8T3B1S5G20ZSV2K,SP30RK02S4MV7B6KEXCNYKXKBF8T3B1S5G20ZSV2K,debt,STX,45378602
9053676,zest-v1,SP30RK02S4MV7B6KEXCNYKXKBF8T3B1S5G20ZSV2K,SP30RK02S4MV7B6KEXCNYKXKBF8T3B1S5G20ZSV2K,debt,stSTX,265498
9053676,zest-v1,SP30RK02S4MV7B6KEXCNYKXKBF8T3B1S5G20ZSV2K,SP30RK02S4MV7B6KEXCNYKXKBF8T3B1S5G20ZSV2K,debt_stored,STX,42926690
9053676,zest-v1,SP30RK02S4MV7B6KEXCNYKXKBF8T3B1S5G20ZSV2K,SP30RK02S4MV7B6KEXCNYKXKBF8T3B1S5G20ZSV2K,debt_stored,stSTX,254360
9053676,zest-v1,SP30WE8NRFAFFWX6BZ25EE5R8VBWXD01H2ZN4HV8E,SP30WE8NRFAFFWX6BZ25EE5R8VBWXD01H2ZN4HV8E,collateral,STX,1407494
9053676,zest-v1,SP30WE8NRFAFFWX6BZ25EE5R8VBWXD01H2ZN4HV8E,SP30WE8NRFAFFWX6BZ25EE5R8VBWXD01H2ZN4HV8E,debt,STX,19100
9053676,zest-v1,SP30WE8NRFAFFWX6BZ25EE5R8VBWXD01H2ZN4HV8E,SP30WE8NRFAFFWX6BZ25EE5R8VBWXD01H2ZN4HV8E,debt_stored,STX,17000
9053676,zest-v1,SP310VPG5A9YN3PS7NTSAEBEPX3E8H0HE8MACVTKZ,SP310VPG5A9YN3PS7NTSAEBEPX3E8H0HE8MACVTKZ,collateral,stSTX,4934
9053676,zest-v1,SP310VPG5A9YN3PS7NTSAEBEPX3E8H0HE8MACVTKZ,SP310VPG5A9YN3PS7NTSAEBEPX3E8H0HE8MACVTKZ,debt,stSTX,152
9053676,zest-v1,SP310VPG5A9YN3PS7NTSAEBEPX3E8H0HE8MACVTKZ,SP310VPG5A9YN3PS7NTSAEBEPX3E8H0HE8MACVTKZ,debt_stored,stSTX,146
9053676,zest-v1,SP3165W092H50NQJ2PESQ43G5HFAG58YB0NA9Y2AZ,SP3165W092H50NQJ2PESQ43G5HFAG58YB0NA9Y2AZ,collateral,stSTX,19841366
9053676,zest-v1,SP3165W092H50NQJ2PESQ43G5HFAG58YB0NA9Y2AZ,SP3165W092H50NQJ2PESQ43G5HFAG58YB0NA9Y2AZ,collateral,stSTXbtc,15000000
9053676,zest-v1,SP3165W092H50NQJ2PESQ43G5HFAG58YB0NA9Y2AZ,SP3165W092H50NQJ2PESQ43G5HFAG58YB0NA9Y2AZ,debt,stSTX,7181736
9053676,zest-v1,SP3165W092H50NQJ2PESQ43G5HFAG58YB0NA9Y2AZ,SP3165W092H50NQJ2PESQ43G5HFAG58YB0NA9Y2AZ,debt_stored,stSTX,6877431
9053676,zest-v1,SP31AFRF5ERWQVW0KSNCVQC3Q9NZ51B5N0D8PGJ1D,SP31AFRF5ERWQVW0KSNCVQC3Q9NZ51B5N0D8PGJ1D,collateral,stSTX,275440076
9053676,zest-v1,SP31AFRF5ERWQVW0KSNCVQC3Q9NZ51B5N0D8PGJ1D,SP31AFRF5ERWQVW0KSNCVQC3Q9NZ51B5N0D8PGJ1D,debt,STX,118304406
9053676,zest-v1,SP31AFRF5ERWQVW0KSNCVQC3Q9NZ51B5N0D8PGJ1D,SP31AFRF5ERWQVW0KSNCVQC3Q9NZ51B5N0D8PGJ1D,debt_stored,STX,100000000
9053676,zest-v1,SP31E6MW7V48SGQV5VQ9JX8XCJ0AQ1RTVWEJS9PC8,SP31E6MW7V48SGQV5VQ9JX8XCJ0AQ1RTVWEJS9PC8,collateral,STX,56120804
9053676,zest-v1,SP31E6MW7V48SGQV5VQ9JX8XCJ0AQ1RTVWEJS9PC8,SP31E6MW7V48SGQV5VQ9JX8XCJ0AQ1RTVWEJS9PC8,collateral,stSTX,101279310
9053676,zest-v1,SP31E6MW7V48SGQV5VQ9JX8XCJ0AQ1RTVWEJS9PC8,SP31E6MW7V48SGQV5VQ9JX8XCJ0AQ1RTVWEJS9PC8,debt,STX,59602976
9053676,zest-v1,SP31E6MW7V48SGQV5VQ9JX8XCJ0AQ1RTVWEJS9PC8,SP31E6MW7V48SGQV5VQ9JX8XCJ0AQ1RTVWEJS9PC8,debt_stored,STX,50727526
9053676,zest-v1,SP31E8EP537PDVF304V83KJJX4H2TN2Z88DQ1KPX5,SP31E8EP537PDVF304V83KJJX4H2TN2Z88DQ1KPX5,collateral,stSTX,70654840
9053676,zest-v1,SP31E8EP537PDVF304V83KJJX4H2TN2Z88DQ1KPX5,SP31E8EP537PDVF304V83KJJX4H2TN2Z88DQ1KPX5,debt,stSTX,36784913
9053676,zest-v1,SP31E8EP537PDVF304V83KJJX4H2TN2Z88DQ1KPX5,SP31E8EP537PDVF304V83KJJX4H2TN2Z88DQ1KPX5,debt_stored,stSTX,35088355
9053676,zest-v1,SP31GEN16RESV2C8X338V1FQN2P2W5RPVS46MP0AK,SP31GEN16RESV2C8X338V1FQN2P2W5RPVS46MP0AK,collateral,stSTX,66843199
9053676,zest-v1,SP31GEN16RESV2C8X338V1FQN2P2W5RPVS46MP0AK,SP31GEN16RESV2C8X338V1FQN2P2W5RPVS46MP0AK,debt,STX,28456973
9053676,zest-v1,SP31GEN16RESV2C8X338V1FQN2P2W5RPVS46MP0AK,SP31GEN16RESV2C8X338V1FQN2P2W5RPVS46MP0AK,debt_stored,STX,25000000
9053676,zest-v1,SP31MWX5JR4NYNNGWBFFJJC9A7ZF825A53PJJDBS7,SP31MWX5JR4NYNNGWBFFJJC9A7ZF825A53PJJDBS7,collateral,stSTX,1006920
9053676,zest-v1,SP31MWX5JR4NYNNGWBFFJJC9A7ZF825A53PJJDBS7,SP31MWX5JR4NYNNGWBFFJJC9A7ZF825A53PJJDBS7,debt,stSTX,522942
9053676,zest-v1,SP31MWX5JR4NYNNGWBFFJJC9A7ZF825A53PJJDBS7,SP31MWX5JR4NYNNGWBFFJJC9A7ZF825A53PJJDBS7,debt_stored,stSTX,502658
9053676,zest-v1,SP31NTDV1482AW4FCYPRMEKFRVF1GTDAVWF4ZA3DN,SP31NTDV1482AW4FCYPRMEKFRVF1GTDAVWF4ZA3DN,collateral,stSTX,30966
9053676,zest-v1,SP31NTDV1482AW4FCYPRMEKFRVF1GTDAVWF4ZA3DN,SP31NTDV1482AW4FCYPRMEKFRVF1GTDAVWF4ZA3DN,debt,aeUSDC,28025
9053676,zest-v1,SP31NTDV1482AW4FCYPRMEKFRVF1GTDAVWF4ZA3DN,SP31NTDV1482AW4FCYPRMEKFRVF1GTDAVWF4ZA3DN,debt_stored,aeUSDC,24945
9053676,zest-v1,SP31XE07MFJ0R8XQAGBQFSX8YNGXQECPW4YETYN56,SP31XE07MFJ0R8XQAGBQFSX8YNGXQECPW4YETYN56,collateral,stSTX,151068864
9053676,zest-v1,SP31XE07MFJ0R8XQAGBQFSX8YNGXQECPW4YETYN56,SP31XE07MFJ0R8XQAGBQFSX8YNGXQECPW4YETYN56,debt,STX,72879609
9053676,zest-v1,SP31XE07MFJ0R8XQAGBQFSX8YNGXQECPW4YETYN56,SP31XE07MFJ0R8XQAGBQFSX8YNGXQECPW4YETYN56,debt,stSTX,3
9053676,zest-v1,SP31XE07MFJ0R8XQAGBQFSX8YNGXQECPW4YETYN56,SP31XE07MFJ0R8XQAGBQFSX8YNGXQECPW4YETYN56,debt_stored,STX,65255619
9053676,zest-v1,SP31XE07MFJ0R8XQAGBQFSX8YNGXQECPW4YETYN56,SP31XE07MFJ0R8XQAGBQFSX8YNGXQECPW4YETYN56,debt_stored,stSTX,2
9053676,zest-v1,SP31XX9BP58NAFFZFC1N30NDP60TMPNGYREYT6X15,SP31XX9BP58NAFFZFC1N30NDP60TMPNGYREYT6X15,collateral,stSTX,10130048
9053676,zest-v1,SP31XX9BP58NAFFZFC1N30NDP60TMPNGYREYT6X15,SP31XX9BP58NAFFZFC1N30NDP60TMPNGYREYT6X15,debt,stSTX,5267023
9053676,zest-v1,SP31XX9BP58NAFFZFC1N30NDP60TMPNGYREYT6X15,SP31XX9BP58NAFFZFC1N30NDP60TMPNGYREYT6X15,debt_stored,stSTX,5030845
9053676,zest-v1,SP31ZA4DFKMX57WB4J3HBTGSF91KFJM1Y3MRE8ZJ2,SP31ZA4DFKMX57WB4J3HBTGSF91KFJM1Y3MRE8ZJ2,collateral,STX,321138027
9053676,zest-v1,SP31ZA4DFKMX57WB4J3HBTGSF91KFJM1Y3MRE8ZJ2,SP31ZA4DFKMX57WB4J3HBTGSF91KFJM1Y3MRE8ZJ2,debt,stSTX,153605790
9053676,zest-v1,SP31ZA4DFKMX57WB4J3HBTGSF91KFJM1Y3MRE8ZJ2,SP31ZA4DFKMX57WB4J3HBTGSF91KFJM1Y3MRE8ZJ2,debt_stored,stSTX,146522497
9053676,zest-v1,SP323F9RS1CN0NQWNY42S3HAHE8M97SVFTMEQDAGS,SP323F9RS1CN0NQWNY42S3HAHE8M97SVFTMEQDAGS,collateral,stSTX,2701
9053676,zest-v1,SP323F9RS1CN0NQWNY42S3HAHE8M97SVFTMEQDAGS,SP323F9RS1CN0NQWNY42S3HAHE8M97SVFTMEQDAGS,debt,aeUSDC,83
9053676,zest-v1,SP323F9RS1CN0NQWNY42S3HAHE8M97SVFTMEQDAGS,SP323F9RS1CN0NQWNY42S3HAHE8M97SVFTMEQDAGS,debt_stored,aeUSDC,73
9053676,zest-v1,SP3250QSHSN8ZG2FZEX241Z08QYJ9KX56KQ29MRSY,SP3250QSHSN8ZG2FZEX241Z08QYJ9KX56KQ29MRSY,collateral,stSTX,16028453
9053676,zest-v1,SP3250QSHSN8ZG2FZEX241Z08QYJ9KX56KQ29MRSY,SP3250QSHSN8ZG2FZEX241Z08QYJ9KX56KQ29MRSY,debt,stSTX,6288430
9053676,zest-v1,SP3250QSHSN8ZG2FZEX241Z08QYJ9KX56KQ29MRSY,SP3250QSHSN8ZG2FZEX241Z08QYJ9KX56KQ29MRSY,debt_stored,stSTX,6000000
9053676,zest-v1,SP32600FK0C32GW69QKEPSXQPDP2NJGZTHRG9R17N,SP32600FK0C32GW69QKEPSXQPDP2NJGZTHRG9R17N,collateral,USDH,5407445448
9053676,zest-v1,SP32600FK0C32GW69QKEPSXQPDP2NJGZTHRG9R17N,SP32600FK0C32GW69QKEPSXQPDP2NJGZTHRG9R17N,collateral,stSTX,35570162
9053676,zest-v1,SP32600FK0C32GW69QKEPSXQPDP2NJGZTHRG9R17N,SP32600FK0C32GW69QKEPSXQPDP2NJGZTHRG9R17N,debt,USDH,356196662
9053676,zest-v1,SP32600FK0C32GW69QKEPSXQPDP2NJGZTHRG9R17N,SP32600FK0C32GW69QKEPSXQPDP2NJGZTHRG9R17N,debt_stored,USDH,353466245
9053676,zest-v1,SP328YDZCWYGN7865XXCTR4MHRAT7AK6CJ9EYENAK,SP328YDZCWYGN7865XXCTR4MHRAT7AK6CJ9EYENAK,collateral,stSTX,103828884
9053676,zest-v1,SP328YDZCWYGN7865XXCTR4MHRAT7AK6CJ9EYENAK,SP328YDZCWYGN7865XXCTR4MHRAT7AK6CJ9EYENAK,debt,STX,1854947
9053676,zest-v1,SP328YDZCWYGN7865XXCTR4MHRAT7AK6CJ9EYENAK,SP328YDZCWYGN7865XXCTR4MHRAT7AK6CJ9EYENAK,debt_stored,STX,1661374
9053676,zest-v1,SP329V74DYC5326TGAF8DN2FD201QS646S4662VAE,SP329V74DYC5326TGAF8DN2FD201QS646S4662VAE,collateral,stSTXbtc,459753088
9053676,zest-v1,SP329V74DYC5326TGAF8DN2FD201QS646S4662VAE,SP329V74DYC5326TGAF8DN2FD201QS646S4662VAE,debt,STX,246499663
9053676,zest-v1,SP329V74DYC5326TGAF8DN2FD201QS646S4662VAE,SP329V74DYC5326TGAF8DN2FD201QS646S4662VAE,debt_stored,STX,228388372
9053676,zest-v1,SP32AD7VVPWH34DGD6J9TDE77PV4506M519W8TVV1,SP32AD7VVPWH34DGD6J9TDE77PV4506M519W8TVV1,collateral,stSTX,32256920
9053676,zest-v1,SP32AD7VVPWH34DGD6J9TDE77PV4506M519W8TVV1,SP32AD7VVPWH34DGD6J9TDE77PV4506M519W8TVV1,debt,STX,18939336
9053676,zest-v1,SP32AD7VVPWH34DGD6J9TDE77PV4506M519W8TVV1,SP32AD7VVPWH34DGD6J9TDE77PV4506M519W8TVV1,debt_stored,STX,16516126
9053676,zest-v1,SP32C5HK0C880K8MXJ56SZPK2E1Q50S1BPADD4HRN,SP32C5HK0C880K8MXJ56SZPK2E1Q50S1BPADD4HRN,collateral,stSTX,19203551
9053676,zest-v1,SP32C5HK0C880K8MXJ56SZPK2E1Q50S1BPADD4HRN,SP32C5HK0C880K8MXJ56SZPK2E1Q50S1BPADD4HRN,debt,USDH,64045342
9053676,zest-v1,SP32C5HK0C880K8MXJ56SZPK2E1Q50S1BPADD4HRN,SP32C5HK0C880K8MXJ56SZPK2E1Q50S1BPADD4HRN,debt_stored,USDH,58222883
9053676,zest-v1,SP32CPWD0RFBSXCK0WN0281K6T9YJ8B402M2AD816,SP32CPWD0RFBSXCK0WN0281K6T9YJ8B402M2AD816,collateral,stSTX,296861656
9053676,zest-v1,SP32CPWD0RFBSXCK0WN0281K6T9YJ8B402M2AD816,SP32CPWD0RFBSXCK0WN0281K6T9YJ8B402M2AD816,debt,STX,174409852
9053676,zest-v1,SP32CPWD0RFBSXCK0WN0281K6T9YJ8B402M2AD816,SP32CPWD0RFBSXCK0WN0281K6T9YJ8B402M2AD816,debt_stored,STX,148538936
9053676,zest-v1,SP32GA720YCP6JTS6PBSQSTC5N4DNB6A5JDRJXZHK,SP32GA720YCP6JTS6PBSQSTC5N4DNB6A5JDRJXZHK,collateral,stSTX,65666
9053676,zest-v1,SP32GA720YCP6JTS6PBSQSTC5N4DNB6A5JDRJXZHK,SP32GA720YCP6JTS6PBSQSTC5N4DNB6A5JDRJXZHK,debt,stSTX,34134
9053676,zest-v1,SP32GA720YCP6JTS6PBSQSTC5N4DNB6A5JDRJXZHK,SP32GA720YCP6JTS6PBSQSTC5N4DNB6A5JDRJXZHK,debt_stored,stSTX,32625
9053676,zest-v1,SP32KDHV15T3HT5R70PK4W1VDCG046GW9YGHGMG10,SP32KDHV15T3HT5R70PK4W1VDCG046GW9YGHGMG10,collateral,stSTX,135159048
9053676,zest-v1,SP32KDHV15T3HT5R70PK4W1VDCG046GW9YGHGMG10,SP32KDHV15T3HT5R70PK4W1VDCG046GW9YGHGMG10,debt,STX,59883881
9053676,zest-v1,SP32KDHV15T3HT5R70PK4W1VDCG046GW9YGHGMG10,SP32KDHV15T3HT5R70PK4W1VDCG046GW9YGHGMG10,debt_stored,STX,53000000
9053676,zest-v1,SP32P38F0SNN42R5B80PSZE97A635F2C91V76QAYY,SP32P38F0SNN42R5B80PSZE97A635F2C91V76QAYY,collateral,STX,313358
9053676,zest-v1,SP32P38F0SNN42R5B80PSZE97A635F2C91V76QAYY,SP32P38F0SNN42R5B80PSZE97A635F2C91V76QAYY,debt,stSTX,145652
9053676,zest-v1,SP32P38F0SNN42R5B80PSZE97A635F2C91V76QAYY,SP32P38F0SNN42R5B80PSZE97A635F2C91V76QAYY,debt_stored,stSTX,139275
9053676,zest-v1,SP32Q82EW7954FKDFHWQZBXHBV8H3Q5FC07FNFY4S,SP32Q82EW7954FKDFHWQZBXHBV8H3Q5FC07FNFY4S,collateral,STX,5362978
9053676,zest-v1,SP32Q82EW7954FKDFHWQZBXHBV8H3Q5FC07FNFY4S,SP32Q82EW7954FKDFHWQZBXHBV8H3Q5FC07FNFY4S,debt,STX,1290349
9053676,zest-v1,SP32Q82EW7954FKDFHWQZBXHBV8H3Q5FC07FNFY4S,SP32Q82EW7954FKDFHWQZBXHBV8H3Q5FC07FNFY4S,debt_stored,STX,1100000
9053676,zest-v1,SP32W17519Q38SG2JB67EV8M5G9TGJR669GNQSG27,SP32W17519Q38SG2JB67EV8M5G9TGJR669GNQSG27,collateral,aeUSDC,372555642
9053676,zest-v1,SP32W17519Q38SG2JB67EV8M5G9TGJR669GNQSG27,SP32W17519Q38SG2JB67EV8M5G9TGJR669GNQSG27,collateral,stSTX,6856920
9053676,zest-v1,SP32W17519Q38SG2JB67EV8M5G9TGJR669GNQSG27,SP32W17519Q38SG2JB67EV8M5G9TGJR669GNQSG27,debt,aeUSDC,1564453
9053676,zest-v1,SP32W17519Q38SG2JB67EV8M5G9TGJR669GNQSG27,SP32W17519Q38SG2JB67EV8M5G9TGJR669GNQSG27,debt_stored,aeUSDC,1467453
9053676,zest-v1,SP32WAC5Z5TJB57GVFWYWD0R46MKVBKR3RG8GKQNH,SP32WAC5Z5TJB57GVFWYWD0R46MKVBKR3RG8GKQNH,collateral,STX,5362246
9053676,zest-v1,SP32WAC5Z5TJB57GVFWYWD0R46MKVBKR3RG8GKQNH,SP32WAC5Z5TJB57GVFWYWD0R46MKVBKR3RG8GKQNH,debt,STX,1172473
9053676,zest-v1,SP32WAC5Z5TJB57GVFWYWD0R46MKVBKR3RG8GKQNH,SP32WAC5Z5TJB57GVFWYWD0R46MKVBKR3RG8GKQNH,debt_stored,STX,1000000
9053676,zest-v1,SP32ZHGWDV2ZRTDCJ08EVF9WSNED529HZV9GQVCAM,SP32ZHGWDV2ZRTDCJ08EVF9WSNED529HZV9GQVCAM,collateral,STX,2144898
9053676,zest-v1,SP32ZHGWDV2ZRTDCJ08EVF9WSNED529HZV9GQVCAM,SP32ZHGWDV2ZRTDCJ08EVF9WSNED529HZV9GQVCAM,debt,STX,586236
9053676,zest-v1,SP32ZHGWDV2ZRTDCJ08EVF9WSNED529HZV9GQVCAM,SP32ZHGWDV2ZRTDCJ08EVF9WSNED529HZV9GQVCAM,debt_stored,STX,500000
9053676,zest-v1,SP330R59339Q2WQNVX43Z5AN1GCYMFJ9PN3K66YQD,SP330R59339Q2WQNVX43Z5AN1GCYMFJ9PN3K66YQD,collateral,stSTX,8232
9053676,zest-v1,SP330R59339Q2WQNVX43Z5AN1GCYMFJ9PN3K66YQD,SP330R59339Q2WQNVX43Z5AN1GCYMFJ9PN3K66YQD,debt,STX,601
9053676,zest-v1,SP330R59339Q2WQNVX43Z5AN1GCYMFJ9PN3K66YQD,SP330R59339Q2WQNVX43Z5AN1GCYMFJ9PN3K66YQD,debt_stored,STX,532
9053676,zest-v1,SP331F8SSP31M3AZQSB850XW5AGYRFJYFZTACXA1W,SP331F8SSP31M3AZQSB850XW5AGYRFJYFZTACXA1W,collateral,STX,10905119
9053676,zest-v1,SP331F8SSP31M3AZQSB850XW5AGYRFJYFZTACXA1W,SP331F8SSP31M3AZQSB850XW5AGYRFJYFZTACXA1W,debt,stSTX,4192757
9053676,zest-v1,SP331F8SSP31M3AZQSB850XW5AGYRFJYFZTACXA1W,SP331F8SSP31M3AZQSB850XW5AGYRFJYFZTACXA1W,debt_stored,stSTX,4000000
9053676,zest-v1,SP333RABDXRWDSWC9ZF8Q4SRBGKETF5QSZ3CKA2MD,SP333RABDXRWDSWC9ZF8Q4SRBGKETF5QSZ3CKA2MD,collateral,STX,203867742
9053676,zest-v1,SP333RABDXRWDSWC9ZF8Q4SRBGKETF5QSZ3CKA2MD,SP333RABDXRWDSWC9ZF8Q4SRBGKETF5QSZ3CKA2MD,collateral,stSTX,807347028
9053676,zest-v1,SP333RABDXRWDSWC9ZF8Q4SRBGKETF5QSZ3CKA2MD,SP333RABDXRWDSWC9ZF8Q4SRBGKETF5QSZ3CKA2MD,debt,STX,237281742
9053676,zest-v1,SP333RABDXRWDSWC9ZF8Q4SRBGKETF5QSZ3CKA2MD,SP333RABDXRWDSWC9ZF8Q4SRBGKETF5QSZ3CKA2MD,debt_stored,STX,202000000
9053676,zest-v1,SP334RNE1M86TC3A460NB848NET14EACXQ2260CXM,SP334RNE1M86TC3A460NB848NET14EACXQ2260CXM,collateral,stSTX,1184916
9053676,zest-v1,SP334RNE1M86TC3A460NB848NET14EACXQ2260CXM,SP334RNE1M86TC3A460NB848NET14EACXQ2260CXM,debt,STX,99
9053676,zest-v1,SP334RNE1M86TC3A460NB848NET14EACXQ2260CXM,SP334RNE1M86TC3A460NB848NET14EACXQ2260CXM,debt,aeUSDC,663736
9053676,zest-v1,SP334RNE1M86TC3A460NB848NET14EACXQ2260CXM,SP334RNE1M86TC3A460NB848NET14EACXQ2260CXM,debt_stored,STX,88
9053676,zest-v1,SP334RNE1M86TC3A460NB848NET14EACXQ2260CXM,SP334RNE1M86TC3A460NB848NET14EACXQ2260CXM,debt_stored,aeUSDC,625821
9053676,zest-v1,SP33506QDHEW6NK09CCG67NYNXKF8EFQNDEW2GXQB,SP33506QDHEW6NK09CCG67NYNXKF8EFQNDEW2GXQB,collateral,STX,1599931
9053676,zest-v1,SP33506QDHEW6NK09CCG67NYNXKF8EFQNDEW2GXQB,SP33506QDHEW6NK09CCG67NYNXKF8EFQNDEW2GXQB,collateral,stSTX,5538384
9053676,zest-v1,SP33506QDHEW6NK09CCG67NYNXKF8EFQNDEW2GXQB,SP33506QDHEW6NK09CCG67NYNXKF8EFQNDEW2GXQB,debt,STX,3262247
9053676,zest-v1,SP33506QDHEW6NK09CCG67NYNXKF8EFQNDEW2GXQB,SP33506QDHEW6NK09CCG67NYNXKF8EFQNDEW2GXQB,debt_stored,STX,2866601
9053676,zest-v1,SP336EE6CBKM01N4G9E9BYFN1WM46GQJS22TDM8YS,SP336EE6CBKM01N4G9E9BYFN1WM46GQJS22TDM8YS,collateral,stSTX,368858
9053676,zest-v1,SP336EE6CBKM01N4G9E9BYFN1WM46GQJS22TDM8YS,SP336EE6CBKM01N4G9E9BYFN1WM46GQJS22TDM8YS,debt,STX,9
9053676,zest-v1,SP336EE6CBKM01N4G9E9BYFN1WM46GQJS22TDM8YS,SP336EE6CBKM01N4G9E9BYFN1WM46GQJS22TDM8YS,debt,aeUSDC,320942
9053676,zest-v1,SP336EE6CBKM01N4G9E9BYFN1WM46GQJS22TDM8YS,SP336EE6CBKM01N4G9E9BYFN1WM46GQJS22TDM8YS,debt_stored,STX,8
9053676,zest-v1,SP336EE6CBKM01N4G9E9BYFN1WM46GQJS22TDM8YS,SP336EE6CBKM01N4G9E9BYFN1WM46GQJS22TDM8YS,debt_stored,aeUSDC,286079
9053676,zest-v1,SP3381EH5BATN0EP1N7EG6JENWHPR44AW1VVNDB5S,SP3381EH5BATN0EP1N7EG6JENWHPR44AW1VVNDB5S,collateral,stSTX,1814138
9053676,zest-v1,SP3381EH5BATN0EP1N7EG6JENWHPR44AW1VVNDB5S,SP3381EH5BATN0EP1N7EG6JENWHPR44AW1VVNDB5S,debt,aeUSDC,750856
9053676,zest-v1,SP3381EH5BATN0EP1N7EG6JENWHPR44AW1VVNDB5S,SP3381EH5BATN0EP1N7EG6JENWHPR44AW1VVNDB5S,debt_stored,aeUSDC,707964
9053676,zest-v1,SP33FQ9HBWJ8FRH5GNJEGTZCH3C43K9QHS3QAPCFF,SP33FQ9HBWJ8FRH5GNJEGTZCH3C43K9QHS3QAPCFF,collateral,stSTX,717448
9053676,zest-v1,SP33FQ9HBWJ8FRH5GNJEGTZCH3C43K9QHS3QAPCFF,SP33FQ9HBWJ8FRH5GNJEGTZCH3C43K9QHS3QAPCFF,debt,aeUSDC,320138
9053676,zest-v1,SP33FQ9HBWJ8FRH5GNJEGTZCH3C43K9QHS3QAPCFF,SP33FQ9HBWJ8FRH5GNJEGTZCH3C43K9QHS3QAPCFF,debt_stored,aeUSDC,297124
9053676,zest-v1,SP33H8GHR991CYQ4CY8WCKKXTDE15XXAXRV5W0YC,SP33H8GHR991CYQ4CY8WCKKXTDE15XXAXRV5W0YC,collateral,sBTC,1
9053676,zest-v1,SP33H8GHR991CYQ4CY8WCKKXTDE15XXAXRV5W0YC,SP33H8GHR991CYQ4CY8WCKKXTDE15XXAXRV5W0YC,debt,aeUSDC,2
9053676,zest-v1,SP33H8GHR991CYQ4CY8WCKKXTDE15XXAXRV5W0YC,SP33H8GHR991CYQ4CY8WCKKXTDE15XXAXRV5W0YC,debt_stored,aeUSDC,1
9053676,zest-v1,SP33JS3FEPHZ0254MX17SK863QE1MNTJHSEDY94RF,SP33JS3FEPHZ0254MX17SK863QE1MNTJHSEDY94RF,collateral,USDA,1058958
9053676,zest-v1,SP33JS3FEPHZ0254MX17SK863QE1MNTJHSEDY94RF,SP33JS3FEPHZ0254MX17SK863QE1MNTJHSEDY94RF,collateral,stSTX,803164
9053676,zest-v1,SP33JS3FEPHZ0254MX17SK863QE1MNTJHSEDY94RF,SP33JS3FEPHZ0254MX17SK863QE1MNTJHSEDY94RF,debt,STX,13
9053676,zest-v1,SP33JS3FEPHZ0254MX17SK863QE1MNTJHSEDY94RF,SP33JS3FEPHZ0254MX17SK863QE1MNTJHSEDY94RF,debt,stSTX,470
9053676,zest-v1,SP33JS3FEPHZ0254MX17SK863QE1MNTJHSEDY94RF,SP33JS3FEPHZ0254MX17SK863QE1MNTJHSEDY94RF,debt_stored,STX,12
9053676,zest-v1,SP33JS3FEPHZ0254MX17SK863QE1MNTJHSEDY94RF,SP33JS3FEPHZ0254MX17SK863QE1MNTJHSEDY94RF,debt_stored,stSTX,450
9053676,zest-v1,SP33QBZQF9CZYDQTA7A5SADQA47J7FBC00G5Z85CD,SP33QBZQF9CZYDQTA7A5SADQA47J7FBC00G5Z85CD,collateral,stSTX,1616712677
9053676,zest-v1,SP33QBZQF9CZYDQTA7A5SADQA47J7FBC00G5Z85CD,SP33QBZQF9CZYDQTA7A5SADQA47J7FBC00G5Z85CD,debt,STX,637414949
9053676,zest-v1,SP33QBZQF9CZYDQTA7A5SADQA47J7FBC00G5Z85CD,SP33QBZQF9CZYDQTA7A5SADQA47J7FBC00G5Z85CD,debt_stored,STX,538068500
9053676,zest-v1,SP33V8QFCFF18VFYAKHN8NPS998683P1N510RAD7W,SP33V8QFCFF18VFYAKHN8NPS998683P1N510RAD7W,collateral,stSTX,101180024
9053676,zest-v1,SP33V8QFCFF18VFYAKHN8NPS998683P1N510RAD7W,SP33V8QFCFF18VFYAKHN8NPS998683P1N510RAD7W,debt,STX,5865281
9053676,zest-v1,SP33V8QFCFF18VFYAKHN8NPS998683P1N510RAD7W,SP33V8QFCFF18VFYAKHN8NPS998683P1N510RAD7W,debt_stored,STX,5000000
9053676,zest-v1,SP33XF6CRYDVEDB8JXERJW9M22EF97W4YT9KF14R,SP33XF6CRYDVEDB8JXERJW9M22EF97W4YT9KF14R,collateral,STX,357133
9053676,zest-v1,SP33XF6CRYDVEDB8JXERJW9M22EF97W4YT9KF14R,SP33XF6CRYDVEDB8JXERJW9M22EF97W4YT9KF14R,debt,STX,15730
9053676,zest-v1,SP33XF6CRYDVEDB8JXERJW9M22EF97W4YT9KF14R,SP33XF6CRYDVEDB8JXERJW9M22EF97W4YT9KF14R,debt_stored,STX,14000
9053676,zest-v1,SP33YEMAP9AHRJGW94BA04HXVJ7BHZKRCWGFFGAKD,SP33YEMAP9AHRJGW94BA04HXVJ7BHZKRCWGFFGAKD,collateral,STX,682751
9053676,zest-v1,SP33YEMAP9AHRJGW94BA04HXVJ7BHZKRCWGFFGAKD,SP33YEMAP9AHRJGW94BA04HXVJ7BHZKRCWGFFGAKD,debt,STX,112354
9053676,zest-v1,SP33YEMAP9AHRJGW94BA04HXVJ7BHZKRCWGFFGAKD,SP33YEMAP9AHRJGW94BA04HXVJ7BHZKRCWGFFGAKD,debt_stored,STX,100000
9053676,zest-v1,SP3404N547SXGRJ4QMHC7TKT4DSBAKF8K5JZ1Z36K,SP3404N547SXGRJ4QMHC7TKT4DSBAKF8K5JZ1Z36K,collateral,stSTX,10017791
9053676,zest-v1,SP3404N547SXGRJ4QMHC7TKT4DSBAKF8K5JZ1Z36K,SP3404N547SXGRJ4QMHC7TKT4DSBAKF8K5JZ1Z36K,debt,stSTX,5215646
9053676,zest-v1,SP3404N547SXGRJ4QMHC7TKT4DSBAKF8K5JZ1Z36K,SP3404N547SXGRJ4QMHC7TKT4DSBAKF8K5JZ1Z36K,debt_stored,stSTX,4975000
9053676,zest-v1,SP34118J2CZQ2JEQ1V2Y90A5WF2ZT8920VTY6E4VT,SP34118J2CZQ2JEQ1V2Y90A5WF2ZT8920VTY6E4VT,collateral,stSTX,68770651
9053676,zest-v1,SP34118J2CZQ2JEQ1V2Y90A5WF2ZT8920VTY6E4VT,SP34118J2CZQ2JEQ1V2Y90A5WF2ZT8920VTY6E4VT,debt,STX,29116310
9053676,zest-v1,SP34118J2CZQ2JEQ1V2Y90A5WF2ZT8920VTY6E4VT,SP34118J2CZQ2JEQ1V2Y90A5WF2ZT8920VTY6E4VT,debt_stored,STX,25000000
9053676,zest-v1,SP341ME1ZVR2MP40246BTHBQJYZAYBSQPN980DTK1,SP341ME1ZVR2MP40246BTHBQJYZAYBSQPN980DTK1,collateral,stSTX,132154222
9053676,zest-v1,SP341ME1ZVR2MP40246BTHBQJYZAYBSQPN980DTK1,SP341ME1ZVR2MP40246BTHBQJYZAYBSQPN980DTK1,debt,STX,58794415
9053676,zest-v1,SP341ME1ZVR2MP40246BTHBQJYZAYBSQPN980DTK1,SP341ME1ZVR2MP40246BTHBQJYZAYBSQPN980DTK1,debt,stSTX,6
9053676,zest-v1,SP341ME1ZVR2MP40246BTHBQJYZAYBSQPN980DTK1,SP341ME1ZVR2MP40246BTHBQJYZAYBSQPN980DTK1,debt_stored,STX,52000000
9053676,zest-v1,SP341ME1ZVR2MP40246BTHBQJYZAYBSQPN980DTK1,SP341ME1ZVR2MP40246BTHBQJYZAYBSQPN980DTK1,debt_stored,stSTX,5
9053676,zest-v1,SP3486ZKTPK7SGSBPF8YXQ9B00W5KARM6T8FCDZPM,SP3486ZKTPK7SGSBPF8YXQ9B00W5KARM6T8FCDZPM,collateral,stSTX,391548265
9053676,zest-v1,SP3486ZKTPK7SGSBPF8YXQ9B00W5KARM6T8FCDZPM,SP3486ZKTPK7SGSBPF8YXQ9B00W5KARM6T8FCDZPM,debt,stSTX,136135903
9053676,zest-v1,SP3486ZKTPK7SGSBPF8YXQ9B00W5KARM6T8FCDZPM,SP3486ZKTPK7SGSBPF8YXQ9B00W5KARM6T8FCDZPM,debt_stored,stSTX,129849211
9053676,zest-v1,SP34F13AW4K5DYV7RJQ7JZ8M8GBG8VHGH1JRB6J3H,SP34F13AW4K5DYV7RJQ7JZ8M8GBG8VHGH1JRB6J3H,collateral,sBTC,183
9053676,zest-v1,SP34F13AW4K5DYV7RJQ7JZ8M8GBG8VHGH1JRB6J3H,SP34F13AW4K5DYV7RJQ7JZ8M8GBG8VHGH1JRB6J3H,debt,sBTC,97
9053676,zest-v1,SP34F13AW4K5DYV7RJQ7JZ8M8GBG8VHGH1JRB6J3H,SP34F13AW4K5DYV7RJQ7JZ8M8GBG8VHGH1JRB6J3H,debt_stored,sBTC,96
9053676,zest-v1,SP34GE35HK58Z1KV4FSEGJ8TP2MB34SYR3DDTHWQZ,SP34GE35HK58Z1KV4FSEGJ8TP2MB34SYR3DDTHWQZ,collateral,stSTX,101180024
9053676,zest-v1,SP34GE35HK58Z1KV4FSEGJ8TP2MB34SYR3DDTHWQZ,SP34GE35HK58Z1KV4FSEGJ8TP2MB34SYR3DDTHWQZ,debt,STX,58792515
9053676,zest-v1,SP34GE35HK58Z1KV4FSEGJ8TP2MB34SYR3DDTHWQZ,SP34GE35HK58Z1KV4FSEGJ8TP2MB34SYR3DDTHWQZ,debt_stored,STX,50000000
9053676,zest-v1,SP34M6KFH1D9H3VJM1G7S1K057PVFCT3GNHRK5RN1,SP34M6KFH1D9H3VJM1G7S1K057PVFCT3GNHRK5RN1,collateral,stSTX,133362790
9053676,zest-v1,SP34M6KFH1D9H3VJM1G7S1K057PVFCT3GNHRK5RN1,SP34M6KFH1D9H3VJM1G7S1K057PVFCT3GNHRK5RN1,debt,STX,59912770
9053676,zest-v1,SP34M6KFH1D9H3VJM1G7S1K057PVFCT3GNHRK5RN1,SP34M6KFH1D9H3VJM1G7S1K057PVFCT3GNHRK5RN1,debt,stSTX,6
9053676,zest-v1,SP34M6KFH1D9H3VJM1G7S1K057PVFCT3GNHRK5RN1,SP34M6KFH1D9H3VJM1G7S1K057PVFCT3GNHRK5RN1,debt_stored,STX,53000000
9053676,zest-v1,SP34M6KFH1D9H3VJM1G7S1K057PVFCT3GNHRK5RN1,SP34M6KFH1D9H3VJM1G7S1K057PVFCT3GNHRK5RN1,debt_stored,stSTX,5
9053676,zest-v1,SP34MJHZE24H2CNNW70XZ5P950AFSVEK9WJMQJRCB,SP34MJHZE24H2CNNW70XZ5P950AFSVEK9WJMQJRCB,collateral,STX,1
9053676,zest-v1,SP34MJHZE24H2CNNW70XZ5P950AFSVEK9WJMQJRCB,SP34MJHZE24H2CNNW70XZ5P950AFSVEK9WJMQJRCB,collateral,stSTX,87899648
9053676,zest-v1,SP34MJHZE24H2CNNW70XZ5P950AFSVEK9WJMQJRCB,SP34MJHZE24H2CNNW70XZ5P950AFSVEK9WJMQJRCB,debt,STX,86430399
9053676,zest-v1,SP34MJHZE24H2CNNW70XZ5P950AFSVEK9WJMQJRCB,SP34MJHZE24H2CNNW70XZ5P950AFSVEK9WJMQJRCB,debt_stored,STX,81104870
9053676,zest-v1,SP34SYKT08GSP4ECNRWR7B3QWWS6WX7PN5YZHQ95F,SP34SYKT08GSP4ECNRWR7B3QWWS6WX7PN5YZHQ95F,collateral,stSTX,403787
9053676,zest-v1,SP34SYKT08GSP4ECNRWR7B3QWWS6WX7PN5YZHQ95F,SP34SYKT08GSP4ECNRWR7B3QWWS6WX7PN5YZHQ95F,debt,stSTX,353
9053676,zest-v1,SP34SYKT08GSP4ECNRWR7B3QWWS6WX7PN5YZHQ95F,SP34SYKT08GSP4ECNRWR7B3QWWS6WX7PN5YZHQ95F,debt_stored,stSTX,338
9053676,zest-v1,SP34T0DS0ECN32J0JK891YP6JQ8VZDHJ98MPR74GX,SP34T0DS0ECN32J0JK891YP6JQ8VZDHJ98MPR74GX,collateral,stSTX,809918
9053676,zest-v1,SP34T0DS0ECN32J0JK891YP6JQ8VZDHJ98MPR74GX,SP34T0DS0ECN32J0JK891YP6JQ8VZDHJ98MPR74GX,debt,USDH,42996199
9053676,zest-v1,SP34T0DS0ECN32J0JK891YP6JQ8VZDHJ98MPR74GX,SP34T0DS0ECN32J0JK891YP6JQ8VZDHJ98MPR74GX,debt,aeUSDC,281264
9053676,zest-v1,SP34T0DS0ECN32J0JK891YP6JQ8VZDHJ98MPR74GX,SP34T0DS0ECN32J0JK891YP6JQ8VZDHJ98MPR74GX,debt_stored,USDH,38319195
9053676,zest-v1,SP34T0DS0ECN32J0JK891YP6JQ8VZDHJ98MPR74GX,SP34T0DS0ECN32J0JK891YP6JQ8VZDHJ98MPR74GX,debt_stored,aeUSDC,250350
9053676,zest-v1,SP34Y9YKYRTGJ4GWE2RQ7GXXS0S82ZSCK45T6F99,SP34Y9YKYRTGJ4GWE2RQ7GXXS0S82ZSCK45T6F99,collateral,stSTX,68770096
9053676,zest-v1,SP34Y9YKYRTGJ4GWE2RQ7GXXS0S82ZSCK45T6F99,SP34Y9YKYRTGJ4GWE2RQ7GXXS0S82ZSCK45T6F99,debt,STX,29102155
9053676,zest-v1,SP34Y9YKYRTGJ4GWE2RQ7GXXS0S82ZSCK45T6F99,SP34Y9YKYRTGJ4GWE2RQ7GXXS0S82ZSCK45T6F99,debt_stored,STX,25000000
9053676,zest-v1,SP34YFC963C5T6JTR9FYG8HXPNDY06NTR9KX4MX13,SP34YFC963C5T6JTR9FYG8HXPNDY06NTR9KX4MX13,collateral,sBTC,8
9053676,zest-v1,SP34YFC963C5T6JTR9FYG8HXPNDY06NTR9KX4MX13,SP34YFC963C5T6JTR9FYG8HXPNDY06NTR9KX4MX13,debt,USDH,613108
9053676,zest-v1,SP34YFC963C5T6JTR9FYG8HXPNDY06NTR9KX4MX13,SP34YFC963C5T6JTR9FYG8HXPNDY06NTR9KX4MX13,debt_stored,USDH,567083
9053676,zest-v1,SP350N4SX832092H6F07YKB1R5X5DM90BV6P97B8N,SP350N4SX832092H6F07YKB1R5X5DM90BV6P97B8N,collateral,stSTX,3045678785
9053676,zest-v1,SP350N4SX832092H6F07YKB1R5X5DM90BV6P97B8N,SP350N4SX832092H6F07YKB1R5X5DM90BV6P97B8N,debt,STX,1815419019
9053676,zest-v1,SP350N4SX832092H6F07YKB1R5X5DM90BV6P97B8N,SP350N4SX832092H6F07YKB1R5X5DM90BV6P97B8N,debt_stored,STX,1625640030
9053676,zest-v1,SP350TNVN5M7V4V5XN6DA1PF4MDQ87210G3Q2QTZ4,SP350TNVN5M7V4V5XN6DA1PF4MDQ87210G3Q2QTZ4,collateral,stSTX,5928883
9053676,zest-v1,SP350TNVN5M7V4V5XN6DA1PF4MDQ87210G3Q2QTZ4,SP350TNVN5M7V4V5XN6DA1PF4MDQ87210G3Q2QTZ4,debt,aeUSDC,1187564
9053676,zest-v1,SP350TNVN5M7V4V5XN6DA1PF4MDQ87210G3Q2QTZ4,SP350TNVN5M7V4V5XN6DA1PF4MDQ87210G3Q2QTZ4,debt_stored,aeUSDC,1116388
9053676,zest-v1,SP351H7SV61HJM1KXBG6ZZ03NG52CDCET8B8QSETZ,SP351H7SV61HJM1KXBG6ZZ03NG52CDCET8B8QSETZ,collateral,stSTX,427971943
9053676,zest-v1,SP351H7SV61HJM1KXBG6ZZ03NG52CDCET8B8QSETZ,SP351H7SV61HJM1KXBG6ZZ03NG52CDCET8B8QSETZ,debt,stSTX,207089808
9053676,zest-v1,SP351H7SV61HJM1KXBG6ZZ03NG52CDCET8B8QSETZ,SP351H7SV61HJM1KXBG6ZZ03NG52CDCET8B8QSETZ,debt_stored,stSTX,198936708
9053676,zest-v1,SP3539DTDFG5GFKG4EXEE2T2F6C2DP291JGHCQW88,SP3539DTDFG5GFKG4EXEE2T2F6C2DP291JGHCQW88,collateral,stSTX,608
9053676,zest-v1,SP3539DTDFG5GFKG4EXEE2T2F6C2DP291JGHCQW88,SP3539DTDFG5GFKG4EXEE2T2F6C2DP291JGHCQW88,debt,STX,4
9053676,zest-v1,SP3539DTDFG5GFKG4EXEE2T2F6C2DP291JGHCQW88,SP3539DTDFG5GFKG4EXEE2T2F6C2DP291JGHCQW88,debt_stored,STX,3
9053676,zest-v1,SP354SDJC9RMTP4ZC4ZCT0AB362XR44B74G1SN33V,SP354SDJC9RMTP4ZC4ZCT0AB362XR44B74G1SN33V,collateral,stSTX,98174677
9053676,zest-v1,SP354SDJC9RMTP4ZC4ZCT0AB362XR44B74G1SN33V,SP354SDJC9RMTP4ZC4ZCT0AB362XR44B74G1SN33V,debt,STX,48223271
9053676,zest-v1,SP354SDJC9RMTP4ZC4ZCT0AB362XR44B74G1SN33V,SP354SDJC9RMTP4ZC4ZCT0AB362XR44B74G1SN33V,debt_stored,STX,41127245
9053676,zest-v1,SP35DEX98Q7AGQBWN7RF7PHCN3VYN4PZ5GTB29RZT,SP35DEX98Q7AGQBWN7RF7PHCN3VYN4PZ5GTB29RZT,collateral,stSTX,14453
9053676,zest-v1,SP35DEX98Q7AGQBWN7RF7PHCN3VYN4PZ5GTB29RZT,SP35DEX98Q7AGQBWN7RF7PHCN3VYN4PZ5GTB29RZT,debt,aeUSDC,47
9053676,zest-v1,SP35DEX98Q7AGQBWN7RF7PHCN3VYN4PZ5GTB29RZT,SP35DEX98Q7AGQBWN7RF7PHCN3VYN4PZ5GTB29RZT,debt_stored,aeUSDC,44
9053676,zest-v1,SP35DJCXZTMP5DH4GR3C49ABXZ7MGRVPYSVREWXZ8,SP35DJCXZTMP5DH4GR3C49ABXZ7MGRVPYSVREWXZ8,collateral,stSTX,96487308
9053676,zest-v1,SP35DJCXZTMP5DH4GR3C49ABXZ7MGRVPYSVREWXZ8,SP35DJCXZTMP5DH4GR3C49ABXZ7MGRVPYSVREWXZ8,debt,stSTX,50318585
9053676,zest-v1,SP35DJCXZTMP5DH4GR3C49ABXZ7MGRVPYSVREWXZ8,SP35DJCXZTMP5DH4GR3C49ABXZ7MGRVPYSVREWXZ8,debt_stored,stSTX,48006583
9053676,zest-v1,SP35HVQJBPC0EFDK5MK2GVQAQX0199DPQBP90Z0C9,SP35HVQJBPC0EFDK5MK2GVQAQX0199DPQBP90Z0C9,collateral,stSTX,995142
9053676,zest-v1,SP35HVQJBPC0EFDK5MK2GVQAQX0199DPQBP90Z0C9,SP35HVQJBPC0EFDK5MK2GVQAQX0199DPQBP90Z0C9,debt,STX,282199
9053676,zest-v1,SP35HVQJBPC0EFDK5MK2GVQAQX0199DPQBP90Z0C9,SP35HVQJBPC0EFDK5MK2GVQAQX0199DPQBP90Z0C9,debt_stored,STX,240000
9053676,zest-v1,SP35JQDC0S8DJEANBHBXV4QEPTS9F7QZ33XP6T6RT,SP35JQDC0S8DJEANBHBXV4QEPTS9F7QZ33XP6T6RT,collateral,stSTX,144121011
9053676,zest-v1,SP35JQDC0S8DJEANBHBXV4QEPTS9F7QZ33XP6T6RT,SP35JQDC0S8DJEANBHBXV4QEPTS9F7QZ33XP6T6RT,debt,STX,46291492
9053676,zest-v1,SP35JQDC0S8DJEANBHBXV4QEPTS9F7QZ33XP6T6RT,SP35JQDC0S8DJEANBHBXV4QEPTS9F7QZ33XP6T6RT,debt_stored,STX,40000000
9053676,zest-v1,SP35JTXYC99Q5XP12B44VMEYEDWWSKAGSF435KTZT,SP35JTXYC99Q5XP12B44VMEYEDWWSKAGSF435KTZT,collateral,stSTX,1034
9053676,zest-v1,SP35JTXYC99Q5XP12B44VMEYEDWWSKAGSF435KTZT,SP35JTXYC99Q5XP12B44VMEYEDWWSKAGSF435KTZT,debt,stSTX,16
9053676,zest-v1,SP35JTXYC99Q5XP12B44VMEYEDWWSKAGSF435KTZT,SP35JTXYC99Q5XP12B44VMEYEDWWSKAGSF435KTZT,debt_stored,stSTX,15
9053676,zest-v1,SP35N6HZTH0GBN0N69FDXWR13T8JG3GRE3Q4WB6V9,SP35N6HZTH0GBN0N69FDXWR13T8JG3GRE3Q4WB6V9,collateral,stSTX,170
9053676,zest-v1,SP35N6HZTH0GBN0N69FDXWR13T8JG3GRE3Q4WB6V9,SP35N6HZTH0GBN0N69FDXWR13T8JG3GRE3Q4WB6V9,debt,STX,45
9053676,zest-v1,SP35N6HZTH0GBN0N69FDXWR13T8JG3GRE3Q4WB6V9,SP35N6HZTH0GBN0N69FDXWR13T8JG3GRE3Q4WB6V9,debt_stored,STX,40
9053676,zest-v1,SP35Q63GH5CYG639VZVCXP2M7PHGDAR20ZXJK4DWX,SP35Q63GH5CYG639VZVCXP2M7PHGDAR20ZXJK4DWX,collateral,stSTX,5278556
9053676,zest-v1,SP35Q63GH5CYG639VZVCXP2M7PHGDAR20ZXJK4DWX,SP35Q63GH5CYG639VZVCXP2M7PHGDAR20ZXJK4DWX,debt,stSTX,2754693
9053676,zest-v1,SP35Q63GH5CYG639VZVCXP2M7PHGDAR20ZXJK4DWX,SP35Q63GH5CYG639VZVCXP2M7PHGDAR20ZXJK4DWX,debt_stored,stSTX,2632835
9053676,zest-v1,SP35QTH6NRQTP4A0E8GFFG9EHR78R2SM1DKVMP2R0,SP35QTH6NRQTP4A0E8GFFG9EHR78R2SM1DKVMP2R0,collateral,stSTX,24794164
9053676,zest-v1,SP35QTH6NRQTP4A0E8GFFG9EHR78R2SM1DKVMP2R0,SP35QTH6NRQTP4A0E8GFFG9EHR78R2SM1DKVMP2R0,debt,STX,16108197
9053676,zest-v1,SP35QTH6NRQTP4A0E8GFFG9EHR78R2SM1DKVMP2R0,SP35QTH6NRQTP4A0E8GFFG9EHR78R2SM1DKVMP2R0,debt_stored,STX,16012871
9053676,zest-v1,SP35R4DXWZRPMPTSNK0FFW714H9HPWH3R35Z4GVJC,SP35R4DXWZRPMPTSNK0FFW714H9HPWH3R35Z4GVJC,collateral,USDH,5121267457
9053676,zest-v1,SP35R4DXWZRPMPTSNK0FFW714H9HPWH3R35Z4GVJC,SP35R4DXWZRPMPTSNK0FFW714H9HPWH3R35Z4GVJC,collateral,stSTX,174810615
9053676,zest-v1,SP35R4DXWZRPMPTSNK0FFW714H9HPWH3R35Z4GVJC,SP35R4DXWZRPMPTSNK0FFW714H9HPWH3R35Z4GVJC,debt,stSTX,36593145
9053676,zest-v1,SP35R4DXWZRPMPTSNK0FFW714H9HPWH3R35Z4GVJC,SP35R4DXWZRPMPTSNK0FFW714H9HPWH3R35Z4GVJC,debt_stored,stSTX,35179791
9053676,zest-v1,SP35REDC1J2STAGW643CRSVFA9R1J8JQDK6GPX1X4,SP35REDC1J2STAGW643CRSVFA9R1J8JQDK6GPX1X4,collateral,stSTX,331888490
9053676,zest-v1,SP35REDC1J2STAGW643CRSVFA9R1J8JQDK6GPX1X4,SP35REDC1J2STAGW643CRSVFA9R1J8JQDK6GPX1X4,debt,STX,177797518
9053676,zest-v1,SP35REDC1J2STAGW643CRSVFA9R1J8JQDK6GPX1X4,SP35REDC1J2STAGW643CRSVFA9R1J8JQDK6GPX1X4,debt_stored,STX,150000000
9053676,zest-v1,SP360Y4M1AWDEYS872AN3DDX28FQ023ZMBHZBQ1B2,SP360Y4M1AWDEYS872AN3DDX28FQ023ZMBHZBQ1B2,collateral,STX,5362972
9053676,zest-v1,SP360Y4M1AWDEYS872AN3DDX28FQ023ZMBHZBQ1B2,SP360Y4M1AWDEYS872AN3DDX28FQ023ZMBHZBQ1B2,debt,STX,1290348
9053676,zest-v1,SP360Y4M1AWDEYS872AN3DDX28FQ023ZMBHZBQ1B2,SP360Y4M1AWDEYS872AN3DDX28FQ023ZMBHZBQ1B2,debt_stored,STX,1100000
9053676,zest-v1,SP363NCTT1W21JC3JT3417XV8K1XJQNQZY1MX4FH,SP363NCTT1W21JC3JT3417XV8K1XJQNQZY1MX4FH,collateral,stSTX,33759
9053676,zest-v1,SP363NCTT1W21JC3JT3417XV8K1XJQNQZY1MX4FH,SP363NCTT1W21JC3JT3417XV8K1XJQNQZY1MX4FH,debt,STX,3119
9053676,zest-v1,SP363NCTT1W21JC3JT3417XV8K1XJQNQZY1MX4FH,SP363NCTT1W21JC3JT3417XV8K1XJQNQZY1MX4FH,debt_stored,STX,2750
9053676,zest-v1,SP365FZS1S8642AGS4V3JC10KF79XQ9VEYFBXSPYT,SP365FZS1S8642AGS4V3JC10KF79XQ9VEYFBXSPYT,collateral,stSTX,73720705
9053676,zest-v1,SP365FZS1S8642AGS4V3JC10KF79XQ9VEYFBXSPYT,SP365FZS1S8642AGS4V3JC10KF79XQ9VEYFBXSPYT,debt,stSTX,25629687
9053676,zest-v1,SP365FZS1S8642AGS4V3JC10KF79XQ9VEYFBXSPYT,SP365FZS1S8642AGS4V3JC10KF79XQ9VEYFBXSPYT,debt_stored,stSTX,24448023
9053676,zest-v1,SP367XZAFV69MN6K7XYZRJPQM09THTQD1S3QBWW3P,SP367XZAFV69MN6K7XYZRJPQM09THTQD1S3QBWW3P,collateral,sBTC,3
9053676,zest-v1,SP367XZAFV69MN6K7XYZRJPQM09THTQD1S3QBWW3P,SP367XZAFV69MN6K7XYZRJPQM09THTQD1S3QBWW3P,debt,USDH,243102
9053676,zest-v1,SP367XZAFV69MN6K7XYZRJPQM09THTQD1S3QBWW3P,SP367XZAFV69MN6K7XYZRJPQM09THTQD1S3QBWW3P,debt,aeUSDC,5
9053676,zest-v1,SP367XZAFV69MN6K7XYZRJPQM09THTQD1S3QBWW3P,SP367XZAFV69MN6K7XYZRJPQM09THTQD1S3QBWW3P,debt_stored,USDH,224747
9053676,zest-v1,SP367XZAFV69MN6K7XYZRJPQM09THTQD1S3QBWW3P,SP367XZAFV69MN6K7XYZRJPQM09THTQD1S3QBWW3P,debt_stored,aeUSDC,4
9053676,zest-v1,SP368221WC2VG7FBKXV9WZV1H392AWA3VXRZ9RRNN,SP368221WC2VG7FBKXV9WZV1H392AWA3VXRZ9RRNN,collateral,stSTX,1960783
9053676,zest-v1,SP368221WC2VG7FBKXV9WZV1H392AWA3VXRZ9RRNN,SP368221WC2VG7FBKXV9WZV1H392AWA3VXRZ9RRNN,debt,aeUSDC,687999
9053676,zest-v1,SP368221WC2VG7FBKXV9WZV1H392AWA3VXRZ9RRNN,SP368221WC2VG7FBKXV9WZV1H392AWA3VXRZ9RRNN,debt_stored,aeUSDC,648698
9053676,zest-v1,SP369YMRM83QWP45TFA6C474VB1F0T4MPKGQKQMZT,SP369YMRM83QWP45TFA6C474VB1F0T4MPKGQKQMZT,collateral,stSTX,1888602
9053676,zest-v1,SP369YMRM83QWP45TFA6C474VB1F0T4MPKGQKQMZT,SP369YMRM83QWP45TFA6C474VB1F0T4MPKGQKQMZT,debt,STX,112358
9053676,zest-v1,SP369YMRM83QWP45TFA6C474VB1F0T4MPKGQKQMZT,SP369YMRM83QWP45TFA6C474VB1F0T4MPKGQKQMZT,debt_stored,STX,100000
9053676,zest-v1,SP36A56G05V2SZ9PJ81PNZRY4TXT50ZTFNA19DTE2,SP36A56G05V2SZ9PJ81PNZRY4TXT50ZTFNA19DTE2,collateral,stSTX,568068
9053676,zest-v1,SP36A56G05V2SZ9PJ81PNZRY4TXT50ZTFNA19DTE2,SP36A56G05V2SZ9PJ81PNZRY4TXT50ZTFNA19DTE2,debt,aeUSDC,436842
9053676,zest-v1,SP36A56G05V2SZ9PJ81PNZRY4TXT50ZTFNA19DTE2,SP36A56G05V2SZ9PJ81PNZRY4TXT50ZTFNA19DTE2,debt_stored,aeUSDC,389286
9053676,zest-v1,SP36C0SC6Y0Y5EJWR51NDGKWQSQSV1H5DT3RB9K1G,SP36C0SC6Y0Y5EJWR51NDGKWQSQSV1H5DT3RB9K1G,collateral,STX,3185312
9053676,zest-v1,SP36C0SC6Y0Y5EJWR51NDGKWQSQSV1H5DT3RB9K1G,SP36C0SC6Y0Y5EJWR51NDGKWQSQSV1H5DT3RB9K1G,collateral,stSTX,2095949
9053676,zest-v1,SP36C0SC6Y0Y5EJWR51NDGKWQSQSV1H5DT3RB9K1G,SP36C0SC6Y0Y5EJWR51NDGKWQSQSV1H5DT3RB9K1G,debt,aeUSDC,700533
9053676,zest-v1,SP36C0SC6Y0Y5EJWR51NDGKWQSQSV1H5DT3RB9K1G,SP36C0SC6Y0Y5EJWR51NDGKWQSQSV1H5DT3RB9K1G,debt_stored,aeUSDC,660516
9053676,zest-v1,SP36FES4VZ0CRSSFASE7GPSDK2EZN65V39MEBQDHX,SP36FES4VZ0CRSSFASE7GPSDK2EZN65V39MEBQDHX,collateral,stSTX,143927680
9053676,zest-v1,SP36FES4VZ0CRSSFASE7GPSDK2EZN65V39MEBQDHX,SP36FES4VZ0CRSSFASE7GPSDK2EZN65V39MEBQDHX,debt,STX,65578202
9053676,zest-v1,SP36FES4VZ0CRSSFASE7GPSDK2EZN65V39MEBQDHX,SP36FES4VZ0CRSSFASE7GPSDK2EZN65V39MEBQDHX,debt,stSTX,3
9053676,zest-v1,SP36FES4VZ0CRSSFASE7GPSDK2EZN65V39MEBQDHX,SP36FES4VZ0CRSSFASE7GPSDK2EZN65V39MEBQDHX,debt_stored,STX,58000000
9053676,zest-v1,SP36FES4VZ0CRSSFASE7GPSDK2EZN65V39MEBQDHX,SP36FES4VZ0CRSSFASE7GPSDK2EZN65V39MEBQDHX,debt_stored,stSTX,2
9053676,zest-v1,SP36FRJSNZFC0ZQK3CXV66HK9GGT3962HPWZY7GHQ,SP36FRJSNZFC0ZQK3CXV66HK9GGT3962HPWZY7GHQ,collateral,stSTX,51090903
9053676,zest-v1,SP36FRJSNZFC0ZQK3CXV66HK9GGT3962HPWZY7GHQ,SP36FRJSNZFC0ZQK3CXV66HK9GGT3962HPWZY7GHQ,debt,aeUSDC,509
9053676,zest-v1,SP36FRJSNZFC0ZQK3CXV66HK9GGT3962HPWZY7GHQ,SP36FRJSNZFC0ZQK3CXV66HK9GGT3962HPWZY7GHQ,debt_stored,aeUSDC,382
9053676,zest-v1,SP36KE5AZ2GQ6KY30T8RVTPYMYHQ8ARXDCBDXEJ2V,SP36KE5AZ2GQ6KY30T8RVTPYMYHQ8ARXDCBDXEJ2V,collateral,sBTC,1
9053676,zest-v1,SP36KE5AZ2GQ6KY30T8RVTPYMYHQ8ARXDCBDXEJ2V,SP36KE5AZ2GQ6KY30T8RVTPYMYHQ8ARXDCBDXEJ2V,debt,aeUSDC,3
9053676,zest-v1,SP36KE5AZ2GQ6KY30T8RVTPYMYHQ8ARXDCBDXEJ2V,SP36KE5AZ2GQ6KY30T8RVTPYMYHQ8ARXDCBDXEJ2V,debt_stored,aeUSDC,2
9053676,zest-v1,SP36KK1WYNES6725ERKNCFHYFXBF81E8S73AAPKGP,SP36KK1WYNES6725ERKNCFHYFXBF81E8S73AAPKGP,collateral,STX,17334
9053676,zest-v1,SP36KK1WYNES6725ERKNCFHYFXBF81E8S73AAPKGP,SP36KK1WYNES6725ERKNCFHYFXBF81E8S73AAPKGP,debt,aeUSDC,6971
9053676,zest-v1,SP36KK1WYNES6725ERKNCFHYFXBF81E8S73AAPKGP,SP36KK1WYNES6725ERKNCFHYFXBF81E8S73AAPKGP,debt_stored,aeUSDC,6041
9053676,zest-v1,SP36Q34V1Y55ZB4E675GX5CPHMZ62P5EMP7W3D668,SP36Q34V1Y55ZB4E675GX5CPHMZ62P5EMP7W3D668,collateral,stSTXbtc,1283166624
9053676,zest-v1,SP36Q34V1Y55ZB4E675GX5CPHMZ62P5EMP7W3D668,SP36Q34V1Y55ZB4E675GX5CPHMZ62P5EMP7W3D668,debt,stSTX,608075210
9053676,zest-v1,SP36Q34V1Y55ZB4E675GX5CPHMZ62P5EMP7W3D668,SP36Q34V1Y55ZB4E675GX5CPHMZ62P5EMP7W3D668,debt_stored,stSTX,582982054
9053676,zest-v1,SP36WG94FZ8BXR5QDBERJ7DC8835EZ0VP6AJFM0R4,SP36WG94FZ8BXR5QDBERJ7DC8835EZ0VP6AJFM0R4,collateral,STX,39259783
9053676,zest-v1,SP36WG94FZ8BXR5QDBERJ7DC8835EZ0VP6AJFM0R4,SP36WG94FZ8BXR5QDBERJ7DC8835EZ0VP6AJFM0R4,debt,sBTC,3269
9053676,zest-v1,SP36WG94FZ8BXR5QDBERJ7DC8835EZ0VP6AJFM0R4,SP36WG94FZ8BXR5QDBERJ7DC8835EZ0VP6AJFM0R4,debt_stored,sBTC,3201
9053676,zest-v1,SP36XZDY557Y1CQ6H5DZ1NGZP1Y943RBTY0KBWAKG,SP36XZDY557Y1CQ6H5DZ1NGZP1Y943RBTY0KBWAKG,collateral,STX,36522534
9053676,zest-v1,SP36XZDY557Y1CQ6H5DZ1NGZP1Y943RBTY0KBWAKG,SP36XZDY557Y1CQ6H5DZ1NGZP1Y943RBTY0KBWAKG,collateral,stSTX,72094490
9053676,zest-v1,SP36XZDY557Y1CQ6H5DZ1NGZP1Y943RBTY0KBWAKG,SP36XZDY557Y1CQ6H5DZ1NGZP1Y943RBTY0KBWAKG,debt,stSTX,2
9053676,zest-v1,SP36XZDY557Y1CQ6H5DZ1NGZP1Y943RBTY0KBWAKG,SP36XZDY557Y1CQ6H5DZ1NGZP1Y943RBTY0KBWAKG,debt_stored,stSTX,1
9053676,zest-v1,SP36ZZ7YKA9MK3227HH7MGBEBBX8N5H8H295VJAQN,SP36ZZ7YKA9MK3227HH7MGBEBBX8N5H8H295VJAQN,collateral,stSTX,111785887
9053676,zest-v1,SP36ZZ7YKA9MK3227HH7MGBEBBX8N5H8H295VJAQN,SP36ZZ7YKA9MK3227HH7MGBEBBX8N5H8H295VJAQN,debt,aeUSDC,9477729
9053676,zest-v1,SP36ZZ7YKA9MK3227HH7MGBEBBX8N5H8H295VJAQN,SP36ZZ7YKA9MK3227HH7MGBEBBX8N5H8H295VJAQN,debt_stored,aeUSDC,9368753
9053676,zest-v1,SP3706BZ3G2237A96AB64AGNBTRQYKM7HNPM4ZRRX,SP3706BZ3G2237A96AB64AGNBTRQYKM7HNPM4ZRRX,collateral,stSTXbtc,5045194880
9053676,zest-v1,SP3706BZ3G2237A96AB64AGNBTRQYKM7HNPM4ZRRX,SP3706BZ3G2237A96AB64AGNBTRQYKM7HNPM4ZRRX,debt,aeUSDC,289277045
9053676,zest-v1,SP3706BZ3G2237A96AB64AGNBTRQYKM7HNPM4ZRRX,SP3706BZ3G2237A96AB64AGNBTRQYKM7HNPM4ZRRX,debt_stored,aeUSDC,285950888
9053676,zest-v1,SP371PYZ83YNB7ZZN6EXSG2X46HWRXAY3PG6XFY5T,SP371PYZ83YNB7ZZN6EXSG2X46HWRXAY3PG6XFY5T,collateral,stSTX,128987788
9053676,zest-v1,SP371PYZ83YNB7ZZN6EXSG2X46HWRXAY3PG6XFY5T,SP371PYZ83YNB7ZZN6EXSG2X46HWRXAY3PG6XFY5T,debt,STX,57651911
9053676,zest-v1,SP371PYZ83YNB7ZZN6EXSG2X46HWRXAY3PG6XFY5T,SP371PYZ83YNB7ZZN6EXSG2X46HWRXAY3PG6XFY5T,debt,stSTX,6
9053676,zest-v1,SP371PYZ83YNB7ZZN6EXSG2X46HWRXAY3PG6XFY5T,SP371PYZ83YNB7ZZN6EXSG2X46HWRXAY3PG6XFY5T,debt_stored,STX,51000000
9053676,zest-v1,SP371PYZ83YNB7ZZN6EXSG2X46HWRXAY3PG6XFY5T,SP371PYZ83YNB7ZZN6EXSG2X46HWRXAY3PG6XFY5T,debt_stored,stSTX,5
9053676,zest-v1,SP3722W4GQSW60QPPC9VRMMANGNHQCP07BCPF2FTB,SP3722W4GQSW60QPPC9VRMMANGNHQCP07BCPF2FTB,collateral,STX,1887539
9053676,zest-v1,SP3722W4GQSW60QPPC9VRMMANGNHQCP07BCPF2FTB,SP3722W4GQSW60QPPC9VRMMANGNHQCP07BCPF2FTB,debt,stSTX,876260
9053676,zest-v1,SP3722W4GQSW60QPPC9VRMMANGNHQCP07BCPF2FTB,SP3722W4GQSW60QPPC9VRMMANGNHQCP07BCPF2FTB,debt_stored,stSTX,838552
9053676,zest-v1,SP37278Y5HKS9WPVTTK2V14ME1ZXBMC63B8FYQXTN,SP37278Y5HKS9WPVTTK2V14ME1ZXBMC63B8FYQXTN,collateral,stSTX,16718971
9053676,zest-v1,SP37278Y5HKS9WPVTTK2V14ME1ZXBMC63B8FYQXTN,SP37278Y5HKS9WPVTTK2V14ME1ZXBMC63B8FYQXTN,debt,stSTX,213518
9053676,zest-v1,SP37278Y5HKS9WPVTTK2V14ME1ZXBMC63B8FYQXTN,SP37278Y5HKS9WPVTTK2V14ME1ZXBMC63B8FYQXTN,debt_stored,stSTX,206080
9053676,zest-v1,SP374R5R2C97XNGZ2JDJV5S86THA7MBWNZ0140KCV,SP374R5R2C97XNGZ2JDJV5S86THA7MBWNZ0140KCV,collateral,stSTX,156815384
9053676,zest-v1,SP374R5R2C97XNGZ2JDJV5S86THA7MBWNZ0140KCV,SP374R5R2C97XNGZ2JDJV5S86THA7MBWNZ0140KCV,debt,STX,72163055
9053676,zest-v1,SP374R5R2C97XNGZ2JDJV5S86THA7MBWNZ0140KCV,SP374R5R2C97XNGZ2JDJV5S86THA7MBWNZ0140KCV,debt,stSTX,5
9053676,zest-v1,SP374R5R2C97XNGZ2JDJV5S86THA7MBWNZ0140KCV,SP374R5R2C97XNGZ2JDJV5S86THA7MBWNZ0140KCV,debt_stored,STX,63802289
9053676,zest-v1,SP374R5R2C97XNGZ2JDJV5S86THA7MBWNZ0140KCV,SP374R5R2C97XNGZ2JDJV5S86THA7MBWNZ0140KCV,debt_stored,stSTX,4
9053676,zest-v1,SP3766V2QFS9MTZGGKVTPWST3J3NMFZQ9HVTV9N34,SP3766V2QFS9MTZGGKVTPWST3J3NMFZQ9HVTV9N34,collateral,stSTX,4508004
9053676,zest-v1,SP3766V2QFS9MTZGGKVTPWST3J3NMFZQ9HVTV9N34,SP3766V2QFS9MTZGGKVTPWST3J3NMFZQ9HVTV9N34,debt,stSTX,10481
9053676,zest-v1,SP3766V2QFS9MTZGGKVTPWST3J3NMFZQ9HVTV9N34,SP3766V2QFS9MTZGGKVTPWST3J3NMFZQ9HVTV9N34,debt_stored,stSTX,10000
9053676,zest-v1,SP376Y7METTJAT372GYDGD225YE20A01GAV7KJFKN,SP376Y7METTJAT372GYDGD225YE20A01GAV7KJFKN,collateral,stSTX,11399263
9053676,zest-v1,SP376Y7METTJAT372GYDGD225YE20A01GAV7KJFKN,SP376Y7METTJAT372GYDGD225YE20A01GAV7KJFKN,debt,stSTX,3009
9053676,zest-v1,SP376Y7METTJAT372GYDGD225YE20A01GAV7KJFKN,SP376Y7METTJAT372GYDGD225YE20A01GAV7KJFKN,debt_stored,stSTX,2880
9053676,zest-v1,SP3795C9QYT13ZC1AGMPP9FQCYES5MP8XHRS6AK8N,SP3795C9QYT13ZC1AGMPP9FQCYES5MP8XHRS6AK8N,collateral,stSTX,2453
9053676,zest-v1,SP3795C9QYT13ZC1AGMPP9FQCYES5MP8XHRS6AK8N,SP3795C9QYT13ZC1AGMPP9FQCYES5MP8XHRS6AK8N,debt,aeUSDC,6126
9053676,zest-v1,SP3795C9QYT13ZC1AGMPP9FQCYES5MP8XHRS6AK8N,SP3795C9QYT13ZC1AGMPP9FQCYES5MP8XHRS6AK8N,debt_stored,aeUSDC,5386
9053676,zest-v1,SP379DQDX08J9FT1AWQWPH9HDCX8SE4YZXVZFRNC,SP379DQDX08J9FT1AWQWPH9HDCX8SE4YZXVZFRNC,collateral,stSTX,164358228
9053676,zest-v1,SP379DQDX08J9FT1AWQWPH9HDCX8SE4YZXVZFRNC,SP379DQDX08J9FT1AWQWPH9HDCX8SE4YZXVZFRNC,debt,aeUSDC,2427552
9053676,zest-v1,SP379DQDX08J9FT1AWQWPH9HDCX8SE4YZXVZFRNC,SP379DQDX08J9FT1AWQWPH9HDCX8SE4YZXVZFRNC,debt_stored,aeUSDC,1827058
9053676,zest-v1,SP37BY9E7D9FBZBTB0FM2HJRVGRAGCD0WPY2BVW13,SP37BY9E7D9FBZBTB0FM2HJRVGRAGCD0WPY2BVW13,collateral,stSTX,213299575
9053676,zest-v1,SP37BY9E7D9FBZBTB0FM2HJRVGRAGCD0WPY2BVW13,SP37BY9E7D9FBZBTB0FM2HJRVGRAGCD0WPY2BVW13,debt,stSTX,110637315
9053676,zest-v1,SP37BY9E7D9FBZBTB0FM2HJRVGRAGCD0WPY2BVW13,SP37BY9E7D9FBZBTB0FM2HJRVGRAGCD0WPY2BVW13,debt_stored,stSTX,105935846
9053676,zest-v1,SP37E46M4GR5X7A1KGE3B3V7TCVWBJCZCGQH0PS40,SP37E46M4GR5X7A1KGE3B3V7TCVWBJCZCGQH0PS40,collateral,stSTX,217719531
9053676,zest-v1,SP37E46M4GR5X7A1KGE3B3V7TCVWBJCZCGQH0PS40,SP37E46M4GR5X7A1KGE3B3V7TCVWBJCZCGQH0PS40,debt,STX,2828263
9053676,zest-v1,SP37E46M4GR5X7A1KGE3B3V7TCVWBJCZCGQH0PS40,SP37E46M4GR5X7A1KGE3B3V7TCVWBJCZCGQH0PS40,debt,USDH,52974197
9053676,zest-v1,SP37E46M4GR5X7A1KGE3B3V7TCVWBJCZCGQH0PS40,SP37E46M4GR5X7A1KGE3B3V7TCVWBJCZCGQH0PS40,debt,aeUSDC,1839340
9053676,zest-v1,SP37E46M4GR5X7A1KGE3B3V7TCVWBJCZCGQH0PS40,SP37E46M4GR5X7A1KGE3B3V7TCVWBJCZCGQH0PS40,debt,stSTX,155399221
9053676,zest-v1,SP37E46M4GR5X7A1KGE3B3V7TCVWBJCZCGQH0PS40,SP37E46M4GR5X7A1KGE3B3V7TCVWBJCZCGQH0PS40,debt_stored,STX,2813745
9053676,zest-v1,SP37E46M4GR5X7A1KGE3B3V7TCVWBJCZCGQH0PS40,SP37E46M4GR5X7A1KGE3B3V7TCVWBJCZCGQH0PS40,debt_stored,USDH,52653768
9053676,zest-v1,SP37E46M4GR5X7A1KGE3B3V7TCVWBJCZCGQH0PS40,SP37E46M4GR5X7A1KGE3B3V7TCVWBJCZCGQH0PS40,debt_stored,aeUSDC,1818209
9053676,zest-v1,SP37E46M4GR5X7A1KGE3B3V7TCVWBJCZCGQH0PS40,SP37E46M4GR5X7A1KGE3B3V7TCVWBJCZCGQH0PS40,debt_stored,stSTX,148349904
9053676,zest-v1,SP37G57APVTZK2HYTH0ZYAX0HYPHNSCQ879GHWWA7,SP37G57APVTZK2HYTH0ZYAX0HYPHNSCQ879GHWWA7,collateral,stSTX,117078311
9053676,zest-v1,SP37G57APVTZK2HYTH0ZYAX0HYPHNSCQ879GHWWA7,SP37G57APVTZK2HYTH0ZYAX0HYPHNSCQ879GHWWA7,debt,STX,63589309
9053676,zest-v1,SP37G57APVTZK2HYTH0ZYAX0HYPHNSCQ879GHWWA7,SP37G57APVTZK2HYTH0ZYAX0HYPHNSCQ879GHWWA7,debt_stored,STX,54210118
9053676,zest-v1,SP37GN4JPWNNC8EQ956F6K76MCPVDXSRTWY4TK6A1,SP37GN4JPWNNC8EQ956F6K76MCPVDXSRTWY4TK6A1,collateral,stSTX,116168
9053676,zest-v1,SP37GN4JPWNNC8EQ956F6K76MCPVDXSRTWY4TK6A1,SP37GN4JPWNNC8EQ956F6K76MCPVDXSRTWY4TK6A1,debt,STX,2
9053676,zest-v1,SP37GN4JPWNNC8EQ956F6K76MCPVDXSRTWY4TK6A1,SP37GN4JPWNNC8EQ956F6K76MCPVDXSRTWY4TK6A1,debt,stSTX,5
9053676,zest-v1,SP37GN4JPWNNC8EQ956F6K76MCPVDXSRTWY4TK6A1,SP37GN4JPWNNC8EQ956F6K76MCPVDXSRTWY4TK6A1,debt_stored,STX,1
9053676,zest-v1,SP37GN4JPWNNC8EQ956F6K76MCPVDXSRTWY4TK6A1,SP37GN4JPWNNC8EQ956F6K76MCPVDXSRTWY4TK6A1,debt_stored,stSTX,4
9053676,zest-v1,SP37K1FRN4V34613B2QZCB1DYC8Y5WCWA825CC5R,SP37K1FRN4V34613B2QZCB1DYC8Y5WCWA825CC5R,collateral,stSTX,64354179
9053676,zest-v1,SP37K1FRN4V34613B2QZCB1DYC8Y5WCWA825CC5R,SP37K1FRN4V34613B2QZCB1DYC8Y5WCWA825CC5R,debt,STX,38011755
9053676,zest-v1,SP37K1FRN4V34613B2QZCB1DYC8Y5WCWA825CC5R,SP37K1FRN4V34613B2QZCB1DYC8Y5WCWA825CC5R,debt_stored,STX,32831996
9053676,zest-v1,SP37MW060D9HH2NHY3MS4Y22W9D9W293YK9CPDC0E,SP37MW060D9HH2NHY3MS4Y22W9D9W293YK9CPDC0E,collateral,stSTX,356239939
9053676,zest-v1,SP37MW060D9HH2NHY3MS4Y22W9D9W293YK9CPDC0E,SP37MW060D9HH2NHY3MS4Y22W9D9W293YK9CPDC0E,debt,STX,145873988
9053676,zest-v1,SP37MW060D9HH2NHY3MS4Y22W9D9W293YK9CPDC0E,SP37MW060D9HH2NHY3MS4Y22W9D9W293YK9CPDC0E,debt_stored,STX,128064461
9053676,zest-v1,SP37S80Z9WG22KG3KHRE1P4SCTSR2ZWQX9Z04YEXY,SP37S80Z9WG22KG3KHRE1P4SCTSR2ZWQX9Z04YEXY,collateral,stSTX,12957
9053676,zest-v1,SP37S80Z9WG22KG3KHRE1P4SCTSR2ZWQX9Z04YEXY,SP37S80Z9WG22KG3KHRE1P4SCTSR2ZWQX9Z04YEXY,debt,stSTX,4
9053676,zest-v1,SP37S80Z9WG22KG3KHRE1P4SCTSR2ZWQX9Z04YEXY,SP37S80Z9WG22KG3KHRE1P4SCTSR2ZWQX9Z04YEXY,debt_stored,stSTX,3
9053676,zest-v1,SP37V30X7F9AZ3088R3SCPEHAS8YMYKHYSB736WQF,SP37V30X7F9AZ3088R3SCPEHAS8YMYKHYSB736WQF,collateral,stSTX,590898826
9053676,zest-v1,SP37V30X7F9AZ3088R3SCPEHAS8YMYKHYSB736WQF,SP37V30X7F9AZ3088R3SCPEHAS8YMYKHYSB736WQF,debt,STX,352866126
9053676,zest-v1,SP37V30X7F9AZ3088R3SCPEHAS8YMYKHYSB736WQF,SP37V30X7F9AZ3088R3SCPEHAS8YMYKHYSB736WQF,debt_stored,STX,300000000
9053676,zest-v1,SP37WET9FZZ0V3N87Q71897HK138VTSFDRWJ1NZS,SP37WET9FZZ0V3N87Q71897HK138VTSFDRWJ1NZS,collateral,sBTC,382
9053676,zest-v1,SP37WET9FZZ0V3N87Q71897HK138VTSFDRWJ1NZS,SP37WET9FZZ0V3N87Q71897HK138VTSFDRWJ1NZS,debt,USDH,32041820
9053676,zest-v1,SP37WET9FZZ0V3N87Q71897HK138VTSFDRWJ1NZS,SP37WET9FZZ0V3N87Q71897HK138VTSFDRWJ1NZS,debt_stored,USDH,29659602
9053676,zest-v1,SP37YA46VQF121VEKAP6HTNSPEK5WKDMK4BKPYVA2,SP37YA46VQF121VEKAP6HTNSPEK5WKDMK4BKPYVA2,collateral,STX,85572354
9053676,zest-v1,SP37YA46VQF121VEKAP6HTNSPEK5WKDMK4BKPYVA2,SP37YA46VQF121VEKAP6HTNSPEK5WKDMK4BKPYVA2,debt,STX,46355577
9053676,zest-v1,SP37YA46VQF121VEKAP6HTNSPEK5WKDMK4BKPYVA2,SP37YA46VQF121VEKAP6HTNSPEK5WKDMK4BKPYVA2,debt_stored,STX,39800042
9053676,zest-v1,SP38142W7333X0Y8CQ3WN6R91S7F63SVRDN5QB0SS,SP38142W7333X0Y8CQ3WN6R91S7F63SVRDN5QB0SS,collateral,stSTX,37255365
9053676,zest-v1,SP38142W7333X0Y8CQ3WN6R91S7F63SVRDN5QB0SS,SP38142W7333X0Y8CQ3WN6R91S7F63SVRDN5QB0SS,debt,stSTX,12945631
9053676,zest-v1,SP38142W7333X0Y8CQ3WN6R91S7F63SVRDN5QB0SS,SP38142W7333X0Y8CQ3WN6R91S7F63SVRDN5QB0SS,debt_stored,stSTX,12355054
9053676,zest-v1,SP384PHPGAYKGX3Z8A3MKHT6M9TNHNPA12YRSXCA7,SP384PHPGAYKGX3Z8A3MKHT6M9TNHNPA12YRSXCA7,collateral,STX,3219748
9053676,zest-v1,SP384PHPGAYKGX3Z8A3MKHT6M9TNHNPA12YRSXCA7,SP384PHPGAYKGX3Z8A3MKHT6M9TNHNPA12YRSXCA7,collateral,aeUSDC,4411688
9053676,zest-v1,SP384PHPGAYKGX3Z8A3MKHT6M9TNHNPA12YRSXCA7,SP384PHPGAYKGX3Z8A3MKHT6M9TNHNPA12YRSXCA7,debt,STX,1755066
9053676,zest-v1,SP384PHPGAYKGX3Z8A3MKHT6M9TNHNPA12YRSXCA7,SP384PHPGAYKGX3Z8A3MKHT6M9TNHNPA12YRSXCA7,debt,aeUSDC,19334
9053676,zest-v1,SP384PHPGAYKGX3Z8A3MKHT6M9TNHNPA12YRSXCA7,SP384PHPGAYKGX3Z8A3MKHT6M9TNHNPA12YRSXCA7,debt_stored,STX,1492500
9053676,zest-v1,SP384PHPGAYKGX3Z8A3MKHT6M9TNHNPA12YRSXCA7,SP384PHPGAYKGX3Z8A3MKHT6M9TNHNPA12YRSXCA7,debt_stored,aeUSDC,14484
9053676,zest-v1,SP387AWC5F23X02DJSEAQE2XGNY5NS8W0SPJB3TD9,SP387AWC5F23X02DJSEAQE2XGNY5NS8W0SPJB3TD9,collateral,STX,6498502
9053676,zest-v1,SP387AWC5F23X02DJSEAQE2XGNY5NS8W0SPJB3TD9,SP387AWC5F23X02DJSEAQE2XGNY5NS8W0SPJB3TD9,debt,stSTX,90405
9053676,zest-v1,SP387AWC5F23X02DJSEAQE2XGNY5NS8W0SPJB3TD9,SP387AWC5F23X02DJSEAQE2XGNY5NS8W0SPJB3TD9,debt_stored,stSTX,86278
9053676,zest-v1,SP38886ZEHEQSAGB50J2C8EBMPHS7EX5EKZ4HK8X2,SP38886ZEHEQSAGB50J2C8EBMPHS7EX5EKZ4HK8X2,collateral,STX,24089
9053676,zest-v1,SP38886ZEHEQSAGB50J2C8EBMPHS7EX5EKZ4HK8X2,SP38886ZEHEQSAGB50J2C8EBMPHS7EX5EKZ4HK8X2,debt,stSTX,10734
9053676,zest-v1,SP38886ZEHEQSAGB50J2C8EBMPHS7EX5EKZ4HK8X2,SP38886ZEHEQSAGB50J2C8EBMPHS7EX5EKZ4HK8X2,debt_stored,stSTX,10275
9053676,zest-v1,SP38DK4JAY0NVH59QM21EBBNQWZPXB94K0FXK0JJ8,SP38DK4JAY0NVH59QM21EBBNQWZPXB94K0FXK0JJ8,collateral,stSTX,200450025
9053676,zest-v1,SP38DK4JAY0NVH59QM21EBBNQWZPXB94K0FXK0JJ8,SP38DK4JAY0NVH59QM21EBBNQWZPXB94K0FXK0JJ8,debt,aeUSDC,2631876
9053676,zest-v1,SP38DK4JAY0NVH59QM21EBBNQWZPXB94K0FXK0JJ8,SP38DK4JAY0NVH59QM21EBBNQWZPXB94K0FXK0JJ8,debt,stSTX,41944394
9053676,zest-v1,SP38DK4JAY0NVH59QM21EBBNQWZPXB94K0FXK0JJ8,SP38DK4JAY0NVH59QM21EBBNQWZPXB94K0FXK0JJ8,debt_stored,aeUSDC,1982832
9053676,zest-v1,SP38DK4JAY0NVH59QM21EBBNQWZPXB94K0FXK0JJ8,SP38DK4JAY0NVH59QM21EBBNQWZPXB94K0FXK0JJ8,debt_stored,stSTX,40000000
9053676,zest-v1,SP38F139KNGWV4GNPJYGRFHM0MG4NKEJ97T7ZTT41,SP38F139KNGWV4GNPJYGRFHM0MG4NKEJ97T7ZTT41,collateral,stSTX,3
9053676,zest-v1,SP38F139KNGWV4GNPJYGRFHM0MG4NKEJ97T7ZTT41,SP38F139KNGWV4GNPJYGRFHM0MG4NKEJ97T7ZTT41,debt,sUSDT,2
9053676,zest-v1,SP38F139KNGWV4GNPJYGRFHM0MG4NKEJ97T7ZTT41,SP38F139KNGWV4GNPJYGRFHM0MG4NKEJ97T7ZTT41,debt_stored,sUSDT,1
9053676,zest-v1,SP38GBVK5HEJ0MBH4CRJ9HQEW86HX0H9AP1HZ3SVZ,SP38GBVK5HEJ0MBH4CRJ9HQEW86HX0H9AP1HZ3SVZ,collateral,stSTX,12521977681
9053676,zest-v1,SP38GBVK5HEJ0MBH4CRJ9HQEW86HX0H9AP1HZ3SVZ,SP38GBVK5HEJ0MBH4CRJ9HQEW86HX0H9AP1HZ3SVZ,debt,stSTX,6487980967
9053676,zest-v1,SP38GBVK5HEJ0MBH4CRJ9HQEW86HX0H9AP1HZ3SVZ,SP38GBVK5HEJ0MBH4CRJ9HQEW86HX0H9AP1HZ3SVZ,debt_stored,stSTX,6219245205
9053676,zest-v1,SP38GC3TGZ0AK6KGADT6T17CCN9R13T880EJK42RP,SP38GC3TGZ0AK6KGADT6T17CCN9R13T880EJK42RP,collateral,sBTC,1
9053676,zest-v1,SP38GC3TGZ0AK6KGADT6T17CCN9R13T880EJK42RP,SP38GC3TGZ0AK6KGADT6T17CCN9R13T880EJK42RP,debt,stSTX,2
9053676,zest-v1,SP38GC3TGZ0AK6KGADT6T17CCN9R13T880EJK42RP,SP38GC3TGZ0AK6KGADT6T17CCN9R13T880EJK42RP,debt_stored,stSTX,1
9053676,zest-v1,SP38GP62WREFDAVYDH6ARPHA85C39DR9776R2QJNS,SP38GP62WREFDAVYDH6ARPHA85C39DR9776R2QJNS,collateral,sBTC,1
9053676,zest-v1,SP38GP62WREFDAVYDH6ARPHA85C39DR9776R2QJNS,SP38GP62WREFDAVYDH6ARPHA85C39DR9776R2QJNS,debt,aeUSDC,2
9053676,zest-v1,SP38GP62WREFDAVYDH6ARPHA85C39DR9776R2QJNS,SP38GP62WREFDAVYDH6ARPHA85C39DR9776R2QJNS,debt_stored,aeUSDC,1
9053676,zest-v1,SP38JGANYK8HVK3S62PNYDP25CR66NDKGRMQ38BQH,SP38JGANYK8HVK3S62PNYDP25CR66NDKGRMQ38BQH,collateral,stSTX,348346867
9053676,zest-v1,SP38JGANYK8HVK3S62PNYDP25CR66NDKGRMQ38BQH,SP38JGANYK8HVK3S62PNYDP25CR66NDKGRMQ38BQH,debt,STX,204673052
9053676,zest-v1,SP38JGANYK8HVK3S62PNYDP25CR66NDKGRMQ38BQH,SP38JGANYK8HVK3S62PNYDP25CR66NDKGRMQ38BQH,debt_stored,STX,174151975
9053676,zest-v1,SP38MFYXHS8MVCF4N79HA2MH864N8E05328VS8MRT,SP38MFYXHS8MVCF4N79HA2MH864N8E05328VS8MRT,collateral,STX,256682456
9053676,zest-v1,SP38MFYXHS8MVCF4N79HA2MH864N8E05328VS8MRT,SP38MFYXHS8MVCF4N79HA2MH864N8E05328VS8MRT,collateral,stSTX,253277161
9053676,zest-v1,SP38MFYXHS8MVCF4N79HA2MH864N8E05328VS8MRT,SP38MFYXHS8MVCF4N79HA2MH864N8E05328VS8MRT,debt,aeUSDC,2
9053676,zest-v1,SP38MFYXHS8MVCF4N79HA2MH864N8E05328VS8MRT,SP38MFYXHS8MVCF4N79HA2MH864N8E05328VS8MRT,debt_stored,aeUSDC,1
9053676,zest-v1,SP38PWQVVQF0X1QJW7Q9SGGE3DG8BP80XGAM76HPP,SP38PWQVVQF0X1QJW7Q9SGGE3DG8BP80XGAM76HPP,collateral,stSTX,20268
9053676,zest-v1,SP38PWQVVQF0X1QJW7Q9SGGE3DG8BP80XGAM76HPP,SP38PWQVVQF0X1QJW7Q9SGGE3DG8BP80XGAM76HPP,debt,aeUSDC,97
9053676,zest-v1,SP38PWQVVQF0X1QJW7Q9SGGE3DG8BP80XGAM76HPP,SP38PWQVVQF0X1QJW7Q9SGGE3DG8BP80XGAM76HPP,debt_stored,aeUSDC,80
9053676,zest-v1,SP38ZJWREWK3JRM6W09XK5856CN7RGCTJFT1FQXHT,SP38ZJWREWK3JRM6W09XK5856CN7RGCTJFT1FQXHT,collateral,stSTX,150260775
9053676,zest-v1,SP38ZJWREWK3JRM6W09XK5856CN7RGCTJFT1FQXHT,SP38ZJWREWK3JRM6W09XK5856CN7RGCTJFT1FQXHT,debt,STX,223
9053676,zest-v1,SP38ZJWREWK3JRM6W09XK5856CN7RGCTJFT1FQXHT,SP38ZJWREWK3JRM6W09XK5856CN7RGCTJFT1FQXHT,debt_stored,STX,196
9053676,zest-v1,SP390ATGDGQFHE5YEWKXHCGQVXNAQP25JAXXZMWSC,SP390ATGDGQFHE5YEWKXHCGQVXNAQP25JAXXZMWSC,collateral,stSTX,572071
9053676,zest-v1,SP390ATGDGQFHE5YEWKXHCGQVXNAQP25JAXXZMWSC,SP390ATGDGQFHE5YEWKXHCGQVXNAQP25JAXXZMWSC,debt,aeUSDC,276608
9053676,zest-v1,SP390ATGDGQFHE5YEWKXHCGQVXNAQP25JAXXZMWSC,SP390ATGDGQFHE5YEWKXHCGQVXNAQP25JAXXZMWSC,debt_stored,aeUSDC,249509
9053676,zest-v1,SP391CZF8G6PJESEDDTT2QEW4SNYVJGGJFRD9HEXK,SP391CZF8G6PJESEDDTT2QEW4SNYVJGGJFRD9HEXK,collateral,stSTX,20974910082
9053676,zest-v1,SP391CZF8G6PJESEDDTT2QEW4SNYVJGGJFRD9HEXK,SP391CZF8G6PJESEDDTT2QEW4SNYVJGGJFRD9HEXK,debt,aeUSDC,2017251468
9053676,zest-v1,SP391CZF8G6PJESEDDTT2QEW4SNYVJGGJFRD9HEXK,SP391CZF8G6PJESEDDTT2QEW4SNYVJGGJFRD9HEXK,debt_stored,aeUSDC,1994056760
9053676,zest-v1,SP394XFQ0QYB3BEQCZCH13ERFPSCF2NTFKF4WGSGT,SP394XFQ0QYB3BEQCZCH13ERFPSCF2NTFKF4WGSGT,collateral,stSTX,3627701932
9053676,zest-v1,SP394XFQ0QYB3BEQCZCH13ERFPSCF2NTFKF4WGSGT,SP394XFQ0QYB3BEQCZCH13ERFPSCF2NTFKF4WGSGT,debt,stSTX,1025449750
9053676,zest-v1,SP394XFQ0QYB3BEQCZCH13ERFPSCF2NTFKF4WGSGT,SP394XFQ0QYB3BEQCZCH13ERFPSCF2NTFKF4WGSGT,debt_stored,stSTX,984149362
9053676,zest-v1,SP398Q24ED39YEGPMQZQYNMAGK9ZWV5VM50BMB72K,SP398Q24ED39YEGPMQZQYNMAGK9ZWV5VM50BMB72K,collateral,DIKO,562000473
9053676,zest-v1,SP398Q24ED39YEGPMQZQYNMAGK9ZWV5VM50BMB72K,SP398Q24ED39YEGPMQZQYNMAGK9ZWV5VM50BMB72K,collateral,stSTX,697224777
9053676,zest-v1,SP398Q24ED39YEGPMQZQYNMAGK9ZWV5VM50BMB72K,SP398Q24ED39YEGPMQZQYNMAGK9ZWV5VM50BMB72K,debt,STX,236840328
9053676,zest-v1,SP398Q24ED39YEGPMQZQYNMAGK9ZWV5VM50BMB72K,SP398Q24ED39YEGPMQZQYNMAGK9ZWV5VM50BMB72K,debt_stored,STX,200205721
9053676,zest-v1,SP39B4B4Y00X3BCV1HAG8D1CM4BKSHEKTD078ZMQY,SP39B4B4Y00X3BCV1HAG8D1CM4BKSHEKTD078ZMQY,collateral,stSTX,8701317
9053676,zest-v1,SP39B4B4Y00X3BCV1HAG8D1CM4BKSHEKTD078ZMQY,SP39B4B4Y00X3BCV1HAG8D1CM4BKSHEKTD078ZMQY,debt,aeUSDC,1509467
9053676,zest-v1,SP39B4B4Y00X3BCV1HAG8D1CM4BKSHEKTD078ZMQY,SP39B4B4Y00X3BCV1HAG8D1CM4BKSHEKTD078ZMQY,debt_stored,aeUSDC,1465650
9053676,zest-v1,SP39BJNYR8HX904WB46ZHX1PF06RDP37D5A6BNRK4,SP39BJNYR8HX904WB46ZHX1PF06RDP37D5A6BNRK4,collateral,STX,338539
9053676,zest-v1,SP39BJNYR8HX904WB46ZHX1PF06RDP37D5A6BNRK4,SP39BJNYR8HX904WB46ZHX1PF06RDP37D5A6BNRK4,debt,aeUSDC,133081
9053676,zest-v1,SP39BJNYR8HX904WB46ZHX1PF06RDP37D5A6BNRK4,SP39BJNYR8HX904WB46ZHX1PF06RDP37D5A6BNRK4,debt_stored,aeUSDC,120045
9053676,zest-v1,SP39KW7PHTAC7MKDZJT64ZVFS141B4G7KQKEG7MG3,SP39KW7PHTAC7MKDZJT64ZVFS141B4G7KQKEG7MG3,collateral,stSTX,2945048
9053676,zest-v1,SP39KW7PHTAC7MKDZJT64ZVFS141B4G7KQKEG7MG3,SP39KW7PHTAC7MKDZJT64ZVFS141B4G7KQKEG7MG3,debt,aeUSDC,757553
9053676,zest-v1,SP39KW7PHTAC7MKDZJT64ZVFS141B4G7KQKEG7MG3,SP39KW7PHTAC7MKDZJT64ZVFS141B4G7KQKEG7MG3,debt_stored,aeUSDC,714599
9053676,zest-v1,SP39QDMXZPH5FBQN39X1ZGK9Y720HNX76SB8MMSJJ,SP39QDMXZPH5FBQN39X1ZGK9Y720HNX76SB8MMSJJ,collateral,stSTX,1101960
9053676,zest-v1,SP39QDMXZPH5FBQN39X1ZGK9Y720HNX76SB8MMSJJ,SP39QDMXZPH5FBQN39X1ZGK9Y720HNX76SB8MMSJJ,debt,STX,117305
9053676,zest-v1,SP39QDMXZPH5FBQN39X1ZGK9Y720HNX76SB8MMSJJ,SP39QDMXZPH5FBQN39X1ZGK9Y720HNX76SB8MMSJJ,debt_stored,STX,100000
9053676,zest-v1,SP39RQFWJZ0VC7P8RW2066D5E5GZ8S4YA4CK4R11W,SP39RQFWJZ0VC7P8RW2066D5E5GZ8S4YA4CK4R11W,collateral,stSTX,11232
9053676,zest-v1,SP39RQFWJZ0VC7P8RW2066D5E5GZ8S4YA4CK4R11W,SP39RQFWJZ0VC7P8RW2066D5E5GZ8S4YA4CK4R11W,debt,STX,120
9053676,zest-v1,SP39RQFWJZ0VC7P8RW2066D5E5GZ8S4YA4CK4R11W,SP39RQFWJZ0VC7P8RW2066D5E5GZ8S4YA4CK4R11W,debt,stSTX,4822
9053676,zest-v1,SP39RQFWJZ0VC7P8RW2066D5E5GZ8S4YA4CK4R11W,SP39RQFWJZ0VC7P8RW2066D5E5GZ8S4YA4CK4R11W,debt_stored,STX,106
9053676,zest-v1,SP39RQFWJZ0VC7P8RW2066D5E5GZ8S4YA4CK4R11W,SP39RQFWJZ0VC7P8RW2066D5E5GZ8S4YA4CK4R11W,debt_stored,stSTX,4600
9053676,zest-v1,SP39RX0A0Y53RRQPJ70HGQZY6JJ25ATXE15AK8KVQ,SP39RX0A0Y53RRQPJ70HGQZY6JJ25ATXE15AK8KVQ,collateral,stSTX,6066659
9053676,zest-v1,SP39RX0A0Y53RRQPJ70HGQZY6JJ25ATXE15AK8KVQ,SP39RX0A0Y53RRQPJ70HGQZY6JJ25ATXE15AK8KVQ,debt,stSTX,4391648
9053676,zest-v1,SP39RX0A0Y53RRQPJ70HGQZY6JJ25ATXE15AK8KVQ,SP39RX0A0Y53RRQPJ70HGQZY6JJ25ATXE15AK8KVQ,debt_stored,stSTX,4196794
9053676,zest-v1,SP3A23V9S1F1WNXJS2WKRFCJ3NRVH9SJE3FW37FRN,SP3A23V9S1F1WNXJS2WKRFCJ3NRVH9SJE3FW37FRN,collateral,stSTX,4511352
9053676,zest-v1,SP3A23V9S1F1WNXJS2WKRFCJ3NRVH9SJE3FW37FRN,SP3A23V9S1F1WNXJS2WKRFCJ3NRVH9SJE3FW37FRN,debt,aeUSDC,1036622
9053676,zest-v1,SP3A23V9S1F1WNXJS2WKRFCJ3NRVH9SJE3FW37FRN,SP3A23V9S1F1WNXJS2WKRFCJ3NRVH9SJE3FW37FRN,debt_stored,aeUSDC,978315
9053676,zest-v1,SP3A4EV2XMSPXF48J6PNKT3KRT6YXAXHRQSE2H29K,SP3A4EV2XMSPXF48J6PNKT3KRT6YXAXHRQSE2H29K,collateral,stSTX,281599005
9053676,zest-v1,SP3A4EV2XMSPXF48J6PNKT3KRT6YXAXHRQSE2H29K,SP3A4EV2XMSPXF48J6PNKT3KRT6YXAXHRQSE2H29K,debt,STX,92580422
9053676,zest-v1,SP3A4EV2XMSPXF48J6PNKT3KRT6YXAXHRQSE2H29K,SP3A4EV2XMSPXF48J6PNKT3KRT6YXAXHRQSE2H29K,debt_stored,STX,80000000
9053676,zest-v1,SP3A5Z8D47MQSSSR4M4H4S1EJKN3HHYTAATZPGXX1,SP3A5Z8D47MQSSSR4M4H4S1EJKN3HHYTAATZPGXX1,collateral,stSTX,88418793
9053676,zest-v1,SP3A5Z8D47MQSSSR4M4H4S1EJKN3HHYTAATZPGXX1,SP3A5Z8D47MQSSSR4M4H4S1EJKN3HHYTAATZPGXX1,debt,STX,29336392
9053676,zest-v1,SP3A5Z8D47MQSSSR4M4H4S1EJKN3HHYTAATZPGXX1,SP3A5Z8D47MQSSSR4M4H4S1EJKN3HHYTAATZPGXX1,debt,stSTX,24
9053676,zest-v1,SP3A5Z8D47MQSSSR4M4H4S1EJKN3HHYTAATZPGXX1,SP3A5Z8D47MQSSSR4M4H4S1EJKN3HHYTAATZPGXX1,debt_stored,STX,25200001
9053676,zest-v1,SP3A5Z8D47MQSSSR4M4H4S1EJKN3HHYTAATZPGXX1,SP3A5Z8D47MQSSSR4M4H4S1EJKN3HHYTAATZPGXX1,debt_stored,stSTX,23
9053676,zest-v1,SP3A7BWWWE0QXV19WWN5D9BQGSH9VJK6MW56YM0G4,SP3A7BWWWE0QXV19WWN5D9BQGSH9VJK6MW56YM0G4,collateral,STX,85847987
9053676,zest-v1,SP3A7BWWWE0QXV19WWN5D9BQGSH9VJK6MW56YM0G4,SP3A7BWWWE0QXV19WWN5D9BQGSH9VJK6MW56YM0G4,debt,STX,44653899
9053676,zest-v1,SP3A7BWWWE0QXV19WWN5D9BQGSH9VJK6MW56YM0G4,SP3A7BWWWE0QXV19WWN5D9BQGSH9VJK6MW56YM0G4,debt_stored,STX,38000000
9053676,zest-v1,SP3A7WGTT3G279RR90S6G9F4FNR0H9EX770VQF0GG,SP3A7WGTT3G279RR90S6G9F4FNR0H9EX770VQF0GG,collateral,stSTX,5774043
9053676,zest-v1,SP3A7WGTT3G279RR90S6G9F4FNR0H9EX770VQF0GG,SP3A7WGTT3G279RR90S6G9F4FNR0H9EX770VQF0GG,debt,stSTX,2
9053676,zest-v1,SP3A7WGTT3G279RR90S6G9F4FNR0H9EX770VQF0GG,SP3A7WGTT3G279RR90S6G9F4FNR0H9EX770VQF0GG,debt_stored,stSTX,1
9053676,zest-v1,SP3A98YYBQ39F7AN9K762WQM35Y56P7XRMNSEYRMH,SP3A98YYBQ39F7AN9K762WQM35Y56P7XRMNSEYRMH,collateral,USDH,10487085600
9053676,zest-v1,SP3A98YYBQ39F7AN9K762WQM35Y56P7XRMNSEYRMH,SP3A98YYBQ39F7AN9K762WQM35Y56P7XRMNSEYRMH,collateral,stSTX,9149386
9053676,zest-v1,SP3A98YYBQ39F7AN9K762WQM35Y56P7XRMNSEYRMH,SP3A98YYBQ39F7AN9K762WQM35Y56P7XRMNSEYRMH,debt,USDH,173972681
9053676,zest-v1,SP3A98YYBQ39F7AN9K762WQM35Y56P7XRMNSEYRMH,SP3A98YYBQ39F7AN9K762WQM35Y56P7XRMNSEYRMH,debt_stored,USDH,163062936
9053676,zest-v1,SP3AAZ14KVKRF8DN6FV2YDFJTXFV05PA6WT20T267,SP3AAZ14KVKRF8DN6FV2YDFJTXFV05PA6WT20T267,collateral,STX,36316
9053676,zest-v1,SP3AAZ14KVKRF8DN6FV2YDFJTXFV05PA6WT20T267,SP3AAZ14KVKRF8DN6FV2YDFJTXFV05PA6WT20T267,debt,aeUSDC,18711
9053676,zest-v1,SP3AAZ14KVKRF8DN6FV2YDFJTXFV05PA6WT20T267,SP3AAZ14KVKRF8DN6FV2YDFJTXFV05PA6WT20T267,debt_stored,aeUSDC,14177
9053676,zest-v1,SP3AKBP5TXJ4BKTEN7P6JH5AHAJ2Q7ZAXN51R8PNQ,SP3AKBP5TXJ4BKTEN7P6JH5AHAJ2Q7ZAXN51R8PNQ,collateral,USDH,11023354103
9053676,zest-v1,SP3AKBP5TXJ4BKTEN7P6JH5AHAJ2Q7ZAXN51R8PNQ,SP3AKBP5TXJ4BKTEN7P6JH5AHAJ2Q7ZAXN51R8PNQ,collateral,stSTX,9086
9053676,zest-v1,SP3AKBP5TXJ4BKTEN7P6JH5AHAJ2Q7ZAXN51R8PNQ,SP3AKBP5TXJ4BKTEN7P6JH5AHAJ2Q7ZAXN51R8PNQ,debt,stSTX,36
9053676,zest-v1,SP3AKBP5TXJ4BKTEN7P6JH5AHAJ2Q7ZAXN51R8PNQ,SP3AKBP5TXJ4BKTEN7P6JH5AHAJ2Q7ZAXN51R8PNQ,debt_stored,stSTX,35
9053676,zest-v1,SP3ANSGM3J116RTWYMZ5KDHJ9RBF3P2330H8RQQDR,SP3ANSGM3J116RTWYMZ5KDHJ9RBF3P2330H8RQQDR,collateral,STX,2099319
9053676,zest-v1,SP3ANSGM3J116RTWYMZ5KDHJ9RBF3P2330H8RQQDR,SP3ANSGM3J116RTWYMZ5KDHJ9RBF3P2330H8RQQDR,collateral,stSTX,5564581
9053676,zest-v1,SP3ANSGM3J116RTWYMZ5KDHJ9RBF3P2330H8RQQDR,SP3ANSGM3J116RTWYMZ5KDHJ9RBF3P2330H8RQQDR,debt,STX,3281035
9053676,zest-v1,SP3ANSGM3J116RTWYMZ5KDHJ9RBF3P2330H8RQQDR,SP3ANSGM3J116RTWYMZ5KDHJ9RBF3P2330H8RQQDR,debt_stored,STX,2923083
9053676,zest-v1,SP3ATQMYPKE2H29QPPQ9PZ2VJ8KGFXS60S5H9G861,SP3ATQMYPKE2H29QPPQ9PZ2VJ8KGFXS60S5H9G861,collateral,stSTX,136938
9053676,zest-v1,SP3ATQMYPKE2H29QPPQ9PZ2VJ8KGFXS60S5H9G861,SP3ATQMYPKE2H29QPPQ9PZ2VJ8KGFXS60S5H9G861,debt,aeUSDC,70491
9053676,zest-v1,SP3ATQMYPKE2H29QPPQ9PZ2VJ8KGFXS60S5H9G861,SP3ATQMYPKE2H29QPPQ9PZ2VJ8KGFXS60S5H9G861,debt,sBTC,2
9053676,zest-v1,SP3ATQMYPKE2H29QPPQ9PZ2VJ8KGFXS60S5H9G861,SP3ATQMYPKE2H29QPPQ9PZ2VJ8KGFXS60S5H9G861,debt_stored,aeUSDC,64478
9053676,zest-v1,SP3ATQMYPKE2H29QPPQ9PZ2VJ8KGFXS60S5H9G861,SP3ATQMYPKE2H29QPPQ9PZ2VJ8KGFXS60S5H9G861,debt_stored,sBTC,1
9053676,zest-v1,SP3B40SQ5VHAANZSXMYFZRKXY8T59BG1YVEH75NWM,SP3B40SQ5VHAANZSXMYFZRKXY8T59BG1YVEH75NWM,collateral,stSTX,150264167
9053676,zest-v1,SP3B40SQ5VHAANZSXMYFZRKXY8T59BG1YVEH75NWM,SP3B40SQ5VHAANZSXMYFZRKXY8T59BG1YVEH75NWM,debt,STX,59250906
9053676,zest-v1,SP3B40SQ5VHAANZSXMYFZRKXY8T59BG1YVEH75NWM,SP3B40SQ5VHAANZSXMYFZRKXY8T59BG1YVEH75NWM,debt_stored,STX,51840407
9053676,zest-v1,SP3B6YG6MTG1FQTZMMP8XRXNBQ9QGDYPB4B553W19,SP3B6YG6MTG1FQTZMMP8XRXNBQ9QGDYPB4B553W19,collateral,stSTX,49121552
9053676,zest-v1,SP3B6YG6MTG1FQTZMMP8XRXNBQ9QGDYPB4B553W19,SP3B6YG6MTG1FQTZMMP8XRXNBQ9QGDYPB4B553W19,debt,STX,23279584
9053676,zest-v1,SP3B6YG6MTG1FQTZMMP8XRXNBQ9QGDYPB4B553W19,SP3B6YG6MTG1FQTZMMP8XRXNBQ9QGDYPB4B553W19,debt_stored,STX,20000000
9053676,zest-v1,SP3B9M0RS56PFY0MQ3GQ234QMJ1FZC4BJ2Y154PB1,SP3B9M0RS56PFY0MQ3GQ234QMJ1FZC4BJ2Y154PB1,collateral,stSTX,21608446
9053676,zest-v1,SP3B9M0RS56PFY0MQ3GQ234QMJ1FZC4BJ2Y154PB1,SP3B9M0RS56PFY0MQ3GQ234QMJ1FZC4BJ2Y154PB1,debt,STX,1201384
9053676,zest-v1,SP3B9M0RS56PFY0MQ3GQ234QMJ1FZC4BJ2Y154PB1,SP3B9M0RS56PFY0MQ3GQ234QMJ1FZC4BJ2Y154PB1,debt_stored,STX,1024185
9053676,zest-v1,SP3B9PVHSCKS09ZFJ7XZMN3Z7NYGQ7W0T4WZ5NRXV,SP3B9PVHSCKS09ZFJ7XZMN3Z7NYGQ7W0T4WZ5NRXV,collateral,DIKO,17837165
9053676,zest-v1,SP3B9PVHSCKS09ZFJ7XZMN3Z7NYGQ7W0T4WZ5NRXV,SP3B9PVHSCKS09ZFJ7XZMN3Z7NYGQ7W0T4WZ5NRXV,collateral,STX,2587932
9053676,zest-v1,SP3B9PVHSCKS09ZFJ7XZMN3Z7NYGQ7W0T4WZ5NRXV,SP3B9PVHSCKS09ZFJ7XZMN3Z7NYGQ7W0T4WZ5NRXV,collateral,USDA,1039847
9053676,zest-v1,SP3B9PVHSCKS09ZFJ7XZMN3Z7NYGQ7W0T4WZ5NRXV,SP3B9PVHSCKS09ZFJ7XZMN3Z7NYGQ7W0T4WZ5NRXV,collateral,USDH,76888001
9053676,zest-v1,SP3B9PVHSCKS09ZFJ7XZMN3Z7NYGQ7W0T4WZ5NRXV,SP3B9PVHSCKS09ZFJ7XZMN3Z7NYGQ7W0T4WZ5NRXV,collateral,aeUSDC,840401
9053676,zest-v1,SP3B9PVHSCKS09ZFJ7XZMN3Z7NYGQ7W0T4WZ5NRXV,SP3B9PVHSCKS09ZFJ7XZMN3Z7NYGQ7W0T4WZ5NRXV,collateral,sBTC,2
9053676,zest-v1,SP3B9PVHSCKS09ZFJ7XZMN3Z7NYGQ7W0T4WZ5NRXV,SP3B9PVHSCKS09ZFJ7XZMN3Z7NYGQ7W0T4WZ5NRXV,collateral,sUSDT,89729349
9053676,zest-v1,SP3B9PVHSCKS09ZFJ7XZMN3Z7NYGQ7W0T4WZ5NRXV,SP3B9PVHSCKS09ZFJ7XZMN3Z7NYGQ7W0T4WZ5NRXV,collateral,stSTX,1032357
9053676,zest-v1,SP3B9PVHSCKS09ZFJ7XZMN3Z7NYGQ7W0T4WZ5NRXV,SP3B9PVHSCKS09ZFJ7XZMN3Z7NYGQ7W0T4WZ5NRXV,collateral,stSTXbtc,1000000
9053676,zest-v1,SP3B9PVHSCKS09ZFJ7XZMN3Z7NYGQ7W0T4WZ5NRXV,SP3B9PVHSCKS09ZFJ7XZMN3Z7NYGQ7W0T4WZ5NRXV,debt,stSTX,104389
9053676,zest-v1,SP3B9PVHSCKS09ZFJ7XZMN3Z7NYGQ7W0T4WZ5NRXV,SP3B9PVHSCKS09ZFJ7XZMN3Z7NYGQ7W0T4WZ5NRXV,debt_stored,stSTX,100000
9053676,zest-v1,SP3BG5YA9G4HC9ZXKFRGQTB2DKN6GJFGD27DPBA23,SP3BG5YA9G4HC9ZXKFRGQTB2DKN6GJFGD27DPBA23,collateral,stSTX,3293890
9053676,zest-v1,SP3BG5YA9G4HC9ZXKFRGQTB2DKN6GJFGD27DPBA23,SP3BG5YA9G4HC9ZXKFRGQTB2DKN6GJFGD27DPBA23,debt,STX,1890677
9053676,zest-v1,SP3BG5YA9G4HC9ZXKFRGQTB2DKN6GJFGD27DPBA23,SP3BG5YA9G4HC9ZXKFRGQTB2DKN6GJFGD27DPBA23,debt_stored,STX,1684331
9053676,zest-v1,SP3BK01NQBKFGA8W39N7YQ4QH2G6K9T5FP0258VY6,SP3BK01NQBKFGA8W39N7YQ4QH2G6K9T5FP0258VY6,collateral,stSTX,3385
9053676,zest-v1,SP3BK01NQBKFGA8W39N7YQ4QH2G6K9T5FP0258VY6,SP3BK01NQBKFGA8W39N7YQ4QH2G6K9T5FP0258VY6,debt,STX,255
9053676,zest-v1,SP3BK01NQBKFGA8W39N7YQ4QH2G6K9T5FP0258VY6,SP3BK01NQBKFGA8W39N7YQ4QH2G6K9T5FP0258VY6,debt_stored,STX,225
9053676,zest-v1,SP3BKC7BDNKX08018T93BZRAM7MBWEM4QC5TWTS01,SP3BKC7BDNKX08018T93BZRAM7MBWEM4QC5TWTS01,collateral,stSTX,134263308
9053676,zest-v1,SP3BKC7BDNKX08018T93BZRAM7MBWEM4QC5TWTS01,SP3BKC7BDNKX08018T93BZRAM7MBWEM4QC5TWTS01,debt,STX,59888930
9053676,zest-v1,SP3BKC7BDNKX08018T93BZRAM7MBWEM4QC5TWTS01,SP3BKC7BDNKX08018T93BZRAM7MBWEM4QC5TWTS01,debt_stored,STX,53000000
9053676,zest-v1,SP3BT3ZND2FKPPB6F7PK8S9JKK5YJ4WG8C7ZVSNNC,SP3BT3ZND2FKPPB6F7PK8S9JKK5YJ4WG8C7ZVSNNC,collateral,stSTX,5574
9053676,zest-v1,SP3BT3ZND2FKPPB6F7PK8S9JKK5YJ4WG8C7ZVSNNC,SP3BT3ZND2FKPPB6F7PK8S9JKK5YJ4WG8C7ZVSNNC,debt,aeUSDC,8319
9053676,zest-v1,SP3BT3ZND2FKPPB6F7PK8S9JKK5YJ4WG8C7ZVSNNC,SP3BT3ZND2FKPPB6F7PK8S9JKK5YJ4WG8C7ZVSNNC,debt_stored,aeUSDC,7405
9053676,zest-v1,SP3BVJ0KRTAAJKFW5WY5Y4AD7HK0NAPFT6WTPDNDV,SP3BVJ0KRTAAJKFW5WY5Y4AD7HK0NAPFT6WTPDNDV,collateral,STX,20820263
9053676,zest-v1,SP3BVJ0KRTAAJKFW5WY5Y4AD7HK0NAPFT6WTPDNDV,SP3BVJ0KRTAAJKFW5WY5Y4AD7HK0NAPFT6WTPDNDV,debt,STX,11018113
9053676,zest-v1,SP3BVJ0KRTAAJKFW5WY5Y4AD7HK0NAPFT6WTPDNDV,SP3BVJ0KRTAAJKFW5WY5Y4AD7HK0NAPFT6WTPDNDV,debt_stored,STX,9950000
9053676,zest-v1,SP3BVQSZB9GV2YHD7D72QP4RXVNAED4419Z3CYHP5,SP3BVQSZB9GV2YHD7D72QP4RXVNAED4419Z3CYHP5,collateral,STX,57301165
9053676,zest-v1,SP3BVQSZB9GV2YHD7D72QP4RXVNAED4419Z3CYHP5,SP3BVQSZB9GV2YHD7D72QP4RXVNAED4419Z3CYHP5,collateral,stSTX,103369680
9053676,zest-v1,SP3BVQSZB9GV2YHD7D72QP4RXVNAED4419Z3CYHP5,SP3BVQSZB9GV2YHD7D72QP4RXVNAED4419Z3CYHP5,debt,STX,60833161
9053676,zest-v1,SP3BVQSZB9GV2YHD7D72QP4RXVNAED4419Z3CYHP5,SP3BVQSZB9GV2YHD7D72QP4RXVNAED4419Z3CYHP5,debt_stored,STX,51774525
9053676,zest-v1,SP3BY4E9JXGDP2GEMA2395PZY3BJJ19NRVT532P4E,SP3BY4E9JXGDP2GEMA2395PZY3BJJ19NRVT532P4E,collateral,stSTX,92929489
9053676,zest-v1,SP3BY4E9JXGDP2GEMA2395PZY3BJJ19NRVT532P4E,SP3BY4E9JXGDP2GEMA2395PZY3BJJ19NRVT532P4E,debt,STX,54834187
9053676,zest-v1,SP3BY4E9JXGDP2GEMA2395PZY3BJJ19NRVT532P4E,SP3BY4E9JXGDP2GEMA2395PZY3BJJ19NRVT532P4E,debt_stored,STX,46669444
9053676,zest-v1,SP3BYHB8JV8J50PTG46JNGD5FZSVEREEV6B1VX8M9,SP3BYHB8JV8J50PTG46JNGD5FZSVEREEV6B1VX8M9,collateral,stSTX,208275599
9053676,zest-v1,SP3BYHB8JV8J50PTG46JNGD5FZSVEREEV6B1VX8M9,SP3BYHB8JV8J50PTG46JNGD5FZSVEREEV6B1VX8M9,debt,stSTX,94346837
9053676,zest-v1,SP3BYHB8JV8J50PTG46JNGD5FZSVEREEV6B1VX8M9,SP3BYHB8JV8J50PTG46JNGD5FZSVEREEV6B1VX8M9,debt_stored,stSTX,90000000
9053676,zest-v1,SP3C6MM8VT29NTE859C2QBE6W0X85YS26EAG9AZ9M,SP3C6MM8VT29NTE859C2QBE6W0X85YS26EAG9AZ9M,collateral,stSTX,166266168
9053676,zest-v1,SP3C6MM8VT29NTE859C2QBE6W0X85YS26EAG9AZ9M,SP3C6MM8VT29NTE859C2QBE6W0X85YS26EAG9AZ9M,debt,STX,68222062
9053676,zest-v1,SP3C6MM8VT29NTE859C2QBE6W0X85YS26EAG9AZ9M,SP3C6MM8VT29NTE859C2QBE6W0X85YS26EAG9AZ9M,debt_stored,STX,58000000
9053676,zest-v1,SP3C91HAECR1D5W58KXZQ8DC4PRD0WBG0B8S8QNJS,SP3C91HAECR1D5W58KXZQ8DC4PRD0WBG0B8S8QNJS,collateral,sBTC,12468
9053676,zest-v1,SP3C91HAECR1D5W58KXZQ8DC4PRD0WBG0B8S8QNJS,SP3C91HAECR1D5W58KXZQ8DC4PRD0WBG0B8S8QNJS,debt,USDH,327703422
9053676,zest-v1,SP3C91HAECR1D5W58KXZQ8DC4PRD0WBG0B8S8QNJS,SP3C91HAECR1D5W58KXZQ8DC4PRD0WBG0B8S8QNJS,debt_stored,USDH,305285590
9053676,zest-v1,SP3CC9SYWR9AWNF5QAW8S9SXNYRKA71M3PM27HFAG,SP3CC9SYWR9AWNF5QAW8S9SXNYRKA71M3PM27HFAG,debt,sUSDT,1076
9053676,zest-v1,SP3CC9SYWR9AWNF5QAW8S9SXNYRKA71M3PM27HFAG,SP3CC9SYWR9AWNF5QAW8S9SXNYRKA71M3PM27HFAG,debt_stored,sUSDT,1075
9053676,zest-v1,SP3CDAQM3XB1EFY9QYK5VN7JERPN3ZF1Y4GXV3EN6,SP3CDAQM3XB1EFY9QYK5VN7JERPN3ZF1Y4GXV3EN6,collateral,stSTX,135693761
9053676,zest-v1,SP3CDAQM3XB1EFY9QYK5VN7JERPN3ZF1Y4GXV3EN6,SP3CDAQM3XB1EFY9QYK5VN7JERPN3ZF1Y4GXV3EN6,debt,STX,63469049
9053676,zest-v1,SP3CDAQM3XB1EFY9QYK5VN7JERPN3ZF1Y4GXV3EN6,SP3CDAQM3XB1EFY9QYK5VN7JERPN3ZF1Y4GXV3EN6,debt,stSTX,2
9053676,zest-v1,SP3CDAQM3XB1EFY9QYK5VN7JERPN3ZF1Y4GXV3EN6,SP3CDAQM3XB1EFY9QYK5VN7JERPN3ZF1Y4GXV3EN6,debt_stored,STX,56829420
9053676,zest-v1,SP3CDAQM3XB1EFY9QYK5VN7JERPN3ZF1Y4GXV3EN6,SP3CDAQM3XB1EFY9QYK5VN7JERPN3ZF1Y4GXV3EN6,debt_stored,stSTX,1
9053676,zest-v1,SP3CNERKHGR5R0K420SFQ71QRX1V8S41QGT5TQG05,SP3CNERKHGR5R0K420SFQ71QRX1V8S41QGT5TQG05,collateral,stSTX,35355895
9053676,zest-v1,SP3CNERKHGR5R0K420SFQ71QRX1V8S41QGT5TQG05,SP3CNERKHGR5R0K420SFQ71QRX1V8S41QGT5TQG05,debt,STX,20967242
9053676,zest-v1,SP3CNERKHGR5R0K420SFQ71QRX1V8S41QGT5TQG05,SP3CNERKHGR5R0K420SFQ71QRX1V8S41QGT5TQG05,debt_stored,STX,18042393
9053676,zest-v1,SP3CPTZK9X90P1JPEGRFA3DCDCTZJ0RJKM0EFCAH3,SP3CPTZK9X90P1JPEGRFA3DCDCTZJ0RJKM0EFCAH3,collateral,stSTX,3208030372
9053676,zest-v1,SP3CPTZK9X90P1JPEGRFA3DCDCTZJ0RJKM0EFCAH3,SP3CPTZK9X90P1JPEGRFA3DCDCTZJ0RJKM0EFCAH3,debt,STX,1528497620
9053676,zest-v1,SP3CPTZK9X90P1JPEGRFA3DCDCTZJ0RJKM0EFCAH3,SP3CPTZK9X90P1JPEGRFA3DCDCTZJ0RJKM0EFCAH3,debt_stored,STX,1300000000
9053676,zest-v1,SP3CPVVMJ3VSECMWY2N7E28QE9YKS2TZ1516WQBBW,SP3CPVVMJ3VSECMWY2N7E28QE9YKS2TZ1516WQBBW,collateral,stSTX,145475668
9053676,zest-v1,SP3CPVVMJ3VSECMWY2N7E28QE9YKS2TZ1516WQBBW,SP3CPVVMJ3VSECMWY2N7E28QE9YKS2TZ1516WQBBW,debt,STX,66449843
9053676,zest-v1,SP3CPVVMJ3VSECMWY2N7E28QE9YKS2TZ1516WQBBW,SP3CPVVMJ3VSECMWY2N7E28QE9YKS2TZ1516WQBBW,debt,stSTX,2
9053676,zest-v1,SP3CPVVMJ3VSECMWY2N7E28QE9YKS2TZ1516WQBBW,SP3CPVVMJ3VSECMWY2N7E28QE9YKS2TZ1516WQBBW,debt_stored,STX,58733647
9053676,zest-v1,SP3CPVVMJ3VSECMWY2N7E28QE9YKS2TZ1516WQBBW,SP3CPVVMJ3VSECMWY2N7E28QE9YKS2TZ1516WQBBW,debt_stored,stSTX,1
9053676,zest-v1,SP3CRKCVYP853H0A2J3THRFY6BA6HH8D6088T5Y09,SP3CRKCVYP853H0A2J3THRFY6BA6HH8D6088T5Y09,collateral,stSTX,100178242
9053676,zest-v1,SP3CRKCVYP853H0A2J3THRFY6BA6HH8D6088T5Y09,SP3CRKCVYP853H0A2J3THRFY6BA6HH8D6088T5Y09,debt,STX,3527658
9053676,zest-v1,SP3CRKCVYP853H0A2J3THRFY6BA6HH8D6088T5Y09,SP3CRKCVYP853H0A2J3THRFY6BA6HH8D6088T5Y09,debt_stored,STX,3000000
9053676,zest-v1,SP3CSCEF057MECSN0YZNYP3477M4HJG1K3XWG1JB4,SP3CSCEF057MECSN0YZNYP3477M4HJG1K3XWG1JB4,collateral,stSTX,174862120
9053676,zest-v1,SP3CSCEF057MECSN0YZNYP3477M4HJG1K3XWG1JB4,SP3CSCEF057MECSN0YZNYP3477M4HJG1K3XWG1JB4,debt,stSTX,77587341
9053676,zest-v1,SP3CSCEF057MECSN0YZNYP3477M4HJG1K3XWG1JB4,SP3CSCEF057MECSN0YZNYP3477M4HJG1K3XWG1JB4,debt_stored,stSTX,74532712
9053676,zest-v1,SP3CWQEWH6P8JA5FS67TJAM6TGYTDY1GZGJPRQFYD,SP3CWQEWH6P8JA5FS67TJAM6TGYTDY1GZGJPRQFYD,collateral,stSTX,50088955
9053676,zest-v1,SP3CWQEWH6P8JA5FS67TJAM6TGYTDY1GZGJPRQFYD,SP3CWQEWH6P8JA5FS67TJAM6TGYTDY1GZGJPRQFYD,debt,STX,11658788
9053676,zest-v1,SP3CWQEWH6P8JA5FS67TJAM6TGYTDY1GZGJPRQFYD,SP3CWQEWH6P8JA5FS67TJAM6TGYTDY1GZGJPRQFYD,debt_stored,STX,10000000
9053676,zest-v1,SP3CXJ7KKBY5Y53VM6STTSSVFT1PGGDQ4HN3RN42H,SP3CXJ7KKBY5Y53VM6STTSSVFT1PGGDQ4HN3RN42H,collateral,stSTX,198752941
9053676,zest-v1,SP3CXJ7KKBY5Y53VM6STTSSVFT1PGGDQ4HN3RN42H,SP3CXJ7KKBY5Y53VM6STTSSVFT1PGGDQ4HN3RN42H,debt,stSTX,61684529
9053676,zest-v1,SP3CXJ7KKBY5Y53VM6STTSSVFT1PGGDQ4HN3RN42H,SP3CXJ7KKBY5Y53VM6STTSSVFT1PGGDQ4HN3RN42H,debt_stored,stSTX,59018182
9053676,zest-v1,SP3CYCSMGWGCTFYM7EWDBXVNZPJ0VF0CV9WFWPD6V,SP3CYCSMGWGCTFYM7EWDBXVNZPJ0VF0CV9WFWPD6V,collateral,STX,26224592
9053676,zest-v1,SP3CYCSMGWGCTFYM7EWDBXVNZPJ0VF0CV9WFWPD6V,SP3CYCSMGWGCTFYM7EWDBXVNZPJ0VF0CV9WFWPD6V,debt,STX,13977365
9053676,zest-v1,SP3CYCSMGWGCTFYM7EWDBXVNZPJ0VF0CV9WFWPD6V,SP3CYCSMGWGCTFYM7EWDBXVNZPJ0VF0CV9WFWPD6V,debt_stored,STX,12088172
9053676,zest-v1,SP3D196DXNRR5FQ25B5M763NRE2SB1518RP6KRK23,SP3D196DXNRR5FQ25B5M763NRE2SB1518RP6KRK23,collateral,STX,66656010
9053676,zest-v1,SP3D196DXNRR5FQ25B5M763NRE2SB1518RP6KRK23,SP3D196DXNRR5FQ25B5M763NRE2SB1518RP6KRK23,debt,STX,35617128
9053676,zest-v1,SP3D196DXNRR5FQ25B5M763NRE2SB1518RP6KRK23,SP3D196DXNRR5FQ25B5M763NRE2SB1518RP6KRK23,debt_stored,STX,31359777
9053676,zest-v1,SP3D5TAQAMG3DZYKCH3CXCG4RZ4H5DNJ1WV8ZXSBR,SP3D5TAQAMG3DZYKCH3CXCG4RZ4H5DNJ1WV8ZXSBR,collateral,stSTX,2047770512
9053676,zest-v1,SP3D5TAQAMG3DZYKCH3CXCG4RZ4H5DNJ1WV8ZXSBR,SP3D5TAQAMG3DZYKCH3CXCG4RZ4H5DNJ1WV8ZXSBR,collateral,stSTXbtc,1000000000
9053676,zest-v1,SP3D5TAQAMG3DZYKCH3CXCG4RZ4H5DNJ1WV8ZXSBR,SP3D5TAQAMG3DZYKCH3CXCG4RZ4H5DNJ1WV8ZXSBR,debt,stSTX,521258915
9053676,zest-v1,SP3D5TAQAMG3DZYKCH3CXCG4RZ4H5DNJ1WV8ZXSBR,SP3D5TAQAMG3DZYKCH3CXCG4RZ4H5DNJ1WV8ZXSBR,debt_stored,stSTX,500000000
9053676,zest-v1,SP3DC62V3XNK2DXWMQAE4J0DVJFXS7N6N8HM5K4W8,SP3DC62V3XNK2DXWMQAE4J0DVJFXS7N6N8HM5K4W8,collateral,USDA,12022966
9053676,zest-v1,SP3DC62V3XNK2DXWMQAE4J0DVJFXS7N6N8HM5K4W8,SP3DC62V3XNK2DXWMQAE4J0DVJFXS7N6N8HM5K4W8,collateral,stSTX,30075070
9053676,zest-v1,SP3DC62V3XNK2DXWMQAE4J0DVJFXS7N6N8HM5K4W8,SP3DC62V3XNK2DXWMQAE4J0DVJFXS7N6N8HM5K4W8,debt,stSTX,15564770
9053676,zest-v1,SP3DC62V3XNK2DXWMQAE4J0DVJFXS7N6N8HM5K4W8,SP3DC62V3XNK2DXWMQAE4J0DVJFXS7N6N8HM5K4W8,debt_stored,stSTX,14937735
9053676,zest-v1,SP3DGJ0NW9EZTMV0J52XGM8JM30FGFK74MK1417S6,SP3DGJ0NW9EZTMV0J52XGM8JM30FGFK74MK1417S6,collateral,STX,10692233
9053676,zest-v1,SP3DGJ0NW9EZTMV0J52XGM8JM30FGFK74MK1417S6,SP3DGJ0NW9EZTMV0J52XGM8JM30FGFK74MK1417S6,debt,stSTX,2096367
9053676,zest-v1,SP3DGJ0NW9EZTMV0J52XGM8JM30FGFK74MK1417S6,SP3DGJ0NW9EZTMV0J52XGM8JM30FGFK74MK1417S6,debt_stored,stSTX,2000000
9053676,zest-v1,SP3DJ3H9CW9K4X4GWKRQD3XJHM3KN9TCW1R44QN86,SP3DJ3H9CW9K4X4GWKRQD3XJHM3KN9TCW1R44QN86,collateral,stSTX,58945800
9053676,zest-v1,SP3DJ3H9CW9K4X4GWKRQD3XJHM3KN9TCW1R44QN86,SP3DJ3H9CW9K4X4GWKRQD3XJHM3KN9TCW1R44QN86,debt,STX,25585604
9053676,zest-v1,SP3DJ3H9CW9K4X4GWKRQD3XJHM3KN9TCW1R44QN86,SP3DJ3H9CW9K4X4GWKRQD3XJHM3KN9TCW1R44QN86,debt_stored,STX,22000000
9053676,zest-v1,SP3DP35Q8NFCZ5PEV1XPBWS4VJ1HMGVP4H2ZTG34M,SP3DP35Q8NFCZ5PEV1XPBWS4VJ1HMGVP4H2ZTG34M,collateral,stSTX,35140044
9053676,zest-v1,SP3DP35Q8NFCZ5PEV1XPBWS4VJ1HMGVP4H2ZTG34M,SP3DP35Q8NFCZ5PEV1XPBWS4VJ1HMGVP4H2ZTG34M,debt,STX,18461756
9053676,zest-v1,SP3DP35Q8NFCZ5PEV1XPBWS4VJ1HMGVP4H2ZTG34M,SP3DP35Q8NFCZ5PEV1XPBWS4VJ1HMGVP4H2ZTG34M,debt_stored,STX,15927350
9053676,zest-v1,SP3DPXHEAQ34YVNC7NADP1BSYXWSDTW9KW6PGTAM0,SP3DPXHEAQ34YVNC7NADP1BSYXWSDTW9KW6PGTAM0,collateral,USDH,3966
9053676,zest-v1,SP3DPXHEAQ34YVNC7NADP1BSYXWSDTW9KW6PGTAM0,SP3DPXHEAQ34YVNC7NADP1BSYXWSDTW9KW6PGTAM0,collateral,stSTX,58596
9053676,zest-v1,SP3DPXHEAQ34YVNC7NADP1BSYXWSDTW9KW6PGTAM0,SP3DPXHEAQ34YVNC7NADP1BSYXWSDTW9KW6PGTAM0,debt,STX,1329
9053676,zest-v1,SP3DPXHEAQ34YVNC7NADP1BSYXWSDTW9KW6PGTAM0,SP3DPXHEAQ34YVNC7NADP1BSYXWSDTW9KW6PGTAM0,debt_stored,STX,1164
9053676,zest-v1,SP3DTRHXJF6HBAT0EY784GDYRHG1YCFZXJXB5ZTNW,SP3DTRHXJF6HBAT0EY784GDYRHG1YCFZXJXB5ZTNW,collateral,stSTX,4113425608
9053676,zest-v1,SP3DTRHXJF6HBAT0EY784GDYRHG1YCFZXJXB5ZTNW,SP3DTRHXJF6HBAT0EY784GDYRHG1YCFZXJXB5ZTNW,debt,STX,1486638864
9053676,zest-v1,SP3DTRHXJF6HBAT0EY784GDYRHG1YCFZXJXB5ZTNW,SP3DTRHXJF6HBAT0EY784GDYRHG1YCFZXJXB5ZTNW,debt_stored,STX,1307174556
9053676,zest-v1,SP3DW2YR31HWKR70630ZPFM88F1Y5M490AX13QC19,SP3DW2YR31HWKR70630ZPFM88F1Y5M490AX13QC19,collateral,stSTX,3851
9053676,zest-v1,SP3DW2YR31HWKR70630ZPFM88F1Y5M490AX13QC19,SP3DW2YR31HWKR70630ZPFM88F1Y5M490AX13QC19,debt,USDH,984071
9053676,zest-v1,SP3DW2YR31HWKR70630ZPFM88F1Y5M490AX13QC19,SP3DW2YR31HWKR70630ZPFM88F1Y5M490AX13QC19,debt_stored,USDH,876975
9053676,zest-v1,SP3DX0AG3HJNFNTKZ4A64W1A579ETY1N2JN7WHTC1,SP3DX0AG3HJNFNTKZ4A64W1A579ETY1N2JN7WHTC1,collateral,stSTX,148004456
9053676,zest-v1,SP3DX0AG3HJNFNTKZ4A64W1A579ETY1N2JN7WHTC1,SP3DX0AG3HJNFNTKZ4A64W1A579ETY1N2JN7WHTC1,debt,STX,68190109
9053676,zest-v1,SP3DX0AG3HJNFNTKZ4A64W1A579ETY1N2JN7WHTC1,SP3DX0AG3HJNFNTKZ4A64W1A579ETY1N2JN7WHTC1,debt,stSTX,7
9053676,zest-v1,SP3DX0AG3HJNFNTKZ4A64W1A579ETY1N2JN7WHTC1,SP3DX0AG3HJNFNTKZ4A64W1A579ETY1N2JN7WHTC1,debt_stored,STX,60297986
9053676,zest-v1,SP3DX0AG3HJNFNTKZ4A64W1A579ETY1N2JN7WHTC1,SP3DX0AG3HJNFNTKZ4A64W1A579ETY1N2JN7WHTC1,debt_stored,stSTX,6
9053676,zest-v1,SP3DX1DG12BBTDHMXNHXQ5EV4MW0HP7SZE83D5ASV,SP3DX1DG12BBTDHMXNHXQ5EV4MW0HP7SZE83D5ASV,collateral,stSTX,26046586
9053676,zest-v1,SP3DX1DG12BBTDHMXNHXQ5EV4MW0HP7SZE83D5ASV,SP3DX1DG12BBTDHMXNHXQ5EV4MW0HP7SZE83D5ASV,debt,STX,14279475
9053676,zest-v1,SP3DX1DG12BBTDHMXNHXQ5EV4MW0HP7SZE83D5ASV,SP3DX1DG12BBTDHMXNHXQ5EV4MW0HP7SZE83D5ASV,debt_stored,STX,12000000
9053676,zest-v1,SP3DXPAJJ7GFMT388BD4YFQ2R676G3VPBT3XP33PW,SP3DXPAJJ7GFMT388BD4YFQ2R676G3VPBT3XP33PW,collateral,stSTX,58945800
9053676,zest-v1,SP3DXPAJJ7GFMT388BD4YFQ2R676G3VPBT3XP33PW,SP3DXPAJJ7GFMT388BD4YFQ2R676G3VPBT3XP33PW,debt,STX,25585604
9053676,zest-v1,SP3DXPAJJ7GFMT388BD4YFQ2R676G3VPBT3XP33PW,SP3DXPAJJ7GFMT388BD4YFQ2R676G3VPBT3XP33PW,debt_stored,STX,22000000
9053676,zest-v1,SP3DZWHXZF12MTW3WP8TN3KA5XH09TK8QNKC1SD9G,SP3DZWHXZF12MTW3WP8TN3KA5XH09TK8QNKC1SD9G,collateral,stSTX,145869473
9053676,zest-v1,SP3DZWHXZF12MTW3WP8TN3KA5XH09TK8QNKC1SD9G,SP3DZWHXZF12MTW3WP8TN3KA5XH09TK8QNKC1SD9G,debt,STX,65921288
9053676,zest-v1,SP3DZWHXZF12MTW3WP8TN3KA5XH09TK8QNKC1SD9G,SP3DZWHXZF12MTW3WP8TN3KA5XH09TK8QNKC1SD9G,debt,stSTX,7
9053676,zest-v1,SP3DZWHXZF12MTW3WP8TN3KA5XH09TK8QNKC1SD9G,SP3DZWHXZF12MTW3WP8TN3KA5XH09TK8QNKC1SD9G,debt_stored,STX,58291592
9053676,zest-v1,SP3DZWHXZF12MTW3WP8TN3KA5XH09TK8QNKC1SD9G,SP3DZWHXZF12MTW3WP8TN3KA5XH09TK8QNKC1SD9G,debt_stored,stSTX,6
9053676,zest-v1,SP3E35YKH9J3223GQ0CPXSSX15GDANZFN3PMRV4S7,SP3E35YKH9J3223GQ0CPXSSX15GDANZFN3PMRV4S7,collateral,stSTX,85197189
9053676,zest-v1,SP3E35YKH9J3223GQ0CPXSSX15GDANZFN3PMRV4S7,SP3E35YKH9J3223GQ0CPXSSX15GDANZFN3PMRV4S7,debt,STX,51087332
9053676,zest-v1,SP3E35YKH9J3223GQ0CPXSSX15GDANZFN3PMRV4S7,SP3E35YKH9J3223GQ0CPXSSX15GDANZFN3PMRV4S7,debt_stored,STX,45000000
9053676,zest-v1,SP3EBBKX8GHC76AD2WXFEWGEDF6W446EFQA1AD9BJ,SP3EBBKX8GHC76AD2WXFEWGEDF6W446EFQA1AD9BJ,collateral,STX,1050280
9053676,zest-v1,SP3EBBKX8GHC76AD2WXFEWGEDF6W446EFQA1AD9BJ,SP3EBBKX8GHC76AD2WXFEWGEDF6W446EFQA1AD9BJ,collateral,sBTC,150220
9053676,zest-v1,SP3EBBKX8GHC76AD2WXFEWGEDF6W446EFQA1AD9BJ,SP3EBBKX8GHC76AD2WXFEWGEDF6W446EFQA1AD9BJ,collateral,stSTX,177743929
9053676,zest-v1,SP3EBBKX8GHC76AD2WXFEWGEDF6W446EFQA1AD9BJ,SP3EBBKX8GHC76AD2WXFEWGEDF6W446EFQA1AD9BJ,debt,STX,41122098
9053676,zest-v1,SP3EBBKX8GHC76AD2WXFEWGEDF6W446EFQA1AD9BJ,SP3EBBKX8GHC76AD2WXFEWGEDF6W446EFQA1AD9BJ,debt,stSTX,52971538
9053676,zest-v1,SP3EBBKX8GHC76AD2WXFEWGEDF6W446EFQA1AD9BJ,SP3EBBKX8GHC76AD2WXFEWGEDF6W446EFQA1AD9BJ,debt_stored,STX,35000000
9053676,zest-v1,SP3EBBKX8GHC76AD2WXFEWGEDF6W446EFQA1AD9BJ,SP3EBBKX8GHC76AD2WXFEWGEDF6W446EFQA1AD9BJ,debt_stored,stSTX,50657153
9053676,zest-v1,SP3EEY64DVR8HWWNQJHBK37DT1HSC6X4P6ENG4HDE,SP3EEY64DVR8HWWNQJHBK37DT1HSC6X4P6ENG4HDE,collateral,stSTX,27446
9053676,zest-v1,SP3EEY64DVR8HWWNQJHBK37DT1HSC6X4P6ENG4HDE,SP3EEY64DVR8HWWNQJHBK37DT1HSC6X4P6ENG4HDE,debt,USDH,29427
9053676,zest-v1,SP3EEY64DVR8HWWNQJHBK37DT1HSC6X4P6ENG4HDE,SP3EEY64DVR8HWWNQJHBK37DT1HSC6X4P6ENG4HDE,debt_stored,USDH,25746
9053676,zest-v1,SP3EFATMQT0TA243Y7QECYVNC1T630PHGS6P6006N,SP3EFATMQT0TA243Y7QECYVNC1T630PHGS6P6006N,collateral,stSTX,197907771
9053676,zest-v1,SP3EFATMQT0TA243Y7QECYVNC1T630PHGS6P6006N,SP3EFATMQT0TA243Y7QECYVNC1T630PHGS6P6006N,debt,STX,116651409
9053676,zest-v1,SP3EFATMQT0TA243Y7QECYVNC1T630PHGS6P6006N,SP3EFATMQT0TA243Y7QECYVNC1T630PHGS6P6006N,debt_stored,STX,99346829
9053676,zest-v1,SP3EHQXZK6SV1XRP95RNHR74RBXZ9YCAN8YZC4AWA,SP3EHQXZK6SV1XRP95RNHR74RBXZ9YCAN8YZC4AWA,collateral,STX,3212836
9053676,zest-v1,SP3EHQXZK6SV1XRP95RNHR74RBXZ9YCAN8YZC4AWA,SP3EHQXZK6SV1XRP95RNHR74RBXZ9YCAN8YZC4AWA,collateral,stSTX,29695583
9053676,zest-v1,SP3EHQXZK6SV1XRP95RNHR74RBXZ9YCAN8YZC4AWA,SP3EHQXZK6SV1XRP95RNHR74RBXZ9YCAN8YZC4AWA,debt,stSTX,10482486
9053676,zest-v1,SP3EHQXZK6SV1XRP95RNHR74RBXZ9YCAN8YZC4AWA,SP3EHQXZK6SV1XRP95RNHR74RBXZ9YCAN8YZC4AWA,debt_stored,stSTX,10000000
9053676,zest-v1,SP3EJ6214KGMZEC2N52QQP47R2B1XNZMG0M0K4B9T,SP3EJ6214KGMZEC2N52QQP47R2B1XNZMG0M0K4B9T,collateral,stSTX,110479114
9053676,zest-v1,SP3EJ6214KGMZEC2N52QQP47R2B1XNZMG0M0K4B9T,SP3EJ6214KGMZEC2N52QQP47R2B1XNZMG0M0K4B9T,debt,STX,43711263
9053676,zest-v1,SP3EJ6214KGMZEC2N52QQP47R2B1XNZMG0M0K4B9T,SP3EJ6214KGMZEC2N52QQP47R2B1XNZMG0M0K4B9T,debt,stSTX,11686296
9053676,zest-v1,SP3EJ6214KGMZEC2N52QQP47R2B1XNZMG0M0K4B9T,SP3EJ6214KGMZEC2N52QQP47R2B1XNZMG0M0K4B9T,debt_stored,STX,40000000
9053676,zest-v1,SP3EJ6214KGMZEC2N52QQP47R2B1XNZMG0M0K4B9T,SP3EJ6214KGMZEC2N52QQP47R2B1XNZMG0M0K4B9T,debt_stored,stSTX,11200000
9053676,zest-v1,SP3ENBT09BHBQAGVN5RNE9S4YXXFRZ0SMHTBJKDY3,SP3ENBT09BHBQAGVN5RNE9S4YXXFRZ0SMHTBJKDY3,collateral,stSTX,1003
9053676,zest-v1,SP3ENBT09BHBQAGVN5RNE9S4YXXFRZ0SMHTBJKDY3,SP3ENBT09BHBQAGVN5RNE9S4YXXFRZ0SMHTBJKDY3,debt,STX,177
9053676,zest-v1,SP3ENBT09BHBQAGVN5RNE9S4YXXFRZ0SMHTBJKDY3,SP3ENBT09BHBQAGVN5RNE9S4YXXFRZ0SMHTBJKDY3,debt_stored,STX,156
9053676,zest-v1,SP3ESWRH568H33R78NH67JS9GX8CG1C5RYCZRYPDN,SP3ESWRH568H33R78NH67JS9GX8CG1C5RYCZRYPDN,collateral,STX,19149816
9053676,zest-v1,SP3ESWRH568H33R78NH67JS9GX8CG1C5RYCZRYPDN,SP3ESWRH568H33R78NH67JS9GX8CG1C5RYCZRYPDN,collateral,stSTX,14355413
9053676,zest-v1,SP3ESWRH568H33R78NH67JS9GX8CG1C5RYCZRYPDN,SP3ESWRH568H33R78NH67JS9GX8CG1C5RYCZRYPDN,debt,stSTX,2
9053676,zest-v1,SP3ESWRH568H33R78NH67JS9GX8CG1C5RYCZRYPDN,SP3ESWRH568H33R78NH67JS9GX8CG1C5RYCZRYPDN,debt_stored,stSTX,1
9053676,zest-v1,SP3F287FKZM88HN3W1QEWR7GG8YMECV7A4EKDCQGP,SP3F287FKZM88HN3W1QEWR7GG8YMECV7A4EKDCQGP,collateral,STX,5362977
9053676,zest-v1,SP3F287FKZM88HN3W1QEWR7GG8YMECV7A4EKDCQGP,SP3F287FKZM88HN3W1QEWR7GG8YMECV7A4EKDCQGP,debt,STX,1290346
9053676,zest-v1,SP3F287FKZM88HN3W1QEWR7GG8YMECV7A4EKDCQGP,SP3F287FKZM88HN3W1QEWR7GG8YMECV7A4EKDCQGP,debt_stored,STX,1100000
9053676,zest-v1,SP3F6G7BCHKGTT9CZ92589F8S39M3WV6XBBKQQ4BJ,SP3F6G7BCHKGTT9CZ92589F8S39M3WV6XBBKQQ4BJ,collateral,stSTX,117419235
9053676,zest-v1,SP3F6G7BCHKGTT9CZ92589F8S39M3WV6XBBKQQ4BJ,SP3F6G7BCHKGTT9CZ92589F8S39M3WV6XBBKQQ4BJ,debt,STX,66266659
9053676,zest-v1,SP3F6G7BCHKGTT9CZ92589F8S39M3WV6XBBKQQ4BJ,SP3F6G7BCHKGTT9CZ92589F8S39M3WV6XBBKQQ4BJ,debt_stored,STX,57000000
9053676,zest-v1,SP3F7B21T0T3XR3DWQJD0YFEAQ82WTZ25YYBNTKPH,SP3F7B21T0T3XR3DWQJD0YFEAQ82WTZ25YYBNTKPH,collateral,STX,5362257
9053676,zest-v1,SP3F7B21T0T3XR3DWQJD0YFEAQ82WTZ25YYBNTKPH,SP3F7B21T0T3XR3DWQJD0YFEAQ82WTZ25YYBNTKPH,debt,STX,1172474
9053676,zest-v1,SP3F7B21T0T3XR3DWQJD0YFEAQ82WTZ25YYBNTKPH,SP3F7B21T0T3XR3DWQJD0YFEAQ82WTZ25YYBNTKPH,debt_stored,STX,1000000
9053676,zest-v1,SP3F9C08AG8HN8A5K6NSPGGC7X08AR0SSX1G78JF7,SP3F9C08AG8HN8A5K6NSPGGC7X08AR0SSX1G78JF7,collateral,STX,2162521
9053676,zest-v1,SP3F9C08AG8HN8A5K6NSPGGC7X08AR0SSX1G78JF7,SP3F9C08AG8HN8A5K6NSPGGC7X08AR0SSX1G78JF7,debt,aeUSDC,841794
9053676,zest-v1,SP3F9C08AG8HN8A5K6NSPGGC7X08AR0SSX1G78JF7,SP3F9C08AG8HN8A5K6NSPGGC7X08AR0SSX1G78JF7,debt_stored,aeUSDC,759334
9053676,zest-v1,SP3FC1PYKGWRHX5NQDFV7DDVMJGFFHTCSS9FDFZ59,SP3FC1PYKGWRHX5NQDFV7DDVMJGFFHTCSS9FDFZ59,collateral,stSTX,133574590
9053676,zest-v1,SP3FC1PYKGWRHX5NQDFV7DDVMJGFFHTCSS9FDFZ59,SP3FC1PYKGWRHX5NQDFV7DDVMJGFFHTCSS9FDFZ59,debt,STX,58753385
9053676,zest-v1,SP3FC1PYKGWRHX5NQDFV7DDVMJGFFHTCSS9FDFZ59,SP3FC1PYKGWRHX5NQDFV7DDVMJGFFHTCSS9FDFZ59,debt_stored,STX,52000000
9053676,zest-v1,SP3FG3HGK6R7SGV5G4M9JKQGR962JA6BFBPWFB3HT,SP3FG3HGK6R7SGV5G4M9JKQGR962JA6BFBPWFB3HT,collateral,STX,7424
9053676,zest-v1,SP3FG3HGK6R7SGV5G4M9JKQGR962JA6BFBPWFB3HT,SP3FG3HGK6R7SGV5G4M9JKQGR962JA6BFBPWFB3HT,debt,USDH,245880
9053676,zest-v1,SP3FG3HGK6R7SGV5G4M9JKQGR962JA6BFBPWFB3HT,SP3FG3HGK6R7SGV5G4M9JKQGR962JA6BFBPWFB3HT,debt_stored,USDH,227318
9053676,zest-v1,SP3FNQ0NJY378XA9PXC3KCK6XQ2M5ZG9GHNMRBHP2,SP3FNQ0NJY378XA9PXC3KCK6XQ2M5ZG9GHNMRBHP2,collateral,stSTX,153673874
9053676,zest-v1,SP3FNQ0NJY378XA9PXC3KCK6XQ2M5ZG9GHNMRBHP2,SP3FNQ0NJY378XA9PXC3KCK6XQ2M5ZG9GHNMRBHP2,debt,STX,90460174
9053676,zest-v1,SP3FNQ0NJY378XA9PXC3KCK6XQ2M5ZG9GHNMRBHP2,SP3FNQ0NJY378XA9PXC3KCK6XQ2M5ZG9GHNMRBHP2,debt_stored,STX,76981235
9053676,zest-v1,SP3FPPW034K562X59PGTF06FBFVW7FSP2WYVQ85A3,SP3FPPW034K562X59PGTF06FBFVW7FSP2WYVQ85A3,collateral,stSTX,1001779
9053676,zest-v1,SP3FPPW034K562X59PGTF06FBFVW7FSP2WYVQ85A3,SP3FPPW034K562X59PGTF06FBFVW7FSP2WYVQ85A3,debt,STX,233176
9053676,zest-v1,SP3FPPW034K562X59PGTF06FBFVW7FSP2WYVQ85A3,SP3FPPW034K562X59PGTF06FBFVW7FSP2WYVQ85A3,debt_stored,STX,200000
9053676,zest-v1,SP3FZGQS4YTC87PSQGKY43RGSYX41APNM6VQ00SG5,SP3FZGQS4YTC87PSQGKY43RGSYX41APNM6VQ00SG5,collateral,STX,10671
9053676,zest-v1,SP3FZGQS4YTC87PSQGKY43RGSYX41APNM6VQ00SG5,SP3FZGQS4YTC87PSQGKY43RGSYX41APNM6VQ00SG5,collateral,stSTX,37504
9053676,zest-v1,SP3FZGQS4YTC87PSQGKY43RGSYX41APNM6VQ00SG5,SP3FZGQS4YTC87PSQGKY43RGSYX41APNM6VQ00SG5,debt,stSTX,873
9053676,zest-v1,SP3FZGQS4YTC87PSQGKY43RGSYX41APNM6VQ00SG5,SP3FZGQS4YTC87PSQGKY43RGSYX41APNM6VQ00SG5,debt_stored,stSTX,835
9053676,zest-v1,SP3G0JPRH9K2VP42P0VY8NYSTZFH0KB0ESXRNB497,SP3G0JPRH9K2VP42P0VY8NYSTZFH0KB0ESXRNB497,collateral,stSTX,138531074
9053676,zest-v1,SP3G0JPRH9K2VP42P0VY8NYSTZFH0KB0ESXRNB497,SP3G0JPRH9K2VP42P0VY8NYSTZFH0KB0ESXRNB497,debt,stSTX,72026322
9053676,zest-v1,SP3G0JPRH9K2VP42P0VY8NYSTZFH0KB0ESXRNB497,SP3G0JPRH9K2VP42P0VY8NYSTZFH0KB0ESXRNB497,debt_stored,stSTX,69003639
9053676,zest-v1,SP3G1EFZWNFBPBWZRAXWQR57QKEJYBPH1NZPDCKYT,SP3G1EFZWNFBPBWZRAXWQR57QKEJYBPH1NZPDCKYT,collateral,stSTX,494
9053676,zest-v1,SP3G1EFZWNFBPBWZRAXWQR57QKEJYBPH1NZPDCKYT,SP3G1EFZWNFBPBWZRAXWQR57QKEJYBPH1NZPDCKYT,debt,stSTX,2
9053676,zest-v1,SP3G1EFZWNFBPBWZRAXWQR57QKEJYBPH1NZPDCKYT,SP3G1EFZWNFBPBWZRAXWQR57QKEJYBPH1NZPDCKYT,debt_stored,stSTX,1
9053676,zest-v1,SP3G29YRCHN8B474T8MXJWEYZE16XRPMQW1DW5GXY,SP3G29YRCHN8B474T8MXJWEYZE16XRPMQW1DW5GXY,collateral,stSTX,2083
9053676,zest-v1,SP3G29YRCHN8B474T8MXJWEYZE16XRPMQW1DW5GXY,SP3G29YRCHN8B474T8MXJWEYZE16XRPMQW1DW5GXY,debt,STX,2
9053676,zest-v1,SP3G29YRCHN8B474T8MXJWEYZE16XRPMQW1DW5GXY,SP3G29YRCHN8B474T8MXJWEYZE16XRPMQW1DW5GXY,debt_stored,STX,1
9053676,zest-v1,SP3G2C60QHG9ZNBDG0J519C3QQEP8XQNWD80KD9GS,SP3G2C60QHG9ZNBDG0J519C3QQEP8XQNWD80KD9GS,collateral,STX,2018084740
9053676,zest-v1,SP3G2C60QHG9ZNBDG0J519C3QQEP8XQNWD80KD9GS,SP3G2C60QHG9ZNBDG0J519C3QQEP8XQNWD80KD9GS,collateral,stSTX,4620059676
9053676,zest-v1,SP3G2C60QHG9ZNBDG0J519C3QQEP8XQNWD80KD9GS,SP3G2C60QHG9ZNBDG0J519C3QQEP8XQNWD80KD9GS,debt,STX,2716902313
9053676,zest-v1,SP3G2C60QHG9ZNBDG0J519C3QQEP8XQNWD80KD9GS,SP3G2C60QHG9ZNBDG0J519C3QQEP8XQNWD80KD9GS,debt_stored,STX,2398469911
9053676,zest-v1,SP3G3GN0K670Q3YN59X2BYH31V7YWQ4Q547HVV1XE,SP3G3GN0K670Q3YN59X2BYH31V7YWQ4Q547HVV1XE,collateral,DIKO,6729714309
9053676,zest-v1,SP3G3GN0K670Q3YN59X2BYH31V7YWQ4Q547HVV1XE,SP3G3GN0K670Q3YN59X2BYH31V7YWQ4Q547HVV1XE,collateral,stSTX,6443
9053676,zest-v1,SP3G3GN0K670Q3YN59X2BYH31V7YWQ4Q547HVV1XE,SP3G3GN0K670Q3YN59X2BYH31V7YWQ4Q547HVV1XE,debt,STX,53
9053676,zest-v1,SP3G3GN0K670Q3YN59X2BYH31V7YWQ4Q547HVV1XE,SP3G3GN0K670Q3YN59X2BYH31V7YWQ4Q547HVV1XE,debt_stored,STX,48
9053676,zest-v1,SP3G5RZETXZ4WB7BWCMF57CF7DSR56M0BHE32VB9E,SP3G5RZETXZ4WB7BWCMF57CF7DSR56M0BHE32VB9E,collateral,sBTC,108762
9053676,zest-v1,SP3G5RZETXZ4WB7BWCMF57CF7DSR56M0BHE32VB9E,SP3G5RZETXZ4WB7BWCMF57CF7DSR56M0BHE32VB9E,collateral,stSTX,4791121
9053676,zest-v1,SP3G5RZETXZ4WB7BWCMF57CF7DSR56M0BHE32VB9E,SP3G5RZETXZ4WB7BWCMF57CF7DSR56M0BHE32VB9E,debt,STX,2856437
9053676,zest-v1,SP3G5RZETXZ4WB7BWCMF57CF7DSR56M0BHE32VB9E,SP3G5RZETXZ4WB7BWCMF57CF7DSR56M0BHE32VB9E,debt,aeUSDC,33
9053676,zest-v1,SP3G5RZETXZ4WB7BWCMF57CF7DSR56M0BHE32VB9E,SP3G5RZETXZ4WB7BWCMF57CF7DSR56M0BHE32VB9E,debt_stored,STX,2562096
9053676,zest-v1,SP3G5RZETXZ4WB7BWCMF57CF7DSR56M0BHE32VB9E,SP3G5RZETXZ4WB7BWCMF57CF7DSR56M0BHE32VB9E,debt_stored,aeUSDC,29
9053676,zest-v1,SP3G64KN9RCX2JHSE158A6AF85R4CMD5Q48ZY41VN,SP3G64KN9RCX2JHSE158A6AF85R4CMD5Q48ZY41VN,collateral,STX,598710
9053676,zest-v1,SP3G64KN9RCX2JHSE158A6AF85R4CMD5Q48ZY41VN,SP3G64KN9RCX2JHSE158A6AF85R4CMD5Q48ZY41VN,debt,STX,20223
9053676,zest-v1,SP3G64KN9RCX2JHSE158A6AF85R4CMD5Q48ZY41VN,SP3G64KN9RCX2JHSE158A6AF85R4CMD5Q48ZY41VN,debt_stored,STX,18000
9053676,zest-v1,SP3G7MEN3SYQPN55HSK3F36GTA5NP7BT561W2PW9J,SP3G7MEN3SYQPN55HSK3F36GTA5NP7BT561W2PW9J,debt,STX,130
9053676,zest-v1,SP3G7MEN3SYQPN55HSK3F36GTA5NP7BT561W2PW9J,SP3G7MEN3SYQPN55HSK3F36GTA5NP7BT561W2PW9J,debt,stSTX,4
9053676,zest-v1,SP3G7MEN3SYQPN55HSK3F36GTA5NP7BT561W2PW9J,SP3G7MEN3SYQPN55HSK3F36GTA5NP7BT561W2PW9J,debt_stored,STX,115
9053676,zest-v1,SP3G7MEN3SYQPN55HSK3F36GTA5NP7BT561W2PW9J,SP3G7MEN3SYQPN55HSK3F36GTA5NP7BT561W2PW9J,debt_stored,stSTX,3
9053676,zest-v1,SP3G98P3GKB3XCN5X014A4EEVQ6Y8RNF2NGE2JXH5,SP3G98P3GKB3XCN5X014A4EEVQ6Y8RNF2NGE2JXH5,collateral,stSTX,1393193
9053676,zest-v1,SP3G98P3GKB3XCN5X014A4EEVQ6Y8RNF2NGE2JXH5,SP3G98P3GKB3XCN5X014A4EEVQ6Y8RNF2NGE2JXH5,debt,stSTX,83860
9053676,zest-v1,SP3G98P3GKB3XCN5X014A4EEVQ6Y8RNF2NGE2JXH5,SP3G98P3GKB3XCN5X014A4EEVQ6Y8RNF2NGE2JXH5,debt_stored,stSTX,80240
9053676,zest-v1,SP3GBKC6ZR5Z7RWK3ZGRWR6A3ZJHR6K5P12R279QN,SP3GBKC6ZR5Z7RWK3ZGRWR6A3ZJHR6K5P12R279QN,collateral,stSTXbtc,5
9053676,zest-v1,SP3GBKC6ZR5Z7RWK3ZGRWR6A3ZJHR6K5P12R279QN,SP3GBKC6ZR5Z7RWK3ZGRWR6A3ZJHR6K5P12R279QN,debt,stSTX,2
9053676,zest-v1,SP3GBKC6ZR5Z7RWK3ZGRWR6A3ZJHR6K5P12R279QN,SP3GBKC6ZR5Z7RWK3ZGRWR6A3ZJHR6K5P12R279QN,debt_stored,stSTX,1
9053676,zest-v1,SP3GEVG8CBXAPVBYKR20KYJ1MA206V3SDFD5W3YKH,SP3GEVG8CBXAPVBYKR20KYJ1MA206V3SDFD5W3YKH,collateral,STX,798294
9053676,zest-v1,SP3GEVG8CBXAPVBYKR20KYJ1MA206V3SDFD5W3YKH,SP3GEVG8CBXAPVBYKR20KYJ1MA206V3SDFD5W3YKH,debt,STX,19100
9053676,zest-v1,SP3GEVG8CBXAPVBYKR20KYJ1MA206V3SDFD5W3YKH,SP3GEVG8CBXAPVBYKR20KYJ1MA206V3SDFD5W3YKH,debt_stored,STX,17000
9053676,zest-v1,SP3GGNDQASTXH0SVTSWVSNS7BP3RZ4MDXX25YW80J,SP3GGNDQASTXH0SVTSWVSNS7BP3RZ4MDXX25YW80J,collateral,stSTX,145085
9053676,zest-v1,SP3GGNDQASTXH0SVTSWVSNS7BP3RZ4MDXX25YW80J,SP3GGNDQASTXH0SVTSWVSNS7BP3RZ4MDXX25YW80J,debt,STX,6
9053676,zest-v1,SP3GGNDQASTXH0SVTSWVSNS7BP3RZ4MDXX25YW80J,SP3GGNDQASTXH0SVTSWVSNS7BP3RZ4MDXX25YW80J,debt,aeUSDC,10877
9053676,zest-v1,SP3GGNDQASTXH0SVTSWVSNS7BP3RZ4MDXX25YW80J,SP3GGNDQASTXH0SVTSWVSNS7BP3RZ4MDXX25YW80J,debt_stored,STX,5
9053676,zest-v1,SP3GGNDQASTXH0SVTSWVSNS7BP3RZ4MDXX25YW80J,SP3GGNDQASTXH0SVTSWVSNS7BP3RZ4MDXX25YW80J,debt_stored,aeUSDC,8732
9053676,zest-v1,SP3GHPCXMT8E6C291GPFY44H00WVFYE1A8RBSX28Q,SP3GHPCXMT8E6C291GPFY44H00WVFYE1A8RBSX28Q,collateral,stSTX,96780999
9053676,zest-v1,SP3GHPCXMT8E6C291GPFY44H00WVFYE1A8RBSX28Q,SP3GHPCXMT8E6C291GPFY44H00WVFYE1A8RBSX28Q,collateral,stSTXbtc,123978853
9053676,zest-v1,SP3GHPCXMT8E6C291GPFY44H00WVFYE1A8RBSX28Q,SP3GHPCXMT8E6C291GPFY44H00WVFYE1A8RBSX28Q,debt,STX,31611723
9053676,zest-v1,SP3GHPCXMT8E6C291GPFY44H00WVFYE1A8RBSX28Q,SP3GHPCXMT8E6C291GPFY44H00WVFYE1A8RBSX28Q,debt,stSTX,22924992
9053676,zest-v1,SP3GHPCXMT8E6C291GPFY44H00WVFYE1A8RBSX28Q,SP3GHPCXMT8E6C291GPFY44H00WVFYE1A8RBSX28Q,debt_stored,STX,29290361
9053676,zest-v1,SP3GHPCXMT8E6C291GPFY44H00WVFYE1A8RBSX28Q,SP3GHPCXMT8E6C291GPFY44H00WVFYE1A8RBSX28Q,debt_stored,stSTX,21974403
9053676,zest-v1,SP3GMVPF5WSRFVV8WQ6P0M4VZFMC46R5MRA6P34EE,SP3GMVPF5WSRFVV8WQ6P0M4VZFMC46R5MRA6P34EE,collateral,stSTX,485
9053676,zest-v1,SP3GMVPF5WSRFVV8WQ6P0M4VZFMC46R5MRA6P34EE,SP3GMVPF5WSRFVV8WQ6P0M4VZFMC46R5MRA6P34EE,debt,STX,54
9053676,zest-v1,SP3GMVPF5WSRFVV8WQ6P0M4VZFMC46R5MRA6P34EE,SP3GMVPF5WSRFVV8WQ6P0M4VZFMC46R5MRA6P34EE,debt_stored,STX,48
9053676,zest-v1,SP3GND3T5N1FTTQCK3F7KCM8DD23J9C38DPS1GQKP,SP3GND3T5N1FTTQCK3F7KCM8DD23J9C38DPS1GQKP,collateral,stSTX,113704098
9053676,zest-v1,SP3GND3T5N1FTTQCK3F7KCM8DD23J9C38DPS1GQKP,SP3GND3T5N1FTTQCK3F7KCM8DD23J9C38DPS1GQKP,debt,STX,67040627
9053676,zest-v1,SP3GND3T5N1FTTQCK3F7KCM8DD23J9C38DPS1GQKP,SP3GND3T5N1FTTQCK3F7KCM8DD23J9C38DPS1GQKP,debt_stored,STX,57097901
9053676,zest-v1,SP3GNMSAKWK5P93B47EMQK4Y0ZKGHY89SGYN95BQM,SP3GNMSAKWK5P93B47EMQK4Y0ZKGHY89SGYN95BQM,collateral,stSTX,101180024
9053676,zest-v1,SP3GNMSAKWK5P93B47EMQK4Y0ZKGHY89SGYN95BQM,SP3GNMSAKWK5P93B47EMQK4Y0ZKGHY89SGYN95BQM,debt,STX,5865281
9053676,zest-v1,SP3GNMSAKWK5P93B47EMQK4Y0ZKGHY89SGYN95BQM,SP3GNMSAKWK5P93B47EMQK4Y0ZKGHY89SGYN95BQM,debt_stored,STX,5000000
9053676,zest-v1,SP3GS0VZBE15D528128G7FN3HXJQ20BXCG4CNPG64,SP3GS0VZBE15D528128G7FN3HXJQ20BXCG4CNPG64,collateral,STX,37289243
9053676,zest-v1,SP3GS0VZBE15D528128G7FN3HXJQ20BXCG4CNPG64,SP3GS0VZBE15D528128G7FN3HXJQ20BXCG4CNPG64,debt,STX,8107564
9053676,zest-v1,SP3GS0VZBE15D528128G7FN3HXJQ20BXCG4CNPG64,SP3GS0VZBE15D528128G7FN3HXJQ20BXCG4CNPG64,debt_stored,STX,7000000
9053676,zest-v1,SP3GSSCC9DBPFP97033XDSVHDX6TMQJ2DCN56P5HN,SP3GSSCC9DBPFP97033XDSVHDX6TMQJ2DCN56P5HN,collateral,stSTX,205836386
9053676,zest-v1,SP3GSSCC9DBPFP97033XDSVHDX6TMQJ2DCN56P5HN,SP3GSSCC9DBPFP97033XDSVHDX6TMQJ2DCN56P5HN,debt,STX,103622292
9053676,zest-v1,SP3GSSCC9DBPFP97033XDSVHDX6TMQJ2DCN56P5HN,SP3GSSCC9DBPFP97033XDSVHDX6TMQJ2DCN56P5HN,debt_stored,STX,88741116
9053676,zest-v1,SP3GZYDAT52VPQBAQVE6Z2KDHNG0X9RQR88JYFPS4,SP3GZYDAT52VPQBAQVE6Z2KDHNG0X9RQR88JYFPS4,collateral,STX,1113061
9053676,zest-v1,SP3GZYDAT52VPQBAQVE6Z2KDHNG0X9RQR88JYFPS4,SP3GZYDAT52VPQBAQVE6Z2KDHNG0X9RQR88JYFPS4,debt,aeUSDC,718955
9053676,zest-v1,SP3GZYDAT52VPQBAQVE6Z2KDHNG0X9RQR88JYFPS4,SP3GZYDAT52VPQBAQVE6Z2KDHNG0X9RQR88JYFPS4,debt_stored,aeUSDC,640873
9053676,zest-v1,SP3H16WEDNK57P0N518DK2WY9CWMJRMZRK6F995JV,SP3H16WEDNK57P0N518DK2WY9CWMJRMZRK6F995JV,collateral,STX,54702323
9053676,zest-v1,SP3H16WEDNK57P0N518DK2WY9CWMJRMZRK6F995JV,SP3H16WEDNK57P0N518DK2WY9CWMJRMZRK6F995JV,debt,STX,5865219
9053676,zest-v1,SP3H16WEDNK57P0N518DK2WY9CWMJRMZRK6F995JV,SP3H16WEDNK57P0N518DK2WY9CWMJRMZRK6F995JV,debt_stored,STX,5000000
9053676,zest-v1,SP3H17JCG9W1RP5H8Z09X8FJA3PF2WJ14STMSEVZ3,SP3H17JCG9W1RP5H8Z09X8FJA3PF2WJ14STMSEVZ3,collateral,STX,127355858
9053676,zest-v1,SP3H17JCG9W1RP5H8Z09X8FJA3PF2WJ14STMSEVZ3,SP3H17JCG9W1RP5H8Z09X8FJA3PF2WJ14STMSEVZ3,debt,stSTX,41882336
9053676,zest-v1,SP3H17JCG9W1RP5H8Z09X8FJA3PF2WJ14STMSEVZ3,SP3H17JCG9W1RP5H8Z09X8FJA3PF2WJ14STMSEVZ3,debt_stored,stSTX,40000000
9053676,zest-v1,SP3H5CRENA8TA1SSYEQ5TXS66AWR9FWH2YA5WJA7V,SP3H5CRENA8TA1SSYEQ5TXS66AWR9FWH2YA5WJA7V,collateral,stSTX,2471139337
9053676,zest-v1,SP3H5CRENA8TA1SSYEQ5TXS66AWR9FWH2YA5WJA7V,SP3H5CRENA8TA1SSYEQ5TXS66AWR9FWH2YA5WJA7V,debt,STX,1463548283
9053676,zest-v1,SP3H5CRENA8TA1SSYEQ5TXS66AWR9FWH2YA5WJA7V,SP3H5CRENA8TA1SSYEQ5TXS66AWR9FWH2YA5WJA7V,debt_stored,STX,1276724933
9053676,zest-v1,SP3H5XZ0042QKX5K5GQ7D481JN9348AFQ45FWCMSE,SP3H5XZ0042QKX5K5GQ7D481JN9348AFQ45FWCMSE,collateral,stSTX,148728624
9053676,zest-v1,SP3H5XZ0042QKX5K5GQ7D481JN9348AFQ45FWCMSE,SP3H5XZ0042QKX5K5GQ7D481JN9348AFQ45FWCMSE,debt,STX,71013165
9053676,zest-v1,SP3H5XZ0042QKX5K5GQ7D481JN9348AFQ45FWCMSE,SP3H5XZ0042QKX5K5GQ7D481JN9348AFQ45FWCMSE,debt_stored,STX,62774701
9053676,zest-v1,SP3H7QV2A6H1CBH7XV6CF3C9N1DABZ20Q7GRMR4G2,SP3H7QV2A6H1CBH7XV6CF3C9N1DABZ20Q7GRMR4G2,collateral,stSTX,1272
9053676,zest-v1,SP3H7QV2A6H1CBH7XV6CF3C9N1DABZ20Q7GRMR4G2,SP3H7QV2A6H1CBH7XV6CF3C9N1DABZ20Q7GRMR4G2,debt,stSTX,84
9053676,zest-v1,SP3H7QV2A6H1CBH7XV6CF3C9N1DABZ20Q7GRMR4G2,SP3H7QV2A6H1CBH7XV6CF3C9N1DABZ20Q7GRMR4G2,debt_stored,stSTX,81
9053676,zest-v1,SP3HCM6CG3EM4XK5EM65ZP9P9K5QHTY5X868SVAAJ,SP3HCM6CG3EM4XK5EM65ZP9P9K5QHTY5X868SVAAJ,collateral,stSTX,1806
9053676,zest-v1,SP3HCM6CG3EM4XK5EM65ZP9P9K5QHTY5X868SVAAJ,SP3HCM6CG3EM4XK5EM65ZP9P9K5QHTY5X868SVAAJ,debt,STX,123
9053676,zest-v1,SP3HCM6CG3EM4XK5EM65ZP9P9K5QHTY5X868SVAAJ,SP3HCM6CG3EM4XK5EM65ZP9P9K5QHTY5X868SVAAJ,debt_stored,STX,110
9053676,zest-v1,SP3HCTTV10YPAF98YJAC6S4TNYXJ2H9HXKCDEQT40,SP3HCTTV10YPAF98YJAC6S4TNYXJ2H9HXKCDEQT40,debt,STX,19963267098
9053676,zest-v1,SP3HCTTV10YPAF98YJAC6S4TNYXJ2H9HXKCDEQT40,SP3HCTTV10YPAF98YJAC6S4TNYXJ2H9HXKCDEQT40,debt_stored,STX,19860868038
9053676,zest-v1,SP3HEDDM8VJZXWMVG6DVZ8TTFDFXYXV5M3NR8NPM5,SP3HEDDM8VJZXWMVG6DVZ8TTFDFXYXV5M3NR8NPM5,collateral,stSTX,588533230
9053676,zest-v1,SP3HEDDM8VJZXWMVG6DVZ8TTFDFXYXV5M3NR8NPM5,SP3HEDDM8VJZXWMVG6DVZ8TTFDFXYXV5M3NR8NPM5,debt,STX,146934704
9053676,zest-v1,SP3HEDDM8VJZXWMVG6DVZ8TTFDFXYXV5M3NR8NPM5,SP3HEDDM8VJZXWMVG6DVZ8TTFDFXYXV5M3NR8NPM5,debt_stored,STX,124925570
9053676,zest-v1,SP3HH362D85VFQZQW242XJBD4NVWKNP0TF678RSNB,SP3HH362D85VFQZQW242XJBD4NVWKNP0TF678RSNB,collateral,stSTX,95169329
9053676,zest-v1,SP3HH362D85VFQZQW242XJBD4NVWKNP0TF678RSNB,SP3HH362D85VFQZQW242XJBD4NVWKNP0TF678RSNB,debt,STX,48959391
9053676,zest-v1,SP3HH362D85VFQZQW242XJBD4NVWKNP0TF678RSNB,SP3HH362D85VFQZQW242XJBD4NVWKNP0TF678RSNB,debt_stored,STX,41755045
9053676,zest-v1,SP3HK5H5FJ7H1E35Q2GQFXYGF6F4FEBTZMTZ9QT25,SP3HK5H5FJ7H1E35Q2GQFXYGF6F4FEBTZMTZ9QT25,collateral,stSTX,10479345
9053676,zest-v1,SP3HK5H5FJ7H1E35Q2GQFXYGF6F4FEBTZMTZ9QT25,SP3HK5H5FJ7H1E35Q2GQFXYGF6F4FEBTZMTZ9QT25,debt,aeUSDC,1245627
9053676,zest-v1,SP3HK5H5FJ7H1E35Q2GQFXYGF6F4FEBTZMTZ9QT25,SP3HK5H5FJ7H1E35Q2GQFXYGF6F4FEBTZMTZ9QT25,debt_stored,aeUSDC,1209872
9053676,zest-v1,SP3HKY6PZ4CGWHC7WZQJPT00HZ9QJ3R5MNBJHRFHF,SP3HKY6PZ4CGWHC7WZQJPT00HZ9QJ3R5MNBJHRFHF,collateral,sBTC,1
9053676,zest-v1,SP3HKY6PZ4CGWHC7WZQJPT00HZ9QJ3R5MNBJHRFHF,SP3HKY6PZ4CGWHC7WZQJPT00HZ9QJ3R5MNBJHRFHF,debt,aeUSDC,42
9053676,zest-v1,SP3HKY6PZ4CGWHC7WZQJPT00HZ9QJ3R5MNBJHRFHF,SP3HKY6PZ4CGWHC7WZQJPT00HZ9QJ3R5MNBJHRFHF,debt_stored,aeUSDC,39
9053676,zest-v1,SP3HQAMGTNJTTDWC45BW75Q45H9Q02A3P8DDEX80S,SP3HQAMGTNJTTDWC45BW75Q45H9Q02A3P8DDEX80S,collateral,STX,93576742
9053676,zest-v1,SP3HQAMGTNJTTDWC45BW75Q45H9Q02A3P8DDEX80S,SP3HQAMGTNJTTDWC45BW75Q45H9Q02A3P8DDEX80S,collateral,stSTX,208169701
9053676,zest-v1,SP3HQAMGTNJTTDWC45BW75Q45H9Q02A3P8DDEX80S,SP3HQAMGTNJTTDWC45BW75Q45H9Q02A3P8DDEX80S,debt,stSTX,94347495
9053676,zest-v1,SP3HQAMGTNJTTDWC45BW75Q45H9Q02A3P8DDEX80S,SP3HQAMGTNJTTDWC45BW75Q45H9Q02A3P8DDEX80S,debt_stored,stSTX,90000000
9053676,zest-v1,SP3J0GTQ7YH59P1CMJVBXHKZRKCAQVEJ8C6Z20NK2,SP3J0GTQ7YH59P1CMJVBXHKZRKCAQVEJ8C6Z20NK2,collateral,STX,5362253
9053676,zest-v1,SP3J0GTQ7YH59P1CMJVBXHKZRKCAQVEJ8C6Z20NK2,SP3J0GTQ7YH59P1CMJVBXHKZRKCAQVEJ8C6Z20NK2,debt,STX,1172474
9053676,zest-v1,SP3J0GTQ7YH59P1CMJVBXHKZRKCAQVEJ8C6Z20NK2,SP3J0GTQ7YH59P1CMJVBXHKZRKCAQVEJ8C6Z20NK2,debt_stored,STX,1000000
9053676,zest-v1,SP3J6MR8XGT88PWJ43KR5XG225ZC17K3R4XY5R7XC,SP3J6MR8XGT88PWJ43KR5XG225ZC17K3R4XY5R7XC,collateral,stSTX,63857950
9053676,zest-v1,SP3J6MR8XGT88PWJ43KR5XG225ZC17K3R4XY5R7XC,SP3J6MR8XGT88PWJ43KR5XG225ZC17K3R4XY5R7XC,debt,STX,29082075
9053676,zest-v1,SP3J6MR8XGT88PWJ43KR5XG225ZC17K3R4XY5R7XC,SP3J6MR8XGT88PWJ43KR5XG225ZC17K3R4XY5R7XC,debt_stored,STX,25000000
9053676,zest-v1,SP3J6S0DWWC83ERTDAYWDJF8CXSBBD714YVVMXJ7B,SP3J6S0DWWC83ERTDAYWDJF8CXSBBD714YVVMXJ7B,collateral,sBTC,1
9053676,zest-v1,SP3J6S0DWWC83ERTDAYWDJF8CXSBBD714YVVMXJ7B,SP3J6S0DWWC83ERTDAYWDJF8CXSBBD714YVVMXJ7B,debt,aeUSDC,776
9053676,zest-v1,SP3J6S0DWWC83ERTDAYWDJF8CXSBBD714YVVMXJ7B,SP3J6S0DWWC83ERTDAYWDJF8CXSBBD714YVVMXJ7B,debt_stored,aeUSDC,720
9053676,zest-v1,SP3J86ZDPVYJ50JXAXX5VQJ19VVDCCXCMDS0TT0GY,SP3J86ZDPVYJ50JXAXX5VQJ19VVDCCXCMDS0TT0GY,collateral,stSTX,22419927
9053676,zest-v1,SP3J86ZDPVYJ50JXAXX5VQJ19VVDCCXCMDS0TT0GY,SP3J86ZDPVYJ50JXAXX5VQJ19VVDCCXCMDS0TT0GY,debt,STX,13177741
9053676,zest-v1,SP3J86ZDPVYJ50JXAXX5VQJ19VVDCCXCMDS0TT0GY,SP3J86ZDPVYJ50JXAXX5VQJ19VVDCCXCMDS0TT0GY,debt_stored,STX,11504041
9053676,zest-v1,SP3JB7V457QQEH3MQWPCQ5F9ZYDKEPP9A1H4XNJBD,SP3JB7V457QQEH3MQWPCQ5F9ZYDKEPP9A1H4XNJBD,collateral,STX,1374937
9053676,zest-v1,SP3JB7V457QQEH3MQWPCQ5F9ZYDKEPP9A1H4XNJBD,SP3JB7V457QQEH3MQWPCQ5F9ZYDKEPP9A1H4XNJBD,collateral,aeUSDC,620860
9053676,zest-v1,SP3JB7V457QQEH3MQWPCQ5F9ZYDKEPP9A1H4XNJBD,SP3JB7V457QQEH3MQWPCQ5F9ZYDKEPP9A1H4XNJBD,collateral,stSTX,1001782
9053676,zest-v1,SP3JB7V457QQEH3MQWPCQ5F9ZYDKEPP9A1H4XNJBD,SP3JB7V457QQEH3MQWPCQ5F9ZYDKEPP9A1H4XNJBD,debt,aeUSDC,667431
9053676,zest-v1,SP3JB7V457QQEH3MQWPCQ5F9ZYDKEPP9A1H4XNJBD,SP3JB7V457QQEH3MQWPCQ5F9ZYDKEPP9A1H4XNJBD,debt_stored,aeUSDC,629305
9053676,zest-v1,SP3JC8QHJP32CYMNYS8Q5V7TZGCNP24S5RDHJR6A7,SP3JC8QHJP32CYMNYS8Q5V7TZGCNP24S5RDHJR6A7,collateral,stSTX,58945800
9053676,zest-v1,SP3JC8QHJP32CYMNYS8Q5V7TZGCNP24S5RDHJR6A7,SP3JC8QHJP32CYMNYS8Q5V7TZGCNP24S5RDHJR6A7,debt,STX,25585604
9053676,zest-v1,SP3JC8QHJP32CYMNYS8Q5V7TZGCNP24S5RDHJR6A7,SP3JC8QHJP32CYMNYS8Q5V7TZGCNP24S5RDHJR6A7,debt_stored,STX,22000000
9053676,zest-v1,SP3JCAF094F0PHA7S85XAYAZM5Z4GWM9VZQ6GTMGP,SP3JCAF094F0PHA7S85XAYAZM5Z4GWM9VZQ6GTMGP,collateral,sBTC,20862712
9053676,zest-v1,SP3JCAF094F0PHA7S85XAYAZM5Z4GWM9VZQ6GTMGP,SP3JCAF094F0PHA7S85XAYAZM5Z4GWM9VZQ6GTMGP,debt,USDH,744494593892
9053676,zest-v1,SP3JCAF094F0PHA7S85XAYAZM5Z4GWM9VZQ6GTMGP,SP3JCAF094F0PHA7S85XAYAZM5Z4GWM9VZQ6GTMGP,debt_stored,USDH,696419065636
9053676,zest-v1,SP3JDHC43B8RTMS1ZJATQBJEHJRZNPB8GPVR7Q7B0,SP3JDHC43B8RTMS1ZJATQBJEHJRZNPB8GPVR7Q7B0,collateral,stSTX,97731952
9053676,zest-v1,SP3JDHC43B8RTMS1ZJATQBJEHJRZNPB8GPVR7Q7B0,SP3JDHC43B8RTMS1ZJATQBJEHJRZNPB8GPVR7Q7B0,debt,aeUSDC,677
9053676,zest-v1,SP3JDHC43B8RTMS1ZJATQBJEHJRZNPB8GPVR7Q7B0,SP3JDHC43B8RTMS1ZJATQBJEHJRZNPB8GPVR7Q7B0,debt_stored,aeUSDC,517
9053676,zest-v1,SP3JDJMDBAXK1PMP4TJXZJ8HVYK09393QG2WKN8QV,SP3JDJMDBAXK1PMP4TJXZJ8HVYK09393QG2WKN8QV,collateral,stSTX,156198491
9053676,zest-v1,SP3JDJMDBAXK1PMP4TJXZJ8HVYK09393QG2WKN8QV,SP3JDJMDBAXK1PMP4TJXZJ8HVYK09393QG2WKN8QV,debt,STX,76948269
9053676,zest-v1,SP3JDJMDBAXK1PMP4TJXZJ8HVYK09393QG2WKN8QV,SP3JDJMDBAXK1PMP4TJXZJ8HVYK09393QG2WKN8QV,debt,stSTX,3
9053676,zest-v1,SP3JDJMDBAXK1PMP4TJXZJ8HVYK09393QG2WKN8QV,SP3JDJMDBAXK1PMP4TJXZJ8HVYK09393QG2WKN8QV,debt_stored,STX,68012612
9053676,zest-v1,SP3JDJMDBAXK1PMP4TJXZJ8HVYK09393QG2WKN8QV,SP3JDJMDBAXK1PMP4TJXZJ8HVYK09393QG2WKN8QV,debt_stored,stSTX,2
9053676,zest-v1,SP3JMAXAXY7MXDD24J686WFCVKYTNG8R8Q05PWRNR,SP3JMAXAXY7MXDD24J686WFCVKYTNG8R8Q05PWRNR,collateral,stSTX,188396006
9053676,zest-v1,SP3JMAXAXY7MXDD24J686WFCVKYTNG8R8Q05PWRNR,SP3JMAXAXY7MXDD24J686WFCVKYTNG8R8Q05PWRNR,debt,stSTX,91471759
9053676,zest-v1,SP3JMAXAXY7MXDD24J686WFCVKYTNG8R8Q05PWRNR,SP3JMAXAXY7MXDD24J686WFCVKYTNG8R8Q05PWRNR,debt_stored,stSTX,87669594
9053676,zest-v1,SP3JNACGEX37WW3GJM4SHZMZ04QMDRVHY63DC58HQ,SP3JNACGEX37WW3GJM4SHZMZ04QMDRVHY63DC58HQ,debt,sUSDT,4221
9053676,zest-v1,SP3JNACGEX37WW3GJM4SHZMZ04QMDRVHY63DC58HQ,SP3JNACGEX37WW3GJM4SHZMZ04QMDRVHY63DC58HQ,debt_stored,sUSDT,4220
9053676,zest-v1,SP3JQSWM0F9CZ26HMGWECJGA3TNXXR9DM50778VJD,SP3JQSWM0F9CZ26HMGWECJGA3TNXXR9DM50778VJD,debt,sUSDT,5842
9053676,zest-v1,SP3JQSWM0F9CZ26HMGWECJGA3TNXXR9DM50778VJD,SP3JQSWM0F9CZ26HMGWECJGA3TNXXR9DM50778VJD,debt_stored,sUSDT,5841
9053676,zest-v1,SP3JRK3SH37S23B95RM3N0DB3SRXYW9316FY1HHZ1,SP3JRK3SH37S23B95RM3N0DB3SRXYW9316FY1HHZ1,collateral,stSTX,30053472
9053676,zest-v1,SP3JRK3SH37S23B95RM3N0DB3SRXYW9316FY1HHZ1,SP3JRK3SH37S23B95RM3N0DB3SRXYW9316FY1HHZ1,debt,STX,2350243
9053676,zest-v1,SP3JRK3SH37S23B95RM3N0DB3SRXYW9316FY1HHZ1,SP3JRK3SH37S23B95RM3N0DB3SRXYW9316FY1HHZ1,debt_stored,STX,2000000
9053676,zest-v1,SP3JW7CH7K8B03P1G4YKZABRJ5KK1CN6DVMQYW0F7,SP3JW7CH7K8B03P1G4YKZABRJ5KK1CN6DVMQYW0F7,collateral,STX,2102554
9053676,zest-v1,SP3JW7CH7K8B03P1G4YKZABRJ5KK1CN6DVMQYW0F7,SP3JW7CH7K8B03P1G4YKZABRJ5KK1CN6DVMQYW0F7,debt,sUSDT,30019
9053676,zest-v1,SP3JW7CH7K8B03P1G4YKZABRJ5KK1CN6DVMQYW0F7,SP3JW7CH7K8B03P1G4YKZABRJ5KK1CN6DVMQYW0F7,debt_stored,sUSDT,30018
9053676,zest-v1,SP3JXVWNAYWQWK8XW0V5B3DMGZK709805K9M1RFZ8,SP3JXVWNAYWQWK8XW0V5B3DMGZK709805K9M1RFZ8,collateral,STX,63
9053676,zest-v1,SP3JXVWNAYWQWK8XW0V5B3DMGZK709805K9M1RFZ8,SP3JXVWNAYWQWK8XW0V5B3DMGZK709805K9M1RFZ8,debt,STX,4
9053676,zest-v1,SP3JXVWNAYWQWK8XW0V5B3DMGZK709805K9M1RFZ8,SP3JXVWNAYWQWK8XW0V5B3DMGZK709805K9M1RFZ8,debt_stored,STX,3
9053676,zest-v1,SP3K0EE25S57TK269WJDYX9ZBEY763RFBX47TA69W,SP3K0EE25S57TK269WJDYX9ZBEY763RFBX47TA69W,collateral,stSTX,8769488
9053676,zest-v1,SP3K0EE25S57TK269WJDYX9ZBEY763RFBX47TA69W,SP3K0EE25S57TK269WJDYX9ZBEY763RFBX47TA69W,debt,STX,23
9053676,zest-v1,SP3K0EE25S57TK269WJDYX9ZBEY763RFBX47TA69W,SP3K0EE25S57TK269WJDYX9ZBEY763RFBX47TA69W,debt,aeUSDC,1937956
9053676,zest-v1,SP3K0EE25S57TK269WJDYX9ZBEY763RFBX47TA69W,SP3K0EE25S57TK269WJDYX9ZBEY763RFBX47TA69W,debt_stored,STX,21
9053676,zest-v1,SP3K0EE25S57TK269WJDYX9ZBEY763RFBX47TA69W,SP3K0EE25S57TK269WJDYX9ZBEY763RFBX47TA69W,debt_stored,aeUSDC,1819475
9053676,zest-v1,SP3K1T00MGGNNY1JW9K0Q6RV022B1FYK1WRKYP1R4,SP3K1T00MGGNNY1JW9K0Q6RV022B1FYK1WRKYP1R4,collateral,stSTXbtc,313315
9053676,zest-v1,SP3K1T00MGGNNY1JW9K0Q6RV022B1FYK1WRKYP1R4,SP3K1T00MGGNNY1JW9K0Q6RV022B1FYK1WRKYP1R4,debt,USDH,10887416
9053676,zest-v1,SP3K1T00MGGNNY1JW9K0Q6RV022B1FYK1WRKYP1R4,SP3K1T00MGGNNY1JW9K0Q6RV022B1FYK1WRKYP1R4,debt_stored,USDH,9790933
9053676,zest-v1,SP3K47Y6STKES195TV262H8ZKCFXB5DWF71MCWSDB,SP3K47Y6STKES195TV262H8ZKCFXB5DWF71MCWSDB,collateral,stSTX,867126
9053676,zest-v1,SP3K47Y6STKES195TV262H8ZKCFXB5DWF71MCWSDB,SP3K47Y6STKES195TV262H8ZKCFXB5DWF71MCWSDB,debt,aeUSDC,479530
9053676,zest-v1,SP3K47Y6STKES195TV262H8ZKCFXB5DWF71MCWSDB,SP3K47Y6STKES195TV262H8ZKCFXB5DWF71MCWSDB,debt_stored,aeUSDC,438697
9053676,zest-v1,SP3K98C5NCH84A0ZPN112C0VJQ4QYC5MQ0Q575YA0,SP3K98C5NCH84A0ZPN112C0VJQ4QYC5MQ0Q575YA0,collateral,stSTX,1281497952
9053676,zest-v1,SP3K98C5NCH84A0ZPN112C0VJQ4QYC5MQ0Q575YA0,SP3K98C5NCH84A0ZPN112C0VJQ4QYC5MQ0Q575YA0,debt,aeUSDC,117826581
9053676,zest-v1,SP3K98C5NCH84A0ZPN112C0VJQ4QYC5MQ0Q575YA0,SP3K98C5NCH84A0ZPN112C0VJQ4QYC5MQ0Q575YA0,debt_stored,aeUSDC,107843500
9053676,zest-v1,SP3KBQKWQXAH2S86EZZ48TDQM1WTSK7PNV5JMZDA,SP3KBQKWQXAH2S86EZZ48TDQM1WTSK7PNV5JMZDA,debt,USDH,2826669
9053676,zest-v1,SP3KBQKWQXAH2S86EZZ48TDQM1WTSK7PNV5JMZDA,SP3KBQKWQXAH2S86EZZ48TDQM1WTSK7PNV5JMZDA,debt,aeUSDC,20031
9053676,zest-v1,SP3KBQKWQXAH2S86EZZ48TDQM1WTSK7PNV5JMZDA,SP3KBQKWQXAH2S86EZZ48TDQM1WTSK7PNV5JMZDA,debt,stSTX,178
9053676,zest-v1,SP3KBQKWQXAH2S86EZZ48TDQM1WTSK7PNV5JMZDA,SP3KBQKWQXAH2S86EZZ48TDQM1WTSK7PNV5JMZDA,debt_stored,USDH,2519152
9053676,zest-v1,SP3KBQKWQXAH2S86EZZ48TDQM1WTSK7PNV5JMZDA,SP3KBQKWQXAH2S86EZZ48TDQM1WTSK7PNV5JMZDA,debt_stored,aeUSDC,17829
9053676,zest-v1,SP3KBQKWQXAH2S86EZZ48TDQM1WTSK7PNV5JMZDA,SP3KBQKWQXAH2S86EZZ48TDQM1WTSK7PNV5JMZDA,debt_stored,stSTX,171
9053676,zest-v1,SP3KEG8TZPBTVREA01VHNPX9D041H1J7H84S2363W,SP3KEG8TZPBTVREA01VHNPX9D041H1J7H84S2363W,collateral,stSTX,127953403
9053676,zest-v1,SP3KEG8TZPBTVREA01VHNPX9D041H1J7H84S2363W,SP3KEG8TZPBTVREA01VHNPX9D041H1J7H84S2363W,debt,stSTX,44478158
9053676,zest-v1,SP3KEG8TZPBTVREA01VHNPX9D041H1J7H84S2363W,SP3KEG8TZPBTVREA01VHNPX9D041H1J7H84S2363W,debt_stored,stSTX,42433244
9053676,zest-v1,SP3KFMTFS3W0A5VE3H3JTCK6GT9SKFKB59W2DQ6Q0,SP3KFMTFS3W0A5VE3H3JTCK6GT9SKFKB59W2DQ6Q0,collateral,stSTX,438994437
9053676,zest-v1,SP3KFMTFS3W0A5VE3H3JTCK6GT9SKFKB59W2DQ6Q0,SP3KFMTFS3W0A5VE3H3JTCK6GT9SKFKB59W2DQ6Q0,debt,STX,103197091
9053676,zest-v1,SP3KFMTFS3W0A5VE3H3JTCK6GT9SKFKB59W2DQ6Q0,SP3KFMTFS3W0A5VE3H3JTCK6GT9SKFKB59W2DQ6Q0,debt_stored,STX,90000000
9053676,zest-v1,SP3KMGHQ0AZY23G1RABGD8VT0BY8P2C91J604AA8G,SP3KMGHQ0AZY23G1RABGD8VT0BY8P2C91J604AA8G,collateral,stSTX,50089121
9053676,zest-v1,SP3KMGHQ0AZY23G1RABGD8VT0BY8P2C91J604AA8G,SP3KMGHQ0AZY23G1RABGD8VT0BY8P2C91J604AA8G,debt,STX,23701417
9053676,zest-v1,SP3KMGHQ0AZY23G1RABGD8VT0BY8P2C91J604AA8G,SP3KMGHQ0AZY23G1RABGD8VT0BY8P2C91J604AA8G,debt_stored,STX,20000000
9053676,zest-v1,SP3KQB7CZXS0JS3XV160W16Y8PTQ9YWR3M950FPN4,SP3KQB7CZXS0JS3XV160W16Y8PTQ9YWR3M950FPN4,collateral,STX,3084647
9053676,zest-v1,SP3KQB7CZXS0JS3XV160W16Y8PTQ9YWR3M950FPN4,SP3KQB7CZXS0JS3XV160W16Y8PTQ9YWR3M950FPN4,debt,aeUSDC,673790
9053676,zest-v1,SP3KQB7CZXS0JS3XV160W16Y8PTQ9YWR3M950FPN4,SP3KQB7CZXS0JS3XV160W16Y8PTQ9YWR3M950FPN4,debt_stored,aeUSDC,635586
9053676,zest-v1,SP3KRJTWQ83KV8GNFXQVKZY8Q594SQ6AKSAVP5Y0S,SP3KRJTWQ83KV8GNFXQVKZY8Q594SQ6AKSAVP5Y0S,collateral,stSTX,14681817
9053676,zest-v1,SP3KRJTWQ83KV8GNFXQVKZY8Q594SQ6AKSAVP5Y0S,SP3KRJTWQ83KV8GNFXQVKZY8Q594SQ6AKSAVP5Y0S,debt,STX,7055724
9053676,zest-v1,SP3KRJTWQ83KV8GNFXQVKZY8Q594SQ6AKSAVP5Y0S,SP3KRJTWQ83KV8GNFXQVKZY8Q594SQ6AKSAVP5Y0S,debt_stored,STX,6000000
9053676,zest-v1,SP3KSKWPGS0PYQ8VA027V5EDFJSDG5GG91QTNFDHV,SP3KSKWPGS0PYQ8VA027V5EDFJSDG5GG91QTNFDHV,collateral,STX,766783
9053676,zest-v1,SP3KSKWPGS0PYQ8VA027V5EDFJSDG5GG91QTNFDHV,SP3KSKWPGS0PYQ8VA027V5EDFJSDG5GG91QTNFDHV,debt,STX,134847
9053676,zest-v1,SP3KSKWPGS0PYQ8VA027V5EDFJSDG5GG91QTNFDHV,SP3KSKWPGS0PYQ8VA027V5EDFJSDG5GG91QTNFDHV,debt_stored,STX,120000
9053676,zest-v1,SP3KTNQFHQ4N5DH40F1164TGYMX3QG2N8NA5VKN4X,SP3KTNQFHQ4N5DH40F1164TGYMX3QG2N8NA5VKN4X,collateral,stSTX,1825
9053676,zest-v1,SP3KTNQFHQ4N5DH40F1164TGYMX3QG2N8NA5VKN4X,SP3KTNQFHQ4N5DH40F1164TGYMX3QG2N8NA5VKN4X,debt,aeUSDC,1389
9053676,zest-v1,SP3KTNQFHQ4N5DH40F1164TGYMX3QG2N8NA5VKN4X,SP3KTNQFHQ4N5DH40F1164TGYMX3QG2N8NA5VKN4X,debt_stored,aeUSDC,1162
9053676,zest-v1,SP3KZYTDJDYSXKRZHX4397FMK6B3BQ9WDJ4HYKTKW,SP3KZYTDJDYSXKRZHX4397FMK6B3BQ9WDJ4HYKTKW,collateral,stSTX,93330846
9053676,zest-v1,SP3KZYTDJDYSXKRZHX4397FMK6B3BQ9WDJ4HYKTKW,SP3KZYTDJDYSXKRZHX4397FMK6B3BQ9WDJ4HYKTKW,debt,stSTX,24108813
9053676,zest-v1,SP3KZYTDJDYSXKRZHX4397FMK6B3BQ9WDJ4HYKTKW,SP3KZYTDJDYSXKRZHX4397FMK6B3BQ9WDJ4HYKTKW,debt_stored,stSTX,23000000
9053676,zest-v1,SP3M0NE6YNKAM8MJZTB58RF2HFW4D91ZW4HKJ4JMM,SP3M0NE6YNKAM8MJZTB58RF2HFW4D91ZW4HKJ4JMM,collateral,STX,136551
9053676,zest-v1,SP3M0NE6YNKAM8MJZTB58RF2HFW4D91ZW4HKJ4JMM,SP3M0NE6YNKAM8MJZTB58RF2HFW4D91ZW4HKJ4JMM,debt,STX,15730
9053676,zest-v1,SP3M0NE6YNKAM8MJZTB58RF2HFW4D91ZW4HKJ4JMM,SP3M0NE6YNKAM8MJZTB58RF2HFW4D91ZW4HKJ4JMM,debt_stored,STX,14000
9053676,zest-v1,SP3M1H9S2YMCXP7A2K25PPF8J4EFJ1DWBRWYA7SB9,SP3M1H9S2YMCXP7A2K25PPF8J4EFJ1DWBRWYA7SB9,collateral,stSTX,36749855
9053676,zest-v1,SP3M1H9S2YMCXP7A2K25PPF8J4EFJ1DWBRWYA7SB9,SP3M1H9S2YMCXP7A2K25PPF8J4EFJ1DWBRWYA7SB9,collateral,stSTXbtc,45180745
9053676,zest-v1,SP3M1H9S2YMCXP7A2K25PPF8J4EFJ1DWBRWYA7SB9,SP3M1H9S2YMCXP7A2K25PPF8J4EFJ1DWBRWYA7SB9,debt,STX,19707951
9053676,zest-v1,SP3M1H9S2YMCXP7A2K25PPF8J4EFJ1DWBRWYA7SB9,SP3M1H9S2YMCXP7A2K25PPF8J4EFJ1DWBRWYA7SB9,debt_stored,STX,18208461
9053676,zest-v1,SP3M87BY9G9AZ90D97V0B25F5JRWRXTWHHNERGX2Z,SP3M87BY9G9AZ90D97V0B25F5JRWRXTWHHNERGX2Z,collateral,stSTX,2003563
9053676,zest-v1,SP3M87BY9G9AZ90D97V0B25F5JRWRXTWHHNERGX2Z,SP3M87BY9G9AZ90D97V0B25F5JRWRXTWHHNERGX2Z,debt,STX,598252
9053676,zest-v1,SP3M87BY9G9AZ90D97V0B25F5JRWRXTWHHNERGX2Z,SP3M87BY9G9AZ90D97V0B25F5JRWRXTWHHNERGX2Z,debt_stored,STX,510000
9053676,zest-v1,SP3M8RMMY5DRJ26D15KVMAGPY3J29TWKCF51XZYR5,SP3M8RMMY5DRJ26D15KVMAGPY3J29TWKCF51XZYR5,collateral,sBTC,4412
9053676,zest-v1,SP3M8RMMY5DRJ26D15KVMAGPY3J29TWKCF51XZYR5,SP3M8RMMY5DRJ26D15KVMAGPY3J29TWKCF51XZYR5,collateral,stSTX,4659824
9053676,zest-v1,SP3M8RMMY5DRJ26D15KVMAGPY3J29TWKCF51XZYR5,SP3M8RMMY5DRJ26D15KVMAGPY3J29TWKCF51XZYR5,collateral,stSTXbtc,173000000
9053676,zest-v1,SP3M8RMMY5DRJ26D15KVMAGPY3J29TWKCF51XZYR5,SP3M8RMMY5DRJ26D15KVMAGPY3J29TWKCF51XZYR5,debt,aeUSDC,522431
9053676,zest-v1,SP3M8RMMY5DRJ26D15KVMAGPY3J29TWKCF51XZYR5,SP3M8RMMY5DRJ26D15KVMAGPY3J29TWKCF51XZYR5,debt_stored,aeUSDC,514103
9053676,zest-v1,SP3M9H338NVTBDYZD4KKWK67AR87ATZ3F9PQ0BH9T,SP3M9H338NVTBDYZD4KKWK67AR87ATZ3F9PQ0BH9T,collateral,STX,3614123
9053676,zest-v1,SP3M9H338NVTBDYZD4KKWK67AR87ATZ3F9PQ0BH9T,SP3M9H338NVTBDYZD4KKWK67AR87ATZ3F9PQ0BH9T,collateral,stSTX,1638859
9053676,zest-v1,SP3M9H338NVTBDYZD4KKWK67AR87ATZ3F9PQ0BH9T,SP3M9H338NVTBDYZD4KKWK67AR87ATZ3F9PQ0BH9T,debt,stSTX,1715280
9053676,zest-v1,SP3M9H338NVTBDYZD4KKWK67AR87ATZ3F9PQ0BH9T,SP3M9H338NVTBDYZD4KKWK67AR87ATZ3F9PQ0BH9T,debt_stored,stSTX,1635946
9053676,zest-v1,SP3MB3CSNMK68HYW60KVX9MB4QBKNMSZHYNGNPCCR,SP3MB3CSNMK68HYW60KVX9MB4QBKNMSZHYNGNPCCR,collateral,stSTX,50088955
9053676,zest-v1,SP3MB3CSNMK68HYW60KVX9MB4QBKNMSZHYNGNPCCR,SP3MB3CSNMK68HYW60KVX9MB4QBKNMSZHYNGNPCCR,debt,STX,11658788
9053676,zest-v1,SP3MB3CSNMK68HYW60KVX9MB4QBKNMSZHYNGNPCCR,SP3MB3CSNMK68HYW60KVX9MB4QBKNMSZHYNGNPCCR,debt_stored,STX,10000000
9053676,zest-v1,SP3MH2RDK5JT5PTC47M8BXHSSGS781NMH94JE0D35,SP3MH2RDK5JT5PTC47M8BXHSSGS781NMH94JE0D35,collateral,stSTX,694
9053676,zest-v1,SP3MH2RDK5JT5PTC47M8BXHSSGS781NMH94JE0D35,SP3MH2RDK5JT5PTC47M8BXHSSGS781NMH94JE0D35,debt,aeUSDC,8
9053676,zest-v1,SP3MH2RDK5JT5PTC47M8BXHSSGS781NMH94JE0D35,SP3MH2RDK5JT5PTC47M8BXHSSGS781NMH94JE0D35,debt_stored,aeUSDC,7
9053676,zest-v1,SP3MK3F24FR93SC4SPDCGA75BHJ9VK9VJDZ3QF9DN,SP3MK3F24FR93SC4SPDCGA75BHJ9VK9VJDZ3QF9DN,collateral,stSTX,5008895
9053676,zest-v1,SP3MK3F24FR93SC4SPDCGA75BHJ9VK9VJDZ3QF9DN,SP3MK3F24FR93SC4SPDCGA75BHJ9VK9VJDZ3QF9DN,debt,STX,1165880
9053676,zest-v1,SP3MK3F24FR93SC4SPDCGA75BHJ9VK9VJDZ3QF9DN,SP3MK3F24FR93SC4SPDCGA75BHJ9VK9VJDZ3QF9DN,debt_stored,STX,1000000
9053676,zest-v1,SP3MMD4F9KAYJA8TYREJA44ZT9XH9FHQ33F3957J4,SP3MMD4F9KAYJA8TYREJA44ZT9XH9FHQ33F3957J4,collateral,STX,682753
9053676,zest-v1,SP3MMD4F9KAYJA8TYREJA44ZT9XH9FHQ33F3957J4,SP3MMD4F9KAYJA8TYREJA44ZT9XH9FHQ33F3957J4,debt,STX,1573
9053676,zest-v1,SP3MMD4F9KAYJA8TYREJA44ZT9XH9FHQ33F3957J4,SP3MMD4F9KAYJA8TYREJA44ZT9XH9FHQ33F3957J4,debt_stored,STX,1400
9053676,zest-v1,SP3MQVXN5ANM9XJMX9VTYSM78P3J8WE8GR52JJ5CH,SP3MQVXN5ANM9XJMX9VTYSM78P3J8WE8GR52JJ5CH,collateral,stSTX,5273855
9053676,zest-v1,SP3MQVXN5ANM9XJMX9VTYSM78P3J8WE8GR52JJ5CH,SP3MQVXN5ANM9XJMX9VTYSM78P3J8WE8GR52JJ5CH,debt,STX,3516036
9053676,zest-v1,SP3MQVXN5ANM9XJMX9VTYSM78P3J8WE8GR52JJ5CH,SP3MQVXN5ANM9XJMX9VTYSM78P3J8WE8GR52JJ5CH,debt_stored,STX,3514366
9053676,zest-v1,SP3MQXSR0HXPBVAM36JWVQGEG0WBNSF9AA3K4K8C8,SP3MQXSR0HXPBVAM36JWVQGEG0WBNSF9AA3K4K8C8,collateral,stSTX,587983888
9053676,zest-v1,SP3MQXSR0HXPBVAM36JWVQGEG0WBNSF9AA3K4K8C8,SP3MQXSR0HXPBVAM36JWVQGEG0WBNSF9AA3K4K8C8,debt,STX,152452860
9053676,zest-v1,SP3MQXSR0HXPBVAM36JWVQGEG0WBNSF9AA3K4K8C8,SP3MQXSR0HXPBVAM36JWVQGEG0WBNSF9AA3K4K8C8,debt_stored,STX,130000000
9053676,zest-v1,SP3MVC83VYYSWXEAQN52MHQSMCV55W1RVQB8EDSDH,SP3MVC83VYYSWXEAQN52MHQSMCV55W1RVQB8EDSDH,collateral,stSTX,818
9053676,zest-v1,SP3MVC83VYYSWXEAQN52MHQSMCV55W1RVQB8EDSDH,SP3MVC83VYYSWXEAQN52MHQSMCV55W1RVQB8EDSDH,debt,stSTX,9
9053676,zest-v1,SP3MVC83VYYSWXEAQN52MHQSMCV55W1RVQB8EDSDH,SP3MVC83VYYSWXEAQN52MHQSMCV55W1RVQB8EDSDH,debt_stored,stSTX,8
9053676,zest-v1,SP3MW06HRS97J7GKBH2D7NKD5E1ZG6SV4CGK9TT0W,SP3MW06HRS97J7GKBH2D7NKD5E1ZG6SV4CGK9TT0W,collateral,stSTX,12596761
9053676,zest-v1,SP3MW06HRS97J7GKBH2D7NKD5E1ZG6SV4CGK9TT0W,SP3MW06HRS97J7GKBH2D7NKD5E1ZG6SV4CGK9TT0W,debt,USDH,169826343
9053676,zest-v1,SP3MW06HRS97J7GKBH2D7NKD5E1ZG6SV4CGK9TT0W,SP3MW06HRS97J7GKBH2D7NKD5E1ZG6SV4CGK9TT0W,debt_stored,USDH,164668842
9053676,zest-v1,SP3MWH3AN1TH7JE1512W5QHJDNVK431W4PRZYXSF9,SP3MWH3AN1TH7JE1512W5QHJDNVK431W4PRZYXSF9,collateral,stSTX,1001779
9053676,zest-v1,SP3MWH3AN1TH7JE1512W5QHJDNVK431W4PRZYXSF9,SP3MWH3AN1TH7JE1512W5QHJDNVK431W4PRZYXSF9,debt,STX,233174
9053676,zest-v1,SP3MWH3AN1TH7JE1512W5QHJDNVK431W4PRZYXSF9,SP3MWH3AN1TH7JE1512W5QHJDNVK431W4PRZYXSF9,debt_stored,STX,200000
9053676,zest-v1,SP3MWVV1MC6XG0KB0YDBP2MF8FFTNBP6762Z6VRBW,SP3MWVV1MC6XG0KB0YDBP2MF8FFTNBP6762Z6VRBW,collateral,stSTX,14541149
9053676,zest-v1,SP3MWVV1MC6XG0KB0YDBP2MF8FFTNBP6762Z6VRBW,SP3MWVV1MC6XG0KB0YDBP2MF8FFTNBP6762Z6VRBW,debt,aeUSDC,1288828
9053676,zest-v1,SP3MWVV1MC6XG0KB0YDBP2MF8FFTNBP6762Z6VRBW,SP3MWVV1MC6XG0KB0YDBP2MF8FFTNBP6762Z6VRBW,debt_stored,aeUSDC,1274009
9053676,zest-v1,SP3MYPXMX0B0R3TT6FA54NBRQGTHBESA98M7603XC,SP3MYPXMX0B0R3TT6FA54NBRQGTHBESA98M7603XC,collateral,stSTX,116280
9053676,zest-v1,SP3MYPXMX0B0R3TT6FA54NBRQGTHBESA98M7603XC,SP3MYPXMX0B0R3TT6FA54NBRQGTHBESA98M7603XC,debt,STX,66822
9053676,zest-v1,SP3MYPXMX0B0R3TT6FA54NBRQGTHBESA98M7603XC,SP3MYPXMX0B0R3TT6FA54NBRQGTHBESA98M7603XC,debt,aeUSDC,3441
9053676,zest-v1,SP3MYPXMX0B0R3TT6FA54NBRQGTHBESA98M7603XC,SP3MYPXMX0B0R3TT6FA54NBRQGTHBESA98M7603XC,debt_stored,STX,58883
9053676,zest-v1,SP3MYPXMX0B0R3TT6FA54NBRQGTHBESA98M7603XC,SP3MYPXMX0B0R3TT6FA54NBRQGTHBESA98M7603XC,debt_stored,aeUSDC,2612
9053676,zest-v1,SP3N2RARPZ4FZP7JHJTXF30NAHQ0T9EYG4QZG4DJ5,SP3N2RARPZ4FZP7JHJTXF30NAHQ0T9EYG4QZG4DJ5,collateral,STX,30061660
9053676,zest-v1,SP3N2RARPZ4FZP7JHJTXF30NAHQ0T9EYG4QZG4DJ5,SP3N2RARPZ4FZP7JHJTXF30NAHQ0T9EYG4QZG4DJ5,collateral,USDH,615627426
9053676,zest-v1,SP3N2RARPZ4FZP7JHJTXF30NAHQ0T9EYG4QZG4DJ5,SP3N2RARPZ4FZP7JHJTXF30NAHQ0T9EYG4QZG4DJ5,collateral,sBTC,16865
9053676,zest-v1,SP3N2RARPZ4FZP7JHJTXF30NAHQ0T9EYG4QZG4DJ5,SP3N2RARPZ4FZP7JHJTXF30NAHQ0T9EYG4QZG4DJ5,collateral,stSTX,20867765
9053676,zest-v1,SP3N2RARPZ4FZP7JHJTXF30NAHQ0T9EYG4QZG4DJ5,SP3N2RARPZ4FZP7JHJTXF30NAHQ0T9EYG4QZG4DJ5,collateral,stSTXbtc,23845774
9053676,zest-v1,SP3N2RARPZ4FZP7JHJTXF30NAHQ0T9EYG4QZG4DJ5,SP3N2RARPZ4FZP7JHJTXF30NAHQ0T9EYG4QZG4DJ5,debt,USDH,138749884
9053676,zest-v1,SP3N2RARPZ4FZP7JHJTXF30NAHQ0T9EYG4QZG4DJ5,SP3N2RARPZ4FZP7JHJTXF30NAHQ0T9EYG4QZG4DJ5,debt,aeUSDC,1544637
9053676,zest-v1,SP3N2RARPZ4FZP7JHJTXF30NAHQ0T9EYG4QZG4DJ5,SP3N2RARPZ4FZP7JHJTXF30NAHQ0T9EYG4QZG4DJ5,debt,stSTX,2
9053676,zest-v1,SP3N2RARPZ4FZP7JHJTXF30NAHQ0T9EYG4QZG4DJ5,SP3N2RARPZ4FZP7JHJTXF30NAHQ0T9EYG4QZG4DJ5,debt_stored,USDH,129788875
9053676,zest-v1,SP3N2RARPZ4FZP7JHJTXF30NAHQ0T9EYG4QZG4DJ5,SP3N2RARPZ4FZP7JHJTXF30NAHQ0T9EYG4QZG4DJ5,debt_stored,aeUSDC,1446552
9053676,zest-v1,SP3N2RARPZ4FZP7JHJTXF30NAHQ0T9EYG4QZG4DJ5,SP3N2RARPZ4FZP7JHJTXF30NAHQ0T9EYG4QZG4DJ5,debt_stored,stSTX,1
9053676,zest-v1,SP3N3W86G5RGMFPW8ZE6SJJ18NYY92R54D1YT01X5,SP3N3W86G5RGMFPW8ZE6SJJ18NYY92R54D1YT01X5,collateral,stSTX,128801720
9053676,zest-v1,SP3N3W86G5RGMFPW8ZE6SJJ18NYY92R54D1YT01X5,SP3N3W86G5RGMFPW8ZE6SJJ18NYY92R54D1YT01X5,debt,STX,58118722
9053676,zest-v1,SP3N3W86G5RGMFPW8ZE6SJJ18NYY92R54D1YT01X5,SP3N3W86G5RGMFPW8ZE6SJJ18NYY92R54D1YT01X5,debt,stSTX,3
9053676,zest-v1,SP3N3W86G5RGMFPW8ZE6SJJ18NYY92R54D1YT01X5,SP3N3W86G5RGMFPW8ZE6SJJ18NYY92R54D1YT01X5,debt_stored,STX,51366428
9053676,zest-v1,SP3N3W86G5RGMFPW8ZE6SJJ18NYY92R54D1YT01X5,SP3N3W86G5RGMFPW8ZE6SJJ18NYY92R54D1YT01X5,debt_stored,stSTX,2
9053676,zest-v1,SP3N4K1X8MTBF86E4ZBCXXEJNRTKASBXJK7009QTQ,SP3N4K1X8MTBF86E4ZBCXXEJNRTKASBXJK7009QTQ,collateral,stSTX,2947466
9053676,zest-v1,SP3N4K1X8MTBF86E4ZBCXXEJNRTKASBXJK7009QTQ,SP3N4K1X8MTBF86E4ZBCXXEJNRTKASBXJK7009QTQ,debt,stSTX,1538511
9053676,zest-v1,SP3N4K1X8MTBF86E4ZBCXXEJNRTKASBXJK7009QTQ,SP3N4K1X8MTBF86E4ZBCXXEJNRTKASBXJK7009QTQ,debt_stored,stSTX,1470452
9053676,zest-v1,SP3NJMJXWZ4W1CQGVKFEX01KRQ0145B4J2XXVZTG7,SP3NJMJXWZ4W1CQGVKFEX01KRQ0145B4J2XXVZTG7,collateral,stSTX,180305328
9053676,zest-v1,SP3NJMJXWZ4W1CQGVKFEX01KRQ0145B4J2XXVZTG7,SP3NJMJXWZ4W1CQGVKFEX01KRQ0145B4J2XXVZTG7,debt,STX,77123287
9053676,zest-v1,SP3NJMJXWZ4W1CQGVKFEX01KRQ0145B4J2XXVZTG7,SP3NJMJXWZ4W1CQGVKFEX01KRQ0145B4J2XXVZTG7,debt_stored,STX,70202435
9053676,zest-v1,SP3NNTSWS5DPF9P1AND76KH0MK9MXF51N6EDTSJ1K,SP3NNTSWS5DPF9P1AND76KH0MK9MXF51N6EDTSJ1K,collateral,stSTX,104903798
9053676,zest-v1,SP3NNTSWS5DPF9P1AND76KH0MK9MXF51N6EDTSJ1K,SP3NNTSWS5DPF9P1AND76KH0MK9MXF51N6EDTSJ1K,debt,stSTX,24139134
9053676,zest-v1,SP3NNTSWS5DPF9P1AND76KH0MK9MXF51N6EDTSJ1K,SP3NNTSWS5DPF9P1AND76KH0MK9MXF51N6EDTSJ1K,debt_stored,stSTX,23024551
9053676,zest-v1,SP3NQHT65SRWDBVWBVFYD2GGHJ5QZZH1Q73FH3F96,SP3NQHT65SRWDBVWBVFYD2GGHJ5QZZH1Q73FH3F96,collateral,stSTX,219734044
9053676,zest-v1,SP3NQHT65SRWDBVWBVFYD2GGHJ5QZZH1Q73FH3F96,SP3NQHT65SRWDBVWBVFYD2GGHJ5QZZH1Q73FH3F96,debt,stSTX,114490677
9053676,zest-v1,SP3NQHT65SRWDBVWBVFYD2GGHJ5QZZH1Q73FH3F96,SP3NQHT65SRWDBVWBVFYD2GGHJ5QZZH1Q73FH3F96,debt_stored,stSTX,109643185
9053676,zest-v1,SP3NW880NAT0N9K35Y0Y3MKE3F3HGKAS2AN2BF697,SP3NW880NAT0N9K35Y0Y3MKE3F3HGKAS2AN2BF697,collateral,stSTX,3799217
9053676,zest-v1,SP3NW880NAT0N9K35Y0Y3MKE3F3HGKAS2AN2BF697,SP3NW880NAT0N9K35Y0Y3MKE3F3HGKAS2AN2BF697,debt,aeUSDC,1030846
9053676,zest-v1,SP3NW880NAT0N9K35Y0Y3MKE3F3HGKAS2AN2BF697,SP3NW880NAT0N9K35Y0Y3MKE3F3HGKAS2AN2BF697,debt_stored,aeUSDC,971855
9053676,zest-v1,SP3NX1CCN7QVX5ASWPRXK3RN3Q2W10KDXEDE61XF7,SP3NX1CCN7QVX5ASWPRXK3RN3Q2W10KDXEDE61XF7,collateral,stSTX,724951738
9053676,zest-v1,SP3NX1CCN7QVX5ASWPRXK3RN3Q2W10KDXEDE61XF7,SP3NX1CCN7QVX5ASWPRXK3RN3Q2W10KDXEDE61XF7,debt,STX,429797708
9053676,zest-v1,SP3NX1CCN7QVX5ASWPRXK3RN3Q2W10KDXEDE61XF7,SP3NX1CCN7QVX5ASWPRXK3RN3Q2W10KDXEDE61XF7,debt_stored,STX,369631655
9053676,zest-v1,SP3NYA0QV0QF333437ZERVRH9T0XQ24JM81K36YC4,SP3NYA0QV0QF333437ZERVRH9T0XQ24JM81K36YC4,collateral,stSTX,479
9053676,zest-v1,SP3NYA0QV0QF333437ZERVRH9T0XQ24JM81K36YC4,SP3NYA0QV0QF333437ZERVRH9T0XQ24JM81K36YC4,debt,stSTX,12
9053676,zest-v1,SP3NYA0QV0QF333437ZERVRH9T0XQ24JM81K36YC4,SP3NYA0QV0QF333437ZERVRH9T0XQ24JM81K36YC4,debt_stored,stSTX,11
9053676,zest-v1,SP3P1P13G798Q3JQW753QMR5DRN2SWGXRT7GEZKXX,SP3P1P13G798Q3JQW753QMR5DRN2SWGXRT7GEZKXX,collateral,stSTX,131378071
9053676,zest-v1,SP3P1P13G798Q3JQW753QMR5DRN2SWGXRT7GEZKXX,SP3P1P13G798Q3JQW753QMR5DRN2SWGXRT7GEZKXX,debt,STX,57649145
9053676,zest-v1,SP3P1P13G798Q3JQW753QMR5DRN2SWGXRT7GEZKXX,SP3P1P13G798Q3JQW753QMR5DRN2SWGXRT7GEZKXX,debt,stSTX,10
9053676,zest-v1,SP3P1P13G798Q3JQW753QMR5DRN2SWGXRT7GEZKXX,SP3P1P13G798Q3JQW753QMR5DRN2SWGXRT7GEZKXX,debt_stored,STX,51000000
9053676,zest-v1,SP3P1P13G798Q3JQW753QMR5DRN2SWGXRT7GEZKXX,SP3P1P13G798Q3JQW753QMR5DRN2SWGXRT7GEZKXX,debt_stored,stSTX,9
9053676,zest-v1,SP3P1TCXN3FP3V79YWXC49F5X2HYKS39CMCP5FEHN,SP3P1TCXN3FP3V79YWXC49F5X2HYKS39CMCP5FEHN,collateral,stSTX,3892023
9053676,zest-v1,SP3P1TCXN3FP3V79YWXC49F5X2HYKS39CMCP5FEHN,SP3P1TCXN3FP3V79YWXC49F5X2HYKS39CMCP5FEHN,debt,STX,569
9053676,zest-v1,SP3P1TCXN3FP3V79YWXC49F5X2HYKS39CMCP5FEHN,SP3P1TCXN3FP3V79YWXC49F5X2HYKS39CMCP5FEHN,debt,stSTX,25
9053676,zest-v1,SP3P1TCXN3FP3V79YWXC49F5X2HYKS39CMCP5FEHN,SP3P1TCXN3FP3V79YWXC49F5X2HYKS39CMCP5FEHN,debt_stored,STX,511
9053676,zest-v1,SP3P1TCXN3FP3V79YWXC49F5X2HYKS39CMCP5FEHN,SP3P1TCXN3FP3V79YWXC49F5X2HYKS39CMCP5FEHN,debt_stored,stSTX,24
9053676,zest-v1,SP3P2F02BKN8QV49FEDTGTYTQY7DMNATZDMARHZ80,SP3P2F02BKN8QV49FEDTGTYTQY7DMNATZDMARHZ80,collateral,stSTX,50088955
9053676,zest-v1,SP3P2F02BKN8QV49FEDTGTYTQY7DMNATZDMARHZ80,SP3P2F02BKN8QV49FEDTGTYTQY7DMNATZDMARHZ80,debt,STX,11658788
9053676,zest-v1,SP3P2F02BKN8QV49FEDTGTYTQY7DMNATZDMARHZ80,SP3P2F02BKN8QV49FEDTGTYTQY7DMNATZDMARHZ80,debt_stored,STX,10000000
9053676,zest-v1,SP3P4AGVDW0MBESVRC379SQ8AXM6KGJ51ZH6RH6XD,SP3P4AGVDW0MBESVRC379SQ8AXM6KGJ51ZH6RH6XD,collateral,STX,13215
9053676,zest-v1,SP3P4AGVDW0MBESVRC379SQ8AXM6KGJ51ZH6RH6XD,SP3P4AGVDW0MBESVRC379SQ8AXM6KGJ51ZH6RH6XD,debt,stSTX,3217
9053676,zest-v1,SP3P4AGVDW0MBESVRC379SQ8AXM6KGJ51ZH6RH6XD,SP3P4AGVDW0MBESVRC379SQ8AXM6KGJ51ZH6RH6XD,debt_stored,stSTX,3078
9053676,zest-v1,SP3P7C6TGT8XHGQHTQX5RHMQ1E33ASRRWB4PF0PE8,SP3P7C6TGT8XHGQHTQX5RHMQ1E33ASRRWB4PF0PE8,debt,aeUSDC,322
9053676,zest-v1,SP3P7C6TGT8XHGQHTQX5RHMQ1E33ASRRWB4PF0PE8,SP3P7C6TGT8XHGQHTQX5RHMQ1E33ASRRWB4PF0PE8,debt_stored,aeUSDC,288
9053676,zest-v1,SP3P8GFF3QH1ZQYHMAQ0777FT0Y89AWVDBH2K613A,SP3P8GFF3QH1ZQYHMAQ0777FT0Y89AWVDBH2K613A,collateral,stSTX,1968226462
9053676,zest-v1,SP3P8GFF3QH1ZQYHMAQ0777FT0Y89AWVDBH2K613A,SP3P8GFF3QH1ZQYHMAQ0777FT0Y89AWVDBH2K613A,debt,STX,455019033
9053676,zest-v1,SP3P8GFF3QH1ZQYHMAQ0777FT0Y89AWVDBH2K613A,SP3P8GFF3QH1ZQYHMAQ0777FT0Y89AWVDBH2K613A,debt,stSTX,1246053465
9053676,zest-v1,SP3P8GFF3QH1ZQYHMAQ0777FT0Y89AWVDBH2K613A,SP3P8GFF3QH1ZQYHMAQ0777FT0Y89AWVDBH2K613A,debt_stored,STX,422081377
9053676,zest-v1,SP3P8GFF3QH1ZQYHMAQ0777FT0Y89AWVDBH2K613A,SP3P8GFF3QH1ZQYHMAQ0777FT0Y89AWVDBH2K613A,debt_stored,stSTX,1195521371
9053676,zest-v1,SP3PAQDPXRH2B0JD6AEHM0QZ1GQM9FBA4ER5NWHGP,SP3PAQDPXRH2B0JD6AEHM0QZ1GQM9FBA4ER5NWHGP,collateral,stSTX,1536
9053676,zest-v1,SP3PAQDPXRH2B0JD6AEHM0QZ1GQM9FBA4ER5NWHGP,SP3PAQDPXRH2B0JD6AEHM0QZ1GQM9FBA4ER5NWHGP,debt,STX,102
9053676,zest-v1,SP3PAQDPXRH2B0JD6AEHM0QZ1GQM9FBA4ER5NWHGP,SP3PAQDPXRH2B0JD6AEHM0QZ1GQM9FBA4ER5NWHGP,debt_stored,STX,91
9053676,zest-v1,SP3PC269JVRBN27RTYVM3W7H8NZMQA2DDC80B5Z8C,SP3PC269JVRBN27RTYVM3W7H8NZMQA2DDC80B5Z8C,collateral,stSTX,2440510
9053676,zest-v1,SP3PC269JVRBN27RTYVM3W7H8NZMQA2DDC80B5Z8C,SP3PC269JVRBN27RTYVM3W7H8NZMQA2DDC80B5Z8C,debt,stSTX,104537
9053676,zest-v1,SP3PC269JVRBN27RTYVM3W7H8NZMQA2DDC80B5Z8C,SP3PC269JVRBN27RTYVM3W7H8NZMQA2DDC80B5Z8C,debt_stored,stSTX,100000
9053676,zest-v1,SP3PC7G7R7DVBNTH5T8P7AS835WSTZBHNNQR8TPP0,SP3PC7G7R7DVBNTH5T8P7AS835WSTZBHNNQR8TPP0,collateral,stSTX,248180024
9053676,zest-v1,SP3PC7G7R7DVBNTH5T8P7AS835WSTZBHNNQR8TPP0,SP3PC7G7R7DVBNTH5T8P7AS835WSTZBHNNQR8TPP0,debt,stSTX,126934598
9053676,zest-v1,SP3PC7G7R7DVBNTH5T8P7AS835WSTZBHNNQR8TPP0,SP3PC7G7R7DVBNTH5T8P7AS835WSTZBHNNQR8TPP0,debt_stored,stSTX,121233473
9053676,zest-v1,SP3PG6WX96X2QAYCA70WVVZHBSQHMECW50W9AMCV6,SP3PG6WX96X2QAYCA70WVVZHBSQHMECW50W9AMCV6,collateral,stSTX,16186368461
9053676,zest-v1,SP3PG6WX96X2QAYCA70WVVZHBSQHMECW50W9AMCV6,SP3PG6WX96X2QAYCA70WVVZHBSQHMECW50W9AMCV6,debt,STX,9638275355
9053676,zest-v1,SP3PG6WX96X2QAYCA70WVVZHBSQHMECW50W9AMCV6,SP3PG6WX96X2QAYCA70WVVZHBSQHMECW50W9AMCV6,debt_stored,STX,8556765030
9053676,zest-v1,SP3PJYP3861PST63S9YBA8TKJRC8YFQ46C1T7R9QH,SP3PJYP3861PST63S9YBA8TKJRC8YFQ46C1T7R9QH,collateral,stSTX,100509000
9053676,zest-v1,SP3PJYP3861PST63S9YBA8TKJRC8YFQ46C1T7R9QH,SP3PJYP3861PST63S9YBA8TKJRC8YFQ46C1T7R9QH,debt,stSTX,49174483
9053676,zest-v1,SP3PJYP3861PST63S9YBA8TKJRC8YFQ46C1T7R9QH,SP3PJYP3861PST63S9YBA8TKJRC8YFQ46C1T7R9QH,debt_stored,stSTX,47000000
9053676,zest-v1,SP3PQ2JCG3RSQKZC7ZRN37Z84S9Y3AEVZP5K8EJZF,SP3PQ2JCG3RSQKZC7ZRN37Z84S9Y3AEVZP5K8EJZF,collateral,STX,13840
9053676,zest-v1,SP3PQ2JCG3RSQKZC7ZRN37Z84S9Y3AEVZP5K8EJZF,SP3PQ2JCG3RSQKZC7ZRN37Z84S9Y3AEVZP5K8EJZF,debt,USDH,1016087
9053676,zest-v1,SP3PQ2JCG3RSQKZC7ZRN37Z84S9Y3AEVZP5K8EJZF,SP3PQ2JCG3RSQKZC7ZRN37Z84S9Y3AEVZP5K8EJZF,debt_stored,USDH,900105
9053676,zest-v1,SP3Q6BNPKK5DRHFWK8C81Y2E4XCM30ZWEZ4TH31K0,SP3Q6BNPKK5DRHFWK8C81Y2E4XCM30ZWEZ4TH31K0,collateral,stSTX,16944561
9053676,zest-v1,SP3Q6BNPKK5DRHFWK8C81Y2E4XCM30ZWEZ4TH31K0,SP3Q6BNPKK5DRHFWK8C81Y2E4XCM30ZWEZ4TH31K0,debt,STX,5879186
9053676,zest-v1,SP3Q6BNPKK5DRHFWK8C81Y2E4XCM30ZWEZ4TH31K0,SP3Q6BNPKK5DRHFWK8C81Y2E4XCM30ZWEZ4TH31K0,debt_stored,STX,5000000
9053676,zest-v1,SP3Q908CXM9E5CZB5P81BWXVNP8GRBFK793DW2685,SP3Q908CXM9E5CZB5P81BWXVNP8GRBFK793DW2685,collateral,STX,1031439
9053676,zest-v1,SP3Q908CXM9E5CZB5P81BWXVNP8GRBFK793DW2685,SP3Q908CXM9E5CZB5P81BWXVNP8GRBFK793DW2685,collateral,sBTC,1019
9053676,zest-v1,SP3Q908CXM9E5CZB5P81BWXVNP8GRBFK793DW2685,SP3Q908CXM9E5CZB5P81BWXVNP8GRBFK793DW2685,debt,stSTX,25
9053676,zest-v1,SP3Q908CXM9E5CZB5P81BWXVNP8GRBFK793DW2685,SP3Q908CXM9E5CZB5P81BWXVNP8GRBFK793DW2685,debt_stored,stSTX,24
9053676,zest-v1,SP3QB90S58982H2ZQX5EXTEKKBJSPCTSVXKHDN644,SP3QB90S58982H2ZQX5EXTEKKBJSPCTSVXKHDN644,collateral,stSTX,148514628
9053676,zest-v1,SP3QB90S58982H2ZQX5EXTEKKBJSPCTSVXKHDN644,SP3QB90S58982H2ZQX5EXTEKKBJSPCTSVXKHDN644,debt,STX,67353556
9053676,zest-v1,SP3QB90S58982H2ZQX5EXTEKKBJSPCTSVXKHDN644,SP3QB90S58982H2ZQX5EXTEKKBJSPCTSVXKHDN644,debt,stSTX,6
9053676,zest-v1,SP3QB90S58982H2ZQX5EXTEKKBJSPCTSVXKHDN644,SP3QB90S58982H2ZQX5EXTEKKBJSPCTSVXKHDN644,debt_stored,STX,59558090
9053676,zest-v1,SP3QB90S58982H2ZQX5EXTEKKBJSPCTSVXKHDN644,SP3QB90S58982H2ZQX5EXTEKKBJSPCTSVXKHDN644,debt_stored,stSTX,5
9053676,zest-v1,SP3QBFQGPQH26CCYCT025PXRTZWCQ7QHYKRD603CJ,SP3QBFQGPQH26CCYCT025PXRTZWCQ7QHYKRD603CJ,collateral,stSTX,50088955
9053676,zest-v1,SP3QBFQGPQH26CCYCT025PXRTZWCQ7QHYKRD603CJ,SP3QBFQGPQH26CCYCT025PXRTZWCQ7QHYKRD603CJ,debt,STX,11658749
9053676,zest-v1,SP3QBFQGPQH26CCYCT025PXRTZWCQ7QHYKRD603CJ,SP3QBFQGPQH26CCYCT025PXRTZWCQ7QHYKRD603CJ,debt_stored,STX,10000000
9053676,zest-v1,SP3QETB50KMH02PR7510Z39CN17XXHYE5J3DYQF15,SP3QETB50KMH02PR7510Z39CN17XXHYE5J3DYQF15,collateral,sBTC,5921
9053676,zest-v1,SP3QETB50KMH02PR7510Z39CN17XXHYE5J3DYQF15,SP3QETB50KMH02PR7510Z39CN17XXHYE5J3DYQF15,debt,USDH,74053891
9053676,zest-v1,SP3QETB50KMH02PR7510Z39CN17XXHYE5J3DYQF15,SP3QETB50KMH02PR7510Z39CN17XXHYE5J3DYQF15,debt_stored,USDH,73547991
9053676,zest-v1,SP3QFAX1BNWHS3ETCEFJHGYRCZ4BT9VW4NBFGAQQA,SP3QFAX1BNWHS3ETCEFJHGYRCZ4BT9VW4NBFGAQQA,collateral,stSTX,250437514
9053676,zest-v1,SP3QFAX1BNWHS3ETCEFJHGYRCZ4BT9VW4NBFGAQQA,SP3QFAX1BNWHS3ETCEFJHGYRCZ4BT9VW4NBFGAQQA,debt,stSTX,53399242
9053676,zest-v1,SP3QFAX1BNWHS3ETCEFJHGYRCZ4BT9VW4NBFGAQQA,SP3QFAX1BNWHS3ETCEFJHGYRCZ4BT9VW4NBFGAQQA,debt_stored,stSTX,51000000
9053676,zest-v1,SP3QG9M0AXTS3X7ZYHXMK6F8VXCQJCBKF31AEK10B,SP3QG9M0AXTS3X7ZYHXMK6F8VXCQJCBKF31AEK10B,collateral,STX,24468
9053676,zest-v1,SP3QG9M0AXTS3X7ZYHXMK6F8VXCQJCBKF31AEK10B,SP3QG9M0AXTS3X7ZYHXMK6F8VXCQJCBKF31AEK10B,debt,stSTX,11312
9053676,zest-v1,SP3QG9M0AXTS3X7ZYHXMK6F8VXCQJCBKF31AEK10B,SP3QG9M0AXTS3X7ZYHXMK6F8VXCQJCBKF31AEK10B,debt_stored,stSTX,10829
9053676,zest-v1,SP3QJ7C5GJ8WWPE5QXP2D6ZKVDXDPX401S7P4Z27S,SP3QJ7C5GJ8WWPE5QXP2D6ZKVDXDPX401S7P4Z27S,collateral,USDH,1866938
9053676,zest-v1,SP3QJ7C5GJ8WWPE5QXP2D6ZKVDXDPX401S7P4Z27S,SP3QJ7C5GJ8WWPE5QXP2D6ZKVDXDPX401S7P4Z27S,collateral,stSTXbtc,36821326930
9053676,zest-v1,SP3QJ7C5GJ8WWPE5QXP2D6ZKVDXDPX401S7P4Z27S,SP3QJ7C5GJ8WWPE5QXP2D6ZKVDXDPX401S7P4Z27S,debt,STX,12770544532
9053676,zest-v1,SP3QJ7C5GJ8WWPE5QXP2D6ZKVDXDPX401S7P4Z27S,SP3QJ7C5GJ8WWPE5QXP2D6ZKVDXDPX401S7P4Z27S,debt_stored,STX,12766691162
9053676,zest-v1,SP3QM8M4ZMW2XDGFBP006B1ABPD8Y6YPZJ68P6S5K,SP3QM8M4ZMW2XDGFBP006B1ABPD8Y6YPZJ68P6S5K,collateral,stSTX,1001779
9053676,zest-v1,SP3QM8M4ZMW2XDGFBP006B1ABPD8Y6YPZJ68P6S5K,SP3QM8M4ZMW2XDGFBP006B1ABPD8Y6YPZJ68P6S5K,debt,STX,233176
9053676,zest-v1,SP3QM8M4ZMW2XDGFBP006B1ABPD8Y6YPZJ68P6S5K,SP3QM8M4ZMW2XDGFBP006B1ABPD8Y6YPZJ68P6S5K,debt_stored,STX,200000
9053676,zest-v1,SP3QNTBPV86Y3FNDB9W9B44GAYB5XVPYA8XVGYX2W,SP3QNTBPV86Y3FNDB9W9B44GAYB5XVPYA8XVGYX2W,collateral,stSTX,2707536
9053676,zest-v1,SP3QNTBPV86Y3FNDB9W9B44GAYB5XVPYA8XVGYX2W,SP3QNTBPV86Y3FNDB9W9B44GAYB5XVPYA8XVGYX2W,debt,aeUSDC,501950
9053676,zest-v1,SP3QNTBPV86Y3FNDB9W9B44GAYB5XVPYA8XVGYX2W,SP3QNTBPV86Y3FNDB9W9B44GAYB5XVPYA8XVGYX2W,debt_stored,aeUSDC,470872
9053676,zest-v1,SP3QSR24WRN3PSA6K48HSNWVN4CGTBQJP5ZFCMKRH,SP3QSR24WRN3PSA6K48HSNWVN4CGTBQJP5ZFCMKRH,collateral,STX,451667
9053676,zest-v1,SP3QSR24WRN3PSA6K48HSNWVN4CGTBQJP5ZFCMKRH,SP3QSR24WRN3PSA6K48HSNWVN4CGTBQJP5ZFCMKRH,debt,STX,134848
9053676,zest-v1,SP3QSR24WRN3PSA6K48HSNWVN4CGTBQJP5ZFCMKRH,SP3QSR24WRN3PSA6K48HSNWVN4CGTBQJP5ZFCMKRH,debt_stored,STX,120000
9053676,zest-v1,SP3R0A0M7E0GJYA5VASZRR7AQNX7F7HZQV05P1SW1,SP3R0A0M7E0GJYA5VASZRR7AQNX7F7HZQV05P1SW1,collateral,stSTX,2983987045
9053676,zest-v1,SP3R0A0M7E0GJYA5VASZRR7AQNX7F7HZQV05P1SW1,SP3R0A0M7E0GJYA5VASZRR7AQNX7F7HZQV05P1SW1,debt,STX,1799761636
9053676,zest-v1,SP3R0A0M7E0GJYA5VASZRR7AQNX7F7HZQV05P1SW1,SP3R0A0M7E0GJYA5VASZRR7AQNX7F7HZQV05P1SW1,debt_stored,STX,1666703820
9053676,zest-v1,SP3R3X5M1H1WR8K2H3D82PTYAJ8S3K8QS36K16TCT,SP3R3X5M1H1WR8K2H3D82PTYAJ8S3K8QS36K16TCT,collateral,STX,269004468
9053676,zest-v1,SP3R3X5M1H1WR8K2H3D82PTYAJ8S3K8QS36K16TCT,SP3R3X5M1H1WR8K2H3D82PTYAJ8S3K8QS36K16TCT,collateral,stSTX,18898294
9053676,zest-v1,SP3R3X5M1H1WR8K2H3D82PTYAJ8S3K8QS36K16TCT,SP3R3X5M1H1WR8K2H3D82PTYAJ8S3K8QS36K16TCT,debt,STX,99193832
9053676,zest-v1,SP3R3X5M1H1WR8K2H3D82PTYAJ8S3K8QS36K16TCT,SP3R3X5M1H1WR8K2H3D82PTYAJ8S3K8QS36K16TCT,debt_stored,STX,85471549
9053676,zest-v1,SP3R5MTB2C4RQ44P1KFYAJSN4077A073ZCZMAFQRN,SP3R5MTB2C4RQ44P1KFYAJSN4077A073ZCZMAFQRN,collateral,stSTX,4041243
9053676,zest-v1,SP3R5MTB2C4RQ44P1KFYAJSN4077A073ZCZMAFQRN,SP3R5MTB2C4RQ44P1KFYAJSN4077A073ZCZMAFQRN,debt,stSTX,2087785
9053676,zest-v1,SP3R5MTB2C4RQ44P1KFYAJSN4077A073ZCZMAFQRN,SP3R5MTB2C4RQ44P1KFYAJSN4077A073ZCZMAFQRN,debt_stored,stSTX,2001204
9053676,zest-v1,SP3R7JHWZNMRX4NG19QZ91SWZA4MF8HJD04131KXJ,SP3R7JHWZNMRX4NG19QZ91SWZA4MF8HJD04131KXJ,collateral,STX,2145190
9053676,zest-v1,SP3R7JHWZNMRX4NG19QZ91SWZA4MF8HJD04131KXJ,SP3R7JHWZNMRX4NG19QZ91SWZA4MF8HJD04131KXJ,debt,STX,598250
9053676,zest-v1,SP3R7JHWZNMRX4NG19QZ91SWZA4MF8HJD04131KXJ,SP3R7JHWZNMRX4NG19QZ91SWZA4MF8HJD04131KXJ,debt_stored,STX,510000
9053676,zest-v1,SP3RDTKZ98NBCEXQN7JFKY3QF7AH9XBY34NTFZBKK,SP3RDTKZ98NBCEXQN7JFKY3QF7AH9XBY34NTFZBKK,collateral,sBTC,4
9053676,zest-v1,SP3RDTKZ98NBCEXQN7JFKY3QF7AH9XBY34NTFZBKK,SP3RDTKZ98NBCEXQN7JFKY3QF7AH9XBY34NTFZBKK,debt,USDH,255342
9053676,zest-v1,SP3RDTKZ98NBCEXQN7JFKY3QF7AH9XBY34NTFZBKK,SP3RDTKZ98NBCEXQN7JFKY3QF7AH9XBY34NTFZBKK,debt_stored,USDH,236072
9053676,zest-v1,SP3REXZ9NQQ84R2SJ0D26CJ6RDBQ383W8QM5MC2R4,SP3REXZ9NQQ84R2SJ0D26CJ6RDBQ383W8QM5MC2R4,collateral,stSTX,56388450
9053676,zest-v1,SP3REXZ9NQQ84R2SJ0D26CJ6RDBQ383W8QM5MC2R4,SP3REXZ9NQQ84R2SJ0D26CJ6RDBQ383W8QM5MC2R4,debt,USDH,143284039
9053676,zest-v1,SP3REXZ9NQQ84R2SJ0D26CJ6RDBQ383W8QM5MC2R4,SP3REXZ9NQQ84R2SJ0D26CJ6RDBQ383W8QM5MC2R4,debt,stSTX,31376118
9053676,zest-v1,SP3REXZ9NQQ84R2SJ0D26CJ6RDBQ383W8QM5MC2R4,SP3REXZ9NQQ84R2SJ0D26CJ6RDBQ383W8QM5MC2R4,debt_stored,USDH,140147119
9053676,zest-v1,SP3REXZ9NQQ84R2SJ0D26CJ6RDBQ383W8QM5MC2R4,SP3REXZ9NQQ84R2SJ0D26CJ6RDBQ383W8QM5MC2R4,debt_stored,stSTX,30000000
9053676,zest-v1,SP3RKS4FD9PWZ0Q12P7W2YKM3455CF17XHA8XQDHH,SP3RKS4FD9PWZ0Q12P7W2YKM3455CF17XHA8XQDHH,collateral,stSTX,147138256
9053676,zest-v1,SP3RKS4FD9PWZ0Q12P7W2YKM3455CF17XHA8XQDHH,SP3RKS4FD9PWZ0Q12P7W2YKM3455CF17XHA8XQDHH,debt,stSTX,50969167
9053676,zest-v1,SP3RKS4FD9PWZ0Q12P7W2YKM3455CF17XHA8XQDHH,SP3RKS4FD9PWZ0Q12P7W2YKM3455CF17XHA8XQDHH,debt_stored,stSTX,48799014
9053676,zest-v1,SP3RRNXXXWTX6DQVA1QGR7A99T0063NK6Z85RQPWC,SP3RRNXXXWTX6DQVA1QGR7A99T0063NK6Z85RQPWC,collateral,STX,5362020
9053676,zest-v1,SP3RRNXXXWTX6DQVA1QGR7A99T0063NK6Z85RQPWC,SP3RRNXXXWTX6DQVA1QGR7A99T0063NK6Z85RQPWC,debt,STX,1172308
9053676,zest-v1,SP3RRNXXXWTX6DQVA1QGR7A99T0063NK6Z85RQPWC,SP3RRNXXXWTX6DQVA1QGR7A99T0063NK6Z85RQPWC,debt_stored,STX,1000000
9053676,zest-v1,SP3RSA024ZBKTD1WFAWEJKFN2SD3A7B0CGEZZ0R5D,SP3RSA024ZBKTD1WFAWEJKFN2SD3A7B0CGEZZ0R5D,collateral,stSTX,187645425
9053676,zest-v1,SP3RSA024ZBKTD1WFAWEJKFN2SD3A7B0CGEZZ0R5D,SP3RSA024ZBKTD1WFAWEJKFN2SD3A7B0CGEZZ0R5D,debt,stSTX,91107339
9053676,zest-v1,SP3RSA024ZBKTD1WFAWEJKFN2SD3A7B0CGEZZ0R5D,SP3RSA024ZBKTD1WFAWEJKFN2SD3A7B0CGEZZ0R5D,debt_stored,stSTX,87320313
9053676,zest-v1,SP3S08PWPWHJVZQFKWSBM007Z553MVFCF44ZYMK70,SP3S08PWPWHJVZQFKWSBM007Z553MVFCF44ZYMK70,collateral,stSTX,133855607
9053676,zest-v1,SP3S08PWPWHJVZQFKWSBM007Z553MVFCF44ZYMK70,SP3S08PWPWHJVZQFKWSBM007Z553MVFCF44ZYMK70,debt,STX,61043200
9053676,zest-v1,SP3S08PWPWHJVZQFKWSBM007Z553MVFCF44ZYMK70,SP3S08PWPWHJVZQFKWSBM007Z553MVFCF44ZYMK70,debt,stSTX,6
9053676,zest-v1,SP3S08PWPWHJVZQFKWSBM007Z553MVFCF44ZYMK70,SP3S08PWPWHJVZQFKWSBM007Z553MVFCF44ZYMK70,debt_stored,STX,54000000
9053676,zest-v1,SP3S08PWPWHJVZQFKWSBM007Z553MVFCF44ZYMK70,SP3S08PWPWHJVZQFKWSBM007Z553MVFCF44ZYMK70,debt_stored,stSTX,5
9053676,zest-v1,SP3S1E5JH286HFJK10GQF87PAMFBVXW55HV0MYWN0,SP3S1E5JH286HFJK10GQF87PAMFBVXW55HV0MYWN0,collateral,stSTX,191947354
9053676,zest-v1,SP3S1E5JH286HFJK10GQF87PAMFBVXW55HV0MYWN0,SP3S1E5JH286HFJK10GQF87PAMFBVXW55HV0MYWN0,debt,stSTX,60642074
9053676,zest-v1,SP3S1E5JH286HFJK10GQF87PAMFBVXW55HV0MYWN0,SP3S1E5JH286HFJK10GQF87PAMFBVXW55HV0MYWN0,debt_stored,stSTX,58020778
9053676,zest-v1,SP3S3MR1FSSB0A64PAF7ETT64PJQXVHF223RAKGYS,SP3S3MR1FSSB0A64PAF7ETT64PJQXVHF223RAKGYS,collateral,stSTX,132029679
9053676,zest-v1,SP3S3MR1FSSB0A64PAF7ETT64PJQXVHF223RAKGYS,SP3S3MR1FSSB0A64PAF7ETT64PJQXVHF223RAKGYS,debt,STX,57623512
9053676,zest-v1,SP3S3MR1FSSB0A64PAF7ETT64PJQXVHF223RAKGYS,SP3S3MR1FSSB0A64PAF7ETT64PJQXVHF223RAKGYS,debt_stored,STX,51000000
9053676,zest-v1,SP3S5JQKRS9N98AX195B4235MX4SMTJXVT2YTC8GK,SP3S5JQKRS9N98AX195B4235MX4SMTJXVT2YTC8GK,collateral,stSTX,5619612
9053676,zest-v1,SP3S5JQKRS9N98AX195B4235MX4SMTJXVT2YTC8GK,SP3S5JQKRS9N98AX195B4235MX4SMTJXVT2YTC8GK,debt,aeUSDC,329
9053676,zest-v1,SP3S5JQKRS9N98AX195B4235MX4SMTJXVT2YTC8GK,SP3S5JQKRS9N98AX195B4235MX4SMTJXVT2YTC8GK,debt_stored,aeUSDC,274
9053676,zest-v1,SP3S5KFWY5H8BERS2ZA2X4T5NEV66FCTTG6VZP4ZD,SP3S5KFWY5H8BERS2ZA2X4T5NEV66FCTTG6VZP4ZD,collateral,sBTC,13262
9053676,zest-v1,SP3S5KFWY5H8BERS2ZA2X4T5NEV66FCTTG6VZP4ZD,SP3S5KFWY5H8BERS2ZA2X4T5NEV66FCTTG6VZP4ZD,debt,stSTX,6
9053676,zest-v1,SP3S5KFWY5H8BERS2ZA2X4T5NEV66FCTTG6VZP4ZD,SP3S5KFWY5H8BERS2ZA2X4T5NEV66FCTTG6VZP4ZD,debt_stored,stSTX,5
9053676,zest-v1,SP3SB0NRVYFK91K2GRXEKR4MEYVBDNSS5ZNBAR7GB,SP3SB0NRVYFK91K2GRXEKR4MEYVBDNSS5ZNBAR7GB,collateral,STX,54702323
9053676,zest-v1,SP3SB0NRVYFK91K2GRXEKR4MEYVBDNSS5ZNBAR7GB,SP3SB0NRVYFK91K2GRXEKR4MEYVBDNSS5ZNBAR7GB,debt,STX,5865219
9053676,zest-v1,SP3SB0NRVYFK91K2GRXEKR4MEYVBDNSS5ZNBAR7GB,SP3SB0NRVYFK91K2GRXEKR4MEYVBDNSS5ZNBAR7GB,debt_stored,STX,5000000
9053676,zest-v1,SP3SDZ9WKEDX6WT8BKMY80SM37VD6QKGQH9GP5CD,SP3SDZ9WKEDX6WT8BKMY80SM37VD6QKGQH9GP5CD,collateral,STX,5362026
9053676,zest-v1,SP3SDZ9WKEDX6WT8BKMY80SM37VD6QKGQH9GP5CD,SP3SDZ9WKEDX6WT8BKMY80SM37VD6QKGQH9GP5CD,debt,STX,1172309
9053676,zest-v1,SP3SDZ9WKEDX6WT8BKMY80SM37VD6QKGQH9GP5CD,SP3SDZ9WKEDX6WT8BKMY80SM37VD6QKGQH9GP5CD,debt_stored,STX,1000000
9053676,zest-v1,SP3SJSJPN28AAZMW27YKY4CMT9J6PVXHTXCMBZ1FZ,SP3SJSJPN28AAZMW27YKY4CMT9J6PVXHTXCMBZ1FZ,collateral,stSTX,23098099
9053676,zest-v1,SP3SJSJPN28AAZMW27YKY4CMT9J6PVXHTXCMBZ1FZ,SP3SJSJPN28AAZMW27YKY4CMT9J6PVXHTXCMBZ1FZ,debt,STX,16305538
9053676,zest-v1,SP3SJSJPN28AAZMW27YKY4CMT9J6PVXHTXCMBZ1FZ,SP3SJSJPN28AAZMW27YKY4CMT9J6PVXHTXCMBZ1FZ,debt_stored,STX,16050656
9053676,zest-v1,SP3SNCYTS2S58VX9VYRM5ESKZW4M3XPK6QHVWQJTH,SP3SNCYTS2S58VX9VYRM5ESKZW4M3XPK6QHVWQJTH,collateral,stSTX,2519720
9053676,zest-v1,SP3SNCYTS2S58VX9VYRM5ESKZW4M3XPK6QHVWQJTH,SP3SNCYTS2S58VX9VYRM5ESKZW4M3XPK6QHVWQJTH,debt,aeUSDC,625365
9053676,zest-v1,SP3SNCYTS2S58VX9VYRM5ESKZW4M3XPK6QHVWQJTH,SP3SNCYTS2S58VX9VYRM5ESKZW4M3XPK6QHVWQJTH,debt_stored,aeUSDC,589906
9053676,zest-v1,SP3SPBHEFP4M6AAQM16WF8YCXDP01RSN1J6QKZ16X,SP3SPBHEFP4M6AAQM16WF8YCXDP01RSN1J6QKZ16X,collateral,STX,5362257
9053676,zest-v1,SP3SPBHEFP4M6AAQM16WF8YCXDP01RSN1J6QKZ16X,SP3SPBHEFP4M6AAQM16WF8YCXDP01RSN1J6QKZ16X,debt,STX,1172474
9053676,zest-v1,SP3SPBHEFP4M6AAQM16WF8YCXDP01RSN1J6QKZ16X,SP3SPBHEFP4M6AAQM16WF8YCXDP01RSN1J6QKZ16X,debt_stored,STX,1000000
9053676,zest-v1,SP3SPPEEXX9S731Y60JD4686WG79B77WD59QYTBT8,SP3SPPEEXX9S731Y60JD4686WG79B77WD59QYTBT8,collateral,USDH,8660621583
9053676,zest-v1,SP3SPPEEXX9S731Y60JD4686WG79B77WD59QYTBT8,SP3SPPEEXX9S731Y60JD4686WG79B77WD59QYTBT8,collateral,aeUSDC,28308647
9053676,zest-v1,SP3SPPEEXX9S731Y60JD4686WG79B77WD59QYTBT8,SP3SPPEEXX9S731Y60JD4686WG79B77WD59QYTBT8,collateral,stSTX,20231089
9053676,zest-v1,SP3SPPEEXX9S731Y60JD4686WG79B77WD59QYTBT8,SP3SPPEEXX9S731Y60JD4686WG79B77WD59QYTBT8,debt,aeUSDC,105627
9053676,zest-v1,SP3SPPEEXX9S731Y60JD4686WG79B77WD59QYTBT8,SP3SPPEEXX9S731Y60JD4686WG79B77WD59QYTBT8,debt,stSTX,14548688
9053676,zest-v1,SP3SPPEEXX9S731Y60JD4686WG79B77WD59QYTBT8,SP3SPPEEXX9S731Y60JD4686WG79B77WD59QYTBT8,debt_stored,aeUSDC,99638
9053676,zest-v1,SP3SPPEEXX9S731Y60JD4686WG79B77WD59QYTBT8,SP3SPPEEXX9S731Y60JD4686WG79B77WD59QYTBT8,debt_stored,stSTX,13921405
9053676,zest-v1,SP3SZFGPKV4G45JGPNPHPKB8PNE07SSEQSBD2P0NX,SP3SZFGPKV4G45JGPNPHPKB8PNE07SSEQSBD2P0NX,collateral,stSTX,5008895
9053676,zest-v1,SP3SZFGPKV4G45JGPNPHPKB8PNE07SSEQSBD2P0NX,SP3SZFGPKV4G45JGPNPHPKB8PNE07SSEQSBD2P0NX,debt,STX,1165878
9053676,zest-v1,SP3SZFGPKV4G45JGPNPHPKB8PNE07SSEQSBD2P0NX,SP3SZFGPKV4G45JGPNPHPKB8PNE07SSEQSBD2P0NX,debt_stored,STX,1000000
9053676,zest-v1,SP3T01YZJWMQ2VDG20MGX23WKHE1XT12PHJGPJBAB,SP3T01YZJWMQ2VDG20MGX23WKHE1XT12PHJGPJBAB,collateral,stSTX,5008895
9053676,zest-v1,SP3T01YZJWMQ2VDG20MGX23WKHE1XT12PHJGPJBAB,SP3T01YZJWMQ2VDG20MGX23WKHE1XT12PHJGPJBAB,debt,STX,1165878
9053676,zest-v1,SP3T01YZJWMQ2VDG20MGX23WKHE1XT12PHJGPJBAB,SP3T01YZJWMQ2VDG20MGX23WKHE1XT12PHJGPJBAB,debt_stored,STX,1000000
9053676,zest-v1,SP3T1H7WHV6HEJ67J0A46S6AD48PHF0GCFYDBB696,SP3T1H7WHV6HEJ67J0A46S6AD48PHF0GCFYDBB696,collateral,stSTX,308169775
9053676,zest-v1,SP3T1H7WHV6HEJ67J0A46S6AD48PHF0GCFYDBB696,SP3T1H7WHV6HEJ67J0A46S6AD48PHF0GCFYDBB696,debt,stSTX,51888243
9053676,zest-v1,SP3T1H7WHV6HEJ67J0A46S6AD48PHF0GCFYDBB696,SP3T1H7WHV6HEJ67J0A46S6AD48PHF0GCFYDBB696,debt_stored,stSTX,49752278
9053676,zest-v1,SP3T4343SXGSQ0QGBDME836JYRS7JWE5HCC59VGZQ,SP3T4343SXGSQ0QGBDME836JYRS7JWE5HCC59VGZQ,collateral,stSTX,98643834
9053676,zest-v1,SP3T4343SXGSQ0QGBDME836JYRS7JWE5HCC59VGZQ,SP3T4343SXGSQ0QGBDME836JYRS7JWE5HCC59VGZQ,debt,stSTX,41938314
9053676,zest-v1,SP3T4343SXGSQ0QGBDME836JYRS7JWE5HCC59VGZQ,SP3T4343SXGSQ0QGBDME836JYRS7JWE5HCC59VGZQ,debt_stored,stSTX,40000000
9053676,zest-v1,SP3T4GE6V1Y2MJ0EMTMC0FKHMX27S8YK8KGFEX7M9,SP3T4GE6V1Y2MJ0EMTMC0FKHMX27S8YK8KGFEX7M9,collateral,stSTX,1321660
9053676,zest-v1,SP3T4GE6V1Y2MJ0EMTMC0FKHMX27S8YK8KGFEX7M9,SP3T4GE6V1Y2MJ0EMTMC0FKHMX27S8YK8KGFEX7M9,debt,aeUSDC,552594
9053676,zest-v1,SP3T4GE6V1Y2MJ0EMTMC0FKHMX27S8YK8KGFEX7M9,SP3T4GE6V1Y2MJ0EMTMC0FKHMX27S8YK8KGFEX7M9,debt_stored,aeUSDC,498448
9053676,zest-v1,SP3T8XVBX10T72WB2E41ZTS5NCY85WC6YMWR2QA6K,SP3T8XVBX10T72WB2E41ZTS5NCY85WC6YMWR2QA6K,collateral,STX,3824
9053676,zest-v1,SP3T8XVBX10T72WB2E41ZTS5NCY85WC6YMWR2QA6K,SP3T8XVBX10T72WB2E41ZTS5NCY85WC6YMWR2QA6K,debt,USDH,6699
9053676,zest-v1,SP3T8XVBX10T72WB2E41ZTS5NCY85WC6YMWR2QA6K,SP3T8XVBX10T72WB2E41ZTS5NCY85WC6YMWR2QA6K,debt_stored,USDH,5860
9053676,zest-v1,SP3TATWNNNE9JY7NFVP0JEB809VJSJC6E9QTQETK4,SP3TATWNNNE9JY7NFVP0JEB809VJSJC6E9QTQETK4,collateral,stSTX,19214532
9053676,zest-v1,SP3TATWNNNE9JY7NFVP0JEB809VJSJC6E9QTQETK4,SP3TATWNNNE9JY7NFVP0JEB809VJSJC6E9QTQETK4,debt,STX,134829
9053676,zest-v1,SP3TATWNNNE9JY7NFVP0JEB809VJSJC6E9QTQETK4,SP3TATWNNNE9JY7NFVP0JEB809VJSJC6E9QTQETK4,debt_stored,STX,120000
9053676,zest-v1,SP3TCKRCZFT9KVN0NWBDHTZ3PZW22YEQYJBM9KCP3,SP3TCKRCZFT9KVN0NWBDHTZ3PZW22YEQYJBM9KCP3,collateral,stSTXbtc,13876099
9053676,zest-v1,SP3TCKRCZFT9KVN0NWBDHTZ3PZW22YEQYJBM9KCP3,SP3TCKRCZFT9KVN0NWBDHTZ3PZW22YEQYJBM9KCP3,debt,stSTX,6288821
9053676,zest-v1,SP3TCKRCZFT9KVN0NWBDHTZ3PZW22YEQYJBM9KCP3,SP3TCKRCZFT9KVN0NWBDHTZ3PZW22YEQYJBM9KCP3,debt_stored,stSTX,6055980
9053676,zest-v1,SP3TF0J5PW51AFPM5JTW8ZYFC1PK5Q2FV321Q13TC,SP3TF0J5PW51AFPM5JTW8ZYFC1PK5Q2FV321Q13TC,collateral,stSTX,28942273
9053676,zest-v1,SP3TF0J5PW51AFPM5JTW8ZYFC1PK5Q2FV321Q13TC,SP3TF0J5PW51AFPM5JTW8ZYFC1PK5Q2FV321Q13TC,debt,STX,17218218
9053676,zest-v1,SP3TF0J5PW51AFPM5JTW8ZYFC1PK5Q2FV321Q13TC,SP3TF0J5PW51AFPM5JTW8ZYFC1PK5Q2FV321Q13TC,debt_stored,STX,16182505
9053676,zest-v1,SP3TF1TFPJ8PE73DXB52AJAXCFR5XN9RT0Y0WQJ5S,SP3TF1TFPJ8PE73DXB52AJAXCFR5XN9RT0Y0WQJ5S,collateral,stSTX,2340551204
9053676,zest-v1,SP3TF1TFPJ8PE73DXB52AJAXCFR5XN9RT0Y0WQJ5S,SP3TF1TFPJ8PE73DXB52AJAXCFR5XN9RT0Y0WQJ5S,debt,STX,895099808
9053676,zest-v1,SP3TF1TFPJ8PE73DXB52AJAXCFR5XN9RT0Y0WQJ5S,SP3TF1TFPJ8PE73DXB52AJAXCFR5XN9RT0Y0WQJ5S,debt_stored,STX,777029028
9053676,zest-v1,SP3TF26QFS3YMYHC9N3ZZTZQKCM4AFYMVW1WMFRTT,SP3TF26QFS3YMYHC9N3ZZTZQKCM4AFYMVW1WMFRTT,collateral,stSTX,86688769
9053676,zest-v1,SP3TF26QFS3YMYHC9N3ZZTZQKCM4AFYMVW1WMFRTT,SP3TF26QFS3YMYHC9N3ZZTZQKCM4AFYMVW1WMFRTT,debt,aeUSDC,8089326
9053676,zest-v1,SP3TF26QFS3YMYHC9N3ZZTZQKCM4AFYMVW1WMFRTT,SP3TF26QFS3YMYHC9N3ZZTZQKCM4AFYMVW1WMFRTT,debt_stored,aeUSDC,7960353
9053676,zest-v1,SP3TFHMJ45J9J6XS26BZ6TP391DHXNVGHFPGJCB53,SP3TFHMJ45J9J6XS26BZ6TP391DHXNVGHFPGJCB53,collateral,stSTX,3116847
9053676,zest-v1,SP3TFHMJ45J9J6XS26BZ6TP391DHXNVGHFPGJCB53,SP3TFHMJ45J9J6XS26BZ6TP391DHXNVGHFPGJCB53,debt,aeUSDC,810975
9053676,zest-v1,SP3TFHMJ45J9J6XS26BZ6TP391DHXNVGHFPGJCB53,SP3TFHMJ45J9J6XS26BZ6TP391DHXNVGHFPGJCB53,debt_stored,aeUSDC,764992
9053676,zest-v1,SP3TFX7T0RG5T2QRFTNZXNN7GWRE9KV7YTW6TTBSS,SP3TFX7T0RG5T2QRFTNZXNN7GWRE9KV7YTW6TTBSS,collateral,stSTX,199298921
9053676,zest-v1,SP3TFX7T0RG5T2QRFTNZXNN7GWRE9KV7YTW6TTBSS,SP3TFX7T0RG5T2QRFTNZXNN7GWRE9KV7YTW6TTBSS,debt,STX,12287121
9053676,zest-v1,SP3TFX7T0RG5T2QRFTNZXNN7GWRE9KV7YTW6TTBSS,SP3TFX7T0RG5T2QRFTNZXNN7GWRE9KV7YTW6TTBSS,debt,stSTX,61024876
9053676,zest-v1,SP3TFX7T0RG5T2QRFTNZXNN7GWRE9KV7YTW6TTBSS,SP3TFX7T0RG5T2QRFTNZXNN7GWRE9KV7YTW6TTBSS,debt_stored,STX,11000000
9053676,zest-v1,SP3TFX7T0RG5T2QRFTNZXNN7GWRE9KV7YTW6TTBSS,SP3TFX7T0RG5T2QRFTNZXNN7GWRE9KV7YTW6TTBSS,debt_stored,stSTX,58286625
9053676,zest-v1,SP3TR8BEX8M4B93ZDP06BFWW8SYDHANTYHKZ142FV,SP3TR8BEX8M4B93ZDP06BFWW8SYDHANTYHKZ142FV,collateral,stSTX,109868250
9053676,zest-v1,SP3TR8BEX8M4B93ZDP06BFWW8SYDHANTYHKZ142FV,SP3TR8BEX8M4B93ZDP06BFWW8SYDHANTYHKZ142FV,debt,stSTX,57196937
9053676,zest-v1,SP3TR8BEX8M4B93ZDP06BFWW8SYDHANTYHKZ142FV,SP3TR8BEX8M4B93ZDP06BFWW8SYDHANTYHKZ142FV,debt_stored,stSTX,54562383
9053676,zest-v1,SP3TT3RNCJY4GKJK8AYNJJD0EX32G0A1TCAM4NTSW,SP3TT3RNCJY4GKJK8AYNJJD0EX32G0A1TCAM4NTSW,collateral,stSTX,515529984
9053676,zest-v1,SP3TT3RNCJY4GKJK8AYNJJD0EX32G0A1TCAM4NTSW,SP3TT3RNCJY4GKJK8AYNJJD0EX32G0A1TCAM4NTSW,debt,STX,41958308
9053676,zest-v1,SP3TT3RNCJY4GKJK8AYNJJD0EX32G0A1TCAM4NTSW,SP3TT3RNCJY4GKJK8AYNJJD0EX32G0A1TCAM4NTSW,debt_stored,STX,37144912
9053676,zest-v1,SP3TXK5XWA5KSA4DJ0XGBT01BWPAVSN5B80TQM1Z0,SP3TXK5XWA5KSA4DJ0XGBT01BWPAVSN5B80TQM1Z0,collateral,STX,10732057
9053676,zest-v1,SP3TXK5XWA5KSA4DJ0XGBT01BWPAVSN5B80TQM1Z0,SP3TXK5XWA5KSA4DJ0XGBT01BWPAVSN5B80TQM1Z0,debt,aeUSDC,1334207
9053676,zest-v1,SP3TXK5XWA5KSA4DJ0XGBT01BWPAVSN5B80TQM1Z0,SP3TXK5XWA5KSA4DJ0XGBT01BWPAVSN5B80TQM1Z0,debt_stored,aeUSDC,1000000
9053676,zest-v1,SP3TZEC9PYDZ3Y2F5RMNGFS24D1CDPW6EW8QK6616,SP3TZEC9PYDZ3Y2F5RMNGFS24D1CDPW6EW8QK6616,collateral,stSTX,3134528595
9053676,zest-v1,SP3TZEC9PYDZ3Y2F5RMNGFS24D1CDPW6EW8QK6616,SP3TZEC9PYDZ3Y2F5RMNGFS24D1CDPW6EW8QK6616,debt,USDH,718904263
9053676,zest-v1,SP3TZEC9PYDZ3Y2F5RMNGFS24D1CDPW6EW8QK6616,SP3TZEC9PYDZ3Y2F5RMNGFS24D1CDPW6EW8QK6616,debt,stSTX,13032518
9053676,zest-v1,SP3TZEC9PYDZ3Y2F5RMNGFS24D1CDPW6EW8QK6616,SP3TZEC9PYDZ3Y2F5RMNGFS24D1CDPW6EW8QK6616,debt_stored,USDH,640703424
9053676,zest-v1,SP3TZEC9PYDZ3Y2F5RMNGFS24D1CDPW6EW8QK6616,SP3TZEC9PYDZ3Y2F5RMNGFS24D1CDPW6EW8QK6616,debt_stored,stSTX,12596246
9053676,zest-v1,SP3V1S3K19A26Z87VK0BFA8A9CZMRBHA4TT8DC1PR,SP3V1S3K19A26Z87VK0BFA8A9CZMRBHA4TT8DC1PR,collateral,stSTX,297208568
9053676,zest-v1,SP3V1S3K19A26Z87VK0BFA8A9CZMRBHA4TT8DC1PR,SP3V1S3K19A26Z87VK0BFA8A9CZMRBHA4TT8DC1PR,debt,stSTX,75695931
9053676,zest-v1,SP3V1S3K19A26Z87VK0BFA8A9CZMRBHA4TT8DC1PR,SP3V1S3K19A26Z87VK0BFA8A9CZMRBHA4TT8DC1PR,debt_stored,stSTX,72218909
9053676,zest-v1,SP3V9FWMASAC7552X2RTHG9DQYEPHMM4WSBJM2Y6B,SP3V9FWMASAC7552X2RTHG9DQYEPHMM4WSBJM2Y6B,collateral,stSTX,1101960
9053676,zest-v1,SP3V9FWMASAC7552X2RTHG9DQYEPHMM4WSBJM2Y6B,SP3V9FWMASAC7552X2RTHG9DQYEPHMM4WSBJM2Y6B,debt,STX,117305
9053676,zest-v1,SP3V9FWMASAC7552X2RTHG9DQYEPHMM4WSBJM2Y6B,SP3V9FWMASAC7552X2RTHG9DQYEPHMM4WSBJM2Y6B,debt_stored,STX,100000
9053676,zest-v1,SP3VGGV866MC5EKKHWG7G8WZSER20VV1ETNHF8CWG,SP3VGGV866MC5EKKHWG7G8WZSER20VV1ETNHF8CWG,collateral,aeUSDC,117979539
9053676,zest-v1,SP3VGGV866MC5EKKHWG7G8WZSER20VV1ETNHF8CWG,SP3VGGV866MC5EKKHWG7G8WZSER20VV1ETNHF8CWG,collateral,stSTX,232322374
9053676,zest-v1,SP3VGGV866MC5EKKHWG7G8WZSER20VV1ETNHF8CWG,SP3VGGV866MC5EKKHWG7G8WZSER20VV1ETNHF8CWG,debt,aeUSDC,1981731
9053676,zest-v1,SP3VGGV866MC5EKKHWG7G8WZSER20VV1ETNHF8CWG,SP3VGGV866MC5EKKHWG7G8WZSER20VV1ETNHF8CWG,debt,stSTX,157204260
9053676,zest-v1,SP3VGGV866MC5EKKHWG7G8WZSER20VV1ETNHF8CWG,SP3VGGV866MC5EKKHWG7G8WZSER20VV1ETNHF8CWG,debt_stored,aeUSDC,1924750
9053676,zest-v1,SP3VGGV866MC5EKKHWG7G8WZSER20VV1ETNHF8CWG,SP3VGGV866MC5EKKHWG7G8WZSER20VV1ETNHF8CWG,debt_stored,stSTX,150000000
9053676,zest-v1,SP3VJGBB99FMFJKKJB2D8P5CQYH165HZA2RFKMPEK,SP3VJGBB99FMFJKKJB2D8P5CQYH165HZA2RFKMPEK,collateral,STX,2146495
9053676,zest-v1,SP3VJGBB99FMFJKKJB2D8P5CQYH165HZA2RFKMPEK,SP3VJGBB99FMFJKKJB2D8P5CQYH165HZA2RFKMPEK,collateral,aeUSDC,12417199
9053676,zest-v1,SP3VJGBB99FMFJKKJB2D8P5CQYH165HZA2RFKMPEK,SP3VJGBB99FMFJKKJB2D8P5CQYH165HZA2RFKMPEK,collateral,stSTX,109194283
9053676,zest-v1,SP3VJGBB99FMFJKKJB2D8P5CQYH165HZA2RFKMPEK,SP3VJGBB99FMFJKKJB2D8P5CQYH165HZA2RFKMPEK,debt,aeUSDC,667431
9053676,zest-v1,SP3VJGBB99FMFJKKJB2D8P5CQYH165HZA2RFKMPEK,SP3VJGBB99FMFJKKJB2D8P5CQYH165HZA2RFKMPEK,debt_stored,aeUSDC,500000
9053676,zest-v1,SP3VKRD4NNKKSGZE632CPDKRXW24Y6GQ6VGP7JRR1,SP3VKRD4NNKKSGZE632CPDKRXW24Y6GQ6VGP7JRR1,collateral,STX,528296
9053676,zest-v1,SP3VKRD4NNKKSGZE632CPDKRXW24Y6GQ6VGP7JRR1,SP3VKRD4NNKKSGZE632CPDKRXW24Y6GQ6VGP7JRR1,collateral,sBTC,2935
9053676,zest-v1,SP3VKRD4NNKKSGZE632CPDKRXW24Y6GQ6VGP7JRR1,SP3VKRD4NNKKSGZE632CPDKRXW24Y6GQ6VGP7JRR1,collateral,stSTXbtc,9939266
9053676,zest-v1,SP3VKRD4NNKKSGZE632CPDKRXW24Y6GQ6VGP7JRR1,SP3VKRD4NNKKSGZE632CPDKRXW24Y6GQ6VGP7JRR1,debt,aeUSDC,1160478
9053676,zest-v1,SP3VKRD4NNKKSGZE632CPDKRXW24Y6GQ6VGP7JRR1,SP3VKRD4NNKKSGZE632CPDKRXW24Y6GQ6VGP7JRR1,debt_stored,aeUSDC,1126812
9053676,zest-v1,SP3VM8F6FKS3810M3NVE6GZ937BJXZGMVKZPVT1E2,SP3VM8F6FKS3810M3NVE6GZ937BJXZGMVKZPVT1E2,collateral,STX,2226863
9053676,zest-v1,SP3VM8F6FKS3810M3NVE6GZ937BJXZGMVKZPVT1E2,SP3VM8F6FKS3810M3NVE6GZ937BJXZGMVKZPVT1E2,collateral,stSTX,19842513
9053676,zest-v1,SP3VM8F6FKS3810M3NVE6GZ937BJXZGMVKZPVT1E2,SP3VM8F6FKS3810M3NVE6GZ937BJXZGMVKZPVT1E2,debt,STX,11461186
9053676,zest-v1,SP3VM8F6FKS3810M3NVE6GZ937BJXZGMVKZPVT1E2,SP3VM8F6FKS3810M3NVE6GZ937BJXZGMVKZPVT1E2,debt,stSTX,6
9053676,zest-v1,SP3VM8F6FKS3810M3NVE6GZ937BJXZGMVKZPVT1E2,SP3VM8F6FKS3810M3NVE6GZ937BJXZGMVKZPVT1E2,debt_stored,STX,11410505
9053676,zest-v1,SP3VM8F6FKS3810M3NVE6GZ937BJXZGMVKZPVT1E2,SP3VM8F6FKS3810M3NVE6GZ937BJXZGMVKZPVT1E2,debt_stored,stSTX,5
9053676,zest-v1,SP3VMMC1E6416NVZEW36J7R1D1KKNV49WFMJYAYXV,SP3VMMC1E6416NVZEW36J7R1D1KKNV49WFMJYAYXV,collateral,stSTX,150064214
9053676,zest-v1,SP3VMMC1E6416NVZEW36J7R1D1KKNV49WFMJYAYXV,SP3VMMC1E6416NVZEW36J7R1D1KKNV49WFMJYAYXV,debt,STX,59027510
9053676,zest-v1,SP3VMMC1E6416NVZEW36J7R1D1KKNV49WFMJYAYXV,SP3VMMC1E6416NVZEW36J7R1D1KKNV49WFMJYAYXV,debt_stored,STX,50186678
9053676,zest-v1,SP3VMTA44MSFR0K6EWKX7E18BKD41WANCC41BMJAC,SP3VMTA44MSFR0K6EWKX7E18BKD41WANCC41BMJAC,collateral,STX,1053302
9053676,zest-v1,SP3VMTA44MSFR0K6EWKX7E18BKD41WANCC41BMJAC,SP3VMTA44MSFR0K6EWKX7E18BKD41WANCC41BMJAC,debt,STX,14784
9053676,zest-v1,SP3VMTA44MSFR0K6EWKX7E18BKD41WANCC41BMJAC,SP3VMTA44MSFR0K6EWKX7E18BKD41WANCC41BMJAC,debt_stored,STX,13104
9053676,zest-v1,SP3VP83NCJCPY3MCXSNR94GC6Q6SYJCQ8DY6QQQ89,SP3VP83NCJCPY3MCXSNR94GC6Q6SYJCQ8DY6QQQ89,collateral,stSTX,2003557
9053676,zest-v1,SP3VP83NCJCPY3MCXSNR94GC6Q6SYJCQ8DY6QQQ89,SP3VP83NCJCPY3MCXSNR94GC6Q6SYJCQ8DY6QQQ89,debt,stSTX,2096424
9053676,zest-v1,SP3VP83NCJCPY3MCXSNR94GC6Q6SYJCQ8DY6QQQ89,SP3VP83NCJCPY3MCXSNR94GC6Q6SYJCQ8DY6QQQ89,debt_stored,stSTX,2000000
9053676,zest-v1,SP3VR3GZ37ACP52FXQ10396BZS627QYYN94QGXV59,SP3VR3GZ37ACP52FXQ10396BZS627QYYN94QGXV59,collateral,stSTX,133135413
9053676,zest-v1,SP3VR3GZ37ACP52FXQ10396BZS627QYYN94QGXV59,SP3VR3GZ37ACP52FXQ10396BZS627QYYN94QGXV59,debt,STX,57649145
9053676,zest-v1,SP3VR3GZ37ACP52FXQ10396BZS627QYYN94QGXV59,SP3VR3GZ37ACP52FXQ10396BZS627QYYN94QGXV59,debt,stSTX,10
9053676,zest-v1,SP3VR3GZ37ACP52FXQ10396BZS627QYYN94QGXV59,SP3VR3GZ37ACP52FXQ10396BZS627QYYN94QGXV59,debt_stored,STX,51000000
9053676,zest-v1,SP3VR3GZ37ACP52FXQ10396BZS627QYYN94QGXV59,SP3VR3GZ37ACP52FXQ10396BZS627QYYN94QGXV59,debt_stored,stSTX,9
9053676,zest-v1,SP3VRJ5DP3FH2634PW3T3S60S9EC010CAPQ7XV35N,SP3VRJ5DP3FH2634PW3T3S60S9EC010CAPQ7XV35N,collateral,stSTX,19648641
9053676,zest-v1,SP3VRJ5DP3FH2634PW3T3S60S9EC010CAPQ7XV35N,SP3VRJ5DP3FH2634PW3T3S60S9EC010CAPQ7XV35N,debt,STX,10480042
9053676,zest-v1,SP3VRJ5DP3FH2634PW3T3S60S9EC010CAPQ7XV35N,SP3VRJ5DP3FH2634PW3T3S60S9EC010CAPQ7XV35N,debt_stored,STX,9000000
9053676,zest-v1,SP3W1EY9XBBCP2RG1J6A42WJNP4FAK4D8SVT4AB5V,SP3W1EY9XBBCP2RG1J6A42WJNP4FAK4D8SVT4AB5V,debt,aeUSDC,315759
9053676,zest-v1,SP3W1EY9XBBCP2RG1J6A42WJNP4FAK4D8SVT4AB5V,SP3W1EY9XBBCP2RG1J6A42WJNP4FAK4D8SVT4AB5V,debt_stored,aeUSDC,281570
9053676,zest-v1,SP3W2FYTW1J7ZR2VMG65HRJYBJ5R9Q48DCK1XASJJ,SP3W2FYTW1J7ZR2VMG65HRJYBJ5R9Q48DCK1XASJJ,collateral,stSTX,228448563
9053676,zest-v1,SP3W2FYTW1J7ZR2VMG65HRJYBJ5R9Q48DCK1XASJJ,SP3W2FYTW1J7ZR2VMG65HRJYBJ5R9Q48DCK1XASJJ,debt,stSTX,101955626
9053676,zest-v1,SP3W2FYTW1J7ZR2VMG65HRJYBJ5R9Q48DCK1XASJJ,SP3W2FYTW1J7ZR2VMG65HRJYBJ5R9Q48DCK1XASJJ,debt_stored,stSTX,97551727
9053676,zest-v1,SP3W3P6JW04MPZ2Z2BXJK733S18EWQ9SEV7Q8E7VH,SP3W3P6JW04MPZ2Z2BXJK733S18EWQ9SEV7Q8E7VH,collateral,sBTC,8
9053676,zest-v1,SP3W3P6JW04MPZ2Z2BXJK733S18EWQ9SEV7Q8E7VH,SP3W3P6JW04MPZ2Z2BXJK733S18EWQ9SEV7Q8E7VH,debt,USDH,647278
9053676,zest-v1,SP3W3P6JW04MPZ2Z2BXJK733S18EWQ9SEV7Q8E7VH,SP3W3P6JW04MPZ2Z2BXJK733S18EWQ9SEV7Q8E7VH,debt_stored,USDH,598697
9053676,zest-v1,SP3W3PCWC1WT2CHHHQV03YJ0XCTRKBEZQJ2NHTYT3,SP3W3PCWC1WT2CHHHQV03YJ0XCTRKBEZQJ2NHTYT3,collateral,stSTX,230926
9053676,zest-v1,SP3W3PCWC1WT2CHHHQV03YJ0XCTRKBEZQJ2NHTYT3,SP3W3PCWC1WT2CHHHQV03YJ0XCTRKBEZQJ2NHTYT3,debt,aeUSDC,18
9053676,zest-v1,SP3W3PCWC1WT2CHHHQV03YJ0XCTRKBEZQJ2NHTYT3,SP3W3PCWC1WT2CHHHQV03YJ0XCTRKBEZQJ2NHTYT3,debt_stored,aeUSDC,14
9053676,zest-v1,SP3W5R37Y7Z0VKFBGRS4FKTRM7H1QENTQXNFZ64H6,SP3W5R37Y7Z0VKFBGRS4FKTRM7H1QENTQXNFZ64H6,collateral,STX,54702323
9053676,zest-v1,SP3W5R37Y7Z0VKFBGRS4FKTRM7H1QENTQXNFZ64H6,SP3W5R37Y7Z0VKFBGRS4FKTRM7H1QENTQXNFZ64H6,debt,STX,5865219
9053676,zest-v1,SP3W5R37Y7Z0VKFBGRS4FKTRM7H1QENTQXNFZ64H6,SP3W5R37Y7Z0VKFBGRS4FKTRM7H1QENTQXNFZ64H6,debt_stored,STX,5000000
9053676,zest-v1,SP3W6S2T1MSDXF0HF2V8KWJZEFNAXM8HQZB5ATC50,SP3W6S2T1MSDXF0HF2V8KWJZEFNAXM8HQZB5ATC50,collateral,stSTX,2085881
9053676,zest-v1,SP3W6S2T1MSDXF0HF2V8KWJZEFNAXM8HQZB5ATC50,SP3W6S2T1MSDXF0HF2V8KWJZEFNAXM8HQZB5ATC50,debt,aeUSDC,525398
9053676,zest-v1,SP3W6S2T1MSDXF0HF2V8KWJZEFNAXM8HQZB5ATC50,SP3W6S2T1MSDXF0HF2V8KWJZEFNAXM8HQZB5ATC50,debt_stored,aeUSDC,495608
9053676,zest-v1,SP3W83KG17KJZZXPDZQDTRQKQRGHNFZN410R9P02E,SP3W83KG17KJZZXPDZQDTRQKQRGHNFZN410R9P02E,collateral,stSTX,1731904
9053676,zest-v1,SP3W83KG17KJZZXPDZQDTRQKQRGHNFZN410R9P02E,SP3W83KG17KJZZXPDZQDTRQKQRGHNFZN410R9P02E,debt,USDH,51234527
9053676,zest-v1,SP3W83KG17KJZZXPDZQDTRQKQRGHNFZN410R9P02E,SP3W83KG17KJZZXPDZQDTRQKQRGHNFZN410R9P02E,debt_stored,USDH,48143555
9053676,zest-v1,SP3WFW3G78JSYKFEYVTXJSBG9MYDG706DN00SR043,SP3WFW3G78JSYKFEYVTXJSBG9MYDG706DN00SR043,collateral,stSTX,412
9053676,zest-v1,SP3WFW3G78JSYKFEYVTXJSBG9MYDG706DN00SR043,SP3WFW3G78JSYKFEYVTXJSBG9MYDG706DN00SR043,debt,STX,29
9053676,zest-v1,SP3WFW3G78JSYKFEYVTXJSBG9MYDG706DN00SR043,SP3WFW3G78JSYKFEYVTXJSBG9MYDG706DN00SR043,debt,stSTX,5
9053676,zest-v1,SP3WFW3G78JSYKFEYVTXJSBG9MYDG706DN00SR043,SP3WFW3G78JSYKFEYVTXJSBG9MYDG706DN00SR043,debt_stored,STX,26
9053676,zest-v1,SP3WFW3G78JSYKFEYVTXJSBG9MYDG706DN00SR043,SP3WFW3G78JSYKFEYVTXJSBG9MYDG706DN00SR043,debt_stored,stSTX,4
9053676,zest-v1,SP3WG60S7VAXS92YW9GNQRV382BF0GHTFJ3EKN0Y6,SP3WG60S7VAXS92YW9GNQRV382BF0GHTFJ3EKN0Y6,collateral,STX,10795743
9053676,zest-v1,SP3WG60S7VAXS92YW9GNQRV382BF0GHTFJ3EKN0Y6,SP3WG60S7VAXS92YW9GNQRV382BF0GHTFJ3EKN0Y6,collateral,stSTX,4926288
9053676,zest-v1,SP3WG60S7VAXS92YW9GNQRV382BF0GHTFJ3EKN0Y6,SP3WG60S7VAXS92YW9GNQRV382BF0GHTFJ3EKN0Y6,debt,STX,5894287
9053676,zest-v1,SP3WG60S7VAXS92YW9GNQRV382BF0GHTFJ3EKN0Y6,SP3WG60S7VAXS92YW9GNQRV382BF0GHTFJ3EKN0Y6,debt_stored,STX,4975000
9053676,zest-v1,SP3WH4VDCB81VY2CGN0Z7XSJH8YSNF8R9B3E51VB2,SP3WH4VDCB81VY2CGN0Z7XSJH8YSNF8R9B3E51VB2,collateral,stSTX,376654
9053676,zest-v1,SP3WH4VDCB81VY2CGN0Z7XSJH8YSNF8R9B3E51VB2,SP3WH4VDCB81VY2CGN0Z7XSJH8YSNF8R9B3E51VB2,debt,stSTX,195652
9053676,zest-v1,SP3WH4VDCB81VY2CGN0Z7XSJH8YSNF8R9B3E51VB2,SP3WH4VDCB81VY2CGN0Z7XSJH8YSNF8R9B3E51VB2,debt_stored,stSTX,187496
9053676,zest-v1,SP3WHBHC4S8D4CXDQANTH6K0FQGVA4BSGD9PZV3RA,SP3WHBHC4S8D4CXDQANTH6K0FQGVA4BSGD9PZV3RA,collateral,stSTX,99476994
9053676,zest-v1,SP3WHBHC4S8D4CXDQANTH6K0FQGVA4BSGD9PZV3RA,SP3WHBHC4S8D4CXDQANTH6K0FQGVA4BSGD9PZV3RA,debt,STX,50696264
9053676,zest-v1,SP3WHBHC4S8D4CXDQANTH6K0FQGVA4BSGD9PZV3RA,SP3WHBHC4S8D4CXDQANTH6K0FQGVA4BSGD9PZV3RA,debt_stored,STX,43218750
9053676,zest-v1,SP3WWRQ45G4D25E2TJ9SX3JXQZDDRRVCREDV7FQGW,SP3WWRQ45G4D25E2TJ9SX3JXQZDDRRVCREDV7FQGW,collateral,sBTC,54211
9053676,zest-v1,SP3WWRQ45G4D25E2TJ9SX3JXQZDDRRVCREDV7FQGW,SP3WWRQ45G4D25E2TJ9SX3JXQZDDRRVCREDV7FQGW,collateral,stSTX,266874156
9053676,zest-v1,SP3WWRQ45G4D25E2TJ9SX3JXQZDDRRVCREDV7FQGW,SP3WWRQ45G4D25E2TJ9SX3JXQZDDRRVCREDV7FQGW,debt,STX,135072298
9053676,zest-v1,SP3WWRQ45G4D25E2TJ9SX3JXQZDDRRVCREDV7FQGW,SP3WWRQ45G4D25E2TJ9SX3JXQZDDRRVCREDV7FQGW,debt_stored,STX,121194321
9053676,zest-v1,SP3X1GS53ACYFGAR6WWR6RW6R5NVR168GVBAWJWFQ,SP3X1GS53ACYFGAR6WWR6RW6R5NVR168GVBAWJWFQ,collateral,STX,71879375
9053676,zest-v1,SP3X1GS53ACYFGAR6WWR6RW6R5NVR168GVBAWJWFQ,SP3X1GS53ACYFGAR6WWR6RW6R5NVR168GVBAWJWFQ,collateral,stSTX,138535986
9053676,zest-v1,SP3X1GS53ACYFGAR6WWR6RW6R5NVR168GVBAWJWFQ,SP3X1GS53ACYFGAR6WWR6RW6R5NVR168GVBAWJWFQ,debt,STX,76308116
9053676,zest-v1,SP3X1GS53ACYFGAR6WWR6RW6R5NVR168GVBAWJWFQ,SP3X1GS53ACYFGAR6WWR6RW6R5NVR168GVBAWJWFQ,debt_stored,STX,65000000
9053676,zest-v1,SP3X1PPX49N1MHFSHQJASZHNS4K6MDA4MKTGMJ08V,SP3X1PPX49N1MHFSHQJASZHNS4K6MDA4MKTGMJ08V,collateral,stSTX,31298329
9053676,zest-v1,SP3X1PPX49N1MHFSHQJASZHNS4K6MDA4MKTGMJ08V,SP3X1PPX49N1MHFSHQJASZHNS4K6MDA4MKTGMJ08V,collateral,stSTXbtc,1700000000
9053676,zest-v1,SP3X1PPX49N1MHFSHQJASZHNS4K6MDA4MKTGMJ08V,SP3X1PPX49N1MHFSHQJASZHNS4K6MDA4MKTGMJ08V,debt,aeUSDC,2960035
9053676,zest-v1,SP3X1PPX49N1MHFSHQJASZHNS4K6MDA4MKTGMJ08V,SP3X1PPX49N1MHFSHQJASZHNS4K6MDA4MKTGMJ08V,debt_stored,aeUSDC,2912835
9053676,zest-v1,SP3X2VA67GWQF583A7YNP2E9J3TD1MJAT9TQ0H8P,SP3X2VA67GWQF583A7YNP2E9J3TD1MJAT9TQ0H8P,collateral,stSTX,265957241
9053676,zest-v1,SP3X2VA67GWQF583A7YNP2E9J3TD1MJAT9TQ0H8P,SP3X2VA67GWQF583A7YNP2E9J3TD1MJAT9TQ0H8P,debt,stSTX,129704494
9053676,zest-v1,SP3X2VA67GWQF583A7YNP2E9J3TD1MJAT9TQ0H8P,SP3X2VA67GWQF583A7YNP2E9J3TD1MJAT9TQ0H8P,debt_stored,stSTX,123751453
9053676,zest-v1,SP3X7A0PY0SY0G67F7VHMWKGGG03V19WMZZR41PC3,SP3X7A0PY0SY0G67F7VHMWKGGG03V19WMZZR41PC3,collateral,stSTX,4662374
9053676,zest-v1,SP3X7A0PY0SY0G67F7VHMWKGGG03V19WMZZR41PC3,SP3X7A0PY0SY0G67F7VHMWKGGG03V19WMZZR41PC3,debt,sBTC,1165
9053676,zest-v1,SP3X7A0PY0SY0G67F7VHMWKGGG03V19WMZZR41PC3,SP3X7A0PY0SY0G67F7VHMWKGGG03V19WMZZR41PC3,debt,stSTX,35062
9053676,zest-v1,SP3X7A0PY0SY0G67F7VHMWKGGG03V19WMZZR41PC3,SP3X7A0PY0SY0G67F7VHMWKGGG03V19WMZZR41PC3,debt_stored,sBTC,1123
9053676,zest-v1,SP3X7A0PY0SY0G67F7VHMWKGGG03V19WMZZR41PC3,SP3X7A0PY0SY0G67F7VHMWKGGG03V19WMZZR41PC3,debt_stored,stSTX,33665
9053676,zest-v1,SP3XAGB4X61XCF68MDMFQD8W7MPFHN8HJBCW2E7JA,SP3XAGB4X61XCF68MDMFQD8W7MPFHN8HJBCW2E7JA,collateral,stSTX,5205093
9053676,zest-v1,SP3XAGB4X61XCF68MDMFQD8W7MPFHN8HJBCW2E7JA,SP3XAGB4X61XCF68MDMFQD8W7MPFHN8HJBCW2E7JA,debt,STX,1236473
9053676,zest-v1,SP3XAGB4X61XCF68MDMFQD8W7MPFHN8HJBCW2E7JA,SP3XAGB4X61XCF68MDMFQD8W7MPFHN8HJBCW2E7JA,debt,aeUSDC,1015479
9053676,zest-v1,SP3XAGB4X61XCF68MDMFQD8W7MPFHN8HJBCW2E7JA,SP3XAGB4X61XCF68MDMFQD8W7MPFHN8HJBCW2E7JA,debt_stored,STX,1054098
9053676,zest-v1,SP3XAGB4X61XCF68MDMFQD8W7MPFHN8HJBCW2E7JA,SP3XAGB4X61XCF68MDMFQD8W7MPFHN8HJBCW2E7JA,debt_stored,aeUSDC,957471
9053676,zest-v1,SP3XC5VKX238MJTBWME5PDK3WYT4E5B02XGP08XSR,SP3XC5VKX238MJTBWME5PDK3WYT4E5B02XGP08XSR,collateral,STX,342188685
9053676,zest-v1,SP3XC5VKX238MJTBWME5PDK3WYT4E5B02XGP08XSR,SP3XC5VKX238MJTBWME5PDK3WYT4E5B02XGP08XSR,debt,STX,56428960
9053676,zest-v1,SP3XC5VKX238MJTBWME5PDK3WYT4E5B02XGP08XSR,SP3XC5VKX238MJTBWME5PDK3WYT4E5B02XGP08XSR,debt_stored,STX,50000000
9053676,zest-v1,SP3XE83R926A0X892VA30028K0TT06PSMC8YGWGXQ,SP3XE83R926A0X892VA30028K0TT06PSMC8YGWGXQ,collateral,STX,59501245
9053676,zest-v1,SP3XE83R926A0X892VA30028K0TT06PSMC8YGWGXQ,SP3XE83R926A0X892VA30028K0TT06PSMC8YGWGXQ,collateral,stSTX,114082981
9053676,zest-v1,SP3XE83R926A0X892VA30028K0TT06PSMC8YGWGXQ,SP3XE83R926A0X892VA30028K0TT06PSMC8YGWGXQ,debt,STX,67439303
9053676,zest-v1,SP3XE83R926A0X892VA30028K0TT06PSMC8YGWGXQ,SP3XE83R926A0X892VA30028K0TT06PSMC8YGWGXQ,debt_stored,STX,57006166
9053676,zest-v1,SP3XF7DW9K4R0E23BKF9244TEJJM3DN5WWV5CW2Z2,SP3XF7DW9K4R0E23BKF9244TEJJM3DN5WWV5CW2Z2,collateral,STX,99
9053676,zest-v1,SP3XF7DW9K4R0E23BKF9244TEJJM3DN5WWV5CW2Z2,SP3XF7DW9K4R0E23BKF9244TEJJM3DN5WWV5CW2Z2,debt,aeUSDC,2
9053676,zest-v1,SP3XF7DW9K4R0E23BKF9244TEJJM3DN5WWV5CW2Z2,SP3XF7DW9K4R0E23BKF9244TEJJM3DN5WWV5CW2Z2,debt_stored,aeUSDC,1
9053676,zest-v1,SP3XGAZ3QKB0ZVJ73ZF1X4E0H4MDE3HGQ404XK58E,SP3XGAZ3QKB0ZVJ73ZF1X4E0H4MDE3HGQ404XK58E,collateral,stSTX,944
9053676,zest-v1,SP3XGAZ3QKB0ZVJ73ZF1X4E0H4MDE3HGQ404XK58E,SP3XGAZ3QKB0ZVJ73ZF1X4E0H4MDE3HGQ404XK58E,debt,stSTX,5
9053676,zest-v1,SP3XGAZ3QKB0ZVJ73ZF1X4E0H4MDE3HGQ404XK58E,SP3XGAZ3QKB0ZVJ73ZF1X4E0H4MDE3HGQ404XK58E,debt_stored,stSTX,4
9053676,zest-v1,SP3XGEQBNV745JEZ33ZKHQHYVY0YE1T35V09KSPHW,SP3XGEQBNV745JEZ33ZKHQHYVY0YE1T35V09KSPHW,collateral,stSTX,153218
9053676,zest-v1,SP3XGEQBNV745JEZ33ZKHQHYVY0YE1T35V09KSPHW,SP3XGEQBNV745JEZ33ZKHQHYVY0YE1T35V09KSPHW,debt,aeUSDC,2085
9053676,zest-v1,SP3XGEQBNV745JEZ33ZKHQHYVY0YE1T35V09KSPHW,SP3XGEQBNV745JEZ33ZKHQHYVY0YE1T35V09KSPHW,debt_stored,aeUSDC,1860
9053676,zest-v1,SP3XN5Y6J6C0ZXHEY4A4XZ8P28DPY1S4YBG4G3CH1,SP3XN5Y6J6C0ZXHEY4A4XZ8P28DPY1S4YBG4G3CH1,collateral,stSTX,12661763
9053676,zest-v1,SP3XN5Y6J6C0ZXHEY4A4XZ8P28DPY1S4YBG4G3CH1,SP3XN5Y6J6C0ZXHEY4A4XZ8P28DPY1S4YBG4G3CH1,debt,aeUSDC,1201321
9053676,zest-v1,SP3XN5Y6J6C0ZXHEY4A4XZ8P28DPY1S4YBG4G3CH1,SP3XN5Y6J6C0ZXHEY4A4XZ8P28DPY1S4YBG4G3CH1,debt_stored,aeUSDC,1182168
9053676,zest-v1,SP3XQMANKR51TFB1WZZYBZ5M40A2CFK9P67BAQ7EE,SP3XQMANKR51TFB1WZZYBZ5M40A2CFK9P67BAQ7EE,collateral,stSTX,100569538
9053676,zest-v1,SP3XQMANKR51TFB1WZZYBZ5M40A2CFK9P67BAQ7EE,SP3XQMANKR51TFB1WZZYBZ5M40A2CFK9P67BAQ7EE,debt,STX,41928943
9053676,zest-v1,SP3XQMANKR51TFB1WZZYBZ5M40A2CFK9P67BAQ7EE,SP3XQMANKR51TFB1WZZYBZ5M40A2CFK9P67BAQ7EE,debt,stSTX,5241777
9053676,zest-v1,SP3XQMANKR51TFB1WZZYBZ5M40A2CFK9P67BAQ7EE,SP3XQMANKR51TFB1WZZYBZ5M40A2CFK9P67BAQ7EE,debt_stored,STX,36248511
9053676,zest-v1,SP3XQMANKR51TFB1WZZYBZ5M40A2CFK9P67BAQ7EE,SP3XQMANKR51TFB1WZZYBZ5M40A2CFK9P67BAQ7EE,debt_stored,stSTX,5000000
9053676,zest-v1,SP3XTRRBJHEMVY2SF77DJKDXV5Q09MRZXYM431P3S,SP3XTRRBJHEMVY2SF77DJKDXV5Q09MRZXYM431P3S,collateral,stSTX,2003558
9053676,zest-v1,SP3XTRRBJHEMVY2SF77DJKDXV5Q09MRZXYM431P3S,SP3XTRRBJHEMVY2SF77DJKDXV5Q09MRZXYM431P3S,debt,STX,582933
9053676,zest-v1,SP3XTRRBJHEMVY2SF77DJKDXV5Q09MRZXYM431P3S,SP3XTRRBJHEMVY2SF77DJKDXV5Q09MRZXYM431P3S,debt_stored,STX,500000
9053676,zest-v1,SP3XTYYV9133Z7RNWEDEP04Z6FZ0E9WVKV9D65XQM,SP3XTYYV9133Z7RNWEDEP04Z6FZ0E9WVKV9D65XQM,collateral,USDH,30965011800
9053676,zest-v1,SP3XTYYV9133Z7RNWEDEP04Z6FZ0E9WVKV9D65XQM,SP3XTYYV9133Z7RNWEDEP04Z6FZ0E9WVKV9D65XQM,collateral,stSTX,749327360
9053676,zest-v1,SP3XTYYV9133Z7RNWEDEP04Z6FZ0E9WVKV9D65XQM,SP3XTYYV9133Z7RNWEDEP04Z6FZ0E9WVKV9D65XQM,debt,USDH,67060049
9053676,zest-v1,SP3XTYYV9133Z7RNWEDEP04Z6FZ0E9WVKV9D65XQM,SP3XTYYV9133Z7RNWEDEP04Z6FZ0E9WVKV9D65XQM,debt,stSTX,535738149
9053676,zest-v1,SP3XTYYV9133Z7RNWEDEP04Z6FZ0E9WVKV9D65XQM,SP3XTYYV9133Z7RNWEDEP04Z6FZ0E9WVKV9D65XQM,debt_stored,USDH,65463556
9053676,zest-v1,SP3XTYYV9133Z7RNWEDEP04Z6FZ0E9WVKV9D65XQM,SP3XTYYV9133Z7RNWEDEP04Z6FZ0E9WVKV9D65XQM,debt_stored,stSTX,512228202
9053676,zest-v1,SP3XVKFHS2Z6Z8PHB08PDDZ494YKNRFBVWS9E4RV8,SP3XVKFHS2Z6Z8PHB08PDDZ494YKNRFBVWS9E4RV8,collateral,stSTX,29635788
9053676,zest-v1,SP3XVKFHS2Z6Z8PHB08PDDZ494YKNRFBVWS9E4RV8,SP3XVKFHS2Z6Z8PHB08PDDZ494YKNRFBVWS9E4RV8,debt,aeUSDC,2570487
9053676,zest-v1,SP3XVKFHS2Z6Z8PHB08PDDZ494YKNRFBVWS9E4RV8,SP3XVKFHS2Z6Z8PHB08PDDZ494YKNRFBVWS9E4RV8,debt_stored,aeUSDC,2540932
9053676,zest-v1,SP3XX87N1K5EVGNTGCMEXHWFZFZ5T5SRZ04RC9XBT,SP3XX87N1K5EVGNTGCMEXHWFZFZ5T5SRZ04RC9XBT,collateral,stSTX,6057
9053676,zest-v1,SP3XX87N1K5EVGNTGCMEXHWFZFZ5T5SRZ04RC9XBT,SP3XX87N1K5EVGNTGCMEXHWFZFZ5T5SRZ04RC9XBT,debt,STX,80
9053676,zest-v1,SP3XX87N1K5EVGNTGCMEXHWFZFZ5T5SRZ04RC9XBT,SP3XX87N1K5EVGNTGCMEXHWFZFZ5T5SRZ04RC9XBT,debt_stored,STX,72
9053676,zest-v1,SP3XYXX4N50GPPAZ8YE1C9XX5YF3B8BJBQAA9FVTT,SP3XYXX4N50GPPAZ8YE1C9XX5YF3B8BJBQAA9FVTT,collateral,stSTX,101179972
9053676,zest-v1,SP3XYXX4N50GPPAZ8YE1C9XX5YF3B8BJBQAA9FVTT,SP3XYXX4N50GPPAZ8YE1C9XX5YF3B8BJBQAA9FVTT,debt,STX,5865224
9053676,zest-v1,SP3XYXX4N50GPPAZ8YE1C9XX5YF3B8BJBQAA9FVTT,SP3XYXX4N50GPPAZ8YE1C9XX5YF3B8BJBQAA9FVTT,debt_stored,STX,5000000
9053676,zest-v1,SP3XZ9701DM8XEAXZT86A0JC3DMB70CPKD4X13KKD,SP3XZ9701DM8XEAXZT86A0JC3DMB70CPKD4X13KKD,collateral,stSTX,80888340
9053676,zest-v1,SP3XZ9701DM8XEAXZT86A0JC3DMB70CPKD4X13KKD,SP3XZ9701DM8XEAXZT86A0JC3DMB70CPKD4X13KKD,debt,stSTX,42128838
9053676,zest-v1,SP3XZ9701DM8XEAXZT86A0JC3DMB70CPKD4X13KKD,SP3XZ9701DM8XEAXZT86A0JC3DMB70CPKD4X13KKD,debt_stored,stSTX,40413414
9053676,zest-v1,SP3Y4FBG02E39JM2Y9KA6NPTWW4MAP9HEBVYC40SD,SP3Y4FBG02E39JM2Y9KA6NPTWW4MAP9HEBVYC40SD,collateral,stSTX,1017461876
9053676,zest-v1,SP3Y4FBG02E39JM2Y9KA6NPTWW4MAP9HEBVYC40SD,SP3Y4FBG02E39JM2Y9KA6NPTWW4MAP9HEBVYC40SD,debt,aeUSDC,98950331
9053676,zest-v1,SP3Y4FBG02E39JM2Y9KA6NPTWW4MAP9HEBVYC40SD,SP3Y4FBG02E39JM2Y9KA6NPTWW4MAP9HEBVYC40SD,debt_stored,aeUSDC,97812583
9053676,zest-v1,SP3Y4Q6YE58SJSWS2YAM2402JHNBJNH8Z3JGN5GB8,SP3Y4Q6YE58SJSWS2YAM2402JHNBJNH8Z3JGN5GB8,collateral,stSTX,95894530
9053676,zest-v1,SP3Y4Q6YE58SJSWS2YAM2402JHNBJNH8Z3JGN5GB8,SP3Y4Q6YE58SJSWS2YAM2402JHNBJNH8Z3JGN5GB8,debt,STX,40699119
9053676,zest-v1,SP3Y4Q6YE58SJSWS2YAM2402JHNBJNH8Z3JGN5GB8,SP3Y4Q6YE58SJSWS2YAM2402JHNBJNH8Z3JGN5GB8,debt_stored,STX,35000000
9053676,zest-v1,SP3YBGWRSHSV4E8MC7NGH5SQ4W9ZGFEY1G960DVJS,SP3YBGWRSHSV4E8MC7NGH5SQ4W9ZGFEY1G960DVJS,collateral,stSTX,191872304
9053676,zest-v1,SP3YBGWRSHSV4E8MC7NGH5SQ4W9ZGFEY1G960DVJS,SP3YBGWRSHSV4E8MC7NGH5SQ4W9ZGFEY1G960DVJS,debt,STX,106508937
9053676,zest-v1,SP3YBGWRSHSV4E8MC7NGH5SQ4W9ZGFEY1G960DVJS,SP3YBGWRSHSV4E8MC7NGH5SQ4W9ZGFEY1G960DVJS,debt_stored,STX,90702727
9053676,zest-v1,SP3YDJ3KH7ER26GZB08XJF9ZSZ54V1XSXVJ1NBHE6,SP3YDJ3KH7ER26GZB08XJF9ZSZ54V1XSXVJ1NBHE6,collateral,stSTX,10850645
9053676,zest-v1,SP3YDJ3KH7ER26GZB08XJF9ZSZ54V1XSXVJ1NBHE6,SP3YDJ3KH7ER26GZB08XJF9ZSZ54V1XSXVJ1NBHE6,debt,stSTX,5645682
9053676,zest-v1,SP3YDJ3KH7ER26GZB08XJF9ZSZ54V1XSXVJ1NBHE6,SP3YDJ3KH7ER26GZB08XJF9ZSZ54V1XSXVJ1NBHE6,debt_stored,stSTX,5388636
9053676,zest-v1,SP3YEVF4WR00WN2SENM59EJKPVP2NWBR8QX42ZJA1,SP3YEVF4WR00WN2SENM59EJKPVP2NWBR8QX42ZJA1,collateral,stSTX,317936
9053676,zest-v1,SP3YEVF4WR00WN2SENM59EJKPVP2NWBR8QX42ZJA1,SP3YEVF4WR00WN2SENM59EJKPVP2NWBR8QX42ZJA1,debt,aeUSDC,16518
9053676,zest-v1,SP3YEVF4WR00WN2SENM59EJKPVP2NWBR8QX42ZJA1,SP3YEVF4WR00WN2SENM59EJKPVP2NWBR8QX42ZJA1,debt,stSTX,291680
9053676,zest-v1,SP3YEVF4WR00WN2SENM59EJKPVP2NWBR8QX42ZJA1,SP3YEVF4WR00WN2SENM59EJKPVP2NWBR8QX42ZJA1,debt_stored,aeUSDC,15167
9053676,zest-v1,SP3YEVF4WR00WN2SENM59EJKPVP2NWBR8QX42ZJA1,SP3YEVF4WR00WN2SENM59EJKPVP2NWBR8QX42ZJA1,debt_stored,stSTX,279212
9053676,zest-v1,SP3YEWQXPP6C4VPGJB8Z0N0XD4KS1TZ20QCBKB61K,SP3YEWQXPP6C4VPGJB8Z0N0XD4KS1TZ20QCBKB61K,collateral,stSTX,21037430
9053676,zest-v1,SP3YEWQXPP6C4VPGJB8Z0N0XD4KS1TZ20QCBKB61K,SP3YEWQXPP6C4VPGJB8Z0N0XD4KS1TZ20QCBKB61K,debt,aeUSDC,200818
9053676,zest-v1,SP3YEWQXPP6C4VPGJB8Z0N0XD4KS1TZ20QCBKB61K,SP3YEWQXPP6C4VPGJB8Z0N0XD4KS1TZ20QCBKB61K,debt_stored,aeUSDC,161857
9053676,zest-v1,SP3YKW7DBTYDSA0FJH1EF8Q208A9HP65RAP4WEG5H,SP3YKW7DBTYDSA0FJH1EF8Q208A9HP65RAP4WEG5H,collateral,stSTX,188308827
9053676,zest-v1,SP3YKW7DBTYDSA0FJH1EF8Q208A9HP65RAP4WEG5H,SP3YKW7DBTYDSA0FJH1EF8Q208A9HP65RAP4WEG5H,debt,STX,104540211
9053676,zest-v1,SP3YKW7DBTYDSA0FJH1EF8Q208A9HP65RAP4WEG5H,SP3YKW7DBTYDSA0FJH1EF8Q208A9HP65RAP4WEG5H,debt_stored,STX,89005313
9053676,zest-v1,SP3YM926G158RV76VT9M2NCVE0V5RT76Y1ZMTNZQ8,SP3YM926G158RV76VT9M2NCVE0V5RT76Y1ZMTNZQ8,collateral,STX,11292916
9053676,zest-v1,SP3YM926G158RV76VT9M2NCVE0V5RT76Y1ZMTNZQ8,SP3YM926G158RV76VT9M2NCVE0V5RT76Y1ZMTNZQ8,collateral,stSTX,2371729749
9053676,zest-v1,SP3YM926G158RV76VT9M2NCVE0V5RT76Y1ZMTNZQ8,SP3YM926G158RV76VT9M2NCVE0V5RT76Y1ZMTNZQ8,debt,stSTX,1056647734
9053676,zest-v1,SP3YM926G158RV76VT9M2NCVE0V5RT76Y1ZMTNZQ8,SP3YM926G158RV76VT9M2NCVE0V5RT76Y1ZMTNZQ8,debt_stored,stSTX,1011569526
9053676,zest-v1,SP3YPBS92X6324XXMSKKKHE4D93GEBEK888JP8X9V,SP3YPBS92X6324XXMSKKKHE4D93GEBEK888JP8X9V,collateral,stSTX,4686940123
9053676,zest-v1,SP3YPBS92X6324XXMSKKKHE4D93GEBEK888JP8X9V,SP3YPBS92X6324XXMSKKKHE4D93GEBEK888JP8X9V,debt,aeUSDC,394248216
9053676,zest-v1,SP3YPBS92X6324XXMSKKKHE4D93GEBEK888JP8X9V,SP3YPBS92X6324XXMSKKKHE4D93GEBEK888JP8X9V,debt_stored,aeUSDC,389715567
9053676,zest-v1,SP3YSPMQ7EANV6CTV0PEBNFJ8DAAZE8AGCS5VCQJB,SP3YSPMQ7EANV6CTV0PEBNFJ8DAAZE8AGCS5VCQJB,collateral,stSTX,133502525
9053676,zest-v1,SP3YSPMQ7EANV6CTV0PEBNFJ8DAAZE8AGCS5VCQJB,SP3YSPMQ7EANV6CTV0PEBNFJ8DAAZE8AGCS5VCQJB,debt,STX,59912770
9053676,zest-v1,SP3YSPMQ7EANV6CTV0PEBNFJ8DAAZE8AGCS5VCQJB,SP3YSPMQ7EANV6CTV0PEBNFJ8DAAZE8AGCS5VCQJB,debt,stSTX,6
9053676,zest-v1,SP3YSPMQ7EANV6CTV0PEBNFJ8DAAZE8AGCS5VCQJB,SP3YSPMQ7EANV6CTV0PEBNFJ8DAAZE8AGCS5VCQJB,debt_stored,STX,53000000
9053676,zest-v1,SP3YSPMQ7EANV6CTV0PEBNFJ8DAAZE8AGCS5VCQJB,SP3YSPMQ7EANV6CTV0PEBNFJ8DAAZE8AGCS5VCQJB,debt_stored,stSTX,5
9053676,zest-v1,SP3YSS1RJJF8CA39NBGAZMWBEYRMRAFJ72RBSN1TM,SP3YSS1RJJF8CA39NBGAZMWBEYRMRAFJ72RBSN1TM,collateral,stSTX,510908
9053676,zest-v1,SP3YSS1RJJF8CA39NBGAZMWBEYRMRAFJ72RBSN1TM,SP3YSS1RJJF8CA39NBGAZMWBEYRMRAFJ72RBSN1TM,debt,STX,117304
9053676,zest-v1,SP3YSS1RJJF8CA39NBGAZMWBEYRMRAFJ72RBSN1TM,SP3YSS1RJJF8CA39NBGAZMWBEYRMRAFJ72RBSN1TM,debt_stored,STX,100000
9053676,zest-v1,SP3YVBDA8AMM7S9Y2MMXFREDWABP454HPW98RQBSD,SP3YVBDA8AMM7S9Y2MMXFREDWABP454HPW98RQBSD,collateral,stSTX,68770651
9053676,zest-v1,SP3YVBDA8AMM7S9Y2MMXFREDWABP454HPW98RQBSD,SP3YVBDA8AMM7S9Y2MMXFREDWABP454HPW98RQBSD,debt,STX,29100113
9053676,zest-v1,SP3YVBDA8AMM7S9Y2MMXFREDWABP454HPW98RQBSD,SP3YVBDA8AMM7S9Y2MMXFREDWABP454HPW98RQBSD,debt_stored,STX,25000000
9053676,zest-v1,SP3YWPQ29SZ3AXXRHZE0JBDBK75GBEY2AT94CPV21,SP3YWPQ29SZ3AXXRHZE0JBDBK75GBEY2AT94CPV21,collateral,STX,451668
9053676,zest-v1,SP3YWPQ29SZ3AXXRHZE0JBDBK75GBEY2AT94CPV21,SP3YWPQ29SZ3AXXRHZE0JBDBK75GBEY2AT94CPV21,debt,STX,95517
9053676,zest-v1,SP3YWPQ29SZ3AXXRHZE0JBDBK75GBEY2AT94CPV21,SP3YWPQ29SZ3AXXRHZE0JBDBK75GBEY2AT94CPV21,debt_stored,STX,85000
9053676,zest-v1,SP3YYBQ9Z8213CA0XBG92H8HVE8JF8E40XGEQ3ESV,SP3YYBQ9Z8213CA0XBG92H8HVE8JF8E40XGEQ3ESV,collateral,STX,54702245
9053676,zest-v1,SP3YYBQ9Z8213CA0XBG92H8HVE8JF8E40XGEQ3ESV,SP3YYBQ9Z8213CA0XBG92H8HVE8JF8E40XGEQ3ESV,debt,STX,5865145
9053676,zest-v1,SP3YYBQ9Z8213CA0XBG92H8HVE8JF8E40XGEQ3ESV,SP3YYBQ9Z8213CA0XBG92H8HVE8JF8E40XGEQ3ESV,debt_stored,STX,5000000
9053676,zest-v1,SP3YYFF1K5W7AN0YT2ETS93YF1SPD004ASCWENKAQ,SP3YYFF1K5W7AN0YT2ETS93YF1SPD004ASCWENKAQ,collateral,STX,21675029
9053676,zest-v1,SP3YYFF1K5W7AN0YT2ETS93YF1SPD004ASCWENKAQ,SP3YYFF1K5W7AN0YT2ETS93YF1SPD004ASCWENKAQ,debt,STX,8342045
9053676,zest-v1,SP3YYFF1K5W7AN0YT2ETS93YF1SPD004ASCWENKAQ,SP3YYFF1K5W7AN0YT2ETS93YF1SPD004ASCWENKAQ,debt_stored,STX,7000000
9053676,zest-v1,SP3Z412AWB9DW1GH1JKP5TPZZRFWENF24JX5BEM4B,SP3Z412AWB9DW1GH1JKP5TPZZRFWENF24JX5BEM4B,collateral,stSTX,3105525
9053676,zest-v1,SP3Z412AWB9DW1GH1JKP5TPZZRFWENF24JX5BEM4B,SP3Z412AWB9DW1GH1JKP5TPZZRFWENF24JX5BEM4B,debt,STX,1531432
9053676,zest-v1,SP3Z412AWB9DW1GH1JKP5TPZZRFWENF24JX5BEM4B,SP3Z412AWB9DW1GH1JKP5TPZZRFWENF24JX5BEM4B,debt_stored,STX,1302241
9053676,zest-v1,SP3Z6M5RSHSHJ781CD2DS41TMS1TV20JCFT6XXKQJ,SP3Z6M5RSHSHJ781CD2DS41TMS1TV20JCFT6XXKQJ,collateral,stSTX,58830
9053676,zest-v1,SP3Z6M5RSHSHJ781CD2DS41TMS1TV20JCFT6XXKQJ,SP3Z6M5RSHSHJ781CD2DS41TMS1TV20JCFT6XXKQJ,debt,STX,14606
9053676,zest-v1,SP3Z6M5RSHSHJ781CD2DS41TMS1TV20JCFT6XXKQJ,SP3Z6M5RSHSHJ781CD2DS41TMS1TV20JCFT6XXKQJ,debt_stored,STX,13000
9053676,zest-v1,SP3Z8J8BZYY63889GAY59DMRFRWWY3GT5CKX5N29D,SP3Z8J8BZYY63889GAY59DMRFRWWY3GT5CKX5N29D,collateral,stSTX,1202215
9053676,zest-v1,SP3Z8J8BZYY63889GAY59DMRFRWWY3GT5CKX5N29D,SP3Z8J8BZYY63889GAY59DMRFRWWY3GT5CKX5N29D,debt,USDH,59888397
9053676,zest-v1,SP3Z8J8BZYY63889GAY59DMRFRWWY3GT5CKX5N29D,SP3Z8J8BZYY63889GAY59DMRFRWWY3GT5CKX5N29D,debt_stored,USDH,56275337
9053676,zest-v1,SP3ZJF89QRQW466932PHMQ2Q65MMK1EHKPJA2M9DT,SP3ZJF89QRQW466932PHMQ2Q65MMK1EHKPJA2M9DT,collateral,STX,7240336
9053676,zest-v1,SP3ZJF89QRQW466932PHMQ2Q65MMK1EHKPJA2M9DT,SP3ZJF89QRQW466932PHMQ2Q65MMK1EHKPJA2M9DT,debt,aeUSDC,1303421
9053676,zest-v1,SP3ZJF89QRQW466932PHMQ2Q65MMK1EHKPJA2M9DT,SP3ZJF89QRQW466932PHMQ2Q65MMK1EHKPJA2M9DT,debt_stored,aeUSDC,1225193
9053676,zest-v1,SP3ZJJ1528NXYXCQMR1BAFD269G48MBW0EZT8XZD9,SP3ZJJ1528NXYXCQMR1BAFD269G48MBW0EZT8XZD9,collateral,stSTX,112979451
9053676,zest-v1,SP3ZJJ1528NXYXCQMR1BAFD269G48MBW0EZT8XZD9,SP3ZJJ1528NXYXCQMR1BAFD269G48MBW0EZT8XZD9,debt,STX,2283483
9053676,zest-v1,SP3ZJJ1528NXYXCQMR1BAFD269G48MBW0EZT8XZD9,SP3ZJJ1528NXYXCQMR1BAFD269G48MBW0EZT8XZD9,debt,stSTX,55555735
9053676,zest-v1,SP3ZJJ1528NXYXCQMR1BAFD269G48MBW0EZT8XZD9,SP3ZJJ1528NXYXCQMR1BAFD269G48MBW0EZT8XZD9,debt_stored,STX,2000000
9053676,zest-v1,SP3ZJJ1528NXYXCQMR1BAFD269G48MBW0EZT8XZD9,SP3ZJJ1528NXYXCQMR1BAFD269G48MBW0EZT8XZD9,debt_stored,stSTX,53078409
9053676,zest-v1,SP3ZJXZ7321QH9NWJAYEN27CEX1SR3HT7TY7Y11TT,SP3ZJXZ7321QH9NWJAYEN27CEX1SR3HT7TY7Y11TT,collateral,stSTX,3778324
9053676,zest-v1,SP3ZJXZ7321QH9NWJAYEN27CEX1SR3HT7TY7Y11TT,SP3ZJXZ7321QH9NWJAYEN27CEX1SR3HT7TY7Y11TT,debt,aeUSDC,916386
9053676,zest-v1,SP3ZJXZ7321QH9NWJAYEN27CEX1SR3HT7TY7Y11TT,SP3ZJXZ7321QH9NWJAYEN27CEX1SR3HT7TY7Y11TT,debt_stored,aeUSDC,864842
9053676,zest-v1,SP3ZTEQ37YPJFFR43MSG3S3BYKP98W93338F0AZ9S,SP3ZTEQ37YPJFFR43MSG3S3BYKP98W93338F0AZ9S,collateral,stSTX,130975478
9053676,zest-v1,SP3ZTEQ37YPJFFR43MSG3S3BYKP98W93338F0AZ9S,SP3ZTEQ37YPJFFR43MSG3S3BYKP98W93338F0AZ9S,debt,STX,61040444
9053676,zest-v1,SP3ZTEQ37YPJFFR43MSG3S3BYKP98W93338F0AZ9S,SP3ZTEQ37YPJFFR43MSG3S3BYKP98W93338F0AZ9S,debt,stSTX,10
9053676,zest-v1,SP3ZTEQ37YPJFFR43MSG3S3BYKP98W93338F0AZ9S,SP3ZTEQ37YPJFFR43MSG3S3BYKP98W93338F0AZ9S,debt_stored,STX,54000000
9053676,zest-v1,SP3ZTEQ37YPJFFR43MSG3S3BYKP98W93338F0AZ9S,SP3ZTEQ37YPJFFR43MSG3S3BYKP98W93338F0AZ9S,debt_stored,stSTX,9
9053676,zest-v1,SP3ZTY2CAGNRRDE9RJNNF849S5B4TAVMPA7RNVA0X,SP3ZTY2CAGNRRDE9RJNNF849S5B4TAVMPA7RNVA0X,collateral,stSTX,1878511758
9053676,zest-v1,SP3ZTY2CAGNRRDE9RJNNF849S5B4TAVMPA7RNVA0X,SP3ZTY2CAGNRRDE9RJNNF849S5B4TAVMPA7RNVA0X,debt,aeUSDC,178614033
9053676,zest-v1,SP3ZTY2CAGNRRDE9RJNNF849S5B4TAVMPA7RNVA0X,SP3ZTY2CAGNRRDE9RJNNF849S5B4TAVMPA7RNVA0X,debt_stored,aeUSDC,175764293
9053676,zest-v1,SP3ZW442AHT23SWB1NZ6QMKS17BQYWCTZS7371864,SP3ZW442AHT23SWB1NZ6QMKS17BQYWCTZS7371864,collateral,stSTX,134802680
9053676,zest-v1,SP3ZW442AHT23SWB1NZ6QMKS17BQYWCTZS7371864,SP3ZW442AHT23SWB1NZ6QMKS17BQYWCTZS7371864,debt,STX,62952213
9053676,zest-v1,SP3ZW442AHT23SWB1NZ6QMKS17BQYWCTZS7371864,SP3ZW442AHT23SWB1NZ6QMKS17BQYWCTZS7371864,debt,stSTX,3
9053676,zest-v1,SP3ZW442AHT23SWB1NZ6QMKS17BQYWCTZS7371864,SP3ZW442AHT23SWB1NZ6QMKS17BQYWCTZS7371864,debt_stored,STX,56366582
9053676,zest-v1,SP3ZW442AHT23SWB1NZ6QMKS17BQYWCTZS7371864,SP3ZW442AHT23SWB1NZ6QMKS17BQYWCTZS7371864,debt_stored,stSTX,2
9053676,zest-v1,SP3ZWBR39XF80ABMVGZ66ETNXRH3HGCQHRPYW40GG,SP3ZWBR39XF80ABMVGZ66ETNXRH3HGCQHRPYW40GG,collateral,stSTX,108936898
9053676,zest-v1,SP3ZWBR39XF80ABMVGZ66ETNXRH3HGCQHRPYW40GG,SP3ZWBR39XF80ABMVGZ66ETNXRH3HGCQHRPYW40GG,debt,stSTX,56542086
9053676,zest-v1,SP3ZWBR39XF80ABMVGZ66ETNXRH3HGCQHRPYW40GG,SP3ZWBR39XF80ABMVGZ66ETNXRH3HGCQHRPYW40GG,debt_stored,stSTX,54103238
9053676,zest-v1,SP3ZWCFRGEJ6AH9T15DXPQ5H804RWWK1RPGAE0K2X,SP3ZWCFRGEJ6AH9T15DXPQ5H804RWWK1RPGAE0K2X,collateral,stSTX,322571546
9053676,zest-v1,SP3ZWCFRGEJ6AH9T15DXPQ5H804RWWK1RPGAE0K2X,SP3ZWCFRGEJ6AH9T15DXPQ5H804RWWK1RPGAE0K2X,debt,stSTX,167682880
9053676,zest-v1,SP3ZWCFRGEJ6AH9T15DXPQ5H804RWWK1RPGAE0K2X,SP3ZWCFRGEJ6AH9T15DXPQ5H804RWWK1RPGAE0K2X,debt_stored,stSTX,160000000
9053676,zest-v1,SP3ZY0X5RVF844ZSGBQ22MTDERV2PJEN1C5TSG1N0,SP3ZY0X5RVF844ZSGBQ22MTDERV2PJEN1C5TSG1N0,collateral,STX,108332052
9053676,zest-v1,SP3ZY0X5RVF844ZSGBQ22MTDERV2PJEN1C5TSG1N0,SP3ZY0X5RVF844ZSGBQ22MTDERV2PJEN1C5TSG1N0,debt,STX,5865219
9053676,zest-v1,SP3ZY0X5RVF844ZSGBQ22MTDERV2PJEN1C5TSG1N0,SP3ZY0X5RVF844ZSGBQ22MTDERV2PJEN1C5TSG1N0,debt_stored,STX,5000000
9053676,zest-v1,SP3ZZ0MR8C26QWXE92NK0MR52KHMBZE3KHANX3E1G,SP3ZZ0MR8C26QWXE92NK0MR52KHMBZE3KHANX3E1G,collateral,stSTX,74131899
9053676,zest-v1,SP3ZZ0MR8C26QWXE92NK0MR52KHMBZE3KHANX3E1G,SP3ZZ0MR8C26QWXE92NK0MR52KHMBZE3KHANX3E1G,debt,STX,37637506
9053676,zest-v1,SP3ZZ0MR8C26QWXE92NK0MR52KHMBZE3KHANX3E1G,SP3ZZ0MR8C26QWXE92NK0MR52KHMBZE3KHANX3E1G,debt_stored,STX,32099253
9053676,zest-v1,SP42H2EKD3Z4GHFWZB6Q4BYSN5XYE10DMK0K2P26,SP42H2EKD3Z4GHFWZB6Q4BYSN5XYE10DMK0K2P26,collateral,stSTX,129761429
9053676,zest-v1,SP42H2EKD3Z4GHFWZB6Q4BYSN5XYE10DMK0K2P26,SP42H2EKD3Z4GHFWZB6Q4BYSN5XYE10DMK0K2P26,debt,STX,57663592
9053676,zest-v1,SP42H2EKD3Z4GHFWZB6Q4BYSN5XYE10DMK0K2P26,SP42H2EKD3Z4GHFWZB6Q4BYSN5XYE10DMK0K2P26,debt_stored,STX,51000000
9053676,zest-v1,SP4E1VHEBH293T2QB1F6VG1DJRX7NFD1WMBVXJK9,SP4E1VHEBH293T2QB1F6VG1DJRX7NFD1WMBVXJK9,collateral,stSTX,105299816
9053676,zest-v1,SP4E1VHEBH293T2QB1F6VG1DJRX7NFD1WMBVXJK9,SP4E1VHEBH293T2QB1F6VG1DJRX7NFD1WMBVXJK9,debt,stSTX,54654313
9053676,zest-v1,SP4E1VHEBH293T2QB1F6VG1DJRX7NFD1WMBVXJK9,SP4E1VHEBH293T2QB1F6VG1DJRX7NFD1WMBVXJK9,debt_stored,stSTX,52296891
9053676,zest-v1,SP4HVX51TQVRZRYQ4Q3VSCPTBJGE2DW5MGV96X1N,SP4HVX51TQVRZRYQ4Q3VSCPTBJGE2DW5MGV96X1N,collateral,stSTX,40658801
9053676,zest-v1,SP4HVX51TQVRZRYQ4Q3VSCPTBJGE2DW5MGV96X1N,SP4HVX51TQVRZRYQ4Q3VSCPTBJGE2DW5MGV96X1N,debt,STX,23979310
9053676,zest-v1,SP4HVX51TQVRZRYQ4Q3VSCPTBJGE2DW5MGV96X1N,SP4HVX51TQVRZRYQ4Q3VSCPTBJGE2DW5MGV96X1N,debt_stored,STX,20442115
9053676,zest-v1,SP4PFFP8JRS69BS65RQ0TVQPHWZZZAAVTHK6PQWT,SP4PFFP8JRS69BS65RQ0TVQPHWZZZAAVTHK6PQWT,collateral,stSTX,914
9053676,zest-v1,SP4PFFP8JRS69BS65RQ0TVQPHWZZZAAVTHK6PQWT,SP4PFFP8JRS69BS65RQ0TVQPHWZZZAAVTHK6PQWT,debt,STX,56
9053676,zest-v1,SP4PFFP8JRS69BS65RQ0TVQPHWZZZAAVTHK6PQWT,SP4PFFP8JRS69BS65RQ0TVQPHWZZZAAVTHK6PQWT,debt_stored,STX,50
9053676,zest-v1,SP4XNJ46PSB9Y2A9042SX509Q6XRSXPTQ3JMB25H,SP4XNJ46PSB9Y2A9042SX509Q6XRSXPTQ3JMB25H,collateral,STX,64919873
9053676,zest-v1,SP4XNJ46PSB9Y2A9042SX509Q6XRSXPTQ3JMB25H,SP4XNJ46PSB9Y2A9042SX509Q6XRSXPTQ3JMB25H,collateral,stSTX,118079576
9053676,zest-v1,SP4XNJ46PSB9Y2A9042SX509Q6XRSXPTQ3JMB25H,SP4XNJ46PSB9Y2A9042SX509Q6XRSXPTQ3JMB25H,debt,STX,69489950
9053676,zest-v1,SP4XNJ46PSB9Y2A9042SX509Q6XRSXPTQ3JMB25H,SP4XNJ46PSB9Y2A9042SX509Q6XRSXPTQ3JMB25H,debt_stored,STX,59142236
9053676,zest-v1,SP51ZK8RQJQ2B6FY80FFZA2RJBH5EQKFE82RFDC7,SP51ZK8RQJQ2B6FY80FFZA2RJBH5EQKFE82RFDC7,collateral,stSTXbtc,7809712556
9053676,zest-v1,SP51ZK8RQJQ2B6FY80FFZA2RJBH5EQKFE82RFDC7,SP51ZK8RQJQ2B6FY80FFZA2RJBH5EQKFE82RFDC7,debt,STX,4053308165
9053676,zest-v1,SP51ZK8RQJQ2B6FY80FFZA2RJBH5EQKFE82RFDC7,SP51ZK8RQJQ2B6FY80FFZA2RJBH5EQKFE82RFDC7,debt,USDH,823
9053676,zest-v1,SP51ZK8RQJQ2B6FY80FFZA2RJBH5EQKFE82RFDC7,SP51ZK8RQJQ2B6FY80FFZA2RJBH5EQKFE82RFDC7,debt,aeUSDC,16156205
9053676,zest-v1,SP51ZK8RQJQ2B6FY80FFZA2RJBH5EQKFE82RFDC7,SP51ZK8RQJQ2B6FY80FFZA2RJBH5EQKFE82RFDC7,debt_stored,STX,3838879926
9053676,zest-v1,SP51ZK8RQJQ2B6FY80FFZA2RJBH5EQKFE82RFDC7,SP51ZK8RQJQ2B6FY80FFZA2RJBH5EQKFE82RFDC7,debt_stored,USDH,767
9053676,zest-v1,SP51ZK8RQJQ2B6FY80FFZA2RJBH5EQKFE82RFDC7,SP51ZK8RQJQ2B6FY80FFZA2RJBH5EQKFE82RFDC7,debt_stored,aeUSDC,15097117
9053676,zest-v1,SP5516ZJXY1HY0Z5RDS907JJ141XMSZ28XFM4Z0Q,SP5516ZJXY1HY0Z5RDS907JJ141XMSZ28XFM4Z0Q,collateral,stSTX,102252251
9053676,zest-v1,SP5516ZJXY1HY0Z5RDS907JJ141XMSZ28XFM4Z0Q,SP5516ZJXY1HY0Z5RDS907JJ141XMSZ28XFM4Z0Q,debt,stSTX,53072519
9053676,zest-v1,SP5516ZJXY1HY0Z5RDS907JJ141XMSZ28XFM4Z0Q,SP5516ZJXY1HY0Z5RDS907JJ141XMSZ28XFM4Z0Q,debt_stored,stSTX,50783325
9053676,zest-v1,SP55B8GPX15Z85277DK2YNARA6P1EHWP6FJZC1X1,SP55B8GPX15Z85277DK2YNARA6P1EHWP6FJZC1X1,collateral,stSTX,25256624
9053676,zest-v1,SP55B8GPX15Z85277DK2YNARA6P1EHWP6FJZC1X1,SP55B8GPX15Z85277DK2YNARA6P1EHWP6FJZC1X1,debt,stSTX,4358405
9053676,zest-v1,SP55B8GPX15Z85277DK2YNARA6P1EHWP6FJZC1X1,SP55B8GPX15Z85277DK2YNARA6P1EHWP6FJZC1X1,debt_stored,stSTX,4157284
9053676,zest-v1,SP55DR77BE23GPRX1ZP2PXHV0FEW1YVEEZYKT45C,SP55DR77BE23GPRX1ZP2PXHV0FEW1YVEEZYKT45C,collateral,STX,31727186
9053676,zest-v1,SP55DR77BE23GPRX1ZP2PXHV0FEW1YVEEZYKT45C,SP55DR77BE23GPRX1ZP2PXHV0FEW1YVEEZYKT45C,collateral,stSTX,115687259
9053676,zest-v1,SP55DR77BE23GPRX1ZP2PXHV0FEW1YVEEZYKT45C,SP55DR77BE23GPRX1ZP2PXHV0FEW1YVEEZYKT45C,debt,stSTX,51697147
9053676,zest-v1,SP55DR77BE23GPRX1ZP2PXHV0FEW1YVEEZYKT45C,SP55DR77BE23GPRX1ZP2PXHV0FEW1YVEEZYKT45C,debt_stored,stSTX,49399007
9053676,zest-v1,SP566VT540CKMW6RSRKFN5TZYHMPB0T9PMP7YYZ2,SP566VT540CKMW6RSRKFN5TZYHMPB0T9PMP7YYZ2,collateral,stSTX,9093022
9053676,zest-v1,SP566VT540CKMW6RSRKFN5TZYHMPB0T9PMP7YYZ2,SP566VT540CKMW6RSRKFN5TZYHMPB0T9PMP7YYZ2,debt,stSTX,4724061
9053676,zest-v1,SP566VT540CKMW6RSRKFN5TZYHMPB0T9PMP7YYZ2,SP566VT540CKMW6RSRKFN5TZYHMPB0T9PMP7YYZ2,debt_stored,stSTX,4538045
9053676,zest-v1,SP5BXQ2WZQXSWC3NPX0ZQ5X2CH93D76F10XX97Q9,SP5BXQ2WZQXSWC3NPX0ZQ5X2CH93D76F10XX97Q9,collateral,stSTX,149830950
9053676,zest-v1,SP5BXQ2WZQXSWC3NPX0ZQ5X2CH93D76F10XX97Q9,SP5BXQ2WZQXSWC3NPX0ZQ5X2CH93D76F10XX97Q9,debt,STX,51394978
9053676,zest-v1,SP5BXQ2WZQXSWC3NPX0ZQ5X2CH93D76F10XX97Q9,SP5BXQ2WZQXSWC3NPX0ZQ5X2CH93D76F10XX97Q9,debt_stored,STX,44107861
9053676,zest-v1,SP5HT6PS4V2M9CD62VM48FEXZ36CBM67BZ7VZ0FZ,SP5HT6PS4V2M9CD62VM48FEXZ36CBM67BZ7VZ0FZ,collateral,USDH,74
9053676,zest-v1,SP5HT6PS4V2M9CD62VM48FEXZ36CBM67BZ7VZ0FZ,SP5HT6PS4V2M9CD62VM48FEXZ36CBM67BZ7VZ0FZ,collateral,sBTC,10
9053676,zest-v1,SP5HT6PS4V2M9CD62VM48FEXZ36CBM67BZ7VZ0FZ,SP5HT6PS4V2M9CD62VM48FEXZ36CBM67BZ7VZ0FZ,debt,USDH,757315
9053676,zest-v1,SP5HT6PS4V2M9CD62VM48FEXZ36CBM67BZ7VZ0FZ,SP5HT6PS4V2M9CD62VM48FEXZ36CBM67BZ7VZ0FZ,debt_stored,USDH,700452
9053676,zest-v1,SP5TXV59MPMDRQKRC4E6TD9FTW2SVG3DRNTKP6G4,SP5TXV59MPMDRQKRC4E6TD9FTW2SVG3DRNTKP6G4,collateral,STX,5362977
9053676,zest-v1,SP5TXV59MPMDRQKRC4E6TD9FTW2SVG3DRNTKP6G4,SP5TXV59MPMDRQKRC4E6TD9FTW2SVG3DRNTKP6G4,debt,STX,1290349
9053676,zest-v1,SP5TXV59MPMDRQKRC4E6TD9FTW2SVG3DRNTKP6G4,SP5TXV59MPMDRQKRC4E6TD9FTW2SVG3DRNTKP6G4,debt_stored,STX,1100000
9053676,zest-v1,SP5YG6488RHEQTBQWK73KNJ952SH73VBSEQQ41YA,SP5YG6488RHEQTBQWK73KNJ952SH73VBSEQQ41YA,collateral,stSTXbtc,3500000000
9053676,zest-v1,SP5YG6488RHEQTBQWK73KNJ952SH73VBSEQQ41YA,SP5YG6488RHEQTBQWK73KNJ952SH73VBSEQQ41YA,debt,stSTX,1565315760
9053676,zest-v1,SP5YG6488RHEQTBQWK73KNJ952SH73VBSEQQ41YA,SP5YG6488RHEQTBQWK73KNJ952SH73VBSEQQ41YA,debt_stored,stSTX,1500000000
9053676,zest-v1,SP650EAE40CBKBNMARBNEPCZK3B4B2M8VTPWR215,SP650EAE40CBKBNMARBNEPCZK3B4B2M8VTPWR215,collateral,sBTC,8
9053676,zest-v1,SP650EAE40CBKBNMARBNEPCZK3B4B2M8VTPWR215,SP650EAE40CBKBNMARBNEPCZK3B4B2M8VTPWR215,debt,USDH,617826
9053676,zest-v1,SP650EAE40CBKBNMARBNEPCZK3B4B2M8VTPWR215,SP650EAE40CBKBNMARBNEPCZK3B4B2M8VTPWR215,debt_stored,USDH,571450
9053676,zest-v1,SP67NSCB8ZZMRQ7Z3V3K5VZNW9MMTJSQPAES3DDM,SP67NSCB8ZZMRQ7Z3V3K5VZNW9MMTJSQPAES3DDM,collateral,STX,9122659
9053676,zest-v1,SP67NSCB8ZZMRQ7Z3V3K5VZNW9MMTJSQPAES3DDM,SP67NSCB8ZZMRQ7Z3V3K5VZNW9MMTJSQPAES3DDM,collateral,stSTX,6951994
9053676,zest-v1,SP67NSCB8ZZMRQ7Z3V3K5VZNW9MMTJSQPAES3DDM,SP67NSCB8ZZMRQ7Z3V3K5VZNW9MMTJSQPAES3DDM,debt,aeUSDC,34262
9053676,zest-v1,SP67NSCB8ZZMRQ7Z3V3K5VZNW9MMTJSQPAES3DDM,SP67NSCB8ZZMRQ7Z3V3K5VZNW9MMTJSQPAES3DDM,debt_stored,aeUSDC,25999
9053676,zest-v1,SP68RJR7B16V4S9C69PFYBSQG2G98SVD0R754484,SP68RJR7B16V4S9C69PFYBSQG2G98SVD0R754484,collateral,stSTX,128915452
9053676,zest-v1,SP68RJR7B16V4S9C69PFYBSQG2G98SVD0R754484,SP68RJR7B16V4S9C69PFYBSQG2G98SVD0R754484,debt,stSTX,44830574
9053676,zest-v1,SP68RJR7B16V4S9C69PFYBSQG2G98SVD0R754484,SP68RJR7B16V4S9C69PFYBSQG2G98SVD0R754484,debt_stored,stSTX,42752582
9053676,zest-v1,SP6CG22E967ZVT6920M8ZREGEZE19E6DJR2QB9Z9,SP6CG22E967ZVT6920M8ZREGEZE19E6DJR2QB9Z9,collateral,stSTX,1027
9053676,zest-v1,SP6CG22E967ZVT6920M8ZREGEZE19E6DJR2QB9Z9,SP6CG22E967ZVT6920M8ZREGEZE19E6DJR2QB9Z9,debt,stSTX,15
9053676,zest-v1,SP6CG22E967ZVT6920M8ZREGEZE19E6DJR2QB9Z9,SP6CG22E967ZVT6920M8ZREGEZE19E6DJR2QB9Z9,debt_stored,stSTX,14
9053676,zest-v1,SP6DY71RQE3104DJKRYRD4MPKX62AQ6KG6K5XCCN,SP6DY71RQE3104DJKRYRD4MPKX62AQ6KG6K5XCCN,debt,sUSDT,2654
9053676,zest-v1,SP6DY71RQE3104DJKRYRD4MPKX62AQ6KG6K5XCCN,SP6DY71RQE3104DJKRYRD4MPKX62AQ6KG6K5XCCN,debt_stored,sUSDT,2653
9053676,zest-v1,SP6FD8F1VVJ1XBQVX33TBWZXNR5XA1ES2B4AQ81F,SP6FD8F1VVJ1XBQVX33TBWZXNR5XA1ES2B4AQ81F,collateral,stSTX,283739733
9053676,zest-v1,SP6FD8F1VVJ1XBQVX33TBWZXNR5XA1ES2B4AQ81F,SP6FD8F1VVJ1XBQVX33TBWZXNR5XA1ES2B4AQ81F,debt,STX,157116342
9053676,zest-v1,SP6FD8F1VVJ1XBQVX33TBWZXNR5XA1ES2B4AQ81F,SP6FD8F1VVJ1XBQVX33TBWZXNR5XA1ES2B4AQ81F,debt_stored,STX,133823879
9053676,zest-v1,SP6G8CM8JWF8WVJYVGN4BK9G25DMVVVR9HF7QKRV,SP6G8CM8JWF8WVJYVGN4BK9G25DMVVVR9HF7QKRV,collateral,stSTX,181611936
9053676,zest-v1,SP6G8CM8JWF8WVJYVGN4BK9G25DMVVVR9HF7QKRV,SP6G8CM8JWF8WVJYVGN4BK9G25DMVVVR9HF7QKRV,debt,STX,57864365
9053676,zest-v1,SP6G8CM8JWF8WVJYVGN4BK9G25DMVVVR9HF7QKRV,SP6G8CM8JWF8WVJYVGN4BK9G25DMVVVR9HF7QKRV,debt_stored,STX,50000000
9053676,zest-v1,SP6GKMZ7BWZN848ADG15N5G74M8QQSAV5D0VMDE1,SP6GKMZ7BWZN848ADG15N5G74M8QQSAV5D0VMDE1,collateral,STX,45143854
9053676,zest-v1,SP6GKMZ7BWZN848ADG15N5G74M8QQSAV5D0VMDE1,SP6GKMZ7BWZN848ADG15N5G74M8QQSAV5D0VMDE1,debt,stSTX,5243021
9053676,zest-v1,SP6GKMZ7BWZN848ADG15N5G74M8QQSAV5D0VMDE1,SP6GKMZ7BWZN848ADG15N5G74M8QQSAV5D0VMDE1,debt_stored,stSTX,5000000
9053676,zest-v1,SP6KDDXGXQET3YG38QB264B76V9FT5V77HK2JXGG,SP6KDDXGXQET3YG38QB264B76V9FT5V77HK2JXGG,collateral,STX,54538286
9053676,zest-v1,SP6KDDXGXQET3YG38QB264B76V9FT5V77HK2JXGG,SP6KDDXGXQET3YG38QB264B76V9FT5V77HK2JXGG,collateral,stSTX,350615978
9053676,zest-v1,SP6KDDXGXQET3YG38QB264B76V9FT5V77HK2JXGG,SP6KDDXGXQET3YG38QB264B76V9FT5V77HK2JXGG,debt,stSTX,25450020
9053676,zest-v1,SP6KDDXGXQET3YG38QB264B76V9FT5V77HK2JXGG,SP6KDDXGXQET3YG38QB264B76V9FT5V77HK2JXGG,debt_stored,stSTX,24334279
9053676,zest-v1,SP6NJ2W531HJM9W4NE08A2GJB6M9T62RRH8JJTCG,SP6NJ2W531HJM9W4NE08A2GJB6M9T62RRH8JJTCG,collateral,USDH,852
9053676,zest-v1,SP6NJ2W531HJM9W4NE08A2GJB6M9T62RRH8JJTCG,SP6NJ2W531HJM9W4NE08A2GJB6M9T62RRH8JJTCG,collateral,stSTX,3317163
9053676,zest-v1,SP6NJ2W531HJM9W4NE08A2GJB6M9T62RRH8JJTCG,SP6NJ2W531HJM9W4NE08A2GJB6M9T62RRH8JJTCG,debt,USDH,90724331
9053676,zest-v1,SP6NJ2W531HJM9W4NE08A2GJB6M9T62RRH8JJTCG,SP6NJ2W531HJM9W4NE08A2GJB6M9T62RRH8JJTCG,debt_stored,USDH,85320676
9053676,zest-v1,SP6PCHCCFART4ZTXCVZR9FT9F4JJ0Q2A4ET41W0R,SP6PCHCCFART4ZTXCVZR9FT9F4JJ0Q2A4ET41W0R,collateral,stSTX,6776
9053676,zest-v1,SP6PCHCCFART4ZTXCVZR9FT9F4JJ0Q2A4ET41W0R,SP6PCHCCFART4ZTXCVZR9FT9F4JJ0Q2A4ET41W0R,debt,STX,269
9053676,zest-v1,SP6PCHCCFART4ZTXCVZR9FT9F4JJ0Q2A4ET41W0R,SP6PCHCCFART4ZTXCVZR9FT9F4JJ0Q2A4ET41W0R,debt_stored,STX,238
9053676,zest-v1,SP6SGVE6KJP8S7BN66TJWP0HERWDTERXS9PKRHDN,SP6SGVE6KJP8S7BN66TJWP0HERWDTERXS9PKRHDN,collateral,stSTX,9778
9053676,zest-v1,SP6SGVE6KJP8S7BN66TJWP0HERWDTERXS9PKRHDN,SP6SGVE6KJP8S7BN66TJWP0HERWDTERXS9PKRHDN,debt,stSTX,52
9053676,zest-v1,SP6SGVE6KJP8S7BN66TJWP0HERWDTERXS9PKRHDN,SP6SGVE6KJP8S7BN66TJWP0HERWDTERXS9PKRHDN,debt_stored,stSTX,50
9053676,zest-v1,SP6VCC91ZYYJ21MS4HG40HGC7QJ9AZ8QC1PK6FVD,SP6VCC91ZYYJ21MS4HG40HGC7QJ9AZ8QC1PK6FVD,collateral,STX,2905951
9053676,zest-v1,SP6VCC91ZYYJ21MS4HG40HGC7QJ9AZ8QC1PK6FVD,SP6VCC91ZYYJ21MS4HG40HGC7QJ9AZ8QC1PK6FVD,debt,aeUSDC,577718
9053676,zest-v1,SP6VCC91ZYYJ21MS4HG40HGC7QJ9AZ8QC1PK6FVD,SP6VCC91ZYYJ21MS4HG40HGC7QJ9AZ8QC1PK6FVD,debt_stored,aeUSDC,544961
9053676,zest-v1,SP6XGBDAD800GGY6XF48AC27467W9PEHA6EPBGKJ.test-zest-interface-hbtc-v1-1,SP6XGBDAD800GGY6XF48AC27467W9PEHA6EPBGKJ.test-zest-interface-hbtc-v1-1,collateral,sBTC,828
9053676,zest-v1,SP6XGBDAD800GGY6XF48AC27467W9PEHA6EPBGKJ.test-zest-interface-hbtc-v1-1,SP6XGBDAD800GGY6XF48AC27467W9PEHA6EPBGKJ.test-zest-interface-hbtc-v1-1,debt,USDH,7754709
9053676,zest-v1,SP6XGBDAD800GGY6XF48AC27467W9PEHA6EPBGKJ.test-zest-interface-hbtc-v1-1,SP6XGBDAD800GGY6XF48AC27467W9PEHA6EPBGKJ.test-zest-interface-hbtc-v1-1,debt_stored,USDH,7230139
9053676,zest-v1,SP6XGBDAD800GGY6XF48AC27467W9PEHA6EPBGKJ.test-zest-interface-hbtc4-v1,SP6XGBDAD800GGY6XF48AC27467W9PEHA6EPBGKJ.test-zest-interface-hbtc4-v1,collateral,sBTC,3
9053676,zest-v1,SP6XGBDAD800GGY6XF48AC27467W9PEHA6EPBGKJ.test-zest-interface-hbtc4-v1,SP6XGBDAD800GGY6XF48AC27467W9PEHA6EPBGKJ.test-zest-interface-hbtc4-v1,debt,USDH,2
9053676,zest-v1,SP6XGBDAD800GGY6XF48AC27467W9PEHA6EPBGKJ.test-zest-interface-hbtc4-v1,SP6XGBDAD800GGY6XF48AC27467W9PEHA6EPBGKJ.test-zest-interface-hbtc4-v1,debt_stored,USDH,1
9053676,zest-v1,SP6ZCVNK7XV1ZNDSJGHCFH796C0GRRZVEP40D1HN,SP6ZCVNK7XV1ZNDSJGHCFH796C0GRRZVEP40D1HN,collateral,sBTC,39717
9053676,zest-v1,SP6ZCVNK7XV1ZNDSJGHCFH796C0GRRZVEP40D1HN,SP6ZCVNK7XV1ZNDSJGHCFH796C0GRRZVEP40D1HN,collateral,stSTX,95069047
9053676,zest-v1,SP6ZCVNK7XV1ZNDSJGHCFH796C0GRRZVEP40D1HN,SP6ZCVNK7XV1ZNDSJGHCFH796C0GRRZVEP40D1HN,debt,stSTX,49372015
9053676,zest-v1,SP6ZCVNK7XV1ZNDSJGHCFH796C0GRRZVEP40D1HN,SP6ZCVNK7XV1ZNDSJGHCFH796C0GRRZVEP40D1HN,debt_stored,stSTX,47214932
9053676,zest-v1,SP6ZRJRMFAGCMW9K05EDSSTDPREYW6RKEEW75APY,SP6ZRJRMFAGCMW9K05EDSSTDPREYW6RKEEW75APY,collateral,stSTX,257260685
9053676,zest-v1,SP6ZRJRMFAGCMW9K05EDSSTDPREYW6RKEEW75APY,SP6ZRJRMFAGCMW9K05EDSSTDPREYW6RKEEW75APY,debt,aeUSDC,25161145
9053676,zest-v1,SP6ZRJRMFAGCMW9K05EDSSTDPREYW6RKEEW75APY,SP6ZRJRMFAGCMW9K05EDSSTDPREYW6RKEEW75APY,debt_stored,aeUSDC,24759907
9053676,zest-v1,SP76AS2D8FJPA9VK115JC48MNS01JS7YZMD2FMCP,SP76AS2D8FJPA9VK115JC48MNS01JS7YZMD2FMCP,collateral,STX,2138547
9053676,zest-v1,SP76AS2D8FJPA9VK115JC48MNS01JS7YZMD2FMCP,SP76AS2D8FJPA9VK115JC48MNS01JS7YZMD2FMCP,debt,stSTX,1021560
9053676,zest-v1,SP76AS2D8FJPA9VK115JC48MNS01JS7YZMD2FMCP,SP76AS2D8FJPA9VK115JC48MNS01JS7YZMD2FMCP,debt_stored,stSTX,974592
9053676,zest-v1,SP779SC9CDWQVMTRXT0HZCEHSDBXCHNGG7BC1H9B,SP779SC9CDWQVMTRXT0HZCEHSDBXCHNGG7BC1H9B,collateral,stSTX,23589092871
9053676,zest-v1,SP779SC9CDWQVMTRXT0HZCEHSDBXCHNGG7BC1H9B,SP779SC9CDWQVMTRXT0HZCEHSDBXCHNGG7BC1H9B,debt,aeUSDC,1613510654
9053676,zest-v1,SP779SC9CDWQVMTRXT0HZCEHSDBXCHNGG7BC1H9B,SP779SC9CDWQVMTRXT0HZCEHSDBXCHNGG7BC1H9B,debt_stored,aeUSDC,1596516013
9053676,zest-v1,SP7A10Y8GBTRBGYXZF02DJS9CWQY0T8BZRAHEASP,SP7A10Y8GBTRBGYXZF02DJS9CWQY0T8BZRAHEASP,collateral,STX,819287
9053676,zest-v1,SP7A10Y8GBTRBGYXZF02DJS9CWQY0T8BZRAHEASP,SP7A10Y8GBTRBGYXZF02DJS9CWQY0T8BZRAHEASP,debt,STX,21347
9053676,zest-v1,SP7A10Y8GBTRBGYXZF02DJS9CWQY0T8BZRAHEASP,SP7A10Y8GBTRBGYXZF02DJS9CWQY0T8BZRAHEASP,debt_stored,STX,19000
9053676,zest-v1,SP7DMXKBSM8K3CJJJJNPTE3MNACK1WJ2PF1Y7Y29,SP7DMXKBSM8K3CJJJJNPTE3MNACK1WJ2PF1Y7Y29,debt,sUSDT,450
9053676,zest-v1,SP7DMXKBSM8K3CJJJJNPTE3MNACK1WJ2PF1Y7Y29,SP7DMXKBSM8K3CJJJJNPTE3MNACK1WJ2PF1Y7Y29,debt_stored,sUSDT,449
9053676,zest-v1,SP7DTTR30FX57K7W26RCTW1FPAV12DF3B04NBRWT,SP7DTTR30FX57K7W26RCTW1FPAV12DF3B04NBRWT,collateral,stSTX,10656
9053676,zest-v1,SP7DTTR30FX57K7W26RCTW1FPAV12DF3B04NBRWT,SP7DTTR30FX57K7W26RCTW1FPAV12DF3B04NBRWT,debt,STX,1712
9053676,zest-v1,SP7DTTR30FX57K7W26RCTW1FPAV12DF3B04NBRWT,SP7DTTR30FX57K7W26RCTW1FPAV12DF3B04NBRWT,debt_stored,STX,1502
9053676,zest-v1,SP7EFV7NZYD22S027E32NZE7N0FYRJW8K2PX1Z40,SP7EFV7NZYD22S027E32NZE7N0FYRJW8K2PX1Z40,collateral,stSTX,213356
9053676,zest-v1,SP7EFV7NZYD22S027E32NZE7N0FYRJW8K2PX1Z40,SP7EFV7NZYD22S027E32NZE7N0FYRJW8K2PX1Z40,debt,aeUSDC,33099
9053676,zest-v1,SP7EFV7NZYD22S027E32NZE7N0FYRJW8K2PX1Z40,SP7EFV7NZYD22S027E32NZE7N0FYRJW8K2PX1Z40,debt_stored,aeUSDC,26258
9053676,zest-v1,SP7F0N9E90XMA50F58CTHRT2598E56F6V3VPYXCQ,SP7F0N9E90XMA50F58CTHRT2598E56F6V3VPYXCQ,collateral,stSTX,374145698
9053676,zest-v1,SP7F0N9E90XMA50F58CTHRT2598E56F6V3VPYXCQ,SP7F0N9E90XMA50F58CTHRT2598E56F6V3VPYXCQ,debt,STX,80788656
9053676,zest-v1,SP7F0N9E90XMA50F58CTHRT2598E56F6V3VPYXCQ,SP7F0N9E90XMA50F58CTHRT2598E56F6V3VPYXCQ,debt,stSTX,88495822
9053676,zest-v1,SP7F0N9E90XMA50F58CTHRT2598E56F6V3VPYXCQ,SP7F0N9E90XMA50F58CTHRT2598E56F6V3VPYXCQ,debt_stored,STX,69265976
9053676,zest-v1,SP7F0N9E90XMA50F58CTHRT2598E56F6V3VPYXCQ,SP7F0N9E90XMA50F58CTHRT2598E56F6V3VPYXCQ,debt_stored,stSTX,84394590
9053676,zest-v1,SP7JC2QPN0101W9SXYQ2P953J4Q63P6T0P548WKQ,SP7JC2QPN0101W9SXYQ2P953J4Q63P6T0P548WKQ,collateral,sBTC,5
9053676,zest-v1,SP7JC2QPN0101W9SXYQ2P953J4Q63P6T0P548WKQ,SP7JC2QPN0101W9SXYQ2P953J4Q63P6T0P548WKQ,debt,USDH,403148
9053676,zest-v1,SP7JC2QPN0101W9SXYQ2P953J4Q63P6T0P548WKQ,SP7JC2QPN0101W9SXYQ2P953J4Q63P6T0P548WKQ,debt_stored,USDH,372812
9053676,zest-v1,SP7S3EJYAM7NVJ7KD0KEFCY78MRP9M4G2N92QZ24,SP7S3EJYAM7NVJ7KD0KEFCY78MRP9M4G2N92QZ24,collateral,stSTX,1040
9053676,zest-v1,SP7S3EJYAM7NVJ7KD0KEFCY78MRP9M4G2N92QZ24,SP7S3EJYAM7NVJ7KD0KEFCY78MRP9M4G2N92QZ24,debt,stSTX,20
9053676,zest-v1,SP7S3EJYAM7NVJ7KD0KEFCY78MRP9M4G2N92QZ24,SP7S3EJYAM7NVJ7KD0KEFCY78MRP9M4G2N92QZ24,debt_stored,stSTX,19
9053676,zest-v1,SP7TEF3PAXCQHZF4N5PT68GWQ5PGWR6VDNWQ5CYK,SP7TEF3PAXCQHZF4N5PT68GWQ5PGWR6VDNWQ5CYK,collateral,stSTX,1882761548
9053676,zest-v1,SP7TEF3PAXCQHZF4N5PT68GWQ5PGWR6VDNWQ5CYK,SP7TEF3PAXCQHZF4N5PT68GWQ5PGWR6VDNWQ5CYK,debt,STX,147
9053676,zest-v1,SP7TEF3PAXCQHZF4N5PT68GWQ5PGWR6VDNWQ5CYK,SP7TEF3PAXCQHZF4N5PT68GWQ5PGWR6VDNWQ5CYK,debt,stSTX,523107644
9053676,zest-v1,SP7TEF3PAXCQHZF4N5PT68GWQ5PGWR6VDNWQ5CYK,SP7TEF3PAXCQHZF4N5PT68GWQ5PGWR6VDNWQ5CYK,debt_stored,STX,130
9053676,zest-v1,SP7TEF3PAXCQHZF4N5PT68GWQ5PGWR6VDNWQ5CYK,SP7TEF3PAXCQHZF4N5PT68GWQ5PGWR6VDNWQ5CYK,debt_stored,stSTX,500154408
9053676,zest-v1,SP7TYMCHNJJ0F8FQPXSN2B7TT90V9798G2PQ2CN3,SP7TYMCHNJJ0F8FQPXSN2B7TT90V9798G2PQ2CN3,collateral,stSTX,10512041591
9053676,zest-v1,SP7TYMCHNJJ0F8FQPXSN2B7TT90V9798G2PQ2CN3,SP7TYMCHNJJ0F8FQPXSN2B7TT90V9798G2PQ2CN3,debt,STX,12865
9053676,zest-v1,SP7TYMCHNJJ0F8FQPXSN2B7TT90V9798G2PQ2CN3,SP7TYMCHNJJ0F8FQPXSN2B7TT90V9798G2PQ2CN3,debt,stSTX,5442523320
9053676,zest-v1,SP7TYMCHNJJ0F8FQPXSN2B7TT90V9798G2PQ2CN3,SP7TYMCHNJJ0F8FQPXSN2B7TT90V9798G2PQ2CN3,debt_stored,STX,11312
9053676,zest-v1,SP7TYMCHNJJ0F8FQPXSN2B7TT90V9798G2PQ2CN3,SP7TYMCHNJJ0F8FQPXSN2B7TT90V9798G2PQ2CN3,debt_stored,stSTX,5200000000
9053676,zest-v1,SP85BBSRQXDYV7VRCH074DXZFZTSXC3D73BD707J,SP85BBSRQXDYV7VRCH074DXZFZTSXC3D73BD707J,collateral,STX,5362257
9053676,zest-v1,SP85BBSRQXDYV7VRCH074DXZFZTSXC3D73BD707J,SP85BBSRQXDYV7VRCH074DXZFZTSXC3D73BD707J,debt,STX,1172474
9053676,zest-v1,SP85BBSRQXDYV7VRCH074DXZFZTSXC3D73BD707J,SP85BBSRQXDYV7VRCH074DXZFZTSXC3D73BD707J,debt_stored,STX,1000000
9053676,zest-v1,SP86RGM9GEE1TVWEWJ0HFE1S1ADFN4WPTZYGS5P4,SP86RGM9GEE1TVWEWJ0HFE1S1ADFN4WPTZYGS5P4,collateral,stSTX,130719314
9053676,zest-v1,SP86RGM9GEE1TVWEWJ0HFE1S1ADFN4WPTZYGS5P4,SP86RGM9GEE1TVWEWJ0HFE1S1ADFN4WPTZYGS5P4,debt,STX,61860610
9053676,zest-v1,SP86RGM9GEE1TVWEWJ0HFE1S1ADFN4WPTZYGS5P4,SP86RGM9GEE1TVWEWJ0HFE1S1ADFN4WPTZYGS5P4,debt_stored,STX,54656285
9053676,zest-v1,SP87MT4CA256R9HD2DZ6ZWF9CMGB9Y7SMK1X7JE4,SP87MT4CA256R9HD2DZ6ZWF9CMGB9Y7SMK1X7JE4,collateral,stSTX,100178242
9053676,zest-v1,SP87MT4CA256R9HD2DZ6ZWF9CMGB9Y7SMK1X7JE4,SP87MT4CA256R9HD2DZ6ZWF9CMGB9Y7SMK1X7JE4,debt,stSTX,44027103
9053676,zest-v1,SP87MT4CA256R9HD2DZ6ZWF9CMGB9Y7SMK1X7JE4,SP87MT4CA256R9HD2DZ6ZWF9CMGB9Y7SMK1X7JE4,debt_stored,stSTX,42006479
9053676,zest-v1,SP87PHFBSH9B51W2GBEN7BG4RHF81PP6Q4WKJ96V,SP87PHFBSH9B51W2GBEN7BG4RHF81PP6Q4WKJ96V,collateral,stSTX,5211
9053676,zest-v1,SP87PHFBSH9B51W2GBEN7BG4RHF81PP6Q4WKJ96V,SP87PHFBSH9B51W2GBEN7BG4RHF81PP6Q4WKJ96V,debt,aeUSDC,233
9053676,zest-v1,SP87PHFBSH9B51W2GBEN7BG4RHF81PP6Q4WKJ96V,SP87PHFBSH9B51W2GBEN7BG4RHF81PP6Q4WKJ96V,debt_stored,aeUSDC,205
9053676,zest-v1,SP88T9ZPQ2B8VECHWE7GA1H6YFYG3013F2PMTT78,SP88T9ZPQ2B8VECHWE7GA1H6YFYG3013F2PMTT78,collateral,STX,471941483
9053676,zest-v1,SP88T9ZPQ2B8VECHWE7GA1H6YFYG3013F2PMTT78,SP88T9ZPQ2B8VECHWE7GA1H6YFYG3013F2PMTT78,collateral,stSTX,908169650
9053676,zest-v1,SP88T9ZPQ2B8VECHWE7GA1H6YFYG3013F2PMTT78,SP88T9ZPQ2B8VECHWE7GA1H6YFYG3013F2PMTT78,debt,STX,527877328
9053676,zest-v1,SP88T9ZPQ2B8VECHWE7GA1H6YFYG3013F2PMTT78,SP88T9ZPQ2B8VECHWE7GA1H6YFYG3013F2PMTT78,debt_stored,STX,450000000
9053676,zest-v1,SP8DS6EEP9G6WJT96YVFRKQ6HSNKQDK22X71K0V1,SP8DS6EEP9G6WJT96YVFRKQ6HSNKQDK22X71K0V1,collateral,stSTX,129556019
9053676,zest-v1,SP8DS6EEP9G6WJT96YVFRKQ6HSNKQDK22X71K0V1,SP8DS6EEP9G6WJT96YVFRKQ6HSNKQDK22X71K0V1,debt,STX,56235004
9053676,zest-v1,SP8DS6EEP9G6WJT96YVFRKQ6HSNKQDK22X71K0V1,SP8DS6EEP9G6WJT96YVFRKQ6HSNKQDK22X71K0V1,debt,stSTX,7
9053676,zest-v1,SP8DS6EEP9G6WJT96YVFRKQ6HSNKQDK22X71K0V1,SP8DS6EEP9G6WJT96YVFRKQ6HSNKQDK22X71K0V1,debt_stored,STX,49726393
9053676,zest-v1,SP8DS6EEP9G6WJT96YVFRKQ6HSNKQDK22X71K0V1,SP8DS6EEP9G6WJT96YVFRKQ6HSNKQDK22X71K0V1,debt_stored,stSTX,6
9053676,zest-v1,SP8FJY9QA7478VB123KAZPC8C272HDH2FF3MNMMB,SP8FJY9QA7478VB123KAZPC8C272HDH2FF3MNMMB,collateral,STX,7946992
9053676,zest-v1,SP8FJY9QA7478VB123KAZPC8C272HDH2FF3MNMMB,SP8FJY9QA7478VB123KAZPC8C272HDH2FF3MNMMB,debt,aeUSDC,1202099
9053676,zest-v1,SP8FJY9QA7478VB123KAZPC8C272HDH2FF3MNMMB,SP8FJY9QA7478VB123KAZPC8C272HDH2FF3MNMMB,debt_stored,aeUSDC,1127558
9053676,zest-v1,SP8H1JPB3VWRXNS8ZWYZK09WRBXD9308Z88MBEC1,SP8H1JPB3VWRXNS8ZWYZK09WRBXD9308Z88MBEC1,collateral,STX,16086829
9053676,zest-v1,SP8H1JPB3VWRXNS8ZWYZK09WRBXD9308Z88MBEC1,SP8H1JPB3VWRXNS8ZWYZK09WRBXD9308Z88MBEC1,collateral,stSTX,1524652
9053676,zest-v1,SP8H1JPB3VWRXNS8ZWYZK09WRBXD9308Z88MBEC1,SP8H1JPB3VWRXNS8ZWYZK09WRBXD9308Z88MBEC1,debt,STX,40071
9053676,zest-v1,SP8H1JPB3VWRXNS8ZWYZK09WRBXD9308Z88MBEC1,SP8H1JPB3VWRXNS8ZWYZK09WRBXD9308Z88MBEC1,debt,aeUSDC,621707
9053676,zest-v1,SP8H1JPB3VWRXNS8ZWYZK09WRBXD9308Z88MBEC1,SP8H1JPB3VWRXNS8ZWYZK09WRBXD9308Z88MBEC1,debt_stored,STX,34162
9053676,zest-v1,SP8H1JPB3VWRXNS8ZWYZK09WRBXD9308Z88MBEC1,SP8H1JPB3VWRXNS8ZWYZK09WRBXD9308Z88MBEC1,debt_stored,aeUSDC,586200
9053676,zest-v1,SP8J8NZDN88QPS1PBA85R474QYS590HPRP34TEWM,SP8J8NZDN88QPS1PBA85R474QYS590HPRP34TEWM,collateral,STX,536222
9053676,zest-v1,SP8J8NZDN88QPS1PBA85R474QYS590HPRP34TEWM,SP8J8NZDN88QPS1PBA85R474QYS590HPRP34TEWM,debt,STX,117247
9053676,zest-v1,SP8J8NZDN88QPS1PBA85R474QYS590HPRP34TEWM,SP8J8NZDN88QPS1PBA85R474QYS590HPRP34TEWM,debt_stored,STX,100000
9053676,zest-v1,SP8NR21S2JNZ5R2QFNW04ZQ09CX6G1W94ZPRAMZ4,SP8NR21S2JNZ5R2QFNW04ZQ09CX6G1W94ZPRAMZ4,collateral,stSTX,51826756
9053676,zest-v1,SP8NR21S2JNZ5R2QFNW04ZQ09CX6G1W94ZPRAMZ4,SP8NR21S2JNZ5R2QFNW04ZQ09CX6G1W94ZPRAMZ4,debt,STX,30561065
9053676,zest-v1,SP8NR21S2JNZ5R2QFNW04ZQ09CX6G1W94ZPRAMZ4,SP8NR21S2JNZ5R2QFNW04ZQ09CX6G1W94ZPRAMZ4,debt_stored,STX,26032074
9053676,zest-v1,SP8P3719TMPXMA2DYP9696WX0D9213K1CWY6PJ4Q,SP8P3719TMPXMA2DYP9696WX0D9213K1CWY6PJ4Q,collateral,stSTX,8588
9053676,zest-v1,SP8P3719TMPXMA2DYP9696WX0D9213K1CWY6PJ4Q,SP8P3719TMPXMA2DYP9696WX0D9213K1CWY6PJ4Q,debt,STX,48
9053676,zest-v1,SP8P3719TMPXMA2DYP9696WX0D9213K1CWY6PJ4Q,SP8P3719TMPXMA2DYP9696WX0D9213K1CWY6PJ4Q,debt_stored,STX,43
9053676,zest-v1,SP8X251X0GX2QJ1P2VP4MBREK9S22JW0CMP41G11,SP8X251X0GX2QJ1P2VP4MBREK9S22JW0CMP41G11,collateral,STX,703761
9053676,zest-v1,SP8X251X0GX2QJ1P2VP4MBREK9S22JW0CMP41G11,SP8X251X0GX2QJ1P2VP4MBREK9S22JW0CMP41G11,debt,STX,134848
9053676,zest-v1,SP8X251X0GX2QJ1P2VP4MBREK9S22JW0CMP41G11,SP8X251X0GX2QJ1P2VP4MBREK9S22JW0CMP41G11,debt_stored,STX,120000
9053676,zest-v1,SP8YQQPW6JP951HS8MWRKPZCH8Q0EEG502MFXQT5,SP8YQQPW6JP951HS8MWRKPZCH8Q0EEG502MFXQT5,collateral,STX,158646
9053676,zest-v1,SP8YQQPW6JP951HS8MWRKPZCH8Q0EEG502MFXQT5,SP8YQQPW6JP951HS8MWRKPZCH8Q0EEG502MFXQT5,debt,aeUSDC,680
9053676,zest-v1,SP8YQQPW6JP951HS8MWRKPZCH8Q0EEG502MFXQT5,SP8YQQPW6JP951HS8MWRKPZCH8Q0EEG502MFXQT5,debt_stored,aeUSDC,510
9053676,zest-v1,SP92BR07YNC1371FRX2M5M5F7ARA63EVYTMKTV6H,SP92BR07YNC1371FRX2M5M5F7ARA63EVYTMKTV6H,collateral,stSTX,1851945
9053676,zest-v1,SP92BR07YNC1371FRX2M5M5F7ARA63EVYTMKTV6H,SP92BR07YNC1371FRX2M5M5F7ARA63EVYTMKTV6H,debt,aeUSDC,886992
9053676,zest-v1,SP92BR07YNC1371FRX2M5M5F7ARA63EVYTMKTV6H,SP92BR07YNC1371FRX2M5M5F7ARA63EVYTMKTV6H,debt_stored,aeUSDC,800076
9053676,zest-v1,SP92Y7K97R51SMHDFY185NV8JNKGRHM214EHNF63,SP92Y7K97R51SMHDFY185NV8JNKGRHM214EHNF63,collateral,STX,565221
9053676,zest-v1,SP92Y7K97R51SMHDFY185NV8JNKGRHM214EHNF63,SP92Y7K97R51SMHDFY185NV8JNKGRHM214EHNF63,debt,STX,461
9053676,zest-v1,SP92Y7K97R51SMHDFY185NV8JNKGRHM214EHNF63,SP92Y7K97R51SMHDFY185NV8JNKGRHM214EHNF63,debt,stSTX,49
9053676,zest-v1,SP92Y7K97R51SMHDFY185NV8JNKGRHM214EHNF63,SP92Y7K97R51SMHDFY185NV8JNKGRHM214EHNF63,debt_stored,STX,404
9053676,zest-v1,SP92Y7K97R51SMHDFY185NV8JNKGRHM214EHNF63,SP92Y7K97R51SMHDFY185NV8JNKGRHM214EHNF63,debt_stored,stSTX,47
9053676,zest-v1,SP94YN79D00S42WDQT6WG0DH4JVYCSR060ERAQZ2,SP94YN79D00S42WDQT6WG0DH4JVYCSR060ERAQZ2,collateral,stSTX,6064533
9053676,zest-v1,SP94YN79D00S42WDQT6WG0DH4JVYCSR060ERAQZ2,SP94YN79D00S42WDQT6WG0DH4JVYCSR060ERAQZ2,debt,USDH,107247213
9053676,zest-v1,SP94YN79D00S42WDQT6WG0DH4JVYCSR060ERAQZ2,SP94YN79D00S42WDQT6WG0DH4JVYCSR060ERAQZ2,debt_stored,USDH,100546170
9053676,zest-v1,SP9910D977EAX3RK79963APEK3N8TPQXYRJD9R0D,SP9910D977EAX3RK79963APEK3N8TPQXYRJD9R0D,collateral,USDH,5408395779
9053676,zest-v1,SP9910D977EAX3RK79963APEK3N8TPQXYRJD9R0D,SP9910D977EAX3RK79963APEK3N8TPQXYRJD9R0D,collateral,stSTX,35570240
9053676,zest-v1,SP9910D977EAX3RK79963APEK3N8TPQXYRJD9R0D,SP9910D977EAX3RK79963APEK3N8TPQXYRJD9R0D,debt,USDH,356196554
9053676,zest-v1,SP9910D977EAX3RK79963APEK3N8TPQXYRJD9R0D,SP9910D977EAX3RK79963APEK3N8TPQXYRJD9R0D,debt_stored,USDH,353466138
9053676,zest-v1,SP9FAJ3ZC3ZYD5PB6F8C6D8FN6WVXD8TV86T61RP,SP9FAJ3ZC3ZYD5PB6F8C6D8FN6WVXD8TV86T61RP,collateral,STX,766769
9053676,zest-v1,SP9FAJ3ZC3ZYD5PB6F8C6D8FN6WVXD8TV86T61RP,SP9FAJ3ZC3ZYD5PB6F8C6D8FN6WVXD8TV86T61RP,debt,STX,32582
9053676,zest-v1,SP9FAJ3ZC3ZYD5PB6F8C6D8FN6WVXD8TV86T61RP,SP9FAJ3ZC3ZYD5PB6F8C6D8FN6WVXD8TV86T61RP,debt_stored,STX,29000
9053676,zest-v1,SP9FTAY4SXYGGGPAF569TNPSN96T58GB8TKMCXXP,SP9FTAY4SXYGGGPAF569TNPSN96T58GB8TKMCXXP,collateral,stSTX,200751937
9053676,zest-v1,SP9FTAY4SXYGGGPAF569TNPSN96T58GB8TKMCXXP,SP9FTAY4SXYGGGPAF569TNPSN96T58GB8TKMCXXP,debt,STX,119945980
9053676,zest-v1,SP9FTAY4SXYGGGPAF569TNPSN96T58GB8TKMCXXP,SP9FTAY4SXYGGGPAF569TNPSN96T58GB8TKMCXXP,debt_stored,STX,102017640
9053676,zest-v1,SP9MS5DCCWSVC7HTTQ54D5MNS2FR9YNJ0V0BJNN8,SP9MS5DCCWSVC7HTTQ54D5MNS2FR9YNJ0V0BJNN8,collateral,STX,673
9053676,zest-v1,SP9MS5DCCWSVC7HTTQ54D5MNS2FR9YNJ0V0BJNN8,SP9MS5DCCWSVC7HTTQ54D5MNS2FR9YNJ0V0BJNN8,debt,STX,31
9053676,zest-v1,SP9MS5DCCWSVC7HTTQ54D5MNS2FR9YNJ0V0BJNN8,SP9MS5DCCWSVC7HTTQ54D5MNS2FR9YNJ0V0BJNN8,debt_stored,STX,28
9053676,zest-v1,SP9V2WP3G21J3XZV5CRCEVWDQTG259739SX569AY,SP9V2WP3G21J3XZV5CRCEVWDQTG259739SX569AY,collateral,stSTX,145334322
9053676,zest-v1,SP9V2WP3G21J3XZV5CRCEVWDQTG259739SX569AY,SP9V2WP3G21J3XZV5CRCEVWDQTG259739SX569AY,debt,STX,67514158
9053676,zest-v1,SP9V2WP3G21J3XZV5CRCEVWDQTG259739SX569AY,SP9V2WP3G21J3XZV5CRCEVWDQTG259739SX569AY,debt,stSTX,15
9053676,zest-v1,SP9V2WP3G21J3XZV5CRCEVWDQTG259739SX569AY,SP9V2WP3G21J3XZV5CRCEVWDQTG259739SX569AY,debt_stored,STX,60451235
9053676,zest-v1,SP9V2WP3G21J3XZV5CRCEVWDQTG259739SX569AY,SP9V2WP3G21J3XZV5CRCEVWDQTG259739SX569AY,debt_stored,stSTX,14
9053676,zest-v1,SP9XKFETDDVXCACG4501SDWGV3R8AEDRMKZNHP4Y,SP9XKFETDDVXCACG4501SDWGV3R8AEDRMKZNHP4Y,debt,aeUSDC,20232322
9053676,zest-v1,SP9XKFETDDVXCACG4501SDWGV3R8AEDRMKZNHP4Y,SP9XKFETDDVXCACG4501SDWGV3R8AEDRMKZNHP4Y,debt_stored,aeUSDC,18970896
9053676,zest-v1,SPA4Q216PTXBE9YGG34JN7X7AEHZHTJZQP1YV7A3,SPA4Q216PTXBE9YGG34JN7X7AEHZHTJZQP1YV7A3,collateral,stSTX,88418700
9053676,zest-v1,SPA4Q216PTXBE9YGG34JN7X7AEHZHTJZQP1YV7A3,SPA4Q216PTXBE9YGG34JN7X7AEHZHTJZQP1YV7A3,debt,STX,52210229
9053676,zest-v1,SPA4Q216PTXBE9YGG34JN7X7AEHZHTJZQP1YV7A3,SPA4Q216PTXBE9YGG34JN7X7AEHZHTJZQP1YV7A3,debt_stored,STX,44828523
9053676,zest-v1,SPACDC8RGAAX550YMVKT6J9CMT7048482DX0JF8K,SPACDC8RGAAX550YMVKT6J9CMT7048482DX0JF8K,collateral,stSTX,2674945
9053676,zest-v1,SPACDC8RGAAX550YMVKT6J9CMT7048482DX0JF8K,SPACDC8RGAAX550YMVKT6J9CMT7048482DX0JF8K,debt,aeUSDC,666268
9053676,zest-v1,SPACDC8RGAAX550YMVKT6J9CMT7048482DX0JF8K,SPACDC8RGAAX550YMVKT6J9CMT7048482DX0JF8K,debt_stored,aeUSDC,628490
9053676,zest-v1,SPACGWHC2TANJK0MFT70K2J7SE4AMETF7B9R2ZBA,SPACGWHC2TANJK0MFT70K2J7SE4AMETF7B9R2ZBA,collateral,stSTX,109968682
9053676,zest-v1,SPACGWHC2TANJK0MFT70K2J7SE4AMETF7B9R2ZBA,SPACGWHC2TANJK0MFT70K2J7SE4AMETF7B9R2ZBA,debt,stSTX,57077618
9053676,zest-v1,SPACGWHC2TANJK0MFT70K2J7SE4AMETF7B9R2ZBA,SPACGWHC2TANJK0MFT70K2J7SE4AMETF7B9R2ZBA,debt_stored,stSTX,54615671
9053676,zest-v1,SPACW7T4XKF8T5VAEXQSPR7144MZE9V9ANQVQHNP,SPACW7T4XKF8T5VAEXQSPR7144MZE9V9ANQVQHNP,collateral,stSTX,5551144
9053676,zest-v1,SPACW7T4XKF8T5VAEXQSPR7144MZE9V9ANQVQHNP,SPACW7T4XKF8T5VAEXQSPR7144MZE9V9ANQVQHNP,debt,STX,3308194
9053676,zest-v1,SPACW7T4XKF8T5VAEXQSPR7144MZE9V9ANQVQHNP,SPACW7T4XKF8T5VAEXQSPR7144MZE9V9ANQVQHNP,debt_stored,STX,2947298
9053676,zest-v1,SPAM1EBK881V1GP2X5D0W0NCTFQ81SK18RBRTF6J,SPAM1EBK881V1GP2X5D0W0NCTFQ81SK18RBRTF6J,collateral,stSTX,226823222
9053676,zest-v1,SPAM1EBK881V1GP2X5D0W0NCTFQ81SK18RBRTF6J,SPAM1EBK881V1GP2X5D0W0NCTFQ81SK18RBRTF6J,debt,stSTX,117433022
9053676,zest-v1,SPAM1EBK881V1GP2X5D0W0NCTFQ81SK18RBRTF6J,SPAM1EBK881V1GP2X5D0W0NCTFQ81SK18RBRTF6J,debt_stored,stSTX,112000000
9053676,zest-v1,SPAMYKG405158QHF1STBG1SKFPEPY5267WB3MRP7,SPAMYKG405158QHF1STBG1SKFPEPY5267WB3MRP7,collateral,stSTX,173835
9053676,zest-v1,SPAMYKG405158QHF1STBG1SKFPEPY5267WB3MRP7,SPAMYKG405158QHF1STBG1SKFPEPY5267WB3MRP7,debt,aeUSDC,66765
9053676,zest-v1,SPAMYKG405158QHF1STBG1SKFPEPY5267WB3MRP7,SPAMYKG405158QHF1STBG1SKFPEPY5267WB3MRP7,debt_stored,aeUSDC,51654
9053676,zest-v1,SPAPJ8MX052QRES5P4WRFZRYZA9Z2QGVNT7KV4K5,SPAPJ8MX052QRES5P4WRFZRYZA9Z2QGVNT7KV4K5,collateral,stSTX,117511
9053676,zest-v1,SPAPJ8MX052QRES5P4WRFZRYZA9Z2QGVNT7KV4K5,SPAPJ8MX052QRES5P4WRFZRYZA9Z2QGVNT7KV4K5,debt,aeUSDC,109278
9053676,zest-v1,SPAPJ8MX052QRES5P4WRFZRYZA9Z2QGVNT7KV4K5,SPAPJ8MX052QRES5P4WRFZRYZA9Z2QGVNT7KV4K5,debt_stored,aeUSDC,97259
9053676,zest-v1,SPARK7R24Y65X53R9T9FHB8H412N2DFCYTMH688S,SPARK7R24Y65X53R9T9FHB8H412N2DFCYTMH688S,collateral,stSTX,1001779
9053676,zest-v1,SPARK7R24Y65X53R9T9FHB8H412N2DFCYTMH688S,SPARK7R24Y65X53R9T9FHB8H412N2DFCYTMH688S,debt,STX,233176
9053676,zest-v1,SPARK7R24Y65X53R9T9FHB8H412N2DFCYTMH688S,SPARK7R24Y65X53R9T9FHB8H412N2DFCYTMH688S,debt_stored,STX,200000
9053676,zest-v1,SPAV7F452T54B4XYX5SSM5QZRRKQXS1B21HP5GTN,SPAV7F452T54B4XYX5SSM5QZRRKQXS1B21HP5GTN,collateral,stSTX,14926558
9053676,zest-v1,SPAV7F452T54B4XYX5SSM5QZRRKQXS1B21HP5GTN,SPAV7F452T54B4XYX5SSM5QZRRKQXS1B21HP5GTN,debt,STX,1187108
9053676,zest-v1,SPAV7F452T54B4XYX5SSM5QZRRKQXS1B21HP5GTN,SPAV7F452T54B4XYX5SSM5QZRRKQXS1B21HP5GTN,debt_stored,STX,1012015
9053676,zest-v1,SPAY1BMJXR7N24CSBF19QXC730JG2G49JX4XHS8N,SPAY1BMJXR7N24CSBF19QXC730JG2G49JX4XHS8N,collateral,stSTX,4615903
9053676,zest-v1,SPAY1BMJXR7N24CSBF19QXC730JG2G49JX4XHS8N,SPAY1BMJXR7N24CSBF19QXC730JG2G49JX4XHS8N,debt,STX,2351553
9053676,zest-v1,SPAY1BMJXR7N24CSBF19QXC730JG2G49JX4XHS8N,SPAY1BMJXR7N24CSBF19QXC730JG2G49JX4XHS8N,debt_stored,STX,2000000
9053676,zest-v1,SPAYE8JQ4D48WPH3JA6B331QXTNZE2EK6GPFRFPY,SPAYE8JQ4D48WPH3JA6B331QXTNZE2EK6GPFRFPY,collateral,stSTX,1212
9053676,zest-v1,SPAYE8JQ4D48WPH3JA6B331QXTNZE2EK6GPFRFPY,SPAYE8JQ4D48WPH3JA6B331QXTNZE2EK6GPFRFPY,debt,STX,249
9053676,zest-v1,SPAYE8JQ4D48WPH3JA6B331QXTNZE2EK6GPFRFPY,SPAYE8JQ4D48WPH3JA6B331QXTNZE2EK6GPFRFPY,debt_stored,STX,220
9053676,zest-v1,SPB51186R8WZZBDJKC5EJDDWXQQJEWQ15DVQMFJC,SPB51186R8WZZBDJKC5EJDDWXQQJEWQ15DVQMFJC,collateral,STX,5045
9053676,zest-v1,SPB51186R8WZZBDJKC5EJDDWXQQJEWQ15DVQMFJC,SPB51186R8WZZBDJKC5EJDDWXQQJEWQ15DVQMFJC,debt,stSTX,256
9053676,zest-v1,SPB51186R8WZZBDJKC5EJDDWXQQJEWQ15DVQMFJC,SPB51186R8WZZBDJKC5EJDDWXQQJEWQ15DVQMFJC,debt_stored,stSTX,245
9053676,zest-v1,SPB65YMYCSYQW1H2EKMDNPD63Z732XGB059AQ4Y2,SPB65YMYCSYQW1H2EKMDNPD63Z732XGB059AQ4Y2,collateral,stSTX,500889
9053676,zest-v1,SPB65YMYCSYQW1H2EKMDNPD63Z732XGB059AQ4Y2,SPB65YMYCSYQW1H2EKMDNPD63Z732XGB059AQ4Y2,debt,STX,116587
9053676,zest-v1,SPB65YMYCSYQW1H2EKMDNPD63Z732XGB059AQ4Y2,SPB65YMYCSYQW1H2EKMDNPD63Z732XGB059AQ4Y2,debt_stored,STX,100000
9053676,zest-v1,SPB8PXKR86CKJNVG8Y3AQKFEZJX57NW2W8JPVXQA,SPB8PXKR86CKJNVG8Y3AQKFEZJX57NW2W8JPVXQA,collateral,sBTC,2387
9053676,zest-v1,SPB8PXKR86CKJNVG8Y3AQKFEZJX57NW2W8JPVXQA,SPB8PXKR86CKJNVG8Y3AQKFEZJX57NW2W8JPVXQA,debt,USDH,1584858
9053676,zest-v1,SPB8PXKR86CKJNVG8Y3AQKFEZJX57NW2W8JPVXQA,SPB8PXKR86CKJNVG8Y3AQKFEZJX57NW2W8JPVXQA,debt,stSTX,2
9053676,zest-v1,SPB8PXKR86CKJNVG8Y3AQKFEZJX57NW2W8JPVXQA,SPB8PXKR86CKJNVG8Y3AQKFEZJX57NW2W8JPVXQA,debt_stored,USDH,1441055
9053676,zest-v1,SPB8PXKR86CKJNVG8Y3AQKFEZJX57NW2W8JPVXQA,SPB8PXKR86CKJNVG8Y3AQKFEZJX57NW2W8JPVXQA,debt_stored,stSTX,1
9053676,zest-v1,SPBBB1PG6M2CWFJQ7WXWMQHMCEM52D021QFD4NDG,SPBBB1PG6M2CWFJQ7WXWMQHMCEM52D021QFD4NDG,collateral,sBTC,5
9053676,zest-v1,SPBBB1PG6M2CWFJQ7WXWMQHMCEM52D021QFD4NDG,SPBBB1PG6M2CWFJQ7WXWMQHMCEM52D021QFD4NDG,debt,USDH,374397
9053676,zest-v1,SPBBB1PG6M2CWFJQ7WXWMQHMCEM52D021QFD4NDG,SPBBB1PG6M2CWFJQ7WXWMQHMCEM52D021QFD4NDG,debt_stored,USDH,346224
9053676,zest-v1,SPBER0PH8RPTNDAWT6AP3BRD9TGNBAGJ5YTPHB9B,SPBER0PH8RPTNDAWT6AP3BRD9TGNBAGJ5YTPHB9B,collateral,STX,1376139
9053676,zest-v1,SPBER0PH8RPTNDAWT6AP3BRD9TGNBAGJ5YTPHB9B,SPBER0PH8RPTNDAWT6AP3BRD9TGNBAGJ5YTPHB9B,debt,aeUSDC,666887
9053676,zest-v1,SPBER0PH8RPTNDAWT6AP3BRD9TGNBAGJ5YTPHB9B,SPBER0PH8RPTNDAWT6AP3BRD9TGNBAGJ5YTPHB9B,debt_stored,aeUSDC,628792
9053676,zest-v1,SPBJHGA0JY21HRV1WQCP3ZFNA15PK8ZGEMG67XP3,SPBJHGA0JY21HRV1WQCP3ZFNA15PK8ZGEMG67XP3,collateral,stSTX,1101960
9053676,zest-v1,SPBJHGA0JY21HRV1WQCP3ZFNA15PK8ZGEMG67XP3,SPBJHGA0JY21HRV1WQCP3ZFNA15PK8ZGEMG67XP3,debt,STX,117305
9053676,zest-v1,SPBJHGA0JY21HRV1WQCP3ZFNA15PK8ZGEMG67XP3,SPBJHGA0JY21HRV1WQCP3ZFNA15PK8ZGEMG67XP3,debt_stored,STX,100000
9053676,zest-v1,SPBPJTGJ922TG23ENRTKH9KHYCD5FGZPRDAGG7AC,SPBPJTGJ922TG23ENRTKH9KHYCD5FGZPRDAGG7AC,collateral,stSTX,3988
9053676,zest-v1,SPBPJTGJ922TG23ENRTKH9KHYCD5FGZPRDAGG7AC,SPBPJTGJ922TG23ENRTKH9KHYCD5FGZPRDAGG7AC,debt,STX,5
9053676,zest-v1,SPBPJTGJ922TG23ENRTKH9KHYCD5FGZPRDAGG7AC,SPBPJTGJ922TG23ENRTKH9KHYCD5FGZPRDAGG7AC,debt_stored,STX,4
9053676,zest-v1,SPBQP51PRR44VESPFCXYSTKE25VJ6B9K8020SGD6,SPBQP51PRR44VESPFCXYSTKE25VJ6B9K8020SGD6,collateral,STX,53411462
9053676,zest-v1,SPBQP51PRR44VESPFCXYSTKE25VJ6B9K8020SGD6,SPBQP51PRR44VESPFCXYSTKE25VJ6B9K8020SGD6,collateral,stSTX,23919519
9053676,zest-v1,SPBQP51PRR44VESPFCXYSTKE25VJ6B9K8020SGD6,SPBQP51PRR44VESPFCXYSTKE25VJ6B9K8020SGD6,debt,stSTX,24945544
9053676,zest-v1,SPBQP51PRR44VESPFCXYSTKE25VJ6B9K8020SGD6,SPBQP51PRR44VESPFCXYSTKE25VJ6B9K8020SGD6,debt_stored,stSTX,23878677
9053676,zest-v1,SPBZ053RNY57AD40TRVMQ52GKZA86HC3959CZBV3,SPBZ053RNY57AD40TRVMQ52GKZA86HC3959CZBV3,collateral,stSTX,1469373
9053676,zest-v1,SPBZ053RNY57AD40TRVMQ52GKZA86HC3959CZBV3,SPBZ053RNY57AD40TRVMQ52GKZA86HC3959CZBV3,debt,aeUSDC,514963
9053676,zest-v1,SPBZ053RNY57AD40TRVMQ52GKZA86HC3959CZBV3,SPBZ053RNY57AD40TRVMQ52GKZA86HC3959CZBV3,debt_stored,aeUSDC,485552
9053676,zest-v1,SPC37JHRY1C06JN1QRFZ6EV4F8FZ5XNEGKHMRM2F,SPC37JHRY1C06JN1QRFZ6EV4F8FZ5XNEGKHMRM2F,collateral,stSTX,847875591
9053676,zest-v1,SPC37JHRY1C06JN1QRFZ6EV4F8FZ5XNEGKHMRM2F,SPC37JHRY1C06JN1QRFZ6EV4F8FZ5XNEGKHMRM2F,debt,stSTX,379912353
9053676,zest-v1,SPC37JHRY1C06JN1QRFZ6EV4F8FZ5XNEGKHMRM2F,SPC37JHRY1C06JN1QRFZ6EV4F8FZ5XNEGKHMRM2F,debt_stored,stSTX,362570425
9053676,zest-v1,SPC4VRQT8TBV877VD15HTM1JZGQ9BER24ZNHCYKH,SPC4VRQT8TBV877VD15HTM1JZGQ9BER24ZNHCYKH,collateral,sBTC,5
9053676,zest-v1,SPC4VRQT8TBV877VD15HTM1JZGQ9BER24ZNHCYKH,SPC4VRQT8TBV877VD15HTM1JZGQ9BER24ZNHCYKH,debt,USDH,288971
9053676,zest-v1,SPC4VRQT8TBV877VD15HTM1JZGQ9BER24ZNHCYKH,SPC4VRQT8TBV877VD15HTM1JZGQ9BER24ZNHCYKH,debt_stored,USDH,267227
9053676,zest-v1,SPC5RTGC7FJ4ZS5WWHFFGENTB1D8JVB7P2R60RB0,SPC5RTGC7FJ4ZS5WWHFFGENTB1D8JVB7P2R60RB0,collateral,sBTC,100041
9053676,zest-v1,SPC5RTGC7FJ4ZS5WWHFFGENTB1D8JVB7P2R60RB0,SPC5RTGC7FJ4ZS5WWHFFGENTB1D8JVB7P2R60RB0,debt,USDH,3238024834
9053676,zest-v1,SPC5RTGC7FJ4ZS5WWHFFGENTB1D8JVB7P2R60RB0,SPC5RTGC7FJ4ZS5WWHFFGENTB1D8JVB7P2R60RB0,debt_stored,USDH,3000002700
9053676,zest-v1,SPC92KKHGWRXAJD30ZHQA041X1R5Z3EHMWYMFD3G,SPC92KKHGWRXAJD30ZHQA041X1R5Z3EHMWYMFD3G,collateral,stSTX,7423
9053676,zest-v1,SPC92KKHGWRXAJD30ZHQA041X1R5Z3EHMWYMFD3G,SPC92KKHGWRXAJD30ZHQA041X1R5Z3EHMWYMFD3G,collateral,stSTXbtc,523171762
9053676,zest-v1,SPC92KKHGWRXAJD30ZHQA041X1R5Z3EHMWYMFD3G,SPC92KKHGWRXAJD30ZHQA041X1R5Z3EHMWYMFD3G,debt,STX,1894
9053676,zest-v1,SPC92KKHGWRXAJD30ZHQA041X1R5Z3EHMWYMFD3G,SPC92KKHGWRXAJD30ZHQA041X1R5Z3EHMWYMFD3G,debt_stored,STX,1679
9053676,zest-v1,SPC9YQ34Q1XCCC7XPRZ5CB2XF22JV3WNM7BMMARD,SPC9YQ34Q1XCCC7XPRZ5CB2XF22JV3WNM7BMMARD,collateral,DIKO,3700334510
9053676,zest-v1,SPC9YQ34Q1XCCC7XPRZ5CB2XF22JV3WNM7BMMARD,SPC9YQ34Q1XCCC7XPRZ5CB2XF22JV3WNM7BMMARD,collateral,STX,535578082
9053676,zest-v1,SPC9YQ34Q1XCCC7XPRZ5CB2XF22JV3WNM7BMMARD,SPC9YQ34Q1XCCC7XPRZ5CB2XF22JV3WNM7BMMARD,debt,stSTX,39088
9053676,zest-v1,SPC9YQ34Q1XCCC7XPRZ5CB2XF22JV3WNM7BMMARD,SPC9YQ34Q1XCCC7XPRZ5CB2XF22JV3WNM7BMMARD,debt_stored,stSTX,37291
9053676,zest-v1,SPCA7JSVDEFKE22N6DWHCPK500Y83S727WXNWFBH,SPCA7JSVDEFKE22N6DWHCPK500Y83S727WXNWFBH,collateral,stSTX,65115857
9053676,zest-v1,SPCA7JSVDEFKE22N6DWHCPK500Y83S727WXNWFBH,SPCA7JSVDEFKE22N6DWHCPK500Y83S727WXNWFBH,debt,STX,11759507
9053676,zest-v1,SPCA7JSVDEFKE22N6DWHCPK500Y83S727WXNWFBH,SPCA7JSVDEFKE22N6DWHCPK500Y83S727WXNWFBH,debt_stored,STX,10000000
9053676,zest-v1,SPCDHBJZEBW5ACK06501J8ET1F8439B6VS3D02K6,SPCDHBJZEBW5ACK06501J8ET1F8439B6VS3D02K6,collateral,STX,855069408
9053676,zest-v1,SPCDHBJZEBW5ACK06501J8ET1F8439B6VS3D02K6,SPCDHBJZEBW5ACK06501J8ET1F8439B6VS3D02K6,collateral,stSTX,388690178
9053676,zest-v1,SPCDHBJZEBW5ACK06501J8ET1F8439B6VS3D02K6,SPCDHBJZEBW5ACK06501J8ET1F8439B6VS3D02K6,debt,stSTX,406684477
9053676,zest-v1,SPCDHBJZEBW5ACK06501J8ET1F8439B6VS3D02K6,SPCDHBJZEBW5ACK06501J8ET1F8439B6VS3D02K6,debt_stored,stSTX,388000000
9053676,zest-v1,SPCGBQY37XJK557CFQBG20Q7SHZQYZ14F6JG0VEM,SPCGBQY37XJK557CFQBG20Q7SHZQYZ14F6JG0VEM,collateral,stSTX,5008895
9053676,zest-v1,SPCGBQY37XJK557CFQBG20Q7SHZQYZ14F6JG0VEM,SPCGBQY37XJK557CFQBG20Q7SHZQYZ14F6JG0VEM,debt,STX,1165878
9053676,zest-v1,SPCGBQY37XJK557CFQBG20Q7SHZQYZ14F6JG0VEM,SPCGBQY37XJK557CFQBG20Q7SHZQYZ14F6JG0VEM,debt_stored,STX,1000000
9053676,zest-v1,SPCH1JNJHNBTRSHRWSCFTJ9Q4Y9KE8Z94DX5ME1P,SPCH1JNJHNBTRSHRWSCFTJ9Q4Y9KE8Z94DX5ME1P,collateral,STX,609226
9053676,zest-v1,SPCH1JNJHNBTRSHRWSCFTJ9Q4Y9KE8Z94DX5ME1P,SPCH1JNJHNBTRSHRWSCFTJ9Q4Y9KE8Z94DX5ME1P,debt,STX,146060
9053676,zest-v1,SPCH1JNJHNBTRSHRWSCFTJ9Q4Y9KE8Z94DX5ME1P,SPCH1JNJHNBTRSHRWSCFTJ9Q4Y9KE8Z94DX5ME1P,debt_stored,STX,130000
9053676,zest-v1,SPCRBX951ZJVKQ9B0ZN8Z6QG3WZ0FG8D7TC3PSFZ,SPCRBX951ZJVKQ9B0ZN8Z6QG3WZ0FG8D7TC3PSFZ,collateral,STX,214481028
9053676,zest-v1,SPCRBX951ZJVKQ9B0ZN8Z6QG3WZ0FG8D7TC3PSFZ,SPCRBX951ZJVKQ9B0ZN8Z6QG3WZ0FG8D7TC3PSFZ,debt,STX,106951780
9053676,zest-v1,SPCRBX951ZJVKQ9B0ZN8Z6QG3WZ0FG8D7TC3PSFZ,SPCRBX951ZJVKQ9B0ZN8Z6QG3WZ0FG8D7TC3PSFZ,debt_stored,STX,95000000
9053676,zest-v1,SPCS7TEYP9423PB44KQRF20R6DCEXA6SG4X0GD0W,SPCS7TEYP9423PB44KQRF20R6DCEXA6SG4X0GD0W,collateral,stSTX,26396338
9053676,zest-v1,SPCS7TEYP9423PB44KQRF20R6DCEXA6SG4X0GD0W,SPCS7TEYP9423PB44KQRF20R6DCEXA6SG4X0GD0W,debt,STX,15581938
9053676,zest-v1,SPCS7TEYP9423PB44KQRF20R6DCEXA6SG4X0GD0W,SPCS7TEYP9423PB44KQRF20R6DCEXA6SG4X0GD0W,debt_stored,STX,13278568
9053676,zest-v1,SPCVAHJ64AZPRZFCAGC9XBTHC0GTJNYNTV6CBEE9,SPCVAHJ64AZPRZFCAGC9XBTHC0GTJNYNTV6CBEE9,collateral,stSTX,16617520
9053676,zest-v1,SPCVAHJ64AZPRZFCAGC9XBTHC0GTJNYNTV6CBEE9,SPCVAHJ64AZPRZFCAGC9XBTHC0GTJNYNTV6CBEE9,debt,USDH,172290006
9053676,zest-v1,SPCVAHJ64AZPRZFCAGC9XBTHC0GTJNYNTV6CBEE9,SPCVAHJ64AZPRZFCAGC9XBTHC0GTJNYNTV6CBEE9,debt_stored,USDH,170969324
9053676,zest-v1,SPD035CRTEXCYF6WMFZVNPPG0965TZM74NPSWXB6,SPD035CRTEXCYF6WMFZVNPPG0965TZM74NPSWXB6,collateral,stSTX,808737482
9053676,zest-v1,SPD035CRTEXCYF6WMFZVNPPG0965TZM74NPSWXB6,SPD035CRTEXCYF6WMFZVNPPG0965TZM74NPSWXB6,debt,STX,26439478
9053676,zest-v1,SPD035CRTEXCYF6WMFZVNPPG0965TZM74NPSWXB6,SPD035CRTEXCYF6WMFZVNPPG0965TZM74NPSWXB6,debt,stSTX,216963216
9053676,zest-v1,SPD035CRTEXCYF6WMFZVNPPG0965TZM74NPSWXB6,SPD035CRTEXCYF6WMFZVNPPG0965TZM74NPSWXB6,debt_stored,STX,23830191
9053676,zest-v1,SPD035CRTEXCYF6WMFZVNPPG0965TZM74NPSWXB6,SPD035CRTEXCYF6WMFZVNPPG0965TZM74NPSWXB6,debt_stored,stSTX,206934901
9053676,zest-v1,SPD0DN2RPMB6NG0SS6G56D0F9QKAVJ9M425TMZA6,SPD0DN2RPMB6NG0SS6G56D0F9QKAVJ9M425TMZA6,collateral,stSTX,149328450
9053676,zest-v1,SPD0DN2RPMB6NG0SS6G56D0F9QKAVJ9M425TMZA6,SPD0DN2RPMB6NG0SS6G56D0F9QKAVJ9M425TMZA6,debt,STX,67846922
9053676,zest-v1,SPD0DN2RPMB6NG0SS6G56D0F9QKAVJ9M425TMZA6,SPD0DN2RPMB6NG0SS6G56D0F9QKAVJ9M425TMZA6,debt,stSTX,10
9053676,zest-v1,SPD0DN2RPMB6NG0SS6G56D0F9QKAVJ9M425TMZA6,SPD0DN2RPMB6NG0SS6G56D0F9QKAVJ9M425TMZA6,debt_stored,STX,59994188
9053676,zest-v1,SPD0DN2RPMB6NG0SS6G56D0F9QKAVJ9M425TMZA6,SPD0DN2RPMB6NG0SS6G56D0F9QKAVJ9M425TMZA6,debt_stored,stSTX,9
9053676,zest-v1,SPD2JP3HK1F4RGNHRDJGN60QYAT5NDN7J4MP261P,SPD2JP3HK1F4RGNHRDJGN60QYAT5NDN7J4MP261P,collateral,stSTX,73682479
9053676,zest-v1,SPD2JP3HK1F4RGNHRDJGN60QYAT5NDN7J4MP261P,SPD2JP3HK1F4RGNHRDJGN60QYAT5NDN7J4MP261P,debt,STX,23284636
9053676,zest-v1,SPD2JP3HK1F4RGNHRDJGN60QYAT5NDN7J4MP261P,SPD2JP3HK1F4RGNHRDJGN60QYAT5NDN7J4MP261P,debt_stored,STX,20000000
9053676,zest-v1,SPD5R8ZB3B0VCRDW21STNPG035P99DZDFY17DAJ8,SPD5R8ZB3B0VCRDW21STNPG035P99DZDFY17DAJ8,collateral,stSTX,1038730
9053676,zest-v1,SPD5R8ZB3B0VCRDW21STNPG035P99DZDFY17DAJ8,SPD5R8ZB3B0VCRDW21STNPG035P99DZDFY17DAJ8,debt,STX,134830
9053676,zest-v1,SPD5R8ZB3B0VCRDW21STNPG035P99DZDFY17DAJ8,SPD5R8ZB3B0VCRDW21STNPG035P99DZDFY17DAJ8,debt_stored,STX,120000
9053676,zest-v1,SPD77FQ5YJRN3B84519VF6APYNFFVGSY27VZXZ49,SPD77FQ5YJRN3B84519VF6APYNFFVGSY27VZXZ49,collateral,stSTX,75133421
9053676,zest-v1,SPD77FQ5YJRN3B84519VF6APYNFFVGSY27VZXZ49,SPD77FQ5YJRN3B84519VF6APYNFFVGSY27VZXZ49,debt,STX,44244201
9053676,zest-v1,SPD77FQ5YJRN3B84519VF6APYNFFVGSY27VZXZ49,SPD77FQ5YJRN3B84519VF6APYNFFVGSY27VZXZ49,debt_stored,STX,38000000
9053676,zest-v1,SPD97227ZV1T6JK40Y64ZNP0XQ41K0133VDWEWGB,SPD97227ZV1T6JK40Y64ZNP0XQ41K0133VDWEWGB,collateral,stSTX,103347239
9053676,zest-v1,SPD97227ZV1T6JK40Y64ZNP0XQ41K0133VDWEWGB,SPD97227ZV1T6JK40Y64ZNP0XQ41K0133VDWEWGB,debt,stSTX,53640856
9053676,zest-v1,SPD97227ZV1T6JK40Y64ZNP0XQ41K0133VDWEWGB,SPD97227ZV1T6JK40Y64ZNP0XQ41K0133VDWEWGB,debt_stored,stSTX,51327148
9053676,zest-v1,SPDAY5W58TE9EAK2FVYEQ5RGMR9DG3WV4QBY6QEP,SPDAY5W58TE9EAK2FVYEQ5RGMR9DG3WV4QBY6QEP,collateral,stSTX,3506238
9053676,zest-v1,SPDAY5W58TE9EAK2FVYEQ5RGMR9DG3WV4QBY6QEP,SPDAY5W58TE9EAK2FVYEQ5RGMR9DG3WV4QBY6QEP,debt,STX,592342
9053676,zest-v1,SPDAY5W58TE9EAK2FVYEQ5RGMR9DG3WV4QBY6QEP,SPDAY5W58TE9EAK2FVYEQ5RGMR9DG3WV4QBY6QEP,debt_stored,STX,500000
9053676,zest-v1,SPDEHYTG8ZT14EZSF0N2FZE78MK4XRSZH2JR08HE,SPDEHYTG8ZT14EZSF0N2FZE78MK4XRSZH2JR08HE,collateral,stSTX,5008895
9053676,zest-v1,SPDEHYTG8ZT14EZSF0N2FZE78MK4XRSZH2JR08HE,SPDEHYTG8ZT14EZSF0N2FZE78MK4XRSZH2JR08HE,debt,STX,1165880
9053676,zest-v1,SPDEHYTG8ZT14EZSF0N2FZE78MK4XRSZH2JR08HE,SPDEHYTG8ZT14EZSF0N2FZE78MK4XRSZH2JR08HE,debt_stored,STX,1000000
9053676,zest-v1,SPDPT02ZAQ8JVYPB8G9FGK0KG31H5GC9DVXJA9TV,SPDPT02ZAQ8JVYPB8G9FGK0KG31H5GC9DVXJA9TV,collateral,stSTX,58945799
9053676,zest-v1,SPDPT02ZAQ8JVYPB8G9FGK0KG31H5GC9DVXJA9TV,SPDPT02ZAQ8JVYPB8G9FGK0KG31H5GC9DVXJA9TV,debt,STX,25585604
9053676,zest-v1,SPDPT02ZAQ8JVYPB8G9FGK0KG31H5GC9DVXJA9TV,SPDPT02ZAQ8JVYPB8G9FGK0KG31H5GC9DVXJA9TV,debt_stored,STX,22000000
9053676,zest-v1,SPDVSGNH3DPYFWCKEB9E2RYGC3ZSNY3YYV0MNBSP,SPDVSGNH3DPYFWCKEB9E2RYGC3ZSNY3YYV0MNBSP,collateral,stSTX,7133387
9053676,zest-v1,SPDVSGNH3DPYFWCKEB9E2RYGC3ZSNY3YYV0MNBSP,SPDVSGNH3DPYFWCKEB9E2RYGC3ZSNY3YYV0MNBSP,debt,USDH,121413297
9053676,zest-v1,SPDVSGNH3DPYFWCKEB9E2RYGC3ZSNY3YYV0MNBSP,SPDVSGNH3DPYFWCKEB9E2RYGC3ZSNY3YYV0MNBSP,debt_stored,USDH,117715745
9053676,zest-v1,SPDX6RMBC9MTMAXCP8C68N58142EYC3J0ENMTEND,SPDX6RMBC9MTMAXCP8C68N58142EYC3J0ENMTEND,collateral,stSTX,132636501
9053676,zest-v1,SPDX6RMBC9MTMAXCP8C68N58142EYC3J0ENMTEND,SPDX6RMBC9MTMAXCP8C68N58142EYC3J0ENMTEND,debt,STX,58753894
9053676,zest-v1,SPDX6RMBC9MTMAXCP8C68N58142EYC3J0ENMTEND,SPDX6RMBC9MTMAXCP8C68N58142EYC3J0ENMTEND,debt_stored,STX,52000000
9053676,zest-v1,SPDYKH10WC4JFZMVMRW8ECXD2FC362G72X4ABJ7Q,SPDYKH10WC4JFZMVMRW8ECXD2FC362G72X4ABJ7Q,collateral,stSTX,57961059
9053676,zest-v1,SPDYKH10WC4JFZMVMRW8ECXD2FC362G72X4ABJ7Q,SPDYKH10WC4JFZMVMRW8ECXD2FC362G72X4ABJ7Q,debt,STX,31930861
9053676,zest-v1,SPDYKH10WC4JFZMVMRW8ECXD2FC362G72X4ABJ7Q,SPDYKH10WC4JFZMVMRW8ECXD2FC362G72X4ABJ7Q,debt_stored,STX,29936515
9053676,zest-v1,SPE2X9X6VRYX2872PWQV7RGTXM3YH9B80TQ8NZBJ,SPE2X9X6VRYX2872PWQV7RGTXM3YH9B80TQ8NZBJ,collateral,stSTX,169564085
9053676,zest-v1,SPE2X9X6VRYX2872PWQV7RGTXM3YH9B80TQ8NZBJ,SPE2X9X6VRYX2872PWQV7RGTXM3YH9B80TQ8NZBJ,debt,stSTX,75236587
9053676,zest-v1,SPE2X9X6VRYX2872PWQV7RGTXM3YH9B80TQ8NZBJ,SPE2X9X6VRYX2872PWQV7RGTXM3YH9B80TQ8NZBJ,debt_stored,stSTX,72274490
9053676,zest-v1,SPE5HDPQGE360QSRTA7TQAVVX3DTV44530J1WH1X,SPE5HDPQGE360QSRTA7TQAVVX3DTV44530J1WH1X,collateral,stSTX,712558
9053676,zest-v1,SPE5HDPQGE360QSRTA7TQAVVX3DTV44530J1WH1X,SPE5HDPQGE360QSRTA7TQAVVX3DTV44530J1WH1X,debt,aeUSDC,109819
9053676,zest-v1,SPE5HDPQGE360QSRTA7TQAVVX3DTV44530J1WH1X,SPE5HDPQGE360QSRTA7TQAVVX3DTV44530J1WH1X,debt_stored,aeUSDC,77900
9053676,zest-v1,SPE9PMY85TREWR33YYN44DX8BJ2CX5ZKF7NDHMM5,SPE9PMY85TREWR33YYN44DX8BJ2CX5ZKF7NDHMM5,collateral,stSTX,54386
9053676,zest-v1,SPE9PMY85TREWR33YYN44DX8BJ2CX5ZKF7NDHMM5,SPE9PMY85TREWR33YYN44DX8BJ2CX5ZKF7NDHMM5,debt,stSTX,28366
9053676,zest-v1,SPE9PMY85TREWR33YYN44DX8BJ2CX5ZKF7NDHMM5,SPE9PMY85TREWR33YYN44DX8BJ2CX5ZKF7NDHMM5,debt_stored,stSTX,27062
9053676,zest-v1,SPEA33WSEQK01FAEP4SMKF183APPQ2GE50VYV1HG,SPEA33WSEQK01FAEP4SMKF183APPQ2GE50VYV1HG,collateral,stSTX,5548452
9053676,zest-v1,SPEA33WSEQK01FAEP4SMKF183APPQ2GE50VYV1HG,SPEA33WSEQK01FAEP4SMKF183APPQ2GE50VYV1HG,debt,aeUSDC,7024
9053676,zest-v1,SPEA33WSEQK01FAEP4SMKF183APPQ2GE50VYV1HG,SPEA33WSEQK01FAEP4SMKF183APPQ2GE50VYV1HG,debt_stored,aeUSDC,5823
9053676,zest-v1,SPEA7MNNAGXMF8RQ93M7MXAZ6AZ8ED0BQH24G72H,SPEA7MNNAGXMF8RQ93M7MXAZ6AZ8ED0BQH24G72H,collateral,sBTC,26
9053676,zest-v1,SPEA7MNNAGXMF8RQ93M7MXAZ6AZ8ED0BQH24G72H,SPEA7MNNAGXMF8RQ93M7MXAZ6AZ8ED0BQH24G72H,debt,stSTX,250
9053676,zest-v1,SPEA7MNNAGXMF8RQ93M7MXAZ6AZ8ED0BQH24G72H,SPEA7MNNAGXMF8RQ93M7MXAZ6AZ8ED0BQH24G72H,debt_stored,stSTX,240
9053676,zest-v1,SPEAKNCQF9B1BXPNDR24RYFH1Z6PHBYNBEXH4D72,SPEAKNCQF9B1BXPNDR24RYFH1Z6PHBYNBEXH4D72,collateral,STX,2144898
9053676,zest-v1,SPEAKNCQF9B1BXPNDR24RYFH1Z6PHBYNBEXH4D72,SPEAKNCQF9B1BXPNDR24RYFH1Z6PHBYNBEXH4D72,debt,STX,586236
9053676,zest-v1,SPEAKNCQF9B1BXPNDR24RYFH1Z6PHBYNBEXH4D72,SPEAKNCQF9B1BXPNDR24RYFH1Z6PHBYNBEXH4D72,debt_stored,STX,500000
9053676,zest-v1,SPEAM154PP3DYZDB03SJZDJRFZ81S0MVPDD7D305,SPEAM154PP3DYZDB03SJZDJRFZ81S0MVPDD7D305,collateral,STX,8027945
9053676,zest-v1,SPEAM154PP3DYZDB03SJZDJRFZ81S0MVPDD7D305,SPEAM154PP3DYZDB03SJZDJRFZ81S0MVPDD7D305,debt,STX,4375598
9053676,zest-v1,SPEAM154PP3DYZDB03SJZDJRFZ81S0MVPDD7D305,SPEAM154PP3DYZDB03SJZDJRFZ81S0MVPDD7D305,debt_stored,STX,3721388
9053676,zest-v1,SPEB3YJGJ7AZ5RAEJCB0HPK0ACRECFT6KX9075EW,SPEB3YJGJ7AZ5RAEJCB0HPK0ACRECFT6KX9075EW,collateral,STX,346411
9053676,zest-v1,SPEB3YJGJ7AZ5RAEJCB0HPK0ACRECFT6KX9075EW,SPEB3YJGJ7AZ5RAEJCB0HPK0ACRECFT6KX9075EW,debt,aeUSDC,28382
9053676,zest-v1,SPEB3YJGJ7AZ5RAEJCB0HPK0ACRECFT6KX9075EW,SPEB3YJGJ7AZ5RAEJCB0HPK0ACRECFT6KX9075EW,debt_stored,aeUSDC,21451
9053676,zest-v1,SPEBN6J7BZHKR2B3DXMY4QTJVB75KF1JDG3K1J51,SPEBN6J7BZHKR2B3DXMY4QTJVB75KF1JDG3K1J51,collateral,sBTC,508513
9053676,zest-v1,SPEBN6J7BZHKR2B3DXMY4QTJVB75KF1JDG3K1J51,SPEBN6J7BZHKR2B3DXMY4QTJVB75KF1JDG3K1J51,debt,USDH,18639626627
9053676,zest-v1,SPEBN6J7BZHKR2B3DXMY4QTJVB75KF1JDG3K1J51,SPEBN6J7BZHKR2B3DXMY4QTJVB75KF1JDG3K1J51,debt_stored,USDH,17437504917
9053676,zest-v1,SPECJ0ZXEPM07HN15CKE0R1PSC4SJF5EGT4WSVGY,SPECJ0ZXEPM07HN15CKE0R1PSC4SJF5EGT4WSVGY,collateral,sBTC,28198
9053676,zest-v1,SPECJ0ZXEPM07HN15CKE0R1PSC4SJF5EGT4WSVGY,SPECJ0ZXEPM07HN15CKE0R1PSC4SJF5EGT4WSVGY,debt,aeUSDC,4823983
9053676,zest-v1,SPECJ0ZXEPM07HN15CKE0R1PSC4SJF5EGT4WSVGY,SPECJ0ZXEPM07HN15CKE0R1PSC4SJF5EGT4WSVGY,debt,sBTC,2720
9053676,zest-v1,SPECJ0ZXEPM07HN15CKE0R1PSC4SJF5EGT4WSVGY,SPECJ0ZXEPM07HN15CKE0R1PSC4SJF5EGT4WSVGY,debt,stSTX,1148139
9053676,zest-v1,SPECJ0ZXEPM07HN15CKE0R1PSC4SJF5EGT4WSVGY,SPECJ0ZXEPM07HN15CKE0R1PSC4SJF5EGT4WSVGY,debt_stored,aeUSDC,4414191
9053676,zest-v1,SPECJ0ZXEPM07HN15CKE0R1PSC4SJF5EGT4WSVGY,SPECJ0ZXEPM07HN15CKE0R1PSC4SJF5EGT4WSVGY,debt_stored,sBTC,2530
9053676,zest-v1,SPECJ0ZXEPM07HN15CKE0R1PSC4SJF5EGT4WSVGY,SPECJ0ZXEPM07HN15CKE0R1PSC4SJF5EGT4WSVGY,debt_stored,stSTX,1100115
9053676,zest-v1,SPEHHQBZPA4HY8NTA3WP54WGGP0X4C30HCFMKZ20,SPEHHQBZPA4HY8NTA3WP54WGGP0X4C30HCFMKZ20,collateral,stSTX,6882
9053676,zest-v1,SPEHHQBZPA4HY8NTA3WP54WGGP0X4C30HCFMKZ20,SPEHHQBZPA4HY8NTA3WP54WGGP0X4C30HCFMKZ20,debt,STX,854
9053676,zest-v1,SPEHHQBZPA4HY8NTA3WP54WGGP0X4C30HCFMKZ20,SPEHHQBZPA4HY8NTA3WP54WGGP0X4C30HCFMKZ20,debt_stored,STX,765
9053676,zest-v1,SPEPSP99786JRCYN4CSCZYQZFAQNTCVTMQ4B5S2Z,SPEPSP99786JRCYN4CSCZYQZFAQNTCVTMQ4B5S2Z,collateral,stSTX,94659632
9053676,zest-v1,SPEPSP99786JRCYN4CSCZYQZFAQNTCVTMQ4B5S2Z,SPEPSP99786JRCYN4CSCZYQZFAQNTCVTMQ4B5S2Z,debt,stSTX,26215206
9053676,zest-v1,SPEPSP99786JRCYN4CSCZYQZFAQNTCVTMQ4B5S2Z,SPEPSP99786JRCYN4CSCZYQZFAQNTCVTMQ4B5S2Z,debt_stored,stSTX,25000000
9053676,zest-v1,SPEPSPHYC5JM9XPNEXQ5F7X8Z3D8GNY2RC51P22A,SPEPSPHYC5JM9XPNEXQ5F7X8Z3D8GNY2RC51P22A,collateral,STX,7347544
9053676,zest-v1,SPEPSPHYC5JM9XPNEXQ5F7X8Z3D8GNY2RC51P22A,SPEPSPHYC5JM9XPNEXQ5F7X8Z3D8GNY2RC51P22A,collateral,stSTX,761138
9053676,zest-v1,SPEPSPHYC5JM9XPNEXQ5F7X8Z3D8GNY2RC51P22A,SPEPSPHYC5JM9XPNEXQ5F7X8Z3D8GNY2RC51P22A,debt,sUSDT,40
9053676,zest-v1,SPEPSPHYC5JM9XPNEXQ5F7X8Z3D8GNY2RC51P22A,SPEPSPHYC5JM9XPNEXQ5F7X8Z3D8GNY2RC51P22A,debt_stored,sUSDT,30
9053676,zest-v1,SPEQB0BDR5Y2G58VGP1PMQG411KM92J176ZPT3QA,SPEQB0BDR5Y2G58VGP1PMQG411KM92J176ZPT3QA,collateral,stSTX,1001779
9053676,zest-v1,SPEQB0BDR5Y2G58VGP1PMQG411KM92J176ZPT3QA,SPEQB0BDR5Y2G58VGP1PMQG411KM92J176ZPT3QA,debt,STX,233173
9053676,zest-v1,SPEQB0BDR5Y2G58VGP1PMQG411KM92J176ZPT3QA,SPEQB0BDR5Y2G58VGP1PMQG411KM92J176ZPT3QA,debt_stored,STX,200000
9053676,zest-v1,SPERRR7NT5KA3QQPGDR5RZZMJKPZRMRBGS445H4A,SPERRR7NT5KA3QQPGDR5RZZMJKPZRMRBGS445H4A,collateral,stSTX,162831427
9053676,zest-v1,SPERRR7NT5KA3QQPGDR5RZZMJKPZRMRBGS445H4A,SPERRR7NT5KA3QQPGDR5RZZMJKPZRMRBGS445H4A,debt,STX,79079277
9053676,zest-v1,SPERRR7NT5KA3QQPGDR5RZZMJKPZRMRBGS445H4A,SPERRR7NT5KA3QQPGDR5RZZMJKPZRMRBGS445H4A,debt,stSTX,2
9053676,zest-v1,SPERRR7NT5KA3QQPGDR5RZZMJKPZRMRBGS445H4A,SPERRR7NT5KA3QQPGDR5RZZMJKPZRMRBGS445H4A,debt_stored,STX,70806586
9053676,zest-v1,SPERRR7NT5KA3QQPGDR5RZZMJKPZRMRBGS445H4A,SPERRR7NT5KA3QQPGDR5RZZMJKPZRMRBGS445H4A,debt_stored,stSTX,1
9053676,zest-v1,SPEV669P28Q25QXD4FK6989WPECST50HRBDR37J1,SPEV669P28Q25QXD4FK6989WPECST50HRBDR37J1,collateral,STX,2146504
9053676,zest-v1,SPEV669P28Q25QXD4FK6989WPECST50HRBDR37J1,SPEV669P28Q25QXD4FK6989WPECST50HRBDR37J1,debt,stSTX,104856
9053676,zest-v1,SPEV669P28Q25QXD4FK6989WPECST50HRBDR37J1,SPEV669P28Q25QXD4FK6989WPECST50HRBDR37J1,debt_stored,stSTX,100000
9053676,zest-v1,SPEXFBMSDS656FAV6V9TRPAPY9G7XGAASE9PYJGA,SPEXFBMSDS656FAV6V9TRPAPY9G7XGAASE9PYJGA,collateral,stSTX,198902329
9053676,zest-v1,SPEXFBMSDS656FAV6V9TRPAPY9G7XGAASE9PYJGA,SPEXFBMSDS656FAV6V9TRPAPY9G7XGAASE9PYJGA,debt,STX,116418257
9053676,zest-v1,SPEXFBMSDS656FAV6V9TRPAPY9G7XGAASE9PYJGA,SPEXFBMSDS656FAV6V9TRPAPY9G7XGAASE9PYJGA,debt_stored,STX,99000000
9053676,zest-v1,SPEXTRT7R996Z08X1PGQ93ZTEYVSCTTSM4J7187F,SPEXTRT7R996Z08X1PGQ93ZTEYVSCTTSM4J7187F,collateral,stSTX,92163982
9053676,zest-v1,SPEXTRT7R996Z08X1PGQ93ZTEYVSCTTSM4J7187F,SPEXTRT7R996Z08X1PGQ93ZTEYVSCTTSM4J7187F,debt,STX,38042173
9053676,zest-v1,SPEXTRT7R996Z08X1PGQ93ZTEYVSCTTSM4J7187F,SPEXTRT7R996Z08X1PGQ93ZTEYVSCTTSM4J7187F,debt_stored,STX,32359142
9053676,zest-v1,SPEZZHE2H0ZV31A82NDNETNRJ5RD10GDXJ4BME4Z,SPEZZHE2H0ZV31A82NDNETNRJ5RD10GDXJ4BME4Z,collateral,stSTX,164562572
9053676,zest-v1,SPEZZHE2H0ZV31A82NDNETNRJ5RD10GDXJ4BME4Z,SPEZZHE2H0ZV31A82NDNETNRJ5RD10GDXJ4BME4Z,debt,STX,76364487
9053676,zest-v1,SPEZZHE2H0ZV31A82NDNETNRJ5RD10GDXJ4BME4Z,SPEZZHE2H0ZV31A82NDNETNRJ5RD10GDXJ4BME4Z,debt,stSTX,7
9053676,zest-v1,SPEZZHE2H0ZV31A82NDNETNRJ5RD10GDXJ4BME4Z,SPEZZHE2H0ZV31A82NDNETNRJ5RD10GDXJ4BME4Z,debt_stored,STX,67516945
9053676,zest-v1,SPEZZHE2H0ZV31A82NDNETNRJ5RD10GDXJ4BME4Z,SPEZZHE2H0ZV31A82NDNETNRJ5RD10GDXJ4BME4Z,debt_stored,stSTX,6
9053676,zest-v1,SPF0V8KWBS70F0WDKTMY65B3G591NN52PTHHN51D,SPF0V8KWBS70F0WDKTMY65B3G591NN52PTHHN51D,collateral,aeUSDC,15656082
9053676,zest-v1,SPF0V8KWBS70F0WDKTMY65B3G591NN52PTHHN51D,SPF0V8KWBS70F0WDKTMY65B3G591NN52PTHHN51D,collateral,stSTX,2064164
9053676,zest-v1,SPF0V8KWBS70F0WDKTMY65B3G591NN52PTHHN51D,SPF0V8KWBS70F0WDKTMY65B3G591NN52PTHHN51D,debt,aeUSDC,2
9053676,zest-v1,SPF0V8KWBS70F0WDKTMY65B3G591NN52PTHHN51D,SPF0V8KWBS70F0WDKTMY65B3G591NN52PTHHN51D,debt_stored,aeUSDC,1
9053676,zest-v1,SPF0Y419TGBGAYSRCQ7EN2GXCZK3A1RGKZGTECM1,SPF0Y419TGBGAYSRCQ7EN2GXCZK3A1RGKZGTECM1,collateral,stSTX,101180024
9053676,zest-v1,SPF0Y419TGBGAYSRCQ7EN2GXCZK3A1RGKZGTECM1,SPF0Y419TGBGAYSRCQ7EN2GXCZK3A1RGKZGTECM1,debt,STX,5865275
9053676,zest-v1,SPF0Y419TGBGAYSRCQ7EN2GXCZK3A1RGKZGTECM1,SPF0Y419TGBGAYSRCQ7EN2GXCZK3A1RGKZGTECM1,debt_stored,STX,5000000
9053676,zest-v1,SPF236HH35ZAMTS7CV08V75G3DT9B2V8S4H4AQVA,SPF236HH35ZAMTS7CV08V75G3DT9B2V8S4H4AQVA,collateral,stSTX,1101960
9053676,zest-v1,SPF236HH35ZAMTS7CV08V75G3DT9B2V8S4H4AQVA,SPF236HH35ZAMTS7CV08V75G3DT9B2V8S4H4AQVA,debt,STX,117305
9053676,zest-v1,SPF236HH35ZAMTS7CV08V75G3DT9B2V8S4H4AQVA,SPF236HH35ZAMTS7CV08V75G3DT9B2V8S4H4AQVA,debt_stored,STX,100000
9053676,zest-v1,SPF5GKH57Y9AW71P741BW49BTHGT56Q3BBRJ98R0,SPF5GKH57Y9AW71P741BW49BTHGT56Q3BBRJ98R0,collateral,sBTC,4
9053676,zest-v1,SPF5GKH57Y9AW71P741BW49BTHGT56Q3BBRJ98R0,SPF5GKH57Y9AW71P741BW49BTHGT56Q3BBRJ98R0,debt,USDH,330201
9053676,zest-v1,SPF5GKH57Y9AW71P741BW49BTHGT56Q3BBRJ98R0,SPF5GKH57Y9AW71P741BW49BTHGT56Q3BBRJ98R0,debt_stored,USDH,305288
9053676,zest-v1,SPF628CZHVHT1R5ECM2VGF1RSRX39WV1532GP8Y9,SPF628CZHVHT1R5ECM2VGF1RSRX39WV1532GP8Y9,collateral,STX,4106820
9053676,zest-v1,SPF628CZHVHT1R5ECM2VGF1RSRX39WV1532GP8Y9,SPF628CZHVHT1R5ECM2VGF1RSRX39WV1532GP8Y9,debt,STX,3250549
9053676,zest-v1,SPF628CZHVHT1R5ECM2VGF1RSRX39WV1532GP8Y9,SPF628CZHVHT1R5ECM2VGF1RSRX39WV1532GP8Y9,debt_stored,STX,3004555
9053676,zest-v1,SPF9HDW15CMN9JSFJ2Y1PHWANZ5T4HT1F0ZN4JE8,SPF9HDW15CMN9JSFJ2Y1PHWANZ5T4HT1F0ZN4JE8,collateral,STX,5362972
9053676,zest-v1,SPF9HDW15CMN9JSFJ2Y1PHWANZ5T4HT1F0ZN4JE8,SPF9HDW15CMN9JSFJ2Y1PHWANZ5T4HT1F0ZN4JE8,debt,STX,1290348
9053676,zest-v1,SPF9HDW15CMN9JSFJ2Y1PHWANZ5T4HT1F0ZN4JE8,SPF9HDW15CMN9JSFJ2Y1PHWANZ5T4HT1F0ZN4JE8,debt_stored,STX,1100000
9053676,zest-v1,SPFD1J8TSFE71YZXEW0M9J31M7TTPWMVB8R87DTQ,SPFD1J8TSFE71YZXEW0M9J31M7TTPWMVB8R87DTQ,collateral,stSTX,99176459
9053676,zest-v1,SPFD1J8TSFE71YZXEW0M9J31M7TTPWMVB8R87DTQ,SPFD1J8TSFE71YZXEW0M9J31M7TTPWMVB8R87DTQ,debt,STX,48516379
9053676,zest-v1,SPFD1J8TSFE71YZXEW0M9J31M7TTPWMVB8R87DTQ,SPFD1J8TSFE71YZXEW0M9J31M7TTPWMVB8R87DTQ,debt_stored,STX,41377276
9053676,zest-v1,SPFMQW8TH77H8PACSS26J06VD5D9WXQTHF5F35GV,SPFMQW8TH77H8PACSS26J06VD5D9WXQTHF5F35GV,collateral,STX,118057
9053676,zest-v1,SPFMQW8TH77H8PACSS26J06VD5D9WXQTHF5F35GV,SPFMQW8TH77H8PACSS26J06VD5D9WXQTHF5F35GV,debt,STX,11730
9053676,zest-v1,SPFMQW8TH77H8PACSS26J06VD5D9WXQTHF5F35GV,SPFMQW8TH77H8PACSS26J06VD5D9WXQTHF5F35GV,debt_stored,STX,10000
9053676,zest-v1,SPFYP975AXQ1T05VZ9VJ3RRNRNHXJ70SZJ96PS59,SPFYP975AXQ1T05VZ9VJ3RRNRNHXJ70SZJ96PS59,collateral,STX,5362227
9053676,zest-v1,SPFYP975AXQ1T05VZ9VJ3RRNRNHXJ70SZJ96PS59,SPFYP975AXQ1T05VZ9VJ3RRNRNHXJ70SZJ96PS59,debt,STX,1172471
9053676,zest-v1,SPFYP975AXQ1T05VZ9VJ3RRNRNHXJ70SZJ96PS59,SPFYP975AXQ1T05VZ9VJ3RRNRNHXJ70SZJ96PS59,debt_stored,STX,1000000
9053676,zest-v1,SPFZRYYTZ1K5JAZHE69K68JYZAWBXSZ56D9MG4B0,SPFZRYYTZ1K5JAZHE69K68JYZAWBXSZ56D9MG4B0,collateral,STX,139515269
9053676,zest-v1,SPFZRYYTZ1K5JAZHE69K68JYZAWBXSZ56D9MG4B0,SPFZRYYTZ1K5JAZHE69K68JYZAWBXSZ56D9MG4B0,collateral,stSTX,793411676
9053676,zest-v1,SPFZRYYTZ1K5JAZHE69K68JYZAWBXSZ56D9MG4B0,SPFZRYYTZ1K5JAZHE69K68JYZAWBXSZ56D9MG4B0,debt,STX,117597005
9053676,zest-v1,SPFZRYYTZ1K5JAZHE69K68JYZAWBXSZ56D9MG4B0,SPFZRYYTZ1K5JAZHE69K68JYZAWBXSZ56D9MG4B0,debt_stored,STX,100000000
9053676,zest-v1,SPG0NKRKQGSMRBMS7FZHMCBWJGDFZF5QNYDT0JS1,SPG0NKRKQGSMRBMS7FZHMCBWJGDFZF5QNYDT0JS1,collateral,stSTX,1038730
9053676,zest-v1,SPG0NKRKQGSMRBMS7FZHMCBWJGDFZF5QNYDT0JS1,SPG0NKRKQGSMRBMS7FZHMCBWJGDFZF5QNYDT0JS1,debt,STX,123604
9053676,zest-v1,SPG0NKRKQGSMRBMS7FZHMCBWJGDFZF5QNYDT0JS1,SPG0NKRKQGSMRBMS7FZHMCBWJGDFZF5QNYDT0JS1,debt_stored,STX,110000
9053676,zest-v1,SPG1SV2FJGP12W9M7J3Q0V2QST6NSNER3APCNTD0,SPG1SV2FJGP12W9M7J3Q0V2QST6NSNER3APCNTD0,collateral,stSTX,63858084
9053676,zest-v1,SPG1SV2FJGP12W9M7J3Q0V2QST6NSNER3APCNTD0,SPG1SV2FJGP12W9M7J3Q0V2QST6NSNER3APCNTD0,debt,STX,29106863
9053676,zest-v1,SPG1SV2FJGP12W9M7J3Q0V2QST6NSNER3APCNTD0,SPG1SV2FJGP12W9M7J3Q0V2QST6NSNER3APCNTD0,debt_stored,STX,25000000
9053676,zest-v1,SPG714KDP3142ZTFNDWZN96SPTAEVTZET7NDP4S7,SPG714KDP3142ZTFNDWZN96SPTAEVTZET7NDP4S7,debt,aeUSDC,849719
9053676,zest-v1,SPG714KDP3142ZTFNDWZN96SPTAEVTZET7NDP4S7,SPG714KDP3142ZTFNDWZN96SPTAEVTZET7NDP4S7,debt_stored,aeUSDC,756311
9053676,zest-v1,SPG7NBRWFSQ1JXMVHF5457EW651F4DBC2FP30H41,SPG7NBRWFSQ1JXMVHF5457EW651F4DBC2FP30H41,collateral,stSTX,68770100
9053676,zest-v1,SPG7NBRWFSQ1JXMVHF5457EW651F4DBC2FP30H41,SPG7NBRWFSQ1JXMVHF5457EW651F4DBC2FP30H41,debt,STX,29082075
9053676,zest-v1,SPG7NBRWFSQ1JXMVHF5457EW651F4DBC2FP30H41,SPG7NBRWFSQ1JXMVHF5457EW651F4DBC2FP30H41,debt_stored,STX,25000000
9053676,zest-v1,SPGJV10GDNEDSY35Z3BZ0NSGRTV503GEA1ZCTCPM,SPGJV10GDNEDSY35Z3BZ0NSGRTV503GEA1ZCTCPM,collateral,stSTX,4208042768
9053676,zest-v1,SPGJV10GDNEDSY35Z3BZ0NSGRTV503GEA1ZCTCPM,SPGJV10GDNEDSY35Z3BZ0NSGRTV503GEA1ZCTCPM,debt,STX,280552085
9053676,zest-v1,SPGJV10GDNEDSY35Z3BZ0NSGRTV503GEA1ZCTCPM,SPGJV10GDNEDSY35Z3BZ0NSGRTV503GEA1ZCTCPM,debt,stSTX,1613011677
9053676,zest-v1,SPGJV10GDNEDSY35Z3BZ0NSGRTV503GEA1ZCTCPM,SPGJV10GDNEDSY35Z3BZ0NSGRTV503GEA1ZCTCPM,debt_stored,STX,250682664
9053676,zest-v1,SPGJV10GDNEDSY35Z3BZ0NSGRTV503GEA1ZCTCPM,SPGJV10GDNEDSY35Z3BZ0NSGRTV503GEA1ZCTCPM,debt_stored,stSTX,1542630768
9053676,zest-v1,SPGKXNY6J7X936RZ7Q42RMZQHSZWQECHH7RRBRXY,SPGKXNY6J7X936RZ7Q42RMZQHSZWQECHH7RRBRXY,collateral,stSTX,37666
9053676,zest-v1,SPGKXNY6J7X936RZ7Q42RMZQHSZWQECHH7RRBRXY,SPGKXNY6J7X936RZ7Q42RMZQHSZWQECHH7RRBRXY,debt,STX,9645
9053676,zest-v1,SPGKXNY6J7X936RZ7Q42RMZQHSZWQECHH7RRBRXY,SPGKXNY6J7X936RZ7Q42RMZQHSZWQECHH7RRBRXY,debt,aeUSDC,2606
9053676,zest-v1,SPGKXNY6J7X936RZ7Q42RMZQHSZWQECHH7RRBRXY,SPGKXNY6J7X936RZ7Q42RMZQHSZWQECHH7RRBRXY,debt_stored,STX,8661
9053676,zest-v1,SPGKXNY6J7X936RZ7Q42RMZQHSZWQECHH7RRBRXY,SPGKXNY6J7X936RZ7Q42RMZQHSZWQECHH7RRBRXY,debt_stored,aeUSDC,2181
9053676,zest-v1,SPGNQ4WK0F1T530778J99D1RKBZD982ACC8QGH0M,SPGNQ4WK0F1T530778J99D1RKBZD982ACC8QGH0M,collateral,stSTX,156908450
9053676,zest-v1,SPGNQ4WK0F1T530778J99D1RKBZD982ACC8QGH0M,SPGNQ4WK0F1T530778J99D1RKBZD982ACC8QGH0M,collateral,stSTXbtc,174564347
9053676,zest-v1,SPGNQ4WK0F1T530778J99D1RKBZD982ACC8QGH0M,SPGNQ4WK0F1T530778J99D1RKBZD982ACC8QGH0M,debt,stSTX,4
9053676,zest-v1,SPGNQ4WK0F1T530778J99D1RKBZD982ACC8QGH0M,SPGNQ4WK0F1T530778J99D1RKBZD982ACC8QGH0M,debt_stored,stSTX,3
9053676,zest-v1,SPGQVYAKNCJZV7YEY5XFMCRXMN5P7M2SMS8YF40S,SPGQVYAKNCJZV7YEY5XFMCRXMN5P7M2SMS8YF40S,collateral,sBTC,1
9053676,zest-v1,SPGQVYAKNCJZV7YEY5XFMCRXMN5P7M2SMS8YF40S,SPGQVYAKNCJZV7YEY5XFMCRXMN5P7M2SMS8YF40S,debt,USDH,778
9053676,zest-v1,SPGQVYAKNCJZV7YEY5XFMCRXMN5P7M2SMS8YF40S,SPGQVYAKNCJZV7YEY5XFMCRXMN5P7M2SMS8YF40S,debt_stored,USDH,715
9053676,zest-v1,SPGR3Y05EXD0F6BKZKCWBXQEM26HAX46TTD1BYY3,SPGR3Y05EXD0F6BKZKCWBXQEM26HAX46TTD1BYY3,collateral,sBTC,14277
9053676,zest-v1,SPGR3Y05EXD0F6BKZKCWBXQEM26HAX46TTD1BYY3,SPGR3Y05EXD0F6BKZKCWBXQEM26HAX46TTD1BYY3,debt,sBTC,2
9053676,zest-v1,SPGR3Y05EXD0F6BKZKCWBXQEM26HAX46TTD1BYY3,SPGR3Y05EXD0F6BKZKCWBXQEM26HAX46TTD1BYY3,debt_stored,sBTC,1
9053676,zest-v1,SPGTK5GDQH0BCGZ5A39K34P7WZ5GY4TGNGH1RPPZ,SPGTK5GDQH0BCGZ5A39K34P7WZ5GY4TGNGH1RPPZ,collateral,stSTX,12622707
9053676,zest-v1,SPGTK5GDQH0BCGZ5A39K34P7WZ5GY4TGNGH1RPPZ,SPGTK5GDQH0BCGZ5A39K34P7WZ5GY4TGNGH1RPPZ,debt,stSTX,148
9053676,zest-v1,SPGTK5GDQH0BCGZ5A39K34P7WZ5GY4TGNGH1RPPZ,SPGTK5GDQH0BCGZ5A39K34P7WZ5GY4TGNGH1RPPZ,debt_stored,stSTX,142
9053676,zest-v1,SPGVA1VXCGEPKFJ5EF8YTNX6VZ3Q6SXZK1SF9M95,SPGVA1VXCGEPKFJ5EF8YTNX6VZ3Q6SXZK1SF9M95,collateral,STX,57408996
9053676,zest-v1,SPGVA1VXCGEPKFJ5EF8YTNX6VZ3Q6SXZK1SF9M95,SPGVA1VXCGEPKFJ5EF8YTNX6VZ3Q6SXZK1SF9M95,collateral,stSTX,103061960
9053676,zest-v1,SPGVA1VXCGEPKFJ5EF8YTNX6VZ3Q6SXZK1SF9M95,SPGVA1VXCGEPKFJ5EF8YTNX6VZ3Q6SXZK1SF9M95,debt,STX,60662753
9053676,zest-v1,SPGVA1VXCGEPKFJ5EF8YTNX6VZ3Q6SXZK1SF9M95,SPGVA1VXCGEPKFJ5EF8YTNX6VZ3Q6SXZK1SF9M95,debt_stored,STX,51627740
9053676,zest-v1,SPGVENXCEYZ3G8QHTH9FMR416SS1E6QWC34QQBKB,SPGVENXCEYZ3G8QHTH9FMR416SS1E6QWC34QQBKB,collateral,stSTX,820
9053676,zest-v1,SPGVENXCEYZ3G8QHTH9FMR416SS1E6QWC34QQBKB,SPGVENXCEYZ3G8QHTH9FMR416SS1E6QWC34QQBKB,debt,STX,4
9053676,zest-v1,SPGVENXCEYZ3G8QHTH9FMR416SS1E6QWC34QQBKB,SPGVENXCEYZ3G8QHTH9FMR416SS1E6QWC34QQBKB,debt_stored,STX,3
9053676,zest-v1,SPGXMKC2BDNBZ9S5219Q420BD2HP8G44HP6C4Q7P,SPGXMKC2BDNBZ9S5219Q420BD2HP8G44HP6C4Q7P,collateral,stSTX,33535341
9053676,zest-v1,SPGXMKC2BDNBZ9S5219Q420BD2HP8G44HP6C4Q7P,SPGXMKC2BDNBZ9S5219Q420BD2HP8G44HP6C4Q7P,debt,STX,19869930
9053676,zest-v1,SPGXMKC2BDNBZ9S5219Q420BD2HP8G44HP6C4Q7P,SPGXMKC2BDNBZ9S5219Q420BD2HP8G44HP6C4Q7P,debt_stored,STX,17412501
9053676,zest-v1,SPGZPVBKCH1ZV7R31ZW7E9R61E2CV7ABW0XGEJWP,SPGZPVBKCH1ZV7R31ZW7E9R61E2CV7ABW0XGEJWP,collateral,STX,310
9053676,zest-v1,SPGZPVBKCH1ZV7R31ZW7E9R61E2CV7ABW0XGEJWP,SPGZPVBKCH1ZV7R31ZW7E9R61E2CV7ABW0XGEJWP,debt,STX,54
9053676,zest-v1,SPGZPVBKCH1ZV7R31ZW7E9R61E2CV7ABW0XGEJWP,SPGZPVBKCH1ZV7R31ZW7E9R61E2CV7ABW0XGEJWP,debt,stSTX,5
9053676,zest-v1,SPGZPVBKCH1ZV7R31ZW7E9R61E2CV7ABW0XGEJWP,SPGZPVBKCH1ZV7R31ZW7E9R61E2CV7ABW0XGEJWP,debt_stored,STX,48
9053676,zest-v1,SPGZPVBKCH1ZV7R31ZW7E9R61E2CV7ABW0XGEJWP,SPGZPVBKCH1ZV7R31ZW7E9R61E2CV7ABW0XGEJWP,debt_stored,stSTX,4
9053676,zest-v1,SPH1SNZJPHN81MWZFKPQ9CPYRYMZKQX7ET543GBB,SPH1SNZJPHN81MWZFKPQ9CPYRYMZKQX7ET543GBB,collateral,stSTX,1888602
9053676,zest-v1,SPH1SNZJPHN81MWZFKPQ9CPYRYMZKQX7ET543GBB,SPH1SNZJPHN81MWZFKPQ9CPYRYMZKQX7ET543GBB,debt,STX,112358
9053676,zest-v1,SPH1SNZJPHN81MWZFKPQ9CPYRYMZKQX7ET543GBB,SPH1SNZJPHN81MWZFKPQ9CPYRYMZKQX7ET543GBB,debt_stored,STX,100000
9053676,zest-v1,SPH3F1C379BKG5X7YXQEZJD215NG1C2SGHA185V6,SPH3F1C379BKG5X7YXQEZJD215NG1C2SGHA185V6,collateral,STX,5362024
9053676,zest-v1,SPH3F1C379BKG5X7YXQEZJD215NG1C2SGHA185V6,SPH3F1C379BKG5X7YXQEZJD215NG1C2SGHA185V6,debt,STX,1172309
9053676,zest-v1,SPH3F1C379BKG5X7YXQEZJD215NG1C2SGHA185V6,SPH3F1C379BKG5X7YXQEZJD215NG1C2SGHA185V6,debt_stored,STX,1000000
9053676,zest-v1,SPH434T4DTNWC4KPCMYDXYSH80CYCZMWB0EFCE1A,SPH434T4DTNWC4KPCMYDXYSH80CYCZMWB0EFCE1A,collateral,STX,6362141
9053676,zest-v1,SPH434T4DTNWC4KPCMYDXYSH80CYCZMWB0EFCE1A,SPH434T4DTNWC4KPCMYDXYSH80CYCZMWB0EFCE1A,collateral,stSTX,1793075
9053676,zest-v1,SPH434T4DTNWC4KPCMYDXYSH80CYCZMWB0EFCE1A,SPH434T4DTNWC4KPCMYDXYSH80CYCZMWB0EFCE1A,debt,aeUSDC,935137
9053676,zest-v1,SPH434T4DTNWC4KPCMYDXYSH80CYCZMWB0EFCE1A,SPH434T4DTNWC4KPCMYDXYSH80CYCZMWB0EFCE1A,debt_stored,aeUSDC,881623
9053676,zest-v1,SPH7P7209RYS3JTH0WA6JAYKME4HEJFNF0C9EEP6,SPH7P7209RYS3JTH0WA6JAYKME4HEJFNF0C9EEP6,collateral,stSTX,158133486
9053676,zest-v1,SPH7P7209RYS3JTH0WA6JAYKME4HEJFNF0C9EEP6,SPH7P7209RYS3JTH0WA6JAYKME4HEJFNF0C9EEP6,debt,STX,72362865
9053676,zest-v1,SPH7P7209RYS3JTH0WA6JAYKME4HEJFNF0C9EEP6,SPH7P7209RYS3JTH0WA6JAYKME4HEJFNF0C9EEP6,debt,stSTX,2
9053676,zest-v1,SPH7P7209RYS3JTH0WA6JAYKME4HEJFNF0C9EEP6,SPH7P7209RYS3JTH0WA6JAYKME4HEJFNF0C9EEP6,debt_stored,STX,64000000
9053676,zest-v1,SPH7P7209RYS3JTH0WA6JAYKME4HEJFNF0C9EEP6,SPH7P7209RYS3JTH0WA6JAYKME4HEJFNF0C9EEP6,debt_stored,stSTX,1
9053676,zest-v1,SPH8EHHHNJRKD16ZQAHVME3CJA4WV0MSMYKT30BP,SPH8EHHHNJRKD16ZQAHVME3CJA4WV0MSMYKT30BP,collateral,sBTC,1106959
9053676,zest-v1,SPH8EHHHNJRKD16ZQAHVME3CJA4WV0MSMYKT30BP,SPH8EHHHNJRKD16ZQAHVME3CJA4WV0MSMYKT30BP,collateral,stSTX,160276349
9053676,zest-v1,SPH8EHHHNJRKD16ZQAHVME3CJA4WV0MSMYKT30BP,SPH8EHHHNJRKD16ZQAHVME3CJA4WV0MSMYKT30BP,debt,stSTX,31361705
9053676,zest-v1,SPH8EHHHNJRKD16ZQAHVME3CJA4WV0MSMYKT30BP,SPH8EHHHNJRKD16ZQAHVME3CJA4WV0MSMYKT30BP,debt_stored,stSTX,30000000
9053676,zest-v1,SPHDKSCFC2KHRQZDKXXZCJX4SR68D39GE2RM6HDE,SPHDKSCFC2KHRQZDKXXZCJX4SR68D39GE2RM6HDE,debt,sUSDT,3459
9053676,zest-v1,SPHDKSCFC2KHRQZDKXXZCJX4SR68D39GE2RM6HDE,SPHDKSCFC2KHRQZDKXXZCJX4SR68D39GE2RM6HDE,debt_stored,sUSDT,3458
9053676,zest-v1,SPHE0PHNF1E1Z4YSVSMCT72DQHMSQQBGZEW5JQKB,SPHE0PHNF1E1Z4YSVSMCT72DQHMSQQBGZEW5JQKB,collateral,stSTX,3313806
9053676,zest-v1,SPHE0PHNF1E1Z4YSVSMCT72DQHMSQQBGZEW5JQKB,SPHE0PHNF1E1Z4YSVSMCT72DQHMSQQBGZEW5JQKB,debt,stSTX,1679701
9053676,zest-v1,SPHE0PHNF1E1Z4YSVSMCT72DQHMSQQBGZEW5JQKB,SPHE0PHNF1E1Z4YSVSMCT72DQHMSQQBGZEW5JQKB,debt_stored,stSTX,1604770
9053676,zest-v1,SPHJZ6S6M22TATB805TMAVQ9YNYMCSB4EJ5VYE1Z,SPHJZ6S6M22TATB805TMAVQ9YNYMCSB4EJ5VYE1Z,collateral,stSTX,3458093
9053676,zest-v1,SPHJZ6S6M22TATB805TMAVQ9YNYMCSB4EJ5VYE1Z,SPHJZ6S6M22TATB805TMAVQ9YNYMCSB4EJ5VYE1Z,debt,aeUSDC,932086
9053676,zest-v1,SPHJZ6S6M22TATB805TMAVQ9YNYMCSB4EJ5VYE1Z,SPHJZ6S6M22TATB805TMAVQ9YNYMCSB4EJ5VYE1Z,debt_stored,aeUSDC,878841
9053676,zest-v1,SPHKAF5XRYMQ164HQ6JTN68FHH60CCKC7WT4GFA9,SPHKAF5XRYMQ164HQ6JTN68FHH60CCKC7WT4GFA9,collateral,stSTX,11029004
9053676,zest-v1,SPHKAF5XRYMQ164HQ6JTN68FHH60CCKC7WT4GFA9,SPHKAF5XRYMQ164HQ6JTN68FHH60CCKC7WT4GFA9,debt,STX,1172019
9053676,zest-v1,SPHKAF5XRYMQ164HQ6JTN68FHH60CCKC7WT4GFA9,SPHKAF5XRYMQ164HQ6JTN68FHH60CCKC7WT4GFA9,debt_stored,STX,1000000
9053676,zest-v1,SPHPQCXGKPHM8XD5DRG5RKTXAGH6RP2C4DTNWMRQ,SPHPQCXGKPHM8XD5DRG5RKTXAGH6RP2C4DTNWMRQ,collateral,stSTX,2431164
9053676,zest-v1,SPHPQCXGKPHM8XD5DRG5RKTXAGH6RP2C4DTNWMRQ,SPHPQCXGKPHM8XD5DRG5RKTXAGH6RP2C4DTNWMRQ,debt,aeUSDC,555797
9053676,zest-v1,SPHPQCXGKPHM8XD5DRG5RKTXAGH6RP2C4DTNWMRQ,SPHPQCXGKPHM8XD5DRG5RKTXAGH6RP2C4DTNWMRQ,debt_stored,aeUSDC,524283
9053676,zest-v1,SPHQ64GAMZT25QTBDWC70H56HVK9AGM17A6GBN72,SPHQ64GAMZT25QTBDWC70H56HVK9AGM17A6GBN72,collateral,STX,1260858
9053676,zest-v1,SPHQ64GAMZT25QTBDWC70H56HVK9AGM17A6GBN72,SPHQ64GAMZT25QTBDWC70H56HVK9AGM17A6GBN72,debt,stSTX,565762
9053676,zest-v1,SPHQ64GAMZT25QTBDWC70H56HVK9AGM17A6GBN72,SPHQ64GAMZT25QTBDWC70H56HVK9AGM17A6GBN72,debt_stored,stSTX,544351
9053676,zest-v1,SPHR6AQM483RCN6RQZA82B21FWA2SDXXHBA9K99S,SPHR6AQM483RCN6RQZA82B21FWA2SDXXHBA9K99S,collateral,stSTX,165085694
9053676,zest-v1,SPHR6AQM483RCN6RQZA82B21FWA2SDXXHBA9K99S,SPHR6AQM483RCN6RQZA82B21FWA2SDXXHBA9K99S,debt,STX,76824518
9053676,zest-v1,SPHR6AQM483RCN6RQZA82B21FWA2SDXXHBA9K99S,SPHR6AQM483RCN6RQZA82B21FWA2SDXXHBA9K99S,debt,stSTX,8
9053676,zest-v1,SPHR6AQM483RCN6RQZA82B21FWA2SDXXHBA9K99S,SPHR6AQM483RCN6RQZA82B21FWA2SDXXHBA9K99S,debt_stored,STX,67933074
9053676,zest-v1,SPHR6AQM483RCN6RQZA82B21FWA2SDXXHBA9K99S,SPHR6AQM483RCN6RQZA82B21FWA2SDXXHBA9K99S,debt_stored,stSTX,7
9053676,zest-v1,SPJ1C5K6Z66JAMXQWCVXV5PHJ3WN59VTA7R4PKZ7,SPJ1C5K6Z66JAMXQWCVXV5PHJ3WN59VTA7R4PKZ7,collateral,sBTC,1
9053676,zest-v1,SPJ1C5K6Z66JAMXQWCVXV5PHJ3WN59VTA7R4PKZ7,SPJ1C5K6Z66JAMXQWCVXV5PHJ3WN59VTA7R4PKZ7,debt,aeUSDC,2
9053676,zest-v1,SPJ1C5K6Z66JAMXQWCVXV5PHJ3WN59VTA7R4PKZ7,SPJ1C5K6Z66JAMXQWCVXV5PHJ3WN59VTA7R4PKZ7,debt_stored,aeUSDC,1
9053676,zest-v1,SPJ1R85XPSYHMCMRBNRAMZ5WCD6HDGN7JCXDHWF7,SPJ1R85XPSYHMCMRBNRAMZ5WCD6HDGN7JCXDHWF7,collateral,stSTX,52155661
9053676,zest-v1,SPJ1R85XPSYHMCMRBNRAMZ5WCD6HDGN7JCXDHWF7,SPJ1R85XPSYHMCMRBNRAMZ5WCD6HDGN7JCXDHWF7,debt,stSTX,18086665
9053676,zest-v1,SPJ1R85XPSYHMCMRBNRAMZ5WCD6HDGN7JCXDHWF7,SPJ1R85XPSYHMCMRBNRAMZ5WCD6HDGN7JCXDHWF7,debt_stored,stSTX,17297196
9053676,zest-v1,SPJ66HEFR5MXZMHC5GGGRMP4GE2HA9EEYKENNP2P,SPJ66HEFR5MXZMHC5GGGRMP4GE2HA9EEYKENNP2P,collateral,stSTX,6417721
9053676,zest-v1,SPJ66HEFR5MXZMHC5GGGRMP4GE2HA9EEYKENNP2P,SPJ66HEFR5MXZMHC5GGGRMP4GE2HA9EEYKENNP2P,debt,STX,710103
9053676,zest-v1,SPJ66HEFR5MXZMHC5GGGRMP4GE2HA9EEYKENNP2P,SPJ66HEFR5MXZMHC5GGGRMP4GE2HA9EEYKENNP2P,debt_stored,STX,600000
9053676,zest-v1,SPJD4S4XV0A2TPMR0JBSD783Y8ENCP0DBAPKJ10Z,SPJD4S4XV0A2TPMR0JBSD783Y8ENCP0DBAPKJ10Z,collateral,stSTX,133694692
9053676,zest-v1,SPJD4S4XV0A2TPMR0JBSD783Y8ENCP0DBAPKJ10Z,SPJD4S4XV0A2TPMR0JBSD783Y8ENCP0DBAPKJ10Z,debt,STX,58753690
9053676,zest-v1,SPJD4S4XV0A2TPMR0JBSD783Y8ENCP0DBAPKJ10Z,SPJD4S4XV0A2TPMR0JBSD783Y8ENCP0DBAPKJ10Z,debt_stored,STX,52000000
9053676,zest-v1,SPJG013EY7YRJRZZXBE6VBR5KJ5Q6ZNVTDSGHBJJ,SPJG013EY7YRJRZZXBE6VBR5KJ5Q6ZNVTDSGHBJJ,collateral,STX,838941980
9053676,zest-v1,SPJG013EY7YRJRZZXBE6VBR5KJ5Q6ZNVTDSGHBJJ,SPJG013EY7YRJRZZXBE6VBR5KJ5Q6ZNVTDSGHBJJ,collateral,stSTX,377397268
9053676,zest-v1,SPJG013EY7YRJRZZXBE6VBR5KJ5Q6ZNVTDSGHBJJ,SPJG013EY7YRJRZZXBE6VBR5KJ5Q6ZNVTDSGHBJJ,debt,STX,454318455
9053676,zest-v1,SPJG013EY7YRJRZZXBE6VBR5KJ5Q6ZNVTDSGHBJJ,SPJG013EY7YRJRZZXBE6VBR5KJ5Q6ZNVTDSGHBJJ,debt,stSTX,834
9053676,zest-v1,SPJG013EY7YRJRZZXBE6VBR5KJ5Q6ZNVTDSGHBJJ,SPJG013EY7YRJRZZXBE6VBR5KJ5Q6ZNVTDSGHBJJ,debt_stored,STX,392016226
9053676,zest-v1,SPJG013EY7YRJRZZXBE6VBR5KJ5Q6ZNVTDSGHBJJ,SPJG013EY7YRJRZZXBE6VBR5KJ5Q6ZNVTDSGHBJJ,debt_stored,stSTX,796
9053676,zest-v1,SPJGFBT21SZ5M62JGZ8KGY2VVK001BMA9D31G01X,SPJGFBT21SZ5M62JGZ8KGY2VVK001BMA9D31G01X,collateral,stSTX,24146838
9053676,zest-v1,SPJGFBT21SZ5M62JGZ8KGY2VVK001BMA9D31G01X,SPJGFBT21SZ5M62JGZ8KGY2VVK001BMA9D31G01X,debt,STX,15691490
9053676,zest-v1,SPJGFBT21SZ5M62JGZ8KGY2VVK001BMA9D31G01X,SPJGFBT21SZ5M62JGZ8KGY2VVK001BMA9D31G01X,debt_stored,STX,15598630
9053676,zest-v1,SPJGSWR5JG7D03D55XP2HGJQC03BVBAEWZ19CEE4,SPJGSWR5JG7D03D55XP2HGJQC03BVBAEWZ19CEE4,collateral,stSTX,8223575
9053676,zest-v1,SPJGSWR5JG7D03D55XP2HGJQC03BVBAEWZ19CEE4,SPJGSWR5JG7D03D55XP2HGJQC03BVBAEWZ19CEE4,debt,stSTX,3045209
9053676,zest-v1,SPJGSWR5JG7D03D55XP2HGJQC03BVBAEWZ19CEE4,SPJGSWR5JG7D03D55XP2HGJQC03BVBAEWZ19CEE4,debt_stored,stSTX,2910500
9053676,zest-v1,SPJH70Q4JA2H5GHEMZQXYE8H9XTD3RAWKES1CSZX,SPJH70Q4JA2H5GHEMZQXYE8H9XTD3RAWKES1CSZX,collateral,stSTX,90951825
9053676,zest-v1,SPJH70Q4JA2H5GHEMZQXYE8H9XTD3RAWKES1CSZX,SPJH70Q4JA2H5GHEMZQXYE8H9XTD3RAWKES1CSZX,debt,STX,23514380
9053676,zest-v1,SPJH70Q4JA2H5GHEMZQXYE8H9XTD3RAWKES1CSZX,SPJH70Q4JA2H5GHEMZQXYE8H9XTD3RAWKES1CSZX,debt_stored,STX,20000000
9053676,zest-v1,SPJPANNYYRP05WPFR53TBHP0Q7H17F45T20T3F7P,SPJPANNYYRP05WPFR53TBHP0Q7H17F45T20T3F7P,collateral,stSTX,32914450
9053676,zest-v1,SPJPANNYYRP05WPFR53TBHP0Q7H17F45T20T3F7P,SPJPANNYYRP05WPFR53TBHP0Q7H17F45T20T3F7P,debt,stSTX,4886697
9053676,zest-v1,SPJPANNYYRP05WPFR53TBHP0Q7H17F45T20T3F7P,SPJPANNYYRP05WPFR53TBHP0Q7H17F45T20T3F7P,debt_stored,stSTX,4673937
9053676,zest-v1,SPJQMA7X6YD330M9F0FZ0210VY704156DEEA4P44,SPJQMA7X6YD330M9F0FZ0210VY704156DEEA4P44,collateral,STX,107431440
9053676,zest-v1,SPJQMA7X6YD330M9F0FZ0210VY704156DEEA4P44,SPJQMA7X6YD330M9F0FZ0210VY704156DEEA4P44,debt,aeUSDC,4656875
9053676,zest-v1,SPJQMA7X6YD330M9F0FZ0210VY704156DEEA4P44,SPJQMA7X6YD330M9F0FZ0210VY704156DEEA4P44,debt_stored,aeUSDC,3752222
9053676,zest-v1,SPJSE0WHAJN5R60522K0JY1PVJ2SKSTXKFH3SE11,SPJSE0WHAJN5R60522K0JY1PVJ2SKSTXKFH3SE11,collateral,STX,107317770
9053676,zest-v1,SPJSE0WHAJN5R60522K0JY1PVJ2SKSTXKFH3SE11,SPJSE0WHAJN5R60522K0JY1PVJ2SKSTXKFH3SE11,debt,STX,23510188
9053676,zest-v1,SPJSE0WHAJN5R60522K0JY1PVJ2SKSTXKFH3SE11,SPJSE0WHAJN5R60522K0JY1PVJ2SKSTXKFH3SE11,debt_stored,STX,20000000
9053676,zest-v1,SPJV5N6NQEZNG3M8QYZ9K1281K7CJWQ2J4MSM9EW,SPJV5N6NQEZNG3M8QYZ9K1281K7CJWQ2J4MSM9EW,collateral,STX,222330
9053676,zest-v1,SPJV5N6NQEZNG3M8QYZ9K1281K7CJWQ2J4MSM9EW,SPJV5N6NQEZNG3M8QYZ9K1281K7CJWQ2J4MSM9EW,debt,aeUSDC,70189
9053676,zest-v1,SPJV5N6NQEZNG3M8QYZ9K1281K7CJWQ2J4MSM9EW,SPJV5N6NQEZNG3M8QYZ9K1281K7CJWQ2J4MSM9EW,debt_stored,aeUSDC,65414
9053676,zest-v1,SPK3P8E11MGWEN3HNY2T5W7MKNMDDF21WWHZ6FRB,SPK3P8E11MGWEN3HNY2T5W7MKNMDDF21WWHZ6FRB,collateral,DIKO,1058461
9053676,zest-v1,SPK3P8E11MGWEN3HNY2T5W7MKNMDDF21WWHZ6FRB,SPK3P8E11MGWEN3HNY2T5W7MKNMDDF21WWHZ6FRB,collateral,STX,233078
9053676,zest-v1,SPK3P8E11MGWEN3HNY2T5W7MKNMDDF21WWHZ6FRB,SPK3P8E11MGWEN3HNY2T5W7MKNMDDF21WWHZ6FRB,collateral,aeUSDC,867579
9053676,zest-v1,SPK3P8E11MGWEN3HNY2T5W7MKNMDDF21WWHZ6FRB,SPK3P8E11MGWEN3HNY2T5W7MKNMDDF21WWHZ6FRB,collateral,stSTX,1067472
9053676,zest-v1,SPK3P8E11MGWEN3HNY2T5W7MKNMDDF21WWHZ6FRB,SPK3P8E11MGWEN3HNY2T5W7MKNMDDF21WWHZ6FRB,debt,aeUSDC,243178
9053676,zest-v1,SPK3P8E11MGWEN3HNY2T5W7MKNMDDF21WWHZ6FRB,SPK3P8E11MGWEN3HNY2T5W7MKNMDDF21WWHZ6FRB,debt_stored,aeUSDC,216762
9053676,zest-v1,SPK40QN3YCT0CHT2DFC17W7NG54FPYCHGN41ACQV,SPK40QN3YCT0CHT2DFC17W7NG54FPYCHGN41ACQV,collateral,stSTX,120339
9053676,zest-v1,SPK40QN3YCT0CHT2DFC17W7NG54FPYCHGN41ACQV,SPK40QN3YCT0CHT2DFC17W7NG54FPYCHGN41ACQV,debt,aeUSDC,321433
9053676,zest-v1,SPK40QN3YCT0CHT2DFC17W7NG54FPYCHGN41ACQV,SPK40QN3YCT0CHT2DFC17W7NG54FPYCHGN41ACQV,debt_stored,aeUSDC,303208
9053676,zest-v1,SPK42JR8Q2VNVBC8SAM1M2BQ5SEZC0JPZ295Z62Z,SPK42JR8Q2VNVBC8SAM1M2BQ5SEZC0JPZ295Z62Z,collateral,stSTX,171883
9053676,zest-v1,SPK42JR8Q2VNVBC8SAM1M2BQ5SEZC0JPZ295Z62Z,SPK42JR8Q2VNVBC8SAM1M2BQ5SEZC0JPZ295Z62Z,debt,stSTX,1579
9053676,zest-v1,SPK42JR8Q2VNVBC8SAM1M2BQ5SEZC0JPZ295Z62Z,SPK42JR8Q2VNVBC8SAM1M2BQ5SEZC0JPZ295Z62Z,debt_stored,stSTX,1509
9053676,zest-v1,SPK4E7MJPZD5TY0NDF078JGF8ZMK8VTR5H23JC3H,SPK4E7MJPZD5TY0NDF078JGF8ZMK8VTR5H23JC3H,collateral,stSTX,187390859
9053676,zest-v1,SPK4E7MJPZD5TY0NDF078JGF8ZMK8VTR5H23JC3H,SPK4E7MJPZD5TY0NDF078JGF8ZMK8VTR5H23JC3H,debt,STX,108123756
9053676,zest-v1,SPK4E7MJPZD5TY0NDF078JGF8ZMK8VTR5H23JC3H,SPK4E7MJPZD5TY0NDF078JGF8ZMK8VTR5H23JC3H,debt_stored,STX,99277634
9053676,zest-v1,SPK60V1KQYPHTGQEV0Y09XBMH3WPQREEMDF51FTC,SPK60V1KQYPHTGQEV0Y09XBMH3WPQREEMDF51FTC,collateral,STX,25770550
9053676,zest-v1,SPK60V1KQYPHTGQEV0Y09XBMH3WPQREEMDF51FTC,SPK60V1KQYPHTGQEV0Y09XBMH3WPQREEMDF51FTC,collateral,stSTX,101169017
9053676,zest-v1,SPK60V1KQYPHTGQEV0Y09XBMH3WPQREEMDF51FTC,SPK60V1KQYPHTGQEV0Y09XBMH3WPQREEMDF51FTC,debt,stSTX,46934200
9053676,zest-v1,SPK60V1KQYPHTGQEV0Y09XBMH3WPQREEMDF51FTC,SPK60V1KQYPHTGQEV0Y09XBMH3WPQREEMDF51FTC,debt_stored,stSTX,45000001
9053676,zest-v1,SPK959EVHGPV89APDC0QFDJ8N4PEKM1MXY519Y04,SPK959EVHGPV89APDC0QFDJ8N4PEKM1MXY519Y04,collateral,DIKO,19098768
9053676,zest-v1,SPK959EVHGPV89APDC0QFDJ8N4PEKM1MXY519Y04,SPK959EVHGPV89APDC0QFDJ8N4PEKM1MXY519Y04,collateral,stSTX,829939182
9053676,zest-v1,SPK959EVHGPV89APDC0QFDJ8N4PEKM1MXY519Y04,SPK959EVHGPV89APDC0QFDJ8N4PEKM1MXY519Y04,debt,STX,336643799
9053676,zest-v1,SPK959EVHGPV89APDC0QFDJ8N4PEKM1MXY519Y04,SPK959EVHGPV89APDC0QFDJ8N4PEKM1MXY519Y04,debt_stored,STX,282000000
9053676,zest-v1,SPKA8TZZ2GJK06RSQ2JFJ0J7X85D8P4XX16C8MX5,SPKA8TZZ2GJK06RSQ2JFJ0J7X85D8P4XX16C8MX5,collateral,stSTX,630
9053676,zest-v1,SPKA8TZZ2GJK06RSQ2JFJ0J7X85D8P4XX16C8MX5,SPKA8TZZ2GJK06RSQ2JFJ0J7X85D8P4XX16C8MX5,debt,STX,23
9053676,zest-v1,SPKA8TZZ2GJK06RSQ2JFJ0J7X85D8P4XX16C8MX5,SPKA8TZZ2GJK06RSQ2JFJ0J7X85D8P4XX16C8MX5,debt,stSTX,4
9053676,zest-v1,SPKA8TZZ2GJK06RSQ2JFJ0J7X85D8P4XX16C8MX5,SPKA8TZZ2GJK06RSQ2JFJ0J7X85D8P4XX16C8MX5,debt_stored,STX,21
9053676,zest-v1,SPKA8TZZ2GJK06RSQ2JFJ0J7X85D8P4XX16C8MX5,SPKA8TZZ2GJK06RSQ2JFJ0J7X85D8P4XX16C8MX5,debt_stored,stSTX,3
9053676,zest-v1,SPKF142YTSJXF0V75Z20JCGCKEEZZWTJ4D5VVKC3,SPKF142YTSJXF0V75Z20JCGCKEEZZWTJ4D5VVKC3,collateral,sBTC,1
9053676,zest-v1,SPKF142YTSJXF0V75Z20JCGCKEEZZWTJ4D5VVKC3,SPKF142YTSJXF0V75Z20JCGCKEEZZWTJ4D5VVKC3,debt,aeUSDC,78
9053676,zest-v1,SPKF142YTSJXF0V75Z20JCGCKEEZZWTJ4D5VVKC3,SPKF142YTSJXF0V75Z20JCGCKEEZZWTJ4D5VVKC3,debt_stored,aeUSDC,73
9053676,zest-v1,SPKJ67P9BDZSES48MM3S4AWQCRR2N6R5F5284K66,SPKJ67P9BDZSES48MM3S4AWQCRR2N6R5F5284K66,collateral,STX,11630532
9053676,zest-v1,SPKJ67P9BDZSES48MM3S4AWQCRR2N6R5F5284K66,SPKJ67P9BDZSES48MM3S4AWQCRR2N6R5F5284K66,debt,aeUSDC,1334099
9053676,zest-v1,SPKJ67P9BDZSES48MM3S4AWQCRR2N6R5F5284K66,SPKJ67P9BDZSES48MM3S4AWQCRR2N6R5F5284K66,debt_stored,aeUSDC,1295740
9053676,zest-v1,SPKKA9M9KRQ1P2B6HAAJZ132TVYMBP03YJV7NR1X,SPKKA9M9KRQ1P2B6HAAJZ132TVYMBP03YJV7NR1X,collateral,stSTX,301693290
9053676,zest-v1,SPKKA9M9KRQ1P2B6HAAJZ132TVYMBP03YJV7NR1X,SPKKA9M9KRQ1P2B6HAAJZ132TVYMBP03YJV7NR1X,debt,STX,174057916
9053676,zest-v1,SPKKA9M9KRQ1P2B6HAAJZ132TVYMBP03YJV7NR1X,SPKKA9M9KRQ1P2B6HAAJZ132TVYMBP03YJV7NR1X,debt_stored,STX,156344347
9053676,zest-v1,SPKPDKHT2TH732Q4FZCM3EBS5WFWAT96B5R258S7,SPKPDKHT2TH732Q4FZCM3EBS5WFWAT96B5R258S7,collateral,stSTX,302220520
9053676,zest-v1,SPKPDKHT2TH732Q4FZCM3EBS5WFWAT96B5R258S7,SPKPDKHT2TH732Q4FZCM3EBS5WFWAT96B5R258S7,debt,aeUSDC,25671719
9053676,zest-v1,SPKPDKHT2TH732Q4FZCM3EBS5WFWAT96B5R258S7,SPKPDKHT2TH732Q4FZCM3EBS5WFWAT96B5R258S7,debt_stored,aeUSDC,25376542
9053676,zest-v1,SPKPFJCXQ5B9EK4X4VKA0F0VZAP46XHR2WRANSE2,SPKPFJCXQ5B9EK4X4VKA0F0VZAP46XHR2WRANSE2,collateral,stSTX,50088955
9053676,zest-v1,SPKPFJCXQ5B9EK4X4VKA0F0VZAP46XHR2WRANSE2,SPKPFJCXQ5B9EK4X4VKA0F0VZAP46XHR2WRANSE2,debt,STX,11658788
9053676,zest-v1,SPKPFJCXQ5B9EK4X4VKA0F0VZAP46XHR2WRANSE2,SPKPFJCXQ5B9EK4X4VKA0F0VZAP46XHR2WRANSE2,debt_stored,STX,10000000
9053676,zest-v1,SPKQHV4CSMWF7S97G073WM0ETYS2EC93007A5N1T,SPKQHV4CSMWF7S97G073WM0ETYS2EC93007A5N1T,collateral,stSTX,799132733
9053676,zest-v1,SPKQHV4CSMWF7S97G073WM0ETYS2EC93007A5N1T,SPKQHV4CSMWF7S97G073WM0ETYS2EC93007A5N1T,debt,STX,352456508
9053676,zest-v1,SPKQHV4CSMWF7S97G073WM0ETYS2EC93007A5N1T,SPKQHV4CSMWF7S97G073WM0ETYS2EC93007A5N1T,debt_stored,STX,300053234
9053676,zest-v1,SPKSE25B7H12D41G12VHC72JQC70BMWXBWBA7B50,SPKSE25B7H12D41G12VHC72JQC70BMWXBWBA7B50,collateral,STX,349243
9053676,zest-v1,SPKSE25B7H12D41G12VHC72JQC70BMWXBWBA7B50,SPKSE25B7H12D41G12VHC72JQC70BMWXBWBA7B50,debt,aeUSDC,12484
9053676,zest-v1,SPKSE25B7H12D41G12VHC72JQC70BMWXBWBA7B50,SPKSE25B7H12D41G12VHC72JQC70BMWXBWBA7B50,debt_stored,aeUSDC,9435
9053676,zest-v1,SPKTWHES76JSVK3AC7JQY472EFMQ4AEN5K94BZAN,SPKTWHES76JSVK3AC7JQY472EFMQ4AEN5K94BZAN,collateral,stSTX,995
9053676,zest-v1,SPKTWHES76JSVK3AC7JQY472EFMQ4AEN5K94BZAN,SPKTWHES76JSVK3AC7JQY472EFMQ4AEN5K94BZAN,debt,STX,88
9053676,zest-v1,SPKTWHES76JSVK3AC7JQY472EFMQ4AEN5K94BZAN,SPKTWHES76JSVK3AC7JQY472EFMQ4AEN5K94BZAN,debt_stored,STX,78
9053676,zest-v1,SPKWQM17S8111SGMMED6JXPARN2QJJFVXGK21DSH,SPKWQM17S8111SGMMED6JXPARN2QJJFVXGK21DSH,collateral,STX,59905786
9053676,zest-v1,SPKWQM17S8111SGMMED6JXPARN2QJJFVXGK21DSH,SPKWQM17S8111SGMMED6JXPARN2QJJFVXGK21DSH,collateral,stSTX,30053371
9053676,zest-v1,SPKWQM17S8111SGMMED6JXPARN2QJJFVXGK21DSH,SPKWQM17S8111SGMMED6JXPARN2QJJFVXGK21DSH,debt,STX,23293048
9053676,zest-v1,SPKWQM17S8111SGMMED6JXPARN2QJJFVXGK21DSH,SPKWQM17S8111SGMMED6JXPARN2QJJFVXGK21DSH,debt_stored,STX,20000000
9053676,zest-v1,SPM09ZECSBTR8MGQH532FA4KP66H7NG29J0BQ5YA,SPM09ZECSBTR8MGQH532FA4KP66H7NG29J0BQ5YA,collateral,stSTX,238884952
9053676,zest-v1,SPM09ZECSBTR8MGQH532FA4KP66H7NG29J0BQ5YA,SPM09ZECSBTR8MGQH532FA4KP66H7NG29J0BQ5YA,debt,STX,96932649
9053676,zest-v1,SPM09ZECSBTR8MGQH532FA4KP66H7NG29J0BQ5YA,SPM09ZECSBTR8MGQH532FA4KP66H7NG29J0BQ5YA,debt_stored,STX,82554846
9053676,zest-v1,SPM10K08NYQ3VP385H66NC27AT7AWT3F50ND4X79,SPM10K08NYQ3VP385H66NC27AT7AWT3F50ND4X79,collateral,stSTX,2604484
9053676,zest-v1,SPM10K08NYQ3VP385H66NC27AT7AWT3F50ND4X79,SPM10K08NYQ3VP385H66NC27AT7AWT3F50ND4X79,debt,STX,1119267
9053676,zest-v1,SPM10K08NYQ3VP385H66NC27AT7AWT3F50ND4X79,SPM10K08NYQ3VP385H66NC27AT7AWT3F50ND4X79,debt_stored,STX,1000000
9053676,zest-v1,SPM2E0PJAA72T29M7WP1CRY2404BT68DPA44TMG5,SPM2E0PJAA72T29M7WP1CRY2404BT68DPA44TMG5,collateral,stSTX,2209
9053676,zest-v1,SPM2E0PJAA72T29M7WP1CRY2404BT68DPA44TMG5,SPM2E0PJAA72T29M7WP1CRY2404BT68DPA44TMG5,debt,stSTX,1094
9053676,zest-v1,SPM2E0PJAA72T29M7WP1CRY2404BT68DPA44TMG5,SPM2E0PJAA72T29M7WP1CRY2404BT68DPA44TMG5,debt_stored,stSTX,1046
9053676,zest-v1,SPM2HJVJK3Q65K06TWVQX8B9NKK58K9NNVZ1J74Z,SPM2HJVJK3Q65K06TWVQX8B9NKK58K9NNVZ1J74Z,collateral,stSTX,1001779
9053676,zest-v1,SPM2HJVJK3Q65K06TWVQX8B9NKK58K9NNVZ1J74Z,SPM2HJVJK3Q65K06TWVQX8B9NKK58K9NNVZ1J74Z,debt,STX,233174
9053676,zest-v1,SPM2HJVJK3Q65K06TWVQX8B9NKK58K9NNVZ1J74Z,SPM2HJVJK3Q65K06TWVQX8B9NKK58K9NNVZ1J74Z,debt_stored,STX,200000
9053676,zest-v1,SPM5A4Y2SG6HM2PC3MQFPSPWH312MMPQH3FXBVV9,SPM5A4Y2SG6HM2PC3MQFPSPWH312MMPQH3FXBVV9,collateral,stSTX,19162945
9053676,zest-v1,SPM5A4Y2SG6HM2PC3MQFPSPWH312MMPQH3FXBVV9,SPM5A4Y2SG6HM2PC3MQFPSPWH312MMPQH3FXBVV9,debt,STX,11355274
9053676,zest-v1,SPM5A4Y2SG6HM2PC3MQFPSPWH312MMPQH3FXBVV9,SPM5A4Y2SG6HM2PC3MQFPSPWH312MMPQH3FXBVV9,debt_stored,STX,9984261
9053676,zest-v1,SPM5BVEBYCN2Z1AR2E06A69HF1W70G7V5GZFDNPR,SPM5BVEBYCN2Z1AR2E06A69HF1W70G7V5GZFDNPR,collateral,stSTX,274825
9053676,zest-v1,SPM5BVEBYCN2Z1AR2E06A69HF1W70G7V5GZFDNPR,SPM5BVEBYCN2Z1AR2E06A69HF1W70G7V5GZFDNPR,debt,aeUSDC,212603
9053676,zest-v1,SPM5BVEBYCN2Z1AR2E06A69HF1W70G7V5GZFDNPR,SPM5BVEBYCN2Z1AR2E06A69HF1W70G7V5GZFDNPR,debt_stored,aeUSDC,189205
9053676,zest-v1,SPM88TP159BBAZTWV3C7YQP7FSPN2EBBH5XSW796,SPM88TP159BBAZTWV3C7YQP7FSPN2EBBH5XSW796,collateral,STX,5362018
9053676,zest-v1,SPM88TP159BBAZTWV3C7YQP7FSPN2EBBH5XSW796,SPM88TP159BBAZTWV3C7YQP7FSPN2EBBH5XSW796,debt,STX,1172305
9053676,zest-v1,SPM88TP159BBAZTWV3C7YQP7FSPN2EBBH5XSW796,SPM88TP159BBAZTWV3C7YQP7FSPN2EBBH5XSW796,debt_stored,STX,1000000
9053676,zest-v1,SPMA0EH4FZGPA1FJBQXJREE22CBKYCBBVH8M55TV,SPMA0EH4FZGPA1FJBQXJREE22CBKYCBBVH8M55TV,collateral,DIKO,193695754
9053676,zest-v1,SPMA0EH4FZGPA1FJBQXJREE22CBKYCBBVH8M55TV,SPMA0EH4FZGPA1FJBQXJREE22CBKYCBBVH8M55TV,collateral,stSTX,14108061612
9053676,zest-v1,SPMA0EH4FZGPA1FJBQXJREE22CBKYCBBVH8M55TV,SPMA0EH4FZGPA1FJBQXJREE22CBKYCBBVH8M55TV,debt,STX,2354030176
9053676,zest-v1,SPMA0EH4FZGPA1FJBQXJREE22CBKYCBBVH8M55TV,SPMA0EH4FZGPA1FJBQXJREE22CBKYCBBVH8M55TV,debt,aeUSDC,293477860
9053676,zest-v1,SPMA0EH4FZGPA1FJBQXJREE22CBKYCBBVH8M55TV,SPMA0EH4FZGPA1FJBQXJREE22CBKYCBBVH8M55TV,debt,stSTX,5240184050
9053676,zest-v1,SPMA0EH4FZGPA1FJBQXJREE22CBKYCBBVH8M55TV,SPMA0EH4FZGPA1FJBQXJREE22CBKYCBBVH8M55TV,debt_stored,STX,2214203617
9053676,zest-v1,SPMA0EH4FZGPA1FJBQXJREE22CBKYCBBVH8M55TV,SPMA0EH4FZGPA1FJBQXJREE22CBKYCBBVH8M55TV,debt_stored,aeUSDC,290499227
9053676,zest-v1,SPMA0EH4FZGPA1FJBQXJREE22CBKYCBBVH8M55TV,SPMA0EH4FZGPA1FJBQXJREE22CBKYCBBVH8M55TV,debt_stored,stSTX,5000000000
9053676,zest-v1,SPMCE93TRE1EJDMW5KZYNE50856J2R1SD7HAKM9X,SPMCE93TRE1EJDMW5KZYNE50856J2R1SD7HAKM9X,collateral,stSTX,561249
9053676,zest-v1,SPMCE93TRE1EJDMW5KZYNE50856J2R1SD7HAKM9X,SPMCE93TRE1EJDMW5KZYNE50856J2R1SD7HAKM9X,debt,stSTX,1398
9053676,zest-v1,SPMCE93TRE1EJDMW5KZYNE50856J2R1SD7HAKM9X,SPMCE93TRE1EJDMW5KZYNE50856J2R1SD7HAKM9X,debt_stored,stSTX,1334
9053676,zest-v1,SPMDA32YNE0CRPE4ZX3N812S095TGY9V2SJDRPB1,SPMDA32YNE0CRPE4ZX3N812S095TGY9V2SJDRPB1,collateral,stSTX,11560
9053676,zest-v1,SPMDA32YNE0CRPE4ZX3N812S095TGY9V2SJDRPB1,SPMDA32YNE0CRPE4ZX3N812S095TGY9V2SJDRPB1,debt,STX,2520
9053676,zest-v1,SPMDA32YNE0CRPE4ZX3N812S095TGY9V2SJDRPB1,SPMDA32YNE0CRPE4ZX3N812S095TGY9V2SJDRPB1,debt_stored,STX,2221
9053676,zest-v1,SPMDKK36EX59YZ41ZYSHSQ4AAM8QSBWZP8PKN3ZC,SPMDKK36EX59YZ41ZYSHSQ4AAM8QSBWZP8PKN3ZC,collateral,stSTX,98880491
9053676,zest-v1,SPMDKK36EX59YZ41ZYSHSQ4AAM8QSBWZP8PKN3ZC,SPMDKK36EX59YZ41ZYSHSQ4AAM8QSBWZP8PKN3ZC,debt,STX,58345648
9053676,zest-v1,SPMDKK36EX59YZ41ZYSHSQ4AAM8QSBWZP8PKN3ZC,SPMDKK36EX59YZ41ZYSHSQ4AAM8QSBWZP8PKN3ZC,debt_stored,STX,49658053
9053676,zest-v1,SPMED7SKX8C3QCR85351SFD0QY4AXWTZRWDR3BSQ,SPMED7SKX8C3QCR85351SFD0QY4AXWTZRWDR3BSQ,collateral,stSTX,327592279
9053676,zest-v1,SPMED7SKX8C3QCR85351SFD0QY4AXWTZRWDR3BSQ,SPMED7SKX8C3QCR85351SFD0QY4AXWTZRWDR3BSQ,debt,STX,46973630
9053676,zest-v1,SPMED7SKX8C3QCR85351SFD0QY4AXWTZRWDR3BSQ,SPMED7SKX8C3QCR85351SFD0QY4AXWTZRWDR3BSQ,debt_stored,STX,40000000
9053676,zest-v1,SPMHQGEV4YTPGA4MMSY3FCDR4PW0SNKKHTKEK275,SPMHQGEV4YTPGA4MMSY3FCDR4PW0SNKKHTKEK275,collateral,STX,4279793
9053676,zest-v1,SPMHQGEV4YTPGA4MMSY3FCDR4PW0SNKKHTKEK275,SPMHQGEV4YTPGA4MMSY3FCDR4PW0SNKKHTKEK275,debt,stSTX,524143
9053676,zest-v1,SPMHQGEV4YTPGA4MMSY3FCDR4PW0SNKKHTKEK275,SPMHQGEV4YTPGA4MMSY3FCDR4PW0SNKKHTKEK275,debt_stored,stSTX,500000
9053676,zest-v1,SPMRZSNH0ZKMT8GQT8XV25SG841ZHC4BQSK49MW7,SPMRZSNH0ZKMT8GQT8XV25SG841ZHC4BQSK49MW7,collateral,stSTX,1017
9053676,zest-v1,SPMRZSNH0ZKMT8GQT8XV25SG841ZHC4BQSK49MW7,SPMRZSNH0ZKMT8GQT8XV25SG841ZHC4BQSK49MW7,debt,STX,90
9053676,zest-v1,SPMRZSNH0ZKMT8GQT8XV25SG841ZHC4BQSK49MW7,SPMRZSNH0ZKMT8GQT8XV25SG841ZHC4BQSK49MW7,debt_stored,STX,80
9053676,zest-v1,SPMSR80T4EHKYQZKPNA7WVC3AN149EKH1XFJNSM3,SPMSR80T4EHKYQZKPNA7WVC3AN149EKH1XFJNSM3,collateral,stSTX,760
9053676,zest-v1,SPMSR80T4EHKYQZKPNA7WVC3AN149EKH1XFJNSM3,SPMSR80T4EHKYQZKPNA7WVC3AN149EKH1XFJNSM3,debt,stSTX,395
9053676,zest-v1,SPMSR80T4EHKYQZKPNA7WVC3AN149EKH1XFJNSM3,SPMSR80T4EHKYQZKPNA7WVC3AN149EKH1XFJNSM3,debt_stored,stSTX,378
9053676,zest-v1,SPMTGRW374B5HYWNVHNQ69CDR5J81X0JZ8FG4981,SPMTGRW374B5HYWNVHNQ69CDR5J81X0JZ8FG4981,collateral,stSTX,136246100
9053676,zest-v1,SPMTGRW374B5HYWNVHNQ69CDR5J81X0JZ8FG4981,SPMTGRW374B5HYWNVHNQ69CDR5J81X0JZ8FG4981,debt,STX,62173629
9053676,zest-v1,SPMTGRW374B5HYWNVHNQ69CDR5J81X0JZ8FG4981,SPMTGRW374B5HYWNVHNQ69CDR5J81X0JZ8FG4981,debt,stSTX,6
9053676,zest-v1,SPMTGRW374B5HYWNVHNQ69CDR5J81X0JZ8FG4981,SPMTGRW374B5HYWNVHNQ69CDR5J81X0JZ8FG4981,debt_stored,STX,55000000
9053676,zest-v1,SPMTGRW374B5HYWNVHNQ69CDR5J81X0JZ8FG4981,SPMTGRW374B5HYWNVHNQ69CDR5J81X0JZ8FG4981,debt_stored,stSTX,5
9053676,zest-v1,SPMVPNCFY0XQ5FS3N3WG52560FQ0HT7YRDSHY4H0,SPMVPNCFY0XQ5FS3N3WG52560FQ0HT7YRDSHY4H0,collateral,STX,416817056
9053676,zest-v1,SPMVPNCFY0XQ5FS3N3WG52560FQ0HT7YRDSHY4H0,SPMVPNCFY0XQ5FS3N3WG52560FQ0HT7YRDSHY4H0,debt,USDH,1287432068
9053676,zest-v1,SPMVPNCFY0XQ5FS3N3WG52560FQ0HT7YRDSHY4H0,SPMVPNCFY0XQ5FS3N3WG52560FQ0HT7YRDSHY4H0,debt,aeUSDC,28416826
9053676,zest-v1,SPMVPNCFY0XQ5FS3N3WG52560FQ0HT7YRDSHY4H0,SPMVPNCFY0XQ5FS3N3WG52560FQ0HT7YRDSHY4H0,debt_stored,USDH,1279644688
9053676,zest-v1,SPMVPNCFY0XQ5FS3N3WG52560FQ0HT7YRDSHY4H0,SPMVPNCFY0XQ5FS3N3WG52560FQ0HT7YRDSHY4H0,debt_stored,aeUSDC,28090350
9053676,zest-v1,SPMYAJ5346DV29VMQPH8JWQWGK3VT0KNXZSAGEX9,SPMYAJ5346DV29VMQPH8JWQWGK3VT0KNXZSAGEX9,collateral,stSTX,1006101
9053676,zest-v1,SPMYAJ5346DV29VMQPH8JWQWGK3VT0KNXZSAGEX9,SPMYAJ5346DV29VMQPH8JWQWGK3VT0KNXZSAGEX9,debt,stSTX,39
9053676,zest-v1,SPMYAJ5346DV29VMQPH8JWQWGK3VT0KNXZSAGEX9,SPMYAJ5346DV29VMQPH8JWQWGK3VT0KNXZSAGEX9,debt_stored,stSTX,38
9053676,zest-v1,SPMYW766HEERCDHWYAHR83NW4VR2YC89ZN7CQ5BG,SPMYW766HEERCDHWYAHR83NW4VR2YC89ZN7CQ5BG,collateral,stSTX,3372
9053676,zest-v1,SPMYW766HEERCDHWYAHR83NW4VR2YC89ZN7CQ5BG,SPMYW766HEERCDHWYAHR83NW4VR2YC89ZN7CQ5BG,debt,STX,406
9053676,zest-v1,SPMYW766HEERCDHWYAHR83NW4VR2YC89ZN7CQ5BG,SPMYW766HEERCDHWYAHR83NW4VR2YC89ZN7CQ5BG,debt_stored,STX,356
9053676,zest-v1,SPMYZC3EQYQ73RJFZKYBF7D76BNWEVR7TCH7XDBD,SPMYZC3EQYQ73RJFZKYBF7D76BNWEVR7TCH7XDBD,debt,aeUSDC,362337
9053676,zest-v1,SPMYZC3EQYQ73RJFZKYBF7D76BNWEVR7TCH7XDBD,SPMYZC3EQYQ73RJFZKYBF7D76BNWEVR7TCH7XDBD,debt,sUSDT,5120
9053676,zest-v1,SPMYZC3EQYQ73RJFZKYBF7D76BNWEVR7TCH7XDBD,SPMYZC3EQYQ73RJFZKYBF7D76BNWEVR7TCH7XDBD,debt_stored,aeUSDC,341686
9053676,zest-v1,SPMYZC3EQYQ73RJFZKYBF7D76BNWEVR7TCH7XDBD,SPMYZC3EQYQ73RJFZKYBF7D76BNWEVR7TCH7XDBD,debt_stored,sUSDT,5119
9053676,zest-v1,SPMZ912TEK2P15E8Q9W1W33QN793XR7XVDYY4R8H,SPMZ912TEK2P15E8Q9W1W33QN793XR7XVDYY4R8H,collateral,STX,41315
9053676,zest-v1,SPMZ912TEK2P15E8Q9W1W33QN793XR7XVDYY4R8H,SPMZ912TEK2P15E8Q9W1W33QN793XR7XVDYY4R8H,debt,aeUSDC,51
9053676,zest-v1,SPMZ912TEK2P15E8Q9W1W33QN793XR7XVDYY4R8H,SPMZ912TEK2P15E8Q9W1W33QN793XR7XVDYY4R8H,debt_stored,aeUSDC,45
9053676,zest-v1,SPN0FMB91X65WPEMQ278NCWCZ14XSAT7MJ4J9543,SPN0FMB91X65WPEMQ278NCWCZ14XSAT7MJ4J9543,collateral,DIKO,1360524954
9053676,zest-v1,SPN0FMB91X65WPEMQ278NCWCZ14XSAT7MJ4J9543,SPN0FMB91X65WPEMQ278NCWCZ14XSAT7MJ4J9543,collateral,STX,65798
9053676,zest-v1,SPN0FMB91X65WPEMQ278NCWCZ14XSAT7MJ4J9543,SPN0FMB91X65WPEMQ278NCWCZ14XSAT7MJ4J9543,collateral,aeUSDC,1173651
9053676,zest-v1,SPN0FMB91X65WPEMQ278NCWCZ14XSAT7MJ4J9543,SPN0FMB91X65WPEMQ278NCWCZ14XSAT7MJ4J9543,debt,STX,4092
9053676,zest-v1,SPN0FMB91X65WPEMQ278NCWCZ14XSAT7MJ4J9543,SPN0FMB91X65WPEMQ278NCWCZ14XSAT7MJ4J9543,debt,aeUSDC,13
9053676,zest-v1,SPN0FMB91X65WPEMQ278NCWCZ14XSAT7MJ4J9543,SPN0FMB91X65WPEMQ278NCWCZ14XSAT7MJ4J9543,debt,stSTX,30
9053676,zest-v1,SPN0FMB91X65WPEMQ278NCWCZ14XSAT7MJ4J9543,SPN0FMB91X65WPEMQ278NCWCZ14XSAT7MJ4J9543,debt_stored,STX,3580
9053676,zest-v1,SPN0FMB91X65WPEMQ278NCWCZ14XSAT7MJ4J9543,SPN0FMB91X65WPEMQ278NCWCZ14XSAT7MJ4J9543,debt_stored,aeUSDC,11
9053676,zest-v1,SPN0FMB91X65WPEMQ278NCWCZ14XSAT7MJ4J9543,SPN0FMB91X65WPEMQ278NCWCZ14XSAT7MJ4J9543,debt_stored,stSTX,29
9053676,zest-v1,SPN1GJ5ZC5ZTVTP1RA09DDRCCP101W88VYHG3EMC,SPN1GJ5ZC5ZTVTP1RA09DDRCCP101W88VYHG3EMC,collateral,stSTX,129557648
9053676,zest-v1,SPN1GJ5ZC5ZTVTP1RA09DDRCCP101W88VYHG3EMC,SPN1GJ5ZC5ZTVTP1RA09DDRCCP101W88VYHG3EMC,debt,USDH,1401201744
9053676,zest-v1,SPN1GJ5ZC5ZTVTP1RA09DDRCCP101W88VYHG3EMC,SPN1GJ5ZC5ZTVTP1RA09DDRCCP101W88VYHG3EMC,debt_stored,USDH,1390483315
9053676,zest-v1,SPN6PP6AWX1QXY86M6XT9PY6AF9SRM6RK9GXZ7F7,SPN6PP6AWX1QXY86M6XT9PY6AF9SRM6RK9GXZ7F7,collateral,STX,1602
9053676,zest-v1,SPN6PP6AWX1QXY86M6XT9PY6AF9SRM6RK9GXZ7F7,SPN6PP6AWX1QXY86M6XT9PY6AF9SRM6RK9GXZ7F7,debt,stSTX,699
9053676,zest-v1,SPN6PP6AWX1QXY86M6XT9PY6AF9SRM6RK9GXZ7F7,SPN6PP6AWX1QXY86M6XT9PY6AF9SRM6RK9GXZ7F7,debt_stored,stSTX,671
9053676,zest-v1,SPNAMJGDVGM3P0E7JTZEWCPZV8M7J2RDWCGRXNN9,SPNAMJGDVGM3P0E7JTZEWCPZV8M7J2RDWCGRXNN9,collateral,stSTX,41643
9053676,zest-v1,SPNAMJGDVGM3P0E7JTZEWCPZV8M7J2RDWCGRXNN9,SPNAMJGDVGM3P0E7JTZEWCPZV8M7J2RDWCGRXNN9,debt,STX,3244
9053676,zest-v1,SPNAMJGDVGM3P0E7JTZEWCPZV8M7J2RDWCGRXNN9,SPNAMJGDVGM3P0E7JTZEWCPZV8M7J2RDWCGRXNN9,debt_stored,STX,2898
9053676,zest-v1,SPNB8NKMHP8J8MF6ZTE8R94NWQ2H0Q2JCX78JXM2,SPNB8NKMHP8J8MF6ZTE8R94NWQ2H0Q2JCX78JXM2,collateral,STX,9131873
9053676,zest-v1,SPNB8NKMHP8J8MF6ZTE8R94NWQ2H0Q2JCX78JXM2,SPNB8NKMHP8J8MF6ZTE8R94NWQ2H0Q2JCX78JXM2,debt,USDH,185145125
9053676,zest-v1,SPNB8NKMHP8J8MF6ZTE8R94NWQ2H0Q2JCX78JXM2,SPNB8NKMHP8J8MF6ZTE8R94NWQ2H0Q2JCX78JXM2,debt,aeUSDC,3360
9053676,zest-v1,SPNB8NKMHP8J8MF6ZTE8R94NWQ2H0Q2JCX78JXM2,SPNB8NKMHP8J8MF6ZTE8R94NWQ2H0Q2JCX78JXM2,debt_stored,USDH,173131188
9053676,zest-v1,SPNB8NKMHP8J8MF6ZTE8R94NWQ2H0Q2JCX78JXM2,SPNB8NKMHP8J8MF6ZTE8R94NWQ2H0Q2JCX78JXM2,debt_stored,aeUSDC,3123
9053676,zest-v1,SPNF8ED588DAEYE16TE56R5N0JAKT1F94N5N9C2P,SPNF8ED588DAEYE16TE56R5N0JAKT1F94N5N9C2P,collateral,STX,10607544
9053676,zest-v1,SPNF8ED588DAEYE16TE56R5N0JAKT1F94N5N9C2P,SPNF8ED588DAEYE16TE56R5N0JAKT1F94N5N9C2P,debt,STX,1717463
9053676,zest-v1,SPNF8ED588DAEYE16TE56R5N0JAKT1F94N5N9C2P,SPNF8ED588DAEYE16TE56R5N0JAKT1F94N5N9C2P,debt_stored,STX,1500000
9053676,zest-v1,SPNN2PG9JQ84D14FJMXZE8JQJQ8S8Q1ZF7PNGW55,SPNN2PG9JQ84D14FJMXZE8JQJQ8S8Q1ZF7PNGW55,collateral,STX,8
9053676,zest-v1,SPNN2PG9JQ84D14FJMXZE8JQJQ8S8Q1ZF7PNGW55,SPNN2PG9JQ84D14FJMXZE8JQJQ8S8Q1ZF7PNGW55,debt,stSTX,2
9053676,zest-v1,SPNN2PG9JQ84D14FJMXZE8JQJQ8S8Q1ZF7PNGW55,SPNN2PG9JQ84D14FJMXZE8JQJQ8S8Q1ZF7PNGW55,debt_stored,stSTX,1
9053676,zest-v1,SPNQMBXEM92PQH5VE12E82JG74PHPP1TW5FAT84P,SPNQMBXEM92PQH5VE12E82JG74PHPP1TW5FAT84P,collateral,stSTX,11917621
9053676,zest-v1,SPNQMBXEM92PQH5VE12E82JG74PHPP1TW5FAT84P,SPNQMBXEM92PQH5VE12E82JG74PHPP1TW5FAT84P,debt,STX,7059553
9053676,zest-v1,SPNQMBXEM92PQH5VE12E82JG74PHPP1TW5FAT84P,SPNQMBXEM92PQH5VE12E82JG74PHPP1TW5FAT84P,debt_stored,STX,6025315
9053676,zest-v1,SPNS0NNPZGGM6F8S95452B4ZCVZM4884FYD89Y5F,SPNS0NNPZGGM6F8S95452B4ZCVZM4884FYD89Y5F,collateral,stSTX,1646699854
9053676,zest-v1,SPNS0NNPZGGM6F8S95452B4ZCVZM4884FYD89Y5F,SPNS0NNPZGGM6F8S95452B4ZCVZM4884FYD89Y5F,debt,STX,836968481
9053676,zest-v1,SPNS0NNPZGGM6F8S95452B4ZCVZM4884FYD89Y5F,SPNS0NNPZGGM6F8S95452B4ZCVZM4884FYD89Y5F,debt_stored,STX,712446947
9053676,zest-v1,SPNV3KJ2JSN6ZE8S812K778TQ9X2MGRAW7AX15G7,SPNV3KJ2JSN6ZE8S812K778TQ9X2MGRAW7AX15G7,collateral,stSTX,1014
9053676,zest-v1,SPNV3KJ2JSN6ZE8S812K778TQ9X2MGRAW7AX15G7,SPNV3KJ2JSN6ZE8S812K778TQ9X2MGRAW7AX15G7,debt,STX,2
9053676,zest-v1,SPNV3KJ2JSN6ZE8S812K778TQ9X2MGRAW7AX15G7,SPNV3KJ2JSN6ZE8S812K778TQ9X2MGRAW7AX15G7,debt_stored,STX,1
9053676,zest-v1,SPNWSXE42S9RHBXASM8JQ15APPYQ6TCNGGNDZ02C,SPNWSXE42S9RHBXASM8JQ15APPYQ6TCNGGNDZ02C,debt,STX,1172474
9053676,zest-v1,SPNWSXE42S9RHBXASM8JQ15APPYQ6TCNGGNDZ02C,SPNWSXE42S9RHBXASM8JQ15APPYQ6TCNGGNDZ02C,debt_stored,STX,1000000
9053676,zest-v1,SPP101EYVAH6XCNDBBVSVT5P22QZ8ZH80K3432J9,SPP101EYVAH6XCNDBBVSVT5P22QZ8ZH80K3432J9,collateral,stSTX,2241009
9053676,zest-v1,SPP101EYVAH6XCNDBBVSVT5P22QZ8ZH80K3432J9,SPP101EYVAH6XCNDBBVSVT5P22QZ8ZH80K3432J9,debt,aeUSDC,604208
9053676,zest-v1,SPP101EYVAH6XCNDBBVSVT5P22QZ8ZH80K3432J9,SPP101EYVAH6XCNDBBVSVT5P22QZ8ZH80K3432J9,debt_stored,aeUSDC,569772
9053676,zest-v1,SPP573S6EBM2XS05ADMCB8E1C3EPWKSKQKS1ANKJ,SPP573S6EBM2XS05ADMCB8E1C3EPWKSKQKS1ANKJ,collateral,STX,32015057
9053676,zest-v1,SPP573S6EBM2XS05ADMCB8E1C3EPWKSKQKS1ANKJ,SPP573S6EBM2XS05ADMCB8E1C3EPWKSKQKS1ANKJ,collateral,stSTX,50088863
9053676,zest-v1,SPP573S6EBM2XS05ADMCB8E1C3EPWKSKQKS1ANKJ,SPP573S6EBM2XS05ADMCB8E1C3EPWKSKQKS1ANKJ,debt,stSTX,10479212
9053676,zest-v1,SPP573S6EBM2XS05ADMCB8E1C3EPWKSKQKS1ANKJ,SPP573S6EBM2XS05ADMCB8E1C3EPWKSKQKS1ANKJ,debt_stored,stSTX,10000000
9053676,zest-v1,SPP5DXFY1F6TE6A5BFPQ2BES1CNMMSV1QNT42ZNK,SPP5DXFY1F6TE6A5BFPQ2BES1CNMMSV1QNT42ZNK,collateral,stSTX,528005
9053676,zest-v1,SPP5DXFY1F6TE6A5BFPQ2BES1CNMMSV1QNT42ZNK,SPP5DXFY1F6TE6A5BFPQ2BES1CNMMSV1QNT42ZNK,debt,aeUSDC,3246
9053676,zest-v1,SPP5DXFY1F6TE6A5BFPQ2BES1CNMMSV1QNT42ZNK,SPP5DXFY1F6TE6A5BFPQ2BES1CNMMSV1QNT42ZNK,debt_stored,aeUSDC,2433
9053676,zest-v1,SPP5F4NABAQ0H96Z1DVQG3KADTDVYD5FFDYBAFTR,SPP5F4NABAQ0H96Z1DVQG3KADTDVYD5FFDYBAFTR,collateral,stSTX,8446603
9053676,zest-v1,SPP5F4NABAQ0H96Z1DVQG3KADTDVYD5FFDYBAFTR,SPP5F4NABAQ0H96Z1DVQG3KADTDVYD5FFDYBAFTR,debt,stSTX,2937276
9053676,zest-v1,SPP5F4NABAQ0H96Z1DVQG3KADTDVYD5FFDYBAFTR,SPP5F4NABAQ0H96Z1DVQG3KADTDVYD5FFDYBAFTR,debt_stored,stSTX,2801141
9053676,zest-v1,SPPC8T7J662VJYJM72JS6HV88ETMKMFV1HP9TX2F,SPPC8T7J662VJYJM72JS6HV88ETMKMFV1HP9TX2F,collateral,aeUSDC,1
9053676,zest-v1,SPPC8T7J662VJYJM72JS6HV88ETMKMFV1HP9TX2F,SPPC8T7J662VJYJM72JS6HV88ETMKMFV1HP9TX2F,collateral,stSTXbtc,353352626
9053676,zest-v1,SPPC8T7J662VJYJM72JS6HV88ETMKMFV1HP9TX2F,SPPC8T7J662VJYJM72JS6HV88ETMKMFV1HP9TX2F,debt,aeUSDC,28727870
9053676,zest-v1,SPPC8T7J662VJYJM72JS6HV88ETMKMFV1HP9TX2F,SPPC8T7J662VJYJM72JS6HV88ETMKMFV1HP9TX2F,debt_stored,aeUSDC,28269774
9053676,zest-v1,SPPD271BSB67EB63AJY5HH23BMCDPXVAGVBM6B0N,SPPD271BSB67EB63AJY5HH23BMCDPXVAGVBM6B0N,collateral,stSTX,39139305
9053676,zest-v1,SPPD271BSB67EB63AJY5HH23BMCDPXVAGVBM6B0N,SPPD271BSB67EB63AJY5HH23BMCDPXVAGVBM6B0N,debt,STX,17369425
9053676,zest-v1,SPPD271BSB67EB63AJY5HH23BMCDPXVAGVBM6B0N,SPPD271BSB67EB63AJY5HH23BMCDPXVAGVBM6B0N,debt_stored,STX,15000000
9053676,zest-v1,SPPD85J66QG6Y9H5F74EGA9B1Z30C1D64G8ERCB5,SPPD85J66QG6Y9H5F74EGA9B1Z30C1D64G8ERCB5,collateral,stSTX,742538131
9053676,zest-v1,SPPD85J66QG6Y9H5F74EGA9B1Z30C1D64G8ERCB5,SPPD85J66QG6Y9H5F74EGA9B1Z30C1D64G8ERCB5,debt,stSTX,140727852
9053676,zest-v1,SPPD85J66QG6Y9H5F74EGA9B1Z30C1D64G8ERCB5,SPPD85J66QG6Y9H5F74EGA9B1Z30C1D64G8ERCB5,debt_stored,stSTX,135351160
9053676,zest-v1,SPPMVWYJHZX5ADZSA7GMAAPGE3V07JEE5KZSFP4D,SPPMVWYJHZX5ADZSA7GMAAPGE3V07JEE5KZSFP4D,collateral,STX,21379327
9053676,zest-v1,SPPMVWYJHZX5ADZSA7GMAAPGE3V07JEE5KZSFP4D,SPPMVWYJHZX5ADZSA7GMAAPGE3V07JEE5KZSFP4D,debt,stSTX,2096344
9053676,zest-v1,SPPMVWYJHZX5ADZSA7GMAAPGE3V07JEE5KZSFP4D,SPPMVWYJHZX5ADZSA7GMAAPGE3V07JEE5KZSFP4D,debt_stored,stSTX,2000000
9053676,zest-v1,SPPPE2KF7Z93JHS49FNGWSBQ5MK5MC0YB7TK87Z6,SPPPE2KF7Z93JHS49FNGWSBQ5MK5MC0YB7TK87Z6,collateral,stSTX,36724103
9053676,zest-v1,SPPPE2KF7Z93JHS49FNGWSBQ5MK5MC0YB7TK87Z6,SPPPE2KF7Z93JHS49FNGWSBQ5MK5MC0YB7TK87Z6,debt,aeUSDC,3335805
9053676,zest-v1,SPPPE2KF7Z93JHS49FNGWSBQ5MK5MC0YB7TK87Z6,SPPPE2KF7Z93JHS49FNGWSBQ5MK5MC0YB7TK87Z6,debt_stored,aeUSDC,3297450
9053676,zest-v1,SPPSGTT8H6JTWM3V2JGPSSFZEXE95XTSF160E2E0,SPPSGTT8H6JTWM3V2JGPSSFZEXE95XTSF160E2E0,collateral,STX,87
9053676,zest-v1,SPPSGTT8H6JTWM3V2JGPSSFZEXE95XTSF160E2E0,SPPSGTT8H6JTWM3V2JGPSSFZEXE95XTSF160E2E0,debt,stSTX,23
9053676,zest-v1,SPPSGTT8H6JTWM3V2JGPSSFZEXE95XTSF160E2E0,SPPSGTT8H6JTWM3V2JGPSSFZEXE95XTSF160E2E0,debt_stored,stSTX,22
9053676,zest-v1,SPPWX1WZZ3QQFQJMK8SHMXPA2C93TK9Q11KC6VQB,SPPWX1WZZ3QQFQJMK8SHMXPA2C93TK9Q11KC6VQB,collateral,sBTC,27179084
9053676,zest-v1,SPPWX1WZZ3QQFQJMK8SHMXPA2C93TK9Q11KC6VQB,SPPWX1WZZ3QQFQJMK8SHMXPA2C93TK9Q11KC6VQB,debt,aeUSDC,7484967606
9053676,zest-v1,SPPWX1WZZ3QQFQJMK8SHMXPA2C93TK9Q11KC6VQB,SPPWX1WZZ3QQFQJMK8SHMXPA2C93TK9Q11KC6VQB,debt_stored,aeUSDC,7075702399
9053676,zest-v1,SPPXHPBYCRMJ8K7FYS5SZAJ3C17QP9T1XCTA0941,SPPXHPBYCRMJ8K7FYS5SZAJ3C17QP9T1XCTA0941,collateral,stSTX,1729
9053676,zest-v1,SPPXHPBYCRMJ8K7FYS5SZAJ3C17QP9T1XCTA0941,SPPXHPBYCRMJ8K7FYS5SZAJ3C17QP9T1XCTA0941,debt,aeUSDC,1214
9053676,zest-v1,SPPXHPBYCRMJ8K7FYS5SZAJ3C17QP9T1XCTA0941,SPPXHPBYCRMJ8K7FYS5SZAJ3C17QP9T1XCTA0941,debt_stored,aeUSDC,972
9053676,zest-v1,SPQ156AQEAGYSCE7YNW53JW0AT2R4C5A2RAFAMZG,SPQ156AQEAGYSCE7YNW53JW0AT2R4C5A2RAFAMZG,collateral,stSTX,44122
9053676,zest-v1,SPQ156AQEAGYSCE7YNW53JW0AT2R4C5A2RAFAMZG,SPQ156AQEAGYSCE7YNW53JW0AT2R4C5A2RAFAMZG,debt,STX,13482
9053676,zest-v1,SPQ156AQEAGYSCE7YNW53JW0AT2R4C5A2RAFAMZG,SPQ156AQEAGYSCE7YNW53JW0AT2R4C5A2RAFAMZG,debt_stored,STX,12000
9053676,zest-v1,SPQ33XZS2AG1JNGXDF54B3Y3KSTDNJ0QX0ZTHT7Q,SPQ33XZS2AG1JNGXDF54B3Y3KSTDNJ0QX0ZTHT7Q,collateral,STX,203867822
9053676,zest-v1,SPQ33XZS2AG1JNGXDF54B3Y3KSTDNJ0QX0ZTHT7Q,SPQ33XZS2AG1JNGXDF54B3Y3KSTDNJ0QX0ZTHT7Q,collateral,stSTX,805496562
9053676,zest-v1,SPQ33XZS2AG1JNGXDF54B3Y3KSTDNJ0QX0ZTHT7Q,SPQ33XZS2AG1JNGXDF54B3Y3KSTDNJ0QX0ZTHT7Q,debt,STX,234932996
9053676,zest-v1,SPQ33XZS2AG1JNGXDF54B3Y3KSTDNJ0QX0ZTHT7Q,SPQ33XZS2AG1JNGXDF54B3Y3KSTDNJ0QX0ZTHT7Q,debt_stored,STX,200000000
9053676,zest-v1,SPQ3ZV2X9HEBWDE913C4KK2TNAY3WP4AB9TYKH5D,SPQ3ZV2X9HEBWDE913C4KK2TNAY3WP4AB9TYKH5D,collateral,stSTX,23447807
9053676,zest-v1,SPQ3ZV2X9HEBWDE913C4KK2TNAY3WP4AB9TYKH5D,SPQ3ZV2X9HEBWDE913C4KK2TNAY3WP4AB9TYKH5D,debt,stSTX,16932819
9053676,zest-v1,SPQ3ZV2X9HEBWDE913C4KK2TNAY3WP4AB9TYKH5D,SPQ3ZV2X9HEBWDE913C4KK2TNAY3WP4AB9TYKH5D,debt_stored,stSTX,16202513
9053676,zest-v1,SPQDH2K448XA9ZF5JEA3SDZE8GV56Q2NWEK7MC1M,SPQDH2K448XA9ZF5JEA3SDZE8GV56Q2NWEK7MC1M,collateral,STX,96925892
9053676,zest-v1,SPQDH2K448XA9ZF5JEA3SDZE8GV56Q2NWEK7MC1M,SPQDH2K448XA9ZF5JEA3SDZE8GV56Q2NWEK7MC1M,debt,STX,52109860
9053676,zest-v1,SPQDH2K448XA9ZF5JEA3SDZE8GV56Q2NWEK7MC1M,SPQDH2K448XA9ZF5JEA3SDZE8GV56Q2NWEK7MC1M,debt_stored,STX,45000000
9053676,zest-v1,SPQHN087TCXJNA34PHDVGTFXTE3WMA8KPBRTX1X5,SPQHN087TCXJNA34PHDVGTFXTE3WMA8KPBRTX1X5,collateral,stSTX,198149667
9053676,zest-v1,SPQHN087TCXJNA34PHDVGTFXTE3WMA8KPBRTX1X5,SPQHN087TCXJNA34PHDVGTFXTE3WMA8KPBRTX1X5,debt,stSTX,102748727
9053676,zest-v1,SPQHN087TCXJNA34PHDVGTFXTE3WMA8KPBRTX1X5,SPQHN087TCXJNA34PHDVGTFXTE3WMA8KPBRTX1X5,debt_stored,stSTX,98000000
9053676,zest-v1,SPQHS93G4QBKFEYJT9J5D07XJAK760095HE5J03S,SPQHS93G4QBKFEYJT9J5D07XJAK760095HE5J03S,debt,stSTX,104
9053676,zest-v1,SPQHS93G4QBKFEYJT9J5D07XJAK760095HE5J03S,SPQHS93G4QBKFEYJT9J5D07XJAK760095HE5J03S,debt_stored,stSTX,100
9053676,zest-v1,SPQMJEWMB5ZZKNFNWDCN3P73KANTPDQAH9VDQFSQ,SPQMJEWMB5ZZKNFNWDCN3P73KANTPDQAH9VDQFSQ,collateral,stSTX,154336077
9053676,zest-v1,SPQMJEWMB5ZZKNFNWDCN3P73KANTPDQAH9VDQFSQ,SPQMJEWMB5ZZKNFNWDCN3P73KANTPDQAH9VDQFSQ,debt,STX,70049475
9053676,zest-v1,SPQMJEWMB5ZZKNFNWDCN3P73KANTPDQAH9VDQFSQ,SPQMJEWMB5ZZKNFNWDCN3P73KANTPDQAH9VDQFSQ,debt,stSTX,6
9053676,zest-v1,SPQMJEWMB5ZZKNFNWDCN3P73KANTPDQAH9VDQFSQ,SPQMJEWMB5ZZKNFNWDCN3P73KANTPDQAH9VDQFSQ,debt_stored,STX,61933587
9053676,zest-v1,SPQMJEWMB5ZZKNFNWDCN3P73KANTPDQAH9VDQFSQ,SPQMJEWMB5ZZKNFNWDCN3P73KANTPDQAH9VDQFSQ,debt_stored,stSTX,5
9053676,zest-v1,SPQPRTN8ZMWZF2G7KBVS4H7AM9D2DWBEFF0FM2G0,SPQPRTN8ZMWZF2G7KBVS4H7AM9D2DWBEFF0FM2G0,collateral,stSTX,5551144
9053676,zest-v1,SPQPRTN8ZMWZF2G7KBVS4H7AM9D2DWBEFF0FM2G0,SPQPRTN8ZMWZF2G7KBVS4H7AM9D2DWBEFF0FM2G0,debt,STX,3308194
9053676,zest-v1,SPQPRTN8ZMWZF2G7KBVS4H7AM9D2DWBEFF0FM2G0,SPQPRTN8ZMWZF2G7KBVS4H7AM9D2DWBEFF0FM2G0,debt_stored,STX,2947298
9053676,zest-v1,SPQQN60R9CHARQAXRNGDBAXPS7X19JDPEY96B1NE,SPQQN60R9CHARQAXRNGDBAXPS7X19JDPEY96B1NE,collateral,sBTC,61112
9053676,zest-v1,SPQQN60R9CHARQAXRNGDBAXPS7X19JDPEY96B1NE,SPQQN60R9CHARQAXRNGDBAXPS7X19JDPEY96B1NE,debt,USDH,1061329140
9053676,zest-v1,SPQQN60R9CHARQAXRNGDBAXPS7X19JDPEY96B1NE,SPQQN60R9CHARQAXRNGDBAXPS7X19JDPEY96B1NE,debt_stored,USDH,1000000000
9053676,zest-v1,SPQQV2QN22NAT45PREHH73T5RHF9HZJS7MC3EWCE,SPQQV2QN22NAT45PREHH73T5RHF9HZJS7MC3EWCE,collateral,stSTX,14572
9053676,zest-v1,SPQQV2QN22NAT45PREHH73T5RHF9HZJS7MC3EWCE,SPQQV2QN22NAT45PREHH73T5RHF9HZJS7MC3EWCE,debt,aeUSDC,404
9053676,zest-v1,SPQQV2QN22NAT45PREHH73T5RHF9HZJS7MC3EWCE,SPQQV2QN22NAT45PREHH73T5RHF9HZJS7MC3EWCE,debt_stored,aeUSDC,303
9053676,zest-v1,SPQRCD92VZPXMXHC7XTB2S6PC8X3NQVM6AXB4RDB,SPQRCD92VZPXMXHC7XTB2S6PC8X3NQVM6AXB4RDB,collateral,stSTX,204880438
9053676,zest-v1,SPQRCD92VZPXMXHC7XTB2S6PC8X3NQVM6AXB4RDB,SPQRCD92VZPXMXHC7XTB2S6PC8X3NQVM6AXB4RDB,debt,stSTX,81582195
9053676,zest-v1,SPQRCD92VZPXMXHC7XTB2S6PC8X3NQVM6AXB4RDB,SPQRCD92VZPXMXHC7XTB2S6PC8X3NQVM6AXB4RDB,debt_stored,stSTX,78055844
9053676,zest-v1,SPQSKHFDTVBGSZ6VW95SG0ES6SM7QR1RMVGPQ9XQ,SPQSKHFDTVBGSZ6VW95SG0ES6SM7QR1RMVGPQ9XQ,collateral,stSTX,229068417
9053676,zest-v1,SPQSKHFDTVBGSZ6VW95SG0ES6SM7QR1RMVGPQ9XQ,SPQSKHFDTVBGSZ6VW95SG0ES6SM7QR1RMVGPQ9XQ,debt,stSTX,119380320
9053676,zest-v1,SPQSKHFDTVBGSZ6VW95SG0ES6SM7QR1RMVGPQ9XQ,SPQSKHFDTVBGSZ6VW95SG0ES6SM7QR1RMVGPQ9XQ,debt_stored,stSTX,114138181
9053676,zest-v1,SPQSZC1X38TTDT6VQ0K3Q0YZ419KWNYM2A76R2PC,SPQSZC1X38TTDT6VQ0K3Q0YZ419KWNYM2A76R2PC,debt,aeUSDC,15249968
9053676,zest-v1,SPQSZC1X38TTDT6VQ0K3Q0YZ419KWNYM2A76R2PC,SPQSZC1X38TTDT6VQ0K3Q0YZ419KWNYM2A76R2PC,debt_stored,aeUSDC,14294670
9053676,zest-v1,SPQVNKB6FJTK89NSZHRK9PDM7TB4W961DEP9XPAB,SPQVNKB6FJTK89NSZHRK9PDM7TB4W961DEP9XPAB,collateral,stSTX,2005045
9053676,zest-v1,SPQVNKB6FJTK89NSZHRK9PDM7TB4W961DEP9XPAB,SPQVNKB6FJTK89NSZHRK9PDM7TB4W961DEP9XPAB,debt,stSTX,1040996
9053676,zest-v1,SPQVNKB6FJTK89NSZHRK9PDM7TB4W961DEP9XPAB,SPQVNKB6FJTK89NSZHRK9PDM7TB4W961DEP9XPAB,debt_stored,stSTX,995792
9053676,zest-v1,SPQXWA0XAR61JRDH8YDBEBZM54CZDK1P9JC0C1WQ,SPQXWA0XAR61JRDH8YDBEBZM54CZDK1P9JC0C1WQ,collateral,stSTX,205483661
9053676,zest-v1,SPQXWA0XAR61JRDH8YDBEBZM54CZDK1P9JC0C1WQ,SPQXWA0XAR61JRDH8YDBEBZM54CZDK1P9JC0C1WQ,debt,STX,116257297
9053676,zest-v1,SPQXWA0XAR61JRDH8YDBEBZM54CZDK1P9JC0C1WQ,SPQXWA0XAR61JRDH8YDBEBZM54CZDK1P9JC0C1WQ,debt_stored,STX,100000000
9053676,zest-v1,SPQY7HA7ZGZFZ84WF4KGWE1S5D2RPKT76BD6XRQX,SPQY7HA7ZGZFZ84WF4KGWE1S5D2RPKT76BD6XRQX,collateral,stSTX,23835243
9053676,zest-v1,SPQY7HA7ZGZFZ84WF4KGWE1S5D2RPKT76BD6XRQX,SPQY7HA7ZGZFZ84WF4KGWE1S5D2RPKT76BD6XRQX,debt,STX,13995473
9053676,zest-v1,SPQY7HA7ZGZFZ84WF4KGWE1S5D2RPKT76BD6XRQX,SPQY7HA7ZGZFZ84WF4KGWE1S5D2RPKT76BD6XRQX,debt_stored,STX,11906297
9053676,zest-v1,SPR0GAA2A1GV1CDQ71NNSTPBNSY5GW05X7PREVBY,SPR0GAA2A1GV1CDQ71NNSTPBNSY5GW05X7PREVBY,collateral,sBTC,1
9053676,zest-v1,SPR0GAA2A1GV1CDQ71NNSTPBNSY5GW05X7PREVBY,SPR0GAA2A1GV1CDQ71NNSTPBNSY5GW05X7PREVBY,debt,aeUSDC,3
9053676,zest-v1,SPR0GAA2A1GV1CDQ71NNSTPBNSY5GW05X7PREVBY,SPR0GAA2A1GV1CDQ71NNSTPBNSY5GW05X7PREVBY,debt_stored,aeUSDC,2
9053676,zest-v1,SPRESMRPJD3BZT09SWNK6SWGH2JF76M1N582FN8R,SPRESMRPJD3BZT09SWNK6SWGH2JF76M1N582FN8R,collateral,stSTX,342849420
9053676,zest-v1,SPRESMRPJD3BZT09SWNK6SWGH2JF76M1N582FN8R,SPRESMRPJD3BZT09SWNK6SWGH2JF76M1N582FN8R,debt,STX,224152840
9053676,zest-v1,SPRESMRPJD3BZT09SWNK6SWGH2JF76M1N582FN8R,SPRESMRPJD3BZT09SWNK6SWGH2JF76M1N582FN8R,debt_stored,STX,222826329
9053676,zest-v1,SPRGKWHWMD4XSZH9Q8F2JA6M9ZP1CV0PZXBJK11T,SPRGKWHWMD4XSZH9Q8F2JA6M9ZP1CV0PZXBJK11T,collateral,stSTX,147933039
9053676,zest-v1,SPRGKWHWMD4XSZH9Q8F2JA6M9ZP1CV0PZXBJK11T,SPRGKWHWMD4XSZH9Q8F2JA6M9ZP1CV0PZXBJK11T,debt,STX,69661690
9053676,zest-v1,SPRGKWHWMD4XSZH9Q8F2JA6M9ZP1CV0PZXBJK11T,SPRGKWHWMD4XSZH9Q8F2JA6M9ZP1CV0PZXBJK11T,debt,stSTX,2
9053676,zest-v1,SPRGKWHWMD4XSZH9Q8F2JA6M9ZP1CV0PZXBJK11T,SPRGKWHWMD4XSZH9Q8F2JA6M9ZP1CV0PZXBJK11T,debt_stored,STX,62374075
9053676,zest-v1,SPRGKWHWMD4XSZH9Q8F2JA6M9ZP1CV0PZXBJK11T,SPRGKWHWMD4XSZH9Q8F2JA6M9ZP1CV0PZXBJK11T,debt_stored,stSTX,1
9053676,zest-v1,SPRNME4G34XRCDV5HY90A109R14NQWD8DN7BVFB,SPRNME4G34XRCDV5HY90A109R14NQWD8DN7BVFB,collateral,stSTX,6669888
9053676,zest-v1,SPRNME4G34XRCDV5HY90A109R14NQWD8DN7BVFB,SPRNME4G34XRCDV5HY90A109R14NQWD8DN7BVFB,debt,aeUSDC,1643489
9053676,zest-v1,SPRNME4G34XRCDV5HY90A109R14NQWD8DN7BVFB,SPRNME4G34XRCDV5HY90A109R14NQWD8DN7BVFB,debt_stored,aeUSDC,1539127
9053676,zest-v1,SPRQ1YDKZ4WDA74D3SXYT6DT7GH7RWK1RG3EKBJA,SPRQ1YDKZ4WDA74D3SXYT6DT7GH7RWK1RG3EKBJA,collateral,STX,651228
9053676,zest-v1,SPRQ1YDKZ4WDA74D3SXYT6DT7GH7RWK1RG3EKBJA,SPRQ1YDKZ4WDA74D3SXYT6DT7GH7RWK1RG3EKBJA,debt,STX,20223
9053676,zest-v1,SPRQ1YDKZ4WDA74D3SXYT6DT7GH7RWK1RG3EKBJA,SPRQ1YDKZ4WDA74D3SXYT6DT7GH7RWK1RG3EKBJA,debt_stored,STX,18000
9053676,zest-v1,SPRXA4K7C0CS0DYRC85M03JFGVBK7WX9BB83BV0Z,SPRXA4K7C0CS0DYRC85M03JFGVBK7WX9BB83BV0Z,collateral,stSTX,5206273
9053676,zest-v1,SPRXA4K7C0CS0DYRC85M03JFGVBK7WX9BB83BV0Z,SPRXA4K7C0CS0DYRC85M03JFGVBK7WX9BB83BV0Z,debt,aeUSDC,1065
9053676,zest-v1,SPRXA4K7C0CS0DYRC85M03JFGVBK7WX9BB83BV0Z,SPRXA4K7C0CS0DYRC85M03JFGVBK7WX9BB83BV0Z,debt_stored,aeUSDC,884
9053676,zest-v1,SPRZXS220A70095JQXMHPT517BGSC9DZXRYF1EHR,SPRZXS220A70095JQXMHPT517BGSC9DZXRYF1EHR,collateral,stSTX,2948189704
9053676,zest-v1,SPRZXS220A70095JQXMHPT517BGSC9DZXRYF1EHR,SPRZXS220A70095JQXMHPT517BGSC9DZXRYF1EHR,debt,stSTX,1541817669
9053676,zest-v1,SPRZXS220A70095JQXMHPT517BGSC9DZXRYF1EHR,SPRZXS220A70095JQXMHPT517BGSC9DZXRYF1EHR,debt_stored,stSTX,1471445537
9053676,zest-v1,SPS1BZ7XDEP906VS8FGF13YV47AA4HZDTM1MT3C8,SPS1BZ7XDEP906VS8FGF13YV47AA4HZDTM1MT3C8,collateral,stSTX,3011
9053676,zest-v1,SPS1BZ7XDEP906VS8FGF13YV47AA4HZDTM1MT3C8,SPS1BZ7XDEP906VS8FGF13YV47AA4HZDTM1MT3C8,debt,stSTX,19
9053676,zest-v1,SPS1BZ7XDEP906VS8FGF13YV47AA4HZDTM1MT3C8,SPS1BZ7XDEP906VS8FGF13YV47AA4HZDTM1MT3C8,debt_stored,stSTX,18
9053676,zest-v1,SPS2CAE9DS91XHXGH9TAWZAA0SNQRWFYCNC8JG2H,SPS2CAE9DS91XHXGH9TAWZAA0SNQRWFYCNC8JG2H,collateral,stSTX,9303389
9053676,zest-v1,SPS2CAE9DS91XHXGH9TAWZAA0SNQRWFYCNC8JG2H,SPS2CAE9DS91XHXGH9TAWZAA0SNQRWFYCNC8JG2H,debt,stSTX,4812923
9053676,zest-v1,SPS2CAE9DS91XHXGH9TAWZAA0SNQRWFYCNC8JG2H,SPS2CAE9DS91XHXGH9TAWZAA0SNQRWFYCNC8JG2H,debt_stored,stSTX,4600000
9053676,zest-v1,SPS4HWEXC0C1GK18YS02P7P4RHR35AT67B4YD0VV,SPS4HWEXC0C1GK18YS02P7P4RHR35AT67B4YD0VV,collateral,stSTX,602210235
9053676,zest-v1,SPS4HWEXC0C1GK18YS02P7P4RHR35AT67B4YD0VV,SPS4HWEXC0C1GK18YS02P7P4RHR35AT67B4YD0VV,debt,stSTX,314092593
9053676,zest-v1,SPS4HWEXC0C1GK18YS02P7P4RHR35AT67B4YD0VV,SPS4HWEXC0C1GK18YS02P7P4RHR35AT67B4YD0VV,debt_stored,stSTX,300000000
9053676,zest-v1,SPS7W1NYW325Y837DHN9304FVR7SKDZ9CF89853N,SPS7W1NYW325Y837DHN9304FVR7SKDZ9CF89853N,debt,aeUSDC,1409993
9053676,zest-v1,SPS7W1NYW325Y837DHN9304FVR7SKDZ9CF89853N,SPS7W1NYW325Y837DHN9304FVR7SKDZ9CF89853N,debt_stored,aeUSDC,1156652
9053676,zest-v1,SPSD2H8MXP6BF60D43HHD6NS395JHH7HKCATEQM1,SPSD2H8MXP6BF60D43HHD6NS395JHH7HKCATEQM1,collateral,stSTX,144121413
9053676,zest-v1,SPSD2H8MXP6BF60D43HHD6NS395JHH7HKCATEQM1,SPSD2H8MXP6BF60D43HHD6NS395JHH7HKCATEQM1,debt,STX,46300752
9053676,zest-v1,SPSD2H8MXP6BF60D43HHD6NS395JHH7HKCATEQM1,SPSD2H8MXP6BF60D43HHD6NS395JHH7HKCATEQM1,debt_stored,STX,40000000
9053676,zest-v1,SPSF51MNG91H47S50V5PHG5G22YJ7A2ZTNR5GYJQ,SPSF51MNG91H47S50V5PHG5G22YJ7A2ZTNR5GYJQ,collateral,stSTX,1038730
9053676,zest-v1,SPSF51MNG91H47S50V5PHG5G22YJ7A2ZTNR5GYJQ,SPSF51MNG91H47S50V5PHG5G22YJ7A2ZTNR5GYJQ,debt,STX,146065
9053676,zest-v1,SPSF51MNG91H47S50V5PHG5G22YJ7A2ZTNR5GYJQ,SPSF51MNG91H47S50V5PHG5G22YJ7A2ZTNR5GYJQ,debt_stored,STX,130000
9053676,zest-v1,SPSFQ68AE3NG4JGDWNJVWRMSEP7WT4DHEYWF5XJJ,SPSFQ68AE3NG4JGDWNJVWRMSEP7WT4DHEYWF5XJJ,collateral,STX,536224
9053676,zest-v1,SPSFQ68AE3NG4JGDWNJVWRMSEP7WT4DHEYWF5XJJ,SPSFQ68AE3NG4JGDWNJVWRMSEP7WT4DHEYWF5XJJ,debt,STX,117247
9053676,zest-v1,SPSFQ68AE3NG4JGDWNJVWRMSEP7WT4DHEYWF5XJJ,SPSFQ68AE3NG4JGDWNJVWRMSEP7WT4DHEYWF5XJJ,debt_stored,STX,100000
9053676,zest-v1,SPSGPGCK1BEM5X1E82WK7EBN1BHGBAX0CDZ053G9,SPSGPGCK1BEM5X1E82WK7EBN1BHGBAX0CDZ053G9,collateral,stSTX,56008802
9053676,zest-v1,SPSGPGCK1BEM5X1E82WK7EBN1BHGBAX0CDZ053G9,SPSGPGCK1BEM5X1E82WK7EBN1BHGBAX0CDZ053G9,debt,stSTX,10468253
9053676,zest-v1,SPSGPGCK1BEM5X1E82WK7EBN1BHGBAX0CDZ053G9,SPSGPGCK1BEM5X1E82WK7EBN1BHGBAX0CDZ053G9,debt_stored,stSTX,10000000
9053676,zest-v1,SPSQ2XRERD9KZ2CGX68Z7S96ZRXYTXB0N945WSNS,SPSQ2XRERD9KZ2CGX68Z7S96ZRXYTXB0N945WSNS,collateral,sBTC,8
9053676,zest-v1,SPSQ2XRERD9KZ2CGX68Z7S96ZRXYTXB0N945WSNS,SPSQ2XRERD9KZ2CGX68Z7S96ZRXYTXB0N945WSNS,debt,USDH,648475
9053676,zest-v1,SPSQ2XRERD9KZ2CGX68Z7S96ZRXYTXB0N945WSNS,SPSQ2XRERD9KZ2CGX68Z7S96ZRXYTXB0N945WSNS,debt_stored,USDH,599797
9053676,zest-v1,SPSQWEXFNRQB3FVR3N4QC44ZKGSQH1ABNAEF0ATJ,SPSQWEXFNRQB3FVR3N4QC44ZKGSQH1ABNAEF0ATJ,collateral,stSTX,5617127
9053676,zest-v1,SPSQWEXFNRQB3FVR3N4QC44ZKGSQH1ABNAEF0ATJ,SPSQWEXFNRQB3FVR3N4QC44ZKGSQH1ABNAEF0ATJ,debt,STX,2494038
9053676,zest-v1,SPSQWEXFNRQB3FVR3N4QC44ZKGSQH1ABNAEF0ATJ,SPSQWEXFNRQB3FVR3N4QC44ZKGSQH1ABNAEF0ATJ,debt,aeUSDC,678602
9053676,zest-v1,SPSQWEXFNRQB3FVR3N4QC44ZKGSQH1ABNAEF0ATJ,SPSQWEXFNRQB3FVR3N4QC44ZKGSQH1ABNAEF0ATJ,debt_stored,STX,2349970
9053676,zest-v1,SPSQWEXFNRQB3FVR3N4QC44ZKGSQH1ABNAEF0ATJ,SPSQWEXFNRQB3FVR3N4QC44ZKGSQH1ABNAEF0ATJ,debt_stored,aeUSDC,640125
9053676,zest-v1,SPSRQNN7GG7FJ9FFYW1MA9J9C7X5DVTNN225TAZF,SPSRQNN7GG7FJ9FFYW1MA9J9C7X5DVTNN225TAZF,collateral,stSTX,203142125
9053676,zest-v1,SPSRQNN7GG7FJ9FFYW1MA9J9C7X5DVTNN225TAZF,SPSRQNN7GG7FJ9FFYW1MA9J9C7X5DVTNN225TAZF,debt,STX,13404225
9053676,zest-v1,SPSRQNN7GG7FJ9FFYW1MA9J9C7X5DVTNN225TAZF,SPSRQNN7GG7FJ9FFYW1MA9J9C7X5DVTNN225TAZF,debt,stSTX,61435033
9053676,zest-v1,SPSRQNN7GG7FJ9FFYW1MA9J9C7X5DVTNN225TAZF,SPSRQNN7GG7FJ9FFYW1MA9J9C7X5DVTNN225TAZF,debt_stored,STX,12000000
9053676,zest-v1,SPSRQNN7GG7FJ9FFYW1MA9J9C7X5DVTNN225TAZF,SPSRQNN7GG7FJ9FFYW1MA9J9C7X5DVTNN225TAZF,debt_stored,stSTX,58678372
9053676,zest-v1,SPSXXNR6P8PCG9X58HM1RRM3333FPXFZTPFAAWXG,SPSXXNR6P8PCG9X58HM1RRM3333FPXFZTPFAAWXG,collateral,stSTX,101323457
9053676,zest-v1,SPSXXNR6P8PCG9X58HM1RRM3333FPXFZTPFAAWXG,SPSXXNR6P8PCG9X58HM1RRM3333FPXFZTPFAAWXG,debt,STX,59787150
9053676,zest-v1,SPSXXNR6P8PCG9X58HM1RRM3333FPXFZTPFAAWXG,SPSXXNR6P8PCG9X58HM1RRM3333FPXFZTPFAAWXG,debt_stored,STX,50884917
9053676,zest-v1,SPSYX3YF9EBMQ84PQERQ27E5EGNZTHHQCHKC6PYE,SPSYX3YF9EBMQ84PQERQ27E5EGNZTHHQCHKC6PYE,collateral,stSTX,1001779
9053676,zest-v1,SPSYX3YF9EBMQ84PQERQ27E5EGNZTHHQCHKC6PYE,SPSYX3YF9EBMQ84PQERQ27E5EGNZTHHQCHKC6PYE,debt,STX,233174
9053676,zest-v1,SPSYX3YF9EBMQ84PQERQ27E5EGNZTHHQCHKC6PYE,SPSYX3YF9EBMQ84PQERQ27E5EGNZTHHQCHKC6PYE,debt_stored,STX,200000
9053676,zest-v1,SPT3VZNSQXM9X4AD24AY0VCNVK7TNMRCQZX3EKTK,SPT3VZNSQXM9X4AD24AY0VCNVK7TNMRCQZX3EKTK,collateral,stSTX,419004972
9053676,zest-v1,SPT3VZNSQXM9X4AD24AY0VCNVK7TNMRCQZX3EKTK,SPT3VZNSQXM9X4AD24AY0VCNVK7TNMRCQZX3EKTK,debt,stSTX,218058737
9053676,zest-v1,SPT3VZNSQXM9X4AD24AY0VCNVK7TNMRCQZX3EKTK,SPT3VZNSQXM9X4AD24AY0VCNVK7TNMRCQZX3EKTK,debt_stored,stSTX,208000572
9053676,zest-v1,SPT4QSFTPBS8B2QX9VCQ6CCYM5RVNHF1FY45WT0K,SPT4QSFTPBS8B2QX9VCQ6CCYM5RVNHF1FY45WT0K,collateral,stSTX,50088955
9053676,zest-v1,SPT4QSFTPBS8B2QX9VCQ6CCYM5RVNHF1FY45WT0K,SPT4QSFTPBS8B2QX9VCQ6CCYM5RVNHF1FY45WT0K,debt,STX,11658749
9053676,zest-v1,SPT4QSFTPBS8B2QX9VCQ6CCYM5RVNHF1FY45WT0K,SPT4QSFTPBS8B2QX9VCQ6CCYM5RVNHF1FY45WT0K,debt_stored,STX,10000000
9053676,zest-v1,SPT6A1ZY975ZD0TW5SP128WQWTQNVM4ZC856KZQ2,SPT6A1ZY975ZD0TW5SP128WQWTQNVM4ZC856KZQ2,collateral,USDH,111
9053676,zest-v1,SPT6A1ZY975ZD0TW5SP128WQWTQNVM4ZC856KZQ2,SPT6A1ZY975ZD0TW5SP128WQWTQNVM4ZC856KZQ2,collateral,stSTX,7231176
9053676,zest-v1,SPT6A1ZY975ZD0TW5SP128WQWTQNVM4ZC856KZQ2,SPT6A1ZY975ZD0TW5SP128WQWTQNVM4ZC856KZQ2,debt,STX,3970898
9053676,zest-v1,SPT6A1ZY975ZD0TW5SP128WQWTQNVM4ZC856KZQ2,SPT6A1ZY975ZD0TW5SP128WQWTQNVM4ZC856KZQ2,debt,USDH,60502568
9053676,zest-v1,SPT6A1ZY975ZD0TW5SP128WQWTQNVM4ZC856KZQ2,SPT6A1ZY975ZD0TW5SP128WQWTQNVM4ZC856KZQ2,debt_stored,STX,3727311
9053676,zest-v1,SPT6A1ZY975ZD0TW5SP128WQWTQNVM4ZC856KZQ2,SPT6A1ZY975ZD0TW5SP128WQWTQNVM4ZC856KZQ2,debt_stored,USDH,54507796
9053676,zest-v1,SPT7YVVS93NGKGVK4EGC6WP04ZBKD3Q67MZ4Z0H3,SPT7YVVS93NGKGVK4EGC6WP04ZBKD3Q67MZ4Z0H3,collateral,stSTX,2654
9053676,zest-v1,SPT7YVVS93NGKGVK4EGC6WP04ZBKD3Q67MZ4Z0H3,SPT7YVVS93NGKGVK4EGC6WP04ZBKD3Q67MZ4Z0H3,debt,stSTX,24
9053676,zest-v1,SPT7YVVS93NGKGVK4EGC6WP04ZBKD3Q67MZ4Z0H3,SPT7YVVS93NGKGVK4EGC6WP04ZBKD3Q67MZ4Z0H3,debt_stored,stSTX,23
9053676,zest-v1,SPTBAXKRKT7EXTZ6QRZFG1145M0BZ0TTX3HJZTFW,SPTBAXKRKT7EXTZ6QRZFG1145M0BZ0TTX3HJZTFW,collateral,stSTX,455945
9053676,zest-v1,SPTBAXKRKT7EXTZ6QRZFG1145M0BZ0TTX3HJZTFW,SPTBAXKRKT7EXTZ6QRZFG1145M0BZ0TTX3HJZTFW,debt,aeUSDC,117174
9053676,zest-v1,SPTBAXKRKT7EXTZ6QRZFG1145M0BZ0TTX3HJZTFW,SPTBAXKRKT7EXTZ6QRZFG1145M0BZ0TTX3HJZTFW,debt_stored,aeUSDC,87561
9053676,zest-v1,SPTG81TWDYWPTRZHFPW6XG2BZ1VCV7B70BXRG68N,SPTG81TWDYWPTRZHFPW6XG2BZ1VCV7B70BXRG68N,collateral,stSTX,209056051
9053676,zest-v1,SPTG81TWDYWPTRZHFPW6XG2BZ1VCV7B70BXRG68N,SPTG81TWDYWPTRZHFPW6XG2BZ1VCV7B70BXRG68N,debt,stSTX,78531578
9053676,zest-v1,SPTG81TWDYWPTRZHFPW6XG2BZ1VCV7B70BXRG68N,SPTG81TWDYWPTRZHFPW6XG2BZ1VCV7B70BXRG68N,debt_stored,stSTX,75137034
9053676,zest-v1,SPTGCTP78C8155MKSF0X7P4C6P9YFWY1W2S5B393,SPTGCTP78C8155MKSF0X7P4C6P9YFWY1W2S5B393,collateral,stSTX,1038730
9053676,zest-v1,SPTGCTP78C8155MKSF0X7P4C6P9YFWY1W2S5B393,SPTGCTP78C8155MKSF0X7P4C6P9YFWY1W2S5B393,debt,STX,146066
9053676,zest-v1,SPTGCTP78C8155MKSF0X7P4C6P9YFWY1W2S5B393,SPTGCTP78C8155MKSF0X7P4C6P9YFWY1W2S5B393,debt_stored,STX,130000
9053676,zest-v1,SPTMXJTZ8TY26H5P6GYC6XHAGJJK3WB03MWM5W27,SPTMXJTZ8TY26H5P6GYC6XHAGJJK3WB03MWM5W27,collateral,stSTX,66805840
9053676,zest-v1,SPTMXJTZ8TY26H5P6GYC6XHAGJJK3WB03MWM5W27,SPTMXJTZ8TY26H5P6GYC6XHAGJJK3WB03MWM5W27,debt,STX,29114173
9053676,zest-v1,SPTMXJTZ8TY26H5P6GYC6XHAGJJK3WB03MWM5W27,SPTMXJTZ8TY26H5P6GYC6XHAGJJK3WB03MWM5W27,debt_stored,STX,25000000
9053676,zest-v1,SPTNBAFF07YZSTQV757BEMEXK8ESP3T2CYN1WQ6V,SPTNBAFF07YZSTQV757BEMEXK8ESP3T2CYN1WQ6V,collateral,STX,108332173
9053676,zest-v1,SPTNBAFF07YZSTQV757BEMEXK8ESP3T2CYN1WQ6V,SPTNBAFF07YZSTQV757BEMEXK8ESP3T2CYN1WQ6V,debt,STX,5865230
9053676,zest-v1,SPTNBAFF07YZSTQV757BEMEXK8ESP3T2CYN1WQ6V,SPTNBAFF07YZSTQV757BEMEXK8ESP3T2CYN1WQ6V,debt_stored,STX,5000000
9053676,zest-v1,SPTQANDS81X5P9DJCCZ4NGHVA508R6K9C3HYD7AQ,SPTQANDS81X5P9DJCCZ4NGHVA508R6K9C3HYD7AQ,collateral,stSTX,11917621
9053676,zest-v1,SPTQANDS81X5P9DJCCZ4NGHVA508R6K9C3HYD7AQ,SPTQANDS81X5P9DJCCZ4NGHVA508R6K9C3HYD7AQ,debt,stSTX,6186359
9053676,zest-v1,SPTQANDS81X5P9DJCCZ4NGHVA508R6K9C3HYD7AQ,SPTQANDS81X5P9DJCCZ4NGHVA508R6K9C3HYD7AQ,debt_stored,stSTX,5918841
9053676,zest-v1,SPTTMBD98RZXKBG0B0CTG22DY53JY72QNB0QYRVR,SPTTMBD98RZXKBG0B0CTG22DY53JY72QNB0QYRVR,collateral,stSTX,10612973
9053676,zest-v1,SPTTMBD98RZXKBG0B0CTG22DY53JY72QNB0QYRVR,SPTTMBD98RZXKBG0B0CTG22DY53JY72QNB0QYRVR,debt,aeUSDC,1002020
9053676,zest-v1,SPTTMBD98RZXKBG0B0CTG22DY53JY72QNB0QYRVR,SPTTMBD98RZXKBG0B0CTG22DY53JY72QNB0QYRVR,debt_stored,aeUSDC,986046
9053676,zest-v1,SPV2E19WA1DS67PXBT0EF689T1KNYZ9T2GN9ZGKV,SPV2E19WA1DS67PXBT0EF689T1KNYZ9T2GN9ZGKV,collateral,stSTX,50088955
9053676,zest-v1,SPV2E19WA1DS67PXBT0EF689T1KNYZ9T2GN9ZGKV,SPV2E19WA1DS67PXBT0EF689T1KNYZ9T2GN9ZGKV,debt,STX,11658788
9053676,zest-v1,SPV2E19WA1DS67PXBT0EF689T1KNYZ9T2GN9ZGKV,SPV2E19WA1DS67PXBT0EF689T1KNYZ9T2GN9ZGKV,debt_stored,STX,10000000
9053676,zest-v1,SPV5MQ3N28HX7K9YXY1EF71KHSCPPQ6ECXV7GSSY,SPV5MQ3N28HX7K9YXY1EF71KHSCPPQ6ECXV7GSSY,collateral,stSTX,289135887
9053676,zest-v1,SPV5MQ3N28HX7K9YXY1EF71KHSCPPQ6ECXV7GSSY,SPV5MQ3N28HX7K9YXY1EF71KHSCPPQ6ECXV7GSSY,debt,stSTX,145201711
9053676,zest-v1,SPV5MQ3N28HX7K9YXY1EF71KHSCPPQ6ECXV7GSSY,SPV5MQ3N28HX7K9YXY1EF71KHSCPPQ6ECXV7GSSY,debt_stored,stSTX,139483250
9053676,zest-v1,SPV6MHRSA2WAP3Y2FX1NG7ZHR8E41BHK7MSZ2QXR,SPV6MHRSA2WAP3Y2FX1NG7ZHR8E41BHK7MSZ2QXR,collateral,sBTC,999966
9053676,zest-v1,SPV6MHRSA2WAP3Y2FX1NG7ZHR8E41BHK7MSZ2QXR,SPV6MHRSA2WAP3Y2FX1NG7ZHR8E41BHK7MSZ2QXR,debt,aeUSDC,290586001
9053676,zest-v1,SPV6MHRSA2WAP3Y2FX1NG7ZHR8E41BHK7MSZ2QXR,SPV6MHRSA2WAP3Y2FX1NG7ZHR8E41BHK7MSZ2QXR,debt_stored,aeUSDC,270164703
9053676,zest-v1,SPVAG9S48RWADXDBY2FTRDA88K1XEMER4BYN3976,SPVAG9S48RWADXDBY2FTRDA88K1XEMER4BYN3976,collateral,stSTX,218907134
9053676,zest-v1,SPVAG9S48RWADXDBY2FTRDA88K1XEMER4BYN3976,SPVAG9S48RWADXDBY2FTRDA88K1XEMER4BYN3976,debt,stSTX,71732857
9053676,zest-v1,SPVAG9S48RWADXDBY2FTRDA88K1XEMER4BYN3976,SPVAG9S48RWADXDBY2FTRDA88K1XEMER4BYN3976,debt_stored,stSTX,68517707
9053676,zest-v1,SPVAQY2P22HPKFSAYHPYV14B82B772AYMPQMXK30,SPVAQY2P22HPKFSAYHPYV14B82B772AYMPQMXK30,collateral,STX,286
9053676,zest-v1,SPVAQY2P22HPKFSAYHPYV14B82B772AYMPQMXK30,SPVAQY2P22HPKFSAYHPYV14B82B772AYMPQMXK30,debt,STX,13
9053676,zest-v1,SPVAQY2P22HPKFSAYHPYV14B82B772AYMPQMXK30,SPVAQY2P22HPKFSAYHPYV14B82B772AYMPQMXK30,debt_stored,STX,12
9053676,zest-v1,SPVDEZNRVNP4AGMPRBHMAC6RPP7FYAFVPTSFH1B6,SPVDEZNRVNP4AGMPRBHMAC6RPP7FYAFVPTSFH1B6,collateral,STX,25017456
9053676,zest-v1,SPVDEZNRVNP4AGMPRBHMAC6RPP7FYAFVPTSFH1B6,SPVDEZNRVNP4AGMPRBHMAC6RPP7FYAFVPTSFH1B6,collateral,sBTC,7028
9053676,zest-v1,SPVDEZNRVNP4AGMPRBHMAC6RPP7FYAFVPTSFH1B6,SPVDEZNRVNP4AGMPRBHMAC6RPP7FYAFVPTSFH1B6,debt,aeUSDC,2099571
9053676,zest-v1,SPVDEZNRVNP4AGMPRBHMAC6RPP7FYAFVPTSFH1B6,SPVDEZNRVNP4AGMPRBHMAC6RPP7FYAFVPTSFH1B6,debt_stored,aeUSDC,2095123
9053676,zest-v1,SPVMY3KNEF6VZ6NXG0VCRR88XGZQ6AQQWB9ACWP0,SPVMY3KNEF6VZ6NXG0VCRR88XGZQ6AQQWB9ACWP0,collateral,stSTX,4924744971
9053676,zest-v1,SPVMY3KNEF6VZ6NXG0VCRR88XGZQ6AQQWB9ACWP0,SPVMY3KNEF6VZ6NXG0VCRR88XGZQ6AQQWB9ACWP0,debt,STX,2291947681
9053676,zest-v1,SPVMY3KNEF6VZ6NXG0VCRR88XGZQ6AQQWB9ACWP0,SPVMY3KNEF6VZ6NXG0VCRR88XGZQ6AQQWB9ACWP0,debt_stored,STX,2290233304
9053676,zest-v1,SPVPP9B90H6EPJTGW9W1H4CEARCASYR0BQJ33125,SPVPP9B90H6EPJTGW9W1H4CEARCASYR0BQJ33125,collateral,sBTC,1
9053676,zest-v1,SPVPP9B90H6EPJTGW9W1H4CEARCASYR0BQJ33125,SPVPP9B90H6EPJTGW9W1H4CEARCASYR0BQJ33125,debt,aeUSDC,6
9053676,zest-v1,SPVPP9B90H6EPJTGW9W1H4CEARCASYR0BQJ33125,SPVPP9B90H6EPJTGW9W1H4CEARCASYR0BQJ33125,debt_stored,aeUSDC,5
9053676,zest-v1,SPVT27H705XYPRWH40VV576KCYWKBVW5VSZ0CVEJ,SPVT27H705XYPRWH40VV576KCYWKBVW5VSZ0CVEJ,collateral,stSTX,100177911
9053676,zest-v1,SPVT27H705XYPRWH40VV576KCYWKBVW5VSZ0CVEJ,SPVT27H705XYPRWH40VV576KCYWKBVW5VSZ0CVEJ,debt,STX,11658788
9053676,zest-v1,SPVT27H705XYPRWH40VV576KCYWKBVW5VSZ0CVEJ,SPVT27H705XYPRWH40VV576KCYWKBVW5VSZ0CVEJ,debt_stored,STX,10000000
9053676,zest-v1,SPVWS9RP9S7W52485DV5T6CVVW7T433SV0K4GSF0,SPVWS9RP9S7W52485DV5T6CVVW7T433SV0K4GSF0,collateral,stSTX,1147014
9053676,zest-v1,SPVWS9RP9S7W52485DV5T6CVVW7T433SV0K4GSF0,SPVWS9RP9S7W52485DV5T6CVVW7T433SV0K4GSF0,debt,aeUSDC,266765
9053676,zest-v1,SPVWS9RP9S7W52485DV5T6CVVW7T433SV0K4GSF0,SPVWS9RP9S7W52485DV5T6CVVW7T433SV0K4GSF0,debt_stored,aeUSDC,202960
9053676,zest-v1,SPW22ZQGDN9H5VVMZQ0DRFT26W8PQ8N0PWR89KXT,SPW22ZQGDN9H5VVMZQ0DRFT26W8PQ8N0PWR89KXT,collateral,STX,703759
9053676,zest-v1,SPW22ZQGDN9H5VVMZQ0DRFT26W8PQ8N0PWR89KXT,SPW22ZQGDN9H5VVMZQ0DRFT26W8PQ8N0PWR89KXT,debt,STX,17976
9053676,zest-v1,SPW22ZQGDN9H5VVMZQ0DRFT26W8PQ8N0PWR89KXT,SPW22ZQGDN9H5VVMZQ0DRFT26W8PQ8N0PWR89KXT,debt_stored,STX,16000
9053676,zest-v1,SPW25HV76Z5BVGVP4SR7Y64GHW8Y670YTD9MER8C,SPW25HV76Z5BVGVP4SR7Y64GHW8Y670YTD9MER8C,collateral,stSTX,115462247
9053676,zest-v1,SPW25HV76Z5BVGVP4SR7Y64GHW8Y670YTD9MER8C,SPW25HV76Z5BVGVP4SR7Y64GHW8Y670YTD9MER8C,debt,STX,63941513
9053676,zest-v1,SPW25HV76Z5BVGVP4SR7Y64GHW8Y670YTD9MER8C,SPW25HV76Z5BVGVP4SR7Y64GHW8Y670YTD9MER8C,debt_stored,STX,55000000
9053676,zest-v1,SPW3XBESSFF2NRNAMF5YB8FSARV7TASZ3G6J3A3D,SPW3XBESSFF2NRNAMF5YB8FSARV7TASZ3G6J3A3D,collateral,STX,57944999
9053676,zest-v1,SPW3XBESSFF2NRNAMF5YB8FSARV7TASZ3G6J3A3D,SPW3XBESSFF2NRNAMF5YB8FSARV7TASZ3G6J3A3D,collateral,stSTX,105035727
9053676,zest-v1,SPW3XBESSFF2NRNAMF5YB8FSARV7TASZ3G6J3A3D,SPW3XBESSFF2NRNAMF5YB8FSARV7TASZ3G6J3A3D,debt,STX,61813631
9053676,zest-v1,SPW3XBESSFF2NRNAMF5YB8FSARV7TASZ3G6J3A3D,SPW3XBESSFF2NRNAMF5YB8FSARV7TASZ3G6J3A3D,debt_stored,STX,52608994
9053676,zest-v1,SPW8JW1GERWDCY8XXEKW1TC939547DCMW1M2XENK,SPW8JW1GERWDCY8XXEKW1TC939547DCMW1M2XENK,collateral,STX,2010850
9053676,zest-v1,SPW8JW1GERWDCY8XXEKW1TC939547DCMW1M2XENK,SPW8JW1GERWDCY8XXEKW1TC939547DCMW1M2XENK,collateral,USDH,11248224059
9053676,zest-v1,SPW8JW1GERWDCY8XXEKW1TC939547DCMW1M2XENK,SPW8JW1GERWDCY8XXEKW1TC939547DCMW1M2XENK,collateral,stSTX,113334071
9053676,zest-v1,SPW8JW1GERWDCY8XXEKW1TC939547DCMW1M2XENK,SPW8JW1GERWDCY8XXEKW1TC939547DCMW1M2XENK,debt,USDH,351020878
9053676,zest-v1,SPW8JW1GERWDCY8XXEKW1TC939547DCMW1M2XENK,SPW8JW1GERWDCY8XXEKW1TC939547DCMW1M2XENK,debt_stored,USDH,322158652
9053676,zest-v1,SPW8PWRRJ8K3CT0HEANRE2P4ZDEB2AY02B50V2HW,SPW8PWRRJ8K3CT0HEANRE2P4ZDEB2AY02B50V2HW,collateral,sBTC,1
9053676,zest-v1,SPW8PWRRJ8K3CT0HEANRE2P4ZDEB2AY02B50V2HW,SPW8PWRRJ8K3CT0HEANRE2P4ZDEB2AY02B50V2HW,debt,aeUSDC,14
9053676,zest-v1,SPW8PWRRJ8K3CT0HEANRE2P4ZDEB2AY02B50V2HW,SPW8PWRRJ8K3CT0HEANRE2P4ZDEB2AY02B50V2HW,debt_stored,aeUSDC,13
9053676,zest-v1,SPW9J82WPRPHGNXGPH65Y0KVGG22E9T9G4TV20PG,SPW9J82WPRPHGNXGPH65Y0KVGG22E9T9G4TV20PG,collateral,stSTX,278
9053676,zest-v1,SPW9J82WPRPHGNXGPH65Y0KVGG22E9T9G4TV20PG,SPW9J82WPRPHGNXGPH65Y0KVGG22E9T9G4TV20PG,debt,aeUSDC,2
9053676,zest-v1,SPW9J82WPRPHGNXGPH65Y0KVGG22E9T9G4TV20PG,SPW9J82WPRPHGNXGPH65Y0KVGG22E9T9G4TV20PG,debt_stored,aeUSDC,1
9053676,zest-v1,SPWDN8SX01N2310G2A9Y7M20QQZ9KC594DQ0QZKH,SPWDN8SX01N2310G2A9Y7M20QQZ9KC594DQ0QZKH,collateral,stSTX,93331047
9053676,zest-v1,SPWDN8SX01N2310G2A9Y7M20QQZ9KC594DQ0QZKH,SPWDN8SX01N2310G2A9Y7M20QQZ9KC594DQ0QZKH,debt,STX,40074807
9053676,zest-v1,SPWDN8SX01N2310G2A9Y7M20QQZ9KC594DQ0QZKH,SPWDN8SX01N2310G2A9Y7M20QQZ9KC594DQ0QZKH,debt_stored,STX,35000000
9053676,zest-v1,SPWFZGR26ADMXADCE5TE8WSSZHKKQR7R2JRS2MW5,SPWFZGR26ADMXADCE5TE8WSSZHKKQR7R2JRS2MW5,debt,USDH,1100264093
9053676,zest-v1,SPWFZGR26ADMXADCE5TE8WSSZHKKQR7R2JRS2MW5,SPWFZGR26ADMXADCE5TE8WSSZHKKQR7R2JRS2MW5,debt,aeUSDC,54145661
9053676,zest-v1,SPWFZGR26ADMXADCE5TE8WSSZHKKQR7R2JRS2MW5,SPWFZGR26ADMXADCE5TE8WSSZHKKQR7R2JRS2MW5,debt_stored,USDH,1033782793
9053676,zest-v1,SPWFZGR26ADMXADCE5TE8WSSZHKKQR7R2JRS2MW5,SPWFZGR26ADMXADCE5TE8WSSZHKKQR7R2JRS2MW5,debt_stored,aeUSDC,50788127
9053676,zest-v1,SPWGTCJWFA5TDJKY7WVNY360SYR5BE64K96WQC8N,SPWGTCJWFA5TDJKY7WVNY360SYR5BE64K96WQC8N,collateral,stSTX,269686221
9053676,zest-v1,SPWGTCJWFA5TDJKY7WVNY360SYR5BE64K96WQC8N,SPWGTCJWFA5TDJKY7WVNY360SYR5BE64K96WQC8N,debt,stSTX,83550233
9053676,zest-v1,SPWGTCJWFA5TDJKY7WVNY360SYR5BE64K96WQC8N,SPWGTCJWFA5TDJKY7WVNY360SYR5BE64K96WQC8N,debt_stored,stSTX,80000000
9053676,zest-v1,SPWSGE1CDEHMM56SGMS9ZY3P91Z0G7YWD6R04KCA,SPWSGE1CDEHMM56SGMS9ZY3P91Z0G7YWD6R04KCA,collateral,sBTC,14668
9053676,zest-v1,SPWSGE1CDEHMM56SGMS9ZY3P91Z0G7YWD6R04KCA,SPWSGE1CDEHMM56SGMS9ZY3P91Z0G7YWD6R04KCA,debt,USDH,468014201
9053676,zest-v1,SPWSGE1CDEHMM56SGMS9ZY3P91Z0G7YWD6R04KCA,SPWSGE1CDEHMM56SGMS9ZY3P91Z0G7YWD6R04KCA,debt_stored,USDH,466937406
9053676,zest-v1,SPWTQA8ETE0PR8BPAC10X9184TQ4QP02SCZWEXBB,SPWTQA8ETE0PR8BPAC10X9184TQ4QP02SCZWEXBB,collateral,stSTX,88727
9053676,zest-v1,SPWTQA8ETE0PR8BPAC10X9184TQ4QP02SCZWEXBB,SPWTQA8ETE0PR8BPAC10X9184TQ4QP02SCZWEXBB,debt,USDH,3781130
9053676,zest-v1,SPWTQA8ETE0PR8BPAC10X9184TQ4QP02SCZWEXBB,SPWTQA8ETE0PR8BPAC10X9184TQ4QP02SCZWEXBB,debt_stored,USDH,3406603
9053676,zest-v1,SPWV51E9AJFX130258AN5630F5JGH0SW8664H4HW,SPWV51E9AJFX130258AN5630F5JGH0SW8664H4HW,collateral,stSTX,4808687
9053676,zest-v1,SPWV51E9AJFX130258AN5630F5JGH0SW8664H4HW,SPWV51E9AJFX130258AN5630F5JGH0SW8664H4HW,debt,aeUSDC,758898
9053676,zest-v1,SPWV51E9AJFX130258AN5630F5JGH0SW8664H4HW,SPWV51E9AJFX130258AN5630F5JGH0SW8664H4HW,debt_stored,aeUSDC,708746
9053676,zest-v1,SPWXDQFD9V054T40RYSPJ489FDJ61BPSZWYB8870,SPWXDQFD9V054T40RYSPJ489FDJ61BPSZWYB8870,collateral,sBTC,8
9053676,zest-v1,SPWXDQFD9V054T40RYSPJ489FDJ61BPSZWYB8870,SPWXDQFD9V054T40RYSPJ489FDJ61BPSZWYB8870,debt,USDH,630551
9053676,zest-v1,SPWXDQFD9V054T40RYSPJ489FDJ61BPSZWYB8870,SPWXDQFD9V054T40RYSPJ489FDJ61BPSZWYB8870,debt_stored,USDH,583209
9053676,zest-v1,SPWY0ETYESNCH73RMVRGS2PQWT6SRGCA5CTEB4FG,SPWY0ETYESNCH73RMVRGS2PQWT6SRGCA5CTEB4FG,collateral,stSTX,160066294
9053676,zest-v1,SPWY0ETYESNCH73RMVRGS2PQWT6SRGCA5CTEB4FG,SPWY0ETYESNCH73RMVRGS2PQWT6SRGCA5CTEB4FG,debt,STX,73501488
9053676,zest-v1,SPWY0ETYESNCH73RMVRGS2PQWT6SRGCA5CTEB4FG,SPWY0ETYESNCH73RMVRGS2PQWT6SRGCA5CTEB4FG,debt,stSTX,2
9053676,zest-v1,SPWY0ETYESNCH73RMVRGS2PQWT6SRGCA5CTEB4FG,SPWY0ETYESNCH73RMVRGS2PQWT6SRGCA5CTEB4FG,debt_stored,STX,65000000
9053676,zest-v1,SPWY0ETYESNCH73RMVRGS2PQWT6SRGCA5CTEB4FG,SPWY0ETYESNCH73RMVRGS2PQWT6SRGCA5CTEB4FG,debt_stored,stSTX,1
9053676,zest-v1,SPWYGV8FK7WXYMJZF7SSYEXR1R1QA2FG05AVPY4H,SPWYGV8FK7WXYMJZF7SSYEXR1R1QA2FG05AVPY4H,collateral,stSTX,46373692
9053676,zest-v1,SPWYGV8FK7WXYMJZF7SSYEXR1R1QA2FG05AVPY4H,SPWYGV8FK7WXYMJZF7SSYEXR1R1QA2FG05AVPY4H,debt,STX,27721481
9053676,zest-v1,SPWYGV8FK7WXYMJZF7SSYEXR1R1QA2FG05AVPY4H,SPWYGV8FK7WXYMJZF7SSYEXR1R1QA2FG05AVPY4H,debt,aeUSDC,50855
9053676,zest-v1,SPWYGV8FK7WXYMJZF7SSYEXR1R1QA2FG05AVPY4H,SPWYGV8FK7WXYMJZF7SSYEXR1R1QA2FG05AVPY4H,debt_stored,STX,24484379
9053676,zest-v1,SPWYGV8FK7WXYMJZF7SSYEXR1R1QA2FG05AVPY4H,SPWYGV8FK7WXYMJZF7SSYEXR1R1QA2FG05AVPY4H,debt_stored,aeUSDC,39288
9053676,zest-v1,SPWYXX9SGPDZ8RAWZSR7J9SB2P039P393NJ316GS,SPWYXX9SGPDZ8RAWZSR7J9SB2P039P393NJ316GS,collateral,stSTX,168781871
9053676,zest-v1,SPWYXX9SGPDZ8RAWZSR7J9SB2P039P393NJ316GS,SPWYXX9SGPDZ8RAWZSR7J9SB2P039P393NJ316GS,debt,STX,52882410
9053676,zest-v1,SPWYXX9SGPDZ8RAWZSR7J9SB2P039P393NJ316GS,SPWYXX9SGPDZ8RAWZSR7J9SB2P039P393NJ316GS,debt_stored,STX,45000000
9053676,zest-v1,SPX4BWHPH4CSCP3159KR8EACAQ9CQVX2N3W67K0K,SPX4BWHPH4CSCP3159KR8EACAQ9CQVX2N3W67K0K,collateral,stSTX,179236257
9053676,zest-v1,SPX4BWHPH4CSCP3159KR8EACAQ9CQVX2N3W67K0K,SPX4BWHPH4CSCP3159KR8EACAQ9CQVX2N3W67K0K,debt,STX,106038699
9053676,zest-v1,SPX4BWHPH4CSCP3159KR8EACAQ9CQVX2N3W67K0K,SPX4BWHPH4CSCP3159KR8EACAQ9CQVX2N3W67K0K,debt_stored,STX,90363138
9053676,zest-v1,SPX71C0K7Q381T091GP87FC902CNZ55TEQHVC5Q7,SPX71C0K7Q381T091GP87FC902CNZ55TEQHVC5Q7,collateral,stSTX,285186168
9053676,zest-v1,SPX71C0K7Q381T091GP87FC902CNZ55TEQHVC5Q7,SPX71C0K7Q381T091GP87FC902CNZ55TEQHVC5Q7,debt,STX,158058674
9053676,zest-v1,SPX71C0K7Q381T091GP87FC902CNZ55TEQHVC5Q7,SPX71C0K7Q381T091GP87FC902CNZ55TEQHVC5Q7,debt_stored,STX,134603758
9053676,zest-v1,SPX7PYKYZQYEJNPYVNTCK3KVFVW05FNQZMA38Q52,SPX7PYKYZQYEJNPYVNTCK3KVFVW05FNQZMA38Q52,collateral,stSTXbtc,2547
9053676,zest-v1,SPX7PYKYZQYEJNPYVNTCK3KVFVW05FNQZMA38Q52,SPX7PYKYZQYEJNPYVNTCK3KVFVW05FNQZMA38Q52,debt,stSTX,115
9053676,zest-v1,SPX7PYKYZQYEJNPYVNTCK3KVFVW05FNQZMA38Q52,SPX7PYKYZQYEJNPYVNTCK3KVFVW05FNQZMA38Q52,debt_stored,stSTX,111
9053676,zest-v1,SPX7YGNQF4WG0QDFE8R5CCM36NDSQ6SK9APJ3AA7,SPX7YGNQF4WG0QDFE8R5CCM36NDSQ6SK9APJ3AA7,collateral,STX,1052653
9053676,zest-v1,SPX7YGNQF4WG0QDFE8R5CCM36NDSQ6SK9APJ3AA7,SPX7YGNQF4WG0QDFE8R5CCM36NDSQ6SK9APJ3AA7,debt,STX,100
9053676,zest-v1,SPX7YGNQF4WG0QDFE8R5CCM36NDSQ6SK9APJ3AA7,SPX7YGNQF4WG0QDFE8R5CCM36NDSQ6SK9APJ3AA7,debt_stored,STX,89
9053676,zest-v1,SPXJMQ34NYCY0RQ5CB6X6BZQYV0FQ1TDMPR3CYT6,SPXJMQ34NYCY0RQ5CB6X6BZQYV0FQ1TDMPR3CYT6,collateral,stSTX,625648599
9053676,zest-v1,SPXJMQ34NYCY0RQ5CB6X6BZQYV0FQ1TDMPR3CYT6,SPXJMQ34NYCY0RQ5CB6X6BZQYV0FQ1TDMPR3CYT6,debt,stSTX,265181136
9053676,zest-v1,SPXJMQ34NYCY0RQ5CB6X6BZQYV0FQ1TDMPR3CYT6,SPXJMQ34NYCY0RQ5CB6X6BZQYV0FQ1TDMPR3CYT6,debt_stored,stSTX,253742020
9053676,zest-v1,SPXPR9RGQBTHX3J90GZM9GK4V77B9C0DHF5DG7KH,SPXPR9RGQBTHX3J90GZM9GK4V77B9C0DHF5DG7KH,collateral,sBTC,2321
9053676,zest-v1,SPXPR9RGQBTHX3J90GZM9GK4V77B9C0DHF5DG7KH,SPXPR9RGQBTHX3J90GZM9GK4V77B9C0DHF5DG7KH,debt,USDH,136585857
9053676,zest-v1,SPXPR9RGQBTHX3J90GZM9GK4V77B9C0DHF5DG7KH,SPXPR9RGQBTHX3J90GZM9GK4V77B9C0DHF5DG7KH,debt_stored,USDH,131747106
9053676,zest-v1,SPXRWYCBABERSTKC2XNS4M9QMQFSR907SWR3582S,SPXRWYCBABERSTKC2XNS4M9QMQFSR907SWR3582S,collateral,stSTX,24983069
9053676,zest-v1,SPXRWYCBABERSTKC2XNS4M9QMQFSR907SWR3582S,SPXRWYCBABERSTKC2XNS4M9QMQFSR907SWR3582S,debt,STX,9246345
9053676,zest-v1,SPXRWYCBABERSTKC2XNS4M9QMQFSR907SWR3582S,SPXRWYCBABERSTKC2XNS4M9QMQFSR907SWR3582S,debt,aeUSDC,1205359
9053676,zest-v1,SPXRWYCBABERSTKC2XNS4M9QMQFSR907SWR3582S,SPXRWYCBABERSTKC2XNS4M9QMQFSR907SWR3582S,debt_stored,STX,9101798
9053676,zest-v1,SPXRWYCBABERSTKC2XNS4M9QMQFSR907SWR3582S,SPXRWYCBABERSTKC2XNS4M9QMQFSR907SWR3582S,debt_stored,aeUSDC,1191500
9053676,zest-v1,SPXZ5TX6R19NDAVVXNM5CR2R77MABNF32P6Q6BAD,SPXZ5TX6R19NDAVVXNM5CR2R77MABNF32P6Q6BAD,collateral,STX,148
9053676,zest-v1,SPXZ5TX6R19NDAVVXNM5CR2R77MABNF32P6Q6BAD,SPXZ5TX6R19NDAVVXNM5CR2R77MABNF32P6Q6BAD,debt,aeUSDC,67
9053676,zest-v1,SPXZ5TX6R19NDAVVXNM5CR2R77MABNF32P6Q6BAD,SPXZ5TX6R19NDAVVXNM5CR2R77MABNF32P6Q6BAD,debt_stored,aeUSDC,57
9053676,zest-v1,SPY0682ZM7VGPMVGQP99Z05J3QWMVV83RA6N42SA,SPY0682ZM7VGPMVGQP99Z05J3QWMVV83RA6N42SA,collateral,STX,20814
9053676,zest-v1,SPY0682ZM7VGPMVGQP99Z05J3QWMVV83RA6N42SA,SPY0682ZM7VGPMVGQP99Z05J3QWMVV83RA6N42SA,debt,STX,10949
9053676,zest-v1,SPY0682ZM7VGPMVGQP99Z05J3QWMVV83RA6N42SA,SPY0682ZM7VGPMVGQP99Z05J3QWMVV83RA6N42SA,debt_stored,STX,10000
9053676,zest-v1,SPY5MEW1FZHX3EQGEVTVRJS5ARJRKSFMZ0PH4ZCY,SPY5MEW1FZHX3EQGEVTVRJS5ARJRKSFMZ0PH4ZCY,collateral,STX,1070064
9053676,zest-v1,SPY5MEW1FZHX3EQGEVTVRJS5ARJRKSFMZ0PH4ZCY,SPY5MEW1FZHX3EQGEVTVRJS5ARJRKSFMZ0PH4ZCY,debt,STX,233173
9053676,zest-v1,SPY5MEW1FZHX3EQGEVTVRJS5ARJRKSFMZ0PH4ZCY,SPY5MEW1FZHX3EQGEVTVRJS5ARJRKSFMZ0PH4ZCY,debt_stored,STX,200000
9053676,zest-v1,SPY5PFSWWAJQ4DH5NQNH1V4TPGM6R9HCCMWSM6EJ,SPY5PFSWWAJQ4DH5NQNH1V4TPGM6R9HCCMWSM6EJ,collateral,stSTX,2075650
9053676,zest-v1,SPY5PFSWWAJQ4DH5NQNH1V4TPGM6R9HCCMWSM6EJ,SPY5PFSWWAJQ4DH5NQNH1V4TPGM6R9HCCMWSM6EJ,debt,aeUSDC,191
9053676,zest-v1,SPY5PFSWWAJQ4DH5NQNH1V4TPGM6R9HCCMWSM6EJ,SPY5PFSWWAJQ4DH5NQNH1V4TPGM6R9HCCMWSM6EJ,debt_stored,aeUSDC,171
9053676,zest-v1,SPY9Q896GJ209XKATBPBZWXB90BF369DD2CM7R41,SPY9Q896GJ209XKATBPBZWXB90BF369DD2CM7R41,collateral,USDH,186905117181
9053676,zest-v1,SPY9Q896GJ209XKATBPBZWXB90BF369DD2CM7R41,SPY9Q896GJ209XKATBPBZWXB90BF369DD2CM7R41,collateral,stSTX,14145460
9053676,zest-v1,SPY9Q896GJ209XKATBPBZWXB90BF369DD2CM7R41,SPY9Q896GJ209XKATBPBZWXB90BF369DD2CM7R41,debt,STX,4666324
9053676,zest-v1,SPY9Q896GJ209XKATBPBZWXB90BF369DD2CM7R41,SPY9Q896GJ209XKATBPBZWXB90BF369DD2CM7R41,debt,aeUSDC,1497866
9053676,zest-v1,SPY9Q896GJ209XKATBPBZWXB90BF369DD2CM7R41,SPY9Q896GJ209XKATBPBZWXB90BF369DD2CM7R41,debt_stored,STX,4642360
9053676,zest-v1,SPY9Q896GJ209XKATBPBZWXB90BF369DD2CM7R41,SPY9Q896GJ209XKATBPBZWXB90BF369DD2CM7R41,debt_stored,aeUSDC,1408092
9053676,zest-v1,SPYEEJKTXMCZ6QKQYJR3WR924FE8SAZDTRX5DCF1,SPYEEJKTXMCZ6QKQYJR3WR924FE8SAZDTRX5DCF1,collateral,stSTX,5302426
9053676,zest-v1,SPYEEJKTXMCZ6QKQYJR3WR924FE8SAZDTRX5DCF1,SPYEEJKTXMCZ6QKQYJR3WR924FE8SAZDTRX5DCF1,debt,aeUSDC,971
9053676,zest-v1,SPYEEJKTXMCZ6QKQYJR3WR924FE8SAZDTRX5DCF1,SPYEEJKTXMCZ6QKQYJR3WR924FE8SAZDTRX5DCF1,debt_stored,aeUSDC,808
9053676,zest-v1,SPYGGE8ZYZCJREZMJT5AGQ1M1S6KQ1DAB20QAQQV,SPYGGE8ZYZCJREZMJT5AGQ1M1S6KQ1DAB20QAQQV,collateral,stSTX,100337271
9053676,zest-v1,SPYGGE8ZYZCJREZMJT5AGQ1M1S6KQ1DAB20QAQQV,SPYGGE8ZYZCJREZMJT5AGQ1M1S6KQ1DAB20QAQQV,debt,USDH,1019398944
9053676,zest-v1,SPYGGE8ZYZCJREZMJT5AGQ1M1S6KQ1DAB20QAQQV,SPYGGE8ZYZCJREZMJT5AGQ1M1S6KQ1DAB20QAQQV,debt,sUSDT,930
9053676,zest-v1,SPYGGE8ZYZCJREZMJT5AGQ1M1S6KQ1DAB20QAQQV,SPYGGE8ZYZCJREZMJT5AGQ1M1S6KQ1DAB20QAQQV,debt_stored,USDH,1011601108
9053676,zest-v1,SPYGGE8ZYZCJREZMJT5AGQ1M1S6KQ1DAB20QAQQV,SPYGGE8ZYZCJREZMJT5AGQ1M1S6KQ1DAB20QAQQV,debt_stored,sUSDT,842
9053676,zest-v1,SPYS2VWA4306ASCEYR03Q785X2YENQB1BGF6Y8DF,SPYS2VWA4306ASCEYR03Q785X2YENQB1BGF6Y8DF,collateral,STX,1680449
9053676,zest-v1,SPYS2VWA4306ASCEYR03Q785X2YENQB1BGF6Y8DF,SPYS2VWA4306ASCEYR03Q785X2YENQB1BGF6Y8DF,collateral,stSTX,12495580
9053676,zest-v1,SPYS2VWA4306ASCEYR03Q785X2YENQB1BGF6Y8DF,SPYS2VWA4306ASCEYR03Q785X2YENQB1BGF6Y8DF,debt,stSTX,5579526
9053676,zest-v1,SPYS2VWA4306ASCEYR03Q785X2YENQB1BGF6Y8DF,SPYS2VWA4306ASCEYR03Q785X2YENQB1BGF6Y8DF,debt_stored,stSTX,5335750
9053676,zest-v1,SPYTFAGR3808H1350053KWRYAMR8SYAPTMY7T87N,SPYTFAGR3808H1350053KWRYAMR8SYAPTMY7T87N,collateral,stSTX,134036204
9053676,zest-v1,SPYTFAGR3808H1350053KWRYAMR8SYAPTMY7T87N,SPYTFAGR3808H1350053KWRYAMR8SYAPTMY7T87N,debt,STX,59912770
9053676,zest-v1,SPYTFAGR3808H1350053KWRYAMR8SYAPTMY7T87N,SPYTFAGR3808H1350053KWRYAMR8SYAPTMY7T87N,debt_stored,STX,53000000
9053676,zest-v1,SPYXRTPK9XVMME9Q5F1255N84NNRVZJZ5B9CCT7Z,SPYXRTPK9XVMME9Q5F1255N84NNRVZJZ5B9CCT7Z,collateral,STX,5298318
9053676,zest-v1,SPYXRTPK9XVMME9Q5F1255N84NNRVZJZ5B9CCT7Z,SPYXRTPK9XVMME9Q5F1255N84NNRVZJZ5B9CCT7Z,collateral,sBTC,12467
9053676,zest-v1,SPYXRTPK9XVMME9Q5F1255N84NNRVZJZ5B9CCT7Z,SPYXRTPK9XVMME9Q5F1255N84NNRVZJZ5B9CCT7Z,collateral,stSTX,1025181
9053676,zest-v1,SPYXRTPK9XVMME9Q5F1255N84NNRVZJZ5B9CCT7Z,SPYXRTPK9XVMME9Q5F1255N84NNRVZJZ5B9CCT7Z,debt,USDH,117499816
9053676,zest-v1,SPYXRTPK9XVMME9Q5F1255N84NNRVZJZ5B9CCT7Z,SPYXRTPK9XVMME9Q5F1255N84NNRVZJZ5B9CCT7Z,debt_stored,USDH,106817093
9053676,zest-v1,SPYYGACE3AXA11168AT37Y9CV9V9SWKJA3R13D1H,SPYYGACE3AXA11168AT37Y9CV9V9SWKJA3R13D1H,collateral,stSTX,130545280
9053676,zest-v1,SPYYGACE3AXA11168AT37Y9CV9V9SWKJA3R13D1H,SPYYGACE3AXA11168AT37Y9CV9V9SWKJA3R13D1H,debt,STX,57663753
9053676,zest-v1,SPYYGACE3AXA11168AT37Y9CV9V9SWKJA3R13D1H,SPYYGACE3AXA11168AT37Y9CV9V9SWKJA3R13D1H,debt,stSTX,6
9053676,zest-v1,SPYYGACE3AXA11168AT37Y9CV9V9SWKJA3R13D1H,SPYYGACE3AXA11168AT37Y9CV9V9SWKJA3R13D1H,debt_stored,STX,51000000
9053676,zest-v1,SPYYGACE3AXA11168AT37Y9CV9V9SWKJA3R13D1H,SPYYGACE3AXA11168AT37Y9CV9V9SWKJA3R13D1H,debt_stored,stSTX,5
9053676,zest-v1,SPZ4BE75SQD2WWM1J4K6QFAXXKK0S39GGBXAQVYV,SPZ4BE75SQD2WWM1J4K6QFAXXKK0S39GGBXAQVYV,collateral,STX,5342600
9053676,zest-v1,SPZ4BE75SQD2WWM1J4K6QFAXXKK0S39GGBXAQVYV,SPZ4BE75SQD2WWM1J4K6QFAXXKK0S39GGBXAQVYV,collateral,stSTX,80142447
9053676,zest-v1,SPZ4BE75SQD2WWM1J4K6QFAXXKK0S39GGBXAQVYV,SPZ4BE75SQD2WWM1J4K6QFAXXKK0S39GGBXAQVYV,debt,STX,47472473
9053676,zest-v1,SPZ4BE75SQD2WWM1J4K6QFAXXKK0S39GGBXAQVYV,SPZ4BE75SQD2WWM1J4K6QFAXXKK0S39GGBXAQVYV,debt_stored,STX,40508578
9053676,zest-v1,SPZ5C8C6WFB844Z92FTKF8MB2DZEKVH5E7RAW9SW,SPZ5C8C6WFB844Z92FTKF8MB2DZEKVH5E7RAW9SW,collateral,sBTC,12
9053676,zest-v1,SPZ5C8C6WFB844Z92FTKF8MB2DZEKVH5E7RAW9SW,SPZ5C8C6WFB844Z92FTKF8MB2DZEKVH5E7RAW9SW,debt,USDH,989801
9053676,zest-v1,SPZ5C8C6WFB844Z92FTKF8MB2DZEKVH5E7RAW9SW,SPZ5C8C6WFB844Z92FTKF8MB2DZEKVH5E7RAW9SW,debt_stored,USDH,915306
9053676,zest-v1,SPZ5ERG8BTK5ZF1YK9ZJT5PFVPTYKZPA7D97QX96,SPZ5ERG8BTK5ZF1YK9ZJT5PFVPTYKZPA7D97QX96,collateral,stSTX,2798402904
9053676,zest-v1,SPZ5ERG8BTK5ZF1YK9ZJT5PFVPTYKZPA7D97QX96,SPZ5ERG8BTK5ZF1YK9ZJT5PFVPTYKZPA7D97QX96,debt,stSTX,1448490507
9053676,zest-v1,SPZ5ERG8BTK5ZF1YK9ZJT5PFVPTYKZPA7D97QX96,SPZ5ERG8BTK5ZF1YK9ZJT5PFVPTYKZPA7D97QX96,debt_stored,stSTX,1389909078
9053676,zest-v1,SPZ7AFCNK9W555F7PWP20AJZ8WH70V2JTZQHT1M8,SPZ7AFCNK9W555F7PWP20AJZ8WH70V2JTZQHT1M8,collateral,STX,5362250
9053676,zest-v1,SPZ7AFCNK9W555F7PWP20AJZ8WH70V2JTZQHT1M8,SPZ7AFCNK9W555F7PWP20AJZ8WH70V2JTZQHT1M8,debt,STX,1172474
9053676,zest-v1,SPZ7AFCNK9W555F7PWP20AJZ8WH70V2JTZQHT1M8,SPZ7AFCNK9W555F7PWP20AJZ8WH70V2JTZQHT1M8,debt_stored,STX,1000000
9053676,zest-v1,SPZA8R3NW38689CTBWE8H4WSR4WY63Z03A3EYR4F,SPZA8R3NW38689CTBWE8H4WSR4WY63Z03A3EYR4F,collateral,STX,672248
9053676,zest-v1,SPZA8R3NW38689CTBWE8H4WSR4WY63Z03A3EYR4F,SPZA8R3NW38689CTBWE8H4WSR4WY63Z03A3EYR4F,debt,STX,16853
9053676,zest-v1,SPZA8R3NW38689CTBWE8H4WSR4WY63Z03A3EYR4F,SPZA8R3NW38689CTBWE8H4WSR4WY63Z03A3EYR4F,debt_stored,STX,15000
9053676,zest-v1,SPZAEJRJ6FA2X8KTFGZ7ZPJJ12N4HST9HYSE1V2R,SPZAEJRJ6FA2X8KTFGZ7ZPJJ12N4HST9HYSE1V2R,collateral,stSTX,10954
9053676,zest-v1,SPZAEJRJ6FA2X8KTFGZ7ZPJJ12N4HST9HYSE1V2R,SPZAEJRJ6FA2X8KTFGZ7ZPJJ12N4HST9HYSE1V2R,debt,stSTX,569
9053676,zest-v1,SPZAEJRJ6FA2X8KTFGZ7ZPJJ12N4HST9HYSE1V2R,SPZAEJRJ6FA2X8KTFGZ7ZPJJ12N4HST9HYSE1V2R,debt_stored,stSTX,543
9053676,zest-v1,SPZAZHB59ZPHTAS0H72H7517J9B8092D2MH7YRGW,SPZAZHB59ZPHTAS0H72H7517J9B8092D2MH7YRGW,collateral,stSTX,164222
9053676,zest-v1,SPZAZHB59ZPHTAS0H72H7517J9B8092D2MH7YRGW,SPZAZHB59ZPHTAS0H72H7517J9B8092D2MH7YRGW,debt,aeUSDC,64721
9053676,zest-v1,SPZAZHB59ZPHTAS0H72H7517J9B8092D2MH7YRGW,SPZAZHB59ZPHTAS0H72H7517J9B8092D2MH7YRGW,debt_stored,aeUSDC,48760
9053676,zest-v1,SPZBXP3450SR8BMF8K1H6RKMS16CPP16QSTV9S32,SPZBXP3450SR8BMF8K1H6RKMS16CPP16QSTV9S32,collateral,stSTX,44015
9053676,zest-v1,SPZBXP3450SR8BMF8K1H6RKMS16CPP16QSTV9S32,SPZBXP3450SR8BMF8K1H6RKMS16CPP16QSTV9S32,debt,aeUSDC,14390
9053676,zest-v1,SPZBXP3450SR8BMF8K1H6RKMS16CPP16QSTV9S32,SPZBXP3450SR8BMF8K1H6RKMS16CPP16QSTV9S32,debt_stored,aeUSDC,11929
9053676,zest-v1,SPZKACCZC5GMBTJBG35D8BCS7FJ5MGR6BN95GY7S,SPZKACCZC5GMBTJBG35D8BCS7FJ5MGR6BN95GY7S,collateral,stSTX,50089121
9053676,zest-v1,SPZKACCZC5GMBTJBG35D8BCS7FJ5MGR6BN95GY7S,SPZKACCZC5GMBTJBG35D8BCS7FJ5MGR6BN95GY7S,debt,aeUSDC,4250
9053676,zest-v1,SPZKACCZC5GMBTJBG35D8BCS7FJ5MGR6BN95GY7S,SPZKACCZC5GMBTJBG35D8BCS7FJ5MGR6BN95GY7S,debt_stored,aeUSDC,3184
9053676,zest-v1,SPZKJ0JYQJ7HPG43ZYA6520ZAD13ET55NZMNZ1ZE,SPZKJ0JYQJ7HPG43ZYA6520ZAD13ET55NZMNZ1ZE,collateral,stSTX,136035178
9053676,zest-v1,SPZKJ0JYQJ7HPG43ZYA6520ZAD13ET55NZMNZ1ZE,SPZKJ0JYQJ7HPG43ZYA6520ZAD13ET55NZMNZ1ZE,debt,STX,62173629
9053676,zest-v1,SPZKJ0JYQJ7HPG43ZYA6520ZAD13ET55NZMNZ1ZE,SPZKJ0JYQJ7HPG43ZYA6520ZAD13ET55NZMNZ1ZE,debt,stSTX,5
9053676,zest-v1,SPZKJ0JYQJ7HPG43ZYA6520ZAD13ET55NZMNZ1ZE,SPZKJ0JYQJ7HPG43ZYA6520ZAD13ET55NZMNZ1ZE,debt_stored,STX,55000000
9053676,zest-v1,SPZKJ0JYQJ7HPG43ZYA6520ZAD13ET55NZMNZ1ZE,SPZKJ0JYQJ7HPG43ZYA6520ZAD13ET55NZMNZ1ZE,debt_stored,stSTX,4
9053676,zest-v1,SPZM762VKVTS8YHKG8HM7FR1KJYVDQYQBR320W9K,SPZM762VKVTS8YHKG8HM7FR1KJYVDQYQBR320W9K,collateral,stSTX,10312531
9053676,zest-v1,SPZM762VKVTS8YHKG8HM7FR1KJYVDQYQBR320W9K,SPZM762VKVTS8YHKG8HM7FR1KJYVDQYQBR320W9K,debt,STX,2375075
9053676,zest-v1,SPZM762VKVTS8YHKG8HM7FR1KJYVDQYQBR320W9K,SPZM762VKVTS8YHKG8HM7FR1KJYVDQYQBR320W9K,debt_stored,STX,2000000
9053676,zest-v1,SPZS4EEFDP278N3BSBAAPHAVFBRXMK733D7AH0HC,SPZS4EEFDP278N3BSBAAPHAVFBRXMK733D7AH0HC,collateral,STX,514680
9053676,zest-v1,SPZS4EEFDP278N3BSBAAPHAVFBRXMK733D7AH0HC,SPZS4EEFDP278N3BSBAAPHAVFBRXMK733D7AH0HC,debt,STX,20223
9053676,zest-v1,SPZS4EEFDP278N3BSBAAPHAVFBRXMK733D7AH0HC,SPZS4EEFDP278N3BSBAAPHAVFBRXMK733D7AH0HC,debt_stored,STX,18000
